econ_output_release_quarter,econ_output_country_iso2,econ_output_region_nuts_code,econ_output_nace_section,econ_output_gdp_current_eur,econ_output_gdp_chain_linked_eur,econ_output_gva_current_eur,econ_output_gva_chain_linked_eur,econ_output_gdp_per_capita_eur,econ_output_household_income_disposable_eur,econ_output_productivity_gva_per_hour_eur,econ_output_investment_gfcf_eur,econ_output_government_consumption_eur,econ_output_export_goods_services_eur,econ_output_import_goods_services_eur,econ_output_eurostat_table_code,econ_output_revision_round,econ_output_seasonal_adjustment_flag,econ_output_reference_base_year,econ_output_data_extract_date
2018Q1,AT,BE26,A,502788725.48,503664176.94,489437562.03,490289766.57,251.02,173704563.17,28.999211,112106029.27,74163627.23,126153739.88,237530102.01,namq_10_gdp,FLASH,0,2015,2025-10-01
2019Q4,EE,DE839,F,533897941.53,568781863.12,505015898.84,538012720.23,265.7,261664898.66,15.742866,118251049.34,134847939.2,126942622.74,208826511.22,nama_10_gdp,FIRST,1,2020,2024-03-13
2020Q3,IT,SI487,K,546662293.0,575408870.83,512773423.12,539737933.58,271.38,197135363.35,37.434661,104690986.49,78535868.12,172923803.58,189734675.38,nama_10r_3gdp,SECOND,0,2015,2024-04-15
2021Q2,PT,FI18,P,587490276.13,547622647.65,526512403.47,490782789.31,289.78,241385279.44,16.175178,130890430.09,130169737.96,273729841.24,238423043.38,nama_10_gdp,BENCHMARK,1,2020,2024-11-19
2022Q1,BE,SK846,U,610289546.85,661294779.3,593455145.81,643053435.37,300.6,303363961.31,50.221143,103624240.56,136009132.54,206135348.91,312110151.06,nama_10r_3gva,FLASH,0,2015,2024-03-17
2023Q4,FI,NL25,E,626323944.52,591337193.41,599898847.18,566388214.48,307.66,284231273.68,19.90034,151652807.24,121951658.37,291139455.31,242970098.96,namq_10_gdp,FIRST,1,2020,2026-02-13
2024Q3,LV,ES7,J,650924974.65,684343849.28,628027097.65,660270381.68,318.29,316193688.28,30.828317,108917448.23,139303339.69,343026882.37,217217304.22,nama_10_gdp,SECOND,0,2015,2024-02-15
2025Q2,RO,PT37,O,668963880.38,634785484.59,616197075.24,584714616.86,325.02,234556607.14,23.570514,144051341.28,99489020.76,362451135.95,195078918.49,nama_10r_3gdp,BENCHMARK,1,2020,2026-01-14
2026Q1,BG,LT2,T,698892986.65,664644685.62,647155593.3,615442612.92,337.83,337883904.79,18.615401,165119258.66,98633782.66,293431333.48,362756954.46,nama_10_gdp,FLASH,0,2015,2024-07-23
2018Q4,FR,HR63,D,711458725.36,688588839.11,690370956.0,668178937.44,344.03,259454140.6,19.242277,145927188.93,154780792.19,282087419.01,142760352.14,nama_10r_3gva,FIRST,1,2020,2025-02-24
2019Q3,LT,BE9,I,737975230.92,669137041.62,721594617.84,654284409.02,355.44,279495218.29,31.864041,134992837.72,104621194.31,190912703.89,259674474.04,namq_10_gdp,SECOND,0,2015,2024-10-15
2020Q2,SK,IT4,N,760903318.72,804577274.01,660198640.03,698092397.59,364.67,349017996.01,18.586516,204692752.81,186989233.05,398362011.39,272871752.59,nama_10_gdp,BENCHMARK,1,2020,2024-04-28
2021Q1,HR,RO6,S,802997518.93,769801977.64,716175219.86,686568871.75,382.7,356298785.16,53.766352,137000090.88,147200134.16,304881334.71,410389823.94,nama_10r_3gdp,FLASH,0,2015,2025-02-10
2022Q4,DE,RO241,C,838671832.18,777275999.96,821802767.83,761641852.78,398.61,322929235.48,21.778142,178219891.79,142968528.88,192230154.96,316594741.01,nama_10_gdp,FIRST,1,2020,2025-07-01
2023Q3,LU,SI51,H,849521005.0,787598344.25,776731098.91,720114186.49,401.86,413029519.48,53.555469,221890424.78,119889592.07,372615394.35,253277392.14,nama_10r_3gva,SECOND,0,2015,2024-05-19
2024Q2,SI,BG2,M,878332695.19,851101294.47,820185029.68,794756410.97,414.48,445963489.43,34.155132,183118664.25,173818828.16,396230614.97,297042063.39,namq_10_gdp,BENCHMARK,1,2020,2025-11-29
2025Q1,CY,AT389,R,899874941.54,889219372.9,848230568.09,838186529.06,423.27,398612812.0,28.08054,189243413.66,180028567.99,206008624.68,457127539.3,nama_10_gdp,FLASH,0,2015,2024-12-14
2026Q4,GR,SI9,B,930727741.7,897292315.34,891140381.57,859127089.96,435.6,402397336.49,45.639713,223932279.08,214237856.34,403426735.67,357361468.43,nama_10r_3gdp,FIRST,1,2020,2024-07-17
2018Q3,MT,IE257,G,954210442.5,902756920.2,821083495.37,776808526.19,444.63,367832104.95,34.748321,175319995.26,153631967.94,481335604.59,196492852.37,nama_10_gdp,SECOND,0,2015,2024-01-02
2019Q2,ES,HU813,L,967327476.5,1036206594.87,853110875.7,913857134.25,449.28,428198810.22,51.469346,156457703.27,147414561.95,411346635.63,213627834.32,nama_10r_3gva,BENCHMARK,1,2020,2024-09-04
2020Q1,CZ,LT75,Q,1005929693.09,978131986.19,932504498.25,906735811.92,465.12,449963723.35,52.200245,214937516.43,212097926.78,378008131.27,471454974.5,namq_10_gdp,FLASH,0,2015,2025-10-15
2021Q4,HU,SI4,A,1027208784.32,1100571740.59,934904007.82,1001674583.48,473.26,400184859.72,30.805549,237210420.59,194472210.73,517752255.5,452012147.34,nama_10_gdp,FIRST,1,2020,2024-11-09
2022Q3,NL,HU257,F,1037490866.07,1098077443.21,892829290.97,944968035.02,477.28,484369884.72,72.138862,288714652.41,255904188.19,320934835.87,374267063.75,nama_10r_3gdp,SECOND,0,2015,2024-03-07
2023Q2,SE,HR909,K,1069384330.39,1030166739.81,950590756.1,915729688.82,488.96,392066629.67,40.714267,199820649.3,207126589.75,348975171.47,532811951.04,nama_10_gdp,BENCHMARK,1,2020,2025-07-22
2024Q1,DK,FI543,P,1113665400.9,1103521158.59,1021409623.57,1012105727.88,508.55,404626364.72,29.411831,281571384.82,232073019.15,277574925.46,322895668.33,nama_10r_3gva,FLASH,0,2015,2024-06-08
2025Q4,IE,AT657,U,1111605401.25,1083903080.13,1031783917.04,1006070827.33,505.13,396740168.34,32.462443,221108483.44,191130374.09,423606869.0,428243175.36,namq_10_gdp,FIRST,1,2020,2024-08-07
2026Q3,PL,FI5,E,1135242162.87,1099320548.24,1050665040.21,1017419635.92,513.23,414274392.13,30.14131,305727736.89,274079738.42,475368995.73,285081830.35,nama_10_gdp,SECOND,0,2015,2024-08-20
2018Q2,AT,SI41,J,1186061804.77,1065557055.3,1146267149.32,1029805566.03,534.37,610997768.86,37.619444,311380639.3,213094871.03,629596775.22,465222001.77,nama_10r_3gdp,BENCHMARK,1,2020,2025-11-22
2019Q1,EE,NL10,O,1210631394.61,1210446604.87,1164890186.85,1164712379.01,544.78,553856103.58,50.080538,237444724.61,170534548.14,461344682.99,436502677.85,nama_10_gdp,FLASH,0,2015,2026-01-20
2020Q4,IT,HU833,T,1221215962.21,1325211236.85,1163706714.23,1262804665.04,546.83,429008310.8,83.705502,256238893.84,273571726.86,363959563.72,340554951.8,nama_10r_3gva,FIRST,1,2020,2024-04-18
2021Q3,PT,MT126,D,1260971449.77,1210347464.11,1086627163.4,1043002545.3,562.38,638440152.94,78.972383,287981530.38,256266984.87,283236306.54,650461451.34,namq_10_gdp,SECOND,0,2015,2025-08-15
2022Q2,BE,IT938,I,1286655701.6,1150175284.85,1219979743.91,1090571897.14,572.02,445989077.22,88.885063,314592445.59,256836197.42,557206852.23,446115837.85,nama_10_gdp,BENCHMARK,1,2020,2025-07-20
2023Q1,FI,LT908,N,1290360573.43,1384535402.37,1154268020.5,1238510359.9,570.79,659291562.28,40.70342,360100265.06,221341762.97,644055854.62,670589888.88,nama_10r_3gdp,FLASH,0,2015,2024-12-20
2024Q4,LV,LV8,S,1313006844.9,1352263347.87,1172520634.66,1207576856.92,579.78,660189490.85,31.769243,300417940.87,209837484.51,401772284.14,661066086.65,nama_10_gdp,FIRST,1,2020,2026-02-18
2025Q3,RO,EE88,C,1348619716.25,1402348025.19,1283710555.28,1334852916.97,594.36,544658149.99,77.996121,312061712.08,309189410.13,674446773.93,450514300.18,nama_10r_3gva,SECOND,0,2015,2024-06-23
2026Q2,BG,CZ988,H,1385096799.77,1280769623.29,1225141714.61,1132862549.79,607.02,624452439.16,73.537751,315861146.25,302772799.72,500024243.81,346735092.35,namq_10_gdp,BENCHMARK,1,2020,2024-03-07
2018Q1,FR,SI8,M,1412459706.14,1422524161.12,1339205137.93,1348747618.86,617.4,681386284.08,45.768154,309593130.1,336897821.42,651610880.96,663688285.29,nama_10_gdp,FLASH,0,2015,2025-02-03
2019Q4,LT,AT76,R,1432584001.4,1335321921.64,1379456799.97,1285801672.48,623.37,590729074.84,38.971336,380623534.28,229457331.76,452038772.63,566149686.32,nama_10r_3gdp,FIRST,1,2020,2025-06-11
2020Q3,SK,CY55,B,1461877890.59,1544051577.19,1425241581.8,1505355903.13,634.05,687930078.21,72.108578,242481778.82,339842232.09,399351865.12,536205963.07,nama_10_gdp,SECOND,0,2015,2025-05-27
2021Q2,HR,EE89,G,1484918051.34,1401269185.57,1286577999.88,1214102087.61,642.56,587008212.54,112.756548,278637495.54,241932603.29,506237249.65,351335845.52,nama_10r_3gva,BENCHMARK,1,2020,2024-05-27
2022Q1,DE,DE9,L,1486048536.94,1536165951.14,1317809587.75,1362253095.01,640.45,619433207.34,76.627725,385502519.18,272875873.87,688158234.2,751381641.36,namq_10_gdp,FLASH,0,2015,2025-08-21
2023Q4,LU,NL7,Q,1512279898.57,1518526994.62,1455902202.54,1461916407.25,649.55,589618781.28,43.606488,309372298.01,319703820.04,635653424.22,593870434.74,nama_10_gdp,FIRST,1,2020,2025-03-23
2024Q3,SI,SE839,A,1554803119.58,1489867700.32,1512368314.07,1449205159.0,666.54,605547867.86,121.804901,397314373.13,337057438.66,691314031.11,403871859.88,nama_10r_3gdp,SECOND,0,2015,2024-06-01
2025Q2,CY,CY59,F,1574379061.05,1620982567.39,1368326941.91,1408831058.67,672.31,783050468.11,90.911407,404965204.65,237122569.38,852705790.85,479654294.41,nama_10_gdp,BENCHMARK,1,2020,2025-03-03
2026Q1,GR,FI985,K,1588388516.23,1544639384.27,1464645972.88,1424305093.26,675.54,654164571.57,71.709468,287898452.13,395906928.88,768984096.87,824045074.4,nama_10r_3gva,FLASH,0,2015,2025-11-07
2018Q4,MT,BE95,P,1636283698.9,1471250754.66,1509937583.39,1357647705.31,693.06,844781741.41,69.54873,301281626.31,236847350.01,668964322.14,745999650.77,namq_10_gdp,FIRST,1,2020,2025-08-30
2019Q3,ES,SI841,U,1650998642.63,1655368682.99,1443577961.23,1447398978.27,697.74,736928623.2,92.71918,394304842.86,267763726.05,444146570.91,504986391.92,nama_10_gdp,SECOND,0,2015,2024-03-16
2020Q2,CZ,EE24,E,1683388278.98,1520255352.55,1587428471.91,1433594769.16,709.43,762399866.24,135.884128,444707732.11,341263859.24,625842674.71,608772574.62,nama_10r_3gdp,BENCHMARK,1,2020,2024-02-04
2021Q1,HU,LV836,J,1698538846.84,1586357569.81,1623612476.31,1516379767.84,713.22,740024433.72,48.319873,455994132.47,434278091.16,570435372.94,382046903.06,nama_10_gdp,FLASH,0,2015,2025-08-28
2022Q4,NL,BG1,O,1739896581.41,1789164274.81,1549620360.05,1593500106.47,726.11,767197518.8,91.385132,312561102.95,327690615.33,942275030.88,544321228.12,nama_10r_3gva,FIRST,1,2020,2025-04-22
2023Q3,SE,HU54,T,1736608458.55,1723893206.58,1635972335.39,1623993929.8,722.91,890249024.71,101.178058,391082096.21,378243822.79,527406148.23,788610618.87,namq_10_gdp,SECOND,0,2015,2025-10-30
2024Q2,DK,GR6,D,1777965107.79,1625254863.16,1631664053.48,1491519674.0,737.5,912629010.33,68.613927,350042904.45,299201114.36,531980349.1,595369918.21,nama_10_gdp,BENCHMARK,1,2020,2026-01-08
2025Q1,IE,PL1,I,1801386199.05,1860885012.68,1727162672.36,1784209922.97,745.15,871784466.66,133.667733,410348780.03,358307864.23,416100925.23,539867590.93,nama_10r_3gdp,FLASH,0,2015,2024-10-28
2026Q4,PL,PT93,N,1821889205.93,1761942175.27,1712500094.61,1656152378.55,752.86,870146734.49,144.054063,484166026.91,382767025.69,986208220.77,554396977.77,nama_10_gdp,FIRST,1,2020,2024-12-28
2018Q3,AT,LU207,S,1842243253.65,1959467266.25,1676156347.43,1782812063.17,757.9,765054534.12,75.948339,430521484.47,436624201.15,467494762.0,914627477.12,nama_10r_3gva,SECOND,0,2015,2025-09-26
2019Q2,EE,RO732,C,1879824406.77,1852055411.93,1760554143.0,1734547023.01,771.69,838370044.94,73.719942,402067168.59,360378328.17,955031858.25,671381843.48,namq_10_gdp,BENCHMARK,1,2020,2024-02-20
2020Q1,IT,SI11,H,1899804144.5,1746425610.42,1792770132.21,1648032867.78,775.93,725839542.01,77.326951,371142939.02,430962720.29,765006528.16,689840852.89,nama_10_gdp,FLASH,0,2015,2024-09-09
2021Q4,PT,LV41,M,1918987314.32,1824820390.27,1789165782.81,1701369351.26,782.31,946517244.39,56.358493,344920176.66,269667264.46,705873524.9,921673515.83,nama_10r_3gdp,FIRST,1,2020,2024-07-23
2022Q3,BE,SI85,R,1961942182.35,1762573005.46,1726767399.79,1551296278.24,797.15,758416976.85,110.801123,405369263.41,379396229.29,1062233988.1,604054963.49,nama_10_gdp,SECOND,0,2015,2024-01-31
2023Q2,FI,BE604,B,1978562735.07,2055047419.51,1729231853.04,1796078231.1,801.66,770011842.34,53.976618,471628143.64,394384653.93,918939256.98,722180508.55,nama_10r_3gva,BENCHMARK,1,2020,2025-05-08
2024Q1,LV,AT414,G,1998845056.59,1950301372.93,1909641067.86,1863263780.33,804.53,877032636.24,54.600756,427366298.38,449175590.98,968706073.6,772411327.55,namq_10_gdp,FLASH,0,2015,2025-11-10
2025Q4,RO,AT1,L,2015795305.75,1953543834.1,1735129947.56,1681545939.09,809.12,691383880.67,67.808711,380134972.42,298875277.4,547862306.68,605334379.62,nama_10_gdp,FIRST,1,2020,2024-08-15
2026Q3,BG,EE74,Q,2041174115.61,1990796322.99,1762044063.39,1718555421.37,816.73,1060866632.34,48.858445,558855447.99,528429919.06,580045824.1,444910776.36,nama_10r_3gdp,SECOND,0,2015,2024-11-14
2018Q2,FR,EE1,A,2080516512.68,1938174350.46,1792164669.29,1669550600.85,830.62,896411973.6,74.472858,464295315.02,428779851.89,536706442.71,799132303.03,nama_10_gdp,BENCHMARK,1,2020,2024-05-24
2019Q1,LT,FI22,F,2092805977.05,2027846706.02,1830663629.26,1773841078.02,833.85,824664172.03,63.572236,408447587.06,340422660.01,1091400698.17,767042833.03,nama_10r_3gva,FLASH,0,2015,2025-09-03
2020Q4,SK,LV22,K,2126056026.07,1921687724.85,2031569642.32,1836283896.54,842.8,753658522.46,62.860173,581944004.75,504029033.64,692823320.95,631298018.42,namq_10_gdp,FIRST,1,2020,2025-11-23
2021Q3,HR,SK47,P,2152612343.24,2085211487.83,1883248990.24,1824282222.12,851.71,749264526.86,50.614223,559478571.35,529441219.95,919682550.73,809376972.07,nama_10_gdp,SECOND,0,2015,2024-12-17
2022Q2,DE,DE67,U,2175020318.88,2064215113.94,2036624850.66,1932870126.17,859.31,760790356.76,68.565472,544039367.42,342060427.61,1053853534.54,1091183794.25,nama_10r_3gdp,BENCHMARK,1,2020,2025-06-19
2023Q1,LU,AT23,E,2188465459.56,2127427533.29,1976653652.69,1921523314.95,861.62,873990414.99,106.945211,417326559.75,467953085.01,534767033.02,1021171553.97,nama_10_gdp,FLASH,0,2015,2025-05-17
2024Q4,SI,AT884,J,2210191800.89,2237356247.79,2134802533.03,2161040405.24,865.69,946315958.66,155.194121,544264742.96,453010289.83,902413398.56,467235901.48,nama_10r_3gva,FIRST,1,2020,2026-02-18
2025Q3,CY,FI86,O,2238703293.88,2336120350.19,2127614506.82,2220197540.4,875.98,964996067.81,59.335095,619128650.73,341926325.54,1198835558.21,1018260019.04,namq_10_gdp,SECOND,0,2015,2025-12-01
2026Q2,GR,NL37,T,2280590852.27,2168653852.64,1972307829.88,1875502118.06,889.77,912170208.42,126.720321,620673050.21,585018018.09,972232006.76,909111243.25,nama_10_gdp,BENCHMARK,1,2020,2024-04-18
2018Q1,MT,ES828,D,2314460776.57,2491565466.18,2165135104.11,2330813254.49,897.94,1064463284.13,65.857167,443462365.9,539673703.04,1232994684.04,1186963463.5,nama_10r_3gdp,FLASH,0,2015,2024-12-12
2019Q4,ES,IE91,I,2322844657.76,2353714005.85,2108700209.39,2136723693.68,899.5,955204353.3,157.550908,473637078.55,376269782.91,951249941.85,758999707.11,nama_10_gdp,FIRST,1,2020,2025-11-18
2020Q3,CZ,BG420,N,2363482030.96,2196985699.52,2092986409.08,1945545237.84,912.24,964819536.11,73.459563,615919420.88,611325802.07,681018252.66,918293891.93,nama_10r_3gva,SECOND,0,2015,2024-09-10
2021Q2,HU,HR472,S,2387161291.18,2354146954.33,2228351613.49,2197533607.57,916.53,1204321271.51,110.023396,422359777.75,397747708.21,819906141.28,1111677055.84,namq_10_gdp,BENCHMARK,1,2020,2024-01-22
2022Q1,NL,GR28,C,2386165532.0,2566427702.9,2268401676.82,2439767412.04,913.97,814040059.78,63.699916,612834991.82,509671245.74,1050098350.67,652621038.73,nama_10_gdp,FLASH,0,2015,2024-05-03
2023Q4,SE,LT64,H,2433347051.98,2233623447.85,2117181978.18,1943408485.85,931.37,996309383.07,79.70431,502991883.23,558307392.08,874502794.62,1070570998.06,nama_10r_3gdp,FIRST,1,2020,2026-02-04
2024Q3,DK,BE230,M,2440300850.64,2445825619.36,2256943042.39,2262052694.47,931.15,1260767777.4,87.608993,485207583.41,398436064.74,1066447473.71,1008538972.61,nama_10_gdp,SECOND,0,2015,2024-12-18
2025Q2,IE,LU28,R,2476086871.5,2287080515.96,2292877852.21,2117856332.76,942.05,1220445268.08,64.761455,402798743.65,525328320.0,995268059.31,1281983723.89,nama_10r_3gva,BENCHMARK,1,2020,2024-02-08
2026Q1,PL,FI70,B,2512396858.28,2619463448.04,2286361761.77,2383795794.14,951.73,915087926.63,84.422016,460465648.24,590207233.59,1133813189.1,555309492.27,namq_10_gdp,FLASH,0,2015,2024-07-29
2018Q4,AT,SK38,G,2527311655.62,2486388881.6,2372422362.59,2334007589.34,954.3,1186242970.81,113.776547,551559529.63,444681866.13,836538946.55,570912708.07,nama_10_gdp,FIRST,1,2020,2025-08-17
2019Q3,EE,HU955,L,2541354814.79,2286605383.85,2475674299.54,2227508787.45,955.41,920938048.84,106.563255,596155104.32,431383062.78,571463262.98,913180509.16,nama_10r_3gdp,SECOND,0,2015,2025-09-28
2020Q2,IT,SI968,Q,2587672950.07,2317232426.97,2485716522.24,2225931576.64,970.01,886849691.53,76.73117,626015606.18,547839458.48,1104633968.97,870758064.36,nama_10_gdp,BENCHMARK,1,2020,2024-08-23
2021Q1,PT,IT80,A,2605158295.51,2425047687.32,2489430421.11,2317320792.32,976.34,1035658035.17,225.120356,421075217.03,567381005.67,988039952.45,1044214170.39,nama_10r_3gva,FLASH,0,2015,2024-11-27
2022Q4,BE,PL361,F,2624807729.7,2491604193.76,2524330366.6,2396225847.97,978.0,1350410226.77,68.979366,467652109.43,680114676.66,653047690.93,1166687222.41,namq_10_gdp,FIRST,1,2020,2024-11-24
2023Q3,FI,LT98,K,2643875221.42,2681624375.62,2556384400.48,2592884363.92,982.08,1287215358.03,111.422365,701348881.62,552654210.19,1141204509.44,625259592.58,nama_10_gdp,SECOND,0,2015,2024-11-04
2024Q2,LV,ES86,P,2662985210.78,2618406247.99,2374280949.5,2334534960.06,988.1,1268984411.16,83.052986,689280821.17,413979365.49,1047969551.37,895639552.79,nama_10r_3gdp,BENCHMARK,1,2020,2025-03-25
2025Q1,RO,HU24,U,2687256473.5,2859920398.2,2410299198.15,2565167824.71,993.36,1245972527.85,71.276814,482208482.6,594896748.75,1289562254.66,805181283.89,nama_10_gdp,FLASH,0,2015,2024-07-22
2026Q4,BG,GR1,E,2719762411.09,2657341626.72,2359680124.94,2305523525.21,1001.73,1341141430.36,98.626364,623281015.32,691483824.76,994048104.74,738501529.27,nama_10r_3gva,FIRST,1,2020,2024-11-09
2018Q3,FR,ES9,J,2749117784.07,2723650127.99,2648207143.25,2623674317.07,1011.45,1203737360.66,77.25761,450009691.11,699038406.81,1366193111.39,1166239829.41,namq_10_gdp,SECOND,0,2015,2026-02-25
2019Q2,LT,ES8,O,2766390668.68,2643729320.08,2473614588.69,2363934887.7,1013.85,1098876758.25,155.961746,521533398.21,700707128.34,1002947999.18,953171969.41,nama_10_gdp,BENCHMARK,1,2020,2024-09-14
2020Q1,SK,SK4,T,2811619310.56,2560303871.77,2544590634.92,2317143444.76,1026.48,1189820043.5,141.218672,670798660.32,482789486.45,829198089.25,856504919.56,nama_10r_3gdp,FLASH,0,2015,2025-07-23
2021Q4,HR,BG145,D,2838970647.59,2680716317.9,2539605715.22,2398039052.5,1035.85,1277376344.61,149.745141,666886324.75,612678534.59,1076319780.3,887295676.36,nama_10_gdp,FIRST,1,2020,2026-01-02
2022Q3,DE,BG39,I,2836980244.4,2902026191.21,2501047569.73,2558391291.99,1031.07,1129623945.34,111.016549,509062298.47,435544884.84,1233467203.63,1079061500.99,nama_10r_3gva,SECOND,0,2015,2025-06-24
2023Q2,LU,GR5,N,2871477457.8,2979335545.88,2646091344.56,2745483506.79,1041.56,1328587100.53,85.893031,644057300.11,700649034.3,788672725.56,1290550792.76,namq_10_gdp,BENCHMARK,1,2020,2025-07-20
2024Q1,SI,FI183,S,2913997742.44,2918527672.39,2631979778.78,2636071300.15,1052.85,1455296628.76,80.978189,679125993.67,594165147.96,1323513078.27,1075378958.9,nama_10_gdp,FLASH,0,2015,2025-08-08
2025Q4,CY,FR130,C,2939974558.78,2812502933.4,2847227473.98,2723777183.27,1059.38,1020477455.03,107.361396,754176517.37,533496058.53,1018887133.93,816467753.05,nama_10r_3gdp,FIRST,1,2020,2024-02-15
2026Q3,GR,PL805,H,2935744561.29,3051267160.39,2741386097.82,2849260621.83,1056.02,1200954253.05,105.71761,542669795.21,719838371.33,1330227760.0,1004829529.09,nama_10_gdp,SECOND,0,2015,2026-01-17
2018Q2,MT,PL55,M,2961853099.06,2651187309.67,2552171394.8,2284476706.87,1059.33,1188998821.15,202.800652,784341972.62,514297770.88,1625942900.61,1027256037.76,nama_10r_3gva,BENCHMARK,1,2020,2025-10-06
2019Q1,ES,BE655,R,3009555317.56,2902786033.95,2864138539.66,2762528172.76,1073.96,1544098022.49,88.907211,542791350.44,436833772.38,973584121.79,1042029544.9,namq_10_gdp,FLASH,0,2015,2026-01-25
2020Q4,CZ,RO81,B,3026603759.54,3258722111.21,2767716711.11,2979980321.38,1077.75,1188413868.2,162.88405,558444089.58,531894851.87,1360047236.23,1178166303.86,nama_10_gdp,FIRST,1,2020,2024-02-29
2021Q3,HU,NL2,G,3037196854.76,3121661694.3,2699840803.81,2774923727.69,1078.71,1517755066.32,136.849841,756515895.99,697470979.35,1151163429.48,869511559.6,nama_10r_3gdp,SECOND,0,2015,2025-05-20
2022Q2,NL,PL84,L,3064730342.78,2968173513.36,2921177465.41,2829143386.5,1084.92,1394999250.03,115.616411,567910738.38,489058932.8,821765716.85,1372049784.46,nama_10_gdp,BENCHMARK,1,2020,2025-01-04
2023Q1,SE,RO324,Q,3107937860.36,3248791454.2,2827162799.58,2955291500.54,1098.4,1514010084.88,100.189921,604762041.15,786324608.77,723281776.8,1480409125.81,nama_10r_3gva,FLASH,0,2015,2024-11-10
2024Q4,DK,SK19,A,3134405729.85,2947412412.09,3045845560.31,2864135591.72,1104.09,1512886053.47,97.471495,829290121.39,752937742.81,1046112151.81,1083895135.39,namq_10_gdp,FIRST,1,2020,2024-02-09
2025Q3,IE,PT268,F,3158676277.97,2902158347.0,3044147763.5,2796930759.55,1109.88,1136762156.93,89.868047,580263713.55,497035965.99,1635349030.26,891936810.75,nama_10_gdp,SECOND,0,2015,2025-05-20
2026Q2,PL,EE6,K,3170838785.66,3275174512.26,3067260104.8,3168187598.54,1111.47,1444927907.14,89.859811,630614803.68,640698300.73,930222098.11,1539352645.22,nama_10r_3gdp,BENCHMARK,1,2020,2025-07-11
2018Q1,AT,EE324,P,3200656464.46,2900570713.85,2878618087.8,2608725870.63,1118.18,1284442630.14,110.685588,850066321.85,486282671.13,1258736599.44,646884310.84,nama_10_gdp,FLASH,0,2015,2025-09-22
2019Q4,EE,SE623,U,3228998424.07,3059220282.8,2892754728.27,2740656010.21,1123.41,1379370851.91,81.826798,832078633.72,684472765.74,1753456854.17,1066402454.01,nama_10r_3gva,FIRST,1,2020,2025-09-25
2020Q3,IT,SK612,E,3254451699.76,2923808658.03,3128054985.46,2810253490.62,1131.14,1280966257.37,162.494279,682761520.79,554198822.24,1701307609.99,1316891714.62,namq_10_gdp,SECOND,0,2015,2025-05-26
2021Q2,PT,EE39,J,3286211102.29,3325953462.35,3087392457.58,3124730370.11,1136.4,1473971702.23,190.136335,814499123.4,557119463.36,1041868416.57,886424665.69,nama_10_gdp,BENCHMARK,1,2020,2024-11-15
2022Q1,BE,AT19,O,3308529173.67,3072910404.92,2937826236.74,2728607286.46,1140.7,1173139187.07,240.441186,878051734.36,812494468.15,1593430024.75,933690178.64,nama_10r_3gdp,FLASH,0,2015,2026-01-13
2023Q4,FI,FI513,T,3335029216.42,3473072996.94,2883165715.85,3002505928.32,1146.58,1492724430.73,148.904513,915481915.6,585935517.11,1397646227.53,951635651.11,nama_10_gdp,FIRST,1,2020,2025-09-26
2024Q3,LV,CY399,D,3344389846.69,3497072080.08,3021775229.34,3159729060.07,1147.26,1154154545.66,132.216838,882780572.94,823390635.53,1620997825.09,1236551248.75,nama_10r_3gva,SECOND,0,2015,2024-11-04
2025Q2,RO,LU181,I,3387495832.85,3454392865.11,3053331335.63,3113629211.98,1159.32,1327767186.8,113.627608,619818330.83,644631450.83,1505332214.51,717976757.68,namq_10_gdp,BENCHMARK,1,2020,2024-01-25
2026Q1,BG,DK384,N,3396688364.41,3546426806.64,3083903930.65,3219853691.42,1159.1,1252762894.28,86.13535,680550323.99,563303561.99,1005664543.0,1474595382.44,nama_10_gdp,FLASH,0,2015,2025-02-18
2018Q4,FR,LT36,S,3437410432.8,3247310097.82,3182418411.81,3006419991.51,1172.17,1464835150.83,133.220533,777489526.21,496036527.6,961202335.31,765671394.22,nama_10r_3gdp,FIRST,1,2020,2025-12-20
2019Q3,LT,GR134,C,3456870136.65,3604660400.73,3043543728.39,3173663204.55,1173.83,1200503687.79,101.450956,588955837.68,777273052.37,1276161740.84,1368088315.68,nama_10_gdp,SECOND,0,2015,2025-05-30
2020Q2,SK,IT72,H,3468304304.1,3411137779.26,3174083007.92,3121766002.48,1175.79,1586294922.97,134.974213,865590700.03,723633567.39,1523596849.15,1360445696.64,nama_10r_3gva,BENCHMARK,1,2020,2024-07-31
2021Q1,HR,CZ439,M,3513085978.65,3398522310.45,3250253476.38,3144260920.81,1186.7,1519632930.87,100.57833,811174826.69,515499611.83,1806643392.67,834007274.14,namq_10_gdp,FLASH,0,2015,2024-01-23
2022Q4,DE,LV2,R,3531459094.77,3820429774.89,3273280079.06,3541124600.34,1190.24,1335374131.05,110.758511,815093676.95,805893418.3,1675088927.11,899766111.16,nama_10_gdp,FIRST,1,2020,2025-04-16
2023Q3,LU,ES62,B,3541206512.71,3481695929.46,3107531765.38,3055309160.69,1191.42,1322137351.91,122.310201,643054344.76,823723532.35,1633384758.99,1736507266.3,nama_10r_3gdp,SECOND,0,2015,2024-08-08
2024Q2,SI,LV419,G,3580036585.14,3840949008.61,3091914589.51,3317252769.58,1198.26,1851093743.31,132.521166,987239056.24,639002348.24,798004947.09,772593507.06,nama_10_gdp,BENCHMARK,1,2020,2025-06-12
2025Q1,CY,FI43,L,3611729493.54,3512102727.62,3245392455.56,3155870813.62,1206.71,1422644320.08,171.719635,658169876.32,727464435.49,1044159670.86,1325539792.83,nama_10r_3gva,FLASH,0,2015,2024-06-14
2026Q4,GR,EE803,Q,3636673482.02,3426929689.94,3408774483.17,3212174681.17,1213.78,1313849608.42,145.770948,844194796.27,900846296.58,1318332058.44,1563773920.72,namq_10_gdp,FIRST,1,2020,2025-12-02
2018Q3,MT,BE602,A,3657364086.84,3800843077.77,3268362489.6,3396580884.29,1217.13,1845635167.88,168.246211,977377804.2,604061929.28,954547542.88,1361705325.85,nama_10_gdp,SECOND,0,2015,2025-03-01
2019Q2,ES,GR8,F,3664930492.08,3288792479.0,3477190350.42,3120320425.51,1215.03,1681443662.07,107.965682,794807307.83,809438990.3,1557386576.07,1743779142.23,nama_10r_3gdp,BENCHMARK,1,2020,2025-02-05
2020Q1,CZ,FI17,K,3688002912.84,3296582045.35,3229822835.34,2887030249.24,1220.52,1427070630.1,114.784149,785164057.23,953253376.06,1126156180.18,1018617154.77,nama_10_gdp,FLASH,0,2015,2024-02-03
2021Q4,HU,FI315,P,3711997965.8,3645484411.66,3286293970.07,3227408406.58,1223.86,1858125064.18,109.026966,864091520.36,574430470.02,1719673640.83,1781719133.46,nama_10r_3gva,FIRST,1,2020,2025-11-26
2022Q3,NL,BG774,U,3757888868.8,3650430250.82,3344743129.3,3249098610.07,1236.93,1736170215.0,204.219286,797014998.11,873676918.63,1386864220.71,885724378.33,namq_10_gdp,SECOND,0,2015,2024-10-24
2023Q2,SE,FI4,E,3781134228.41,4095981872.34,3668363527.56,3973820976.03,1240.33,1501104114.47,106.000423,725520154.12,963277128.91,1467992777.82,1543815073.89,nama_10_gdp,BENCHMARK,1,2020,2025-01-23
2024Q1,DK,HU3,J,3796533078.14,4075445068.21,3647154661.09,3915092578.05,1241.07,1894703350.8,249.094391,978532533.25,811992643.97,1105135820.34,1185385263.69,nama_10r_3gdp,FLASH,0,2015,2024-12-03
2025Q4,IE,NL324,O,3813622792.83,3635016925.02,3457670690.33,3295735358.03,1243.66,1803387535.04,92.142079,975206984.65,897380621.94,1601587508.64,1315779098.8,nama_10_gdp,FIRST,1,2020,2025-04-01
2026Q3,PL,FI119,T,3855381276.26,3499384284.82,3631178386.11,3295883771.07,1254.47,1961111160.37,119.230306,1063939396.74,777642978.55,1016884300.07,913967736.47,nama_10r_3gva,SECOND,0,2015,2025-11-11
2018Q2,AT,ES52,D,3886427865.33,3689622631.19,3753990007.31,3563891307.95,1263.32,1348335322.83,111.409215,1013320167.34,645530407.3,1746320260.36,1344366452.97,namq_10_gdp,BENCHMARK,1,2020,2024-10-23
2019Q1,EE,ES980,I,3893625062.77,3775072764.82,3596059170.35,3486567097.71,1260.47,1720140207.71,102.946328,674597294.72,943957775.42,1799536616.88,1727274038.98,nama_10_gdp,FLASH,0,2015,2026-02-14
2020Q4,IT,LT30,N,3926111227.34,3895057998.8,3636817071.56,3608051989.49,1268.6,1917054404.32,220.250313,889760958.15,896680268.61,954106343.41,1326589241.08,nama_10r_3gdp,FIRST,1,2020,2024-05-05
2021Q3,PT,FR36,S,3936024419.89,3826418845.02,3406356529.74,3311500495.87,1268.79,1955414994.36,197.996915,876954672.74,782181574.42,1310050780.47,1874966408.73,nama_10_gdp,SECOND,0,2015,2025-06-26
2022Q2,BE,GR9,C,3988900755.82,3599838277.27,3750561261.36,3384745526.75,1280.52,1605945585.04,195.980064,733722268.02,580054188.0,2069904230.06,1951672022.52,nama_10r_3gva,BENCHMARK,1,2020,2024-08-29
2023Q1,FI,SK940,H,4001204486.15,3664912803.55,3504967323.52,3210383189.47,1283.03,1362561832.34,161.587549,813874520.83,867215885.9,1015111088.24,1279263433.71,namq_10_gdp,FLASH,0,2015,2025-09-27
2024Q4,LV,SI61,M,4029691735.69,4144979073.3,3935152554.8,4047735176.71,1286.89,1905598771.36,115.92272,1061881634.01,972891866.93,1990230243.7,924313532.72,nama_10_gdp,FIRST,1,2020,2025-01-05
2025Q3,RO,FR584,R,4060242883.16,3900702213.17,3969351026.4,3813381804.76,1295.88,1675775469.03,109.637513,941015431.01,718156664.36,1479736715.17,1155363974.34,nama_10r_3gdp,SECOND,0,2015,2024-03-22
2026Q2,BG,AT86,B,4087620033.88,4197217077.72,3559916285.37,3655364565.3,1299.53,1995053342.72,107.97821,1080887759.52,874531164.06,1340515408.62,1972242803.14,nama_10_gdp,BENCHMARK,1,2020,2024-09-28
2018Q1,FR,LT76,G,4092662163.66,4245320972.54,3931585523.64,4078236075.05,1299.12,1548232516.16,289.357403,757581171.68,836599308.31,1292881534.34,1437435384.36,nama_10r_3gva,FLASH,0,2015,2024-03-09
2019Q4,LT,ES81,L,4136669365.7,3963653397.92,3565474544.6,3416348768.67,1307.43,2079354344.51,179.564641,742706424.65,927329737.01,1454689484.63,1595745361.01,namq_10_gdp,FIRST,1,2020,2024-06-17
2020Q3,SK,ES6,Q,4152598427.72,4476511740.23,3639298866.14,3923173498.25,1308.84,1820599365.63,111.613488,1107986250.05,676238934.21,1409353593.48,1724791815.29,nama_10_gdp,SECOND,0,2015,2024-06-25
2021Q2,HR,IT24,A,4161506714.71,3987745370.07,3937698983.68,3773282603.49,1310.22,1708968760.59,344.222775,726928846.64,1019221488.05,1766194122.27,1148132688.43,nama_10r_3gdp,BENCHMARK,1,2020,2024-06-16
2022Q1,DE,AT9,F,4202392181.69,4424124051.45,3840312722.57,4042940103.27,1320.72,1838970612.64,188.612748,1082455109.99,857527777.09,1815932655.64,1935851891.78,nama_10_gdp,FLASH,0,2015,2025-09-01
2023Q4,LU,SK46,K,4239589702.76,4590257352.03,4145321882.51,4488192391.66,1328.33,1468784022.66,325.499662,771151983.17,1031272101.51,1729037510.79,1228138858.21,nama_10r_3gva,FIRST,1,2020,2025-07-09
2024Q3,SI,PT9,P,4262353413.47,4002692803.28,3675475436.31,3451567162.66,1331.1,1679374713.94,118.149345,973590234.06,1076133706.91,2194416252.54,1783218204.29,namq_10_gdp,SECOND,0,2015,2024-07-06
2025Q2,CY,EE487,U,4263380542.4,4612531754.42,3763622125.76,4071845427.37,1327.75,2057023815.35,135.234853,687700390.16,744472388.54,2057112545.56,2030024401.74,nama_10_gdp,BENCHMARK,1,2020,2024-11-13
2026Q1,GR,HR5,E,4295987660.95,4582290591.1,3708765870.0,3955933836.86,1336.85,1946379733.47,126.197321,781334090.93,1085149681.58,2215059723.51,1393235652.55,nama_10r_3gdp,FLASH,0,2015,2025-01-03
2018Q4,MT,LU99,J,4338364993.99,4665732260.05,3940097672.2,4237412214.6,1344.07,2169945740.01,177.431024,1112736985.07,908103941.63,1155787374.82,1978723291.91,nama_10_gdp,FIRST,1,2020,2024-02-13
2019Q3,ES,LU55,O,4355215955.06,3921510161.63,4228981523.49,3807846542.82,1345.68,1622968657.91,125.461111,1218864402.44,811101937.13,1551520411.45,1553842963.9,nama_10r_3gva,SECOND,0,2015,2025-12-27
2020Q2,CZ,DE74,T,4382678064.67,4415259378.28,3792416485.33,3820609729.05,1353.52,1828408927.21,281.155669,800555424.35,1091632080.58,1588185003.75,1686378622.92,namq_10_gdp,BENCHMARK,1,2020,2024-09-13
2021Q1,HU,HU41,D,4392043955.01,4403671739.37,3785489025.97,3795510977.15,1352.03,1541876671.84,111.465121,1129189217.09,851209539.07,2182864557.18,939326425.38,nama_10_gdp,FLASH,0,2015,2024-12-27
2022Q4,NL,HU736,I,4431249743.92,4722585816.98,3940756746.09,4199844963.1,1362.45,1848301292.7,108.264959,1180809630.14,891702328.12,1228731655.81,2262319024.59,nama_10r_3gdp,FIRST,1,2020,2025-06-05
2023Q3,SE,SE865,N,4444006693.61,3977826037.11,4320713133.31,3867466092.09,1359.57,1750843509.66,324.098687,1048417191.42,744980337.69,1980441060.5,1564057091.68,nama_10_gdp,SECOND,0,2015,2024-05-30
2024Q2,DK,DK48,S,4489878792.76,4008963297.08,4278611936.7,3820325449.4,1373.55,1782869383.29,201.533212,746110312.1,650531250.48,1934013099.2,939676046.35,nama_10r_3gva,BENCHMARK,1,2020,2024-07-27
2025Q1,IE,RO4,C,4505953170.34,4284916506.6,4282547789.1,4072470134.09,1373.72,2132925279.88,279.002521,1101485420.6,880910574.06,1188258882.76,970151778.04,namq_10_gdp,FLASH,0,2015,2025-05-15
2026Q4,PL,EE9,H,4528579880.27,4583806253.82,4088350842.55,4138208589.75,1376.58,1813265009.25,138.014198,1088315979.03,1137850075.27,1743073292.87,1415444816.32,nama_10_gdp,FIRST,1,2020,2024-10-04
2018Q3,AT,MT723,M,4536175667.15,4797703560.08,4379593155.58,4632093467.29,1377.88,1656466347.21,115.36259,1098472907.07,988668554.86,1676543721.36,2316119808.2,nama_10r_3gdp,SECOND,0,2015,2025-12-18
2019Q2,EE,GR306,R,4562363338.04,4582773966.76,3989161793.98,4007008092.97,1379.64,1953278984.75,125.390845,1111351473.16,1083901276.72,1691653556.93,1965417704.91,nama_10_gdp,BENCHMARK,1,2020,2024-11-23
2020Q1,IT,DE632,B,4587154473.96,4302961252.56,3994073980.23,3746624552.18,1383.64,2283773271.55,135.00255,1210964881.15,649775339.94,1318591626.84,1051555645.22,nama_10r_3gva,FLASH,0,2015,2025-07-17
2021Q4,PT,GR121,G,4621693329.24,4239651262.74,4074929523.86,3738084479.15,1391.31,2083438943.41,192.386794,1270867249.43,696073425.1,2088011668.23,1424319145.49,namq_10_gdp,FIRST,1,2020,2025-11-20
2022Q3,BE,DK5,L,4663820482.13,4656618979.57,4223380119.45,4216858710.05,1402.91,2186873117.05,366.42518,900698930.58,783662031.82,1158770257.52,1314545613.89,nama_10_gdp,SECOND,0,2015,2024-01-14
2023Q2,FI,SK1,Q,4687060620.04,4857155953.9,4042908649.24,4189627446.42,1403.7,2131456450.32,184.696079,754873387.28,886623525.24,1616191504.56,1574604636.76,nama_10r_3gdp,BENCHMARK,1,2020,2025-09-28
2024Q1,LV,LT9,A,4709814087.24,4461603996.96,4210690888.32,3988784896.68,1409.65,2342755703.25,367.690397,1031416398.19,1185567519.18,1263082795.83,2294763231.03,nama_10_gdp,FLASH,0,2015,2024-03-26
2025Q4,RO,RO856,F,4734523390.51,4831613466.67,4094708852.06,4178678358.93,1411.42,2046616787.64,202.789381,783339575.01,1225010199.13,2510770479.94,2051077926.79,nama_10r_3gva,FIRST,1,2020,2025-04-23
2026Q3,BG,DE7,K,4745999460.94,5034458959.69,4142382376.83,4394154327.9,1410.72,1683718836.35,149.875188,1012880978.66,960127731.21,1053673053.68,1440795672.02,namq_10_gdp,SECOND,0,2015,2025-01-10
2018Q2,FR,DE731,P,4788895513.17,4666150277.03,4502382376.61,4386980821.81,1421.67,1714473656.96,141.832686,1124508241.72,1202347848.15,1638637171.66,2280469901.86,nama_10_gdp,BENCHMARK,1,2020,2025-04-04
2019Q1,LT,SI785,U,4800202428.3,4980438739.1,4327971589.11,4490476742.61,1423.44,1884145066.24,319.279626,1084429115.53,989451640.99,2589135533.69,2199754259.28,nama_10r_3gdp,FLASH,0,2015,2024-05-05
2020Q4,SK,PT78,E,4821319071.29,4835124811.94,4218021942.98,4230100155.63,1425.72,1691358806.71,137.914433,1206306249.9,849152911.18,1265317543.16,1373951831.76,nama_10_gdp,FIRST,1,2020,2024-11-24
2021Q3,HR,CY30,J,4841915685.61,4692482882.69,4711860457.05,4566441461.6,1428.5,2360317704.58,144.502697,1274792054.67,970544434.82,1944105219.65,1694675966.15,nama_10r_3gva,SECOND,0,2015,2025-03-24
2022Q2,DE,SE1,O,4878656199.13,4596104777.7,4311243393.53,4061554155.5,1434.81,1962600290.68,277.191431,809590862.28,957502699.86,1719153528.1,2103438237.79,namq_10_gdp,BENCHMARK,1,2020,2024-03-12
2023Q1,LU,SK461,T,4890151621.64,4917675526.4,4561177250.19,4586849543.8,1434.91,2093389082.92,182.268314,1315168620.66,984534617.56,1271666873.38,1361951710.81,nama_10_gdp,FLASH,0,2015,2024-10-05
2024Q4,SI,LT281,D,4913125081.54,5336706135.44,4585612887.36,4980957745.75,1440.36,1722055419.51,209.018926,831631616.19,753233119.84,1333947546.63,1484004199.61,nama_10r_3gdp,FIRST,1,2020,2025-05-08
2025Q3,CY,AT344,I,4940235288.97,4863153221.32,4535864016.32,4465091318.97,1444.55,2181609892.08,195.80413,1020345515.91,710110398.33,1799752749.77,1531335427.24,nama_10_gdp,SECOND,0,2015,2024-01-18
2026Q2,GR,SE89,N,4973531793.63,4585594222.79,4562888520.84,4206981297.92,1450.03,1831867145.87,170.994614,1348604899.42,1085275195.53,1396272924.23,1810732275.53,nama_10r_3gva,BENCHMARK,1,2020,2025-05-04
2018Q1,MT,SE632,S,4990690701.78,4533935026.55,4357974022.03,3959125548.74,1449.34,2519833903.98,138.256185,1035595152.48,792652539.22,2085698566.88,2241825751.58,namq_10_gdp,FLASH,0,2015,2025-12-25
2019Q4,ES,HR182,C,5028858343.29,5098392449.32,4723510554.41,4788822611.6,1456.48,2539472387.14,187.535844,1315549714.37,1147350820.93,2743492514.26,1038828775.88,nama_10_gdp,FIRST,1,2020,2025-07-01
2020Q3,CZ,RO40,H,5063415375.94,4776523864.98,4576136072.19,4316853652.19,1466.61,2528122658.59,286.801994,1054724276.72,760049162.93,1573944789.02,1663844791.25,nama_10r_3gdp,SECOND,0,2015,2024-04-11
2021Q2,HU,LT23,M,5089979866.91,4706634750.69,4986544424.78,4610989412.37,1469.83,1802115911.6,304.370614,1159835286.32,1111091024.7,1640620922.44,2269515922.28,nama_10_gdp,BENCHMARK,1,2020,2024-12-10
2022Q1,NL,DE4,R,5105753644.46,5067813228.11,4823018984.97,4787179545.57,1470.35,2300192417.11,175.329575,1308503307.1,1042683409.23,1711057356.71,1673418653.2,nama_10r_3gva,FLASH,0,2015,2024-01-25
2023Q4,SE,IT6,B,5137296426.5,5180680405.21,4566107085.84,4604667425.0,1476.5,2618406918.4,335.829011,1054191238.78,979919078.53,2467105313.98,2139936915.87,namq_10_gdp,FIRST,1,2020,2026-02-05
2024Q3,DK,SE5,G,5152762630.71,4753494751.08,5043548593.7,4652743292.33,1477.88,2148154845.56,234.725302,895687674.08,824049110.23,1841884927.88,1352307018.12,nama_10_gdp,SECOND,0,2015,2024-04-27
2025Q2,IE,SK392,L,5160642085.04,4895014594.58,4652484468.29,4413012760.43,1477.68,1826191533.18,141.306526,1268278490.19,928074011.64,2583826832.04,1878265416.71,nama_10r_3gdp,BENCHMARK,1,2020,2024-10-02
2026Q1,PL,IT91,Q,5203950358.91,5599512971.65,4540530885.36,4885665664.97,1485.03,2604069070.58,154.732272,1248867621.8,1122661730.82,1926632887.19,1443896488.56,nama_10_gdp,FLASH,0,2015,2025-04-27
2018Q4,AT,EE756,A,5236757641.65,5322754146.81,4583804091.41,4659077984.0,1491.86,2253658779.32,157.16924,1034582481.07,1153512344.03,1742408181.12,2079119233.1,nama_10r_3gva,FIRST,1,2020,2025-09-05
2019Q3,EE,BE74,F,5245667645.56,5397193340.09,4694150411.31,4829745048.52,1491.75,2637342591.89,154.361633,1161647084.61,1041851557.69,1777749637.51,1519292919.09,namq_10_gdp,SECOND,0,2015,2024-05-20
2020Q2,IT,LU843,K,5288638748.34,5697036878.42,4816589986.48,5188535668.05,1500.65,2053377281.94,376.923495,1300415948.04,1305394253.33,2626808932.37,1290330982.18,nama_10_gdp,BENCHMARK,1,2020,2026-01-29
2021Q1,PT,PL47,P,5313852823.33,5736425076.53,5196979175.69,5610257313.62,1503.77,2626646107.07,264.55784,1466063229.97,948788318.32,2183597494.22,1332065703.61,nama_10r_3gdp,FLASH,0,2015,2024-02-12
2022Q4,BE,AT4,U,5332346309.05,5436460660.14,5050160102.23,5148764752.32,1503.25,2404806873.61,140.33975,1173856923.14,1306642860.89,2266690124.03,1949837597.77,nama_10_gdp,FIRST,1,2020,2024-02-21
2023Q3,FI,EE4,E,5351210922.15,5807193715.52,4746148371.29,5150573093.76,1507.58,2567298306.9,157.883726,1233212675.04,1208304084.25,2786904086.72,1684290981.64,nama_10r_3gva,SECOND,0,2015,2024-11-15
2024Q2,LV,GR23,J,5371409174.69,5212250334.77,4864240507.08,4720109451.14,1508.69,2070533445.64,207.578002,902891271.01,1001135952.14,1267028072.27,2722690042.7,namq_10_gdp,BENCHMARK,1,2020,2024-09-17
2025Q1,RO,FI246,O,5387898564.07,5318205788.55,4674406888.47,4613943168.51,1511.3,1930200448.1,278.660319,1168212358.39,1375167105.02,2323396478.53,1742063674.35,nama_10_gdp,FLASH,0,2015,2025-11-19
2026Q4,BG,IE8,T,5425979964.83,5078000413.0,5283415743.73,4944579136.41,1515.28,2021224081.4,281.164927,1402026823.9,1042794117.68,1366485228.28,2430354434.06,nama_10r_3gdp,FIRST,1,2020,2025-09-10
2018Q3,FR,BG63,D,5463572491.39,5618381661.29,4810956760.14,4947274201.45,1522.69,2005583376.91,345.581442,1122636860.28,1001683474.56,1549311149.1,1606703788.72,nama_10_gdp,SECOND,0,2015,2024-10-28
2019Q2,LT,RO536,I,5471815085.75,4911329082.41,5278381487.27,4737709169.66,1524.32,2522717908.07,169.174554,1246391202.27,1069752262.52,1479289439.34,1883389190.44,nama_10r_3gva,BENCHMARK,1,2020,2025-12-18
2020Q1,SK,SE83,N,5512466655.86,5175050782.81,4778495974.57,4486006152.54,1530.85,2588692243.46,142.039993,1158658269.71,1158139422.72,2375582561.9,1954476982.06,namq_10_gdp,FLASH,0,2015,2025-02-02
2021Q4,HR,IE2,S,5536164002.43,6007913090.7,5396911969.34,5856795076.11,1533.5,2444009576.96,375.457942,1086894913.87,824766670.26,2744523291.65,2757664699.8,nama_10_gdp,FIRST,1,2020,2024-03-17
2022Q3,DE,CZ79,C,5562887537.64,5930524053.84,4953875719.93,5281264256.74,1538.76,2682896327.81,148.640644,1058594887.33,869638870.92,2509000396.96,1715354733.0,nama_10r_3gdp,SECOND,0,2015,2026-01-13
2023Q2,LU,FR2,H,5583675353.96,5072952267.9,5403035115.32,4908834684.01,1540.31,2586027842.35,222.967005,896878542.96,833300659.32,2921262550.84,1652214165.7,nama_10_gdp,BENCHMARK,1,2020,2024-06-01
2024Q1,SI,IE9,M,5613397790.7,5416907785.18,5018938630.56,4843256928.31,1547.3,2117037958.93,133.835812,1376492900.14,1363724108.16,2641011244.03,2324171710.04,nama_10r_3gva,FLASH,0,2015,2024-04-16
2025Q4,CY,HU62,R,5625088798.73,5039339575.62,5355022618.09,4797395805.34,1544.85,2273468465.38,265.418722,1068368050.17,950710861.82,1835637572.3,1401309471.58,namq_10_gdp,FIRST,1,2020,2025-10-11
2026Q3,GR,DE1,B,5639474020.19,5847744912.23,5456013014.92,5657508525.59,1544.37,2363205006.66,442.626917,1274249060.41,1031855174.77,1453690859.52,1752104004.54,nama_10_gdp,SECOND,0,2015,2026-01-28
2018Q2,MT,PT555,G,5660687860.23,5367648499.79,5359790017.59,5082327370.35,1548.26,2395201832.9,163.043794,1092383619.18,1039794462.95,2997256423.88,1811963477.24,nama_10r_3gdp,BENCHMARK,1,2020,2024-09-07
2019Q1,ES,EE821,L,5695393619.71,5318177375.89,4954983738.7,4626806183.48,1554.69,2025422218.37,263.249326,1236992628.29,938394267.29,2083576334.59,2204896026.94,nama_10_gdp,FLASH,0,2015,2025-04-07
2020Q4,CZ,IE127,Q,5735885704.86,6132629823.2,5539602967.62,5922770451.85,1562.58,1964952392.34,391.467983,1588524093.77,1158783434.79,2620889037.09,1234175927.1,nama_10r_3gva,FIRST,1,2020,2024-11-05
2021Q3,HU,SI36,A,5750190076.59,5957568788.03,5191157875.87,5378375275.1,1560.75,2322112441.26,230.125714,1063983175.39,964005444.78,1296195415.2,2622057193.08,namq_10_gdp,SECOND,0,2015,2024-01-14
2022Q2,NL,RO45,F,5783718157.49,5400340241.12,5163952412.77,4821656114.38,1567.04,2493740186.15,329.290974,1355144918.8,855097750.61,3114782931.0,1335295002.09,nama_10_gdp,BENCHMARK,1,2020,2025-07-13
2023Q1,SE,LT947,K,5813728220.67,5995406309.16,5138885548.87,5299474910.47,1571.45,2980436654.88,182.38148,961179217.83,1130828620.14,1485641753.21,1176748428.26,nama_10r_3gdp,FLASH,0,2015,2024-04-23
2024Q4,DK,NL41,P,5821812663.53,5921582874.94,5406618459.88,5499273359.3,1573.7,2839061059.84,226.046196,1180553616.11,979519951.88,2704071999.69,1321749999.65,nama_10_gdp,FIRST,1,2020,2025-08-24
2025Q3,IE,DE84,U,5852169348.63,5347735004.83,5107851561.19,4667574529.37,1575.55,2740758711.57,282.168891,1624905517.62,859733280.1,3180400329.26,2591505949.83,nama_10r_3gva,SECOND,0,2015,2025-02-22
2026Q2,PL,CZ493,E,5867003807.36,5779869112.4,5564817144.28,5482170420.28,1577.52,2524411963.91,337.11535,1067987822.38,1035565382.93,2266414445.81,1836389495.18,namq_10_gdp,BENCHMARK,1,2020,2025-09-27
2018Q1,AT,SE59,J,5914667343.92,5951052657.31,5753423430.17,5788816817.89,1585.08,2095737699.51,274.710164,1190472271.31,1089323986.03,1445037549.43,2740751735.56,nama_10_gdp,FLASH,0,2015,2025-01-12
2019Q4,EE,SK23,O,5911500015.52,5835852531.62,5307416971.21,5239499735.51,1581.73,2664091636.55,454.504064,1571184021.82,1095735320.58,1670697477.64,1656356531.16,nama_10r_3gdp,FIRST,1,2020,2024-12-22
2020Q3,IT,BG6,T,5959627108.62,5846812327.86,5385415284.13,5283470240.68,1593.19,2509991109.19,190.22653,1317541043.45,1365767523.9,2279837560.2,2086273708.32,nama_10_gdp,SECOND,0,2015,2024-07-15
2021Q2,PT,PL9,D,5973424214.0,5966104548.31,5565641169.0,5558821189.16,1593.25,2811647050.18,445.234845,1207566644.82,1379294182.89,2055960055.67,3046348337.52,nama_10r_3gva,BENCHMARK,1,2020,2026-02-22
2022Q1,BE,ES970,I,6014191794.49,6486170253.02,5677800341.89,6123379655.74,1599.65,2406132945.91,348.493643,1238206041.94,1119782604.75,2698460818.79,1393333075.37,namq_10_gdp,FLASH,0,2015,2024-08-23
2023Q4,FI,HR586,N,6013317284.9,6445121195.79,5716182899.76,6126650203.33,1597.88,2605842699.83,158.119556,1656508801.3,935308228.49,2080663700.62,2576771695.85,nama_10_gdp,FIRST,1,2020,2024-12-19
2024Q3,LV,SI329,S,6037781158.28,5415736304.68,5727192864.05,5137146495.49,1599.51,3080065218.24,160.754454,1635657187.49,857385741.68,2363431487.0,2346253722.51,nama_10r_3gdp,SECOND,0,2015,2024-03-05
2025Q2,RO,AT84,C,6083543855.69,6423897014.56,5254259478.21,5548217055.13,1607.93,2467814940.0,189.561401,1441210569.7,1377195019.04,2016627076.38,2173745612.06,nama_10_gdp,BENCHMARK,1,2020,2025-05-01
2026Q1,BG,PT49,H,6089488216.65,6434391750.39,5853602161.0,6185145305.29,1604.89,3103937031.41,197.603227,1408144924.97,1472488079.96,2734952533.13,1753736363.21,nama_10r_3gva,FLASH,0,2015,2024-05-12
2018Q4,FR,SE52,M,6122561986.84,5827021666.46,5862664393.0,5579669510.03,1611.08,2678243684.39,229.950743,1661427240.98,1112819500.04,2683726391.13,2132190737.66,namq_10_gdp,FIRST,1,2020,2025-02-05
2019Q3,LT,CZ30,R,6158790834.92,6276109588.4,6024243763.84,6138999531.32,1616.06,2214992678.57,348.792303,1274756177.64,1130683547.31,2517706790.85,3147932760.7,nama_10_gdp,SECOND,0,2015,2025-08-24
2020Q2,SK,LU34,B,6167078421.64,6582896687.93,5964140587.09,6366275671.05,1615.31,2800520623.46,338.679991,1654548742.37,1592768043.81,3067112521.09,3168197426.12,nama_10r_3gdp,BENCHMARK,1,2020,2024-04-11
2021Q1,HR,CZ7,G,6201697806.61,5988850844.25,5827941033.03,5627921686.0,1622.52,2964875904.65,228.207209,1296788052.66,1164993386.35,2320868358.07,2998923794.92,nama_10_gdp,FLASH,0,2015,2024-06-03
2022Q4,DE,IE499,L,6219109821.62,6416418479.85,5636193728.97,5815008680.64,1621.97,2853812725.89,175.270721,1115898048.15,964486933.23,2437882445.93,2688215135.88,nama_10r_3gva,FIRST,1,2020,2025-04-12
2023Q3,LU,MT19,Q,6243398039.84,6289838800.77,5569187372.29,5610613098.75,1626.94,3114082150.99,171.679141,1686620347.25,1538954698.94,3279274747.76,1924614171.83,namq_10_gdp,SECOND,0,2015,2024-07-16
2024Q2,SI,CY661,A,6267145361.0,6052942665.3,5910106665.39,5708107077.59,1627.03,3199930387.71,188.401732,1062314208.33,1510702035.26,2294441631.09,1301572255.76,nama_10_gdp,BENCHMARK,1,2020,2024-09-10
2025Q1,CY,SI459,F,6311557489.2,5974965691.43,5670840290.94,5368417579.65,1635.97,3012789032.25,172.703801,1700172508.83,1599568750.71,3322271703.47,1405760956.41,nama_10r_3gdp,FLASH,0,2015,2025-01-19
2026Q4,GR,SK163,K,6337999160.04,5784847789.19,5557753496.72,5072698373.18,1639.57,2408027204.78,204.425788,1173463791.99,1072529943.93,3350767904.25,2823953014.75,nama_10_gdp,FIRST,1,2020,2025-03-26
2018Q3,MT,DK57,P,6353727701.14,6667042671.53,5992712101.86,6288224673.87,1639.97,2245398113.81,412.625022,1590867845.14,1491009505.17,2393682502.52,2604639448.14,nama_10r_3gva,SECOND,0,2015,2024-04-12
2019Q2,ES,BE6,U,6389465246.42,6453158111.19,6051549435.83,6111873814.32,1648.59,3296606026.92,472.718153,1213155494.13,1081561144.99,2022462087.76,3024576462.49,namq_10_gdp,BENCHMARK,1,2020,2025-03-25
2020Q1,CZ,LV607,E,6395447413.25,6227991376.23,6189665655.83,6027597732.47,1644.9,3190372624.65,430.242007,1417281678.94,1641072723.14,2388051995.38,1986780719.26,nama_10_gdp,FLASH,0,2015,2024-12-03
2021Q4,HU,RO671,J,6438029787.11,6579912285.78,6309025851.92,6448065337.85,1651.93,2933898898.49,343.275208,1102422635.03,1551442760.08,2586667808.29,1476756660.77,nama_10r_3gdp,FIRST,1,2020,2026-01-10
2022Q3,NL,MT71,O,6442724381.58,5980704501.5,5900446384.03,5477314278.84,1649.31,2386667392.76,532.71673,1391466593.28,1481790039.91,2874933597.16,1579685818.17,nama_10_gdp,SECOND,0,2015,2024-04-21
2023Q2,SE,HU42,T,6460307079.69,6289965867.47,5797380695.03,5644519098.35,1649.66,2849326657.05,285.642236,1637526410.86,1198898718.33,3006219650.71,2880249493.0,nama_10r_3gva,BENCHMARK,1,2020,2024-05-27
2024Q1,DK,LT421,D,6492267954.41,6710375139.22,5759260495.36,5952742357.48,1656.91,2278047515.07,298.682944,1309159521.82,1571324337.9,1907630943.34,2991931131.25,namq_10_gdp,FLASH,0,2015,2024-06-29
2025Q4,IE,IE251,I,6524330020.14,7032979689.56,5794771699.01,6246543559.1,1662.33,3215556447.77,275.206731,1166891606.58,1137568075.44,3392511242.1,2371906661.75,nama_10_gdp,FIRST,1,2020,2024-01-25
2026Q3,PL,RO1,N,6563694267.97,6672981815.14,5910022815.2,6008426529.75,1666.81,2730582102.64,340.187274,1750968347.46,1548514187.71,1448330828.86,2863624394.41,nama_10r_3gdp,SECOND,0,2015,2024-06-18
2018Q2,AT,LU74,S,6585909092.78,6789617751.63,6124818520.59,6314265193.62,1669.52,2548900580.7,174.175836,1572232733.52,1074546723.48,3045213360.58,1472743231.47,nama_10_gdp,BENCHMARK,1,2020,2025-09-22
2019Q1,EE,LU175,C,6594375453.0,6387846923.15,6111197467.18,5919801536.28,1669.21,3200124337.13,554.91289,1163602216.57,958552914.52,3187606501.02,1336919964.56,nama_10r_3gva,FLASH,0,2015,2025-06-20
2020Q4,IT,EE80,H,6626709201.33,6791517450.48,6169309391.6,6322741970.04,1674.97,2353994315.84,458.374535,1078550344.35,1257089217.03,2858219719.61,2118861373.22,namq_10_gdp,FIRST,1,2020,2024-04-26
2021Q3,PT,HU1,M,6649591198.91,7189461124.04,5950968535.96,6434118378.08,1675.26,3384119332.23,498.436355,1254431461.83,1668887408.71,1617297578.75,3198890186.22,nama_10_gdp,SECOND,0,2015,2026-01-31
2022Q2,BE,DE717,R,6685426200.54,6778700761.15,6522855801.07,6613862191.77,1682.82,2414811350.01,431.719804,1203598283.65,1314762224.76,3472594710.91,2052046617.36,nama_10r_3gdp,BENCHMARK,1,2020,2024-05-18
2023Q1,FI,PL11,B,6712209520.38,6206432109.86,6160619440.29,5696405363.21,1686.74,2808165182.24,214.376165,1557078200.42,1652350590.88,2578775494.12,1705706557.61,nama_10_gdp,FLASH,0,2015,2025-09-07
2024Q4,LV,CY565,G,6719445536.79,6068900602.22,6164464189.75,5567649924.19,1684.69,2579460330.48,231.204031,1761187388.36,1727640787.67,3417547154.25,1507718433.83,nama_10r_3gva,FIRST,1,2020,2024-08-13
2025Q3,RO,DE5,L,6742929470.83,7269425413.7,5995768594.85,6463925328.99,3369.88,3199518591.4,269.696875,1536678888.85,1258488879.96,1607907631.92,1504757370.11,namq_10_gdp,SECOND,0,2015,2024-03-11
2026Q2,BG,ES859,Q,6761905971.88,6554733873.68,5948358242.2,5766111718.36,3372.2,3144809805.69,249.722155,1789908034.35,1362425969.06,1500446440.35,3115862693.45,nama_10_gdp,BENCHMARK,1,2020,2024-01-08
2018Q1,FR,IT637,A,6805387193.04,7299343470.18,6087251321.31,6529083051.89,3376.06,3001712312.8,219.101618,1659479338.0,1596386535.76,2466707845.01,2805794595.92,nama_10r_3gdp,FLASH,0,2015,2025-08-16
2019Q4,LT,GR19,F,6829150061.53,6440448399.77,6594381250.3,6219042163.12,3380.41,2992296901.29,173.637827,1244804786.83,1294584149.8,2594317741.15,3170794406.46,nama_10_gdp,FIRST,1,2020,2025-02-04
2020Q3,SK,DK1,K,6857034703.32,7368687027.4,5974553493.75,6420357593.14,3375.48,2880432417.44,256.253862,1299271202.44,1201308937.58,1601625764.69,3428080461.86,nama_10r_3gva,SECOND,0,2015,2025-06-28
2021Q2,HR,BE37,P,6884368448.51,6851361795.0,6602630681.01,6570974800.77,3379.29,2369198162.61,263.053805,1540744312.58,1612270360.87,2318695803.27,3331137852.03,namq_10_gdp,BENCHMARK,1,2020,2024-04-26
2022Q1,DE,EE73,U,6899132496.23,7051788702.42,5972776930.63,6104935787.87,3374.8,2355498831.94,264.888707,1522307165.47,1722518624.46,2951657475.49,1602425138.63,nama_10_gdp,FLASH,0,2015,2024-02-16
2023Q4,LU,EE42,E,6934500284.12,6824701413.45,6712231542.48,6605952010.74,3367.36,3319754112.39,214.232735,1918115838.95,1248883161.42,2740659345.42,1570841582.34,nama_10r_3gdp,FIRST,1,2020,2024-04-22
2024Q3,SI,IE58,J,6964451530.04,7347640302.7,6487018359.33,6843938440.2,3371.84,2437684662.88,247.031057,1526287753.71,1802339876.61,2954578048.85,1393551721.68,nama_10_gdp,SECOND,0,2015,2024-06-27
2025Q2,CY,SE2,O,6974927485.5,7324093467.75,6165413956.97,6474055562.89,3365.86,2847309445.1,314.816711,1934905845.82,1311909785.65,3219873068.59,1754656202.14,nama_10r_3gva,BENCHMARK,1,2020,2025-12-07
2026Q1,GR,BE22,T,7000157143.09,6929295037.81,6036768672.79,5975658882.19,3371.2,3249197772.47,316.30885,1917611675.53,1558934453.26,2304282486.08,2048753956.79,namq_10_gdp,FLASH,0,2015,2024-08-16
2018Q4,MT,IE210,D,7020272174.81,6755487621.08,6118619214.46,5887842427.21,3357.92,2933149597.11,299.762185,1467207957.99,1753422103.83,1724934348.68,1776518145.19,nama_10_gdp,FIRST,1,2020,2025-01-01
2019Q3,ES,HR66,I,7038586169.52,6671138667.28,6716076753.65,6365465768.93,3351.75,2628362879.12,317.079199,1413202018.02,1379942414.77,2563080470.88,3234580501.29,nama_10r_3gdp,SECOND,0,2015,2025-06-23
2020Q2,CZ,CY362,N,7060766802.68,6619773174.74,6163462312.48,5778511544.13,3361.48,2845408771.62,195.030578,1894581154.16,1523652481.34,3419177020.11,2319365761.21,nama_10_gdp,BENCHMARK,1,2020,2025-03-09
2021Q1,HU,DK860,S,7100510804.97,7053780014.39,6827271071.59,6782338561.32,3364.43,3377251562.02,285.184821,1604873105.86,1837203958.39,3124275082.56,1909712434.54,nama_10r_3gva,FLASH,0,2015,2024-07-12
2022Q4,NL,GR4,C,7119104885.17,7572883458.23,6384174600.05,6791108011.89,3350.26,2576588775.58,265.37716,1537637370.76,1321418574.76,2489686084.11,2125009163.73,namq_10_gdp,FIRST,1,2020,2025-04-19
2023Q3,SE,CY85,H,7139928724.41,6743557292.94,6526793041.66,6164459690.63,3351.93,3054627847.77,274.637139,1293371871.35,1461499784.09,3357087553.12,2962731527.97,nama_10_gdp,SECOND,0,2015,2025-05-25
2024Q2,DK,SI3,M,7174498601.8,7369811546.49,6299969869.38,6471475327.1,3353.66,2952557083.13,192.830239,1231364463.48,1790081190.48,1826919002.12,2488729315.34,nama_10r_3gdp,BENCHMARK,1,2020,2025-09-21
2025Q1,IE,NL12,R,7213506344.96,7350946970.76,6877531753.51,7008570976.73,3370.04,3196397503.06,217.055798,1947600170.97,1600052246.73,3012650887.18,2582416525.29,nama_10_gdp,FLASH,0,2015,2024-02-02
2026Q4,PL,PT428,B,7237729075.07,7458169914.63,7048574639.57,7263254367.85,3364.07,3022951578.35,280.243388,1612830025.96,1053978041.46,2142018043.02,2417408266.78,nama_10r_3gva,FIRST,1,2020,2025-10-03
2018Q3,AT,PL3,G,7255882690.01,6859403875.29,7070074510.72,6683748700.1,3361.07,2903195295.04,190.242841,1381091796.89,1568693526.99,3038559565.46,1909406044.13,namq_10_gdp,SECOND,0,2015,2024-04-18
2019Q2,EE,LU703,L,7265210756.02,6724520961.11,6895217350.2,6382063116.95,3345.87,3076688748.05,567.268758,1652880990.46,1871563196.39,2459442036.76,3673291608.61,nama_10_gdp,BENCHMARK,1,2020,2025-06-20
2020Q1,IT,EE841,Q,7296837701.08,7178852168.03,6537808797.3,6432096310.94,3347.86,2762221944.03,176.497634,1993457805.87,1206843864.92,2056868217.71,3535019438.96,nama_10r_3gdp,FLASH,0,2015,2025-01-09
2021Q4,PT,NL4,A,7319430174.49,7118994865.87,6609659621.64,6428660673.02,3355.29,2765718469.06,312.030294,1368757110.47,1319551326.64,2923905840.23,2565187525.86,nama_10_gdp,FIRST,1,2020,2025-02-27
2022Q3,BE,DE89,F,7362013180.11,7006873097.43,6696700340.76,6373654639.19,3361.47,2958310376.6,216.608325,1775966675.89,1703554532.51,4026543546.33,2937677519.43,nama_10r_3gva,SECOND,0,2015,2025-06-16
2023Q2,FI,BE65,K,7368284009.44,6902928076.0,6341512299.27,5941003799.37,3356.6,2767956350.27,435.814326,1324208908.6,1757015673.92,1966894584.11,1599309463.98,namq_10_gdp,BENCHMARK,1,2020,2025-07-16
2024Q1,LV,BG475,P,7385249826.16,6829675541.44,6619540713.19,6121568852.59,3339.49,3139491397.16,502.690436,1520698144.57,1352670912.72,2224901252.38,2117720951.65,nama_10_gdp,FLASH,0,2015,2024-07-28
2025Q4,RO,RO518,U,7415841886.76,7460113768.77,6517473589.23,6556382296.59,3340.57,3806588873.06,203.048171,1271901873.39,1735773656.95,1653158641.39,1797544753.52,nama_10r_3gdp,FIRST,1,2020,2025-02-04
2026Q3,BG,CY39,E,7437449038.19,6866314878.21,7216269117.04,6662119733.41,3350.09,3320072826.17,480.724013,1869982931.67,1680087834.84,2441202497.2,2865592988.18,nama_10_gdp,SECOND,0,2015,2025-04-17
2018Q2,FR,CY2,J,7467565905.16,7028808105.58,7200670931.1,6777594580.2,3344.92,2882207620.11,281.31072,1423831546.64,1328308642.25,2537059162.41,2468125973.1,nama_10r_3gva,BENCHMARK,1,2020,2024-04-07
2019Q1,LT,FR137,O,7487897195.87,6872894742.34,6814342452.63,6254660980.26,3340.57,3568093186.87,251.028106,1550006591.37,1504496478.53,3751076563.0,3134509388.84,namq_10_gdp,FLASH,0,2015,2024-02-25
2020Q4,SK,AT323,T,7524449742.87,7025908594.39,6643894981.9,6203696010.83,3342.74,3057732907.79,197.462585,1349943196.66,1115344568.36,4131624977.43,3735050197.79,nama_10_gdp,FIRST,1,2020,2024-06-02
2021Q3,HR,LU751,D,7548200127.0,7098973510.6,6806857979.72,6401751897.86,3346.73,3471821568.25,263.62248,1435825330.71,1474529556.51,2280030386.15,2642582178.52,nama_10r_3gdp,SECOND,0,2015,2026-01-15
2022Q2,DE,SI34,I,7567245794.28,6871466498.76,6519564297.84,5920115307.08,3345.55,2677942935.86,180.511791,1379914289.66,1574048972.43,2176435669.38,1775984470.49,nama_10_gdp,BENCHMARK,1,2020,2025-11-29
2023Q1,LU,CY655,N,7594090828.08,7418272828.3,7028490898.47,6865767639.13,3347.96,3732275181.66,230.067172,1455252041.18,1619729831.32,2825909417.62,2262589579.7,nama_10r_3gva,FLASH,0,2015,2024-12-07
2024Q4,SI,PT613,S,7637453676.52,7082320693.17,6963552916.13,6457402820.98,3356.99,3443018523.96,187.645503,1885406499.33,1300758380.21,2633547990.06,3919302260.32,namq_10_gdp,FIRST,1,2020,2024-07-18
2025Q3,CY,BG9,C,7664017086.11,8298186872.41,6652539153.17,7203012786.73,3343.03,2954589927.56,175.150137,2031317737.09,1853883258.12,3796614515.13,1963962047.58,nama_10_gdp,SECOND,0,2015,2025-02-16
2026Q2,GR,LT95,H,7671517513.54,7375376403.3,7337662975.61,7054409544.16,3345.4,3133910848.88,208.886363,1870751864.05,1459212539.45,2492809673.73,2756944694.14,nama_10r_3gdp,BENCHMARK,1,2020,2025-11-10
2018Q1,MT,BG92,M,7703504050.37,7029655641.03,7214211633.48,6583163086.99,3342.94,3447136884.94,242.927638,2125926343.5,1441399131.9,2946283839.51,3587689898.81,nama_10_gdp,FLASH,0,2015,2025-01-20
2019Q4,ES,AT50,R,7732370249.51,7857550489.87,7431925669.44,7552241977.58,3343.5,3800447210.38,461.304678,1271453458.46,1199757789.32,3007074783.8,3045894712.97,nama_10r_3gva,FIRST,1,2020,2025-06-30
2020Q3,CZ,PT7,B,7753213450.14,7111113658.88,7403589726.52,6790444809.44,3343.73,2712606271.38,275.561193,2124388825.84,1812607943.77,3648818227.13,3936592646.35,namq_10_gdp,SECOND,0,2015,2024-01-19
2021Q2,HU,PT88,G,7789017221.37,7835765112.34,6956833305.38,6998586619.78,3346.87,3622164643.18,225.15218,1913203398.45,1681945970.68,2756857656.96,3232175723.44,nama_10_gdp,BENCHMARK,1,2020,2024-09-10
2022Q1,NL,NL32,L,7813350861.77,7664939998.09,6890885537.05,6759996461.13,3344.25,2724978001.6,362.583381,1524541876.87,1289631956.96,2124272139.82,2199586846.38,nama_10r_3gdp,FLASH,0,2015,2025-06-10
2023Q4,SE,CY7,Q,7830115894.53,7264119183.9,6867504927.66,6371090155.3,3336.65,3534744470.62,328.499653,1588618559.45,1174258023.75,1906579506.81,2723802492.32,nama_10_gdp,FIRST,1,2020,2024-10-14
2024Q3,DK,BG500,A,7842647346.45,8364679576.65,7378765548.49,7869920290.67,3336.46,3455375938.34,224.536256,1356529129.58,1582294821.71,2378846718.55,3640305563.29,nama_10r_3gva,SECOND,0,2015,2025-12-05
2025Q2,IE,IE72,F,7864875366.55,8145345123.41,7041124256.6,7292218179.42,3327.48,3752123065.39,435.454239,1566192382.57,1953300653.08,2359632847.72,3303455687.88,namq_10_gdp,BENCHMARK,1,2020,2025-02-27
2026Q1,PL,ES249,K,7889927390.81,8162345123.68,7098932515.43,7344039346.7,3333.82,3460549509.64,283.367503,1477125290.14,1270709343.1,4143952807.11,2372522640.19,nama_10_gdp,FLASH,0,2015,2024-06-04
2018Q4,AT,MT139,P,7935534338.32,7843444651.81,7345051801.15,7259814501.57,3337.82,2709725614.1,283.366262,1541371254.87,1614970730.48,1851476516.44,2278747244.1,nama_10r_3gdp,FIRST,1,2020,2024-05-16
2019Q3,EE,RO502,U,7953619191.6,8517075250.35,7417864752.61,7943366506.87,3331.75,2715178910.52,313.732211,2160832158.37,1926253095.75,3191775287.36,3426357263.85,nama_10_gdp,SECOND,0,2015,2024-11-13
2020Q2,IT,LT333,E,7961245296.38,8453133336.84,7800198776.89,8282136507.57,3334.01,3372583025.83,291.184497,1506033445.34,1303664472.24,1810454603.22,2286555187.36,nama_10r_3gva,BENCHMARK,1,2020,2025-11-03
2021Q1,PT,IT468,J,8013473852.12,8053366753.16,7240578952.65,7276624206.56,3344.99,3739319854.22,231.691746,2019728440.62,1229086374.81,4155984059.35,1655036412.29,namq_10_gdp,FLASH,0,2015,2025-08-04
2022Q4,BE,LV9,O,8038867587.16,8240999019.62,7809443125.83,8005805848.4,3341.09,3518207007.15,358.325526,1404471620.42,1767868104.28,4007646003.43,2058237106.23,nama_10_gdp,FIRST,1,2020,2025-04-26
2023Q3,FI,MT2,T,8058193487.73,7996734165.13,7883902453.15,7823772437.04,3334.39,3280006722.74,248.378403,2177485375.78,1562305583.02,3184086216.93,1839076069.81,nama_10r_3gdp,SECOND,0,2015,2024-05-27
2024Q2,LV,IE86,D,8065194017.97,8321505631.96,7130184320.88,7356781355.9,3331.87,2968880776.74,244.330877,1322093277.14,1928737164.26,2342729868.8,1974513809.26,nama_10_gdp,BENCHMARK,1,2020,2025-12-06
2025Q1,RO,SE96,I,8094955513.18,8327322433.72,7587623341.08,7805427215.0,3328.61,2902614459.82,381.166797,1432812459.19,1492014366.6,2501209011.79,3823984421.25,nama_10r_3gva,FLASH,0,2015,2025-08-11
2026Q4,BG,AT6,N,8115012708.98,8006123180.68,7422302981.38,7322708427.49,3330.11,3794068021.53,218.037826,1777833339.37,1718515762.8,2018939709.17,1819415547.7,namq_10_gdp,FIRST,1,2020,2025-06-24
2018Q3,FR,IT581,S,8157457966.45,8419744935.99,7883166061.78,8136633716.19,3337.32,3883181717.59,466.542381,1468377522.25,1763421118.26,4115318780.29,2756820800.73,nama_10_gdp,SECOND,0,2015,2025-02-07
2019Q2,LT,HU620,C,8189873107.86,8749026021.21,7834943551.49,8369864111.93,3331.02,4186045526.53,255.890935,1349430460.1,1253093477.39,2421160227.48,3576136562.91,nama_10r_3gdp,BENCHMARK,1,2020,2024-07-03
2020Q1,SK,FI599,H,8203853016.69,8467021055.1,7291528735.11,7525430696.83,3335.09,3002127163.92,305.32845,1441531402.95,1416295393.14,2275739894.74,3359730791.85,nama_10_gdp,FLASH,0,2015,2024-06-16
2021Q4,HR,FR54,M,8224449471.93,7863772099.38,7242490556.88,6924876293.01,3320.85,2859336558.65,276.938535,2097984010.11,1838549727.47,2370837773.17,3378895167.02,nama_10r_3gva,FIRST,1,2020,2025-01-03
2022Q3,DE,DK9,R,8249440318.82,7621386900.0,7257777008.21,6705221745.45,3320.77,3770395414.52,300.738057,1997401646.61,1508077582.59,3840477916.59,3842568793.65,namq_10_gdp,SECOND,0,2015,2025-06-20
2023Q2,LU,HR793,B,8265410654.92,8661855609.8,7363159831.47,7716328922.41,3324.53,2839258111.09,202.922682,2173930348.92,1327303392.92,3803510449.06,1795454828.81,nama_10_gdp,BENCHMARK,1,2020,2025-04-01
2024Q1,SI,AT843,G,8308564033.01,8097135916.35,8089396142.22,7883545193.19,3326.5,2916071627.5,312.075135,1721105395.12,2006433052.64,4248244991.61,4130421295.29,nama_10r_3gdp,FLASH,0,2015,2025-05-28
2025Q4,CY,HU927,L,8338983753.31,8359449597.08,7941801181.3,7961292244.85,3324.72,3608931036.59,323.866664,2248033203.97,2142937794.17,4443900431.86,2668933412.19,nama_10_gdp,FIRST,1,2020,2024-06-21
2026Q3,GR,PL8,Q,8349788353.25,8293456130.18,7686634166.13,7634775942.65,3329.93,4245903836.73,394.52678,2053356625.76,1981785079.72,4353059105.39,4136593893.41,nama_10r_3gva,SECOND,0,2015,2025-07-02
2018Q2,MT,IT922,A,8362945403.81,8802855480.57,8066469912.04,8490784699.1,3316.66,2967824770.28,216.312017,1561269313.93,1900649195.33,2802163566.98,3247468499.49,namq_10_gdp,BENCHMARK,1,2020,2024-10-31
2019Q1,ES,MT34,F,8397112670.21,9104705034.09,8115899733.31,8799795365.41,3325.13,3191766244.43,587.152427,1799265827.05,1506139547.94,2475215393.07,3629192307.19,nama_10_gdp,FLASH,0,2015,2024-03-06
2020Q4,CZ,HR737,K,8439654926.97,8685157365.23,7668114321.78,7891173295.06,3325.55,4337630615.23,485.732897,1592456864.13,1657011493.99,4380174307.94,3411323052.85,nama_10r_3gdp,FIRST,1,2020,2025-12-08
2021Q3,HU,HR815,P,8451393197.43,8896325903.63,8024169905.04,8446610980.43,3324.43,4082886259.82,472.116815,1641107433.25,2079138253.01,3620067280.86,2510194882.86,nama_10_gdp,SECOND,0,2015,2026-01-29
2022Q2,NL,ES760,U,8473939403.01,9191895588.08,7695493707.07,8347495927.21,3318.04,3341322053.2,243.391043,1843505202.29,1820534183.4,3351997067.48,2558043108.17,nama_10r_3gva,BENCHMARK,1,2020,2024-12-23
2023Q1,SE,NL59,E,8485241188.46,7630849206.51,7594186475.9,6829516163.02,3315.5,3367424613.71,296.710932,2246008535.94,1645597005.77,4372031708.2,3855552805.33,namq_10_gdp,FLASH,0,2015,2026-02-18
2024Q4,DK,IE33,J,8535858070.79,8928424128.58,7804709216.38,8163649571.75,3325.88,4013240584.29,337.180697,1587088158.26,1727008940.55,4535447021.26,2941153712.86,nama_10_gdp,FIRST,1,2020,2025-05-19
2025Q3,IE,HU704,O,8552720238.35,8532372680.22,7919089517.5,7900249414.02,3320.35,3750665477.67,270.013101,2337786107.26,1945604707.19,2000875001.06,2013773919.86,nama_10r_3gdp,SECOND,0,2015,2024-04-08
2026Q2,PL,FR14,T,8567346373.0,7813042883.96,7527938326.31,6865148484.79,3314.41,3729065934.06,202.934458,2070506038.13,2078872865.32,3469921482.84,4319835122.32,nama_10_gdp,BENCHMARK,1,2020,2024-01-19
2018Q1,AT,FR658,D,8603773687.82,7983490192.4,7973077120.95,7398263286.32,3315.91,4284121338.88,589.745741,2076141617.12,1547359118.02,2845119808.37,3670867934.48,nama_10r_3gva,FLASH,0,2015,2025-12-14
2019Q4,EE,AT520,I,8629200705.03,9014190734.34,7676903975.11,8019407480.07,3325.06,4467793720.68,343.589256,1414298644.41,2081679170.62,4524195478.39,3232170654.72,namq_10_gdp,FIRST,1,2020,2024-08-07
2020Q3,IT,AT338,N,8646672615.07,9306817201.07,8030668562.27,8643783295.46,3317.26,2942877708.84,338.28183,1686368516.33,1857966434.52,4387616359.73,3656829350.94,nama_10_gdp,SECOND,0,2015,2026-01-03
2021Q2,PT,GR97,S,8666079457.61,8210581423.45,8327919132.73,7890195152.45,3311.97,4415536241.22,394.726665,1894348187.91,1267213303.26,3516836325.88,4324116268.52,nama_10r_3gdp,BENCHMARK,1,2020,2024-07-12
2022Q1,BE,BG320,C,8697492773.15,8429144901.44,7538404023.16,7305818066.67,3311.16,3584015090.66,217.744141,1835695095.2,1226128667.27,2559385658.65,3344177481.48,nama_10_gdp,FLASH,0,2015,2025-01-20
2023Q4,FI,MT6,H,8722638898.39,9259801311.6,8448801839.65,8969100666.38,3317.44,4230132494.25,262.644688,1590800324.8,2000286392.36,2282427457.76,2139925978.87,nama_10r_3gva,FIRST,1,2020,2025-07-11
2024Q3,LV,GR216,M,8748748898.66,9487881568.97,8219079277.55,8913463135.66,3315.72,3853068717.55,218.482121,1583479435.98,1883043185.93,2251962060.66,4065018739.99,namq_10_gdp,SECOND,0,2015,2024-01-27
2025Q2,RO,PL7,R,8766526067.86,8810551239.43,7918242890.29,7958008014.93,3315.96,3744739312.89,244.707531,2144367206.34,2020642075.71,4777255695.11,2447003848.5,nama_10_gdp,BENCHMARK,1,2020,2025-08-06
2026Q1,BG,DE70,B,8797337198.85,8404495161.35,7646398639.78,7304951363.94,3311.36,4298151176.31,272.120636,1657077421.7,1461165310.46,3293901656.91,3182267057.13,nama_10r_3gdp,FLASH,0,2015,2024-09-10
2018Q4,FR,GR755,G,8829288590.65,8491715245.2,7959566438.13,7655245490.5,3313.46,3201940589.86,324.606429,2236818770.22,1422444571.76,3810311698.32,3333774245.52,nama_10_gdp,FIRST,1,2020,2025-06-18
2019Q3,LT,RO99,L,8839178929.47,9008248777.03,8601198119.61,8765716030.89,3312.68,4517390713.43,490.794684,2112330168.76,1976521099.12,3681602788.89,2710070011.81,nama_10r_3gva,SECOND,0,2015,2024-06-30
2020Q2,SK,BE92,Q,8870343975.51,8802173216.79,8455055104.65,8390075942.27,3307.51,3931032789.89,264.597003,1985170207.2,2017675309.64,2759771098.66,2256202579.53,namq_10_gdp,BENCHMARK,1,2020,2026-01-30
2021Q1,HR,IE680,A,8885394856.96,8667691055.04,8434295191.18,8227643921.4,3309.23,3172874805.79,493.773682,1931441374.02,2212762178.41,2877756774.02,2953699982.06,nama_10_gdp,FLASH,0,2015,2025-08-15
2022Q4,DE,IT99,F,8931847076.07,8988391028.65,8241213919.68,8293385749.88,3316.05,3455342503.08,287.675624,2278113116.22,1391441911.23,4454267651.52,4392747477.99,nama_10r_3gdp,FIRST,1,2020,2024-09-27
2023Q3,LU,CY8,K,8947919125.0,9238374856.54,8544795302.05,8822165351.52,3310.77,3295586196.9,225.072628,2341433354.22,1639129532.53,4359935593.19,3551117958.39,nama_10_gdp,SECOND,0,2015,2024-06-14
2024Q2,SI,FI95,P,8973957189.71,9703287623.78,7830666023.79,8467079027.49,3307.45,4489963815.34,700.609767,1789250201.47,1573645968.58,2058790897.45,4140412224.68,nama_10r_3gva,BENCHMARK,1,2020,2024-12-29
2025Q1,CY,AT12,U,8990925086.46,9450161368.86,8209030838.24,8628329716.62,3301.18,3062972500.6,377.140325,2498925205.73,1787129982.13,2255473816.23,2848130900.81,namq_10_gdp,FLASH,0,2015,2025-03-18
2026Q4,GR,PT3,E,9031721718.76,9800339362.49,8217515469.46,8916842527.37,3315.37,4180877368.64,236.146955,2517534166.56,2274839525.4,4941866977.25,3602583258.81,nama_10_gdp,FIRST,1,2020,2025-03-03
2018Q3,MT,SE8,J,9042581729.77,9739667992.04,8014274444.98,8632089222.29,3302.67,3149227949.45,321.964042,1846433791.65,1917449019.67,3104437993.02,2504338262.14,nama_10r_3gdp,SECOND,0,2015,2025-11-22
2019Q2,ES,ES558,O,9071015819.12,8498833711.48,8774292143.73,8220826790.79,3311.51,3505430306.63,537.746284,1949577642.63,2123970300.93,3033831939.27,1908577116.52,nama_10_gdp,BENCHMARK,1,2020,2025-04-13
2020Q1,CZ,PT239,T,9098653145.38,8239993497.8,8185679620.22,7413179265.98,3303.71,3426878596.36,652.717156,1684908431.41,1392940636.73,3758991930.44,4344819952.33,nama_10r_3gva,FLASH,0,2015,2025-10-02
2021Q4,HU,SI90,D,9114374961.53,8382557934.32,8318051989.09,7650173818.13,3302.67,4225005270.29,277.937928,2164768534.05,1771151807.05,4326434599.49,4044080370.25,namq_10_gdp,FIRST,1,2020,2026-01-30
2022Q3,NL,LU25,I,9157877931.72,8636867505.35,8378616040.53,7901939418.7,3312.85,4619266041.05,694.083986,2426771768.36,1932636826.4,4917180770.5,2641377567.27,nama_10_gdp,SECOND,0,2015,2025-02-15
2023Q2,SE,SE867,N,9175124866.3,9668836512.39,7916008095.97,8341966918.81,3309.01,3618881421.48,370.094611,1854825998.2,1600755722.77,4122279925.24,2955803990.39,nama_10r_3gdp,BENCHMARK,1,2020,2024-10-27
2024Q1,DK,SE4,S,9185871180.36,9556422132.37,8920008748.86,9279835015.63,3294.6,3439778129.4,806.773016,1959106666.99,2356663276.9,4961743551.07,2560393338.86,nama_10_gdp,FLASH,0,2015,2024-10-27
2025Q4,IE,PT593,C,9237222826.38,9407515517.2,8167848852.25,8318427114.29,3310.94,3786112342.29,283.825472,2455390671.75,1472762393.77,3806770100.53,2241466000.66,nama_10r_3gva,FIRST,1,2020,2025-05-17
2026Q3,PL,BE4,H,9255645563.38,8801935833.55,8992199746.68,8551404073.41,3301.17,3717451807.5,281.449597,1848524924.74,2266260299.5,3244704625.01,3584728670.89,namq_10_gdp,SECOND,0,2015,2024-06-28
2018Q2,AT,FR307,M,9260405496.05,9705636952.93,8388887170.56,8792216858.24,3300.63,4810149892.03,534.474,2229616907.17,1796306010.37,2600385071.38,3683744341.62,nama_10_gdp,BENCHMARK,1,2020,2025-06-01
2019Q1,EE,ES841,R,9306336201.71,8400074582.18,8923601210.37,8054610760.24,3309.72,3758262292.07,293.400046,1586706423.02,2037915868.47,4025069185.14,2585341422.27,nama_10r_3gdp,FLASH,0,2015,2025-06-29
2020Q4,IT,CY679,B,9332063680.87,8550618117.08,8169429725.48,7485340456.91,3298.8,4209894033.59,254.578188,2221487403.25,1701571893.64,4575376638.39,2830361659.63,nama_10_gdp,FIRST,1,2020,2024-01-03
2021Q3,PT,FI97,G,9340771899.67,8581004522.9,8157518460.15,7493995523.5,3303.52,3769593253.04,366.243324,1970510053.09,2378815961.34,2579763145.12,1931543402.21,nama_10r_3gva,SECOND,0,2015,2025-02-21
2022Q2,BE,FI52,L,9371446032.12,9815642554.42,9135946622.64,9568980724.72,3303.56,4447032781.08,346.720347,2122446897.53,2276671582.66,2073433292.0,3038570511.05,namq_10_gdp,BENCHMARK,1,2020,2025-10-12
2023Q1,FI,LT627,Q,9406765014.0,8669992302.68,8729241640.49,8045535071.69,3298.07,3922045776.04,275.276875,2297859020.67,1447089558.23,4822385757.59,4084169423.66,nama_10_gdp,FLASH,0,2015,2024-11-12
2024Q4,LV,BG562,A,9427777225.18,8717652507.02,8642532620.12,7991554569.36,3300.41,3744500262.42,316.518453,2409804798.07,2130715767.28,4468684356.14,4550919389.42,nama_10r_3gdp,FIRST,1,2020,2024-06-19
2025Q3,RO,SK89,F,9444278560.2,9097976352.41,8506464432.0,8194549933.24,3298.41,3566947645.22,671.609418,2353320178.58,1869735779.71,4929301270.1,4733071425.77,nama_10_gdp,SECOND,0,2015,2025-07-13
2026Q2,BG,IE11,K,9489266151.22,10248207649.42,8716256050.87,9413373016.56,3300.85,4016744603.85,380.981225,1900041396.68,1403543678.98,4838389603.77,2715603125.52,nama_10r_3gva,BENCHMARK,1,2020,2024-04-13
2018Q1,FR,DE52,P,9502083695.3,8892791912.15,9053448646.43,8472924200.8,3299.93,3539522710.23,277.299382,1642565891.97,2256774446.43,3874156410.22,3480149621.65,namq_10_gdp,FLASH,0,2015,2024-11-04
2019Q4,LT,DE741,U,9520398245.88,9350659096.62,8764303411.27,8608044674.35,3300.68,3417794803.64,422.436927,1932631670.94,1665782290.57,4681076907.33,3068583836.26,nama_10_gdp,FIRST,1,2020,2025-09-08
2020Q3,SK,BE52,E,9564279270.48,9901309334.07,8977023179.79,9293359268.22,3306.7,4643656936.21,733.102193,2105951908.2,2459450307.15,4466388931.12,4242457606.76,nama_10r_3gdp,SECOND,0,2015,2024-08-13
2021Q2,HR,AT35,J,9564584346.41,8576856042.94,8642375264.98,7749882883.79,3294.25,4039926970.68,236.933017,2579155560.79,1824021444.26,2501961816.1,4882346693.88,nama_10_gdp,BENCHMARK,1,2020,2024-11-13
2022Q1,DE,SI932,O,9604080937.84,9429298322.39,8417833916.34,8264639556.79,3302.74,4708170061.92,531.129762,2114560085.85,2429768200.61,4260138397.19,2457348059.99,nama_10r_3gva,FLASH,0,2015,2025-01-05
2023Q4,LU,FR11,T,9618510320.43,9454618939.11,8434682950.16,8290962998.35,3298.21,3683455201.22,233.175045,2086292497.93,2348547891.77,3743284922.03,3360724040.66,namq_10_gdp,FIRST,1,2020,2025-07-25
2024Q3,SI,HR354,D,9662942248.94,9702561778.14,8995651744.32,9032535281.22,3301.41,4839954971.47,265.320323,2037412987.98,2087464101.73,5002211966.83,4193165281.44,nama_10_gdp,SECOND,0,2015,2024-02-26
2025Q2,CY,RO9,I,9687904315.5,9136433221.09,8346702969.17,7871577981.22,3301.28,3360227545.7,463.071488,1834733804.76,2171717517.29,2646586582.6,2563471912.46,nama_10r_3gdp,BENCHMARK,1,2020,2024-04-04
2026Q1,GR,PT886,N,9699677572.93,8899861136.45,9013518995.94,8270281853.33,3289.37,4094979961.7,429.562992,2511157160.2,2509552572.09,4279807628.8,4610058515.28,nama_10_gdp,FLASH,0,2015,2026-02-24
2018Q4,MT,LU12,S,9714704635.12,10531594068.39,8717849699.91,9450915662.1,3289.87,3673589506.32,431.927262,1634056041.26,2319835202.66,2588224112.98,2011899572.65,nama_10r_3gva,FIRST,1,2020,2025-02-15
2019Q3,ES,GR93,C,9751504673.5,10019616100.02,9200040466.63,9452989735.1,3297.99,3886078574.58,244.958294,2259505689.7,1413572453.08,2820776750.23,4682788139.13,namq_10_gdp,SECOND,0,2015,2024-07-30
2020Q2,CZ,DE72,H,9762368241.42,8935073264.09,9030128785.49,8264886171.8,3285.19,3880628483.71,512.276672,2014198478.83,2014614793.63,4599862490.45,3952413290.04,nama_10_gdp,BENCHMARK,1,2020,2025-06-15
2021Q1,HU,RO296,M,9813345522.69,10145649033.2,9183852339.33,9494839694.79,3301.14,3622537638.63,437.942298,2087040073.41,1423757820.02,2610790227.59,2837697678.47,nama_10r_3gdp,FLASH,0,2015,2025-07-01
2022Q4,NL,FR685,R,9820174888.95,10154498048.95,9384080681.88,9703557223.06,3294.25,4684119661.58,275.370857,1639152563.08,2294149832.75,4578859682.16,4515705677.78,nama_10_gdp,FIRST,1,2020,2025-10-27
2023Q3,SE,SI1,B,9845847150.58,8842022768.93,8471256342.86,7607577115.46,3293.07,5104506563.34,591.18266,2696523463.23,1693481813.35,2489039913.57,4820020109.39,nama_10r_3gva,SECOND,0,2015,2024-12-28
2024Q2,DK,LV21,G,9887396016.24,10258670885.74,8975762688.71,9312805436.41,3295.5,4119712045.24,422.278134,2120024317.48,1914717357.54,3642606670.65,2296766172.72,namq_10_gdp,BENCHMARK,1,2020,2025-05-29
2025Q1,IE,DK229,L,9891729564.4,9061545359.95,8926183981.87,8177035220.82,3293.71,4371236726.79,736.125618,2351498848.67,2267291381.4,5087785853.09,5020549723.8,nama_10_gdp,FLASH,0,2015,2024-02-25
2026Q4,PL,NL47,Q,9934443600.94,10117045310.88,9198510679.39,9367585450.6,3295.88,4773171452.53,283.674466,2596787986.86,2180129153.98,2493554873.59,4918227700.84,nama_10r_3gdp,FIRST,1,2020,2025-01-23
2018Q3,AT,EE717,A,9953845318.05,9082477357.91,8950766479.41,8167208881.35,3292.49,4591018942.23,584.830569,1885630015.97,1774523172.98,3396450972.63,3394901721.98,nama_10_gdp,SECOND,0,2015,2025-07-18
2019Q2,EE,CY24,F,9976519769.44,10741026004.19,9476591459.39,10202787910.88,3289.25,4431459771.33,593.269556,1812322642.68,1569691289.42,5031967077.06,3547408524.28,nama_10r_3gva,BENCHMARK,1,2020,2024-11-02
2020Q1,IT,NL90,K,10002681435.52,9825696303.95,8921617270.26,8763760237.96,3288.81,4005986911.38,560.500693,2545956541.97,2421712863.82,5117469298.83,4785132255.58,namq_10_gdp,FLASH,0,2015,2024-01-14
2021Q4,PT,PL10,P,10025856453.34,9327090178.65,9577261503.9,8909760689.99,3290.42,3785355352.1,507.73402,2266274403.19,1865823729.95,3255452195.23,5113272387.2,nama_10_gdp,FIRST,1,2020,2024-09-29
2022Q3,BE,AT13,U,10057689184.09,9067018549.45,9147928471.03,8246868203.79,3288.76,3660181205.44,373.652827,1798768019.12,1629180524.73,4810552527.29,5105918877.08,nama_10r_3gdp,SECOND,0,2015,2026-01-04
2023Q2,FI,BG67,E,10068108792.37,10080327547.81,8747293704.35,8757909505.67,3289.64,3734550206.44,233.87155,2085254047.34,2098304562.51,5504638288.66,2092966776.84,nama_10_gdp,BENCHMARK,1,2020,2025-08-16
2024Q1,LV,BG381,J,10091201143.52,9152609670.66,9151781751.16,8300566500.27,3289.2,4866261976.25,730.537733,1782435617.54,1427077585.31,4734411760.38,2809910045.67,nama_10r_3gva,FLASH,0,2015,2025-07-24
2025Q4,RO,SE38,O,10136291693.48,10451285573.93,9003195941.24,9282977908.03,3291.42,4831236921.14,323.318863,2563407900.95,2165710854.18,3291634614.82,2077322172.87,namq_10_gdp,FIRST,1,2020,2024-03-03
2026Q3,BG,LT671,T,10149772167.18,10290822586.86,9656223603.46,9790415225.62,3283.8,3774158009.79,256.379176,2294293379.77,1728473681.04,4535283137.04,3527716915.21,nama_10_gdp,SECOND,0,2015,2024-06-02
2018Q2,FR,DK21,D,10164682971.56,9491515416.82,9182556561.22,8574431431.9,3286.48,3679703852.79,270.925768,1909651808.72,1805989794.35,4333844150.67,3640141903.48,nama_10r_3gdp,BENCHMARK,1,2020,2026-02-03
2019Q1,LT,FI11,I,10185254731.81,10046895758.71,9568769646.65,9438785156.62,3276.18,3923495298.81,553.945383,2547638603.18,2104684187.13,2944577155.8,3140782139.91,nama_10_gdp,FLASH,0,2015,2024-04-07
2020Q4,SK,HU8,N,10212215308.95,10080977154.69,9205189347.44,9086892579.99,3285.03,4181986477.64,303.201776,2501785977.32,1649809698.36,3598522460.99,3415911278.25,nama_10r_3gva,FIRST,1,2020,2024-04-30
2021Q3,HR,EE51,S,10243495780.78,10125936062.34,9292827137.88,9186177790.3,3287.18,3693382562.61,717.472333,1901183750.53,2645116145.95,2378863831.17,4184658647.08,namq_10_gdp,SECOND,0,2015,2024-10-11
2022Q2,DE,EE234,C,10289404710.39,9970765537.92,9488475069.32,9194638843.69,3288.07,5296576081.0,344.129315,1939720845.43,1865404211.15,5563059125.96,4744483655.86,nama_10_gdp,BENCHMARK,1,2020,2025-11-06
2023Q1,LU,RO8,H,10311698006.56,9731400131.36,9308609300.15,8784760929.64,3283.94,4867418700.66,627.946686,1844452917.41,1985117419.11,2587617851.15,2452813566.82,nama_10r_3gdp,FLASH,0,2015,2025-05-20
2024Q4,SI,SK7,M,10319488814.61,10710855351.0,9264778693.46,9616145356.37,3285.79,4631733123.86,517.723941,2742433820.46,1927521810.96,5623031670.83,5086965084.02,nama_10_gdp,FIRST,1,2020,2024-05-06
2025Q3,CY,AT85,R,10351881952.47,10804464150.74,9822359521.08,10251791105.08,3281.01,3966433530.92,266.081528,2835490503.93,1666739561.21,2699117832.43,3077278963.71,nama_10r_3gva,SECOND,0,2015,2024-03-28
2026Q2,GR,LV19,B,10388742183.16,9334796334.58,8996292929.89,8083612124.18,3283.57,4097878728.2,282.672694,2420218644.63,2499201146.53,3401465654.68,3121115420.98,namq_10_gdp,BENCHMARK,1,2020,2024-05-24
2018Q1,MT,MT40,G,10402308461.66,11222801539.95,9786598036.03,10558526303.5,3284.2,4356198077.4,548.664586,2396065142.44,1668899669.69,5233358087.62,4732806772.58,nama_10_gdp,FLASH,0,2015,2024-03-02
2019Q4,ES,FR641,L,10424249934.83,10436812231.47,10161287221.87,10173532621.32,3282.6,3944585577.63,439.972779,2060581992.02,1627388490.69,3350826427.58,5212121928.68,nama_10r_3gdp,FIRST,1,2020,2024-01-02
2020Q3,CZ,SK34,Q,10439268151.9,10165552014.79,10016863348.07,9754222605.29,3283.2,5235936356.51,367.359279,2093715564.92,1810653721.42,4896037021.18,2743518330.33,nama_10_gdp,SECOND,0,2015,2024-01-09
2021Q2,HU,RO894,A,10468779835.11,10490092579.41,9933955504.07,9954179432.44,3281.43,4530746752.23,291.350696,2623312829.1,2595851035.17,3931747602.23,5081473024.45,nama_10r_3gva,BENCHMARK,1,2020,2025-06-10
2022Q1,NL,ES18,F,10500299864.46,11273189116.65,9664829399.51,10376222680.04,3278.99,4093401958.63,361.049926,2736101404.26,2622870001.29,3822345937.99,4551978730.26,namq_10_gdp,FLASH,0,2015,2024-06-22
2023Q4,SE,MT686,K,10532978856.34,9592634514.62,9212652094.04,8390181510.26,3282.38,4455628715.57,396.070541,2463247980.64,2570186783.22,2396535981.76,2655598307.08,nama_10_gdp,FIRST,1,2020,2024-05-31
2024Q3,DK,SK21,P,10544265842.95,9839746615.42,10107149600.55,9431836464.94,3276.27,5385954753.32,541.399642,1752572307.57,2166309540.14,2459069218.29,2309237814.97,nama_10r_3gdp,SECOND,0,2015,2024-08-02
2025Q2,IE,LU989,U,10585326514.39,10980103392.18,9398238956.0,9748743725.67,3283.47,4166832645.57,449.155385,2133757447.16,2569687423.41,4394535669.57,2188852537.17,nama_10_gdp,BENCHMARK,1,2020,2025-01-09
2026Q1,PL,IE878,E,10597916354.31,9562213481.09,9860199129.99,8896591168.95,3277.58,4718018455.46,302.284861,2712080201.16,2569932834.69,3223925142.19,4036627436.1,nama_10r_3gva,FLASH,0,2015,2026-02-04
2018Q4,AT,FI495,J,10619114732.46,10434772337.84,9235893214.98,9075562837.68,3282.5,5007685625.64,443.072491,2184048504.54,2518200058.92,5474468554.75,4324172550.47,namq_10_gdp,FIRST,1,2020,2025-02-01
2019Q3,EE,PT20,O,10647158711.82,11215919734.83,9411718455.75,9914483443.31,3275.02,3803134736.68,264.234938,2644082912.91,1696510816.95,2808687220.35,3791548536.96,nama_10_gdp,SECOND,0,2015,2026-02-05
2020Q2,IT,SE44,T,10668557387.8,9715583608.43,10294846482.62,9375254601.17,3280.38,4579556034.8,322.979696,1913619016.38,2414826338.18,5238785220.28,5384416159.46,nama_10r_3gdp,BENCHMARK,1,2020,2026-02-09
2021Q1,PT,SE35,D,10695908934.7,11123894919.24,10073855114.98,10476950244.69,3281.11,3639767351.66,329.438075,2218226482.37,2234125567.32,4460792197.48,2463114687.85,nama_10_gdp,FLASH,0,2015,2025-09-09
2022Q4,BE,FR9,I,10716072958.12,10579691483.38,10015867539.66,9888397449.53,3277.39,4189354564.6,390.718977,2118049038.4,2252616791.12,2758943729.1,3706421484.91,nama_10r_3gva,FIRST,1,2020,2026-02-14
2023Q3,FI,LV5,N,10736759157.44,10731408826.64,9489088737.28,9484360144.32,3272.41,4610459943.0,260.715283,1761096776.25,1603443575.85,5779740784.46,4842002625.06,namq_10_gdp,SECOND,0,2015,2024-06-20
2024Q2,LV,LU147,S,10783606804.32,11345643100.69,10297510956.73,10834212176.0,3276.36,4910378053.47,424.292806,2224617358.97,2576534285.6,2905090009.02,4834940075.04,nama_10_gdp,BENCHMARK,1,2020,2025-09-27
2025Q1,RO,RO705,C,10793226268.28,10001904714.91,10417922369.1,9654116783.35,3273.31,4972145884.04,291.64481,1896751985.8,2636968206.17,3198009730.68,5299581465.57,nama_10r_3gdp,FLASH,0,2015,2026-01-16
2026Q4,BG,IT157,H,10832654214.52,11216861105.65,9473150717.75,9809139452.78,3283.34,3901624917.51,291.594105,1850122505.65,2672825244.24,5402596761.47,5318101296.15,nama_10_gdp,FIRST,1,2020,2025-01-07
2018Q3,FR,DK41,M,10857551049.12,11413260543.48,9639180048.45,10132531067.16,3281.66,3752948631.66,425.841846,1958844196.78,2208130867.64,5503547057.3,4547257841.61,nama_10r_3gva,SECOND,0,2015,2025-10-25
2019Q2,LT,SE7,R,10874350912.41,10812974725.19,9731741496.14,9676814338.38,3271.55,5273401629.1,442.906411,3029812304.82,2790436185.72,3270784244.75,5278312089.24,namq_10_gdp,BENCHMARK,1,2020,2025-06-17
2020Q1,SK,HR7,B,10911806411.19,10300251609.35,9423147399.94,8895024848.67,3283.04,3955257169.77,251.194336,2846447469.28,2213022038.68,2451822597.95,4456832703.43,nama_10_gdp,FLASH,0,2015,2024-07-05
2021Q4,HR,LV44,G,10911216606.88,10822613898.4,9682916480.41,9604287977.56,3271.65,4925600192.53,465.128754,2365103818.84,2644532699.0,4898693263.86,5008857833.51,nama_10r_3gdp,FIRST,1,2020,2024-07-20
2022Q3,DE,RO34,L,10936209180.39,11531779236.63,9460004961.56,9975183081.7,3272.58,5218849474.53,351.646889,1822335297.55,2170499983.85,3048283829.77,3164291032.93,nama_10_gdp,SECOND,0,2015,2024-07-20
2023Q2,LU,FR46,Q,10960879772.12,9836700916.83,10631190911.04,9540825878.56,3267.3,4151036874.38,336.28146,1968043181.99,1903563453.9,3204544493.0,4600422235.66,nama_10r_3gva,BENCHMARK,1,2020,2024-08-21
2024Q1,SI,PT6,A,10994508838.59,10384500361.73,10021951531.18,9465903464.06,3272.32,4538141081.39,309.45293,2097385960.61,1687457052.73,3411387441.37,2982447283.52,namq_10_gdp,FLASH,0,2015,2024-08-28
2025Q4,CY,NL65,F,11010113056.8,10094176078.26,10715587521.61,9824152274.11,3268.63,5617698961.89,384.770367,1984937114.19,2556713678.23,4192368917.28,2915156978.35,nama_10_gdp,FIRST,1,2020,2024-05-02
2026Q3,GR,CZ3,K,11040597264.41,11333265218.33,10264827738.92,10536931327.13,3268.9,4210669311.47,717.889282,2926977401.71,2231881807.22,5691533510.92,4299041088.7,nama_10r_3gdp,SECOND,0,2015,2025-12-29
2018Q2,MT,CZ562,P,11088647913.29,11165999648.33,10557829870.8,10631478747.12,3275.83,5611656457.59,511.751255,2480454529.73,2613513399.3,2488981286.28,3712538315.17,nama_10_gdp,BENCHMARK,1,2020,2024-06-20
2019Q1,ES,MT785,U,11093944393.67,11768246556.12,10311402861.77,10938141287.79,3271.2,4507710879.03,446.08414,3090810898.53,1723663475.0,2530017476.67,3869424937.08,nama_10r_3gva,FLASH,0,2015,2024-02-27
2020Q4,CZ,CZ981,E,11119118129.91,11242187396.68,9753470662.6,9861424591.04,3269.61,5642476415.63,527.901838,2837409366.1,1904868482.64,2715740796.44,4259985890.36,namq_10_gdp,FIRST,1,2020,2024-08-05
2021Q3,HU,PT278,J,11145748571.6,10162135426.35,10414038588.32,9494998903.83,3267.47,5643292051.97,406.116579,2728548368.38,2788949190.82,4689520476.41,2840085098.84,nama_10_gdp,SECOND,0,2015,2024-03-19
2022Q2,NL,BG86,O,11166800959.23,11193038728.91,10557277687.71,10582083307.64,3271.83,3903195531.96,312.920026,2485582674.5,2504956858.52,4403471010.29,3271946405.49,nama_10r_3gdp,BENCHMARK,1,2020,2026-01-24
2023Q1,SE,AT886,T,11192292678.15,11365085546.53,10682225447.23,10847143612.68,3265.08,4539851243.99,301.459052,3098243515.21,2533036857.34,2804249561.3,4387900548.51,nama_10_gdp,FLASH,0,2015,2025-11-02
2024Q4,DK,BE5,D,11224601641.3,11660843463.53,10209036886.03,10605808994.0,3274.82,4107969891.22,285.203679,2308290254.35,1978962971.22,3207209524.96,3695812172.64,nama_10r_3gva,FIRST,1,2020,2025-11-19
2025Q3,IE,LU5,I,11257258884.65,11638764893.04,10644046328.26,11004770699.04,3270.6,5754709590.83,282.76245,2724246299.28,2501123719.97,5088060788.77,2498059294.06,namq_10_gdp,SECOND,0,2015,2024-12-21
2026Q2,PL,EE719,N,11276811398.62,11697918739.32,9982871438.82,10355659481.07,3270.78,5091978660.52,290.797528,2960738831.72,1718216917.07,5101639547.36,3079926687.52,nama_10_gdp,BENCHMARK,1,2020,2025-12-09
2018Q1,AT,CZ72,S,11311038339.34,10941327184.79,10434027555.75,10092982263.67,3272.16,3922095566.34,367.462882,2818734270.47,2093022167.69,3332244390.27,3769009954.0,nama_10r_3gdp,FLASH,0,2015,2025-08-13
2019Q4,EE,RO5,C,11333760241.01,10499664814.45,10116400352.11,9371895166.94,3276.5,4070698814.32,469.323496,2036794523.36,2379372537.79,4332387483.66,3332518212.58,nama_10_gdp,FIRST,1,2020,2024-01-20
2020Q3,IT,GR549,H,11362858319.69,12072628439.9,10326979012.58,10972043918.69,3268.41,4554568023.87,815.568754,2197126416.12,1826048354.38,6213745460.42,4719394107.65,nama_10r_3gva,SECOND,0,2015,2025-12-27
2021Q2,PT,IT130,M,11389560864.25,11488823212.22,10972730042.41,11068359624.68,3275.41,5389200249.33,539.166324,2733245490.88,2676321477.94,4401629786.31,4165702047.34,namq_10_gdp,BENCHMARK,1,2020,2025-11-13
2022Q1,BE,EE8,R,11395335397.73,11680963932.93,10388366590.69,10648755059.21,3269.35,4103706950.25,454.047156,3174826777.35,1612169885.35,2582865470.62,4385159155.94,nama_10_gdp,FLASH,0,2015,2025-08-28
2023Q4,FI,GR451,B,11437197756.83,11484672301.19,10573661785.3,10617551887.24,3275.14,4317638918.22,374.810281,2311595999.72,1770628619.96,4493781004.16,3647040442.37,nama_10r_3gdp,FIRST,1,2020,2025-11-13
2024Q3,LV,PL15,G,11461666754.7,12210839734.41,9904730458.89,10552136860.59,3273.59,5317560019.9,313.726401,2900075954.51,1796015564.15,5978445152.26,3390243512.26,nama_10_gdp,SECOND,0,2015,2026-01-10
2025Q2,RO,EE99,L,11473443151.98,10255987353.02,10651401589.51,9521173247.38,3271.39,5591189009.32,314.75206,2055013506.95,1616079849.22,6292758146.36,3262689667.1,nama_10r_3gva,BENCHMARK,1,2020,2024-09-19
2026Q1,BG,HR25,Q,11504718901.81,11371117486.05,10067268570.05,9950359904.54,3264.28,5296185552.98,310.75355,2634634508.17,2478627666.85,2956354523.14,3828750910.07,namq_10_gdp,FLASH,0,2015,2025-12-30
2018Q4,FR,HR73,A,11527916504.74,10556391987.99,10184901169.96,9326560360.22,3267.2,5543179977.5,503.89244,3121054611.6,1893250809.92,2636647478.98,3045549853.73,nama_10_gdp,FIRST,1,2020,2024-11-01
2019Q3,LT,DE2,F,11549891958.18,12290920797.92,11273161519.57,11996435627.35,3270.16,5175172042.12,299.411013,1890667607.21,1823322930.89,5065356738.36,4471749556.96,nama_10r_3gdp,SECOND,0,2015,2024-03-17
2020Q2,SK,GR14,K,11572591407.7,12267548078.62,11182708277.42,11854251706.42,3270.0,4081595789.09,566.356053,2541324913.12,2678118499.74,6286997275.23,2715775895.84,nama_10_gdp,BENCHMARK,1,2020,2024-09-21
2021Q1,HR,SE312,P,11590868414.58,10392772928.81,11336384956.92,10164594271.69,3261.16,5269974780.43,514.097713,2310688575.39,1982743933.96,5029679061.45,4864911124.61,nama_10r_3gva,FLASH,0,2015,2025-10-19
2022Q4,DE,SK31,U,11629731832.47,11878071420.47,10770140624.53,11000124627.94,3266.38,4457040334.64,715.297373,3095132179.96,2226689881.48,5165817912.56,5881350987.25,namq_10_gdp,FIRST,1,2020,2024-01-08
2023Q3,LU,FR561,E,11660330395.9,11485197083.44,10979209337.72,10814306180.25,3271.15,4267106354.81,553.582033,2345909010.66,1778821117.76,3437050490.82,2550764739.6,nama_10_gdp,SECOND,0,2015,2024-08-17
2024Q2,SI,LT880,J,11662614587.43,11931478025.08,11235099449.92,11494107191.09,3259.05,4840517572.75,458.991457,2596020542.71,1742360390.25,4395098449.54,2912378980.32,nama_10r_3gdp,BENCHMARK,1,2020,2024-01-07
2025Q1,CY,FR989,O,11686298547.35,11990490982.4,10956323644.42,11241514952.43,3262.71,5620569160.84,436.341911,2910801690.67,2226600569.53,5106227145.31,3141455308.06,nama_10_gdp,FLASH,0,2015,2026-02-18
2026Q4,GR,BE182,T,11738937905.38,10771783633.4,11253438352.49,10326283692.94,3269.68,4171931956.94,683.196578,2457689244.89,2623367196.53,5168359232.2,6085124339.68,nama_10r_3gva,FIRST,1,2020,2024-02-25
2018Q3,MT,AT43,D,11736873452.44,12305573851.72,10632402567.01,11147586752.1,3259.11,4179973855.87,396.957304,2341232453.89,1700576320.52,5003555270.78,2867240829.67,namq_10_gdp,SECOND,0,2015,2024-08-10
2019Q2,ES,LT55,I,11785655390.26,11027116524.44,11308164849.7,10580357845.72,3270.96,5480869641.73,799.217948,2282346569.94,1751633868.86,4780004063.23,3018930088.56,nama_10_gdp,BENCHMARK,1,2020,2025-11-12
2020Q1,CZ,DK244,N,11806789118.69,12006079584.48,10571033403.71,10749465164.43,3260.66,4214229787.59,343.091619,2198365440.55,2581365926.27,3674708378.06,5849851633.92,nama_10r_3gdp,FLASH,0,2015,2024-11-30
2021Q4,HU,SE88,S,11823780306.4,11571656086.25,11056340544.69,10820580815.97,3264.75,4364745433.69,674.056928,3104931610.29,2758625544.51,5252179279.13,3074131564.54,nama_10_gdp,FIRST,1,2020,2025-12-31
2022Q3,NL,FI974,C,11842826279.23,10784884115.11,11449734252.8,10426907745.99,3257.38,5378967837.36,769.066425,2086756487.52,2313429036.88,4800640557.89,3998083733.75,nama_10r_3gva,SECOND,0,2015,2025-09-21
2023Q2,SE,AT351,H,11867363192.48,11844088669.24,11598843524.1,11576095627.31,3256.62,4466088508.53,649.983445,3197075212.61,2814494811.48,6444585631.59,4153500394.76,namq_10_gdp,BENCHMARK,1,2020,2024-05-26
2024Q1,DK,MT45,M,11906644229.6,12318069199.95,11160197789.07,11545829874.47,3265.22,4648031562.18,573.195369,2464989824.49,3061326971.23,2880230438.58,5740333491.06,nama_10_gdp,FLASH,0,2015,2025-01-13
2025Q4,IE,BG467,R,11912094245.01,10809743958.08,11037363784.82,10015961428.12,3256.51,6041985277.52,619.145814,3333297272.0,1754892190.61,2725345709.77,3513742465.75,nama_10r_3gdp,FIRST,1,2020,2024-10-17
2026Q3,PL,GR31,B,11955949217.06,11223496431.43,10726395829.98,10069268707.51,3264.31,4949441569.45,426.543977,2260473355.44,2024380660.26,6425709751.0,4536276271.49,nama_10_gdp,SECOND,0,2015,2024-02-19
2018Q2,AT,SI60,G,11980589328.76,11689560470.0,11009446250.82,10742008106.51,3262.75,6034190422.58,299.779294,1935274313.83,2960940281.15,3624127803.5,3094551882.81,nama_10r_3gva,BENCHMARK,1,2020,2024-06-16
2019Q1,EE,SK624,L,11991139828.92,10913659323.38,11559632522.51,10520925704.65,3254.71,4288281515.51,661.00277,1976856694.78,2592248098.3,5023832553.97,5319240028.95,namq_10_gdp,FLASH,0,2015,2024-10-01
2020Q4,IT,ES334,Q,12016487285.16,11857730540.91,10554703059.32,10415258789.59,3262.27,5285652454.1,502.500603,2152000704.02,1990577461.62,5172603394.44,5313821691.88,nama_10_gdp,FIRST,1,2020,2025-06-22
2021Q3,PT,HR803,A,12048986410.23,11184429124.45,10436616605.71,9687752542.12,3259.63,5527672384.65,280.532377,2539793158.48,3121785329.62,4239291117.87,5548058202.07,nama_10r_3gdp,SECOND,0,2015,2024-05-26
2022Q2,BE,IT83,F,12082750554.15,11019235436.74,11617792966.46,10595203085.51,3261.62,4169246275.73,362.073451,3262228676.85,2820318710.11,4918930483.08,3989371221.99,nama_10_gdp,BENCHMARK,1,2020,2024-03-09
2023Q1,FI,RO829,K,12112944885.02,12829100353.59,10966759338.93,11615148706.47,3259.53,6274705342.21,675.409101,2345873682.76,2926935359.84,6405284977.52,5838553055.99,nama_10r_3gva,FLASH,0,2015,2024-03-11
2024Q4,LV,CY75,P,12139162076.14,11526523275.62,10596020896.9,10061261290.61,3262.19,5346901150.52,402.886177,3045486552.94,2398658152.64,3533107657.99,4804536095.99,namq_10_gdp,FIRST,1,2020,2025-04-14
2025Q3,RO,IT8,U,12157884541.36,12086786848.92,11751945957.52,11683222139.95,3258.72,6302983145.17,447.445803,2667659699.46,1721493348.94,3851601834.76,2721039168.42,nama_10_gdp,SECOND,0,2015,2025-07-13
2026Q2,BG,BE40,E,12166651189.95,13077684088.24,11150466155.61,11985407614.88,3253.98,5101100800.94,337.670756,2839910085.75,2301007691.81,5595153368.32,2949535161.15,nama_10r_3gdp,BENCHMARK,1,2020,2024-07-02
2018Q1,FR,LT910,J,12205545284.37,12201548120.08,10869689028.57,10866129340.59,3262.74,5070536505.35,708.619691,2264904197.53,2258566783.42,6442063942.12,3186118061.35,nama_10_gdp,FLASH,0,2015,2025-09-25
2019Q4,LT,DK42,O,12221333488.27,11274957452.64,11885089625.16,10964751102.91,3255.33,5865785124.95,508.15055,2908321597.49,2125451615.79,3553930633.75,3679757809.9,nama_10r_3gva,FIRST,1,2020,2025-09-29
2020Q3,SK,CZ729,T,12250500901.22,11444702145.03,10634639618.99,9935127048.31,3254.37,4738827840.25,507.026796,2942452794.08,2206428573.23,5341676553.2,3338076095.8,namq_10_gdp,SECOND,0,2015,2024-06-15
2021Q2,HR,HU4,D,12283050543.26,11173632428.99,11308584315.61,10287181021.51,3257.8,5662589475.84,321.897122,1987832787.3,2761036434.34,6733470602.26,5014776648.21,nama_10_gdp,BENCHMARK,1,2020,2025-10-04
2022Q1,DE,SI272,I,12303625604.33,11542243296.41,10708621162.74,10045942131.56,3255.24,5145623438.54,294.83669,2956687481.12,3070354590.02,5759182684.83,4458236778.22,nama_10r_3gdp,FLASH,0,2015,2024-08-08
2023Q4,LU,CY154,N,12316013530.2,12489855905.14,11297725309.87,11457194394.12,3253.83,5388532788.41,408.276419,3007367670.73,2768731104.92,6376846771.12,4927365882.18,nama_10_gdp,FIRST,1,2020,2025-08-01
2024Q3,SI,RO808,S,12339884502.37,11824673822.81,11390043803.91,10914490551.58,3254.48,5935958119.06,373.836365,2565278166.97,2734949025.87,4722442678.48,3496972728.32,nama_10r_3gva,SECOND,0,2015,2024-08-16
2025Q2,CY,FR844,C,12373944676.08,12266797979.29,12093444438.32,11988726609.18,3256.1,4570738941.68,320.466832,2252761256.91,1986540438.52,4951586288.14,6118186677.2,namq_10_gdp,BENCHMARK,1,2020,2024-09-05
2026Q1,GR,DK10,H,12409622343.38,13002371474.85,11184478288.31,11718708066.45,3257.75,4619731376.45,938.052337,2630294405.03,2586210826.79,4030397697.16,6185926680.09,nama_10_gdp,FLASH,0,2015,2025-11-01
2018Q4,MT,LV23,M,12427469744.5,11429997147.24,11212748407.85,10312773633.68,3258.37,5898928470.49,659.32764,2452923572.09,2092013085.87,3130733967.57,5119091091.78,nama_10r_3gdp,FIRST,1,2020,2024-04-10
2019Q3,ES,DE216,R,12451992266.64,11590967358.28,12148796823.36,11308737140.73,3254.51,5323285066.71,337.425795,3241259759.07,1815488358.26,5682026284.13,2607504654.33,nama_10_gdp,SECOND,0,2015,2024-02-02
2020Q2,CZ,HR898,B,12473960611.65,11319932540.77,11871530663.56,10773236380.24,3251.06,5362741800.62,521.67114,2372790102.68,1870946285.5,4636363606.11,3120313303.0,nama_10r_3gva,BENCHMARK,1,2020,2024-01-06
2021Q1,HU,CY125,G,12508904134.57,11916749769.1,12206284379.81,11628455618.49,3258.03,6244139683.66,352.681159,2335850505.94,2380322001.19,4298942635.02,6345056530.15,namq_10_gdp,FLASH,0,2015,2024-02-02
2022Q4,NL,BG649,L,12513104404.89,11887920460.88,12186147740.17,11577299315.36,3251.46,5344297881.12,557.670259,2488876425.22,1848486908.63,3736163241.69,5048207717.77,nama_10_gdp,FIRST,1,2020,2025-01-21
2023Q3,SE,IT87,Q,12557752782.52,11862874679.37,12098935254.33,11429445631.05,3260.66,6018280758.65,608.865851,2879552862.42,2492417792.17,3293507608.89,2724761261.7,nama_10r_3gdp,SECOND,0,2015,2024-07-07
2024Q2,DK,AT5,A,12566144310.39,13256447648.27,11517381481.1,12150072518.51,3255.99,5622339845.74,415.087866,2747098588.2,2607556608.07,4092769953.91,6389038411.54,nama_10_gdp,BENCHMARK,1,2020,2025-03-24
2025Q1,IE,PL759,F,12608216662.01,12673306428.15,12056460339.07,12118701669.86,3256.9,5183342800.39,825.632748,2386688547.55,2270077143.7,3635056876.24,3819982779.55,nama_10r_3gva,FLASH,0,2015,2025-09-15
2026Q4,PL,SE3,K,12632061857.34,12146775811.09,12052499311.57,11589478325.42,3259.81,5773029863.22,969.124337,3091079889.34,2937101218.92,3007646483.23,5029427299.93,namq_10_gdp,FIRST,1,2020,2024-12-28
2018Q3,AT,GR764,P,12643532637.22,12497697356.54,11742671440.79,11607227033.39,3248.93,5131327348.17,571.734406,2535221235.71,2201939534.53,4099371658.16,4132022309.23,nama_10_gdp,SECOND,0,2015,2025-01-14
2019Q2,EE,CY213,U,12684673522.18,12647234345.47,11308429626.61,11275052473.11,3258.35,5939662945.46,542.78762,2679194704.01,1877059327.47,3278468720.94,5432225832.06,nama_10r_3gdp,BENCHMARK,1,2020,2024-11-14
2020Q1,IT,SK141,E,12688975945.58,12535017888.0,11984183200.41,11838776543.87,3247.63,4526782001.77,504.623985,2128138421.73,3283883372.77,6736225052.83,4949316193.8,nama_10_gdp,FLASH,0,2015,2024-04-07
2021Q4,PT,ES567,J,12715025918.04,12458274702.69,11366723343.67,11137198051.95,3251.96,4343313515.14,927.508911,2731049681.53,2690136705.15,3763211213.18,5309098396.93,nama_10r_3gva,FIRST,1,2020,2025-08-30
2022Q3,BE,AT75,O,12758260862.3,13374611068.8,12311052738.03,12905798368.27,3254.85,5453762795.42,448.529232,3555836325.29,3292175323.55,3216832744.67,6334921473.71,namq_10_gdp,SECOND,0,2015,2025-11-20
2023Q2,FI,FI1,T,12762497142.93,12675951470.33,11900424758.25,11819725013.26,3247.32,4942400418.9,380.8749,2064593149.34,2637634172.86,4945374085.49,5106098274.21,nama_10_gdp,BENCHMARK,1,2020,2025-09-06
2024Q1,LV,PL606,D,12796229826.56,12254942264.7,12326318602.08,11804908543.55,3248.93,4595394236.3,502.879278,2126920760.16,2783125538.89,6392685134.39,2810714886.42,nama_10r_3gdp,FLASH,0,2015,2024-03-09
2025Q4,RO,CZ9,I,12815932638.14,12714964295.45,12347732663.19,12250452961.57,3247.34,5999984883.88,610.136499,3401836869.52,3281430126.33,6317678675.43,5598848985.84,nama_10_gdp,FIRST,1,2020,2025-12-26
2026Q3,BG,DE60,N,12839509162.75,13864008757.21,12074000354.59,13037417905.06,3246.57,4645147342.15,709.990486,2707690144.46,2983596318.8,4485228926.21,5034770219.05,nama_10r_3gva,SECOND,0,2015,2024-12-29
2018Q2,FR,ES3,S,12887344203.03,11678918273.74,11447876767.01,10374427427.67,3256.23,4385281540.39,1029.915064,3283041300.43,3058832301.28,3810556414.86,5885439319.0,namq_10_gdp,BENCHMARK,1,2020,2024-11-12
2019Q1,LT,LU382,C,12902804176.27,13806109881.99,12011720935.73,12852643258.39,3253.57,5004836386.46,670.906443,2187907425.08,2456653506.63,5669572486.19,4610587067.12,nama_10_gdp,FLASH,0,2015,2025-07-27
2020Q4,SK,HU528,H,12927855624.86,13916895058.97,12508704254.85,13465676713.13,3252.07,5401887225.94,439.112367,3070028649.1,2015431608.43,4286971389.13,5994427951.18,nama_10r_3gdp,FIRST,1,2020,2024-01-07
2021Q3,HR,LU8,M,12956252402.92,12834924207.63,11543801925.56,11435700554.04,3248.51,4938953272.5,493.921521,3533861572.9,2980083153.29,6498924122.67,5408559589.0,nama_10_gdp,SECOND,0,2015,2024-09-22
2022Q2,DE,IT984,R,12967822645.34,13033083432.9,11461176119.83,11518854683.18,3248.07,4852216298.49,1021.665805,2168623149.14,3123982412.25,4331256101.88,6247557308.37,nama_10r_3gva,BENCHMARK,1,2020,2025-03-07
2023Q1,LU,LT6,B,493604569.6,472016829.27,430420810.71,411596404.96,246.34,199446252.55,12.216454,120257176.46,82124559.29,139646207.07,190109030.48,namq_10_gdp,FLASH,0,2015,2024-04-01
2024Q4,SI,SE6,G,531830186.33,492589307.39,506798020.07,469404129.56,265.26,219740601.72,19.027528,106866294.47,125168516.17,225104610.26,145336080.9,nama_10_gdp,FIRST,1,2020,2024-07-15
2025Q3,CY,EE62,L,554509442.16,558043272.56,529184399.89,532556836.46,275.03,257479412.24,22.907698,91632158.69,97311099.11,290579764.14,257667734.16,nama_10r_3gdp,SECOND,0,2015,2025-11-02
2026Q2,GR,LT5,Q,571158037.51,529571960.9,552388323.63,512168871.86,282.5,292028137.42,48.389635,109618424.39,144139926.13,147143100.28,226204840.04,nama_10_gdp,BENCHMARK,1,2020,2025-10-29
2018Q1,MT,BG14,A,595993754.35,646447537.87,578374750.08,627336998.8,293.14,276106758.8,47.836221,123953363.68,111805691.41,307959287.52,179758170.48,nama_10r_3gva,FLASH,0,2015,2024-05-21
2019Q4,ES,AT7,F,636900140.51,577141372.04,610966459.22,553640984.07,312.82,320518704.54,33.142224,162454177.91,113620818.38,161133640.77,223750749.43,namq_10_gdp,FIRST,1,2020,2024-05-25
2020Q3,CZ,IT9,K,644549256.96,575760840.49,581622300.61,519549655.87,314.94,301977271.16,27.438978,118814464.62,159951291.93,162813643.51,139790213.09,nama_10_gdp,SECOND,0,2015,2025-11-03
2021Q2,HU,PT273,P,664808015.97,608855788.5,609976902.98,558639425.68,323.32,256771863.12,18.160361,129868402.68,147166076.68,285778657.13,310930406.57,nama_10r_3gdp,BENCHMARK,1,2020,2024-05-07
2022Q1,NL,LV69,U,700484464.99,694446379.23,683709870.06,677816379.14,339.54,313581714.44,30.358124,132996205.05,109967098.52,154922550.04,321505422.15,nama_10_gdp,FLASH,0,2015,2024-06-04
2023Q4,SE,IT2,E,712587228.17,712895641.96,627169772.44,627441216.84,344.73,364502091.44,31.723262,192396411.65,107514649.02,383177162.64,183841719.99,nama_10r_3gva,FIRST,1,2020,2024-12-02
2024Q3,DK,CZ45,J,744250683.4,800485901.74,729329754.91,784437555.18,358.45,342281259.26,23.46402,125849111.32,127759421.31,172873842.8,180828781.44,namq_10_gdp,SECOND,0,2015,2025-09-22
2025Q2,IE,GR25,O,776757746.25,785274442.49,695841930.2,703471431.65,372.3,388737041.86,28.360675,157901391.42,126829165.96,335693672.25,301945876.17,nama_10_gdp,BENCHMARK,1,2020,2025-08-09
2026Q1,PL,IT67,T,812705680.85,804150884.86,721149989.09,713558937.16,386.93,301093977.07,41.253572,158064342.12,157509086.27,209115464.53,417407540.4,nama_10r_3gdp,FLASH,0,2015,2024-07-12
2018Q4,AT,RO325,D,824375918.28,745581850.26,746065153.4,674756048.98,391.56,427348189.17,44.063174,187596122.89,194107059.44,305582183.45,413611357.0,nama_10_gdp,FIRST,1,2020,2025-04-09
2019Q3,EE,IE4,I,856763494.81,793400229.62,745559313.25,690420324.75,406.47,377033720.85,52.087905,187235792.21,158642418.05,413388372.23,180089558.2,nama_10r_3gva,SECOND,0,2015,2024-08-25
2020Q2,IT,CY430,N,874793694.81,915557421.51,854387753.24,894200601.77,412.43,304745706.56,24.160266,220448943.76,190625086.21,353290771.68,429386296.63,namq_10_gdp,BENCHMARK,1,2020,2025-04-29
2021Q1,PT,IT32,S,913793424.23,883080643.69,874958098.94,845550581.48,430.04,311233690.31,45.75746,181299364.11,154870071.5,220150857.72,289914255.21,nama_10_gdp,FLASH,0,2015,2025-12-17
2022Q4,BE,CZ32,C,910401458.31,814213530.22,800663202.28,716069604.78,426.07,331018440.46,24.601715,249557864.02,146475510.89,339746470.07,390530508.67,nama_10r_3gdp,FIRST,1,2020,2026-01-24
2023Q3,FI,LT19,H,955023979.57,865518105.78,902539898.59,817952889.27,444.47,448911854.59,36.030909,235197033.83,163817866.19,512475056.01,294168725.0,nama_10_gdp,SECOND,0,2015,2024-08-10
2024Q2,LV,GR196,M,967056462.34,903900695.9,916443402.06,856593033.73,448.77,359360304.53,63.25456,185344698.8,230364916.46,214792798.84,254859109.05,nama_10r_3gva,BENCHMARK,1,2020,2025-10-16
2025Q1,RO,NL5,R,989662422.72,937959985.19,948475285.79,898924567.19,459.17,453176384.63,32.517097,272157510.05,173837656.77,515679284.87,315143795.75,namq_10_gdp,FLASH,0,2015,2025-09-20
2026Q4,BG,PL81,B,1014840206.51,931255257.38,990883174.5,909271390.48,468.99,348754453.35,29.954844,256716967.5,230505007.1,240949517.49,408604098.4,nama_10_gdp,FIRST,1,2020,2024-05-13
2018Q3,FR,CY4,G,1046879198.79,1061689391.0,1012310817.48,1026631971.07,481.48,426545487.77,35.194714,279739476.33,218825255.32,325115150.12,252072126.19,nama_10r_3gdp,SECOND,0,2015,2024-12-29
2019Q2,LT,SK452,L,1073907673.31,1005186561.49,958807279.85,897451630.82,492.22,418369857.51,32.572605,276068857.36,168826635.76,411931099.72,227666654.71,nama_10_gdp,BENCHMARK,1,2020,2025-06-05
2020Q1,SK,FR98,Q,1100693376.25,1116547285.18,993678530.22,1007991043.82,501.62,530421039.63,33.28056,193048158.57,250616529.05,443230883.98,260372319.8,nama_10r_3gva,FLASH,0,2015,2025-01-12
2021Q4,HR,DK23,A,1129511050.29,1033517963.09,982408572.37,898917196.4,512.93,437351700.69,27.634809,306033678.09,292549955.64,280765684.82,553069537.52,namq_10_gdp,FIRST,1,2020,2024-11-06
2022Q3,DE,AT2,F,1139689969.09,1066203491.11,996977488.17,932693019.39,516.01,457803887.7,38.634919,288471702.96,213323023.93,405940294.6,237968635.07,nama_10_gdp,SECOND,0,2015,2025-01-14
2023Q2,LU,RO23,K,1164585536.1,1094927832.68,1086383335.68,1021403163.89,524.38,549833099.7,29.897582,286602956.85,211610914.52,624247741.7,253137259.88,nama_10r_3gdp,BENCHMARK,1,2020,2024-06-04
2024Q1,SI,SE694,P,1200036409.59,1218590945.46,1171376384.27,1189487789.03,539.45,496948296.48,40.401635,292401487.28,258550257.85,466290992.98,442098437.51,nama_10_gdp,FLASH,0,2015,2024-11-27
2025Q4,CY,LU59,U,1233309549.26,1315914666.61,1147709920.52,1224581710.51,551.91,477135693.09,100.290511,343566283.45,307359043.99,347471665.45,336836807.67,nama_10r_3gva,FIRST,1,2020,2025-03-03
2026Q3,GR,GR757,E,1244545091.46,1126515519.1,1179808756.29,1067918617.54,555.07,603576879.54,43.081186,286453284.53,284094873.68,367822813.84,621654721.61,namq_10_gdp,SECOND,0,2015,2025-11-10
2018Q2,MT,SK8,J,1278888896.77,1288960794.62,1231259491.35,1240956283.5,569.33,627446856.19,36.22458,244384312.34,246412663.56,345245942.82,307127646.12,nama_10_gdp,BENCHMARK,1,2020,2024-05-08
2019Q1,ES,IT874,O,1294138120.95,1306738218.57,1178922562.28,1190400888.38,572.82,569953334.07,42.613381,251089694.06,313220956.47,605056284.83,410417573.66,nama_10r_3gdp,FLASH,0,2015,2025-12-13
2020Q4,CZ,LV71,T,1323693662.62,1412391146.16,1140287445.32,1216695325.61,584.04,582468316.16,65.877374,262543108.28,322735726.79,336724620.58,591308821.46,nama_10_gdp,FIRST,1,2020,2024-11-23
2021Q3,HU,SE111,D,1343937671.25,1425481675.6,1172759784.28,1243917495.67,592.12,595195494.35,63.141128,265173732.26,313193817.48,605453248.39,637290683.04,nama_10r_3gva,SECOND,0,2015,2024-08-30
2022Q2,NL,FI93,I,1361568151.64,1449669842.84,1244452043.77,1324975614.73,596.57,524034657.98,91.646447,357689791.12,258227704.35,518407302.29,470747160.92,namq_10_gdp,BENCHMARK,1,2020,2024-01-27
2023Q1,SE,PT15,N,1413356541.74,1375911598.54,1292533256.0,1258289360.05,616.57,592644606.64,58.843954,392926737.26,220193614.49,673204754.03,637601430.17,nama_10_gdp,FLASH,0,2015,2024-03-31
2024Q4,DK,FR24,S,1410215105.79,1283536564.24,1281964386.55,1166806508.77,614.49,730838912.79,35.617292,269002175.92,273140478.7,572759005.45,673829931.28,nama_10r_3gdp,FIRST,1,2020,2024-05-18
2025Q3,IE,NL763,C,1464967385.29,1583875319.24,1389346691.52,1502116672.81,636.33,727186310.71,89.780287,363506298.57,208338920.29,519374934.63,462777394.43,nama_10_gdp,SECOND,0,2015,2024-05-31
2026Q2,PL,SE667,H,1485784054.67,1492851471.93,1450679578.01,1457580014.08,642.85,531753131.59,47.228059,372042599.56,275271280.16,556133370.93,683008415.04,nama_10r_3gva,BENCHMARK,1,2020,2025-09-24
2018Q1,AT,SK30,M,1508732000.69,1628040141.7,1455550814.57,1570653471.47,651.5,777149717.11,87.477146,361560374.71,259507704.93,748434406.56,546424580.82,namq_10_gdp,FLASH,0,2015,2024-12-16
2019Q4,EE,HU331,R,1520836417.11,1562454476.41,1321430976.06,1357592256.86,654.38,611652688.53,44.535991,409895299.35,395115693.05,342652081.99,432333806.38,nama_10_gdp,FIRST,1,2020,2025-03-19
2020Q3,IT,FI553,B,1552454900.17,1487513421.47,1423796096.53,1364236605.39,664.01,596589606.65,39.371095,402352989.63,370619050.01,819987031.73,718247548.7,nama_10r_3gdp,SECOND,0,2015,2024-11-01
2021Q2,PT,DE207,G,1585175594.24,1553033059.14,1477839349.88,1447873267.04,675.59,778666550.41,94.072811,370950723.86,230046580.64,518170040.75,788525848.58,nama_10_gdp,BENCHMARK,1,2020,2024-08-15
2022Q1,BE,HR84,L,1593623198.97,1723523690.03,1417219408.25,1532740754.32,677.4,822906614.37,61.481548,402212296.51,361795173.21,358543525.88,686952952.87,nama_10r_3gva,FLASH,0,2015,2026-02-10
2023Q4,FI,RO71,Q,1620656882.8,1547624733.62,1413383212.85,1349691499.48,685.38,782385346.39,50.341082,375220051.84,367202825.72,601175645.82,725307230.21,namq_10_gdp,FIRST,1,2020,2024-07-15
2024Q3,LV,EE46,A,1639864393.9,1668657771.2,1584968413.93,1612797906.25,693.87,837202990.39,69.905582,391857561.96,412762548.06,897986748.68,800443089.33,nama_10_gdp,SECOND,0,2015,2025-11-02
2025Q2,RO,LT988,F,1668267403.8,1616362828.19,1443678210.08,1398761247.34,702.12,723326653.5,87.513248,451755101.87,366376389.07,722702987.59,453378024.15,nama_10r_3gdp,BENCHMARK,1,2020,2024-01-10
2026Q1,BG,CY29,K,1700676378.94,1632578749.22,1518369602.64,1457571809.33,712.52,636532179.38,81.990135,310854376.85,283952788.05,640570842.43,553539876.42,nama_10_gdp,FLASH,0,2015,2025-08-03
2018Q4,FR,IE56,P,1713640232.84,1542363482.89,1476410917.75,1328845017.55,717.21,696223634.84,104.658085,391475825.19,280374860.18,918591380.07,355671558.52,nama_10r_3gva,FIRST,1,2020,2026-02-18
2019Q3,LT,BG31,U,1760575784.82,1889868733.03,1716114123.43,1842141901.62,734.71,867247159.82,140.680051,396105084.79,379242814.27,506325726.49,703503385.34,namq_10_gdp,SECOND,0,2015,2024-02-16
2020Q2,SK,PL43,E,1764230843.21,1760488368.88,1669217562.72,1665676640.67,733.65,752940312.96,121.891713,393030986.82,443433674.04,630969164.59,478499605.6,nama_10_gdp,BENCHMARK,1,2020,2025-01-01
2021Q1,HR,FI8,J,1811659893.5,1653397342.08,1665868904.84,1520342327.72,751.3,888403162.64,49.317588,400711269.11,405234789.37,552678282.69,682502847.79,nama_10r_3gdp,FLASH,0,2015,2025-01-17
2022Q4,DE,DE93,O,1820763767.4,1874448419.59,1600893964.5,1648095824.07,749.72,619284842.67,54.367687,337490865.09,404361053.97,470025176.01,631491552.55,nama_10_gdp,FIRST,1,2020,2024-10-02
2023Q3,LU,EE469,T,1839329776.98,1820049123.01,1599512962.19,1582746172.28,756.37,775638302.17,131.967672,481340139.88,371862903.07,560111050.45,879753714.11,nama_10r_3gva,SECOND,0,2015,2024-09-26
2024Q2,SI,ES522,D,1889424706.1,1826013296.53,1677220442.08,1620930867.76,772.82,646340035.3,62.086186,490259123.69,473565657.99,858371356.01,975379484.3,namq_10_gdp,BENCHMARK,1,2020,2024-11-19
2025Q1,CY,LU71,I,1912399427.46,1784012507.69,1796418281.37,1675817633.59,781.59,736001212.73,104.720794,392801896.43,415613555.83,966327117.24,651596383.96,nama_10_gdp,FLASH,0,2015,2025-04-25
2026Q4,GR,BE914,N,1916992929.09,1844424949.66,1830525708.94,1761230955.69,779.88,679071362.66,63.458622,425159333.46,498042377.32,784414372.0,481404597.88,nama_10r_3gdp,FIRST,1,2020,2024-01-14
2018Q3,MT,LU539,S,1948911153.89,1771461992.3,1848256816.46,1679972273.66,789.56,955048927.29,57.867861,524510336.71,275331856.87,1049875403.29,540593949.52,nama_10_gdp,SECOND,0,2015,2024-09-28
2019Q2,ES,ES10,C,1989483132.87,2100075115.68,1866428310.52,1970179885.11,805.74,827425007.92,94.589074,413903398.49,346430043.24,519601517.05,433195004.8,nama_10r_3gva,BENCHMARK,1,2020,2024-01-09
2020Q1,CZ,LU48,H,2000193507.07,1795475839.43,1928710703.65,1731309224.55,807.12,841042676.38,120.147579,401859920.05,440516285.2,543362814.92,850860941.1,namq_10_gdp,FLASH,0,2015,2024-11-15
2021Q4,HU,LV3,M,2030375909.62,1824264946.52,1761654805.18,1582822714.62,816.91,835344423.26,62.572738,558953168.06,505146666.49,652749704.39,422860160.21,nama_10_gdp,FIRST,1,2020,2024-08-12
2022Q3,NL,CY259,R,2038490055.91,1843968557.02,1883933696.53,1704160630.98,815.27,1026999193.03,109.379512,544739836.23,379455548.18,877420611.16,775235485.64,nama_10r_3gdp,SECOND,0,2015,2024-03-13
2023Q2,SE,CY9,B,2079493950.06,1915952198.23,2031185855.16,1871443292.3,829.16,795820222.67,87.480309,561360599.9,366765113.94,597270663.35,828782416.48,nama_10_gdp,BENCHMARK,1,2020,2026-02-20
2024Q1,DK,BE98,G,2088118495.38,1999247916.07,1910441304.22,1829132687.97,829.66,861518697.75,82.148208,404305973.86,415739736.82,770002680.27,604051168.88,nama_10r_3gva,FLASH,0,2015,2025-06-28
2025Q4,IE,HU34,L,2110570026.63,2213898950.84,1903735218.6,1996937959.87,837.73,741053720.58,64.820343,564608898.64,496064601.14,1108562276.85,569928104.09,namq_10_gdp,FIRST,1,2020,2025-06-23
2026Q3,PL,IE27,Q,2150485995.05,2283214479.77,2057848024.08,2184858872.16,849.9,1008864170.84,58.5067,373621457.86,378826446.69,481184827.07,1086780341.82,nama_10_gdp,SECOND,0,2015,2025-02-11
2018Q2,AT,IE955,A,2176347467.7,2290214443.76,1930213407.59,2031202595.72,859.64,833809256.54,127.657671,383895572.21,490318660.63,494303825.28,1081062125.19,nama_10r_3gdp,BENCHMARK,1,2020,2024-09-29
2019Q1,EE,LT8,F,2213048311.77,2006514804.78,1991135527.83,1805312108.95,868.27,1023084676.43,59.603307,586571048.75,389133633.23,1210003589.16,861065374.08,nama_10_gdp,FLASH,0,2015,2024-02-20
2020Q4,IT,PT5,K,2219665644.82,2054550660.54,2096657249.81,1940692530.68,870.18,959255881.58,68.003413,555439887.11,316558666.22,997450596.77,814072078.75,nama_10r_3gva,FIRST,1,2020,2024-11-30
2021Q3,PT,RO48,P,2242350717.02,2013808450.55,2026866464.26,1820286533.64,876.15,891262957.34,71.232442,421051705.3,551657758.59,933417279.84,464329132.67,namq_10_gdp,SECOND,0,2015,2025-02-05
2022Q2,BE,DK649,U,2267914868.89,2158216929.42,2121070817.01,2018475652.93,881.9,1148631762.77,62.798745,456646918.07,582255871.56,928000131.4,803896136.76,nama_10_gdp,BENCHMARK,1,2020,2024-12-05
2023Q1,FI,FR7,E,2298372312.52,2069588755.57,2112331754.0,1902066963.77,893.52,959995563.42,115.021332,386998940.97,427672659.73,859592145.93,530195808.6,nama_10r_3gdp,FLASH,0,2015,2024-01-31
2024Q4,LV,BE3,J,2324575019.74,2427417593.34,2260204620.08,2360199353.75,899.74,942781947.88,95.621134,572700858.32,578239019.76,1095546087.55,767648949.29,nama_10_gdp,FIRST,1,2020,2025-10-09
2025Q3,RO,PL886,O,2352180870.75,2115565002.59,2280301727.43,2050916487.7,906.76,848904248.07,62.534912,631995613.53,446908632.81,1279036503.96,567689292.38,nama_10r_3gva,SECOND,0,2015,2025-09-27
2026Q2,BG,AT8,T,2381223013.16,2342163459.69,2080534234.92,2046406923.99,914.77,1214889324.31,81.977079,461349221.29,341704231.86,790053940.5,536773375.49,namq_10_gdp,BENCHMARK,1,2020,2025-10-08
2018Q1,FR,RO353,D,2386166175.12,2392134868.93,2062400436.82,2067559271.45,913.56,890429925.07,163.58612,487359674.72,559840129.36,1278095291.69,696911548.25,nama_10_gdp,FLASH,0,2015,2025-06-29
2019Q4,LT,LU6,I,2433559105.02,2439377151.2,2135309488.61,2140414492.72,930.11,1016412477.09,128.776291,524800227.99,365000188.07,690910751.59,1054867526.54,nama_10r_3gdp,FIRST,1,2020,2025-12-04
2020Q3,SK,SI5,N,2448573048.99,2460340987.1,2141937541.64,2152231777.48,932.73,1140318570.11,117.846697,606507894.42,496311947.33,753805142.89,724894585.81,nama_10_gdp,SECOND,0,2015,2024-01-06
2021Q2,HR,HR99,S,2481429166.51,2312314029.5,2268621461.53,2114009661.82,942.66,1236616482.85,194.115814,403279703.13,400942275.02,1016940683.55,1115800733.53,nama_10r_3gva,BENCHMARK,1,2020,2024-04-17
2022Q1,DE,IT590,C,2504687613.37,2517820159.37,2334988506.34,2347231288.16,949.43,964944380.3,66.826624,573293141.14,427917612.83,831206578.37,571131051.15,namq_10_gdp,FLASH,0,2015,2024-11-26
2023Q4,LU,BG767,H,2521622225.4,2643120178.32,2258847518.75,2367684340.83,951.77,1158670924.7,78.988126,631613448.69,513927279.8,965639599.45,684185190.52,nama_10_gdp,FIRST,1,2020,2025-06-15
2024Q3,SI,EE48,M,2542894782.87,2363201062.92,2373664492.48,2205929434.99,957.75,1256133451.57,84.412459,440623856.73,431500604.96,1110442773.9,929880344.15,nama_10r_3gdp,SECOND,0,2015,2024-04-06
2025Q2,CY,HU7,R,2586480312.52,2372289175.39,2226108706.22,2041760597.0,970.35,1337932796.85,127.357968,467231553.78,464277006.21,576926983.04,1007377725.89,nama_10_gdp,BENCHMARK,1,2020,2025-09-05
2026Q1,GR,PT63,B,2598581721.18,2462266195.66,2456856707.0,2327975744.58,971.5,1112623150.55,71.962534,466220622.14,641145413.98,1350954155.06,987009023.92,nama_10r_3gva,FLASH,0,2015,2025-06-25
2018Q4,MT,DE29,G,2626831349.1,2516112807.16,2452724723.7,2349344616.99,980.42,1301197846.47,70.145829,702005282.93,463277628.04,785985590.53,1311821792.74,namq_10_gdp,FIRST,1,2020,2026-02-17
2019Q3,ES,IE5,L,2638060197.83,2721980276.91,2296885890.22,2369952776.91,981.38,1291899786.15,127.789479,531400534.88,598919145.35,841655414.13,763551589.06,nama_10_gdp,SECOND,0,2015,2024-08-17
2020Q2,CZ,FR95,Q,2673180421.21,2556600496.0,2587069781.21,2474245222.42,993.3,1146365625.16,84.024511,671829344.34,460137739.73,652458373.17,1036641053.38,nama_10r_3gdp,BENCHMARK,1,2020,2024-12-03
2021Q1,HU,CY910,A,2712308133.62,2482838392.6,2527017966.18,2313224352.15,1001.52,969010011.07,138.718583,575917874.42,450948496.01,1084400916.79,874557564.48,nama_10_gdp,FLASH,0,2015,2024-05-17
2022Q4,NL,FR64,F,2739580845.04,2806285786.07,2657207103.66,2721906359.92,1008.95,1089104678.98,215.639869,658754349.64,446757782.16,1159736399.69,777372163.72,nama_10r_3gva,FIRST,1,2020,2025-06-25
2023Q3,SE,PT33,K,2756540934.54,2983756402.26,2431370302.34,2631782686.4,1014.24,1232679592.33,76.791251,507881201.6,558336810.77,672513442.24,1026028273.66,namq_10_gdp,SECOND,0,2015,2024-03-02
2024Q2,DK,RO979,P,2770467408.35,2538769177.15,2395167844.17,2194856463.05,1016.86,1012073355.23,81.34046,671331749.46,449209481.81,622062378.52,1057767847.11,nama_10_gdp,BENCHMARK,1,2020,2024-07-18
2025Q1,IE,HU6,U,2805768426.85,2910409256.94,2434984738.82,2525797231.36,1026.56,1003234722.82,114.22363,567846718.97,447987516.96,826647323.29,721681753.74,nama_10r_3gdp,FLASH,0,2015,2024-11-01
2026Q4,PL,AT78,E,2829971132.04,2561121979.73,2484415716.91,2248394560.4,1031.38,1124368926.21,135.216034,489812709.51,513175958.53,716476037.99,593549995.97,nama_10_gdp,FIRST,1,2020,2024-06-05
2018Q3,AT,IE516,J,2845762986.65,2804029024.09,2659526967.13,2620524211.31,1034.46,1454322480.93,112.637734,525217770.3,714605946.98,869608132.65,691520063.92,nama_10r_3gva,SECOND,0,2015,2026-01-26
2019Q2,EE,IT49,O,2864227551.88,2971172631.01,2771354625.38,2874831997.32,1039.29,1445994950.9,112.350348,776321715.37,710092432.51,1190125764.89,674466889.73,namq_10_gdp,BENCHMARK,1,2020,2024-10-30
2020Q1,IT,LV76,T,2902252484.41,2979448680.77,2597396686.85,2666484109.71,1048.28,1363634520.42,149.02551,521343731.59,568435977.91,1559618563.87,996586284.66,nama_10_gdp,FLASH,0,2015,2025-05-20
2021Q4,PT,FR22,D,2937073722.82,2965129867.29,2777081555.21,2803609388.24,1057.64,1079632915.13,104.118345,647747261.59,533385625.33,1187884035.18,1229300948.35,nama_10r_3gdp,FIRST,1,2020,2024-09-22
2022Q3,BE,DK828,I,2949314035.62,2799661058.38,2558162248.57,2428356947.36,1059.3,1230123070.35,171.875346,677477679.89,719287435.66,787074037.23,1394470286.02,nama_10_gdp,SECOND,0,2015,2024-07-31
2023Q2,FI,ES97,N,2977860603.82,2665647579.12,2688726993.24,2406828107.15,1066.23,1461134371.36,179.42849,636124008.81,748159531.14,1208114876.63,1375051743.53,nama_10r_3gva,BENCHMARK,1,2020,2025-12-10
2024Q1,LV,BG987,S,2994418958.73,3196512497.7,2839592343.55,3031236623.74,1071.26,1068484304.87,105.390462,540776367.42,447991297.73,1567749060.09,1044024288.25,namq_10_gdp,FLASH,0,2015,2024-10-04
2025Q4,RO,PL5,C,3019106668.26,2911871701.26,2807982354.37,2708246264.13,1075.41,1503439070.76,178.073434,513692377.31,551706998.17,689110841.02,1268414415.96,nama_10_gdp,FIRST,1,2020,2024-04-09
2026Q3,BG,LT73,H,3061570488.57,3040466872.98,2912065202.22,2891992136.84,1086.37,1225784389.94,153.630144,506468433.31,558587731.91,921371629.27,1189482818.05,nama_10r_3gdp,SECOND,0,2015,2024-11-12
2018Q2,FR,CY44,M,3083576347.2,2768268935.57,2978749371.74,2674160917.12,1090.9,1083415206.07,147.676592,819021498.69,630449153.45,1195540363.14,1327217725.13,nama_10_gdp,BENCHMARK,1,2020,2024-11-02
2019Q1,LT,EE5,R,3105355261.29,3142740536.11,3031535495.66,3068032056.63,1097.87,1503434742.05,222.312618,664807289.54,522020785.6,1392075823.5,769161419.89,nama_10r_3gva,FLASH,0,2015,2024-11-20
2020Q4,SK,PL541,B,3129593977.39,2847824192.14,2804247386.12,2551769847.66,1103.73,1107510201.29,117.798172,705678651.84,696813631.08,1403030121.91,995047272.3,namq_10_gdp,FIRST,1,2020,2025-12-30
2021Q3,HR,IT327,G,3146508015.81,3359513713.86,2793425377.98,2982528828.41,1103.91,1299949229.8,85.312246,668227272.09,673762380.25,1138779741.5,1142219069.73,nama_10_gdp,SECOND,0,2015,2026-02-23
2022Q2,DE,CY34,L,3169141671.05,2978997993.04,2852957855.67,2681784725.47,1109.88,1435178635.9,135.192448,775282109.35,452510142.0,1207855626.06,1205980897.47,nama_10r_3gdp,BENCHMARK,1,2020,2025-01-20
2023Q1,LU,LV1,Q,3194580814.56,3025712393.9,2767155404.38,2620881076.08,1116.08,1373923421.86,103.155163,628743276.19,493784031.48,1651898566.1,1609989728.59,nama_10_gdp,FLASH,0,2015,2024-05-04
2024Q4,SI,LV709,A,3221095005.9,2922964058.05,3058997661.72,2775869759.35,1121.69,1425303133.64,111.288329,799620265.85,744727496.36,884807269.52,789462798.2,nama_10r_3gva,FIRST,1,2020,2025-04-29
2025Q3,CY,IE253,F,3245804512.34,3034219933.92,2862982206.13,2676352703.09,1127.66,1540845930.62,119.61063,906734925.56,555589284.87,1247052971.95,1021317835.47,namq_10_gdp,SECOND,0,2015,2025-12-07
2026Q2,GR,IT40,K,3260830492.62,3534469958.28,2993802150.52,3245033369.88,1128.46,1221051028.67,208.902798,866132105.42,717417186.42,1109034023.05,1289589941.66,nama_10_gdp,BENCHMARK,1,2020,2025-01-28
2018Q1,MT,HU384,P,3299131573.59,3047110816.28,3063457765.32,2829440137.11,1139.87,1233271342.5,98.955714,674108351.55,853284567.73,1298615532.46,1102505133.28,nama_10r_3gdp,FLASH,0,2015,2024-08-11
2019Q4,ES,DE3,U,3327872473.26,3440695259.86,2958359115.7,3058654521.22,1144.59,1144602463.04,99.563907,534815866.67,860783613.57,900487155.76,886792712.36,nama_10_gdp,FIRST,1,2020,2025-12-10
2020Q3,CZ,IE93,E,3340179959.58,3053313455.72,3135563550.12,2866270229.36,1147.33,1673963049.23,90.758146,877117546.74,867161880.1,1785506750.58,1549057799.44,nama_10r_3gva,SECOND,0,2015,2024-02-21
2021Q2,HU,RO696,J,3375494164.49,3328629537.48,3267713338.29,3222345116.84,1154.29,1591248580.76,117.21687,673064688.13,619926172.06,1541819413.59,729456086.41,namq_10_gdp,BENCHMARK,1,2020,2025-04-12
2022Q1,NL,CY25,O,3385133852.42,3238716072.22,3080564330.68,2947320148.69,1154.53,1679326245.07,174.416908,604551189.98,732405139.71,1560242620.78,1455056227.75,nama_10_gdp,FLASH,0,2015,2024-08-16
2023Q4,SE,ES12,T,3418625304.39,3281358959.89,3275072880.51,3143570524.36,1166.27,1716387321.23,89.396137,693343149.34,632578410.26,1233848910.33,798639117.66,nama_10r_3gdp,FIRST,1,2020,2025-07-30
2024Q3,DK,FI620,D,3453600386.37,3641847225.34,3114406349.98,3284164597.91,1174.47,1641778947.12,151.067631,785350984.58,832622046.99,1450513394.75,1031578541.58,nama_10_gdp,SECOND,0,2015,2025-07-17
2025Q2,IE,FI9,I,3476479883.28,3777150762.73,3158231929.79,3431378446.87,1176.2,1537546838.93,195.26874,565297580.46,790761345.1,1635272809.26,863578808.95,nama_10r_3gva,BENCHMARK,1,2020,2025-07-26
2026Q1,PL,LT59,N,3513290025.86,3296803074.18,3434381008.29,3222756385.81,1188.56,1543435147.31,205.562244,676953249.8,846798061.8,1197060866.98,810677748.9,namq_10_gdp,FLASH,0,2015,2024-10-05
2018Q4,AT,PL887,S,3537111414.27,3632700301.28,3331964432.2,3422009311.86,1192.16,1336762026.19,126.65192,585847819.86,527966563.76,1305202668.2,1154750335.99,nama_10_gdp,FIRST,1,2020,2024-06-27
2019Q3,EE,DK667,C,3556351226.78,3268781726.95,3224069177.46,2963368278.8,1194.39,1796226604.71,170.452064,734047527.37,544130611.19,1240303278.98,1043893675.98,nama_10r_3gdp,SECOND,0,2015,2025-11-23
2020Q2,IT,LV47,H,3563813171.35,3493000170.61,3306981211.9,3241271464.58,1193.15,1315831858.67,183.641303,849095923.42,871745090.84,1190554909.59,1367634499.4,nama_10_gdp,BENCHMARK,1,2020,2024-07-15
2021Q1,PT,LV985,M,3592290661.84,3712842328.28,3111284141.71,3215693980.27,1202.6,1528970207.15,209.280376,999150696.49,563536833.07,962851626.28,1536093241.9,nama_10r_3gva,FLASH,0,2015,2024-11-28
2022Q4,BE,BG362,R,3627915178.37,3372993440.41,3256206881.54,3027403870.28,1209.32,1592622319.18,183.248476,679335463.25,767318885.33,1869381062.13,953035047.25,namq_10_gdp,FIRST,1,2020,2024-05-11
2023Q3,FI,ES530,B,3638836188.23,3936554336.66,3193989401.09,3455311582.53,1209.86,1638499079.72,88.069878,821073880.8,618245650.11,1217092851.64,1156635515.38,nama_10_gdp,SECOND,0,2015,2024-12-13
2024Q2,LV,EE318,G,3671349964.19,3826017564.95,3341805214.94,3482589667.48,1216.71,1404225628.92,152.165161,921652716.17,583914895.31,1452395218.64,1180195928.5,nama_10r_3gdp,BENCHMARK,1,2020,2024-11-22
2025Q1,RO,CZ4,L,3704542159.08,3553088183.02,3234103224.11,3101882352.75,1223.35,1486957524.58,153.050092,760898856.33,827233682.11,1682249939.84,1727252893.47,nama_10_gdp,FLASH,0,2015,2025-06-30
2026Q4,BG,FR545,Q,3734328665.25,4005520241.48,3658348695.52,3924022512.18,1231.46,1337425592.98,124.407669,746659077.46,585534641.1,1775322674.56,1203787984.56,nama_10r_3gva,FIRST,1,2020,2025-01-17
2018Q3,FR,PT56,A,3753729407.19,3808394754.94,3498953901.92,3549908968.48,1233.99,1849628154.33,101.493722,607536449.61,598423928.54,1307440133.77,1496016090.93,namq_10_gdp,SECOND,0,2015,2025-05-03
2019Q2,LT,NL3,F,3788438881.66,3400479707.84,3543185457.63,3180341725.49,1244.48,1649770409.57,243.48473,763753928.35,571233519.85,1350606865.41,1382070549.71,nama_10_gdp,BENCHMARK,1,2020,2024-11-08
2020Q1,SK,CY57,K,3789056459.32,4056833276.68,3303258211.04,3536703128.04,1240.61,1607572641.67,123.525327,867511290.27,815243685.23,1107526884.92,1650358354.3,nama_10r_3gdp,FLASH,0,2015,2024-02-18
2021Q4,HR,AT388,P,3837386053.41,4047931444.51,3339219459.0,3522432004.52,1251.45,1509237993.35,188.200513,827764790.37,609230112.24,1332803039.52,823235990.92,nama_10_gdp,FIRST,1,2020,2024-11-28
2022Q3,DE,ES16,U,3842694528.11,3607180572.21,3548140965.63,3330679830.27,1252.59,1487068328.51,97.646713,1055936916.3,980218923.62,1696410546.79,1651863843.58,nama_10r_3gva,SECOND,0,2015,2024-07-23
2023Q2,LU,HU80,E,3876857631.74,4107295480.29,3789823520.33,4015088118.97,1257.61,1704196273.94,108.576938,1022839510.36,878809482.97,1913249830.29,863927129.17,namq_10_gdp,BENCHMARK,1,2020,2025-12-23
2024Q1,SI,DK784,J,3906166821.24,4129709534.17,3657354349.16,3866657983.84,1266.46,1660054580.45,153.297124,940427193.39,876934554.94,1817073810.99,1429325457.11,nama_10_gdp,FLASH,0,2015,2025-04-02
2025Q4,CY,PT62,O,3924199665.9,3750471010.15,3721133537.45,3556394843.61,1267.78,1767992342.72,280.376159,857121010.96,732784452.89,1239586987.47,2000363807.13,nama_10r_3gdp,FIRST,1,2020,2024-12-04
2026Q3,GR,FR5,T,3962986521.1,4197591126.05,3432628189.42,3635836142.83,1275.82,1448454647.99,112.291545,949991299.58,978463983.19,1907801139.97,1233064556.34,nama_10_gdp,SECOND,0,2015,2024-12-04
2018Q2,MT,FR959,D,3965329673.77,3779461679.62,3724873210.42,3550276198.56,1274.04,1921404482.23,265.417353,1076472319.03,788217968.61,1301228595.59,1835658532.74,nama_10r_3gva,BENCHMARK,1,2020,2024-08-05
2019Q1,ES,MT23,I,4003855437.85,3874253705.13,3634804702.54,3517148859.34,1282.18,1946737580.04,134.376284,1095527568.95,950708740.91,1546234259.48,1778294857.96,namq_10_gdp,FLASH,0,2015,2024-04-05
2020Q4,CZ,BE53,N,4021020912.55,3828124534.37,3478058183.39,3311208808.25,1286.34,1977361703.3,211.515281,727390817.6,726018560.09,1130939797.7,992038364.18,nama_10_gdp,FIRST,1,2020,2025-09-22
2021Q3,HU,IE209,S,4064574415.17,3682996232.71,3864019069.44,3501268822.33,1297.02,1483064333.56,102.640332,652411127.69,706122336.82,1145900948.5,1107300654.13,nama_10r_3gdp,SECOND,0,2015,2024-09-23
2022Q2,NL,NL46,C,4070267351.8,3897977340.11,3966236736.42,3798350228.08,1295.23,1387012559.22,212.872114,1037532956.05,699304815.45,1016292620.31,988130966.63,nama_10_gdp,BENCHMARK,1,2020,2025-01-30
2023Q1,SE,PT61,H,4094165175.9,4094727419.6,3678694870.86,3679200058.84,1300.74,2055960378.64,222.075301,726774781.75,747217910.45,1114316303.66,1181952984.31,nama_10r_3gva,FLASH,0,2015,2024-03-02
2024Q4,DK,SK661,M,4130206177.7,4337189387.81,3558856707.05,3737207025.14,1305.13,2075941030.86,161.068309,678113559.29,956304933.97,1548476563.71,2007430740.89,namq_10_gdp,FIRST,1,2020,2025-08-02
2025Q3,IE,LU80,R,4164318783.52,4271927977.07,3614845201.42,3708255575.88,1315.08,1663204506.39,104.635681,945897863.58,780103973.74,1184445962.84,2137156296.22,nama_10_gdp,SECOND,0,2015,2024-11-03
2026Q2,PL,LT591,B,4174423712.3,3887170986.61,3799882653.22,3538403051.57,1312.76,1543050574.69,162.12428,1164027930.06,720809366.22,1699513900.03,858780658.59,nama_10r_3gdp,BENCHMARK,1,2020,2024-06-21
2018Q1,AT,HU467,G,4196616812.44,4181678458.3,3649500664.27,3636509834.8,1320.09,1973417224.59,144.991429,1091363783.57,983847661.87,1920059666.97,1789205252.21,nama_10_gdp,FLASH,0,2015,2025-09-19
2019Q4,EE,LU131,L,4226174843.24,4437932968.23,4053395530.6,4256496317.77,1326.05,2120980319.33,205.580826,1095226140.33,784995555.59,2062385585.36,995791433.32,nama_10r_3gva,FIRST,1,2020,2024-09-19
2020Q3,IT,PT52,Q,4242750566.32,4478412710.98,4086540862.82,4313526392.36,1326.75,1449363708.33,134.770819,1171432806.36,879330816.39,2064402667.48,1749619989.65,namq_10_gdp,SECOND,0,2015,2026-01-20
2021Q2,PT,SK37,A,4268722773.29,4482049753.46,4140506362.83,4347425801.18,1329.3,1871027962.61,185.205482,933428961.61,600876135.19,1700350777.77,1947957166.86,nama_10_gdp,BENCHMARK,1,2020,2025-01-27
2022Q1,BE,CZ706,F,4298077314.96,4167012135.51,4066252924.29,3942256976.77,1335.75,1611346630.69,128.64201,952772250.7,1007832002.75,1869328423.18,1326660262.35,nama_10r_3gdp,FLASH,0,2015,2025-05-11
2023Q4,FI,RO41,K,4326691198.53,4079615992.72,4019829352.43,3790277457.23,1342.11,1635394016.83,110.305959,842488317.31,683678034.93,1241918392.71,1608110076.53,nama_10_gdp,FIRST,1,2020,2025-09-04
2024Q3,LV,LT711,P,4337057703.69,4401267977.21,4130067685.52,4191213465.41,1340.33,2042721652.95,183.439402,907677039.04,1024889776.42,958225038.83,1371372721.65,nama_10r_3gva,SECOND,0,2015,2025-06-19
2025Q2,RO,AT29,U,4385089164.0,4136824892.12,4156301300.06,3920989980.86,1354.25,1802180530.34,241.287901,824932976.68,767546577.22,1071572181.17,1181871451.02,namq_10_gdp,BENCHMARK,1,2020,2024-03-20
2026Q1,BG,LV525,E,4389271724.55,4129903031.16,4084313397.64,3842965152.23,1352.21,1705407544.77,196.772611,883883238.77,812903849.42,1838787583.52,975657136.03,nama_10_gdp,FLASH,0,2015,2025-10-04
2018Q4,FR,ES56,J,4435560310.63,4619124077.99,4113551432.47,4283789000.06,1363.9,2049120203.45,124.554335,871798895.53,667862124.24,1975303190.89,2305132216.82,nama_10r_3gdp,FIRST,1,2020,2025-11-13
2019Q3,LT,SI784,O,4450788274.73,4167338210.51,4325379326.77,4049915976.85,1362.48,1548636167.71,142.379859,973913888.55,793637714.99,2191290140.95,1237994279.89,nama_10_gdp,SECOND,0,2015,2025-06-05
2020Q2,SK,SK49,T,4485844072.89,4324729885.35,3962619946.36,3820297947.9,1370.56,2197079475.82,128.098068,802455011.49,1010100051.86,2404246791.85,2227972485.29,nama_10r_3gva,BENCHMARK,1,2020,2025-07-06
2021Q1,HR,EE390,D,4504289438.14,4614562943.73,4233239527.64,4336877219.92,1374.75,2138642691.66,118.633888,1080740891.72,983295709.43,2031119262.59,2161332352.56,namq_10_gdp,FLASH,0,2015,2025-08-29
2022Q4,DE,BE741,I,4539298373.18,4311192576.53,4312131689.25,4095441321.4,1380.52,1939081878.98,169.175533,1006955527.04,1156262911.02,2033624645.69,2348137440.96,nama_10_gdp,FIRST,1,2020,2025-02-26
2023Q3,LU,FI36,N,4549081216.31,4384639996.03,4212828889.87,4060542595.0,1380.24,2315804006.99,158.911062,1000092853.2,859935921.17,1362818093.76,1927283831.64,nama_10r_3gdp,SECOND,0,2015,2024-02-28
2024Q2,SI,CY33,S,4578147958.89,4855038010.86,4193896605.72,4447546828.38,1384.91,2078674259.69,152.074032,860989399.92,839258538.09,1153281236.73,983152847.0,nama_10_gdp,BENCHMARK,1,2020,2024-06-30
2025Q1,CY,DK27,C,4586992840.26,4306054085.25,3977840215.39,3734210125.56,1386.41,1602907288.09,144.246951,897982308.01,747352013.57,1392800209.19,1435650100.89,nama_10r_3gva,FLASH,0,2015,2024-04-21
2026Q4,GR,CZ6,H,4628447090.88,4421832669.96,4258957180.96,4068836832.94,1394.33,2007856997.58,134.212106,830543172.31,1072164203.25,1136281544.94,2057603869.8,namq_10_gdp,FIRST,1,2020,2024-01-24
2018Q3,MT,LU2,M,4640272942.5,4813432051.75,4515656445.45,4684165293.41,1393.23,1989487632.02,180.541241,972242466.71,829916172.31,1981303065.48,1890529059.08,nama_10_gdp,SECOND,0,2015,2024-10-14
2019Q2,ES,DK6,R,4688470085.27,4426603432.24,4559275330.16,4304624634.05,1407.25,2127003590.74,189.443422,1089130537.97,676350268.02,2094003523.72,1452522932.32,nama_10r_3gdp,BENCHMARK,1,2020,2024-12-16
2020Q1,CZ,DE57,B,4698290364.14,4222622770.19,4335217535.19,3896308414.13,1403.53,1650510754.17,214.720447,1050488822.18,1185734708.09,1949897733.3,1972781989.87,nama_10_gdp,FLASH,0,2015,2026-01-10
2021Q4,HU,DK47,G,4728855100.44,4457351212.08,4140272104.14,3902561294.38,1412.53,2338247682.95,199.569445,1200177233.4,726144765.35,2009954188.18,984992798.24,nama_10r_3gva,FIRST,1,2020,2024-06-23
2022Q3,NL,HU36,L,4753529876.73,4526565938.37,4388732189.2,4179186027.11,1414.42,2236007818.84,301.899032,1073367600.72,941539160.0,1066260407.0,1707893822.78,namq_10_gdp,SECOND,0,2015,2025-11-24
2023Q2,SE,BE19,Q,4768722669.44,4923212216.29,4165519597.03,4300467523.24,1415.18,2008685506.11,109.651107,930810241.87,1142424863.88,1848619908.0,2125169982.89,nama_10_gdp,BENCHMARK,1,2020,2024-05-26
2024Q1,DK,GR3,A,4788859589.08,4731820015.62,4275012910.86,4224093707.99,1420.48,1916534440.94,267.572271,1297961289.26,970589944.47,2188473291.95,1692059155.11,nama_10r_3gdp,FLASH,0,2015,2026-02-21
2025Q4,IE,CZ8,F,4816275419.22,5216485585.34,4619854551.08,5003743053.38,1424.19,1795184516.41,157.672555,1060283868.31,1248602496.25,1709200207.87,1836985439.07,nama_10_gdp,FIRST,1,2020,2024-01-09
2026Q3,PL,FI2,K,4850966102.21,4624653413.58,4693898037.78,4474913063.92,1432.22,1981831482.22,328.044431,1245316892.03,701470759.91,1689464278.37,1854083558.16,nama_10r_3gva,SECOND,0,2015,2025-02-20
2018Q2,AT,ES64,P,4861477854.25,5255092129.93,4377311736.24,4731725031.97,1430.93,2413885814.56,156.147247,1013854831.26,853504108.06,2440810026.95,1472784702.64,namq_10_gdp,BENCHMARK,1,2020,2026-02-04
2019Q1,EE,HU923,U,4895728581.14,4483439481.2,4292670782.18,3931167617.99,1437.44,1756869298.98,130.405349,1156008017.02,860826695.12,1931671856.2,2432855342.45,nama_10_gdp,FLASH,0,2015,2024-03-29
2020Q4,IT,DK143,E,4937065583.38,5221920083.47,4559013693.45,4822055685.62,1443.7,1905301079.88,234.522385,1250500222.62,792795831.68,1457491110.34,1966546160.92,nama_10r_3gdp,FIRST,1,2020,2024-09-30
2021Q3,PT,SK882,J,4945830294.07,4528851858.37,4590611515.9,4203581251.02,1443.84,2320282962.06,147.769362,1280097346.01,807971322.66,2546839544.04,1786039762.89,nama_10_gdp,SECOND,0,2015,2024-06-08
2022Q2,BE,IE517,O,4987750558.03,5279313767.39,4677683654.46,4951121638.74,1453.78,1831707865.54,164.148033,968950629.34,983117008.95,2352402868.05,1077651867.7,nama_10r_3gva,BENCHMARK,1,2020,2025-01-17
2023Q1,FI,CZ66,T,5010248249.72,4691274489.5,4714412933.6,4414273310.63,1455.0,1995909979.32,221.267672,1356520631.63,771462096.91,1475343847.37,1818378216.12,namq_10_gdp,FLASH,0,2015,2025-05-19
2024Q4,LV,ES621,D,5016011942.8,4679055727.97,4394271980.53,4099081843.35,1453.19,1720767571.99,177.510184,851134658.18,816573124.65,2231536283.71,1713641062.35,nama_10_gdp,FIRST,1,2020,2024-07-11
2025Q3,RO,DE48,I,5037813189.99,5468137592.61,4591536334.53,4983740264.24,1458.21,2502413711.08,170.194491,1357700190.32,1283719366.16,1923232084.06,1793070437.72,nama_10r_3gdp,SECOND,0,2015,2025-04-01
2026Q2,BG,MT539,N,5074100988.88,4940067384.67,4529000869.1,4409366216.32,1463.64,2201653981.15,162.112508,1271432342.3,744475185.55,1181673035.91,1063299734.06,nama_10_gdp,BENCHMARK,1,2020,2024-06-02
2018Q1,FR,PT4,S,5096436523.66,5115006089.15,4587212005.44,4603926141.55,1469.34,2585514561.15,400.504519,1115779227.51,933386603.28,2141804606.75,2104898143.7,nama_10r_3gva,FLASH,0,2015,2025-05-16
2019Q4,LT,IT1,C,5114706974.12,5536026866.09,4961998796.17,5370739474.24,1468.98,2149338803.08,147.787801,954917038.66,1322623653.48,1192601766.92,1827474119.49,namq_10_gdp,FIRST,1,2020,2024-04-05
2020Q3,SK,LT11,H,5144950362.86,5100691230.71,5015408620.43,4972263863.48,1473.75,2340769190.19,153.615783,1043033402.8,891397621.33,1433483640.98,1334320900.05,nama_10_gdp,SECOND,0,2015,2024-01-11
2021Q2,HR,PT851,M,5173829612.98,4656734666.82,4673593679.72,4206494479.9,1481.77,2072683482.73,128.647297,1010911029.81,729893258.52,2671388774.22,2488222615.08,nama_10r_3gdp,BENCHMARK,1,2020,2026-02-25
2022Q1,DE,SK5,R,5197569848.88,5314098965.29,4964916106.97,5076229144.37,1483.28,1912507033.43,172.937495,851114584.41,870482804.51,2213263800.45,2580504003.02,nama_10_gdp,FLASH,0,2015,2024-09-17
2023Q4,LU,IE820,B,5222683718.43,5069115761.15,4649878643.71,4513153464.98,1486.12,2072475191.55,207.636973,1206188806.21,732996519.05,1214677305.66,2396901674.36,nama_10r_3gva,FIRST,1,2020,2024-02-13
2024Q3,SI,NL689,G,5245112372.45,5125586184.24,4821813877.57,4711933861.27,1489.06,2233750039.88,191.478141,976236551.62,1222642116.36,1747152350.42,1108103584.35,namq_10_gdp,SECOND,0,2015,2024-11-19
2025Q2,CY,DK29,L,5280044778.17,5092624139.07,5058009684.07,4878470409.81,1494.8,2318765645.08,179.360648,1203790075.19,894251684.45,2030536003.76,2193526122.82,nama_10_gdp,BENCHMARK,1,2020,2025-07-26
2026Q1,GR,EE69,Q,5314796163.77,4781969767.04,4719814997.69,4246637487.03,1503.64,2454956576.23,240.351273,1151056446.09,999227666.35,2679656796.58,1500336046.7,nama_10r_3gdp,FLASH,0,2015,2025-08-08
2018Q4,MT,LV6,A,5321941483.14,4934451071.69,5187093993.63,4809421824.14,1500.13,2127412725.31,148.82131,1178963294.87,936307674.05,2753516954.7,2540179247.08,nama_10_gdp,FIRST,1,2020,2025-03-08
2019Q3,ES,CZ62,F,5344491768.66,5028247311.25,4937935827.16,4645748112.41,1503.75,2675952424.61,174.280646,1295749601.65,898889227.79,2793245088.52,2589951513.53,nama_10r_3gva,SECOND,0,2015,2025-12-08
2020Q2,CZ,HR28,K,5361327414.88,5300303063.76,4705423776.88,4651865131.7,1504.3,2082735047.25,403.970837,1172862044.29,1031675471.4,1933586011.26,2120731419.97,namq_10_gdp,BENCHMARK,1,2020,2025-03-01
2021Q1,HU,SI27,P,5385753380.45,5288098401.9,5276244898.05,5180575537.44,1509.33,2265740202.95,140.802182,1259799291.19,1303972582.2,2705630901.02,2265761190.81,nama_10_gdp,FLASH,0,2015,2024-08-10
2022Q4,NL,IT5,U,5415381787.48,4854970169.1,5077622853.5,4552164270.43,1513.49,2572037091.88,181.146071,947585811.12,1097456212.72,1709082199.9,1772518765.93,nama_10r_3gdp,FIRST,1,2020,2024-07-31
2023Q3,SE,MT79,E,5460096798.64,4977880606.04,5240042796.75,4777260985.43,1525.22,2779297032.45,372.084534,1105096938.71,1117881208.93,1792617011.04,2785924367.3,nama_10_gdp,SECOND,0,2015,2024-08-08
2024Q2,DK,ES488,J,5482305435.17,5057814202.78,4773743007.65,4404115288.73,1527.74,2692193971.52,134.186728,1198864880.5,1290856521.7,1592853240.03,1345710014.42,nama_10r_3gva,BENCHMARK,1,2020,2025-03-25
2025Q1,IE,AT88,O,5502510696.73,5034947857.32,5108298959.82,4674233330.9,1529.01,2009945366.25,189.866838,1360412253.89,1170526616.91,1701284161.65,2487187282.99,namq_10_gdp,FLASH,0,2015,2024-05-27
2026Q4,PL,SK718,T,5538804943.12,5696859357.55,5142716358.3,5289468054.91,1533.08,2065893561.94,292.213838,1323725882.8,1131386743.04,1963647437.14,2201856504.29,nama_10_gdp,FIRST,1,2020,2024-11-09
2018Q3,AT,BG8,D,5539731203.36,5765415567.34,5243907145.61,5457539866.31,1532.33,2392552389.31,422.919148,1116629837.66,1279037697.66,1899124976.35,1747229799.28,nama_10r_3gdp,SECOND,0,2015,2026-01-27
2019Q2,EE,ES256,I,5576448684.71,5331034471.71,5276096773.76,5043900763.24,1537.08,2612853843.59,375.870225,1163524929.65,1248133929.9,2717611050.77,1448665394.28,nama_10_gdp,BENCHMARK,1,2020,2024-08-29
2020Q1,IT,FR4,N,5602010064.48,5704245420.78,5322461290.74,5419594948.15,1542.1,2378390566.26,318.822541,1397222873.53,895108237.19,2394172750.52,2041610428.58,nama_10r_3gva,FLASH,0,2015,2024-06-03
2021Q4,PT,EE67,S,5637643874.54,5081054476.16,5523463609.05,4978146920.81,1549.29,2217860217.15,178.748007,1120633248.67,1029516623.24,1762811567.99,2052084191.35,namq_10_gdp,FIRST,1,2020,2025-04-07
2022Q3,BE,PL890,C,5652545597.3,5554537295.35,5472689794.34,5377799974.41,1551.46,2411683657.61,425.341742,1200688383.92,835924016.42,2217848881.01,1683700473.51,nama_10_gdp,SECOND,0,2015,2024-04-08
2023Q2,FI,CZ605,H,5672618716.52,5385781049.23,5333060773.6,5063392955.57,1551.13,2644861031.6,259.279679,1450112666.19,1418090387.65,3104807836.72,1705584637.25,nama_10r_3gdp,BENCHMARK,1,2020,2025-02-15
2024Q1,LV,PL95,M,5697561248.36,5401665977.11,5136411334.32,4869658638.07,1555.46,2541136082.57,150.706908,1028747066.32,1387771037.66,2329254950.27,2146246578.05,nama_10_gdp,FLASH,0,2015,2025-11-25
2025Q4,RO,FR32,R,5726136813.29,5369800174.23,5371233581.72,5036982517.77,1560.02,2556632828.25,193.778838,1575290403.93,897626495.08,1480971725.02,2245989399.59,nama_10r_3gva,FIRST,1,2020,2024-12-24
2026Q3,BG,HR49,B,5755645303.43,5169045014.86,5414412717.18,4862589959.72,1565.17,2039207764.02,356.112691,1350606591.93,1307902146.14,1693473936.97,2281640139.55,namq_10_gdp,SECOND,0,2015,2025-07-07
2018Q2,FR,PT1,G,5765459922.09,5870427862.91,5369456219.89,5467214381.49,1565.4,2413408097.25,170.814969,1264389775.12,924853624.23,1815039355.1,2556842095.66,nama_10_gdp,BENCHMARK,1,2020,2026-01-02
2019Q1,LT,IE204,L,5799148152.1,6296453457.92,5529322496.22,6003488932.89,1569.95,2104881645.94,171.315285,1005218872.62,1145026942.13,1864730565.03,2504738301.08,nama_10r_3gdp,FLASH,0,2015,2025-05-02
2020Q4,SK,IT102,Q,5811443058.36,5614926698.74,5224838334.62,5048158257.26,1569.79,2182883515.56,174.460325,1506543967.62,1408617047.1,3112998609.78,2694428927.04,nama_10_gdp,FIRST,1,2020,2025-07-28
2021Q3,HR,LV208,A,5846911561.68,5274288720.88,5248487036.34,4734471470.18,1575.68,2311879868.42,435.165631,1172952234.02,861217189.84,1324272842.4,1741809422.19,nama_10r_3gva,SECOND,0,2015,2024-12-31
2022Q2,DE,DK70,F,5875545808.08,5791375615.61,5378634698.81,5301583011.6,1581.55,2852848495.63,305.80887,1388078533.04,931847910.4,1745804282.57,1851830116.23,namq_10_gdp,BENCHMARK,1,2020,2024-10-02
2023Q1,LU,LT63,K,5902018735.96,5556066732.9,5469525687.64,5148924643.81,1585.07,2027219770.35,226.63275,1370132908.13,1500897524.72,2739653715.11,2025164353.14,nama_10_gdp,FLASH,0,2015,2024-11-27
2024Q4,SI,FI29,P,5919887080.72,5946669345.51,5747079305.66,5773079767.78,1585.12,2389240041.5,449.469144,1310950569.48,1480837906.44,1630729932.34,1314795756.34,nama_10r_3gdp,FIRST,1,2020,2024-08-19
2025Q3,CY,MT8,U,5947623197.88,5333664601.67,5694809863.43,5106948569.41,1586.81,2197602459.07,153.100701,1327852138.18,1423374439.07,1570952540.99,2026568406.03,nama_10_gdp,SECOND,0,2015,2026-01-23
2026Q2,GR,IE23,E,5974385742.34,6490132678.81,5188139041.3,5636012166.99,1592.91,2596042916.09,167.76464,1351560131.48,1190429311.99,2343856053.01,2496401180.73,nama_10r_3gva,BENCHMARK,1,2020,2026-01-03
2018Q1,MT,DE228,J,5986947701.72,5379399761.2,5177609627.74,4652192299.43,1593.38,2374658556.78,282.799557,1632829643.12,1130013495.57,3285672261.77,1373713967.12,namq_10_gdp,FLASH,0,2015,2026-02-16
2019Q4,ES,PL576,O,6011728380.97,5636909438.13,5482356424.13,5140542737.79,1595.53,2465678597.14,201.092232,1647075301.97,1515765571.58,3286774653.4,1316146664.63,nama_10_gdp,FIRST,1,2020,2024-10-18
2020Q3,CZ,NL64,T,6044830243.36,5876832735.38,5674365414.55,5516663839.72,1598.82,2942372749.34,386.185265,1336050739.68,1371703195.89,2079513872.52,1232567295.52,nama_10r_3gdp,SECOND,0,2015,2025-10-18
2021Q2,HU,ES900,D,6080302366.44,5880352905.56,5799945728.89,5609215736.9,1608.0,2685259590.35,245.980959,1168927902.99,1493617403.04,2967074703.62,1319160467.33,nama_10_gdp,BENCHMARK,1,2020,2024-11-12
2022Q1,NL,IT217,I,6098164617.48,6462111179.38,5747101226.65,6090095859.22,1606.05,3002212983.28,167.093323,1150244280.81,1035428032.72,2542377104.08,2456881831.73,nama_10r_3gva,FLASH,0,2015,2024-03-02
2023Q4,SE,LU1,N,6136514518.86,5511574988.98,5837436105.44,5242954569.67,1616.01,2374384307.31,337.407681,1427886540.97,903327319.11,1732788241.23,2404576155.58,namq_10_gdp,FIRST,1,2020,2025-10-18
2024Q3,DK,SK80,S,6157805050.2,6430789170.48,5928693048.0,6191520312.41,1615.41,2461218327.87,341.170906,1261854981.94,1162565059.84,1577898751.25,2931040087.6,nama_10_gdp,SECOND,0,2015,2025-04-14
2025Q2,IE,CZ86,C,6165436491.99,6457847352.23,5554822576.64,5818273582.95,1614.83,2157289223.84,410.566036,1325246862.62,1067607184.31,2479390566.36,1615353152.9,nama_10r_3gdp,BENCHMARK,1,2020,2024-10-24
2026Q1,PL,BE78,H,6193168761.45,6456743280.38,5910617349.16,6162166787.64,1620.17,2862432818.8,172.453615,1541866886.5,1264388544.24,2024761302.66,2837865323.56,nama_10_gdp,FLASH,0,2015,2025-01-09
2018Q4,AT,HR499,M,6227041456.99,5819079513.12,5822524547.63,5441064355.17,1625.99,2985522465.69,437.241518,1157086026.49,1333461225.8,3301830380.54,2536681961.35,nama_10r_3gva,FIRST,1,2020,2024-10-02
2019Q3,EE,SI2,R,6254441740.32,6605636561.2,5873999362.64,6203831862.44,1628.78,3183078685.02,503.430132,1420014484.78,1389288541.49,3111567036.75,2678910688.01,namq_10_gdp,SECOND,0,2015,2025-04-11
2020Q2,IT,BG5,B,6287345426.66,6504957946.68,5942459706.43,6148135320.55,1633.22,2485397100.17,192.126223,1313953434.08,1163911548.78,2471127918.79,1351583571.39,nama_10_gdp,BENCHMARK,1,2020,2025-08-17
2021Q1,PT,IT946,G,6306615933.27,6484903688.06,6119629750.18,6292631413.8,1634.61,2822641814.63,332.96978,1716634967.51,1211966563.62,1572018455.63,1269939220.29,nama_10r_3gdp,FLASH,0,2015,2025-03-28
2022Q4,BE,LU64,L,6330526873.94,6118731063.02,5551049412.64,5365332009.45,1636.66,2884153053.2,175.406924,1373041511.27,1046115883.33,1415620250.41,2369464299.84,nama_10_gdp,FIRST,1,2020,2025-02-21
2023Q3,FI,MT879,Q,6342912018.78,6569946529.99,5714748954.22,5919299361.3,1636.4,2322751484.05,170.318627,1655178324.67,1318764168.66,3322661040.72,2540214484.56,nama_10r_3gva,SECOND,0,2015,2025-04-13
2024Q2,LV,BE1,A,6365708629.66,6396993544.69,5973289484.76,6002645816.46,1640.66,2807141821.2,177.067042,1246774510.6,1627715911.56,2876654583.57,2909828842.66,namq_10_gdp,BENCHMARK,1,2020,2026-02-19
2025Q1,RO,FR495,F,6402530345.94,6130765208.95,5899390632.1,5648982025.4,1647.24,2572614842.75,219.924838,1734256542.08,1351202611.85,2693877744.49,1495208419.01,nama_10_gdp,FLASH,0,2015,2024-02-25
2026Q4,BG,DE810,K,6435523045.59,6690939188.11,6234713259.56,6482159566.44,1652.66,3266726811.37,191.748083,1434738279.43,1644901142.3,3534419089.25,2087052615.46,nama_10r_3gdp,FIRST,1,2020,2025-12-22
2018Q3,FR,HU603,P,6440188018.33,6241102047.49,5996076892.65,5810719759.29,1648.0,2853866040.01,370.935432,1289677139.76,1413437807.58,2626483643.83,3050378653.32,nama_10_gdp,SECOND,0,2015,2024-06-25
2019Q2,LT,NL9,U,6477138702.8,6723229579.46,5765090041.62,5984127509.78,1653.7,2695075804.72,152.323661,1294063187.39,1284637118.13,2933271968.3,1448343170.17,nama_10r_3gva,BENCHMARK,1,2020,2025-10-13
2020Q1,SK,CY681,E,6487858873.04,6221700803.54,5837382506.4,5597909594.1,1656.28,3209505095.99,188.870907,1699294076.98,1157528010.82,1921487890.72,2711969798.41,namq_10_gdp,FLASH,0,2015,2025-09-25
2021Q4,HR,LT4,J,6539119067.82,6989807130.13,5977481422.67,6389460389.86,1663.52,2595021969.42,528.920622,1261973572.91,1197646338.21,2390733503.35,2869905576.02,nama_10_gdp,FIRST,1,2020,2026-02-06
2022Q3,DE,HR157,O,6551048184.03,6200930336.52,5723165145.68,5417293137.81,1665.63,3226923543.01,172.707999,1461716890.93,940032663.63,3406944881.8,2516379492.82,nama_10r_3gdp,SECOND,0,2015,2025-04-16
2023Q2,LU,FI63,T,6587615679.47,6769266597.3,6305846220.72,6479727456.27,1669.31,2538785603.22,178.557954,1381860106.27,1255893508.84,2293675402.77,2140914824.22,nama_10_gdp,BENCHMARK,1,2020,2025-01-31
2024Q1,SI,AT33,D,6603662154.11,7072142553.83,6262396486.97,6706666642.06,1671.67,2873800201.88,175.255632,1808656439.46,1177780929.91,2127902557.01,2251924525.05,nama_10r_3gva,FLASH,0,2015,2025-11-17
2025Q4,CY,EE2,I,6621178121.98,7015174044.76,6020228191.5,6378464341.92,1670.92,2299776361.67,528.46296,1708929612.67,1269471380.89,3533480933.33,2254666959.58,namq_10_gdp,FIRST,1,2020,2025-10-12
2026Q3,GR,SK221,N,6643699549.0,6244825718.46,6444572586.27,6057653922.24,1673.5,3398981447.4,283.429253,1129357703.76,1548054239.79,3190562768.64,3186387873.97,nama_10_gdp,SECOND,0,2015,2024-08-16
2018Q2,MT,PT10,S,6661634230.88,6230433858.85,5999501912.3,5611160648.44,1673.64,3422634961.99,319.675758,1487930733.06,1593316725.44,1492707848.25,2161467564.05,nama_10r_3gdp,BENCHMARK,1,2020,2025-12-20
2019Q1,ES,LU9,C,6686147972.28,6291701637.67,5937461723.0,5587183801.65,1676.15,2648535577.13,174.615225,1687716221.78,1347788383.45,2719715301.31,2933924639.21,nama_10_gdp,FLASH,0,2015,2024-09-07
2020Q4,CZ,LU7,H,6730321097.24,6730795249.77,6044048356.91,6044474161.38,1687.65,3452608564.1,183.750338,1573178944.45,1598569184.96,3326599009.67,2459414654.58,nama_10r_3gva,FIRST,1,2020,2024-12-31
2021Q3,HU,SI75,M,6763632189.11,6656160439.33,6552575431.93,6448457300.2,3382.45,3265731484.83,173.623578,1089766027.89,1330303492.08,2428653331.45,1843414223.28,namq_10_gdp,SECOND,0,2015,2024-12-25
2022Q2,NL,CZ183,R,6763104237.2,7014299658.17,6444369079.65,6683726029.81,3371.33,2346410626.34,212.742237,1152654451.79,1442034022.71,1943796163.8,2763340145.23,nama_10_gdp,BENCHMARK,1,2020,2025-04-20
2023Q1,SE,DK3,B,6810040647.89,7029972735.12,6500672661.23,6710613626.44,3374.34,2542501861.15,421.139141,1244289924.41,1645044755.51,3052876227.82,3389695195.21,nama_10r_3gdp,FLASH,0,2015,2024-12-09
2024Q4,DK,PT2,G,6822133500.66,6110855675.25,6112717462.36,5475403580.49,3368.99,2560291789.32,243.156127,1720138221.94,1045858478.31,3570801796.03,3113120920.26,nama_10_gdp,FIRST,1,2020,2025-02-13
2025Q3,IE,SI482,L,6861677822.46,6403924553.32,6669441119.51,6224512261.77,3370.12,3380708940.03,251.416835,1264418579.09,1041495389.59,1886845082.2,2103288185.55,nama_10r_3gva,SECOND,0,2015,2024-01-17
2026Q2,PL,GR345,Q,6884723067.06,7411741307.41,6447144616.18,6940666690.75,3368.98,2616901370.1,321.477881,1368798879.27,1635304123.99,2524684236.56,1684888369.94,namq_10_gdp,BENCHMARK,1,2020,2025-01-15
2018Q1,AT,BG7,A,6903656479.88,6873407342.65,6242590016.71,6215237415.57,3375.06,3242940066.71,209.183529,1481432178.56,1203520771.15,3410219341.7,3565587041.24,nama_10_gdp,FLASH,0,2015,2024-09-30
2019Q4,EE,EE197,F,6939153611.86,6906398937.24,6114671156.56,6085808261.26,3369.18,2511784825.9,228.556721,1919695079.26,1588896864.1,1830995466.39,2996186558.12,nama_10r_3gdp,FIRST,1,2020,2024-10-17
2020Q3,IT,RO97,K,6941398869.86,6411563687.98,6578184092.94,6076073001.11,3362.59,2883578723.17,449.010215,1428970723.61,1379596090.75,3054655332.27,1630784932.53,nama_10_gdp,SECOND,0,2015,2025-10-05
2021Q2,PT,CZ35,P,6973128096.25,6585755723.37,6734661639.23,6360536594.68,3361.78,3176453745.42,412.665927,1167361379.29,1641033409.89,3679542782.25,3053762284.34,nama_10r_3gva,BENCHMARK,1,2020,2025-07-30
2022Q1,BE,SK2,U,7006645612.68,7577106377.83,6360825169.45,6878705107.12,3362.82,2635491066.41,569.008416,1206279955.36,1812094268.48,1870892093.29,1478883685.05,namq_10_gdp,FLASH,0,2015,2025-07-23
2023Q4,FI,FI37,E,7027753138.36,6462382809.89,6333645437.7,5824114847.91,3358.7,3549173523.76,320.995774,1361441867.74,1075788521.86,2824993113.15,2679587981.48,nama_10_gdp,FIRST,1,2020,2024-03-05
2024Q3,LV,LV4,J,7060969945.77,7530662727.54,6305184845.49,6724603116.98,3374.16,3401325584.41,395.222163,1889042712.32,1430522689.96,2868988943.2,2312211519.25,nama_10r_3gdp,SECOND,0,2015,2024-01-11
2025Q2,RO,GR7,O,7074652563.08,6610324772.41,6637102017.69,6201491803.78,3363.29,2801726416.71,278.582778,1466728350.98,1495523803.48,2825970133.64,2388371040.95,nama_10_gdp,BENCHMARK,1,2020,2025-09-08
2026Q1,BG,BE934,T,7092318756.22,6931332716.02,6105810815.25,5967217170.62,3353.82,3451406156.05,219.462999,1149817404.53,1336234473.35,1626648851.27,3591643977.24,nama_10r_3gva,FLASH,0,2015,2025-02-23
2018Q4,FR,RO575,D,7110173468.44,6707925102.06,6900944331.4,6510532818.08,3356.37,3020370665.19,583.828456,1314844513.0,1184271410.68,2150649668.34,2516068996.6,namq_10_gdp,FIRST,1,2020,2024-12-05
2019Q3,LT,DK768,I,7151844343.06,6511868886.29,6830901511.41,6219645294.8,3360.43,3222903844.92,280.167993,1559684328.75,1833838759.9,2353465240.67,2040665593.9,nama_10_gdp,SECOND,0,2015,2024-02-12
2020Q2,SK,LU3,N,7160299561.7,6717940493.24,6888835955.28,6463247747.74,3351.57,3307076990.55,214.331805,1725264329.65,1122217446.78,2657078567.63,1888936518.62,nama_10r_3gdp,BENCHMARK,1,2020,2025-06-16
2021Q1,HR,PL735,S,7189610670.46,6785244324.38,6562651646.96,6193547450.82,3350.96,3519514398.89,202.650554,1318287065.53,1187512334.86,3389128689.2,2004129219.97,nama_10_gdp,FLASH,0,2015,2025-11-05
2022Q4,DE,LU588,C,7236403622.73,6738204518.4,7068276364.78,6581652188.23,3359.51,2693335455.98,248.420986,1875931432.81,1641432519.01,2932118491.21,3690116418.73,nama_10r_3gva,FIRST,1,2020,2025-04-06
2023Q3,LU,HR552,H,7249006495.64,6889045259.72,6827326947.39,6488304896.92,3360.43,2468465263.21,202.784735,1441741471.11,1352238877.8,3365485554.81,2475979739.68,namq_10_gdp,SECOND,0,2015,2024-06-01
2024Q2,SI,FR13,M,7270794276.75,7128918108.85,6452381402.07,6326475055.07,3350.96,2953946931.8,177.377008,1345074228.89,1169568265.39,3779748008.04,2422509788.58,nama_10_gdp,BENCHMARK,1,2020,2025-12-08
2025Q1,CY,FR8,R,7306273033.32,7438158035.97,6828118686.01,6951372559.35,3364.53,3448038814.47,307.925633,1212415568.87,1300841975.3,2796035957.81,3041208786.5,nama_10r_3gdp,FLASH,0,2015,2024-02-05
2026Q4,GR,PL4,B,7330827632.19,7510952192.06,6488414190.86,6647839948.63,3356.75,3713462002.74,206.41634,1546647702.29,1208938905.37,3227198046.39,2095274436.07,nama_10_gdp,FIRST,1,2020,2025-07-25
2018Q3,MT,LV144,G,7339146470.7,7258904350.56,7175904464.44,7097447141.04,3344.19,2638103231.73,386.941837,1539450626.33,1440766332.83,3563827877.82,1681789664.34,nama_10r_3gva,SECOND,0,2015,2025-09-08
2019Q2,ES,DE690,L,7388119474.61,7057963659.69,6553595506.47,6260732393.94,3362.27,2870798923.29,250.805973,1226723992.9,1326353156.31,2257705390.55,2093952766.16,namq_10_gdp,BENCHMARK,1,2020,2025-05-07
2020Q1,CZ,HR707,Q,7393601674.15,7143123522.27,6369901210.66,6154103666.62,3352.09,2920918371.06,223.28329,1677092136.77,1486653818.91,2811194247.64,3356834470.96,nama_10_gdp,FLASH,0,2015,2025-06-15
2021Q4,HU,SK252,A,7423701198.18,7339130365.91,7123956293.31,7042800156.14,3347.62,3264165697.65,205.864421,1359385520.17,1771403380.86,3398196334.11,1927332198.28,nama_10r_3gdp,FIRST,1,2020,2024-05-15
2022Q3,NL,DE891,F,7448453977.52,7156821732.32,7294579784.53,7008972236.07,3355.41,3039862056.85,263.324845,1813698155.12,1743625229.93,2850001296.01,3689132605.5,nama_10_gdp,SECOND,0,2015,2024-07-19
2023Q2,SE,PL2,K,7461858496.51,7967412248.48,6536177525.39,6979014798.84,3342.36,2758384077.75,182.163379,1794829149.09,1222842757.98,1923831328.03,3841480592.14,nama_10r_3gva,BENCHMARK,1,2020,2024-10-30
2024Q1,DK,DK562,P,7490087082.0,7166239885.38,6700134817.92,6410442608.2,3350.5,3732299572.63,352.513145,2050988622.49,1628450025.78,1993682878.89,3391138717.13,namq_10_gdp,FLASH,0,2015,2024-05-23
2025Q4,IE,PT493,U,7537651388.36,8106419264.13,7315464749.92,7867467108.71,3349.06,3102394649.89,381.492286,1877850207.57,1520795705.65,2124527982.57,2635212081.66,nama_10_gdp,FIRST,1,2020,2025-01-21
2026Q3,PL,GR69,E,7537294718.41,6791183009.18,6806520589.18,6132747717.02,3340.04,3048679210.73,210.468362,1495945266.52,1493937794.88,3738074763.18,3528653649.53,nama_10r_3gdp,SECOND,0,2015,2024-05-18
2018Q2,AT,MT5,J,7564667839.52,7679929172.1,7237362575.74,7347636823.4,3334.63,3067034747.67,253.118066,2027451951.35,1859841416.72,2814201156.8,2888823007.95,nama_10_gdp,BENCHMARK,1,2020,2025-02-21
2019Q1,EE,BG23,O,7588988023.14,7751943188.27,6574983698.07,6716165572.5,3337.93,3245922292.54,495.164777,2036392832.32,1646828141.16,3085330685.91,1562099992.87,nama_10r_3gva,FLASH,0,2015,2024-09-02
2020Q4,IT,AT243,T,7613558493.68,7007819596.76,7417608050.44,6827459078.44,3341.19,3020961798.38,318.817268,1425546358.03,1756266169.55,4018617492.32,3371454915.02,namq_10_gdp,FIRST,1,2020,2025-08-09
2021Q3,PT,IE66,D,7657927541.21,7499200445.67,7406228094.83,7252718014.19,3352.66,3173595219.65,361.189118,2048348370.73,1826143070.02,2920223088.19,3855844384.32,nama_10_gdp,SECOND,0,2015,2026-02-14
2022Q2,BE,LT409,I,7674484359.74,7334705447.0,7408302592.3,7080308569.24,3340.69,2801270364.07,343.986648,1554843375.78,1137433712.97,2861340131.03,3209535034.19,nama_10r_3gdp,BENCHMARK,1,2020,2024-11-26
2023Q1,FI,IE60,N,7705906484.65,7834078665.9,7336305400.53,7458330014.68,3337.91,2975419747.73,223.161462,1822615779.92,1874972483.93,1737272019.29,2752640571.41,nama_10_gdp,FLASH,0,2015,2024-02-23
2024Q4,LV,ES5,S,7714439916.83,7419842363.6,6965637615.51,6699635181.08,3341.41,4000149970.59,193.672182,1778705788.95,1087610094.55,2394893202.01,1976170171.41,nama_10r_3gva,FIRST,1,2020,2024-07-05
2025Q3,RO,CY633,C,7756227471.06,6947150848.96,6766458134.86,6060627483.07,3342.04,3094487731.94,184.573247,1643896065.5,1808611009.22,2454150912.7,2030867833.18,namq_10_gdp,SECOND,0,2015,2025-03-17
2026Q2,BG,CY386,H,7767598312.41,8190993294.78,7565955398.08,7978359261.36,3341.63,3372038636.63,344.342322,1731906200.2,1583343194.38,2772757465.38,2731711060.17,nama_10_gdp,BENCHMARK,1,2020,2024-07-01
2018Q1,FR,IE100,M,7808325067.44,7879330584.46,7381779456.38,7448906152.86,3337.13,3276661510.65,259.408339,1376527093.6,1598325388.28,1951160888.55,3585012595.81,nama_10r_3gdp,FLASH,0,2015,2026-01-07
2019Q4,LT,RO95,R,7813533827.07,8345241834.06,6939959607.42,7412221220.82,3332.47,2960261743.62,293.239976,1782947603.6,1673909729.93,2101401255.05,3531367189.88,nama_10_gdp,FIRST,1,2020,2026-01-11
2020Q3,SK,NL85,B,7863934682.39,7147466598.75,7418730545.0,6742824160.82,3338.39,3337671979.99,466.558185,1445113892.91,1318049111.81,3458611805.23,2583656833.21,nama_10r_3gva,SECOND,0,2015,2025-06-02
2021Q2,HR,PL20,G,7867588846.96,8207557256.37,6983765716.5,7285543016.83,3332.03,3567374907.66,222.398673,1905880280.56,1942240702.81,3400000407.38,2115977071.18,namq_10_gdp,BENCHMARK,1,2020,2025-09-14
2022Q1,DE,BG73,L,7901954178.93,7442061326.68,6958325250.88,6553351497.04,3338.52,3314334567.37,197.737378,2033510622.41,1122072926.55,3911948562.61,2816600127.38,nama_10_gdp,FLASH,0,2015,2024-06-25
2023Q4,LU,PT195,Q,7937002220.0,7559806959.35,7595110039.09,7234162740.42,3345.58,2730808434.77,431.628512,1682523878.07,1390368469.65,3518544705.92,1967025373.6,nama_10r_3gdp,FIRST,1,2020,2026-01-01
2024Q3,SI,LU260,A,7961367228.77,8308852443.15,7123887881.64,7434820116.85,3332.81,3951879171.22,356.928775,1665981626.11,1466508687.28,2600582950.65,3726915809.22,nama_10_gdp,SECOND,0,2015,2025-04-16
2025Q2,CY,SI63,F,7987164242.13,7167834542.79,7420463272.81,6659266212.38,3340.83,3705106652.6,212.083927,2156276798.44,1519789572.81,4166234504.12,1610755977.11,nama_10r_3gva,BENCHMARK,1,2020,2025-12-17
2026Q1,GR,IT10,K,7986799820.91,7600794426.1,7449811770.52,7089759234.06,3328.98,3977179201.04,273.16581,2139369579.51,1515784454.75,3878785943.27,3732165769.98,namq_10_gdp,FLASH,0,2015,2024-03-15
2018Q4,MT,HR3,P,8011878047.25,7689772692.26,7019366374.34,6737163439.59,3331.87,2908287838.18,230.185856,1817599613.01,1872560006.2,2018346362.81,2532067015.28,nama_10_gdp,FIRST,1,2020,2024-01-21
2019Q3,ES,BE39,U,8035127209.92,7543636134.77,7163328963.41,6725163871.32,3330.54,2815588827.85,545.801395,1348092469.77,1344360260.72,2261827776.41,2346085895.21,nama_10r_3gdp,SECOND,0,2015,2024-02-13
2020Q2,CZ,ES818,E,8076264255.23,7637884714.56,7233808370.07,6841157326.18,3336.62,4055581609.12,269.970231,1859448747.56,1513498949.36,3994191252.74,1800265336.85,nama_10_gdp,BENCHMARK,1,2020,2024-12-16
2021Q1,HU,BE698,J,8106715861.01,8319460851.04,7900989843.12,8108335953.95,3327.65,4186239550.59,312.916095,1895537905.97,1826887308.42,3763355238.19,4179620358.06,nama_10r_3gva,FLASH,0,2015,2026-01-27
2022Q4,NL,CZ250,O,8127945720.0,8652763147.02,7497586792.61,7981702256.08,3332.12,4147782801.24,284.25461,1747098218.64,1733774551.69,3767775789.91,2753349451.2,namq_10_gdp,FIRST,1,2020,2024-08-09
2023Q3,SE,HU60,T,8150302460.5,8024428450.29,7858596106.44,7737227235.61,3327.22,3052800647.56,474.134841,2206909184.79,1203956120.56,2063412139.43,3279867825.57,nama_10_gdp,SECOND,0,2015,2024-02-17
2024Q2,DK,SI646,D,8186338614.39,7563084654.28,7419419684.78,6854553886.03,3330.32,2886024253.4,497.178658,1579922737.21,1985886482.61,2354822167.55,2309831992.16,nama_10r_3gdp,BENCHMARK,1,2020,2024-02-07
2025Q1,IE,DE99,I,8198815614.93,7915219949.06,7389832550.2,7134219473.73,3332.83,3729782860.32,530.192618,2164849854.78,1960373738.69,2569654257.61,3508501099.92,nama_10_gdp,FLASH,0,2015,2024-03-31
2026Q4,PL,SI866,N,8227178119.19,8597779401.26,8010580661.93,8371425099.78,3322.49,2911685378.8,384.78176,2202947452.05,1337584478.77,2492905469.64,2417649401.92,nama_10r_3gva,FIRST,1,2020,2025-02-10
2018Q3,AT,EE606,S,8239831372.84,8128374037.64,7707059888.56,7602809168.06,3316.15,3854147365.62,258.642405,1463953344.46,1773736656.51,3593080734.09,1917399925.87,namq_10_gdp,SECOND,0,2015,2026-02-24
2019Q2,EE,BG3,C,8273508431.48,8060090549.52,7576806011.32,7381359798.35,3330.99,3535795363.14,354.461732,1743602581.07,1419872087.91,4049761906.51,2055354318.8,nama_10_gdp,BENCHMARK,1,2020,2024-11-19
2020Q1,IT,IT783,H,8308067025.91,8749131132.36,7921679407.65,8342230715.02,3324.88,4306774718.94,599.435197,2180130669.26,1583898825.06,2568385914.89,1749936882.18,nama_10r_3gdp,FLASH,0,2015,2024-12-26
2021Q4,PT,PL69,M,8336882340.12,7568542627.86,7368904139.05,6689774764.92,3326.8,4154244981.32,310.046691,1851726628.78,1321019705.7,4472590920.66,2210356030.1,nama_10_gdp,FIRST,1,2020,2025-03-05
2022Q3,BE,NL42,R,8345042950.33,7844266317.94,8057286610.68,7573777912.26,3325.26,3004149047.8,242.619109,2180070271.78,1218419897.97,3579416118.85,2607668976.48,nama_10r_3gva,SECOND,0,2015,2024-09-11
2023Q2,FI,PT34,B,8363206603.24,7475132762.94,8081277552.59,7223141250.2,3315.46,3820731298.89,349.164054,1724131173.52,1466325350.74,2263058457.57,3831050669.86,namq_10_gdp,BENCHMARK,1,2020,2024-04-04
2024Q1,LV,RO238,G,8385127598.63,8570062797.2,7527448245.59,7693467202.32,3312.51,3445464934.71,228.172046,1391713384.13,1725259451.54,3271677247.41,1733825309.02,nama_10_gdp,FLASH,0,2015,2025-12-11
2025Q4,RO,IT54,L,8437862734.97,8878323242.51,7967906797.14,8383835377.89,3332.37,3441059502.18,444.051746,1928922010.77,1686556856.62,3012814050.01,3930840968.05,nama_10r_3gdp,FIRST,1,2020,2025-05-23
2026Q3,BG,CY19,Q,8435042939.07,8114362319.55,8191014899.83,7879611656.06,3320.05,3700303028.59,678.975071,1462993401.08,1432449300.61,2191783313.0,2197724615.6,nama_10_gdp,SECOND,0,2015,2025-09-11
2018Q2,FR,FR84,A,8461871439.55,8465194705.92,7622572434.98,7625566079.92,3311.25,3456612171.23,316.540708,1413154437.63,1886621041.5,3975834399.5,3371284524.8,nama_10r_3gva,BENCHMARK,1,2020,2025-09-14
2019Q1,LT,AT46,F,8496928727.14,9021143468.2,8013471240.67,8507859258.54,3318.53,3338054189.94,225.986536,2007598931.59,1509058403.74,3033478339.86,2697972041.21,namq_10_gdp,FLASH,0,2015,2024-07-09
2020Q4,SK,AT718,K,8510988530.25,8158739110.65,8229054268.18,7888473432.06,3308.78,3643588717.29,274.604657,1860313861.32,2067998002.6,4092623265.07,3629744036.63,nama_10_gdp,FIRST,1,2020,2025-08-28
2021Q3,HR,IE3,P,8560286586.76,8490179008.46,8326853824.31,8258658028.46,3319.67,3449869624.32,281.343164,2282044656.48,2205075439.4,4548793703.17,3965714601.38,nama_10r_3gdp,SECOND,0,2015,2024-02-06
2022Q2,DE,LT1,U,8583263144.39,8386316491.35,7653109205.09,7477505333.0,3327.41,3150541770.37,357.186707,1625811447.99,2003067900.2,2459946548.69,4043385971.34,nama_10_gdp,BENCHMARK,1,2020,2025-08-07
2023Q1,LU,DK63,E,8590427036.34,7739135526.03,8217664302.27,7403312719.35,3314.99,4461190175.8,263.908596,1973006172.28,1463936938.22,2756225311.27,4092076613.61,nama_10r_3gva,FLASH,0,2015,2024-05-29
2024Q4,SI,FI12,J,8625311742.55,7708860348.26,7801960822.49,6972991611.01,3316.18,3516421906.29,583.149311,1965189847.13,1766785129.37,4259080424.38,3310254448.29,namq_10_gdp,FIRST,1,2020,2025-05-15
2025Q3,CY,SI934,O,8652833533.11,8500197399.42,8280427173.93,8134360294.87,3317.7,3933514482.19,269.657663,1822879057.88,1988964446.97,2560259345.11,3112123684.4,nama_10_gdp,SECOND,0,2015,2024-06-08
2026Q2,GR,BE7,T,8664137594.8,7809381894.19,7651089097.64,6896275136.01,3309.59,3909938657.87,602.558916,1484777458.21,1956812606.01,4474636889.67,3167242125.4,nama_10r_3gdp,BENCHMARK,1,2020,2024-06-30
2018Q1,MT,AT95,D,8713929370.93,8342323011.05,8323249651.75,7968303866.25,3319.07,4016623760.85,385.063817,1620782583.35,1806407961.42,2996316023.1,3300975886.44,nama_10_gdp,FLASH,0,2015,2025-04-27
2019Q4,ES,RO3,I,8724235289.53,8742461436.28,8254214749.13,8271458957.29,3315.7,3150369566.94,221.866807,2437157710.91,2184995374.77,4333846207.25,2777455814.18,nama_10r_3gva,FIRST,1,2020,2025-02-22
2020Q3,CZ,GR360,N,8743867762.62,8295990955.86,7529509522.57,7143834353.07,3312.87,3426624131.99,334.561354,2170723962.77,1719723574.91,2691957963.63,3583931114.05,namq_10_gdp,SECOND,0,2015,2025-07-28
2021Q2,HU,SI6,S,8773316276.47,7933535443.94,7881030708.45,7126659348.64,3316.14,3252674958.41,482.804767,1948596867.84,1553125376.3,3853882430.83,3668685260.0,nama_10_gdp,BENCHMARK,1,2020,2025-12-29
2022Q1,NL,ES31,C,8811823642.76,8674295992.33,8571240155.96,8437467333.48,3319.65,3958024930.17,506.787673,1742563541.55,1821025241.82,2786822831.53,4408581916.09,nama_10r_3gdp,FLASH,0,2015,2024-07-13
2023Q4,SE,MT7,H,8816519087.68,7973442088.12,8172930045.37,7391396055.4,3313.66,3692597627.32,357.961756,1696486901.04,1437645660.95,3783499680.51,2164542064.37,nama_10_gdp,FIRST,1,2020,2025-06-04
2024Q3,DK,IE546,M,8835562750.67,8336982192.57,8439770868.73,7963524387.46,3301.99,3015442928.95,367.469211,1649222706.78,1284646181.54,4355877740.26,2232821925.34,nama_10r_3gva,SECOND,0,2015,2024-06-27
2025Q2,IE,HU9,R,8861934180.02,8199578805.35,7913945325.58,7322444179.8,3301.13,3301577741.4,242.877056,1807235884.45,1734382312.93,4819344689.63,3986243640.48,namq_10_gdp,BENCHMARK,1,2020,2024-12-16
2026Q1,PL,GR973,B,8897037108.67,9187712404.39,8316932003.12,8588654672.13,3313.74,3979188229.49,333.113276,2294330676.65,1475442090.66,4674508404.48,3130916668.63,nama_10_gdp,FLASH,0,2015,2025-10-11
2018Q4,AT,DK2,G,8929758572.89,8444900832.13,8159047306.44,7716036757.89,3310.81,4499906901.56,300.482394,2316191083.15,1613461820.35,4625210341.43,2672152016.2,nama_10r_3gdp,FIRST,1,2020,2025-08-12
2019Q3,EE,RO7,L,8958208965.78,8864718030.51,7978172967.97,7894910023.86,3314.76,4285711974.85,278.050939,2005166156.14,1353264311.55,2649601036.14,2945257049.09,nama_10_gdp,SECOND,0,2015,2025-12-24
2020Q2,IT,DE8,Q,8961275208.84,9187754780.46,8696582026.12,8916371969.62,3302.86,4159969625.61,330.054032,2333739083.58,1590171713.24,3401239398.72,2088154022.59,nama_10r_3gva,BENCHMARK,1,2020,2025-06-01
2021Q1,PT,SI38,A,9008077108.52,9256515958.01,8316214013.43,8545571579.61,3307.47,3949039273.9,284.561565,2135271695.72,1362939860.56,4621983686.23,2198246638.72,namq_10_gdp,FLASH,0,2015,2024-11-02
2022Q4,BE,BE41,F,9014862064.08,9540498171.59,7911232465.98,8372518441.23,3305.82,4618641534.06,369.518239,1818204979.22,1793323109.61,3619374465.93,4321210542.66,nama_10_gdp,FIRST,1,2020,2025-11-26
2023Q3,FI,SK738,K,9045494005.8,8294991661.99,8074263423.89,7404343835.17,3303.57,4149744692.84,397.213528,1471347359.43,1266801441.21,2722270378.55,1921672460.08,nama_10r_3gdp,SECOND,0,2015,2025-07-26
2024Q2,LV,RO85,P,9086973742.19,8955225919.48,7823451652.55,7710023051.29,3307.14,4276557877.88,639.927371,2139662410.49,1938803791.87,4197179888.04,3529933967.72,nama_10_gdp,BENCHMARK,1,2020,2026-01-22
2025Q1,RO,DE175,U,9114152056.33,8819758151.61,8781914195.67,8498251821.48,3308.57,4114102207.89,541.185818,1846070063.67,1740990029.65,2512594843.11,3796754836.15,nama_10r_3gva,FLASH,0,2015,2024-06-18
2026Q4,BG,NL1,E,9120137193.31,9232723373.49,8676817315.94,8783930805.25,3308.42,3253862347.31,377.670794,2206448696.58,1819466801.75,4246691915.74,3786056518.62,namq_10_gdp,FIRST,1,2020,2025-06-04
2018Q3,FR,LU62,J,9135236367.66,8357649148.25,8632066077.87,7897308487.69,3296.81,4458998195.07,521.658975,2040679723.18,1714601877.28,4329560996.31,4410615199.6,nama_10_gdp,SECOND,0,2015,2024-02-11
2019Q2,LT,LV222,O,9167159648.7,9399956187.91,7896985712.22,8097526666.5,3302.74,4438260239.33,633.590222,1722982697.93,2154783807.56,4565960953.98,4431889885.45,nama_10r_3gdp,BENCHMARK,1,2020,2025-08-30
2020Q1,SK,SE725,T,9211995392.8,8647479020.14,8846766254.83,8304631333.68,3313.79,3630832970.6,511.226893,1946344674.46,1629371783.44,3436191159.06,2101772151.5,nama_10_gdp,FLASH,0,2015,2025-08-09
2021Q4,HR,PT416,D,9211038987.7,9867779655.17,7930285082.87,8495708888.53,3304.35,4006267378.42,236.489751,1906442738.28,2154268980.03,4883207714.18,4231402982.3,nama_10r_3gva,FIRST,1,2020,2024-09-06
2022Q3,DE,ES2,I,9242200971.8,8533994175.01,8213682234.29,7584288261.71,3302.3,4435332196.52,240.926713,2547201181.83,2229442219.16,3850348800.72,3123246906.33,namq_10_gdp,SECOND,0,2015,2025-05-30
2023Q2,LU,DK8,N,9276450860.12,9315047993.93,8466880797.76,8502109500.63,3300.5,3212469496.41,280.126778,1808331406.98,2247393601.42,4134465520.29,3287990844.17,nama_10_gdp,BENCHMARK,1,2020,2025-02-03
2024Q1,SI,EE186,S,9309228686.36,8766529156.56,8493492649.3,7998348032.88,3301.0,3463780030.35,253.368985,2575529361.87,1606525373.45,4912117044.02,2175508054.93,nama_10r_3gdp,FLASH,0,2015,2024-09-12
2025Q4,CY,IE237,C,9312664489.9,8783205831.4,8451199799.24,7970718524.17,3301.91,3287746839.03,348.915138,1905495723.45,2039140153.17,4973259923.13,4138235951.21,nama_10_gdp,FIRST,1,2020,2025-09-12
2026Q3,GR,NL97,H,9359686264.83,8511032938.34,8594780226.52,7815481794.58,3304.34,3475787037.87,640.435526,2025660383.66,1502186315.39,2434874363.96,1999507029.06,nama_10r_3gva,SECOND,0,2015,2025-03-05
2018Q2,MT,MT1,M,9378211740.27,9108482681.09,8677485439.51,8427910142.17,3301.58,3240993368.62,547.623311,2557330330.9,2374124295.34,2751231324.27,2072506470.11,namq_10_gdp,BENCHMARK,1,2020,2025-02-01
2019Q1,ES,BG408,R,9390252749.75,8639142407.63,8973818936.54,8256018426.67,3300.23,3688348198.17,432.803798,1548863259.85,2116390043.41,4192956215.79,3878168663.94,nama_10_gdp,FLASH,0,2015,2024-07-08
2020Q4,CZ,DK637,B,9411232118.91,8857666717.15,8603268529.04,8097227264.79,3297.69,4736762585.0,581.844892,2504901471.25,1448530275.34,4629565199.91,4127465390.01,nama_10r_3gdp,FIRST,1,2020,2025-12-30
2021Q3,HU,LT3,G,9456815375.61,9932521196.9,8194038006.57,8606222386.28,3300.57,4234373551.65,461.092165,2518190978.34,1697146251.06,2435387609.79,3336040048.7,nama_10_gdp,SECOND,0,2015,2025-11-13
2022Q2,NL,EE3,L,9474123932.88,9148273017.84,8351743940.8,8064495914.02,3300.45,4909614368.84,252.580421,1644006249.59,1540073083.85,2511822553.16,2837880365.55,nama_10r_3gva,BENCHMARK,1,2020,2024-01-24
2023Q1,SE,IE77,Q,9505872892.97,9768185809.31,9243475254.49,9498547353.43,3303.12,3709710277.14,563.910847,2436441502.05,2039989475.69,2483249318.4,2849541855.81,namq_10_gdp,FLASH,0,2015,2024-11-11
2024Q4,DK,NL774,A,9536809390.91,8671970206.81,8609322912.52,7828592219.68,3296.83,4213225217.39,231.356458,2317587884.9,1383837036.23,2262773832.43,3095838406.26,nama_10_gdp,FIRST,1,2020,2024-04-05
2025Q3,IE,NL53,F,9547472687.75,9801112090.16,8978408854.78,9216930433.32,3298.27,4621698836.01,612.99748,1708499039.09,2260306177.49,3838038373.39,3685989363.58,nama_10r_3gdp,SECOND,0,2015,2024-12-23
2026Q2,PL,SE65,K,9575823624.96,8839017873.62,8496012366.01,7842292015.68,3303.03,3711812882.48,404.277937,2091464129.21,2216067651.9,2580567737.35,3295112006.43,nama_10_gdp,BENCHMARK,1,2020,2024-07-27
2018Q1,AT,SI399,P,9595285655.49,10106296454.43,9052929853.83,9535056711.06,3294.47,3925819322.33,447.222108,1745050800.53,2170565287.69,4901208132.63,3930026075.93,nama_10r_3gva,FLASH,0,2015,2025-09-28
2019Q4,EE,LV671,U,9613788626.24,10070844946.83,8357941262.24,8755292403.34,3287.4,4930390778.32,315.85649,2661241005.44,1673876848.25,3378977361.65,2338159359.21,namq_10_gdp,FIRST,1,2020,2025-09-25
2020Q3,IT,DK556,E,9635149348.05,9161620256.1,9005592919.07,8563004010.13,3292.55,3753604043.72,252.366099,2685427582.5,1621069297.46,3841895617.15,4303055537.28,nama_10_gdp,SECOND,0,2015,2026-02-01
2021Q2,PT,SK27,J,9672663192.76,10258701667.26,8684570153.01,9210742949.75,3299.57,4807046173.17,589.812223,2276056419.77,1796273934.06,2319752606.67,3344850288.05,nama_10r_3gdp,BENCHMARK,1,2020,2024-06-14
2022Q1,BE,CZ56,O,9700400665.66,9775137484.57,8445628708.88,8510698126.65,3300.51,4070585448.06,223.224895,1943474327.81,1558641459.51,3974133027.87,3187627106.92,nama_10_gdp,FLASH,0,2015,2024-10-09
2023Q4,FI,AT987,T,9729245054.81,9877755558.42,8520667051.48,8650729409.64,3296.02,3437264226.25,307.510176,1951253629.51,2444660522.51,2153228573.11,1964831316.38,nama_10r_3gva,FIRST,1,2020,2024-09-16
2024Q3,LV,CY956,D,9748325225.99,10294303658.11,9117953525.23,9628626472.06,3289.18,3888080193.98,489.60535,2118621675.15,2184283646.6,3910983888.94,3984877241.94,namq_10_gdp,SECOND,0,2015,2025-06-10
2025Q2,RO,SK606,I,9780343775.62,9894863254.03,9022011281.34,9127651333.46,3298.31,3778269644.17,271.346696,1914209064.11,1695700012.11,5223281494.76,4337986221.68,nama_10_gdp,BENCHMARK,1,2020,2025-05-05
2026Q1,BG,FR3,N,9786500204.44,8910008527.67,9125406034.23,8308122810.49,3293.8,4982055343.75,366.238542,2330222985.33,1699071115.77,4657194089.9,3954256408.48,nama_10r_3gdp,FLASH,0,2015,2025-05-19
2018Q4,FR,HR18,S,9832150829.57,9030436756.84,9632546463.13,8847108140.47,3289.52,3596576208.3,399.317733,2325069724.71,1766153633.08,2914159553.66,4312762041.78,nama_10_gdp,FIRST,1,2020,2025-11-11
2019Q3,LT,CY3,C,9843211087.5,9721862758.55,8534645320.72,8429429153.08,3293.65,4420984273.34,224.898428,2209558073.32,2055758742.42,3428249563.18,2675073765.97,nama_10r_3gva,SECOND,0,2015,2025-11-08
2020Q2,SK,CY60,H,9872897208.33,9637553270.35,9162337447.02,8943931387.44,3291.97,4122428474.91,251.919746,2680284756.31,1789541875.24,4882658498.01,4978126312.56,namq_10_gdp,BENCHMARK,1,2020,2024-04-07
2021Q1,HR,EE400,M,9914257169.08,10252986241.83,8975022312.92,9281661623.77,3296.49,3605169148.93,397.232112,2428386798.64,1803806796.88,5041592724.93,3062007469.8,nama_10_gdp,FLASH,0,2015,2025-06-09
2022Q4,DE,ES764,R,9916988982.99,9009269138.7,8720032889.85,7921872590.34,3288.27,4046820905.95,249.589638,1996458740.7,1641494823.21,5168069115.6,4264826222.9,nama_10r_3gdp,FIRST,1,2020,2025-04-20
2023Q3,LU,IT26,B,9937520315.92,10408580808.36,8787745654.72,9204304279.39,3287.15,4733241946.13,436.065939,1915055491.74,2190488675.18,5139843773.33,3124212976.17,nama_10_gdp,SECOND,0,2015,2024-02-22
2024Q2,SI,HR561,G,9961314014.75,9287696223.17,8825695408.13,8228871992.95,3282.81,3588179832.17,306.619164,1682674434.47,1902634848.0,3278577461.09,4348964592.61,nama_10r_3gva,BENCHMARK,1,2020,2026-02-09
2025Q1,CY,HR401,L,10007672369.5,9636378993.1,9645083092.54,9287242094.66,3289.28,3700409638.93,646.424292,2065220877.16,1511778074.61,3119985100.84,2058672623.22,namq_10_gdp,FLASH,0,2015,2024-08-10
2026Q4,GR,LV7,Q,10016640371.56,9115331910.0,9789646640.87,8908763328.12,3282.64,4049390269.06,328.17592,1800761326.15,2211225467.16,3350160048.66,2747147278.55,nama_10_gdp,FIRST,1,2020,2025-04-29
2018Q3,MT,CZ664,A,10044795213.01,9896031962.85,8819576621.29,8688958838.12,3285.55,4270313242.83,482.358303,1886626318.3,1414223177.08,4174085503.36,4499604367.28,nama_10r_3gdp,SECOND,0,2015,2024-05-14
2019Q2,ES,BG740,F,10072762346.29,10322846529.41,9154106542.01,9381382554.09,3288.56,4940000042.89,296.628668,2808207427.59,2443163628.45,4624915527.93,4844242534.17,nama_10_gdp,BENCHMARK,1,2020,2026-01-29
2020Q1,CZ,IT7,K,10100021690.99,10598337680.36,8909351501.98,9348922073.63,3283.75,3616588265.34,697.423327,1957182557.5,1594703387.19,3518306340.2,4755319911.5,nama_10r_3gva,FLASH,0,2015,2024-10-25
2021Q4,HU,BE2,P,10128834657.6,10452870225.25,9589581285.86,9896365384.97,3288.32,3968924462.04,568.270215,2371013033.6,2509367536.85,4145447086.48,4452124631.03,namq_10_gdp,FIRST,1,2020,2025-02-27
2022Q3,NL,SI10,U,10152948508.26,9263892777.22,9521445811.86,8687688410.26,3292.45,4720479760.85,278.54323,2331483074.55,2623274487.37,2389687377.98,2995372546.92,nama_10_gdp,SECOND,0,2015,2024-09-13
2023Q2,SE,CY17,E,10160925067.3,9971020240.63,9080718509.3,8911002438.85,3286.31,4817359374.07,344.745734,1746053907.96,1626734418.2,4432193819.77,2216128243.4,nama_10r_3gdp,BENCHMARK,1,2020,2024-07-06
2024Q1,DK,NL277,J,10213952909.85,10189833047.45,9993675445.76,9970075760.24,3285.98,4676868567.61,435.096541,1689270949.04,1553522348.55,4747647956.96,2344878260.57,nama_10_gdp,FLASH,0,2015,2024-09-29
2025Q4,IE,SK28,O,10227188298.38,10255229773.91,8921808592.21,8946270904.83,3289.89,4619031472.75,361.657876,2339170391.92,1814949171.51,2388188206.63,5285231209.59,nama_10r_3gva,FIRST,1,2020,2024-12-10
2026Q3,PL,LT86,T,10263071531.84,9502026157.27,9969335125.71,9230071411.0,3286.57,4219309601.54,548.709485,2576136351.59,2600761289.02,5014845538.96,3146305675.3,namq_10_gdp,SECOND,0,2015,2024-12-10
2018Q2,AT,SI7,D,10272454184.63,9239492220.22,9468504525.96,8516384919.55,3288.48,5062069081.68,362.31784,2639126545.74,2090424802.08,2523440028.48,3186612137.37,nama_10_gdp,BENCHMARK,1,2020,2025-12-30
2019Q1,EE,NL44,I,10301506154.59,9986609802.47,9138105312.71,8858771787.58,3284.85,4989705473.18,527.432124,1801098345.86,1443409974.47,4740493885.85,5269382798.77,nama_10r_3gdp,FLASH,0,2015,2024-10-04
2020Q4,IT,CZ350,N,10318823045.78,10554404010.75,9361053267.37,9574768140.86,3277.85,3989115971.18,673.875878,2133220314.02,2299638833.06,5208928724.09,5242205364.72,nama_10_gdp,FIRST,1,2020,2024-10-05
2021Q3,PT,GR59,S,10356692937.41,10640159610.2,9625791499.98,9889253119.05,3284.73,4600805135.84,331.013889,2088048153.92,1554767348.69,3117420409.04,5315835522.45,nama_10r_3gva,SECOND,0,2015,2025-12-24
2022Q2,BE,DE867,C,10385925810.04,10940911775.02,9436082415.29,9940312216.34,3285.68,5183573400.94,307.933726,2604123912.64,2589540312.74,4926416320.38,4541751181.01,namq_10_gdp,BENCHMARK,1,2020,2025-04-07
2023Q1,FI,DE65,H,10399346092.77,11129311445.52,9731148854.33,10414211177.94,3284.37,4871243415.81,528.26816,1866502554.5,2144254335.21,2592234112.06,2807666042.39,nama_10_gdp,FLASH,0,2015,2025-03-12
2024Q4,LV,PT584,M,10410806055.33,11312462467.22,10089839626.24,10963697860.22,3280.07,3607376420.38,510.890574,2357712018.45,1964222360.26,5213935360.71,3966371971.9,nama_10r_3gdp,FIRST,1,2020,2024-05-27
2025Q3,RO,IE1,R,10446513682.68,10634166608.28,9332044059.13,9499677532.14,3284.85,5236825528.11,247.174744,2806522540.67,2081826584.27,5668744977.56,4069432034.52,nama_10_gdp,SECOND,0,2015,2025-03-08
2026Q2,BG,CY38,B,10489916357.55,9547415128.84,9840719656.67,8956547652.66,3289.86,4813848855.88,634.0387,1842124211.25,1897110430.41,5108473015.95,4944928572.48,nama_10r_3gva,BENCHMARK,1,2020,2024-04-19
2018Q1,FR,BE26,G,10502800176.15,10699547549.94,10122843271.93,10312472970.27,3278.39,3584288280.15,407.332224,2515208669.65,2158738023.2,5314801445.51,3938217962.66,namq_10_gdp,FLASH,0,2015,2025-05-11
2019Q4,LT,DE839,L,10516367926.47,9901167814.38,9571495712.35,9011569958.86,3281.01,3759456708.6,423.442002,2767917876.07,2095444568.03,5483722991.2,3181049057.36,nama_10_gdp,FIRST,1,2020,2024-03-29
2020Q3,SK,SI487,Q,10540079939.68,10012467158.24,9315361248.72,8849055140.36,3279.75,3917947804.88,365.764661,2049651923.31,2713416769.36,4225764209.57,4529447106.02,nama_10r_3gdp,SECOND,0,2015,2025-11-04
2021Q2,HR,FI18,A,10576662607.31,10944801138.8,9225117171.04,9546212890.39,3284.69,4351683210.47,294.734792,2466901357.66,1904903284.69,5522952357.81,2765061350.43,nama_10_gdp,BENCHMARK,1,2020,2024-08-12
2022Q1,DE,SK846,F,10591885451.53,10090801013.61,10235335342.33,9751118695.51,3278.8,3868966284.78,464.624412,1791148464.29,1715304793.32,5823307254.47,4794804653.06,nama_10r_3gva,FLASH,0,2015,2024-06-06
2023Q4,LU,NL25,K,10624166716.98,9932916322.78,9400671670.58,8789026713.28,3280.98,4096534561.49,558.598808,1922936706.33,2505528812.43,4277117805.84,4884396390.79,namq_10_gdp,FIRST,1,2020,2024-05-22
2024Q3,SI,ES7,P,10639353039.44,10598757370.15,10189325863.54,10150447324.45,3276.94,4380385240.64,323.775257,2549743593.35,1627416225.83,5451076484.27,2774978995.64,nama_10_gdp,SECOND,0,2015,2025-09-08
2025Q2,CY,PT37,U,10676452799.36,10606672322.12,9347917907.88,9286820632.87,3277.27,5502719889.43,286.793989,1765669566.91,2636113828.83,3309773541.04,4805355709.09,nama_10r_3gdp,BENCHMARK,1,2020,2025-04-15
2026Q1,GR,LT2,E,10694255453.52,10170297895.24,10196525988.52,9696954336.89,3275.43,4911087413.66,642.608952,1994937097.13,2591479664.16,5692882610.3,3304486718.96,nama_10_gdp,FLASH,0,2015,2024-11-12
2018Q4,MT,HR63,J,10713779949.44,10925380508.38,9852492989.97,10047082857.75,3271.04,4096741713.57,812.656875,1749894878.71,2618463252.82,2920627864.75,2890047790.88,nama_10r_3gva,FIRST,1,2020,2025-10-08
2019Q3,ES,BE9,O,10735050807.07,11644880677.61,10096710919.67,10952439444.3,3269.84,4402819084.05,646.445529,2914501540.02,1951453326.82,5145907105.84,2447217728.04,namq_10_gdp,SECOND,0,2015,2025-02-10
2020Q2,CZ,IT4,T,10789350555.48,10457599600.18,9709760003.72,9411204299.16,3281.39,5121109926.15,391.968821,2132910423.92,2052335738.73,2411356247.12,3669456166.85,nama_10_gdp,BENCHMARK,1,2020,2025-07-16
2021Q1,HU,RO6,D,10801263409.7,9681326889.6,10038633673.23,8997770948.55,3278.42,3740434665.94,435.808209,1788999063.55,2458128951.57,3364424510.98,2694493618.81,nama_10r_3gdp,FLASH,0,2015,2025-05-11
2022Q4,NL,RO241,I,10832999759.06,10305380411.89,9778494082.79,9302234249.04,3281.59,4847391179.75,669.45515,2586657531.87,1947887038.41,5661292106.65,5063012704.47,nama_10_gdp,FIRST,1,2020,2025-01-01
2023Q3,SE,SI51,N,10836773839.68,11670471143.72,9492096759.94,10222345041.9,3270.58,4486732479.71,465.066841,2016880996.11,2190317859.64,2591223627.05,2785154443.73,nama_10r_3gva,SECOND,0,2015,2024-02-15
2024Q2,DK,BG2,S,10867479055.35,11475284754.05,10182432151.72,10751923959.05,3270.04,4548151597.09,308.39072,2179331401.23,2113655380.95,2530085522.93,5294025430.86,namq_10_gdp,BENCHMARK,1,2020,2024-03-13
2025Q1,IE,AT389,C,10907144196.91,11314398713.39,9694636189.31,10056617685.33,3277.08,5411865848.23,427.899812,3011910740.42,1710681623.95,3039629908.12,2797575102.83,nama_10_gdp,FLASH,0,2015,2025-11-12
2026Q4,PL,SI9,H,10932881946.05,10620034176.76,10450976721.39,10151918817.87,3274.17,5656272644.12,277.504184,2247418252.24,2577849906.64,4942087175.55,3060166790.67,nama_10r_3gdp,FIRST,1,2020,2025-12-03
2018Q3,AT,IE257,M,10939258638.42,10684686952.47,10467547897.93,10223953573.65,3269.62,5064759430.81,375.103662,2189082039.48,2525015974.9,3303942363.45,2906788320.48,nama_10_gdp,SECOND,0,2015,2025-01-10
2019Q2,EE,HU813,R,10978036674.56,10947165705.91,10046646861.48,10018395022.87,3278.07,4031073952.69,281.123981,2364490969.73,2780975889.13,4689119377.0,3879284300.33,nama_10r_3gva,BENCHMARK,1,2020,2024-04-02
2020Q1,IT,LT75,B,11005153414.43,11262589998.35,10351165891.79,10593304159.78,3272.64,5504847120.75,293.906967,2982833335.15,2411678775.57,5675392449.32,3124132402.91,namq_10_gdp,FLASH,0,2015,2025-12-22
2021Q4,PT,SI4,G,11017935895.84,10725926526.47,10305487970.55,10032360674.14,3276.22,5068548835.5,344.259227,2742161362.58,1980209703.59,5993624521.53,3760401637.4,nama_10_gdp,FIRST,1,2020,2024-04-07
2022Q3,BE,HU257,L,11050330452.8,10322233770.64,9589984945.51,8958109161.28,3270.19,5278108707.98,494.83719,1927093330.03,1721714219.44,4368752362.99,4783904593.65,nama_10r_3gdp,SECOND,0,2015,2025-07-13
2023Q2,FI,HR909,Q,11067353567.15,10010509216.33,10297959961.86,9314586588.58,3266.13,4501335070.62,349.414038,2591048422.52,2238196262.52,4351543044.81,3547115432.3,nama_10_gdp,BENCHMARK,1,2020,2025-07-15
2024Q1,LV,FI543,A,11104022251.65,9957453424.12,9746433237.29,8740045076.65,3277.27,4686590601.44,570.586638,1886115880.69,1961933755.46,4597114765.19,3724548297.82,nama_10r_3gva,FLASH,0,2015,2025-03-23
2025Q4,RO,AT657,F,11115622909.39,10483447773.37,9771775898.41,9216028927.85,3270.88,3986166732.1,267.768684,1951621280.31,2844192364.61,4068121076.63,5428858444.37,namq_10_gdp,FIRST,1,2020,2024-09-09
2026Q3,BG,FI5,K,11153843818.41,11533987826.32,10874641902.27,11245270182.94,3271.05,5582049121.6,306.115355,2729231294.69,2043160403.62,4864674378.23,5187641911.45,nama_10_gdp,SECOND,0,2015,2025-06-03
2018Q2,FR,SI41,P,11164947631.3,11982514411.69,10740028853.43,11526480442.91,3266.73,4536376903.46,545.342356,2008400855.93,1975826835.66,5394302954.87,2454682523.75,nama_10r_3gdp,BENCHMARK,1,2020,2024-03-21
2019Q1,LT,NL10,U,11198007134.8,10113542886.1,10753575520.87,9712151983.83,3269.87,3978723112.8,813.123596,2178597827.83,1873731715.77,2661742268.82,4736251256.43,nama_10_gdp,FLASH,0,2015,2026-02-09
2020Q4,SK,HU833,E,11228318592.89,11834321956.88,10466747983.01,11031648634.45,3269.49,5719327982.8,380.990779,2179480129.99,2881155045.42,4925602930.91,2894441853.61,nama_10r_3gva,FIRST,1,2020,2024-12-04
2021Q3,HR,MT126,J,11240024532.81,11141163718.57,10367982003.28,10276791175.38,3266.02,5481541950.35,359.681608,2011958469.8,1962243018.0,4060777935.96,4434820677.13,namq_10_gdp,SECOND,0,2015,2024-06-03
2022Q2,DE,IT938,O,11276594063.85,10569145568.56,10093336860.54,9460121198.61,3272.51,4231171692.13,486.612821,2454354607.96,2605071356.75,3765107163.06,2946630425.27,nama_10_gdp,BENCHMARK,1,2020,2024-03-23
2023Q1,LU,LT908,T,11289051879.98,11583396735.3,10030620655.94,10292153831.38,3264.79,5772994966.95,535.350199,2946175050.94,1711100716.49,3925949797.64,5573376562.58,nama_10r_3gdp,FLASH,0,2015,2024-06-15
2024Q4,SI,LV8,D,11326999003.48,11041703626.65,10417228252.0,10154847452.04,3269.95,4917844429.38,313.791635,2583576247.46,2742647047.02,3299786935.8,5569592406.93,nama_10_gdp,FIRST,1,2020,2025-01-26
2025Q3,CY,EE88,I,11338858337.72,11788348135.04,10100818578.29,10501230573.95,3263.41,4548890313.71,340.401814,2325681717.43,2546575728.34,3232596742.18,4133882600.99,nama_10r_3gva,SECOND,0,2015,2024-07-17
2026Q2,GR,CZ988,N,11369256379.01,10710266103.57,10829836765.03,10202112587.22,3266.07,5835887608.12,418.639451,2618990479.58,2766900271.58,3673215601.57,3796400845.84,namq_10_gdp,BENCHMARK,1,2020,2024-12-12
2018Q1,MT,SI8,S,11389680810.74,10420507924.34,10934004877.52,10003606454.32,3267.27,4113797229.71,370.234324,2339879901.49,2710421272.28,2520853173.06,3065695325.1,nama_10_gdp,FLASH,0,2015,2024-02-14
2019Q4,ES,AT76,C,11418807911.7,10608447446.0,10086713248.46,9370887769.25,3269.3,5904363462.31,269.426831,2360428799.7,2514161740.27,5256154335.4,4167801044.7,nama_10r_3gdp,FIRST,1,2020,2024-12-20
2020Q3,CZ,CY55,H,11456599939.14,10676465979.39,9958315178.01,9280206498.86,3269.0,5127231350.74,645.797249,1990459651.67,2909356848.88,4813491060.44,4177233148.54,nama_10_gdp,SECOND,0,2015,2024-08-04
2021Q2,HU,EE89,M,11488882265.98,10687374433.98,11218563021.87,10435913681.61,3271.85,5913093610.64,794.459018,2794965237.68,1919740197.63,5577439436.8,5855624979.75,nama_10r_3gva,BENCHMARK,1,2020,2024-05-29
2022Q1,NL,DE9,R,11509882322.48,11982049772.91,10558906339.8,10992062105.09,3265.93,5399467230.25,300.040422,1922577047.0,1768430099.44,2725332581.58,3782903045.27,namq_10_gdp,FLASH,0,2015,2025-02-28
2023Q4,SE,NL7,B,11513034609.46,11641272684.47,11250328435.7,11375640354.82,3262.43,4888957587.12,353.772362,2362161064.6,2724636736.94,4349674366.41,5119170378.16,nama_10_gdp,FIRST,1,2020,2024-01-28
2024Q3,DK,SE839,G,11537950661.24,11373926735.13,10176195137.98,10031529977.91,3263.97,5475745354.07,637.485605,2730619308.64,2601387158.31,5498888207.78,4485855059.23,nama_10r_3gdp,SECOND,0,2015,2024-01-19
2025Q2,IE,CY59,L,11563669119.21,10392770903.23,10815416729.26,9720284031.94,3263.4,5592964938.65,291.341523,2757209689.39,1827505766.9,2647959738.65,5666698396.57,nama_10_gdp,BENCHMARK,1,2020,2025-03-07
2026Q1,PL,FI985,Q,11596876459.18,10954559059.34,10991503425.37,10382715884.57,3263.2,5679974175.77,777.049616,2123874619.36,1751982730.8,2944628488.15,3308226336.66,nama_10r_3gva,FLASH,0,2015,2024-05-03
2018Q4,AT,BE95,A,11618221117.96,11160479831.22,10332012330.52,9924945829.48,3263.25,5528086454.7,340.39038,2943775094.96,2854238022.74,3621882072.64,3359250496.33,namq_10_gdp,FIRST,1,2020,2025-11-03
2019Q3,EE,SI841,F,11663130153.96,11849582593.4,11184661707.4,11363465118.84,3272.98,4420647253.69,874.163895,3019606493.68,1760499964.66,4207490108.76,3152105302.28,nama_10_gdp,SECOND,0,2015,2024-06-16
2020Q2,IT,EE24,K,11684302146.08,11048352894.29,10551512963.36,9977218778.7,3271.37,4251930811.08,280.323931,2013336292.51,2669719299.75,3668171214.3,5498216736.22,nama_10r_3gdp,BENCHMARK,1,2020,2024-11-06
2021Q1,PT,LV836,P,11712619415.01,10548010018.5,11165122684.39,10054951993.21,3264.77,6007012878.43,447.851405,3145944005.56,2286311275.24,6040578354.88,2661040192.38,nama_10_gdp,FLASH,0,2015,2025-06-06
2022Q4,BE,BG1,U,11720376455.38,11974083981.86,11143338719.1,11384555280.19,3258.7,5049324404.29,809.708101,2302066858.19,2355663228.3,3799108335.63,4419040109.94,nama_10r_3gva,FIRST,1,2020,2024-07-12
2023Q3,FI,HU54,E,11757809572.12,11769673552.57,11003657315.18,11014760333.51,3261.75,5449417520.85,345.797895,3081041643.56,2208404355.45,4058050477.76,3164916135.99,namq_10_gdp,SECOND,0,2015,2025-10-11
2024Q2,LV,GR6,J,11781509193.61,11870925475.41,10216688799.5,10294228808.15,3262.9,5639825802.47,325.342516,2104401733.39,2650977550.21,4491852856.21,2791150215.58,nama_10_gdp,BENCHMARK,1,2020,2025-08-18
2025Q1,RO,PL1,O,11797470247.22,10885512365.4,10865727808.73,10025794678.21,3263.74,5006425827.09,425.953082,1905687330.4,1987418380.44,4045115438.1,3692214527.08,nama_10r_3gdp,FLASH,0,2015,2025-09-06
2026Q4,BG,PT93,T,11829848156.32,10586551185.6,11179799887.53,10004821886.99,3266.48,6087313598.92,497.718135,2540090262.24,2166135600.81,6407672892.85,2598942935.52,nama_10_gdp,FIRST,1,2020,2024-08-16
2018Q3,FR,LU207,D,11860741489.75,11586879290.54,10218569038.0,9982624279.24,3266.08,5506834839.53,291.89072,1984956999.74,2358617540.83,6377693770.09,4931074133.8,nama_10r_3gva,SECOND,0,2015,2024-06-28
2019Q2,LT,RO732,I,11881709545.06,12296360598.96,11575495050.57,11979459749.74,3268.31,5831650191.98,380.527187,3163532488.72,2300807562.61,5792045410.04,5324549902.01,namq_10_gdp,BENCHMARK,1,2020,2024-04-12
2020Q1,SK,SI11,N,11893828596.07,11479432951.23,11435880493.73,11037440325.1,3263.82,4409205558.95,324.269524,3189518897.54,2849031744.81,6232185497.43,2833392343.22,nama_10_gdp,FLASH,0,2015,2024-09-27
2021Q4,HR,LV41,S,11927784322.01,11810495674.56,10381498959.81,10279415292.08,3259.0,5898482051.85,490.573574,2170188401.85,1973136214.21,6157838954.28,2952523107.75,nama_10r_3gdp,FIRST,1,2020,2025-12-11
2022Q3,DE,SI85,C,11939914928.7,12666757906.93,10277862823.45,10903528288.32,3255.84,5715306831.38,293.730737,2518770082.24,2440135854.09,4112558667.74,4793650743.3,nama_10_gdp,SECOND,0,2015,2024-05-24
2023Q2,LU,BE604,H,11971963415.76,12083966693.88,10571675289.67,10670578222.01,3259.03,5839347112.14,279.963431,2386026463.1,2844173465.89,5140789254.61,4649296662.59,nama_10r_3gva,BENCHMARK,1,2020,2024-01-20
2024Q1,SI,AT414,M,11990149243.93,12839533327.3,11187603062.25,11980134646.21,3258.02,4946157673.04,411.708231,2509825084.77,2818596015.96,3488651555.56,4308788553.22,namq_10_gdp,FLASH,0,2015,2025-03-01
2025Q4,CY,AT1,R,12025807911.05,11687841784.65,11339419033.44,11020742770.31,3256.51,4522108509.53,756.86189,1933525608.81,1717251946.7,5222697463.55,5854950095.87,nama_10_gdp,FIRST,1,2020,2025-02-27
2026Q3,GR,EE74,B,12055588091.19,11292160836.98,10624058575.29,9951283775.31,3265.89,5094029461.62,279.890451,2407429045.44,1844090639.72,3074224467.49,3999018829.43,nama_10r_3gdp,SECOND,0,2015,2025-04-20
2018Q2,MT,EE1,G,12073003466.76,12233247629.79,11769684249.48,11925902476.94,3256.79,4584637664.12,369.151889,1976274468.7,2162161419.09,4444242144.88,2828044335.33,nama_10_gdp,BENCHMARK,1,2020,2024-05-05
2019Q1,ES,FI22,L,12088024904.55,12702227582.13,10553582279.72,11089818641.37,3257.77,5504321584.71,304.486169,3075124516.48,2283004106.81,2772092355.44,3470142015.8,nama_10r_3gva,FLASH,0,2015,2024-04-25
2020Q4,CZ,LV22,Q,12113909892.59,13133927162.23,11816731837.72,12811726075.92,3254.78,4812271675.48,474.43737,3173889175.52,3105340533.09,6303146025.69,3279734025.86,namq_10_gdp,FIRST,1,2020,2026-01-24
2021Q3,HU,SK47,A,12135960031.95,10918063731.91,10937459862.06,9839838259.59,3258.81,5815778194.59,430.179751,2054541169.69,2370325525.19,4648025472.07,3871987534.66,nama_10_gdp,SECOND,0,2015,2025-01-17
2022Q2,NL,DE67,F,12173355076.15,12276109911.56,11780131011.29,11879566657.06,3260.12,4301505375.71,411.283174,2798903687.35,1704730732.42,5341957071.72,4159166242.27,nama_10r_3gdp,BENCHMARK,1,2020,2025-01-10
2023Q1,SE,AT23,K,12190299773.51,11582607469.36,11823877666.57,11234451680.62,3258.31,4340794428.04,414.801874,2904453302.79,2149237982.39,5516718642.49,3155729288.01,nama_10_gdp,FLASH,0,2015,2025-06-18
2024Q4,DK,AT884,P,12229643899.0,12067760918.12,10920746272.52,10776189082.25,3256.35,5887770335.53,719.493095,2583497956.93,1829721968.3,3120930950.24,6070279724.28,nama_10r_3gva,FIRST,1,2020,2024-10-11
2025Q3,IE,FI86,U,12236573540.42,11157090280.39,11128242699.06,10146533916.98,3256.79,5226971608.92,589.925505,2403606893.55,2147939831.62,3267758802.81,3646638218.85,namq_10_gdp,SECOND,0,2015,2025-04-02
2026Q2,PL,NL37,E,12280920886.39,13120714421.65,11401962224.28,12181650836.71,3262.96,4623123932.15,894.253365,3412686643.84,2514983753.1,6213732869.83,3947853742.85,nama_10_gdp,BENCHMARK,1,2020,2025-06-25
2018Q1,AT,ES828,J,12308378015.25,12110300449.92,11009025708.13,10831858496.8,3256.51,4541109527.46,687.568623,2362698443.35,1960075110.43,6023547977.34,2898364400.15,nama_10r_3gdp,FLASH,0,2015,2024-12-17
2019Q4,EE,IE91,O,12337655126.15,11228637221.32,10899881057.21,9920103041.91,3259.76,6179736912.91,662.846222,2529385753.5,2797561716.57,6611828751.28,5804373081.84,nama_10_gdp,FIRST,1,2020,2025-09-27
2020Q3,IT,BG420,T,12361565145.19,12931231316.67,11809108159.69,12353315091.0,3262.41,6113535946.9,494.553613,2752053245.46,2699099521.76,4566977046.09,6193562782.88,nama_10r_3gva,SECOND,0,2015,2024-07-02
2021Q2,PT,HR472,D,12387957249.03,11296475190.54,11212337538.48,10224437353.57,3262.82,4295867357.97,571.438942,2112854830.2,2898785079.81,3476700847.38,4708388847.33,namq_10_gdp,BENCHMARK,1,2020,2025-07-13
2022Q1,BE,GR28,I,12401371289.45,11698606358.28,10691372297.78,10085510144.19,3256.94,5255698458.93,320.729093,2758156734.23,2461705149.92,6306257520.51,2682734106.89,nama_10_gdp,FLASH,0,2015,2024-09-21
2023Q4,FI,LT64,N,12431293623.25,11678723794.74,11764469769.46,11052268347.37,3254.66,4695287016.77,516.235686,2062664790.34,3119257284.69,3613749670.46,3097082880.25,nama_10r_3gdp,FIRST,1,2020,2024-02-16
2024Q3,LV,BE230,S,12450956973.42,12104289371.48,11423892893.83,11105821474.68,3255.15,5811421590.84,618.750234,2846588469.04,3112975266.49,6367020298.5,3543886077.58,nama_10_gdp,SECOND,0,2015,2025-09-22
2025Q2,RO,LU28,C,12466750368.44,13022449736.44,11269594934.33,11771931677.86,3254.61,5856170448.77,356.758994,2756384121.41,1933606155.98,3350842625.65,4218027599.72,nama_10r_3gva,BENCHMARK,1,2020,2025-11-06
2026Q1,BG,FI70,H,12488628221.46,12518087797.59,11621172260.05,11648585583.82,3251.15,5800263079.34,404.246159,3013420461.66,2094984471.92,5875937627.62,5954990806.63,namq_10_gdp,FLASH,0,2015,2025-07-02
2018Q4,FR,SK38,M,12514597631.82,11827484297.32,10768091402.4,10176869901.93,3252.36,4402616673.09,403.442962,2440076468.79,3005664696.53,5526051743.53,4291951846.14,nama_10_gdp,FIRST,1,2020,2025-03-28
2019Q3,LT,HU955,R,12541583107.95,13387142763.53,11288532810.53,12049611203.36,3251.68,5173755731.05,671.988365,3161932967.73,1923116069.11,5843084356.88,6153556757.68,nama_10r_3gdp,SECOND,0,2015,2026-02-12
2020Q2,SK,SI968,B,12584653656.28,12423322958.64,11406846179.28,11260614546.51,3255.75,4371359452.75,566.233482,2827316105.85,2803029661.48,3196854739.72,3742989240.85,nama_10_gdp,BENCHMARK,1,2020,2024-02-04
2021Q1,HR,IT80,G,12613726583.71,13514341940.8,11444800565.41,12261955042.29,3261.71,5682424590.9,456.488737,2979689101.74,3144860582.65,5269970107.59,6444558052.04,nama_10r_3gva,FLASH,0,2015,2025-10-14
2022Q4,DE,PL361,L,12611844105.09,11644631424.52,12029536537.95,11106981502.87,3250.77,4590111883.82,729.215349,3148593302.25,2526662068.71,5701979228.59,3642240464.32,namq_10_gdp,FIRST,1,2020,2026-02-25
2023Q3,LU,LT98,Q,12643125538.19,11654471595.16,11035024828.04,10172119466.96,3251.11,5285245061.72,578.92229,2736187584.82,2232264709.76,4457800016.61,3628215645.61,nama_10_gdp,SECOND,0,2015,2024-11-25
2024Q2,SI,ES86,A,12682275450.21,12600441522.68,11535788767.32,11461352684.8,3254.61,4617434862.56,503.796892,3472308571.06,2201704780.35,3934307667.34,5645079532.42,nama_10r_3gdp,BENCHMARK,1,2020,2024-08-05
2025Q1,CY,HU24,F,12686213374.69,12650459519.63,11731761695.81,11698697794.48,3247.9,5423553882.31,503.101599,2231902197.19,2754009269.57,5896426724.26,4430245621.22,nama_10_gdp,FLASH,0,2015,2025-05-30
2026Q4,GR,GR1,K,12739422323.19,11491064744.29,12364176972.38,11152590321.21,3253.29,6311871309.37,601.664967,2118410209.3,2058198053.45,3194651878.89,5280764210.99,nama_10r_3gva,FIRST,1,2020,2026-02-06
2018Q3,MT,ES9,P,12739353145.57,12340182084.23,11031770876.59,10686104684.67,3249.63,5007110299.22,331.870654,3086663257.12,2053855626.74,5672510284.04,4675181660.75,namq_10_gdp,SECOND,0,2015,2025-08-21
2019Q2,ES,ES8,U,12770254481.29,12847024433.51,11630932297.02,11700853074.09,3254.89,6072478950.79,510.445482,2738237492.22,3090796222.8,4545581796.66,5973522332.2,nama_10_gdp,BENCHMARK,1,2020,2024-10-09
2020Q1,CZ,SK4,E,12809504113.12,13016686889.87,11505596218.04,11691689399.45,3257.98,4490017643.69,886.269418,2737921268.17,2074694235.24,3441659760.45,3734601211.32,nama_10r_3gdp,FLASH,0,2015,2025-03-21
2021Q4,HU,BG145,J,12821711689.95,13159236383.75,11347201347.61,11645910346.3,3254.91,4599751182.94,507.899843,3222742439.02,3098790490.15,4387552507.89,3045645935.55,nama_10_gdp,FIRST,1,2020,2025-05-18
2022Q3,NL,BG39,O,12838621156.93,13573228366.97,11268923344.68,11913714731.32,3249.4,5409992316.67,593.04376,2883829237.16,1810846511.66,4236157584.76,4635463218.09,nama_10r_3gva,SECOND,0,2015,2026-02-17
2023Q2,SE,GR5,T,12887599281.71,13721329228.92,11152641102.44,11874132411.59,3252.95,5940514145.97,411.789247,2759892489.35,2537382021.45,4992697737.39,6487548588.53,namq_10_gdp,BENCHMARK,1,2020,2024-02-29
2024Q1,DK,FI183,D,12902894205.58,11834966871.17,12078617248.48,11078912429.07,3251.36,5314961420.54,407.1466,2369400897.45,2629756222.86,7009194099.46,4300699792.5,nama_10_gdp,FLASH,0,2015,2025-05-20
2025Q4,IE,FR130,I,12920251291.59,12826999111.12,11904198631.98,11818279832.57,3249.76,4435404645.71,430.83872,2324659684.08,2338825269.42,4431794028.53,4549297372.18,nama_10r_3gdp,FIRST,1,2020,2024-12-31
2026Q3,PL,PL805,N,12957435016.29,11692526716.91,12204648330.72,11013227270.52,3250.06,6210591552.9,899.727318,2657768635.89,1993544304.06,3805973513.54,3949417491.34,nama_10_gdp,SECOND,0,2015,2024-11-24
2018Q2,AT,PL55,S,12962332566.39,12129467311.13,11412911284.98,10679600577.06,3247.21,6171278358.72,449.160378,2901370371.07,2925061530.61,4008548923.0,5210171708.89,nama_10r_3gva,BENCHMARK,1,2020,2025-04-01
2019Q1,EE,BE655,C,489116466.84,442025725.62,434062884.39,392272545.38,244.1,214441501.5,16.044364,90711476.67,102066283.27,250178988.96,156666761.2,namq_10_gdp,FLASH,0,2015,2025-01-04
2020Q4,IT,RO81,H,511650109.77,509200339.64,441591734.35,439477402.27,255.35,229320011.34,18.923729,88328617.06,104648354.32,170205565.41,258396679.05,nama_10_gdp,FIRST,1,2020,2025-12-18
2021Q3,PT,NL2,M,536758567.13,484507518.41,485915920.3,438614176.13,266.2,278861635.54,32.769736,100612259.25,109754155.77,268014563.02,244518662.46,nama_10r_3gdp,SECOND,0,2015,2025-01-14
2022Q2,BE,PL84,R,584917197.29,551811532.67,537406972.56,506990333.97,288.41,228003486.41,33.740507,145117288.8,109689023.62,230610043.57,225713184.8,nama_10_gdp,BENCHMARK,1,2020,2025-01-18
2023Q1,FI,RO324,B,595532637.35,586313331.01,514888639.49,506917764.68,293.39,233686960.4,14.794043,119365479.25,105529256.86,234606473.01,297448224.47,nama_10r_3gva,FLASH,0,2015,2024-10-04
2024Q4,LV,SK19,G,612938265.68,610522693.38,581649319.58,579357056.13,300.55,293604249.75,28.522917,123325402.86,103616610.19,219926505.49,248605282.91,namq_10_gdp,FIRST,1,2020,2025-11-02
2025Q3,RO,PT268,L,639483317.07,630188295.51,567477974.41,559229565.31,312.71,220351402.83,45.698293,178948085.51,126351535.53,255880132.25,291333391.9,nama_10_gdp,SECOND,0,2015,2025-10-13
2026Q2,BG,EE6,Q,678908601.51,614550945.97,586046184.54,530491492.21,329.79,313222463.77,16.536622,130908972.1,99716871.86,208041699.27,328620420.88,nama_10r_3gdp,BENCHMARK,1,2020,2024-02-02
2018Q1,FR,EE324,A,697264903.97,739494082.89,670997212.33,711635513.74,337.9,326672718.66,21.183153,187505460.43,136137968.14,260549232.43,346708649.39,nama_10_gdp,FLASH,0,2015,2024-08-02
2019Q4,LT,SE623,F,712717573.07,645699763.98,655007724.87,593416451.81,344.51,259105448.62,46.174532,143327189.53,136025883.15,302854951.13,284810597.2,nama_10r_3gva,FIRST,1,2020,2025-09-17
2020Q3,SK,SK612,K,756892521.57,693014609.41,665472018.18,609309535.51,364.55,302590417.99,51.390046,152682974.68,155988963.07,177710376.26,268582144.06,namq_10_gdp,SECOND,0,2015,2024-07-13
2021Q2,HR,EE39,P,773930159.19,738562881.54,668649070.54,638092957.63,371.37,299756739.22,50.15715,205446733.98,112860953.82,306070084.24,391095840.99,nama_10_gdp,BENCHMARK,1,2020,2025-01-17
2022Q1,DE,AT19,U,811654539.09,840646509.01,734849259.74,761097776.33,388.09,397026622.14,19.838723,189255177.94,165817552.61,230585528.42,278356803.83,nama_10r_3gdp,FLASH,0,2015,2025-05-30
2023Q4,LU,FI513,E,823518247.68,772948087.02,717601800.87,673535699.78,391.06,343143185.21,30.84249,209948527.28,170490729.85,399725237.09,416913897.6,nama_10_gdp,FIRST,1,2020,2025-01-21
2024Q3,SI,CY399,J,857581036.61,920219633.52,821522301.63,881527131.62,405.28,328128689.72,24.806091,224015005.5,221037831.4,469027927.88,227595464.36,nama_10r_3gva,SECOND,0,2015,2024-01-22
2025Q2,CY,LU181,O,863145277.2,771273824.63,830634000.47,742222983.01,407.64,410364601.49,36.520058,238387393.49,156822644.22,243244245.87,289326873.02,namq_10_gdp,BENCHMARK,1,2020,2025-03-11
2026Q1,GR,DK384,T,912255081.04,900356209.79,889911476.81,878304041.22,428.71,355282259.52,52.508762,241999120.06,154225785.61,421620408.38,196885943.53,nama_10_gdp,FLASH,0,2015,2026-02-21
2018Q4,MT,LT36,D,934201059.25,908590703.35,865490724.03,841764005.62,438.31,324719811.7,32.153866,194382040.71,149517054.49,206384308.73,408996102.93,nama_10r_3gdp,FIRST,1,2020,2024-01-29
2019Q3,ES,GR134,I,945910011.67,989231258.31,836733353.25,875054474.2,440.52,404536924.75,40.142198,168727268.96,218923268.92,448440060.0,443357112.42,nama_10_gdp,SECOND,0,2015,2025-08-14
2020Q2,CZ,IT72,N,972782395.3,890333373.9,901188313.59,824807311.1,453.06,355343130.15,30.858432,158979549.78,163452461.61,224205545.76,346667485.32,nama_10r_3gva,BENCHMARK,1,2020,2024-02-20
2021Q1,HU,CZ439,S,996869772.19,1017119006.87,895112891.43,913295157.07,462.32,443449394.48,78.629423,262022905.27,223822781.61,547914987.13,262810700.9,namq_10_gdp,FLASH,0,2015,2025-02-10
2022Q4,NL,LV2,C,1019880734.95,1043784592.68,933471359.05,955349962.89,471.48,451649175.57,83.925644,227981864.39,183374417.35,476700304.02,232026462.51,nama_10_gdp,FIRST,1,2020,2024-07-31
2023Q3,SE,ES62,H,1037383517.55,943308828.22,979032356.76,890249217.98,476.4,504344860.77,26.305905,267120027.63,242599111.01,529395687.23,273020240.34,nama_10r_3gdp,SECOND,0,2015,2026-01-08
2024Q2,DK,LV419,M,1089988467.46,1002202432.19,1000864186.59,920256087.13,498.11,555642628.38,30.591428,259413034.6,265570013.21,399025223.15,478006405.1,nama_10_gdp,BENCHMARK,1,2020,2024-09-11
2025Q1,IE,FI43,R,1113721982.58,1120506960.89,1076811472.57,1083371585.95,507.37,499945205.63,54.428342,311627596.8,192195619.77,307892481.59,301643261.16,nama_10r_3gva,FLASH,0,2015,2024-01-17
2026Q4,PL,EE803,B,1132740802.67,1075442370.65,987676013.65,937715522.44,514.43,516618264.82,36.199183,220618457.27,218959528.87,330767194.28,569242953.82,namq_10_gdp,FIRST,1,2020,2025-07-05
2018Q3,AT,BE602,G,1144661706.68,1025093818.64,1018647184.91,912242391.39,518.16,512371326.9,36.921332,204983829.6,221653865.2,624321482.35,244436509.02,nama_10_gdp,SECOND,0,2015,2024-08-01
2019Q2,EE,GR8,L,1168944153.57,1258301254.08,1040796691.48,1120357870.08,526.5,413490770.31,32.579687,211986762.09,184528352.5,613317520.97,368689746.42,nama_10r_3gdp,BENCHMARK,1,2020,2024-02-28
2020Q1,IT,FI17,Q,1210995137.31,1092206090.9,1135307798.44,1023943081.44,544.94,467955207.02,52.249787,327254588.95,271071529.17,462102102.56,308820003.6,nama_10_gdp,FLASH,0,2015,2024-02-20
2021Q4,PT,FI315,A,1213812670.6,1141509990.23,1123130237.82,1056229200.64,543.05,535559514.84,30.194537,219274763.14,235305210.32,413623038.07,382136165.54,nama_10r_3gva,FIRST,1,2020,2024-06-30
2022Q3,BE,BG774,F,1250855517.38,1133001120.3,1087363730.19,984913371.18,559.59,625054726.09,59.880487,246009623.01,180783458.95,537820240.26,345979475.51,namq_10_gdp,SECOND,0,2015,2024-07-08
2023Q2,FI,FI4,K,1262959458.02,1347128047.32,1105077683.45,1178724409.87,562.28,502904212.03,98.343117,246600910.62,290835985.63,550859951.5,602149803.01,nama_10_gdp,BENCHMARK,1,2020,2024-03-05
2024Q1,LV,HU3,P,1314889055.59,1305323534.63,1167516934.5,1159023512.45,582.72,604044005.02,73.248108,344847179.25,233679602.05,531676867.51,499614443.73,nama_10r_3gdp,FLASH,0,2015,2025-12-26
2025Q4,RO,NL324,U,1329997994.64,1436905157.41,1190320369.65,1286000042.87,586.86,532348769.61,31.580234,341363398.07,294571344.86,293736117.22,559564739.45,nama_10_gdp,FIRST,1,2020,2024-01-17
2026Q3,BG,FI119,E,1359024079.01,1342225380.31,1197118288.82,1182320884.01,597.82,639850060.74,73.613621,296113014.69,210982680.41,454260796.73,448432620.75,nama_10r_3gva,SECOND,0,2015,2025-10-09
2018Q2,FR,ES52,J,1385100909.19,1436276334.0,1329785875.52,1378917571.73,607.85,645113508.91,85.240489,338196090.28,342946766.98,308513785.62,348879987.25,namq_10_gdp,BENCHMARK,1,2020,2025-05-28
2019Q1,LT,ES980,O,1396351036.5,1392574834.07,1218412735.17,1215117737.7,611.53,606827496.5,86.352573,288746019.63,276534735.86,647380891.64,424213368.47,nama_10_gdp,FLASH,0,2015,2026-01-08
2020Q4,SK,LT30,T,1422770633.01,1352271620.4,1232874360.18,1171784805.02,618.94,706896671.81,72.951935,278556042.01,215875475.47,667608736.67,730958156.7,nama_10r_3gdp,FIRST,1,2020,2025-07-24
2021Q3,HR,FR36,D,1438196248.63,1479029357.68,1319312708.36,1356770489.07,623.21,619554562.54,40.892346,304606398.94,240921901.59,370471153.5,376551860.77,nama_10_gdp,SECOND,0,2015,2024-01-28
2022Q2,DE,GR9,I,1489765099.15,1405232651.69,1367206041.97,1289627856.67,643.57,713431437.49,59.743022,389966081.62,224671471.09,404897227.85,311811077.85,nama_10r_3gva,BENCHMARK,1,2020,2026-02-16
2023Q1,LU,SK940,N,1495180226.62,1447647513.16,1420730292.67,1375564389.12,644.81,753237556.1,40.323778,280239788.73,350948053.87,808660089.79,712355567.96,namq_10_gdp,FLASH,0,2015,2025-09-12
2024Q4,SI,SI61,S,1530497073.85,1366734910.87,1410477440.91,1259557298.36,657.13,775925893.48,95.353945,371458412.17,233913233.55,600037656.77,404379643.54,nama_10_gdp,FIRST,1,2020,2025-09-02
2025Q3,CY,FR584,C,1556627208.61,1591631548.57,1524861201.16,1559151209.44,665.73,709417424.62,135.915854,277839528.28,354645390.99,478710083.13,554952543.88,nama_10r_3gdp,SECOND,0,2015,2025-04-22
2026Q2,GR,AT86,H,1562563252.86,1651272738.34,1450074109.62,1532397387.05,667.83,578469833.7,52.064808,431759066.27,263171330.32,690058211.45,692057493.06,nama_10_gdp,BENCHMARK,1,2020,2026-01-16
2018Q1,MT,LT76,M,1594526684.9,1443856010.7,1493098800.59,1352012291.93,679.09,693532734.14,58.386064,421552567.89,252167016.08,532962439.3,576861885.58,nama_10r_3gva,FLASH,0,2015,2024-11-22
2019Q4,ES,ES81,R,1615922036.43,1632401574.5,1546916929.79,1562692738.19,685.58,820932920.15,90.056006,446805321.67,377436098.61,745524890.2,684395094.3,namq_10_gdp,FIRST,1,2020,2024-04-24
2020Q3,CZ,ES6,B,1660513816.93,1757704041.88,1477862792.11,1564362413.94,700.7,833048158.54,82.08234,321221556.39,400689172.77,598892964.73,779185370.67,nama_10_gdp,SECOND,0,2015,2024-01-05
2021Q2,HU,IT24,G,1686702968.01,1746290014.43,1590288797.15,1646469769.24,711.36,780274357.21,67.395308,348840104.83,265053407.7,751870900.2,843074068.97,nama_10r_3gdp,BENCHMARK,1,2020,2026-02-05
2022Q1,NL,AT9,L,1707812617.79,1533555727.56,1628703230.98,1462518277.68,715.65,867414991.24,100.1993,274321297.21,377019484.64,794901511.8,808683842.15,nama_10_gdp,FLASH,0,2015,2025-02-09
2023Q4,SE,SK46,Q,1713070377.0,1663637210.19,1581569533.3,1535931016.86,717.23,699180451.64,125.462714,279722266.59,333221930.72,555339456.74,858319017.5,nama_10r_3gva,FIRST,1,2020,2024-11-21
2024Q3,DK,PT9,A,1743839357.36,1681705245.27,1586824322.02,1530284756.11,726.8,877791007.2,43.188445,369988748.58,273656038.67,481069820.37,692473328.93,namq_10_gdp,SECOND,0,2015,2025-11-24
2025Q2,IE,EE487,F,1767372227.23,1823210613.94,1606143907.75,1656888444.33,732.87,707321355.44,65.367523,427601174.06,287601496.16,595222114.67,640814644.3,nama_10_gdp,BENCHMARK,1,2020,2025-04-05
2026Q1,PL,HR5,K,1813427482.53,1634714497.58,1733604009.28,1562757614.7,750.48,721717763.01,82.373083,307271173.52,321317320.4,929098489.66,795434580.21,nama_10r_3gdp,FLASH,0,2015,2024-01-26
2018Q4,AT,LU99,P,1834415113.53,1794235525.07,1712260355.24,1674756348.7,757.15,830840804.18,88.77694,358854799.4,262968557.12,631243860.38,951815187.46,nama_10_gdp,FIRST,1,2020,2024-06-25
2019Q3,EE,LU55,U,1841002756.09,1659524049.22,1736488109.64,1565312039.64,757.07,782141503.22,60.982063,506909850.34,416799792.26,796605889.44,842037434.42,nama_10r_3gva,SECOND,0,2015,2024-08-08
2020Q2,IT,DE74,E,1873017355.51,1715289920.8,1630149326.83,1492873892.21,766.57,874019391.74,86.118381,310555963.06,485667910.75,1024959530.21,829178913.55,namq_10_gdp,BENCHMARK,1,2020,2024-09-02
2021Q1,PT,HU41,J,1891051783.94,1991657194.39,1772370567.32,1866662045.7,771.48,757916075.15,103.430471,469427716.27,305606968.82,696395604.85,677713569.37,nama_10_gdp,FLASH,0,2015,2025-05-16
2022Q4,BE,HU736,O,1913013000.49,1900063529.64,1705481874.2,1693937212.55,779.37,662759013.39,85.163924,357474056.97,368732235.32,636990831.82,467925759.4,nama_10r_3gdp,FIRST,1,2020,2025-03-06
2023Q3,FI,SE865,T,1939087409.82,1767886990.17,1805895828.55,1646454783.17,788.4,659338867.19,70.784646,321894810.96,441285531.17,510935353.37,750722452.86,nama_10_gdp,SECOND,0,2015,2025-11-12
2024Q2,LV,DK48,D,1988521457.05,1886018833.75,1924811995.95,1825593414.11,804.77,986322479.85,50.924977,335638940.94,394766836.41,990252765.01,412994177.49,nama_10r_3gva,BENCHMARK,1,2020,2024-07-09
2025Q1,RO,RO4,I,2004032376.08,1878695408.32,1815002355.4,1701487776.28,807.34,898480837.3,49.274471,505825300.42,317186449.55,468902535.83,501506141.88,namq_10_gdp,FLASH,0,2015,2025-06-05
2026Q4,BG,EE9,N,2031817482.83,1897755273.78,1843613328.22,1721969097.12,816.05,967177358.08,116.999836,336268420.48,419756633.48,546660522.29,978468799.61,nama_10_gdp,FIRST,1,2020,2024-01-01
2018Q3,FR,MT723,S,2049649466.88,2223452471.05,1780580416.2,1931567319.33,821.03,840734267.57,64.473353,510777863.61,326079927.91,988414391.63,924354399.72,nama_10r_3gdp,SECOND,0,2015,2026-01-03
2019Q2,LT,GR306,C,2072781535.51,1913545220.22,2019459704.3,1864319706.83,827.3,843628906.64,130.574031,519414446.97,482662148.67,528766133.98,770091875.38,nama_10_gdp,BENCHMARK,1,2020,2024-07-31
2020Q1,SK,DE632,H,2098518004.57,2030734501.38,1821263577.43,1762435573.46,834.67,891272144.87,66.898257,463550328.2,465818145.53,621132984.72,904607589.19,nama_10r_3gva,FLASH,0,2015,2024-01-06
2021Q4,HR,GR121,M,2125335889.2,1923474520.24,1836647385.16,1662205238.23,843.03,772584541.34,148.151185,473256493.09,511627519.95,1010343006.48,622341666.98,namq_10_gdp,FIRST,1,2020,2024-08-22
2022Q3,DE,DK5,R,2162297246.14,2211078452.48,2075619171.42,2122444929.2,855.26,782542820.34,54.961441,496199341.03,548862623.48,1166589987.62,531477368.85,nama_10_gdp,SECOND,0,2015,2025-02-09
2023Q2,LU,SK1,B,2180069305.75,2173883869.33,2004548128.61,1998860692.45,860.17,960038370.77,89.346587,510986738.8,529660675.62,579571815.0,1031529811.89,nama_10r_3gdp,BENCHMARK,1,2020,2025-06-28
2024Q1,SI,LT9,G,2205344134.63,2030305675.1,2065608637.56,1901661003.16,866.92,987264924.39,75.618287,371642980.14,344569152.6,1159599963.12,483565425.37,nama_10_gdp,FLASH,0,2015,2025-06-07
2025Q4,CY,RO856,L,2227179251.58,2183355367.72,2134582184.97,2092580320.19,873.12,799311368.0,132.995435,399586093.53,491758447.16,1002936071.32,893185818.35,nama_10r_3gva,FIRST,1,2020,2024-11-12
2026Q3,GR,DE7,Q,2248489158.98,2159251716.9,2006987565.6,1927334774.78,879.4,960449170.16,53.317973,433635010.52,546435446.09,551976147.82,602120433.98,namq_10_gdp,SECOND,0,2015,2025-02-10
2018Q2,MT,DE731,A,2278219911.18,2354970798.64,2112028601.66,2183180674.7,888.19,898286369.02,74.298195,489682464.96,537232153.57,799676125.01,737121652.17,nama_10_gdp,BENCHMARK,1,2020,2025-05-24
2019Q1,ES,SI785,F,2308785110.14,2393765678.82,2215136698.27,2296670304.63,896.37,962156850.02,128.012674,466602588.55,544441163.1,757084767.74,596811719.5,nama_10r_3gdp,FLASH,0,2015,2024-11-20
2020Q4,CZ,PT78,K,2317500048.05,2313547882.88,2012837627.87,2009405020.92,896.02,1142998005.91,66.973212,598427446.55,386119950.96,1152470511.58,1049743941.45,nama_10_gdp,FIRST,1,2020,2025-10-23
2021Q3,HU,CY30,P,2358420774.67,2294503981.94,2304997777.7,2242528829.51,909.24,963386959.84,186.726451,629869527.54,337473405.87,1005482290.74,636681310.43,nama_10r_3gva,SECOND,0,2015,2025-04-27
2022Q2,NL,SE1,U,2367061024.54,2271227341.97,2308685307.95,2215215045.6,910.3,811999563.29,63.661768,476645403.92,449653608.11,601475692.61,999972367.49,namq_10_gdp,BENCHMARK,1,2020,2026-01-27
2023Q1,SE,SK461,E,2410288392.42,2221977725.18,2180282905.06,2009942073.68,922.88,1252723389.95,77.518675,523002059.8,552052904.35,959774072.56,871236386.6,nama_10_gdp,FLASH,0,2015,2024-02-17
2024Q4,DK,LT281,J,2434877060.69,2460920254.72,2304676576.42,2329327159.49,930.88,1017816842.19,119.072972,539235258.04,458666835.93,616714871.82,937250590.04,nama_10r_3gdp,FIRST,1,2020,2024-09-19
2025Q3,IE,AT344,O,2457872468.3,2439499503.58,2298837906.67,2281653749.11,936.24,933002246.6,159.678476,676007839.72,602594278.12,886678144.93,1151674015.6,nama_10_gdp,SECOND,0,2015,2024-04-14
2026Q2,PL,SE89,T,2487126022.27,2343303129.28,2338535822.12,2203305446.06,944.07,1075222033.2,79.132601,631581053.56,639117162.11,934134985.22,507169008.49,nama_10r_3gva,BENCHMARK,1,2020,2025-11-13
2018Q1,AT,SE632,D,2495762773.68,2598684644.86,2150559989.92,2239246166.58,944.15,1109270489.07,153.441149,567095549.5,555071188.86,713330643.6,1044848247.39,namq_10_gdp,FLASH,0,2015,2024-12-05
2019Q4,EE,HR182,I,2535094300.04,2743874627.69,2384971031.13,2581387800.84,957.8,1117635393.31,106.677083,543613936.73,650773770.31,572906179.29,520408338.78,nama_10_gdp,FIRST,1,2020,2024-07-13
2020Q3,IT,RO40,N,2536108454.22,2734443537.7,2470342460.2,2663534347.26,954.3,1247261008.95,117.793487,424413043.76,529578056.86,929424281.96,1208013446.83,nama_10r_3gdp,SECOND,0,2015,2025-02-24
2021Q2,PT,LT23,S,2573634285.52,2546609803.28,2442673440.88,2417024114.8,964.9,1014354538.38,102.560229,470635141.11,580139443.92,1113298231.47,557504613.7,nama_10_gdp,BENCHMARK,1,2020,2024-12-01
2022Q1,BE,DE4,C,2590689133.81,2756660955.1,2520281452.72,2681742624.35,969.77,1274476727.41,105.540591,580944478.78,592200728.08,574523719.89,1011846732.05,nama_10r_3gva,FLASH,0,2015,2025-02-25
2023Q4,FI,IT6,H,2624751018.38,2387649948.93,2540294846.52,2310822938.28,977.83,991923137.87,94.637927,523780549.93,407609039.74,981001443.36,1076480261.16,namq_10_gdp,FIRST,1,2020,2024-10-15
2024Q3,LV,SE5,M,2662040072.31,2592535173.8,2601351947.6,2533431593.97,989.95,1019275745.42,115.916351,566951986.91,531833199.97,846688065.94,1330964529.68,nama_10_gdp,SECOND,0,2015,2025-12-19
2025Q2,RO,SK392,R,2679089556.69,2893554567.47,2606101073.64,2814723250.33,992.01,1343218078.42,229.362409,460627088.57,560233174.53,1405412996.84,600727398.1,nama_10r_3gdp,BENCHMARK,1,2020,2024-04-23
2026Q1,BG,IT91,B,2711500611.26,2811649241.84,2555475778.51,2649861668.98,1004.26,1095729211.72,89.206364,461782447.86,516083118.36,1392920721.02,693113301.77,nama_10_gdp,FLASH,0,2015,2025-01-10
2018Q4,FR,EE756,G,2725824692.07,2931448474.04,2600314134.41,2796469972.38,1003.48,1016026923.15,69.196383,687368898.84,500021690.95,755164286.38,1240249271.4,nama_10r_3gva,FIRST,1,2020,2024-01-28
2019Q3,LT,BE74,L,2745962606.83,2964106073.17,2550527087.53,2753144857.53,1011.07,975781443.71,85.775786,522291003.18,552680140.06,1338510526.09,1092970958.48,namq_10_gdp,SECOND,0,2015,2026-02-24
2020Q2,SK,LU843,Q,2784956108.25,2984116374.51,2411272250.19,2583709302.95,1019.58,1397169034.82,155.510786,495770232.22,462517816.13,802842610.82,578320599.91,nama_10_gdp,BENCHMARK,1,2020,2024-06-01
2021Q1,HR,PL47,A,2793450777.06,2630109838.13,2515363266.34,2368282887.82,1022.64,1170251611.99,88.425308,767902373.97,705886039.79,1466834432.66,791732672.18,nama_10r_3gdp,FLASH,0,2015,2024-08-21
2022Q4,DE,AT4,F,2838221537.58,2768696621.1,2653434483.21,2588436100.11,1033.48,1331365165.23,111.184721,688369682.08,448794624.16,1185054710.66,582443985.93,nama_10_gdp,FIRST,1,2020,2024-02-29
2023Q3,LU,EE4,K,2844402785.83,2702748662.34,2769235859.42,2631325124.56,1034.09,1079705843.16,118.854187,585524588.81,556279487.87,1327946741.47,1201104651.36,nama_10r_3gva,SECOND,0,2015,2024-08-16
2024Q2,SI,GR23,P,2880651016.61,2699437948.12,2576759680.41,2414663499.45,1044.79,1175530881.08,143.876558,708410191.8,516042899.73,1477034389.28,1124635900.09,namq_10_gdp,BENCHMARK,1,2020,2025-03-16
2025Q1,CY,FI246,U,2911719676.11,2770871523.02,2650540768.26,2522326580.97,1052.15,1087417721.99,85.42837,570198215.62,589084590.49,1071452765.95,658610369.0,nama_10_gdp,FLASH,0,2015,2025-01-07
2026Q4,GR,IE8,E,2915793604.66,3152330789.3,2855760144.84,3087427250.36,1048.57,1398016914.77,78.31728,716168959.69,668357686.88,1454682058.33,1217414311.47,nama_10r_3gdp,FIRST,1,2020,2025-11-27
2018Q3,MT,BG63,J,2962200372.6,2704168263.4,2678443200.03,2445128683.34,1064.81,1262197282.46,115.075478,720682139.85,461181335.37,827468622.9,999136191.7,nama_10_gdp,SECOND,0,2015,2025-07-15
2019Q2,ES,RO536,O,2975284340.47,3002870663.45,2786770797.21,2812609255.15,1066.82,1466865162.69,100.687776,540067476.52,685494579.48,1202413515.33,718364709.41,nama_10r_3gva,BENCHMARK,1,2020,2024-05-08
2020Q1,CZ,SE83,T,2992778582.95,2675405804.65,2798359587.64,2501604203.84,1069.56,1038039479.64,105.599133,719600193.16,476221921.45,1371943835.15,954595739.05,namq_10_gdp,FLASH,0,2015,2025-09-14
2021Q4,HU,IE2,D,3032630571.0,2981037225.72,2665898474.16,2620544245.46,1078.12,1043312324.04,103.281098,589076901.93,446603810.68,1178359681.41,1445292796.58,nama_10_gdp,FIRST,1,2020,2024-03-05
2022Q3,NL,CZ79,I,3048753995.65,3228028838.17,2717024466.94,2876792731.0,1083.22,1139592516.89,90.231842,748914372.66,546609445.3,1112919286.66,1231241053.25,nama_10r_3gdp,SECOND,0,2015,2025-06-19
2023Q2,SE,FR2,N,3063369998.62,2949643320.34,2886691670.07,2779524120.94,1086.54,1112238760.43,187.231718,499292094.31,642892818.8,867337799.0,1342875649.2,nama_10_gdp,BENCHMARK,1,2020,2025-11-15
2024Q1,DK,IE9,S,3095529900.11,3330007081.41,2894871105.57,3114148980.11,1091.95,1268396339.42,124.45182,623775492.24,749599692.3,739709078.18,1501793971.42,nama_10r_3gva,FLASH,0,2015,2024-11-05
2025Q4,IE,HU62,C,3119429265.19,3043159425.11,2693822002.96,2627958232.41,1097.34,1578258549.16,135.005912,852467604.43,754695859.94,1503648482.59,1207654172.68,namq_10_gdp,FIRST,1,2020,2024-06-30
2026Q3,PL,DE1,H,3156486009.51,3130223199.31,2978453187.58,2953671658.2,1107.97,1317185705.23,168.880217,694214614.15,456017725.3,1561380915.39,1162481962.09,nama_10_gdp,SECOND,0,2015,2025-11-11
2018Q2,AT,PT555,M,3182580661.72,3166363386.27,3032745960.8,3017292188.59,1112.73,1214710414.7,152.000527,647810580.84,673338093.93,825198639.39,834995790.53,nama_10r_3gdp,BENCHMARK,1,2020,2025-11-12
2019Q1,EE,EE821,R,3185831035.09,3190731538.05,2771780097.7,2776043700.02,1111.43,1637037979.06,75.8368,512863175.13,553888391.73,1212798096.64,882711421.4,nama_10_gdp,FLASH,0,2015,2024-06-16
2020Q4,IT,IE127,B,3225800017.75,3349926026.78,2831212923.54,2940155560.71,1121.49,1496504006.4,139.295796,529535626.44,504107530.63,786721132.09,1202599561.29,nama_10r_3gva,FIRST,1,2020,2025-12-26
2021Q3,PT,SI36,G,3235493293.67,3096847707.72,2959011859.62,2832213904.61,1122.96,1283454291.6,79.728399,822204686.99,596742934.65,717249070.19,1017819146.65,namq_10_gdp,SECOND,0,2015,2025-11-09
2022Q2,BE,RO45,L,3275065774.76,2938782119.46,2850087216.33,2557440346.64,1134.84,1358038635.88,126.887299,834370851.21,789129709.64,1433445813.24,937965759.53,nama_10_gdp,BENCHMARK,1,2020,2024-12-22
2023Q1,FI,LT947,Q,3286322922.06,3054899444.51,3155459407.19,2933251362.93,1136.31,1136814428.19,115.120304,649837193.09,844392194.92,1276907483.53,1328717804.8,nama_10r_3gdp,FLASH,0,2015,2024-07-02
2024Q4,LV,NL41,A,3333245757.5,2994782690.86,3148984197.19,2829231341.95,1147.46,1615768070.93,158.932866,849043932.46,538501329.58,1767309413.37,714241048.38,nama_10_gdp,FIRST,1,2020,2024-06-28
2025Q3,RO,DE84,F,3353987060.94,3081965610.65,2910531652.9,2674476168.2,1151.16,1507608700.18,109.008464,890316368.93,653310903.23,969238302.92,1370888229.9,nama_10r_3gva,SECOND,0,2015,2025-11-10
2026Q2,BG,CZ493,K,3384460722.5,3269044805.66,3153350003.17,3045815358.34,1157.15,1373717443.18,162.589876,884930741.09,658729684.87,1051352454.0,1172160546.98,namq_10_gdp,BENCHMARK,1,2020,2024-04-02
2018Q1,FR,SE59,P,3391955998.22,3416671535.27,2973329868.01,2994995079.64,1156.85,1259833056.23,136.992682,645396976.24,560773864.55,1760633479.7,1074096686.1,nama_10_gdp,FLASH,0,2015,2025-09-04
2019Q4,LT,SK23,U,3422576614.28,3082313045.31,3236774618.81,2914982995.76,1166.46,1447056570.45,122.999796,880484598.99,856047716.2,1161942807.05,981421614.94,nama_10r_3gdp,FIRST,1,2020,2025-12-22
2020Q3,SK,BG6,E,3452134310.37,3152007750.11,3015044812.41,2752918560.29,1173.4,1523041541.42,94.22524,763803885.27,854434629.7,1881955908.42,1623712905.87,nama_10_gdp,SECOND,0,2015,2025-07-21
2021Q2,HR,PL9,J,3470974493.95,3304041671.0,3201787230.44,3047800682.34,1174.73,1217100928.4,86.388255,593207365.48,828520176.5,1244303549.07,872413211.2,nama_10r_3gva,BENCHMARK,1,2020,2024-10-21
2022Q1,DE,ES970,O,3490920446.75,3343633191.56,3078369633.83,2948488526.33,1177.92,1320952233.12,209.076597,701322232.05,676213691.06,1215638214.14,1494608274.43,namq_10_gdp,FLASH,0,2015,2026-02-05
2023Q4,LU,HR586,T,3534790312.1,3172896847.11,3272533318.2,2937489845.39,1191.72,1747132646.21,190.607712,582875599.73,506332182.95,1633218462.99,732905399.61,nama_10_gdp,FIRST,1,2020,2024-07-26
2024Q3,SI,SI329,D,3551072591.38,3350672673.48,3174683847.45,2995524912.78,1193.26,1603382664.15,210.276915,624592068.11,501635648.75,1748467504.42,978051679.03,nama_10r_3gdp,SECOND,0,2015,2024-05-08
2025Q2,CY,AT84,I,3562719610.35,3847975545.79,3486314280.79,3765452677.91,1194.59,1823061092.13,103.045472,995279573.51,914319850.56,1118751958.29,1764050836.11,nama_10_gdp,BENCHMARK,1,2020,2025-08-03
2026Q1,GR,PT49,N,3602693813.37,3246868564.78,3354644722.75,3023318400.21,1204.31,1713323234.18,104.997705,871324589.27,553196919.36,890667227.06,1454937799.74,nama_10r_3gva,FLASH,0,2015,2025-04-29
2018Q4,MT,SE52,S,3634214385.33,3390821244.01,3520167010.13,3284411929.19,1211.77,1405403641.07,281.112551,674419616.23,676550866.96,864427251.82,1295637858.7,namq_10_gdp,FIRST,1,2020,2024-05-23
2019Q3,ES,CZ30,C,3646774577.32,3665667907.81,3366299718.89,3383739955.95,1212.27,1757199375.75,228.789039,1020296331.66,541688145.53,1389268381.54,1877352376.83,nama_10_gdp,SECOND,0,2015,2025-04-16
2020Q2,CZ,LU34,H,3672915663.01,3643563330.95,3592664183.33,3563953185.92,1219.54,1488074342.18,114.556591,726006957.56,592326792.95,1332984456.91,1101989765.04,nama_10r_3gdp,BENCHMARK,1,2020,2024-05-20
2021Q1,HU,CZ7,M,3704076663.4,3371171233.38,3334494046.01,3034805007.38,1225.58,1898522683.31,294.010746,948773365.47,630945818.03,1969218941.8,984437578.31,nama_10_gdp,FLASH,0,2015,2025-06-01
2022Q4,NL,IE499,R,3718939246.74,3884019978.35,3199551655.01,3341577187.83,1225.38,1625295524.79,139.041561,991567822.17,822464115.54,1314878072.32,1855213146.65,nama_10r_3gva,FIRST,1,2020,2026-02-15
2023Q3,SE,MT19,B,3751672940.11,3602680181.38,3573471286.83,3431555572.49,1232.19,1615569993.11,198.486252,662093089.08,728815281.03,1521286010.35,1140475359.74,namq_10_gdp,SECOND,0,2015,2024-07-07
2024Q2,DK,CY661,G,3768191630.67,3980581255.58,3649169734.07,3854850831.81,1237.97,1572960614.98,123.56903,810244121.88,648272824.84,1449327623.98,1044849142.53,nama_10_gdp,BENCHMARK,1,2020,2024-10-04
2025Q1,IE,SI459,L,3811696257.9,4143050874.41,3527956422.72,3834645247.96,1249.13,1341252137.45,101.991244,727041404.06,765763236.93,2071762053.54,1967311028.04,nama_10r_3gdp,FLASH,0,2015,2024-02-28
2026Q4,PL,SK163,Q,3815469699.64,3953435379.97,3438059112.42,3562377794.47,1246.79,1302062972.57,232.178994,670423612.45,770786492.61,1006794511.72,1169543488.92,nama_10_gdp,FIRST,1,2020,2025-02-22
2018Q3,AT,DK57,A,3843022137.08,3728241618.76,3391309682.61,3290020574.91,1251.01,1825450451.24,232.680976,973863029.74,814236928.25,1717615248.37,809690366.64,nama_10r_3gva,SECOND,0,2015,2025-04-05
2019Q2,EE,BE6,F,3876071441.39,3598158040.82,3550007298.46,3295472619.4,1259.67,1419135492.78,100.679433,869400618.04,895202403.52,866319249.75,1985137848.7,namq_10_gdp,BENCHMARK,1,2020,2024-08-07
2020Q1,IT,LV607,K,3912256446.81,3562316603.43,3704244468.58,3372910685.43,1267.25,1849562073.23,112.88967,1058402630.35,871836305.36,2013628855.22,1692900242.95,nama_10_gdp,FLASH,0,2015,2025-07-29
2021Q4,PT,RO671,P,3936391749.29,3927579902.6,3770552297.92,3762111692.69,1271.7,1338939103.12,303.493578,689130156.01,1016049533.96,1190782499.05,859833770.71,nama_10r_3gdp,FIRST,1,2020,2025-11-27
2022Q3,BE,MT71,U,3961718065.09,3897355517.77,3429551667.91,3373834759.77,1278.37,1414295003.72,140.690666,718597083.04,577822281.17,2118338666.34,1787064833.39,nama_10_gdp,SECOND,0,2015,2024-09-12
2023Q2,FI,HU42,E,3982893850.43,3568992778.92,3712847160.63,3327009255.87,1280.09,1892492179.95,123.166169,747416221.17,817668233.87,2020321757.98,1852636903.2,nama_10r_3gva,BENCHMARK,1,2020,2025-03-13
2024Q1,LV,LT421,J,3989692229.72,3663635823.07,3555285891.69,3264731213.35,1280.28,1762059533.81,283.068851,648446038.94,988233408.95,1021670986.83,806079036.83,namq_10_gdp,FLASH,0,2015,2025-07-05
2025Q4,RO,IE251,O,4033971930.69,4375908048.42,3565914341.96,3868175965.79,1288.68,1692002690.92,211.691675,966950203.27,704808929.25,1947463423.25,1782755220.4,nama_10_gdp,FIRST,1,2020,2025-11-25
2026Q3,BG,RO1,T,4053759635.71,3663027577.41,3529806631.81,3189577132.63,1290.95,1416163115.02,289.384999,976406596.02,586657125.63,1083614063.63,1025200550.76,nama_10r_3gdp,SECOND,0,2015,2024-01-28
2018Q2,FR,LU74,D,4070070330.15,4235275109.26,3633881817.49,3781381637.96,1294.96,1725670175.19,158.337358,822307620.44,817125245.48,1999522513.87,1833854902.81,nama_10_gdp,BENCHMARK,1,2020,2025-12-05
2019Q1,LT,LU175,I,4092854857.73,4386553924.3,3532448537.01,3785933420.81,1299.91,1496271899.3,191.058238,808978211.31,653767434.41,2070559652.03,1271161642.82,nama_10r_3gva,FLASH,0,2015,2024-03-19
2020Q4,SK,EE80,N,4112063760.39,3731316886.81,3976977123.91,3608738279.76,1301.9,1763323119.99,198.702547,1138150754.58,986059701.52,1236111197.92,1883203912.09,namq_10_gdp,FIRST,1,2020,2025-05-12
2021Q3,HR,HU1,S,4135041813.4,4032517199.65,3636627133.15,3546460259.64,1303.27,1476878386.46,111.281324,762854047.31,592533279.16,1401693586.86,1900431855.49,nama_10_gdp,SECOND,0,2015,2024-12-17
2022Q2,DE,DE717,C,4169374955.53,3893233527.2,3871390499.68,3614984848.1,1312.35,1508568204.7,120.147036,1156079862.23,591829791.42,1846758397.55,835761752.48,nama_10r_3gdp,BENCHMARK,1,2020,2025-04-12
2023Q1,LU,PL11,H,4207900593.39,4133243195.59,3723810090.26,3657741521.13,1323.04,1498237124.48,109.628999,698150126.57,715580611.1,1663335739.42,1796924175.74,nama_10_gdp,FLASH,0,2015,2025-09-07
2024Q4,SI,CY565,M,4221633090.71,3784402842.3,4067376695.42,3646122625.08,1321.49,2008603481.67,143.265993,985108371.91,777820946.54,2032037059.88,2128507478.03,nama_10r_3gva,FIRST,1,2020,2024-04-27
2025Q3,CY,DE5,R,4259056940.46,4503516322.8,4083824645.49,4318226125.53,1328.96,1692705350.21,271.719382,1098266135.92,1032623691.08,1697337105.84,1871031821.41,namq_10_gdp,SECOND,0,2015,2025-10-16
2026Q2,GR,ES859,B,4268708674.39,4055540671.14,3998395445.03,3798726168.39,1329.04,2120083048.0,166.97884,766646097.19,693245603.15,2300810942.67,1604866153.95,nama_10_gdp,BENCHMARK,1,2020,2024-12-15
2018Q1,MT,IT637,G,4297773165.6,4411142593.53,3890297270.76,3992918037.16,1337.73,2086321192.16,150.944722,961294765.69,720263450.99,2079345527.26,1628750916.97,nama_10r_3gdp,FLASH,0,2015,2025-02-04
2019Q4,ES,GR19,L,4326175228.78,4307676877.08,4161811635.74,4144016088.57,1341.84,1553561435.82,163.111472,931035997.49,868815291.44,1498670773.16,1902263452.79,nama_10_gdp,FIRST,1,2020,2024-01-20
2020Q3,CZ,DK1,Q,4349572388.34,3943073391.04,3965798173.35,3595165652.02,1346.4,1562109425.77,110.940071,907100032.42,737639606.78,2318351094.95,2019857667.0,nama_10r_3gva,SECOND,0,2015,2025-08-21
2021Q2,HU,BE37,A,4372365469.58,4113776902.3,4062113683.1,3821873894.18,1350.08,1935421876.96,113.867657,903765408.88,1054532129.47,1953793419.69,998269329.77,namq_10_gdp,BENCHMARK,1,2020,2024-02-07
2022Q1,NL,EE73,F,4388148076.25,4616610298.93,4058444962.22,4269741696.19,1350.74,2152821903.41,219.855254,895106071.69,772180690.55,1780101234.66,1372637419.08,nama_10_gdp,FLASH,0,2015,2024-04-25
2023Q4,SE,EE42,K,4434921592.01,4693993086.97,4011178517.85,4245496530.84,1364.06,1940461146.14,167.216436,921815271.23,914906529.69,1083452158.85,1393474585.26,nama_10r_3gdp,FIRST,1,2020,2025-03-07
2024Q3,DK,IE58,P,4458299344.0,4563087705.29,4083744391.52,4179729171.75,1366.83,2246740285.56,121.247894,845073233.07,1120389003.77,2062095664.91,1243752518.41,nama_10_gdp,SECOND,0,2015,2025-09-26
2025Q2,IE,SE2,U,4481055683.22,4388040723.15,3936664772.13,3854949939.18,1371.03,2020997753.86,292.331693,995999032.1,766701796.36,1553826572.42,2041761575.8,nama_10r_3gva,BENCHMARK,1,2020,2024-10-01
2026Q1,PL,BE22,E,4499705570.81,4692510824.73,4050977008.6,4224554954.64,1370.19,1733171554.73,235.097026,1029652026.37,865136925.99,2179246351.93,1701669568.28,namq_10_gdp,FLASH,0,2015,2026-01-11
2018Q4,AT,IE210,J,4512366595.41,4186215549.13,4244327548.32,3937550197.37,1371.99,1936776984.35,113.073244,962897056.4,1158756114.65,1727979502.13,2040947091.95,nama_10_gdp,FIRST,1,2020,2025-08-19
2019Q3,EE,HR66,O,4552280096.12,4405526788.78,4341034134.0,4201090830.21,1382.01,1765544407.71,317.985645,1114249568.86,1170592998.51,2385531397.9,1690760934.47,nama_10r_3gdp,SECOND,0,2015,2024-07-20
2020Q2,IT,CY362,T,4587627132.92,4498925618.16,4300179830.71,4217036093.51,1388.29,2278525212.89,365.662054,1036911451.46,701291937.11,1445563688.46,2347285123.61,nama_10_gdp,BENCHMARK,1,2020,2024-12-10
2021Q1,PT,DK860,D,4586563534.38,4507785609.76,4444050126.31,4367719984.32,1382.91,2335607672.71,148.182303,1037779778.11,815705264.96,1065508312.95,2065102881.11,nama_10r_3gva,FLASH,0,2015,2025-02-01
2022Q4,BE,GR4,I,4617268632.43,4703805012.74,4057022782.46,4133059091.89,1391.36,1906377615.99,114.831581,1252771982.8,760360432.85,1177028295.88,2338672030.78,namq_10_gdp,FIRST,1,2020,2025-09-19
2023Q3,FI,CY85,N,4647443390.73,4853184401.79,4018594047.47,4196496075.08,1396.76,2070646001.81,241.688152,838757250.64,1146749300.56,1202678373.71,1471191652.49,nama_10_gdp,SECOND,0,2015,2024-10-24
2024Q2,LV,SI3,S,4676457984.08,4590375169.03,4026455157.97,3952337397.08,1402.11,2205582344.68,205.083329,904824029.07,703415710.7,1593210926.8,981330618.89,nama_10r_3gdp,BENCHMARK,1,2020,2025-07-18
2025Q1,RO,NL12,C,4689191268.98,4600868923.84,4072005092.79,3995307637.17,1403.32,1756334375.19,167.457953,1196555869.34,791606769.26,1909261076.89,1641844571.84,nama_10_gdp,FLASH,0,2015,2024-12-21
2026Q4,BG,PT428,H,4721648076.08,5027292629.8,4437806839.91,4725077612.57,1407.27,2072748273.1,125.896253,923942465.71,688152994.14,1199299925.07,2045108623.76,nama_10r_3gva,FIRST,1,2020,2026-01-21
2018Q3,FR,PL3,M,4748837659.96,4952289048.27,4363440714.94,4550380790.56,1411.92,2417400547.27,119.539731,845759622.96,943145155.84,1707381843.59,2032546113.07,namq_10_gdp,SECOND,0,2015,2025-07-20
2019Q2,LT,LU703,R,4775048417.84,4497883483.88,4320209285.08,4069445226.49,1419.84,1936742761.69,115.407795,870510540.51,999713613.6,2528993990.61,1406176056.78,nama_10_gdp,BENCHMARK,1,2020,2024-01-24
2020Q1,SK,EE841,B,4803093718.17,4905485846.0,4692265797.53,4792295300.92,1422.47,2265589159.22,135.70934,1320854631.27,869786559.58,1317881219.21,1000743697.14,nama_10r_3gdp,FLASH,0,2015,2025-06-25
2021Q4,HR,NL4,G,4817568299.47,5011649858.22,4489345395.37,4670204097.93,1424.7,2075826089.97,124.056065,864416275.75,1179561193.8,1078706794.62,2408463207.32,nama_10_gdp,FIRST,1,2020,2025-06-29
2022Q3,DE,DE89,L,4846900180.39,4817642773.0,4299082428.38,4273131820.5,1430.83,2021455714.03,113.248997,809053091.1,796346745.31,2376329355.26,1768629876.27,nama_10r_3gva,SECOND,0,2015,2024-05-27
2023Q2,LU,BE65,Q,4874273954.99,4568794877.83,4540058802.56,4255525560.06,1433.15,2142678540.88,240.166244,1152629122.62,1261757847.3,1272995315.29,995161450.89,namq_10_gdp,BENCHMARK,1,2020,2025-10-20
2024Q1,SI,BG475,A,4890011244.99,5257565154.31,4477420893.89,4813962768.9,1434.87,1697757991.32,124.752907,1018093778.46,1037573069.83,1353367357.8,1318183365.84,nama_10_gdp,FLASH,0,2015,2024-06-25
2025Q4,CY,RO518,F,4911426092.24,5251632902.6,4642817796.45,4964418529.92,1437.88,2436499467.32,233.425219,1363166587.28,729078567.95,1267101698.99,1755739019.5,nama_10r_3gdp,FIRST,1,2020,2024-10-25
2026Q3,GR,CY39,K,4958633117.3,4458740976.39,4616366368.89,4150978990.4,1447.27,2245582539.94,141.090718,906301505.53,963425775.51,1571577609.62,1778705845.64,nama_10_gdp,SECOND,0,2015,2024-01-02
2018Q2,MT,CY2,P,4985793561.74,5310930856.22,4458131842.14,4748858866.36,1453.26,1903972759.99,199.528425,1220430917.43,766494218.49,2439837423.07,1118186437.9,nama_10r_3gva,BENCHMARK,1,2020,2026-02-01
2019Q1,ES,FR137,U,4990697319.81,5097714648.86,4527186792.93,4624264897.98,1450.08,2372027226.31,132.848402,1388072345.55,748801927.8,2262092726.38,1749412061.94,namq_10_gdp,FLASH,0,2015,2026-02-08
2020Q4,CZ,AT323,E,5031963401.86,4659950487.39,4391680074.95,4067003289.05,1459.81,2484126526.74,147.063516,1051882606.57,1188619712.2,1318168824.3,1462265381.93,nama_10_gdp,FIRST,1,2020,2024-04-24
2021Q3,HU,LU751,J,5052039998.46,5346219748.31,4493961899.44,4755644821.14,1463.08,2097751679.75,261.332485,867832791.85,1232022809.06,1311098244.0,2430997534.27,nama_10r_3gdp,SECOND,0,2015,2024-05-02
2022Q2,NL,SI34,O,5088144693.29,5197829809.08,4645151170.53,4745286676.63,1467.64,2207492717.61,156.903836,1072686856.37,1293233753.13,1159391583.93,1540459045.11,nama_10_gdp,BENCHMARK,1,2020,2024-06-21
2023Q1,SE,CY655,T,5106794415.55,5331983702.87,4704581073.9,4912034355.34,1472.67,2619811781.45,150.800698,924125568.47,902332821.37,2651803457.12,2318371647.79,nama_10r_3gva,FLASH,0,2015,2024-04-14
2024Q4,DK,PT613,D,5128936859.85,5264853264.62,4724521866.49,4849721307.22,1473.4,2265566215.78,151.778935,985631001.34,1046449316.81,1774291911.06,1863574217.56,namq_10_gdp,FIRST,1,2020,2025-01-19
2025Q3,IE,BG9,I,5141941472.92,5323124571.43,4990742438.13,5166597838.97,1473.51,1790631488.88,413.04673,1357846307.14,970176597.82,1807374698.07,1107154852.41,nama_10_gdp,SECOND,0,2015,2025-12-31
2026Q2,PL,LT95,N,5170742443.31,5086855675.26,4449779833.47,4377589494.69,1479.99,1928604580.75,258.925256,1082767961.64,1072913048.06,1409658640.65,1098131017.73,nama_10r_3gdp,BENCHMARK,1,2020,2024-04-22
2018Q1,AT,BG92,S,5203765353.1,4648695515.84,4640809781.15,4145788704.07,1484.21,2612040506.44,161.975967,979888089.06,1072399780.19,2599341871.95,2213042002.31,nama_10_gdp,FLASH,0,2015,2025-06-09
2019Q4,EE,AT50,C,5225442732.91,4859566188.05,4690326922.93,4361918270.02,1489.93,2262591712.46,289.033872,924696504.78,1151390466.69,1697436408.64,2526598544.61,nama_10r_3gva,FIRST,1,2020,2026-02-16
2020Q3,IT,PT7,H,5258869743.5,4815526809.02,5083430094.79,4654877397.08,1495.74,2647541662.73,159.721586,1110935538.27,1299105637.77,2528195771.58,1346208552.71,namq_10_gdp,SECOND,0,2015,2024-10-09
2021Q2,PT,PT88,M,5279035181.35,4960735392.61,4688533550.75,4405838098.38,1494.79,2260043370.95,200.698535,1306470255.57,941151122.12,2598636757.24,2247875615.04,nama_10_gdp,BENCHMARK,1,2020,2025-02-04
2022Q1,BE,NL32,R,5308853294.85,5406470835.92,4873914487.47,4963534509.2,1501.87,2607996066.28,191.053859,1182234296.01,777537016.36,2428215857.05,2370598968.45,nama_10r_3gdp,FLASH,0,2015,2026-02-16
2023Q4,FI,CY7,B,5334841492.24,5051411719.85,5047927365.0,4779740783.23,1506.23,2030537346.56,249.342986,1021697211.31,863721831.96,1791377613.12,2539097490.5,nama_10_gdp,FIRST,1,2020,2024-11-18
2024Q3,LV,BG500,G,5335906396.63,5323690096.34,5137086909.63,5125325796.97,1500.15,2130482706.49,153.603035,1365243091.46,1099791115.31,2158635310.39,2413507073.77,nama_10r_3gva,SECOND,0,2015,2025-07-01
2025Q2,RO,IE72,L,5386678667.15,5710633961.5,5272281469.74,5589356907.31,1513.57,2545696262.42,249.259314,997573586.48,993934036.11,2652789539.68,1718615326.31,namq_10_gdp,BENCHMARK,1,2020,2024-08-02
2026Q1,BG,ES249,Q,5388305270.55,5242835704.14,4772582378.57,4643735653.23,1509.1,2280320028.42,252.157253,1351265964.7,1012142318.14,1313907912.26,1706335060.5,nama_10_gdp,FLASH,0,2015,2025-05-29
2018Q4,FR,MT139,A,5431488259.12,4897745222.42,5215442883.13,4702930255.03,1518.15,1932805726.23,255.448576,1520557995.0,762133187.6,2736718184.46,2047865572.14,nama_10r_3gdp,FIRST,1,2020,2025-12-18
2019Q3,LT,RO502,F,5442651534.05,5292577576.37,4904981517.03,4769733102.9,1519.72,2105102545.52,281.024819,1173547067.28,1330251619.61,2070723797.73,1169993521.72,nama_10_gdp,SECOND,0,2015,2025-05-27
2020Q2,SK,LT333,K,5461396183.4,5151285144.97,5173741552.68,4879964226.96,1520.15,2697685145.24,196.990595,1392941973.34,965700423.15,2294225753.25,2506961352.18,nama_10r_3gva,BENCHMARK,1,2020,2024-12-08
2021Q1,HR,IT468,P,5492233775.48,5707647890.04,5044459386.43,5242311079.67,1524.39,2277623278.56,141.656613,1064767931.38,1151593662.55,2841911194.61,1445548556.08,namq_10_gdp,FLASH,0,2015,2025-10-06
2022Q4,DE,LV9,U,5536803576.57,5092232275.76,4768224005.21,4385364920.67,1533.71,2350355380.93,239.098015,1116365593.18,1050318781.89,2287392842.79,2005342831.04,nama_10_gdp,FIRST,1,2020,2025-11-07
2023Q3,LU,MT2,E,5536751945.48,5011921372.97,5178560593.94,4687683099.68,1531.99,2309910052.37,369.622209,1259515094.86,978968061.21,2220884053.34,1438212688.54,nama_10r_3gdp,SECOND,0,2015,2025-09-10
2024Q2,SI,IE86,J,5571959337.65,5943828674.5,5396729589.7,5756904194.74,1535.88,2882736358.4,273.741655,1436047198.64,909159761.68,2866132485.29,2111470674.68,nama_10_gdp,BENCHMARK,1,2020,2025-01-18
2025Q1,CY,SE96,O,5585496295.79,5526487408.15,5133670492.04,5079434991.88,1537.49,2515466954.13,185.927603,1058768798.78,1274822036.48,2197767446.76,1533677128.34,nama_10r_3gva,FLASH,0,2015,2024-06-04
2026Q4,GR,AT6,T,5617598065.53,5918331343.39,5402105862.08,5691302950.29,1541.6,2844409360.0,177.975161,1360321600.66,826521159.27,3040084695.01,1665793170.78,namq_10_gdp,FIRST,1,2020,2024-10-04
2018Q3,MT,IT581,D,5646886624.67,5202270786.72,5507133371.71,5073521209.56,1547.04,2406987940.68,251.48293,1263760885.59,1327797391.77,2111343206.88,2735932485.58,nama_10_gdp,SECOND,0,2015,2025-03-23
2019Q2,ES,HU620,I,5666462538.78,6101697257.34,5380501264.72,5793771614.19,1550.21,2326817797.07,288.741213,1147255111.21,1118368920.43,1923871911.36,2260552149.43,nama_10r_3gdp,BENCHMARK,1,2020,2024-10-02
2020Q1,CZ,FI599,N,5708255831.75,5268756412.42,4933198713.95,4553373766.68,1556.35,2534208133.65,290.645573,1078626103.77,1374457015.36,2551051917.85,2219630388.12,nama_10_gdp,FLASH,0,2015,2025-02-14
2021Q4,HU,FR54,S,5724842850.47,5130090849.2,5182693674.83,4644265369.36,1559.01,2444221263.36,160.70559,1511698994.42,1228318708.02,1706579036.12,1384646371.69,nama_10r_3gva,FIRST,1,2020,2025-08-07
2022Q3,NL,DK9,C,5740164618.61,6090175969.94,5230213275.6,5549129916.13,1559.57,2566429332.67,246.338752,1377829653.18,870981719.54,1279130344.36,1495801133.58,namq_10_gdp,SECOND,0,2015,2026-01-17
2023Q2,SE,HR793,H,5778076550.54,5440423396.76,5467790326.62,5148269352.49,1565.84,2497394951.32,293.042423,951111644.81,1014842934.22,2256854219.02,2580793860.44,nama_10_gdp,BENCHMARK,1,2020,2025-05-09
2024Q1,DK,AT843,M,5807859907.18,6047323694.18,5330678651.88,5550467785.51,1573.0,2159721898.89,152.505264,1113004588.46,880465149.87,2580543366.93,2874599398.24,nama_10r_3gdp,FLASH,0,2015,2024-03-19
2025Q4,IE,HU927,R,5836512744.41,6246263393.87,5112930624.13,5471882405.03,1577.28,2705345436.77,163.34175,1158509311.67,1483429926.97,3020702276.89,1174483435.91,nama_10_gdp,FIRST,1,2020,2025-09-27
2026Q3,PL,PL8,B,5864543437.05,5516344429.35,5372157092.37,5053192830.47,1581.09,2464411994.22,378.298367,941823996.76,1403602460.34,2967795326.34,2310776634.99,nama_10r_3gva,SECOND,0,2015,2025-12-13
2018Q2,AT,IT922,G,5863654812.54,5337592944.76,5713012259.74,5200465393.31,1574.21,2873721472.29,228.820897,1503564866.21,1174015379.85,3053229184.9,2386215877.38,namq_10_gdp,BENCHMARK,1,2020,2024-05-22
2019Q1,EE,MT34,L,5892414121.86,5291935567.72,5554299821.44,4988277499.0,1581.33,2648546368.63,212.409097,1073377494.68,1015059261.24,2034578120.99,2709709612.88,nama_10_gdp,FLASH,0,2015,2025-04-09
2020Q4,IT,HR737,Q,5911809691.56,5822414502.67,5275081761.34,5195314827.86,1580.49,2251086559.07,170.319527,1335137031.25,1373941783.1,1962189858.97,2229730209.83,nama_10r_3gdp,FIRST,1,2020,2024-03-08
2021Q3,PT,HR815,A,5938751531.36,5374416070.58,5167017008.33,4676016347.86,1587.87,2860158473.98,317.363662,1063351519.38,943460533.49,2136596481.06,2946053909.7,nama_10_gdp,SECOND,0,2015,2025-09-04
2022Q2,BE,ES760,F,5960100903.55,5433979344.54,5398793173.63,4922220456.62,1587.11,2140483623.91,403.512942,1096213227.17,1201622392.09,3169533938.29,2002905262.64,nama_10r_3gva,BENCHMARK,1,2020,2025-01-28
2023Q1,FI,NL59,K,6011466927.31,5572071681.11,5666433635.31,5252257855.52,1599.71,2532985416.45,333.512128,1398739342.19,1421997584.03,2505730113.63,2215152542.79,namq_10_gdp,FLASH,0,2015,2024-04-05
2024Q4,LV,IE33,P,6022321513.01,5647861626.09,5767208267.44,5408610980.49,1599.95,2774486887.94,160.323988,1614823186.51,1183647264.88,3287805167.48,1792169792.32,nama_10_gdp,FIRST,1,2020,2026-02-13
2025Q3,RO,HU704,U,6048877225.29,5408008389.02,5743642300.85,5135112615.06,1603.38,2869714588.02,290.868879,1656423643.04,1566923392.42,1953601941.3,2513806903.67,nama_10r_3gdp,SECOND,0,2015,2025-02-24
2026Q2,BG,FR14,E,6060020413.06,5737530568.47,5518689475.88,5225007080.42,1603.06,2270248162.13,148.829272,1636822859.98,1031682463.17,2564193866.14,2324035841.2,nama_10_gdp,BENCHMARK,1,2020,2024-11-10
2018Q1,FR,FR658,J,6092789612.37,6018810211.73,5610314221.48,5542193096.36,1608.56,2235980535.09,194.548863,1385065458.56,1365421337.43,2440582196.25,1451440401.7,nama_10r_3gva,FLASH,0,2015,2024-09-23
2019Q4,LT,AT520,O,6137943861.55,5602401570.2,5311817910.46,4848356008.69,1615.47,2098422935.02,148.196212,1309023521.01,913773685.98,2757868553.93,1869398200.07,namq_10_gdp,FIRST,1,2020,2024-10-25
2020Q3,SK,AT338,T,6164871490.57,6031889965.47,5490018804.97,5371594426.68,1620.37,2824454360.72,239.228347,1066152282.85,1167308185.39,3080716560.54,2988513281.32,nama_10_gdp,SECOND,0,2015,2025-05-16
2021Q2,HR,GR97,D,6185331768.27,5556005277.88,5691286608.9,5112226736.03,1618.99,2827082588.88,489.850416,1291999561.37,1296874822.61,3249629038.17,2737320034.68,nama_10r_3gdp,BENCHMARK,1,2020,2025-08-16
2022Q1,DE,BG320,I,6199658141.7,6514901529.38,5861247559.34,6159283272.66,1622.37,3158517023.7,270.651773,1251537969.02,1000252061.11,2171794054.66,2686420309.35,nama_10_gdp,FLASH,0,2015,2024-05-21
2023Q4,LU,MT6,N,6210428685.97,5662430193.46,5580666225.58,5088236985.44,1620.62,2408832315.0,149.482796,1520373121.5,1448609827.7,2225667413.19,2320035631.84,nama_10r_3gva,FIRST,1,2020,2024-01-06
2024Q3,SI,GR216,S,6236959504.8,6231499545.67,5762069575.62,5757025344.63,1624.04,3199959204.62,154.57771,1715667150.78,1187130452.81,3430159501.72,2802751993.66,namq_10_gdp,SECOND,0,2015,2024-11-16
2025Q2,CY,PL7,C,6266688481.44,5811242318.75,5941797395.77,5509963448.48,1627.3,2444226692.24,174.651147,1543815131.45,947538855.1,2254098520.58,2978506326.22,nama_10_gdp,BENCHMARK,1,2020,2024-05-18
2026Q1,GR,DE70,H,6295463736.59,6341227875.18,6081072678.18,6125278326.01,1634.15,2878628894.09,207.986769,1445405295.9,1034078401.34,2205351906.11,1904365623.15,nama_10r_3gdp,FLASH,0,2015,2024-05-12
2018Q4,MT,GR755,M,6315101859.06,5971473416.47,5846767557.1,5528622945.24,1634.61,2174354776.06,375.54604,1594109983.85,1354349504.87,1881347148.67,1749691638.66,nama_10_gdp,FIRST,1,2020,2025-02-24
2019Q3,ES,RO99,R,6360124795.28,6756571248.34,5484727120.64,5826607301.14,1643.78,3205786698.89,295.239596,1751613697.63,1374732155.24,3325465198.94,1307743625.68,nama_10r_3gva,SECOND,0,2015,2024-11-06
2020Q2,CZ,BE92,B,6371357842.43,6259026840.01,6091491279.17,5984094498.37,1640.23,2376026280.78,218.784815,1625373337.37,955834911.64,1646136750.02,3088793638.24,namq_10_gdp,BENCHMARK,1,2020,2024-04-08
2021Q1,HU,IE680,G,6407614992.53,5908276999.72,6195205005.48,5712419876.21,1646.32,2491462023.26,357.337058,1174927980.15,1190132163.76,2525734819.7,1320129053.25,nama_10_gdp,FLASH,0,2015,2025-03-04
2022Q4,NL,IT99,L,6435199744.88,6017471069.77,5885335300.34,5503300023.26,1653.32,2347706054.63,165.499162,1476575408.11,1253140076.19,3315513563.64,3254352159.82,nama_10r_3gdp,FIRST,1,2020,2025-01-20
2023Q3,SE,CY8,Q,6458260145.69,5882962150.43,6206394188.33,5653532263.62,1653.84,2575789547.59,285.699301,1382146502.71,1406800431.98,2370797073.1,2040921512.77,nama_10_gdp,SECOND,0,2015,2025-02-10
2024Q2,DK,FI95,A,6465025613.14,5881656791.77,5785409526.78,5263365572.31,1651.34,2371592879.82,505.149546,1300530824.01,1133630969.5,2485294151.75,1553186361.06,nama_10r_3gva,BENCHMARK,1,2020,2025-05-26
2025Q1,IE,AT12,F,6500355789.49,6362390829.83,6125279438.63,5995275180.71,1656.91,2608410913.51,393.916214,1151203251.25,1685108340.53,3074882446.13,2749279510.58,namq_10_gdp,FLASH,0,2015,2025-10-20
2026Q4,PL,PT3,K,6515663323.33,6056268911.5,5785141183.67,5377253083.94,1656.78,3122428258.41,255.543434,1266355091.98,926115061.3,2111779647.18,3110046063.61,nama_10_gdp,FIRST,1,2020,2025-12-13
2018Q3,AT,SE8,P,6556493587.91,6165445899.24,6394474128.25,6013089735.12,1666.84,3115845301.43,306.963109,1325405920.14,1670555879.95,2744673421.83,2617409122.32,nama_10r_3gdp,SECOND,0,2015,2024-09-06
2019Q2,EE,ES558,U,6583886344.15,6706394663.05,6235850964.41,6351883286.15,1670.51,2694592630.53,526.359876,1717441604.3,1616063560.42,2070903992.6,3418156839.8,nama_10_gdp,BENCHMARK,1,2020,2024-02-08
2020Q1,IT,PT239,E,6605987073.27,6578388012.39,5936651927.37,5911849272.42,1671.99,2722285846.64,344.686069,1256472625.16,1616182676.8,3444802140.93,2138951186.12,nama_10r_3gva,FLASH,0,2015,2024-08-08
2021Q4,PT,SI90,J,6615747544.02,7155961371.16,5825280983.44,6300948670.77,1670.06,2295435622.77,165.040346,1234280052.04,1565688969.88,1822325868.68,2435338505.45,namq_10_gdp,FIRST,1,2020,2024-04-19
2022Q3,BE,LU25,O,6645455453.04,6416224509.3,5859272178.18,5657160148.3,1675.2,3398933994.84,198.231133,1849649996.04,1582268967.76,3307274687.55,2319357945.9,nama_10_gdp,SECOND,0,2015,2025-05-03
2023Q2,FI,SE867,T,6675136853.78,6743535876.61,6446880014.38,6512940127.14,1679.61,2662712551.22,477.958197,1410217292.04,1339809216.2,2252045819.98,2977304348.81,nama_10r_3gdp,BENCHMARK,1,2020,2024-08-19
2024Q1,LV,SE4,D,6714609761.69,7243874667.46,6166094279.19,6652123612.76,1687.11,2780991641.72,377.816093,1333612319.31,1609411623.04,1610804642.59,2977820047.8,nama_10_gdp,FLASH,0,2015,2024-05-01
2025Q4,RO,PT593,I,6710468503.69,6333110653.63,6487533528.83,6122712249.47,1681.75,3240019382.5,214.022521,1482127856.05,1319296011.93,1873727512.9,1355024594.95,nama_10r_3gva,FIRST,1,2020,2025-10-18
2026Q3,BG,BE4,N,6747298634.51,7211997341.45,6393060459.34,6833362140.03,3379.96,2655440170.6,218.029119,1862599592.38,1638241340.39,3125708840.21,1649128732.41,namq_10_gdp,SECOND,0,2015,2025-03-28
2018Q2,FR,FR307,S,6787209351.26,7358542470.01,6527053348.27,7076487077.62,3376.23,2748204874.43,184.322526,1120611812.83,1503300344.38,3634229101.66,1631170194.85,nama_10_gdp,BENCHMARK,1,2020,2025-11-08
2019Q1,LT,ES841,C,6805102034.54,6638535581.28,6371099967.17,6215156453.1,3374.37,2986572851.19,400.418536,1700513088.74,1764627484.82,3301012809.78,3179299546.81,nama_10r_3gdp,FLASH,0,2015,2025-12-05
2020Q4,SK,CY679,H,6813030709.15,6535926365.55,6462223397.33,6199387333.74,3361.55,2696805918.63,178.598259,1324581540.17,1607567075.33,3213344108.42,2197986465.67,nama_10_gdp,FIRST,1,2020,2024-08-20
2021Q3,HR,FI97,M,6845094765.07,6890311212.03,6492827450.58,6535716935.4,3374.94,2906466851.65,187.703262,1409762490.27,1234412155.17,1522024863.85,3181128979.66,nama_10r_3gva,SECOND,0,2015,2024-09-29
2022Q2,DE,FI52,R,6883898232.21,7250098283.31,6049824658.56,6371654822.86,3382.36,2640123849.02,182.210647,1397072261.87,994146697.78,1779488674.86,3328552275.62,namq_10_gdp,BENCHMARK,1,2020,2025-06-02
2023Q1,LU,LT627,B,6903679316.31,6577828640.87,6599269484.94,6287786821.78,3374.55,3139232241.82,497.156718,1902232277.74,1489754955.87,3318798750.96,1595442056.28,nama_10_gdp,FLASH,0,2015,2025-09-06
2024Q4,SI,BG562,G,6932180375.59,6483540984.76,5981020830.93,5593938932.2,3379.64,2984665916.85,198.042576,1506952097.42,1535828648.79,3300632874.55,1398833816.17,nama_10r_3gdp,FIRST,1,2020,2025-09-01
2025Q3,CY,SK89,L,6953983443.88,6376097185.57,6049548269.84,5546821905.54,3365.25,2762374544.09,159.291416,1885585873.85,1540959376.0,3809540802.06,3560050486.62,nama_10_gdp,SECOND,0,2015,2025-12-18
2026Q2,GR,IE11,Q,6980909835.22,6707306007.09,6154891021.26,5913661470.26,3374.48,3095484277.49,357.492509,1702837137.16,1272457576.78,3155635095.13,2596629324.35,nama_10r_3gva,BENCHMARK,1,2020,2025-03-14
2018Q1,MT,DE52,A,7009639109.7,7147258402.82,6510213657.51,6638027798.53,3373.91,3152780074.34,287.581435,1727724530.06,1482606140.62,2212386754.92,1548230152.49,namq_10_gdp,FLASH,0,2015,2024-06-28
2019Q4,ES,DE741,F,7032595972.58,6290875064.12,6320501231.63,5653884247.84,3360.43,2526953298.74,355.249912,1271552277.6,1096510527.44,2278746779.12,3541676457.53,nama_10_gdp,FIRST,1,2020,2024-01-03
2020Q3,CZ,BE52,K,7045625953.98,6386286114.33,6424622727.82,5823397265.84,3362.31,3318699492.97,190.178336,1402989663.19,1579870018.31,3641821478.0,2062943587.97,nama_10r_3gdp,SECOND,0,2015,2024-12-24
2021Q2,HU,AT35,P,7063738174.38,6395594330.28,6157497593.58,5575073102.38,3359.55,2810143948.53,190.499191,1334328107.34,1284225454.24,3754143463.29,3000306316.13,nama_10_gdp,BENCHMARK,1,2020,2025-11-09
2022Q1,NL,SI932,U,7093291245.57,7315349867.81,6728678547.85,6939322808.19,3353.78,3266759445.29,196.044339,1479642587.67,1086792350.74,3450997054.17,1763618049.63,nama_10r_3gva,FLASH,0,2015,2025-11-13
2023Q4,SE,FR11,E,7114901924.66,7352109993.86,6222585625.56,6430044215.62,3361.37,2697922617.28,525.786415,1653692723.12,1398088498.84,2336082427.48,2863770203.74,namq_10_gdp,FIRST,1,2020,2025-10-25
2024Q3,DK,HR354,J,7136745663.87,6800427148.42,6896452195.81,6571457489.04,3357.58,2589398579.82,375.660896,1906056926.97,1023342679.73,1664534709.89,3612528498.56,nama_10_gdp,SECOND,0,2015,2024-08-19
2025Q2,IE,RO9,O,7183000171.43,7571166787.35,6446682142.88,6795058410.67,3364.33,2746800134.2,264.744095,1864065088.51,1810022544.68,2283671258.66,1613566374.86,nama_10r_3gdp,BENCHMARK,1,2020,2025-12-25
2026Q1,PL,PT886,T,7190598085.37,6687837320.62,6334689087.29,5891772782.95,3349.12,2454146410.14,193.076589,1911976025.15,1862231294.84,3705027537.92,2460737817.89,nama_10_gdp,FLASH,0,2015,2024-05-25
2018Q4,AT,LU12,D,7236972588.69,7271394687.07,6787210948.54,6819493790.59,3370.59,2548842742.26,303.87624,1524605534.46,1135711609.89,3889259125.76,1546283013.1,nama_10r_3gva,FIRST,1,2020,2024-12-06
2019Q3,EE,GR93,I,7238581703.67,7518860642.42,6311132276.72,6555500238.46,3355.89,3129978442.48,558.113621,1608594682.15,1218012048.31,3240048817.8,2101394494.11,namq_10_gdp,SECOND,0,2015,2025-08-31
2020Q2,IT,DE72,N,7280421107.1,6747888405.0,6485326042.14,6010951256.61,3362.28,3546801294.03,199.942808,1341509262.29,1793114616.71,3578579312.98,3023721694.12,nama_10_gdp,BENCHMARK,1,2020,2024-12-04
2021Q1,PT,RO296,S,7300099095.18,7542992976.91,6566411293.06,6784893413.26,3358.92,2589890364.85,313.950814,1704711969.02,1089180536.72,2445354934.4,1934180316.64,nama_10r_3gdp,FLASH,0,2015,2025-09-12
2022Q4,BE,FR685,C,7339411290.11,6674340684.77,6702711637.21,6095336425.53,3357.4,3156974510.88,218.486697,2002011567.68,1444267782.66,3558902872.34,1633924240.14,nama_10_gdp,FIRST,1,2020,2024-07-04
2023Q3,FI,SI1,H,7355732787.53,7156790465.9,7160923188.06,6967249664.95,3362.18,3683261414.79,496.777023,1944571852.39,1891516099.32,1890769102.56,1562242712.95,nama_10r_3gva,SECOND,0,2015,2024-01-15
2024Q2,LV,LV21,M,7381026072.15,7754650569.86,6427681983.09,6753048595.92,3356.15,3175339957.9,180.502181,1245571491.81,1541326554.34,2944952276.66,1697349848.05,namq_10_gdp,BENCHMARK,1,2020,2024-03-28
2025Q1,RO,DK229,R,7414580663.82,7189440563.21,6429196114.02,6233976731.35,3362.61,2900861425.84,291.60717,1636353173.39,1602922097.24,3404391513.35,2769380079.38,nama_10_gdp,FLASH,0,2015,2025-01-06
2026Q4,BG,NL47,B,7413833198.69,7412666891.39,7139187425.1,7138064323.71,3344.81,3762178711.31,256.317177,1359270238.03,1847471688.56,2920265536.79,3175352770.08,nama_10r_3gdp,FIRST,1,2020,2025-12-22
2018Q3,FR,EE717,G,7453897612.95,7065507177.75,6907561329.63,6547638120.29,3356.12,3234603645.09,495.311003,1859689415.59,1828910605.68,1845573322.08,2166119765.11,nama_10_gdp,SECOND,0,2015,2025-10-07
2019Q2,LT,CY24,L,7471116507.34,6892307088.55,6697272814.33,6178415347.53,3349.85,3465110131.53,178.967014,1996130980.49,1879951329.01,2023306692.21,1714242642.9,nama_10r_3gva,BENCHMARK,1,2020,2026-02-24
2020Q1,SK,NL90,Q,7504139490.66,6812208374.15,6747280506.24,6125136776.11,3353.02,3328663041.32,267.859687,1385092480.96,1630030451.2,4125143605.35,2557597820.14,namq_10_gdp,FLASH,0,2015,2024-01-09
2021Q4,HR,PL10,A,7520582403.98,6814719290.21,7304531646.37,6618946518.04,3338.24,3807488853.64,285.284352,1580692783.52,1943564786.26,2529929937.75,3307238690.46,nama_10_gdp,FIRST,1,2020,2026-02-14
2022Q3,DE,AT13,F,7548305123.42,6754831127.13,6651020869.69,5951868937.89,3345.68,3238075662.76,195.367607,1925654662.98,1858898598.12,2888696149.34,1733406184.11,nama_10r_3gdp,SECOND,0,2015,2025-03-01
2023Q2,LU,BG67,K,7562968868.08,6753679090.04,6847491633.2,6114762848.95,3342.03,3196380233.54,184.360957,1433413545.83,1221895384.63,3479583176.79,3706166264.38,nama_10_gdp,BENCHMARK,1,2020,2025-04-07
2024Q1,SI,BG381,P,7611158576.9,7274256049.69,6953547325.93,6645753493.56,3347.04,2594773058.37,540.147186,2100983733.49,1535307458.96,2460116003.64,2410727466.08,nama_10r_3gva,FLASH,0,2015,2025-08-19
2025Q4,CY,SE38,U,7633900278.26,7572211605.13,6629679859.11,6576106176.08,3344.82,3380951112.87,250.423007,1653637764.34,1601646670.42,3116919089.34,1779868391.16,namq_10_gdp,FIRST,1,2020,2025-04-15
2026Q3,GR,LT671,E,7649456188.62,7810940862.81,6943288070.01,7089865105.57,3343.54,3008820276.29,244.85725,1743079770.1,1816395513.67,3117068364.93,3244437609.33,nama_10_gdp,SECOND,0,2015,2025-12-18
2018Q2,MT,DK21,J,7688277622.25,8062064201.13,7243769026.43,7595944607.96,3355.74,2861924209.92,348.929534,2031969484.04,1320756444.3,2566968663.57,2055611959.55,nama_10r_3gdp,BENCHMARK,1,2020,2025-02-24
2019Q1,ES,FI11,O,7695658921.54,7371854712.13,7498074374.09,7182583774.84,3338.83,3942050437.32,402.186547,1568208161.23,1115692492.1,2358487217.33,3424919724.96,nama_10_gdp,FLASH,0,2015,2025-04-07
2020Q4,CZ,HU8,T,7735578336.85,8011023794.84,7095950914.3,7348620768.37,3349.62,3918476604.91,216.212264,1657168504.82,1827440944.57,1753756402.27,3881396753.31,nama_10r_3gva,FIRST,1,2020,2025-09-19
2021Q3,HU,EE51,D,7763351560.64,7609310190.88,7195470766.52,7052697356.83,3351.33,3336673724.92,444.237105,1969044117.15,1957663407.91,1951061739.81,3905337787.77,namq_10_gdp,SECOND,0,2015,2025-03-26
2022Q2,NL,EE234,I,7772318757.26,8294679299.47,7320902926.82,7812924798.5,3332.69,3409389515.47,214.34605,1383951527.25,1380790946.37,4255019153.15,1751408601.11,nama_10_gdp,BENCHMARK,1,2020,2025-03-26
2023Q1,SE,RO8,N,7806652315.49,8401148891.38,6925112894.85,7452477985.19,3339.87,3302258702.55,336.823554,1971112964.46,1946686215.05,3844346733.79,2585720243.75,nama_10r_3gdp,FLASH,0,2015,2024-01-11
2024Q4,DK,SK7,S,7812889033.93,7134620826.49,7165469394.82,6543406280.81,3330.52,2953485376.1,274.344939,1346908320.39,1343355108.35,1807186735.43,1696195035.63,nama_10_gdp,FIRST,1,2020,2025-03-31
2025Q3,IE,AT85,C,7850130968.77,8471966804.76,6929373926.85,7478273435.13,3342.29,3066831565.41,234.967888,1357498476.02,1690984885.17,3364943157.18,2987712089.14,nama_10r_3gva,SECOND,0,2015,2024-12-21
2026Q2,PL,LV19,H,7875345379.75,8001793570.72,7011266878.65,7123841244.65,3344.02,3218628842.23,245.30379,2118880721.73,1982662260.15,3714000204.41,3223797338.78,namq_10_gdp,BENCHMARK,1,2020,2025-07-25
2018Q1,AT,MT40,M,7890791163.51,7338503015.57,7490088631.03,6965846246.17,3334.71,4040819789.82,228.346784,1404787121.35,1172517608.24,2442144465.51,2405604187.54,nama_10_gdp,FLASH,0,2015,2025-12-24
2019Q4,EE,FR641,R,7916120876.31,7828545620.46,7452212688.09,7369769602.26,3331.99,4039791407.37,300.263828,1627363199.92,1586754878.22,1854105011.21,4028959442.15,nama_10r_3gdp,FIRST,1,2020,2024-12-10
2020Q3,IT,SK34,B,7962830650.88,8266717307.42,7355566240.27,7636277777.37,3342.43,3739909908.77,257.98138,1728773617.99,1754200419.12,2781518074.37,4103169636.19,nama_10_gdp,SECOND,0,2015,2025-05-18
2021Q2,PT,RO894,G,7982212012.11,7841463291.7,7483238945.4,7351288515.56,3337.54,3592579397.5,414.277806,1847062313.02,1204987354.5,4314222206.08,3908933753.38,nama_10r_3gva,BENCHMARK,1,2020,2025-12-17
2022Q1,BE,ES18,L,7993012687.97,7388638178.47,7730102653.09,7145607521.93,3332.87,3488186417.35,340.644819,1520401667.81,1782869427.46,3310014636.51,3552724339.56,namq_10_gdp,FLASH,0,2015,2024-10-06
2023Q4,FI,MT686,Q,8027901040.7,8709145574.32,7213720423.15,7825873908.9,3340.03,3857394085.1,412.792539,1554004003.51,1820585072.71,2775676747.74,4061415616.72,nama_10_gdp,FIRST,1,2020,2025-11-22
2024Q3,LV,SK21,A,8037401999.66,7760212032.74,7766264234.46,7498425133.43,3329.69,3026212657.17,454.145805,2166419357.17,1482218088.62,3280384891.94,3448535686.8,nama_10r_3gdp,SECOND,0,2015,2024-09-22
2025Q2,RO,LU989,F,8061536805.97,7261199336.93,7167997102.91,6456368936.04,3329.48,3973112181.83,261.457656,1569148084.65,1999829136.99,2038835501.55,2368939591.04,nama_10_gdp,BENCHMARK,1,2020,2025-06-18
2026Q1,BG,IE878,K,8086193172.74,8346701894.13,7804654320.06,8056092849.21,3326.08,4172758270.42,286.461303,2081647842.25,1549860836.06,4279174888.81,2555476784.24,nama_10r_3gva,FLASH,0,2015,2026-01-23
2018Q4,FR,FI495,P,8139147477.26,7602739536.79,7657096039.58,7152457546.67,3328.97,4215330607.76,313.625457,1978096830.72,1248309159.18,3726255337.51,4175832095.22,namq_10_gdp,FIRST,1,2020,2024-10-06
2019Q3,LT,PT20,U,8137668791.31,8703421344.81,7222544083.3,7724674713.43,3323.84,2768375671.76,347.838053,1547443928.82,1662263753.51,2476912184.39,3924705860.54,nama_10_gdp,SECOND,0,2015,2024-05-07
2020Q2,SK,SE44,E,8162892664.01,7830156477.44,7854098021.89,7533948935.97,3321.29,3717459527.84,278.560402,2109286906.16,1734600861.94,2872385268.4,3818939844.95,nama_10r_3gdp,BENCHMARK,1,2020,2025-02-02
2021Q1,HR,SE35,J,8205940624.96,8717837655.83,7230432400.8,7681475985.81,3334.81,4173041171.64,205.956627,1409066515.81,1562585098.57,4087892583.44,2787284553.87,nama_10_gdp,FLASH,0,2015,2024-02-28
2022Q4,DE,FR9,O,8210745882.92,7557399010.49,7680337656.61,7069196518.07,3315.74,3502066121.0,362.333834,1692923954.22,1310426439.79,2237842637.95,3225797049.88,nama_10r_3gva,FIRST,1,2020,2024-10-07
2023Q3,LU,LV5,T,8245224357.56,7699942537.19,7922705096.38,7398752457.88,3328.74,3299659743.59,213.518531,2308505108.77,1415619005.53,4172784909.71,1883059299.28,namq_10_gdp,SECOND,0,2015,2025-07-03
2024Q2,SI,LU147,D,8280293313.18,8367202581.9,7823345187.8,7905458367.06,3328.64,3472587029.15,473.075278,2187468305.05,1729303765.48,3338714057.92,1690170260.23,nama_10_gdp,BENCHMARK,1,2020,2025-07-31
2025Q1,CY,RO705,I,8314244131.03,8836259506.99,7305947084.94,7764655856.8,3334.12,4214324366.87,228.861163,1545083272.19,1202053040.4,2612212453.58,3613733386.28,nama_10r_3gdp,FLASH,0,2015,2024-05-09
2026Q4,GR,IT157,N,8336590625.39,8091339996.49,7774214514.4,7545508190.13,3327.96,3417457898.93,349.819938,1808822165.63,1508655461.91,2330676933.76,2666658425.55,nama_10_gdp,FIRST,1,2020,2025-03-14
2018Q3,MT,DK41,S,8357490246.9,7528339261.91,7700890349.8,6936880984.52,3333.6,3914476146.36,213.96872,1516369086.31,1664189113.92,2880933318.88,3875901320.45,nama_10r_3gva,SECOND,0,2015,2025-03-29
2019Q2,ES,SE7,C,8364027416.69,8677311674.82,7640399727.98,7926579679.5,3322.43,3035373908.52,472.725129,1406876172.15,1178120782.37,2399468787.63,2309919244.98,namq_10_gdp,BENCHMARK,1,2020,2024-02-10
2020Q1,CZ,HR7,H,8396144116.92,8244082917.79,7305575870.68,7173265775.5,3318.92,3071043629.25,535.79598,1905159346.13,1634097654.58,3332757183.21,4265138387.7,nama_10_gdp,FLASH,0,2015,2024-06-04
2021Q4,HU,LV44,M,8421371967.69,8127621531.92,7428893343.56,7169762092.11,3325.37,3281276320.28,255.159741,2148059857.71,1685280401.57,2544598703.51,2409541219.08,nama_10r_3gdp,FIRST,1,2020,2025-04-29
2022Q3,NL,RO34,R,8446136240.95,7821462690.23,8260667242.29,7649710919.73,3321.38,4238072830.9,251.848337,1775758898.57,1854201664.18,3193800081.57,4355405827.7,nama_10_gdp,SECOND,0,2015,2024-11-20
2023Q2,SE,FR46,B,8486446283.13,8567952895.27,7786107679.55,7860888010.15,3320.77,3222433550.83,264.48893,2242556994.35,1191877142.73,1886401528.02,3630743142.59,nama_10r_3gva,BENCHMARK,1,2020,2025-06-21
2024Q1,DK,PT6,G,8489894043.79,7610936111.0,7896524872.45,7078998394.23,3317.42,3511955580.82,282.567461,1451978392.37,1323099424.63,3645029902.34,2316191529.59,namq_10_gdp,FLASH,0,2015,2024-12-30
2025Q4,IE,NL65,L,8537632847.41,8431076003.18,7646579621.23,7551143871.28,3321.41,4271675493.52,306.718972,2350500929.44,1217800919.01,3049392833.17,3591060259.01,nama_10_gdp,FIRST,1,2020,2024-02-04
2026Q3,PL,CZ3,Q,8546978028.15,8011675245.38,8109904543.81,7601975957.12,3319.5,3316709694.22,674.881705,1514097551.23,1401007615.78,3774784420.26,2734071894.45,nama_10r_3gdp,SECOND,0,2015,2024-05-12
2018Q2,AT,CZ562,A,8587810431.48,8528984968.9,7428676746.25,7377791209.19,3325.97,3163283012.89,518.379848,1890123611.05,1594933159.56,4503466137.74,3044531062.44,nama_10_gdp,BENCHMARK,1,2020,2026-01-19
2019Q1,EE,MT785,F,8589854812.03,8474168634.71,7894156977.29,7787840297.46,3309.56,3172018667.98,629.99924,2183825323.24,1796232512.91,4393135294.33,4275067747.23,nama_10r_3gva,FLASH,0,2015,2025-08-26
2020Q4,IT,CZ981,K,8613754321.02,8649867544.94,7790040247.68,7822700044.71,3316.6,4335325274.38,611.334326,1744011127.19,1349554035.02,4356621613.69,2683561513.72,namq_10_gdp,FIRST,1,2020,2025-08-02
2021Q3,PT,PT278,P,8641775657.44,8770859942.77,7455445654.67,7566809442.9,3309.21,4094382825.59,282.987681,1477143945.26,2009769409.95,4248016402.68,2767813450.75,nama_10_gdp,SECOND,0,2015,2024-01-16
2022Q2,BE,BG86,U,8673362819.74,8087463592.23,7524466953.48,7016177439.12,3316.9,3184816943.91,226.757164,2355718740.73,1295176494.19,2241084531.59,3626243478.37,nama_10r_3gdp,BENCHMARK,1,2020,2024-08-11
2023Q1,FI,AT886,E,8713851838.07,7786428527.22,8292717599.76,7410115995.41,3320.23,3244354522.02,293.75702,2019838873.3,1997310785.9,4590024367.8,3753496541.58,nama_10_gdp,FLASH,0,2015,2024-08-06
2024Q4,LV,BE5,J,8710718346.23,8472996388.83,7814604798.28,7601338443.53,3306.35,3452303251.41,225.141252,2162113073.94,2039659858.95,4520213624.41,2174184143.51,nama_10r_3gva,FIRST,1,2020,2024-07-04
2025Q3,RO,LU5,O,8742329123.26,8880234290.52,7875481872.58,7999713027.64,3316.63,3472077478.78,559.74837,1938453472.61,1365795934.97,3418585010.03,2518081622.87,namq_10_gdp,SECOND,0,2015,2025-05-15
2026Q2,BG,EE719,T,8788250183.76,9386437156.88,7859710933.58,8394695326.91,3315.89,3995138880.48,253.396215,1688790933.1,1293290147.8,3109996675.61,3586141072.79,nama_10_gdp,BENCHMARK,1,2020,2025-11-13
2018Q1,FR,CZ72,D,8785242410.92,9040117260.49,8398129191.2,8641773226.75,3305.35,3863262810.14,249.733123,2388134079.55,1380895005.24,4292378645.51,3521697333.92,nama_10r_3gdp,FLASH,0,2015,2024-11-03
2019Q4,LT,RO5,I,8839788182.31,8189274093.61,8229458667.79,7623858319.08,3322.21,3553406292.07,365.736417,2430904460.95,2234041581.2,2110869160.69,3116832620.92,nama_10_gdp,FIRST,1,2020,2025-06-11
2020Q3,SK,GR549,N,8854306797.19,8619147437.16,7962188488.29,7750722679.36,3319.32,3689731294.07,467.194306,1688718603.77,1756584546.53,3740199658.9,2210814182.97,nama_10r_3gva,SECOND,0,2015,2026-01-21
2021Q2,HR,IT130,S,8863809484.1,8523328521.27,8280182417.1,7962120021.13,3306.95,4415256080.99,650.940471,1694902635.73,1339367701.66,4407943337.63,3793134872.96,namq_10_gdp,BENCHMARK,1,2020,2024-06-02
2022Q1,DE,EE8,C,8905166016.49,9061563207.41,7977345620.65,8117447943.7,3308.3,4493609151.97,212.68911,2343991440.81,1599258375.51,2196347325.25,3172178312.12,nama_10_gdp,FLASH,0,2015,2024-10-19
2023Q4,LU,GR451,H,8920604611.33,9679855262.74,8006595087.11,8688052544.34,3303.31,4208075612.95,346.354663,1985553195.61,1604001215.81,4199856404.28,2829853787.01,nama_10r_3gdp,FIRST,1,2020,2024-08-10
2024Q3,SI,PL15,M,8957199988.25,9277686430.78,8495492460.25,8799459119.44,3315.54,3937755971.05,484.003003,2351794983.43,2128588245.81,4193626068.98,2025639424.16,nama_10_gdp,SECOND,0,2015,2024-10-31
2025Q2,CY,EE99,R,8972143590.21,8024538755.64,8111329697.69,7254640863.07,3309.56,4412291207.01,399.749838,1931742128.77,2264080933.19,2797906600.17,2362674681.66,nama_10r_3gva,BENCHMARK,1,2020,2024-10-12
2026Q1,GR,HR25,B,9001765940.0,8224674137.99,8431754685.18,7703870013.87,3308.74,3629968039.36,364.397808,1540113893.64,1260659112.95,4106426435.84,4498625748.43,namq_10_gdp,FLASH,0,2015,2025-11-26
2018Q4,MT,HR73,G,9010343323.73,8816354647.9,8349897519.14,8170127947.12,3302.17,4221085630.91,324.781616,2183380104.79,1958475549.72,3493385727.95,3034102227.42,nama_10_gdp,FIRST,1,2020,2024-02-21
2019Q3,ES,DE2,L,9041169778.9,8666780994.74,8247057666.48,7905552532.95,3301.48,3780320338.06,412.676633,1474268342.62,1860761008.08,4229181970.02,2329342830.34,nama_10r_3gdp,SECOND,0,2015,2025-04-26
2020Q2,CZ,GR14,Q,9073573572.95,9139979318.1,7874160201.49,7931787934.53,3310.78,3667364184.98,291.180735,2223676181.68,1758435276.4,4107855994.94,1823614863.22,nama_10_gdp,BENCHMARK,1,2020,2025-05-04
2021Q1,HU,SE312,A,9100688217.2,8163794820.09,8448234241.53,7578509371.37,3302.9,4419150727.75,235.524015,1609471985.61,1550856332.21,4341668828.8,2281198497.03,nama_10r_3gva,FLASH,0,2015,2025-08-23
2022Q4,NL,SK31,F,9139121476.08,9528095442.41,8084314631.74,8428394523.4,3306.11,3928515055.24,257.721744,2125637529.76,1531619667.57,4147745477.82,4013518832.7,namq_10_gdp,FIRST,1,2020,2026-01-21
2023Q3,SE,FR561,K,9163527092.85,8636313122.3,8334489374.18,7854973223.8,3309.96,3969709737.6,234.906499,1702835960.18,2176630223.62,2757312130.94,2863627621.59,nama_10_gdp,SECOND,0,2015,2025-04-09
2024Q2,DK,LT880,P,9186785822.05,9610409112.0,7903264926.26,8267702190.19,3311.45,3673101981.47,338.816143,1903467233.4,1941483120.01,2753606807.03,4302484868.36,nama_10r_3gdp,BENCHMARK,1,2020,2025-07-15
2025Q1,IE,FR989,U,9206660767.52,8380719304.16,8531435680.02,7766069533.92,3308.1,3738123879.63,272.724161,2172380294.96,2168399001.91,3196224865.8,2453834868.02,nama_10_gdp,FLASH,0,2015,2024-07-21
2026Q4,PL,BE182,E,9220254678.88,8512968484.06,8134950472.09,7510918016.94,3302.75,3452940853.59,284.652364,2445720821.98,1308166219.67,4914252350.26,4399411096.97,nama_10r_3gva,FIRST,1,2020,2025-07-26
2018Q3,AT,AT43,J,9262654276.43,8831905423.05,8126246647.3,7748345095.43,3304.1,4519127045.46,232.702854,1716446110.83,1563563626.01,3775290185.19,4728375749.86,namq_10_gdp,SECOND,0,2015,2024-04-24
2019Q2,EE,LT55,O,9264858908.69,9049610848.54,8766431204.71,8562762985.91,3303.27,3364021311.58,265.728389,1682625730.37,2170715970.94,3920935421.89,3635568240.78,nama_10_gdp,BENCHMARK,1,2020,2024-04-01
2020Q1,IT,DK244,T,9301880440.12,10082666941.1,8353257690.59,9054418158.74,3304.76,4374425069.86,754.226132,2496626227.93,1528145275.2,2583374555.73,4239576415.46,nama_10r_3gdp,FLASH,0,2015,2024-01-23
2021Q4,PT,SE88,D,9320608302.25,9598681128.89,9025143089.43,9294400949.9,3300.27,3428305242.14,610.115341,2006422766.96,1888025374.58,2922297849.64,3772418090.0,nama_10_gdp,FIRST,1,2020,2025-06-08
2022Q3,BE,FI974,I,9343497893.75,9280696215.05,8555963648.06,8498455326.65,3296.27,4358803508.92,457.746264,2071238357.26,1546867261.5,4948371723.76,2525329848.21,nama_10r_3gva,SECOND,0,2015,2024-08-26
2023Q2,FI,AT351,N,9367412929.58,10012771854.43,8078167889.42,8634705514.38,3293.86,4064323725.38,420.668313,2119428360.44,2301415384.04,2134936556.93,2923492288.32,namq_10_gdp,BENCHMARK,1,2020,2024-04-21
2024Q1,LV,MT45,S,9408547971.66,8990508635.26,8605940036.0,8223562067.31,3303.15,3820613708.66,234.302059,2366725954.13,2305816296.47,5001072729.01,2420274989.36,nama_10_gdp,FLASH,0,2015,2025-06-14
2025Q4,RO,BG467,C,9435794631.6,8728732228.63,8941746934.86,8271705531.73,3299.65,3472787691.35,551.290254,1763844011.71,2106726682.57,2102596004.15,3219511650.78,nama_10r_3gdp,FIRST,1,2020,2024-01-29
2026Q3,BG,GR31,H,9443488950.66,9698576340.64,8746931972.38,8983203975.11,3302.32,3456883328.3,310.21058,1715858196.96,2196544309.18,5082479617.54,1913050657.37,nama_10_gdp,SECOND,0,2015,2024-07-30
2018Q2,FR,SI60,M,9488636321.32,9645578750.12,9230969076.0,9383649678.13,3298.47,3886438918.13,264.909818,1624843783.78,1950901924.76,4090391391.51,4621072575.01,nama_10r_3gva,BENCHMARK,1,2020,2024-05-28
2019Q1,LT,SK624,R,9513226179.86,9745278967.87,8780311362.35,8994486416.4,3300.16,4810067228.14,446.058603,2432806796.91,2029105746.37,4518981171.98,2073258722.58,namq_10_gdp,FLASH,0,2015,2025-02-25
2020Q4,SK,ES334,B,9519019545.42,9086312492.4,8430602764.18,8047371985.02,3301.38,4276273864.72,278.995955,1877312438.14,1526649469.17,3376112795.25,4216330868.91,nama_10_gdp,FIRST,1,2020,2025-08-11
2021Q3,HR,HR803,G,9560296652.57,8818469476.73,8232998377.27,7594162349.81,3296.06,3839064578.07,329.662606,1764632169.81,2273980285.76,2433036420.33,2065201079.48,nama_10r_3gdp,SECOND,0,2015,2025-09-29
2022Q2,DE,IT83,L,9571655622.81,8752197883.34,9096754726.62,8317954657.07,3298.86,4424540980.64,326.599465,2085707051.76,1866487449.73,3285612299.2,2887561100.49,nama_10_gdp,BENCHMARK,1,2020,2024-02-07
2023Q1,LU,RO829,Q,9585761693.72,10013789960.35,8931289525.86,9330093971.1,3296.82,4157365758.79,381.711879,1585445695.41,2449623512.6,3959477309.27,2052617669.31,nama_10r_3gva,FLASH,0,2015,2024-09-09
2024Q4,SI,CY75,A,9617159797.64,9652846829.95,9009724379.87,9043157361.31,3289.63,4781226345.45,282.035407,2589754269.28,2487883791.82,2580917651.9,2801654952.11,namq_10_gdp,FIRST,1,2020,2025-10-30
2025Q3,CY,IT8,F,9664418998.45,10464633056.89,9205278828.7,9967476073.24,3302.72,4741236001.34,498.638459,2469405564.84,1622184702.01,3839558275.58,2701548244.07,nama_10_gdp,SECOND,0,2015,2024-03-12
2026Q2,GR,BE40,K,9676955462.29,9313376087.57,9180441152.05,8835516649.02,3293.62,4061349424.42,370.418125,2125264190.72,1460596277.82,2190537376.44,2157751845.28,nama_10r_3gdp,BENCHMARK,1,2020,2024-07-15
2018Q1,MT,LT910,P,9697839259.98,9808446289.16,8587371590.45,8685313372.6,3299.39,4008995940.94,279.609223,2341277131.58,2138143878.91,4574398217.62,2562697024.62,nama_10_gdp,FLASH,0,2015,2025-08-26
2019Q4,ES,DK42,U,9739285861.34,9690619503.34,8507284728.93,8464774572.63,3300.56,4030196421.76,241.83564,2372548457.45,1367745971.93,2614752671.29,3394346255.48,nama_10r_3gva,FIRST,1,2020,2024-06-30
2020Q3,CZ,CZ729,E,9763232148.96,9888394101.52,8897759250.05,9011826077.93,3294.09,3738059402.95,453.257713,2137132331.53,1600268532.73,3933003949.34,4562886962.24,namq_10_gdp,SECOND,0,2015,2024-09-24
2021Q2,HU,HU4,J,9776861186.9,9393747149.18,9319778521.01,8954575629.04,3298.82,4185501578.0,339.886596,2186047430.61,1548303843.19,2720900023.9,3372233914.29,nama_10_gdp,BENCHMARK,1,2020,2024-12-19
2022Q1,NL,SI272,O,9806308041.92,8955301090.77,9227492034.3,8426715653.5,3292.69,4696093921.28,428.935448,1771096896.35,2342445049.34,5037636929.77,4143782919.47,nama_10r_3gdp,FLASH,0,2015,2026-02-16
2023Q4,SE,CY154,T,9838549263.01,9171994797.02,9303322822.13,8673029553.28,3293.0,5114951588.49,332.830501,2725462541.17,1443932344.28,3705400732.22,2445263958.9,nama_10_gdp,FIRST,1,2020,2024-11-25
2024Q3,DK,RO808,D,9849823229.02,10214670146.79,9409145470.99,9757669261.12,3293.31,4421555212.91,422.51315,1833497163.65,1894752042.04,3533674188.46,3254104947.64,nama_10r_3gva,SECOND,0,2015,2024-03-05
2025Q2,IE,FR844,I,9884199988.8,10561591215.93,8681409817.85,9276370548.75,3297.48,3907718772.39,489.613786,2346066604.7,2508349298.31,5295396747.63,3218173011.51,namq_10_gdp,BENCHMARK,1,2020,2024-06-03
2026Q1,PL,DK10,N,9893236815.56,10563925764.28,8709159459.87,9299576641.96,3290.33,4989524447.96,274.180721,2485226125.99,1808998833.51,5387625084.92,2944813264.93,nama_10_gdp,FLASH,0,2015,2024-03-28
2018Q4,AT,LV23,S,9917204631.49,10778599029.73,8656550767.55,9408446550.32,3286.55,3544521237.03,451.677702,2504987407.72,1484350882.85,4436665493.75,5156880386.14,nama_10r_3gdp,FIRST,1,2020,2024-09-01
2019Q3,EE,DE216,C,9945765591.42,10705412853.59,8616888529.39,9275037539.59,3291.21,4034262853.93,277.19073,1634324990.21,2184402225.34,5057397940.19,4439507422.31,nama_10_gdp,SECOND,0,2015,2025-11-08
2020Q2,IT,HR898,H,9979137267.48,10065318010.42,9245013901.67,9324854688.02,3293.74,3688538673.99,623.308134,2263313825.52,2080163317.78,4752217073.58,2475046316.51,nama_10r_3gva,BENCHMARK,1,2020,2025-08-20
2021Q1,PT,CY125,M,9989914281.84,9813179081.95,9706128872.6,9534414223.4,3286.01,3883337374.06,487.151236,2282547387.22,2469141304.27,3140715849.69,4607847832.55,namq_10_gdp,FLASH,0,2015,2025-08-07
2022Q4,BE,BG649,R,10012424534.88,10478496304.15,9312218837.38,9745696492.49,3286.81,5200245739.79,277.244045,2501404783.7,1978389106.7,2674455673.27,4029821222.4,nama_10_gdp,FIRST,1,2020,2024-07-29
2023Q3,FI,IT87,B,10054225627.38,9158238807.68,9277012487.41,8450287364.77,3289.35,4497661767.06,450.583946,2074189039.38,1797055677.39,2457938316.9,4047416961.09,nama_10r_3gdp,SECOND,0,2015,2026-01-30
2024Q2,LV,AT5,G,10073914698.88,9316996409.02,8756801841.88,8098846749.66,3292.0,4915644679.74,498.408689,2558214497.55,2469066924.01,4533633409.46,4038310106.68,nama_10_gdp,BENCHMARK,1,2020,2025-05-02
2025Q1,RO,PL759,L,10110486543.23,10229671730.76,9175573666.86,9283737845.06,3292.36,4247936687.44,733.711804,2530380208.82,1750628464.45,5042795800.42,2431511098.25,nama_10r_3gva,FLASH,0,2015,2025-06-26
2026Q4,BG,SE3,Q,10117601697.64,9946441111.85,9744297963.59,9579452598.31,3287.58,3519521129.24,269.151543,1959270442.76,1653035162.68,4695662470.09,3093662870.35,namq_10_gdp,FIRST,1,2020,2024-06-25
2018Q3,FR,GR764,A,10143692848.3,10527267646.1,9630897475.49,9995081368.58,3284.9,3890307586.96,382.310943,1955217361.44,1702076284.43,4292907043.21,2361667984.74,nama_10_gdp,SECOND,0,2015,2024-12-30
2019Q2,LT,CY213,F,10170150436.28,10559563273.69,9902756830.94,10281931225.65,3290.01,3485581031.32,854.103583,2578014054.05,1602546491.82,3319470907.75,4602027896.6,nama_10r_3gdp,BENCHMARK,1,2020,2025-02-02
2020Q1,SK,SK141,K,10191182808.65,9395592127.1,9064337157.28,8356715450.15,3284.95,4696893946.32,759.128,2060787153.68,2298035012.6,4802216777.98,3826350169.76,nama_10_gdp,FLASH,0,2015,2024-11-30
2021Q4,HR,ES567,P,10210909596.87,10151563337.83,8946524803.12,8894527204.53,3284.18,4578372476.52,285.9773,2657389943.26,1587909087.66,5015271275.3,3364596784.39,nama_10r_3gva,FIRST,1,2020,2024-06-12
2022Q3,DE,AT75,U,10258630500.18,10074040795.93,9362946907.42,9194473776.38,3291.7,4769225939.23,428.067219,2110869652.7,2215754043.32,3133145888.54,4844350149.59,namq_10_gdp,SECOND,0,2015,2026-02-22
2023Q2,LU,FI1,E,10285794048.0,10262240684.23,9329214590.4,9307851690.86,3283.64,4317014701.84,832.662824,2834156759.21,2267192563.64,5265658266.24,4216377098.21,nama_10_gdp,BENCHMARK,1,2020,2024-11-22
2024Q1,SI,PL606,J,10299538987.51,10187504120.8,9731365162.13,9625510696.2,3281.16,5192259257.63,431.471191,2623636351.68,2414687202.04,4918229766.09,2193447511.03,nama_10r_3gdp,FLASH,0,2015,2024-05-20
2025Q4,CY,CZ9,O,10320139225.72,9579377193.18,9259870221.4,8595212493.81,3279.46,3691992640.71,346.331119,2139348131.32,2488486804.75,5094382897.95,5155483094.24,nama_10_gdp,FIRST,1,2020,2025-09-01
2026Q3,GR,DE60,T,10356334844.14,10116154279.06,9082483960.03,8871846107.67,3290.79,4863091226.52,464.730934,2644570079.32,1656479147.4,2326786552.49,2796085172.1,nama_10r_3gva,SECOND,0,2015,2025-05-17
2018Q2,MT,ES3,D,10380203882.21,11042059315.0,9898149783.77,10529268814.12,3285.36,5389279001.81,577.361443,2414194583.61,1932944310.44,5179276029.36,5018645149.69,namq_10_gdp,BENCHMARK,1,2020,2025-03-15
2019Q1,ES,LU382,I,10405621354.93,9690555457.96,10008549310.0,9320769883.32,3281.17,4055015139.67,277.031357,1827627092.07,2333862569.76,2999589342.14,2824377158.75,nama_10_gdp,FLASH,0,2015,2024-02-26
2020Q4,CZ,HU528,N,10427700079.47,10179635618.08,9461124542.09,9236053937.28,3279.99,4239698469.76,414.434061,2007129236.06,1998695626.25,5544155005.98,4251980856.22,nama_10r_3gdp,FIRST,1,2020,2024-03-26
2021Q3,HU,LU8,S,10459927017.69,9522481121.33,9308437763.13,8474191332.18,3286.54,3805624001.4,285.813336,2016764653.51,1524695912.8,5457926125.4,3302771389.01,nama_10_gdp,SECOND,0,2015,2024-01-17
2022Q2,NL,IT984,C,10488372958.64,9457123651.72,9527974718.12,8591154740.13,3284.17,4968092547.39,291.269337,2554553316.9,1727264509.35,4547221684.36,3566529319.12,nama_10r_3gva,BENCHMARK,1,2020,2025-07-15
2023Q1,SE,LT6,H,10511559154.38,9591219664.17,9410261374.38,8586346003.79,3281.72,4067105811.0,325.601755,2112141968.46,1847039544.25,5476514719.65,5138745790.27,namq_10_gdp,FLASH,0,2015,2024-12-29
2024Q4,DK,SE6,M,10534721778.09,9659251150.32,9906057130.61,9082830638.48,3281.83,3778851582.77,534.334465,2607600899.89,1785021314.92,3340684794.43,2585649992.22,nama_10_gdp,FIRST,1,2020,2025-01-08
2025Q3,IE,EE62,R,10555065600.07,10441948852.79,9292455414.03,9192869833.94,3281.01,4659506642.97,767.710652,2357823093.61,2673456956.96,4412813095.64,2512681431.34,nama_10r_3gdp,SECOND,0,2015,2026-02-19
2026Q2,PL,LT5,B,10583338622.93,11496019961.21,9523690950.32,10344990854.98,3278.9,4148806646.65,474.437598,2813416522.53,1532967757.88,3504945524.33,5273694394.74,nama_10_gdp,BENCHMARK,1,2020,2025-11-29
2018Q1,AT,BG14,G,10611250230.3,10016312198.66,9883559913.73,9329421093.8,3279.47,4627688428.17,517.54113,2028547200.02,1647366504.75,4417154599.32,4428552278.99,nama_10r_3gva,FLASH,0,2015,2025-03-28
2019Q4,EE,AT7,L,10624508761.95,9603046540.06,10333107026.64,9339660769.6,3276.31,3746391589.42,696.07987,2092322005.5,2631566351.0,5571890531.53,4397894058.04,namq_10_gdp,FIRST,1,2020,2025-09-20
2020Q3,IT,IT9,Q,10636094396.29,11116635124.07,9961773724.13,10411848518.22,3273.39,5282411633.92,393.689677,2486904495.37,2515472853.13,4956448981.94,2590079372.6,nama_10_gdp,SECOND,0,2015,2024-03-09
2021Q2,PT,PT273,A,10678738035.72,11428173204.66,9779077884.9,10465374792.1,3278.1,5081980023.39,415.830362,2757807814.92,2237705065.75,2352228879.87,5402196567.58,nama_10r_3gdp,BENCHMARK,1,2020,2024-02-26
2022Q1,BE,LV69,F,10700783480.55,10550243105.41,9987981154.97,9847468599.73,3277.22,4637207254.12,362.73674,1813568225.76,1716991284.83,3038661292.52,2541467226.56,nama_10_gdp,FLASH,0,2015,2025-06-06
2023Q4,FI,IT2,K,10731615434.09,11513372005.98,9241969031.32,9915210638.97,3275.25,4916751669.35,511.380275,2710672436.69,2226891393.2,5187958821.67,5572468138.97,nama_10r_3gva,FIRST,1,2020,2025-12-27
2024Q3,LV,CZ45,P,10743328307.95,9694871031.22,10060986751.17,9079120194.74,3278.31,4513876332.67,326.169009,1750877643.02,2200750795.66,5512600245.44,2183080512.42,namq_10_gdp,SECOND,0,2015,2024-08-03
2025Q2,RO,GR25,U,10768731487.67,10646699977.15,9904554597.84,9792315959.53,3278.18,5271572564.37,564.008554,2893609279.89,2179753398.39,2404754694.95,4117629207.04,nama_10_gdp,BENCHMARK,1,2020,2025-11-21
2026Q1,BG,IT67,E,10796439332.72,9915799904.04,9678090894.48,8888672441.48,3277.82,5545088771.37,332.626054,2742823318.0,2523093272.31,5261657754.48,3670946808.92,nama_10r_3gdp,FLASH,0,2015,2024-01-04
2018Q4,FR,RO325,J,10839806946.98,11361767636.69,9407738218.85,9860741630.58,3277.53,5329284806.33,533.901048,1923340355.08,2690484547.61,5389366052.22,3833005022.11,nama_10_gdp,FIRST,1,2020,2026-01-09
2019Q3,LT,IE4,O,10847030662.93,11441113151.34,10329474318.61,10895210693.65,3275.99,3739315305.69,291.8265,2865123670.76,2222171639.14,4380007924.19,3515031509.52,nama_10r_3gva,SECOND,0,2015,2024-04-28
2020Q2,SK,CY430,T,10880187463.8,10942325097.13,10081492812.05,10139069035.43,3278.52,4405872383.76,300.269029,2367979399.67,2465786749.9,5901250145.96,3472421558.74,namq_10_gdp,BENCHMARK,1,2020,2025-03-10
2021Q1,HR,IT32,D,10904540275.15,11543629943.11,9434628149.37,9987569696.58,3277.68,4757968286.34,255.398994,2846342650.46,2526427730.02,4791576464.25,3873723608.73,nama_10_gdp,FLASH,0,2015,2025-07-09
2022Q4,DE,CZ32,I,10936060877.22,11885808787.53,9712239707.18,10555704229.72,3277.62,5575023811.59,568.485876,2861595905.5,2540911423.71,3054522746.68,5290313554.77,nama_10r_3gdp,FIRST,1,2020,2026-01-05
2023Q3,LU,LT19,N,10960040084.89,10250007979.14,10219336276.16,9557289714.35,3274.48,4117341180.68,357.15061,2174983413.68,2528290851.03,4926315967.55,4277029319.62,nama_10_gdp,SECOND,0,2015,2025-03-17
2024Q2,SI,GR196,S,10975701900.93,10431638794.82,10647440602.98,10119649336.52,3275.95,4641367394.84,317.461949,2703568177.56,1541980992.12,5430567154.97,5692620818.48,nama_10r_3gva,BENCHMARK,1,2020,2026-01-04
2025Q1,CY,NL5,C,11002631781.62,10539217487.81,9824815977.31,9411009512.8,3269.86,3844710056.31,532.845921,2085450696.57,2683736077.28,4233347585.44,4890381032.54,namq_10_gdp,FLASH,0,2015,2024-11-17
2026Q4,GR,PL81,H,11014556926.7,10016138788.77,10153180205.87,9232841844.32,3269.22,4842916061.42,275.880292,3018733271.59,2852649705.54,5848198592.1,4662862095.9,nama_10_gdp,FIRST,1,2020,2025-06-22
2018Q3,MT,CY4,M,11054362249.13,11547048334.34,10205834396.66,10660702120.53,3271.47,4695696866.88,413.404525,2104083500.91,1884555299.18,5691474956.11,5722154724.59,nama_10r_3gdp,SECOND,0,2015,2024-09-12
2019Q2,ES,SK452,R,11076703129.84,9899065253.6,10200715034.3,9116209270.42,3275.27,3766824503.18,633.42807,1867680673.09,1572872873.46,4994288728.43,2549271547.88,nama_10_gdp,BENCHMARK,1,2020,2024-08-01
2020Q1,CZ,FR98,B,11091926059.61,11073043628.96,10223954267.58,10206549435.78,3267.67,3882970049.14,745.109739,2095194482.67,1915146673.16,4058118653.0,3107672525.58,nama_10r_3gva,FLASH,0,2015,2024-01-14
2021Q4,HU,DK23,G,11133230725.75,11418263041.04,10389735251.45,10655732639.54,3270.63,4163104569.8,490.172639,3014293236.11,2207318576.88,2848910144.92,4171886300.55,namq_10_gdp,FIRST,1,2020,2024-02-11
2022Q3,NL,AT2,L,11150980814.99,10953510313.9,10600565155.13,10412841855.47,3270.41,4944915012.87,917.061061,2434253350.66,1668882890.6,5122638087.22,3934672326.44,nama_10_gdp,SECOND,0,2015,2026-01-09
2023Q2,SE,RO23,Q,11186605057.94,11101879161.06,10917729060.21,10835039595.3,3270.01,3977520810.51,442.89028,2087072005.58,1999647229.45,2472721354.15,4143393069.68,nama_10r_3gdp,BENCHMARK,1,2020,2025-10-13
2024Q1,DK,SE694,A,11195070982.63,10674365507.18,10065558785.33,9597389214.89,3267.0,5543232213.14,288.819474,2870537592.52,2854826483.44,2806746224.23,4407750919.57,nama_10_gdp,FLASH,0,2015,2025-03-15
2025Q4,IE,LU59,F,11210390392.27,10536699986.21,9887635336.52,9293436130.98,3268.07,4380811340.69,752.232354,3075455134.26,2836969015.24,4508362997.76,3599564207.97,nama_10r_3gva,FIRST,1,2020,2026-01-09
2026Q3,PL,GR757,K,11261953688.97,10690063528.11,9718133788.59,9224639919.85,3272.61,5050804844.13,380.120997,2886497408.34,1868499719.39,4846390054.69,4724592450.02,namq_10_gdp,SECOND,0,2015,2025-04-25
2018Q2,AT,SK8,P,11273444359.46,10107879862.08,9988903474.82,8956148011.03,3265.31,5107586216.64,422.00254,2822461229.57,2804104945.62,5954183058.07,5525796049.0,nama_10_gdp,BENCHMARK,1,2020,2024-04-06
2019Q1,EE,IT874,U,11311892011.47,11733525907.25,9782945135.41,10147589817.79,3276.85,4796665533.34,337.71419,2987746965.68,1677582902.87,2858227896.43,5572277027.07,nama_10r_3gdp,FLASH,0,2015,2024-01-03
2020Q4,IT,LV71,E,11311960271.87,10329031171.69,9811521729.64,8958970094.62,3263.96,4024115259.42,294.888036,2627068316.7,2905729399.3,5944099776.66,4821603353.75,nama_10_gdp,FIRST,1,2020,2025-02-04
2021Q3,PT,SE111,J,11357145325.64,11353205640.35,10297022963.92,10293451024.96,3272.13,4301383422.97,390.805128,2737649494.49,2663041512.26,4607147620.74,3063015807.15,nama_10r_3gva,SECOND,0,2015,2025-12-19
2022Q2,BE,FI93,O,11387583905.48,10487652021.12,10523714184.7,9692051734.15,3269.21,4611677792.14,867.165365,3160657430.93,2478255259.55,4949798463.05,3218374808.34,namq_10_gdp,BENCHMARK,1,2020,2025-12-11
2023Q1,FI,PT15,T,11408039447.38,10890148253.84,10505921410.51,10028983703.24,3267.42,5017277862.91,313.173657,2160343130.59,2260493247.68,3456752817.13,3031765338.86,nama_10_gdp,FLASH,0,2015,2024-08-06
2024Q4,LV,FR24,D,11438279517.04,10900771382.02,10642569636.88,10142453535.6,3275.31,5592856043.33,803.418613,1901075282.26,2308207633.16,3148371259.0,4516340000.46,nama_10r_3gdp,FIRST,1,2020,2024-07-05
2025Q3,RO,NL763,I,11449887878.81,11788582964.34,11130144033.52,11459380889.4,3272.23,5345459115.83,428.236935,2158123264.18,2483372747.13,3901390076.94,4536150487.24,nama_10_gdp,SECOND,0,2015,2025-03-03
2026Q2,BG,SE667,N,11474406173.96,10410730051.65,10247546002.15,9297599675.56,3264.0,5752002904.29,369.763588,2765897325.3,1666585950.13,3523526346.79,4003683022.64,nama_10r_3gva,BENCHMARK,1,2020,2024-03-29
2018Q1,FR,SK30,S,11494164118.26,11771868289.13,11049016918.19,11315966132.64,3263.59,4006308708.9,424.018779,2345298428.99,2016905080.55,4996378952.82,3573224967.2,namq_10_gdp,FLASH,0,2015,2025-03-20
2019Q4,LT,HU331,C,11525534114.65,10383371133.41,10586460073.6,9537357908.08,3264.13,5768857753.83,296.285168,2648013286.51,2602586348.65,2536872967.28,4432094016.45,nama_10_gdp,FIRST,1,2020,2025-08-17
2020Q3,SK,FI553,H,11546529425.68,10325758064.56,11080255705.55,9908781720.56,3269.56,5941384715.1,493.866656,2363905213.78,2207502969.74,5784671196.62,4363076283.04,nama_10r_3gdp,SECOND,0,2015,2025-05-20
2021Q2,HR,DE207,M,11560513675.25,10487968095.76,11103343146.9,10073212311.51,3263.62,4539202133.38,316.696249,2553366339.8,2885962617.22,5244095737.75,2369397845.99,nama_10_gdp,BENCHMARK,1,2020,2025-05-21
2022Q1,DE,HR84,R,11588242927.52,10759952418.79,10533147896.55,9780272203.11,3265.25,4613406436.11,683.88323,2563238327.86,2588816889.68,4436123163.2,2695341411.75,nama_10r_3gva,FLASH,0,2015,2024-06-10
2023Q4,LU,RO71,B,11616539034.04,11882472989.5,10549585120.68,10791093619.16,3260.46,4379921715.81,470.965734,3213429731.72,2285219320.51,2802878064.4,3434700111.61,namq_10_gdp,FIRST,1,2020,2024-03-19
2024Q3,SI,EE46,G,11657847995.13,11469570342.96,10734366301.56,10561003148.63,3264.2,4937331596.05,388.649775,2056289691.84,2492873073.39,5100924791.55,4785883270.76,nama_10_gdp,SECOND,0,2015,2026-02-01
2025Q2,CY,LT988,L,11676203103.11,11706370944.58,10512627687.87,10539789195.99,3268.97,5801268821.79,566.800676,2933613314.75,1754326815.18,3211621422.28,5106896078.05,nama_10r_3gdp,BENCHMARK,1,2020,2025-07-15
2026Q1,GR,CY29,Q,11704810775.08,11292522517.05,11345109049.41,10945490863.6,3262.02,5540322158.74,473.128312,2966618744.44,2855283470.54,5478177285.17,5285720089.97,nama_10_gdp,FLASH,0,2015,2025-03-04
2018Q4,MT,IE56,A,11713635157.53,11864721245.08,10929751068.47,11070726376.71,3265.1,4299778420.2,324.67937,2642225659.3,1749789798.1,3590087424.9,3527324919.29,nama_10r_3gva,FIRST,1,2020,2026-01-10
2019Q3,ES,BG31,F,11764401461.63,12609340059.93,11187478601.52,11990981654.26,3268.1,5175654472.07,391.230962,2097115775.8,2911211824.82,3033522347.78,3040088737.43,namq_10_gdp,SECOND,0,2015,2025-01-14
2020Q2,CZ,PL43,K,11779142760.7,11927986085.61,10243002944.74,10372435336.07,3265.51,4538531890.43,308.819253,2921779785.33,1758182573.41,4772253885.1,4753373306.0,nama_10_gdp,BENCHMARK,1,2020,2026-02-23
2021Q1,HU,FI8,P,11810551518.44,11818118844.92,10798715932.47,10805634949.66,3264.95,5208612689.28,377.728602,2797208755.64,2800643674.09,2941021868.97,4700559434.95,nama_10r_3gdp,FLASH,0,2015,2024-08-28
2022Q4,NL,DE93,U,11831854160.71,11282353627.98,10482061723.52,9995248885.66,3264.54,5525228142.18,450.550635,2387122460.1,2055124937.06,4105422666.85,3302435384.81,nama_10_gdp,FIRST,1,2020,2025-07-28
2023Q3,SE,EE469,E,11856558070.76,11183960408.52,11127078984.12,10495863139.9,3262.76,5768939612.3,549.214195,2204670048.26,2327355921.38,3927581501.76,4896978245.86,nama_10r_3gva,SECOND,0,2015,2024-09-22
2024Q2,DK,ES522,J,11869410049.82,11690972205.97,10235743296.98,10081865053.97,3258.77,4134677430.19,270.319676,2544882972.89,2078078921.74,4652064353.14,5381104356.54,namq_10_gdp,BENCHMARK,1,2020,2024-08-27
2025Q1,IE,LU71,O,11887256364.59,12581066117.74,10688306722.18,11312138767.28,3259.04,5178009188.78,511.37736,2104370405.68,1768330318.34,3336672024.96,5518482085.25,nama_10_gdp,FLASH,0,2015,2025-01-09
2026Q4,PL,BE914,T,11920020996.57,12614315318.64,10958179472.54,11596450310.33,3259.89,6055276606.54,324.894345,2988289963.13,1991540099.09,4508976290.87,5964957309.92,nama_10r_3gdp,FIRST,1,2020,2024-02-25
2018Q3,AT,LU539,D,11938252036.41,11717243459.48,10412856166.66,10220086696.21,3257.65,5839081389.98,324.468174,2068784465.94,1791707248.41,5911163026.19,4827886930.04,nama_10_gdp,SECOND,0,2015,2025-04-28
2019Q2,EE,ES10,I,11966507795.19,11021969432.39,10324769272.6,9509816336.29,3259.3,5964812407.56,477.734043,2551096375.27,1799916830.35,3635387948.35,6021287704.62,nama_10r_3gva,BENCHMARK,1,2020,2025-03-25
2020Q1,IT,LU48,N,11993728064.19,12795913053.04,10383268265.99,11077739734.21,3262.05,5830792708.13,295.253279,2094365328.33,1757990141.2,2704837376.77,3207465414.98,namq_10_gdp,FLASH,0,2015,2025-11-04
2021Q4,PT,LV3,S,12014027478.12,11531405398.32,11148119634.83,10700282413.4,3256.97,4517492542.53,432.316523,2619270198.41,1834629898.01,4681512357.66,4492686984.09,nama_10_gdp,FIRST,1,2020,2025-06-08
2022Q3,BE,CY259,C,12060943703.1,11120845191.72,10457518276.37,9642399857.25,3261.74,4907407048.8,539.596313,2140216074.77,2201508448.28,4589537957.25,3749838312.41,nama_10r_3gdp,SECOND,0,2015,2025-05-07
2023Q2,FI,CY9,H,12077674708.15,11789194771.08,11440347275.47,11167090150.92,3264.36,4859233015.32,350.425032,2537481325.88,3028997321.88,4131855840.42,2708132268.16,nama_10_gdp,BENCHMARK,1,2020,2024-12-17
2024Q1,LV,BE98,M,12099477405.57,12880452780.08,10681463400.98,11370911349.87,3256.85,5925263831.76,392.794794,3341527228.77,2943263538.92,5516193735.24,6037790658.85,nama_10r_3gva,FLASH,0,2015,2025-05-10
2025Q4,RO,HU34,R,12115166498.06,12997408630.07,11803623292.68,12663178444.54,3253.66,4503654008.53,420.630568,2445047477.69,2717256493.38,4455932085.21,3249838566.36,namq_10_gdp,FIRST,1,2020,2024-02-09
2026Q3,BG,IE27,B,12151480116.69,11273655209.58,10859536299.98,10075041625.08,3257.8,4819157865.05,358.247658,2442653699.08,1809107385.88,2860237171.26,6248796821.93,nama_10_gdp,SECOND,0,2015,2024-02-16
2018Q2,FR,IE955,G,12172454293.6,12568069850.27,10931828866.29,11287122996.64,3259.19,6151643589.7,954.111115,2105098769.25,2953739552.41,4076836838.66,4353451494.47,nama_10r_3gdp,BENCHMARK,1,2020,2025-02-23
2019Q1,LT,LT8,L,12200520593.97,12124798576.8,11210812371.13,11141232936.35,3254.55,6097140313.73,310.662744,3026562534.41,1892097251.64,3143625815.55,3261864214.92,nama_10_gdp,FLASH,0,2015,2025-01-10
2020Q4,SK,PT5,Q,12226748942.06,12641816632.33,11654905819.25,12050560859.01,3254.92,4389220477.21,529.035494,3371836725.94,2322793339.43,5027259169.19,3448364851.04,nama_10r_3gva,FIRST,1,2020,2025-02-03
2021Q3,HR,RO48,A,12255465679.01,12765193780.45,10751379138.73,11198549423.38,3256.72,4330957802.94,407.613356,3180835771.23,2571493030.19,3899531243.72,3412169544.3,namq_10_gdp,SECOND,0,2015,2025-03-25
2022Q2,DE,DK649,F,12268321650.87,13318847386.12,11950684940.79,12974011720.23,3253.02,5972553940.98,957.395067,2270637353.03,1757823497.41,6329227244.05,4716340679.65,nama_10_gdp,BENCHMARK,1,2020,2024-04-25
2023Q1,LU,FR7,K,12290713015.13,11160189701.96,10852455066.39,9854225472.82,3257.62,5780605380.13,716.789941,2481375559.48,2481250485.94,6494044356.86,4291032646.8,nama_10r_3gdp,FLASH,0,2015,2024-03-18
2024Q4,SI,BE3,P,12320572819.76,11638134249.97,10757577790.56,10161713774.39,3257.68,4350693783.7,535.831382,2491460232.89,2764477904.43,5804077802.1,5579493548.12,nama_10_gdp,FIRST,1,2020,2026-01-06
2025Q3,CY,PL886,U,12337661180.76,12491408943.27,10974464689.34,11111224758.05,3256.71,6105464534.21,325.734155,3452338115.08,2436039466.17,2954467731.41,3159118970.86,nama_10r_3gva,SECOND,0,2015,2025-07-29
2026Q2,GR,AT8,E,12378902503.29,11403482354.55,11363484131.31,10468075885.01,3259.5,6238017168.86,314.885279,2662026660.25,2906892817.47,4570956401.09,2993996186.08,namq_10_gdp,BENCHMARK,1,2020,2025-07-27
2018Q1,MT,RO353,J,12412716426.92,12060616383.09,11593314466.99,11264457640.52,3262.43,6454318557.53,558.520847,3030407089.89,2420998558.28,5844363669.86,6289188899.67,nama_10_gdp,FLASH,0,2015,2025-02-17
2019Q4,ES,LU6,O,12424057267.82,11567919778.41,11371009104.38,10587436799.71,3258.38,5309093040.27,477.461343,2265428734.64,3018981346.28,5881910436.75,3167567469.58,nama_10r_3gdp,FIRST,1,2020,2024-03-11
2020Q3,CZ,SI5,T,12435884132.9,13485486930.82,10778614281.85,11688341615.03,3254.46,5572572908.64,535.198811,2654314958.8,2088790610.49,5548221860.28,5740527910.18,nama_10_gdp,SECOND,0,2015,2026-01-06
2021Q2,HU,HR99,D,12489834803.64,11286765591.6,12046057135.54,10885734305.48,3257.13,5732931578.53,523.450438,2562751896.37,2556310081.29,4378545548.93,5936388465.49,nama_10r_3gva,BENCHMARK,1,2020,2024-10-30
2022Q1,NL,IT590,I,12490496345.94,11641993719.84,12128977407.41,11305033434.56,3251.21,6053797366.62,482.529205,2670514244.59,2432423405.03,4031000804.94,6165583341.97,namq_10_gdp,FLASH,0,2015,2025-04-06
2023Q4,SE,BG767,N,12533182881.5,11239125102.14,10931542205.48,9802854675.33,3255.57,5310981027.76,392.969119,3127852090.05,1933383473.47,6225961556.46,4011247684.26,nama_10_gdp,FIRST,1,2020,2024-10-30
2024Q3,DK,EE48,S,12559042303.89,12822462435.2,11902540066.58,12152190365.66,3257.69,5858882116.0,707.646611,2468943480.89,2406389789.19,4705844466.13,3390850033.07,nama_10r_3gdp,SECOND,0,2015,2025-08-16
2025Q2,IE,HU7,C,12579220152.45,13290678547.45,11025475469.29,11649056819.05,3259.31,5397712995.8,348.087744,2680701673.94,2617958185.4,3201643891.25,4787397799.32,nama_10_gdp,BENCHMARK,1,2020,2026-01-22
2026Q1,PL,PT63,H,12604636544.91,11388434584.33,11111840836.44,10039676433.86,3256.79,4798348265.32,674.847357,2761277766.7,1887097764.83,6094427963.3,6342830019.65,nama_10r_3gva,FLASH,0,2015,2025-06-16
2018Q4,AT,DE29,M,12629107358.05,12497007918.27,10989950099.51,10874996111.85,3253.39,6109851753.7,307.785484,2283198496.78,3123160661.16,6037260021.36,4365878477.8,namq_10_gdp,FIRST,1,2020,2024-02-21
2019Q3,EE,IE5,R,12637548672.52,13694549221.5,11725583758.85,12706307852.7,3250.72,5593644347.39,730.288209,2934080233.42,2809748443.63,3219950955.21,3361516671.17,nama_10_gdp,SECOND,0,2015,2026-02-07
2020Q2,IT,FR95,B,12661061995.09,12701252811.88,11124295222.45,11159607782.44,3252.21,5164513014.68,738.933245,3011519574.46,1805601286.68,6199246362.36,6424993186.67,nama_10r_3gdp,BENCHMARK,1,2020,2025-02-14
2021Q1,PT,CY910,G,12711935691.07,12848103697.87,11283633692.48,11404501980.9,3256.51,4953496196.13,301.175298,2615324228.99,2793816982.93,3395034609.41,4092800844.95,nama_10_gdp,FLASH,0,2015,2025-07-09
2022Q4,BE,FR64,L,12716574917.28,13480622313.22,11920490657.84,12636707084.41,3246.55,4908066764.56,400.339605,3463304899.72,2497787700.34,4062852328.05,2715524913.9,nama_10r_3gva,FIRST,1,2020,2025-10-23
2023Q3,FI,PT33,Q,12757817360.99,12548781441.76,11753645805.25,11561063164.69,3258.39,5374222567.41,720.566904,3065026845.02,2713136920.07,5406627014.9,5218816673.44,namq_10_gdp,SECOND,0,2015,2024-12-15
2024Q2,LV,RO979,A,12775405510.94,12668752512.43,12220859039.17,12118835564.47,3253.72,6519710733.78,543.677964,3083088347.79,2811261456.14,4968265585.86,6612592488.81,nama_10_gdp,BENCHMARK,1,2020,2024-06-16
2025Q1,RO,HU6,F,12796069556.0,13671845264.31,11248839384.46,12018721123.26,3251.88,4663969750.66,498.997759,3148550809.21,2199694566.86,3592678670.88,5436451506.31,nama_10r_3gdp,FLASH,0,2015,2024-02-17
2026Q4,BG,AT78,K,12820613751.62,13192566023.88,11778407558.67,12120123293.97,3248.71,6629606009.53,317.82728,3422545641.7,2542221945.14,5593305959.16,3908220209.58,nama_10_gdp,FIRST,1,2020,2024-05-12
2018Q3,FR,IE516,P,12855684234.0,11961421816.64,11554432307.83,10750687102.3,3255.88,5095689860.38,493.344014,3507501884.95,2831376005.98,6460760315.35,6629255297.19,nama_10r_3gva,SECOND,0,2015,2024-11-13
2019Q2,LT,IT49,U,12868996330.42,12956510080.64,12524661574.45,12609833725.91,3252.1,6116506488.61,565.74939,2993242306.55,2936291711.21,4170469373.48,2953788546.99,namq_10_gdp,BENCHMARK,1,2020,2026-02-23
2020Q1,SK,LV76,E,12906837216.64,13631473673.87,11775418438.87,12436532959.54,3251.1,6452893032.51,340.535153,2701271982.23,1858314199.67,5197000400.43,5646122900.12,nama_10_gdp,FLASH,0,2015,2025-07-31
2021Q4,HR,FR22,J,12929521080.33,11565747200.7,12176861515.25,10892476303.53,3251.33,5206282421.93,348.556145,3016930941.1,2195241049.66,3701879256.83,2678477898.05,nama_10r_3gdp,FIRST,1,2020,2025-12-21
2022Q3,DE,DK828,O,12938275159.63,12796649658.13,11868323962.22,11738410406.33,3245.7,4816921459.37,501.578887,2471531222.48,2271658381.67,3471383253.78,3084866727.65,nama_10_gdp,SECOND,0,2015,2024-05-15
2023Q2,LU,ES97,T,12961145018.79,12072631532.76,11754490358.72,10948695562.81,3248.09,6243992082.71,471.102122,3181796039.15,2988058231.47,6982973107.13,5035628091.05,nama_10r_3gva,BENCHMARK,1,2020,2025-11-14
2024Q1,SI,BG987,D,513825780.43,509385273.52,494289271.9,490017600.42,257.42,213097197.23,17.28707,116621756.11,73507164.52,213781708.19,139102971.38,namq_10_gdp,FLASH,0,2015,2025-09-09
2025Q4,CY,PL5,I,527147428.09,555562334.48,509880093.74,537364236.42,262.01,184323874.54,17.1249,131741032.88,113587566.7,253328777.62,241923093.73,nama_10_gdp,FIRST,1,2020,2024-11-09
2026Q3,GR,LT73,N,537786650.63,498826130.74,512670481.58,475529528.99,267.31,224346700.77,14.510954,87452486.55,89689660.97,219897605.55,201664008.95,nama_10r_3gdp,SECOND,0,2015,2024-10-11
2018Q2,MT,CY44,S,587059367.81,631299943.03,549188571.59,590575217.72,290.01,247243400.57,23.769239,123587253.81,110790112.48,202282241.33,141602990.29,nama_10_gdp,BENCHMARK,1,2020,2025-08-07
2019Q1,ES,EE5,C,614800233.45,638028260.55,580201846.68,602122697.53,302.32,288340364.66,21.930568,119125331.93,93730149.91,255833595.06,208954730.18,nama_10r_3gva,FLASH,0,2015,2026-02-07
2020Q4,CZ,PL541,H,614650036.44,576783689.39,592800102.36,556279850.06,301.17,281194592.36,29.676982,149677092.44,142071862.84,163383844.07,158149717.39,namq_10_gdp,FIRST,1,2020,2024-08-10
2021Q3,HU,IT327,M,635596796.0,567937353.18,594838395.29,531517694.74,309.98,220441712.23,26.195594,165904095.07,132874724.82,314370764.99,231877119.02,nama_10_gdp,SECOND,0,2015,2025-12-11
2022Q2,NL,CY34,R,686139394.32,700941760.99,664002185.26,678326976.84,333.45,319623969.69,26.721886,176354096.3,151206094.57,167004122.0,325785641.91,nama_10r_3gdp,BENCHMARK,1,2020,2025-08-17
2023Q1,SE,LV1,B,713846975.1,724875403.35,663093783.76,673338111.29,346.2,310008917.03,17.469477,162216204.96,162536572.77,249693945.81,355756636.77,nama_10_gdp,FLASH,0,2015,2025-05-02
2024Q4,DK,LV709,G,729709224.92,722223080.66,644574734.95,637961992.11,352.42,345519335.59,58.446447,162186197.83,123357973.7,348100429.12,158547985.85,nama_10r_3gva,FIRST,1,2020,2025-12-11
2025Q3,IE,IE253,L,738670782.61,728069290.05,709523149.82,699339987.62,355.54,252061966.45,23.021108,191695668.03,133848686.0,387001221.5,159522810.93,namq_10_gdp,SECOND,0,2015,2025-08-11
2026Q2,PL,IT40,Q,762179221.65,693226129.92,735331545.83,668807318.87,365.83,390922750.8,21.086335,202626946.65,180142948.2,181042841.36,230822639.82,nama_10_gdp,BENCHMARK,1,2020,2025-07-11
2018Q1,AT,HU384,A,810832286.3,731120160.54,746458289.7,673074708.33,387.76,350445279.14,27.196211,163515739.41,189464223.71,223598703.25,232663978.13,nama_10r_3gdp,FLASH,0,2015,2024-09-30
2019Q4,EE,DE3,F,839376988.3,891557328.68,763069015.36,810505627.88,399.19,348228107.96,38.110443,194113957.29,216761004.71,210359582.26,418960842.14,nama_10_gdp,FIRST,1,2020,2024-08-29
2020Q3,IT,IE93,K,845806640.42,806679112.39,771987175.79,736274580.96,400.88,390901702.76,21.079905,209911143.29,215605585.71,306963608.47,274456241.88,nama_10r_3gva,SECOND,0,2015,2025-07-01
2021Q2,PT,RO696,P,860272725.13,876660059.58,836490217.49,852424518.97,405.38,300131135.83,28.616958,238440631.4,121036189.06,420425439.25,295455001.77,namq_10_gdp,BENCHMARK,1,2020,2025-06-11
2022Q1,BE,CY25,U,907811315.55,963724647.79,832865651.33,884162978.29,425.68,427650647.61,25.253345,218619138.07,188075093.41,454950700.71,328688394.56,nama_10_gdp,FLASH,0,2015,2024-06-28
2023Q4,FI,ES12,E,928203169.27,893970218.89,811547469.66,781616884.23,435.41,424297893.38,24.406695,157736058.02,183918807.4,469860745.39,415702842.06,nama_10r_3gdp,FIRST,1,2020,2025-09-20
2024Q3,LV,FI620,J,959123246.29,891955318.66,841183001.13,782274493.63,447.65,361514655.16,32.407897,258242331.85,153215104.47,491291403.44,376345002.69,nama_10_gdp,SECOND,0,2015,2025-07-05
2025Q2,RO,FI9,O,986503768.5,942007406.2,895432959.84,855044356.51,457.37,395870785.44,51.783501,182170987.13,254741027.75,332141406.7,362810942.23,nama_10r_3gva,BENCHMARK,1,2020,2024-08-05
2026Q1,BG,LT59,T,1010972153.22,1028075144.64,954134446.04,970275892.85,468.27,467535029.94,46.346203,276866847.49,150158615.5,265214558.47,394658930.37,namq_10_gdp,FLASH,0,2015,2024-11-04
2018Q4,FR,PL887,D,1017476776.39,1050842567.47,887610310.68,916717432.22,469.42,399489821.71,35.46561,173383703.41,182098167.99,244429695.88,297353672.26,nama_10_gdp,FIRST,1,2020,2024-07-22
2019Q3,LT,DK667,I,1062004117.03,1076706104.79,959239041.86,972518388.36,487.49,538233734.99,28.498727,268517312.24,149275796.22,394909498.14,238398599.93,nama_10r_3gdp,SECOND,0,2015,2025-04-05
2020Q2,SK,LV47,N,1069525889.33,1025530422.29,974938309.35,934833748.36,489.69,523010602.51,30.201918,198531970.71,170559011.54,545188520.85,326865114.46,nama_10_gdp,BENCHMARK,1,2020,2024-12-10
2021Q1,HR,LV985,S,1085128539.53,1037202428.61,973542458.53,930544691.76,495.87,405925472.94,42.190607,192057496.69,238569146.01,436217208.45,264326988.98,nama_10r_3gva,FLASH,0,2015,2024-07-20
2022Q4,DE,BG362,C,1134968786.47,1013423740.21,1011202411.55,902911641.48,515.68,463337911.77,40.556109,268279678.33,252532339.55,434898056.52,317858448.27,namq_10_gdp,FIRST,1,2020,2025-06-24
2023Q3,LU,ES530,H,1147101057.01,1048969640.08,1030410086.38,942261268.82,519.25,446920310.6,28.039501,230155179.77,203706373.47,376194793.11,414909414.96,nama_10_gdp,SECOND,0,2015,2024-02-12
2024Q2,SI,EE318,M,1176507597.83,1193629915.18,1035286891.37,1050353951.49,530.68,420952025.55,40.9604,293811459.8,252029432.12,525974081.98,384201691.59,nama_10r_3gdp,BENCHMARK,1,2020,2025-04-27
2025Q1,CY,CZ4,R,1188221140.91,1262981490.29,1128931702.04,1199961685.91,533.3,606072510.34,31.436829,309897399.92,213899607.63,639971856.15,425883081.45,nama_10_gdp,FLASH,0,2015,2024-06-01
2026Q4,GR,FR545,B,1220597760.45,1159266367.86,1112489161.41,1056589903.09,546.72,600438444.96,54.435525,227840358.33,281215327.7,326945839.23,294087268.47,nama_10r_3gva,FIRST,1,2020,2024-02-29
2018Q3,MT,PT56,G,1247765062.58,1266920502.51,1083146661.45,1099774912.58,556.33,539868265.68,63.796885,321911614.37,263348969.34,457445105.78,414807227.19,namq_10_gdp,SECOND,0,2015,2025-04-06
2019Q2,ES,NL3,L,1277452865.96,1225041923.07,1106363196.36,1060971667.76,567.69,514034097.04,47.709435,325401972.68,244115799.74,564375288.39,519134283.73,nama_10_gdp,BENCHMARK,1,2020,2026-01-23
2020Q1,CZ,CY57,Q,1287819627.77,1395947446.02,1204655387.37,1305800575.68,571.21,499535972.96,46.528854,207195552.43,314294844.75,592030878.47,639844058.56,nama_10r_3gdp,FLASH,0,2015,2024-12-19
2021Q4,HU,AT388,A,1334967995.58,1211236897.34,1156341987.45,1049166785.87,590.76,537687053.45,55.565564,336703511.31,225919617.28,702038124.81,472932861.98,nama_10_gdp,FIRST,1,2020,2025-06-27
2022Q3,NL,ES16,F,1364205680.13,1437397360.7,1228066610.05,1293954225.35,599.27,509786113.3,38.608124,350257656.49,274465569.94,550682761.3,623619124.27,nama_10r_3gva,SECOND,0,2015,2025-09-23
2023Q2,SE,HU80,K,1387364101.96,1375952534.06,1201941709.52,1192055307.38,609.17,505921725.56,33.057463,264052221.14,262636183.11,632366767.07,448280912.23,namq_10_gdp,BENCHMARK,1,2020,2024-02-25
2024Q1,DK,DK784,P,1403675942.21,1430113193.71,1223589621.96,1246635073.97,613.57,702032303.73,79.61202,229236673.05,309955742.67,620893431.84,558588512.24,nama_10_gdp,FLASH,0,2015,2024-10-24
2025Q4,IE,PT62,U,1439815307.77,1481529557.88,1249535134.13,1285736597.49,627.43,634557914.68,36.252725,331868742.7,211299238.28,611568870.27,379477481.14,nama_10r_3gdp,FIRST,1,2020,2025-06-13
2026Q3,PL,FR5,E,1447819317.29,1530906291.42,1376100792.13,1455072007.36,628.71,643158215.65,45.973679,313884021.26,328925805.0,770789208.15,379374422.22,nama_10_gdp,SECOND,0,2015,2024-04-20
2018Q2,AT,FR959,J,1486619929.63,1502058726.83,1427944534.95,1442773978.34,644.01,747405923.51,48.196453,293037601.94,328974736.95,385108559.04,651987853.68,nama_10r_3gva,BENCHMARK,1,2020,2025-01-14
2019Q1,EE,MT23,O,1493957436.3,1453428055.24,1377083450.19,1339724728.61,642.59,634037399.85,55.224642,344584708.27,254215932.49,475874027.39,684662199.15,namq_10_gdp,FLASH,0,2015,2024-05-16
2020Q4,IT,BE53,T,1520956031.11,1515075912.38,1458622089.24,1452982957.73,653.42,683402383.99,54.103015,246263658.09,358589898.55,751365202.18,667738132.93,nama_10_gdp,FIRST,1,2020,2024-03-10
2021Q3,PT,IE209,D,1559026426.87,1485589826.82,1399551474.66,1333626805.19,667.88,589992305.06,49.234587,410216230.97,232337374.87,769042191.6,614050740.36,nama_10r_3gdp,SECOND,0,2015,2024-12-30
2022Q2,BE,NL46,I,1581305414.98,1620241287.61,1435161909.57,1470499347.1,675.6,778331438.61,67.404308,421143094.21,365060115.59,780269869.69,455374389.24,nama_10_gdp,BENCHMARK,1,2020,2025-11-05
2023Q1,FI,PT61,N,1607981550.31,1626550696.48,1409034494.08,1425306177.97,683.1,657967150.54,90.354127,397101479.15,341875909.24,678705794.14,522143770.0,nama_10r_3gva,FLASH,0,2015,2024-04-05
2024Q4,LV,SK661,S,1627624831.68,1717396222.82,1485052234.57,1566960056.58,691.0,751474378.94,62.359838,337416226.74,281526992.78,846627546.68,765963219.43,namq_10_gdp,FIRST,1,2020,2026-01-12
2025Q3,RO,LU80,C,1649208676.66,1487024218.68,1594496992.78,1437692924.14,695.72,791969054.0,135.391182,356534024.45,265437822.63,389499059.58,421861819.27,nama_10_gdp,SECOND,0,2015,2024-04-25
2026Q2,BG,LT591,H,1662410748.83,1568618938.85,1432584964.69,1351759731.28,698.64,798412727.01,111.772556,273363038.81,422726291.78,611255830.57,572962920.14,nama_10r_3gdp,BENCHMARK,1,2020,2024-02-27
2018Q1,FR,HU467,M,1691630251.54,1675703123.4,1635665773.0,1620265564.63,709.28,811619986.89,80.032287,304713542.93,264064932.75,638753082.78,700613832.07,nama_10_gdp,FLASH,0,2015,2024-07-30
2019Q4,LT,LU131,R,1730874331.41,1721103631.33,1574784105.56,1565894527.09,723.25,629597681.67,64.702741,360564577.99,245564379.91,425488896.42,540050214.3,nama_10r_3gva,FIRST,1,2020,2025-08-29
2020Q3,SK,PT52,B,1745437752.65,1717811855.89,1703851501.21,1676883810.4,728.4,736538008.31,91.605524,483818407.54,283823201.64,939220808.52,769583025.33,namq_10_gdp,SECOND,0,2015,2024-01-11
2021Q2,HR,SK37,G,1763934684.43,1770196069.89,1648581983.29,1654433904.77,731.76,861616993.04,44.832614,351432048.83,431376798.08,620351192.49,848256327.87,nama_10_gdp,BENCHMARK,1,2020,2024-11-03
2022Q1,DE,CZ706,L,1798134986.31,1692539600.06,1587476672.86,1494252185.43,743.56,652136496.12,110.235637,427502800.08,286398828.92,674335695.96,378806422.99,nama_10r_3gdp,FLASH,0,2015,2024-05-03
2023Q4,LU,RO41,Q,1829623561.33,1909881461.86,1757769784.04,1834875761.17,754.98,686343099.62,80.906795,452439340.1,462853931.93,810451766.99,686139414.93,nama_10_gdp,FIRST,1,2020,2025-11-09
2024Q3,SI,LT711,A,1844301678.02,1985135902.09,1668076825.3,1795454199.71,758.52,866402861.71,88.804337,430902087.64,459132930.55,966824539.25,614356568.06,nama_10r_3gva,SECOND,0,2015,2024-05-29
2025Q2,CY,AT29,F,1884615069.56,2024499159.03,1690681537.45,1816171061.16,773.33,794869641.07,69.256679,315548706.5,468732215.47,536269778.41,937700332.45,namq_10_gdp,BENCHMARK,1,2020,2024-11-16
2026Q1,GR,LV525,K,1904393563.01,1873918241.92,1652134663.81,1625696150.61,777.75,661386226.48,68.368056,349515251.28,482501131.08,862094615.46,918382800.47,nama_10_gdp,FLASH,0,2015,2024-06-27
2018Q4,MT,ES56,P,1919169439.52,1821116617.75,1794000275.2,1702342506.15,781.23,673573874.86,113.390499,527602341.27,297284368.65,943796224.22,393904916.36,nama_10r_3gdp,FIRST,1,2020,2024-06-13
2019Q3,ES,SI784,U,1946686320.67,1808306867.85,1805090035.41,1676775900.38,790.64,799768061.45,106.20794,315945898.98,478589257.42,444857439.2,507524369.87,nama_10_gdp,SECOND,0,2015,2025-06-22
2020Q2,CZ,SK49,E,1981132762.24,2008725116.54,1725705258.93,1749740130.2,801.91,783520407.01,60.15189,436264608.56,380011076.76,518628438.77,931962821.3,nama_10r_3gva,BENCHMARK,1,2020,2026-01-07
2021Q1,HU,EE390,J,2004037392.35,1974845254.72,1846528869.08,1819631105.05,809.46,743175006.59,161.990942,468260878.87,338098192.48,756974791.34,900459902.53,namq_10_gdp,FLASH,0,2015,2025-06-16
2022Q4,NL,BE741,O,2026286926.78,1830079611.12,1967517331.76,1777000732.62,813.25,807075822.47,52.119538,530914670.32,338102506.41,941971555.24,1037511495.25,nama_10_gdp,FIRST,1,2020,2025-11-18
2023Q3,SE,FI36,T,2064851285.25,1991129787.59,1931482264.43,1862522448.17,827.52,879580655.7,107.632373,533688325.48,290716893.4,703716363.26,554729237.69,nama_10r_3gdp,SECOND,0,2015,2025-02-12
2024Q2,DK,CY33,D,2078845551.77,1964302026.89,2026555125.28,1914892781.15,831.71,888808662.99,62.42316,403574072.34,539568445.42,709837130.17,874851984.49,nama_10_gdp,BENCHMARK,1,2020,2025-02-02
2025Q1,IE,DK27,I,2108769876.2,1885227674.14,1866786785.66,1668896236.5,841.14,961177694.36,69.16714,423186107.22,479141456.39,819495313.46,485421126.43,nama_10r_3gva,FLASH,0,2015,2025-11-12
2026Q4,PL,CZ6,N,2123205329.64,1971183513.63,1986605747.24,1844364481.55,840.93,954371380.27,53.226982,486018280.44,449712975.09,1011136436.66,581866508.7,namq_10_gdp,FIRST,1,2020,2024-08-03
2018Q3,AT,LU2,S,2162692837.7,2157811036.7,2058749815.21,2054102642.61,856.73,809383924.56,63.078125,444708120.48,541178811.7,922892100.38,659229752.91,nama_10_gdp,SECOND,0,2015,2025-06-17
2019Q2,EE,DK6,C,2164726408.59,2175165885.49,1968077730.93,1977568861.97,853.72,940095917.5,60.200343,380154103.57,494151597.44,956746531.45,525597369.0,nama_10r_3gdp,BENCHMARK,1,2020,2024-05-16
2020Q1,IT,DE57,H,2185513840.52,2288684346.84,2011758230.14,2106726338.49,859.59,825187475.71,125.792452,535772040.99,328532922.58,1138786635.34,1071797597.55,nama_10_gdp,FLASH,0,2015,2024-08-26
2021Q4,PT,DK47,M,2227929106.18,2321951017.55,2010171567.7,2095003788.1,873.61,1056599300.06,142.400445,414454347.89,314491442.73,823760967.49,742932172.51,nama_10r_3gva,FIRST,1,2020,2025-09-07
2022Q3,BE,HU36,R,2250888389.7,2215093931.38,2181818780.77,2147122692.87,880.28,1129206858.89,165.136911,485930415.26,423711770.49,1219022203.38,559030049.8,namq_10_gdp,SECOND,0,2015,2024-08-27
2023Q2,FI,BE19,B,2282640250.72,2059663667.25,2071139771.19,1868823322.11,888.65,1129584938.29,74.771129,628305104.46,539799540.89,1055583393.74,1025785898.4,nama_10_gdp,BENCHMARK,1,2020,2026-01-30
2024Q1,LV,GR3,G,2296976622.69,2458488271.28,2190795828.5,2344841386.69,890.09,899909730.35,72.492235,463127939.65,514179606.61,1122867807.15,495769082.49,nama_10r_3gdp,FLASH,0,2015,2026-01-10
2025Q4,RO,CZ8,L,2328071627.56,2336286688.09,2021658604.14,2028792425.8,901.93,985839426.87,62.831106,427140461.84,529204838.02,721886792.62,690453175.27,nama_10_gdp,FIRST,1,2020,2026-01-04
2026Q3,BG,FI2,Q,2352047228.32,2284179259.2,2137985103.68,2076293864.99,907.87,964863250.78,65.043899,439058130.6,567052323.38,677530414.16,586144113.04,nama_10r_3gva,SECOND,0,2015,2025-09-06
2018Q2,FR,ES64,A,2373304691.9,2121145534.73,2147405914.38,1919248077.2,913.55,1075860005.23,81.495049,653166760.96,565932850.33,1192389428.25,1102191127.2,namq_10_gdp,BENCHMARK,1,2020,2025-03-11
2019Q1,LT,HU923,F,2413420505.58,2607190993.66,2359589659.46,2549038136.8,926.66,958221957.3,62.865868,393969419.63,450319852.79,612501326.23,761819078.04,nama_10_gdp,FLASH,0,2015,2024-08-13
2020Q4,SK,DK143,K,2425889266.1,2210443655.22,2337267139.24,2129692146.58,928.8,1255925869.11,74.591697,612621316.8,536223995.18,681043809.64,524466959.28,nama_10r_3gdp,FIRST,1,2020,2025-02-10
2021Q3,HR,SK882,P,2452033638.86,2580681077.36,2233857057.28,2351057728.52,934.24,841890684.57,100.254696,615418303.08,522119455.1,1341416350.76,1232327224.58,nama_10_gdp,SECOND,0,2015,2026-02-18
2022Q2,DE,IE517,U,2489229093.53,2297965747.0,2390285476.02,2206624598.64,944.28,852659968.03,160.563117,453886860.43,475041571.98,1283459489.23,1145493361.96,nama_10r_3gva,BENCHMARK,1,2020,2025-11-24
2023Q1,LU,CZ66,E,2514062123.37,2252539147.39,2266369574.81,2030612586.0,953.98,913183879.85,127.7107,633368019.94,625589541.23,1358080086.41,1068814304.83,namq_10_gdp,FLASH,0,2015,2025-08-24
2024Q4,SI,ES621,J,2522360695.24,2434973597.65,2416801848.4,2333071833.35,953.27,1039723398.03,183.717653,480519891.47,508414773.71,1112330217.03,1300657135.01,nama_10_gdp,FIRST,1,2020,2024-02-26
2025Q3,CY,DE48,O,2558989622.82,2441383403.42,2463558655.65,2350338259.15,963.32,1187588079.93,115.727516,484785029.83,591813413.86,1242450092.7,1004668656.64,nama_10r_3gdp,SECOND,0,2015,2024-10-15
2026Q2,GR,MT539,T,2578086138.74,2578945507.26,2379190988.4,2379984058.03,968.52,986813430.28,125.104704,600975177.77,425933792.02,1167478127.36,709046609.83,nama_10_gdp,BENCHMARK,1,2020,2025-12-24
2018Q1,MT,PT4,D,2593243357.94,2351003065.16,2389147546.78,2165972271.13,971.64,1025718050.26,67.344388,499773870.3,672812157.22,821332848.43,893246432.04,nama_10r_3gva,FLASH,0,2015,2025-04-18
2019Q4,ES,IT1,I,2635414922.0,2824527096.67,2316939950.81,2483198989.96,981.89,1308432384.64,201.684218,561859504.91,516332458.6,1220155544.89,819121161.27,namq_10_gdp,FIRST,1,2020,2024-10-30
2020Q3,CZ,LT11,N,2652157397.0,2537790999.51,2552251147.87,2442192910.16,987.33,1102541871.9,76.097485,733521206.37,639222867.45,907716624.94,787352323.54,nama_10_gdp,SECOND,0,2015,2025-08-25
2021Q2,HU,PT851,S,2671037891.56,2622839030.83,2414064123.02,2370502352.21,992.24,1305379362.11,205.705123,435900402.13,601685608.62,604879489.81,1237451192.84,nama_10r_3gdp,BENCHMARK,1,2020,2025-11-17
2022Q1,NL,SK5,C,2698515904.45,2484858458.83,2551244405.5,2349247314.45,996.31,1320620412.01,108.868616,711867629.31,481303861.89,1279973593.39,597217752.81,nama_10_gdp,FLASH,0,2015,2024-11-19
2023Q4,SE,IE820,H,2736088321.52,2973025167.02,2595510432.64,2820273664.72,1009.09,1368044260.79,93.673817,454605358.43,619349722.48,642989637.56,643546391.97,nama_10r_3gva,FIRST,1,2020,2024-10-21
2024Q3,DK,NL689,M,2760546897.67,2532842777.63,2449539429.37,2247488806.46,1013.12,1028957347.88,162.981736,499893229.15,532011833.96,614245688.18,586576290.46,namq_10_gdp,SECOND,0,2015,2025-01-30
2025Q2,IE,DK29,R,2787484204.16,2524511840.12,2486202274.58,2251652967.12,1022.51,967906369.39,75.725892,649484229.39,453001542.6,1470300959.04,1071546635.05,nama_10_gdp,BENCHMARK,1,2020,2025-01-24
2026Q1,PL,EE69,B,2806767915.29,2636247847.8,2521601904.91,2368406578.47,1024.35,1152836747.28,72.332,596218620.21,729699854.89,751335917.74,760506254.99,nama_10r_3gdp,FLASH,0,2015,2024-06-17
2018Q4,AT,LV6,G,2812059777.3,3045603702.71,2664242564.64,2885510146.43,1025.07,1196483874.22,108.269997,762905213.64,461778338.51,1009398785.13,906681233.14,nama_10_gdp,FIRST,1,2020,2024-08-21
2019Q3,EE,CZ62,L,2838796978.85,2926814428.9,2613753971.83,2694793919.86,1030.69,1470263770.09,69.347014,782737805.21,623971308.16,738676871.79,671040024.24,nama_10r_3gva,SECOND,0,2015,2025-01-09
2020Q2,IT,HR28,Q,2863908828.19,3011663246.73,2727139935.32,2867838190.59,1039.37,989205469.94,86.23981,567779714.11,463707585.38,1001550925.39,1312555769.71,namq_10_gdp,BENCHMARK,1,2020,2024-05-30
2021Q1,PT,SI27,A,2899565649.06,2810978949.52,2566669190.43,2488253048.18,1045.72,1442392554.51,74.198608,699078259.77,443285862.38,854277133.32,597139055.8,nama_10_gdp,FLASH,0,2015,2025-11-10
2022Q4,BE,IT5,F,2936904501.93,3106980504.96,2854412227.18,3019711106.41,1059.27,1053654494.88,233.367118,747618060.3,642563885.53,1085823619.4,1088066334.99,nama_10r_3gdp,FIRST,1,2020,2025-04-25
2023Q3,FI,MT79,K,2941806154.48,2735764880.94,2530342360.32,2353119615.16,1055.54,1104800066.76,113.680511,508092197.41,476226215.42,1261664186.35,1105966490.89,nama_10_gdp,SECOND,0,2015,2024-10-31
2024Q2,LV,ES488,P,2987441835.09,2830965835.55,2619846095.88,2482623997.8,1071.25,1316469812.52,82.721628,574909379.95,513156498.79,1552288898.14,989961349.49,nama_10r_3gva,BENCHMARK,1,2020,2024-10-27
2025Q1,RO,AT88,U,2995316092.1,2925219039.36,2846073836.18,2779469383.87,1070.64,1448184699.61,101.158359,715529600.58,678310269.39,709637904.89,1462194319.71,namq_10_gdp,FLASH,0,2015,2025-11-12
2026Q4,BG,SK718,E,3031256385.94,3185048785.07,2867752461.43,3013249402.3,1080.49,1262098443.92,82.778756,737821424.75,779841130.58,1338970963.82,862272707.5,nama_10_gdp,FIRST,1,2020,2024-03-14
2018Q3,FR,BG8,J,3056399428.95,3043021118.5,2688357488.95,2676590152.28,1084.79,1399167051.91,78.486099,514778243.36,586668686.19,1384880287.27,1177260416.83,nama_10r_3gdp,SECOND,0,2015,2025-02-02
2019Q2,LT,ES256,O,3081182418.85,3002523122.79,2739889185.36,2669942741.0,1090.23,1214526987.94,76.069723,574796786.6,768951157.63,766451780.02,1518511889.8,nama_10_gdp,BENCHMARK,1,2020,2025-01-02
2020Q1,SK,FR4,T,3110046388.09,3255242792.39,3003361033.45,3143576698.58,1096.94,1176640873.96,195.689558,533940641.27,577335730.6,1343905852.94,716275645.23,nama_10r_3gva,FLASH,0,2015,2024-08-18
2021Q4,HR,EE67,D,3115825394.81,3121638230.43,2729080758.34,2734172089.15,1097.44,1232673970.23,91.334295,506446495.92,472220110.24,947042416.77,924851614.04,namq_10_gdp,FIRST,1,2020,2024-12-17
2022Q3,DE,PL890,I,3155687471.62,2868164866.01,2755504537.65,2504443603.52,1108.32,1514464591.33,76.492732,768530341.06,472119188.37,1217373903.87,670552243.33,nama_10_gdp,SECOND,0,2015,2025-10-18
2023Q2,LU,CZ605,N,3177569479.47,3062315830.84,3019772670.79,2910242471.5,1110.92,1258965595.61,106.216079,620283212.77,601437186.31,1186145449.16,1341007885.0,nama_10r_3gdp,BENCHMARK,1,2020,2024-02-20
2024Q1,SI,PL95,S,3185821656.26,2967200115.18,3005379485.64,2799140478.7,1112.08,1250868862.41,128.096947,578431034.04,798278398.0,1085765223.53,1058804878.68,nama_10_gdp,FLASH,0,2015,2026-02-19
2025Q4,CY,FR32,C,3237692610.51,2951912330.68,2853271994.74,2601423234.78,1128.94,1563164922.04,239.21884,665820637.76,725838529.58,726267887.63,671267826.38,nama_10r_3gva,FIRST,1,2020,2024-12-10
2026Q3,GR,HR49,H,3250080568.63,3078037557.14,2928977867.05,2773932426.73,1129.92,1310182783.53,101.712614,720182203.51,708783890.67,1574189002.19,1029614377.88,namq_10_gdp,SECOND,0,2015,2025-02-19
2018Q2,MT,PT1,M,3273477406.14,3040990272.96,3016658703.22,2802411208.37,1132.56,1236050638.55,86.537481,855254403.14,565156538.91,1162524345.97,1346466520.06,nama_10_gdp,BENCHMARK,1,2020,2024-06-30
2019Q1,ES,IE204,R,3289518810.73,3019052277.83,3136758082.23,2878851643.06,1137.67,1158913575.07,120.247894,712137818.63,722968953.34,1477855085.43,837237018.95,nama_10r_3gdp,FLASH,0,2015,2025-01-25
2020Q4,CZ,IT102,B,3315540285.65,2980780880.84,3144726307.73,2827213439.13,1140.33,1242922599.8,113.863159,888401116.27,687487248.09,1175674046.05,1019227039.78,nama_10_gdp,FIRST,1,2020,2024-07-08
2021Q3,HU,LV208,G,3348203547.02,3521734660.1,3265613847.17,3434864490.94,1151.77,1339621421.07,105.388772,803177101.71,749204337.15,990878743.02,958497458.13,nama_10r_3gva,SECOND,0,2015,2024-11-07
2022Q2,NL,DK70,L,3372261472.69,3222854574.35,3094517018.95,2957415494.23,1155.7,1162414800.0,94.657284,880594387.47,830606770.74,1700200030.97,802179531.95,namq_10_gdp,BENCHMARK,1,2020,2024-07-20
2023Q1,SE,LT63,Q,3407126061.05,3317488153.94,3180411025.6,3096737752.88,1162.34,1322559860.32,159.200248,702332576.56,477517446.01,1024474062.62,1490667731.07,nama_10_gdp,FLASH,0,2015,2025-03-03
2024Q4,DK,FI29,A,3436238189.96,3231669830.68,3032442816.89,2851913465.5,1169.99,1250608634.84,131.282065,954183065.96,654051486.48,1654185704.25,790271207.29,nama_10r_3gdp,FIRST,1,2020,2025-03-29
2025Q3,IE,MT8,F,3435262253.63,3136679689.75,3093216253.29,2824363289.14,1165.32,1561324279.75,128.390807,632516885.15,568424561.81,1473783152.75,1750475796.39,nama_10_gdp,SECOND,0,2015,2025-10-15
2026Q2,PL,IE23,K,3475459464.68,3196749012.7,3037787917.92,2794176029.41,1178.01,1316403591.76,80.874266,600374002.25,669723992.57,1551575139.62,1279270148.05,nama_10r_3gva,BENCHMARK,1,2020,2024-04-23
2018Q1,AT,DE228,P,3494905323.23,3295903027.1,3420344469.65,3225587719.45,1180.07,1749439564.51,119.097841,630766938.91,610502647.26,1071700688.95,1411960442.77,namq_10_gdp,FLASH,0,2015,2024-06-06
2019Q4,EE,PL576,U,3516465807.77,3689516895.6,3418014008.37,3586220120.62,1185.97,1217366080.08,122.79408,971307220.23,638129549.58,1621201903.11,1286335156.11,nama_10_gdp,FIRST,1,2020,2024-06-26
2020Q3,IT,NL64,E,3551078933.18,3828514837.62,3194979294.61,3444594126.32,1195.0,1813973112.4,97.130268,673102949.92,811987263.47,1837728519.01,763759679.79,nama_10r_3gdp,SECOND,0,2015,2024-11-10
2021Q2,PT,ES900,J,3567835011.47,3519328712.04,3240020844.0,3195971323.57,1197.65,1759253753.41,85.336718,791392666.98,511013400.83,1731366352.26,1515366929.61,nama_10_gdp,BENCHMARK,1,2020,2026-01-18
2022Q1,BE,IT217,O,3614447605.84,3854743956.12,3425006291.26,3652708170.28,1208.47,1396833404.81,92.434757,845183708.36,650119293.73,1172383103.72,1330912075.49,nama_10r_3gva,FLASH,0,2015,2024-08-13
2023Q4,FI,LU1,T,3613846881.25,3412783640.16,3364873618.6,3177662478.27,1202.79,1236969913.74,132.035054,882483422.4,916754699.13,1838136878.35,1185649755.18,namq_10_gdp,FIRST,1,2020,2025-11-05
2024Q3,LV,SK80,D,3662909642.09,3824286874.24,3238477304.49,3381155272.24,1218.84,1268698390.46,98.206518,708465394.53,732791021.56,1525243190.31,1573015984.53,nama_10_gdp,SECOND,0,2015,2024-06-20
2025Q2,RO,CZ86,I,3674805107.55,3945007129.64,3493885312.36,3750784616.86,1216.57,1537556065.14,149.763481,848845378.37,841525723.9,2019502357.43,1821086243.19,nama_10r_3gdp,BENCHMARK,1,2020,2024-05-19
2026Q1,BG,BE78,N,3709412610.17,3494646794.78,3387163812.74,3191055405.68,1227.08,1395774396.18,234.343309,770024683.97,547203767.77,1436166649.57,1058085032.91,nama_10_gdp,FLASH,0,2015,2025-01-06
2018Q4,FR,HR499,S,3730451415.35,3518078681.92,3251765627.99,3066644237.03,1229.13,1872343311.64,208.884775,715355227.08,841995700.67,1740826239.22,1459102644.54,nama_10r_3gva,FIRST,1,2020,2024-03-28
2019Q3,LT,SI2,C,3759704927.68,3853518256.22,3609943299.63,3700019729.38,1236.49,1444218631.55,141.688007,991336228.75,948006698.86,1490154081.9,934445577.29,namq_10_gdp,SECOND,0,2015,2026-02-13
2020Q2,SK,BG5,H,3783919447.42,3602191674.42,3448695950.59,3283067732.66,1241.1,1365558332.35,128.265934,655729788.97,807271812.66,1091307729.44,1721504724.38,nama_10_gdp,BENCHMARK,1,2020,2025-08-20
2021Q1,HR,IT946,M,3805664345.64,3922846981.26,3602142302.8,3713058161.53,1244.44,1601542651.61,185.645122,1017545864.01,886816312.73,1162781365.77,1267922828.44,nama_10r_3gdp,FLASH,0,2015,2026-02-17
2022Q4,DE,LU64,R,3817470867.62,3551901670.93,3672623121.63,3417130517.76,1244.82,1492985304.26,98.256811,885955208.5,619094522.63,1135083890.41,1630304910.73,nama_10_gdp,FIRST,1,2020,2025-02-03
2023Q3,LU,MT879,B,3845629003.09,3700264897.77,3320084691.11,3194586069.09,1250.17,1503766242.78,93.880511,1016246876.54,538880919.39,1088453699.72,947739281.62,nama_10r_3gva,SECOND,0,2015,2024-12-12
2024Q2,SI,BE1,G,3881424930.87,3814418351.3,3759057862.6,3694163754.31,1260.51,1633639174.87,195.67803,1041008926.84,831852372.88,939347205.75,2011518819.31,namq_10_gdp,BENCHMARK,1,2020,2024-12-28
2025Q1,CY,FR495,L,3889500607.34,3692627547.5,3634917091.52,3450930168.18,1259.27,1467633630.21,101.013041,837507424.25,940480994.31,1357013666.34,1042832462.91,nama_10_gdp,FLASH,0,2015,2024-12-21
2026Q4,GR,DE810,Q,3913295801.99,4151589856.18,3620663787.92,3841138471.29,1262.62,1358027861.75,120.40562,680600832.75,552417655.31,1657784141.97,1785664132.37,nama_10r_3gdp,FIRST,1,2020,2024-08-21
2018Q3,MT,HU603,A,3962249974.5,3871514801.98,3589469530.06,3507270996.61,1276.58,1977971043.91,153.668514,890749384.42,643971094.32,1563890787.03,1954578699.53,nama_10_gdp,SECOND,0,2015,2024-04-21
2019Q2,ES,NL9,F,3961763598.67,3851068017.61,3605297653.94,3504562082.84,1275.02,1887580473.06,175.139908,634143764.3,724199888.22,1304369917.48,2007895977.93,nama_10r_3gva,BENCHMARK,1,2020,2025-12-14
2020Q1,CZ,CY681,K,4004597740.05,4071650700.58,3809704552.25,3873494222.42,1284.99,1784508053.27,115.452525,688471912.16,661119894.32,1320892318.64,1857787077.04,namq_10_gdp,FLASH,0,2015,2025-08-01
2021Q4,HU,LT4,P,4031359125.68,4238393670.5,3527463536.0,3708620010.72,1288.22,1913399924.85,181.626212,908475306.72,644719976.05,1809781692.51,837284617.88,nama_10_gdp,FIRST,1,2020,2026-01-10
2022Q3,NL,HR157,U,4057749312.23,4349478664.39,3852617603.35,4129599139.42,1293.25,2037423810.47,179.188543,985637114.37,747892319.54,1258925994.66,1737338305.39,nama_10r_3gdp,SECOND,0,2015,2024-03-25
2023Q2,SE,FI63,E,4064839911.43,3765817189.6,3965337094.22,3673634120.24,1293.19,1462259671.49,115.659101,897605653.94,943469623.0,1446612061.94,1419974958.2,nama_10_gdp,BENCHMARK,1,2020,2025-08-10
2024Q1,DK,AT33,J,4108795088.83,3911061052.19,3693908294.66,3516140510.61,1303.9,1411854343.62,156.223779,929684354.44,963076209.02,1215591807.91,1765923517.65,nama_10r_3gva,FLASH,0,2015,2025-01-17
2025Q4,IE,EE2,O,4111602475.97,4444834152.55,4021720224.49,4347667244.17,1302.94,1683623555.4,240.222475,1042916397.3,872862635.09,963025216.67,2106395120.96,namq_10_gdp,FIRST,1,2020,2025-10-20
2026Q3,PL,SK221,T,4137597460.62,4421255672.23,3749815745.58,4006889092.7,1306.66,1847407638.45,110.847287,977605901.11,696984580.24,1553491814.4,1142135030.72,nama_10_gdp,SECOND,0,2015,2024-10-17
2018Q2,AT,PT10,D,4160853967.45,4186682566.55,3912894263.46,3937183646.86,1310.84,1449048692.74,345.414196,1037154396.12,778172862.51,2171378439.51,883708723.81,nama_10r_3gdp,BENCHMARK,1,2020,2024-12-04
2019Q1,EE,LU9,I,4185397287.5,4390792072.5,3953422637.43,4147433465.29,1312.49,2079521919.27,107.730755,755703262.69,948148770.69,941063570.51,1405655248.26,nama_10_gdp,FLASH,0,2015,2024-04-04
2020Q4,IT,LU7,N,4234319861.68,3800292518.57,4030842790.9,3617672306.81,1325.27,1907282868.23,153.670361,1092885989.59,853139537.93,1416522978.22,1012320084.02,nama_10r_3gva,FIRST,1,2020,2025-12-07
2021Q3,PT,SI75,S,4252265774.28,4363799840.9,3966528800.89,4070568179.19,1328.62,2102870200.07,209.696562,774449429.44,848299191.23,1651676027.34,1521357049.3,namq_10_gdp,SECOND,0,2015,2024-10-25
2022Q2,BE,CZ183,C,4269103862.49,3897883932.67,3910883202.19,3570812350.17,1329.95,1798633708.47,114.580172,780871554.93,799216615.25,2016591491.53,1643810862.65,nama_10_gdp,BENCHMARK,1,2020,2026-02-09
2023Q1,FI,DK3,H,4301214069.98,4518142764.98,3779637770.67,3970261133.24,1338.11,2131796926.97,231.029861,1127389672.5,653265062.89,2283933271.62,1581922778.47,nama_10r_3gdp,FLASH,0,2015,2025-10-05
2024Q4,LV,PT2,M,4334112276.83,4206866945.3,4093110556.44,3972940801.61,1345.41,2128883635.78,141.497869,711234758.22,618597439.08,1215974553.67,1030698152.79,nama_10_gdp,FIRST,1,2020,2025-06-29
2025Q3,RO,SI482,R,4344948307.81,4183776342.27,3874359488.95,3730643594.12,1345.87,1609809661.54,145.672088,796258247.48,782117029.16,1563650686.12,1933685863.93,nama_10r_3gva,SECOND,0,2015,2024-01-07
2026Q2,BG,GR345,B,4378092126.86,4010593497.05,3967008711.52,3634016571.64,1351.27,1618832880.31,145.474789,1073993415.87,701525754.76,2131742911.91,1215740347.97,namq_10_gdp,BENCHMARK,1,2020,2024-06-02
2018Q1,FR,BG7,G,4389359536.8,4461241556.71,3866354246.22,3929671308.91,1349.78,2277518124.64,148.74118,1226255219.56,1024466443.56,1839798319.21,1681244457.97,nama_10_gdp,FLASH,0,2015,2026-01-16
2019Q4,LT,EE197,L,4420703640.05,3988443375.71,4317921724.05,3895711565.26,1359.15,1787138993.86,147.114242,1221172306.68,882006078.4,2248327983.73,2277522270.1,nama_10r_3gdp,FIRST,1,2020,2025-08-29
2020Q3,SK,RO97,Q,4456512965.29,4369328081.35,4148587496.56,4067426705.09,1363.49,2036726853.87,125.991728,1172054764.17,886925901.71,981675422.24,2198819999.56,nama_10_gdp,SECOND,0,2015,2025-10-06
2021Q2,HR,CZ35,A,4481966453.83,4837150413.95,4354847022.45,4699957104.62,1371.79,2065467305.21,169.898938,1058694137.95,1001694720.65,1936182655.91,1959093470.0,nama_10r_3gva,BENCHMARK,1,2020,2024-04-13
2022Q1,DE,SK2,F,4501156822.64,4284638449.62,4019201894.8,3825866916.84,1371.99,1830952673.26,284.103791,829024694.77,951018656.99,1626608160.68,1042259631.3,namq_10_gdp,FLASH,0,2015,2024-09-19
2023Q4,LU,FI37,K,4527386937.79,4433240262.98,4112375245.62,4026858708.1,1376.8,1575663018.12,126.658869,1026341255.96,746053909.32,2241486907.97,1102837117.28,nama_10_gdp,FIRST,1,2020,2025-03-24
2024Q3,SI,LV4,P,4543277862.69,4457723752.24,4281898727.35,4201266626.97,1378.85,2096692872.05,252.533857,933871790.98,950866683.14,2131090448.73,1710135135.21,nama_10r_3gdp,SECOND,0,2015,2025-07-05
2025Q2,CY,GR7,U,4577371325.28,4664250619.84,3961860099.46,4037056885.15,1386.1,1785914359.05,257.743721,791291092.18,905068404.15,2169438979.92,1033375481.27,nama_10_gdp,BENCHMARK,1,2020,2024-01-02
2026Q1,GR,BE934,E,4596485051.38,4111656251.35,4106746072.4,3673574040.28,1387.0,2265159450.94,316.339513,1041622296.43,1103221224.66,2404978039.15,1399036082.8,nama_10r_3gva,FLASH,0,2015,2025-09-16
2018Q4,MT,RO575,J,4637571359.67,4465279953.83,4032756249.73,3882934459.45,1398.79,2210608457.77,153.900924,745836294.13,888287980.7,1673078829.71,1415274813.61,namq_10_gdp,FIRST,1,2020,2025-08-28
2019Q3,ES,DK768,O,4650802484.39,4923333678.7,4163253478.56,4407214912.42,1397.9,2376202988.22,155.332966,876421447.14,779625883.28,1661914049.45,1884250593.29,nama_10_gdp,SECOND,0,2015,2024-10-10
2020Q2,CZ,LU3,T,4665867938.23,4781168732.87,4468847558.78,4579279675.91,1399.79,2207700583.18,121.805664,1057304234.61,967658335.59,1584952933.97,1698871519.16,nama_10r_3gdp,BENCHMARK,1,2020,2026-02-13
2021Q1,HU,PL735,D,4713886009.85,4263832446.74,4199505606.03,3798561998.71,1407.84,2266836841.44,195.743285,1007993002.86,704622725.46,1110481753.31,1095145013.67,nama_10_gdp,FLASH,0,2015,2025-05-05
2022Q4,NL,LU588,I,4724401521.23,4529977618.02,4559936292.11,4372280647.62,1408.03,1960834206.72,211.37666,876045292.72,898793304.63,2539342097.04,1072576808.33,nama_10r_3gva,FIRST,1,2020,2024-07-17
2023Q3,SE,HR552,N,4757101446.63,4694648321.22,4106690554.83,4052776283.06,1417.91,1891330303.03,234.822844,848943436.52,750782260.31,1102628612.63,967230313.95,namq_10_gdp,SECOND,0,2015,2024-07-31
2024Q2,DK,FR13,S,4779137363.49,4699184663.03,4125775352.77,4056753088.73,1417.35,2263987470.9,135.159751,975015194.1,765413804.44,1401602452.51,1796728751.05,nama_10_gdp,BENCHMARK,1,2020,2024-05-04
2025Q1,IE,FR8,C,4785582414.62,5125678274.7,4345872695.11,4654719807.96,1417.68,2301573070.6,254.493303,916624237.3,1229340798.99,2297433566.08,1994315881.86,nama_10r_3gdp,FLASH,0,2015,2025-01-21
2026Q4,PL,PL4,H,4817872794.82,4587299855.22,4275232689.2,4070629327.8,1423.88,2446100665.52,235.432024,896114288.53,881159262.58,1887573543.74,2375028206.29,nama_10_gdp,FIRST,1,2020,2026-01-27
2018Q3,AT,LV144,M,4851628558.71,4840061452.29,4358590408.34,4348198788.6,1428.82,2350799341.6,309.443759,1275259564.49,749277174.85,2566668934.98,1666123729.36,nama_10r_3gva,SECOND,0,2015,2024-06-21
2019Q2,EE,DE690,R,4884606245.51,4383445260.18,4463336337.16,4005397677.59,1435.65,2080217367.87,315.31803,1361520979.06,708934133.69,2340962586.94,1180964679.49,namq_10_gdp,BENCHMARK,1,2020,2024-12-12
2020Q1,IT,HR707,B,4888928836.22,4784018424.57,4240606384.63,4149608176.97,1436.25,1935391951.64,202.279506,1261620423.78,734112223.4,1158317947.62,1924368145.92,nama_10_gdp,FLASH,0,2015,2025-11-06
2021Q4,PT,SK252,G,4930293879.03,4517629358.0,4572791081.62,4190049466.67,1441.48,2554008187.52,303.661688,1042770877.88,1112718408.37,1213144674.87,2334775699.06,nama_10r_3gdp,FIRST,1,2020,2024-08-21
2022Q3,BE,DE891,L,4948824731.86,4765962492.91,4464387336.08,4299425368.74,1444.88,1797641564.07,128.74661,1012626166.99,1239414747.27,2353611327.12,1098142933.35,nama_10_gdp,SECOND,0,2015,2025-01-25
2023Q2,FI,PL2,Q,4962222960.12,4637641958.49,4509717575.08,4214735132.87,1445.81,1835356812.37,127.152902,1118566797.53,1081326595.43,2117330989.67,2412824897.71,nama_10r_3gva,BENCHMARK,1,2020,2024-04-07
2024Q1,LV,DK562,A,4997106428.5,5121664941.4,4819022102.33,4939141662.57,1453.14,1904250738.14,437.671977,840324391.17,840513300.05,1766016597.48,1590662811.23,namq_10_gdp,FLASH,0,2015,2025-11-16
2025Q4,RO,PT493,F,5011034072.96,5240681914.4,4509654550.21,4716324953.57,1451.32,2382923604.09,252.770919,909479697.39,1194969548.33,1272093678.93,2326765034.52,nama_10_gdp,FIRST,1,2020,2024-08-17
2026Q3,BG,GR69,K,5044974697.94,4574465805.89,4710257251.69,4270965074.14,1461.09,2356086177.29,167.219213,1005226525.58,1203528201.65,1778558004.93,2078823696.11,nama_10r_3gdp,SECOND,0,2015,2024-06-07
2018Q2,FR,MT5,P,5076094281.09,5366083922.36,4526448346.56,4785037541.23,1465.05,1744736783.69,400.512335,1094295505.04,1058632292.01,2565558089.86,1989470943.97,nama_10_gdp,BENCHMARK,1,2020,2024-11-10
2019Q1,LT,BG23,U,5089735804.04,5456790350.98,4752475951.69,5095208457.75,1464.57,1914954042.63,233.211359,1375571601.63,934229761.98,2668608058.78,1971448855.3,nama_10r_3gva,FLASH,0,2015,2024-08-07
2020Q4,SK,AT243,E,5118432055.94,4791511391.59,4702753010.1,4402382286.89,1472.78,2084420929.37,169.344711,977840102.73,1153047503.0,1493774504.91,1350733055.34,namq_10_gdp,FIRST,1,2020,2025-02-07
2021Q3,HR,IE66,J,5146195741.98,5166542480.38,4639355047.59,4657697867.84,1474.66,1810520499.53,398.229197,1226027688.77,998850915.85,1185627492.96,1173756274.74,nama_10_gdp,SECOND,0,2015,2024-04-08
2022Q2,DE,LT409,O,5183521788.1,4858484508.75,4984983787.97,4672396008.03,1482.81,2453264793.7,304.307488,885639207.55,1052153616.5,2651759098.61,1275803192.74,nama_10r_3gdp,BENCHMARK,1,2020,2025-12-21
2023Q1,LU,IE60,T,5187098044.43,4891619009.99,4752823205.24,4482082301.65,1479.67,1848922825.34,168.025854,1439717158.85,894696741.02,2734601588.58,1251749630.72,nama_10_gdp,FLASH,0,2015,2024-12-06
2024Q4,SI,ES5,D,5213063143.57,5284847181.11,4519300678.5,4581531585.86,1482.69,2109975249.96,155.404482,1145461729.46,749949691.15,2822657435.37,2369866990.87,nama_10r_3gva,FIRST,1,2020,2025-02-21
2025Q3,CY,CY633,I,5248999941.6,5181551581.9,4522106324.6,4463998369.3,1491.38,2676067480.37,192.705106,1453222675.55,1157983086.0,2579592461.18,2596980543.27,namq_10_gdp,SECOND,0,2015,2025-04-19
2026Q2,GR,CY386,N,5262931915.35,5080264147.72,5108410938.44,4931106341.44,1491.94,2669482167.92,394.28445,1428408524.83,1329613888.41,1799890546.17,2255761187.35,nama_10_gdp,BENCHMARK,1,2020,2026-02-06
2018Q1,MT,IE100,S,5292549264.71,5042286888.11,4822163220.99,4594143420.39,1498.58,1949516670.67,179.902526,878686670.2,911455688.75,2700599933.29,1240471216.05,nama_10r_3gdp,FLASH,0,2015,2025-10-29
2019Q4,ES,RO95,C,5322764037.54,5763946584.88,4717782625.63,5108820691.92,1502.45,2633308768.85,298.958232,1281961329.47,920561842.13,1726816599.72,1138682375.23,nama_10_gdp,FIRST,1,2020,2025-06-19
2020Q3,CZ,NL85,H,5363274724.36,5526764896.93,4639939027.41,4781379559.79,1508.4,1969925537.21,132.432175,911708808.26,1333307272.79,1226491007.99,2465493009.53,nama_10r_3gva,SECOND,0,2015,2026-01-16
2021Q2,HU,PL20,M,5376224769.54,5618897270.62,4775875973.42,4991449878.34,1509.22,1981587320.63,163.401793,947001526.37,771983457.75,1312891864.55,1983869077.88,namq_10_gdp,BENCHMARK,1,2020,2025-02-08
2022Q1,NL,BG73,R,5406885883.07,5220860318.7,4774977277.25,4610692721.95,1513.96,2189271803.09,297.132864,1307059040.06,952736543.29,1745052183.67,1889335958.58,nama_10_gdp,FLASH,0,2015,2024-07-06
2023Q4,SE,PT195,B,5434226145.09,5387168294.48,4838024198.44,4796129177.17,1519.46,2458372848.55,220.156413,1262148308.58,897283036.0,1542846538.07,1176329137.83,nama_10r_3gdp,FIRST,1,2020,2024-08-15
2024Q3,DK,LU260,G,5451197766.51,5324684838.22,5049538599.28,4932347489.72,1522.59,2330405874.89,268.343194,916959585.8,1105873307.61,1636848929.49,2832330453.38,nama_10_gdp,SECOND,0,2015,2025-08-12
2025Q2,IE,SI63,L,5469260297.55,5863210661.72,5063349844.69,5428062512.71,1524.52,2341521952.22,161.305554,947663747.24,1067713138.22,2348436101.84,1913465403.18,nama_10r_3gva,BENCHMARK,1,2020,2025-03-04
2026Q1,PL,IT10,Q,5495995856.44,5055428928.97,4819301786.55,4432979628.37,1524.62,2329042029.87,327.324053,1195847076.78,1000525364.58,2096165873.58,1625588516.82,namq_10_gdp,FLASH,0,2015,2024-10-02
2018Q4,AT,HR3,A,5530461930.86,5847326836.94,5290030353.8,5593119859.2,1532.08,2814861275.95,186.775736,1105097349.21,911264225.07,2323046357.08,1762637104.23,nama_10_gdp,FIRST,1,2020,2024-10-14
2019Q3,EE,BE39,F,5564305248.03,5490254758.55,5054529389.48,4987263062.65,1538.15,2726479191.83,156.205384,1190816270.91,1115512373.26,2579309291.57,1212496861.38,nama_10r_3gdp,SECOND,0,2015,2024-06-04
2020Q2,IT,ES818,K,5588816609.5,5812875232.97,5102605468.02,5307171628.83,1541.28,2493336937.81,359.571801,1160460811.01,1119910955.61,2616144204.6,2613006729.31,nama_10_gdp,BENCHMARK,1,2020,2025-10-17
2021Q1,PT,BE698,P,5599954244.19,5251536867.07,5246440294.51,4920017811.94,1541.36,2694505337.43,183.6762,1410690374.21,1392075707.55,3016626988.26,1289273114.54,nama_10r_3gva,FLASH,0,2015,2024-11-04
2022Q4,BE,CZ250,U,5624908874.57,5271291383.38,5419743613.09,5079024113.08,1547.35,2149131039.84,442.688016,1406136047.36,1075752031.12,1671512041.14,2540776897.38,namq_10_gdp,FIRST,1,2020,2025-03-09
2023Q3,FI,HU60,E,5660601222.9,5482419442.04,4945681475.18,4790003606.67,1549.63,2337074398.47,153.430671,1287196069.71,839193600.13,1637937735.37,2075241852.58,nama_10_gdp,SECOND,0,2015,2024-04-23
2024Q2,LV,SI646,J,5678892724.31,6137240257.51,5361571479.81,5794307786.19,1551.21,2050977858.51,141.800807,948517822.56,798217849.35,2944785883.05,1506154783.38,nama_10r_3gdp,BENCHMARK,1,2020,2025-12-25
2025Q1,RO,DE99,O,5714775582.58,5211693796.35,5177555785.53,4721766406.71,1557.77,2304260522.09,153.39017,1235286724.17,1080484262.58,1896987161.59,2935286955.95,nama_10_gdp,FLASH,0,2015,2025-06-15
2026Q4,BG,SI866,T,5730978340.44,5541640466.43,5258770152.13,5085032911.93,1561.94,2627308276.48,170.916247,1569604785.71,1086023876.71,2518633230.72,2565956331.44,nama_10r_3gva,FIRST,1,2020,2025-09-08
2018Q3,FR,EE606,D,5754009112.84,5426459596.78,5582303214.16,5264528132.39,1563.2,2027971402.66,294.79036,1307253964.65,981163214.97,2668708424.35,1797442355.1,namq_10_gdp,SECOND,0,2015,2024-02-13
2019Q2,LT,BG3,I,5778888210.52,5494300543.14,5012594174.45,4765743494.59,1566.78,2606597649.91,162.490593,1283464676.05,929461999.8,1976179022.7,2489203257.22,nama_10_gdp,BENCHMARK,1,2020,2024-08-15
2020Q1,SK,IT783,N,5803014043.19,5634261552.38,5320673211.95,5165947262.53,1568.42,2599282521.61,177.140359,1284550939.29,1369074115.98,2249328974.29,2833581273.58,nama_10r_3gdp,FLASH,0,2015,2025-11-16
2021Q4,HR,PL69,S,5832670517.22,5807087705.4,5062801592.89,5040595521.07,1576.21,2494889117.8,138.544521,1301387654.44,1508593578.5,1817452398.86,2366947245.49,nama_10_gdp,FIRST,1,2020,2025-12-19
2022Q3,DE,NL42,C,5851973885.71,5556380714.64,5149451996.06,4889344402.53,1577.37,2111505241.44,201.921834,1184089034.67,1279009697.49,2266627483.08,2972896437.86,nama_10r_3gva,SECOND,0,2015,2025-12-26
2023Q2,LU,PT34,H,5870034985.03,5510840716.95,5129261802.97,4815396307.48,1578.36,2931879254.35,225.152275,1272707935.39,939200804.83,2946001607.29,2043084033.94,namq_10_gdp,BENCHMARK,1,2020,2024-06-11
2024Q1,SI,RO238,M,5906024448.0,5542337578.37,5671120562.65,5321898831.03,1584.63,2094095331.77,278.68112,1452810544.32,1465193122.8,2307484471.74,1781234176.44,nama_10_gdp,FLASH,0,2015,2024-12-02
2025Q4,CY,IT54,R,5927961660.78,6266430419.02,5141771153.07,5435350801.0,1585.07,2657974451.15,154.746093,951399737.7,1337937617.39,2180285480.64,2879620095.88,nama_10r_3gdp,FIRST,1,2020,2025-02-05
2026Q3,GR,CY19,B,5946803831.74,5653799225.29,5387646835.22,5122192418.82,1588.53,2895605070.14,282.908776,959988598.71,1390999073.12,1759853933.37,1833667130.44,nama_10_gdp,SECOND,0,2015,2024-12-01
2018Q2,MT,FR84,G,5981222426.05,5381709127.64,5475195987.66,4926403019.9,1594.71,2910392067.27,211.124332,1238547335.94,1274405015.86,2628319957.03,2900015048.39,nama_10r_3gva,BENCHMARK,1,2020,2025-12-24
2019Q1,ES,AT46,L,5996093746.67,5901734510.33,5821078746.43,5729473683.47,1593.05,2702806964.96,184.308922,1354187064.33,860108327.12,2951710878.87,2971447024.31,namq_10_gdp,FLASH,0,2015,2024-05-19
2020Q4,CZ,AT718,Q,6034726667.49,6146148002.7,5475328471.91,5576421436.45,1603.06,2199222185.94,165.976531,1284725251.75,1507392472.19,3258104998.04,2707626510.57,nama_10_gdp,FIRST,1,2020,2024-01-22
2021Q3,HU,IE3,A,6042067479.83,5888597463.3,5826351494.75,5678360717.89,1601.48,2570031687.66,195.564547,1247000791.09,1469532120.11,1879771848.54,2461805862.53,nama_10r_3gdp,SECOND,0,2015,2025-03-23
2022Q2,NL,LT1,F,6079356378.83,5476429265.16,5793320595.54,5218761407.44,1605.78,2202994992.98,281.801808,1169522596.98,1242803577.82,1740872962.09,1767886419.87,nama_10_gdp,BENCHMARK,1,2020,2024-01-27
2023Q1,SE,DK63,K,6102604558.56,5722761456.12,5590235875.93,5242284027.15,1608.71,2454947740.48,295.241407,1514137724.13,1068920495.46,1929606490.78,2616912137.25,nama_10r_3gva,FLASH,0,2015,2025-08-26
2024Q4,DK,FI12,P,6134515558.54,6494089282.82,5891231860.43,6236545546.65,1612.68,2747792357.59,195.962322,1571931698.24,983286111.04,1454249557.55,1411480512.48,namq_10_gdp,FIRST,1,2020,2024-08-10
2025Q3,IE,SI934,U,6149521673.56,6669092423.3,5348351817.8,5800232030.83,1616.93,2250994598.66,198.794599,1442879654.18,1089242063.29,1808094005.77,3172363950.86,nama_10_gdp,SECOND,0,2015,2024-01-09
2026Q2,PL,BE7,E,6184657266.22,5571745406.14,5960630478.05,5369920119.12,1620.43,3132059007.55,176.356913,1264858849.74,1313673652.78,3150428736.99,1353843108.96,nama_10r_3gdp,BENCHMARK,1,2020,2025-06-27
2018Q1,AT,AT95,J,6198790002.9,5916418154.71,5636469566.13,5379712952.67,1622.77,2744648773.6,317.071067,1389467762.48,1398477335.92,3063489475.06,2509857177.22,nama_10_gdp,FLASH,0,2015,2025-04-16
2019Q4,EE,RO3,O,6215960469.29,5921329956.63,5416840222.73,5160087236.65,1622.24,2139478340.12,410.819164,1125428516.55,905242785.44,1446040667.25,2875191351.48,nama_10r_3gva,FIRST,1,2020,2024-04-01
2020Q3,IT,GR360,T,6246495433.96,5955227464.56,5531676250.59,5273739600.2,1627.51,2618607703.96,188.435819,1012787206.98,903407590.63,1421359452.35,1822256728.0,namq_10_gdp,SECOND,0,2015,2026-01-12
2021Q2,PT,SI6,D,6276463078.39,5876095153.0,5867967575.07,5493657079.66,1632.11,2234556912.37,279.985951,1088738808.01,1116957565.11,2042908918.08,1399039527.33,nama_10_gdp,BENCHMARK,1,2020,2024-07-06
2022Q1,BE,ES31,I,6312366842.23,6564181302.71,5559103601.88,5780868703.5,1637.93,2233169672.62,155.849954,1178503683.62,1217217204.25,2549692074.73,1625036285.66,nama_10r_3gdp,FLASH,0,2015,2026-01-25
2023Q4,FI,MT7,N,6336392400.33,6447410136.43,6030291292.74,6135945937.37,1638.18,3155797096.08,265.122937,1374941199.8,1213933560.3,2296301680.5,2756274998.78,nama_10_gdp,FIRST,1,2020,2025-07-02
2024Q3,LV,IE546,S,6339900908.29,6274245492.56,5481059205.63,5424297873.56,1638.69,2597236682.23,148.658913,1329899291.11,1311373939.23,1955681459.33,2221758248.46,nama_10r_3gva,SECOND,0,2015,2024-11-29
2025Q2,RO,HU9,C,6380792677.21,6350026104.68,5623224479.88,5596110710.08,1643.85,3315021389.83,157.126429,1783608684.43,897377523.19,1813469409.59,2023863818.8,namq_10_gdp,BENCHMARK,1,2020,2025-05-05
2026Q1,BG,GR973,H,6403735887.61,5922455713.91,5842677880.3,5403564669.75,1647.0,3127474985.7,161.662497,1460961012.06,1127200348.8,1906656372.21,3215684052.74,nama_10_gdp,FLASH,0,2015,2025-05-29
2018Q4,FR,DK2,M,6419462245.33,5942244348.6,5597093062.08,5181009459.31,1649.4,2453594204.53,175.354726,1615039682.15,1385287838.56,1772083214.96,2879784914.29,nama_10r_3gdp,FIRST,1,2020,2025-08-09
2019Q3,LT,RO7,R,6439265984.4,6858556493.65,6268797337.4,6676987841.47,1651.04,2563186301.87,530.938019,1434345284.97,1564968638.35,3129048772.33,1433327767.95,nama_10_gdp,SECOND,0,2015,2025-05-17
2020Q2,SK,DE8,B,6478452858.16,6200314467.81,6151819955.3,5887704843.63,1656.23,2608707394.99,179.694927,1050294675.31,1196269616.51,2750394975.59,2180905419.15,nama_10r_3gva,BENCHMARK,1,2020,2025-09-20
2021Q1,HR,SI38,G,6501602854.67,6450658832.1,6080842085.62,6033194980.23,1660.69,3019122903.03,163.203055,1203429304.65,1690300148.06,2744017864.2,2916385956.14,namq_10_gdp,FLASH,0,2015,2024-03-08
2022Q4,DE,BE41,L,6533728464.64,6114638599.7,6132072642.08,5738745997.22,1663.39,2815382929.06,165.130069,1798886886.32,915135413.51,2115808823.92,3308311074.66,nama_10_gdp,FIRST,1,2020,2024-04-08
2023Q3,LU,SK738,Q,6560806390.69,6755457155.92,5981969352.28,6159446760.19,1665.26,3232616151.85,369.633812,1059593589.74,1416271252.92,3439110072.43,1601994166.55,nama_10r_3gdp,SECOND,0,2015,2026-01-04
2024Q2,SI,RO85,A,6571221459.03,5886840088.46,6160732372.1,5519102731.27,1666.21,3381113724.61,522.153211,1495578271.68,940899701.74,1554154723.54,1427903629.58,nama_10_gdp,BENCHMARK,1,2020,2025-07-31
2025Q1,CY,DE175,F,6613152592.79,6939431347.29,5779035043.74,6064160228.72,1672.01,2827459136.13,331.362156,1146178040.5,1572781605.4,3288193554.14,1828095414.0,nama_10r_3gva,FLASH,0,2015,2025-02-18
2026Q4,GR,NL1,K,6639523344.82,6207719999.74,5930755754.23,5545047316.96,1675.44,2602033379.22,191.090961,1166952593.05,1698985114.76,3334591277.53,1926008684.72,namq_10_gdp,FIRST,1,2020,2024-01-06
2018Q3,MT,LU62,P,6646450913.21,6036043418.39,6291732492.12,5713902200.62,1673.23,3150576949.63,228.265797,1571015129.6,1361669406.72,3408185147.34,2963581023.29,nama_10_gdp,SECOND,0,2015,2025-05-14
2019Q2,ES,LV222,U,6682816362.36,7252669200.65,6021039252.08,6534461456.32,1678.96,2511587713.11,257.405792,1747211810.81,956373237.61,2156403084.12,2777860615.8,nama_10r_3gdp,BENCHMARK,1,2020,2024-11-21
2020Q1,CZ,SE725,E,6686780212.05,6834638205.45,5912424801.25,6043160258.31,1676.96,2940502742.99,157.214663,1179502522.21,1593979474.59,3477537377.57,1625060542.77,nama_10_gdp,FLASH,0,2015,2024-09-20
2021Q4,HU,PT416,J,6730743502.23,6401098314.94,6564612426.43,6243103681.96,1687.39,2453117654.94,178.405447,1376514058.51,1360544041.0,3023790836.71,1880326761.22,nama_10r_3gva,FIRST,1,2020,2026-01-01
2022Q3,NL,ES2,O,6757490464.61,6208031533.11,6321636383.18,5807617223.16,3386.04,3217334126.37,301.046421,1503638446.76,1234130502.4,1790624833.36,2870761386.12,namq_10_gdp,SECOND,0,2015,2025-04-19
2023Q2,SE,DK8,T,6765283438.35,6147493328.22,6018782445.02,5469161087.18,3376.24,2362984135.45,304.068563,1718987235.03,1437678792.12,3006576695.33,2619954233.36,nama_10_gdp,BENCHMARK,1,2020,2025-03-24
2024Q1,DK,EE186,D,6796143921.66,7312044884.77,6642625802.23,7146873076.63,3372.6,2822885148.47,391.026623,1156829204.1,985359828.15,1859259489.79,3298736478.28,nama_10r_3gdp,FLASH,0,2015,2024-01-08
2025Q4,IE,IE237,I,6824134793.17,7375580305.06,6571869522.23,7102929951.52,3378.47,3485797245.27,233.55055,1330910818.57,1692300791.59,3480679903.14,1388203140.21,nama_10_gdp,FIRST,1,2020,2025-12-05
2026Q3,PL,NL97,N,6835534791.56,7102091902.31,6426774637.35,6677391821.09,3366.22,3308450395.08,254.685459,1779333530.5,1118765493.42,2112044824.33,3149219740.72,nama_10r_3gva,SECOND,0,2015,2025-03-24
2018Q2,AT,MT1,S,6861360311.38,6729294770.35,6442319837.28,6318319869.9,3365.6,3439456275.34,391.987312,1501046238.76,1669887012.48,1709462845.22,1689138245.48,namq_10_gdp,BENCHMARK,1,2020,2024-04-16
2019Q1,EE,BG408,C,6900067659.87,6199135673.06,6275994755.45,5638458184.79,3377.3,3512294825.51,560.622436,1603759912.33,1211382059.82,2901597482.32,1802319745.58,nama_10_gdp,FLASH,0,2015,2024-10-13
2020Q4,IT,DK637,H,6923771475.69,6693302436.38,6493350499.5,6277208725.21,3373.84,2889662536.97,186.820631,1723670620.65,1576649472.16,1598895108.16,2719845382.65,nama_10r_3gdp,FIRST,1,2020,2025-10-07
2021Q3,PT,LT3,M,6946425974.56,6284372619.18,6047821084.85,5471412402.65,3361.25,2969812713.45,185.146537,1671407607.53,1756814189.88,2924789805.8,1900368187.9,nama_10_gdp,SECOND,0,2015,2024-12-12
2022Q2,BE,EE3,R,6974631453.29,7406153473.53,6720519570.27,7136319631.03,3359.31,2449470670.18,509.527399,1776485534.89,1433475687.19,1637394097.32,2592393399.47,nama_10r_3gva,BENCHMARK,1,2020,2025-02-11
2023Q1,FI,IE77,B,7003300709.35,7434911976.15,6389020148.57,6782773493.51,3374.84,2712810412.46,328.502841,1619342542.95,1452990727.31,2808257729.4,2875256003.0,namq_10_gdp,FLASH,0,2015,2025-03-12
2024Q4,LV,NL774,G,7021260891.01,7155902414.66,6614701574.05,6741546810.58,3360.04,3627526289.38,213.103259,1580251885.1,1314335120.11,3060737721.83,1733284374.26,nama_10_gdp,FIRST,1,2020,2025-11-19
2025Q3,RO,NL53,L,7039426389.3,6774904778.96,6368537380.42,6129225869.76,3352.85,3329586368.8,504.675718,1243255748.56,1231215802.83,1579604931.59,3087651947.25,nama_10r_3gdp,SECOND,0,2015,2025-07-26
2026Q2,BG,SE65,Q,7085935632.13,7697032081.78,6277278648.1,6818635907.67,3373.48,3301991711.72,202.443459,1619711495.57,996315784.68,2122552843.38,1802980197.22,nama_10_gdp,BENCHMARK,1,2020,2025-02-17
2018Q1,FR,SI399,A,7096914322.67,7362520364.05,6457563418.96,6699241390.35,3362.47,2415989380.95,346.251202,1902625013.13,1335701371.88,1566734437.86,3689211121.63,nama_10r_3gva,FLASH,0,2015,2024-12-27
2019Q4,LT,LV671,F,7128262071.06,7113082034.52,6828752176.04,6814209962.73,3359.2,3485560492.37,614.117294,1356737953.58,1613220017.65,3414828141.52,3028570196.33,namq_10_gdp,FIRST,1,2020,2024-10-10
2020Q3,SK,DK556,K,7164654683.95,7104275237.06,6820962661.87,6763479646.86,3374.75,2729651975.47,193.831956,1702869602.04,1553706727.21,2411208638.3,1465279832.51,nama_10_gdp,SECOND,0,2015,2025-05-27
2021Q2,HR,SK27,P,7181353108.71,7037979538.02,6829525379.21,6693175944.09,3369.1,2684665196.48,199.339894,1302087007.88,1763851031.61,1746569177.92,3561610245.31,nama_10r_3gdp,BENCHMARK,1,2020,2025-06-06
2022Q1,DE,CZ56,U,7200008326.01,7213459165.0,6272465393.94,6284183425.13,3355.68,3442475602.07,284.063019,1832645078.15,1655667916.78,3630748026.04,1616632553.6,nama_10_gdp,FLASH,0,2015,2024-06-08
2023Q4,LU,AT987,E,7217193593.48,7034224950.82,6657357833.41,6488582018.99,3351.71,2496699533.64,175.821696,1935096343.17,1740460830.09,3620742860.83,2941800420.73,nama_10r_3gva,FIRST,1,2020,2024-07-16
2024Q3,SI,CY956,J,7246691964.96,6968958463.33,6653536364.11,6398535880.92,3347.49,2779118458.3,473.210529,1223404363.81,1137011622.55,1920433094.54,2890263999.59,namq_10_gdp,SECOND,0,2015,2026-01-12
2025Q2,CY,SK606,O,7278897015.29,6920142645.68,6588435949.55,6263712274.95,3357.37,3737797000.21,378.882185,1528177248.8,1260380109.65,3309206503.14,3402919730.15,nama_10_gdp,BENCHMARK,1,2020,2024-01-02
2026Q1,GR,FR3,T,7310708423.25,7537232645.14,6544508842.97,6747292169.49,3353.97,3207614943.68,227.359975,1773841107.68,1470059555.72,1704658989.77,2460483577.22,nama_10r_3gdp,FLASH,0,2015,2024-11-03
2018Q4,MT,HR18,D,7314721280.46,6997178213.51,6831270845.77,6534715090.28,3350.03,3496179236.17,239.2655,1700628594.39,1596282595.14,2689840483.54,1700094862.28,nama_10_gdp,FIRST,1,2020,2025-10-12
2019Q3,ES,CY3,I,7362158986.81,7918341398.72,6845732829.02,7362901257.87,3355.03,3048905553.8,357.960231,1918053215.67,1770407292.18,2524258096.06,2847113587.03,nama_10r_3gva,SECOND,0,2015,2026-02-05
2020Q2,CZ,CY60,N,7360602054.5,6936317223.7,6465037313.62,6092375234.84,3344.55,3389174308.72,295.611983,1376830276.57,1043928921.68,2803166655.07,3489285248.37,namq_10_gdp,BENCHMARK,1,2020,2024-12-11
2021Q1,HU,EE400,S,7388156125.65,7008943023.87,6359078891.95,6032685406.2,3339.66,2571672176.08,494.462732,1715380026.95,1432631809.56,1684566214.97,1863546453.66,nama_10_gdp,FLASH,0,2015,2025-03-17
2022Q4,NL,ES764,C,7430319293.81,7878841801.58,6815465850.16,7226873451.07,3360.14,2664097563.6,330.537229,1499385784.09,1710498166.91,4066639329.71,2409785034.27,nama_10r_3gdp,FIRST,1,2020,2024-01-12
2023Q3,SE,IT26,H,7462403481.66,7033536402.41,7151245307.3,6740260603.04,3360.48,2594539077.42,382.817102,1884980868.71,1412101502.78,2345489711.71,2476014039.04,nama_10_gdp,SECOND,0,2015,2025-02-13
2024Q2,DK,HR561,M,7478621607.8,7668703660.64,7157397956.74,7339315557.06,3347.06,3657325014.09,200.338305,1552902861.16,1520398897.22,3639858815.32,3296143777.5,nama_10r_3gva,BENCHMARK,1,2020,2025-02-26
2025Q1,IE,HR401,R,7508777166.09,7949124712.34,6838834359.99,7239893528.89,3357.03,3426356684.62,257.470614,1240107713.97,1387286967.01,3648881517.17,3219336840.62,namq_10_gdp,FLASH,0,2015,2024-08-28
2026Q4,PL,LV7,B,7535570951.94,7010150982.1,6972840466.72,6486657050.61,3347.69,2657652319.94,474.39726,1468327240.17,1930409077.05,3042950555.07,3191389225.75,nama_10_gdp,FIRST,1,2020,2025-05-17
2018Q3,AT,CZ664,G,7563208160.31,7868838577.7,6623498362.79,6891154961.19,3355.72,3307326785.8,236.377074,1535348103.21,1329015677.22,1855585182.35,2629764299.97,nama_10r_3gdp,SECOND,0,2015,2025-10-16
2019Q2,EE,BG740,L,7562942303.26,7974221788.72,6817140246.98,7187862357.58,3337.54,2943009593.13,205.104482,1743762011.48,1425727759.8,1910979819.95,3218927409.59,nama_10_gdp,BENCHMARK,1,2020,2026-01-04
2020Q1,IT,IT7,Q,7599440055.02,7836496956.19,7290851256.02,7518282039.49,3351.6,3091427586.95,438.612316,2125867081.86,1493878604.37,3447989529.52,3120964967.67,nama_10r_3gva,FLASH,0,2015,2024-09-29
2021Q4,PT,BE2,A,7637333975.62,7629337113.53,7452870419.69,7445066704.79,3353.76,3154271279.34,238.601191,1696177980.18,1900672950.05,3795552472.53,1637905246.54,namq_10_gdp,FIRST,1,2020,2024-05-10
2022Q3,BE,SI10,F,7643162754.82,7128062284.35,7419106382.52,6919105883.94,3337.15,3545869918.22,208.768909,1738906964.41,1766821347.91,3073125539.06,1792844675.4,nama_10_gdp,SECOND,0,2015,2024-08-13
2023Q2,FI,CY17,K,7686103915.76,6988119372.97,6799261743.08,6181812427.92,3342.6,2674756221.3,415.214259,1625627605.09,1161699451.79,2098951225.54,3075695900.42,nama_10r_3gdp,BENCHMARK,1,2020,2025-08-24
2024Q1,LV,NL277,P,7702732229.65,6962385857.16,6879573355.65,6218344712.84,3344.35,3201610588.29,292.68956,1472182158.51,1302329372.01,2659281558.12,2911523040.69,nama_10_gdp,FLASH,0,2015,2025-10-01
2025Q4,RO,SK28,U,7721405528.07,8186160614.88,6886265803.69,7300753431.59,3332.71,2789567510.08,202.431668,1823382611.56,1892926399.34,2707096129.66,2701843542.96,nama_10r_3gva,FIRST,1,2020,2025-07-21
2026Q3,BG,LT86,E,7744859761.66,7839712291.42,6681161287.28,6762986532.57,3332.92,3015137605.03,529.338913,1390438018.82,1469276014.48,4047093549.32,2088753800.18,namq_10_gdp,SECOND,0,2015,2026-01-10
2018Q2,FR,SI7,J,7781599287.36,8373249549.92,7487875593.12,8057193466.88,3336.07,3343895510.07,280.154399,1638073909.06,1960239018.17,4098294096.43,1982237474.12,nama_10_gdp,BENCHMARK,1,2020,2025-09-27
2019Q1,LT,NL44,O,7799619409.01,8051340791.09,7427708995.91,7667427509.87,3339.72,3644463202.54,210.910074,1783799750.16,1746166015.19,2885661392.24,3096430568.12,nama_10r_3gdp,FLASH,0,2015,2024-08-18
2020Q4,SK,CZ350,T,7828231581.73,7748888484.72,6812416872.69,6743369572.91,3344.49,2863131934.7,541.573417,2005174057.84,1922736446.42,3561359996.49,3619259305.94,nama_10_gdp,FIRST,1,2020,2024-11-09
2021Q3,HR,GR59,D,7858660024.25,8011625107.49,7278368700.86,7420038689.23,3341.73,2834735048.07,296.726029,1951897490.74,1178810255.16,3505179944.9,1697111314.02,nama_10r_3gva,SECOND,0,2015,2025-03-01
2022Q2,DE,DE867,I,7868966423.71,7792158328.59,7341254002.44,7269596848.84,3333.54,2727310645.59,244.238804,1929541992.07,1667666196.72,2471453862.28,3840066213.7,namq_10_gdp,BENCHMARK,1,2020,2024-02-16
2023Q1,LU,DE65,N,7902135236.47,7531325493.94,7221035633.0,6882186665.76,3340.72,3663173647.58,322.226278,1672006380.32,1211444643.76,2780237555.9,3441939794.63,nama_10_gdp,FLASH,0,2015,2025-12-29
2024Q4,SI,PT584,S,7924425078.95,7926034856.45,7635108128.82,7636659134.12,3339.97,3383052820.69,388.629673,1903170073.93,1422613711.0,2929400743.87,3733953432.61,nama_10r_3gdp,FIRST,1,2020,2025-09-09
2025Q3,CY,IE1,C,7939547209.95,7791561355.79,7561045948.5,7420115009.56,3329.71,2819833739.16,441.696514,1677639521.57,1683834423.78,2445967162.04,3473844168.59,nama_10_gdp,SECOND,0,2015,2025-11-26
2026Q2,GR,CY38,H,7967736877.83,7790683466.91,7270975241.71,7109404774.84,3337.09,3064386459.63,605.601729,2127344195.08,1803277468.41,4014660382.9,3617185036.12,nama_10r_3gva,BENCHMARK,1,2020,2025-04-02
2018Q1,MT,BE26,M,8007509744.98,8097947522.94,7794581401.78,7882614341.43,3337.65,3240372380.83,295.141668,1460687792.97,1599324526.24,4395511336.46,2185107782.91,namq_10_gdp,FLASH,0,2015,2024-09-22
2019Q4,ES,DE839,R,8030901913.97,7237591942.04,7574274267.62,6826070968.54,3331.35,3817784521.31,681.622812,1724558130.75,1857545996.75,2745894210.87,3899594068.31,nama_10_gdp,FIRST,1,2020,2026-02-13
2020Q3,CZ,SI487,B,8054501331.53,7446634152.67,7524574440.86,6956700447.27,3339.94,3565548453.44,250.161251,1329122703.27,1697512682.13,3824943595.79,3996539342.44,nama_10r_3gdp,SECOND,0,2015,2026-01-22
2021Q2,HU,FI18,G,8081773283.49,8663352838.01,7229251870.3,7749482385.9,3327.46,3570923480.83,230.583221,1931231776.58,1758402661.62,3806909086.08,3459962867.62,nama_10_gdp,BENCHMARK,1,2020,2025-01-26
2022Q1,NL,SK846,L,8106631481.47,7926272263.92,7312480626.32,7149789959.16,3336.02,3993030470.24,517.409498,2002451079.41,1776890810.24,3873375561.68,1828895539.84,nama_10r_3gva,FLASH,0,2015,2025-12-20
2023Q4,SE,NL25,Q,8118899012.49,8111482818.16,7878726705.81,7871529896.46,3330.07,3634779453.32,221.911268,1330197676.82,2044860236.12,2364205803.44,2120279899.8,namq_10_gdp,FIRST,1,2020,2025-03-10
2024Q3,DK,ES7,A,8143860716.59,7645495861.25,7513989739.23,7054169938.8,3320.25,3067747829.58,313.670746,2141897417.85,1168896449.81,2577714799.08,3210380563.94,nama_10_gdp,SECOND,0,2015,2025-05-16
2025Q2,IE,PT37,F,8175773617.08,8645735715.37,7859603027.14,8311390919.43,3330.54,3128932727.58,319.218265,1826167977.81,2042507064.11,2617668619.98,3080276387.61,nama_10r_3gdp,BENCHMARK,1,2020,2025-06-15
2026Q1,PL,LT2,K,8185133367.75,8217411606.54,7833615729.35,7864507751.24,3325.97,4005025588.22,319.559892,1740249953.7,1368411371.28,2419079030.97,3929723222.93,nama_10_gdp,FLASH,0,2015,2024-11-07
2018Q4,AT,HR63,P,8232400342.16,8370731777.78,8000325507.8,8134757321.96,3330.77,4054909238.31,385.768637,1939180378.27,1748305394.85,3994218229.44,3624191340.65,nama_10r_3gva,FIRST,1,2020,2024-10-28
2019Q3,EE,BE9,U,8247159045.87,8254795874.52,7853084696.12,7860356613.86,3325.26,4158404562.26,366.751345,1812086189.15,1987198527.01,2550636544.44,3980669099.94,namq_10_gdp,SECOND,0,2015,2025-07-31
2020Q2,IT,IT4,E,8289657361.78,8272037652.98,7474271324.64,7458384723.0,3334.61,4260274166.47,257.542512,1707576351.79,1444607276.99,1902897093.91,3916283532.27,nama_10_gdp,BENCHMARK,1,2020,2024-02-01
2021Q1,PT,RO6,J,8294701055.38,8759854571.51,7238153627.73,7644057660.64,3327.72,3190459550.02,216.833727,1673407451.48,1889018002.82,3193186256.69,2365066789.63,nama_10r_3gdp,FLASH,0,2015,2025-01-20
2022Q4,BE,RO241,O,8338299320.32,8282719782.05,7835061131.68,7782835964.03,3330.62,3420181282.33,522.2908,1856153175.72,1342379599.23,3357504855.75,3994969530.08,nama_10_gdp,FIRST,1,2020,2025-04-25
2023Q3,FI,SI51,T,8354662594.28,8017586921.01,7964421258.59,7643090190.14,3326.2,3264650692.6,232.854976,1433392303.95,1986264531.18,3767547708.18,3003679542.75,nama_10r_3gva,SECOND,0,2015,2025-03-21
2024Q2,LV,BG2,D,8372545249.57,7976605404.23,8112978952.64,7729314065.08,3324.94,3922804396.51,414.164313,1944654855.65,2071833295.53,4408401819.38,1993077108.53,namq_10_gdp,BENCHMARK,1,2020,2024-08-21
2025Q1,RO,AT389,I,8386844015.52,7598018403.46,7429835260.73,6731021221.0,3316.39,2891549728.77,633.16061,1458102121.46,2113882466.24,4096502087.75,3538816182.8,nama_10_gdp,FLASH,0,2015,2024-05-06
2026Q4,BG,SI9,N,8433454865.64,8734685257.52,7771788529.24,8049385189.4,3329.05,3411354728.45,661.665467,2115799880.17,1999934787.89,1949397071.37,1693442515.36,nama_10r_3gdp,FIRST,1,2020,2025-05-22
2018Q3,FR,IE257,S,8454028452.8,8016736430.02,7461361715.74,7075416248.96,3323.0,3626860846.33,353.868279,1734781500.32,1926290190.34,3944912690.09,2445343036.53,nama_10_gdp,SECOND,0,2015,2026-01-23
2019Q2,LT,HU813,C,8472869628.59,8089399841.71,7551269067.23,7209509584.7,3325.31,4403720388.49,450.34471,1707495574.77,2198074477.6,1866432967.74,2778019445.79,nama_10r_3gva,BENCHMARK,1,2020,2024-01-31
2020Q1,SK,LT75,H,8490409412.87,7965088384.27,7741131849.78,7262170335.9,3314.41,4103196875.22,247.253141,2148796396.67,2023346187.53,2945506861.7,3586238049.66,namq_10_gdp,FLASH,0,2015,2025-05-03
2021Q4,HR,SI4,M,8510893090.14,8001354177.54,8036912776.8,7555750605.73,3319.44,3132143540.32,637.384584,1482554552.05,1469697712.9,4466671433.73,1886533325.67,nama_10_gdp,FIRST,1,2020,2025-08-19
2022Q3,DE,HU257,R,8560942543.3,8410493340.66,7785846124.3,7649018393.55,3318.56,3629052867.2,247.947003,1385732653.31,1254940062.89,2385723599.44,4334122951.87,nama_10r_3gdp,SECOND,0,2015,2024-10-30
2023Q2,LU,HR909,B,8572495888.2,9081652878.93,7541234324.57,7989140304.95,3313.57,3446156774.36,292.460583,1985251913.96,1977792219.8,2472240662.27,3648113595.12,nama_10_gdp,BENCHMARK,1,2020,2025-12-29
2024Q1,SI,FI543,G,8604992959.59,8206662152.46,7516448246.16,7168506892.72,3321.15,4419391054.64,291.697483,1883335208.63,1862512403.98,2047869416.61,2389929683.38,nama_10r_3gva,FLASH,0,2015,2024-04-01
2025Q4,CY,AT657,L,8614932068.17,8349988797.44,8189972235.27,7938098161.98,3316.99,3032036016.11,646.762788,1719904247.02,1582299155.42,3082948506.27,3459767888.05,namq_10_gdp,FIRST,1,2020,2025-08-12
2026Q3,GR,FI5,Q,8655997492.72,9303311444.55,8245666221.98,8862294726.32,3321.25,3462433453.26,385.946167,2134652652.48,2046945418.37,2319974594.28,1825092694.59,nama_10_gdp,SECOND,0,2015,2024-08-16
2018Q2,MT,SI41,A,8674521374.3,9021000610.41,8216311346.7,8544488678.48,3318.19,3362139392.13,269.609285,2364500047.03,2239078737.41,4176698173.53,2469151686.25,nama_10r_3gdp,BENCHMARK,1,2020,2025-12-29
2019Q1,ES,NL10,F,8703383541.04,9028277514.77,7558098861.18,7840239796.52,3322.86,3160414356.87,250.7298,1734750226.6,1751481362.82,1978607647.57,4248941707.6,nama_10_gdp,FLASH,0,2015,2024-01-28
2020Q4,CZ,HU833,K,8713370913.84,8784963669.63,7751686798.19,7815377948.87,3304.85,3426438846.21,248.133465,1957143125.36,1698528460.25,2550290464.53,3611199328.84,nama_10r_3gva,FIRST,1,2020,2025-12-05
2021Q3,HU,MT126,P,8752943696.39,8084877276.21,7601076999.92,7020926541.17,3311.28,4151171205.12,272.180743,1492293384.51,1472864356.41,2141152629.85,2984457697.05,namq_10_gdp,SECOND,0,2015,2025-08-06
2022Q2,NL,IT938,U,8780317753.72,9189570161.31,7576838127.14,7929996103.01,3311.95,3927669498.94,342.114193,2412403365.35,2241103643.03,4389431135.36,3293250190.44,nama_10_gdp,BENCHMARK,1,2020,2024-11-23
2023Q1,SE,LT908,E,8796392099.89,7875141258.16,8108855746.56,7259610954.25,3308.87,4417736191.72,279.129468,2441402540.59,1339222376.23,3832666427.31,3568926297.93,nama_10r_3gdp,FLASH,0,2015,2025-10-20
2024Q4,DK,LV8,J,8823021123.44,7936790362.76,7985667988.92,7183545391.97,3310.74,3653097232.57,358.186799,2000945690.67,1642583925.16,4425713681.35,3917188086.97,nama_10_gdp,FIRST,1,2020,2024-06-06
2025Q3,IE,EE88,O,8835354298.91,8233667918.75,7611501138.95,7093158986.17,3303.78,3908856802.16,366.982597,1500834341.44,2171278037.4,3353055911.25,3713185901.14,nama_10r_3gva,SECOND,0,2015,2024-01-22
2026Q2,PL,CZ988,T,8888595428.51,8292272128.15,7915351308.05,7384321579.73,3312.36,3664342747.41,274.647739,1518405919.86,1919712460.73,3705212215.58,3794875137.1,namq_10_gdp,BENCHMARK,1,2020,2025-05-03
2018Q1,AT,SI8,D,8913194076.82,9332710154.76,8476821641.99,8875799038.64,3319.66,3568529999.35,235.368943,2235953624.1,2105299720.86,2719184963.74,2654846405.92,nama_10_gdp,FLASH,0,2015,2024-08-13
2019Q4,EE,AT76,I,8922946018.71,8548687875.9,8158554440.2,7816357431.91,3312.04,3887437400.78,216.411313,2490989371.76,1502326205.46,3107633287.22,2284346944.43,nama_10r_3gdp,FIRST,1,2020,2025-01-11
2020Q3,IT,CY55,N,8947326603.89,8240100970.26,7946660840.06,7318531064.91,3306.9,3076866374.04,226.034593,2314576263.62,1580606263.68,3665803905.13,1958429671.55,nama_10_gdp,SECOND,0,2015,2024-03-23
2021Q2,PT,EE89,S,8978007195.16,8152267580.28,8687746814.55,7888703490.91,3306.94,4139569868.82,376.332834,1997782837.03,2281149029.86,4147459711.64,3749275041.71,nama_10r_3gva,BENCHMARK,1,2020,2026-02-18
2022Q1,BE,DE9,C,8988577474.03,9501157056.5,8690397605.37,9185973283.39,3306.42,3395199035.86,250.869686,2109208851.71,1546321221.09,2445632100.29,3962409215.41,namq_10_gdp,FLASH,0,2015,2024-02-11
2023Q4,FI,NL7,H,9023837028.02,9408204016.76,8732863364.13,9104836437.66,3308.04,3295377685.59,298.706074,1628144822.15,1507826077.61,3836550389.47,3101838042.74,nama_10_gdp,FIRST,1,2020,2024-01-07
2024Q3,LV,SE839,M,9047687981.84,8837897356.61,8322522156.4,8129546102.16,3301.13,4156132203.44,664.618283,1535545055.44,1946206670.88,4726169516.5,3110516697.72,nama_10r_3gdp,SECOND,0,2015,2025-06-12
2025Q2,RO,CY59,R,9068846113.66,9529110691.39,8425578267.0,8853195537.67,3304.51,4351657601.24,480.96548,2023323854.16,2351519734.09,3085443976.53,3963445095.37,nama_10_gdp,BENCHMARK,1,2020,2024-09-22
2026Q1,BG,FI985,B,9105782670.62,8917506750.39,8709028561.72,8528956136.76,3304.91,4235184040.7,255.22018,2514495813.63,2055691665.05,4107202731.61,4016383026.25,nama_10r_3gva,FLASH,0,2015,2026-01-14
2018Q4,FR,BE95,G,9126946727.87,9570722673.19,8381325125.03,8788847004.07,3311.58,4630744275.27,581.74967,2144530591.03,1660116650.67,4256524581.85,3831477197.73,namq_10_gdp,FIRST,1,2020,2024-05-31
2019Q3,LT,SI841,L,9154614488.98,9794002919.08,8950131106.89,9575237744.03,3308.32,4325146120.01,263.83145,1780118870.81,1416905127.03,4041797570.82,4663143848.32,nama_10_gdp,SECOND,0,2015,2024-02-25
2020Q2,SK,EE24,Q,9185881564.81,9256035505.96,8962631582.36,9031080530.26,3308.13,4508193820.93,467.952163,2323974842.06,1595150825.71,3436988751.82,2462490556.06,nama_10r_3gdp,BENCHMARK,1,2020,2024-10-15
2021Q1,HR,LV836,A,9193446617.61,8360466918.42,8809722132.93,8011510102.4,3303.1,3371264245.26,700.487617,1701049669.84,1973573268.43,2265700267.96,3884079002.69,nama_10_gdp,FLASH,0,2015,2025-05-28
2022Q4,DE,BG1,F,9214958565.42,8384267256.92,8727426515.36,7940684252.72,3304.14,3514510624.52,354.205468,1870402067.78,1473925663.96,3727082842.92,1901695780.76,nama_10r_3gva,FIRST,1,2020,2026-02-05
2023Q3,LU,HU54,K,9263442497.78,8538660678.51,8770869182.45,8084626835.26,3308.64,3362474032.04,349.738243,1912616023.32,1908689029.21,2671225136.3,3165769148.85,namq_10_gdp,SECOND,0,2015,2025-10-01
2024Q2,SI,GR6,P,9271042147.06,9395750754.19,8816187108.62,8934777273.25,3299.96,4625767562.0,368.499598,2375767545.15,1982652939.33,3906644860.52,2437235486.85,nama_10_gdp,BENCHMARK,1,2020,2024-08-26
2025Q1,CY,PL1,U,9295185391.19,8734886375.49,8320112563.32,7818589389.39,3299.84,4046955319.47,302.934422,1807035056.97,2416670318.74,4694510135.88,3256391635.87,nama_10r_3gdp,FLASH,0,2015,2024-10-28
2026Q4,GR,PT93,E,9328665302.7,8463389806.69,8193517219.21,7433531793.01,3298.37,4795095145.99,626.915914,1732775865.58,1466071356.47,2835414681.07,2265545934.3,nama_10_gdp,FIRST,1,2020,2025-02-28
2018Q3,MT,LU207,J,9364622750.19,8514861427.35,9038881814.09,8218678761.36,3310.79,3659886367.41,609.72886,2239843680.12,2286443074.48,2339301975.53,4578314246.38,nama_10r_3gva,SECOND,0,2015,2025-12-25
2019Q2,ES,RO732,O,9381447995.14,9123960530.46,8672429884.49,8434402451.54,3298.9,3438149457.1,231.112148,1803127176.99,1966965650.02,4601523655.94,3883457139.51,namq_10_gdp,BENCHMARK,1,2020,2024-01-22
2020Q1,CZ,SI11,T,9414077060.69,8593333198.23,8286177091.88,7563766498.94,3300.62,4354940926.58,250.056766,2144380159.14,1540792246.04,4975115723.08,3233398137.36,nama_10_gdp,FLASH,0,2015,2024-05-05
2021Q4,HU,LV41,D,9435857007.31,10034962591.54,9117508373.34,9696401226.06,3307.27,3548395996.0,301.321676,2596689121.1,1461167758.21,2162650480.53,3720138851.17,nama_10r_3gdp,FIRST,1,2020,2024-04-28
2022Q3,NL,SI85,I,9437788825.1,9386228559.64,8260673833.48,8215544349.91,3292.61,4707002819.71,388.444352,2388776373.77,1670747792.8,4094160668.55,2754217004.57,nama_10_gdp,SECOND,0,2015,2024-10-09
2023Q2,SE,BE604,N,9480317816.56,9485890473.33,8384600413.86,8389528993.39,3303.22,4675830473.93,428.524261,2397138301.26,2099105053.95,2546309494.87,2658188355.42,nama_10r_3gva,BENCHMARK,1,2020,2025-05-29
2024Q1,DK,AT414,S,9504786949.96,10063526367.08,8554176169.05,9057033879.78,3295.45,4374362603.51,234.565517,2201360069.78,1336895592.86,2701995437.46,2031454794.25,namq_10_gdp,FLASH,0,2015,2025-11-06
2025Q4,IE,AT1,C,9529149384.82,8655912555.85,8398496555.32,7628871040.6,3295.45,3532402012.03,411.678854,2271548153.1,1430098508.75,2647166061.6,3502901403.6,nama_10_gdp,FIRST,1,2020,2024-02-29
2026Q3,PL,EE74,H,9555164410.81,9467137230.86,9208644348.94,9123809493.31,3293.87,4678170280.7,624.003052,2402777314.15,1709224664.86,4914538874.52,3418790150.72,nama_10r_3gdp,SECOND,0,2015,2025-10-13
2018Q2,AT,EE1,M,9573403111.7,8917188958.3,8763307747.7,8162622024.19,3298.27,4734957060.17,327.033714,1973147301.58,1944273625.41,4042692030.77,2267012737.94,nama_10_gdp,BENCHMARK,1,2020,2025-03-09
2019Q1,EE,FI22,R,9601443488.96,9684741425.18,8381428030.4,8454141644.58,3294.62,4565941884.34,508.035072,1537246663.31,2331639600.53,4255623868.31,3318797462.83,nama_10r_3gva,FLASH,0,2015,2025-01-03
2020Q4,IT,LV22,B,9624080701.14,10133182218.83,8764039581.91,9227646028.15,3292.37,4364607590.85,506.345413,2130385551.87,1970154422.29,2135755440.76,3967950025.39,namq_10_gdp,FIRST,1,2020,2024-01-19
2021Q3,PT,SK47,G,9656041441.54,9656379328.51,8491601549.1,8491898689.67,3293.58,3954545695.95,362.9922,1969706466.36,1869594785.01,3469554801.25,2572415423.35,nama_10_gdp,SECOND,0,2015,2025-11-12
2022Q2,BE,DE67,L,9660380358.5,9233601645.54,9054588998.98,8654573089.05,3285.96,4680813584.17,244.428431,2208574001.89,1373526167.9,3773679847.8,3716719023.88,nama_10r_3gdp,BENCHMARK,1,2020,2025-11-12
2023Q1,FI,AT23,Q,9701062264.42,9234936906.25,8516158164.01,8106966142.95,3295.92,3853010242.23,402.460969,2296918073.13,2478003466.99,2957331048.58,4720769813.42,nama_10_gdp,FLASH,0,2015,2025-11-21
2024Q4,LV,AT884,A,9715507438.23,9580933781.14,8556524201.8,8438004118.19,3289.4,3992203279.65,271.723773,1849277881.88,2196152676.34,3804528525.55,2422127725.5,nama_10r_3gva,FIRST,1,2020,2024-04-21
2025Q3,RO,FI86,F,9753484894.17,8764614867.01,9310611139.4,8366642456.39,3294.19,3830491465.9,249.847626,2327781510.64,1976565333.04,4666035616.79,3663657995.31,namq_10_gdp,SECOND,0,2015,2024-08-13
2026Q2,BG,NL37,K,9762569180.73,9110602724.85,9156338854.92,8544857831.68,3294.15,4892812073.29,525.002806,1615255084.51,2057607873.81,4887041079.97,3736140876.2,nama_10_gdp,BENCHMARK,1,2020,2024-11-02
2018Q1,FR,ES828,P,9790493093.15,8760500430.13,8840381266.78,7910343549.93,3284.83,4380959317.8,236.756216,2248552851.74,1616761730.55,4669060884.75,4353647662.67,nama_10r_3gdp,FLASH,0,2015,2025-08-23
2019Q4,LT,IE91,U,9830261146.07,10580528368.15,8748015762.95,9415683629.31,3293.86,4223156963.79,304.729771,1893501681.34,2092090538.7,4307633155.15,2052176330.54,nama_10_gdp,FIRST,1,2020,2025-05-25
2020Q3,SK,BG420,E,9858691994.66,9496060898.65,8809267779.8,8485237529.97,3300.06,3641201605.86,285.877216,1962685189.01,1432520696.46,5229121332.07,4432967348.61,nama_10r_3gva,SECOND,0,2015,2024-03-27
2021Q2,HR,HR472,J,9865275258.34,10145573611.55,8628355850.21,8873510077.78,3284.36,4397586440.62,496.571714,1989335568.09,2074050498.71,2820485022.15,3441048577.12,namq_10_gdp,BENCHMARK,1,2020,2024-04-04
2022Q1,DE,GR28,O,9914422019.45,10539109403.84,9180998182.86,9759474036.49,3299.04,4842974952.19,834.086597,2162515942.36,2190872256.93,3541065061.64,4174151728.85,nama_10_gdp,FLASH,0,2015,2024-10-05
2023Q4,LU,LT64,T,9934877711.04,8969116481.33,9323020738.0,8416737617.62,3298.15,4143317307.28,569.103934,1843323933.54,1906527698.73,4507617710.3,4407068311.56,nama_10r_3gdp,FIRST,1,2020,2025-05-04
2024Q3,SI,BE230,D,9957240393.05,10497362827.05,8908260738.82,9391482121.76,3293.56,5161708409.6,290.332489,2211848422.92,2178636254.24,2300008777.74,4884413133.11,nama_10_gdp,SECOND,0,2015,2025-01-05
2025Q2,CY,LU28,I,9973976736.23,8996311409.81,8796773001.42,7934499088.49,3292.41,3416464973.34,288.119253,2154543030.42,2309812920.22,4201136823.14,3805648237.89,nama_10r_3gva,BENCHMARK,1,2020,2026-01-13
2026Q1,GR,FI70,N,10007064527.07,9618375771.36,9576569575.4,9204601861.78,3287.4,4447247024.35,281.158402,2016793391.13,1448908692.14,5224537486.6,3788659224.36,namq_10_gdp,FLASH,0,2015,2024-06-27
2018Q4,MT,SK38,S,10030253653.52,10771101039.78,8973523834.4,9636319802.26,3289.75,4195605205.97,722.92323,1910945312.36,2571905987.99,5494305735.65,3215028000.56,nama_10_gdp,FIRST,1,2020,2024-06-20
2019Q3,ES,HU955,C,10045098202.98,9719121056.12,9165388363.84,8867959001.94,3292.28,4509744101.17,285.728021,2211211763.56,1708393467.29,3123359298.06,2518678573.09,nama_10r_3gdp,SECOND,0,2015,2025-04-10
2020Q2,CZ,SI968,H,10087418242.96,10794467670.92,9406059881.56,10065351396.84,3288.88,4885875675.13,348.712364,2699120069.79,1947940507.54,3782041712.05,4362115625.77,nama_10_gdp,BENCHMARK,1,2020,2025-01-05
2021Q1,HU,IT80,M,10098957797.52,9446977254.04,9010685041.05,8428962506.12,3291.05,3558925422.56,418.079862,2759703806.27,1824373154.9,2293427831.24,5100180476.93,nama_10r_3gva,FLASH,0,2015,2024-10-03
2022Q4,NL,PL361,R,10112333999.72,10262533051.56,9180661708.99,9317022581.17,3283.76,4678071737.24,298.112467,1946251680.26,1562833688.42,3970986124.83,2769857588.48,namq_10_gdp,FIRST,1,2020,2024-01-11
2023Q3,SE,LT98,B,10152011831.91,10094080197.68,9659805828.48,9604682927.99,3286.26,4168509296.97,316.367169,2585293095.33,1944499548.94,4472110226.73,2787412308.95,nama_10_gdp,SECOND,0,2015,2025-05-10
2024Q2,DK,ES86,G,10172120718.5,10420244475.57,9710958614.86,9947833461.61,3282.14,4259564779.11,490.310726,2418529495.39,1919059199.06,3516799459.11,2345708747.81,nama_10r_3gdp,BENCHMARK,1,2020,2024-05-02
2025Q1,IE,HU24,L,10207573261.72,10448364501.93,9814057106.75,10045565509.55,3285.16,4874104150.33,313.250331,2297904724.59,2612414934.81,4210843740.91,2951374220.53,nama_10_gdp,FLASH,0,2015,2025-05-24
2026Q4,PL,GR1,Q,10214333771.13,9846181677.09,9428190982.77,9088373591.73,3286.4,3711477627.19,344.579206,2211101323.15,2483805933.68,4970955398.66,4927945174.48,nama_10r_3gva,FIRST,1,2020,2024-10-26
2018Q3,AT,ES9,A,10261436480.12,11064891931.44,9676269219.77,10433906931.42,3286.85,4362574500.42,257.494879,2786470795.35,2140639879.97,4084949956.61,2709299112.06,namq_10_gdp,SECOND,0,2015,2024-01-03
2019Q2,EE,ES8,F,10269639577.75,9678549993.82,9919212500.24,9348292445.52,3282.19,3606573338.19,357.291862,2302626963.83,2128548177.53,3921138311.19,2871476645.71,nama_10_gdp,BENCHMARK,1,2020,2024-11-14
2020Q1,IT,SK4,K,10302514993.5,10843166336.49,10063985725.52,10592119623.09,3281.67,3640757492.14,466.805103,2117947525.36,2215743498.04,3710828547.96,3896412173.08,nama_10r_3gdp,FLASH,0,2015,2024-05-18
2021Q4,PT,BG145,P,10316089238.11,9895722735.44,9954723462.7,9549082120.29,3279.9,5276770176.77,666.720544,2013220374.99,2548498955.15,3960776651.27,4400405267.53,nama_10_gdp,FIRST,1,2020,2025-12-05
2022Q3,BE,BG39,U,10359922744.6,10467512012.88,9217628429.78,9313354809.44,3290.59,3539394311.37,457.494122,2121305422.12,2112149269.7,2287212541.0,4698822063.07,nama_10r_3gva,SECOND,0,2015,2025-03-15
2023Q2,FI,GR5,E,10377105285.37,11057287887.27,9925248851.33,10575813859.83,3283.63,3936245884.14,372.484825,1760668483.71,2635001948.94,3198983506.36,3371026876.64,namq_10_gdp,BENCHMARK,1,2020,2024-12-22
2024Q1,LV,FI183,J,10413150057.7,10117771412.57,10101621904.87,9815080044.3,3291.63,5282925204.81,274.410049,2881959433.35,2610969438.18,4626861685.92,3295213067.85,nama_10_gdp,FLASH,0,2015,2024-05-17
2025Q4,RO,FR130,O,10431918069.47,10243252973.42,9145948120.01,8980540266.05,3288.1,5144024384.91,455.799931,2700013487.26,1721249037.81,4585280733.96,3899561390.24,nama_10r_3gdp,FIRST,1,2020,2025-03-12
2026Q3,BG,PL805,T,10445182888.27,10892066117.72,9304137917.9,9702203058.98,3280.54,4122560673.61,310.318553,1703970524.69,2050186259.24,4334420861.9,2218982373.97,nama_10_gdp,SECOND,0,2015,2025-05-19
2018Q2,FR,PL55,D,10465282522.06,10361125095.24,9791848053.71,9694393093.0,3279.51,4750513780.41,260.28018,2468167857.67,2286480188.77,3006965190.57,4971595885.93,nama_10r_3gva,BENCHMARK,1,2020,2025-12-18
2019Q1,LT,BE655,I,10499128690.16,11326143076.61,9535446161.56,10286551457.01,3283.2,3991430335.29,320.751213,2268109138.44,1617704691.2,5367381697.13,4200367916.17,namq_10_gdp,FLASH,0,2015,2024-12-16
2020Q4,SK,RO81,N,10512136475.61,10545703164.44,9264570489.32,9294153529.4,3280.34,5452493350.07,251.88933,2252544081.59,2273126732.23,4944948059.13,3489567916.54,nama_10_gdp,FIRST,1,2020,2024-11-19
2021Q3,HR,NL2,S,10551478569.1,10856515853.76,9983513356.88,10272131088.11,3279.98,5062537216.82,380.690921,1964804911.19,1678514348.81,2570640872.73,5031932424.06,nama_10r_3gdp,SECOND,0,2015,2024-04-25
2022Q2,DE,PL84,C,10565114594.49,9825571896.25,10235635889.42,9519156222.67,3276.17,4111433429.88,353.28312,2564202362.58,1861075769.84,4368898790.47,2909366105.3,nama_10_gdp,BENCHMARK,1,2020,2024-04-14
2023Q1,LU,RO324,H,10601710883.58,10639616656.35,10334344355.28,10371294175.28,3283.04,4842474172.36,683.952277,2861614933.27,2558675647.89,4355224180.7,3257784259.12,nama_10r_3gva,FLASH,0,2015,2025-05-10
2024Q4,SI,SK19,M,10628974158.55,10137591484.19,9470243560.35,9032429568.32,3281.61,5392786185.36,287.256084,2076800486.91,1699225157.53,4904632685.22,2562190748.33,namq_10_gdp,FIRST,1,2020,2025-02-23
2025Q3,CY,PT268,R,10658381650.88,10245902675.81,9186292599.14,8830783415.85,3283.94,4715611250.22,401.35777,1758179506.51,2733264250.09,4715224430.24,4539082752.8,nama_10_gdp,SECOND,0,2015,2025-09-28
2026Q2,GR,EE6,B,10688086007.58,11361110016.82,9915563183.83,10539941775.38,3287.41,4518446271.31,385.391601,1826458547.55,2550488754.64,3440850726.22,5117011449.47,nama_10r_3gdp,BENCHMARK,1,2020,2025-12-28
2018Q1,MT,EE324,G,10694584246.58,10086069147.97,9246461500.96,8720343673.25,3278.86,3803014610.74,589.064227,2001763281.77,2744813156.53,3138110199.87,5187401772.79,nama_10_gdp,FLASH,0,2015,2025-07-29
2019Q4,ES,SE623,L,10733988245.23,10907054039.6,9424720904.96,9576677174.42,3276.44,3975179027.97,459.760049,2201408839.2,2268559527.53,3056324783.73,5548472218.99,nama_10r_3gva,FIRST,1,2020,2025-04-15
2020Q3,CZ,SK612,Q,10742560958.71,11216440678.37,10463928699.77,10925517292.82,3279.16,4471062571.81,942.836813,1737102580.96,2593013292.84,4361428212.83,2536536213.25,namq_10_gdp,SECOND,0,2015,2025-09-19
2021Q2,HU,EE39,A,10764901957.74,10176952278.71,9880656578.24,9341001977.9,3275.08,5246682504.06,481.162479,2833970531.8,1638717656.06,4926393329.38,2543765494.93,nama_10_gdp,BENCHMARK,1,2020,2026-01-01
2022Q1,NL,AT19,F,10797537281.94,10025809611.82,9331195859.16,8664271369.63,3277.09,4321677659.84,451.539672,2628795641.33,1882259495.93,5471444631.16,4062030272.48,nama_10r_3gdp,FLASH,0,2015,2025-08-16
2023Q4,SE,FI513,K,10839203830.61,11692980379.91,9956282592.66,10740513679.06,3284.44,4034840307.22,318.382152,2964965276.75,2659901162.63,3589016532.05,2729186926.15,nama_10_gdp,FIRST,1,2020,2025-04-29
2024Q3,DK,CY399,P,10850641048.19,10744467970.45,10038842143.22,9940612484.47,3275.31,4347571370.6,299.886969,1741946026.65,1558996840.5,3132855718.11,4930331397.91,nama_10r_3gva,SECOND,0,2015,2024-09-19
2025Q2,IE,LU181,U,10864700471.71,11687752868.6,10161014977.82,10930759873.6,3272.09,5515508464.41,562.263013,1803601318.64,2580500034.89,4276016499.03,2278751105.45,namq_10_gdp,BENCHMARK,1,2020,2024-07-04
2026Q1,PL,DK384,E,10908014874.9,10421376560.76,9682696677.19,9250723376.7,3278.98,3818951766.58,392.857134,2717980317.16,2560921525.35,3451513223.43,4648888258.71,nama_10_gdp,FLASH,0,2015,2024-08-23
2018Q4,AT,LT36,J,10915786730.4,9899989198.79,10645141861.35,9654529906.99,3273.74,5089313913.57,531.035243,2630429525.01,2543394400.78,5938701749.75,5278550912.58,nama_10r_3gdp,FIRST,1,2020,2024-04-16
2019Q3,EE,GR134,O,10954526379.87,10242015924.12,10581415352.52,9893172993.71,3280.64,4165482327.95,936.276383,1949820023.46,2463152945.13,5035056598.35,3082867216.71,nama_10_gdp,SECOND,0,2015,2025-11-15
2020Q2,IT,IT72,T,10985198835.75,10087888702.99,10316402520.24,9473722050.51,3274.23,5280655522.51,899.25582,1859539584.59,2512395601.95,4394830463.28,3485486763.0,nama_10r_3gva,BENCHMARK,1,2020,2024-11-11
2021Q1,PT,CZ439,D,11005311297.6,11010735015.9,9757659764.4,9762468605.91,3276.86,5467042351.37,743.555699,2382361981.19,1582018696.61,5986169263.18,3298778120.57,namq_10_gdp,FLASH,0,2015,2025-10-15
2022Q4,BE,LV2,I,11015979879.82,10859204404.68,9883713294.77,9743051831.62,3273.12,3846826626.86,272.010211,2631164265.49,2309624642.84,4201366951.76,2392032243.07,nama_10_gdp,FIRST,1,2020,2024-04-27
2023Q3,FI,ES62,N,11041156644.31,11463876761.16,9573251765.51,9939771889.74,3265.97,5168795887.08,335.379748,2199941135.59,2728857619.29,5823210026.11,4740575368.98,nama_10r_3gdp,SECOND,0,2015,2024-01-06
2024Q2,LV,LV419,S,11082901404.98,9917449934.09,10569719979.76,9458233443.23,3275.03,5212094294.5,522.547228,2676239124.17,2361450397.5,6062953490.07,2268188239.19,nama_10_gdp,BENCHMARK,1,2020,2025-09-29
2025Q1,RO,FI43,C,11113646763.49,10166447269.45,10799527452.94,9879099877.99,3273.83,5323888063.01,853.762516,2013887424.72,2727351205.94,4704737657.74,4603753298.94,nama_10r_3gva,FLASH,0,2015,2024-02-06
2026Q4,BG,EE803,H,11119679007.87,11576488670.35,10103291250.81,10518346493.23,3275.0,5282610943.41,510.429778,2213056189.44,2258923142.82,3177492252.64,5740146546.38,namq_10_gdp,FIRST,1,2020,2024-11-07
2018Q3,FR,BE602,M,11149020112.67,11509486718.26,10031586592.01,10355924689.08,3268.74,3881262016.55,480.446283,2855261745.54,2073877793.2,3286716497.67,2494977320.6,nama_10_gdp,SECOND,0,2015,2024-02-02
2019Q2,LT,GR8,R,11174004130.25,11399014728.95,10380468166.65,10589499354.55,3266.74,4680987036.37,576.054955,2642598964.72,2128414504.53,4331024944.97,5257111209.85,nama_10r_3gdp,BENCHMARK,1,2020,2024-02-24
2020Q1,SK,FI17,B,11190694946.6,10124093662.57,10654955613.32,9639416418.24,3267.33,4264639279.9,614.636159,2831063011.27,1743780222.39,3156780490.27,3755089010.19,nama_10_gdp,FLASH,0,2015,2024-12-24
2021Q4,HR,FI315,G,11229053673.38,10637250790.42,10556271083.97,9999925746.02,3274.33,4115789812.46,342.870147,1824927620.72,1609279521.32,4616272293.26,3698880233.39,nama_10r_3gva,FIRST,1,2020,2024-01-05
2022Q3,DE,BG774,L,11264676589.99,11456430584.19,9957183646.47,10126680721.68,3276.98,5222451739.83,529.459378,3055603102.35,2054201835.27,4683566412.85,2702218042.45,namq_10_gdp,SECOND,0,2015,2024-01-23
2023Q2,LU,FI4,Q,11263555515.7,11328170268.33,10052647252.76,10110315483.24,3269.4,5135278561.54,442.117632,2432806342.56,2014713239.75,3954617053.88,2430039795.44,nama_10_gdp,BENCHMARK,1,2020,2025-08-23
2024Q1,SI,HU3,A,11311433091.07,10529273934.6,10203287258.09,9497753795.56,3277.71,5276594906.22,406.401816,2659525984.68,2158983623.53,3044515753.51,5506079639.83,nama_10r_3gdp,FLASH,0,2015,2024-04-11
2025Q4,CY,NL324,F,11316835544.83,11872338014.45,10477121396.67,10991405340.03,3268.72,4718235330.31,529.78425,2622584124.22,1629158328.72,4145044226.54,4829173256.21,nama_10_gdp,FIRST,1,2020,2025-04-08
2026Q3,GR,FI119,K,11340697230.84,11521688656.96,10261042302.3,10424803016.66,3267.0,5523989106.7,419.407272,2468724729.81,2864158675.15,5627781958.72,4388227114.12,nama_10r_3gva,SECOND,0,2015,2024-08-05
2018Q2,MT,ES52,P,11379183765.44,11265380098.38,10806604838.06,10698527555.5,3267.86,5278180403.89,392.682279,2438947574.5,1656690201.61,3050182168.13,2917759178.91,namq_10_gdp,BENCHMARK,1,2020,2025-02-16
2019Q1,ES,ES980,U,11385108552.63,12229743664.08,10540072315.28,11322016124.9,3268.12,4484422415.03,297.214788,2735464936.99,1940093322.21,3273320710.37,3527274352.5,nama_10_gdp,FLASH,0,2015,2024-12-18
2020Q4,CZ,LT30,E,11433369096.65,10465966167.45,11141619849.74,10198902476.8,3266.23,5811150601.29,377.91104,2586692725.53,1655612642.96,5999909820.31,5641240089.98,nama_10r_3gdp,FIRST,1,2020,2025-09-25
2021Q3,HU,FR36,J,11441912609.43,11920498254.08,10305218959.0,10736259644.85,3269.43,4906444516.2,655.107775,2515670589.85,2599641765.43,3865103236.24,4216337309.44,nama_10_gdp,SECOND,0,2015,2025-05-26
2022Q2,NL,GR9,O,11475190253.39,12158074198.68,9890131767.58,10478689521.45,3270.9,4668597185.69,494.167569,2867108469.77,2957720698.02,4059895497.53,5894744351.16,nama_10r_3gva,BENCHMARK,1,2020,2025-12-09
2023Q1,SE,SK940,T,11495595460.94,10872634328.97,10294289861.8,9736429028.33,3263.53,4825745744.54,462.402077,2674275342.65,1624342189.34,6119549904.46,2691500087.19,namq_10_gdp,FLASH,0,2015,2025-10-31
2024Q4,DK,SI61,D,11510711467.33,11792246898.76,10357025536.69,10610343471.12,3262.83,5380606259.21,524.624191,1882295957.8,2582593968.52,6250889200.92,4897606310.33,nama_10_gdp,FIRST,1,2020,2025-08-12
2025Q3,IE,FR584,I,11560826612.35,10366795600.29,10064350763.72,9024879510.4,3266.69,4567547182.49,269.848301,2090849766.77,2623589074.76,3672607352.93,5823814285.28,nama_10r_3gdp,SECOND,0,2015,2025-11-26
2026Q2,PL,AT86,N,11587777509.49,11347690360.94,10344814354.5,10130480158.09,3267.18,4548485061.34,529.578622,3112053220.8,2604568264.75,4611964548.6,5323185482.86,nama_10_gdp,BENCHMARK,1,2020,2025-08-09
2018Q1,AT,LT76,S,11600677081.32,11741390046.59,11066371722.69,11200603713.54,3268.86,5310687960.71,714.753412,2414297245.49,2968774736.31,5876668083.72,5858158490.03,nama_10r_3gva,FLASH,0,2015,2025-09-19
2019Q4,EE,ES81,C,11635182055.57,12492573929.58,11274088751.22,12104871805.23,3264.74,4339331588.69,353.057896,2826225392.88,2954541192.11,5143020801.73,5967480337.11,namq_10_gdp,FIRST,1,2020,2024-03-01
2020Q3,IT,ES6,H,11637853990.21,11835015600.16,10508462751.93,10686490886.32,3265.81,4526768536.55,408.66468,3167992501.82,2255434274.2,5701678773.48,5141597607.81,nama_10_gdp,SECOND,0,2015,2025-03-11
2021Q2,PT,IT24,M,11686142693.48,11785213005.78,10828019155.25,10919814649.05,3269.8,5165271504.8,333.861163,2630748382.51,2213752870.12,5456962284.94,2447887077.93,nama_10r_3gdp,BENCHMARK,1,2020,2025-02-02
2022Q1,BE,AT9,R,11712977582.39,10921234250.97,10294801557.06,9598920392.45,3270.53,4858854353.42,588.30592,1953416286.91,2731840917.24,3987970979.79,5969824132.55,nama_10_gdp,FLASH,0,2015,2025-01-01
2023Q4,FI,SK46,B,11735163628.18,12298713451.62,10285912775.76,10779866206.01,3266.81,3998034615.11,504.001756,3119348466.3,2722038388.56,5514191879.94,4322155419.56,nama_10r_3gva,FIRST,1,2020,2025-12-08
2024Q3,LV,PT9,G,11750738305.28,10975940593.17,10597468061.03,9898712476.95,3259.79,6010964620.03,661.939768,2685779951.47,1677020642.35,4358488950.6,3737387241.62,namq_10_gdp,SECOND,0,2015,2026-02-14
2025Q2,RO,EE487,L,11763042708.43,10679094699.4,10968851706.3,9958087292.45,3255.79,4670821172.22,420.232699,2765510095.16,2963538549.09,3276912434.14,3538220533.85,nama_10_gdp,BENCHMARK,1,2020,2025-10-19
2026Q1,BG,HR5,Q,11800818177.98,10832367816.73,10825531276.67,9937119175.28,3262.91,4698816362.67,373.610356,3183050384.05,2751865933.51,2890296516.74,2909330009.85,nama_10r_3gdp,FLASH,0,2015,2024-05-01
2018Q4,FR,LU99,A,11818447907.6,10765454817.85,10865624002.96,9897525054.56,3258.48,5383292659.1,706.160842,2732364371.94,2036087936.01,6068114963.22,3898996569.93,nama_10_gdp,FIRST,1,2020,2024-04-07
2019Q3,LT,LU55,F,11836554190.6,11843125076.58,10400235672.95,10406009208.19,3258.46,5322789188.45,403.359261,2056450515.76,2916317486.86,2713874434.95,6051051555.4,nama_10r_3gva,SECOND,0,2015,2025-08-26
2020Q2,SK,DE74,K,11868881581.89,10786270387.25,11018005658.03,10013006477.13,3262.38,5482827164.68,613.562969,2332505570.28,2536938573.75,4697869317.2,5313720430.32,namq_10_gdp,BENCHMARK,1,2020,2024-01-04
2021Q1,HR,HU41,P,11885867827.31,11331090538.36,10621982906.38,10126197914.85,3260.16,4343915914.95,667.213766,2151944179.81,2154030287.19,4642492116.48,5397430158.62,nama_10_gdp,FLASH,0,2015,2025-11-15
2022Q4,DE,HU736,U,11921022231.2,12742850605.98,11164944811.98,11934649646.96,3258.34,4126776219.08,901.260201,2267657941.6,1717568632.46,3794253096.64,4381014434.92,nama_10r_3gdp,FIRST,1,2020,2024-10-12
2023Q3,LU,SE865,E,11936367900.76,12167600947.93,11244030340.23,11461851323.94,3260.12,5193058872.92,512.285843,2815635281.21,1934657845.73,3497014386.72,3944563626.72,nama_10_gdp,SECOND,0,2015,2024-05-10
2024Q2,SI,DK48,J,11970676227.78,12820700118.76,11229289348.84,12026668213.96,3255.63,4647287342.05,322.024561,2776369022.64,2057666996.88,4315459554.73,4316412006.78,nama_10r_3gva,BENCHMARK,1,2020,2024-03-04
2025Q1,CY,RO4,O,11988131117.93,11037839980.33,10645020578.47,9801196915.24,3258.07,5862114069.93,350.073944,3039092578.05,1697875167.9,3749904189.04,5935487936.34,namq_10_gdp,FLASH,0,2015,2024-05-28
2026Q4,GR,EE9,T,12036843581.01,11736888954.76,11451431753.89,11166065419.38,3263.83,5626882863.03,414.221914,2809614833.35,1896347524.8,4881680596.81,3721210577.8,nama_10_gdp,FIRST,1,2020,2025-04-13
2018Q3,MT,MT723,D,12046923518.04,10935589533.95,10592472154.15,9615311946.99,3258.76,4977454707.02,639.593305,2632123365.34,3044264560.28,5441717079.4,2871313988.57,nama_10r_3gdp,SECOND,0,2015,2025-01-16
2019Q2,ES,GR306,I,12065178942.62,11243527229.53,10684258350.1,9956648820.38,3255.81,4754490360.71,282.558612,3198749641.89,2573063218.88,6574579974.26,3281608193.19,nama_10_gdp,BENCHMARK,1,2020,2025-06-07
2020Q1,CZ,DE632,N,12108705996.01,11946798808.56,11313356613.36,11162084152.82,3263.92,4422034355.55,375.784568,2351949531.95,2258415884.54,4643747231.54,4520304078.6,nama_10r_3gva,FLASH,0,2015,2025-11-10
2021Q4,HU,GR121,S,12130241082.92,12696824146.65,11409031562.03,11941928147.71,3260.96,5627397602.83,357.393606,2289924039.48,2620074474.03,3015787027.82,3705719723.22,namq_10_gdp,FIRST,1,2020,2025-09-22
2022Q3,NL,DK5,C,12160971104.74,12209503721.08,10994365710.57,11038242579.31,3260.12,4203972923.13,344.498797,3048880686.25,1927879165.06,4194690767.61,5297857292.71,nama_10_gdp,SECOND,0,2015,2024-11-14
2023Q2,SE,SK1,H,12176796345.45,12681616795.99,10578386897.09,11016941167.67,3256.93,5379659269.91,362.098952,3396478391.0,2646864565.65,5210741497.19,2627773829.81,nama_10r_3gdp,BENCHMARK,1,2020,2024-09-16
2024Q1,DK,LT9,M,12194806914.93,12941732167.41,10525075886.66,11169731027.08,3258.59,4290310142.68,318.066819,2528635597.86,2259269246.49,5132444315.76,6263784030.15,nama_10_gdp,FLASH,0,2015,2026-02-04
2025Q4,IE,RO856,R,12215889353.84,12170554441.74,10947270528.34,10906643642.1,3257.06,4684527240.23,347.973715,3203728299.12,2846858774.51,3153097771.24,4995868649.16,nama_10r_3gva,FIRST,1,2020,2024-09-19
2026Q3,PL,DE7,B,12260940029.1,12834694975.49,11558060591.47,12098924050.5,3263.83,6206122326.07,387.5372,3082982971.18,2785709167.52,4234589571.45,5297493248.82,namq_10_gdp,SECOND,0,2015,2024-08-09
2018Q2,AT,DE731,G,12274432681.62,11145674762.35,11517900044.97,10458712934.14,3254.26,4979569505.6,750.025683,3038873912.49,2533861726.76,4112377088.95,4546705310.88,nama_10_gdp,BENCHMARK,1,2020,2024-11-29
2019Q1,EE,SI785,L,12288339615.79,11242724018.17,11520962254.16,10540642844.94,3258.42,5691486633.08,361.327887,2655657694.02,2937970609.61,6295897415.15,4722551329.65,nama_10r_3gdp,FLASH,0,2015,2024-01-23
2020Q4,IT,PT78,Q,12334908395.85,11380062801.43,11619064102.91,10719632034.68,3255.61,6398226206.48,305.788161,2878990610.78,2450634993.6,3867694725.81,3085517414.92,nama_10_gdp,FIRST,1,2020,2025-09-30
2021Q3,PT,CY30,A,12364993386.37,12015449994.81,10770365122.36,10465899941.05,3259.09,5489157926.86,406.305823,2544817351.49,2496892051.92,6116750043.98,5061355710.65,nama_10r_3gva,SECOND,0,2015,2024-04-10
2022Q2,BE,SE1,F,12360127793.01,11083151142.06,11906208903.1,10676128516.78,3252.74,4314789250.2,493.107173,2601750997.45,2449746520.87,4020401549.46,6135779097.76,namq_10_gdp,BENCHMARK,1,2020,2025-09-01
2023Q1,FI,SK461,K,12398736160.01,11645997087.96,12140391048.44,11403336353.97,3256.13,4593293681.39,339.148326,3194258559.75,3141495022.46,4533455633.11,5066209353.04,nama_10_gdp,FLASH,0,2015,2025-05-20
2024Q4,LV,LT281,P,12423097688.94,11975057839.19,11187459843.48,10783983355.34,3257.92,4718314226.7,337.450605,2474311798.63,3058539314.66,6550894789.99,5391021423.01,nama_10r_3gdp,FIRST,1,2020,2024-12-11
2025Q3,RO,AT344,U,12444145059.48,12556707724.08,11673752317.83,11779346447.47,3253.12,4428408220.08,781.636514,2343623295.94,3177570303.64,6511443437.3,3309696193.76,nama_10_gdp,SECOND,0,2015,2024-11-01
2026Q2,BG,SE89,E,12475799944.21,13392911993.28,10762813961.31,11554002214.56,3259.1,4847553262.71,384.979063,2875050097.5,2304084850.54,4171920005.36,2639445746.22,nama_10r_3gva,BENCHMARK,1,2020,2025-04-20
2018Q1,FR,SE632,J,12490887185.39,12186625639.45,10978938844.53,10711506367.07,3257.06,5084157165.39,944.906716,2286367023.52,2032195532.6,4475488739.04,4510027949.14,namq_10_gdp,FLASH,0,2015,2025-05-25
2019Q4,LT,HR182,O,12530972175.82,13114493503.86,11605146117.56,12145555128.1,3254.84,5631431736.99,333.34734,3339744643.44,2213342896.64,6578898555.77,6044362461.92,nama_10_gdp,FIRST,1,2020,2025-09-05
2020Q3,SK,RO40,T,12554009718.22,11277220457.71,10940101664.26,9827452827.16,3257.85,6013038521.1,334.000207,3205487710.19,2262967860.29,5853907407.15,4244948861.36,nama_10r_3gdp,SECOND,0,2015,2026-01-21
2021Q2,HR,LT23,D,12574014049.67,12014231281.58,11272548227.64,10770705440.97,3255.86,4612446024.48,606.586182,3095574349.72,2991443890.65,6102539009.88,4122502299.41,nama_10_gdp,BENCHMARK,1,2020,2026-01-02
2022Q1,DE,DE4,I,12607970589.4,13323023283.67,12176877322.98,12867480848.41,3256.64,6113662619.07,677.266164,2992719013.66,2481485438.14,5044628557.47,5716600067.99,nama_10r_3gva,FLASH,0,2015,2025-01-20
2023Q4,LU,IT6,N,12633659676.35,11425060363.35,11577325845.6,10469780730.27,3260.04,4619233633.69,533.279073,2172490839.15,1965017827.54,6906256660.16,2835957009.07,namq_10_gdp,FIRST,1,2020,2024-02-20
2024Q3,SI,SE5,S,12647236982.9,12297367544.26,12303823686.23,11963454331.87,3255.28,5406408884.47,602.528133,2225202084.63,1949022601.13,6575422715.96,4351866006.32,nama_10_gdp,SECOND,0,2015,2024-09-27
2025Q2,CY,SK392,C,12686732091.66,11751299135.57,11742295022.39,10876498403.95,3254.43,6419706889.14,328.399291,3032065424.06,2318006930.43,4599250332.9,3592220208.82,nama_10r_3gdp,BENCHMARK,1,2020,2025-12-28
2026Q1,GR,IT91,H,12708156591.74,13543995639.5,11858244038.1,12638182759.61,3257.03,6061917046.55,411.080222,2117927665.25,3250111067.79,4034715542.41,4460270768.12,nama_10_gdp,FLASH,0,2015,2025-12-03
2018Q4,MT,EE756,M,12739855001.59,12176032938.97,11183773156.53,10688817911.89,3257.88,4423803560.33,793.052347,2596485289.21,2394080344.83,2863741730.33,2624000346.47,nama_10r_3gva,FIRST,1,2020,2024-10-13
2019Q3,ES,BE74,R,12737911461.1,11441224060.97,11093179401.17,9963921594.6,3248.2,6369596562.82,521.598274,2844401155.31,1938226019.36,6213635336.81,4273837646.09,namq_10_gdp,SECOND,0,2015,2024-11-06
2020Q2,CZ,LU843,B,12780128444.69,12796714665.84,11647655661.48,11662772144.35,3256.1,5522987639.95,399.504692,2298858105.26,2939541279.51,2937825736.71,6241124366.22,nama_10_gdp,BENCHMARK,1,2020,2025-02-09
2021Q1,HU,PL47,G,12793159448.11,11808412465.29,11090102738.96,10236447685.6,3248.14,4758886162.77,524.502531,2761833021.46,2001498800.12,3124677000.19,5102737663.23,nama_10r_3gdp,FLASH,0,2015,2024-09-05
2022Q4,NL,AT4,L,12821690280.73,12858917745.44,11602161277.79,11635847869.82,3248.28,4703343646.64,449.702223,2161447971.39,2049929971.8,4404999714.47,3229534240.93,nama_10_gdp,FIRST,1,2020,2025-01-11
2023Q3,SE,EE4,Q,12863300863.85,12082473015.89,11511819368.19,10813029124.66,3251.8,6209392506.2,318.193354,2156131482.71,1903235264.67,3428269482.57,5177549432.79,nama_10r_3gva,SECOND,0,2015,2025-03-18
2024Q2,DK,GR23,A,12873312611.12,13459249678.88,12154176836.2,12707381978.61,3246.99,5436329740.19,644.774662,2320327252.11,1976861215.86,4864294614.51,4528495158.17,namq_10_gdp,BENCHMARK,1,2020,2024-05-05
2025Q1,IE,FI246,F,12898233792.99,11629358047.1,11731102263.37,10577044167.24,3247.66,5917391392.87,330.770163,3439461121.85,3328802864.05,6067418598.24,2905794538.25,nama_10_gdp,FLASH,0,2015,2024-08-12
2026Q4,PL,IE8,K,12918489058.09,11678631519.5,11668324737.71,10548452256.98,3248.8,6482079159.76,399.973271,3124571110.66,2679071452.76,5318454487.38,2620716821.59,nama_10r_3gdp,FIRST,1,2020,2024-05-28
2018Q3,AT,BG63,P,12961746181.7,11943759099.97,11658240496.57,10742627888.91,3250.56,4514892562.61,319.554251,3597176743.86,2077247760.6,5965555328.28,3868918322.5,nama_10_gdp,SECOND,0,2015,2024-03-23
2019Q2,EE,RO536,U,12975273074.87,12128461439.24,11403124483.11,10658916755.14,3253.17,6241427854.13,999.197189,2315559492.42,2757337370.85,6677036694.62,4975459165.89,nama_10r_3gva,BENCHMARK,1,2020,2024-12-06
