energy_gas_reference_date,energy_gas_country_iso2,energy_gas_storage_site_id,energy_gas_storage_capacity_twh,energy_gas_storage_filled_twh,energy_gas_storage_fill_rate_pct,energy_gas_lng_imports_twh,energy_gas_pipeline_imports_twh,energy_gas_domestic_production_twh,energy_gas_consumption_twh,energy_gas_price_ttf_eur_mwh,energy_gas_price_spread_eur_mwh,energy_gas_supply_source_country_iso2,energy_gas_repower_eu_policy_flag,energy_gas_security_of_supply_alert_level,energy_gas_demand_response_savings_twh,energy_gas_industrial_curtailment_flag,energy_gas_storage_obligation_compliance_flag,energy_gas_data_source,energy_gas_data_extract_date
2018-01-30,AT,AT_UGS_001,13.8337,8.4626,61.17,0.3299,1.8665,0.7274,3.0802,22.45,-2.5,US,1,NORMAL,0.1424,0,0,ENTSOG_TRANSPARENCY,2024-07-27
2018-02-16,EE,EE_UGS_002,18.6011,2.9675,15.95,0.6015,8.0038,1.4866,10.0427,26.21,-11.61,IN,0,NORMAL,0.2579,0,0,AGSI_PLUS,2025-01-30
2018-03-05,IT,IT_UGS_003,7.1791,1.3168,18.34,1.485,1.2928,0.0466,2.8218,14.36,-10.0,US,0,NORMAL,0.2399,0,0,NATIONAL_GAS_TSO,2024-01-07
2018-03-22,PT,PT_UGS_004,10.3541,7.8067,75.4,0.7963,6.1016,0.6938,7.8982,15.27,20.65,IN,0,NORMAL,0.2056,0,1,MARKET_DATA_PROVIDER,2025-04-19
2018-04-08,BE,BE_UGS_005,4.8254,1.1786,24.43,0.9553,5.4351,1.264,7.9494,21.71,13.1,US,0,NORMAL,0.2154,0,0,ENTSOG_TRANSPARENCY,2025-07-13
2018-04-25,FI,FI_UGS_006,16.686,14.0148,83.99,2.1659,0.5267,2.2133,3.9177,21.52,6.84,IN,1,NORMAL,0.1307,0,1,AGSI_PLUS,2024-11-20
2018-05-12,LV,LV_UGS_007,2.0816,1.662,79.84,2.8693,3.9291,1.2106,7.1832,10.37,23.62,US,0,NORMAL,0.1908,0,0,NATIONAL_GAS_TSO,2024-09-18
2018-05-29,RO,RO_UGS_008,12.897,10.2865,79.76,1.3365,3.723,1.3952,6.5437,9.18,-4.41,IN,1,NORMAL,0.235,0,0,MARKET_DATA_PROVIDER,2024-03-15
2018-06-15,BG,BG_UGS_009,11.6226,7.2825,62.66,1.4966,4.8135,0.1633,6.3883,14.78,-9.26,US,0,NORMAL,0.2004,0,1,ENTSOG_TRANSPARENCY,2025-05-21
2018-07-02,FR,FR_UGS_010,5.9351,5.4684,92.14,0.3883,3.8339,0.5663,4.1428,18.96,20.9,IN,0,NORMAL,0.1943,0,1,AGSI_PLUS,2024-08-01
2018-07-19,LT,LT_UGS_011,1.8999,1.7976,94.62,0.6792,4.0446,0.4434,5.4962,21.89,-6.43,US,1,NORMAL,0.0223,0,1,NATIONAL_GAS_TSO,2026-02-14
2018-08-05,SK,SK_UGS_012,1.8799,1.7238,91.7,2.8491,1.8071,1.0211,5.1976,17.55,12.02,IN,0,NORMAL,0.299,0,1,MARKET_DATA_PROVIDER,2024-04-24
2018-08-22,HR,HR_UGS_013,4.6249,0.7441,16.09,1.4589,1.1485,0.1522,2.4136,15.75,-3.69,US,0,NORMAL,0.1472,0,0,ENTSOG_TRANSPARENCY,2024-07-04
2018-09-08,DE,DE_UGS_014,3.4747,3.0996,89.2,1.2611,4.279,1.1947,6.282,14.68,-7.65,IN,0,NORMAL,0.2233,0,1,AGSI_PLUS,2024-10-22
2018-09-25,LU,LU_UGS_015,7.5086,3.9449,52.54,1.9376,5.4462,0.2863,7.1332,21.13,15.44,US,0,NORMAL,0.2657,0,0,NATIONAL_GAS_TSO,2025-11-09
2018-10-12,SI,SI_UGS_016,12.4712,7.3812,59.19,0.9111,3.0285,0.1661,3.9036,16.96,0.67,IN,1,NORMAL,0.1023,0,0,MARKET_DATA_PROVIDER,2025-09-04
2018-10-29,CY,CY_UGS_017,11.2459,8.2901,73.72,0.9872,4.4733,0.7,6.5628,9.03,11.8,US,1,NORMAL,0.1947,0,0,ENTSOG_TRANSPARENCY,2025-05-25
2018-11-15,GR,GR_UGS_018,17.2311,1.888,10.96,0.9445,2.387,0.5264,3.6721,21.0,-8.91,IN,0,NORMAL,0.0157,0,0,AGSI_PLUS,2026-01-22
2018-12-02,MT,MT_UGS_019,5.3727,1.3659,25.42,3.4035,1.0099,2.1299,6.3925,22.43,0.92,US,0,NORMAL,0.2501,0,0,NATIONAL_GAS_TSO,2025-12-12
2018-12-19,ES,ES_UGS_020,3.6055,2.5413,70.49,2.2698,1.5961,0.6732,3.7292,12.14,3.85,IN,0,NORMAL,0.2456,0,1,MARKET_DATA_PROVIDER,2025-12-11
2019-01-05,CZ,CZ_UGS_021,6.7824,5.0164,73.96,1.9381,3.151,0.6655,5.5676,11.64,12.42,US,0,NORMAL,0.1389,0,0,ENTSOG_TRANSPARENCY,2025-03-14
2019-01-22,HU,HU_UGS_022,7.4036,5.099,68.87,3.114,1.6912,0.3281,5.0609,25.66,3.46,IN,0,NORMAL,0.0998,0,1,AGSI_PLUS,2024-11-18
2019-02-08,NL,NL_UGS_023,2.4989,1.8964,75.89,1.2779,3.7154,1.206,5.9411,10.88,2.59,US,0,NORMAL,0.0936,0,1,NATIONAL_GAS_TSO,2024-01-19
2019-02-25,SE,SE_UGS_024,0.3566,0.1082,30.35,1.2674,3.7922,0.4677,6.0852,13.76,12.19,IN,0,NORMAL,0.0847,0,0,MARKET_DATA_PROVIDER,2026-02-21
2019-03-14,DK,DK_UGS_025,8.2834,3.4263,41.36,0.8152,5.229,1.5133,7.7043,14.16,-6.01,US,0,NORMAL,0.3225,0,0,ENTSOG_TRANSPARENCY,2025-03-27
2019-03-31,IE,IE_UGS_026,6.4561,5.0709,78.54,2.1293,7.197,1.2888,9.9853,27.07,10.38,IN,0,NORMAL,0.2224,0,1,AGSI_PLUS,2024-04-09
2019-04-17,PL,PL_UGS_027,2.9925,2.4355,81.39,1.4247,0.9921,1.6356,3.3064,27.6,-6.94,US,0,NORMAL,0.0517,0,0,NATIONAL_GAS_TSO,2025-08-10
2019-05-04,AT,AT_UGS_028,17.8692,17.172,96.1,1.0859,1.9122,0.7471,4.3102,12.87,16.21,IN,0,NORMAL,0.2542,0,1,MARKET_DATA_PROVIDER,2024-02-06
2019-05-21,EE,EE_UGS_029,6.7921,6.5315,96.16,2.5095,3.343,1.5647,7.8291,12.83,-5.19,US,0,NORMAL,0.3292,0,1,ENTSOG_TRANSPARENCY,2024-11-16
2019-06-07,IT,IT_UGS_030,2.7464,1.5289,55.67,1.0867,0.4667,1.3123,2.5927,18.54,1.76,IN,0,NORMAL,0.2458,0,1,AGSI_PLUS,2024-04-24
2019-06-24,PT,PT_UGS_031,4.1139,0.8259,20.08,2.3559,0.8305,0.7862,4.3399,26.88,-9.7,US,0,NORMAL,0.2851,0,0,NATIONAL_GAS_TSO,2025-01-03
2019-07-11,BE,BE_UGS_032,0.7541,0.4295,56.95,0.2234,5.4187,0.8591,5.6077,20.34,9.45,IN,0,NORMAL,0.0613,0,0,MARKET_DATA_PROVIDER,2025-08-30
2019-07-28,FI,FI_UGS_033,12.6744,7.0149,55.35,0.6223,4.2925,0.1596,4.5891,11.78,4.72,US,1,NORMAL,0.1481,0,0,ENTSOG_TRANSPARENCY,2025-12-06
2019-08-14,LV,LV_UGS_034,5.3727,5.2977,98.6,0.2458,4.3494,2.1134,6.7899,16.28,-7.11,IN,0,NORMAL,0.0854,0,1,AGSI_PLUS,2025-06-02
2019-08-31,RO,RO_UGS_035,6.5391,4.1164,62.95,0.3659,0.8523,0.4139,1.5255,15.11,6.06,US,0,NORMAL,0.3193,0,1,NATIONAL_GAS_TSO,2025-04-09
2019-09-17,BG,BG_UGS_036,7.7852,7.1748,92.16,0.1642,3.3088,0.0245,4.0852,9.27,2.55,IN,0,NORMAL,0.2005,0,1,MARKET_DATA_PROVIDER,2024-02-04
2019-10-04,FR,FR_UGS_037,10.7295,9.9228,92.48,1.0676,2.5449,0.2885,3.7139,17.9,17.54,US,0,NORMAL,0.0857,0,1,ENTSOG_TRANSPARENCY,2025-11-29
2019-10-21,LT,LT_UGS_038,3.4596,1.7785,51.41,1.0158,1.4552,0.2786,2.6049,18.77,15.06,IN,1,NORMAL,0.0939,0,0,AGSI_PLUS,2025-06-12
2019-11-07,SK,SK_UGS_039,0.7198,0.7069,98.21,0.2771,2.0585,1.418,4.3178,18.49,15.82,US,0,NORMAL,0.2942,0,1,NATIONAL_GAS_TSO,2024-03-14
2019-11-24,HR,HR_UGS_040,0.4016,0.0335,8.34,2.3615,5.0797,0.5771,7.2031,11.69,-2.3,IN,0,NORMAL,0.1686,0,0,MARKET_DATA_PROVIDER,2025-08-10
2019-12-11,DE,DE_UGS_041,3.2591,2.0118,61.73,1.418,3.8764,0.2764,5.7025,22.66,-10.59,US,0,NORMAL,0.2423,0,1,ENTSOG_TRANSPARENCY,2024-02-15
2019-12-28,LU,LU_UGS_042,5.7703,5.3337,92.43,1.8546,2.2556,0.5045,3.7702,25.29,10.96,IN,0,NORMAL,0.2556,0,1,AGSI_PLUS,2025-09-06
2020-01-14,SI,SI_UGS_043,12.8992,1.118,8.67,1.5823,6.1445,0.6982,8.5705,11.71,-6.17,US,0,NORMAL,0.2122,0,0,NATIONAL_GAS_TSO,2024-06-13
2020-01-31,CY,CY_UGS_044,6.3044,2.5263,40.07,2.7875,4.3432,0.6906,7.6644,6.91,-1.56,IN,0,NORMAL,0.1808,0,0,MARKET_DATA_PROVIDER,2025-07-06
2020-02-17,GR,GR_UGS_045,13.123,2.966,22.6,2.1314,2.7994,1.4946,6.596,20.69,24.91,US,0,NORMAL,0.3151,0,0,ENTSOG_TRANSPARENCY,2025-12-27
2020-03-05,MT,MT_UGS_046,0.2735,0.091,33.28,1.2802,1.8581,1.5817,3.872,7.55,-1.29,IN,0,NORMAL,0.1371,0,0,AGSI_PLUS,2024-05-15
2020-03-22,ES,ES_UGS_047,15.4265,9.1081,59.04,0.9898,1.9659,1.8938,4.2949,21.56,8.01,US,0,NORMAL,0.2181,0,0,NATIONAL_GAS_TSO,2025-03-18
2020-04-08,CZ,CZ_UGS_048,1.8326,1.203,65.65,1.4137,0.2826,0.9713,2.3153,21.91,5.41,IN,1,NORMAL,0.0108,0,1,MARKET_DATA_PROVIDER,2024-07-04
2020-04-25,HU,HU_UGS_049,0.878,0.2695,30.7,1.6178,1.0798,1.1723,4.4122,10.22,5.02,US,0,NORMAL,0.2113,0,0,ENTSOG_TRANSPARENCY,2024-08-25
2020-05-12,NL,NL_UGS_050,11.0036,7.4039,67.29,2.5977,0.4492,2.3481,4.4654,19.59,-1.37,IN,0,NORMAL,0.0821,0,0,AGSI_PLUS,2024-04-04
2020-05-29,SE,SE_UGS_051,9.9596,9.7773,98.17,0.0619,0.6564,2.0963,2.0432,5.07,-9.64,US,0,NORMAL,0.2157,0,1,NATIONAL_GAS_TSO,2025-08-29
2020-06-15,DK,DK_UGS_052,2.1351,1.0591,49.61,0.0711,1.966,0.3723,1.5484,5.15,10.54,IN,0,NORMAL,0.0444,0,0,MARKET_DATA_PROVIDER,2025-02-27
2020-07-02,IE,IE_UGS_053,6.5856,5.3382,81.06,0.8244,4.0402,1.7059,7.0731,13.28,-5.44,US,0,NORMAL,0.1116,0,1,ENTSOG_TRANSPARENCY,2025-05-27
2020-07-19,PL,PL_UGS_054,16.1155,7.8786,48.89,1.7651,4.6035,0.5759,6.9522,18.74,-10.88,IN,0,NORMAL,0.1583,0,1,AGSI_PLUS,2024-08-10
2020-08-05,AT,AT_UGS_055,10.2943,2.2773,22.12,2.5071,0.3244,1.6402,3.8814,9.42,-6.85,US,0,NORMAL,0.1025,0,0,NATIONAL_GAS_TSO,2025-06-22
2020-08-22,EE,EE_UGS_056,1.942,1.1216,57.75,0.9252,2.7099,0.4917,3.9938,19.34,20.56,IN,1,NORMAL,0.1188,0,0,MARKET_DATA_PROVIDER,2024-07-02
2020-09-08,IT,IT_UGS_057,17.7009,5.0493,28.53,0.4182,5.8735,1.8967,8.0981,21.48,-11.01,US,0,NORMAL,0.1307,0,0,ENTSOG_TRANSPARENCY,2025-05-24
2020-09-25,PT,PT_UGS_058,2.936,2.5632,87.3,0.4338,4.9493,1.0207,6.9607,21.8,-5.34,IN,0,NORMAL,0.1804,0,1,AGSI_PLUS,2025-05-01
2020-10-12,BE,BE_UGS_059,10.2371,2.7196,26.57,1.3704,4.1002,1.5279,6.1297,18.51,-4.86,US,0,NORMAL,0.2208,0,0,NATIONAL_GAS_TSO,2025-03-23
2020-10-29,FI,FI_UGS_060,3.3907,3.1084,91.67,0.7811,7.3011,1.2401,9.2028,19.2,7.61,IN,0,NORMAL,0.055,0,1,MARKET_DATA_PROVIDER,2025-09-16
2020-11-15,LV,LV_UGS_061,0.2545,0.1673,65.75,2.1358,6.9689,1.0934,10.4722,18.88,10.57,US,0,NORMAL,0.1258,0,0,ENTSOG_TRANSPARENCY,2024-11-20
2020-12-02,RO,RO_UGS_062,8.2949,4.9503,59.68,0.2705,4.3706,0.3771,5.3054,5.16,-10.33,IN,1,NORMAL,0.2576,0,0,AGSI_PLUS,2025-04-13
2020-12-19,BG,BG_UGS_063,9.6105,8.0166,83.41,0.1063,5.3891,1.2958,7.356,6.2,16.25,US,0,NORMAL,0.2217,0,1,NATIONAL_GAS_TSO,2025-12-02
2021-01-05,FR,FR_UGS_064,3.8754,0.9666,24.94,0.3707,4.5946,1.5252,6.9673,72.23,-7.21,IN,0,NORMAL,0.0094,0,0,MARKET_DATA_PROVIDER,2024-06-03
2021-01-22,LT,LT_UGS_065,3.1045,1.4484,46.65,2.2556,1.007,1.1245,4.7236,79.39,-1.33,US,0,EARLY_WARNING,0.145,0,0,ENTSOG_TRANSPARENCY,2026-01-09
2021-02-08,SK,SK_UGS_066,13.1472,2.3668,18.0,2.1426,5.3727,1.2611,8.7183,48.88,4.87,IN,0,NORMAL,0.1138,0,0,AGSI_PLUS,2024-09-16
2021-02-25,HR,HR_UGS_067,4.1513,1.4223,34.26,0.7004,0.4999,0.1252,1.0187,71.78,2.36,US,0,NORMAL,0.1804,0,0,NATIONAL_GAS_TSO,2024-10-20
2021-03-14,DE,DE_UGS_068,7.3896,5.3021,71.75,1.2979,4.4593,0.0562,5.01,32.62,0.71,IN,0,NORMAL,0.3031,0,1,MARKET_DATA_PROVIDER,2025-06-05
2021-03-31,LU,LU_UGS_069,8.7329,5.3122,60.83,0.4276,1.1381,0.0106,0.6331,54.83,12.79,US,0,NORMAL,0.0867,0,0,ENTSOG_TRANSPARENCY,2024-09-11
2021-04-17,SI,SI_UGS_070,9.6598,0.9336,9.66,1.1851,2.3782,1.1341,4.7166,27.63,-4.03,IN,0,NORMAL,0.313,0,0,AGSI_PLUS,2025-01-11
2021-05-04,CY,CY_UGS_071,6.6301,1.2472,18.81,0.7465,0.26,0.2448,1.619,23.14,-2.53,US,0,NORMAL,0.2162,0,0,NATIONAL_GAS_TSO,2024-04-23
2021-05-21,GR,GR_UGS_072,5.0275,4.3973,87.47,1.3506,1.0368,0.9585,2.6098,68.04,7.79,IN,0,NORMAL,0.1997,0,1,MARKET_DATA_PROVIDER,2025-05-28
2021-06-07,MT,MT_UGS_073,11.8019,4.4121,37.38,0.5874,8.7511,0.9098,10.29,69.33,17.46,US,0,NORMAL,0.307,0,0,ENTSOG_TRANSPARENCY,2025-05-18
2021-06-24,ES,ES_UGS_074,11.1691,7.1047,63.61,1.3097,5.8545,0.3695,7.133,92.6,23.19,IN,1,EARLY_WARNING,0.0401,0,0,AGSI_PLUS,2025-09-15
2021-07-11,CZ,CZ_UGS_075,14.0119,3.6014,25.7,1.7228,5.8686,0.3866,7.7057,88.69,17.78,US,1,NORMAL,0.2961,0,0,NATIONAL_GAS_TSO,2024-09-13
2021-07-28,HU,HU_UGS_076,10.556,10.2582,97.18,1.3015,2.6451,1.7566,4.8509,49.18,17.46,IN,0,NORMAL,0.2014,0,1,MARKET_DATA_PROVIDER,2025-07-12
2021-08-14,NL,NL_UGS_077,15.1404,4.2938,28.36,0.5404,5.724,1.3081,7.316,58.68,8.6,US,0,NORMAL,0.1227,0,0,ENTSOG_TRANSPARENCY,2025-01-14
2021-08-31,SE,SE_UGS_078,14.8373,1.4144,9.53,0.2948,5.601,1.6128,7.4416,77.64,13.2,IN,0,NORMAL,0.1407,0,0,AGSI_PLUS,2024-12-27
2021-09-17,DK,DK_UGS_079,11.5784,6.7627,58.41,1.9445,5.544,0.9588,8.0176,92.97,12.47,US,0,EARLY_WARNING,0.1979,0,1,NATIONAL_GAS_TSO,2024-07-08
2021-10-04,IE,IE_UGS_080,9.4951,8.6721,91.33,1.0999,1.738,1.0447,3.7653,56.32,-3.87,IN,0,NORMAL,0.0671,0,1,MARKET_DATA_PROVIDER,2024-06-04
2021-10-21,PL,PL_UGS_081,3.3654,0.3441,10.23,0.8999,3.3727,1.9979,5.9682,87.06,22.36,US,0,ALERT,0.2375,0,0,ENTSOG_TRANSPARENCY,2024-01-23
2021-11-07,AT,AT_UGS_082,12.8981,4.8802,37.84,0.494,0.161,2.0322,1.9461,87.48,-2.62,IN,0,EARLY_WARNING,0.0016,0,0,AGSI_PLUS,2025-09-09
2021-11-24,EE,EE_UGS_083,4.2619,1.4604,34.27,1.0395,4.5146,1.2807,6.4342,60.18,-9.47,US,1,NORMAL,0.1836,0,0,NATIONAL_GAS_TSO,2026-02-25
2021-12-11,IT,IT_UGS_084,10.9926,8.4601,76.96,2.085,2.3317,1.9121,5.9585,77.55,20.13,IN,0,NORMAL,0.3097,0,1,MARKET_DATA_PROVIDER,2024-08-14
2021-12-28,PT,PT_UGS_085,4.7183,2.2452,47.58,0.5575,7.2025,1.6309,9.2956,60.06,9.62,US,0,NORMAL,0.3019,0,0,ENTSOG_TRANSPARENCY,2025-02-12
2022-01-14,BE,BE_UGS_086,5.968,4.8786,81.75,3.1687,8.1414,1.2166,12.4316,148.31,6.12,IN,1,NORMAL,0.0449,0,1,AGSI_PLUS,2024-09-04
2022-01-31,FI,FI_UGS_087,13.7664,3.0433,22.11,1.4794,6.2594,1.1336,8.1341,141.54,1.73,US,1,ALERT,0.0811,1,0,NATIONAL_GAS_TSO,2025-12-25
2022-02-17,LV,LV_UGS_088,10.415,4.6688,44.83,0.3606,7.099,0.1736,7.3345,93.86,-4.49,IN,1,NORMAL,0.0251,0,0,MARKET_DATA_PROVIDER,2025-07-23
2022-03-06,RO,RO_UGS_089,3.5831,2.7733,77.4,0.1398,0.8413,0.384,1.1015,182.38,-5.96,US,1,NORMAL,0.2347,0,0,ENTSOG_TRANSPARENCY,2025-01-08
2022-03-23,BG,BG_UGS_090,19.9807,18.9018,94.6,1.5331,6.5198,1.4547,9.1018,121.86,6.96,IN,1,NORMAL,0.2727,0,1,AGSI_PLUS,2025-08-29
2022-04-09,FR,FR_UGS_091,7.2441,2.3746,32.78,1.5136,4.3207,0.9244,7.2968,135.17,24.14,US,1,NORMAL,0.2955,0,0,NATIONAL_GAS_TSO,2025-10-27
2022-04-26,LT,LT_UGS_092,16.592,13.2059,79.59,2.4202,1.8603,0.678,5.0069,219.39,4.62,IN,0,EARLY_WARNING,0.009,0,0,MARKET_DATA_PROVIDER,2025-06-17
2022-05-13,SK,SK_UGS_093,9.9518,5.4997,55.26,1.7423,1.2346,0.2958,2.5027,144.62,9.69,US,0,NORMAL,0.0428,0,0,ENTSOG_TRANSPARENCY,2026-02-07
2022-05-30,HR,HR_UGS_094,8.1176,4.0764,50.22,0.8035,6.7679,1.1613,8.1367,117.88,-10.13,IN,1,NORMAL,0.1048,0,0,AGSI_PLUS,2025-01-28
2022-06-16,DE,DE_UGS_095,1.0082,0.0874,8.67,0.6935,2.0334,0.5086,2.2778,93.8,21.61,US,1,ALERT,0.0241,0,0,NATIONAL_GAS_TSO,2025-06-26
2022-07-03,LU,LU_UGS_096,14.8333,5.3144,35.83,1.1876,3.3565,1.3757,5.3151,99.22,-7.06,IN,1,NORMAL,0.1915,0,0,MARKET_DATA_PROVIDER,2024-09-29
2022-07-20,SI,SI_UGS_097,13.806,4.4753,32.42,1.7036,3.6395,0.3381,4.8181,74.97,-10.32,US,1,NORMAL,0.0766,0,0,ENTSOG_TRANSPARENCY,2024-08-25
2022-08-06,CY,CY_UGS_098,7.5056,4.9965,66.57,1.5501,2.2016,0.8099,5.0797,147.09,9.55,IN,1,NORMAL,0.3202,0,0,AGSI_PLUS,2024-09-28
2022-08-23,GR,GR_UGS_099,13.4171,11.6063,86.5,1.4963,2.6881,0.1606,3.6398,218.88,23.29,US,1,EARLY_WARNING,0.2869,0,1,NATIONAL_GAS_TSO,2025-07-25
2022-09-09,MT,MT_UGS_100,7.877,2.5122,31.89,1.6197,3.9653,1.9912,7.769,134.51,7.46,IN,0,NORMAL,0.2626,0,0,MARKET_DATA_PROVIDER,2024-01-24
2022-09-26,ES,ES_UGS_101,6.4649,3.5716,55.25,1.6352,4.5037,0.239,6.4063,204.26,17.71,US,1,NORMAL,0.1546,0,0,ENTSOG_TRANSPARENCY,2024-08-01
2022-10-13,CZ,CZ_UGS_102,6.446,2.7427,42.55,0.4483,0.1888,1.8064,1.7282,206.88,20.16,IN,1,NORMAL,0.1498,0,0,AGSI_PLUS,2025-11-09
2022-10-30,HU,HU_UGS_103,7.1656,6.5988,92.09,0.0206,1.0547,1.1863,2.3056,188.95,-2.83,US,1,NORMAL,0.291,0,1,NATIONAL_GAS_TSO,2024-05-15
2022-11-16,NL,NL_UGS_104,14.7372,4.6507,31.56,1.9123,1.2008,1.0348,3.9499,166.76,1.93,IN,1,EARLY_WARNING,0.2285,0,0,MARKET_DATA_PROVIDER,2024-04-24
2022-12-03,SE,SE_UGS_105,13.9154,3.5516,25.52,2.7355,3.0757,2.0657,7.0672,45.16,22.82,US,1,NORMAL,0.1097,0,0,ENTSOG_TRANSPARENCY,2025-05-01
2022-12-20,DK,DK_UGS_106,11.9593,1.8862,15.77,0.8456,1.1966,1.3543,2.6773,197.24,11.75,IN,1,ALERT,0.0366,0,0,AGSI_PLUS,2024-09-04
2023-01-06,IE,IE_UGS_107,2.1001,1.983,94.43,1.1408,6.6175,1.5992,9.0651,104.66,15.85,US,1,EARLY_WARNING,0.1201,0,1,NATIONAL_GAS_TSO,2024-08-09
2023-01-23,PL,PL_UGS_108,11.1805,4.2769,38.25,1.4448,0.9055,1.6168,3.3659,37.93,7.63,IN,1,NORMAL,0.1589,0,0,MARKET_DATA_PROVIDER,2026-01-29
2023-02-09,AT,AT_UGS_109,6.1942,4.5335,73.19,0.1937,3.6511,1.6225,5.9516,103.17,7.94,US,1,NORMAL,0.0053,0,0,ENTSOG_TRANSPARENCY,2024-05-13
2023-02-26,EE,EE_UGS_110,1.6168,1.2368,76.5,2.3633,2.1548,0.5943,5.178,109.8,9.17,IN,0,NORMAL,0.19,0,1,AGSI_PLUS,2025-05-07
2023-03-15,IT,IT_UGS_111,3.5137,1.5454,43.98,1.8515,0.5491,1.775,3.9624,118.21,6.41,US,1,EARLY_WARNING,0.0433,0,0,NATIONAL_GAS_TSO,2024-09-12
2023-04-01,PT,PT_UGS_112,8.9548,2.9378,32.81,1.9317,0.5378,0.2792,3.1168,115.57,15.52,IN,1,NORMAL,0.2717,0,0,MARKET_DATA_PROVIDER,2025-09-14
2023-04-18,BE,BE_UGS_113,5.5036,4.1082,74.65,0.4475,5.7267,1.1362,7.4882,109.38,-6.49,US,1,NORMAL,0.2562,0,1,ENTSOG_TRANSPARENCY,2025-06-30
2023-05-05,FI,FI_UGS_114,6.9428,5.2572,75.72,1.1296,2.9099,2.0756,5.4958,76.24,13.19,IN,1,EARLY_WARNING,0.2995,0,0,AGSI_PLUS,2024-10-04
2023-05-22,LV,LV_UGS_115,9.1167,6.5601,71.96,2.3483,4.5007,0.0928,6.9709,103.36,-4.45,US,1,NORMAL,0.3026,0,0,NATIONAL_GAS_TSO,2025-12-05
2023-06-08,RO,RO_UGS_116,11.7683,1.6393,13.93,1.1961,2.7083,0.9202,5.2032,23.59,9.84,IN,1,NORMAL,0.0173,0,0,MARKET_DATA_PROVIDER,2024-06-23
2023-06-25,BG,BG_UGS_117,5.2564,3.6414,69.28,1.4203,7.3737,1.6541,10.7947,68.42,21.96,US,1,NORMAL,0.0894,0,1,ENTSOG_TRANSPARENCY,2024-01-05
2023-07-12,FR,FR_UGS_118,15.281,6.3308,41.43,0.3395,4.6105,0.6849,6.1483,96.34,7.3,IN,0,NORMAL,0.1067,0,0,AGSI_PLUS,2025-02-12
2023-07-29,LT,LT_UGS_119,13.3194,10.1157,75.95,0.4952,0.3381,0.7662,0.846,75.43,0.61,US,1,NORMAL,0.1867,0,1,NATIONAL_GAS_TSO,2025-05-16
2023-08-15,SK,SK_UGS_120,10.7857,8.0523,74.66,1.6714,1.6005,0.3745,3.1655,100.15,-7.82,IN,1,NORMAL,0.1061,0,0,MARKET_DATA_PROVIDER,2024-11-18
2023-09-01,HR,HR_UGS_121,11.7018,1.9708,16.84,2.8703,2.8696,1.0475,6.1223,28.84,14.6,US,0,NORMAL,0.3173,0,0,ENTSOG_TRANSPARENCY,2024-09-14
2023-09-18,DE,DE_UGS_122,5.7417,3.1642,55.11,0.1144,3.1006,1.0718,4.837,58.61,-5.26,IN,0,NORMAL,0.0749,0,0,AGSI_PLUS,2024-09-02
2023-10-05,LU,LU_UGS_123,10.4937,7.6464,72.87,3.235,5.5841,0.3266,9.0385,97.05,3.06,US,1,EARLY_WARNING,0.3202,0,1,NATIONAL_GAS_TSO,2025-10-18
2023-10-22,SI,SI_UGS_124,9.9936,4.188,41.91,0.4994,1.6242,0.4972,2.3799,88.64,23.04,IN,1,NORMAL,0.2129,0,0,MARKET_DATA_PROVIDER,2024-05-13
2023-11-08,CY,CY_UGS_125,10.3915,3.1073,29.9,0.7883,0.4104,0.486,2.0548,80.94,-6.99,US,0,EARLY_WARNING,0.1154,0,0,ENTSOG_TRANSPARENCY,2024-01-20
2023-11-25,GR,GR_UGS_126,3.0684,3.0254,98.6,2.2838,2.6824,1.3746,6.3823,85.11,21.98,IN,1,NORMAL,0.0877,0,1,AGSI_PLUS,2025-04-24
2023-12-12,MT,MT_UGS_127,1.3248,0.8709,65.74,0.933,0.795,1.1613,3.1793,49.81,-4.72,US,1,NORMAL,0.1379,0,1,NATIONAL_GAS_TSO,2024-02-16
2023-12-29,ES,ES_UGS_128,13.8715,4.4434,32.03,0.7641,5.4729,0.4773,6.9568,81.93,3.56,IN,1,NORMAL,0.2919,0,0,MARKET_DATA_PROVIDER,2024-11-17
2024-01-15,CZ,CZ_UGS_129,11.9684,10.8163,90.37,0.0382,4.9137,0.6708,5.2395,82.2,7.69,US,1,NORMAL,0.3205,0,1,ENTSOG_TRANSPARENCY,2024-07-19
2024-02-01,HU,HU_UGS_130,9.5434,0.9205,9.65,1.1186,0.6599,0.8333,3.0269,106.27,18.19,IN,1,ALERT,0.2668,1,0,AGSI_PLUS,2024-11-13
2024-02-18,NL,NL_UGS_131,4.8785,3.121,63.97,0.9931,5.6071,0.6827,7.7697,84.69,-3.64,US,0,NORMAL,0.1477,0,1,NATIONAL_GAS_TSO,2025-04-11
2024-03-06,SE,SE_UGS_132,14.3715,12.2499,85.24,1.8326,4.315,0.521,6.6049,58.16,14.4,IN,0,NORMAL,0.1757,0,1,MARKET_DATA_PROVIDER,2024-09-17
2024-03-23,DK,DK_UGS_133,11.2126,9.9817,89.02,1.2638,4.0619,1.6182,6.3045,39.14,-9.49,US,0,NORMAL,0.244,0,1,ENTSOG_TRANSPARENCY,2024-08-28
2024-04-09,IE,IE_UGS_134,0.9783,0.099,10.12,0.7061,1.4969,0.9456,3.1979,46.75,11.27,IN,0,NORMAL,0.2784,0,0,AGSI_PLUS,2025-11-10
2024-04-26,PL,PL_UGS_135,1.2504,0.4829,38.62,0.7237,1.3359,1.1429,3.2939,74.66,-6.73,US,1,NORMAL,0.3035,0,0,NATIONAL_GAS_TSO,2024-07-09
2024-05-13,AT,AT_UGS_136,12.5152,9.486,75.8,1.6622,0.4905,1.2046,3.8444,101.76,-6.81,IN,0,NORMAL,0.0932,0,0,MARKET_DATA_PROVIDER,2025-07-02
2024-05-30,EE,EE_UGS_137,8.345,6.9624,83.43,1.2247,3.2197,1.0995,5.8573,73.28,-3.1,US,1,NORMAL,0.1072,0,1,ENTSOG_TRANSPARENCY,2025-08-31
2024-06-16,IT,IT_UGS_138,11.1807,6.5222,58.33,0.1013,5.927,1.9618,8.5825,61.44,-0.72,IN,1,NORMAL,0.2139,0,0,AGSI_PLUS,2026-02-18
2024-07-03,PT,PT_UGS_139,9.7774,7.7769,79.54,1.9704,5.6958,0.9981,8.4914,115.92,1.88,US,1,NORMAL,0.1562,0,1,NATIONAL_GAS_TSO,2025-11-05
2024-07-20,BE,BE_UGS_140,12.2534,1.2698,10.36,0.4717,2.8468,1.3805,4.6945,21.13,23.55,IN,0,NORMAL,0.1314,0,0,MARKET_DATA_PROVIDER,2025-11-28
2024-08-06,FI,FI_UGS_141,10.4977,6.4256,61.21,2.9481,5.5454,0.9632,8.858,41.78,16.95,US,0,NORMAL,0.2887,0,1,ENTSOG_TRANSPARENCY,2024-06-06
2024-08-23,LV,LV_UGS_142,9.7577,6.4288,65.88,2.0912,6.1126,0.0536,7.6735,95.54,-8.76,IN,1,NORMAL,0.1734,0,0,AGSI_PLUS,2025-04-30
2024-09-09,RO,RO_UGS_143,17.2599,4.7636,27.6,2.2645,3.7869,0.7635,7.1777,104.82,6.39,US,0,ALERT,0.3919,0,0,NATIONAL_GAS_TSO,2024-09-28
2024-09-26,BG,BG_UGS_144,6.3094,2.1345,33.83,3.3638,0.2907,0.828,4.0415,62.73,-7.57,IN,1,NORMAL,0.1163,0,0,MARKET_DATA_PROVIDER,2025-12-09
2024-10-13,FR,FR_UGS_145,8.7947,6.0544,68.84,2.3552,1.0406,1.4417,4.4127,41.03,22.56,US,0,NORMAL,0.2887,0,0,ENTSOG_TRANSPARENCY,2025-11-30
2024-10-30,LT,LT_UGS_146,18.385,11.4334,62.19,0.0597,0.577,1.3039,1.1705,117.17,20.73,IN,1,EARLY_WARNING,0.1659,0,0,AGSI_PLUS,2025-01-17
2024-11-16,SK,SK_UGS_147,7.2953,0.9156,12.55,2.249,1.45,0.5445,3.9475,119.4,12.69,US,1,EMERGENCY,0.4011,1,0,NATIONAL_GAS_TSO,2024-06-18
2024-12-03,HR,HR_UGS_148,1.2508,0.5884,47.04,0.7767,1.7946,0.762,3.8058,38.5,24.43,IN,1,NORMAL,0.1807,0,0,MARKET_DATA_PROVIDER,2024-05-27
2024-12-20,DE,DE_UGS_149,1.3381,0.1369,10.23,0.3241,4.6012,0.2269,4.5716,35.3,-6.87,US,1,NORMAL,0.2896,0,0,ENTSOG_TRANSPARENCY,2024-11-26
2025-01-06,LU,LU_UGS_150,0.8714,0.4966,56.99,3.2627,0.3176,1.4238,4.0797,70.18,-11.26,IN,0,NORMAL,0.1713,0,0,AGSI_PLUS,2025-12-27
2025-01-23,SI,SI_UGS_151,9.8071,2.8358,28.92,2.1368,2.9072,0.1579,5.0969,45.19,3.96,US,1,NORMAL,0.2103,0,0,NATIONAL_GAS_TSO,2025-09-30
2025-02-09,CY,CY_UGS_152,8.6198,1.7032,19.76,1.6056,2.3917,0.8239,4.3733,28.74,9.86,IN,1,NORMAL,0.329,0,0,MARKET_DATA_PROVIDER,2025-05-24
2025-02-26,GR,GR_UGS_153,7.4979,1.3447,17.93,1.8496,5.5591,1.2619,7.9657,28.53,-5.32,US,1,NORMAL,0.2744,0,0,ENTSOG_TRANSPARENCY,2025-06-09
2025-03-15,MT,MT_UGS_154,9.7538,3.0636,31.41,0.5544,1.8193,0.8713,3.6109,76.84,7.17,IN,1,EARLY_WARNING,0.1122,0,0,AGSI_PLUS,2025-08-15
2025-04-01,ES,ES_UGS_155,9.3137,7.8528,84.32,1.2095,5.8296,1.932,8.6419,86.82,17.34,US,1,EARLY_WARNING,0.1539,0,1,NATIONAL_GAS_TSO,2025-03-25
2025-04-18,CZ,CZ_UGS_156,7.973,3.9301,49.29,1.9221,5.2516,1.4216,8.5801,41.81,3.15,IN,1,NORMAL,0.0475,0,0,MARKET_DATA_PROVIDER,2024-08-11
2025-05-05,HU,HU_UGS_157,18.5033,16.9958,91.85,0.1613,2.5801,1.0204,4.3337,97.2,-0.78,US,0,NORMAL,0.0489,0,1,ENTSOG_TRANSPARENCY,2024-02-11
2025-05-22,NL,NL_UGS_158,6.533,1.6596,25.4,1.1572,2.7974,0.5172,3.5704,102.71,-8.6,IN,1,EARLY_WARNING,0.2538,0,0,AGSI_PLUS,2025-04-03
2025-06-08,SE,SE_UGS_159,11.0333,7.4022,67.09,0.5102,2.7942,0.7855,4.2586,24.54,10.54,US,0,NORMAL,0.2829,0,1,NATIONAL_GAS_TSO,2024-05-25
2025-06-25,DK,DK_UGS_160,11.9585,6.2023,51.87,1.0897,4.8064,0.6538,6.9082,86.83,13.62,IN,0,NORMAL,0.0871,0,0,MARKET_DATA_PROVIDER,2024-12-26
2025-07-12,IE,IE_UGS_161,9.1059,2.4009,26.37,0.1912,4.1242,1.2208,4.684,79.5,15.79,US,1,EARLY_WARNING,0.0405,0,0,ENTSOG_TRANSPARENCY,2025-05-10
2025-07-29,PL,PL_UGS_162,1.2303,0.9829,79.89,0.0736,1.2312,2.0919,2.9799,47.63,-7.09,IN,1,NORMAL,0.3138,0,1,AGSI_PLUS,2024-04-25
2025-08-15,AT,AT_UGS_163,5.1369,2.7384,53.31,1.253,3.5231,1.4565,5.8105,108.19,20.91,US,0,EARLY_WARNING,0.1683,0,0,NATIONAL_GAS_TSO,2024-08-06
2025-09-01,EE,EE_UGS_164,13.8266,6.5194,47.15,2.0526,0.9665,1.2473,4.1807,26.54,9.33,IN,1,NORMAL,0.2035,0,0,MARKET_DATA_PROVIDER,2024-04-12
2025-09-18,IT,IT_UGS_165,2.4989,0.4006,16.03,0.2895,3.9723,1.2435,6.0287,18.94,18.19,US,1,NORMAL,0.2686,0,0,ENTSOG_TRANSPARENCY,2024-03-02
2025-10-05,PT,PT_UGS_166,3.4998,1.7156,49.02,1.8936,5.24,1.6582,8.4877,51.41,-1.28,IN,0,NORMAL,0.1537,0,0,AGSI_PLUS,2025-04-08
2025-10-22,BE,BE_UGS_167,10.8157,8.4803,78.41,3.0859,0.8245,0.4041,3.5497,107.67,-8.18,US,1,NORMAL,0.3145,0,1,NATIONAL_GAS_TSO,2024-05-30
2025-11-08,FI,FI_UGS_168,10.682,3.8263,35.82,1.4081,0.606,1.0742,2.6533,69.92,18.69,IN,1,NORMAL,0.2738,0,0,MARKET_DATA_PROVIDER,2025-12-30
2025-11-25,LV,LV_UGS_169,9.0579,1.235,13.63,0.6381,1.2914,1.2971,3.285,64.04,1.32,US,1,NORMAL,0.1798,0,0,ENTSOG_TRANSPARENCY,2024-03-02
2025-12-12,RO,RO_UGS_170,3.7632,1.3529,35.95,0.2115,4.9022,0.8771,6.0484,68.13,3.55,IN,1,NORMAL,0.127,0,0,AGSI_PLUS,2024-01-16
2025-12-29,BG,BG_UGS_171,12.0455,8.623,71.59,0.8898,6.1695,1.2966,8.0669,18.16,-1.36,US,1,NORMAL,0.1519,0,0,NATIONAL_GAS_TSO,2024-11-07
2026-01-15,FR,FR_UGS_172,1.1302,0.5154,45.61,1.4776,7.2726,0.3766,9.5913,53.47,14.95,IN,1,NORMAL,0.2492,0,0,MARKET_DATA_PROVIDER,2025-12-31
2026-02-01,LT,LT_UGS_173,1.5433,0.1644,10.65,0.5436,5.3223,0.5269,6.1546,64.61,-6.99,US,1,NORMAL,0.1684,0,0,ENTSOG_TRANSPARENCY,2026-02-16
2026-02-18,SK,SK_UGS_174,4.6584,2.8277,60.7,1.596,3.6853,1.7205,6.2613,77.42,11.5,IN,1,NORMAL,0.1412,0,1,AGSI_PLUS,2024-05-30
2018-01-10,HR,HR_UGS_175,0.9797,0.7748,79.08,0.9168,0.7265,1.7268,3.4156,22.53,-4.18,US,0,NORMAL,0.1504,0,1,NATIONAL_GAS_TSO,2024-07-04
2018-01-27,DE,DE_UGS_176,10.1317,3.2789,32.36,1.9543,0.9994,2.1258,5.5027,16.19,16.1,IN,0,NORMAL,0.0606,0,0,MARKET_DATA_PROVIDER,2024-07-26
2018-02-13,LU,LU_UGS_177,3.9602,2.3234,58.67,2.9836,2.1312,1.9589,6.6835,16.44,11.75,US,0,NORMAL,0.0653,0,1,ENTSOG_TRANSPARENCY,2025-01-18
2018-03-02,SI,SI_UGS_178,3.011,0.4862,16.15,2.1755,1.5665,1.0024,4.7884,24.97,-7.25,IN,0,NORMAL,0.1646,0,0,AGSI_PLUS,2025-06-20
2018-03-19,CY,CY_UGS_179,12.5135,8.8366,70.62,1.0279,1.0301,2.2052,4.5798,11.72,-4.71,US,0,NORMAL,0.2305,0,0,NATIONAL_GAS_TSO,2025-12-27
2018-04-05,GR,GR_UGS_180,6.6351,4.2781,64.48,0.615,2.5163,1.1764,3.3644,12.67,22.58,IN,0,NORMAL,0.0711,0,0,MARKET_DATA_PROVIDER,2024-02-04
2018-04-22,MT,MT_UGS_181,17.3438,11.5789,66.76,0.1847,2.6823,0.9402,4.0109,21.96,13.03,US,0,NORMAL,0.2116,0,0,ENTSOG_TRANSPARENCY,2024-05-10
2018-05-09,ES,ES_UGS_182,11.318,10.5308,93.04,3.0252,3.5736,0.3685,6.7514,23.95,-0.08,IN,0,NORMAL,0.1346,0,1,AGSI_PLUS,2025-11-22
2018-05-26,CZ,CZ_UGS_183,1.9575,0.4623,23.62,0.9731,2.4736,0.4534,4.3248,22.32,11.05,US,0,NORMAL,0.1638,0,0,NATIONAL_GAS_TSO,2024-12-24
2018-06-12,HU,HU_UGS_184,9.1785,3.6336,39.59,2.9935,1.4216,0.5458,4.2065,21.38,22.15,IN,0,NORMAL,0.2544,0,0,MARKET_DATA_PROVIDER,2025-05-30
2018-06-29,NL,NL_UGS_185,10.3625,4.1284,39.84,0.0144,4.2039,0.0217,4.1209,26.89,-5.25,US,0,NORMAL,0.1873,0,0,ENTSOG_TRANSPARENCY,2025-04-05
2018-07-16,SE,SE_UGS_186,6.7252,3.7795,56.2,1.7319,3.9461,0.4804,5.8542,19.5,17.34,IN,0,NORMAL,0.0724,0,0,AGSI_PLUS,2024-09-26
2018-08-02,DK,DK_UGS_187,7.8046,5.2959,67.86,0.3707,0.3223,1.6133,2.0249,16.02,21.43,US,0,NORMAL,0.2681,0,0,NATIONAL_GAS_TSO,2024-11-30
2018-08-19,IE,IE_UGS_188,1.5317,1.0824,70.66,3.1637,0.7936,1.4348,5.165,27.21,12.62,IN,0,NORMAL,0.0634,0,0,MARKET_DATA_PROVIDER,2024-09-03
2018-09-05,PL,PL_UGS_189,16.675,12.4968,74.94,1.0634,1.1804,0.4669,1.9494,23.81,7.23,US,0,NORMAL,0.0057,0,0,ENTSOG_TRANSPARENCY,2024-10-06
2018-09-22,AT,AT_UGS_190,11.5911,7.5685,65.3,0.5152,2.0943,1.056,2.7222,17.12,22.47,IN,0,NORMAL,0.2425,0,0,AGSI_PLUS,2024-06-11
2018-10-09,EE,EE_UGS_191,12.3645,6.4235,51.95,2.9394,3.0517,0.5352,6.3237,18.62,-2.15,US,0,NORMAL,0.0602,0,0,NATIONAL_GAS_TSO,2024-04-10
2018-10-26,IT,IT_UGS_192,15.9546,8.8534,55.49,1.6329,2.4365,0.5537,4.3582,18.29,15.77,IN,0,NORMAL,0.0597,0,0,MARKET_DATA_PROVIDER,2025-03-18
2018-11-12,PT,PT_UGS_193,12.9742,1.0536,8.12,0.4622,0.9093,0.6382,2.4544,10.07,-2.34,US,0,NORMAL,0.2832,0,0,ENTSOG_TRANSPARENCY,2024-11-08
2018-11-29,BE,BE_UGS_194,7.1841,2.481,34.54,1.5827,1.1517,0.2517,2.3219,22.44,-8.28,IN,0,NORMAL,0.244,0,0,AGSI_PLUS,2024-01-17
2018-12-16,FI,FI_UGS_195,10.7244,10.4849,97.77,1.3604,4.0221,1.4301,6.1337,24.37,-5.13,US,0,NORMAL,0.0235,0,1,NATIONAL_GAS_TSO,2024-11-02
2019-01-02,LV,LV_UGS_196,15.0483,5.7017,37.89,1.8587,5.308,1.0169,7.2109,18.49,-7.85,IN,0,NORMAL,0.2141,0,0,MARKET_DATA_PROVIDER,2024-10-07
2019-01-19,RO,RO_UGS_197,17.0635,16.5268,96.85,1.4521,7.1061,0.4984,9.5137,27.69,-9.8,US,0,NORMAL,0.2591,0,1,ENTSOG_TRANSPARENCY,2025-05-04
2019-02-05,BG,BG_UGS_198,2.0458,0.1847,9.03,0.548,4.6017,0.3169,5.0284,10.41,18.94,IN,0,NORMAL,0.0531,0,0,AGSI_PLUS,2025-04-08
2019-02-22,FR,FR_UGS_199,6.2901,0.6757,10.74,2.1931,2.7127,0.9736,4.9068,25.06,-1.37,US,0,NORMAL,0.1983,0,0,NATIONAL_GAS_TSO,2025-03-08
2019-03-11,LT,LT_UGS_200,13.7407,3.8944,28.34,2.2069,4.8229,0.9004,8.1872,13.71,-11.04,IN,0,NORMAL,0.1906,0,0,MARKET_DATA_PROVIDER,2024-02-02
2019-03-28,SK,SK_UGS_201,5.1916,2.2953,44.21,2.0995,6.0922,0.5274,8.7443,20.7,4.65,US,0,NORMAL,0.1942,0,0,ENTSOG_TRANSPARENCY,2024-04-06
2019-04-14,HR,HR_UGS_202,7.6163,2.8888,37.93,0.4763,0.6618,1.1348,2.1131,27.59,15.14,IN,0,NORMAL,0.1877,0,0,AGSI_PLUS,2024-05-27
2019-05-01,DE,DE_UGS_203,12.711,12.4175,97.69,2.2163,4.1611,0.8647,6.523,19.98,20.09,US,1,NORMAL,0.0812,0,1,NATIONAL_GAS_TSO,2025-01-24
2019-05-18,LU,LU_UGS_204,7.3981,3.8764,52.4,0.3869,5.5375,0.8297,7.1074,17.79,-0.78,IN,0,NORMAL,0.1153,0,1,MARKET_DATA_PROVIDER,2025-12-01
2019-06-04,SI,SI_UGS_205,10.5463,6.2292,59.07,0.1647,5.9807,0.8601,6.9591,19.22,20.5,US,0,NORMAL,0.2654,0,1,ENTSOG_TRANSPARENCY,2026-01-29
2019-06-21,CY,CY_UGS_206,13.6755,6.6216,48.42,2.4993,3.5856,0.2575,6.267,13.59,13.74,IN,1,NORMAL,0.2463,0,0,AGSI_PLUS,2026-02-21
2019-07-08,GR,GR_UGS_207,11.0489,4.686,42.41,0.9929,1.127,0.9555,3.2941,27.52,3.28,US,0,NORMAL,0.2806,0,0,NATIONAL_GAS_TSO,2025-12-08
2019-07-25,MT,MT_UGS_208,10.3389,2.7449,26.55,2.2301,3.9115,0.9982,6.2707,26.34,4.11,IN,0,NORMAL,0.0723,0,0,MARKET_DATA_PROVIDER,2025-03-15
2019-08-11,ES,ES_UGS_209,2.8377,1.6438,57.93,0.0712,1.1777,2.0332,3.4257,15.9,-3.57,US,0,NORMAL,0.1163,0,0,ENTSOG_TRANSPARENCY,2026-01-26
2019-08-28,CZ,CZ_UGS_210,7.5941,6.5931,86.82,1.2198,0.1992,1.2041,2.3643,18.18,1.56,IN,0,NORMAL,0.0143,0,1,AGSI_PLUS,2025-05-10
2019-09-14,HU,HU_UGS_211,6.9471,3.649,52.53,1.4781,2.8352,0.9342,4.7075,19.07,-5.11,US,0,NORMAL,0.3132,0,0,NATIONAL_GAS_TSO,2025-03-08
2019-10-01,NL,NL_UGS_212,19.9806,13.7933,69.03,0.3569,2.0397,0.2776,2.5229,17.48,-0.9,IN,0,NORMAL,0.2968,0,0,MARKET_DATA_PROVIDER,2025-07-28
2019-10-18,SE,SE_UGS_213,0.2863,0.1392,48.61,2.2852,5.2093,2.1428,10.1689,20.72,-12.0,US,1,NORMAL,0.1203,0,0,ENTSOG_TRANSPARENCY,2025-03-28
2019-11-04,DK,DK_UGS_214,8.0177,1.7638,22.0,1.863,7.9629,0.393,9.276,20.51,1.56,IN,1,NORMAL,0.0179,0,0,AGSI_PLUS,2024-01-19
2019-11-21,IE,IE_UGS_215,6.886,5.3992,78.41,1.6589,4.1881,1.6653,7.1541,26.5,23.6,US,0,NORMAL,0.2568,0,0,NATIONAL_GAS_TSO,2025-03-06
2019-12-08,PL,PL_UGS_216,1.412,0.6108,43.26,0.3053,0.5033,1.0778,2.3642,18.32,7.86,IN,1,NORMAL,0.3225,0,0,MARKET_DATA_PROVIDER,2025-02-14
2019-12-25,AT,AT_UGS_217,2.2653,0.8792,38.81,0.3825,6.2519,0.7293,6.3646,24.35,-8.78,US,0,NORMAL,0.2889,0,0,ENTSOG_TRANSPARENCY,2024-11-01
2020-01-11,EE,EE_UGS_218,10.3837,8.3595,80.51,0.6772,0.6205,0.6652,1.5498,8.42,12.38,IN,1,NORMAL,0.2692,0,1,AGSI_PLUS,2025-07-01
2020-01-28,IT,IT_UGS_219,14.9124,6.9358,46.51,0.1003,2.9666,0.2301,3.4114,12.6,0.03,US,0,NORMAL,0.0108,0,1,NATIONAL_GAS_TSO,2025-02-28
2020-02-14,PT,PT_UGS_220,13.1621,1.3882,10.55,1.9943,3.3728,1.2493,5.7627,20.22,14.35,IN,0,NORMAL,0.0114,0,0,MARKET_DATA_PROVIDER,2025-05-11
2020-03-02,BE,BE_UGS_221,0.5005,0.4255,85.01,2.1638,3.3875,0.7285,6.0753,11.14,23.57,US,1,NORMAL,0.2941,0,1,ENTSOG_TRANSPARENCY,2024-09-23
2020-03-19,FI,FI_UGS_222,0.5587,0.3177,56.86,1.839,0.1113,0.3714,2.598,14.93,-11.93,IN,1,NORMAL,0.2828,0,1,AGSI_PLUS,2026-02-15
2020-04-05,LV,LV_UGS_223,11.4482,10.9463,95.62,0.9629,2.2589,0.7806,3.9845,12.43,16.47,US,1,NORMAL,0.1471,0,1,NATIONAL_GAS_TSO,2025-11-02
2020-04-22,RO,RO_UGS_224,0.3203,0.0633,19.75,2.1543,2.2895,0.6465,4.1144,6.37,3.74,IN,0,NORMAL,0.2252,0,0,MARKET_DATA_PROVIDER,2024-04-19
2020-05-09,BG,BG_UGS_225,6.9334,0.9406,13.57,1.8931,7.5729,0.7834,9.2828,18.56,-6.73,US,0,NORMAL,0.2111,0,0,ENTSOG_TRANSPARENCY,2024-11-30
2020-05-26,FR,FR_UGS_226,2.0738,1.6465,79.39,1.7061,5.6998,1.531,8.7339,7.99,13.17,IN,1,NORMAL,0.2418,0,1,AGSI_PLUS,2026-01-09
2020-06-12,LT,LT_UGS_227,3.2723,0.8298,25.36,3.0619,0.7734,0.1289,4.4516,13.61,-1.59,US,0,NORMAL,0.1091,0,0,NATIONAL_GAS_TSO,2024-09-17
2020-06-29,SK,SK_UGS_228,7.166,5.1817,72.31,1.9316,4.6212,1.2144,7.1238,7.52,-5.95,IN,0,NORMAL,0.0902,0,1,MARKET_DATA_PROVIDER,2024-11-26
2020-07-16,HR,HR_UGS_229,12.1841,7.478,61.38,0.3527,2.0142,1.8051,4.6862,17.62,22.58,US,1,NORMAL,0.1077,0,0,ENTSOG_TRANSPARENCY,2025-05-19
2020-08-02,DE,DE_UGS_230,7.3814,6.4519,87.41,0.4609,0.3336,0.9945,0.94,6.44,10.63,IN,0,NORMAL,0.1819,0,1,AGSI_PLUS,2025-03-19
2020-08-19,LU,LU_UGS_231,11.4473,6.5491,57.21,0.7685,6.419,1.7036,8.8631,18.91,-1.39,US,0,NORMAL,0.1815,0,0,NATIONAL_GAS_TSO,2025-04-26
2020-09-05,SI,SI_UGS_232,19.0464,1.577,8.28,0.9888,5.947,2.0285,9.1911,9.4,-8.11,IN,0,NORMAL,0.0602,0,0,MARKET_DATA_PROVIDER,2024-05-12
2020-09-22,CY,CY_UGS_233,12.9733,12.2396,94.34,2.1686,3.9688,1.975,7.1381,10.15,-2.29,US,0,NORMAL,0.2978,0,1,ENTSOG_TRANSPARENCY,2025-01-27
2020-10-09,GR,GR_UGS_234,12.3129,7.1872,58.37,0.4598,3.0713,1.0417,4.9005,16.06,9.38,IN,0,NORMAL,0.1041,0,0,AGSI_PLUS,2026-02-16
2020-10-26,MT,MT_UGS_235,9.439,3.1032,32.88,0.2376,4.3217,2.3157,7.2609,15.35,5.07,US,0,NORMAL,0.0903,0,0,NATIONAL_GAS_TSO,2025-03-20
2020-11-12,ES,ES_UGS_236,1.9224,0.6241,32.46,0.9854,2.3939,0.7223,3.8269,15.22,24.1,IN,0,NORMAL,0.2554,0,0,MARKET_DATA_PROVIDER,2025-10-10
2020-11-29,CZ,CZ_UGS_237,14.9713,5.3942,36.03,2.8678,2.9851,0.5306,5.9885,9.31,1.8,US,0,NORMAL,0.2894,0,0,ENTSOG_TRANSPARENCY,2025-08-17
2020-12-16,HU,HU_UGS_238,6.1241,5.0575,82.58,0.4125,7.9692,0.7559,9.2196,11.2,23.06,IN,0,NORMAL,0.2005,0,1,AGSI_PLUS,2025-12-31
2021-01-02,NL,NL_UGS_239,14.8207,2.32,15.65,2.846,6.7953,0.2211,9.8845,77.02,-6.72,US,0,NORMAL,0.1127,0,0,NATIONAL_GAS_TSO,2024-07-03
2021-01-19,SE,SE_UGS_240,5.0924,3.4226,67.21,0.5152,2.5243,0.0514,3.2381,60.43,-10.71,IN,0,NORMAL,0.0344,0,0,MARKET_DATA_PROVIDER,2025-07-14
2021-02-05,DK,DK_UGS_241,10.5862,7.5539,71.36,0.574,5.1085,1.3949,7.6269,25.44,0.56,US,0,NORMAL,0.2437,0,1,ENTSOG_TRANSPARENCY,2024-11-18
2021-02-22,IE,IE_UGS_242,15.517,7.9709,51.37,1.2783,4.3962,0.2548,5.7018,55.15,20.74,IN,0,NORMAL,0.1119,0,0,AGSI_PLUS,2024-04-11
2021-03-11,PL,PL_UGS_243,5.426,4.9786,91.75,0.5297,4.3234,1.4822,6.6579,89.71,-1.75,US,0,NORMAL,0.0148,0,1,NATIONAL_GAS_TSO,2024-06-05
2021-03-28,AT,AT_UGS_244,8.2117,3.2773,39.91,1.1043,1.2681,1.4044,3.4605,45.21,12.93,IN,0,NORMAL,0.2041,0,0,MARKET_DATA_PROVIDER,2025-07-01
2021-04-14,EE,EE_UGS_245,3.0609,2.6411,86.29,1.4425,4.9733,0.5058,6.7317,51.44,9.8,US,0,NORMAL,0.0377,0,1,ENTSOG_TRANSPARENCY,2024-05-29
2021-05-01,IT,IT_UGS_246,15.3505,1.584,10.32,0.5764,4.6442,0.0372,4.7677,51.13,13.16,IN,0,NORMAL,0.2498,0,0,AGSI_PLUS,2026-02-02
2021-05-18,PT,PT_UGS_247,1.9185,1.492,77.77,1.1824,1.1085,0.9962,3.2493,50.88,-11.39,US,0,NORMAL,0.2209,0,1,NATIONAL_GAS_TSO,2024-11-19
2021-06-04,BE,BE_UGS_248,6.8311,2.9775,43.59,0.9503,0.8575,1.19,3.1398,28.15,-8.38,IN,0,NORMAL,0.3158,0,0,MARKET_DATA_PROVIDER,2024-09-05
2021-06-21,FI,FI_UGS_249,15.231,6.7315,44.2,0.6674,0.5669,0.8667,1.922,75.28,-9.81,US,1,NORMAL,0.0373,0,0,ENTSOG_TRANSPARENCY,2025-12-03
2021-07-08,LV,LV_UGS_250,14.6728,10.9847,74.86,0.8726,6.4356,0.5911,7.9304,50.84,-3.71,IN,1,NORMAL,0.0227,0,0,AGSI_PLUS,2024-10-01
2021-07-25,RO,RO_UGS_251,14.1822,4.4913,31.67,1.7177,2.811,0.072,3.7596,79.26,7.39,US,1,EARLY_WARNING,0.0784,0,0,NATIONAL_GAS_TSO,2024-12-18
2021-08-11,BG,BG_UGS_252,7.1931,0.7266,10.1,1.0115,6.7511,0.9078,8.5848,47.22,3.6,IN,0,NORMAL,0.0637,0,0,MARKET_DATA_PROVIDER,2025-12-27
2021-08-28,FR,FR_UGS_253,9.6894,1.5169,15.66,0.8637,4.2986,0.2607,5.8264,25.74,-2.69,US,1,NORMAL,0.0804,0,0,ENTSOG_TRANSPARENCY,2025-11-26
2021-09-14,LT,LT_UGS_254,16.0679,12.0646,75.09,0.5077,5.714,1.946,7.2632,92.68,-3.14,IN,0,EARLY_WARNING,0.0642,0,0,AGSI_PLUS,2024-09-23
2021-10-01,SK,SK_UGS_255,12.5353,7.6315,60.88,0.2826,0.5117,0.355,0.5175,45.98,-11.03,US,0,NORMAL,0.0328,0,1,NATIONAL_GAS_TSO,2025-01-15
2021-10-18,HR,HR_UGS_256,2.7097,2.4742,91.31,0.5497,1.8342,1.5711,3.4332,62.82,-7.17,IN,0,NORMAL,0.1601,0,1,MARKET_DATA_PROVIDER,2024-12-18
2021-11-04,DE,DE_UGS_257,5.1528,2.7139,52.67,1.9847,5.992,0.5765,8.8279,58.84,9.33,US,0,NORMAL,0.0809,0,0,ENTSOG_TRANSPARENCY,2024-03-21
2021-11-21,LU,LU_UGS_258,8.3149,2.9314,35.25,2.1403,8.0415,0.3178,10.7239,93.09,3.0,IN,0,NORMAL,0.2954,0,0,AGSI_PLUS,2025-02-10
2021-12-08,SI,SI_UGS_259,16.8016,14.9103,88.74,0.4808,0.7025,0.2593,1.0147,37.61,17.79,US,1,NORMAL,0.1686,0,1,NATIONAL_GAS_TSO,2025-08-03
2021-12-25,CY,CY_UGS_260,4.2365,1.7468,41.23,1.7675,0.295,0.2102,2.4494,74.52,-0.2,IN,0,NORMAL,0.1829,0,0,MARKET_DATA_PROVIDER,2025-10-01
2022-01-11,GR,GR_UGS_261,6.3262,2.9368,46.42,1.3097,4.7356,0.1289,5.1907,202.36,-8.35,US,1,EARLY_WARNING,0.0938,0,0,ENTSOG_TRANSPARENCY,2024-10-11
2022-01-28,MT,MT_UGS_262,1.4856,1.4624,98.44,1.1875,2.6642,0.8169,5.2335,111.63,5.34,IN,1,NORMAL,0.0246,0,1,AGSI_PLUS,2024-01-27
2022-02-14,ES,ES_UGS_263,8.3092,6.441,77.52,2.8152,5.1404,0.6353,8.6753,152.17,14.31,US,0,NORMAL,0.0853,0,1,NATIONAL_GAS_TSO,2025-06-09
2022-03-03,CZ,CZ_UGS_264,0.7042,0.0586,8.32,2.3395,4.5084,0.5664,7.662,152.37,10.34,IN,1,ALERT,0.3052,0,0,MARKET_DATA_PROVIDER,2025-07-31
2022-03-20,HU,HU_UGS_265,1.1283,0.8853,78.47,0.5936,8.1698,1.0437,9.7157,198.75,-9.99,US,1,EARLY_WARNING,0.2624,0,1,ENTSOG_TRANSPARENCY,2024-12-28
2022-04-06,NL,NL_UGS_266,5.952,4.0706,68.39,0.1146,0.1644,0.8121,0.9863,191.57,20.62,IN,1,NORMAL,0.0529,0,1,AGSI_PLUS,2024-01-21
2022-04-23,SE,SE_UGS_267,4.0591,3.9553,97.44,0.7327,4.3937,1.0628,6.1286,108.27,17.47,US,1,NORMAL,0.1742,0,1,NATIONAL_GAS_TSO,2024-10-07
2022-05-10,DK,DK_UGS_268,10.2192,8.7986,86.1,2.4066,4.397,1.2275,8.5847,155.65,-1.61,IN,1,EARLY_WARNING,0.0513,0,1,MARKET_DATA_PROVIDER,2024-10-06
2022-05-27,IE,IE_UGS_269,7.1096,1.656,23.29,1.5212,5.2348,0.5134,7.4653,200.37,5.2,US,0,NORMAL,0.1395,0,0,ENTSOG_TRANSPARENCY,2024-11-24
2022-06-13,PL,PL_UGS_270,15.7849,10.3271,65.42,0.4411,0.9997,0.5561,1.4464,211.05,-8.48,IN,0,EARLY_WARNING,0.152,0,0,AGSI_PLUS,2024-08-31
2022-06-30,AT,AT_UGS_271,4.391,2.6047,59.32,1.2161,0.2459,0.3073,2.3535,161.36,1.49,US,0,EARLY_WARNING,0.0566,0,0,NATIONAL_GAS_TSO,2024-01-28
2022-07-17,EE,EE_UGS_272,5.9797,2.429,40.62,1.7244,7.0502,0.7215,8.84,137.31,-8.99,IN,0,NORMAL,0.2656,0,0,MARKET_DATA_PROVIDER,2024-10-08
2022-08-03,IT,IT_UGS_273,2.2951,0.8602,37.48,0.3846,6.5742,0.0578,6.6141,177.44,-11.5,US,1,EARLY_WARNING,0.0964,0,0,ENTSOG_TRANSPARENCY,2024-05-31
2022-08-20,PT,PT_UGS_274,13.7992,6.2975,45.64,0.4459,4.6092,0.2907,5.6897,103.5,-4.88,IN,1,NORMAL,0.281,0,0,AGSI_PLUS,2024-02-22
2022-09-06,BE,BE_UGS_275,1.0585,0.6885,65.05,1.5647,0.2564,2.0675,4.1611,103.57,-0.93,US,1,NORMAL,0.1408,0,1,NATIONAL_GAS_TSO,2024-12-14
2022-09-23,FI,FI_UGS_276,5.6196,1.8773,33.41,0.941,1.6813,0.7592,3.1357,60.95,-0.83,IN,1,NORMAL,0.2418,0,0,MARKET_DATA_PROVIDER,2024-06-25
2022-10-10,LV,LV_UGS_277,6.0556,0.8315,13.73,0.2709,2.1687,1.2855,3.6883,162.17,22.44,US,1,EMERGENCY,0.1736,0,0,ENTSOG_TRANSPARENCY,2025-09-04
2022-10-27,RO,RO_UGS_278,4.9746,2.7213,54.7,0.3006,6.7376,0.9103,7.6262,196.52,18.83,IN,1,NORMAL,0.1385,0,0,AGSI_PLUS,2025-05-18
2022-11-13,BG,BG_UGS_279,0.7122,0.4077,57.24,1.31,1.5601,0.5296,2.8866,62.65,18.29,US,1,NORMAL,0.2548,0,0,NATIONAL_GAS_TSO,2025-11-01
2022-11-30,FR,FR_UGS_280,7.0599,0.645,9.14,0.3511,6.1938,0.6578,6.502,180.63,-5.5,IN,1,EARLY_WARNING,0.23,0,0,MARKET_DATA_PROVIDER,2024-06-11
2022-12-17,LT,LT_UGS_281,18.2842,2.4193,13.23,1.1835,0.6612,1.6281,3.6773,172.4,1.38,US,1,ALERT,0.5003,1,0,ENTSOG_TRANSPARENCY,2025-01-30
2023-01-03,SK,SK_UGS_282,7.5517,2.0222,26.78,3.2425,2.2003,0.9598,5.4319,108.0,6.17,IN,0,ALERT,0.0807,0,0,AGSI_PLUS,2024-01-14
2023-01-20,HR,HR_UGS_283,2.7345,0.3828,14.0,0.9767,2.4792,1.5273,4.3604,19.19,-5.37,US,0,NORMAL,0.1812,0,0,NATIONAL_GAS_TSO,2024-04-02
2023-02-06,DE,DE_UGS_284,9.557,5.4647,57.18,0.357,4.8455,0.2584,5.9088,70.98,-3.42,IN,1,NORMAL,0.2342,0,1,MARKET_DATA_PROVIDER,2025-03-25
2023-02-23,LU,LU_UGS_285,0.8978,0.6702,74.65,1.9896,0.5219,0.7576,2.7429,53.34,-5.1,US,1,NORMAL,0.121,0,1,ENTSOG_TRANSPARENCY,2024-05-10
2023-03-12,SI,SI_UGS_286,8.6683,6.6084,76.24,1.5402,2.1895,0.3899,3.444,100.58,-0.83,IN,0,NORMAL,0.1606,0,0,AGSI_PLUS,2025-11-30
2023-03-29,CY,CY_UGS_287,9.5935,8.7254,90.95,0.9308,0.0973,1.8654,3.2272,66.12,-9.9,US,0,NORMAL,0.3282,0,1,NATIONAL_GAS_TSO,2024-12-01
2023-04-15,GR,GR_UGS_288,10.2975,5.8674,56.98,0.6385,2.9656,2.2813,5.4172,25.4,-2.06,IN,0,NORMAL,0.1932,0,0,MARKET_DATA_PROVIDER,2024-12-05
2023-05-02,MT,MT_UGS_289,6.7231,1.2219,18.17,1.5196,7.1735,0.8725,9.8674,97.91,24.05,US,1,EARLY_WARNING,0.1652,0,0,ENTSOG_TRANSPARENCY,2025-10-20
2023-05-19,ES,ES_UGS_290,16.789,12.2085,72.72,0.5665,3.8506,1.091,4.8232,81.47,-10.79,IN,0,EARLY_WARNING,0.2335,0,0,AGSI_PLUS,2024-08-15
2023-06-05,CZ,CZ_UGS_291,5.8629,4.8342,82.45,1.2228,4.3915,1.1204,6.4301,20.56,18.37,US,1,NORMAL,0.0165,0,1,NATIONAL_GAS_TSO,2024-01-07
2023-06-22,HU,HU_UGS_292,13.6847,13.2254,96.64,0.5276,3.0043,0.009,2.8765,64.52,23.19,IN,1,NORMAL,0.1002,0,1,MARKET_DATA_PROVIDER,2024-04-24
2023-07-09,NL,NL_UGS_293,9.6383,0.9575,9.93,1.0811,1.6626,0.7161,3.086,81.17,-11.32,US,0,ALERT,0.2734,0,0,ENTSOG_TRANSPARENCY,2024-03-23
2023-07-26,SE,SE_UGS_294,5.6231,2.0294,36.09,0.3593,2.8544,0.8309,4.5567,26.46,15.94,IN,1,NORMAL,0.0918,0,0,AGSI_PLUS,2025-06-17
2023-08-12,DK,DK_UGS_295,16.7737,5.695,33.95,1.5645,5.1639,1.9788,8.7267,23.56,-11.0,US,0,NORMAL,0.1946,0,0,NATIONAL_GAS_TSO,2025-04-13
2023-08-29,IE,IE_UGS_296,11.0164,3.9679,36.02,1.4669,4.1517,0.3307,5.2797,61.23,6.03,IN,1,NORMAL,0.156,0,0,MARKET_DATA_PROVIDER,2026-01-15
2023-09-15,PL,PL_UGS_297,9.4057,0.9274,9.86,2.7008,1.4988,0.0466,3.993,113.82,11.21,US,0,EARLY_WARNING,0.0583,0,0,ENTSOG_TRANSPARENCY,2024-09-06
2023-10-02,AT,AT_UGS_298,4.4739,0.7553,16.88,2.8733,3.1692,1.1479,6.4302,65.48,8.92,IN,1,NORMAL,0.3198,0,0,AGSI_PLUS,2024-11-09
2023-10-19,EE,EE_UGS_299,7.3457,7.3058,99.46,1.3541,6.0654,0.7409,7.1644,75.81,22.92,US,0,NORMAL,0.1086,0,1,NATIONAL_GAS_TSO,2024-04-15
2023-11-05,IT,IT_UGS_300,13.2192,12.3166,93.17,0.886,1.103,0.6366,1.7857,68.37,-3.45,IN,1,NORMAL,0.1683,0,1,MARKET_DATA_PROVIDER,2024-12-08
2023-11-22,PT,PT_UGS_301,9.0032,1.8301,20.33,0.0017,2.6894,1.4456,3.3778,35.76,-2.96,US,1,NORMAL,0.1223,0,0,ENTSOG_TRANSPARENCY,2025-07-20
2023-12-09,BE,BE_UGS_302,1.4256,0.7385,51.8,0.9431,7.3958,0.0477,7.8736,79.39,-1.58,IN,1,EARLY_WARNING,0.1817,0,0,AGSI_PLUS,2024-09-11
2023-12-26,FI,FI_UGS_303,6.4383,5.6737,88.12,0.1774,3.5587,0.4432,4.3999,115.99,11.13,US,1,NORMAL,0.3173,0,1,NATIONAL_GAS_TSO,2024-04-26
2024-01-12,LV,LV_UGS_304,6.641,1.2321,18.55,1.2704,7.4022,0.493,8.4007,54.95,8.54,IN,1,NORMAL,0.0414,0,0,MARKET_DATA_PROVIDER,2024-12-13
2024-01-29,RO,RO_UGS_305,3.5294,1.379,39.07,0.6174,2.1109,0.8265,3.1074,108.0,-9.55,US,0,EARLY_WARNING,0.1992,0,0,ENTSOG_TRANSPARENCY,2024-09-24
2024-02-15,BG,BG_UGS_306,15.7087,8.1479,51.87,2.7982,3.9198,0.5314,7.7068,91.62,17.65,IN,1,NORMAL,0.2986,0,0,AGSI_PLUS,2025-04-19
2024-03-03,FR,FR_UGS_307,6.0032,1.6779,27.95,1.2554,6.0224,1.3271,8.5092,87.18,13.47,US,1,NORMAL,0.0919,0,0,NATIONAL_GAS_TSO,2025-11-05
2024-03-20,LT,LT_UGS_308,0.1835,0.0397,21.66,0.0873,2.3685,0.4612,2.4839,68.55,21.02,IN,1,NORMAL,0.1004,0,0,MARKET_DATA_PROVIDER,2025-09-25
2024-04-06,SK,SK_UGS_309,1.7991,0.6385,35.49,1.1803,2.5891,0.8776,5.1289,27.17,10.57,US,1,NORMAL,0.1599,0,0,ENTSOG_TRANSPARENCY,2024-09-28
2024-04-23,HR,HR_UGS_310,10.0421,2.4971,24.87,0.669,2.0018,1.2853,4.2477,119.98,1.34,IN,0,NORMAL,0.1523,0,0,AGSI_PLUS,2025-06-29
2024-05-10,DE,DE_UGS_311,13.0117,5.4878,42.18,0.8712,0.1312,1.0195,1.755,45.27,-1.5,US,1,NORMAL,0.2322,0,0,NATIONAL_GAS_TSO,2024-09-26
2024-05-27,LU,LU_UGS_312,13.5286,13.1935,97.52,1.0408,3.1014,0.2135,3.5627,71.06,23.03,IN,1,NORMAL,0.102,0,1,MARKET_DATA_PROVIDER,2025-01-03
2024-06-13,SI,SI_UGS_313,9.0021,6.8445,76.03,1.2036,2.8927,1.3793,5.9754,45.53,23.9,US,1,NORMAL,0.0468,0,1,ENTSOG_TRANSPARENCY,2024-02-18
2024-06-30,CY,CY_UGS_314,2.1673,0.2216,10.22,1.7933,4.3659,0.4399,6.8503,46.71,-11.91,IN,1,NORMAL,0.1056,0,0,AGSI_PLUS,2025-10-23
2024-07-17,GR,GR_UGS_315,5.7007,4.9034,86.01,0.7412,5.1178,1.2793,7.0043,56.03,12.09,US,1,NORMAL,0.2905,0,1,NATIONAL_GAS_TSO,2025-01-22
2024-08-03,MT,MT_UGS_316,13.696,13.3279,97.31,1.7108,2.4141,1.2155,4.5312,82.13,-4.62,IN,1,NORMAL,0.122,0,1,MARKET_DATA_PROVIDER,2025-08-12
2024-08-20,ES,ES_UGS_317,1.1015,0.8137,73.87,1.2105,4.3692,0.6982,5.4539,88.34,11.92,US,0,NORMAL,0.3009,0,1,ENTSOG_TRANSPARENCY,2024-07-07
2024-09-06,CZ,CZ_UGS_318,18.4254,10.4631,56.79,0.4567,6.3626,1.2644,8.1596,45.14,24.08,IN,0,NORMAL,0.3163,0,1,AGSI_PLUS,2025-02-18
2024-09-23,HU,HU_UGS_319,16.5221,11.8309,71.61,1.4601,1.1984,2.2413,5.1391,108.43,-8.44,US,1,EARLY_WARNING,0.144,0,1,NATIONAL_GAS_TSO,2025-07-02
2024-10-10,NL,NL_UGS_320,5.8903,4.9062,83.29,1.8921,2.5165,1.0981,5.1822,96.86,16.43,IN,1,NORMAL,0.0397,0,1,MARKET_DATA_PROVIDER,2025-05-22
2024-10-27,SE,SE_UGS_321,4.2153,0.794,18.84,2.5622,0.2097,0.5637,3.5638,42.96,21.04,US,1,NORMAL,0.1697,0,0,ENTSOG_TRANSPARENCY,2024-03-03
2024-11-13,DK,DK_UGS_322,15.3748,6.6394,43.18,2.3088,3.7976,0.3154,5.5044,77.72,21.72,IN,0,NORMAL,0.1437,0,0,AGSI_PLUS,2025-03-16
2024-11-30,IE,IE_UGS_323,0.9835,0.2207,22.44,2.7319,1.1735,1.2877,5.2603,88.45,2.89,US,0,ALERT,0.2321,0,0,NATIONAL_GAS_TSO,2025-08-16
2024-12-17,PL,PL_UGS_324,9.2761,3.8993,42.04,0.1959,2.7861,0.3253,3.0164,77.31,4.01,IN,0,EARLY_WARNING,0.0721,0,0,MARKET_DATA_PROVIDER,2024-05-09
2025-01-03,AT,AT_UGS_325,9.1725,8.188,89.27,0.4106,4.8334,0.479,5.627,75.81,20.96,US,1,EARLY_WARNING,0.1891,0,1,ENTSOG_TRANSPARENCY,2025-04-21
2025-01-20,EE,EE_UGS_326,0.773,0.1623,21.0,1.6282,3.855,0.8339,6.508,37.15,17.4,IN,1,NORMAL,0.1593,0,0,AGSI_PLUS,2024-03-21
2025-02-06,IT,IT_UGS_327,11.6162,4.914,42.3,0.8836,5.0224,0.6442,6.1584,37.11,4.45,US,0,NORMAL,0.3058,0,0,NATIONAL_GAS_TSO,2025-05-07
2025-02-23,PT,PT_UGS_328,8.3977,2.1559,25.67,1.9977,5.004,0.6923,6.7327,45.23,3.21,IN,1,NORMAL,0.2069,0,0,MARKET_DATA_PROVIDER,2025-09-12
2025-03-12,BE,BE_UGS_329,3.2436,2.015,62.12,0.203,1.8559,0.3948,2.4423,85.75,-5.37,US,1,EARLY_WARNING,0.2161,0,0,ENTSOG_TRANSPARENCY,2024-11-16
2025-03-29,FI,FI_UGS_330,14.5041,13.2515,91.36,0.8921,1.5155,0.8142,3.3339,35.32,21.56,IN,1,NORMAL,0.039,0,1,AGSI_PLUS,2024-10-31
2025-04-15,LV,LV_UGS_331,8.1951,2.1348,26.05,1.4,0.9069,1.4523,3.1132,119.17,16.53,US,1,ALERT,0.4292,1,0,NATIONAL_GAS_TSO,2024-04-07
2025-05-02,RO,RO_UGS_332,14.0713,3.4396,24.44,2.5916,0.4039,0.9028,3.9081,95.32,-2.89,IN,1,ALERT,0.2935,1,0,MARKET_DATA_PROVIDER,2025-10-01
2025-05-19,BG,BG_UGS_333,11.6313,10.5335,90.56,1.3769,4.154,0.3595,6.3583,93.28,23.93,US,1,NORMAL,0.2732,0,1,ENTSOG_TRANSPARENCY,2025-05-17
2025-06-05,FR,FR_UGS_334,13.5849,8.9674,66.01,0.8012,6.4077,1.4153,8.8524,37.11,21.19,IN,1,NORMAL,0.0498,0,0,AGSI_PLUS,2024-03-17
2025-06-22,LT,LT_UGS_335,9.407,1.9183,20.39,3.325,1.0687,1.4181,5.3553,53.54,1.46,US,1,NORMAL,0.0879,0,0,NATIONAL_GAS_TSO,2025-01-26
2025-07-09,SK,SK_UGS_336,12.0688,7.9114,65.55,0.18,3.7723,1.4632,4.6448,87.41,-5.89,IN,1,NORMAL,0.3096,0,1,MARKET_DATA_PROVIDER,2024-07-23
2025-07-26,HR,HR_UGS_337,1.5203,0.3176,20.89,0.3433,3.4497,0.1577,3.2526,101.37,11.21,US,1,ALERT,0.6505,1,0,ENTSOG_TRANSPARENCY,2025-06-01
2025-08-12,DE,DE_UGS_338,17.4325,12.7293,73.02,0.5266,5.5292,0.1569,5.8901,42.14,11.55,IN,1,NORMAL,0.3088,0,0,AGSI_PLUS,2025-05-06
2025-08-29,LU,LU_UGS_339,7.7073,5.35,69.42,1.2222,6.2515,0.7665,8.7953,26.46,6.95,US,0,NORMAL,0.0599,0,0,NATIONAL_GAS_TSO,2024-03-28
2025-09-15,SI,SI_UGS_340,14.176,5.926,41.8,1.8182,2.1957,2.3326,6.1165,63.22,21.01,IN,1,NORMAL,0.2078,0,0,MARKET_DATA_PROVIDER,2024-10-06
2025-10-02,CY,CY_UGS_341,6.7062,4.5857,68.38,0.8342,0.325,0.0416,1.2804,50.05,-9.65,US,1,NORMAL,0.2747,0,0,ENTSOG_TRANSPARENCY,2024-06-29
2025-10-19,GR,GR_UGS_342,4.2402,2.8702,67.69,0.3301,4.8925,1.2478,5.7846,65.64,19.78,IN,1,NORMAL,0.1649,0,0,AGSI_PLUS,2024-11-26
2025-11-05,MT,MT_UGS_343,13.3242,7.1191,53.43,0.9794,5.8545,0.1605,6.8548,110.88,24.68,US,1,NORMAL,0.0405,0,0,NATIONAL_GAS_TSO,2024-10-22
2025-11-22,ES,ES_UGS_344,14.12,11.2244,79.49,0.0722,5.8526,0.6565,7.0591,92.48,-0.7,IN,1,NORMAL,0.2064,0,1,MARKET_DATA_PROVIDER,2025-09-02
2025-12-09,CZ,CZ_UGS_345,11.1054,10.6394,95.8,1.4026,4.1942,0.9171,6.9772,35.45,-5.48,US,1,NORMAL,0.2875,0,1,ENTSOG_TRANSPARENCY,2025-07-05
2025-12-26,HU,HU_UGS_346,11.401,7.7209,67.72,1.8058,0.4476,0.3044,2.705,59.56,16.17,IN,1,NORMAL,0.1644,0,1,AGSI_PLUS,2024-06-08
2026-01-12,NL,NL_UGS_347,13.412,3.1684,23.62,1.4082,0.8583,1.0036,3.3644,63.84,20.99,US,1,NORMAL,0.3079,0,0,NATIONAL_GAS_TSO,2024-08-05
2026-01-29,SE,SE_UGS_348,1.3499,1.3157,97.46,0.5876,4.5042,0.9732,6.2832,85.65,-4.64,IN,1,NORMAL,0.1046,0,1,MARKET_DATA_PROVIDER,2024-12-26
2026-02-15,DK,DK_UGS_349,3.5364,3.2506,91.92,0.0708,2.4598,1.8949,3.6542,93.97,22.76,US,1,NORMAL,0.1281,0,1,ENTSOG_TRANSPARENCY,2025-04-18
2018-01-07,IE,IE_UGS_350,0.8286,0.7047,85.05,1.7826,1.3443,0.5346,3.7394,11.44,-4.97,IN,0,NORMAL,0.2342,0,0,AGSI_PLUS,2026-01-28
2018-01-24,PL,PL_UGS_351,10.1335,4.3343,42.77,1.1061,6.7508,0.9064,8.3012,24.74,21.41,US,0,NORMAL,0.1653,0,0,NATIONAL_GAS_TSO,2025-05-20
2018-02-10,AT,AT_UGS_352,2.3849,0.4998,20.96,0.1783,0.4315,0.4257,0.7979,13.35,8.88,IN,0,NORMAL,0.0618,0,0,MARKET_DATA_PROVIDER,2024-07-01
2018-02-27,EE,EE_UGS_353,13.1371,7.7921,59.31,0.102,5.6295,1.7344,7.7245,18.22,-7.19,US,0,NORMAL,0.2611,0,0,ENTSOG_TRANSPARENCY,2025-05-13
2018-03-16,IT,IT_UGS_354,1.1046,0.1229,11.13,1.8715,4.0402,0.1626,5.0751,27.32,22.11,IN,0,NORMAL,0.2453,0,0,AGSI_PLUS,2024-07-09
2018-04-02,PT,PT_UGS_355,15.6906,8.5059,54.21,0.0739,3.1238,0.5574,3.3094,15.64,-8.95,US,1,NORMAL,0.1481,0,1,NATIONAL_GAS_TSO,2024-11-07
2018-04-19,BE,BE_UGS_356,6.5368,2.7039,41.36,0.9023,3.323,0.075,3.9906,10.36,10.65,IN,0,NORMAL,0.1729,0,0,MARKET_DATA_PROVIDER,2025-10-03
2018-05-06,FI,FI_UGS_357,0.6042,0.5559,92.0,1.7151,6.283,0.2355,7.3794,23.73,-5.03,US,0,NORMAL,0.0761,0,1,ENTSOG_TRANSPARENCY,2024-08-13
2018-05-23,LV,LV_UGS_358,14.9807,5.0831,33.93,1.7648,5.1611,0.3501,7.4995,20.62,6.8,IN,1,NORMAL,0.1412,0,0,AGSI_PLUS,2024-12-19
2018-06-09,RO,RO_UGS_359,7.9191,4.494,56.75,1.9381,3.2402,0.8704,6.4312,21.05,12.36,US,0,NORMAL,0.1318,0,1,NATIONAL_GAS_TSO,2024-03-31
2018-06-26,BG,BG_UGS_360,2.0718,0.831,40.11,1.5306,2.1086,1.4715,4.6971,12.33,0.96,IN,0,NORMAL,0.2134,0,0,MARKET_DATA_PROVIDER,2024-08-06
2018-07-13,FR,FR_UGS_361,5.1986,2.4097,46.35,0.6842,2.0765,1.1288,4.2879,23.55,20.58,US,0,NORMAL,0.3106,0,0,ENTSOG_TRANSPARENCY,2024-11-01
2018-07-30,LT,LT_UGS_362,13.1495,9.6894,73.69,0.0041,2.7716,1.405,4.4092,20.55,23.63,IN,0,NORMAL,0.0738,0,1,AGSI_PLUS,2025-11-23
2018-08-16,SK,SK_UGS_363,9.5995,8.0714,84.08,1.8392,3.2026,1.4163,5.6388,22.72,-11.73,US,0,NORMAL,0.2832,0,1,NATIONAL_GAS_TSO,2026-01-28
2018-09-02,HR,HR_UGS_364,11.3645,10.4071,91.58,1.1794,1.7121,1.2251,3.8529,11.0,1.15,IN,1,NORMAL,0.0526,0,1,MARKET_DATA_PROVIDER,2025-03-04
2018-09-19,DE,DE_UGS_365,13.1954,3.1103,23.57,0.7845,5.3538,1.4537,7.454,16.71,1.63,US,1,NORMAL,0.2954,0,0,ENTSOG_TRANSPARENCY,2025-05-26
2018-10-06,LU,LU_UGS_366,0.9116,0.8547,93.76,0.9761,1.0538,1.6819,2.8181,9.87,-6.53,IN,0,NORMAL,0.0939,0,1,AGSI_PLUS,2025-09-04
2018-10-23,SI,SI_UGS_367,6.7882,5.8729,86.52,0.0567,1.1922,1.7422,3.4863,10.35,20.79,US,1,NORMAL,0.259,0,1,NATIONAL_GAS_TSO,2025-11-11
2018-11-09,CY,CY_UGS_368,0.3735,0.1891,50.62,1.0903,1.0505,0.2086,2.1455,19.29,-9.06,IN,0,NORMAL,0.1703,0,0,MARKET_DATA_PROVIDER,2025-01-12
2018-11-26,GR,GR_UGS_369,1.0639,0.2221,20.88,1.8443,5.8009,0.975,8.3685,25.43,11.96,US,1,NORMAL,0.2221,0,0,ENTSOG_TRANSPARENCY,2025-03-15
2018-12-13,MT,MT_UGS_370,13.4755,9.756,72.4,1.5269,6.2611,1.1492,9.4372,22.63,17.17,IN,0,NORMAL,0.1354,0,1,AGSI_PLUS,2025-08-31
2018-12-30,ES,ES_UGS_371,0.8466,0.3545,41.87,0.9514,6.0351,0.6608,8.2289,27.07,9.57,US,0,NORMAL,0.0585,0,0,NATIONAL_GAS_TSO,2025-05-03
2019-01-16,CZ,CZ_UGS_372,9.4229,6.3149,67.02,0.9628,5.024,0.9667,6.7062,15.78,-8.12,IN,0,NORMAL,0.252,0,0,MARKET_DATA_PROVIDER,2026-01-01
2019-02-02,HU,HU_UGS_373,8.9276,7.2586,81.31,1.7319,3.3091,0.8183,6.1939,11.78,3.02,US,0,NORMAL,0.0809,0,1,ENTSOG_TRANSPARENCY,2025-07-22
2019-02-19,NL,NL_UGS_374,7.1335,3.9711,55.67,1.9092,1.512,2.4592,5.6931,9.71,21.4,IN,1,NORMAL,0.1388,0,0,AGSI_PLUS,2024-01-03
2019-03-08,SE,SE_UGS_375,9.5709,2.8081,29.34,2.0988,5.7046,0.7702,8.5785,18.66,-3.44,US,0,NORMAL,0.3084,0,0,NATIONAL_GAS_TSO,2025-03-01
2019-03-25,DK,DK_UGS_376,0.4016,0.1893,47.13,1.4476,5.9313,0.2399,7.4737,15.26,15.45,IN,1,NORMAL,0.164,0,0,MARKET_DATA_PROVIDER,2024-08-03
2019-04-11,IE,IE_UGS_377,13.5899,13.3946,98.56,0.3521,2.2456,1.3861,4.0728,13.08,16.18,US,0,NORMAL,0.257,0,1,ENTSOG_TRANSPARENCY,2025-02-10
2019-04-28,PL,PL_UGS_378,0.7962,0.2368,29.74,1.5219,5.6642,0.4806,8.2387,24.62,22.91,IN,0,NORMAL,0.1824,0,0,AGSI_PLUS,2024-05-27
2019-05-15,AT,AT_UGS_379,19.3411,17.6335,91.17,0.6211,2.3633,1.8095,4.87,9.22,20.29,US,0,NORMAL,0.1663,0,1,NATIONAL_GAS_TSO,2024-02-01
2019-06-01,EE,EE_UGS_380,11.6267,10.832,93.16,0.455,5.4515,1.8545,7.1636,20.86,11.8,IN,0,NORMAL,0.2134,0,1,MARKET_DATA_PROVIDER,2025-12-01
2019-06-18,IT,IT_UGS_001,1.2122,1.1547,95.26,1.0027,5.0753,0.6018,6.7821,23.2,13.34,US,0,NORMAL,0.3131,0,1,ENTSOG_TRANSPARENCY,2024-05-30
2019-07-05,PT,PT_UGS_002,7.8671,3.9268,49.91,1.2886,1.6948,0.6376,3.66,23.25,-3.11,IN,0,NORMAL,0.0463,0,0,AGSI_PLUS,2024-10-13
2019-07-22,BE,BE_UGS_003,10.027,7.2125,71.93,2.1707,4.8376,0.4131,7.0366,17.98,7.83,US,0,NORMAL,0.2992,0,0,NATIONAL_GAS_TSO,2025-02-12
2019-08-08,FI,FI_UGS_004,7.9243,6.822,86.09,2.48,4.7258,1.7462,8.5283,23.71,0.28,IN,0,NORMAL,0.0119,0,1,MARKET_DATA_PROVIDER,2024-04-05
2019-08-25,LV,LV_UGS_005,5.2121,4.2428,81.4,0.9214,2.086,1.0506,3.9733,27.2,-2.64,US,0,NORMAL,0.3001,0,0,ENTSOG_TRANSPARENCY,2024-09-03
2019-09-11,RO,RO_UGS_006,4.1572,3.4514,83.02,2.4966,3.6722,0.0736,5.4598,26.93,18.27,IN,1,NORMAL,0.135,0,0,AGSI_PLUS,2024-01-16
2019-09-28,BG,BG_UGS_007,7.0853,5.6444,79.66,1.2533,6.9434,0.2882,8.0882,27.47,9.19,US,0,NORMAL,0.1315,0,1,NATIONAL_GAS_TSO,2024-01-19
2019-10-15,FR,FR_UGS_008,2.6821,1.5213,56.72,0.3733,1.7758,1.5048,3.7649,15.53,18.95,IN,0,NORMAL,0.081,0,0,MARKET_DATA_PROVIDER,2025-01-28
2019-11-01,LT,LT_UGS_009,0.6209,0.1031,16.61,2.5512,7.6336,0.8708,11.1737,13.88,14.95,US,0,NORMAL,0.2632,0,0,ENTSOG_TRANSPARENCY,2024-10-20
2019-11-18,SK,SK_UGS_010,9.9148,7.3401,74.03,1.6863,4.0647,0.1543,6.4846,18.41,18.13,IN,0,NORMAL,0.1573,0,0,AGSI_PLUS,2025-10-13
2019-12-05,HR,HR_UGS_011,7.4024,1.2338,16.67,0.8198,5.6608,1.6728,8.5092,13.66,19.68,US,1,NORMAL,0.1398,0,0,NATIONAL_GAS_TSO,2025-02-14
2019-12-22,DE,DE_UGS_012,5.9406,2.3445,39.47,2.3012,3.3416,0.948,6.6593,17.99,7.02,IN,0,NORMAL,0.101,0,0,MARKET_DATA_PROVIDER,2025-01-26
2020-01-08,LU,LU_UGS_013,12.123,5.9166,48.8,2.6317,1.6897,0.347,4.4975,12.65,8.94,US,0,NORMAL,0.1893,0,0,ENTSOG_TRANSPARENCY,2024-07-08
2020-01-25,SI,SI_UGS_014,7.9965,4.3947,54.96,0.9331,1.2042,0.5567,1.8878,10.69,14.85,IN,1,NORMAL,0.146,0,0,AGSI_PLUS,2025-06-25
2020-02-11,CY,CY_UGS_015,9.8103,2.2368,22.8,1.465,3.7562,0.3451,4.8945,12.25,-1.57,US,0,NORMAL,0.1029,0,0,NATIONAL_GAS_TSO,2024-08-11
2020-02-28,GR,GR_UGS_016,2.9852,0.6752,22.62,1.094,1.0463,0.8391,3.4644,8.16,-4.72,IN,0,NORMAL,0.3031,0,0,MARKET_DATA_PROVIDER,2024-12-26
2020-03-16,MT,MT_UGS_017,10.359,1.684,16.26,1.8711,1.2291,1.6076,3.881,5.19,-5.22,US,0,NORMAL,0.2285,0,0,ENTSOG_TRANSPARENCY,2024-01-20
2020-04-02,ES,ES_UGS_018,10.7222,4.7898,44.67,2.8821,3.5129,0.6589,7.4248,18.92,-8.6,IN,0,NORMAL,0.2523,0,0,AGSI_PLUS,2024-03-19
2020-04-19,CZ,CZ_UGS_019,9.4451,0.8583,9.09,1.96,5.204,1.6327,9.0818,8.63,14.62,US,0,NORMAL,0.2814,0,0,NATIONAL_GAS_TSO,2024-04-19
2020-05-06,HU,HU_UGS_020,1.8372,1.7535,95.44,2.0239,4.4199,1.6254,7.9365,7.43,12.76,IN,0,NORMAL,0.1878,0,1,MARKET_DATA_PROVIDER,2024-10-29
2020-05-23,NL,NL_UGS_021,4.7302,4.4981,95.09,1.2315,5.8224,0.1816,6.6856,17.06,-11.73,US,0,NORMAL,0.0205,0,1,ENTSOG_TRANSPARENCY,2024-10-04
2020-06-09,SE,SE_UGS_022,13.3754,2.8778,21.52,1.7586,1.1337,1.3412,4.6185,11.79,1.56,IN,0,NORMAL,0.3053,0,0,AGSI_PLUS,2024-06-29
2020-06-26,DK,DK_UGS_023,7.6685,5.3555,69.84,1.2979,2.0239,2.3461,5.7165,6.49,13.47,US,0,NORMAL,0.112,0,0,NATIONAL_GAS_TSO,2025-10-10
2020-07-13,IE,IE_UGS_024,11.0174,5.1191,46.46,2.3052,2.6067,1.5857,7.0644,14.38,21.42,IN,1,NORMAL,0.0553,0,0,MARKET_DATA_PROVIDER,2024-06-25
2020-07-30,PL,PL_UGS_025,0.4791,0.2111,44.05,0.7506,1.948,1.202,3.6035,11.87,-2.62,US,0,NORMAL,0.1862,0,0,ENTSOG_TRANSPARENCY,2025-12-16
2020-08-16,AT,AT_UGS_026,17.8322,16.3394,91.63,0.8551,6.4555,0.6741,7.8571,11.98,19.84,IN,0,NORMAL,0.1867,0,1,AGSI_PLUS,2024-01-23
2020-09-02,EE,EE_UGS_027,6.594,3.7179,56.38,2.2563,2.994,0.309,5.8252,13.36,17.42,US,0,NORMAL,0.2354,0,0,NATIONAL_GAS_TSO,2025-07-21
2020-09-19,IT,IT_UGS_028,9.8216,8.1339,82.82,2.2048,4.141,0.229,7.1018,13.02,-5.36,IN,0,NORMAL,0.1863,0,1,MARKET_DATA_PROVIDER,2024-09-08
2020-10-06,PT,PT_UGS_029,2.2049,1.4526,65.88,0.6126,3.7929,1.2683,5.7325,9.05,10.91,US,0,NORMAL,0.263,0,0,ENTSOG_TRANSPARENCY,2025-05-19
2020-10-23,BE,BE_UGS_030,9.2634,6.5356,70.55,2.4383,6.221,1.1307,9.6458,10.4,9.35,IN,1,NORMAL,0.1264,0,1,AGSI_PLUS,2024-10-20
2020-11-09,FI,FI_UGS_031,4.9123,2.0393,41.51,0.2398,2.3428,0.0645,2.045,20.62,19.26,US,1,NORMAL,0.3259,0,0,NATIONAL_GAS_TSO,2026-02-08
2020-11-26,LV,LV_UGS_032,7.5981,7.1398,93.97,1.1465,2.3791,0.2627,3.156,13.05,4.95,IN,0,NORMAL,0.0717,0,1,MARKET_DATA_PROVIDER,2025-04-12
2020-12-13,RO,RO_UGS_033,9.4902,6.0756,64.02,0.9482,0.9065,0.5456,2.788,12.61,4.82,US,1,NORMAL,0.1413,0,0,ENTSOG_TRANSPARENCY,2025-09-08
2020-12-30,BG,BG_UGS_034,7.7801,2.7786,35.71,0.6194,4.7924,1.2698,6.5245,13.36,22.78,IN,0,NORMAL,0.2822,0,0,AGSI_PLUS,2024-11-23
2021-01-16,FR,FR_UGS_035,7.5504,5.4247,71.85,0.4948,3.56,1.127,4.2871,75.5,-7.14,US,0,NORMAL,0.1151,0,0,NATIONAL_GAS_TSO,2025-10-17
2021-02-02,LT,LT_UGS_036,4.0034,1.9813,49.49,2.9418,3.1039,0.6625,5.7479,81.42,2.56,IN,0,NORMAL,0.3008,0,0,MARKET_DATA_PROVIDER,2025-03-14
2021-02-19,SK,SK_UGS_037,8.9683,3.3005,36.8,2.8483,8.1683,1.3396,11.527,83.27,1.76,US,1,EARLY_WARNING,0.0616,0,0,ENTSOG_TRANSPARENCY,2024-07-17
2021-03-08,HR,HR_UGS_038,4.6047,3.0328,65.86,1.8608,4.186,0.6828,7.0109,94.67,16.0,IN,0,EARLY_WARNING,0.078,0,0,AGSI_PLUS,2024-11-13
2021-03-25,DE,DE_UGS_039,10.9014,9.2617,84.96,1.4684,2.7629,0.3353,4.9155,45.84,20.81,US,0,NORMAL,0.1062,0,1,NATIONAL_GAS_TSO,2026-02-12
2021-04-11,LU,LU_UGS_040,7.83,3.4391,43.92,0.5224,1.4488,0.6475,2.5696,31.58,19.21,IN,0,NORMAL,0.1558,0,0,MARKET_DATA_PROVIDER,2024-10-01
2021-04-28,SI,SI_UGS_041,13.2395,9.6177,72.64,1.501,3.146,1.3548,6.4559,74.51,-8.23,US,1,NORMAL,0.3166,0,0,ENTSOG_TRANSPARENCY,2025-01-24
2021-05-15,CY,CY_UGS_042,8.4999,2.2408,26.36,3.0089,0.7016,0.4456,3.6565,28.27,1.62,IN,0,NORMAL,0.1918,0,0,AGSI_PLUS,2025-03-10
2021-06-01,GR,GR_UGS_043,0.6733,0.3317,49.27,1.6876,5.7783,1.9773,9.2623,18.5,23.76,US,1,NORMAL,0.0675,0,0,NATIONAL_GAS_TSO,2025-12-01
2021-06-18,MT,MT_UGS_044,1.8933,1.1824,62.45,0.6706,8.4668,1.2464,9.6627,91.88,-4.05,IN,0,NORMAL,0.0197,0,1,MARKET_DATA_PROVIDER,2024-06-27
2021-07-05,ES,ES_UGS_045,6.6393,4.5358,68.32,2.2978,0.51,1.3554,3.5898,27.83,23.88,US,0,NORMAL,0.1937,0,1,ENTSOG_TRANSPARENCY,2025-06-26
2021-07-22,CZ,CZ_UGS_046,2.32,1.6839,72.58,1.1641,2.3338,0.2683,4.0601,37.28,-7.26,IN,0,NORMAL,0.26,0,0,AGSI_PLUS,2024-07-06
2021-08-08,HU,HU_UGS_047,1.9859,0.3747,18.87,3.2268,2.9271,0.2451,5.4622,94.83,4.32,US,0,EARLY_WARNING,0.0857,0,0,NATIONAL_GAS_TSO,2025-04-19
2021-08-25,NL,NL_UGS_048,0.7657,0.5746,75.04,3.2877,2.8985,0.3229,6.6807,19.95,23.61,IN,0,NORMAL,0.1725,0,1,MARKET_DATA_PROVIDER,2025-07-05
2021-09-11,SE,SE_UGS_049,1.2544,0.5624,44.84,0.5423,4.3191,1.1347,5.3553,45.27,22.56,US,0,NORMAL,0.0697,0,0,ENTSOG_TRANSPARENCY,2025-03-14
2021-09-28,DK,DK_UGS_050,8.2165,4.366,53.14,0.3405,4.8559,1.342,5.9696,78.02,-8.36,IN,0,NORMAL,0.0224,0,0,AGSI_PLUS,2024-04-25
2021-10-15,IE,IE_UGS_051,15.3115,9.809,64.06,1.0602,1.4337,1.3652,3.0067,72.51,13.14,US,0,NORMAL,0.2765,0,1,NATIONAL_GAS_TSO,2025-06-06
2021-11-01,PL,PL_UGS_052,4.9677,1.5431,31.06,1.0985,1.2746,0.9455,2.9148,63.66,19.71,IN,0,NORMAL,0.1277,0,0,MARKET_DATA_PROVIDER,2025-03-02
2021-11-18,AT,AT_UGS_053,13.2313,4.7198,35.67,1.2067,3.6369,1.3819,6.5629,23.63,-3.43,US,0,NORMAL,0.0478,0,0,ENTSOG_TRANSPARENCY,2024-03-28
2021-12-05,EE,EE_UGS_054,14.829,10.4651,70.57,0.839,1.0588,0.0117,1.9633,61.5,-10.3,IN,1,NORMAL,0.0696,0,1,AGSI_PLUS,2025-10-08
2021-12-22,IT,IT_UGS_055,8.2622,2.2844,27.65,0.9732,3.9153,2.083,6.815,18.31,9.6,US,1,NORMAL,0.2212,0,0,NATIONAL_GAS_TSO,2025-12-06
2022-01-08,PT,PT_UGS_056,8.4434,6.2637,74.18,0.1542,3.1542,1.2863,3.6384,215.59,18.08,IN,1,EARLY_WARNING,0.0582,0,1,MARKET_DATA_PROVIDER,2025-01-09
2022-01-25,BE,BE_UGS_057,7.8778,3.0805,39.1,1.2213,4.534,0.5414,6.647,192.02,18.06,US,1,NORMAL,0.2911,0,0,ENTSOG_TRANSPARENCY,2024-01-04
2022-02-11,FI,FI_UGS_058,4.266,3.6448,85.44,1.2145,2.1246,0.1721,3.7117,211.81,-4.42,IN,1,NORMAL,0.1746,0,0,AGSI_PLUS,2024-06-07
2022-02-28,LV,LV_UGS_059,4.6198,4.5405,98.28,1.7954,1.3127,2.0731,5.1122,202.74,2.01,US,1,EARLY_WARNING,0.2778,0,1,NATIONAL_GAS_TSO,2025-06-27
2022-03-17,RO,RO_UGS_060,10.0489,1.17,11.64,3.0404,1.78,0.029,5.2002,74.53,-11.18,IN,1,NORMAL,0.1765,0,0,MARKET_DATA_PROVIDER,2024-06-15
2022-04-03,BG,BG_UGS_061,13.5007,11.0315,81.71,1.7582,4.8427,0.0524,7.1851,167.58,21.94,US,1,EARLY_WARNING,0.0329,0,0,ENTSOG_TRANSPARENCY,2024-09-29
2022-04-20,FR,FR_UGS_062,4.7095,3.5785,75.99,2.7809,6.9698,1.258,10.8683,56.9,1.35,IN,1,NORMAL,0.1418,0,0,AGSI_PLUS,2025-05-30
2022-05-07,LT,LT_UGS_063,10.0665,2.6321,26.15,2.0249,7.3011,0.8018,9.704,117.15,-5.25,US,1,ALERT,0.0677,1,0,NATIONAL_GAS_TSO,2025-02-16
2022-05-24,SK,SK_UGS_064,3.2395,1.3383,41.31,2.5357,6.3706,1.3351,10.2856,172.84,12.01,IN,0,NORMAL,0.0833,0,0,MARKET_DATA_PROVIDER,2025-03-20
2022-06-10,HR,HR_UGS_065,10.9757,2.7915,25.43,1.9645,4.7525,1.228,8.1173,154.63,23.08,US,1,ALERT,0.0768,0,0,ENTSOG_TRANSPARENCY,2025-02-25
2022-06-27,DE,DE_UGS_066,7.2805,5.9832,82.18,0.5331,2.7779,0.6717,4.5551,108.15,-2.11,IN,1,NORMAL,0.2192,0,0,AGSI_PLUS,2024-11-15
2022-07-14,LU,LU_UGS_067,3.7267,0.6181,16.58,0.1588,0.8937,0.94,2.3381,121.47,21.78,US,1,EMERGENCY,0.2306,0,0,NATIONAL_GAS_TSO,2025-09-08
2022-07-31,SI,SI_UGS_068,5.9051,0.761,12.89,0.0412,5.148,0.8046,6.267,100.37,21.58,IN,1,ALERT,0.3817,0,0,MARKET_DATA_PROVIDER,2024-04-01
2022-08-17,CY,CY_UGS_069,0.581,0.3015,51.9,0.353,5.3079,1.8209,7.6601,145.6,-10.44,US,1,NORMAL,0.139,0,0,ENTSOG_TRANSPARENCY,2024-07-07
2022-09-03,GR,GR_UGS_070,3.9558,0.7199,18.2,3.0302,5.6464,0.0942,8.6257,126.94,14.43,IN,1,ALERT,0.1304,0,0,AGSI_PLUS,2024-04-06
2022-09-20,MT,MT_UGS_071,6.7468,5.68,84.19,0.1624,2.6479,0.5189,3.2294,212.06,16.97,US,1,NORMAL,0.044,0,1,NATIONAL_GAS_TSO,2024-07-25
2022-10-07,ES,ES_UGS_072,13.4589,12.0632,89.63,0.8037,2.4587,1.8624,4.706,69.23,7.49,IN,0,NORMAL,0.1437,0,1,MARKET_DATA_PROVIDER,2025-10-17
2022-10-24,CZ,CZ_UGS_073,7.0176,3.9972,56.96,2.2203,2.0496,0.0726,4.018,110.92,18.84,US,1,EARLY_WARNING,0.3042,0,0,ENTSOG_TRANSPARENCY,2024-03-03
2022-11-10,HU,HU_UGS_074,11.305,6.9615,61.58,2.9016,0.1207,1.4905,4.4348,54.39,10.25,IN,1,NORMAL,0.2852,0,0,AGSI_PLUS,2024-12-08
2022-11-27,NL,NL_UGS_075,5.5884,1.9375,34.67,0.0755,2.0569,0.8298,2.3925,107.49,-4.52,US,0,NORMAL,0.1061,0,0,NATIONAL_GAS_TSO,2024-07-26
2022-12-14,SE,SE_UGS_076,9.1284,3.5019,38.36,1.0005,1.9278,0.2104,3.6431,210.64,3.83,IN,1,NORMAL,0.1184,0,0,MARKET_DATA_PROVIDER,2024-02-02
2022-12-31,DK,DK_UGS_077,11.8529,2.2214,18.74,0.2484,2.4689,0.8108,3.8247,133.31,-2.66,US,0,EARLY_WARNING,0.0987,0,0,ENTSOG_TRANSPARENCY,2024-05-13
2023-01-17,IE,IE_UGS_078,0.6291,0.0852,13.54,0.644,5.1476,1.1262,7.5075,83.72,19.12,IN,1,ALERT,0.3524,1,0,AGSI_PLUS,2026-02-12
2023-02-03,PL,PL_UGS_079,3.0424,1.688,55.48,1.2588,4.4646,0.5777,6.8695,78.96,20.95,US,1,EARLY_WARNING,0.1347,0,0,NATIONAL_GAS_TSO,2024-01-27
2023-02-20,AT,AT_UGS_080,11.1215,2.3629,21.25,1.4539,1.2165,0.6351,3.5819,71.33,22.22,IN,1,NORMAL,0.1085,0,0,MARKET_DATA_PROVIDER,2025-11-18
2023-03-09,EE,EE_UGS_081,5.8719,1.3314,22.67,2.0328,3.5634,0.6304,6.4516,42.37,-1.24,US,1,NORMAL,0.1115,0,0,ENTSOG_TRANSPARENCY,2024-02-03
2023-03-26,IT,IT_UGS_082,2.4353,0.3493,14.34,0.6958,0.7858,0.3209,2.2551,80.7,23.09,IN,1,ALERT,0.0364,1,0,AGSI_PLUS,2026-01-13
2023-04-12,PT,PT_UGS_083,11.9527,5.2178,43.65,1.1432,3.2353,0.9046,4.5477,118.87,-7.28,US,1,EARLY_WARNING,0.1516,0,0,NATIONAL_GAS_TSO,2024-09-17
2023-04-29,BE,BE_UGS_084,3.1247,1.909,61.09,2.0159,2.6067,1.4916,5.4294,47.73,7.7,IN,1,NORMAL,0.129,0,1,MARKET_DATA_PROVIDER,2024-11-15
2023-05-16,FI,FI_UGS_085,11.4281,4.4454,38.9,2.301,4.2555,0.5832,6.5073,39.14,23.23,US,1,NORMAL,0.247,0,0,ENTSOG_TRANSPARENCY,2025-09-15
2023-06-02,LV,LV_UGS_086,2.1488,0.2625,12.22,2.7122,0.255,1.4539,4.4284,67.77,-8.22,IN,1,NORMAL,0.1089,0,0,AGSI_PLUS,2024-11-02
2023-06-19,RO,RO_UGS_087,9.7488,7.7714,79.72,0.4445,5.4594,0.4348,6.8557,65.79,3.12,US,1,NORMAL,0.3112,0,0,NATIONAL_GAS_TSO,2025-06-27
2023-07-06,BG,BG_UGS_088,10.3477,8.0596,77.89,1.5383,0.8587,0.9961,2.7301,22.41,22.03,IN,1,NORMAL,0.066,0,0,MARKET_DATA_PROVIDER,2025-09-10
2023-07-23,FR,FR_UGS_089,7.985,4.3755,54.8,2.3283,8.3442,1.247,11.8841,106.18,5.91,US,1,EARLY_WARNING,0.1254,0,0,ENTSOG_TRANSPARENCY,2025-04-26
2023-08-09,LT,LT_UGS_090,18.894,10.6299,56.26,1.0742,1.8449,0.2398,3.2282,37.29,6.33,IN,1,NORMAL,0.0945,0,1,AGSI_PLUS,2025-07-20
2023-08-26,SK,SK_UGS_091,9.9545,5.4388,54.64,0.6635,7.4272,1.0385,9.2042,51.02,14.72,US,1,NORMAL,0.1057,0,0,NATIONAL_GAS_TSO,2025-04-22
2023-09-12,HR,HR_UGS_092,6.4473,3.4139,52.95,1.4034,5.8331,0.1832,6.4227,40.2,16.94,IN,0,NORMAL,0.003,0,0,MARKET_DATA_PROVIDER,2026-02-14
2023-09-29,DE,DE_UGS_093,4.1997,0.9687,23.07,1.6496,6.2108,0.3992,8.5212,51.4,-8.65,US,1,NORMAL,0.0729,0,0,ENTSOG_TRANSPARENCY,2025-12-16
2023-10-16,LU,LU_UGS_094,3.5423,3.1485,88.88,1.6001,1.5568,1.491,4.5956,73.49,11.83,IN,0,NORMAL,0.2684,0,1,AGSI_PLUS,2024-12-14
2023-11-02,SI,SI_UGS_095,5.737,4.4392,77.38,0.7481,0.6181,0.56,1.6872,61.29,9.92,US,0,NORMAL,0.2293,0,0,NATIONAL_GAS_TSO,2024-03-24
2023-11-19,CY,CY_UGS_096,9.8586,2.2755,23.08,2.7691,1.6575,1.0051,5.4383,107.23,18.11,IN,1,EARLY_WARNING,0.1118,0,0,MARKET_DATA_PROVIDER,2025-07-18
2023-12-06,GR,GR_UGS_097,5.9625,0.8973,15.05,0.0958,5.0832,0.0431,4.7316,79.93,23.02,US,1,NORMAL,0.046,0,0,ENTSOG_TRANSPARENCY,2024-11-22
2023-12-23,MT,MT_UGS_098,1.78,1.4856,83.46,2.8486,1.5323,0.9615,5.7644,37.85,14.18,IN,1,NORMAL,0.1137,0,0,AGSI_PLUS,2025-12-11
2024-01-09,ES,ES_UGS_099,8.1004,5.8938,72.76,2.1757,4.2595,1.7735,7.7964,34.98,-9.34,US,1,NORMAL,0.3111,0,0,NATIONAL_GAS_TSO,2024-11-12
2024-01-26,CZ,CZ_UGS_100,10.9778,10.3485,94.27,1.9757,6.9295,0.5062,9.7139,33.22,-11.05,IN,0,NORMAL,0.1453,0,1,MARKET_DATA_PROVIDER,2024-06-26
2024-02-12,HU,HU_UGS_101,5.5513,0.6761,12.18,3.4052,3.7528,0.9849,7.8663,92.67,4.05,US,1,ALERT,0.3304,1,0,ENTSOG_TRANSPARENCY,2024-06-24
2024-02-29,NL,NL_UGS_102,8.188,3.8261,46.73,1.1985,3.2074,1.145,4.9114,91.49,21.09,IN,1,NORMAL,0.3028,0,0,AGSI_PLUS,2024-01-28
2024-03-17,SE,SE_UGS_103,13.9102,7.9581,57.21,2.0188,2.3029,0.197,3.8607,56.24,-8.49,US,1,NORMAL,0.0022,0,0,NATIONAL_GAS_TSO,2024-08-29
2024-04-03,DK,DK_UGS_104,9.7214,6.5321,67.19,1.8189,7.2009,0.409,9.1137,95.52,2.54,IN,1,NORMAL,0.0363,0,0,MARKET_DATA_PROVIDER,2024-11-02
2024-04-20,IE,IE_UGS_105,7.7503,6.3789,82.31,0.802,3.1613,0.6985,5.2417,39.39,-0.72,US,0,NORMAL,0.3126,0,1,ENTSOG_TRANSPARENCY,2024-11-19
2024-05-07,PL,PL_UGS_106,10.6781,9.2867,86.97,2.062,5.4314,1.9596,8.9326,119.17,8.17,IN,1,EARLY_WARNING,0.252,0,1,AGSI_PLUS,2025-08-03
2024-05-24,AT,AT_UGS_107,8.4088,4.9052,58.33,1.243,3.6001,0.4822,4.4524,118.63,-1.95,US,0,NORMAL,0.0393,0,0,NATIONAL_GAS_TSO,2024-07-25
2024-06-10,EE,EE_UGS_108,9.3548,4.6638,49.86,1.7182,1.8071,1.3654,4.9322,106.96,24.38,IN,1,EARLY_WARNING,0.0073,0,0,MARKET_DATA_PROVIDER,2024-01-28
2024-06-27,IT,IT_UGS_109,3.4414,2.2874,66.47,0.4611,4.8798,1.4989,6.9263,96.25,-9.21,US,1,EARLY_WARNING,0.2267,0,1,ENTSOG_TRANSPARENCY,2025-12-25
2024-07-14,PT,PT_UGS_110,9.2711,3.8956,42.02,1.8317,0.3868,1.1882,3.9279,40.77,-9.9,IN,1,NORMAL,0.2174,0,0,AGSI_PLUS,2024-11-13
2024-07-31,BE,BE_UGS_111,15.6805,13.7059,87.41,1.588,1.8638,0.9561,3.7701,35.08,15.16,US,0,NORMAL,0.087,0,1,NATIONAL_GAS_TSO,2025-05-07
2024-08-17,FI,FI_UGS_112,11.0215,7.0576,64.04,2.0777,2.224,1.3983,4.9949,72.52,14.68,IN,1,NORMAL,0.1284,0,0,MARKET_DATA_PROVIDER,2025-03-27
2024-09-03,LV,LV_UGS_113,8.4141,7.2619,86.31,0.1613,1.1972,1.0591,2.1037,66.04,-3.38,US,1,NORMAL,0.2612,0,1,ENTSOG_TRANSPARENCY,2024-06-04
2024-09-20,RO,RO_UGS_114,4.475,0.645,14.41,1.5091,0.2991,0.9524,2.1796,92.83,3.34,IN,1,ALERT,0.65,1,0,AGSI_PLUS,2025-05-12
2024-10-07,BG,BG_UGS_115,9.549,8.8022,92.18,1.2763,0.2935,1.0038,2.0808,90.57,19.75,US,1,EARLY_WARNING,0.0997,0,1,NATIONAL_GAS_TSO,2024-02-18
2024-10-24,FR,FR_UGS_116,4.2226,0.6481,15.35,0.7942,0.2958,0.6275,2.2772,115.07,7.33,IN,0,ALERT,0.1526,0,0,MARKET_DATA_PROVIDER,2025-05-31
2024-11-10,LT,LT_UGS_117,1.5834,0.9676,61.11,0.561,3.7334,0.1979,4.562,37.52,0.7,US,1,NORMAL,0.2598,0,0,ENTSOG_TRANSPARENCY,2024-07-28
2024-11-27,SK,SK_UGS_118,6.8371,2.1379,31.27,0.6737,4.7641,0.037,5.5421,66.53,22.26,IN,0,NORMAL,0.3159,0,0,AGSI_PLUS,2025-09-29
2024-12-14,HR,HR_UGS_119,0.6737,0.1528,22.69,0.52,2.4777,0.0926,2.2246,45.45,11.57,US,1,NORMAL,0.1431,0,0,NATIONAL_GAS_TSO,2024-12-27
2024-12-31,DE,DE_UGS_120,19.2771,15.9278,82.63,0.3293,0.4137,1.5497,1.7879,98.45,-1.34,IN,1,NORMAL,0.1682,0,1,MARKET_DATA_PROVIDER,2025-03-27
2025-01-17,LU,LU_UGS_121,0.5805,0.0783,13.49,1.5854,3.9169,1.8308,7.1807,71.32,8.76,US,1,NORMAL,0.1947,0,0,ENTSOG_TRANSPARENCY,2026-02-08
2025-02-03,SI,SI_UGS_122,10.6934,3.6453,34.09,2.0328,2.3006,0.9775,5.6398,102.62,5.5,IN,1,NORMAL,0.2432,0,0,AGSI_PLUS,2024-07-18
2025-02-20,CY,CY_UGS_123,8.5027,2.1781,25.62,0.2642,0.6579,1.1392,1.2082,80.07,18.69,US,1,EARLY_WARNING,0.0329,0,0,NATIONAL_GAS_TSO,2024-08-20
2025-03-09,GR,GR_UGS_124,4.7932,0.9303,19.41,1.7014,4.9159,1.0953,7.8378,35.27,9.15,IN,1,NORMAL,0.1529,0,0,MARKET_DATA_PROVIDER,2025-08-17
2025-03-26,MT,MT_UGS_125,11.6279,3.3271,28.61,2.3009,1.6783,0.4352,4.4611,82.15,-9.52,US,1,NORMAL,0.2157,0,0,ENTSOG_TRANSPARENCY,2024-05-07
2025-04-12,ES,ES_UGS_126,4.0325,3.2305,80.11,2.6736,3.2234,0.7719,6.0438,65.29,17.18,IN,1,NORMAL,0.1413,0,1,AGSI_PLUS,2025-02-03
2025-04-29,CZ,CZ_UGS_127,4.6677,4.2704,91.49,2.0306,1.0605,0.901,3.9748,83.17,23.53,US,1,NORMAL,0.0009,0,1,NATIONAL_GAS_TSO,2026-02-15
2025-05-16,HU,HU_UGS_128,3.1368,0.7067,22.53,1.9995,1.556,0.2411,3.7668,34.21,-5.31,IN,1,NORMAL,0.1489,0,0,MARKET_DATA_PROVIDER,2025-09-04
2025-06-02,NL,NL_UGS_129,14.0325,9.2389,65.84,0.7632,3.8419,0.4631,4.6735,96.36,22.99,US,1,NORMAL,0.2455,0,1,ENTSOG_TRANSPARENCY,2024-12-22
2025-06-19,SE,SE_UGS_130,2.6751,2.197,82.13,0.7349,1.8139,0.5073,3.5505,99.12,2.94,IN,1,NORMAL,0.1801,0,1,AGSI_PLUS,2024-06-03
2025-07-06,DK,DK_UGS_131,0.5147,0.2609,50.68,1.3598,1.419,0.7697,4.1449,118.19,18.98,US,1,NORMAL,0.2311,0,0,NATIONAL_GAS_TSO,2024-03-08
2025-07-23,IE,IE_UGS_132,18.5754,17.3213,93.25,0.4855,0.6283,0.1177,0.4062,64.09,-1.16,IN,0,NORMAL,0.1433,0,1,MARKET_DATA_PROVIDER,2024-12-05
2025-08-09,PL,PL_UGS_133,16.7624,10.3906,61.99,1.5729,0.3965,0.3948,2.6496,47.71,21.65,US,1,NORMAL,0.2226,0,0,ENTSOG_TRANSPARENCY,2025-04-12
2025-08-26,AT,AT_UGS_134,8.8942,6.6452,74.71,2.2252,0.7115,1.2016,3.908,30.18,14.04,IN,0,NORMAL,0.0109,0,1,AGSI_PLUS,2024-12-15
2025-09-12,EE,EE_UGS_135,11.1049,6.7617,60.89,0.4238,0.0953,1.7743,1.9855,57.21,-10.75,US,1,NORMAL,0.1943,0,1,NATIONAL_GAS_TSO,2024-04-02
2025-09-29,IT,IT_UGS_136,0.2603,0.1079,41.45,1.2437,4.9591,2.3938,8.6836,37.61,-5.66,IN,1,NORMAL,0.1876,0,0,MARKET_DATA_PROVIDER,2025-07-16
2025-10-16,PT,PT_UGS_137,17.4067,4.3689,25.1,1.8087,6.491,0.9986,9.0353,30.25,9.18,US,0,NORMAL,0.1036,0,0,ENTSOG_TRANSPARENCY,2024-04-29
2025-11-02,BE,BE_UGS_138,10.8798,5.7333,52.7,3.2937,8.2005,1.8989,13.4585,38.13,17.69,IN,1,NORMAL,0.087,0,0,AGSI_PLUS,2024-12-20
2025-11-19,FI,FI_UGS_139,6.5749,4.5478,69.17,0.1823,5.3457,1.0406,5.7049,81.89,-8.48,US,1,EARLY_WARNING,0.3029,0,1,NATIONAL_GAS_TSO,2025-08-22
2025-12-06,LV,LV_UGS_140,13.1296,3.8196,29.09,0.5281,4.5577,1.5755,5.871,50.11,-1.44,IN,0,NORMAL,0.0902,0,0,MARKET_DATA_PROVIDER,2024-09-27
2025-12-23,RO,RO_UGS_141,4.829,2.5716,53.25,0.2886,2.0437,1.7428,4.2127,89.06,8.19,US,1,EARLY_WARNING,0.0888,0,0,ENTSOG_TRANSPARENCY,2024-10-23
2026-01-09,BG,BG_UGS_142,2.6188,1.891,72.21,0.0584,1.8259,1.826,3.2409,107.03,-0.43,IN,1,EARLY_WARNING,0.2008,0,1,AGSI_PLUS,2025-12-12
2026-01-26,FR,FR_UGS_143,10.3524,1.7223,16.64,0.3919,3.5699,0.4959,3.8677,25.43,15.97,US,1,NORMAL,0.0614,0,0,NATIONAL_GAS_TSO,2025-04-11
2026-02-12,LT,LT_UGS_144,9.4219,9.3237,98.96,1.8578,1.18,0.3261,3.3258,90.15,23.35,IN,1,NORMAL,0.2205,0,1,MARKET_DATA_PROVIDER,2024-11-03
2018-01-04,SK,SK_UGS_145,0.43,0.4019,93.47,2.2021,3.3467,0.4188,6.3787,18.96,22.62,US,0,NORMAL,0.2311,0,1,ENTSOG_TRANSPARENCY,2025-03-15
2018-01-21,HR,HR_UGS_146,11.0876,5.313,47.92,2.9497,0.1517,0.2744,2.7995,13.1,23.81,IN,0,NORMAL,0.0861,0,0,AGSI_PLUS,2025-12-31
2018-02-07,DE,DE_UGS_147,1.1855,0.318,26.82,1.6083,8.1092,0.6931,9.6069,26.16,19.16,US,0,NORMAL,0.1149,0,0,NATIONAL_GAS_TSO,2025-03-14
2018-02-24,LU,LU_UGS_148,3.2788,1.189,36.26,2.9599,3.1756,1.7713,8.3777,17.42,5.79,IN,0,NORMAL,0.1117,0,0,MARKET_DATA_PROVIDER,2025-08-05
2018-03-13,SI,SI_UGS_149,11.8318,4.349,36.76,0.6571,5.6849,0.2945,6.394,17.52,3.19,US,0,NORMAL,0.2845,0,0,ENTSOG_TRANSPARENCY,2024-06-13
2018-03-30,CY,CY_UGS_150,13.421,12.4994,93.13,1.3574,0.1402,0.51,2.0357,17.65,-6.86,IN,0,NORMAL,0.1681,0,1,AGSI_PLUS,2024-06-15
2018-04-16,GR,GR_UGS_151,6.6098,4.2695,64.59,1.8813,2.7635,1.116,5.9865,27.71,8.37,US,0,NORMAL,0.2553,0,0,NATIONAL_GAS_TSO,2025-05-15
2018-05-03,MT,MT_UGS_152,7.8726,5.1116,64.93,1.16,2.3186,0.2191,3.2343,13.12,21.06,IN,0,NORMAL,0.2729,0,0,MARKET_DATA_PROVIDER,2025-03-20
2018-05-20,ES,ES_UGS_153,10.3969,1.1657,11.21,2.0456,5.2468,0.8806,7.5446,21.63,5.76,US,0,NORMAL,0.0337,0,0,ENTSOG_TRANSPARENCY,2025-02-01
2018-06-06,CZ,CZ_UGS_154,17.5804,4.3248,24.6,0.9788,4.7386,1.0448,6.1436,10.51,-5.63,IN,0,NORMAL,0.0542,0,0,AGSI_PLUS,2025-10-19
2018-06-23,HU,HU_UGS_155,6.3581,6.2141,97.73,1.1612,2.5379,0.6024,3.7039,17.13,-5.87,US,0,NORMAL,0.0666,0,1,NATIONAL_GAS_TSO,2025-04-23
2018-07-10,NL,NL_UGS_156,6.6671,4.1021,61.53,1.1315,4.9894,0.006,6.5783,17.08,17.78,IN,1,NORMAL,0.1959,0,0,MARKET_DATA_PROVIDER,2024-05-03
2018-07-27,SE,SE_UGS_157,10.976,5.6975,51.91,3.011,6.6291,0.8228,9.9303,12.78,8.78,US,0,NORMAL,0.2541,0,0,ENTSOG_TRANSPARENCY,2024-10-14
2018-08-13,DK,DK_UGS_158,11.0338,6.0305,54.66,2.1636,2.1248,1.5904,5.4373,11.01,15.3,IN,0,NORMAL,0.2138,0,0,AGSI_PLUS,2025-07-31
2018-08-30,IE,IE_UGS_159,0.9867,0.372,37.7,2.2337,1.2805,0.4841,4.4168,25.97,-5.59,US,0,NORMAL,0.3175,0,0,NATIONAL_GAS_TSO,2024-10-19
2018-09-16,PL,PL_UGS_160,11.1658,7.1592,64.12,2.0005,1.5471,0.5401,3.657,16.53,-7.74,IN,0,NORMAL,0.294,0,1,MARKET_DATA_PROVIDER,2025-04-21
2018-10-03,AT,AT_UGS_161,6.8772,2.1164,30.77,0.7365,4.8432,0.3388,5.8747,20.22,-11.65,US,0,NORMAL,0.3027,0,0,ENTSOG_TRANSPARENCY,2025-11-18
2018-10-20,EE,EE_UGS_162,11.7662,8.5975,73.07,0.2491,3.056,2.3489,5.1911,27.4,24.03,IN,0,NORMAL,0.3016,0,1,AGSI_PLUS,2024-07-09
2018-11-06,IT,IT_UGS_163,14.8945,13.8545,93.02,0.3921,6.994,1.6803,8.6845,23.06,14.75,US,1,NORMAL,0.2833,0,1,NATIONAL_GAS_TSO,2024-11-18
2018-11-23,PT,PT_UGS_164,5.8835,2.6865,45.66,1.9872,1.8037,0.0731,4.1876,11.31,15.02,IN,0,NORMAL,0.2093,0,0,MARKET_DATA_PROVIDER,2025-10-11
2018-12-10,BE,BE_UGS_165,15.5462,7.3266,47.13,1.3366,0.9411,0.214,2.776,25.57,11.8,US,1,NORMAL,0.1591,0,0,ENTSOG_TRANSPARENCY,2025-12-07
2018-12-27,FI,FI_UGS_166,8.7377,8.1183,92.91,3.1984,2.6704,1.2398,6.6325,18.7,-9.74,IN,1,NORMAL,0.0458,0,1,AGSI_PLUS,2024-04-02
2019-01-13,LV,LV_UGS_167,19.3965,9.0031,46.42,0.7903,0.7897,1.5026,2.309,23.09,11.3,US,0,NORMAL,0.0235,0,1,NATIONAL_GAS_TSO,2024-08-19
2019-01-30,RO,RO_UGS_168,3.0586,0.7114,23.26,1.3243,3.1889,0.8982,5.025,21.89,-11.53,IN,0,NORMAL,0.2732,0,0,MARKET_DATA_PROVIDER,2025-06-27
2019-02-16,BG,BG_UGS_169,3.0805,2.5505,82.8,0.3772,8.1286,0.5751,8.3721,15.19,-3.59,US,0,NORMAL,0.1572,0,1,ENTSOG_TRANSPARENCY,2025-09-17
2019-03-05,FR,FR_UGS_170,10.4543,6.5939,63.07,0.6977,3.5006,0.8139,4.4913,20.44,-5.58,IN,0,NORMAL,0.0701,0,1,AGSI_PLUS,2025-04-11
2019-03-22,LT,LT_UGS_171,9.3965,9.0251,96.05,1.3664,7.4205,2.0876,10.8076,23.77,19.28,US,0,NORMAL,0.1389,0,1,NATIONAL_GAS_TSO,2024-03-31
2019-04-08,SK,SK_UGS_172,1.7249,1.1544,66.92,0.7064,4.225,1.0993,6.2347,22.09,-8.57,IN,0,NORMAL,0.1696,0,0,MARKET_DATA_PROVIDER,2024-07-27
2019-04-25,HR,HR_UGS_173,16.8126,3.2353,19.24,2.1654,1.6545,0.5331,4.8494,23.25,-1.4,US,0,NORMAL,0.2132,0,0,ENTSOG_TRANSPARENCY,2024-11-18
2019-05-12,DE,DE_UGS_174,3.9105,2.9493,75.42,0.2024,2.0173,2.3618,3.9526,22.71,10.64,IN,0,NORMAL,0.1759,0,0,AGSI_PLUS,2024-06-29
2019-05-29,LU,LU_UGS_175,10.0981,2.0174,19.98,0.5023,7.0138,0.8783,7.9812,20.46,2.53,US,0,NORMAL,0.0251,0,0,NATIONAL_GAS_TSO,2025-10-29
2019-06-15,SI,SI_UGS_176,14.7652,13.0043,88.07,2.3994,1.539,0.6709,4.4913,20.0,9.77,IN,0,NORMAL,0.265,0,1,MARKET_DATA_PROVIDER,2024-12-03
2019-07-02,CY,CY_UGS_177,1.8298,1.017,55.58,1.9261,6.6644,0.1177,8.1283,19.25,0.08,US,0,NORMAL,0.0587,0,1,ENTSOG_TRANSPARENCY,2024-05-26
2019-07-19,GR,GR_UGS_178,10.7711,9.2538,85.91,0.8299,0.5094,0.1438,1.308,27.89,20.4,IN,1,NORMAL,0.3042,0,1,AGSI_PLUS,2024-07-07
2019-08-05,MT,MT_UGS_179,2.0507,2.0194,98.47,0.4237,6.1785,1.0034,7.3785,17.15,-8.93,US,0,NORMAL,0.1076,0,1,NATIONAL_GAS_TSO,2025-05-21
2019-08-22,ES,ES_UGS_180,13.3482,11.5188,86.3,1.5226,7.0429,1.1181,9.0283,24.74,9.62,IN,0,NORMAL,0.3064,0,1,MARKET_DATA_PROVIDER,2025-04-14
2019-09-08,CZ,CZ_UGS_181,0.9197,0.2477,26.93,2.7801,5.4457,0.001,8.474,14.23,23.13,US,0,NORMAL,0.1587,0,0,ENTSOG_TRANSPARENCY,2024-11-30
2019-09-25,HU,HU_UGS_182,17.2292,15.4598,89.73,0.1068,2.1005,1.8998,4.2934,24.12,3.28,IN,0,NORMAL,0.1948,0,1,AGSI_PLUS,2025-05-04
2019-10-12,NL,NL_UGS_183,5.2315,0.4306,8.23,2.4311,0.1178,0.7394,3.2429,22.23,22.22,US,0,NORMAL,0.1203,0,0,NATIONAL_GAS_TSO,2025-09-30
2019-10-29,SE,SE_UGS_184,12.2151,6.2247,50.96,1.1356,2.584,0.2436,3.4777,10.43,-2.26,IN,0,NORMAL,0.2285,0,0,MARKET_DATA_PROVIDER,2025-04-30
2019-11-15,DK,DK_UGS_185,7.9219,1.9355,24.43,0.254,4.094,1.7728,5.3624,27.07,-8.01,US,0,NORMAL,0.0786,0,0,ENTSOG_TRANSPARENCY,2024-01-17
2019-12-02,IE,IE_UGS_186,10.0482,7.6749,76.38,2.605,6.0125,0.0766,8.3561,13.51,13.51,IN,0,NORMAL,0.1612,0,1,AGSI_PLUS,2026-02-14
2019-12-19,PL,PL_UGS_187,16.7694,5.5295,32.97,2.3012,3.0856,0.5326,5.9273,15.93,-2.07,US,0,NORMAL,0.3291,0,0,NATIONAL_GAS_TSO,2024-07-26
2020-01-05,AT,AT_UGS_188,9.9144,2.9705,29.96,3.1108,3.5435,0.1719,6.6412,10.9,21.33,IN,0,NORMAL,0.2047,0,0,MARKET_DATA_PROVIDER,2024-09-14
2020-01-22,EE,EE_UGS_189,11.5895,1.1469,9.9,2.5569,1.8054,0.0965,4.4529,19.15,20.31,US,0,NORMAL,0.3044,0,0,ENTSOG_TRANSPARENCY,2025-08-29
2020-02-08,IT,IT_UGS_190,3.6977,2.0393,55.15,1.4573,5.9336,0.916,8.5311,19.0,22.22,IN,0,NORMAL,0.1073,0,1,AGSI_PLUS,2024-05-24
2020-02-25,PT,PT_UGS_191,13.2265,9.3103,70.39,0.5968,7.8717,1.6919,10.5273,15.9,7.48,US,0,NORMAL,0.2618,0,1,NATIONAL_GAS_TSO,2024-06-04
2020-03-13,BE,BE_UGS_192,7.1643,3.9674,55.38,2.2694,3.6749,1.8397,7.2512,19.6,10.51,IN,0,NORMAL,0.2807,0,1,MARKET_DATA_PROVIDER,2025-06-01
2020-03-30,FI,FI_UGS_193,16.4337,7.6228,46.39,0.9161,3.0423,2.0434,5.4094,11.61,12.05,US,1,NORMAL,0.0905,0,0,ENTSOG_TRANSPARENCY,2026-02-05
2020-04-16,LV,LV_UGS_194,4.4905,1.8116,40.34,1.1309,7.1295,0.5722,9.247,21.06,-5.13,IN,0,NORMAL,0.1898,0,0,AGSI_PLUS,2025-05-01
2020-05-03,RO,RO_UGS_195,7.0826,2.7395,38.68,0.4999,1.4973,1.0525,3.0946,16.65,15.38,US,0,NORMAL,0.191,0,0,NATIONAL_GAS_TSO,2025-04-06
2020-05-20,BG,BG_UGS_196,10.9239,9.5542,87.46,0.1064,2.4614,0.979,4.123,13.99,-6.35,IN,0,NORMAL,0.2838,0,1,MARKET_DATA_PROVIDER,2024-06-10
2020-06-06,FR,FR_UGS_197,13.3612,11.8167,88.44,2.445,4.4501,0.8747,7.9492,18.32,4.68,US,0,NORMAL,0.1462,0,1,ENTSOG_TRANSPARENCY,2024-11-15
2020-06-23,LT,LT_UGS_198,16.7623,11.267,67.22,1.5529,4.4804,1.3142,7.431,17.6,-9.3,IN,0,NORMAL,0.1781,0,0,AGSI_PLUS,2026-02-11
2020-07-10,SK,SK_UGS_199,3.898,3.3048,84.78,0.4847,1.6034,1.4188,2.9517,5.06,13.91,US,0,NORMAL,0.3238,0,1,NATIONAL_GAS_TSO,2025-06-05
2020-07-27,HR,HR_UGS_200,7.721,4.005,51.87,2.4289,4.8058,1.4375,8.975,18.75,13.74,IN,0,NORMAL,0.2481,0,1,MARKET_DATA_PROVIDER,2024-04-11
2020-08-13,DE,DE_UGS_201,1.4666,0.643,43.84,0.2389,0.3899,0.887,2.1034,12.07,17.87,US,0,NORMAL,0.084,0,0,ENTSOG_TRANSPARENCY,2025-08-26
2020-08-30,LU,LU_UGS_202,13.9958,4.3534,31.1,0.8107,0.1234,1.9123,2.6795,21.85,-2.56,IN,1,NORMAL,0.0365,0,0,AGSI_PLUS,2025-10-27
2020-09-16,SI,SI_UGS_203,12.266,8.3419,68.01,2.1864,1.9552,0.4952,4.2446,16.08,12.07,US,0,NORMAL,0.1454,0,1,NATIONAL_GAS_TSO,2024-01-15
2020-10-03,CY,CY_UGS_204,9.9255,6.2804,63.28,1.0925,6.4067,0.3198,8.014,17.59,17.42,IN,0,NORMAL,0.231,0,1,MARKET_DATA_PROVIDER,2025-05-14
2020-10-20,GR,GR_UGS_205,16.1406,13.9776,86.6,0.9428,6.5227,1.027,8.1007,13.77,-7.92,US,0,NORMAL,0.1402,0,1,ENTSOG_TRANSPARENCY,2024-12-05
2020-11-06,MT,MT_UGS_206,15.9506,6.9386,43.5,0.7901,6.6781,2.0814,9.3377,9.57,14.22,IN,0,NORMAL,0.053,0,0,AGSI_PLUS,2025-08-11
2020-11-23,ES,ES_UGS_207,13.5306,1.9812,14.64,0.4026,1.2977,1.1381,2.0724,19.33,13.08,US,0,NORMAL,0.0821,0,0,NATIONAL_GAS_TSO,2025-05-14
2020-12-10,CZ,CZ_UGS_208,4.2898,2.6149,60.96,2.3476,4.6023,0.6202,6.7591,6.09,9.02,IN,0,NORMAL,0.075,0,1,MARKET_DATA_PROVIDER,2025-06-02
2020-12-27,HU,HU_UGS_209,15.6601,9.9616,63.61,1.0475,2.2559,0.8781,3.999,17.27,-6.13,US,0,NORMAL,0.2701,0,0,ENTSOG_TRANSPARENCY,2025-12-24
2021-01-13,NL,NL_UGS_210,4.7972,1.6555,34.51,0.1601,4.1441,0.9859,4.3332,57.86,24.37,IN,0,NORMAL,0.1039,0,0,AGSI_PLUS,2024-10-16
2021-01-30,SE,SE_UGS_211,0.388,0.0568,14.64,1.0336,2.6488,0.7394,4.6068,18.7,12.48,US,0,NORMAL,0.1454,0,0,NATIONAL_GAS_TSO,2024-03-01
2021-02-16,DK,DK_UGS_212,7.1665,4.3493,60.69,0.2534,3.9386,0.3228,4.7531,32.87,19.4,IN,0,NORMAL,0.0353,0,0,MARKET_DATA_PROVIDER,2025-09-03
2021-03-05,IE,IE_UGS_213,6.9846,2.2838,32.7,1.2336,6.2827,1.5295,8.8836,78.18,21.41,US,0,EARLY_WARNING,0.1043,0,0,ENTSOG_TRANSPARENCY,2024-04-06
2021-03-22,PL,PL_UGS_214,8.9244,6.5538,73.44,1.6513,5.7412,0.9303,7.8116,23.62,20.35,IN,1,NORMAL,0.1611,0,1,AGSI_PLUS,2024-02-24
2021-04-08,AT,AT_UGS_215,17.8757,11.9218,66.69,1.891,4.3452,1.4914,7.0601,87.43,5.29,US,0,EARLY_WARNING,0.1697,0,0,NATIONAL_GAS_TSO,2025-01-13
2021-04-25,EE,EE_UGS_216,8.6326,5.9945,69.44,1.0893,6.0114,0.1108,7.491,70.7,11.52,IN,0,NORMAL,0.2595,0,1,MARKET_DATA_PROVIDER,2024-10-30
2021-05-12,IT,IT_UGS_217,14.2507,13.0888,91.85,1.9086,5.7382,0.6354,8.1513,56.44,16.62,US,0,NORMAL,0.2624,0,1,ENTSOG_TRANSPARENCY,2025-07-02
2021-05-29,PT,PT_UGS_218,8.3641,6.3438,75.85,2.1222,3.7058,1.6226,7.1711,79.8,13.66,IN,0,EARLY_WARNING,0.1955,0,0,AGSI_PLUS,2024-02-06
2021-06-15,BE,BE_UGS_219,15.0298,5.4291,36.12,0.211,8.5487,0.6915,9.173,89.57,20.01,US,0,EARLY_WARNING,0.1643,0,0,NATIONAL_GAS_TSO,2025-09-19
2021-07-02,FI,FI_UGS_220,10.7213,3.8561,35.97,0.2495,3.357,1.4068,4.5012,35.82,20.05,IN,0,NORMAL,0.2343,0,0,MARKET_DATA_PROVIDER,2024-12-14
2021-07-19,LV,LV_UGS_221,0.6033,0.5805,96.23,1.1298,1.2557,1.2563,2.7617,94.08,-1.71,US,0,NORMAL,0.0351,0,1,ENTSOG_TRANSPARENCY,2024-10-12
2021-08-05,RO,RO_UGS_222,9.3316,7.2816,78.03,3.2679,1.5044,2.4416,6.7261,23.39,1.7,IN,0,NORMAL,0.1339,0,1,AGSI_PLUS,2024-10-22
2021-08-22,BG,BG_UGS_223,15.4761,14.5815,94.22,0.0117,2.5871,0.3914,2.8739,64.13,18.7,US,0,NORMAL,0.3164,0,1,NATIONAL_GAS_TSO,2025-04-15
2021-09-08,FR,FR_UGS_224,12.1353,7.7048,63.49,1.0165,0.2824,1.7114,3.3782,29.11,23.35,IN,0,NORMAL,0.0854,0,0,MARKET_DATA_PROVIDER,2024-06-24
2021-09-25,LT,LT_UGS_225,0.6666,0.1861,27.92,1.0181,0.5239,1.13,1.9144,37.05,4.19,US,0,NORMAL,0.1971,0,0,ENTSOG_TRANSPARENCY,2024-07-14
2021-10-12,SK,SK_UGS_226,2.2762,1.3607,59.78,2.0072,1.2505,0.5847,3.4337,27.44,19.45,IN,1,NORMAL,0.1394,0,0,AGSI_PLUS,2025-03-02
2021-10-29,HR,HR_UGS_227,2.4765,1.8294,73.87,1.6531,2.4529,0.5943,5.1125,22.93,-7.01,US,0,NORMAL,0.1963,0,1,NATIONAL_GAS_TSO,2024-07-16
2021-11-15,DE,DE_UGS_228,10.8119,2.7228,25.18,0.8934,1.7638,1.1419,4.0294,58.74,13.96,IN,0,NORMAL,0.3183,0,0,MARKET_DATA_PROVIDER,2025-02-28
2021-12-02,LU,LU_UGS_229,10.3412,7.4834,72.36,0.0688,6.3534,1.5927,8.2445,72.56,-6.37,US,0,NORMAL,0.0969,0,1,ENTSOG_TRANSPARENCY,2025-04-16
2021-12-19,SI,SI_UGS_230,8.5421,0.9072,10.62,3.0994,7.4244,0.5323,10.5498,39.05,1.86,IN,0,NORMAL,0.1152,0,0,AGSI_PLUS,2024-09-04
2022-01-05,CY,CY_UGS_231,5.1175,4.87,95.16,2.2348,3.6536,0.6228,5.682,167.99,0.01,US,1,NORMAL,0.3134,0,1,NATIONAL_GAS_TSO,2025-06-15
2022-01-22,GR,GR_UGS_232,7.3427,6.739,91.78,0.9477,4.9289,0.1167,6.5174,160.67,15.25,IN,0,NORMAL,0.1597,0,1,MARKET_DATA_PROVIDER,2024-06-19
2022-02-08,MT,MT_UGS_233,11.0047,1.0176,9.25,1.4034,5.8078,0.6224,6.9657,120.11,-8.59,US,0,EMERGENCY,0.3635,1,0,ENTSOG_TRANSPARENCY,2025-12-04
2022-02-25,ES,ES_UGS_234,8.7381,6.4655,73.99,2.967,0.9324,0.3575,3.8254,169.22,2.96,IN,1,NORMAL,0.0732,0,0,AGSI_PLUS,2025-05-26
2022-03-14,CZ,CZ_UGS_235,4.741,3.1994,67.48,1.1538,5.4096,0.4829,6.4543,141.1,23.01,US,1,EARLY_WARNING,0.2432,0,0,NATIONAL_GAS_TSO,2026-01-25
2022-03-31,HU,HU_UGS_236,1.0751,0.736,68.46,0.1031,2.2767,0.9158,3.1826,87.64,-0.15,IN,1,NORMAL,0.0423,0,0,MARKET_DATA_PROVIDER,2025-01-13
2022-04-17,NL,NL_UGS_237,4.9591,3.2648,65.83,0.4314,1.6448,1.0683,2.5931,219.56,10.59,US,1,NORMAL,0.1566,0,1,ENTSOG_TRANSPARENCY,2025-05-13
2022-05-04,SE,SE_UGS_238,8.0313,6.1567,76.66,0.234,2.6066,0.0475,2.114,133.87,16.39,IN,1,EARLY_WARNING,0.121,0,0,AGSI_PLUS,2025-06-19
2022-05-21,DK,DK_UGS_239,8.6168,1.2756,14.8,1.8023,5.2575,0.971,7.7573,63.25,-1.45,US,1,NORMAL,0.2599,0,0,NATIONAL_GAS_TSO,2024-10-20
2022-06-07,IE,IE_UGS_240,12.1072,7.3628,60.81,0.1658,1.4097,1.6135,2.5596,184.31,10.97,IN,1,EARLY_WARNING,0.2317,0,1,MARKET_DATA_PROVIDER,2024-11-13
2022-06-24,PL,PL_UGS_241,3.9565,1.4974,37.85,1.571,4.3394,0.1163,5.3983,137.57,-11.19,US,1,NORMAL,0.1258,0,0,ENTSOG_TRANSPARENCY,2025-02-02
2022-07-11,AT,AT_UGS_242,1.2426,0.7512,60.45,1.5342,2.8005,0.6151,5.4761,212.99,9.66,IN,1,EARLY_WARNING,0.0737,0,0,AGSI_PLUS,2025-09-05
2022-07-28,EE,EE_UGS_243,4.5946,3.5247,76.71,0.5318,1.6719,1.5194,3.4152,170.75,8.55,US,0,EARLY_WARNING,0.0389,0,1,NATIONAL_GAS_TSO,2025-10-19
2022-08-14,IT,IT_UGS_244,3.4911,0.6835,19.58,1.7355,4.5092,1.7331,7.2371,210.64,-11.12,IN,1,EMERGENCY,0.1736,0,0,MARKET_DATA_PROVIDER,2024-11-04
2022-08-31,PT,PT_UGS_245,3.2566,1.5562,47.78,1.2994,0.9904,0.1575,2.1169,58.41,-7.32,US,1,NORMAL,0.1735,0,0,ENTSOG_TRANSPARENCY,2024-04-04
2022-09-17,BE,BE_UGS_246,7.9734,5.0881,63.81,0.1416,0.0975,1.0568,0.6476,124.56,22.32,IN,0,NORMAL,0.1351,0,1,AGSI_PLUS,2025-12-05
2022-10-04,FI,FI_UGS_247,3.9692,0.4195,10.57,1.514,3.9679,0.0133,5.0371,75.81,-9.93,US,1,NORMAL,0.0664,0,0,NATIONAL_GAS_TSO,2025-07-26
2022-10-21,LV,LV_UGS_248,10.256,9.7614,95.18,2.9794,7.6696,0.9389,10.9526,96.7,15.07,IN,1,NORMAL,0.085,0,1,MARKET_DATA_PROVIDER,2024-12-25
2022-11-07,RO,RO_UGS_249,13.0172,10.7156,82.32,0.4022,1.6781,0.462,1.58,195.44,20.99,US,1,EARLY_WARNING,0.1477,0,1,ENTSOG_TRANSPARENCY,2024-06-20
2022-11-24,BG,BG_UGS_250,13.3937,8.6993,64.95,0.907,1.936,0.7896,3.1535,136.52,8.07,IN,1,EARLY_WARNING,0.0155,0,1,AGSI_PLUS,2025-08-26
2022-12-11,FR,FR_UGS_251,13.4069,12.7795,95.32,1.9768,0.6332,1.2617,3.8742,99.37,18.59,US,1,EARLY_WARNING,0.249,0,1,NATIONAL_GAS_TSO,2025-10-10
2022-12-28,LT,LT_UGS_252,3.4794,2.1996,63.22,3.178,8.4144,1.5776,12.3962,197.03,18.73,IN,1,NORMAL,0.1973,0,1,MARKET_DATA_PROVIDER,2024-11-10
2023-01-14,SK,SK_UGS_253,8.936,7.4306,83.15,2.6251,2.1732,1.3022,6.3145,47.45,5.56,US,1,NORMAL,0.0738,0,1,ENTSOG_TRANSPARENCY,2025-08-25
2023-01-31,HR,HR_UGS_254,12.2425,10.3922,84.89,1.7396,0.1015,0.681,1.6052,73.98,-0.52,IN,0,NORMAL,0.1861,0,1,AGSI_PLUS,2025-09-12
2023-02-17,DE,DE_UGS_255,2.2587,1.2091,53.53,1.2996,1.9507,1.9269,4.5963,99.48,-3.43,US,0,NORMAL,0.2118,0,0,NATIONAL_GAS_TSO,2025-12-24
2023-03-06,LU,LU_UGS_256,4.232,3.6768,86.88,0.2755,0.5088,1.0116,0.9678,114.38,3.59,IN,1,NORMAL,0.2941,0,1,MARKET_DATA_PROVIDER,2024-08-29
2023-03-23,SI,SI_UGS_257,12.1477,9.7811,80.52,3.2899,3.6367,1.0079,8.3843,67.88,12.91,US,1,NORMAL,0.2861,0,1,ENTSOG_TRANSPARENCY,2025-12-11
2023-04-09,CY,CY_UGS_258,9.0187,4.3958,48.74,2.8402,3.7153,0.9577,6.6958,23.32,17.32,IN,1,NORMAL,0.0592,0,0,AGSI_PLUS,2024-12-15
2023-04-26,GR,GR_UGS_259,16.8567,14.7668,87.6,2.9315,1.492,1.0223,5.5886,38.51,5.0,US,1,NORMAL,0.0346,0,1,NATIONAL_GAS_TSO,2026-01-31
2023-05-13,MT,MT_UGS_260,7.0181,2.7515,39.21,1.2012,3.1578,0.2936,5.0593,98.27,6.9,IN,1,EARLY_WARNING,0.308,0,0,MARKET_DATA_PROVIDER,2025-12-10
2023-05-30,ES,ES_UGS_261,12.3345,3.3347,27.04,2.2945,4.3415,0.344,7.0567,53.1,-3.21,US,1,NORMAL,0.2465,0,0,ENTSOG_TRANSPARENCY,2025-02-17
2023-06-16,CZ,CZ_UGS_262,9.4372,4.6696,49.48,0.4511,3.4887,1.5357,4.7419,78.28,3.68,IN,1,NORMAL,0.0856,0,1,AGSI_PLUS,2024-07-26
2023-07-03,HU,HU_UGS_263,7.3161,0.6869,9.39,0.4035,5.7832,2.083,7.7483,111.27,17.38,US,1,ALERT,0.3852,0,0,NATIONAL_GAS_TSO,2025-02-03
2023-07-20,NL,NL_UGS_264,3.5354,2.6872,76.01,3.4442,3.6952,0.7379,7.521,22.07,5.0,IN,1,NORMAL,0.2309,0,0,MARKET_DATA_PROVIDER,2024-10-07
2023-08-06,SE,SE_UGS_265,19.1174,12.8986,67.47,1.2709,4.7868,0.26,5.478,103.03,-11.55,US,1,NORMAL,0.2858,0,0,ENTSOG_TRANSPARENCY,2024-07-26
2023-08-23,DK,DK_UGS_266,3.9558,2.4186,61.14,2.1744,6.6771,0.7303,10.0933,83.78,-3.36,IN,0,NORMAL,0.0825,0,0,AGSI_PLUS,2024-10-07
2023-09-09,IE,IE_UGS_267,14.008,9.0505,64.61,0.6202,7.2783,1.1956,9.6019,35.54,23.33,US,1,NORMAL,0.299,0,0,NATIONAL_GAS_TSO,2024-03-21
2023-09-26,PL,PL_UGS_268,3.7245,0.7518,20.19,0.3977,1.9074,0.371,2.947,64.75,7.97,IN,1,NORMAL,0.1738,0,0,MARKET_DATA_PROVIDER,2025-12-13
2023-10-13,AT,AT_UGS_269,7.6395,2.0104,26.32,1.6262,0.9441,1.9153,4.6914,77.55,-5.95,US,1,NORMAL,0.0073,0,0,ENTSOG_TRANSPARENCY,2024-11-18
2023-10-30,EE,EE_UGS_270,10.5338,5.9212,56.21,2.8666,4.3941,0.2129,6.7653,64.57,22.3,IN,0,NORMAL,0.1988,0,0,AGSI_PLUS,2024-02-23
2023-11-16,IT,IT_UGS_271,17.6137,9.0973,51.65,0.2645,8.2385,0.4677,9.1273,34.19,12.62,US,1,NORMAL,0.3118,0,0,NATIONAL_GAS_TSO,2024-10-27
2023-12-03,PT,PT_UGS_272,8.1352,7.3652,90.53,0.507,3.5572,1.244,4.3985,60.76,13.75,IN,1,NORMAL,0.0991,0,1,MARKET_DATA_PROVIDER,2024-03-14
2023-12-20,BE,BE_UGS_273,10.9656,7.1986,65.65,2.7333,5.5822,0.4117,8.6549,78.54,5.94,US,1,EARLY_WARNING,0.0265,0,1,ENTSOG_TRANSPARENCY,2024-03-21
2024-01-06,FI,FI_UGS_274,9.8176,6.2614,63.78,0.4201,4.7181,0.4544,6.002,51.57,24.84,IN,1,NORMAL,0.106,0,0,AGSI_PLUS,2025-05-01
2024-01-23,LV,LV_UGS_275,14.8497,7.1492,48.14,1.4188,5.526,0.4935,7.1621,100.8,23.07,US,1,NORMAL,0.1542,0,0,NATIONAL_GAS_TSO,2024-12-25
2024-02-09,RO,RO_UGS_276,9.6456,6.6221,68.65,1.5018,2.9831,0.7594,5.051,50.73,12.72,IN,1,NORMAL,0.0183,0,0,MARKET_DATA_PROVIDER,2025-02-16
2024-02-26,BG,BG_UGS_277,17.0636,15.0406,88.14,0.9559,2.6786,1.8399,4.5067,62.56,7.78,US,0,NORMAL,0.3042,0,1,ENTSOG_TRANSPARENCY,2024-05-09
2024-03-14,FR,FR_UGS_278,0.9322,0.0849,9.11,1.9686,4.238,0.5275,6.9531,28.02,1.92,IN,1,NORMAL,0.2343,0,0,AGSI_PLUS,2024-01-10
2024-03-31,LT,LT_UGS_279,6.3704,4.3867,68.86,1.6831,0.9855,0.1035,3.1134,61.25,19.72,US,1,NORMAL,0.1064,0,1,NATIONAL_GAS_TSO,2024-12-30
2024-04-17,SK,SK_UGS_280,0.2554,0.0317,12.4,2.2029,3.2405,1.0482,6.2853,80.58,11.15,IN,1,ALERT,0.4867,0,0,MARKET_DATA_PROVIDER,2024-09-15
2024-05-04,HR,HR_UGS_281,0.8579,0.3914,45.62,1.1627,0.9951,1.5451,3.9672,61.08,7.96,US,0,NORMAL,0.042,0,0,ENTSOG_TRANSPARENCY,2026-02-22
2024-05-21,DE,DE_UGS_282,4.805,4.7293,98.42,1.5229,2.0577,0.9696,4.1579,47.75,-6.78,IN,1,NORMAL,0.1619,0,1,AGSI_PLUS,2025-12-23
2024-06-07,LU,LU_UGS_283,2.4592,1.5005,61.02,1.4867,4.6485,0.3492,5.7166,70.06,11.35,US,1,NORMAL,0.0793,0,1,NATIONAL_GAS_TSO,2026-01-09
2024-06-24,SI,SI_UGS_284,9.8526,2.4631,25.0,2.3596,1.2671,0.9314,4.9975,79.51,23.2,IN,1,NORMAL,0.2063,0,0,MARKET_DATA_PROVIDER,2026-02-06
2024-07-11,CY,CY_UGS_285,15.1164,13.5124,89.39,2.0556,2.8533,0.3949,5.2497,81.1,-9.57,US,1,NORMAL,0.2019,0,1,ENTSOG_TRANSPARENCY,2024-06-02
2024-07-28,GR,GR_UGS_286,8.4016,7.0309,83.69,2.7396,0.617,0.099,3.1207,81.88,20.82,IN,1,NORMAL,0.0251,0,0,AGSI_PLUS,2025-01-10
2024-08-14,MT,MT_UGS_287,4.7028,4.2098,89.52,1.4653,1.2627,0.7117,3.0893,64.91,-2.07,US,1,NORMAL,0.212,0,1,NATIONAL_GAS_TSO,2025-04-21
2024-08-31,ES,ES_UGS_288,15.2188,6.5258,42.88,0.3934,5.1164,0.1447,6.2137,31.62,6.65,IN,1,NORMAL,0.2627,0,0,MARKET_DATA_PROVIDER,2024-02-03
2024-09-17,CZ,CZ_UGS_289,9.111,6.8145,74.79,1.9603,6.3804,0.4646,8.7768,118.58,2.66,US,1,NORMAL,0.0874,0,1,ENTSOG_TRANSPARENCY,2026-02-20
2024-10-04,HU,HU_UGS_290,7.284,6.3329,86.94,0.1395,1.9431,0.1394,2.505,29.81,21.81,IN,0,NORMAL,0.0542,0,1,AGSI_PLUS,2025-04-18
2024-10-21,NL,NL_UGS_291,7.577,6.9997,92.38,1.4654,2.4208,0.8633,4.3555,71.99,-1.96,US,1,NORMAL,0.0047,0,1,NATIONAL_GAS_TSO,2024-10-23
2024-11-07,SE,SE_UGS_292,7.8104,5.8218,74.54,1.7156,1.0197,2.2833,5.0939,84.09,12.1,IN,0,NORMAL,0.1607,0,1,MARKET_DATA_PROVIDER,2024-06-25
2024-11-24,DK,DK_UGS_293,6.5178,0.5455,8.37,1.0279,6.6229,0.2096,6.9402,100.06,21.79,US,1,NORMAL,0.2594,0,0,ENTSOG_TRANSPARENCY,2025-11-23
2024-12-11,IE,IE_UGS_294,2.0142,0.489,24.28,1.8739,1.3481,1.355,3.949,101.29,2.62,IN,0,ALERT,0.561,0,0,AGSI_PLUS,2025-02-26
2024-12-28,PL,PL_UGS_295,8.5519,3.8152,44.61,1.5758,0.1146,0.9995,3.2259,69.1,3.71,US,1,NORMAL,0.2115,0,0,NATIONAL_GAS_TSO,2025-11-23
2025-01-14,AT,AT_UGS_296,8.0109,5.5932,69.82,2.0275,7.4323,1.6006,10.1995,81.41,22.72,IN,1,NORMAL,0.1327,0,1,MARKET_DATA_PROVIDER,2025-01-24
2025-01-31,EE,EE_UGS_297,15.9716,4.5847,28.71,1.0731,0.2889,1.5068,2.027,26.72,3.39,US,1,NORMAL,0.2969,0,0,ENTSOG_TRANSPARENCY,2025-07-10
2025-02-17,IT,IT_UGS_298,0.5436,0.0585,10.75,2.1571,5.1932,1.6211,9.3198,98.78,7.37,IN,0,EARLY_WARNING,0.1442,0,0,AGSI_PLUS,2025-12-24
2025-03-06,PT,PT_UGS_299,7.6214,3.6704,48.16,2.0866,4.6735,1.5508,8.9053,75.81,8.09,US,1,NORMAL,0.233,0,0,NATIONAL_GAS_TSO,2024-01-14
2025-03-23,BE,BE_UGS_300,4.3967,2.7189,61.84,1.7177,2.4455,1.8707,6.3047,69.31,-11.46,IN,0,NORMAL,0.2662,0,0,MARKET_DATA_PROVIDER,2025-12-18
2025-04-09,FI,FI_UGS_301,13.9955,8.0441,57.48,0.173,4.2489,0.2244,4.3445,82.05,-7.32,US,1,NORMAL,0.1451,0,0,ENTSOG_TRANSPARENCY,2025-02-11
2025-04-26,LV,LV_UGS_302,3.2422,2.3862,73.6,0.0153,1.8846,0.1597,2.4399,58.47,-8.99,IN,1,NORMAL,0.2478,0,1,AGSI_PLUS,2024-04-19
2025-05-13,RO,RO_UGS_303,14.6812,9.6951,66.04,2.0972,5.8736,0.096,8.5691,68.91,18.14,US,1,NORMAL,0.062,0,0,NATIONAL_GAS_TSO,2024-08-14
2025-05-30,BG,BG_UGS_304,7.9094,7.3147,92.48,2.2074,1.6356,1.3937,4.4497,59.44,-0.37,IN,1,NORMAL,0.0664,0,1,MARKET_DATA_PROVIDER,2025-07-11
2025-06-16,FR,FR_UGS_305,15.9375,8.6107,54.03,0.5508,3.2789,0.2421,3.1466,39.7,9.18,US,1,NORMAL,0.2645,0,0,ENTSOG_TRANSPARENCY,2024-05-14
2025-07-03,LT,LT_UGS_306,7.9522,0.9734,12.24,1.5683,4.3496,1.7715,7.4831,35.3,7.45,IN,1,NORMAL,0.2982,0,0,AGSI_PLUS,2025-08-12
2025-07-20,SK,SK_UGS_307,11.4296,11.0769,96.91,1.5458,2.7978,0.6993,4.5132,86.15,9.14,US,1,EARLY_WARNING,0.0802,0,1,NATIONAL_GAS_TSO,2025-05-25
2025-08-06,HR,HR_UGS_308,13.3773,9.4218,70.43,2.0852,1.047,0.5669,3.7021,119.46,4.27,IN,1,NORMAL,0.0865,0,0,MARKET_DATA_PROVIDER,2024-07-24
2025-08-23,DE,DE_UGS_309,7.9033,5.0629,64.06,0.4392,0.8732,0.7963,2.508,45.18,-2.37,US,1,NORMAL,0.1365,0,1,ENTSOG_TRANSPARENCY,2025-03-05
2025-09-09,LU,LU_UGS_310,5.1604,2.3923,46.36,0.4341,5.0191,0.7716,5.2765,103.07,14.25,IN,1,EARLY_WARNING,0.1746,0,0,AGSI_PLUS,2024-09-04
2025-09-26,SI,SI_UGS_311,11.4787,7.3274,63.83,2.6435,0.4894,1.4315,5.0719,104.36,-2.87,US,1,EARLY_WARNING,0.2468,0,0,NATIONAL_GAS_TSO,2024-10-01
2025-10-13,CY,CY_UGS_312,2.6005,0.3492,13.43,0.0808,4.0563,2.1366,5.9438,61.27,12.96,IN,0,NORMAL,0.0187,0,0,MARKET_DATA_PROVIDER,2024-11-26
2025-10-30,GR,GR_UGS_313,1.5723,1.3331,84.78,2.3758,3.2681,0.5058,6.2401,118.62,13.81,US,1,NORMAL,0.1549,0,1,ENTSOG_TRANSPARENCY,2024-09-16
2025-11-16,MT,MT_UGS_314,5.3215,4.0256,75.65,2.2134,3.54,1.5376,7.8545,86.82,22.5,IN,1,EARLY_WARNING,0.0207,0,1,AGSI_PLUS,2024-01-03
2025-12-03,ES,ES_UGS_315,1.1612,0.4402,37.91,1.3623,0.6189,0.1293,2.0506,107.99,23.85,US,0,EARLY_WARNING,0.3153,0,0,NATIONAL_GAS_TSO,2025-11-03
2025-12-20,CZ,CZ_UGS_316,0.6667,0.4755,71.32,1.7179,5.7349,0.0718,7.0535,55.55,0.44,IN,1,NORMAL,0.2129,0,0,MARKET_DATA_PROVIDER,2025-08-22
2026-01-06,HU,HU_UGS_317,2.4906,1.2979,52.11,0.2879,4.7377,1.9423,6.079,59.51,-8.66,US,0,NORMAL,0.0065,0,0,ENTSOG_TRANSPARENCY,2025-03-19
2026-01-23,NL,NL_UGS_318,2.9402,2.4513,83.37,1.2205,2.9203,1.0154,4.8618,51.32,17.71,IN,1,NORMAL,0.1604,0,1,AGSI_PLUS,2024-03-29
2026-02-09,SE,SE_UGS_319,4.4536,0.7037,15.8,2.7466,3.7357,1.0517,7.8761,79.7,10.59,US,1,NORMAL,0.3155,0,0,NATIONAL_GAS_TSO,2024-05-18
2018-01-01,DK,DK_UGS_320,4.8566,0.8779,18.08,0.5722,0.1731,1.0745,1.6237,14.87,20.72,IN,0,NORMAL,0.2889,0,0,MARKET_DATA_PROVIDER,2024-06-01
2018-01-18,IE,IE_UGS_321,15.6243,14.3459,91.82,1.7929,5.3059,0.9547,7.3266,11.19,20.13,US,0,NORMAL,0.0848,0,1,ENTSOG_TRANSPARENCY,2025-12-31
2018-02-04,PL,PL_UGS_322,11.2092,4.4228,39.46,1.3631,3.8901,0.761,6.5467,20.6,16.35,IN,0,NORMAL,0.1536,0,0,AGSI_PLUS,2024-02-01
2018-02-21,AT,AT_UGS_323,3.8109,2.2705,59.58,0.5343,3.3638,2.0006,6.269,24.31,19.66,US,0,NORMAL,0.0845,0,0,NATIONAL_GAS_TSO,2024-01-22
2018-03-10,EE,EE_UGS_324,14.696,1.7836,12.14,1.021,3.3228,0.6263,5.3064,13.67,13.42,IN,0,NORMAL,0.0528,0,0,MARKET_DATA_PROVIDER,2025-03-25
2018-03-27,IT,IT_UGS_325,5.9152,3.3406,56.48,1.6372,2.2276,1.4708,4.9415,22.62,-4.05,US,0,NORMAL,0.2659,0,0,ENTSOG_TRANSPARENCY,2024-11-07
2018-04-13,PT,PT_UGS_326,4.2383,4.085,96.38,1.7161,2.3352,1.2506,5.0711,18.11,-0.67,IN,0,NORMAL,0.3146,0,1,AGSI_PLUS,2025-04-21
2018-04-30,BE,BE_UGS_327,6.2673,3.0275,48.31,0.1965,7.0073,1.8279,9.5297,25.21,-4.54,US,0,NORMAL,0.0095,0,0,NATIONAL_GAS_TSO,2025-04-21
2018-05-17,FI,FI_UGS_328,18.3348,14.0048,76.38,2.1227,2.7979,0.1696,4.3,26.31,16.52,IN,1,NORMAL,0.0305,0,1,MARKET_DATA_PROVIDER,2024-03-05
2018-06-03,LV,LV_UGS_329,7.3464,5.2845,71.93,1.4769,5.3348,0.5963,7.4342,14.63,0.44,US,0,NORMAL,0.2381,0,1,ENTSOG_TRANSPARENCY,2024-05-13
2018-06-20,RO,RO_UGS_330,0.4674,0.2633,56.33,1.7163,0.397,0.6559,2.8833,11.45,11.67,IN,0,NORMAL,0.0943,0,0,AGSI_PLUS,2025-03-24
2018-07-07,BG,BG_UGS_331,6.4715,3.2492,50.21,0.8783,4.7095,0.4543,6.0761,24.15,-5.84,US,0,NORMAL,0.2248,0,0,NATIONAL_GAS_TSO,2025-03-07
2018-07-24,FR,FR_UGS_332,12.8499,4.8981,38.12,0.7947,4.1213,0.8739,5.1308,16.07,4.31,IN,0,NORMAL,0.2843,0,0,MARKET_DATA_PROVIDER,2024-03-23
2018-08-10,LT,LT_UGS_333,11.8701,4.0352,33.99,0.1089,5.3459,0.5931,5.2557,20.38,-1.61,US,0,NORMAL,0.0904,0,0,ENTSOG_TRANSPARENCY,2025-12-27
2018-08-27,SK,SK_UGS_334,6.0458,3.9015,64.53,0.7354,0.9104,0.1718,1.2172,16.0,-11.38,IN,1,NORMAL,0.1795,0,0,AGSI_PLUS,2024-06-01
2018-09-13,HR,HR_UGS_335,9.211,2.4897,27.03,1.2427,3.4505,0.8289,5.4973,12.19,20.83,US,0,NORMAL,0.1275,0,0,NATIONAL_GAS_TSO,2026-01-29
2018-09-30,DE,DE_UGS_336,3.4248,3.0254,88.34,0.0958,4.4879,0.6273,5.1564,12.12,6.41,IN,1,NORMAL,0.1847,0,1,MARKET_DATA_PROVIDER,2024-03-21
2018-10-17,LU,LU_UGS_337,3.9861,1.6874,42.33,2.7985,2.1997,1.9239,6.019,18.98,-7.42,US,0,NORMAL,0.1034,0,0,ENTSOG_TRANSPARENCY,2025-12-06
2018-11-03,SI,SI_UGS_338,3.2605,2.7929,85.66,3.2372,4.3988,1.9263,9.9835,27.96,-7.94,IN,0,NORMAL,0.1572,0,1,AGSI_PLUS,2025-02-13
2018-11-20,CY,CY_UGS_339,15.8874,8.9785,56.51,1.9325,0.7091,0.18,3.2462,9.02,19.8,US,0,NORMAL,0.0778,0,0,NATIONAL_GAS_TSO,2025-03-30
2018-12-07,GR,GR_UGS_340,3.7771,2.5162,66.62,1.844,5.1828,0.0339,6.7636,18.93,0.09,IN,0,NORMAL,0.2039,0,0,MARKET_DATA_PROVIDER,2025-03-16
2018-12-24,MT,MT_UGS_341,2.2601,0.7872,34.83,1.457,4.5449,0.3097,6.4887,23.71,-8.79,US,0,NORMAL,0.1614,0,0,ENTSOG_TRANSPARENCY,2025-11-01
2019-01-10,ES,ES_UGS_342,0.8745,0.5263,60.18,1.206,2.3892,0.418,4.2824,15.78,18.72,IN,0,NORMAL,0.0383,0,0,AGSI_PLUS,2024-04-02
2019-01-27,CZ,CZ_UGS_343,0.3446,0.2731,79.24,2.2798,1.1935,1.4002,5.1093,21.53,15.2,US,0,NORMAL,0.1432,0,1,NATIONAL_GAS_TSO,2025-05-24
2019-02-13,HU,HU_UGS_344,1.8886,1.0311,54.59,0.5887,2.0349,0.5854,2.4837,15.8,20.31,IN,0,NORMAL,0.0531,0,0,MARKET_DATA_PROVIDER,2025-04-04
2019-03-02,NL,NL_UGS_345,4.4513,1.7224,38.7,0.1713,0.6123,0.0884,1.2466,12.21,13.45,US,1,NORMAL,0.0962,0,0,ENTSOG_TRANSPARENCY,2024-08-16
2019-03-19,SE,SE_UGS_346,8.087,6.7782,83.82,1.6613,4.3933,1.9719,7.6813,24.41,20.86,IN,0,NORMAL,0.2066,0,1,AGSI_PLUS,2026-02-25
2019-04-05,DK,DK_UGS_347,10.0786,6.8724,68.19,1.6241,3.9174,0.7091,5.9356,23.45,-6.79,US,1,NORMAL,0.1574,0,0,NATIONAL_GAS_TSO,2024-03-16
2019-04-22,IE,IE_UGS_348,13.7235,11.0514,80.53,0.182,5.1081,0.4561,6.012,22.98,15.63,IN,1,NORMAL,0.0007,0,1,MARKET_DATA_PROVIDER,2025-06-09
2019-05-09,PL,PL_UGS_349,5.8481,4.2579,72.81,2.6922,3.1835,1.5044,7.032,26.82,-9.03,US,0,NORMAL,0.0913,0,0,ENTSOG_TRANSPARENCY,2024-08-14
2019-05-26,AT,AT_UGS_350,5.3378,4.6711,87.51,1.2559,5.6876,1.011,7.5171,12.42,7.96,IN,0,NORMAL,0.0103,0,1,AGSI_PLUS,2025-06-15
2019-06-12,EE,EE_UGS_351,8.5189,0.839,9.85,2.233,0.2134,0.8429,3.8236,18.29,-2.6,US,0,NORMAL,0.1574,0,0,NATIONAL_GAS_TSO,2024-03-13
2019-06-29,IT,IT_UGS_352,12.6021,3.6979,29.34,2.9369,1.0206,1.6563,5.2751,9.15,-7.07,IN,0,NORMAL,0.0456,0,0,MARKET_DATA_PROVIDER,2025-04-17
2019-07-16,PT,PT_UGS_353,16.8912,9.1154,53.97,2.8172,0.1544,0.7812,2.9778,13.86,5.08,US,0,NORMAL,0.0262,0,0,ENTSOG_TRANSPARENCY,2024-12-30
2019-08-02,BE,BE_UGS_354,13.1593,12.8455,97.62,1.6742,0.399,1.2992,3.6642,24.98,4.22,IN,0,NORMAL,0.1353,0,1,AGSI_PLUS,2025-01-12
2019-08-19,FI,FI_UGS_355,8.1998,7.3334,89.43,0.3356,2.2023,1.5014,4.2264,16.04,5.81,US,0,NORMAL,0.1255,0,1,NATIONAL_GAS_TSO,2024-11-12
2019-09-05,LV,LV_UGS_356,12.957,2.8895,22.3,2.5168,4.9021,0.2819,7.5787,23.6,19.72,IN,0,NORMAL,0.1068,0,0,MARKET_DATA_PROVIDER,2024-06-29
2019-09-22,RO,RO_UGS_357,5.8998,4.4448,75.34,0.1559,3.561,0.5517,4.8581,20.58,-7.93,US,0,NORMAL,0.2031,0,1,ENTSOG_TRANSPARENCY,2024-02-02
2019-10-09,BG,BG_UGS_358,8.2125,6.9594,84.74,1.4458,1.5611,0.4681,3.0059,16.09,-11.98,IN,1,NORMAL,0.209,0,1,AGSI_PLUS,2024-03-01
2019-10-26,FR,FR_UGS_359,1.168,0.2385,20.42,1.6672,4.2088,0.2693,5.7271,22.55,4.07,US,0,NORMAL,0.0884,0,0,NATIONAL_GAS_TSO,2025-04-22
2019-11-12,LT,LT_UGS_360,3.1356,1.2125,38.67,0.6794,2.1006,0.9149,3.8919,17.8,17.07,IN,0,NORMAL,0.3263,0,0,MARKET_DATA_PROVIDER,2025-02-17
2019-11-29,SK,SK_UGS_361,3.0672,1.6089,52.46,1.5611,3.8495,1.0829,6.6237,12.25,12.45,US,0,NORMAL,0.0899,0,0,ENTSOG_TRANSPARENCY,2025-05-27
2019-12-16,HR,HR_UGS_362,11.2896,4.5143,39.99,0.5215,2.9958,0.7163,4.5601,21.19,-10.56,IN,0,NORMAL,0.3017,0,0,AGSI_PLUS,2025-11-10
2020-01-02,DE,DE_UGS_363,13.18,2.1887,16.61,0.1307,3.9984,1.0377,4.6617,20.84,-4.81,US,0,NORMAL,0.277,0,0,NATIONAL_GAS_TSO,2024-02-20
2020-01-19,LU,LU_UGS_364,6.1192,1.8509,30.25,2.1848,1.3728,1.0807,4.7233,10.46,10.29,IN,0,NORMAL,0.2415,0,0,MARKET_DATA_PROVIDER,2026-01-08
2020-02-05,SI,SI_UGS_365,16.9868,3.6337,21.39,0.692,6.2261,0.051,7.2285,13.42,1.15,US,1,NORMAL,0.1003,0,0,ENTSOG_TRANSPARENCY,2025-12-28
2020-02-22,CY,CY_UGS_366,11.7344,9.0262,76.92,0.237,5.741,1.425,6.603,13.06,14.69,IN,1,NORMAL,0.0938,0,1,AGSI_PLUS,2026-01-13
2020-03-10,GR,GR_UGS_367,2.5598,0.5193,20.29,0.2566,0.8167,0.2747,1.4213,18.11,-3.92,US,0,NORMAL,0.1112,0,0,NATIONAL_GAS_TSO,2024-03-05
2020-03-27,MT,MT_UGS_368,7.1382,0.8014,11.23,0.02,3.9866,1.4934,6.0872,9.69,-8.01,IN,0,NORMAL,0.0957,0,0,MARKET_DATA_PROVIDER,2024-07-09
2020-04-13,ES,ES_UGS_369,12.8365,10.8163,84.26,2.383,6.3055,1.7618,10.9057,21.99,4.82,US,1,NORMAL,0.3151,0,1,ENTSOG_TRANSPARENCY,2025-01-09
2020-04-30,CZ,CZ_UGS_370,8.249,4.0259,48.8,2.6152,2.8981,0.7247,6.1632,10.42,24.94,IN,0,NORMAL,0.1804,0,0,AGSI_PLUS,2025-03-15
2020-05-17,HU,HU_UGS_371,1.2694,0.6014,47.38,1.6264,2.9608,0.489,4.9924,6.41,0.88,US,0,NORMAL,0.1547,0,0,NATIONAL_GAS_TSO,2025-09-07
2020-06-03,NL,NL_UGS_372,20.6059,10.9816,53.29,1.5752,2.5838,1.3245,5.101,15.26,18.97,IN,1,NORMAL,0.2843,0,0,MARKET_DATA_PROVIDER,2025-12-02
2020-06-20,SE,SE_UGS_373,2.0455,1.8351,89.71,2.3356,4.0499,0.0499,5.7694,6.0,-8.82,US,1,NORMAL,0.2605,0,1,ENTSOG_TRANSPARENCY,2025-04-02
2020-07-07,DK,DK_UGS_374,4.0914,0.9989,24.41,1.6768,1.0683,0.3333,2.3243,10.03,2.94,IN,1,NORMAL,0.2874,0,0,AGSI_PLUS,2024-10-29
2020-07-24,IE,IE_UGS_375,9.0987,2.419,26.59,0.5897,5.7954,2.1857,8.6711,14.64,-1.35,US,0,NORMAL,0.3079,0,0,NATIONAL_GAS_TSO,2026-01-31
2020-08-10,PL,PL_UGS_376,10.0712,8.1675,81.1,0.0397,1.5862,0.0545,1.5527,16.53,-2.56,IN,0,NORMAL,0.2029,0,1,MARKET_DATA_PROVIDER,2025-12-19
2020-08-27,AT,AT_UGS_377,9.2042,6.7165,72.97,0.3316,6.5621,1.6805,7.6602,6.6,11.54,US,0,NORMAL,0.2667,0,1,ENTSOG_TRANSPARENCY,2025-11-17
2020-09-13,EE,EE_UGS_378,15.5721,13.3909,85.99,0.7309,6.8097,0.9688,8.1113,21.61,-3.61,IN,0,NORMAL,0.2605,0,1,AGSI_PLUS,2024-11-26
2020-09-30,IT,IT_UGS_379,12.9156,1.7354,13.44,0.7064,5.7767,1.4377,7.7729,7.08,13.96,US,0,NORMAL,0.1088,0,0,NATIONAL_GAS_TSO,2024-12-24
2020-10-17,PT,PT_UGS_380,11.4865,7.5711,65.91,2.504,3.1817,0.8744,6.433,6.83,4.78,IN,0,NORMAL,0.1428,0,0,MARKET_DATA_PROVIDER,2024-10-04
2020-11-03,BE,BE_UGS_001,0.8129,0.1453,17.88,2.0993,6.7795,1.0067,10.1048,10.13,22.91,US,0,NORMAL,0.0227,0,0,ENTSOG_TRANSPARENCY,2024-05-03
2020-11-20,FI,FI_UGS_002,2.9174,1.6646,57.06,0.0551,0.2233,0.6491,1.0642,12.3,18.0,IN,0,NORMAL,0.0058,0,0,AGSI_PLUS,2026-02-01
2020-12-07,LV,LV_UGS_003,6.5929,1.8742,28.43,2.3048,3.5197,2.3948,7.6416,19.1,-6.04,US,0,NORMAL,0.1968,0,0,NATIONAL_GAS_TSO,2024-06-08
2020-12-24,RO,RO_UGS_004,8.5471,1.4149,16.55,2.2415,3.1328,0.1383,5.3544,6.14,22.88,IN,0,NORMAL,0.1346,0,0,MARKET_DATA_PROVIDER,2024-07-21
2021-01-10,BG,BG_UGS_005,6.7447,3.0035,44.53,1.1436,2.2787,0.5188,3.1323,57.55,21.56,US,1,NORMAL,0.2212,0,0,ENTSOG_TRANSPARENCY,2025-02-06
2021-01-27,FR,FR_UGS_006,0.1955,0.1523,77.9,1.8393,0.2796,1.4378,2.5861,77.65,23.05,IN,0,EARLY_WARNING,0.2403,0,1,AGSI_PLUS,2025-01-29
2021-02-13,LT,LT_UGS_007,3.3101,1.3162,39.76,0.6243,6.0802,0.8307,7.3886,37.65,20.64,US,1,NORMAL,0.0546,0,0,NATIONAL_GAS_TSO,2025-07-25
2021-03-02,SK,SK_UGS_008,16.5752,6.6147,39.91,1.0155,6.027,1.0195,8.1779,30.51,-7.0,IN,0,NORMAL,0.1435,0,0,MARKET_DATA_PROVIDER,2024-08-03
2021-03-19,HR,HR_UGS_009,13.3283,2.8283,21.22,1.316,3.7837,0.6602,5.3382,86.72,14.35,US,0,NORMAL,0.2717,0,0,ENTSOG_TRANSPARENCY,2025-03-31
2021-04-05,DE,DE_UGS_010,12.1577,11.323,93.13,1.9782,2.9017,1.2867,6.4716,18.15,21.95,IN,0,NORMAL,0.2151,0,1,AGSI_PLUS,2024-03-11
2021-04-22,LU,LU_UGS_011,14.6571,2.3412,15.97,3.1347,3.5677,0.7365,6.5759,25.57,6.99,US,0,NORMAL,0.092,0,0,NATIONAL_GAS_TSO,2025-09-01
2021-05-09,SI,SI_UGS_012,8.3551,6.9825,83.57,2.5403,1.5007,0.3295,4.0376,64.45,8.77,IN,0,NORMAL,0.1961,0,1,MARKET_DATA_PROVIDER,2025-09-15
2021-05-26,CY,CY_UGS_013,4.9143,3.4934,71.09,1.512,6.0137,0.7991,8.6983,58.44,12.36,US,0,NORMAL,0.2,0,1,ENTSOG_TRANSPARENCY,2024-05-16
2021-06-12,GR,GR_UGS_014,8.9077,5.9386,66.67,1.2923,1.5789,0.4019,3.3784,94.1,-4.57,IN,1,NORMAL,0.2634,0,1,AGSI_PLUS,2025-07-06
2021-06-29,MT,MT_UGS_015,9.331,6.3738,68.31,1.0687,3.6291,0.9505,6.0977,88.76,-3.8,US,0,NORMAL,0.1079,0,0,NATIONAL_GAS_TSO,2025-01-31
2021-07-16,ES,ES_UGS_016,10.5047,8.7611,83.4,2.3771,3.01,0.1959,4.6331,23.9,-10.91,IN,0,NORMAL,0.2908,0,1,MARKET_DATA_PROVIDER,2025-08-08
2021-08-02,CZ,CZ_UGS_017,7.3283,7.1929,98.15,2.1654,4.1407,0.0859,6.8876,64.71,20.76,US,0,NORMAL,0.2015,0,1,ENTSOG_TRANSPARENCY,2025-01-01
2021-08-19,HU,HU_UGS_018,6.1205,1.1889,19.42,0.9314,5.5794,0.7858,7.3709,79.7,19.71,IN,0,EARLY_WARNING,0.2661,0,0,AGSI_PLUS,2025-03-22
2021-09-05,NL,NL_UGS_019,8.13,7.1304,87.7,1.6065,5.0494,0.1583,7.284,58.57,18.37,US,0,NORMAL,0.0951,0,1,NATIONAL_GAS_TSO,2024-09-05
2021-09-22,SE,SE_UGS_020,7.4009,1.9661,26.57,0.0285,3.7697,0.0063,4.2707,87.44,21.42,IN,1,ALERT,0.4881,0,0,MARKET_DATA_PROVIDER,2024-04-15
2021-10-09,DK,DK_UGS_021,6.56,4.0241,61.34,1.2622,6.084,1.3658,9.0197,25.51,17.48,US,0,NORMAL,0.1324,0,0,ENTSOG_TRANSPARENCY,2024-04-11
2021-10-26,IE,IE_UGS_022,8.0059,0.6614,8.26,2.1887,2.656,0.0424,5.2691,88.27,-11.77,IN,0,ALERT,0.555,1,0,AGSI_PLUS,2025-06-15
2021-11-12,PL,PL_UGS_023,16.5845,15.9798,96.35,0.1401,5.6935,0.0258,4.9169,93.1,15.58,US,0,NORMAL,0.0202,0,1,NATIONAL_GAS_TSO,2024-04-30
2021-11-29,AT,AT_UGS_024,12.3914,3.0447,24.57,2.4953,1.9437,1.8634,6.7937,66.96,11.9,IN,0,NORMAL,0.3057,0,0,MARKET_DATA_PROVIDER,2024-09-01
2021-12-16,EE,EE_UGS_025,0.9251,0.562,60.76,2.3245,8.0049,1.0406,10.6266,47.16,9.69,US,0,NORMAL,0.1206,0,0,ENTSOG_TRANSPARENCY,2024-07-02
2022-01-02,IT,IT_UGS_026,15.8277,9.0851,57.4,1.3027,2.2843,1.4537,5.1308,147.1,-9.56,IN,1,EARLY_WARNING,0.211,0,1,AGSI_PLUS,2024-03-15
2022-01-19,PT,PT_UGS_027,10.0665,2.1516,21.37,2.1618,2.6843,1.2287,5.7357,67.02,22.94,US,1,NORMAL,0.0957,0,0,NATIONAL_GAS_TSO,2025-04-01
2022-02-05,BE,BE_UGS_028,3.9515,3.1751,80.35,1.5267,6.8289,0.2043,7.9198,206.54,2.47,IN,1,NORMAL,0.0075,0,1,MARKET_DATA_PROVIDER,2024-09-02
2022-02-22,FI,FI_UGS_029,1.5837,1.5223,96.12,0.997,3.473,0.1967,3.8736,143.12,2.99,US,1,NORMAL,0.258,0,1,ENTSOG_TRANSPARENCY,2025-03-18
2022-03-11,LV,LV_UGS_030,17.7563,2.3257,13.1,1.4602,2.5926,1.2875,4.4526,77.36,4.25,IN,1,EARLY_WARNING,0.1501,0,0,AGSI_PLUS,2024-03-13
2022-03-28,RO,RO_UGS_031,10.185,9.7719,95.94,1.0543,5.2283,1.051,6.5371,105.68,21.63,US,1,NORMAL,0.1503,0,1,NATIONAL_GAS_TSO,2025-12-15
2022-04-14,BG,BG_UGS_032,11.3366,11.2242,99.01,1.6565,5.2675,0.8502,7.2188,110.46,-2.37,IN,1,NORMAL,0.0096,0,1,MARKET_DATA_PROVIDER,2025-10-10
2022-05-01,FR,FR_UGS_033,3.7539,0.6626,17.65,0.7401,2.6847,1.509,4.6882,213.14,-6.56,US,1,ALERT,0.0587,0,0,ENTSOG_TRANSPARENCY,2025-06-14
2022-05-18,LT,LT_UGS_034,13.221,3.3508,25.34,1.6204,0.3933,0.6784,2.99,89.38,1.47,IN,1,EARLY_WARNING,0.2798,0,0,AGSI_PLUS,2025-12-04
2022-06-04,SK,SK_UGS_035,4.5792,2.5904,56.57,0.0716,5.8619,0.8829,5.8478,201.95,2.61,US,0,EARLY_WARNING,0.0202,0,0,NATIONAL_GAS_TSO,2024-02-08
2022-06-21,HR,HR_UGS_036,9.9517,3.8487,38.67,1.1462,3.5194,1.6651,5.6996,110.22,1.36,IN,0,NORMAL,0.042,0,0,MARKET_DATA_PROVIDER,2024-11-15
2022-07-08,DE,DE_UGS_037,8.5709,2.2246,25.96,0.7132,4.9181,0.4648,6.3345,181.84,-3.04,US,0,ALERT,0.0323,0,0,ENTSOG_TRANSPARENCY,2024-01-19
2022-07-25,LU,LU_UGS_038,13.4747,4.1515,30.81,2.4704,2.6208,0.2477,5.6517,83.15,-5.11,IN,0,EARLY_WARNING,0.2903,0,0,AGSI_PLUS,2024-08-30
2022-08-11,SI,SI_UGS_039,9.5653,5.3356,55.78,3.3588,0.7311,0.9589,4.7419,176.67,-8.66,US,1,NORMAL,0.0292,0,0,NATIONAL_GAS_TSO,2025-01-29
2022-08-28,CY,CY_UGS_040,1.3643,1.1273,82.63,0.8862,4.3122,1.2083,6.5919,219.29,7.92,IN,1,EARLY_WARNING,0.2379,0,1,MARKET_DATA_PROVIDER,2024-04-02
2022-09-14,GR,GR_UGS_041,8.7083,1.5036,17.27,2.7736,0.6587,1.7991,5.193,185.17,13.99,US,1,ALERT,0.1209,0,0,ENTSOG_TRANSPARENCY,2025-11-21
2022-10-01,MT,MT_UGS_042,1.0724,0.8241,76.84,2.044,2.6915,0.3709,4.6636,64.98,9.74,IN,0,NORMAL,0.2946,0,1,AGSI_PLUS,2025-05-25
2022-10-18,ES,ES_UGS_043,8.6865,2.708,31.18,2.2648,2.7253,0.048,4.1308,86.35,-7.37,US,0,EARLY_WARNING,0.1112,0,0,NATIONAL_GAS_TSO,2024-02-09
2022-11-04,CZ,CZ_UGS_044,6.9748,3.637,52.14,2.2713,4.7086,0.1243,6.1555,206.76,24.91,IN,0,NORMAL,0.105,0,0,MARKET_DATA_PROVIDER,2026-02-11
2022-11-21,HU,HU_UGS_045,3.0365,2.0312,66.89,1.4436,5.7881,0.7639,8.0566,159.78,-9.36,US,1,NORMAL,0.0217,0,1,ENTSOG_TRANSPARENCY,2025-02-19
2022-12-08,NL,NL_UGS_046,10.9248,7.7596,71.03,2.2057,0.4284,0.5223,2.6833,154.6,-8.72,IN,0,NORMAL,0.2349,0,0,AGSI_PLUS,2024-06-07
2022-12-25,SE,SE_UGS_047,13.3086,5.2159,39.19,1.1981,5.1895,0.7277,7.2066,206.81,23.28,US,1,NORMAL,0.293,0,0,NATIONAL_GAS_TSO,2024-04-23
2023-01-11,DK,DK_UGS_048,12.6699,7.5167,59.33,2.3903,0.1408,2.3318,4.5262,79.73,3.88,IN,1,NORMAL,0.2093,0,0,MARKET_DATA_PROVIDER,2024-07-06
2023-01-28,IE,IE_UGS_049,2.9302,0.8766,29.92,1.0681,1.1583,1.6511,3.3566,104.66,15.05,US,1,ALERT,0.6446,0,0,ENTSOG_TRANSPARENCY,2024-01-01
2023-02-14,PL,PL_UGS_050,16.6523,10.3209,61.98,1.5367,0.6488,1.2105,3.8564,28.93,17.84,IN,0,NORMAL,0.1755,0,1,AGSI_PLUS,2026-01-07
2023-03-03,AT,AT_UGS_051,0.3718,0.0746,20.08,0.8777,5.6865,0.693,6.6723,62.56,1.4,US,0,NORMAL,0.2106,0,0,NATIONAL_GAS_TSO,2026-01-12
2023-03-20,EE,EE_UGS_052,6.6887,3.9348,58.83,1.7427,1.4773,0.8502,3.3224,67.36,-0.32,IN,1,NORMAL,0.1071,0,1,MARKET_DATA_PROVIDER,2024-08-22
2023-04-06,IT,IT_UGS_053,7.7154,0.814,10.55,0.7891,1.0119,1.8027,3.0595,18.25,-9.8,US,1,NORMAL,0.3154,0,0,ENTSOG_TRANSPARENCY,2025-12-13
2023-04-23,PT,PT_UGS_054,8.1898,7.4536,91.01,1.106,3.6989,0.9046,5.4877,104.0,-2.76,IN,1,EARLY_WARNING,0.072,0,1,AGSI_PLUS,2024-09-22
2023-05-10,BE,BE_UGS_055,13.3293,7.6275,57.22,1.9613,5.4683,0.509,7.8157,64.31,3.59,US,1,NORMAL,0.1439,0,0,NATIONAL_GAS_TSO,2025-06-04
2023-05-27,FI,FI_UGS_056,11.849,6.8206,57.56,0.4809,5.1452,0.7484,5.676,43.98,-1.55,IN,1,NORMAL,0.2445,0,0,MARKET_DATA_PROVIDER,2024-05-14
2023-06-13,LV,LV_UGS_057,4.3435,3.0145,69.4,0.9679,4.0309,1.9174,7.0391,40.29,14.64,US,1,NORMAL,0.1627,0,0,ENTSOG_TRANSPARENCY,2026-01-07
2023-06-30,RO,RO_UGS_058,14.948,6.8612,45.9,1.415,0.4702,1.157,2.9686,49.38,-6.89,IN,0,NORMAL,0.3294,0,0,AGSI_PLUS,2025-02-07
2023-07-17,BG,BG_UGS_059,11.9069,6.9667,58.51,2.5568,6.4773,1.5801,10.9351,34.72,22.48,US,1,NORMAL,0.133,0,0,NATIONAL_GAS_TSO,2025-08-25
2023-08-03,FR,FR_UGS_060,16.0138,10.8548,67.78,1.1138,1.3946,0.4117,2.9857,90.72,16.04,IN,1,NORMAL,0.1644,0,1,MARKET_DATA_PROVIDER,2024-11-12
2023-08-20,LT,LT_UGS_061,4.1103,3.6511,88.83,0.6843,2.4723,0.615,3.158,85.62,-4.06,US,0,NORMAL,0.0194,0,1,ENTSOG_TRANSPARENCY,2025-08-20
2023-09-06,SK,SK_UGS_062,3.447,1.5345,44.52,1.7276,4.9936,0.2746,7.1618,78.64,5.12,IN,1,EARLY_WARNING,0.1002,0,0,AGSI_PLUS,2024-01-30
2023-09-23,HR,HR_UGS_063,8.5598,8.244,96.31,2.5976,2.3481,1.2208,5.3172,23.86,9.6,US,1,NORMAL,0.1856,0,1,NATIONAL_GAS_TSO,2024-07-03
2023-10-10,DE,DE_UGS_064,14.6097,12.793,87.56,1.0698,3.7414,2.0183,5.9015,32.16,-8.42,IN,0,NORMAL,0.0072,0,1,MARKET_DATA_PROVIDER,2026-01-02
2023-10-27,LU,LU_UGS_065,10.9125,8.9925,82.41,2.1363,6.7242,0.3269,8.4136,29.9,13.42,US,1,NORMAL,0.2774,0,1,ENTSOG_TRANSPARENCY,2024-12-31
2023-11-13,SI,SI_UGS_066,11.8685,9.2235,77.71,0.0342,6.5694,0.5795,7.58,34.53,4.22,IN,1,NORMAL,0.0776,0,1,AGSI_PLUS,2025-09-18
2023-11-30,CY,CY_UGS_067,12.5003,9.6462,77.17,2.1095,3.1045,0.4024,5.7057,79.28,1.51,US,0,NORMAL,0.0584,0,1,NATIONAL_GAS_TSO,2024-04-15
2023-12-17,GR,GR_UGS_068,14.8783,11.8865,79.89,0.1492,4.2656,0.0368,4.6594,72.25,19.67,IN,0,NORMAL,0.0749,0,1,MARKET_DATA_PROVIDER,2025-01-17
2024-01-03,MT,MT_UGS_069,5.8,4.9641,85.59,1.2088,4.5064,0.781,6.7953,30.81,5.3,US,0,NORMAL,0.2628,0,0,ENTSOG_TRANSPARENCY,2025-06-03
2024-01-20,ES,ES_UGS_070,15.4794,6.5684,42.43,1.5624,5.4514,2.2017,9.0079,111.89,8.61,IN,1,EARLY_WARNING,0.3108,0,0,AGSI_PLUS,2024-02-20
2024-02-06,CZ,CZ_UGS_071,7.9168,7.2173,91.16,0.4421,2.1385,1.8047,4.2584,39.28,-6.16,US,1,NORMAL,0.0754,0,1,NATIONAL_GAS_TSO,2025-10-04
2024-02-23,HU,HU_UGS_072,7.9348,7.7221,97.32,0.7266,2.2437,0.4487,3.2836,30.74,1.91,IN,1,NORMAL,0.2404,0,1,MARKET_DATA_PROVIDER,2025-08-25
2024-03-11,NL,NL_UGS_073,14.1142,1.9538,13.84,2.4638,5.2028,1.7417,9.4404,20.11,3.53,US,0,NORMAL,0.1654,0,0,ENTSOG_TRANSPARENCY,2025-09-13
2024-03-28,SE,SE_UGS_074,7.9663,2.6033,32.68,1.1303,0.4,0.0458,0.7588,96.32,8.99,IN,1,NORMAL,0.0634,0,0,AGSI_PLUS,2025-04-01
2024-04-14,DK,DK_UGS_075,0.754,0.4592,60.9,0.8533,4.5639,0.6051,5.7428,20.31,6.74,US,0,NORMAL,0.2639,0,0,NATIONAL_GAS_TSO,2024-11-08
2024-05-01,IE,IE_UGS_076,4.3911,2.0415,46.49,2.6374,3.0345,1.1585,5.8311,119.02,3.41,IN,1,NORMAL,0.2682,0,0,MARKET_DATA_PROVIDER,2025-07-10
2024-05-18,PL,PL_UGS_077,9.446,4.0123,42.48,0.5902,2.8456,0.9299,4.9224,96.46,-11.3,US,0,EARLY_WARNING,0.2296,0,0,ENTSOG_TRANSPARENCY,2025-05-20
2024-06-04,AT,AT_UGS_078,6.4349,0.8251,12.82,2.9218,4.7895,0.2561,8.1682,109.53,19.14,IN,1,NORMAL,0.2091,0,0,AGSI_PLUS,2025-02-03
2024-06-21,EE,EE_UGS_079,12.3328,3.7143,30.12,1.2018,3.797,0.0892,5.0013,71.17,-9.03,US,0,NORMAL,0.1588,0,0,NATIONAL_GAS_TSO,2025-06-28
2024-07-08,IT,IT_UGS_080,0.3264,0.1616,49.51,0.1767,0.9214,1.3246,2.0143,61.18,-11.62,IN,0,NORMAL,0.0779,0,0,MARKET_DATA_PROVIDER,2025-07-06
2024-07-25,PT,PT_UGS_081,5.5822,4.3294,77.56,1.3653,4.5314,1.2625,6.9105,20.3,4.68,US,1,NORMAL,0.1718,0,1,ENTSOG_TRANSPARENCY,2025-09-29
2024-08-11,BE,BE_UGS_082,0.3454,0.0604,17.49,0.5691,2.0927,0.7167,3.8103,75.82,16.99,IN,0,NORMAL,0.3027,0,0,AGSI_PLUS,2026-01-14
2024-08-28,FI,FI_UGS_083,13.7633,6.8573,49.82,1.2796,6.3035,0.5573,8.488,78.76,-0.89,US,1,EARLY_WARNING,0.1434,0,0,NATIONAL_GAS_TSO,2024-07-29
2024-09-14,LV,LV_UGS_084,6.2954,3.8815,61.66,1.586,4.3329,0.1609,5.3791,52.38,6.57,IN,1,NORMAL,0.136,0,0,MARKET_DATA_PROVIDER,2024-04-17
2024-10-01,RO,RO_UGS_085,13.9648,1.9592,14.03,0.172,4.5939,0.6136,5.4497,23.05,15.29,US,1,NORMAL,0.319,0,0,ENTSOG_TRANSPARENCY,2024-01-21
2024-10-18,BG,BG_UGS_086,2.8968,0.8357,28.85,2.1561,7.566,0.8549,10.7561,18.16,24.39,IN,1,NORMAL,0.2476,0,0,AGSI_PLUS,2024-11-08
2024-11-04,FR,FR_UGS_087,10.1358,1.2278,12.11,1.0134,2.2681,0.0024,2.7141,64.49,-11.5,US,0,NORMAL,0.2991,0,0,NATIONAL_GAS_TSO,2024-02-22
2024-11-21,LT,LT_UGS_088,1.7002,1.111,65.34,2.1927,4.0885,0.2058,5.9046,88.62,23.01,IN,1,NORMAL,0.1294,0,1,MARKET_DATA_PROVIDER,2025-05-02
2024-12-08,SK,SK_UGS_089,5.783,1.3757,23.79,0.6529,2.1994,1.4158,3.9452,90.69,19.84,US,1,NORMAL,0.1374,0,0,ENTSOG_TRANSPARENCY,2024-03-28
2024-12-25,HR,HR_UGS_090,4.7546,1.2519,26.33,1.6654,5.0246,1.667,8.194,118.19,6.19,IN,0,ALERT,0.6061,0,0,AGSI_PLUS,2024-04-24
2025-01-11,DE,DE_UGS_091,1.5012,0.4258,28.37,0.9477,1.5414,0.9243,3.9564,42.02,0.68,US,1,NORMAL,0.2023,0,0,NATIONAL_GAS_TSO,2026-02-07
2025-01-28,LU,LU_UGS_092,1.254,0.7478,59.63,0.3381,8.5557,0.9424,10.0768,116.65,23.6,IN,1,NORMAL,0.0582,0,0,MARKET_DATA_PROVIDER,2024-07-26
2025-02-14,SI,SI_UGS_093,13.3175,7.6323,57.31,1.6392,4.8966,0.4062,6.2347,48.26,7.9,US,1,NORMAL,0.2412,0,0,ENTSOG_TRANSPARENCY,2024-03-03
2025-03-03,CY,CY_UGS_094,3.633,1.2714,35.0,1.8705,3.009,1.2852,6.1014,82.03,21.31,IN,1,NORMAL,0.0204,0,0,AGSI_PLUS,2025-01-04
2025-03-20,GR,GR_UGS_095,13.7423,8.6917,63.25,1.4342,1.4102,0.749,3.9414,116.0,9.15,US,1,EARLY_WARNING,0.0619,0,1,NATIONAL_GAS_TSO,2025-09-25
2025-04-06,MT,MT_UGS_096,11.6821,9.5327,81.6,0.5916,4.5536,0.435,4.9004,84.5,18.87,IN,1,EARLY_WARNING,0.1795,0,1,MARKET_DATA_PROVIDER,2025-03-06
2025-04-23,ES,ES_UGS_097,7.8436,4.0457,51.58,1.1426,6.7617,1.3734,9.6237,51.19,24.98,US,1,NORMAL,0.2432,0,0,ENTSOG_TRANSPARENCY,2024-10-01
2025-05-10,CZ,CZ_UGS_098,5.4242,4.6691,86.08,0.6697,2.6942,0.8479,3.5848,86.59,5.35,IN,0,NORMAL,0.0601,0,1,AGSI_PLUS,2025-06-19
2025-05-27,HU,HU_UGS_099,9.3756,0.8768,9.35,1.6763,0.2646,0.5437,1.7146,78.45,23.82,US,1,NORMAL,0.0482,0,0,NATIONAL_GAS_TSO,2025-09-30
2025-06-13,NL,NL_UGS_100,2.1328,1.1055,51.83,0.5904,5.2447,1.3104,7.1677,42.77,19.42,IN,1,NORMAL,0.2153,0,0,MARKET_DATA_PROVIDER,2025-02-17
2025-06-30,SE,SE_UGS_101,0.4266,0.296,69.38,1.8119,4.2885,1.2557,6.6343,76.72,-1.46,US,1,NORMAL,0.0721,0,0,ENTSOG_TRANSPARENCY,2025-12-31
2025-07-17,DK,DK_UGS_102,6.1489,2.3595,38.37,1.8599,2.2951,1.4691,5.1316,48.23,-10.94,IN,1,NORMAL,0.1226,0,0,AGSI_PLUS,2025-07-02
2025-08-03,IE,IE_UGS_103,9.5379,8.9732,94.08,1.4193,3.1443,0.6594,4.3461,92.64,0.44,US,0,EARLY_WARNING,0.1276,0,1,NATIONAL_GAS_TSO,2024-02-28
2025-08-20,PL,PL_UGS_104,15.3853,4.0678,26.44,1.3816,0.8572,0.3668,2.4103,65.56,-7.9,IN,1,NORMAL,0.3266,0,0,MARKET_DATA_PROVIDER,2024-02-21
2025-09-06,AT,AT_UGS_105,0.5976,0.3213,53.76,1.8999,2.5262,1.465,6.3729,42.71,12.61,US,1,NORMAL,0.2423,0,0,ENTSOG_TRANSPARENCY,2024-02-06
2025-09-23,EE,EE_UGS_106,6.25,5.3624,85.8,2.9641,1.889,1.2215,5.5843,87.74,19.95,IN,1,NORMAL,0.1349,0,1,AGSI_PLUS,2025-12-09
2025-10-10,IT,IT_UGS_107,12.4575,5.384,43.22,1.5064,4.261,1.5912,6.7203,46.1,-6.85,US,1,NORMAL,0.2163,0,0,NATIONAL_GAS_TSO,2024-01-09
2025-10-27,PT,PT_UGS_108,5.713,2.0915,36.61,0.4805,3.2367,0.9851,5.2894,55.83,-5.29,IN,1,NORMAL,0.1199,0,0,MARKET_DATA_PROVIDER,2024-02-19
2025-11-13,BE,BE_UGS_109,8.4725,4.9431,58.34,0.7672,5.2568,1.8151,7.7448,89.58,-8.87,US,1,NORMAL,0.3029,0,0,ENTSOG_TRANSPARENCY,2024-06-14
2025-11-30,FI,FI_UGS_110,6.905,2.7657,40.05,2.8597,2.5464,1.1162,5.7043,59.53,-6.66,IN,0,NORMAL,0.262,0,0,AGSI_PLUS,2025-06-28
2025-12-17,LV,LV_UGS_111,13.541,12.5461,92.65,2.779,2.906,0.8698,7.1521,95.43,19.84,US,0,EARLY_WARNING,0.1327,0,1,NATIONAL_GAS_TSO,2025-06-30
2026-01-03,RO,RO_UGS_112,10.3879,7.4543,71.76,0.2382,3.6862,1.2113,5.7019,78.22,-9.39,IN,0,NORMAL,0.2027,0,0,MARKET_DATA_PROVIDER,2024-06-10
2026-01-20,BG,BG_UGS_113,9.2825,4.3286,46.63,2.9359,4.4474,0.9253,8.7757,118.54,20.82,US,0,NORMAL,0.2797,0,0,ENTSOG_TRANSPARENCY,2025-05-03
2026-02-06,FR,FR_UGS_114,16.2749,2.3399,14.38,0.2343,3.1867,0.0985,3.8093,52.35,-9.91,IN,1,NORMAL,0.094,0,0,AGSI_PLUS,2025-11-08
2026-02-23,LT,LT_UGS_115,4.6376,4.5904,98.98,1.0003,5.9767,1.4301,8.8592,19.79,-3.93,US,1,NORMAL,0.2108,0,1,NATIONAL_GAS_TSO,2024-09-07
2018-01-15,SK,SK_UGS_116,9.4163,2.8754,30.54,1.0553,5.5,1.2519,7.2488,26.56,1.34,IN,0,NORMAL,0.0562,0,0,MARKET_DATA_PROVIDER,2025-11-14
2018-02-01,HR,HR_UGS_117,6.5054,0.5612,8.63,0.1763,6.5236,0.2608,7.503,25.62,15.64,US,0,NORMAL,0.0671,0,0,ENTSOG_TRANSPARENCY,2024-10-24
2018-02-18,DE,DE_UGS_118,1.295,0.2562,19.78,2.218,1.8388,2.4802,5.7318,26.17,5.27,IN,0,NORMAL,0.1182,0,0,AGSI_PLUS,2024-10-13
2018-03-07,LU,LU_UGS_119,15.0253,11.5649,76.97,0.4218,0.478,1.9565,3.4516,10.37,8.67,US,0,NORMAL,0.1035,0,0,NATIONAL_GAS_TSO,2024-07-19
2018-03-24,SI,SI_UGS_120,11.0111,4.0469,36.75,1.0167,4.7346,1.8838,7.1819,20.04,-8.22,IN,0,NORMAL,0.2926,0,0,MARKET_DATA_PROVIDER,2024-08-02
2018-04-10,CY,CY_UGS_121,5.2499,0.5841,11.13,1.715,4.1879,2.1231,8.0589,18.99,10.48,US,0,NORMAL,0.2419,0,0,ENTSOG_TRANSPARENCY,2025-11-30
2018-04-27,GR,GR_UGS_122,3.3779,3.0547,90.43,1.9344,1.1773,0.0773,3.7323,25.74,2.25,IN,0,NORMAL,0.0919,0,1,AGSI_PLUS,2025-06-03
2018-05-14,MT,MT_UGS_123,9.0901,6.1253,67.38,1.7051,2.5812,0.7149,4.2856,16.81,-10.62,US,0,NORMAL,0.0231,0,1,NATIONAL_GAS_TSO,2025-04-26
2018-05-31,ES,ES_UGS_124,4.4812,1.8459,41.19,1.7115,8.0449,1.5008,10.3299,24.45,18.12,IN,0,NORMAL,0.0441,0,0,MARKET_DATA_PROVIDER,2024-03-22
2018-06-17,CZ,CZ_UGS_125,17.6965,11.1809,63.18,1.3982,1.1592,1.6956,4.3366,26.62,19.0,US,1,NORMAL,0.028,0,0,ENTSOG_TRANSPARENCY,2025-05-10
2018-07-04,HU,HU_UGS_126,9.37,6.5802,70.23,0.4254,3.3373,0.9629,4.8732,19.25,19.19,IN,0,NORMAL,0.0851,0,1,AGSI_PLUS,2025-07-03
2018-07-21,NL,NL_UGS_127,0.8592,0.675,78.56,1.8856,2.2383,0.1286,3.4315,20.39,12.63,US,0,NORMAL,0.1344,0,1,NATIONAL_GAS_TSO,2024-02-05
2018-08-07,SE,SE_UGS_128,15.9009,8.7671,55.14,1.5785,2.4704,0.9894,4.3333,15.51,1.77,IN,0,NORMAL,0.2497,0,0,MARKET_DATA_PROVIDER,2024-09-13
2018-08-24,DK,DK_UGS_129,3.5084,1.6465,46.93,2.4577,4.9433,0.4143,7.3531,18.78,24.95,US,0,NORMAL,0.1388,0,0,ENTSOG_TRANSPARENCY,2025-02-08
2018-09-10,IE,IE_UGS_130,3.4004,1.8066,53.13,2.2216,2.6049,1.5011,6.8138,9.93,21.37,IN,0,NORMAL,0.1352,0,0,AGSI_PLUS,2025-02-17
2018-09-27,PL,PL_UGS_131,4.6583,1.0207,21.91,0.8757,3.752,0.8299,5.1495,27.39,1.99,US,0,NORMAL,0.3297,0,0,NATIONAL_GAS_TSO,2024-05-10
2018-10-14,AT,AT_UGS_132,7.5069,4.7316,63.03,2.8325,3.7157,0.9302,7.7201,22.06,-7.33,IN,0,NORMAL,0.3285,0,0,MARKET_DATA_PROVIDER,2024-06-07
2018-10-31,EE,EE_UGS_133,13.7644,1.894,13.76,0.1461,7.7808,0.8558,9.2859,17.28,13.98,US,0,NORMAL,0.2711,0,0,ENTSOG_TRANSPARENCY,2024-12-24
2018-11-17,IT,IT_UGS_134,7.5067,2.266,30.19,1.292,1.354,0.5234,2.7673,26.29,-11.83,IN,0,NORMAL,0.1397,0,0,AGSI_PLUS,2024-02-22
2018-12-04,PT,PT_UGS_135,7.5481,3.0007,39.75,0.2777,6.29,1.4349,7.8871,15.68,-5.26,US,0,NORMAL,0.056,0,0,NATIONAL_GAS_TSO,2024-12-04
2018-12-21,BE,BE_UGS_136,10.9432,8.3717,76.5,0.8914,4.5208,2.0691,6.9271,18.05,-3.96,IN,0,NORMAL,0.1812,0,0,MARKET_DATA_PROVIDER,2026-01-22
2019-01-07,FI,FI_UGS_137,11.1856,10.9659,98.04,0.0203,2.6106,0.7626,3.3219,24.09,13.95,US,0,NORMAL,0.2951,0,1,ENTSOG_TRANSPARENCY,2024-10-26
2019-01-24,LV,LV_UGS_138,2.551,0.6413,25.14,2.2439,3.6055,1.8474,6.8855,9.08,13.86,IN,0,NORMAL,0.0103,0,0,AGSI_PLUS,2024-04-14
2019-02-10,RO,RO_UGS_139,14.8448,3.9775,26.79,0.2125,0.4614,0.6724,1.0183,10.09,20.32,US,0,NORMAL,0.2316,0,0,NATIONAL_GAS_TSO,2025-01-20
2019-02-27,BG,BG_UGS_140,3.1846,3.1006,97.36,1.5891,7.8887,1.2572,10.273,18.67,13.24,IN,0,NORMAL,0.0454,0,1,MARKET_DATA_PROVIDER,2025-05-13
2019-03-16,FR,FR_UGS_141,15.4543,5.419,35.06,0.1257,3.3872,0.5458,3.5149,21.17,11.21,US,0,NORMAL,0.1338,0,0,ENTSOG_TRANSPARENCY,2025-07-03
2019-04-02,LT,LT_UGS_142,10.813,10.5628,97.69,2.1535,0.7589,0.4158,3.1651,11.61,-3.91,IN,0,NORMAL,0.2617,0,1,AGSI_PLUS,2024-11-20
2019-04-19,SK,SK_UGS_143,10.3146,9.1008,88.23,2.0393,0.3369,1.5707,4.4777,20.68,12.28,US,0,NORMAL,0.2945,0,1,NATIONAL_GAS_TSO,2025-12-03
2019-05-06,HR,HR_UGS_144,11.5911,1.6593,14.32,2.707,5.7219,1.8377,9.4354,20.17,19.55,IN,0,NORMAL,0.1549,0,0,MARKET_DATA_PROVIDER,2024-05-04
2019-05-23,DE,DE_UGS_145,11.356,3.0073,26.48,0.8824,2.855,0.4573,4.2238,16.51,17.18,US,0,NORMAL,0.1013,0,0,ENTSOG_TRANSPARENCY,2024-12-08
2019-06-09,LU,LU_UGS_146,10.1684,9.1412,89.9,1.2975,4.3834,0.2957,5.4661,13.99,-11.42,IN,0,NORMAL,0.0382,0,1,AGSI_PLUS,2025-08-30
2019-06-26,SI,SI_UGS_147,8.6303,1.4501,16.8,2.3301,4.0088,1.1061,7.6156,23.22,23.0,US,0,NORMAL,0.2196,0,0,NATIONAL_GAS_TSO,2024-11-15
2019-07-13,CY,CY_UGS_148,15.4329,12.8832,83.48,1.7886,3.5918,0.8555,5.8103,19.08,-2.01,IN,0,NORMAL,0.2147,0,1,MARKET_DATA_PROVIDER,2025-11-04
2019-07-30,GR,GR_UGS_149,1.3075,1.1569,88.48,1.9541,6.6941,0.9793,10.0391,23.31,22.35,US,0,NORMAL,0.2528,0,1,ENTSOG_TRANSPARENCY,2026-01-14
2019-08-16,MT,MT_UGS_150,3.0826,1.7368,56.34,1.8503,2.1188,2.1941,6.1476,9.36,-9.74,IN,1,NORMAL,0.2709,0,0,AGSI_PLUS,2025-06-17
2019-09-02,ES,ES_UGS_151,9.6177,6.1513,63.96,0.0073,3.1986,0.6521,3.2397,27.92,5.8,US,0,NORMAL,0.214,0,0,NATIONAL_GAS_TSO,2025-01-30
2019-09-19,CZ,CZ_UGS_152,16.8539,8.0882,47.99,0.0528,1.6874,0.4913,1.5624,16.77,-7.21,IN,0,NORMAL,0.0485,0,0,MARKET_DATA_PROVIDER,2024-08-04
2019-10-06,HU,HU_UGS_153,8.1901,4.6941,57.31,1.2522,5.34,0.1387,6.9526,27.83,-6.61,US,0,NORMAL,0.0681,0,1,ENTSOG_TRANSPARENCY,2025-08-09
2019-10-23,NL,NL_UGS_154,3.0624,2.8749,93.88,2.3702,3.9313,1.5603,8.2754,11.83,-4.66,IN,0,NORMAL,0.2586,0,1,AGSI_PLUS,2025-01-07
2019-11-09,SE,SE_UGS_155,10.1575,2.3608,23.24,1.3551,5.3572,1.2267,7.6618,22.34,9.83,US,1,NORMAL,0.1656,0,0,NATIONAL_GAS_TSO,2024-09-30
2019-11-26,DK,DK_UGS_156,9.5415,1.2898,13.52,0.5065,4.3745,2.009,6.1623,9.0,22.27,IN,1,NORMAL,0.2198,0,0,MARKET_DATA_PROVIDER,2024-07-22
2019-12-13,IE,IE_UGS_157,11.4362,3.4886,30.51,1.9765,6.8181,1.6162,9.4214,13.86,19.47,US,0,NORMAL,0.1347,0,0,ENTSOG_TRANSPARENCY,2024-03-12
2019-12-30,PL,PL_UGS_158,7.1706,1.8597,25.94,0.601,3.1713,1.3056,5.4818,23.66,17.88,IN,0,NORMAL,0.0556,0,0,AGSI_PLUS,2025-04-28
2020-01-16,AT,AT_UGS_159,3.4772,1.8819,54.12,2.9043,6.2114,1.1758,9.5716,20.56,9.6,US,0,NORMAL,0.1018,0,0,NATIONAL_GAS_TSO,2024-03-12
2020-02-02,EE,EE_UGS_160,13.6778,1.4896,10.89,2.2345,5.7412,0.4271,8.3067,9.17,-0.71,IN,0,NORMAL,0.0079,0,0,MARKET_DATA_PROVIDER,2024-05-28
2020-02-19,IT,IT_UGS_161,0.1972,0.0382,19.38,0.3769,3.7737,1.7025,5.6426,21.46,-5.54,US,0,NORMAL,0.0409,0,0,ENTSOG_TRANSPARENCY,2025-04-02
2020-03-07,PT,PT_UGS_162,4.8689,2.7624,56.74,0.2943,9.0114,1.0661,10.7448,19.44,0.59,IN,0,NORMAL,0.2907,0,0,AGSI_PLUS,2024-10-13
2020-03-24,BE,BE_UGS_163,5.393,1.1368,21.08,2.2767,6.6742,0.6744,9.8372,6.42,4.24,US,0,NORMAL,0.1294,0,0,NATIONAL_GAS_TSO,2024-04-09
2020-04-10,FI,FI_UGS_164,15.0438,10.7673,71.57,1.8955,5.8181,1.4702,9.5202,14.47,8.02,IN,0,NORMAL,0.2359,0,1,MARKET_DATA_PROVIDER,2024-05-11
2020-04-27,LV,LV_UGS_165,11.8408,5.8822,49.68,0.842,2.6153,0.9544,4.2984,12.21,-0.68,US,0,NORMAL,0.1105,0,0,ENTSOG_TRANSPARENCY,2024-08-16
2020-05-14,RO,RO_UGS_166,11.6716,9.374,80.31,2.0356,1.7804,1.6416,4.9286,15.72,19.43,IN,0,NORMAL,0.0359,0,1,AGSI_PLUS,2024-11-02
2020-05-31,BG,BG_UGS_167,2.091,0.9609,45.95,1.8946,5.2805,0.8785,7.2025,16.87,-1.03,US,1,NORMAL,0.1512,0,0,NATIONAL_GAS_TSO,2025-11-23
2020-06-17,FR,FR_UGS_168,1.5769,0.4057,25.73,2.5619,3.8764,1.1941,7.6673,20.19,24.34,IN,0,NORMAL,0.1732,0,0,MARKET_DATA_PROVIDER,2024-04-23
2020-07-04,LT,LT_UGS_169,11.3414,5.7135,50.38,1.9173,5.3293,1.0932,8.2846,13.23,-10.72,US,0,NORMAL,0.2141,0,0,ENTSOG_TRANSPARENCY,2024-03-04
2020-07-21,SK,SK_UGS_170,6.5526,2.0816,31.77,1.9422,0.7753,0.0012,1.8705,18.25,-7.18,IN,0,NORMAL,0.0186,0,0,AGSI_PLUS,2025-01-11
2020-08-07,HR,HR_UGS_171,17.7176,8.3971,47.39,1.5008,5.3328,1.0449,8.2013,20.74,20.56,US,0,NORMAL,0.3126,0,0,NATIONAL_GAS_TSO,2025-07-07
2020-08-24,DE,DE_UGS_172,4.0257,1.7303,42.98,1.3279,0.6313,0.8719,2.4518,14.2,7.49,IN,0,NORMAL,0.1457,0,0,MARKET_DATA_PROVIDER,2024-04-15
2020-09-10,LU,LU_UGS_173,9.0816,2.7706,30.51,0.8731,0.6459,1.3173,3.3372,19.13,24.39,US,0,NORMAL,0.0279,0,0,ENTSOG_TRANSPARENCY,2024-07-15
2020-09-27,SI,SI_UGS_174,5.4079,1.703,31.49,2.4097,3.5315,1.5213,7.7885,20.17,-10.92,IN,1,NORMAL,0.182,0,0,AGSI_PLUS,2025-06-13
2020-10-14,CY,CY_UGS_175,3.4477,1.4128,40.98,0.9519,0.5162,1.2157,1.861,11.37,-3.59,US,0,NORMAL,0.0336,0,0,NATIONAL_GAS_TSO,2025-02-11
2020-10-31,GR,GR_UGS_176,8.1904,3.7955,46.34,1.6468,5.2432,0.2537,7.6249,13.27,14.76,IN,0,NORMAL,0.06,0,0,MARKET_DATA_PROVIDER,2025-08-31
2020-11-17,MT,MT_UGS_177,1.4615,1.1338,77.58,0.5984,8.2284,2.1054,10.5726,7.61,0.95,US,0,NORMAL,0.283,0,1,ENTSOG_TRANSPARENCY,2025-04-10
2020-12-04,ES,ES_UGS_178,7.6035,1.9643,25.83,2.5043,4.4602,0.6832,7.8366,16.7,4.44,IN,1,NORMAL,0.2527,0,0,AGSI_PLUS,2025-02-22
2020-12-21,CZ,CZ_UGS_179,10.9803,6.786,61.8,2.7481,4.3724,0.9712,7.6889,9.76,7.87,US,0,NORMAL,0.2541,0,1,NATIONAL_GAS_TSO,2024-09-10
2021-01-07,HU,HU_UGS_180,10.2362,6.3901,62.43,0.6496,5.3942,1.0907,7.1883,80.54,15.94,IN,0,NORMAL,0.1546,0,1,MARKET_DATA_PROVIDER,2024-02-21
2021-01-24,NL,NL_UGS_181,8.3567,6.3683,76.21,1.169,7.9974,1.3675,9.6908,81.86,4.53,US,0,NORMAL,0.2038,0,1,ENTSOG_TRANSPARENCY,2024-01-29
2021-02-10,SE,SE_UGS_182,7.9339,6.989,88.09,0.6014,6.4379,0.9577,7.1292,81.74,8.93,IN,0,NORMAL,0.1093,0,1,AGSI_PLUS,2025-05-06
2021-02-27,DK,DK_UGS_183,4.2922,3.8273,89.17,0.4615,4.334,1.607,5.6573,40.56,23.86,US,0,NORMAL,0.2157,0,1,NATIONAL_GAS_TSO,2025-07-05
2021-03-16,IE,IE_UGS_184,10.9585,6.8305,62.33,0.2554,3.7636,1.6732,6.077,18.83,17.16,IN,0,NORMAL,0.1267,0,1,MARKET_DATA_PROVIDER,2024-07-13
2021-04-02,PL,PL_UGS_185,16.242,13.257,81.62,1.1046,7.0974,0.9285,9.5501,19.93,-0.09,US,0,NORMAL,0.2924,0,0,ENTSOG_TRANSPARENCY,2024-07-25
2021-04-19,AT,AT_UGS_186,4.4534,1.833,41.16,0.9471,5.4406,1.8754,8.7525,76.95,-4.12,IN,0,NORMAL,0.3097,0,0,AGSI_PLUS,2026-02-01
2021-05-06,EE,EE_UGS_187,10.011,5.7611,57.55,0.089,0.8608,0.0085,0.0974,71.37,16.79,US,1,NORMAL,0.2645,0,1,NATIONAL_GAS_TSO,2025-05-17
2021-05-23,IT,IT_UGS_188,0.8204,0.076,9.27,0.8998,1.1644,0.709,2.5929,27.47,12.52,IN,1,NORMAL,0.0905,0,0,MARKET_DATA_PROVIDER,2025-04-24
2021-06-09,PT,PT_UGS_189,11.0454,3.7312,33.78,0.2879,4.4615,1.5927,6.9392,67.8,19.15,US,0,NORMAL,0.2519,0,0,ENTSOG_TRANSPARENCY,2024-12-12
2021-06-26,BE,BE_UGS_190,5.7819,4.242,73.37,0.7758,2.5737,0.3889,2.9361,52.06,8.05,IN,0,NORMAL,0.0271,0,1,AGSI_PLUS,2024-03-21
2021-07-13,FI,FI_UGS_191,5.2853,5.1971,98.33,1.1957,3.8966,0.9799,6.4392,60.53,-4.92,US,0,NORMAL,0.0064,0,1,NATIONAL_GAS_TSO,2025-05-11
2021-07-30,LV,LV_UGS_192,16.12,11.7145,72.67,2.7017,1.3745,1.6841,5.6287,75.16,-4.32,IN,1,NORMAL,0.3016,0,1,MARKET_DATA_PROVIDER,2025-06-03
2021-08-16,RO,RO_UGS_193,12.7618,6.0755,47.61,1.8281,3.8747,1.5794,7.8557,87.62,-4.15,US,0,EARLY_WARNING,0.2727,0,0,ENTSOG_TRANSPARENCY,2024-12-13
2021-09-02,BG,BG_UGS_194,13.2015,1.1201,8.48,2.4785,2.2208,0.6882,5.8227,24.06,-3.06,IN,0,NORMAL,0.3207,0,0,AGSI_PLUS,2025-08-02
2021-09-19,FR,FR_UGS_195,5.1195,3.7026,72.32,1.3511,7.0218,1.2382,10.1785,66.77,11.84,US,1,NORMAL,0.3212,0,0,NATIONAL_GAS_TSO,2024-04-20
2021-10-06,LT,LT_UGS_196,12.5059,5.8037,46.41,0.7276,3.4077,2.2501,5.9329,88.09,3.22,IN,0,EARLY_WARNING,0.3182,0,0,MARKET_DATA_PROVIDER,2024-09-17
2021-10-23,SK,SK_UGS_197,1.8801,1.0965,58.32,1.8992,2.5423,1.4529,5.9815,56.35,19.11,US,0,NORMAL,0.0408,0,1,ENTSOG_TRANSPARENCY,2025-11-24
2021-11-09,HR,HR_UGS_198,3.9258,2.9235,74.47,1.4063,5.7503,0.308,7.9376,37.87,9.06,IN,0,NORMAL,0.2502,0,1,AGSI_PLUS,2025-03-01
2021-11-26,DE,DE_UGS_199,13.5083,7.7654,57.49,0.8954,0.1686,0.0613,1.596,77.33,21.92,US,0,NORMAL,0.2135,0,0,NATIONAL_GAS_TSO,2024-08-16
2021-12-13,LU,LU_UGS_200,11.9737,1.8581,15.52,2.7235,5.7732,0.1275,9.0521,19.24,13.96,IN,0,NORMAL,0.024,0,0,MARKET_DATA_PROVIDER,2025-10-11
2021-12-30,SI,SI_UGS_201,9.3084,3.0559,32.83,1.0305,7.4856,0.651,9.3848,55.37,15.54,US,0,NORMAL,0.1563,0,0,ENTSOG_TRANSPARENCY,2024-09-21
2022-01-16,CY,CY_UGS_202,9.2725,6.9695,75.16,1.6751,3.3482,0.8724,5.889,96.25,-5.59,IN,0,EARLY_WARNING,0.2539,0,1,AGSI_PLUS,2025-04-06
2022-02-02,GR,GR_UGS_203,7.7048,1.4415,18.71,0.0642,4.3517,0.4167,4.6209,95.67,17.57,US,1,ALERT,0.1943,1,0,NATIONAL_GAS_TSO,2024-06-23
2022-02-19,MT,MT_UGS_204,2.3329,0.9833,42.15,0.9946,0.1376,0.9751,1.9885,115.46,-11.34,IN,1,NORMAL,0.1217,0,0,MARKET_DATA_PROVIDER,2026-02-06
2022-03-08,ES,ES_UGS_205,1.1319,0.918,81.11,2.7113,0.1046,2.2603,4.3523,170.71,6.61,US,1,EARLY_WARNING,0.3263,0,1,ENTSOG_TRANSPARENCY,2024-09-07
2022-03-25,CZ,CZ_UGS_206,10.3696,7.2976,70.37,2.6586,6.6648,0.4833,10.0678,84.47,17.15,IN,1,NORMAL,0.1293,0,1,AGSI_PLUS,2024-10-17
2022-04-11,HU,HU_UGS_207,4.2505,3.7023,87.1,0.1526,0.2063,1.419,2.1267,123.97,12.68,US,0,NORMAL,0.1786,0,1,NATIONAL_GAS_TSO,2025-01-31
2022-04-28,NL,NL_UGS_208,1.7192,0.1979,11.51,0.1951,3.4058,1.3762,4.1327,86.87,17.32,IN,1,EARLY_WARNING,0.0408,0,0,MARKET_DATA_PROVIDER,2024-07-04
2022-05-15,SE,SE_UGS_209,0.977,0.6259,64.06,1.3461,3.9718,1.7162,6.878,55.43,-2.84,US,1,NORMAL,0.0859,0,1,ENTSOG_TRANSPARENCY,2024-10-02
2022-06-01,DK,DK_UGS_210,5.555,1.3674,24.62,1.3532,5.49,0.1804,6.9241,90.65,-1.71,IN,1,ALERT,0.0489,0,0,AGSI_PLUS,2024-11-24
2022-06-18,IE,IE_UGS_211,7.9092,6.6082,83.55,1.3433,1.3528,1.4676,3.4706,140.35,16.0,US,1,NORMAL,0.3188,0,1,NATIONAL_GAS_TSO,2025-07-24
2022-07-05,PL,PL_UGS_212,0.7971,0.5728,71.86,0.9863,1.3553,0.7927,2.5123,88.58,12.87,IN,0,EARLY_WARNING,0.0111,0,1,MARKET_DATA_PROVIDER,2024-10-11
2022-07-22,AT,AT_UGS_213,14.2553,13.6383,95.67,1.0154,5.2667,1.5491,8.3959,126.22,3.98,US,0,NORMAL,0.0513,0,1,ENTSOG_TRANSPARENCY,2025-07-15
2022-08-08,EE,EE_UGS_214,11.3839,10.0074,87.91,1.0359,0.742,0.5301,2.7911,60.06,13.67,IN,1,NORMAL,0.1616,0,1,AGSI_PLUS,2025-12-06
2022-08-25,IT,IT_UGS_215,10.5687,3.0264,28.64,1.9596,2.9552,0.6418,4.7846,170.56,-10.51,US,1,ALERT,0.0726,1,0,NATIONAL_GAS_TSO,2025-06-03
2022-09-11,PT,PT_UGS_216,3.1609,0.8178,25.87,0.9764,5.3047,1.7936,8.5739,146.32,22.24,IN,1,ALERT,0.3866,1,0,MARKET_DATA_PROVIDER,2024-04-05
2022-09-28,BE,BE_UGS_217,11.0308,10.525,95.41,1.1693,0.1363,1.3681,2.5916,111.48,6.19,US,1,NORMAL,0.2939,0,1,ENTSOG_TRANSPARENCY,2024-10-03
2022-10-15,FI,FI_UGS_218,12.2849,3.6469,29.69,0.3853,2.7032,1.3522,3.4947,192.62,-5.56,IN,1,ALERT,0.2936,0,0,AGSI_PLUS,2025-06-02
2022-11-01,LV,LV_UGS_219,12.5529,11.0699,88.19,1.1072,4.1212,0.7046,5.9506,216.36,15.78,US,1,EARLY_WARNING,0.1922,0,1,NATIONAL_GAS_TSO,2025-03-29
2022-11-18,RO,RO_UGS_220,7.9154,7.3607,92.99,2.5921,5.8927,0.6253,8.8923,168.9,-9.41,IN,1,NORMAL,0.2862,0,1,MARKET_DATA_PROVIDER,2024-08-30
2022-12-05,BG,BG_UGS_221,9.8299,8.9796,91.35,0.9227,0.2821,0.8685,2.1659,207.9,15.97,US,0,NORMAL,0.1707,0,1,ENTSOG_TRANSPARENCY,2025-02-06
2022-12-22,FR,FR_UGS_222,15.8735,7.7723,48.96,1.0832,6.044,1.5302,8.0273,49.84,-5.84,IN,0,NORMAL,0.2964,0,0,AGSI_PLUS,2025-09-29
2023-01-08,LT,LT_UGS_223,2.9684,2.1943,73.92,2.286,0.2531,0.2164,2.9656,108.24,12.33,US,1,NORMAL,0.3261,0,1,NATIONAL_GAS_TSO,2025-06-24
2023-01-25,SK,SK_UGS_224,12.6236,1.5989,12.67,1.5353,3.611,0.5787,5.2892,103.14,-9.81,IN,0,ALERT,0.6503,1,0,MARKET_DATA_PROVIDER,2024-09-20
2023-02-11,HR,HR_UGS_225,3.1987,2.5646,80.18,1.3542,0.7318,1.0844,2.5086,116.89,-6.88,US,1,EARLY_WARNING,0.0968,0,1,ENTSOG_TRANSPARENCY,2024-03-05
2023-02-28,DE,DE_UGS_226,18.6386,4.3167,23.16,0.2326,5.912,1.1566,7.104,61.32,23.25,IN,1,NORMAL,0.1388,0,0,AGSI_PLUS,2024-09-29
2023-03-17,LU,LU_UGS_227,4.8539,2.1759,44.83,0.6134,6.0354,2.0231,8.7074,20.79,-2.08,US,1,NORMAL,0.2127,0,0,NATIONAL_GAS_TSO,2024-06-09
2023-04-03,SI,SI_UGS_228,13.8,8.3623,60.6,1.954,6.019,1.7253,9.858,46.39,11.71,IN,0,NORMAL,0.1651,0,1,MARKET_DATA_PROVIDER,2025-11-23
2023-04-20,CY,CY_UGS_229,10.0201,9.958,99.38,1.4568,4.0794,1.382,7.4768,42.33,16.34,US,1,NORMAL,0.1186,0,1,ENTSOG_TRANSPARENCY,2025-07-23
2023-05-07,GR,GR_UGS_230,15.3202,1.544,10.08,2.2675,4.303,1.4509,7.6906,35.38,-8.11,IN,1,NORMAL,0.227,0,0,AGSI_PLUS,2024-09-21
2023-05-24,MT,MT_UGS_231,13.6385,9.9504,72.96,1.9257,1.733,0.9582,3.7474,94.74,16.88,US,1,NORMAL,0.0966,0,0,NATIONAL_GAS_TSO,2025-06-26
2023-06-10,ES,ES_UGS_232,8.5486,5.9255,69.32,0.9925,0.4895,1.2264,2.8948,84.11,-7.97,IN,1,NORMAL,0.3001,0,1,MARKET_DATA_PROVIDER,2025-07-14
2023-06-27,CZ,CZ_UGS_233,16.6722,5.9578,35.74,0.3588,1.5882,0.6212,1.8654,44.65,20.63,US,0,NORMAL,0.2273,0,0,ENTSOG_TRANSPARENCY,2025-09-10
2023-07-14,HU,HU_UGS_234,7.2638,6.9681,95.93,2.6373,4.6829,2.2102,9.2402,21.65,5.52,IN,1,NORMAL,0.1954,0,1,AGSI_PLUS,2024-06-16
2023-07-31,NL,NL_UGS_235,16.1714,6.6464,41.1,0.5101,2.2646,1.4405,4.3929,86.89,8.24,US,0,NORMAL,0.0677,0,0,NATIONAL_GAS_TSO,2025-08-04
2023-08-17,SE,SE_UGS_236,5.6689,4.773,84.2,1.2797,6.0284,2.0925,9.5205,47.55,-4.34,IN,1,NORMAL,0.3158,0,1,MARKET_DATA_PROVIDER,2026-01-22
2023-09-03,DK,DK_UGS_237,1.7185,0.2596,15.11,0.0432,1.5711,0.0317,2.1045,43.56,-6.47,US,1,NORMAL,0.2538,0,0,ENTSOG_TRANSPARENCY,2025-10-22
2023-09-20,IE,IE_UGS_238,14.9143,12.7726,85.64,1.8729,8.0568,0.4024,10.1829,31.51,-8.34,IN,1,NORMAL,0.1253,0,1,AGSI_PLUS,2024-08-19
2023-10-07,PL,PL_UGS_239,7.8708,2.8234,35.87,0.1861,5.7573,1.1501,6.541,48.94,11.18,US,0,NORMAL,0.1247,0,0,NATIONAL_GAS_TSO,2024-04-19
2023-10-24,AT,AT_UGS_240,10.7562,3.2671,30.37,0.7353,5.4918,0.4952,5.7687,19.7,-6.14,IN,0,NORMAL,0.0757,0,0,MARKET_DATA_PROVIDER,2025-11-15
2023-11-10,EE,EE_UGS_241,7.0137,2.5484,36.33,1.744,6.3274,1.0006,8.5189,111.89,-2.29,US,1,NORMAL,0.2269,0,0,ENTSOG_TRANSPARENCY,2024-03-08
2023-11-27,IT,IT_UGS_242,10.6627,7.5311,70.63,0.7645,4.8023,0.464,6.2276,29.7,11.0,IN,1,NORMAL,0.1748,0,1,AGSI_PLUS,2024-05-02
2023-12-14,PT,PT_UGS_243,3.8945,1.2076,31.01,0.4536,7.6058,1.6536,10.233,44.54,-5.41,US,1,NORMAL,0.1554,0,0,NATIONAL_GAS_TSO,2025-08-11
2023-12-31,BE,BE_UGS_244,7.1361,6.586,92.29,0.1319,4.8639,0.901,6.4594,56.57,9.62,IN,0,NORMAL,0.1694,0,1,MARKET_DATA_PROVIDER,2024-08-02
2024-01-17,FI,FI_UGS_245,15.6543,8.0508,51.43,0.0811,2.9876,1.0629,4.7107,54.62,24.93,US,1,NORMAL,0.0682,0,0,ENTSOG_TRANSPARENCY,2024-11-12
2024-02-03,LV,LV_UGS_246,9.1565,5.7698,63.01,0.5091,0.8006,1.3002,2.5672,74.19,16.8,IN,1,NORMAL,0.2867,0,0,AGSI_PLUS,2025-12-20
2024-02-20,RO,RO_UGS_247,2.5939,2.3182,89.37,1.7575,1.9918,1.3407,5.0739,83.53,-10.75,US,1,NORMAL,0.0707,0,1,NATIONAL_GAS_TSO,2026-01-28
2024-03-08,BG,BG_UGS_248,6.8576,5.1167,74.61,1.9806,3.3443,1.2113,6.1051,48.61,20.79,IN,1,NORMAL,0.094,0,0,MARKET_DATA_PROVIDER,2026-01-16
2024-03-25,FR,FR_UGS_249,10.5914,9.4512,89.24,0.6285,4.2423,2.0854,7.3991,108.7,17.96,US,1,EARLY_WARNING,0.3269,0,1,ENTSOG_TRANSPARENCY,2026-02-19
2024-04-11,LT,LT_UGS_250,5.6286,5.0422,89.58,1.6955,2.3748,1.1835,4.9325,86.5,-2.34,IN,1,NORMAL,0.0381,0,1,AGSI_PLUS,2024-05-09
2024-04-28,SK,SK_UGS_251,0.4236,0.288,68.0,1.4147,8.0612,0.8215,9.3788,97.74,14.5,US,1,EARLY_WARNING,0.1023,0,1,NATIONAL_GAS_TSO,2026-01-10
2024-05-15,HR,HR_UGS_252,4.8091,0.5764,11.98,0.789,1.6076,0.4248,1.9027,118.75,-10.28,IN,1,ALERT,0.272,1,0,MARKET_DATA_PROVIDER,2025-08-18
2024-06-01,DE,DE_UGS_253,9.445,4.2737,45.25,0.8588,5.2081,0.3943,6.8528,96.57,8.44,US,1,NORMAL,0.3186,0,0,ENTSOG_TRANSPARENCY,2024-02-17
2024-06-18,LU,LU_UGS_254,10.2848,3.3173,32.25,0.5827,1.3474,2.1031,3.9165,57.42,24.5,IN,1,NORMAL,0.0147,0,0,AGSI_PLUS,2024-04-03
2024-07-05,SI,SI_UGS_255,4.2067,1.5288,36.34,0.1388,5.3776,1.3862,7.4133,79.54,20.86,US,1,EARLY_WARNING,0.2694,0,0,NATIONAL_GAS_TSO,2024-11-28
2024-07-22,CY,CY_UGS_256,12.2428,2.083,17.01,0.5266,2.8651,2.2162,4.7358,54.93,-4.49,IN,1,NORMAL,0.1895,0,0,MARKET_DATA_PROVIDER,2025-10-30
2024-08-08,GR,GR_UGS_257,16.1463,6.0834,37.68,1.2142,0.8856,1.5533,3.6469,86.96,-5.04,US,1,NORMAL,0.1478,0,0,ENTSOG_TRANSPARENCY,2024-09-11
2024-08-25,MT,MT_UGS_258,7.8886,1.1876,15.05,1.6117,0.6947,1.7977,3.6281,109.99,19.87,IN,0,NORMAL,0.2221,0,0,AGSI_PLUS,2024-01-17
2024-09-11,ES,ES_UGS_259,11.5718,9.8022,84.71,1.8443,6.4569,1.2403,8.9859,65.09,-10.77,US,1,NORMAL,0.2219,0,1,NATIONAL_GAS_TSO,2025-10-19
2024-09-28,CZ,CZ_UGS_260,3.2529,0.3928,12.07,1.8927,3.7917,1.003,6.9788,22.23,-5.84,IN,1,NORMAL,0.1119,0,0,MARKET_DATA_PROVIDER,2024-12-13
2024-10-15,HU,HU_UGS_261,15.0846,13.1269,87.02,0.697,0.9282,1.4022,2.8121,46.12,-11.6,US,1,NORMAL,0.281,0,1,ENTSOG_TRANSPARENCY,2024-04-14
2024-11-01,NL,NL_UGS_262,8.1258,6.5178,80.21,0.078,4.5598,1.1561,6.3794,61.1,4.79,IN,1,NORMAL,0.2031,0,1,AGSI_PLUS,2024-01-13
2024-11-18,SE,SE_UGS_263,1.4641,1.1535,78.78,0.0341,2.0849,0.4821,2.1407,94.64,15.1,US,1,NORMAL,0.3272,0,1,NATIONAL_GAS_TSO,2024-06-22
2024-12-05,DK,DK_UGS_264,2.2868,1.236,54.05,2.1436,6.9829,1.3616,10.1637,87.17,-11.01,IN,0,EARLY_WARNING,0.2609,0,0,MARKET_DATA_PROVIDER,2024-08-25
2024-12-22,IE,IE_UGS_265,9.9534,4.6932,47.15,2.2788,5.6328,0.9915,8.8884,69.4,-6.73,US,1,NORMAL,0.0518,0,0,ENTSOG_TRANSPARENCY,2025-08-09
2025-01-08,PL,PL_UGS_266,11.103,9.0534,81.54,1.4611,3.7665,0.761,5.1613,24.8,15.31,IN,1,NORMAL,0.298,0,1,AGSI_PLUS,2025-12-20
2025-01-25,AT,AT_UGS_267,3.4877,1.4853,42.59,1.3493,5.8201,1.6976,9.2617,63.98,12.84,US,1,NORMAL,0.1643,0,0,NATIONAL_GAS_TSO,2025-08-30
2025-02-11,EE,EE_UGS_268,9.6798,6.0712,62.72,0.6658,1.2584,1.8741,3.887,27.12,12.92,IN,1,NORMAL,0.3204,0,1,MARKET_DATA_PROVIDER,2026-02-10
2025-02-28,IT,IT_UGS_269,3.6646,1.0867,29.65,1.2995,0.9876,0.8547,3.1843,28.64,14.91,US,1,NORMAL,0.039,0,0,ENTSOG_TRANSPARENCY,2025-11-04
2025-03-17,PT,PT_UGS_270,12.3114,9.1604,74.41,2.0588,3.9603,0.5541,5.9321,89.58,-6.17,IN,1,NORMAL,0.1803,0,1,AGSI_PLUS,2024-08-28
2025-04-03,BE,BE_UGS_271,10.6885,9.5075,88.95,3.0622,0.8466,1.1676,5.0489,69.59,5.92,US,0,NORMAL,0.0449,0,1,NATIONAL_GAS_TSO,2026-02-21
2025-04-20,FI,FI_UGS_272,0.3542,0.2254,63.63,0.6016,0.4265,0.654,1.6544,56.96,-1.4,IN,1,NORMAL,0.3078,0,0,MARKET_DATA_PROVIDER,2024-12-08
2025-05-07,LV,LV_UGS_273,14.4814,9.8334,67.9,0.2859,5.1094,0.877,5.3586,32.27,-11.69,US,1,NORMAL,0.2139,0,0,ENTSOG_TRANSPARENCY,2025-03-20
2025-05-24,RO,RO_UGS_274,0.48,0.4454,92.78,0.6385,5.3196,0.4576,6.2976,35.44,4.46,IN,1,NORMAL,0.1462,0,1,AGSI_PLUS,2024-04-30
2025-06-10,BG,BG_UGS_275,5.6783,1.5511,27.32,0.1683,4.0723,0.5892,5.4031,85.74,16.58,US,1,ALERT,0.1388,1,0,NATIONAL_GAS_TSO,2025-06-08
2025-06-27,FR,FR_UGS_276,4.4344,2.0966,47.28,1.6014,6.894,0.15,7.7395,18.7,-7.95,IN,1,NORMAL,0.0337,0,0,MARKET_DATA_PROVIDER,2024-10-29
2025-07-14,LT,LT_UGS_277,6.7575,5.9016,87.33,0.9332,4.9217,0.526,6.2321,23.01,15.7,US,0,NORMAL,0.0865,0,1,ENTSOG_TRANSPARENCY,2024-02-21
2025-07-31,SK,SK_UGS_278,17.2249,3.5755,20.76,0.5087,6.6924,1.6033,8.3766,47.5,10.57,IN,0,NORMAL,0.2785,0,0,AGSI_PLUS,2024-08-21
2025-08-17,HR,HR_UGS_279,12.4629,1.7298,13.88,1.4156,1.5478,0.6795,3.059,19.52,15.28,US,1,NORMAL,0.1142,0,0,NATIONAL_GAS_TSO,2026-01-15
2025-09-03,DE,DE_UGS_280,14.4194,14.3244,99.34,0.5457,4.0963,0.9823,5.5654,96.79,-8.77,IN,1,NORMAL,0.0409,0,1,MARKET_DATA_PROVIDER,2024-02-24
2025-09-20,LU,LU_UGS_281,7.3259,4.0178,54.84,3.099,4.5315,0.0743,7.5743,45.1,16.31,US,1,NORMAL,0.0479,0,0,ENTSOG_TRANSPARENCY,2024-08-27
2025-10-07,SI,SI_UGS_282,4.6519,1.3672,29.39,1.6404,1.878,2.1934,5.2514,71.01,3.14,IN,0,NORMAL,0.0038,0,0,AGSI_PLUS,2024-05-07
2025-10-24,CY,CY_UGS_283,8.7147,1.1068,12.7,0.8669,4.4726,0.2523,5.5672,26.41,8.21,US,1,NORMAL,0.1121,0,0,NATIONAL_GAS_TSO,2024-05-28
2025-11-10,GR,GR_UGS_284,12.3257,8.9279,72.43,0.4384,0.3697,0.2492,0.7023,50.41,-7.97,IN,1,NORMAL,0.3234,0,0,MARKET_DATA_PROVIDER,2024-03-12
2025-11-27,MT,MT_UGS_285,5.6815,1.9503,34.33,0.7971,4.5172,0.7537,5.9316,62.89,24.11,US,1,NORMAL,0.1211,0,0,ENTSOG_TRANSPARENCY,2024-08-31
2025-12-14,ES,ES_UGS_286,11.8979,1.4635,12.3,2.4253,2.512,1.0494,6.1204,65.99,12.22,IN,1,NORMAL,0.0389,0,0,AGSI_PLUS,2024-07-22
2025-12-31,CZ,CZ_UGS_287,10.0556,2.7224,27.07,1.7963,2.6308,1.2356,4.9475,76.71,0.36,US,1,NORMAL,0.0482,0,0,NATIONAL_GAS_TSO,2024-02-12
2026-01-17,HU,HU_UGS_288,0.8847,0.6725,76.01,0.3056,0.6632,0.7362,0.9468,88.18,7.77,IN,0,NORMAL,0.1553,0,1,MARKET_DATA_PROVIDER,2025-04-27
2026-02-03,NL,NL_UGS_289,10.6493,5.3152,49.91,1.4743,2.9279,0.4067,4.7321,54.58,-5.63,US,1,NORMAL,0.1594,0,0,ENTSOG_TRANSPARENCY,2024-08-01
2026-02-20,SE,SE_UGS_290,5.6734,5.4955,96.86,0.8403,0.7915,0.3261,1.1803,62.76,17.22,IN,1,NORMAL,0.1621,0,1,AGSI_PLUS,2025-03-03
2018-01-12,DK,DK_UGS_291,9.8072,8.7683,89.41,0.6067,1.8859,0.8412,2.9257,9.23,9.94,US,0,NORMAL,0.1166,0,1,NATIONAL_GAS_TSO,2025-09-23
2018-01-29,IE,IE_UGS_292,12.6198,8.2222,65.15,2.531,5.0907,0.5911,8.6224,23.97,6.44,IN,0,NORMAL,0.1516,0,0,MARKET_DATA_PROVIDER,2024-02-03
2018-02-15,PL,PL_UGS_293,8.0366,1.9514,24.28,2.1882,5.1298,0.1131,7.443,15.15,18.34,US,1,NORMAL,0.2691,0,0,ENTSOG_TRANSPARENCY,2024-08-06
2018-03-04,AT,AT_UGS_294,15.0045,2.4237,16.15,0.3191,1.1752,1.5667,2.543,14.25,-6.27,IN,0,NORMAL,0.1979,0,0,AGSI_PLUS,2025-08-15
2018-03-21,EE,EE_UGS_295,4.6842,3.0323,64.73,0.7454,1.4757,0.9953,3.0859,21.56,19.67,US,0,NORMAL,0.1093,0,1,NATIONAL_GAS_TSO,2025-12-05
2018-04-07,IT,IT_UGS_296,10.4359,1.739,16.66,2.3646,1.5768,0.6554,3.9919,22.04,-1.9,IN,0,NORMAL,0.2923,0,0,MARKET_DATA_PROVIDER,2025-04-03
2018-04-24,PT,PT_UGS_297,2.8643,1.8169,63.43,0.982,6.2787,0.4318,7.4859,26.53,-5.2,US,0,NORMAL,0.0084,0,0,ENTSOG_TRANSPARENCY,2024-10-05
2018-05-11,BE,BE_UGS_298,8.5472,7.559,88.44,2.2009,5.2284,0.3858,7.8479,12.48,7.45,IN,1,NORMAL,0.2494,0,1,AGSI_PLUS,2024-03-14
2018-05-28,FI,FI_UGS_299,10.2694,1.3274,12.93,2.0759,7.4058,0.1398,9.1468,23.08,2.51,US,0,NORMAL,0.0688,0,0,NATIONAL_GAS_TSO,2024-12-22
2018-06-14,LV,LV_UGS_300,2.0562,0.375,18.24,1.558,1.102,1.0719,3.192,27.51,1.2,IN,0,NORMAL,0.265,0,0,MARKET_DATA_PROVIDER,2024-01-28
2018-07-01,RO,RO_UGS_301,3.1532,2.0206,64.08,0.4968,6.1145,0.5283,7.2049,14.08,7.18,US,1,NORMAL,0.1132,0,0,ENTSOG_TRANSPARENCY,2024-06-02
2018-07-18,BG,BG_UGS_302,7.2138,5.5043,76.3,0.5846,3.8031,1.1205,5.479,10.89,-8.93,IN,0,NORMAL,0.3292,0,1,AGSI_PLUS,2025-10-10
2018-08-04,FR,FR_UGS_303,0.5417,0.3909,72.16,1.2084,0.7269,1.3542,3.0675,22.87,10.21,US,0,NORMAL,0.2011,0,0,NATIONAL_GAS_TSO,2024-05-24
2018-08-21,LT,LT_UGS_304,9.455,1.6211,17.15,0.2805,4.7117,0.8701,6.2143,27.43,13.82,IN,0,NORMAL,0.0866,0,0,MARKET_DATA_PROVIDER,2025-03-20
2018-09-07,SK,SK_UGS_305,11.3869,5.743,50.44,1.6291,1.7332,0.1052,3.5911,19.75,-5.2,US,1,NORMAL,0.18,0,0,ENTSOG_TRANSPARENCY,2025-08-16
2018-09-24,HR,HR_UGS_306,12.0494,9.9515,82.59,1.4669,1.9035,0.91,4.7035,20.6,-3.13,IN,0,NORMAL,0.1369,0,0,AGSI_PLUS,2025-09-14
2018-10-11,DE,DE_UGS_307,16.9652,15.4103,90.83,0.9148,1.9459,0.791,3.5409,14.91,-2.85,US,0,NORMAL,0.3189,0,1,NATIONAL_GAS_TSO,2024-03-04
2018-10-28,LU,LU_UGS_308,5.0379,0.6413,12.73,1.2306,2.4194,0.6927,4.6724,15.89,24.34,IN,0,NORMAL,0.2193,0,0,MARKET_DATA_PROVIDER,2024-05-08
2018-11-14,SI,SI_UGS_309,4.7382,4.1189,86.93,1.7731,3.6386,0.6921,5.3595,12.71,-0.11,US,0,NORMAL,0.0048,0,1,ENTSOG_TRANSPARENCY,2024-08-02
2018-12-01,CY,CY_UGS_310,4.702,3.6858,78.39,1.17,3.0397,0.9015,5.1754,16.53,4.38,IN,0,NORMAL,0.31,0,1,AGSI_PLUS,2024-05-06
2018-12-18,GR,GR_UGS_311,4.1016,3.0843,75.2,0.499,2.7365,0.6589,3.1275,9.64,-0.39,US,1,NORMAL,0.0009,0,0,NATIONAL_GAS_TSO,2024-02-28
2019-01-04,MT,MT_UGS_312,0.6034,0.3577,59.28,2.7407,4.669,1.3698,9.201,23.12,-6.09,IN,0,NORMAL,0.0345,0,0,MARKET_DATA_PROVIDER,2025-04-13
2019-01-21,ES,ES_UGS_313,4.1587,4.0464,97.3,0.3864,5.3461,1.7551,7.8439,24.31,-8.65,US,1,NORMAL,0.0586,0,1,ENTSOG_TRANSPARENCY,2025-05-05
2019-02-07,CZ,CZ_UGS_314,3.6009,3.1367,87.11,0.6989,1.9226,0.0839,3.28,16.4,22.4,IN,0,NORMAL,0.016,0,1,AGSI_PLUS,2024-11-12
2019-02-24,HU,HU_UGS_315,17.0938,15.3196,89.62,2.1677,2.3527,0.7562,4.5095,26.05,13.9,US,1,NORMAL,0.0224,0,1,NATIONAL_GAS_TSO,2025-08-18
2019-03-13,NL,NL_UGS_316,3.359,0.7857,23.39,0.8496,4.0816,1.2208,6.3779,9.51,-1.93,IN,0,NORMAL,0.09,0,0,MARKET_DATA_PROVIDER,2024-02-20
2019-03-30,SE,SE_UGS_317,9.2598,7.5673,81.72,0.2752,6.1438,1.1967,7.2198,13.96,0.03,US,0,NORMAL,0.2269,0,1,ENTSOG_TRANSPARENCY,2025-07-30
2019-04-16,DK,DK_UGS_318,10.0531,1.1994,11.93,1.1503,5.0049,0.9221,6.46,16.57,-5.58,IN,0,NORMAL,0.3083,0,0,AGSI_PLUS,2024-12-16
2019-05-03,IE,IE_UGS_319,2.4359,2.233,91.67,1.5153,1.5142,0.8264,3.9683,10.62,4.93,US,0,NORMAL,0.0777,0,1,NATIONAL_GAS_TSO,2024-12-20
2019-05-20,PL,PL_UGS_320,8.2834,2.296,27.72,2.1313,6.1184,0.5343,7.9862,21.0,-1.68,IN,0,NORMAL,0.1469,0,0,MARKET_DATA_PROVIDER,2024-12-25
2019-06-06,AT,AT_UGS_321,1.1781,1.0039,85.22,0.6804,4.9764,0.3942,5.7599,25.11,22.23,US,0,NORMAL,0.0729,0,1,ENTSOG_TRANSPARENCY,2026-01-08
2019-06-23,EE,EE_UGS_322,9.193,3.9931,43.44,2.4695,5.0596,1.8077,9.322,18.94,-7.97,IN,0,NORMAL,0.1915,0,0,AGSI_PLUS,2025-05-23
2019-07-10,IT,IT_UGS_323,10.8852,7.8327,71.96,0.7181,4.9712,1.5426,6.7991,20.89,-6.14,US,0,NORMAL,0.1081,0,1,NATIONAL_GAS_TSO,2025-11-11
2019-07-27,PT,PT_UGS_324,12.05,1.1009,9.14,2.2032,3.4894,0.1479,6.0595,20.59,7.75,IN,0,NORMAL,0.1021,0,0,MARKET_DATA_PROVIDER,2025-06-12
2019-08-13,BE,BE_UGS_325,9.713,8.6744,89.31,1.099,6.2464,0.1616,7.701,10.42,-9.43,US,0,NORMAL,0.2701,0,1,ENTSOG_TRANSPARENCY,2025-02-02
2019-08-30,FI,FI_UGS_326,5.4645,2.5104,45.94,1.4619,2.9989,1.3062,4.9764,10.64,1.0,IN,1,NORMAL,0.1317,0,0,AGSI_PLUS,2025-11-08
2019-09-16,LV,LV_UGS_327,11.6942,11.2762,96.43,1.429,2.8083,0.1014,4.2891,9.87,10.6,US,0,NORMAL,0.3008,0,1,NATIONAL_GAS_TSO,2024-01-25
2019-10-03,RO,RO_UGS_328,15.8866,4.2109,26.51,2.6266,3.7881,0.8238,6.7603,14.74,3.52,IN,0,NORMAL,0.0211,0,0,MARKET_DATA_PROVIDER,2025-02-14
2019-10-20,BG,BG_UGS_329,10.1328,9.5319,94.07,2.3252,1.4109,0.463,3.9883,17.1,2.36,US,1,NORMAL,0.1905,0,1,ENTSOG_TRANSPARENCY,2024-04-18
2019-11-06,FR,FR_UGS_330,18.2139,17.1285,94.04,0.0869,2.6595,2.1954,5.3593,15.28,1.51,IN,0,NORMAL,0.0238,0,1,AGSI_PLUS,2024-07-22
2019-11-23,LT,LT_UGS_331,7.8576,2.8383,36.12,1.5461,3.3282,0.3118,5.5117,24.34,17.39,US,0,NORMAL,0.3181,0,0,NATIONAL_GAS_TSO,2025-08-20
2019-12-10,SK,SK_UGS_332,0.4848,0.4014,82.8,2.2402,0.5365,1.1826,3.9781,25.68,12.78,IN,0,NORMAL,0.1341,0,1,MARKET_DATA_PROVIDER,2025-12-05
2019-12-27,HR,HR_UGS_333,11.5148,7.0767,61.46,0.0091,4.1498,1.9944,5.374,9.34,23.64,US,0,NORMAL,0.1855,0,1,ENTSOG_TRANSPARENCY,2025-06-09
2020-01-13,DE,DE_UGS_334,3.7884,0.9278,24.49,0.1199,4.0187,0.4717,4.2039,11.61,14.12,IN,1,NORMAL,0.0357,0,0,AGSI_PLUS,2025-03-04
2020-01-30,LU,LU_UGS_335,6.2903,6.248,99.33,0.4336,1.3745,0.3817,1.3013,9.2,-0.67,US,0,NORMAL,0.1014,0,1,NATIONAL_GAS_TSO,2024-04-24
2020-02-16,SI,SI_UGS_336,7.8949,6.0385,76.49,0.5037,4.8724,1.5045,6.2883,15.89,5.3,IN,0,NORMAL,0.3216,0,1,MARKET_DATA_PROVIDER,2025-07-27
2020-03-04,CY,CY_UGS_337,6.4256,1.1553,17.98,1.86,6.0868,0.1365,7.9787,12.39,-1.81,US,0,NORMAL,0.2654,0,0,ENTSOG_TRANSPARENCY,2025-12-14
2020-03-21,GR,GR_UGS_338,1.6684,1.6175,96.95,1.6571,2.4377,0.2582,4.0571,8.4,-4.04,IN,0,NORMAL,0.1102,0,1,AGSI_PLUS,2025-12-03
2020-04-07,MT,MT_UGS_339,5.5331,1.6535,29.88,0.2067,5.1619,0.0955,4.7687,13.18,21.06,US,0,NORMAL,0.1968,0,0,NATIONAL_GAS_TSO,2024-03-07
2020-04-24,ES,ES_UGS_340,16.1948,8.9242,55.11,2.2515,2.9205,1.481,6.2155,18.72,2.2,IN,0,NORMAL,0.2341,0,0,MARKET_DATA_PROVIDER,2025-11-05
2020-05-11,CZ,CZ_UGS_341,17.2834,9.6772,55.99,1.236,1.2018,0.8877,2.4578,12.71,8.35,US,0,NORMAL,0.2001,0,0,ENTSOG_TRANSPARENCY,2024-10-15
2020-05-28,HU,HU_UGS_342,11.919,3.4514,28.96,1.9497,1.8885,0.1047,3.2237,9.86,12.84,IN,0,NORMAL,0.084,0,0,AGSI_PLUS,2025-09-23
2020-06-14,NL,NL_UGS_343,7.3977,1.0434,14.1,0.2156,0.8469,0.6113,0.7413,17.12,-2.78,US,1,NORMAL,0.0296,0,0,NATIONAL_GAS_TSO,2024-11-22
2020-07-01,SE,SE_UGS_344,8.1999,6.0955,74.34,1.3508,0.8087,0.729,2.2604,19.07,6.32,IN,0,NORMAL,0.1516,0,1,MARKET_DATA_PROVIDER,2025-05-26
2020-07-18,DK,DK_UGS_345,3.7433,0.7948,21.23,1.0184,3.1463,1.1164,5.4078,15.21,7.31,US,0,NORMAL,0.2003,0,0,ENTSOG_TRANSPARENCY,2025-10-10
2020-08-04,IE,IE_UGS_346,14.6461,9.6225,65.7,1.486,6.8734,1.4007,9.1307,11.0,10.29,IN,0,NORMAL,0.08,0,0,AGSI_PLUS,2025-09-29
2020-08-21,PL,PL_UGS_347,11.3484,3.4888,30.74,1.5527,5.6128,0.1632,7.5066,10.64,0.72,US,0,NORMAL,0.1249,0,0,NATIONAL_GAS_TSO,2025-03-03
2020-09-07,AT,AT_UGS_348,5.1682,5.0119,96.97,1.1668,1.634,0.8115,3.057,14.24,13.52,IN,0,NORMAL,0.0184,0,1,MARKET_DATA_PROVIDER,2024-06-30
2020-09-24,EE,EE_UGS_349,5.3384,5.2656,98.64,2.2508,6.4884,1.7583,9.5889,8.59,20.73,US,0,NORMAL,0.1572,0,1,ENTSOG_TRANSPARENCY,2025-08-06
2020-10-11,IT,IT_UGS_350,9.0877,7.6993,84.72,0.9699,1.6677,1.2657,3.5447,14.2,-6.13,IN,0,NORMAL,0.3149,0,1,AGSI_PLUS,2024-11-04
2020-10-28,PT,PT_UGS_351,2.7463,0.5865,21.36,1.6792,1.5541,1.4224,4.354,10.14,22.47,US,0,NORMAL,0.0054,0,0,NATIONAL_GAS_TSO,2024-06-02
2020-11-14,BE,BE_UGS_352,18.4285,12.1064,65.69,1.7223,0.1508,0.9774,2.3637,21.95,3.96,IN,0,NORMAL,0.3193,0,1,MARKET_DATA_PROVIDER,2024-06-21
2020-12-01,FI,FI_UGS_353,17.3258,16.2285,93.67,0.1094,1.801,0.7272,2.2045,20.22,-7.79,US,1,NORMAL,0.2553,0,1,ENTSOG_TRANSPARENCY,2024-06-06
2020-12-18,LV,LV_UGS_354,9.4042,8.7577,93.13,0.6958,1.7801,0.1876,2.539,10.46,9.17,IN,0,NORMAL,0.0285,0,1,AGSI_PLUS,2024-05-05
2021-01-04,RO,RO_UGS_355,2.7281,1.4946,54.79,2.1005,4.045,1.0403,7.7062,88.48,-8.2,US,0,EARLY_WARNING,0.1689,0,0,NATIONAL_GAS_TSO,2024-05-08
2021-01-21,BG,BG_UGS_356,11.6493,10.3271,88.65,2.088,2.3439,1.0724,5.0366,91.58,16.22,IN,0,NORMAL,0.2744,0,1,MARKET_DATA_PROVIDER,2024-09-23
2021-02-07,FR,FR_UGS_357,3.0685,2.7369,89.19,1.423,5.6731,0.2979,7.8733,66.79,-1.29,US,0,NORMAL,0.2609,0,1,ENTSOG_TRANSPARENCY,2024-06-20
2021-02-24,LT,LT_UGS_358,18.854,11.1759,59.28,1.5665,5.4007,1.3211,8.7256,66.43,6.39,IN,0,NORMAL,0.1571,0,1,AGSI_PLUS,2024-09-19
2021-03-13,SK,SK_UGS_359,11.035,6.9831,63.28,0.0831,3.376,0.8907,3.6175,63.12,-9.02,US,0,NORMAL,0.0304,0,0,NATIONAL_GAS_TSO,2025-08-22
2021-03-30,HR,HR_UGS_360,1.776,0.5492,30.92,1.8439,0.1345,0.4894,2.7296,62.41,14.09,IN,0,NORMAL,0.0553,0,0,MARKET_DATA_PROVIDER,2024-09-17
2021-04-16,DE,DE_UGS_361,2.8133,2.7989,99.49,2.3116,4.6728,0.2133,6.7162,45.08,0.65,US,0,NORMAL,0.0713,0,1,ENTSOG_TRANSPARENCY,2025-04-29
2021-05-03,LU,LU_UGS_362,6.6778,3.2155,48.15,0.0275,3.8379,0.1904,3.8624,45.43,15.51,IN,1,NORMAL,0.0513,0,0,AGSI_PLUS,2025-03-23
2021-05-20,SI,SI_UGS_363,12.4337,1.5813,12.72,0.4824,4.1276,0.0208,5.2212,29.57,3.27,US,0,NORMAL,0.2308,0,0,NATIONAL_GAS_TSO,2026-02-14
2021-06-06,CY,CY_UGS_364,17.8426,9.2587,51.89,0.19,1.5059,0.1756,1.9609,90.38,21.47,IN,0,NORMAL,0.2787,0,0,MARKET_DATA_PROVIDER,2026-02-20
2021-06-23,GR,GR_UGS_365,9.4611,6.4706,68.39,2.305,3.0855,0.8553,5.4734,81.63,1.78,US,0,NORMAL,0.0561,0,0,ENTSOG_TRANSPARENCY,2024-04-08
2021-07-10,MT,MT_UGS_366,4.8791,2.7038,55.42,2.0528,5.2957,0.7729,7.2471,82.09,12.88,IN,0,NORMAL,0.1838,0,0,AGSI_PLUS,2024-01-14
2021-07-27,ES,ES_UGS_367,4.4938,2.1873,48.67,0.8146,0.918,0.1074,2.2767,61.46,24.32,US,0,NORMAL,0.0612,0,0,NATIONAL_GAS_TSO,2024-11-11
2021-08-13,CZ,CZ_UGS_368,10.8403,7.672,70.77,1.8727,0.9759,2.1906,4.549,84.53,-3.59,IN,0,NORMAL,0.0777,0,0,MARKET_DATA_PROVIDER,2025-02-08
2021-08-30,HU,HU_UGS_369,1.1527,0.1997,17.32,2.7705,1.7031,0.15,4.1378,20.43,11.74,US,0,NORMAL,0.2142,0,0,ENTSOG_TRANSPARENCY,2025-12-05
2021-09-16,NL,NL_UGS_370,3.9022,2.1016,53.86,1.1895,1.4928,1.1031,4.246,47.48,-2.42,IN,0,NORMAL,0.0885,0,1,AGSI_PLUS,2024-07-04
2021-10-03,SE,SE_UGS_371,16.2266,15.5501,95.83,1.1035,6.1848,1.5822,8.4453,41.57,2.3,US,0,NORMAL,0.0478,0,1,NATIONAL_GAS_TSO,2025-09-11
2021-10-20,DK,DK_UGS_372,4.3263,3.5694,82.5,3.225,4.0435,1.0325,8.7812,58.08,-5.41,IN,0,NORMAL,0.3192,0,1,MARKET_DATA_PROVIDER,2025-04-28
2021-11-06,IE,IE_UGS_373,0.2524,0.1417,56.13,1.7015,4.7272,1.2081,7.219,50.93,21.71,US,0,NORMAL,0.2209,0,0,ENTSOG_TRANSPARENCY,2025-04-13
2021-11-23,PL,PL_UGS_374,17.707,3.2343,18.27,1.7113,2.0996,0.9527,3.8334,19.57,-8.31,IN,0,NORMAL,0.1561,0,0,AGSI_PLUS,2025-02-07
2021-12-10,AT,AT_UGS_375,1.1132,0.3705,33.28,0.4312,7.7125,0.1034,8.0681,31.84,15.21,US,0,NORMAL,0.2724,0,0,NATIONAL_GAS_TSO,2025-05-24
2021-12-27,EE,EE_UGS_376,1.0063,0.0841,8.36,1.7685,5.5866,0.4887,7.6312,25.87,-3.55,IN,0,NORMAL,0.2087,0,0,MARKET_DATA_PROVIDER,2024-06-10
2022-01-13,IT,IT_UGS_377,6.007,0.786,13.09,1.8347,6.0056,1.2133,9.2972,116.55,14.07,US,0,ALERT,0.4996,1,0,ENTSOG_TRANSPARENCY,2025-07-20
2022-01-30,PT,PT_UGS_378,19.5346,16.5232,84.58,0.3308,7.6795,0.9578,8.0079,192.57,11.65,IN,1,NORMAL,0.1476,0,1,AGSI_PLUS,2024-12-07
2022-02-16,BE,BE_UGS_379,0.8607,0.1897,22.04,1.7639,0.9827,0.4537,2.4375,140.33,21.27,US,1,NORMAL,0.2729,0,0,NATIONAL_GAS_TSO,2025-12-24
2022-03-05,FI,FI_UGS_380,4.0595,2.5154,61.96,1.8538,1.0107,1.0454,2.9309,66.8,18.49,IN,1,NORMAL,0.1558,0,0,MARKET_DATA_PROVIDER,2026-02-07
2022-03-22,LV,LV_UGS_001,15.6753,7.9543,50.74,1.432,3.8128,1.413,7.1266,123.97,16.86,US,0,NORMAL,0.0354,0,0,ENTSOG_TRANSPARENCY,2026-02-10
2022-04-08,RO,RO_UGS_002,8.9447,3.0625,34.24,0.7788,6.2491,1.8334,7.8639,78.93,22.12,IN,1,EARLY_WARNING,0.2502,0,0,AGSI_PLUS,2025-05-02
2022-04-25,BG,BG_UGS_003,8.2895,6.205,74.85,0.1816,2.1768,0.5169,2.9784,183.62,17.54,US,1,EARLY_WARNING,0.1253,0,0,NATIONAL_GAS_TSO,2025-12-25
2022-05-12,FR,FR_UGS_004,5.3552,3.4601,64.61,1.6029,7.033,0.4737,8.7616,170.67,3.07,IN,1,NORMAL,0.3101,0,0,MARKET_DATA_PROVIDER,2024-01-26
2022-05-29,LT,LT_UGS_005,12.0861,7.1309,59.0,1.2733,7.1655,0.214,7.9807,144.16,-11.74,US,0,EARLY_WARNING,0.1158,0,0,ENTSOG_TRANSPARENCY,2025-10-17
2022-06-15,SK,SK_UGS_006,0.7221,0.132,18.27,0.0791,2.4063,1.8896,4.423,115.97,13.65,IN,1,ALERT,0.6127,0,0,AGSI_PLUS,2025-01-18
2022-07-02,HR,HR_UGS_007,9.1335,4.5354,49.66,2.1497,1.4003,0.9338,3.5704,184.57,1.94,US,1,NORMAL,0.0328,0,0,NATIONAL_GAS_TSO,2025-10-20
2022-07-19,DE,DE_UGS_008,5.7081,1.6041,28.1,2.9028,0.711,1.1985,5.2774,138.99,15.98,IN,0,ALERT,0.4523,1,0,MARKET_DATA_PROVIDER,2026-01-22
2022-08-05,LU,LU_UGS_009,3.6126,3.1979,88.52,0.2864,1.8772,0.189,1.4484,118.18,-7.14,US,1,NORMAL,0.2249,0,1,ENTSOG_TRANSPARENCY,2025-07-13
2022-08-22,SI,SI_UGS_010,0.7453,0.4387,58.86,0.4888,2.2872,1.4053,4.1475,203.46,-0.83,IN,1,NORMAL,0.1271,0,0,AGSI_PLUS,2025-03-14
2022-09-08,CY,CY_UGS_011,12.0235,3.8188,31.76,0.5117,4.0921,0.5337,4.4699,138.11,-11.76,US,1,EARLY_WARNING,0.0876,0,0,NATIONAL_GAS_TSO,2024-02-14
2022-09-25,GR,GR_UGS_012,17.6921,3.4525,19.51,2.3238,6.3272,1.0888,9.2302,140.41,-10.1,IN,1,ALERT,0.4357,0,0,MARKET_DATA_PROVIDER,2024-08-09
2022-10-12,MT,MT_UGS_013,8.9316,5.2765,59.08,0.5773,4.2689,0.7351,5.6521,53.52,6.54,US,1,NORMAL,0.0876,0,0,ENTSOG_TRANSPARENCY,2025-08-16
2022-10-29,ES,ES_UGS_014,13.9011,3.022,21.74,1.7112,1.6874,0.2559,4.1628,111.95,-6.98,IN,1,ALERT,0.1183,1,0,AGSI_PLUS,2024-06-10
2022-11-15,CZ,CZ_UGS_015,10.6076,5.4097,51.0,0.6714,3.4311,0.7347,5.144,77.31,-0.3,US,1,EARLY_WARNING,0.0115,0,0,NATIONAL_GAS_TSO,2024-10-25
2022-12-02,HU,HU_UGS_016,10.3721,6.5409,63.06,0.6583,2.3909,1.4904,4.6159,56.45,24.31,IN,1,NORMAL,0.2074,0,1,MARKET_DATA_PROVIDER,2025-02-21
2022-12-19,NL,NL_UGS_017,0.9092,0.1071,11.78,2.2888,2.0535,1.7408,6.4796,130.88,2.67,US,1,ALERT,0.0982,1,0,ENTSOG_TRANSPARENCY,2025-11-03
2023-01-05,SE,SE_UGS_018,0.2711,0.18,66.41,0.7932,7.0889,0.4062,8.5786,68.28,16.91,IN,0,NORMAL,0.2543,0,0,AGSI_PLUS,2025-12-02
2023-01-22,DK,DK_UGS_019,10.1738,2.5216,24.79,0.2284,8.2105,1.1031,9.003,51.46,-1.23,US,0,NORMAL,0.1589,0,0,NATIONAL_GAS_TSO,2024-02-01
2023-02-08,IE,IE_UGS_020,5.6825,4.5587,80.22,2.7321,8.4597,1.4277,12.4518,117.45,6.35,IN,1,NORMAL,0.3137,0,1,MARKET_DATA_PROVIDER,2025-10-17
2023-02-25,PL,PL_UGS_021,2.519,2.4511,97.3,0.6773,3.1734,1.3128,5.0757,44.75,16.41,US,1,NORMAL,0.2826,0,1,ENTSOG_TRANSPARENCY,2024-10-01
2023-03-14,AT,AT_UGS_022,13.7931,13.0442,94.57,1.4353,3.4986,0.7013,5.4695,83.02,-4.75,IN,1,EARLY_WARNING,0.2787,0,1,AGSI_PLUS,2025-02-07
2023-03-31,EE,EE_UGS_023,12.7836,11.0341,86.31,2.8745,4.7187,1.4302,8.7627,79.59,-2.74,US,0,NORMAL,0.0448,0,1,NATIONAL_GAS_TSO,2025-01-09
2023-04-17,IT,IT_UGS_024,1.3781,1.0969,79.6,1.0613,1.4368,2.0865,3.9221,41.36,24.27,IN,1,NORMAL,0.0947,0,1,MARKET_DATA_PROVIDER,2025-03-04
2023-05-04,PT,PT_UGS_025,10.4889,1.8058,17.22,0.64,5.4904,1.5582,7.1211,115.13,14.42,US,1,EMERGENCY,0.5887,1,0,ENTSOG_TRANSPARENCY,2025-01-09
2023-05-21,BE,BE_UGS_026,7.1843,5.0518,70.32,2.0882,4.8363,1.4672,8.5253,79.8,10.04,IN,1,NORMAL,0.2764,0,0,AGSI_PLUS,2025-09-29
2023-06-07,FI,FI_UGS_027,3.493,2.3447,67.13,2.2782,1.2961,1.5571,5.0718,23.05,9.82,US,1,NORMAL,0.0227,0,1,NATIONAL_GAS_TSO,2025-03-10
2023-06-24,LV,LV_UGS_028,7.9796,5.7301,71.81,2.3197,2.005,0.2612,3.6839,32.03,24.54,IN,1,NORMAL,0.0291,0,1,MARKET_DATA_PROVIDER,2025-05-05
2023-07-11,RO,RO_UGS_029,13.2044,10.0699,76.26,0.2541,6.2055,1.0794,6.5452,41.59,6.83,US,0,NORMAL,0.2132,0,1,ENTSOG_TRANSPARENCY,2024-09-16
2023-07-28,BG,BG_UGS_030,18.337,9.4581,51.58,0.8159,1.5727,0.3716,2.3782,99.2,-6.68,IN,0,NORMAL,0.1225,0,0,AGSI_PLUS,2025-07-26
2023-08-14,FR,FR_UGS_031,0.732,0.6044,82.57,2.2305,3.9595,1.2839,6.7072,71.61,-9.9,US,1,NORMAL,0.2802,0,1,NATIONAL_GAS_TSO,2025-03-11
2023-08-31,LT,LT_UGS_032,16.3772,14.9039,91.0,0.9786,4.8056,0.3581,5.4724,47.06,22.04,IN,1,NORMAL,0.3097,0,1,MARKET_DATA_PROVIDER,2024-03-31
2023-09-17,SK,SK_UGS_033,9.7064,3.7959,39.11,1.1306,4.2768,1.3424,6.2114,23.0,15.49,US,1,NORMAL,0.1939,0,0,ENTSOG_TRANSPARENCY,2024-02-04
2023-10-04,HR,HR_UGS_034,2.0877,0.5015,24.02,1.4289,0.9782,0.6804,3.0434,102.93,-8.0,IN,0,ALERT,0.153,0,0,AGSI_PLUS,2024-07-28
2023-10-21,DE,DE_UGS_035,14.6213,7.5657,51.74,0.2185,2.2728,0.8194,2.9799,25.56,2.2,US,1,NORMAL,0.1275,0,0,NATIONAL_GAS_TSO,2024-05-12
2023-11-07,LU,LU_UGS_036,1.6704,1.0134,60.67,1.5034,1.1715,0.5514,3.7427,28.06,5.07,IN,1,NORMAL,0.2882,0,0,MARKET_DATA_PROVIDER,2024-03-10
2023-11-24,SI,SI_UGS_037,3.19,0.9368,29.37,1.1166,0.6061,1.8373,2.9719,119.49,6.55,US,0,EARLY_WARNING,0.2301,0,0,ENTSOG_TRANSPARENCY,2025-02-07
2023-12-11,CY,CY_UGS_038,6.2753,5.6316,89.74,1.029,1.2135,1.5958,3.5709,87.29,-2.03,IN,1,NORMAL,0.1105,0,1,AGSI_PLUS,2025-05-04
2023-12-28,GR,GR_UGS_039,1.3683,1.0303,75.3,1.4326,2.6814,1.0264,5.4067,23.27,-6.57,US,1,NORMAL,0.3219,0,1,NATIONAL_GAS_TSO,2024-09-17
2024-01-14,MT,MT_UGS_040,0.4921,0.1192,24.23,2.5097,4.6775,0.7482,7.6498,92.04,0.27,IN,1,ALERT,0.0606,0,0,MARKET_DATA_PROVIDER,2024-06-05
2024-01-31,ES,ES_UGS_041,17.4313,2.6841,15.4,1.7529,0.7709,0.0049,2.0558,110.09,0.42,US,1,EMERGENCY,0.5043,0,0,ENTSOG_TRANSPARENCY,2024-05-23
2024-02-17,CZ,CZ_UGS_042,2.2721,0.718,31.6,2.4499,2.4454,0.4027,5.1436,47.97,4.37,IN,1,NORMAL,0.1588,0,0,AGSI_PLUS,2024-02-06
2024-03-05,HU,HU_UGS_043,8.3823,0.9323,11.12,1.8185,3.0357,1.1449,5.1989,97.86,8.56,US,1,ALERT,0.2253,1,0,NATIONAL_GAS_TSO,2024-02-14
2024-03-22,NL,NL_UGS_044,5.7825,1.8892,32.67,2.0756,0.3848,1.3587,4.4046,102.32,-10.18,IN,1,EARLY_WARNING,0.2387,0,0,MARKET_DATA_PROVIDER,2024-12-11
2024-04-08,SE,SE_UGS_045,14.6348,6.5688,44.88,1.152,4.6563,2.4081,8.1009,41.72,17.22,US,1,NORMAL,0.3229,0,0,ENTSOG_TRANSPARENCY,2025-06-01
2024-04-25,DK,DK_UGS_046,2.6763,0.2338,8.74,2.5146,5.8017,1.0694,9.5909,111.2,1.5,IN,1,ALERT,0.36,0,0,AGSI_PLUS,2025-06-11
2024-05-12,IE,IE_UGS_047,5.4086,1.3203,24.41,0.8812,1.8401,0.7758,3.4016,29.26,-6.18,US,1,NORMAL,0.0153,0,0,NATIONAL_GAS_TSO,2025-10-17
2024-05-29,PL,PL_UGS_048,8.2018,5.5351,67.49,1.7515,0.2358,1.1987,2.7407,48.68,15.39,IN,1,NORMAL,0.0144,0,1,MARKET_DATA_PROVIDER,2024-12-16
2024-06-15,AT,AT_UGS_049,7.5317,1.2361,16.41,0.8082,2.6475,0.2626,3.9208,71.79,14.44,US,1,NORMAL,0.0181,0,0,ENTSOG_TRANSPARENCY,2024-03-23
2024-07-02,EE,EE_UGS_050,2.9893,2.9667,99.24,0.5726,5.0264,0.2322,5.6632,99.7,16.93,IN,0,EARLY_WARNING,0.276,0,1,AGSI_PLUS,2025-03-01
2024-07-19,IT,IT_UGS_051,6.6554,5.4514,81.91,2.2339,5.9079,0.4957,8.3694,77.73,11.18,US,0,NORMAL,0.1874,0,1,NATIONAL_GAS_TSO,2025-11-26
2024-08-05,PT,PT_UGS_052,2.1216,0.1796,8.46,0.0386,5.1159,0.8921,5.6192,114.53,-5.2,IN,1,NORMAL,0.2692,0,0,MARKET_DATA_PROVIDER,2024-02-14
2024-08-22,BE,BE_UGS_053,10.9011,3.1429,28.83,0.2761,3.3554,1.4297,4.5568,20.09,-11.43,US,1,NORMAL,0.2285,0,0,ENTSOG_TRANSPARENCY,2025-05-01
2024-09-08,FI,FI_UGS_054,1.9234,0.6086,31.64,1.1295,0.7586,0.1364,1.9234,72.24,21.93,IN,1,NORMAL,0.1296,0,0,AGSI_PLUS,2025-08-05
2024-09-25,LV,LV_UGS_055,2.8187,2.6855,95.28,1.7839,8.564,1.4477,10.9701,46.34,-1.39,US,0,NORMAL,0.1926,0,1,NATIONAL_GAS_TSO,2024-11-30
2024-10-12,RO,RO_UGS_056,11.5033,10.5712,91.9,0.8448,4.104,0.3911,4.5951,56.08,20.29,IN,1,NORMAL,0.3258,0,1,MARKET_DATA_PROVIDER,2026-01-15
2024-10-29,BG,BG_UGS_057,5.4737,0.4836,8.83,0.3168,4.9755,1.4337,5.7961,103.08,17.93,US,1,ALERT,0.3076,1,0,ENTSOG_TRANSPARENCY,2024-03-18
2024-11-15,FR,FR_UGS_058,1.1352,0.3812,33.58,0.9211,3.0328,2.1925,6.3532,32.82,0.82,IN,1,NORMAL,0.1633,0,0,AGSI_PLUS,2025-05-04
2024-12-02,LT,LT_UGS_059,3.5314,0.9908,28.06,0.9325,3.8593,2.0533,6.0472,45.77,15.54,US,1,NORMAL,0.2318,0,0,NATIONAL_GAS_TSO,2024-02-06
2024-12-19,SK,SK_UGS_060,11.0426,10.1114,91.57,3.0746,3.8019,0.4253,7.0144,108.28,9.14,IN,1,NORMAL,0.2385,0,1,MARKET_DATA_PROVIDER,2024-05-13
2025-01-05,HR,HR_UGS_061,3.5228,0.7122,20.22,2.161,1.1661,1.4157,5.2455,69.53,-3.95,US,1,NORMAL,0.0346,0,0,ENTSOG_TRANSPARENCY,2024-10-18
2025-01-22,DE,DE_UGS_062,3.3232,2.248,67.65,0.3585,2.3298,0.6956,3.1528,103.18,-10.4,IN,1,NORMAL,0.1356,0,0,AGSI_PLUS,2025-05-02
2025-02-08,LU,LU_UGS_063,1.0851,0.7843,72.28,1.2731,3.9651,0.7017,5.0812,30.82,19.76,US,0,NORMAL,0.1881,0,1,NATIONAL_GAS_TSO,2024-07-31
2025-02-25,SI,SI_UGS_064,10.3483,6.005,58.03,1.6983,2.9075,1.0878,4.9354,102.73,-11.12,IN,1,NORMAL,0.1245,0,1,MARKET_DATA_PROVIDER,2024-08-01
2025-03-14,CY,CY_UGS_065,5.5146,4.3364,78.64,2.4953,3.9322,0.6764,6.2387,117.77,21.81,US,1,NORMAL,0.2175,0,1,ENTSOG_TRANSPARENCY,2026-01-09
2025-03-31,GR,GR_UGS_066,14.9651,5.5486,37.08,2.1142,0.298,0.1867,2.3561,100.36,16.97,IN,1,EARLY_WARNING,0.2193,0,0,AGSI_PLUS,2025-04-04
2025-04-17,MT,MT_UGS_067,1.6762,1.4535,86.72,1.4841,1.326,0.5311,3.816,71.05,3.59,US,1,NORMAL,0.2357,0,1,NATIONAL_GAS_TSO,2025-09-13
2025-05-04,ES,ES_UGS_068,0.2189,0.1161,53.05,1.7173,7.1431,1.225,10.4465,68.03,5.97,IN,0,NORMAL,0.0056,0,1,MARKET_DATA_PROVIDER,2025-12-09
2025-05-21,CZ,CZ_UGS_069,4.5943,1.6416,35.73,0.4335,4.4766,1.1891,6.5932,71.26,-4.52,US,1,NORMAL,0.304,0,0,ENTSOG_TRANSPARENCY,2025-01-19
2025-06-07,HU,HU_UGS_070,6.2741,5.3418,85.14,1.162,3.3915,1.2413,6.0726,68.48,17.87,IN,1,NORMAL,0.132,0,1,AGSI_PLUS,2025-06-29
2025-06-24,NL,NL_UGS_071,4.9298,3.5587,72.19,1.7752,4.0834,0.675,7.0503,92.7,8.65,US,1,EARLY_WARNING,0.1498,0,0,NATIONAL_GAS_TSO,2025-03-02
2025-07-11,SE,SE_UGS_072,12.1598,11.2992,92.92,2.2365,1.1238,1.3679,4.5457,78.08,2.63,IN,0,NORMAL,0.1552,0,1,MARKET_DATA_PROVIDER,2025-04-05
2025-07-28,DK,DK_UGS_073,17.0413,10.1406,59.51,2.3264,4.8489,0.512,7.4891,56.26,23.23,US,1,NORMAL,0.3052,0,1,ENTSOG_TRANSPARENCY,2024-06-14
2025-08-14,IE,IE_UGS_074,11.6867,4.9604,42.44,0.3974,4.1981,1.7627,5.9569,51.47,-6.52,IN,1,NORMAL,0.1276,0,0,AGSI_PLUS,2026-02-08
2025-08-31,PL,PL_UGS_075,4.6148,2.7476,59.54,2.8239,0.6225,1.5742,4.9074,47.23,11.25,US,1,NORMAL,0.0145,0,0,NATIONAL_GAS_TSO,2024-08-26
2025-09-17,AT,AT_UGS_076,13.4042,4.453,33.22,1.5125,6.5668,1.8067,9.8999,104.08,11.56,IN,0,NORMAL,0.1209,0,0,MARKET_DATA_PROVIDER,2024-07-10
2025-10-04,EE,EE_UGS_077,2.4225,1.5722,64.9,1.9558,3.0123,0.4488,5.5661,113.18,8.65,US,1,NORMAL,0.0314,0,1,ENTSOG_TRANSPARENCY,2024-11-21
2025-10-21,IT,IT_UGS_078,10.5781,2.0464,19.35,0.4976,0.4666,1.8131,2.1614,62.2,-6.39,IN,1,NORMAL,0.1933,0,0,AGSI_PLUS,2024-03-14
2025-11-07,PT,PT_UGS_079,0.4622,0.2145,46.41,2.2435,2.116,0.6932,4.6785,61.99,10.42,US,1,NORMAL,0.2855,0,0,NATIONAL_GAS_TSO,2024-10-08
2025-11-24,BE,BE_UGS_080,2.3969,0.7463,31.13,1.7438,0.1813,0.0469,2.4542,47.24,-7.85,IN,0,NORMAL,0.1925,0,0,MARKET_DATA_PROVIDER,2024-06-29
2025-12-11,FI,FI_UGS_081,8.2206,4.5203,54.99,0.9713,3.5354,2.1639,6.3329,113.43,2.72,US,1,EARLY_WARNING,0.2434,0,0,ENTSOG_TRANSPARENCY,2024-02-04
2025-12-28,LV,LV_UGS_082,5.2427,4.3162,82.33,2.1148,6.1948,2.2951,10.4465,95.18,12.09,IN,1,NORMAL,0.2436,0,1,AGSI_PLUS,2024-04-12
2026-01-14,RO,RO_UGS_083,6.9679,2.5583,36.72,1.0317,5.5816,1.2166,6.9294,101.05,9.56,US,1,NORMAL,0.0355,0,0,NATIONAL_GAS_TSO,2025-11-12
2026-01-31,BG,BG_UGS_084,7.7805,4.0208,51.68,0.7791,1.0662,0.7616,3.2066,101.4,-5.35,IN,1,NORMAL,0.2286,0,0,MARKET_DATA_PROVIDER,2025-09-08
2026-02-17,FR,FR_UGS_085,12.9187,9.4027,72.78,2.0725,6.0594,0.8145,8.0614,35.41,23.29,US,1,NORMAL,0.1903,0,1,ENTSOG_TRANSPARENCY,2025-12-22
2018-01-09,LT,LT_UGS_086,5.2628,4.4348,84.27,2.7001,5.3641,1.0936,9.7235,23.37,-10.74,IN,0,NORMAL,0.2891,0,1,AGSI_PLUS,2025-09-24
2018-01-26,SK,SK_UGS_087,11.4551,10.832,94.56,1.1071,8.2079,0.4595,8.9194,26.09,20.69,US,0,NORMAL,0.2018,0,1,NATIONAL_GAS_TSO,2026-01-08
2018-02-12,HR,HR_UGS_088,4.2482,4.1012,96.54,1.6105,6.7178,0.9982,9.5052,16.68,-0.79,IN,0,NORMAL,0.2592,0,1,MARKET_DATA_PROVIDER,2025-03-02
2018-03-01,DE,DE_UGS_089,13.3487,11.7419,87.96,1.7738,1.2158,1.5505,3.8479,9.59,2.48,US,0,NORMAL,0.2949,0,1,ENTSOG_TRANSPARENCY,2025-09-21
2018-03-18,LU,LU_UGS_090,5.8803,2.5367,43.14,1.7186,2.2468,0.3597,3.701,20.6,1.49,IN,0,NORMAL,0.0115,0,0,AGSI_PLUS,2026-01-25
2018-04-04,SI,SI_UGS_091,12.5246,8.8349,70.54,2.6162,5.0921,1.8978,9.2626,11.39,16.06,US,0,NORMAL,0.1497,0,1,NATIONAL_GAS_TSO,2025-07-09
2018-04-21,CY,CY_UGS_092,3.0577,0.2647,8.66,1.4007,1.1746,0.854,2.4846,24.33,-0.76,IN,1,NORMAL,0.2661,0,0,MARKET_DATA_PROVIDER,2025-11-26
2018-05-08,GR,GR_UGS_093,4.7672,3.3143,69.52,0.1521,5.9661,0.5376,6.4029,11.55,21.17,US,0,NORMAL,0.2116,0,1,ENTSOG_TRANSPARENCY,2025-07-10
2018-05-25,MT,MT_UGS_094,4.5341,2.7775,61.26,1.4328,3.9586,0.0637,4.8548,26.84,1.59,IN,1,NORMAL,0.197,0,0,AGSI_PLUS,2025-10-31
2018-06-11,ES,ES_UGS_095,9.8374,2.916,29.64,1.9226,5.6613,0.3386,7.4092,13.29,9.25,US,0,NORMAL,0.1012,0,0,NATIONAL_GAS_TSO,2025-12-27
2018-06-28,CZ,CZ_UGS_096,13.0363,8.4511,64.83,0.5017,1.1348,1.1493,2.2511,23.2,9.96,IN,0,NORMAL,0.0973,0,0,MARKET_DATA_PROVIDER,2024-09-25
2018-07-15,HU,HU_UGS_097,1.5686,1.3984,89.15,2.5175,0.9128,0.002,2.5991,20.29,6.58,US,0,NORMAL,0.2053,0,1,ENTSOG_TRANSPARENCY,2025-04-01
2018-08-01,NL,NL_UGS_098,2.0224,1.7052,84.31,1.029,0.6769,1.2989,2.4812,20.37,19.24,IN,1,NORMAL,0.1147,0,1,AGSI_PLUS,2026-01-04
2018-08-18,SE,SE_UGS_099,15.313,10.4043,67.94,2.1279,4.7009,0.0657,6.726,11.89,21.95,US,0,NORMAL,0.3122,0,0,NATIONAL_GAS_TSO,2026-01-09
2018-09-04,DK,DK_UGS_100,9.9835,9.0307,90.46,0.1442,5.0477,0.5087,5.9478,12.81,15.9,IN,0,NORMAL,0.2135,0,1,MARKET_DATA_PROVIDER,2025-06-12
2018-09-21,IE,IE_UGS_101,15.2186,7.7281,50.78,1.4911,4.7074,0.4021,7.0903,10.21,19.72,US,0,NORMAL,0.0114,0,0,ENTSOG_TRANSPARENCY,2025-12-30
2018-10-08,PL,PL_UGS_102,7.432,6.706,90.23,1.6489,3.8467,0.1217,6.1145,18.42,-8.44,IN,0,NORMAL,0.0663,0,1,AGSI_PLUS,2025-04-07
2018-10-25,AT,AT_UGS_103,16.4286,1.7684,10.76,1.7218,4.1323,1.1441,7.0615,21.94,-9.04,US,0,NORMAL,0.2524,0,0,NATIONAL_GAS_TSO,2025-12-17
2018-11-11,EE,EE_UGS_104,16.9155,11.4849,67.9,1.0827,0.783,0.5247,2.9348,13.19,-11.29,IN,1,NORMAL,0.1409,0,0,MARKET_DATA_PROVIDER,2024-01-14
2018-11-28,IT,IT_UGS_105,9.7441,5.4569,56.0,2.4938,7.2559,1.2152,10.286,20.84,16.03,US,0,NORMAL,0.1678,0,1,ENTSOG_TRANSPARENCY,2025-08-02
2018-12-15,PT,PT_UGS_106,12.8414,2.0931,16.3,0.9956,6.5812,1.47,9.2564,26.66,19.79,IN,0,NORMAL,0.1211,0,0,AGSI_PLUS,2025-07-15
2019-01-01,BE,BE_UGS_107,8.5137,6.0967,71.61,0.2081,5.1326,1.1059,6.4069,12.6,-11.14,US,0,NORMAL,0.1767,0,1,NATIONAL_GAS_TSO,2024-09-29
2019-01-18,FI,FI_UGS_108,12.7728,2.3437,18.35,1.5236,3.6912,0.3876,4.8157,20.53,-2.27,IN,0,NORMAL,0.1803,0,0,MARKET_DATA_PROVIDER,2025-02-22
2019-02-04,LV,LV_UGS_109,0.4953,0.3588,72.43,2.563,7.3303,0.0488,9.4259,23.62,17.82,US,1,NORMAL,0.1551,0,0,ENTSOG_TRANSPARENCY,2026-01-21
2019-02-21,RO,RO_UGS_110,10.1727,4.6372,45.59,0.8212,1.745,1.1941,3.3133,11.04,-9.59,IN,0,NORMAL,0.3112,0,0,AGSI_PLUS,2025-06-06
2019-03-10,BG,BG_UGS_111,6.1164,1.0893,17.81,0.8319,0.8939,0.2943,2.0346,15.88,0.35,US,0,NORMAL,0.2953,0,0,NATIONAL_GAS_TSO,2024-02-16
2019-03-27,FR,FR_UGS_112,13.2698,7.512,56.61,2.2969,7.2988,0.7446,10.7285,12.44,-8.09,IN,0,NORMAL,0.2902,0,0,MARKET_DATA_PROVIDER,2024-01-10
2019-04-13,LT,LT_UGS_113,13.8777,7.181,51.74,0.8522,4.6503,1.0914,6.9223,24.47,14.34,US,1,NORMAL,0.0572,0,0,ENTSOG_TRANSPARENCY,2024-03-20
2019-04-30,SK,SK_UGS_114,8.1381,5.0562,62.13,1.434,1.1486,1.5258,3.5614,11.02,-2.63,IN,0,NORMAL,0.1113,0,0,AGSI_PLUS,2024-04-26
2019-05-17,HR,HR_UGS_115,1.6665,1.368,82.09,1.8842,6.0074,1.2771,8.8705,17.33,-10.01,US,0,NORMAL,0.0549,0,1,NATIONAL_GAS_TSO,2025-01-18
2019-06-03,DE,DE_UGS_116,5.0822,1.1074,21.79,0.6026,6.0659,0.4977,7.602,15.48,12.01,IN,0,NORMAL,0.2737,0,0,MARKET_DATA_PROVIDER,2025-11-12
2019-06-20,LU,LU_UGS_117,9.709,9.3002,95.79,0.9153,3.0386,1.1646,4.2037,15.33,-10.71,US,0,NORMAL,0.1351,0,1,ENTSOG_TRANSPARENCY,2024-12-12
2019-07-07,SI,SI_UGS_118,8.2451,7.9336,96.22,1.7158,1.6179,1.3318,3.9328,20.87,24.97,IN,0,NORMAL,0.157,0,1,AGSI_PLUS,2025-02-23
2019-07-24,CY,CY_UGS_119,1.3433,1.2676,94.37,0.877,2.2531,0.1565,2.3349,12.91,-11.68,US,0,NORMAL,0.0221,0,1,NATIONAL_GAS_TSO,2025-07-08
2019-08-10,GR,GR_UGS_120,9.4134,6.574,69.84,2.4407,7.9467,1.6635,11.4282,18.33,4.71,IN,0,NORMAL,0.2637,0,1,MARKET_DATA_PROVIDER,2024-12-10
2019-08-27,MT,MT_UGS_121,10.3838,7.3481,70.77,0.9114,2.6803,0.5324,4.7149,25.62,10.36,US,0,NORMAL,0.0679,0,0,ENTSOG_TRANSPARENCY,2025-01-07
2019-09-13,ES,ES_UGS_122,3.7916,2.8569,75.35,0.9194,1.4892,0.0663,2.2864,9.05,-1.82,IN,1,NORMAL,0.2205,0,1,AGSI_PLUS,2025-07-15
2019-09-30,CZ,CZ_UGS_123,6.7078,2.9584,44.1,1.519,1.2318,1.0091,4.3426,12.58,16.56,US,0,NORMAL,0.0333,0,0,NATIONAL_GAS_TSO,2025-09-20
2019-10-17,HU,HU_UGS_124,17.2832,7.9236,45.85,0.1666,0.1177,0.1955,0.494,9.51,-7.48,IN,0,NORMAL,0.0245,0,0,MARKET_DATA_PROVIDER,2024-04-19
2019-11-03,NL,NL_UGS_125,12.5341,11.034,88.03,0.2582,0.8718,1.5237,2.2254,9.92,16.54,US,0,NORMAL,0.2806,0,1,ENTSOG_TRANSPARENCY,2025-01-22
2019-11-20,SE,SE_UGS_126,2.2756,1.0806,47.49,1.3603,0.8172,0.6407,2.9686,26.76,5.63,IN,1,NORMAL,0.2566,0,0,AGSI_PLUS,2025-06-05
2019-12-07,DK,DK_UGS_127,0.809,0.5062,62.57,2.1625,2.5412,0.0495,4.5934,24.37,-6.8,US,0,NORMAL,0.1625,0,0,NATIONAL_GAS_TSO,2025-08-09
2019-12-24,IE,IE_UGS_128,1.8624,0.7623,40.93,0.1321,3.4766,1.1791,5.2477,12.9,9.77,IN,0,NORMAL,0.0783,0,0,MARKET_DATA_PROVIDER,2025-05-20
2020-01-10,PL,PL_UGS_129,10.5436,8.3572,79.26,1.3231,4.2476,1.0418,7.0894,7.2,22.63,US,0,NORMAL,0.2089,0,0,ENTSOG_TRANSPARENCY,2025-07-24
2020-01-27,AT,AT_UGS_130,4.6933,2.3186,49.4,1.6777,4.7802,1.7128,7.2932,13.09,16.55,IN,0,NORMAL,0.2921,0,0,AGSI_PLUS,2025-10-28
2020-02-13,EE,EE_UGS_131,18.3933,7.8958,42.93,2.0637,3.5483,0.2156,5.2516,21.38,16.42,US,0,NORMAL,0.2389,0,0,NATIONAL_GAS_TSO,2024-06-08
2020-03-01,IT,IT_UGS_132,13.403,1.8703,13.95,1.4488,5.0343,1.7933,8.4457,20.11,-2.26,IN,0,NORMAL,0.2506,0,0,MARKET_DATA_PROVIDER,2026-01-26
2020-03-18,PT,PT_UGS_133,13.7821,6.8312,49.57,3.0985,3.3792,0.3579,6.9708,14.16,8.19,US,0,NORMAL,0.1655,0,0,ENTSOG_TRANSPARENCY,2025-06-23
2020-04-04,BE,BE_UGS_134,17.0329,7.3272,43.02,2.7506,0.995,0.2666,4.5315,5.22,12.04,IN,0,NORMAL,0.0476,0,0,AGSI_PLUS,2024-03-10
2020-04-21,FI,FI_UGS_135,7.4779,6.515,87.12,2.0234,2.73,0.285,4.5403,14.82,-5.78,US,0,NORMAL,0.202,0,1,NATIONAL_GAS_TSO,2026-01-15
2020-05-08,LV,LV_UGS_136,13.444,6.0142,44.74,0.7167,1.7041,0.1299,1.803,7.65,2.71,IN,0,NORMAL,0.2216,0,0,MARKET_DATA_PROVIDER,2024-07-07
2020-05-25,RO,RO_UGS_137,0.41,0.1386,33.8,1.9456,0.531,1.0135,2.937,12.02,5.07,US,0,NORMAL,0.3146,0,0,ENTSOG_TRANSPARENCY,2025-09-21
2020-06-11,BG,BG_UGS_138,13.3807,7.182,53.67,1.8429,3.8775,0.241,5.6762,10.5,8.2,IN,0,NORMAL,0.2844,0,0,AGSI_PLUS,2025-05-06
2020-06-28,FR,FR_UGS_139,14.873,12.7061,85.43,2.2099,6.3703,0.8977,9.5076,6.27,5.8,US,1,NORMAL,0.1428,0,1,NATIONAL_GAS_TSO,2025-06-06
2020-07-15,LT,LT_UGS_140,0.8499,0.6503,76.52,1.4863,3.7735,1.203,7.0391,8.81,16.64,IN,0,NORMAL,0.2034,0,0,MARKET_DATA_PROVIDER,2025-05-30
2020-08-01,SK,SK_UGS_141,2.0265,1.5746,77.7,1.3388,3.5674,0.7414,6.0255,13.11,10.53,US,0,NORMAL,0.2985,0,1,ENTSOG_TRANSPARENCY,2024-02-03
2020-08-18,HR,HR_UGS_142,5.5289,4.2644,77.13,0.4218,4.9262,1.2949,6.45,17.26,17.4,IN,0,NORMAL,0.3149,0,1,AGSI_PLUS,2024-03-06
2020-09-04,DE,DE_UGS_143,3.8216,0.8753,22.9,2.1268,4.9884,1.1284,7.6421,12.46,-2.16,US,1,NORMAL,0.0624,0,0,NATIONAL_GAS_TSO,2025-04-28
2020-09-21,LU,LU_UGS_144,6.1146,4.7325,77.4,0.2082,1.0585,1.3681,1.9254,18.43,8.53,IN,0,NORMAL,0.0485,0,1,MARKET_DATA_PROVIDER,2025-10-14
2020-10-08,SI,SI_UGS_145,9.0227,1.9956,22.12,1.4352,4.456,0.8911,6.5157,13.24,22.56,US,0,NORMAL,0.1514,0,0,ENTSOG_TRANSPARENCY,2024-09-30
2020-10-25,CY,CY_UGS_146,3.8636,2.1768,56.34,2.7085,1.9251,1.4931,6.2707,6.23,22.64,IN,0,NORMAL,0.0954,0,0,AGSI_PLUS,2024-03-01
2020-11-11,GR,GR_UGS_147,10.2949,4.7394,46.04,0.6303,6.6403,2.1226,9.6667,5.14,-5.87,US,1,NORMAL,0.1404,0,0,NATIONAL_GAS_TSO,2024-11-20
2020-11-28,MT,MT_UGS_148,3.3423,1.3417,40.14,0.0454,5.1062,0.9667,6.3101,11.57,-10.21,IN,1,NORMAL,0.0451,0,0,MARKET_DATA_PROVIDER,2025-11-11
2020-12-15,ES,ES_UGS_149,0.6614,0.256,38.7,2.0356,2.3648,1.1604,4.7797,15.37,-1.75,US,0,NORMAL,0.287,0,0,ENTSOG_TRANSPARENCY,2024-06-24
2021-01-01,CZ,CZ_UGS_150,3.1168,1.8361,58.91,0.7009,1.8557,0.8579,2.6471,71.26,4.79,IN,1,NORMAL,0.1881,0,1,AGSI_PLUS,2024-01-22
2021-01-18,HU,HU_UGS_151,3.4022,3.0811,90.56,1.7622,4.5935,1.097,6.5038,35.84,13.54,US,0,NORMAL,0.0545,0,1,NATIONAL_GAS_TSO,2024-05-30
2021-02-04,NL,NL_UGS_152,4.2688,0.3914,9.17,1.1169,4.6757,1.9168,7.1459,23.23,0.13,IN,0,NORMAL,0.0693,0,0,MARKET_DATA_PROVIDER,2024-01-15
2021-02-21,SE,SE_UGS_153,3.1156,1.7666,56.7,1.7109,3.5715,1.1272,5.9348,42.71,10.6,US,0,NORMAL,0.2774,0,1,ENTSOG_TRANSPARENCY,2025-02-06
2021-03-10,DK,DK_UGS_154,8.3242,4.1628,50.01,2.3601,1.624,0.7941,3.9905,41.73,7.99,IN,0,NORMAL,0.2438,0,0,AGSI_PLUS,2025-02-25
2021-03-27,IE,IE_UGS_155,14.9999,14.1906,94.6,0.5358,3.5471,0.5779,5.1353,86.07,-8.17,US,0,NORMAL,0.3199,0,1,NATIONAL_GAS_TSO,2025-08-13
2021-04-13,PL,PL_UGS_156,4.3227,3.7913,87.71,1.6391,1.7202,0.0308,3.8411,29.34,9.95,IN,0,NORMAL,0.3081,0,1,MARKET_DATA_PROVIDER,2025-12-13
2021-04-30,AT,AT_UGS_157,1.4788,0.1183,8.0,0.234,7.082,0.2642,8.1708,26.28,21.25,US,1,NORMAL,0.0842,0,0,ENTSOG_TRANSPARENCY,2025-11-01
2021-05-17,EE,EE_UGS_158,0.8789,0.4626,52.63,2.4619,4.3169,1.1696,7.9666,80.6,-5.48,IN,1,EARLY_WARNING,0.2874,0,1,AGSI_PLUS,2024-09-10
2021-06-03,IT,IT_UGS_159,12.1379,6.7688,55.77,0.0042,7.0784,2.0309,9.2819,57.11,0.69,US,0,NORMAL,0.0897,0,0,NATIONAL_GAS_TSO,2024-02-05
2021-06-20,PT,PT_UGS_160,8.5606,4.8278,56.4,0.0875,1.6903,0.9523,2.2226,24.22,19.28,IN,0,NORMAL,0.0904,0,1,MARKET_DATA_PROVIDER,2024-05-25
2021-07-07,BE,BE_UGS_161,8.4946,8.296,97.66,1.7638,3.4216,1.4613,7.0423,65.3,-0.61,US,0,NORMAL,0.1714,0,1,ENTSOG_TRANSPARENCY,2024-12-09
2021-07-24,FI,FI_UGS_162,1.3788,0.3172,23.0,2.3227,7.7386,1.1623,10.2879,68.34,-0.69,IN,1,NORMAL,0.1159,0,0,AGSI_PLUS,2024-12-03
2021-08-10,LV,LV_UGS_163,12.1039,8.8605,73.2,0.416,4.9143,0.8037,5.9261,51.15,-1.99,US,0,NORMAL,0.1017,0,1,NATIONAL_GAS_TSO,2025-01-31
2021-08-27,RO,RO_UGS_164,10.0423,4.3468,43.28,2.0225,4.2924,0.9271,6.5975,47.0,2.82,IN,1,NORMAL,0.2115,0,0,MARKET_DATA_PROVIDER,2024-05-25
2021-09-13,BG,BG_UGS_165,11.0508,4.8992,44.33,1.8512,2.3529,1.101,5.0427,30.04,19.64,US,0,NORMAL,0.2784,0,0,ENTSOG_TRANSPARENCY,2024-04-30
2021-09-30,FR,FR_UGS_166,9.4851,5.942,62.65,2.7628,2.4883,0.648,5.9371,79.69,19.85,IN,0,EARLY_WARNING,0.062,0,0,AGSI_PLUS,2026-02-14
2021-10-17,LT,LT_UGS_167,5.1053,3.999,78.33,0.5766,4.1728,1.4688,5.5747,91.49,-5.61,US,0,EARLY_WARNING,0.2713,0,0,NATIONAL_GAS_TSO,2024-01-01
2021-11-03,SK,SK_UGS_168,17.4802,4.5131,25.82,1.0711,0.1701,1.1124,2.6559,51.79,15.52,IN,1,NORMAL,0.234,0,0,MARKET_DATA_PROVIDER,2024-06-19
2021-11-20,HR,HR_UGS_169,10.4537,2.2215,21.25,2.0201,0.8475,0.8288,3.2993,25.42,15.77,US,0,NORMAL,0.0367,0,0,ENTSOG_TRANSPARENCY,2025-11-16
2021-12-07,DE,DE_UGS_170,5.1103,3.857,75.47,0.3526,3.567,2.3072,5.8345,62.15,-6.64,IN,0,NORMAL,0.1622,0,1,AGSI_PLUS,2026-01-28
2021-12-24,LU,LU_UGS_171,10.81,2.6031,24.08,1.673,6.253,1.3576,9.4955,76.84,2.1,US,1,NORMAL,0.1557,0,0,NATIONAL_GAS_TSO,2024-08-24
2022-01-10,SI,SI_UGS_172,16.0458,12.5153,78.0,0.2345,0.3236,0.4372,0.363,99.48,4.41,IN,1,EARLY_WARNING,0.066,0,1,MARKET_DATA_PROVIDER,2025-07-31
2022-01-27,CY,CY_UGS_173,1.609,1.5782,98.08,0.997,0.4155,2.0347,2.7457,124.98,12.71,US,1,NORMAL,0.2323,0,1,ENTSOG_TRANSPARENCY,2024-08-03
2022-02-13,GR,GR_UGS_174,3.9723,1.15,28.95,1.3477,0.9795,0.7725,2.3115,126.15,23.79,IN,1,ALERT,0.5053,0,0,AGSI_PLUS,2024-07-02
2022-03-02,MT,MT_UGS_175,11.9814,6.9387,57.91,0.4584,1.1892,0.9974,2.2513,191.12,0.19,US,1,NORMAL,0.0472,0,0,NATIONAL_GAS_TSO,2025-06-07
2022-03-19,ES,ES_UGS_176,1.0225,0.2211,21.62,2.8237,6.1515,1.0999,10.4922,218.74,3.13,IN,0,ALERT,0.2216,0,0,MARKET_DATA_PROVIDER,2025-10-22
2022-04-05,CZ,CZ_UGS_177,11.5648,3.1535,27.27,1.6762,8.2402,0.7976,9.9106,132.46,-9.72,US,1,ALERT,0.6252,0,0,ENTSOG_TRANSPARENCY,2025-07-19
2022-04-22,HU,HU_UGS_178,11.9182,10.0772,84.55,0.3803,3.7216,0.1017,4.2437,66.01,-5.98,IN,1,NORMAL,0.243,0,1,AGSI_PLUS,2024-11-22
2022-05-09,NL,NL_UGS_179,4.8692,2.5169,51.69,1.7341,4.6745,1.187,7.5019,92.13,21.72,US,1,EARLY_WARNING,0.2742,0,0,NATIONAL_GAS_TSO,2025-09-04
2022-05-26,SE,SE_UGS_180,4.3336,1.889,43.59,0.3756,6.5324,0.9149,7.28,215.69,20.86,IN,1,EARLY_WARNING,0.2822,0,0,MARKET_DATA_PROVIDER,2024-01-01
2022-06-12,DK,DK_UGS_181,4.1754,2.6801,64.19,0.9583,3.7055,0.4087,4.5693,179.11,3.42,US,1,EARLY_WARNING,0.2778,0,1,ENTSOG_TRANSPARENCY,2026-02-10
2022-06-29,IE,IE_UGS_182,1.0807,0.4809,44.5,2.0857,5.7625,1.1637,9.4509,187.09,-7.88,IN,0,NORMAL,0.1534,0,0,AGSI_PLUS,2024-07-22
2022-07-16,PL,PL_UGS_183,2.5653,1.6625,64.81,0.0852,6.122,1.5626,7.3202,105.8,20.86,US,1,EARLY_WARNING,0.2343,0,0,NATIONAL_GAS_TSO,2025-01-08
2022-08-02,AT,AT_UGS_184,5.208,2.5155,48.3,1.5132,5.755,1.1844,8.1011,89.39,0.01,IN,0,NORMAL,0.3123,0,0,MARKET_DATA_PROVIDER,2025-03-31
2022-08-19,EE,EE_UGS_185,5.4135,4.9087,90.67,1.2359,8.1006,2.257,11.1113,126.92,11.27,US,0,EARLY_WARNING,0.0071,0,1,ENTSOG_TRANSPARENCY,2024-09-11
2022-09-05,IT,IT_UGS_186,3.9551,2.4087,60.9,0.6855,6.6086,0.4797,6.9296,190.67,13.28,IN,1,NORMAL,0.1915,0,0,AGSI_PLUS,2025-09-18
2022-09-22,PT,PT_UGS_187,4.6195,3.4196,74.03,0.3015,5.2276,2.0579,6.5969,76.19,-7.82,US,0,EARLY_WARNING,0.152,0,0,NATIONAL_GAS_TSO,2025-02-22
2022-10-09,BE,BE_UGS_188,12.7265,4.4735,35.15,1.4887,4.0249,1.0375,6.13,60.91,-4.22,IN,1,NORMAL,0.2237,0,0,MARKET_DATA_PROVIDER,2025-11-25
2022-10-26,FI,FI_UGS_189,3.7901,0.3487,9.2,0.8091,3.6776,0.5494,4.4952,141.89,-1.04,US,1,ALERT,0.3031,0,0,ENTSOG_TRANSPARENCY,2025-03-31
2022-11-12,LV,LV_UGS_190,8.7353,5.0691,58.03,0.0548,5.0286,0.5831,5.4895,159.01,12.09,IN,1,EARLY_WARNING,0.191,0,0,AGSI_PLUS,2024-10-17
2022-11-29,RO,RO_UGS_191,10.4567,6.8835,65.83,1.8517,6.1307,1.283,9.584,139.58,13.23,US,1,NORMAL,0.2249,0,0,NATIONAL_GAS_TSO,2025-04-13
2022-12-16,BG,BG_UGS_192,1.2848,1.1968,93.15,3.0936,4.0459,1.0972,8.0179,175.61,22.58,IN,0,NORMAL,0.0733,0,1,MARKET_DATA_PROVIDER,2024-03-14
2023-01-02,FR,FR_UGS_193,17.9658,16.0911,89.56,1.3719,0.644,0.7355,3.1216,110.63,18.34,US,1,NORMAL,0.007,0,1,ENTSOG_TRANSPARENCY,2025-11-18
2023-01-19,LT,LT_UGS_194,13.4288,1.1565,8.61,1.8489,5.9739,0.5101,7.8754,48.3,21.4,IN,1,NORMAL,0.0258,0,0,AGSI_PLUS,2026-02-22
2023-02-05,SK,SK_UGS_195,9.4058,5.39,57.31,0.6806,0.4,1.6077,1.9098,30.61,-2.73,US,1,NORMAL,0.3211,0,1,NATIONAL_GAS_TSO,2024-08-14
2023-02-22,HR,HR_UGS_196,7.849,3.225,41.09,0.0084,2.879,1.6633,4.4255,110.51,16.94,IN,1,EARLY_WARNING,0.1613,0,0,MARKET_DATA_PROVIDER,2025-08-17
2023-03-11,DE,DE_UGS_197,7.1686,1.9267,26.88,1.0592,7.0645,0.1552,8.8569,101.59,0.82,US,0,ALERT,0.456,1,0,ENTSOG_TRANSPARENCY,2024-02-11
2023-03-28,LU,LU_UGS_198,5.3776,3.6719,68.28,0.9297,2.6354,0.1378,3.4481,77.84,12.46,IN,1,EARLY_WARNING,0.1767,0,0,AGSI_PLUS,2024-03-29
2023-04-14,SI,SI_UGS_199,8.0867,5.6912,70.38,0.7757,0.9377,0.5408,2.8215,73.46,23.34,US,1,NORMAL,0.0111,0,1,NATIONAL_GAS_TSO,2025-08-27
2023-05-01,CY,CY_UGS_200,8.0263,3.522,43.88,1.1875,3.6641,1.0724,6.2957,24.49,-7.68,IN,1,NORMAL,0.1472,0,0,MARKET_DATA_PROVIDER,2025-12-25
2023-05-18,GR,GR_UGS_201,0.7128,0.5602,78.59,2.2021,0.8699,0.9956,4.096,104.48,0.31,US,1,NORMAL,0.1176,0,1,ENTSOG_TRANSPARENCY,2025-04-12
2023-06-04,MT,MT_UGS_202,2.7904,1.6171,57.95,0.2664,4.2514,1.2608,5.825,62.67,-6.46,IN,0,NORMAL,0.1346,0,0,AGSI_PLUS,2024-06-09
2023-06-21,ES,ES_UGS_203,17.8981,14.5103,81.07,1.6804,1.8174,1.5691,4.2961,108.71,18.22,US,1,NORMAL,0.2679,0,1,NATIONAL_GAS_TSO,2024-06-14
2023-07-08,CZ,CZ_UGS_204,3.9783,1.0395,26.13,0.8075,7.441,1.3429,9.7138,102.61,-4.72,IN,1,EARLY_WARNING,0.2405,0,0,MARKET_DATA_PROVIDER,2024-07-14
2023-07-25,HU,HU_UGS_205,5.991,3.8539,64.33,1.9547,0.225,1.5534,3.0777,27.98,5.42,US,0,NORMAL,0.2899,0,0,ENTSOG_TRANSPARENCY,2025-02-16
2023-08-11,NL,NL_UGS_206,19.696,18.178,92.29,2.3811,6.9431,0.1226,9.9101,60.92,15.1,IN,0,NORMAL,0.2771,0,1,AGSI_PLUS,2024-03-04
2023-08-28,SE,SE_UGS_207,14.5791,14.1746,97.23,0.9794,0.9385,1.5903,3.7223,61.26,-9.35,US,1,NORMAL,0.2598,0,1,NATIONAL_GAS_TSO,2025-11-12
2023-09-14,DK,DK_UGS_208,9.9809,4.7795,47.89,1.1194,2.4376,1.7865,5.5452,35.0,4.25,IN,1,NORMAL,0.2861,0,0,MARKET_DATA_PROVIDER,2024-06-07
2023-10-01,IE,IE_UGS_209,1.8809,1.4049,74.69,2.2093,2.794,1.8604,6.952,33.75,-9.06,US,0,NORMAL,0.2484,0,1,ENTSOG_TRANSPARENCY,2026-01-18
2023-10-18,PL,PL_UGS_210,18.8401,11.1836,59.36,2.1765,4.902,1.3598,7.4905,98.49,12.3,IN,1,NORMAL,0.0807,0,0,AGSI_PLUS,2024-11-17
2023-11-04,AT,AT_UGS_211,11.3624,1.9832,17.45,1.2553,3.4289,1.3912,5.1203,44.77,24.72,US,1,NORMAL,0.2273,0,0,NATIONAL_GAS_TSO,2024-05-05
2023-11-21,EE,EE_UGS_212,1.7501,1.3327,76.15,2.1258,2.2767,0.0801,3.539,54.04,5.58,IN,1,NORMAL,0.0848,0,1,MARKET_DATA_PROVIDER,2025-04-11
2023-12-08,IT,IT_UGS_213,4.5506,1.8373,40.38,1.4173,1.086,0.6782,2.3533,76.18,15.24,US,1,NORMAL,0.0357,0,0,ENTSOG_TRANSPARENCY,2025-09-03
2023-12-25,PT,PT_UGS_214,13.863,11.7078,84.45,1.5125,2.4722,1.2948,5.0772,105.42,-6.75,IN,1,EARLY_WARNING,0.2037,0,1,AGSI_PLUS,2025-07-18
2024-01-11,BE,BE_UGS_215,6.4331,2.6872,41.77,1.81,2.0583,1.1738,5.3703,60.36,14.74,US,1,NORMAL,0.1479,0,0,NATIONAL_GAS_TSO,2025-05-15
2024-01-28,FI,FI_UGS_216,0.296,0.285,96.29,1.3397,3.6969,0.7297,5.3337,53.33,-2.27,IN,0,NORMAL,0.0546,0,1,MARKET_DATA_PROVIDER,2024-08-04
2024-02-14,LV,LV_UGS_217,11.6793,5.5114,47.19,2.2418,0.3267,0.1716,2.5347,35.7,12.42,US,1,NORMAL,0.2912,0,0,ENTSOG_TRANSPARENCY,2024-12-09
2024-03-02,RO,RO_UGS_218,17.531,2.6635,15.19,1.0107,0.2353,0.4783,2.1896,29.08,-5.81,IN,0,NORMAL,0.0479,0,0,AGSI_PLUS,2024-02-08
2024-03-19,BG,BG_UGS_219,1.9468,0.5374,27.6,1.2466,1.4666,0.1991,3.4169,50.13,-9.21,US,1,NORMAL,0.1734,0,0,NATIONAL_GAS_TSO,2025-12-04
2024-04-05,FR,FR_UGS_220,3.2617,0.9119,27.96,2.4994,0.6861,0.0157,2.823,76.81,18.94,IN,1,EARLY_WARNING,0.1627,0,0,MARKET_DATA_PROVIDER,2025-11-12
2024-04-22,LT,LT_UGS_221,3.7767,0.4886,12.94,1.7963,8.0995,1.4774,11.5439,79.58,9.7,US,1,NORMAL,0.1868,0,0,ENTSOG_TRANSPARENCY,2025-12-23
2024-05-09,SK,SK_UGS_222,8.2545,4.2469,51.45,0.2212,0.4225,2.0364,1.9364,52.34,-0.05,IN,1,NORMAL,0.1885,0,1,AGSI_PLUS,2025-11-19
2024-05-26,HR,HR_UGS_223,15.7184,5.9481,37.84,1.3058,4.4864,1.06,7.0227,101.03,12.32,US,1,NORMAL,0.2521,0,0,NATIONAL_GAS_TSO,2026-02-20
2024-06-12,DE,DE_UGS_224,12.8457,1.4957,11.64,0.1563,3.3789,1.3254,5.014,35.75,8.72,IN,1,NORMAL,0.0668,0,0,MARKET_DATA_PROVIDER,2024-08-20
2024-06-29,LU,LU_UGS_225,7.4037,1.4535,19.63,2.0669,7.5536,1.0472,10.6274,30.65,6.44,US,1,NORMAL,0.0608,0,0,ENTSOG_TRANSPARENCY,2025-06-10
2024-07-16,SI,SI_UGS_226,9.6809,4.9135,50.75,1.3616,4.0913,0.5899,6.1795,57.77,23.03,IN,1,NORMAL,0.1523,0,0,AGSI_PLUS,2024-09-17
2024-08-02,CY,CY_UGS_227,3.0768,0.5244,17.04,1.7893,4.1617,0.5095,6.5098,48.99,2.42,US,1,NORMAL,0.2353,0,0,NATIONAL_GAS_TSO,2024-06-14
2024-08-19,GR,GR_UGS_228,15.3315,11.0554,72.11,0.1882,3.8046,1.0628,5.0623,50.51,-7.52,IN,1,NORMAL,0.3,0,1,MARKET_DATA_PROVIDER,2024-11-08
2024-09-05,MT,MT_UGS_229,9.958,7.1316,71.62,1.3418,5.2865,0.7712,7.4458,35.61,21.1,US,1,NORMAL,0.0972,0,1,ENTSOG_TRANSPARENCY,2025-07-06
2024-09-22,ES,ES_UGS_230,13.2286,6.0294,45.58,0.3213,0.995,0.0809,1.5534,102.56,-2.35,IN,1,NORMAL,0.0409,0,0,AGSI_PLUS,2025-09-20
2024-10-09,CZ,CZ_UGS_231,1.4144,0.3375,23.86,0.4443,4.604,1.5106,5.7885,39.93,20.7,US,1,NORMAL,0.2066,0,0,NATIONAL_GAS_TSO,2025-03-11
2024-10-26,HU,HU_UGS_232,3.3661,2.0283,60.26,0.3573,5.0348,1.3079,6.6465,24.6,-1.78,IN,0,NORMAL,0.0523,0,0,MARKET_DATA_PROVIDER,2024-03-22
2024-11-12,NL,NL_UGS_233,10.182,7.9292,77.87,2.004,5.6363,1.3685,9.5619,119.23,1.83,US,0,NORMAL,0.2692,0,1,ENTSOG_TRANSPARENCY,2026-01-06
2024-11-29,SE,SE_UGS_234,8.6514,6.468,74.76,2.0486,3.4928,0.4272,5.2473,97.13,10.37,IN,1,NORMAL,0.1838,0,1,AGSI_PLUS,2024-07-13
2024-12-16,DK,DK_UGS_235,0.2608,0.1812,69.47,0.2286,1.6112,0.3125,1.2192,67.97,-7.53,US,1,NORMAL,0.232,0,1,NATIONAL_GAS_TSO,2024-06-13
2025-01-02,IE,IE_UGS_236,10.6426,9.7053,91.19,0.3537,7.4027,1.2943,8.2552,63.97,19.99,IN,0,NORMAL,0.3078,0,1,MARKET_DATA_PROVIDER,2025-07-04
2025-01-19,PL,PL_UGS_237,8.3408,8.2478,98.89,2.7519,1.482,1.5852,5.7525,94.98,21.64,US,0,NORMAL,0.0175,0,1,ENTSOG_TRANSPARENCY,2025-08-25
2025-02-05,AT,AT_UGS_238,9.4572,6.7455,71.33,0.6105,7.3211,1.2514,8.2999,60.28,-11.65,IN,1,NORMAL,0.1568,0,0,AGSI_PLUS,2025-04-26
2025-02-22,EE,EE_UGS_239,1.3829,0.2356,17.03,1.4673,4.8701,2.2455,8.7245,108.28,15.59,US,0,NORMAL,0.0112,0,0,NATIONAL_GAS_TSO,2026-02-08
2025-03-11,IT,IT_UGS_240,3.9244,0.689,17.56,3.4202,4.5343,0.1909,8.0843,81.78,-5.69,IN,0,ALERT,0.1816,1,0,MARKET_DATA_PROVIDER,2025-01-25
2025-03-28,PT,PT_UGS_241,4.63,1.9659,42.46,0.8842,6.4046,0.7311,8.0788,119.11,13.46,US,1,EARLY_WARNING,0.1429,0,0,ENTSOG_TRANSPARENCY,2024-04-07
2025-04-14,BE,BE_UGS_242,9.6677,3.0448,31.49,1.1645,1.9429,0.7005,3.1104,24.28,17.18,IN,1,NORMAL,0.1327,0,0,AGSI_PLUS,2025-02-28
2025-05-01,FI,FI_UGS_243,1.0734,0.895,83.38,1.0224,2.1278,1.0485,4.637,66.77,6.65,US,1,NORMAL,0.1709,0,1,NATIONAL_GAS_TSO,2024-07-22
2025-05-18,LV,LV_UGS_244,17.1415,15.33,89.43,2.7272,4.5327,0.7097,8.2544,81.09,-8.71,IN,1,EARLY_WARNING,0.0942,0,1,MARKET_DATA_PROVIDER,2024-02-28
2025-06-04,RO,RO_UGS_245,8.0733,2.6548,32.88,1.5883,0.9326,1.0108,3.3557,92.46,1.52,US,1,EARLY_WARNING,0.043,0,0,ENTSOG_TRANSPARENCY,2024-04-30
2025-06-21,BG,BG_UGS_246,6.8705,3.9693,57.77,0.0367,0.628,1.0469,0.786,49.48,18.44,IN,1,NORMAL,0.2541,0,1,AGSI_PLUS,2024-11-21
2025-07-08,FR,FR_UGS_247,10.7144,4.2459,39.63,0.0577,3.646,1.2388,4.0615,51.07,15.88,US,1,NORMAL,0.2536,0,0,NATIONAL_GAS_TSO,2025-04-27
2025-07-25,LT,LT_UGS_248,9.5937,7.9779,83.16,1.1115,6.8443,1.9756,9.8937,69.76,12.96,IN,1,NORMAL,0.1335,0,0,MARKET_DATA_PROVIDER,2025-12-26
2025-08-11,SK,SK_UGS_249,10.961,6.2544,57.06,0.5124,1.1244,0.374,1.0165,114.5,21.72,US,1,NORMAL,0.136,0,0,ENTSOG_TRANSPARENCY,2025-04-05
2025-08-28,HR,HR_UGS_250,9.7865,5.0765,51.87,0.4974,6.4181,1.7211,7.8446,18.68,6.25,IN,1,NORMAL,0.0381,0,1,AGSI_PLUS,2025-11-01
2025-09-14,DE,DE_UGS_251,17.7191,6.0621,34.21,1.1974,1.017,0.1287,1.5465,39.58,20.91,US,1,NORMAL,0.3084,0,0,NATIONAL_GAS_TSO,2024-07-17
2025-10-01,LU,LU_UGS_252,9.8501,8.5188,86.48,2.0938,1.4668,1.0772,3.8597,95.97,-10.83,IN,1,EARLY_WARNING,0.276,0,1,MARKET_DATA_PROVIDER,2024-02-18
2025-10-18,SI,SI_UGS_253,0.4558,0.4055,88.96,1.7747,0.4558,0.1566,1.7079,46.94,19.54,US,1,NORMAL,0.1971,0,1,ENTSOG_TRANSPARENCY,2025-08-15
2025-11-04,CY,CY_UGS_254,9.622,7.334,76.22,1.5403,2.8092,0.5175,4.9999,55.84,-1.3,IN,1,NORMAL,0.1853,0,0,AGSI_PLUS,2026-02-15
2025-11-21,GR,GR_UGS_255,4.5552,2.3377,51.32,0.9438,3.5581,0.9269,5.2077,117.77,1.42,US,1,EARLY_WARNING,0.0126,0,0,NATIONAL_GAS_TSO,2024-04-11
2025-12-08,MT,MT_UGS_256,1.0304,0.3946,38.29,2.7947,0.4084,0.6546,3.8633,71.59,15.93,IN,1,NORMAL,0.284,0,0,MARKET_DATA_PROVIDER,2024-01-19
2025-12-25,ES,ES_UGS_257,0.4775,0.3998,83.72,0.9098,4.6409,0.6785,6.6266,63.91,11.34,US,1,NORMAL,0.0135,0,1,ENTSOG_TRANSPARENCY,2024-09-16
2026-01-11,CZ,CZ_UGS_258,15.4645,7.6239,49.3,1.1574,0.1751,1.9335,3.4393,95.31,13.73,IN,1,EARLY_WARNING,0.103,0,0,AGSI_PLUS,2024-06-16
2026-01-28,HU,HU_UGS_259,1.6689,1.143,68.49,1.9509,1.6612,1.5289,4.6769,118.68,14.59,US,1,NORMAL,0.1056,0,1,NATIONAL_GAS_TSO,2025-06-19
2026-02-14,NL,NL_UGS_260,13.1864,6.8407,51.88,0.4215,4.1295,1.5019,5.4234,69.47,-1.31,IN,1,NORMAL,0.1524,0,0,MARKET_DATA_PROVIDER,2024-05-10
2018-01-06,SE,SE_UGS_261,3.6903,3.0136,81.66,1.3313,5.6991,2.1131,8.4683,15.92,3.57,US,0,NORMAL,0.2113,0,0,ENTSOG_TRANSPARENCY,2025-08-10
2018-01-23,DK,DK_UGS_262,5.3232,0.4714,8.85,0.6148,1.9024,1.5661,4.6822,9.19,19.77,IN,0,NORMAL,0.1937,0,0,AGSI_PLUS,2026-01-31
2018-02-09,IE,IE_UGS_263,7.6724,5.5504,72.34,0.1858,0.6073,1.1003,2.2675,16.27,-1.98,US,0,NORMAL,0.139,0,0,NATIONAL_GAS_TSO,2024-08-20
2018-02-26,PL,PL_UGS_264,15.1468,9.2418,61.02,0.6224,1.8559,0.4713,2.2945,26.0,17.56,IN,0,NORMAL,0.1558,0,0,MARKET_DATA_PROVIDER,2024-12-14
2018-03-15,AT,AT_UGS_265,5.3207,1.1076,20.82,1.2163,3.29,0.5291,4.7201,13.99,-1.08,US,0,NORMAL,0.2716,0,0,ENTSOG_TRANSPARENCY,2024-11-19
2018-04-01,EE,EE_UGS_266,7.9696,1.9802,24.85,1.1432,1.3804,2.1768,4.658,9.68,12.2,IN,0,NORMAL,0.3249,0,0,AGSI_PLUS,2025-10-12
2018-04-18,IT,IT_UGS_267,2.3644,1.5412,65.18,1.4378,2.5049,1.3877,5.4817,20.92,-6.0,US,0,NORMAL,0.0179,0,0,NATIONAL_GAS_TSO,2025-01-24
2018-05-05,PT,PT_UGS_268,8.0448,4.5727,56.84,1.7635,0.5461,0.8252,2.2539,26.31,-2.98,IN,0,NORMAL,0.1886,0,0,MARKET_DATA_PROVIDER,2025-10-24
2018-05-22,BE,BE_UGS_269,5.4491,1.7252,31.66,0.0727,3.5785,0.6768,4.069,12.97,-6.44,US,1,NORMAL,0.2375,0,0,ENTSOG_TRANSPARENCY,2025-05-22
2018-06-08,FI,FI_UGS_270,13.0094,9.7644,75.06,2.8804,0.2902,1.4799,4.9781,9.07,7.83,IN,1,NORMAL,0.1824,0,0,AGSI_PLUS,2025-07-04
2018-06-25,LV,LV_UGS_271,20.6479,6.7179,32.54,2.427,0.2469,0.7555,3.7439,25.04,4.43,US,0,NORMAL,0.1831,0,0,NATIONAL_GAS_TSO,2025-03-13
2018-07-12,RO,RO_UGS_272,10.0509,8.3503,83.08,1.2192,0.7011,1.6228,3.3798,24.33,-4.38,IN,0,NORMAL,0.2419,0,1,MARKET_DATA_PROVIDER,2024-06-24
2018-07-29,BG,BG_UGS_273,12.2392,5.0835,41.53,1.0331,3.2705,2.1727,6.8336,22.49,6.19,US,0,NORMAL,0.2294,0,0,ENTSOG_TRANSPARENCY,2026-02-13
2018-08-15,FR,FR_UGS_274,15.6052,12.5813,80.62,0.6288,3.3316,0.9303,5.1309,25.31,23.24,IN,0,NORMAL,0.249,0,1,AGSI_PLUS,2024-04-24
2018-09-01,LT,LT_UGS_275,6.8496,5.6106,81.91,1.9231,4.566,0.02,6.9374,11.36,19.69,US,0,NORMAL,0.013,0,1,NATIONAL_GAS_TSO,2025-08-26
2018-09-18,SK,SK_UGS_276,4.8059,0.5321,11.07,1.7521,0.773,0.5672,2.6766,23.76,3.66,IN,0,NORMAL,0.2898,0,0,MARKET_DATA_PROVIDER,2025-12-29
2018-10-05,HR,HR_UGS_277,15.1892,8.0595,53.06,1.0778,5.7856,0.122,6.5863,17.87,9.91,US,0,NORMAL,0.2856,0,0,ENTSOG_TRANSPARENCY,2024-12-02
2018-10-22,DE,DE_UGS_278,7.634,1.4758,19.33,1.5482,5.1641,0.4835,7.2287,14.89,1.73,IN,1,NORMAL,0.3047,0,0,AGSI_PLUS,2025-07-23
2018-11-08,LU,LU_UGS_279,11.578,5.3625,46.32,1.6654,2.0003,1.1112,4.2567,14.42,22.44,US,0,NORMAL,0.0576,0,0,NATIONAL_GAS_TSO,2024-03-26
2018-11-25,SI,SI_UGS_280,2.5275,1.7217,68.12,1.3172,4.9748,0.557,6.651,9.87,19.12,IN,0,NORMAL,0.1801,0,1,MARKET_DATA_PROVIDER,2024-06-19
2018-12-12,CY,CY_UGS_281,7.142,5.4923,76.9,0.1862,4.528,0.9801,4.9587,13.99,23.83,US,1,NORMAL,0.1709,0,0,ENTSOG_TRANSPARENCY,2024-03-19
2018-12-29,GR,GR_UGS_282,4.0518,2.5068,61.87,2.088,1.1208,1.1152,4.6295,13.46,17.06,IN,0,NORMAL,0.037,0,0,AGSI_PLUS,2025-11-10
2019-01-15,MT,MT_UGS_283,2.2418,1.8284,81.56,2.1212,4.4053,1.014,7.6461,11.18,8.49,US,0,NORMAL,0.0551,0,1,NATIONAL_GAS_TSO,2024-03-12
2019-02-01,ES,ES_UGS_284,1.2397,0.1777,14.33,1.0133,0.2539,0.2467,0.5384,12.13,14.4,IN,1,NORMAL,0.2954,0,0,MARKET_DATA_PROVIDER,2024-01-24
2019-02-18,CZ,CZ_UGS_285,4.5139,2.6499,58.71,1.3996,5.3129,0.7469,6.8636,11.88,-1.82,US,0,NORMAL,0.1462,0,1,ENTSOG_TRANSPARENCY,2025-08-14
2019-03-07,HU,HU_UGS_286,8.45,7.0975,83.99,1.4116,6.2353,0.965,8.9648,10.59,9.09,IN,0,NORMAL,0.2297,0,1,AGSI_PLUS,2025-02-07
2019-03-24,NL,NL_UGS_287,2.5926,0.554,21.37,0.3107,6.3378,1.3187,7.9502,13.6,20.68,US,0,NORMAL,0.3224,0,0,NATIONAL_GAS_TSO,2025-06-11
2019-04-10,SE,SE_UGS_288,10.8849,9.6649,88.79,0.0322,1.0235,1.4552,2.5725,25.46,24.67,IN,0,NORMAL,0.217,0,1,MARKET_DATA_PROVIDER,2025-09-20
2019-04-27,DK,DK_UGS_289,6.2954,2.529,40.17,3.0282,4.7047,1.3643,8.486,14.35,5.76,US,1,NORMAL,0.1227,0,0,ENTSOG_TRANSPARENCY,2025-09-27
2019-05-14,IE,IE_UGS_290,15.1997,5.2916,34.81,1.4889,5.6156,0.1134,6.3644,24.4,-0.03,IN,0,NORMAL,0.1282,0,0,AGSI_PLUS,2024-11-27
2019-05-31,PL,PL_UGS_291,2.3968,1.7165,71.62,1.9405,2.6727,1.802,6.0021,20.49,14.38,US,0,NORMAL,0.2681,0,1,NATIONAL_GAS_TSO,2025-09-22
2019-06-17,AT,AT_UGS_292,15.7135,9.6849,61.63,1.7979,2.6561,0.3445,5.3833,16.08,-3.27,IN,0,NORMAL,0.2265,0,1,MARKET_DATA_PROVIDER,2024-11-28
2019-07-04,EE,EE_UGS_293,2.3185,0.2112,9.11,1.487,3.6398,0.704,5.6939,25.25,10.35,US,0,NORMAL,0.3264,0,0,ENTSOG_TRANSPARENCY,2024-02-22
2019-07-21,IT,IT_UGS_294,13.0841,6.9391,53.03,1.9414,2.1122,0.5502,4.5199,18.38,-6.95,IN,1,NORMAL,0.0734,0,0,AGSI_PLUS,2025-02-08
2019-08-07,PT,PT_UGS_295,15.1675,5.7298,37.78,0.9466,5.3879,1.2745,8.1417,27.95,-9.64,US,0,NORMAL,0.277,0,0,NATIONAL_GAS_TSO,2025-01-31
2019-08-24,BE,BE_UGS_296,8.0597,1.9704,24.45,0.8881,3.4791,1.292,5.1679,22.3,11.78,IN,0,NORMAL,0.2801,0,0,MARKET_DATA_PROVIDER,2025-01-30
2019-09-10,FI,FI_UGS_297,6.1795,4.1058,66.44,1.2853,1.987,0.3942,2.8355,15.89,10.46,US,0,NORMAL,0.2457,0,0,ENTSOG_TRANSPARENCY,2025-09-15
2019-09-27,LV,LV_UGS_298,9.2916,1.4807,15.94,0.4841,7.4266,1.1556,9.0403,18.06,14.57,IN,1,NORMAL,0.2779,0,0,AGSI_PLUS,2025-12-08
2019-10-14,RO,RO_UGS_299,7.8092,7.608,97.42,1.0772,1.8628,0.0589,3.2372,14.05,12.74,US,0,NORMAL,0.0269,0,1,NATIONAL_GAS_TSO,2025-12-22
2019-10-31,BG,BG_UGS_300,17.1693,16.9653,98.81,1.5216,2.946,1.501,6.1143,12.72,8.79,IN,0,NORMAL,0.1709,0,1,MARKET_DATA_PROVIDER,2026-01-18
2019-11-17,FR,FR_UGS_301,9.994,7.2981,73.02,0.6667,4.2527,0.0468,4.3497,24.04,20.0,US,1,NORMAL,0.0843,0,1,ENTSOG_TRANSPARENCY,2024-04-28
2019-12-04,LT,LT_UGS_302,9.5413,3.3413,35.02,1.184,6.5138,0.568,8.7927,9.0,24.56,IN,0,NORMAL,0.0938,0,0,AGSI_PLUS,2024-11-24
2019-12-21,SK,SK_UGS_303,2.6652,1.5695,58.89,1.8607,3.533,0.4033,5.6435,25.3,16.43,US,0,NORMAL,0.1957,0,0,NATIONAL_GAS_TSO,2025-03-06
2020-01-07,HR,HR_UGS_304,7.2069,5.1014,70.78,0.2234,0.6075,0.8107,1.6447,19.8,9.54,IN,0,NORMAL,0.1373,0,0,MARKET_DATA_PROVIDER,2025-08-23
2020-01-24,DE,DE_UGS_305,0.9105,0.5687,62.46,0.1623,0.7612,0.8548,1.2378,8.73,21.16,US,0,NORMAL,0.2899,0,0,ENTSOG_TRANSPARENCY,2024-01-14
2020-02-10,LU,LU_UGS_306,0.2361,0.0511,21.64,0.4194,4.1863,0.2146,4.4684,5.13,5.0,IN,0,NORMAL,0.0412,0,0,AGSI_PLUS,2025-06-15
2020-02-27,SI,SI_UGS_307,8.5142,4.8858,57.38,0.6267,5.6763,1.636,7.1549,16.51,-9.32,US,0,NORMAL,0.2689,0,0,NATIONAL_GAS_TSO,2025-05-08
2020-03-15,CY,CY_UGS_308,11.2386,1.4084,12.53,0.19,5.7955,0.2755,6.1013,6.98,11.2,IN,0,NORMAL,0.0107,0,0,MARKET_DATA_PROVIDER,2025-03-24
2020-04-01,GR,GR_UGS_309,10.8187,2.3994,22.18,0.7838,1.9999,2.0622,4.4648,12.41,20.16,US,0,NORMAL,0.2812,0,0,ENTSOG_TRANSPARENCY,2025-07-12
2020-04-18,MT,MT_UGS_310,6.5717,2.1238,32.32,0.0987,2.0141,1.3259,2.8883,7.87,11.62,IN,0,NORMAL,0.117,0,0,AGSI_PLUS,2025-07-01
2020-05-05,ES,ES_UGS_311,6.7916,2.9326,43.18,2.2068,3.0352,0.301,5.0595,17.63,2.29,US,0,NORMAL,0.1392,0,0,NATIONAL_GAS_TSO,2024-08-25
2020-05-22,CZ,CZ_UGS_312,8.2616,6.7788,82.05,1.785,4.5358,1.554,7.6442,12.61,4.26,IN,0,NORMAL,0.1485,0,1,MARKET_DATA_PROVIDER,2026-02-02
2020-06-08,HU,HU_UGS_313,3.9047,1.4833,37.99,0.9233,5.1939,0.2398,5.4481,12.2,4.53,US,0,NORMAL,0.3069,0,0,ENTSOG_TRANSPARENCY,2024-11-14
2020-06-25,NL,NL_UGS_314,6.964,1.3907,19.97,1.4236,0.3218,2.3374,4.6211,5.41,7.2,IN,1,NORMAL,0.175,0,0,AGSI_PLUS,2024-01-30
2020-07-12,SE,SE_UGS_315,6.7834,6.5979,97.26,2.2309,0.8424,1.9074,5.533,7.76,4.24,US,1,NORMAL,0.2238,0,1,NATIONAL_GAS_TSO,2024-11-21
2020-07-29,DK,DK_UGS_316,6.3887,0.7239,11.33,2.1126,6.4946,1.2713,9.4273,13.34,10.77,IN,1,NORMAL,0.0103,0,0,MARKET_DATA_PROVIDER,2025-05-30
2020-08-15,IE,IE_UGS_317,12.7082,6.1108,48.09,1.6344,3.3062,0.7394,5.2812,18.36,18.0,US,0,NORMAL,0.0841,0,0,ENTSOG_TRANSPARENCY,2025-12-28
2020-09-01,PL,PL_UGS_318,5.4624,3.2548,59.59,1.3165,2.7237,0.5736,3.8228,20.76,8.27,IN,1,NORMAL,0.2105,0,1,AGSI_PLUS,2024-09-04
2020-09-18,AT,AT_UGS_319,12.2442,4.3521,35.54,1.0265,4.9894,0.5513,6.81,21.5,10.33,US,0,NORMAL,0.1254,0,0,NATIONAL_GAS_TSO,2025-12-11
2020-10-05,EE,EE_UGS_320,3.5781,2.7061,75.63,1.576,4.2582,0.1226,5.8391,14.25,-5.93,IN,0,NORMAL,0.1899,0,1,MARKET_DATA_PROVIDER,2026-01-01
2020-10-22,IT,IT_UGS_321,11.8729,1.4477,12.19,1.4103,0.8432,0.8137,3.6667,5.05,6.07,US,0,NORMAL,0.1606,0,0,ENTSOG_TRANSPARENCY,2025-12-24
2020-11-08,PT,PT_UGS_322,12.8779,2.9299,22.75,2.9018,4.2566,1.089,7.3251,13.79,23.76,IN,0,NORMAL,0.2403,0,0,AGSI_PLUS,2024-03-24
2020-11-25,BE,BE_UGS_323,6.3087,1.5167,24.04,1.0934,2.5029,0.0256,3.8065,5.06,-6.91,US,0,NORMAL,0.0486,0,0,NATIONAL_GAS_TSO,2025-01-06
2020-12-12,FI,FI_UGS_324,9.8702,1.1841,12.0,1.9168,6.3451,0.1699,8.4908,7.26,13.15,IN,1,NORMAL,0.0216,0,0,MARKET_DATA_PROVIDER,2025-07-16
2020-12-29,LV,LV_UGS_325,6.0843,5.5935,91.93,0.9013,6.428,1.2701,8.9215,8.27,3.42,US,0,NORMAL,0.1437,0,1,ENTSOG_TRANSPARENCY,2024-10-23
2021-01-15,RO,RO_UGS_326,8.1641,2.5715,31.5,1.3464,5.6009,1.3012,7.6606,77.24,18.83,IN,0,EARLY_WARNING,0.1212,0,0,AGSI_PLUS,2025-07-31
2021-02-01,BG,BG_UGS_327,2.356,0.3658,15.53,0.6139,5.9893,0.1373,6.4735,73.19,10.24,US,1,NORMAL,0.1823,0,0,NATIONAL_GAS_TSO,2025-11-23
2021-02-18,FR,FR_UGS_328,4.5473,0.634,13.94,0.1464,2.6942,0.1382,3.4888,55.48,4.41,IN,0,NORMAL,0.1073,0,0,MARKET_DATA_PROVIDER,2026-02-11
2021-03-07,LT,LT_UGS_329,6.4243,3.9532,61.54,1.5335,0.9131,1.7428,4.4083,68.06,-3.1,US,0,NORMAL,0.1853,0,0,ENTSOG_TRANSPARENCY,2025-09-16
2021-03-24,SK,SK_UGS_330,14.0334,5.8413,41.62,0.2937,4.2628,0.4964,5.5097,62.41,-4.06,IN,0,NORMAL,0.2155,0,0,AGSI_PLUS,2024-11-04
2021-04-10,HR,HR_UGS_331,10.9548,7.0741,64.57,2.0119,2.1445,1.3068,4.6283,77.26,13.52,US,0,EARLY_WARNING,0.0139,0,0,NATIONAL_GAS_TSO,2024-04-10
2021-04-27,DE,DE_UGS_332,10.4387,5.3913,51.65,2.4282,3.5388,0.0252,6.0778,72.46,7.1,IN,0,NORMAL,0.028,0,0,MARKET_DATA_PROVIDER,2025-12-06
2021-05-14,LU,LU_UGS_333,7.7332,1.4464,18.7,2.0126,5.0815,0.46,6.6245,22.56,1.87,US,0,NORMAL,0.084,0,0,ENTSOG_TRANSPARENCY,2025-11-05
2021-05-31,SI,SI_UGS_334,14.159,2.4165,17.07,2.0134,1.7574,0.8656,4.1866,80.39,24.73,IN,0,ALERT,0.0413,0,0,AGSI_PLUS,2025-07-09
2021-06-17,CY,CY_UGS_335,9.6633,5.1701,53.5,0.7899,1.8459,0.1441,1.9564,73.1,4.29,US,0,NORMAL,0.2093,0,0,NATIONAL_GAS_TSO,2025-09-12
2021-07-04,GR,GR_UGS_336,11.6548,1.0125,8.69,1.7442,0.5092,1.5203,3.0305,62.21,18.81,IN,1,NORMAL,0.0895,0,0,MARKET_DATA_PROVIDER,2025-10-24
2021-07-21,MT,MT_UGS_337,13.6215,1.5513,11.39,2.2966,6.5415,0.9016,9.01,23.68,16.86,US,1,NORMAL,0.1273,0,0,ENTSOG_TRANSPARENCY,2026-02-03
2021-08-07,ES,ES_UGS_338,15.5835,12.8687,82.58,0.0165,1.9116,0.58,2.4077,50.94,20.13,IN,0,NORMAL,0.1333,0,1,AGSI_PLUS,2024-05-04
2021-08-24,CZ,CZ_UGS_339,2.8287,2.0056,70.9,0.2334,2.359,0.9878,3.9409,56.82,20.82,US,0,NORMAL,0.097,0,1,NATIONAL_GAS_TSO,2024-02-27
2021-09-10,HU,HU_UGS_340,19.4672,7.1534,36.75,1.9466,6.4958,1.4923,9.2321,62.06,10.62,IN,0,NORMAL,0.1776,0,0,MARKET_DATA_PROVIDER,2024-06-25
2021-09-27,NL,NL_UGS_341,8.3189,4.6776,56.23,1.351,2.8236,1.2636,5.2707,86.25,18.13,US,0,NORMAL,0.1102,0,1,ENTSOG_TRANSPARENCY,2025-10-27
2021-10-14,SE,SE_UGS_342,2.3009,1.8638,81.0,1.7107,0.1975,1.711,3.3818,58.15,-1.98,IN,0,NORMAL,0.0129,0,0,AGSI_PLUS,2025-03-12
2021-10-31,DK,DK_UGS_343,0.8768,0.2777,31.67,0.8498,2.6143,0.7472,4.5723,59.79,4.3,US,1,NORMAL,0.0891,0,0,NATIONAL_GAS_TSO,2025-05-21
2021-11-17,IE,IE_UGS_344,8.988,3.4778,38.69,0.9614,1.6441,2.1706,4.029,74.22,9.17,IN,0,NORMAL,0.2656,0,0,MARKET_DATA_PROVIDER,2024-10-02
2021-12-04,PL,PL_UGS_345,3.431,1.8612,54.25,0.4137,2.6555,1.1995,4.8654,93.66,-8.14,US,0,EARLY_WARNING,0.0437,0,0,ENTSOG_TRANSPARENCY,2024-11-19
2021-12-21,AT,AT_UGS_346,9.8304,5.0142,51.01,2.6943,3.8652,1.0428,6.7209,44.56,11.07,IN,1,NORMAL,0.1184,0,0,AGSI_PLUS,2025-12-18
2022-01-07,EE,EE_UGS_347,3.9521,0.3652,9.24,1.6828,4.7322,0.8188,7.7063,135.46,20.07,US,1,EMERGENCY,0.1399,0,0,NATIONAL_GAS_TSO,2024-03-30
2022-01-24,IT,IT_UGS_348,4.573,3.1371,68.6,0.8077,3.8392,2.0576,6.6022,199.12,15.0,IN,1,NORMAL,0.1851,0,0,MARKET_DATA_PROVIDER,2025-11-22
2022-02-10,PT,PT_UGS_349,5.7177,1.7521,30.64,1.1049,2.8112,2.3177,6.4063,107.81,12.86,US,1,EARLY_WARNING,0.0401,0,0,ENTSOG_TRANSPARENCY,2024-12-23
2022-02-27,BE,BE_UGS_350,19.4915,15.0639,77.28,1.4143,3.7031,2.0923,6.6658,192.78,6.04,IN,1,NORMAL,0.0829,0,1,AGSI_PLUS,2024-01-21
2022-03-16,FI,FI_UGS_351,0.2998,0.1992,66.43,1.461,1.7796,0.5421,3.7774,215.38,-4.79,US,1,NORMAL,0.0098,0,1,NATIONAL_GAS_TSO,2025-08-21
2022-04-02,LV,LV_UGS_352,14.8304,8.5724,57.8,0.2957,5.3261,0.1509,5.8119,74.71,10.05,IN,0,NORMAL,0.0481,0,0,MARKET_DATA_PROVIDER,2024-03-28
2022-04-19,RO,RO_UGS_353,12.3225,4.5109,36.61,2.3199,5.249,0.2531,8.0501,130.82,13.64,US,1,NORMAL,0.2039,0,0,ENTSOG_TRANSPARENCY,2024-09-29
2022-05-06,BG,BG_UGS_354,6.1369,4.8976,79.81,1.5823,2.2217,1.391,4.3519,157.36,20.05,IN,1,NORMAL,0.0707,0,1,AGSI_PLUS,2024-09-30
2022-05-23,FR,FR_UGS_355,8.8516,2.3621,26.69,0.1272,0.7033,0.8925,2.1359,83.34,-4.19,US,1,ALERT,0.5928,1,0,NATIONAL_GAS_TSO,2024-04-30
2022-06-09,LT,LT_UGS_356,18.8042,18.1051,96.28,0.6174,3.3406,1.672,4.6544,114.39,-5.8,IN,0,NORMAL,0.1816,0,1,MARKET_DATA_PROVIDER,2024-09-07
2022-06-26,SK,SK_UGS_357,6.202,4.9445,79.72,0.076,1.166,1.8794,2.7789,112.96,-8.15,US,0,EARLY_WARNING,0.3234,0,1,ENTSOG_TRANSPARENCY,2024-04-05
2022-07-13,HR,HR_UGS_358,0.519,0.0666,12.83,3.1449,4.2457,1.6966,8.9581,101.89,0.93,IN,1,EARLY_WARNING,0.2119,0,0,AGSI_PLUS,2025-09-16
2022-07-30,DE,DE_UGS_359,2.86,1.0101,35.32,2.6549,2.7343,0.9027,5.8858,62.21,2.51,US,1,NORMAL,0.0186,0,0,NATIONAL_GAS_TSO,2025-11-21
2022-08-16,LU,LU_UGS_360,7.5905,7.3214,96.45,3.3263,0.5813,1.713,5.3652,156.55,4.6,IN,1,NORMAL,0.0727,0,1,MARKET_DATA_PROVIDER,2025-06-22
2022-09-02,SI,SI_UGS_361,6.4315,6.25,97.18,2.365,7.4571,0.7902,10.9888,153.43,-1.09,US,1,NORMAL,0.1481,0,1,ENTSOG_TRANSPARENCY,2025-02-04
2022-09-19,CY,CY_UGS_362,4.7625,3.4329,72.08,0.3906,3.8237,2.0454,5.3304,107.85,15.54,IN,1,NORMAL,0.2117,0,0,AGSI_PLUS,2024-07-08
2022-10-06,GR,GR_UGS_363,2.9221,1.1785,40.33,0.0243,1.2862,0.3871,1.2045,193.4,0.83,US,0,NORMAL,0.3128,0,0,NATIONAL_GAS_TSO,2025-08-14
2022-10-23,MT,MT_UGS_364,2.8363,1.3236,46.67,2.0954,4.8014,0.3423,6.624,55.67,0.49,IN,1,NORMAL,0.1387,0,0,MARKET_DATA_PROVIDER,2024-03-24
2022-11-09,ES,ES_UGS_365,5.4692,4.9199,89.96,0.5765,2.7071,0.3219,2.6482,69.26,-1.46,US,1,NORMAL,0.2743,0,1,ENTSOG_TRANSPARENCY,2024-08-06
2022-11-26,CZ,CZ_UGS_366,6.7503,6.5751,97.41,1.7594,3.1761,1.7592,5.9195,106.37,0.61,IN,1,NORMAL,0.1012,0,1,AGSI_PLUS,2024-10-25
2022-12-13,HU,HU_UGS_367,16.394,15.7744,96.22,2.3646,4.044,1.1546,6.9727,147.37,16.27,US,0,NORMAL,0.3106,0,1,NATIONAL_GAS_TSO,2025-08-18
2022-12-30,NL,NL_UGS_368,10.294,2.2511,21.87,1.6586,2.9826,0.6385,4.5979,93.68,-3.94,IN,1,EARLY_WARNING,0.1695,0,0,MARKET_DATA_PROVIDER,2024-10-31
2023-01-16,SE,SE_UGS_369,2.2925,1.7148,74.8,1.7712,4.5523,1.7845,7.1644,57.89,12.78,US,0,NORMAL,0.2798,0,0,ENTSOG_TRANSPARENCY,2025-07-10
2023-02-02,DK,DK_UGS_370,9.9652,7.919,79.47,2.0109,8.0048,0.2058,9.4227,92.91,3.15,IN,1,NORMAL,0.0531,0,1,AGSI_PLUS,2025-08-18
2023-02-19,IE,IE_UGS_371,8.1123,5.2619,64.86,0.6432,3.2231,1.6722,6.0344,75.81,12.2,US,1,EARLY_WARNING,0.1362,0,0,NATIONAL_GAS_TSO,2025-06-05
2023-03-08,PL,PL_UGS_372,9.1586,6.5508,71.53,1.546,3.5026,0.4977,5.261,88.22,-11.43,IN,1,NORMAL,0.2117,0,1,MARKET_DATA_PROVIDER,2025-04-14
2023-03-25,AT,AT_UGS_373,1.3039,0.6544,50.19,2.8261,3.8258,2.1412,8.2055,66.16,-2.19,US,1,NORMAL,0.2893,0,0,ENTSOG_TRANSPARENCY,2024-08-31
2023-04-11,EE,EE_UGS_374,1.3347,0.1651,12.37,1.3721,4.3878,1.7403,6.9898,48.13,3.03,IN,1,NORMAL,0.2118,0,0,AGSI_PLUS,2025-03-02
2023-04-28,IT,IT_UGS_375,5.2342,4.6941,89.68,0.8555,6.3903,0.2885,7.4059,71.46,-0.16,US,1,NORMAL,0.065,0,1,NATIONAL_GAS_TSO,2025-09-13
2023-05-15,PT,PT_UGS_376,10.4909,6.4912,61.87,1.9251,3.2992,1.3332,6.073,66.14,-7.13,IN,1,NORMAL,0.2573,0,0,MARKET_DATA_PROVIDER,2024-08-20
2023-06-01,BE,BE_UGS_377,5.0313,3.6428,72.4,1.4155,5.0111,0.1468,6.5951,81.86,-0.01,US,0,NORMAL,0.2624,0,0,ENTSOG_TRANSPARENCY,2024-09-07
2023-06-18,FI,FI_UGS_378,18.1452,5.9849,32.98,0.6338,3.5197,1.3014,5.8597,84.57,-11.69,IN,1,NORMAL,0.0592,0,0,AGSI_PLUS,2025-11-21
2023-07-05,LV,LV_UGS_379,8.3965,7.014,83.53,0.7593,1.2622,1.139,2.9651,107.8,-6.07,US,1,NORMAL,0.2244,0,1,NATIONAL_GAS_TSO,2024-04-30
2023-07-22,RO,RO_UGS_380,12.2198,1.8565,15.19,1.1866,0.5161,0.0008,1.8307,71.76,-9.64,IN,1,NORMAL,0.1761,0,0,MARKET_DATA_PROVIDER,2024-10-31
2023-08-08,BG,BG_UGS_001,6.9048,2.6469,38.33,2.0507,1.5909,2.1567,5.515,78.91,19.35,US,1,NORMAL,0.1148,0,0,ENTSOG_TRANSPARENCY,2024-05-04
2023-08-25,FR,FR_UGS_002,9.4388,0.9195,9.74,0.4026,0.2631,0.8043,1.9946,79.14,5.5,IN,1,NORMAL,0.2552,0,0,AGSI_PLUS,2025-01-17
2023-09-11,LT,LT_UGS_003,15.8038,5.3349,33.76,1.7694,6.113,0.4906,8.5329,101.95,0.43,US,1,EARLY_WARNING,0.3198,0,0,NATIONAL_GAS_TSO,2025-10-08
2023-09-28,SK,SK_UGS_004,5.9731,2.3001,38.51,2.4663,4.3108,1.4728,7.6443,109.35,11.13,IN,1,NORMAL,0.238,0,0,MARKET_DATA_PROVIDER,2024-09-09
2023-10-15,HR,HR_UGS_005,5.229,3.7389,71.5,1.6743,1.6011,0.133,3.4373,39.34,6.75,US,1,NORMAL,0.0985,0,1,ENTSOG_TRANSPARENCY,2024-09-24
2023-11-01,DE,DE_UGS_006,16.2881,1.3761,8.45,1.1521,0.6979,0.7176,2.5271,23.37,13.2,IN,1,NORMAL,0.2347,0,0,AGSI_PLUS,2024-04-11
2023-11-18,LU,LU_UGS_007,4.0122,2.9815,74.31,2.2793,2.3783,1.0262,5.1373,38.62,1.68,US,1,NORMAL,0.1022,0,1,NATIONAL_GAS_TSO,2024-12-15
2023-12-05,SI,SI_UGS_008,4.5531,1.6136,35.44,0.5476,7.483,1.5815,8.6927,57.88,-5.18,IN,1,NORMAL,0.2321,0,0,MARKET_DATA_PROVIDER,2024-08-10
2023-12-22,CY,CY_UGS_009,3.5449,2.8314,79.87,2.4624,0.2135,0.8887,3.5538,84.73,-7.54,US,1,EARLY_WARNING,0.0864,0,0,ENTSOG_TRANSPARENCY,2025-02-23
2024-01-08,GR,GR_UGS_010,1.3163,1.2254,93.1,0.6039,5.6529,1.4659,7.5618,102.03,3.0,IN,1,NORMAL,0.2302,0,1,AGSI_PLUS,2025-05-14
2024-01-25,MT,MT_UGS_011,11.3444,8.1138,71.52,0.4209,8.3497,1.2062,10.4599,95.12,-3.07,US,1,NORMAL,0.0705,0,1,NATIONAL_GAS_TSO,2026-01-24
2024-02-11,ES,ES_UGS_012,2.7651,1.5717,56.84,1.1053,1.0346,1.3149,2.8379,88.05,6.94,IN,1,EARLY_WARNING,0.2044,0,0,MARKET_DATA_PROVIDER,2024-07-17
2024-02-28,CZ,CZ_UGS_013,3.6013,3.2589,90.49,1.2144,3.7509,1.8871,7.0429,91.67,-0.7,US,0,NORMAL,0.169,0,1,ENTSOG_TRANSPARENCY,2025-08-05
2024-03-16,HU,HU_UGS_014,2.5395,1.2292,48.4,0.6209,0.4029,0.1702,1.372,62.84,8.17,IN,1,NORMAL,0.2633,0,0,AGSI_PLUS,2025-03-15
2024-04-02,NL,NL_UGS_015,14.0456,10.9794,78.17,2.1972,3.7467,1.6361,7.9786,37.22,-3.6,US,1,NORMAL,0.0892,0,1,NATIONAL_GAS_TSO,2024-01-24
2024-04-19,SE,SE_UGS_016,5.0561,3.6168,71.53,0.9964,1.5514,1.0826,3.1183,45.1,16.57,IN,1,NORMAL,0.2255,0,0,MARKET_DATA_PROVIDER,2025-02-26
2024-05-06,DK,DK_UGS_017,7.6671,1.8242,23.79,0.309,3.4943,1.7787,4.7276,86.13,18.07,US,1,ALERT,0.0587,1,0,ENTSOG_TRANSPARENCY,2024-03-19
2024-05-23,IE,IE_UGS_018,8.2027,4.6108,56.21,0.1022,4.8354,1.3873,5.567,98.07,5.82,IN,1,NORMAL,0.3275,0,1,AGSI_PLUS,2024-03-16
2024-06-09,PL,PL_UGS_019,14.4654,4.7106,32.56,0.1747,4.251,1.2986,5.3283,56.65,-5.59,US,1,NORMAL,0.0941,0,0,NATIONAL_GAS_TSO,2025-01-01
2024-06-26,AT,AT_UGS_020,0.8099,0.4868,60.11,1.0361,4.4118,0.6793,6.6296,103.35,20.75,IN,1,NORMAL,0.2881,0,0,MARKET_DATA_PROVIDER,2025-10-09
2024-07-13,EE,EE_UGS_021,2.6363,1.7006,64.51,2.2705,4.7295,0.3134,7.608,38.72,-5.59,US,1,NORMAL,0.0021,0,0,ENTSOG_TRANSPARENCY,2025-11-25
2024-07-30,IT,IT_UGS_022,11.1747,10.2046,91.32,0.4329,7.4878,1.6081,9.6731,85.85,-2.89,IN,1,NORMAL,0.0014,0,1,AGSI_PLUS,2025-07-14
2024-08-16,PT,PT_UGS_023,3.4686,2.9424,84.83,0.1189,3.553,0.4976,3.9864,96.91,12.51,US,1,NORMAL,0.0706,0,1,NATIONAL_GAS_TSO,2025-06-17
2024-09-02,BE,BE_UGS_024,1.4937,0.6827,45.7,1.891,3.934,0.0641,6.4082,103.54,18.9,IN,1,NORMAL,0.0139,0,0,MARKET_DATA_PROVIDER,2024-06-20
2024-09-19,FI,FI_UGS_025,7.9858,5.5293,69.24,1.1079,4.9392,1.3353,7.7463,87.4,0.75,US,1,NORMAL,0.0288,0,0,ENTSOG_TRANSPARENCY,2024-12-22
2024-10-06,LV,LV_UGS_026,6.7822,1.5864,23.39,2.1109,0.1006,1.3251,3.8688,38.44,15.94,IN,1,NORMAL,0.2646,0,0,AGSI_PLUS,2024-09-02
2024-10-23,RO,RO_UGS_027,9.0778,4.798,52.85,2.7101,0.3457,1.651,5.1832,104.39,-4.54,US,1,NORMAL,0.309,0,0,NATIONAL_GAS_TSO,2024-01-01
2024-11-09,BG,BG_UGS_028,5.823,3.8262,65.71,1.2474,2.808,1.6309,5.3708,59.92,4.76,IN,1,NORMAL,0.1439,0,1,MARKET_DATA_PROVIDER,2024-09-22
2024-11-26,FR,FR_UGS_029,11.9254,5.4265,45.5,0.7599,4.6626,1.2752,6.7119,51.75,-3.66,US,1,NORMAL,0.255,0,0,ENTSOG_TRANSPARENCY,2025-03-10
2024-12-13,LT,LT_UGS_030,18.0336,7.5511,41.87,2.0432,6.2243,0.8567,8.2654,71.43,3.38,IN,1,NORMAL,0.1117,0,0,AGSI_PLUS,2024-11-17
2024-12-30,SK,SK_UGS_031,6.9383,1.1693,16.85,1.6508,4.3179,0.5402,6.649,20.73,6.3,US,1,NORMAL,0.2135,0,0,NATIONAL_GAS_TSO,2024-06-25
2025-01-16,HR,HR_UGS_032,3.7156,1.3503,36.34,0.6957,4.6737,0.702,5.871,19.16,21.89,IN,1,NORMAL,0.2315,0,0,MARKET_DATA_PROVIDER,2025-10-22
2025-02-02,DE,DE_UGS_033,10.6624,5.5211,51.78,1.6684,6.3653,0.7855,8.471,49.65,22.09,US,1,NORMAL,0.2864,0,0,ENTSOG_TRANSPARENCY,2025-12-16
2025-02-19,LU,LU_UGS_034,12.7598,7.8433,61.47,1.99,7.2232,1.4884,10.3079,83.18,14.98,IN,1,NORMAL,0.06,0,0,AGSI_PLUS,2024-10-17
2025-03-08,SI,SI_UGS_035,4.6306,2.9157,62.97,2.636,4.5653,0.5197,7.947,63.29,13.79,US,1,NORMAL,0.2601,0,0,NATIONAL_GAS_TSO,2024-02-10
2025-03-25,CY,CY_UGS_036,7.8717,6.6055,83.91,0.6745,5.264,0.9542,6.051,78.04,4.55,IN,1,NORMAL,0.1827,0,1,MARKET_DATA_PROVIDER,2025-01-17
2025-04-11,GR,GR_UGS_037,7.9543,4.7595,59.84,0.0648,2.5894,1.0598,2.9238,42.12,-1.61,US,0,NORMAL,0.1367,0,1,ENTSOG_TRANSPARENCY,2025-04-03
2025-04-28,MT,MT_UGS_038,14.0045,3.8593,27.56,1.2398,4.3588,1.2298,6.6905,107.03,-5.54,IN,0,ALERT,0.4498,0,0,AGSI_PLUS,2024-11-08
2025-05-15,ES,ES_UGS_039,8.893,2.146,24.13,1.1197,1.4368,1.2942,4.1277,102.96,-8.54,US,0,EARLY_WARNING,0.3161,0,0,NATIONAL_GAS_TSO,2024-07-04
2025-06-01,CZ,CZ_UGS_040,15.6355,11.0569,70.72,0.8856,3.5877,0.0629,4.1137,118.04,23.82,IN,1,NORMAL,0.224,0,1,MARKET_DATA_PROVIDER,2025-09-20
2025-06-18,HU,HU_UGS_041,9.4949,4.1702,43.92,1.5235,0.578,1.2189,2.4265,42.67,8.19,US,0,NORMAL,0.2078,0,0,ENTSOG_TRANSPARENCY,2024-02-02
2025-07-05,NL,NL_UGS_042,18.2483,8.2279,45.09,3.2135,1.4829,1.5568,6.4863,79.09,5.24,IN,1,NORMAL,0.0457,0,0,AGSI_PLUS,2024-09-14
2025-07-22,SE,SE_UGS_043,12.9366,1.7085,13.21,0.5408,3.499,0.3149,4.7199,38.21,6.21,US,1,NORMAL,0.2555,0,0,NATIONAL_GAS_TSO,2024-07-27
2025-08-08,DK,DK_UGS_044,17.2841,3.9159,22.66,1.5234,1.9775,0.3269,3.048,26.22,2.26,IN,0,NORMAL,0.2501,0,0,MARKET_DATA_PROVIDER,2024-09-19
2025-08-25,IE,IE_UGS_045,13.6487,10.5412,77.23,1.6897,2.7204,0.5889,4.3686,106.95,-3.52,US,0,EARLY_WARNING,0.1482,0,1,ENTSOG_TRANSPARENCY,2025-03-10
2025-09-11,PL,PL_UGS_046,11.4776,1.2992,11.32,1.8776,7.573,1.7607,10.8779,67.77,9.71,IN,1,NORMAL,0.225,0,0,AGSI_PLUS,2025-05-13
2025-09-28,AT,AT_UGS_047,9.9258,3.7109,37.39,1.6973,5.5324,1.3794,7.9254,41.34,-10.5,US,1,NORMAL,0.1491,0,0,NATIONAL_GAS_TSO,2025-05-23
2025-10-15,EE,EE_UGS_048,6.4436,2.7402,42.53,1.8666,4.2427,0.1126,5.6733,45.88,23.44,IN,1,NORMAL,0.311,0,0,MARKET_DATA_PROVIDER,2024-06-29
2025-11-01,IT,IT_UGS_049,16.9234,4.131,24.41,0.0437,9.046,1.1618,9.4019,91.38,9.19,US,1,NORMAL,0.2766,0,0,ENTSOG_TRANSPARENCY,2025-09-24
2025-11-18,PT,PT_UGS_050,12.2655,8.9056,72.61,0.037,2.9904,0.4893,3.6592,113.15,-8.12,IN,1,EARLY_WARNING,0.2235,0,0,AGSI_PLUS,2024-08-08
2025-12-05,BE,BE_UGS_051,6.015,5.3977,89.74,1.9353,2.8795,0.7841,6.0215,112.34,0.04,US,1,EARLY_WARNING,0.2238,0,1,NATIONAL_GAS_TSO,2026-01-24
2025-12-22,FI,FI_UGS_052,0.2688,0.1704,63.39,1.6293,0.2562,0.9931,2.1934,84.1,-4.27,IN,1,NORMAL,0.3128,0,1,MARKET_DATA_PROVIDER,2025-04-07
2026-01-08,LV,LV_UGS_053,13.5563,13.2659,97.86,2.4818,6.2842,0.2518,8.9182,26.03,23.79,US,1,NORMAL,0.0116,0,1,ENTSOG_TRANSPARENCY,2025-12-25
2026-01-25,RO,RO_UGS_054,10.0886,5.449,54.01,0.0036,4.829,1.8227,5.6593,41.58,-4.34,IN,1,NORMAL,0.1725,0,0,AGSI_PLUS,2024-03-18
2026-02-11,BG,BG_UGS_055,1.8495,0.9351,50.56,2.3271,3.8454,0.5292,6.8508,40.81,-7.8,US,1,NORMAL,0.2781,0,0,NATIONAL_GAS_TSO,2024-12-28
2018-01-03,FR,FR_UGS_056,1.6668,0.4332,25.99,2.9007,5.4979,1.5064,10.3881,24.65,24.72,IN,0,NORMAL,0.2604,0,0,MARKET_DATA_PROVIDER,2025-09-27
2018-01-20,LT,LT_UGS_057,4.8009,1.7808,37.09,1.1164,4.6929,1.8023,7.9575,23.28,12.52,US,0,NORMAL,0.1137,0,0,ENTSOG_TRANSPARENCY,2024-12-17
2018-02-06,SK,SK_UGS_058,6.0524,3.8116,62.98,0.7723,1.7809,1.9995,4.7223,24.08,7.67,IN,0,NORMAL,0.1882,0,0,AGSI_PLUS,2025-02-27
2018-02-23,HR,HR_UGS_059,11.0098,5.5141,50.08,1.8544,0.1466,0.4655,2.9209,22.19,11.05,US,1,NORMAL,0.0972,0,1,NATIONAL_GAS_TSO,2024-02-18
2018-03-12,DE,DE_UGS_060,4.1299,3.3401,80.88,2.2418,1.6919,0.8191,4.5095,25.77,8.87,IN,1,NORMAL,0.0538,0,1,MARKET_DATA_PROVIDER,2025-09-02
2018-03-29,LU,LU_UGS_061,3.4697,0.2831,8.16,0.458,6.8053,1.1243,8.1335,14.48,-5.64,US,0,NORMAL,0.2338,0,0,ENTSOG_TRANSPARENCY,2025-06-21
2018-04-15,SI,SI_UGS_062,2.9302,0.7925,27.05,0.1626,6.1431,0.3137,7.0416,23.64,-2.83,IN,0,NORMAL,0.0461,0,0,AGSI_PLUS,2024-11-18
2018-05-02,CY,CY_UGS_063,14.7029,11.6772,79.42,1.7002,2.648,1.6232,5.3999,23.64,22.08,US,0,NORMAL,0.2332,0,0,NATIONAL_GAS_TSO,2025-03-09
2018-05-19,GR,GR_UGS_064,12.638,1.4147,11.19,2.389,4.7973,0.2701,7.875,16.93,21.13,IN,0,NORMAL,0.1783,0,0,MARKET_DATA_PROVIDER,2024-05-10
2018-06-05,MT,MT_UGS_065,10.5177,9.3182,88.6,0.615,0.4719,0.3356,0.5567,26.21,17.33,US,0,NORMAL,0.0022,0,0,ENTSOG_TRANSPARENCY,2024-05-30
2018-06-22,ES,ES_UGS_066,3.1029,2.0221,65.17,0.9513,4.697,0.7781,6.1815,10.49,-6.87,IN,0,NORMAL,0.0621,0,0,AGSI_PLUS,2024-03-14
2018-07-09,CZ,CZ_UGS_067,0.5296,0.4829,91.18,1.7364,6.261,0.2763,7.4869,9.31,22.34,US,0,NORMAL,0.2643,0,1,NATIONAL_GAS_TSO,2025-01-01
2018-07-26,HU,HU_UGS_068,9.7093,2.07,21.32,1.9004,3.8057,1.1252,5.8818,26.59,1.73,IN,0,NORMAL,0.0915,0,0,MARKET_DATA_PROVIDER,2024-12-02
2018-08-12,NL,NL_UGS_069,18.8323,13.3515,70.9,2.8678,0.3061,2.0229,5.1311,10.52,5.66,US,0,NORMAL,0.1946,0,1,ENTSOG_TRANSPARENCY,2024-03-08
2018-08-29,SE,SE_UGS_070,6.4834,6.2122,95.82,0.9703,5.2377,0.1489,6.71,17.11,6.46,IN,1,NORMAL,0.0964,0,1,AGSI_PLUS,2025-08-09
2018-09-15,DK,DK_UGS_071,15.0001,14.6621,97.75,1.3752,5.804,1.219,7.4579,11.97,4.27,US,0,NORMAL,0.1872,0,1,NATIONAL_GAS_TSO,2025-01-13
2018-10-02,IE,IE_UGS_072,2.0429,1.9673,96.3,2.8181,4.7852,1.8001,9.5036,18.16,-2.64,IN,1,NORMAL,0.1299,0,1,MARKET_DATA_PROVIDER,2025-11-27
2018-10-19,PL,PL_UGS_073,6.1827,5.9101,95.59,2.2125,1.9107,1.6555,5.8732,20.56,23.44,US,0,NORMAL,0.274,0,1,ENTSOG_TRANSPARENCY,2025-07-08
2018-11-05,AT,AT_UGS_074,10.3566,6.3657,61.46,1.9378,2.1547,1.0562,5.235,25.65,12.46,IN,0,NORMAL,0.2338,0,1,AGSI_PLUS,2024-07-19
2018-11-22,EE,EE_UGS_075,13.2662,9.7953,73.84,1.1473,5.6804,2.0773,8.5704,19.42,14.85,US,0,NORMAL,0.2705,0,1,NATIONAL_GAS_TSO,2025-04-26
2018-12-09,IT,IT_UGS_076,6.399,2.9588,46.24,0.632,1.8042,0.875,3.016,13.23,23.3,IN,1,NORMAL,0.1466,0,0,MARKET_DATA_PROVIDER,2024-09-28
2018-12-26,PT,PT_UGS_077,10.9887,8.838,80.43,0.8777,4.7452,0.771,6.5545,15.37,4.92,US,0,NORMAL,0.0357,0,1,ENTSOG_TRANSPARENCY,2024-07-04
2019-01-12,BE,BE_UGS_078,13.2196,7.9487,60.13,2.4053,3.7659,1.9772,7.1579,22.95,-1.31,IN,0,NORMAL,0.1559,0,0,AGSI_PLUS,2025-11-28
2019-01-29,FI,FI_UGS_079,14.144,13.4242,94.91,1.9724,5.9012,1.1364,8.8875,9.8,-7.23,US,1,NORMAL,0.1806,0,1,NATIONAL_GAS_TSO,2025-05-09
2019-02-15,LV,LV_UGS_080,0.6446,0.2291,35.55,1.8725,3.2984,0.1873,5.0445,15.96,-5.97,IN,0,NORMAL,0.0204,0,0,MARKET_DATA_PROVIDER,2024-06-29
2019-03-04,RO,RO_UGS_081,0.5694,0.4887,85.83,1.3552,3.1825,0.6113,5.4321,27.02,19.8,US,0,NORMAL,0.0737,0,1,ENTSOG_TRANSPARENCY,2024-11-11
2019-03-21,BG,BG_UGS_082,17.4097,5.7601,33.09,1.7295,5.0035,1.4783,7.9973,19.75,-9.19,IN,0,NORMAL,0.1104,0,0,AGSI_PLUS,2024-11-20
2019-04-07,FR,FR_UGS_083,2.3208,0.6779,29.21,0.9966,3.8124,1.3101,5.1954,22.02,-7.67,US,0,NORMAL,0.0401,0,0,NATIONAL_GAS_TSO,2024-04-16
2019-04-24,LT,LT_UGS_084,0.9097,0.399,43.87,1.9955,1.4803,0.6256,3.714,21.04,-11.57,IN,0,NORMAL,0.1404,0,0,MARKET_DATA_PROVIDER,2025-01-07
2019-05-11,SK,SK_UGS_085,7.615,5.5713,73.16,1.3052,1.0169,0.9498,2.679,14.3,-2.87,US,0,NORMAL,0.2752,0,1,ENTSOG_TRANSPARENCY,2025-01-26
2019-05-28,HR,HR_UGS_086,15.1641,4.215,27.8,2.1203,6.0258,0.8969,8.5865,13.66,6.2,IN,0,NORMAL,0.1942,0,0,AGSI_PLUS,2024-10-05
2019-06-14,DE,DE_UGS_087,12.4098,5.8541,47.17,2.2287,3.0266,1.6538,7.3896,27.71,12.35,US,0,NORMAL,0.2314,0,0,NATIONAL_GAS_TSO,2025-12-25
2019-07-01,LU,LU_UGS_088,4.2139,1.3242,31.43,1.8504,3.8308,1.493,7.0825,13.07,22.83,IN,0,NORMAL,0.3141,0,0,MARKET_DATA_PROVIDER,2024-09-21
2019-07-18,SI,SI_UGS_089,4.6595,2.4278,52.1,2.892,3.0794,0.2654,6.7879,25.28,7.81,US,0,NORMAL,0.2408,0,0,ENTSOG_TRANSPARENCY,2025-08-08
2019-08-04,CY,CY_UGS_090,2.8687,1.4709,51.28,1.2613,3.1491,0.529,4.0973,23.93,13.26,IN,1,NORMAL,0.2488,0,0,AGSI_PLUS,2025-10-02
2019-08-21,GR,GR_UGS_091,7.9643,5.3706,67.43,1.5915,4.7978,0.2583,6.4149,23.7,5.12,US,0,NORMAL,0.0321,0,1,NATIONAL_GAS_TSO,2024-07-18
2019-09-07,MT,MT_UGS_092,3.5819,2.2872,63.86,0.8217,2.8577,2.3011,6.3342,16.79,9.23,IN,0,NORMAL,0.2379,0,1,MARKET_DATA_PROVIDER,2025-10-26
2019-09-24,ES,ES_UGS_093,4.1154,1.1811,28.7,2.2175,3.3368,0.5764,6.5015,26.03,10.0,US,0,NORMAL,0.2925,0,0,ENTSOG_TRANSPARENCY,2025-10-25
2019-10-11,CZ,CZ_UGS_094,5.6593,2.0498,36.22,1.8288,4.9489,0.5323,6.622,27.33,22.89,IN,0,NORMAL,0.1133,0,0,AGSI_PLUS,2024-08-14
2019-10-28,HU,HU_UGS_095,16.5529,15.464,93.42,1.4022,1.8124,0.0245,2.6912,23.21,17.01,US,0,NORMAL,0.0232,0,1,NATIONAL_GAS_TSO,2025-12-10
2019-11-14,NL,NL_UGS_096,12.2719,2.5682,20.93,1.0027,1.7758,1.2635,3.0711,25.69,-1.97,IN,0,NORMAL,0.2957,0,0,MARKET_DATA_PROVIDER,2025-11-30
2019-12-01,SE,SE_UGS_097,9.8087,3.8443,39.19,0.9455,1.879,1.0137,4.1098,16.37,24.03,US,0,NORMAL,0.2617,0,0,ENTSOG_TRANSPARENCY,2025-03-15
2019-12-18,DK,DK_UGS_098,17.5747,14.7111,83.71,2.0175,2.901,2.4443,7.3883,24.7,20.95,IN,0,NORMAL,0.2823,0,0,AGSI_PLUS,2024-07-30
2020-01-04,IE,IE_UGS_099,1.0289,0.5959,57.91,0.5329,2.1833,1.4481,3.2144,16.31,-8.29,US,1,NORMAL,0.01,0,0,NATIONAL_GAS_TSO,2025-03-11
2020-01-21,PL,PL_UGS_100,14.6436,12.1959,83.29,1.3196,5.0432,1.1974,6.615,20.89,10.87,IN,0,NORMAL,0.1916,0,1,MARKET_DATA_PROVIDER,2025-11-05
2020-02-07,AT,AT_UGS_101,1.9182,0.669,34.88,2.3151,5.6193,1.3854,8.7196,11.56,6.49,US,0,NORMAL,0.176,0,0,ENTSOG_TRANSPARENCY,2024-03-14
2020-02-24,EE,EE_UGS_102,3.7285,0.6155,16.51,1.5653,2.3748,1.1455,5.3223,16.03,3.55,IN,1,NORMAL,0.2915,0,0,AGSI_PLUS,2025-09-14
2020-03-12,IT,IT_UGS_103,3.565,2.7304,76.59,1.6594,1.7419,0.9387,4.4941,21.14,1.87,US,0,NORMAL,0.0929,0,1,NATIONAL_GAS_TSO,2024-06-08
2020-03-29,PT,PT_UGS_104,11.3724,8.3944,73.81,1.2885,8.1705,2.2717,11.4521,6.83,24.41,IN,0,NORMAL,0.2254,0,1,MARKET_DATA_PROVIDER,2024-07-04
2020-04-15,BE,BE_UGS_105,0.5829,0.4889,83.88,2.3566,6.6444,1.159,10.0392,13.24,7.51,US,1,NORMAL,0.0619,0,1,ENTSOG_TRANSPARENCY,2026-01-21
2020-05-02,FI,FI_UGS_106,8.2074,5.5101,67.14,0.7057,5.4714,0.5215,6.5508,19.72,-4.98,IN,0,NORMAL,0.0695,0,0,AGSI_PLUS,2025-08-15
2020-05-19,LV,LV_UGS_107,2.4672,1.3048,52.88,0.6458,7.6693,1.4207,9.7106,7.56,-0.35,US,0,NORMAL,0.1256,0,0,NATIONAL_GAS_TSO,2025-10-03
2020-06-05,RO,RO_UGS_108,15.098,6.0262,39.91,0.0002,5.9571,0.383,6.3018,15.15,2.65,IN,0,NORMAL,0.2965,0,0,MARKET_DATA_PROVIDER,2025-07-04
2020-06-22,BG,BG_UGS_109,4.761,3.1762,66.71,2.7294,0.2266,0.9677,4.3703,7.29,10.29,US,1,NORMAL,0.2475,0,0,ENTSOG_TRANSPARENCY,2025-11-07
2020-07-09,FR,FR_UGS_110,15.8824,4.4849,28.24,3.1991,7.1699,1.3248,12.0628,21.86,13.78,IN,0,NORMAL,0.1863,0,0,AGSI_PLUS,2025-05-10
2020-07-26,LT,LT_UGS_111,8.0292,7.2089,89.78,2.8871,3.0699,1.5023,6.713,15.46,-8.27,US,0,NORMAL,0.2957,0,1,NATIONAL_GAS_TSO,2024-06-15
2020-08-12,SK,SK_UGS_112,11.0494,7.2014,65.17,1.5078,6.5856,0.8587,8.1226,6.41,8.01,IN,1,NORMAL,0.1382,0,1,MARKET_DATA_PROVIDER,2024-02-29
2020-08-29,HR,HR_UGS_113,3.7217,3.357,90.2,2.192,6.3086,0.403,8.2308,7.25,20.32,US,1,NORMAL,0.0709,0,1,ENTSOG_TRANSPARENCY,2024-01-22
2020-09-15,DE,DE_UGS_114,8.4763,5.6174,66.27,2.1578,8.4851,0.8412,11.2182,15.47,-10.44,IN,0,NORMAL,0.2447,0,1,AGSI_PLUS,2026-02-10
2020-10-02,LU,LU_UGS_115,4.1807,0.3543,8.47,0.6559,0.3141,1.541,2.1184,10.44,-6.57,US,0,NORMAL,0.3206,0,0,NATIONAL_GAS_TSO,2025-02-22
2020-10-19,SI,SI_UGS_116,4.0147,1.2351,30.76,1.2391,4.3066,1.441,7.4258,21.17,3.94,IN,1,NORMAL,0.3266,0,0,MARKET_DATA_PROVIDER,2025-08-21
2020-11-05,CY,CY_UGS_117,13.115,7.5581,57.63,1.5906,6.6343,0.7489,9.4219,11.27,18.69,US,0,NORMAL,0.0719,0,0,ENTSOG_TRANSPARENCY,2025-12-03
2020-11-22,GR,GR_UGS_118,4.0409,1.1627,28.77,0.9941,2.0358,0.6135,3.6449,18.72,0.47,IN,0,NORMAL,0.0421,0,0,AGSI_PLUS,2025-06-05
2020-12-09,MT,MT_UGS_119,11.7094,10.5824,90.38,0.4614,3.3184,0.1494,4.509,21.55,-11.61,US,0,NORMAL,0.2679,0,1,NATIONAL_GAS_TSO,2025-06-24
2020-12-26,ES,ES_UGS_120,5.1815,3.9023,75.31,2.9837,3.9637,0.1702,7.1228,18.09,16.31,IN,0,NORMAL,0.0367,0,1,MARKET_DATA_PROVIDER,2025-01-22
2021-01-12,CZ,CZ_UGS_121,1.6335,0.3693,22.61,2.1661,4.945,1.2445,8.6468,46.89,3.34,US,0,NORMAL,0.317,0,0,ENTSOG_TRANSPARENCY,2024-08-23
2021-01-29,HU,HU_UGS_122,8.4177,4.5551,54.11,1.0392,1.3013,2.0477,4.7918,38.29,-8.98,IN,1,NORMAL,0.2462,0,0,AGSI_PLUS,2025-02-21
2021-02-15,NL,NL_UGS_123,0.679,0.1275,18.78,2.1484,2.4095,0.648,4.5505,94.42,5.92,US,0,ALERT,0.4749,1,0,NATIONAL_GAS_TSO,2025-10-09
2021-03-04,SE,SE_UGS_124,5.8503,4.314,73.74,3.0662,1.5725,1.1507,6.3542,26.04,-3.81,IN,1,NORMAL,0.2744,0,1,MARKET_DATA_PROVIDER,2025-12-21
2021-03-21,DK,DK_UGS_125,0.9701,0.0793,8.18,1.2782,1.5862,1.222,3.7058,50.84,19.61,US,1,NORMAL,0.112,0,0,ENTSOG_TRANSPARENCY,2025-03-01
2021-04-07,IE,IE_UGS_126,4.9331,2.3634,47.91,2.4343,4.6086,1.4184,7.7469,49.59,10.01,IN,0,NORMAL,0.0511,0,0,AGSI_PLUS,2024-01-29
2021-04-24,PL,PL_UGS_127,5.3009,3.0222,57.01,1.86,6.1572,1.2282,8.5603,29.56,18.73,US,0,NORMAL,0.0047,0,0,NATIONAL_GAS_TSO,2025-08-03
2021-05-11,AT,AT_UGS_128,1.2019,0.8403,69.92,1.0333,0.7153,1.2104,2.1336,50.63,9.14,IN,0,NORMAL,0.2794,0,0,MARKET_DATA_PROVIDER,2026-02-18
2021-05-28,EE,EE_UGS_129,4.1449,3.5963,86.77,2.2281,0.2627,0.2875,2.8469,91.09,20.95,US,1,EARLY_WARNING,0.0612,0,1,ENTSOG_TRANSPARENCY,2025-07-21
2021-06-14,IT,IT_UGS_130,14.6171,4.9088,33.58,1.0327,2.979,1.1453,5.5977,55.68,21.84,IN,0,NORMAL,0.0639,0,0,AGSI_PLUS,2024-12-10
2021-07-01,PT,PT_UGS_131,3.4242,2.3805,69.52,2.8551,0.3086,0.9474,4.5016,88.56,-0.38,US,1,NORMAL,0.0649,0,0,NATIONAL_GAS_TSO,2024-10-28
2021-07-18,BE,BE_UGS_132,8.7255,0.7079,8.11,1.3699,3.3605,2.0591,5.8247,62.57,5.64,IN,0,NORMAL,0.0645,0,0,MARKET_DATA_PROVIDER,2025-11-05
2021-08-04,FI,FI_UGS_133,7.1714,1.6713,23.31,0.5903,2.8342,1.6046,5.3866,65.5,-10.76,US,0,NORMAL,0.1183,0,0,ENTSOG_TRANSPARENCY,2025-09-11
2021-08-21,LV,LV_UGS_134,0.755,0.6813,90.24,1.0072,1.2187,0.1391,2.816,66.46,8.16,IN,0,NORMAL,0.3247,0,1,AGSI_PLUS,2025-06-26
2021-09-07,RO,RO_UGS_135,2.3808,0.8146,34.22,0.2294,0.0897,0.5257,0.05,33.14,9.51,US,1,NORMAL,0.1506,0,0,NATIONAL_GAS_TSO,2024-01-04
2021-09-24,BG,BG_UGS_136,2.2969,1.4148,61.6,0.6357,0.1908,1.5879,2.9238,32.75,-9.87,IN,0,NORMAL,0.2151,0,0,MARKET_DATA_PROVIDER,2024-09-25
2021-10-11,FR,FR_UGS_137,2.0658,1.8707,90.55,2.8189,0.5444,2.1141,4.8273,31.72,-9.11,US,1,NORMAL,0.0916,0,1,ENTSOG_TRANSPARENCY,2025-08-15
2021-10-28,LT,LT_UGS_138,5.3944,4.7511,88.07,1.063,4.426,1.5838,6.8986,89.84,-8.78,IN,0,NORMAL,0.2839,0,1,AGSI_PLUS,2024-05-28
2021-11-14,SK,SK_UGS_139,3.7462,1.0422,27.82,1.3422,8.1326,0.1599,8.9426,55.2,10.48,US,0,NORMAL,0.3285,0,0,NATIONAL_GAS_TSO,2024-11-10
2021-12-01,HR,HR_UGS_140,12.5626,7.8525,62.51,0.1579,2.286,1.1576,3.5555,92.77,13.56,IN,0,NORMAL,0.228,0,0,MARKET_DATA_PROVIDER,2024-06-10
2021-12-18,DE,DE_UGS_141,8.2824,2.3364,28.21,1.5651,3.9095,0.479,6.4747,40.48,14.73,US,0,NORMAL,0.2636,0,0,ENTSOG_TRANSPARENCY,2025-04-02
2022-01-04,LU,LU_UGS_142,2.2038,1.8841,85.5,0.19,1.7558,1.2304,2.3217,123.28,15.39,IN,1,NORMAL,0.1607,0,1,AGSI_PLUS,2025-12-19
2022-01-21,SI,SI_UGS_143,1.9264,1.8228,94.62,1.7565,3.4411,1.1555,6.2142,49.48,8.52,US,1,NORMAL,0.2097,0,1,NATIONAL_GAS_TSO,2024-12-11
2022-02-07,CY,CY_UGS_144,9.2939,7.7628,83.53,1.8649,0.9871,0.7201,3.0107,138.62,14.44,IN,1,EARLY_WARNING,0.1418,0,1,MARKET_DATA_PROVIDER,2025-11-04
2022-02-24,GR,GR_UGS_145,6.8652,3.6659,53.4,0.0999,0.6682,1.291,2.4753,77.83,19.91,US,1,EARLY_WARNING,0.0377,0,0,ENTSOG_TRANSPARENCY,2025-07-31
2022-03-13,MT,MT_UGS_146,8.8516,8.148,92.05,1.4082,0.1463,0.3459,1.8026,169.56,-1.12,IN,0,EARLY_WARNING,0.0349,0,1,AGSI_PLUS,2024-07-24
2022-03-30,ES,ES_UGS_147,9.0038,8.0967,89.93,0.6193,2.0182,0.5869,3.1777,186.01,23.59,US,1,NORMAL,0.1515,0,1,NATIONAL_GAS_TSO,2024-12-30
2022-04-16,CZ,CZ_UGS_148,3.8564,1.7577,45.58,0.7263,0.861,0.942,2.5808,180.16,-9.45,IN,0,NORMAL,0.1717,0,0,MARKET_DATA_PROVIDER,2024-04-12
2022-05-03,HU,HU_UGS_149,14.5295,8.0229,55.22,1.4172,3.5858,0.3375,5.5513,82.4,-0.21,US,1,EARLY_WARNING,0.0131,0,1,ENTSOG_TRANSPARENCY,2024-10-06
2022-05-20,NL,NL_UGS_150,9.5924,6.5754,68.55,1.7406,7.5513,0.1751,9.1635,176.85,3.03,IN,1,NORMAL,0.3241,0,1,AGSI_PLUS,2025-10-17
2022-06-06,SE,SE_UGS_151,2.6042,0.915,35.13,1.2254,2.0574,0.2663,3.7869,207.15,11.3,US,0,NORMAL,0.2904,0,0,NATIONAL_GAS_TSO,2024-08-20
2022-06-23,DK,DK_UGS_152,14.5916,5.7797,39.61,0.433,6.5286,1.417,8.5163,204.88,-5.89,IN,0,NORMAL,0.0728,0,0,MARKET_DATA_PROVIDER,2025-06-19
2022-07-10,IE,IE_UGS_153,13.8977,10.606,76.31,1.2332,2.2765,0.6378,3.7748,51.86,20.1,US,1,NORMAL,0.0128,0,1,ENTSOG_TRANSPARENCY,2024-10-05
2022-07-27,PL,PL_UGS_154,2.5929,0.4489,17.31,1.6587,1.2664,0.9751,3.7431,207.95,16.43,IN,1,EARLY_WARNING,0.1189,0,0,AGSI_PLUS,2024-07-07
2022-08-13,AT,AT_UGS_155,13.2431,12.3252,93.07,0.4727,0.7041,1.5364,2.1527,123.27,-10.08,US,1,NORMAL,0.044,0,1,NATIONAL_GAS_TSO,2026-01-25
2022-08-30,EE,EE_UGS_156,9.7214,1.909,19.64,0.8397,3.2435,0.796,4.6254,90.6,4.18,IN,1,NORMAL,0.254,0,0,MARKET_DATA_PROVIDER,2025-08-23
2022-09-16,IT,IT_UGS_157,4.8159,2.1559,44.77,1.4605,1.9425,0.6054,3.4903,181.79,22.03,US,1,NORMAL,0.1846,0,0,ENTSOG_TRANSPARENCY,2025-09-29
2022-10-03,PT,PT_UGS_158,1.923,0.3482,18.11,0.2193,1.7902,1.2576,3.6977,180.47,8.52,IN,1,EMERGENCY,0.4171,0,0,AGSI_PLUS,2025-04-13
2022-10-20,BE,BE_UGS_159,9.5327,5.733,60.14,0.8978,8.5295,0.5775,10.2499,122.51,17.14,US,1,NORMAL,0.1335,0,0,NATIONAL_GAS_TSO,2025-05-24
2022-11-06,FI,FI_UGS_160,2.0308,0.2741,13.5,0.9616,0.913,2.4423,3.7036,64.31,0.36,IN,1,NORMAL,0.0972,0,0,MARKET_DATA_PROVIDER,2025-10-01
2022-11-23,LV,LV_UGS_161,8.2276,7.1155,86.48,0.679,0.3784,0.6075,1.9905,80.36,12.05,US,1,NORMAL,0.1844,0,1,ENTSOG_TRANSPARENCY,2024-09-06
2022-12-10,RO,RO_UGS_162,2.7348,2.3511,85.97,0.4195,4.8327,0.356,4.9714,214.98,2.06,IN,1,EARLY_WARNING,0.0667,0,1,AGSI_PLUS,2025-01-07
2022-12-27,BG,BG_UGS_163,0.9171,0.8274,90.22,1.6935,3.525,0.5716,6.0957,200.11,6.84,US,0,NORMAL,0.1043,0,1,NATIONAL_GAS_TSO,2024-08-29
2023-01-13,FR,FR_UGS_164,0.4783,0.4201,87.84,0.0274,2.6383,0.6063,2.8678,53.09,-2.27,IN,1,NORMAL,0.0929,0,0,MARKET_DATA_PROVIDER,2026-02-11
2023-01-30,LT,LT_UGS_165,11.6952,3.19,27.28,0.0144,4.3581,1.4475,5.8782,19.69,10.16,US,0,NORMAL,0.0018,0,0,ENTSOG_TRANSPARENCY,2024-03-07
2023-02-16,SK,SK_UGS_166,10.3066,1.4082,13.66,2.5598,5.8484,2.0014,10.4496,39.22,13.46,IN,1,NORMAL,0.134,0,0,AGSI_PLUS,2025-03-14
2023-03-05,HR,HR_UGS_167,6.8443,3.2386,47.32,1.9536,3.1453,1.8695,7.003,118.15,20.06,US,0,EARLY_WARNING,0.2997,0,0,NATIONAL_GAS_TSO,2024-10-19
2023-03-22,DE,DE_UGS_168,9.3827,2.6056,27.77,0.2524,7.0755,1.3426,8.837,106.26,24.4,IN,1,NORMAL,0.0647,0,0,MARKET_DATA_PROVIDER,2025-02-17
2023-04-08,LU,LU_UGS_169,9.9271,3.2135,32.37,1.2285,4.1741,1.481,6.7273,79.12,12.97,US,1,EARLY_WARNING,0.3025,0,0,ENTSOG_TRANSPARENCY,2024-02-02
2023-04-25,SI,SI_UGS_170,17.2296,10.8556,63.01,1.8588,1.7159,1.4233,4.4968,40.69,3.73,IN,1,NORMAL,0.306,0,0,AGSI_PLUS,2025-12-10
2023-05-12,CY,CY_UGS_171,0.5193,0.4599,88.56,0.1609,4.8277,2.0133,6.0656,26.85,-6.41,US,1,NORMAL,0.1876,0,1,NATIONAL_GAS_TSO,2024-08-29
2023-05-29,GR,GR_UGS_172,12.7631,7.4662,58.5,0.5714,1.2883,1.5323,2.7387,110.83,19.53,IN,1,EARLY_WARNING,0.0918,0,0,MARKET_DATA_PROVIDER,2024-05-01
2023-06-15,MT,MT_UGS_173,5.1665,3.3532,64.9,2.3879,0.7087,1.2714,4.2057,83.04,-3.74,US,1,NORMAL,0.093,0,1,ENTSOG_TRANSPARENCY,2024-11-12
2023-07-02,ES,ES_UGS_174,4.1681,0.3613,8.67,0.155,5.4224,1.3901,7.4967,112.86,-3.42,IN,0,EMERGENCY,0.4482,1,0,AGSI_PLUS,2024-08-28
2023-07-19,CZ,CZ_UGS_175,2.7722,1.1389,41.08,0.7831,1.9067,0.3644,2.8418,32.02,22.52,US,1,NORMAL,0.2913,0,0,NATIONAL_GAS_TSO,2025-12-12
2023-08-05,HU,HU_UGS_176,8.6536,4.6925,54.23,0.3539,1.1011,0.632,2.1718,103.84,10.67,IN,0,NORMAL,0.1355,0,1,MARKET_DATA_PROVIDER,2024-03-01
2023-08-22,NL,NL_UGS_177,18.6862,6.041,32.33,0.4273,4.1369,0.6401,5.2093,109.93,15.24,US,1,EARLY_WARNING,0.0738,0,0,ENTSOG_TRANSPARENCY,2024-03-25
2023-09-08,SE,SE_UGS_178,9.0865,2.6842,29.54,0.3209,5.0059,0.247,4.8388,101.25,19.36,IN,1,ALERT,0.2192,0,0,AGSI_PLUS,2026-01-05
2023-09-25,DK,DK_UGS_179,9.1041,1.7261,18.96,1.2209,3.9288,1.4405,6.7775,31.92,5.46,US,1,NORMAL,0.2473,0,0,NATIONAL_GAS_TSO,2024-07-10
2023-10-12,IE,IE_UGS_180,13.2111,4.889,37.01,1.3453,0.7185,0.5974,2.9707,82.29,13.6,IN,1,EARLY_WARNING,0.1952,0,0,MARKET_DATA_PROVIDER,2025-09-22
2023-10-29,PL,PL_UGS_181,3.7659,1.8414,48.9,0.2711,5.7079,0.0483,5.7486,92.28,-0.33,US,1,NORMAL,0.1733,0,1,ENTSOG_TRANSPARENCY,2024-10-22
2023-11-15,AT,AT_UGS_182,4.382,3.8675,88.26,1.5996,2.4395,0.8179,5.4138,38.27,10.16,IN,1,NORMAL,0.3278,0,1,AGSI_PLUS,2024-11-07
2023-12-02,EE,EE_UGS_183,14.3551,11.4947,80.07,1.513,5.3274,1.1827,7.4931,46.74,4.67,US,0,NORMAL,0.0759,0,1,NATIONAL_GAS_TSO,2025-07-25
2023-12-19,IT,IT_UGS_184,14.5592,1.2989,8.92,1.0031,1.0727,0.0763,1.5,62.48,-6.33,IN,1,NORMAL,0.0531,0,0,MARKET_DATA_PROVIDER,2025-11-03
2024-01-05,PT,PT_UGS_185,5.7596,2.1029,36.51,1.1685,2.6746,0.1329,3.3622,80.71,-9.79,US,1,NORMAL,0.29,0,0,ENTSOG_TRANSPARENCY,2026-02-04
2024-01-22,BE,BE_UGS_186,3.4556,2.0468,59.23,0.6555,0.4455,1.1806,1.7927,80.54,22.15,IN,1,EARLY_WARNING,0.1406,0,0,AGSI_PLUS,2025-07-11
2024-02-08,FI,FI_UGS_187,1.1563,0.1404,12.14,1.0008,3.9697,0.2985,5.4795,24.51,18.14,US,1,NORMAL,0.083,0,0,NATIONAL_GAS_TSO,2025-10-09
2024-02-25,LV,LV_UGS_188,8.7982,7.5111,85.37,0.1891,2.3946,1.9058,4.2971,58.52,12.62,IN,1,NORMAL,0.2071,0,1,MARKET_DATA_PROVIDER,2024-06-06
2024-03-13,RO,RO_UGS_189,7.3314,4.9785,67.91,2.3952,5.0546,0.5569,8.2308,80.86,-6.16,US,1,NORMAL,0.0439,0,1,ENTSOG_TRANSPARENCY,2024-09-07
2024-03-30,BG,BG_UGS_190,7.4073,1.0442,14.1,0.7041,2.8396,0.9783,4.9499,89.75,24.65,IN,1,ALERT,0.4828,1,0,AGSI_PLUS,2024-04-20
2024-04-16,FR,FR_UGS_191,0.4212,0.0804,19.08,2.5253,5.9391,2.088,10.9597,101.12,24.59,US,1,ALERT,0.6583,0,0,NATIONAL_GAS_TSO,2024-06-18
2024-05-03,LT,LT_UGS_192,11.4339,9.9776,87.26,0.4317,2.0456,1.0282,4.0784,61.05,24.83,IN,1,NORMAL,0.0643,0,1,MARKET_DATA_PROVIDER,2025-01-03
2024-05-20,SK,SK_UGS_193,10.3964,2.717,26.13,2.2316,3.7071,0.4924,6.8245,78.14,9.67,US,0,NORMAL,0.0487,0,0,ENTSOG_TRANSPARENCY,2024-04-14
2024-06-06,HR,HR_UGS_194,12.7106,4.5854,36.08,2.3685,6.5943,1.7135,9.8756,111.87,-4.17,IN,1,EARLY_WARNING,0.2313,0,0,AGSI_PLUS,2025-01-17
2024-06-23,DE,DE_UGS_195,7.6007,7.5534,99.38,0.6345,6.7935,2.1586,10.1259,20.87,8.51,US,1,NORMAL,0.1772,0,1,NATIONAL_GAS_TSO,2025-05-08
2024-07-10,LU,LU_UGS_196,5.2952,0.7097,13.4,0.6718,2.9651,2.1177,5.8798,45.72,22.04,IN,1,NORMAL,0.1566,0,0,MARKET_DATA_PROVIDER,2024-12-22
2024-07-27,SI,SI_UGS_197,10.8769,4.1971,38.59,2.7097,3.9414,1.1477,7.4962,93.73,8.32,US,1,EARLY_WARNING,0.2917,0,0,ENTSOG_TRANSPARENCY,2024-07-07
2024-08-13,CY,CY_UGS_198,17.628,14.4174,81.79,1.7925,6.0029,0.3096,7.9565,63.2,-2.24,IN,1,NORMAL,0.2437,0,1,AGSI_PLUS,2025-11-13
2024-08-30,GR,GR_UGS_199,2.4096,1.4114,58.57,0.1127,7.3726,2.48,10.1974,89.64,14.43,US,1,NORMAL,0.2126,0,0,NATIONAL_GAS_TSO,2026-01-21
2024-09-16,MT,MT_UGS_200,16.1845,13.0985,80.93,3.0427,1.1835,1.5124,5.0532,92.67,19.1,IN,1,NORMAL,0.319,0,1,MARKET_DATA_PROVIDER,2024-12-08
2024-10-03,ES,ES_UGS_201,12.0473,1.228,10.19,0.7072,3.17,0.6405,4.6089,71.02,0.59,US,0,NORMAL,0.0617,0,0,ENTSOG_TRANSPARENCY,2025-04-15
2024-10-20,CZ,CZ_UGS_202,13.7883,5.3845,39.05,0.9338,0.983,0.0284,2.1611,101.9,8.48,IN,1,NORMAL,0.1281,0,0,AGSI_PLUS,2024-10-27
2024-11-06,HU,HU_UGS_203,15.6046,2.7336,17.52,1.1745,6.2297,1.9072,8.4168,100.97,19.84,US,1,NORMAL,0.3125,0,0,NATIONAL_GAS_TSO,2025-09-16
2024-11-23,NL,NL_UGS_204,9.0384,2.4405,27.0,0.0053,5.7302,0.7805,5.9149,73.26,-5.83,IN,1,NORMAL,0.1803,0,0,MARKET_DATA_PROVIDER,2024-06-16
2024-12-10,SE,SE_UGS_205,8.7214,1.4686,16.84,1.2286,5.267,1.2935,8.241,76.98,-5.43,US,0,NORMAL,0.1912,0,0,ENTSOG_TRANSPARENCY,2024-02-25
2024-12-27,DK,DK_UGS_206,12.6025,10.1859,80.82,1.2549,7.3735,1.4893,9.9364,70.53,-3.09,IN,1,NORMAL,0.2828,0,0,AGSI_PLUS,2025-03-12
2025-01-13,IE,IE_UGS_207,8.512,2.209,25.95,0.5045,5.1023,0.9641,7.0101,47.51,-11.45,US,1,NORMAL,0.1611,0,0,NATIONAL_GAS_TSO,2024-05-10
2025-01-30,PL,PL_UGS_208,3.483,1.3244,38.03,1.1586,3.6478,0.3682,4.2156,71.81,-6.85,IN,1,NORMAL,0.2999,0,0,MARKET_DATA_PROVIDER,2025-01-12
2025-02-16,AT,AT_UGS_209,1.4789,1.3181,89.13,1.752,2.5718,1.9449,6.5685,117.55,18.81,US,1,NORMAL,0.0774,0,1,ENTSOG_TRANSPARENCY,2025-08-21
2025-03-05,EE,EE_UGS_210,8.7194,1.4735,16.9,1.3395,2.2573,0.4734,3.2245,88.16,2.87,IN,1,EARLY_WARNING,0.2863,0,0,AGSI_PLUS,2025-01-18
2025-03-22,IT,IT_UGS_211,19.8652,6.1682,31.05,0.707,0.9182,0.97,2.1589,97.82,7.76,US,1,NORMAL,0.1784,0,0,NATIONAL_GAS_TSO,2024-05-15
2025-04-08,PT,PT_UGS_212,11.2544,10.0321,89.14,1.6714,4.3584,0.9404,6.5786,77.49,-8.1,IN,1,EARLY_WARNING,0.2044,0,1,MARKET_DATA_PROVIDER,2025-04-28
2025-04-25,BE,BE_UGS_213,10.9202,2.4847,22.75,0.3436,4.0733,0.1142,3.6187,52.51,-9.41,US,0,NORMAL,0.0222,0,0,ENTSOG_TRANSPARENCY,2026-01-08
2025-05-12,FI,FI_UGS_214,6.0174,2.4406,40.56,0.8609,2.3247,0.4411,3.8983,109.09,6.09,IN,0,NORMAL,0.032,0,0,AGSI_PLUS,2024-10-26
2025-05-29,LV,LV_UGS_215,7.3691,6.0947,82.71,2.5671,5.2483,0.285,8.5147,101.15,-4.63,US,1,EARLY_WARNING,0.0898,0,1,NATIONAL_GAS_TSO,2025-05-17
2025-06-15,RO,RO_UGS_216,3.2682,1.8847,57.67,1.7153,5.2639,0.4496,6.9887,23.44,5.12,IN,1,NORMAL,0.3151,0,1,MARKET_DATA_PROVIDER,2026-01-09
2025-07-02,BG,BG_UGS_217,8.0716,0.7151,8.86,1.8282,2.2168,0.5163,4.8615,63.16,14.69,US,1,NORMAL,0.255,0,0,ENTSOG_TRANSPARENCY,2026-01-28
2025-07-19,FR,FR_UGS_218,5.319,4.4519,83.7,1.8591,0.2392,0.0522,1.2391,38.41,5.53,IN,1,NORMAL,0.145,0,1,AGSI_PLUS,2024-06-28
2025-08-05,LT,LT_UGS_219,11.4525,4.2766,37.34,0.8474,4.8246,1.4964,6.612,28.5,13.23,US,1,NORMAL,0.1826,0,0,NATIONAL_GAS_TSO,2025-01-31
2025-08-22,SK,SK_UGS_220,8.7332,0.8308,9.51,0.8769,1.5302,0.4095,2.3707,32.09,-8.75,IN,1,NORMAL,0.05,0,0,MARKET_DATA_PROVIDER,2024-10-09
2025-09-08,HR,HR_UGS_221,4.0446,3.95,97.66,2.1242,4.6146,0.6313,7.0523,94.6,-2.14,US,1,NORMAL,0.272,0,1,ENTSOG_TRANSPARENCY,2025-07-01
2025-09-25,DE,DE_UGS_222,13.9483,12.4897,89.54,0.4108,6.9145,0.5586,8.3523,114.37,5.9,IN,1,EARLY_WARNING,0.0741,0,1,AGSI_PLUS,2024-11-01
2025-10-12,LU,LU_UGS_223,3.7749,1.6917,44.81,0.1129,4.5136,0.9971,6.2013,84.32,13.26,US,1,NORMAL,0.1805,0,0,NATIONAL_GAS_TSO,2025-06-15
2025-10-29,SI,SI_UGS_224,11.2481,8.9787,79.82,0.7222,0.6437,0.2436,1.8384,45.39,-7.58,IN,0,NORMAL,0.0898,0,1,MARKET_DATA_PROVIDER,2025-03-26
2025-11-15,CY,CY_UGS_225,10.6148,8.0984,76.29,0.1414,6.716,1.4819,7.6573,88.15,18.56,US,1,NORMAL,0.079,0,0,ENTSOG_TRANSPARENCY,2024-01-09
2025-12-02,GR,GR_UGS_226,0.2414,0.0494,20.45,1.7081,3.3367,1.2072,5.6973,111.99,4.17,IN,1,ALERT,0.5418,0,0,AGSI_PLUS,2024-09-02
2025-12-19,MT,MT_UGS_227,2.9946,1.3701,45.75,0.9047,5.8745,1.6777,7.8152,39.23,20.73,US,1,NORMAL,0.0269,0,0,NATIONAL_GAS_TSO,2025-04-03
2026-01-05,ES,ES_UGS_228,5.1976,5.0291,96.76,0.7894,1.7979,1.0312,3.7046,21.47,-0.6,IN,1,NORMAL,0.0658,0,1,MARKET_DATA_PROVIDER,2024-08-05
2026-01-22,CZ,CZ_UGS_229,2.4571,1.9317,78.62,0.0375,2.6827,0.4773,3.0841,119.5,-9.4,US,1,EARLY_WARNING,0.2443,0,1,ENTSOG_TRANSPARENCY,2025-12-25
2026-02-08,HU,HU_UGS_230,4.4526,3.4374,77.2,1.0169,7.6416,1.6713,10.1579,73.13,-11.27,IN,1,NORMAL,0.0101,0,1,AGSI_PLUS,2025-05-21
2026-02-25,NL,NL_UGS_231,3.8689,1.5112,39.06,0.2254,2.0892,0.6611,2.9233,33.27,-7.8,US,0,NORMAL,0.0311,0,0,NATIONAL_GAS_TSO,2026-02-14
2018-01-17,SE,SE_UGS_232,8.5315,4.7176,55.3,0.5115,5.6276,0.0185,5.2688,26.63,7.77,IN,0,NORMAL,0.3054,0,0,MARKET_DATA_PROVIDER,2026-01-15
2018-02-03,DK,DK_UGS_233,0.8793,0.4505,51.23,1.0069,5.1063,0.6768,5.979,14.68,13.39,US,0,NORMAL,0.0946,0,0,ENTSOG_TRANSPARENCY,2025-12-02
2018-02-20,IE,IE_UGS_234,1.4395,0.7301,50.72,1.8208,1.757,1.4806,4.7004,19.93,-9.81,IN,0,NORMAL,0.0495,0,0,AGSI_PLUS,2025-07-16
2018-03-09,PL,PL_UGS_235,11.1972,4.5959,41.05,0.9221,4.8353,1.8658,7.3222,25.54,19.99,US,0,NORMAL,0.2075,0,0,NATIONAL_GAS_TSO,2025-02-12
2018-03-26,AT,AT_UGS_236,1.2863,0.3501,27.22,0.5546,5.0319,1.6076,6.6139,23.4,-0.05,IN,0,NORMAL,0.3254,0,0,MARKET_DATA_PROVIDER,2025-12-03
2018-04-12,EE,EE_UGS_237,11.8427,7.2657,61.35,0.5768,1.8786,0.0651,2.8185,18.48,14.6,US,0,NORMAL,0.3031,0,0,ENTSOG_TRANSPARENCY,2024-10-27
2018-04-29,IT,IT_UGS_238,7.5255,4.5268,60.15,0.0885,4.1284,0.1107,3.9837,16.34,7.08,IN,0,NORMAL,0.2118,0,0,AGSI_PLUS,2025-12-10
2018-05-16,PT,PT_UGS_239,7.6907,6.7659,87.98,0.3885,0.489,0.0031,0.5912,12.73,22.76,US,1,NORMAL,0.0533,0,1,NATIONAL_GAS_TSO,2024-05-10
2018-06-02,BE,BE_UGS_240,8.1809,6.6427,81.2,2.9762,3.9746,0.9402,7.0059,23.2,15.17,IN,1,NORMAL,0.1179,0,0,MARKET_DATA_PROVIDER,2025-07-04
2018-06-19,FI,FI_UGS_241,1.6048,0.2717,16.93,0.2382,4.7386,0.7053,5.8667,9.06,-2.04,US,0,NORMAL,0.223,0,0,ENTSOG_TRANSPARENCY,2025-06-24
2018-07-06,LV,LV_UGS_242,6.0955,4.7041,77.17,1.5491,3.2933,0.3428,4.4601,24.38,22.42,IN,0,NORMAL,0.2254,0,1,AGSI_PLUS,2025-03-25
2018-07-23,RO,RO_UGS_243,1.0491,0.2148,20.47,0.2659,2.6898,1.3902,4.5992,19.26,11.81,US,0,NORMAL,0.1551,0,0,NATIONAL_GAS_TSO,2024-07-24
2018-08-09,BG,BG_UGS_244,2.8787,1.5211,52.84,3.1215,4.0197,0.1656,6.3092,14.45,9.62,IN,0,NORMAL,0.3105,0,1,MARKET_DATA_PROVIDER,2025-03-15
2018-08-26,FR,FR_UGS_245,8.4044,6.9933,83.21,2.7289,5.8474,1.1561,9.7288,15.06,-6.77,US,1,NORMAL,0.0469,0,1,ENTSOG_TRANSPARENCY,2025-04-20
2018-09-12,LT,LT_UGS_246,3.5008,0.4201,12.0,0.4788,0.8725,0.228,1.3481,20.62,-1.84,IN,0,NORMAL,0.1912,0,0,AGSI_PLUS,2024-06-06
2018-09-29,SK,SK_UGS_247,0.6091,0.2796,45.9,0.8093,1.0021,0.6579,1.4798,20.25,-5.27,US,1,NORMAL,0.1798,0,0,NATIONAL_GAS_TSO,2025-04-17
2018-10-16,HR,HR_UGS_248,1.6306,0.7469,45.8,0.2852,6.7408,1.0732,8.1096,19.42,9.86,IN,1,NORMAL,0.0804,0,0,MARKET_DATA_PROVIDER,2026-02-16
2018-11-02,DE,DE_UGS_249,11.0734,2.7985,25.27,1.6442,0.5303,0.4681,2.9487,24.23,8.71,US,0,NORMAL,0.0527,0,0,ENTSOG_TRANSPARENCY,2025-04-14
2018-11-19,LU,LU_UGS_250,2.1224,0.7047,33.21,0.9736,1.7983,0.3341,2.5657,21.93,13.81,IN,0,NORMAL,0.2262,0,0,AGSI_PLUS,2025-11-21
2018-12-06,SI,SI_UGS_251,7.9575,6.5399,82.19,1.2274,1.7988,0.0928,2.2119,19.38,-8.73,US,0,NORMAL,0.1145,0,1,NATIONAL_GAS_TSO,2025-09-20
2018-12-23,CY,CY_UGS_252,11.5683,5.7487,49.69,0.0742,5.1269,0.6474,5.5908,14.11,-7.41,IN,0,NORMAL,0.114,0,0,MARKET_DATA_PROVIDER,2024-11-29
2019-01-09,GR,GR_UGS_253,3.2741,2.3177,70.79,0.1365,4.1836,0.7379,5.2108,20.13,-1.8,US,0,NORMAL,0.2498,0,1,ENTSOG_TRANSPARENCY,2025-06-04
2019-01-26,MT,MT_UGS_254,14.9331,6.0799,40.71,1.408,2.5943,0.7788,4.2226,27.25,0.04,IN,0,NORMAL,0.0448,0,0,AGSI_PLUS,2024-06-13
2019-02-12,ES,ES_UGS_255,5.297,2.1862,41.27,1.4831,0.1536,1.8182,2.8684,21.61,-5.51,US,0,NORMAL,0.1955,0,0,NATIONAL_GAS_TSO,2025-10-17
2019-03-01,CZ,CZ_UGS_256,1.1758,0.3919,33.33,0.1508,3.8479,1.3025,5.5525,23.94,0.95,IN,1,NORMAL,0.1453,0,0,MARKET_DATA_PROVIDER,2026-01-06
2019-03-18,HU,HU_UGS_257,1.7722,1.7503,98.77,2.8002,5.0017,0.0044,8.2754,27.26,-2.42,US,1,NORMAL,0.0272,0,1,ENTSOG_TRANSPARENCY,2025-03-09
2019-04-04,NL,NL_UGS_258,3.8814,2.0863,53.75,0.6607,1.3354,0.1575,2.3755,25.27,15.45,IN,1,NORMAL,0.2224,0,0,AGSI_PLUS,2025-04-26
2019-04-21,SE,SE_UGS_259,0.8324,0.6962,83.64,2.8433,4.1227,0.1145,6.9675,26.92,5.92,US,0,NORMAL,0.0494,0,1,NATIONAL_GAS_TSO,2024-06-10
2019-05-08,DK,DK_UGS_260,6.7269,5.3389,79.37,0.486,0.6964,1.5738,2.6565,12.6,8.52,IN,0,NORMAL,0.3004,0,0,MARKET_DATA_PROVIDER,2025-11-09
2019-05-25,IE,IE_UGS_261,14.5799,10.1848,69.85,2.5972,8.0787,1.4455,11.9059,11.04,16.12,US,0,NORMAL,0.2252,0,0,ENTSOG_TRANSPARENCY,2025-01-11
2019-06-11,PL,PL_UGS_262,15.4155,5.677,36.83,1.9509,1.6021,1.0835,4.8692,17.18,-9.94,IN,0,NORMAL,0.3007,0,0,AGSI_PLUS,2024-07-05
2019-06-28,AT,AT_UGS_263,1.1481,0.4956,43.17,3.1101,1.2491,0.7718,5.6329,27.76,-4.06,US,0,NORMAL,0.1556,0,0,NATIONAL_GAS_TSO,2024-09-27
2019-07-15,EE,EE_UGS_264,12.6634,1.4194,11.21,1.938,6.576,1.2683,9.1264,9.71,0.2,IN,0,NORMAL,0.0964,0,0,MARKET_DATA_PROVIDER,2025-12-25
2019-08-01,IT,IT_UGS_265,15.7429,4.2091,26.74,1.8732,6.5677,0.543,9.19,20.26,18.78,US,0,NORMAL,0.0718,0,0,ENTSOG_TRANSPARENCY,2024-11-06
2019-08-18,PT,PT_UGS_266,3.7429,1.1824,31.59,2.4519,7.4796,1.315,11.6966,9.25,12.25,IN,0,NORMAL,0.1485,0,0,AGSI_PLUS,2024-06-13
2019-09-04,BE,BE_UGS_267,4.5939,1.6064,34.97,2.2921,0.5353,1.1832,3.9361,12.88,11.22,US,0,NORMAL,0.2811,0,0,NATIONAL_GAS_TSO,2024-07-20
2019-09-21,FI,FI_UGS_268,9.2416,4.0276,43.58,1.1934,4.3954,0.683,5.4094,22.52,-4.94,IN,0,NORMAL,0.2754,0,0,MARKET_DATA_PROVIDER,2025-08-28
2019-10-08,LV,LV_UGS_269,12.1123,5.8615,48.39,2.2264,0.4338,0.6291,2.9092,16.42,-4.25,US,0,NORMAL,0.0488,0,0,ENTSOG_TRANSPARENCY,2024-08-14
2019-10-25,RO,RO_UGS_270,9.8178,2.3798,24.24,1.7741,0.2282,2.4351,4.1378,21.04,-11.84,IN,1,NORMAL,0.0798,0,0,AGSI_PLUS,2024-09-23
2019-11-11,BG,BG_UGS_271,4.7894,0.9861,20.59,1.7092,4.2126,1.6709,7.5096,9.82,9.03,US,0,NORMAL,0.1141,0,0,NATIONAL_GAS_TSO,2025-11-03
2019-11-28,FR,FR_UGS_272,10.0233,1.8998,18.95,1.1908,4.1357,0.9034,6.5676,10.38,11.85,IN,0,NORMAL,0.1404,0,0,MARKET_DATA_PROVIDER,2024-01-30
2019-12-15,LT,LT_UGS_273,12.8302,5.1651,40.26,1.2222,4.1829,1.1312,6.95,13.16,16.57,US,0,NORMAL,0.2722,0,0,ENTSOG_TRANSPARENCY,2024-09-20
2020-01-01,SK,SK_UGS_274,1.5776,0.8179,51.85,1.0106,1.1705,0.6245,2.9404,16.73,-6.4,IN,0,NORMAL,0.2506,0,0,AGSI_PLUS,2025-08-22
2020-01-18,HR,HR_UGS_275,11.1676,6.8045,60.93,0.478,3.6775,1.8652,6.0298,14.1,11.67,US,0,NORMAL,0.2176,0,0,NATIONAL_GAS_TSO,2025-02-20
2020-02-04,DE,DE_UGS_276,1.318,0.177,13.43,0.7059,6.0896,1.0368,7.9802,20.31,14.56,IN,0,NORMAL,0.2337,0,0,MARKET_DATA_PROVIDER,2025-06-04
2020-02-21,LU,LU_UGS_277,1.0771,0.2137,19.84,0.7621,3.181,2.0483,6.2205,16.8,-8.6,US,0,NORMAL,0.2236,0,0,ENTSOG_TRANSPARENCY,2025-09-25
2020-03-09,SI,SI_UGS_278,6.6344,2.8755,43.34,0.7202,1.2551,1.2164,3.2014,17.35,18.65,IN,0,NORMAL,0.0911,0,0,AGSI_PLUS,2024-04-18
2020-03-26,CY,CY_UGS_279,8.1665,2.5047,30.67,2.7554,0.8089,0.6985,3.7048,16.27,20.92,US,0,NORMAL,0.3159,0,0,NATIONAL_GAS_TSO,2024-11-27
2020-04-12,GR,GR_UGS_280,1.7817,0.7848,44.05,1.7894,5.2775,0.9568,7.3219,5.13,20.87,IN,1,NORMAL,0.1061,0,0,MARKET_DATA_PROVIDER,2024-11-04
2020-04-29,MT,MT_UGS_281,8.5079,1.6219,19.06,1.0391,7.0783,0.2835,7.6586,16.97,0.9,US,0,NORMAL,0.179,0,0,ENTSOG_TRANSPARENCY,2025-07-02
2020-05-16,ES,ES_UGS_282,3.9239,1.5799,40.26,2.5249,0.3957,0.1516,3.2997,18.84,-9.4,IN,1,NORMAL,0.0722,0,0,AGSI_PLUS,2025-12-03
2020-06-02,CZ,CZ_UGS_283,1.5035,0.138,9.18,0.49,3.0438,2.1256,5.1287,19.56,18.33,US,0,NORMAL,0.1617,0,0,NATIONAL_GAS_TSO,2024-08-11
2020-06-19,HU,HU_UGS_284,9.732,0.9541,9.8,1.663,1.76,2.2191,5.188,8.27,13.18,IN,0,NORMAL,0.2562,0,0,MARKET_DATA_PROVIDER,2025-01-07
2020-07-06,NL,NL_UGS_285,8.9451,1.3376,14.95,0.7999,2.9345,0.3157,4.1038,14.68,-9.3,US,0,NORMAL,0.0227,0,0,ENTSOG_TRANSPARENCY,2025-10-13
2020-07-23,SE,SE_UGS_286,8.6344,4.6683,54.07,0.0548,2.3284,1.7024,4.1297,11.96,7.5,IN,1,NORMAL,0.0531,0,1,AGSI_PLUS,2025-04-02
2020-08-09,DK,DK_UGS_287,2.741,0.6753,24.64,2.3966,6.4898,1.0938,10.3794,17.07,-0.98,US,1,NORMAL,0.0166,0,0,NATIONAL_GAS_TSO,2024-08-09
2020-08-26,IE,IE_UGS_288,7.5992,2.3055,30.34,0.7973,3.0046,1.7051,4.5725,17.87,20.21,IN,0,NORMAL,0.2704,0,0,MARKET_DATA_PROVIDER,2026-01-04
2020-09-12,PL,PL_UGS_289,0.6753,0.078,11.55,0.839,4.8345,1.8344,6.6113,5.95,-9.49,US,0,NORMAL,0.0812,0,0,ENTSOG_TRANSPARENCY,2024-08-13
2020-09-29,AT,AT_UGS_290,5.3551,0.8338,15.57,2.0802,2.4916,2.2238,6.9249,10.73,12.55,IN,0,NORMAL,0.1512,0,0,AGSI_PLUS,2025-09-24
2020-10-16,EE,EE_UGS_291,11.325,5.8163,51.36,2.1999,1.5519,2.2229,6.4925,10.62,18.23,US,0,NORMAL,0.1502,0,0,NATIONAL_GAS_TSO,2025-04-14
2020-11-02,IT,IT_UGS_292,2.4469,0.3487,14.25,0.2624,1.345,0.7562,2.3379,11.13,6.23,IN,0,NORMAL,0.1099,0,0,MARKET_DATA_PROVIDER,2025-02-20
2020-11-19,PT,PT_UGS_293,3.3784,1.894,56.06,2.8088,3.7424,0.2477,5.9725,18.48,12.52,US,0,NORMAL,0.1364,0,1,ENTSOG_TRANSPARENCY,2025-05-04
2020-12-06,BE,BE_UGS_294,12.1248,1.0496,8.66,1.3516,2.3905,0.232,3.0479,15.04,-4.78,IN,0,NORMAL,0.3133,0,0,AGSI_PLUS,2025-11-06
2020-12-23,FI,FI_UGS_295,10.2448,8.2788,80.81,1.4191,3.357,1.5991,5.811,21.16,-0.57,US,0,NORMAL,0.1016,0,1,NATIONAL_GAS_TSO,2024-06-21
2021-01-09,LV,LV_UGS_296,9.7515,1.2932,13.26,1.1994,7.2965,1.0343,9.5757,74.44,22.73,IN,0,NORMAL,0.2975,0,0,MARKET_DATA_PROVIDER,2025-11-13
2021-01-26,RO,RO_UGS_297,8.7853,2.1777,24.79,2.0641,6.6087,1.3622,9.3106,40.01,9.22,US,0,NORMAL,0.258,0,0,ENTSOG_TRANSPARENCY,2024-06-02
2021-02-12,BG,BG_UGS_298,8.3173,0.737,8.86,2.3389,3.5775,0.5728,5.9574,68.04,23.11,IN,0,NORMAL,0.0734,0,0,AGSI_PLUS,2024-07-01
2021-03-01,FR,FR_UGS_299,2.4927,2.4026,96.39,2.1326,1.5857,1.0133,4.0937,22.47,-4.66,US,0,NORMAL,0.1218,0,1,NATIONAL_GAS_TSO,2024-02-16
2021-03-18,LT,LT_UGS_300,8.8494,6.6268,74.88,0.5415,7.1927,0.9121,8.3628,78.52,-7.28,IN,0,EARLY_WARNING,0.1958,0,1,MARKET_DATA_PROVIDER,2024-10-22
2021-04-04,SK,SK_UGS_301,16.9432,8.8661,52.33,1.8437,3.4725,1.6645,6.0392,38.72,-11.7,US,1,NORMAL,0.0946,0,0,ENTSOG_TRANSPARENCY,2024-06-12
2021-04-21,HR,HR_UGS_302,11.6965,6.9886,59.75,1.9085,6.1002,1.561,9.9911,23.48,6.71,IN,1,NORMAL,0.1475,0,1,AGSI_PLUS,2024-06-05
2021-05-08,DE,DE_UGS_303,1.1116,0.9511,85.56,1.3185,8.2706,2.0861,11.4837,92.67,10.4,US,0,NORMAL,0.1515,0,1,NATIONAL_GAS_TSO,2024-05-17
2021-05-25,LU,LU_UGS_304,13.1827,6.4142,48.66,0.2594,3.9172,0.8721,5.045,20.25,-4.14,IN,0,NORMAL,0.1239,0,0,MARKET_DATA_PROVIDER,2024-03-09
2021-06-11,SI,SI_UGS_305,11.4515,1.8137,15.84,0.0116,4.8546,0.8245,5.2887,64.25,3.92,US,0,NORMAL,0.2241,0,0,ENTSOG_TRANSPARENCY,2025-04-20
2021-06-28,CY,CY_UGS_306,9.9637,5.3221,53.42,2.7926,5.3129,0.5412,8.9558,85.99,-8.32,IN,0,NORMAL,0.0048,0,0,AGSI_PLUS,2025-06-10
2021-07-15,GR,GR_UGS_307,4.0574,1.44,35.49,0.387,0.7261,1.0443,1.7209,67.28,12.69,US,1,NORMAL,0.252,0,0,NATIONAL_GAS_TSO,2024-04-28
2021-08-01,MT,MT_UGS_308,3.5077,3.2197,91.79,2.2438,2.1338,0.9259,5.4134,60.06,16.6,IN,0,NORMAL,0.1025,0,1,MARKET_DATA_PROVIDER,2025-05-04
2021-08-18,ES,ES_UGS_309,1.3009,0.8282,63.67,0.3878,1.2676,1.882,3.2913,56.98,20.19,US,0,NORMAL,0.1761,0,0,ENTSOG_TRANSPARENCY,2024-12-18
2021-09-04,CZ,CZ_UGS_310,9.3095,5.9745,64.18,1.5666,1.057,0.9876,3.5326,22.26,16.04,IN,0,NORMAL,0.1499,0,0,AGSI_PLUS,2024-04-12
2021-09-21,HU,HU_UGS_311,0.9874,0.5255,53.22,1.6031,5.5507,1.9762,8.3855,64.22,-8.81,US,0,NORMAL,0.072,0,0,NATIONAL_GAS_TSO,2024-05-26
2021-10-08,NL,NL_UGS_312,6.0393,1.5323,25.37,0.5193,4.6822,0.6908,6.0293,60.25,6.41,IN,0,NORMAL,0.0745,0,0,MARKET_DATA_PROVIDER,2026-02-21
2021-10-25,SE,SE_UGS_313,6.7078,4.0068,59.73,0.0517,0.6471,0.7283,0.7695,81.08,18.14,US,0,EARLY_WARNING,0.0121,0,1,ENTSOG_TRANSPARENCY,2024-07-20
2021-11-11,DK,DK_UGS_314,1.7606,0.2062,11.71,1.847,1.2998,0.2332,3.777,54.95,16.82,IN,1,NORMAL,0.0447,0,0,AGSI_PLUS,2024-02-23
2021-11-28,IE,IE_UGS_315,17.7443,4.3707,24.63,0.7598,2.3901,2.1502,5.5123,60.64,8.79,US,0,NORMAL,0.0834,0,0,NATIONAL_GAS_TSO,2026-01-16
2021-12-15,PL,PL_UGS_316,8.5147,5.3634,62.99,1.6896,5.5466,2.3132,9.1542,46.71,11.74,IN,1,NORMAL,0.0524,0,0,MARKET_DATA_PROVIDER,2024-12-09
2022-01-01,AT,AT_UGS_317,8.8093,2.6937,30.58,0.0638,3.1815,1.4614,4.5467,97.97,-1.43,US,1,NORMAL,0.0719,0,0,ENTSOG_TRANSPARENCY,2024-12-31
2022-01-18,EE,EE_UGS_318,7.1403,5.1335,71.89,1.5682,6.8323,1.7438,10.5514,197.63,13.41,IN,0,NORMAL,0.1782,0,1,AGSI_PLUS,2024-06-12
2022-02-04,IT,IT_UGS_319,4.4708,1.8474,41.32,2.5058,1.1988,1.1382,4.5281,107.41,6.77,US,1,EARLY_WARNING,0.1306,0,0,NATIONAL_GAS_TSO,2025-04-02
2022-02-21,PT,PT_UGS_320,10.2368,9.176,89.64,0.4523,4.2199,0.0092,3.734,185.09,6.43,IN,0,NORMAL,0.1691,0,1,MARKET_DATA_PROVIDER,2024-03-02
2022-03-10,BE,BE_UGS_321,14.8348,2.122,14.3,1.2055,6.2179,0.2402,7.0946,59.74,-9.03,US,1,NORMAL,0.2656,0,0,ENTSOG_TRANSPARENCY,2024-04-11
2022-03-27,FI,FI_UGS_322,10.2336,8.7155,85.17,2.7368,3.5824,0.8989,6.6767,71.49,-4.2,IN,1,NORMAL,0.2241,0,1,AGSI_PLUS,2025-12-29
2022-04-13,LV,LV_UGS_323,2.7348,1.6318,59.67,3.0884,5.6476,0.8296,9.7028,93.72,14.66,US,1,NORMAL,0.1007,0,0,NATIONAL_GAS_TSO,2024-09-03
2022-04-30,RO,RO_UGS_324,11.1779,10.9527,97.98,0.6281,3.6288,0.6913,4.2395,88.74,-0.74,IN,1,NORMAL,0.1101,0,1,MARKET_DATA_PROVIDER,2024-02-18
2022-05-17,BG,BG_UGS_325,4.3967,2.3998,54.58,1.7036,1.1278,0.9485,3.6502,180.31,-4.99,US,1,NORMAL,0.3173,0,0,ENTSOG_TRANSPARENCY,2025-12-06
2022-06-03,FR,FR_UGS_326,6.0522,1.7009,28.1,3.1006,3.5366,0.5693,7.32,144.26,-11.58,IN,1,ALERT,0.4981,1,0,AGSI_PLUS,2026-02-25
2022-06-20,LT,LT_UGS_327,0.7387,0.4086,55.31,2.4062,1.5462,1.4478,4.7306,134.96,-3.62,US,1,EARLY_WARNING,0.0563,0,0,NATIONAL_GAS_TSO,2024-11-01
2022-07-07,SK,SK_UGS_328,7.1484,6.2519,87.46,0.1193,1.0776,0.5259,1.7546,141.17,12.31,IN,1,NORMAL,0.2521,0,1,MARKET_DATA_PROVIDER,2025-08-20
2022-07-24,HR,HR_UGS_329,0.3108,0.2472,79.54,2.8374,4.2441,0.979,7.5939,87.19,-5.67,US,1,EARLY_WARNING,0.1827,0,1,ENTSOG_TRANSPARENCY,2026-01-08
2022-08-10,DE,DE_UGS_330,3.3786,2.3664,70.04,3.1026,4.1687,1.9228,8.8688,84.16,-10.52,IN,1,EARLY_WARNING,0.0596,0,1,AGSI_PLUS,2025-04-27
2022-08-27,LU,LU_UGS_331,4.3168,0.7035,16.3,0.3795,4.9045,0.5347,5.6817,147.11,22.55,US,0,ALERT,0.0835,0,0,NATIONAL_GAS_TSO,2024-06-11
2022-09-13,SI,SI_UGS_332,7.9639,4.1518,52.13,0.5113,5.2331,0.9191,6.1265,63.91,12.65,IN,1,NORMAL,0.2256,0,0,MARKET_DATA_PROVIDER,2026-01-23
2022-09-30,CY,CY_UGS_333,15.033,14.5294,96.65,1.7682,3.3078,0.9034,5.358,207.03,20.97,US,1,NORMAL,0.1464,0,1,ENTSOG_TRANSPARENCY,2026-02-09
2022-10-17,GR,GR_UGS_334,8.5701,3.7399,43.64,2.7054,3.0506,1.7353,7.1551,52.05,8.02,IN,1,NORMAL,0.1802,0,0,AGSI_PLUS,2024-05-15
2022-11-03,MT,MT_UGS_335,5.1303,1.2968,25.28,0.1663,3.1735,0.1923,3.9974,139.13,17.46,US,0,ALERT,0.063,1,0,NATIONAL_GAS_TSO,2025-04-15
2022-11-20,ES,ES_UGS_336,0.587,0.0571,9.73,2.2422,3.3922,0.2683,5.5877,51.78,-0.39,IN,1,NORMAL,0.0445,0,0,MARKET_DATA_PROVIDER,2024-03-01
2022-12-07,CZ,CZ_UGS_337,1.0299,0.6072,58.95,2.4379,5.3647,0.194,7.3225,158.24,13.37,US,1,NORMAL,0.2547,0,0,ENTSOG_TRANSPARENCY,2024-09-27
2022-12-24,HU,HU_UGS_338,13.5144,7.9717,58.99,2.3607,1.7303,0.0478,3.3391,145.97,-6.78,IN,1,NORMAL,0.1386,0,1,AGSI_PLUS,2024-09-17
2023-01-10,NL,NL_UGS_339,14.6907,9.6184,65.47,2.1773,2.4746,0.87,4.6867,84.17,19.67,US,1,NORMAL,0.1832,0,0,NATIONAL_GAS_TSO,2025-07-30
2023-01-27,SE,SE_UGS_340,7.5836,3.6416,48.02,0.1166,2.8257,0.5709,3.9684,35.74,6.8,IN,1,NORMAL,0.22,0,0,MARKET_DATA_PROVIDER,2025-05-28
2023-02-13,DK,DK_UGS_341,2.6126,0.8952,34.26,1.4053,4.8064,1.5778,7.4497,33.16,21.9,US,1,NORMAL,0.214,0,0,ENTSOG_TRANSPARENCY,2025-12-06
2023-03-02,IE,IE_UGS_342,7.162,2.9043,40.55,0.7305,4.5916,1.9197,6.2798,86.17,19.45,IN,0,NORMAL,0.2877,0,0,AGSI_PLUS,2024-01-31
2023-03-19,PL,PL_UGS_343,17.6863,9.6336,54.47,0.8287,3.4848,2.2144,6.8537,56.34,22.96,US,1,NORMAL,0.1389,0,0,NATIONAL_GAS_TSO,2025-06-11
2023-04-05,AT,AT_UGS_344,15.7579,9.7567,61.92,1.7316,4.9886,1.9637,8.4511,59.11,16.06,IN,1,NORMAL,0.0394,0,0,MARKET_DATA_PROVIDER,2026-01-23
2023-04-22,EE,EE_UGS_345,6.8965,3.2147,46.61,0.6198,6.2595,0.8752,7.5627,44.4,-10.38,US,1,NORMAL,0.089,0,0,ENTSOG_TRANSPARENCY,2024-05-08
2023-05-09,IT,IT_UGS_346,5.11,2.8817,56.39,0.9676,6.9606,1.4798,9.2214,44.4,10.9,IN,1,NORMAL,0.2342,0,0,AGSI_PLUS,2025-10-17
2023-05-26,PT,PT_UGS_347,0.3788,0.2754,72.7,1.0494,2.5329,0.1085,3.7999,68.09,-8.54,US,1,NORMAL,0.1013,0,0,NATIONAL_GAS_TSO,2025-11-25
2023-06-12,BE,BE_UGS_348,14.2783,5.7963,40.59,0.5478,4.5654,1.8631,6.8913,49.61,21.26,IN,1,NORMAL,0.3152,0,0,MARKET_DATA_PROVIDER,2024-03-18
2023-06-29,FI,FI_UGS_349,11.5834,7.6509,66.05,0.7297,0.7261,0.371,0.8756,25.95,-10.95,US,1,NORMAL,0.3193,0,0,ENTSOG_TRANSPARENCY,2025-06-04
2023-07-16,LV,LV_UGS_350,7.0761,3.1166,44.04,0.8071,1.8511,1.7786,4.1095,79.43,23.87,IN,1,NORMAL,0.3229,0,0,AGSI_PLUS,2024-07-12
2023-08-02,RO,RO_UGS_351,3.5223,2.2673,64.37,0.7184,3.047,1.0923,5.4427,26.87,-8.31,US,1,NORMAL,0.0776,0,0,NATIONAL_GAS_TSO,2026-02-09
2023-08-19,BG,BG_UGS_352,4.746,2.9866,62.93,2.37,2.6848,0.2402,4.8487,106.82,-3.48,IN,1,NORMAL,0.0547,0,1,MARKET_DATA_PROVIDER,2025-06-16
2023-09-05,FR,FR_UGS_353,0.6528,0.3997,61.23,1.7171,5.2463,1.1171,8.07,118.14,17.84,US,0,EARLY_WARNING,0.2224,0,1,ENTSOG_TRANSPARENCY,2024-03-10
2023-09-22,LT,LT_UGS_354,7.5422,7.2907,96.66,1.649,6.8827,1.4959,9.5169,78.79,7.65,IN,1,EARLY_WARNING,0.2035,0,1,AGSI_PLUS,2024-02-25
2023-10-09,SK,SK_UGS_355,14.4184,1.9648,13.63,1.4021,0.75,1.893,3.0473,24.13,-2.48,US,1,NORMAL,0.3249,0,0,NATIONAL_GAS_TSO,2025-04-23
2023-10-26,HR,HR_UGS_356,7.3775,5.5445,75.15,1.4898,1.5177,0.7322,3.17,19.91,19.36,IN,1,NORMAL,0.1625,0,1,MARKET_DATA_PROVIDER,2025-04-07
2023-11-12,DE,DE_UGS_357,16.4023,8.9442,54.53,2.7446,1.7605,1.0045,5.254,32.52,18.1,US,1,NORMAL,0.1857,0,0,ENTSOG_TRANSPARENCY,2024-12-06
2023-11-29,LU,LU_UGS_358,7.3407,5.3404,72.75,0.2223,0.1292,1.163,0.6861,36.73,17.13,IN,1,NORMAL,0.3087,0,1,AGSI_PLUS,2024-10-07
2023-12-16,SI,SI_UGS_359,10.9879,7.7607,70.63,1.9225,5.2323,0.1372,6.3697,95.9,7.22,US,1,NORMAL,0.2706,0,0,NATIONAL_GAS_TSO,2025-03-29
2024-01-02,CY,CY_UGS_360,4.7964,2.9252,60.99,1.1591,4.0823,1.0236,5.9462,114.14,4.14,IN,1,EARLY_WARNING,0.267,0,0,MARKET_DATA_PROVIDER,2025-03-05
2024-01-19,GR,GR_UGS_361,11.6812,5.8752,50.3,1.6662,2.8158,0.459,4.0457,108.61,17.22,US,1,NORMAL,0.1468,0,0,ENTSOG_TRANSPARENCY,2024-12-11
2024-02-05,MT,MT_UGS_362,14.8974,2.7786,18.65,2.3199,6.3366,1.0408,10.1487,113.68,-7.4,IN,0,NORMAL,0.1431,0,0,AGSI_PLUS,2025-05-15
2024-02-22,ES,ES_UGS_363,12.6751,8.132,64.16,0.2339,6.0345,0.9531,7.0855,31.07,11.94,US,0,NORMAL,0.1141,0,0,NATIONAL_GAS_TSO,2025-12-28
2024-03-10,CZ,CZ_UGS_364,4.7341,1.5122,31.94,1.6081,2.8274,0.7997,5.0634,99.3,6.78,IN,1,EARLY_WARNING,0.159,0,0,MARKET_DATA_PROVIDER,2024-06-03
2024-03-27,HU,HU_UGS_365,7.7076,3.8911,50.48,1.5332,5.1444,1.8278,7.6819,65.73,24.58,US,1,NORMAL,0.106,0,0,ENTSOG_TRANSPARENCY,2024-06-10
2024-04-13,NL,NL_UGS_366,8.4744,5.1614,60.91,0.0369,3.6108,0.2434,4.2424,104.03,-9.97,IN,1,EARLY_WARNING,0.2695,0,0,AGSI_PLUS,2024-10-19
2024-04-30,SE,SE_UGS_367,10.0647,1.3566,13.48,2.0122,1.0268,0.3591,2.4283,25.02,23.45,US,0,NORMAL,0.2457,0,0,NATIONAL_GAS_TSO,2026-01-11
2024-05-17,DK,DK_UGS_368,10.389,9.7259,93.62,0.3976,3.2905,0.3982,4.0016,91.42,-1.51,IN,1,EARLY_WARNING,0.1819,0,1,MARKET_DATA_PROVIDER,2025-07-21
2024-06-03,IE,IE_UGS_369,5.7882,3.6693,63.39,0.2421,3.3317,0.4226,3.6345,56.49,9.11,US,1,NORMAL,0.0724,0,0,ENTSOG_TRANSPARENCY,2024-09-05
2024-06-20,PL,PL_UGS_370,6.8761,0.6021,8.76,0.0674,0.3634,0.2205,0.05,23.84,16.59,IN,0,NORMAL,0.0429,0,0,AGSI_PLUS,2024-05-13
2024-07-07,AT,AT_UGS_371,10.3151,5.7748,55.98,0.5054,4.6231,0.4449,4.7578,109.25,-7.57,US,1,NORMAL,0.0862,0,1,NATIONAL_GAS_TSO,2024-10-31
2024-07-24,EE,EE_UGS_372,19.4717,11.7764,60.48,1.8122,3.9623,1.1524,7.478,30.73,-11.84,IN,1,NORMAL,0.1927,0,0,MARKET_DATA_PROVIDER,2024-11-10
2024-08-10,IT,IT_UGS_373,14.4385,5.4221,37.55,0.27,2.5585,0.7592,3.5908,72.66,20.57,US,1,NORMAL,0.228,0,0,ENTSOG_TRANSPARENCY,2025-07-27
2024-08-27,PT,PT_UGS_374,1.0787,0.7811,72.41,2.0918,5.4724,0.423,7.3538,18.8,19.94,IN,1,NORMAL,0.2569,0,1,AGSI_PLUS,2024-08-09
2024-09-13,BE,BE_UGS_375,9.0115,6.3509,70.48,0.4575,2.9934,1.0196,4.7266,108.3,4.91,US,1,NORMAL,0.2255,0,0,NATIONAL_GAS_TSO,2024-10-25
2024-09-30,FI,FI_UGS_376,8.2709,7.7438,93.63,3.1214,4.7002,0.9572,8.8271,40.99,15.09,IN,0,NORMAL,0.2588,0,1,MARKET_DATA_PROVIDER,2024-03-12
2024-10-17,LV,LV_UGS_377,8.7951,6.208,70.58,1.8973,2.5949,1.2499,4.8628,64.96,-1.32,US,1,NORMAL,0.0516,0,1,ENTSOG_TRANSPARENCY,2025-03-06
2024-11-03,RO,RO_UGS_378,7.4331,5.7739,77.68,0.204,5.0767,1.4752,7.044,115.0,24.94,IN,1,NORMAL,0.0366,0,0,AGSI_PLUS,2025-09-01
2024-11-20,BG,BG_UGS_379,6.3602,2.3616,37.13,1.6342,3.3052,1.3924,5.9887,91.85,-12.0,US,1,EARLY_WARNING,0.1488,0,0,NATIONAL_GAS_TSO,2025-04-08
2024-12-07,FR,FR_UGS_380,2.8743,0.9352,32.54,3.3869,5.0449,0.4676,8.9905,91.75,24.5,IN,1,EARLY_WARNING,0.1178,0,0,MARKET_DATA_PROVIDER,2026-02-12
2024-12-24,LT,LT_UGS_001,5.0938,3.0935,60.73,0.2189,4.7417,0.1951,4.2314,90.79,14.73,US,1,NORMAL,0.2751,0,1,ENTSOG_TRANSPARENCY,2024-07-12
2025-01-10,SK,SK_UGS_002,2.2168,1.4013,63.21,1.8378,6.8431,0.4986,8.9736,85.97,-11.72,IN,1,EARLY_WARNING,0.2144,0,0,AGSI_PLUS,2024-10-23
2025-01-27,HR,HR_UGS_003,10.2287,1.2719,12.43,1.3737,0.6701,0.055,2.4427,96.49,20.29,US,1,ALERT,0.4254,1,0,NATIONAL_GAS_TSO,2024-05-11
2025-02-13,DE,DE_UGS_004,8.0921,4.8447,59.87,2.1473,5.7888,1.4454,8.5067,65.23,-0.98,IN,0,NORMAL,0.2278,0,1,MARKET_DATA_PROVIDER,2025-02-12
2025-03-02,LU,LU_UGS_005,6.7555,4.5111,66.78,1.0741,1.3595,0.4696,3.0611,23.37,-11.7,US,1,NORMAL,0.1745,0,1,ENTSOG_TRANSPARENCY,2024-08-13
2025-03-19,SI,SI_UGS_006,1.0694,0.1815,16.98,1.5549,4.9624,1.3677,6.8951,73.69,15.7,IN,1,NORMAL,0.1698,0,0,AGSI_PLUS,2026-02-15
2025-04-05,CY,CY_UGS_007,13.4782,11.9308,88.52,2.427,1.6409,0.9727,5.4116,86.98,17.99,US,1,EARLY_WARNING,0.1758,0,1,NATIONAL_GAS_TSO,2024-12-10
2025-04-22,GR,GR_UGS_008,6.8454,4.6602,68.08,1.7344,3.1961,1.0712,5.2555,110.59,-3.06,IN,1,NORMAL,0.325,0,1,MARKET_DATA_PROVIDER,2024-10-15
2025-05-09,MT,MT_UGS_009,0.5466,0.4054,74.16,1.5237,1.4506,0.3755,2.5351,113.1,-6.0,US,1,NORMAL,0.1055,0,1,ENTSOG_TRANSPARENCY,2025-05-02
2025-05-26,ES,ES_UGS_010,7.0849,3.4545,48.76,1.1748,6.159,0.3543,7.3612,69.77,23.06,IN,0,NORMAL,0.1636,0,0,AGSI_PLUS,2024-09-26
2025-06-12,CZ,CZ_UGS_011,5.0078,3.1113,62.13,2.0865,2.8338,1.7592,6.2766,34.18,20.06,US,1,NORMAL,0.2274,0,0,NATIONAL_GAS_TSO,2025-07-25
2025-06-29,HU,HU_UGS_012,12.824,6.9463,54.17,0.6521,5.0177,1.0135,5.7544,56.5,-4.1,IN,1,NORMAL,0.0377,0,0,MARKET_DATA_PROVIDER,2025-05-17
2025-07-16,NL,NL_UGS_013,6.9136,3.0315,43.85,3.163,2.7185,1.1558,7.2117,106.27,0.25,US,1,EARLY_WARNING,0.2693,0,0,ENTSOG_TRANSPARENCY,2024-12-06
2025-08-02,SE,SE_UGS_014,11.1608,10.672,95.62,2.2272,4.7429,0.0196,6.095,48.84,-1.9,IN,1,NORMAL,0.1006,0,1,AGSI_PLUS,2025-10-11
2025-08-19,DK,DK_UGS_015,4.4759,4.4044,98.4,0.6421,0.6208,0.0916,0.9215,59.2,16.72,US,1,NORMAL,0.0994,0,1,NATIONAL_GAS_TSO,2024-06-06
2025-09-05,IE,IE_UGS_016,4.2418,3.0261,71.34,1.6875,1.5279,0.9809,3.761,44.09,9.12,IN,1,NORMAL,0.0092,0,0,MARKET_DATA_PROVIDER,2025-09-28
2025-09-22,PL,PL_UGS_017,10.1682,1.3456,13.23,1.8953,3.7307,1.2116,7.0592,108.34,-3.52,US,1,EARLY_WARNING,0.152,0,0,ENTSOG_TRANSPARENCY,2024-11-18
2025-10-09,AT,AT_UGS_018,5.1972,4.5626,87.79,1.1839,1.9797,1.3896,4.5257,78.1,18.05,IN,0,NORMAL,0.1279,0,1,AGSI_PLUS,2024-11-25
2025-10-26,EE,EE_UGS_019,2.7253,2.2624,83.01,0.2274,1.5654,0.7111,2.8347,86.29,-2.07,US,0,NORMAL,0.2685,0,1,NATIONAL_GAS_TSO,2024-09-24
2025-11-12,IT,IT_UGS_020,14.0735,5.4964,39.06,3.0743,7.5727,0.9632,11.4207,18.03,0.21,IN,1,NORMAL,0.2701,0,0,MARKET_DATA_PROVIDER,2024-07-31
2025-11-29,PT,PT_UGS_021,1.6062,1.1733,73.05,2.2242,5.1731,0.8464,8.5401,117.68,19.89,US,1,EARLY_WARNING,0.2452,0,1,ENTSOG_TRANSPARENCY,2024-02-04
2025-12-16,BE,BE_UGS_022,7.8398,5.771,73.61,1.3554,0.2137,1.6883,2.4188,41.01,5.95,IN,1,NORMAL,0.0081,0,1,AGSI_PLUS,2024-02-12
2026-01-02,FI,FI_UGS_023,11.204,1.383,12.34,2.7639,1.1743,0.0036,3.4295,78.23,15.64,US,0,NORMAL,0.0666,0,0,NATIONAL_GAS_TSO,2024-08-25
2026-01-19,LV,LV_UGS_024,8.0694,3.457,42.84,2.3988,4.3045,1.8671,8.6158,38.77,-2.64,IN,1,NORMAL,0.2693,0,0,MARKET_DATA_PROVIDER,2025-02-03
2026-02-05,RO,RO_UGS_025,8.5717,8.4834,98.97,0.3832,4.4207,1.2869,5.4152,38.64,7.22,US,1,NORMAL,0.0748,0,1,ENTSOG_TRANSPARENCY,2026-01-25
2026-02-22,BG,BG_UGS_026,12.0901,1.9019,15.73,2.2963,1.4349,1.3518,5.2648,102.42,-3.9,IN,1,ALERT,0.5065,0,0,AGSI_PLUS,2024-07-08
2018-01-14,FR,FR_UGS_027,6.0377,2.4337,40.31,0.3221,3.4001,0.7881,4.5112,22.29,-11.13,US,0,NORMAL,0.1872,0,0,NATIONAL_GAS_TSO,2024-07-29
2018-01-31,LT,LT_UGS_028,10.7078,5.8019,54.18,1.6057,4.0585,1.1853,6.6883,13.21,9.44,IN,0,NORMAL,0.3107,0,1,MARKET_DATA_PROVIDER,2024-06-07
2018-02-17,SK,SK_UGS_029,8.2084,2.2184,27.03,0.504,2.5314,0.3892,3.4097,20.21,8.86,US,0,NORMAL,0.1247,0,0,ENTSOG_TRANSPARENCY,2024-01-30
2018-03-06,HR,HR_UGS_030,11.0089,1.3836,12.57,2.1023,0.6918,1.2473,3.9947,23.33,2.4,IN,0,NORMAL,0.1206,0,0,AGSI_PLUS,2025-05-18
2018-03-23,DE,DE_UGS_031,2.2102,1.6417,74.28,3.0032,6.3066,1.1649,9.9421,9.53,12.98,US,0,NORMAL,0.3189,0,1,NATIONAL_GAS_TSO,2025-09-14
2018-04-09,LU,LU_UGS_032,12.1935,10.1069,82.89,3.2735,5.3815,0.759,9.1538,9.43,-6.62,IN,0,NORMAL,0.0562,0,1,MARKET_DATA_PROVIDER,2025-09-05
2018-04-26,SI,SI_UGS_033,2.894,0.2683,9.27,0.3303,1.0927,0.5272,1.5697,27.28,-8.18,US,0,NORMAL,0.2363,0,0,ENTSOG_TRANSPARENCY,2025-11-13
2018-05-13,CY,CY_UGS_034,2.8901,0.6002,20.77,2.4707,1.8006,0.5079,5.1116,27.49,2.87,IN,0,NORMAL,0.0416,0,0,AGSI_PLUS,2024-12-22
2018-05-30,GR,GR_UGS_035,7.808,6.2604,80.18,0.987,2.0473,1.0801,4.4555,10.48,21.84,US,0,NORMAL,0.2175,0,1,NATIONAL_GAS_TSO,2025-06-22
2018-06-16,MT,MT_UGS_036,0.8449,0.8075,95.57,2.1905,1.2833,0.2163,4.2688,16.23,-0.91,IN,0,NORMAL,0.0054,0,1,MARKET_DATA_PROVIDER,2024-08-19
2018-07-03,ES,ES_UGS_037,18.4764,7.4933,40.56,2.1567,0.9165,0.8504,3.6158,9.29,9.57,US,0,NORMAL,0.1712,0,0,ENTSOG_TRANSPARENCY,2024-03-30
2018-07-20,CZ,CZ_UGS_038,5.6827,3.9857,70.14,0.8458,6.3346,1.0465,8.6504,13.68,6.85,IN,1,NORMAL,0.3067,0,0,AGSI_PLUS,2024-09-03
2018-08-06,HU,HU_UGS_039,6.6255,6.5194,98.4,1.3094,4.2834,1.107,6.1105,25.81,12.28,US,1,NORMAL,0.2562,0,1,NATIONAL_GAS_TSO,2025-12-15
2018-08-23,NL,NL_UGS_040,4.0212,3.6953,91.9,0.2885,3.0934,2.4196,5.8878,20.52,8.44,IN,1,NORMAL,0.0637,0,1,MARKET_DATA_PROVIDER,2024-05-06
2018-09-09,SE,SE_UGS_041,9.8023,4.3609,44.49,2.763,2.3759,1.598,6.3788,26.92,8.32,US,0,NORMAL,0.0145,0,0,ENTSOG_TRANSPARENCY,2025-10-03
2018-09-26,DK,DK_UGS_042,9.9199,0.9391,9.47,0.7476,5.1728,1.2194,7.6336,16.66,-9.31,IN,1,NORMAL,0.1707,0,0,AGSI_PLUS,2025-12-31
2018-10-13,IE,IE_UGS_043,9.1957,3.7887,41.2,0.3588,7.245,1.7112,8.9814,23.42,16.3,US,0,NORMAL,0.2347,0,0,NATIONAL_GAS_TSO,2025-03-25
2018-10-30,PL,PL_UGS_044,1.7927,1.0471,58.41,0.4827,4.6118,0.537,6.1278,27.09,6.54,IN,0,NORMAL,0.2179,0,0,MARKET_DATA_PROVIDER,2025-01-07
2018-11-16,AT,AT_UGS_045,13.2297,6.2398,47.16,2.4583,5.419,0.9733,8.7129,24.18,18.37,US,0,NORMAL,0.1841,0,0,ENTSOG_TRANSPARENCY,2026-01-15
2018-12-03,EE,EE_UGS_046,5.832,3.0001,51.44,0.1471,1.0082,0.5692,2.0339,24.92,-4.36,IN,0,NORMAL,0.1228,0,0,AGSI_PLUS,2024-12-23
2018-12-20,IT,IT_UGS_047,17.5703,9.6142,54.72,0.1725,1.2228,1.1698,2.2525,23.49,14.15,US,0,NORMAL,0.315,0,0,NATIONAL_GAS_TSO,2025-05-04
2019-01-06,PT,PT_UGS_048,2.5464,1.0333,40.58,2.1573,5.3682,1.6146,8.74,10.36,24.08,IN,0,NORMAL,0.31,0,0,MARKET_DATA_PROVIDER,2024-02-14
2019-01-23,BE,BE_UGS_049,14.9883,13.7162,91.51,0.7778,5.0293,1.4433,6.7769,13.77,-5.69,US,0,NORMAL,0.3082,0,1,ENTSOG_TRANSPARENCY,2025-01-28
2019-02-09,FI,FI_UGS_050,10.5182,7.9147,75.25,1.4555,0.3899,1.1749,2.1104,21.69,21.09,IN,1,NORMAL,0.0829,0,1,AGSI_PLUS,2025-09-16
2019-02-26,LV,LV_UGS_051,9.2281,7.3051,79.16,1.0407,4.5603,0.2327,5.1438,16.66,7.68,US,0,NORMAL,0.0017,0,1,NATIONAL_GAS_TSO,2025-05-02
2019-03-15,RO,RO_UGS_052,13.0764,3.7924,29.0,0.4789,2.8209,1.9809,4.6122,21.52,13.07,IN,1,NORMAL,0.0039,0,0,MARKET_DATA_PROVIDER,2025-06-05
2019-04-01,BG,BG_UGS_053,10.6225,7.0858,66.71,2.1231,4.8042,1.2043,8.4695,19.9,5.78,US,0,NORMAL,0.1393,0,1,ENTSOG_TRANSPARENCY,2024-05-23
2019-04-18,FR,FR_UGS_054,6.6365,6.2377,93.99,0.1447,5.097,1.3594,6.0312,10.74,22.92,IN,1,NORMAL,0.2561,0,1,AGSI_PLUS,2024-01-13
2019-05-05,LT,LT_UGS_055,12.3714,9.2392,74.68,0.5828,0.0856,0.2591,1.2536,27.52,-0.41,US,0,NORMAL,0.0455,0,0,NATIONAL_GAS_TSO,2024-07-14
2019-05-22,SK,SK_UGS_056,8.4174,6.8057,80.85,0.1494,0.458,0.477,1.4232,17.17,22.68,IN,0,NORMAL,0.0121,0,1,MARKET_DATA_PROVIDER,2024-12-08
2019-06-08,HR,HR_UGS_057,11.2907,3.5987,31.87,1.7034,5.2963,1.1315,8.1767,10.15,-0.81,US,0,NORMAL,0.0372,0,0,ENTSOG_TRANSPARENCY,2025-10-06
2019-06-25,DE,DE_UGS_058,8.7833,8.27,94.16,1.0595,4.1656,1.2876,6.3291,15.32,-1.78,IN,0,NORMAL,0.2784,0,1,AGSI_PLUS,2025-01-01
2019-07-12,LU,LU_UGS_059,6.2442,4.4978,72.03,1.8118,8.0211,1.2706,10.1956,27.77,2.52,US,0,NORMAL,0.1454,0,1,NATIONAL_GAS_TSO,2025-08-28
2019-07-29,SI,SI_UGS_060,12.0924,6.5005,53.76,3.1268,3.8299,0.14,7.4183,25.1,-3.02,IN,0,NORMAL,0.0108,0,0,MARKET_DATA_PROVIDER,2024-10-07
2019-08-15,CY,CY_UGS_061,10.8323,8.3298,76.9,1.7703,1.9604,0.2293,3.9767,23.7,8.95,US,0,NORMAL,0.2367,0,1,ENTSOG_TRANSPARENCY,2025-05-07
2019-09-01,GR,GR_UGS_062,16.3362,4.1897,25.65,1.2868,1.0643,1.6624,3.3247,18.68,15.87,IN,0,NORMAL,0.062,0,0,AGSI_PLUS,2025-07-06
2019-09-18,MT,MT_UGS_063,2.1876,1.3725,62.74,2.5224,3.2763,0.376,5.8907,10.69,17.61,US,0,NORMAL,0.2712,0,1,NATIONAL_GAS_TSO,2025-09-21
2019-10-05,ES,ES_UGS_064,13.3217,10.7139,80.42,1.1649,2.7806,0.9253,4.5381,23.31,5.41,IN,0,NORMAL,0.2764,0,1,MARKET_DATA_PROVIDER,2024-12-18
2019-10-22,CZ,CZ_UGS_065,10.7048,10.4804,97.9,0.1948,4.7657,1.519,5.5395,10.22,24.64,US,1,NORMAL,0.2197,0,1,ENTSOG_TRANSPARENCY,2025-07-24
2019-11-08,HU,HU_UGS_066,12.0795,1.1006,9.11,0.611,3.4536,0.5549,4.8308,26.48,-6.69,IN,0,NORMAL,0.1938,0,0,AGSI_PLUS,2025-01-22
2019-11-25,NL,NL_UGS_067,13.177,1.1748,8.92,1.8365,5.1501,1.102,7.8372,26.91,10.96,US,0,NORMAL,0.2113,0,0,NATIONAL_GAS_TSO,2024-03-12
2019-12-12,SE,SE_UGS_068,3.1505,1.9979,63.41,1.8978,3.9396,0.2034,6.1215,16.47,8.98,IN,0,NORMAL,0.2034,0,1,MARKET_DATA_PROVIDER,2024-04-14
2019-12-29,DK,DK_UGS_069,5.2462,2.4571,46.84,2.6335,4.2833,0.8405,7.037,21.37,13.82,US,0,NORMAL,0.1934,0,0,ENTSOG_TRANSPARENCY,2025-02-13
2020-01-15,IE,IE_UGS_070,4.6344,2.0419,44.06,1.6642,5.3841,1.011,8.014,9.83,19.42,IN,0,NORMAL,0.1787,0,0,AGSI_PLUS,2024-01-05
2020-02-01,PL,PL_UGS_071,8.9999,4.9135,54.6,1.6126,0.1764,0.7754,2.2137,10.8,-3.4,US,1,NORMAL,0.2821,0,0,NATIONAL_GAS_TSO,2024-07-29
2020-02-18,AT,AT_UGS_072,9.6597,1.576,16.32,2.0469,3.4365,0.6839,6.2206,21.97,-11.68,IN,0,NORMAL,0.1887,0,0,MARKET_DATA_PROVIDER,2025-10-20
2020-03-06,EE,EE_UGS_073,11.2667,10.1647,90.22,2.5676,3.088,1.6736,7.2652,19.63,-4.04,US,1,NORMAL,0.0624,0,1,ENTSOG_TRANSPARENCY,2024-04-17
2020-03-23,IT,IT_UGS_074,11.8309,9.1671,77.48,1.6079,2.1275,0.8174,3.7244,8.72,24.48,IN,0,NORMAL,0.0427,0,1,AGSI_PLUS,2024-08-19
2020-04-09,PT,PT_UGS_075,2.0931,0.3697,17.66,2.3497,2.2992,1.5371,5.9197,15.62,12.7,US,0,NORMAL,0.1223,0,0,NATIONAL_GAS_TSO,2025-11-14
2020-04-26,BE,BE_UGS_076,1.1857,0.4927,41.55,1.4054,1.5989,0.6423,4.1465,5.55,1.08,IN,0,NORMAL,0.0238,0,0,MARKET_DATA_PROVIDER,2026-01-03
2020-05-13,FI,FI_UGS_077,0.6205,0.5286,85.2,2.8443,3.4237,2.0997,8.0264,16.8,-1.69,US,1,NORMAL,0.2341,0,1,ENTSOG_TRANSPARENCY,2024-03-05
2020-05-30,LV,LV_UGS_078,6.4224,6.0021,93.46,0.1583,5.9098,0.3549,6.3429,18.29,4.18,IN,1,NORMAL,0.0923,0,1,AGSI_PLUS,2024-11-02
2020-06-16,RO,RO_UGS_079,4.3068,1.3422,31.16,0.82,0.16,1.0164,1.5402,16.83,-8.14,US,1,NORMAL,0.1485,0,0,NATIONAL_GAS_TSO,2025-01-09
2020-07-03,BG,BG_UGS_080,12.0023,1.0052,8.37,1.0957,4.403,0.2359,5.6609,14.24,10.94,IN,0,NORMAL,0.0523,0,0,MARKET_DATA_PROVIDER,2024-04-06
2020-07-20,FR,FR_UGS_081,3.1399,1.7566,55.95,0.2526,0.2639,0.0497,0.869,8.75,-0.44,US,1,NORMAL,0.245,0,0,ENTSOG_TRANSPARENCY,2024-08-23
2020-08-06,LT,LT_UGS_082,14.7388,14.1843,96.24,0.6932,0.7317,1.5001,2.0146,18.44,7.36,IN,1,NORMAL,0.1051,0,1,AGSI_PLUS,2025-11-03
2020-08-23,SK,SK_UGS_083,8.9509,8.6372,96.5,3.1088,2.2097,2.1562,6.6972,17.4,21.32,US,0,NORMAL,0.1601,0,1,NATIONAL_GAS_TSO,2025-01-26
2020-09-09,HR,HR_UGS_084,2.9297,2.3641,80.69,1.8066,2.5983,0.784,4.6857,9.6,-4.01,IN,0,NORMAL,0.0872,0,1,MARKET_DATA_PROVIDER,2025-07-30
2020-09-26,DE,DE_UGS_085,13.2231,9.5108,71.93,2.0325,7.1834,0.8204,9.4395,8.54,9.76,US,0,NORMAL,0.0894,0,1,ENTSOG_TRANSPARENCY,2025-10-20
2020-10-13,LU,LU_UGS_086,8.7303,2.9603,33.91,2.069,2.5827,1.7375,5.9182,13.82,-7.82,IN,0,NORMAL,0.1693,0,0,AGSI_PLUS,2025-02-08
2020-10-30,SI,SI_UGS_087,13.7889,5.4399,39.45,1.4086,4.1447,0.7413,6.4575,19.12,-8.4,US,0,NORMAL,0.1553,0,0,NATIONAL_GAS_TSO,2024-08-05
2020-11-16,CY,CY_UGS_088,19.9701,7.4037,37.07,2.0794,2.0564,0.3296,4.4942,19.58,17.41,IN,0,NORMAL,0.2455,0,0,MARKET_DATA_PROVIDER,2024-08-01
2020-12-03,GR,GR_UGS_089,18.4086,8.6256,46.86,2.2492,0.2321,0.6238,3.3363,19.64,4.05,US,0,NORMAL,0.1306,0,0,ENTSOG_TRANSPARENCY,2024-11-26
2020-12-20,MT,MT_UGS_090,0.7442,0.4386,58.94,0.0548,5.8912,1.2385,6.773,18.24,24.14,IN,1,NORMAL,0.117,0,0,AGSI_PLUS,2024-11-04
2021-01-06,ES,ES_UGS_091,13.9942,2.2824,16.31,1.017,6.9902,1.2336,9.5792,67.96,-0.24,US,0,NORMAL,0.083,0,0,NATIONAL_GAS_TSO,2024-04-11
2021-01-23,CZ,CZ_UGS_092,6.1095,0.9036,14.79,1.0058,0.1407,1.0968,1.6759,21.49,-6.27,IN,0,NORMAL,0.2595,0,0,MARKET_DATA_PROVIDER,2026-01-02
2021-02-09,HU,HU_UGS_093,12.5008,11.3014,90.41,2.4109,3.0257,0.0376,5.3072,77.02,0.93,US,0,NORMAL,0.1309,0,1,ENTSOG_TRANSPARENCY,2024-10-11
2021-02-26,NL,NL_UGS_094,10.4893,1.9291,18.39,1.6503,3.4028,0.6593,5.9486,62.83,5.04,IN,0,NORMAL,0.2136,0,0,AGSI_PLUS,2024-06-08
2021-03-15,SE,SE_UGS_095,1.614,1.317,81.6,2.3987,6.2428,1.2689,9.1659,92.69,-10.91,US,0,NORMAL,0.2359,0,1,NATIONAL_GAS_TSO,2024-03-22
2021-04-01,DK,DK_UGS_096,1.0167,0.9162,90.12,0.4438,2.8768,1.6556,5.4565,81.9,-7.25,IN,0,EARLY_WARNING,0.0427,0,1,MARKET_DATA_PROVIDER,2025-07-29
2021-04-18,IE,IE_UGS_097,11.9214,2.2492,18.87,1.0773,4.6946,1.3494,6.3719,59.91,2.55,US,0,NORMAL,0.1744,0,0,ENTSOG_TRANSPARENCY,2025-03-15
2021-05-05,PL,PL_UGS_098,2.2367,0.3222,14.41,2.216,1.5424,1.2329,5.5355,77.31,17.09,IN,0,EARLY_WARNING,0.0257,0,0,AGSI_PLUS,2024-04-02
2021-05-22,AT,AT_UGS_099,6.975,1.2387,17.76,1.1981,7.1102,0.4186,8.1452,82.36,-9.88,US,0,ALERT,0.3273,0,0,NATIONAL_GAS_TSO,2025-05-14
2021-06-08,EE,EE_UGS_100,18.0514,12.2069,67.62,2.4988,1.4259,1.1426,4.9889,88.17,16.64,IN,1,EARLY_WARNING,0.0726,0,1,MARKET_DATA_PROVIDER,2024-06-25
