health_exp_reference_year,health_exp_country_iso2,health_exp_financing_scheme_code,health_exp_provider_type_code,health_exp_function_code,health_exp_total_expenditure_eur,health_exp_expenditure_pct_gdp,health_exp_public_share_pct,health_exp_out_of_pocket_share_pct,health_exp_per_capita_eur,health_exp_preventive_care_share_pct,health_exp_pharmaceuticals_share_pct,health_exp_long_term_care_share_pct,health_exp_admin_cost_share_pct,health_exp_unmet_need_rate_pct,health_exp_catastrophic_spending_rate_pct,health_exp_waiting_times_index,health_exp_eurostat_oecd_sha_table_code,health_exp_methodology_version,health_exp_data_extract_date
2006,AT,GOV_SCHEME,HOSPITALS,CURATIVE_CARE,181821890812.19,7.36,83.89,20.7,6188.71,2.4,14.32,8.35,3.24,7.02,1.62,0.6545,hlth_sha11_hf,SHA2011_V1,2024-09-28
2007,EE,COMPULSORY_HEALTH_INSURANCE,OTHER,ANCILLARY_SERVICES,132100754120.58,10.85,66.13,36.51,3406.06,1.59,8.89,10.82,2.84,2.07,5.91,0.8245,hlth_sha11_exp,SHA2011_V3,2024-01-25
2008,IT,VOLUNTARY_HEALTH_INSURANCE,ADMINISTRATION,GOVERNANCE,127263660295.05,9.29,71.9,22.23,6155.49,1.89,26.23,25.74,2.48,5.66,2.44,1.0244,hlth_sha11_hc,SHA2011_V2,2025-04-08
2009,PT,NPISH_SCHEME,PREVENTIVE,LONG_TERM_CARE,251813284909.95,6.38,55.22,44.05,7202.99,3.74,17.55,12.9,5.71,0.87,1.8,1.6841,hlth_sha11_hp,SHA2011_V1,2024-01-28
2010,BE,HOUSEHOLD_OOP,LONG_TERM_CARE,PREVENTION,244594812037.39,11.7,56.7,45.0,9530.86,3.87,18.73,15.28,4.09,5.8,5.1,0.9639,hlth_sha11_hf,SHA2011_V3,2024-03-10
2011,FI,GOV_SCHEME,RETAIL_MEDICAL_GOODS,REHABILITATION,50055869522.05,12.14,62.24,45.0,4713.68,2.77,25.04,27.49,2.88,2.1,7.45,1.4224,hlth_sha11_exp,SHA2011_V2,2025-07-06
2012,LV,COMPULSORY_HEALTH_INSURANCE,AMBULATORY,MEDICAL_GOODS,238159422845.16,6.28,82.13,19.98,7656.42,7.93,9.81,9.86,2.91,0.71,5.42,0.47,hlth_sha11_hc,SHA2011_V1,2025-01-16
2013,RO,VOLUNTARY_HEALTH_INSURANCE,HOSPITALS,CURATIVE_CARE,38981817476.53,12.96,65.35,43.07,1942.65,7.89,14.64,4.14,5.6,1.96,3.8,1.0616,hlth_sha11_hp,SHA2011_V3,2024-12-30
2014,BG,NPISH_SCHEME,OTHER,ANCILLARY_SERVICES,237392411444.94,10.97,56.27,45.0,8535.04,4.89,24.08,8.2,2.44,0.76,2.14,0.5156,hlth_sha11_hf,SHA2011_V2,2025-07-31
2015,FR,HOUSEHOLD_OOP,ADMINISTRATION,GOVERNANCE,128785748368.14,6.28,80.53,16.15,6177.83,4.84,17.75,19.86,2.43,3.36,3.54,0.8079,hlth_sha11_exp,SHA2011_V1,2025-08-12
2016,LT,GOV_SCHEME,PREVENTIVE,LONG_TERM_CARE,86095629043.42,6.51,79.34,32.15,6916.7,5.15,20.97,13.83,3.86,7.91,7.38,0.8836,hlth_sha11_hc,SHA2011_V3,2025-12-13
2017,SK,COMPULSORY_HEALTH_INSURANCE,LONG_TERM_CARE,PREVENTION,174536502435.09,7.74,61.38,42.33,9729.17,4.47,15.67,15.0,1.34,7.63,2.52,1.7306,hlth_sha11_hp,SHA2011_V2,2025-04-11
2018,HR,VOLUNTARY_HEALTH_INSURANCE,RETAIL_MEDICAL_GOODS,REHABILITATION,289437165148.22,11.98,69.73,31.59,2429.71,7.7,19.83,13.47,3.01,5.68,6.05,1.3749,hlth_sha11_hf,SHA2011_V1,2024-09-13
2019,DE,NPISH_SCHEME,AMBULATORY,MEDICAL_GOODS,287079444406.02,6.89,72.42,23.32,4174.97,7.19,23.62,14.44,1.2,8.35,6.15,1.5401,hlth_sha11_exp,SHA2011_V3,2026-01-28
2020,LU,HOUSEHOLD_OOP,HOSPITALS,CURATIVE_CARE,251734957695.61,12.4,58.88,45.0,4795.71,5.84,24.78,17.46,1.51,4.51,6.61,1.0272,hlth_sha11_hc,SHA2011_V2,2025-07-04
2021,SI,GOV_SCHEME,OTHER,ANCILLARY_SERVICES,70370636022.92,12.15,69.67,32.47,8786.4,2.67,24.24,12.55,5.59,9.07,6.0,1.2038,hlth_sha11_hp,SHA2011_V1,2024-11-29
2022,CY,COMPULSORY_HEALTH_INSURANCE,ADMINISTRATION,GOVERNANCE,260907819745.6,10.89,83.3,21.88,1133.02,7.79,24.73,20.35,4.62,3.43,2.97,1.7464,hlth_sha11_hf,SHA2011_V3,2026-01-05
2023,GR,VOLUNTARY_HEALTH_INSURANCE,PREVENTIVE,LONG_TERM_CARE,300379822766.43,8.63,76.83,20.55,6413.14,5.62,8.51,25.7,1.81,6.45,2.95,0.7351,hlth_sha11_exp,SHA2011_V2,2025-10-06
2024,MT,NPISH_SCHEME,LONG_TERM_CARE,PREVENTION,244944692610.76,11.25,85.6,23.69,2373.25,6.32,10.0,27.8,2.89,4.0,4.77,0.4844,hlth_sha11_hc,SHA2011_V1,2025-08-22
2025,ES,HOUSEHOLD_OOP,RETAIL_MEDICAL_GOODS,REHABILITATION,231230202554.0,10.69,57.51,45.0,1555.15,2.14,15.74,19.52,4.75,3.66,1.41,0.57,hlth_sha11_hp,SHA2011_V3,2025-11-23
2006,CZ,GOV_SCHEME,AMBULATORY,MEDICAL_GOODS,15291021648.4,5.52,67.25,36.84,1569.62,1.97,20.61,18.16,4.38,8.28,2.91,1.2844,hlth_sha11_hf,SHA2011_V2,2024-02-17
2007,HU,COMPULSORY_HEALTH_INSURANCE,HOSPITALS,CURATIVE_CARE,9468638747.99,11.29,80.15,21.62,1249.47,4.13,22.49,15.51,2.65,1.19,4.72,1.5625,hlth_sha11_exp,SHA2011_V1,2024-08-16
2008,NL,VOLUNTARY_HEALTH_INSURANCE,OTHER,ANCILLARY_SERVICES,182593836925.81,8.39,62.28,36.28,2384.59,3.6,24.99,8.38,1.15,5.85,1.16,1.3087,hlth_sha11_hc,SHA2011_V3,2025-08-19
2009,SE,NPISH_SCHEME,ADMINISTRATION,GOVERNANCE,156582755548.83,11.85,84.61,16.07,6893.56,1.5,20.45,24.14,4.3,5.5,1.91,0.5297,hlth_sha11_hp,SHA2011_V2,2025-08-13
2010,DK,HOUSEHOLD_OOP,PREVENTIVE,LONG_TERM_CARE,305864230540.15,5.75,77.54,34.09,4011.05,4.31,14.54,26.27,5.59,5.08,5.41,0.6215,hlth_sha11_hf,SHA2011_V1,2024-08-12
2011,IE,GOV_SCHEME,LONG_TERM_CARE,PREVENTION,55932907889.49,10.51,72.88,33.8,3718.84,3.51,11.79,15.17,1.49,8.06,2.63,1.0945,hlth_sha11_exp,SHA2011_V3,2025-06-10
2012,PL,COMPULSORY_HEALTH_INSURANCE,RETAIL_MEDICAL_GOODS,REHABILITATION,88080048072.38,10.2,81.26,22.14,6579.71,5.27,20.07,19.61,3.84,7.43,2.51,0.6986,hlth_sha11_hc,SHA2011_V2,2025-07-01
2013,AT,VOLUNTARY_HEALTH_INSURANCE,AMBULATORY,MEDICAL_GOODS,99127594123.43,6.32,69.19,38.47,6046.15,4.14,15.41,24.68,5.12,6.5,6.08,0.9624,hlth_sha11_hp,SHA2011_V1,2025-09-10
2014,EE,NPISH_SCHEME,HOSPITALS,CURATIVE_CARE,170907489072.64,6.66,72.08,30.85,7335.72,6.21,21.36,24.27,1.2,3.62,5.48,0.8436,hlth_sha11_hf,SHA2011_V3,2025-08-01
2015,IT,HOUSEHOLD_OOP,OTHER,ANCILLARY_SERVICES,104860641587.78,6.78,61.85,42.62,6180.16,3.32,10.09,21.65,3.96,3.95,8.06,0.8215,hlth_sha11_exp,SHA2011_V2,2024-01-23
2016,PT,GOV_SCHEME,ADMINISTRATION,GOVERNANCE,180469388631.05,6.84,72.53,28.8,7243.46,7.73,9.3,24.65,3.0,8.53,5.2,1.0541,hlth_sha11_hc,SHA2011_V1,2024-07-14
2017,BE,COMPULSORY_HEALTH_INSURANCE,PREVENTIVE,LONG_TERM_CARE,203914891401.41,6.5,59.83,35.0,7656.4,3.6,24.35,17.99,6.44,7.33,5.16,1.313,hlth_sha11_hp,SHA2011_V3,2026-01-19
2018,FI,VOLUNTARY_HEALTH_INSURANCE,LONG_TERM_CARE,PREVENTION,234524395983.17,9.54,67.79,26.83,1893.43,2.17,17.67,3.99,2.94,3.0,6.83,1.1584,hlth_sha11_hf,SHA2011_V2,2024-04-11
2019,LV,NPISH_SCHEME,RETAIL_MEDICAL_GOODS,REHABILITATION,52884692914.23,11.04,87.24,15.55,6131.57,3.08,25.21,18.43,4.65,3.61,5.31,1.1528,hlth_sha11_exp,SHA2011_V1,2025-03-02
2020,RO,HOUSEHOLD_OOP,AMBULATORY,MEDICAL_GOODS,249425177218.91,10.54,82.7,24.24,1556.65,6.73,13.88,21.91,1.07,5.27,4.79,1.5669,hlth_sha11_hc,SHA2011_V3,2024-08-27
2021,BG,GOV_SCHEME,HOSPITALS,CURATIVE_CARE,121686680896.34,12.27,73.19,36.88,8078.96,6.35,21.3,25.18,1.26,8.97,7.94,1.155,hlth_sha11_hp,SHA2011_V2,2024-09-29
2022,FR,COMPULSORY_HEALTH_INSURANCE,OTHER,ANCILLARY_SERVICES,66796522406.94,12.8,74.28,29.34,4803.48,5.62,17.54,8.8,2.98,7.78,4.15,0.4388,hlth_sha11_hf,SHA2011_V1,2026-01-03
2023,LT,VOLUNTARY_HEALTH_INSURANCE,ADMINISTRATION,GOVERNANCE,207567178473.91,10.69,55.64,39.67,11048.42,4.8,22.65,7.95,3.43,6.37,2.19,0.7627,hlth_sha11_exp,SHA2011_V3,2024-02-16
2024,SK,NPISH_SCHEME,PREVENTIVE,LONG_TERM_CARE,229395803510.84,6.74,63.89,45.0,9930.34,5.13,17.28,17.05,3.52,4.46,4.57,0.9305,hlth_sha11_hc,SHA2011_V2,2024-05-06
2025,HR,HOUSEHOLD_OOP,LONG_TERM_CARE,PREVENTION,295291481581.52,10.45,71.39,35.87,4789.92,6.22,15.16,23.1,2.6,4.0,1.3,0.9094,hlth_sha11_hp,SHA2011_V1,2024-08-05
2006,DE,GOV_SCHEME,RETAIL_MEDICAL_GOODS,REHABILITATION,114764985239.2,10.63,76.84,34.25,1639.48,4.93,21.6,24.68,3.77,3.03,4.24,0.6524,hlth_sha11_hf,SHA2011_V3,2024-07-09
2007,LU,COMPULSORY_HEALTH_INSURANCE,AMBULATORY,MEDICAL_GOODS,115075601864.57,7.18,68.64,39.5,1111.79,7.02,10.13,16.05,3.41,6.62,6.95,1.1033,hlth_sha11_exp,SHA2011_V2,2025-06-30
2008,SI,VOLUNTARY_HEALTH_INSURANCE,HOSPITALS,CURATIVE_CARE,91174013623.52,8.7,73.98,22.38,1605.66,5.14,8.11,23.41,2.67,3.45,5.19,0.6764,hlth_sha11_hc,SHA2011_V1,2024-06-04
2009,CY,NPISH_SCHEME,OTHER,ANCILLARY_SERVICES,199297270062.15,11.4,66.07,34.59,3177.36,7.99,9.09,6.77,5.92,2.73,3.77,1.6856,hlth_sha11_hp,SHA2011_V3,2025-05-18
2010,GR,HOUSEHOLD_OOP,ADMINISTRATION,GOVERNANCE,223826214193.67,10.8,86.81,20.68,2730.63,7.94,11.01,23.85,1.36,5.8,3.11,0.5996,hlth_sha11_hf,SHA2011_V2,2024-04-14
2011,MT,GOV_SCHEME,PREVENTIVE,LONG_TERM_CARE,198311745356.4,11.12,56.92,45.0,6667.75,6.7,11.73,13.63,3.16,1.86,8.05,1.2763,hlth_sha11_exp,SHA2011_V1,2024-07-02
2012,ES,COMPULSORY_HEALTH_INSURANCE,LONG_TERM_CARE,PREVENTION,276575560842.27,12.06,56.42,38.12,5185.83,5.46,14.66,5.82,6.29,2.35,2.37,0.7984,hlth_sha11_hc,SHA2011_V3,2026-01-19
2013,CZ,VOLUNTARY_HEALTH_INSURANCE,RETAIL_MEDICAL_GOODS,REHABILITATION,169818321703.28,8.06,72.34,22.17,7350.4,7.78,18.88,5.42,6.37,5.81,5.83,1.5913,hlth_sha11_hp,SHA2011_V2,2024-10-13
2014,HU,NPISH_SCHEME,AMBULATORY,MEDICAL_GOODS,116682723486.32,5.58,79.44,17.2,6409.03,3.84,13.84,3.18,1.92,2.4,4.5,1.1438,hlth_sha11_hf,SHA2011_V1,2025-01-31
2015,NL,HOUSEHOLD_OOP,HOSPITALS,CURATIVE_CARE,28253901439.93,11.58,70.67,31.78,4904.91,5.22,13.99,15.85,3.09,0.89,5.29,1.5787,hlth_sha11_exp,SHA2011_V3,2024-01-09
2016,SE,GOV_SCHEME,OTHER,ANCILLARY_SERVICES,26017765041.79,11.53,76.96,28.17,7019.48,2.33,16.99,24.31,3.94,5.87,7.07,0.6777,hlth_sha11_hc,SHA2011_V2,2026-01-31
2017,DK,COMPULSORY_HEALTH_INSURANCE,ADMINISTRATION,GOVERNANCE,112234104555.62,11.1,64.73,31.6,6821.47,4.12,23.13,25.1,3.65,4.65,6.24,0.5378,hlth_sha11_hp,SHA2011_V1,2025-06-11
2018,IE,VOLUNTARY_HEALTH_INSURANCE,PREVENTIVE,LONG_TERM_CARE,251642295659.31,10.18,63.61,36.96,8803.86,5.66,22.0,8.71,6.32,3.9,5.42,0.9047,hlth_sha11_hf,SHA2011_V3,2025-08-08
2019,PL,NPISH_SCHEME,LONG_TERM_CARE,PREVENTION,150542669580.36,7.41,82.39,14.49,1460.73,7.97,19.49,9.04,2.5,8.39,4.7,1.4888,hlth_sha11_exp,SHA2011_V2,2024-12-29
2020,AT,HOUSEHOLD_OOP,RETAIL_MEDICAL_GOODS,REHABILITATION,132990451196.07,7.01,85.28,16.56,5836.66,2.46,18.75,19.29,4.23,1.94,4.82,1.4844,hlth_sha11_hc,SHA2011_V1,2024-03-06
2021,EE,GOV_SCHEME,AMBULATORY,MEDICAL_GOODS,170822589301.05,13.17,72.77,36.1,8250.27,2.86,17.4,3.71,1.01,10.39,4.84,2.2989,hlth_sha11_hp,SHA2011_V3,2024-12-31
2022,IT,COMPULSORY_HEALTH_INSURANCE,HOSPITALS,CURATIVE_CARE,161303518388.72,12.61,60.68,40.33,5958.05,1.7,26.47,10.8,5.6,6.76,3.81,0.5669,hlth_sha11_hf,SHA2011_V2,2025-02-21
2023,PT,VOLUNTARY_HEALTH_INSURANCE,OTHER,ANCILLARY_SERVICES,231139665442.83,10.2,82.95,24.18,9538.71,6.05,18.57,24.96,5.09,4.24,3.43,0.9332,hlth_sha11_exp,SHA2011_V1,2025-06-16
2024,BE,NPISH_SCHEME,ADMINISTRATION,GOVERNANCE,148752562309.22,5.9,83.55,24.4,4592.57,7.21,17.27,16.18,1.91,5.97,4.48,1.2506,hlth_sha11_hc,SHA2011_V3,2024-03-16
2025,FI,HOUSEHOLD_OOP,PREVENTIVE,LONG_TERM_CARE,269692181566.85,9.62,68.74,40.05,7180.09,4.81,15.69,23.12,2.92,2.74,3.11,1.048,hlth_sha11_hp,SHA2011_V2,2024-02-05
2006,LV,GOV_SCHEME,LONG_TERM_CARE,PREVENTION,161994491226.51,10.68,61.13,39.3,4483.24,7.9,20.49,9.99,1.54,6.12,1.42,0.8837,hlth_sha11_hf,SHA2011_V1,2025-04-12
2007,RO,COMPULSORY_HEALTH_INSURANCE,RETAIL_MEDICAL_GOODS,REHABILITATION,104897417761.84,9.54,74.62,31.89,1738.06,4.0,25.46,16.79,6.13,7.29,6.68,1.3508,hlth_sha11_exp,SHA2011_V3,2024-10-16
2008,BG,VOLUNTARY_HEALTH_INSURANCE,AMBULATORY,MEDICAL_GOODS,111635680469.71,6.43,71.56,39.49,3845.53,1.56,8.94,24.65,6.07,3.87,5.55,0.7431,hlth_sha11_hc,SHA2011_V2,2025-07-05
2009,FR,NPISH_SCHEME,HOSPITALS,CURATIVE_CARE,143192931611.65,6.57,58.9,45.0,2432.35,6.28,22.19,10.12,2.3,6.78,5.59,0.9252,hlth_sha11_hp,SHA2011_V1,2025-10-03
2010,LT,HOUSEHOLD_OOP,OTHER,ANCILLARY_SERVICES,232305254604.49,5.89,77.38,27.7,6379.95,6.54,13.77,11.33,5.64,4.43,5.98,0.8802,hlth_sha11_hf,SHA2011_V3,2025-09-03
2011,SK,GOV_SCHEME,ADMINISTRATION,GOVERNANCE,34632599604.89,13.41,85.94,13.49,6151.8,7.74,16.1,17.79,1.34,2.87,2.46,0.4785,hlth_sha11_exp,SHA2011_V2,2024-12-24
2012,HR,COMPULSORY_HEALTH_INSURANCE,PREVENTIVE,LONG_TERM_CARE,43846689032.89,10.9,83.73,26.08,8600.19,4.67,21.98,14.79,1.34,6.72,4.61,0.556,hlth_sha11_hc,SHA2011_V1,2024-04-20
2013,DE,VOLUNTARY_HEALTH_INSURANCE,LONG_TERM_CARE,PREVENTION,290122551530.04,12.31,60.85,35.32,5363.04,5.31,21.96,8.51,4.13,5.93,1.1,1.3361,hlth_sha11_hp,SHA2011_V3,2024-04-08
2014,LU,NPISH_SCHEME,RETAIL_MEDICAL_GOODS,REHABILITATION,175232585602.13,13.07,61.11,45.0,3154.6,2.47,11.82,27.06,3.85,5.28,0.96,0.7736,hlth_sha11_hf,SHA2011_V2,2025-08-22
2015,SI,HOUSEHOLD_OOP,AMBULATORY,MEDICAL_GOODS,159633230641.25,11.42,81.91,19.13,3898.7,3.15,14.2,25.59,3.26,7.04,1.73,1.1405,hlth_sha11_exp,SHA2011_V1,2025-10-26
2016,CY,GOV_SCHEME,HOSPITALS,CURATIVE_CARE,179216237754.19,10.59,67.2,37.46,8573.4,2.55,25.11,14.02,2.93,4.72,6.32,1.2635,hlth_sha11_hc,SHA2011_V3,2025-10-02
2017,GR,COMPULSORY_HEALTH_INSURANCE,OTHER,ANCILLARY_SERVICES,285822427248.32,9.03,65.58,35.9,1509.78,6.65,11.28,25.39,3.28,5.89,2.33,1.6811,hlth_sha11_hp,SHA2011_V2,2025-07-29
2018,MT,VOLUNTARY_HEALTH_INSURANCE,ADMINISTRATION,GOVERNANCE,275974091979.88,10.12,78.77,27.51,2109.44,7.68,12.62,12.1,3.28,5.34,4.42,1.4093,hlth_sha11_hf,SHA2011_V1,2025-03-06
2019,ES,NPISH_SCHEME,PREVENTIVE,LONG_TERM_CARE,149883247077.67,10.21,64.52,43.89,7234.89,1.54,11.99,15.58,3.37,2.84,2.36,1.2087,hlth_sha11_exp,SHA2011_V3,2024-01-28
2020,CZ,HOUSEHOLD_OOP,LONG_TERM_CARE,PREVENTION,259950691489.11,10.72,69.34,38.07,10675.82,2.63,13.19,26.91,1.69,9.69,5.26,1.9224,hlth_sha11_hc,SHA2011_V2,2024-06-09
2021,HU,GOV_SCHEME,RETAIL_MEDICAL_GOODS,REHABILITATION,51672258350.23,9.06,56.65,45.0,2532.85,7.02,24.9,15.86,2.26,7.79,3.52,1.7484,hlth_sha11_hp,SHA2011_V1,2025-02-05
2022,NL,COMPULSORY_HEALTH_INSURANCE,AMBULATORY,MEDICAL_GOODS,91723766343.59,6.18,78.07,32.28,1696.61,2.9,26.22,17.91,5.27,5.37,1.66,1.7247,hlth_sha11_hf,SHA2011_V3,2024-01-07
2023,SE,VOLUNTARY_HEALTH_INSURANCE,HOSPITALS,CURATIVE_CARE,48607009799.36,10.39,86.73,8.51,8925.68,7.43,24.02,15.89,2.75,2.6,4.23,1.4041,hlth_sha11_exp,SHA2011_V2,2024-09-14
2024,DK,NPISH_SCHEME,OTHER,ANCILLARY_SERVICES,118887029188.54,5.55,67.49,30.56,4847.73,4.24,12.66,5.74,4.46,3.94,1.06,1.0025,hlth_sha11_hc,SHA2011_V1,2025-07-15
2025,IE,HOUSEHOLD_OOP,ADMINISTRATION,GOVERNANCE,142085333157.16,11.3,79.31,28.1,9561.03,3.48,21.77,10.79,5.61,4.49,7.86,1.0585,hlth_sha11_hp,SHA2011_V3,2025-01-01
2006,PL,GOV_SCHEME,PREVENTIVE,LONG_TERM_CARE,284452085744.06,9.73,61.73,39.36,1445.1,5.75,23.7,21.71,5.05,2.86,6.08,1.6802,hlth_sha11_hf,SHA2011_V2,2025-08-03
2007,AT,COMPULSORY_HEALTH_INSURANCE,LONG_TERM_CARE,PREVENTION,90821634303.65,8.93,80.69,18.59,6494.1,7.37,18.54,27.65,3.6,8.08,6.37,1.0509,hlth_sha11_exp,SHA2011_V1,2024-11-10
2008,EE,VOLUNTARY_HEALTH_INSURANCE,RETAIL_MEDICAL_GOODS,REHABILITATION,116438372841.25,7.52,77.04,29.89,4569.11,1.59,8.1,15.96,4.18,6.1,4.95,0.6315,hlth_sha11_hc,SHA2011_V3,2024-02-06
2009,IT,NPISH_SCHEME,AMBULATORY,MEDICAL_GOODS,28282452704.38,10.98,75.34,23.38,2895.26,7.4,22.76,20.8,1.21,4.78,0.96,1.242,hlth_sha11_hp,SHA2011_V2,2024-01-29
2010,PT,HOUSEHOLD_OOP,HOSPITALS,CURATIVE_CARE,180421326629.21,10.07,76.82,29.51,5690.31,7.16,8.09,17.38,1.23,1.79,1.91,1.4974,hlth_sha11_hf,SHA2011_V1,2025-11-13
2011,BE,GOV_SCHEME,OTHER,ANCILLARY_SERVICES,243090689171.01,12.58,60.78,35.15,1079.51,3.18,26.2,11.97,3.69,2.82,4.16,0.9765,hlth_sha11_exp,SHA2011_V3,2024-10-04
2012,FI,COMPULSORY_HEALTH_INSURANCE,ADMINISTRATION,GOVERNANCE,46884639015.71,5.89,70.1,25.79,4479.24,3.87,8.15,18.96,2.88,1.92,1.68,0.9943,hlth_sha11_hc,SHA2011_V2,2026-01-21
2013,LV,VOLUNTARY_HEALTH_INSURANCE,PREVENTIVE,LONG_TERM_CARE,242265606000.73,10.43,78.79,20.92,2833.63,5.57,22.48,26.3,5.43,1.3,3.75,1.1309,hlth_sha11_hp,SHA2011_V1,2025-06-18
2014,RO,NPISH_SCHEME,LONG_TERM_CARE,PREVENTION,20117358389.06,9.78,76.81,23.16,5042.41,6.21,16.48,20.5,3.92,7.33,0.91,0.8724,hlth_sha11_hf,SHA2011_V3,2024-12-18
2015,BG,HOUSEHOLD_OOP,RETAIL_MEDICAL_GOODS,REHABILITATION,202096332985.32,6.44,61.06,45.0,1221.54,2.44,24.23,13.76,2.41,4.11,7.82,0.6804,hlth_sha11_exp,SHA2011_V2,2024-01-05
2016,FR,GOV_SCHEME,AMBULATORY,MEDICAL_GOODS,159220694889.15,6.6,71.56,25.84,2090.21,3.0,26.59,12.3,6.09,0.96,4.7,0.4866,hlth_sha11_hc,SHA2011_V1,2026-01-09
2017,LT,COMPULSORY_HEALTH_INSURANCE,HOSPITALS,CURATIVE_CARE,1536780588.84,8.86,79.5,28.69,4445.54,1.74,12.72,19.88,1.38,6.5,8.17,1.4088,hlth_sha11_hp,SHA2011_V3,2026-02-21
2018,SK,VOLUNTARY_HEALTH_INSURANCE,OTHER,ANCILLARY_SERVICES,67632022482.69,8.9,75.09,34.74,2389.63,7.78,21.24,13.63,1.34,8.24,6.38,1.1023,hlth_sha11_hf,SHA2011_V2,2025-03-03
2019,HR,NPISH_SCHEME,ADMINISTRATION,GOVERNANCE,63940824749.61,11.54,72.53,35.95,7970.23,5.22,16.29,9.88,4.7,2.77,3.29,1.4533,hlth_sha11_exp,SHA2011_V1,2025-03-12
2020,DE,HOUSEHOLD_OOP,PREVENTIVE,LONG_TERM_CARE,203771932308.01,10.36,59.74,45.0,9189.13,4.92,19.23,9.61,1.65,3.63,7.52,0.7743,hlth_sha11_hc,SHA2011_V3,2024-08-31
2021,LU,GOV_SCHEME,LONG_TERM_CARE,PREVENTION,258529193213.03,5.87,72.53,31.71,3522.23,5.4,14.7,15.54,4.24,9.19,6.15,1.8437,hlth_sha11_hp,SHA2011_V2,2024-10-09
2022,SI,COMPULSORY_HEALTH_INSURANCE,RETAIL_MEDICAL_GOODS,REHABILITATION,201678134175.85,5.7,67.93,29.86,7831.42,5.62,25.08,5.05,6.42,0.99,8.13,1.5323,hlth_sha11_hf,SHA2011_V1,2025-10-09
2023,CY,VOLUNTARY_HEALTH_INSURANCE,AMBULATORY,MEDICAL_GOODS,52166883361.33,8.13,82.94,13.94,1921.34,7.46,11.64,4.58,4.59,2.34,2.61,1.403,hlth_sha11_exp,SHA2011_V3,2025-04-14
2024,GR,NPISH_SCHEME,HOSPITALS,CURATIVE_CARE,186878263914.19,6.93,77.78,26.09,4981.34,5.08,22.49,24.59,2.65,4.6,4.49,0.9661,hlth_sha11_hc,SHA2011_V2,2024-07-09
2025,MT,HOUSEHOLD_OOP,OTHER,ANCILLARY_SERVICES,96660618982.12,13.13,69.12,33.69,7584.21,6.25,16.95,3.73,2.26,7.96,5.85,0.9029,hlth_sha11_hp,SHA2011_V1,2024-03-24
2006,ES,GOV_SCHEME,ADMINISTRATION,GOVERNANCE,72288385823.98,7.43,75.48,26.56,4725.67,4.78,10.34,17.11,4.82,1.84,1.67,1.5211,hlth_sha11_hf,SHA2011_V3,2025-09-25
2007,CZ,COMPULSORY_HEALTH_INSURANCE,PREVENTIVE,LONG_TERM_CARE,23413376283.12,8.2,81.96,14.3,3264.04,4.56,18.83,16.67,3.43,1.79,6.42,0.971,hlth_sha11_exp,SHA2011_V2,2026-01-10
2008,HU,VOLUNTARY_HEALTH_INSURANCE,LONG_TERM_CARE,PREVENTION,101898273681.18,10.38,73.84,29.64,2991.16,1.72,19.61,20.13,2.62,3.29,6.86,0.7001,hlth_sha11_hc,SHA2011_V1,2025-02-18
2009,NL,NPISH_SCHEME,RETAIL_MEDICAL_GOODS,REHABILITATION,177141580059.81,10.13,85.68,14.1,2368.02,7.39,10.56,25.79,1.49,5.49,3.35,1.0775,hlth_sha11_hp,SHA2011_V3,2026-02-11
2010,SE,HOUSEHOLD_OOP,AMBULATORY,MEDICAL_GOODS,216564132119.38,6.15,75.18,34.11,1427.99,6.64,26.73,11.12,6.02,2.6,1.7,1.6769,hlth_sha11_hf,SHA2011_V2,2024-04-10
2011,DK,GOV_SCHEME,HOSPITALS,CURATIVE_CARE,37745175916.1,12.56,68.75,30.38,1299.94,6.04,16.23,12.12,5.92,2.85,5.31,1.0928,hlth_sha11_exp,SHA2011_V1,2025-02-02
2012,IE,COMPULSORY_HEALTH_INSURANCE,OTHER,ANCILLARY_SERVICES,118923328726.65,11.6,60.74,37.54,971.51,2.46,12.97,27.17,3.95,5.12,6.0,1.2584,hlth_sha11_hc,SHA2011_V3,2024-06-29
2013,PL,VOLUNTARY_HEALTH_INSURANCE,ADMINISTRATION,GOVERNANCE,147033383675.71,13.27,75.59,20.37,3789.36,7.87,21.62,20.68,1.83,4.12,6.24,0.4711,hlth_sha11_hp,SHA2011_V2,2026-01-13
2014,AT,NPISH_SCHEME,PREVENTIVE,LONG_TERM_CARE,305349424692.74,11.24,79.42,19.49,2453.12,2.73,16.2,24.52,1.16,3.12,2.31,0.478,hlth_sha11_hf,SHA2011_V1,2025-10-25
2015,EE,HOUSEHOLD_OOP,LONG_TERM_CARE,PREVENTION,24196267365.93,10.73,79.26,30.3,908.35,6.72,21.31,8.93,2.9,2.18,7.9,0.6756,hlth_sha11_exp,SHA2011_V3,2025-05-21
2016,IT,GOV_SCHEME,RETAIL_MEDICAL_GOODS,REHABILITATION,18199758608.71,13.12,72.9,35.37,7863.95,5.21,21.67,27.08,3.19,0.67,0.96,0.6846,hlth_sha11_hc,SHA2011_V2,2025-01-11
2017,PT,COMPULSORY_HEALTH_INSURANCE,AMBULATORY,MEDICAL_GOODS,166530396719.16,8.68,60.84,40.11,9258.52,6.95,18.53,10.03,3.71,0.51,2.26,1.4037,hlth_sha11_hp,SHA2011_V1,2025-08-09
2018,BE,VOLUNTARY_HEALTH_INSURANCE,HOSPITALS,CURATIVE_CARE,190908601030.47,10.91,68.01,37.06,1378.4,6.46,21.34,24.11,6.15,2.49,4.34,1.4675,hlth_sha11_hf,SHA2011_V3,2024-06-20
2019,FI,NPISH_SCHEME,OTHER,ANCILLARY_SERVICES,54960037681.2,10.96,84.94,10.33,7863.25,7.01,8.71,23.21,5.99,4.04,1.7,0.7933,hlth_sha11_exp,SHA2011_V2,2024-09-25
2020,LV,HOUSEHOLD_OOP,ADMINISTRATION,GOVERNANCE,150140739730.9,11.08,55.88,45.0,8095.5,3.13,22.29,12.43,1.44,0.73,3.25,1.1848,hlth_sha11_hc,SHA2011_V1,2024-07-25
2021,RO,GOV_SCHEME,PREVENTIVE,LONG_TERM_CARE,97272866296.04,12.62,76.34,26.73,6152.16,7.58,14.68,26.8,1.54,6.15,8.24,1.2612,hlth_sha11_hp,SHA2011_V3,2025-12-20
2022,BG,COMPULSORY_HEALTH_INSURANCE,LONG_TERM_CARE,PREVENTION,94275011042.2,13.47,64.41,31.56,5127.95,3.38,14.09,14.64,5.88,8.48,4.83,1.3754,hlth_sha11_hf,SHA2011_V2,2025-03-28
2023,FR,VOLUNTARY_HEALTH_INSURANCE,RETAIL_MEDICAL_GOODS,REHABILITATION,325873581953.55,6.0,67.22,41.79,3134.37,5.16,12.23,14.15,4.1,4.36,7.54,1.711,hlth_sha11_exp,SHA2011_V1,2025-03-12
2024,LT,NPISH_SCHEME,AMBULATORY,MEDICAL_GOODS,108060660396.79,7.54,57.74,45.0,5719.91,2.54,23.41,23.5,2.12,5.5,5.17,0.4289,hlth_sha11_hc,SHA2011_V3,2025-09-21
2025,SK,HOUSEHOLD_OOP,HOSPITALS,CURATIVE_CARE,77479947517.19,8.89,84.42,23.05,4115.98,5.71,24.34,18.03,5.17,5.39,6.36,1.3535,hlth_sha11_hp,SHA2011_V2,2025-07-01
2006,HR,GOV_SCHEME,OTHER,ANCILLARY_SERVICES,44010851560.55,11.99,76.21,29.85,7460.06,2.39,21.99,25.06,6.0,3.55,2.44,1.0825,hlth_sha11_hf,SHA2011_V1,2025-12-11
2007,DE,COMPULSORY_HEALTH_INSURANCE,ADMINISTRATION,GOVERNANCE,97990939834.64,11.36,85.02,10.3,3580.38,4.06,23.99,14.3,5.77,2.65,3.94,1.0522,hlth_sha11_exp,SHA2011_V3,2024-08-07
2008,LU,VOLUNTARY_HEALTH_INSURANCE,PREVENTIVE,LONG_TERM_CARE,284495586942.29,12.54,80.48,25.16,1453.32,2.29,8.45,15.17,4.73,7.59,7.84,1.743,hlth_sha11_hc,SHA2011_V2,2026-02-25
2009,SI,NPISH_SCHEME,LONG_TERM_CARE,PREVENTION,209509089961.48,9.97,84.88,12.15,3039.29,4.81,11.72,9.28,6.4,0.76,6.45,0.9288,hlth_sha11_hp,SHA2011_V1,2024-05-17
2010,CY,HOUSEHOLD_OOP,RETAIL_MEDICAL_GOODS,REHABILITATION,121461786359.04,11.18,76.12,33.73,6319.75,4.76,21.56,18.59,6.44,6.99,2.5,1.282,hlth_sha11_hf,SHA2011_V3,2024-10-18
2011,GR,GOV_SCHEME,AMBULATORY,MEDICAL_GOODS,302064046705.72,7.24,81.03,22.3,9273.73,3.79,19.13,9.64,3.45,4.44,1.89,1.2992,hlth_sha11_exp,SHA2011_V2,2024-03-31
2012,MT,COMPULSORY_HEALTH_INSURANCE,HOSPITALS,CURATIVE_CARE,258958142011.16,9.83,87.65,21.39,7961.7,2.49,11.9,25.21,3.49,7.02,1.62,1.193,hlth_sha11_hc,SHA2011_V1,2025-02-05
2013,ES,VOLUNTARY_HEALTH_INSURANCE,OTHER,ANCILLARY_SERVICES,68861006742.45,6.42,79.18,30.28,5557.26,7.65,26.66,17.57,1.63,5.11,7.2,0.7257,hlth_sha11_hp,SHA2011_V3,2025-12-23
2014,CZ,NPISH_SCHEME,ADMINISTRATION,GOVERNANCE,177941235683.92,10.65,60.43,37.18,3553.98,4.64,18.63,24.65,2.83,4.36,6.32,1.4819,hlth_sha11_hf,SHA2011_V2,2025-12-19
2015,HU,HOUSEHOLD_OOP,PREVENTIVE,LONG_TERM_CARE,137808459743.95,5.58,80.53,13.67,1038.85,2.72,18.66,26.43,1.87,3.39,4.54,0.6084,hlth_sha11_exp,SHA2011_V1,2024-05-17
2016,NL,GOV_SCHEME,LONG_TERM_CARE,PREVENTION,228704082425.12,7.41,65.92,41.43,1956.24,3.88,12.55,22.02,5.26,7.32,1.8,1.5217,hlth_sha11_hc,SHA2011_V3,2024-12-07
2017,SE,COMPULSORY_HEALTH_INSURANCE,RETAIL_MEDICAL_GOODS,REHABILITATION,298806473156.29,11.51,55.39,45.0,3233.97,2.81,25.0,8.41,1.87,2.4,6.22,1.269,hlth_sha11_hp,SHA2011_V2,2024-05-12
2018,DK,VOLUNTARY_HEALTH_INSURANCE,AMBULATORY,MEDICAL_GOODS,343189871001.22,10.4,72.5,29.79,8090.23,4.11,17.43,16.05,2.75,5.87,1.97,1.1962,hlth_sha11_hf,SHA2011_V1,2024-01-03
2019,IE,NPISH_SCHEME,HOSPITALS,CURATIVE_CARE,5422893660.53,9.4,86.22,24.1,5663.96,2.39,21.93,16.29,2.59,4.23,3.28,1.7306,hlth_sha11_exp,SHA2011_V3,2024-11-30
2020,PL,HOUSEHOLD_OOP,OTHER,ANCILLARY_SERVICES,1730979625.33,8.58,70.36,30.57,1717.77,3.26,19.08,26.4,3.97,10.43,1.69,0.5715,hlth_sha11_hc,SHA2011_V2,2025-11-19
2021,AT,GOV_SCHEME,ADMINISTRATION,GOVERNANCE,200895886096.58,9.36,87.31,14.08,6760.58,2.87,18.53,13.44,1.49,6.08,6.74,2.214,hlth_sha11_hp,SHA2011_V1,2025-03-14
2022,EE,COMPULSORY_HEALTH_INSURANCE,PREVENTIVE,LONG_TERM_CARE,70464297934.24,11.35,87.16,23.51,4144.16,5.49,19.81,3.68,4.09,4.93,3.24,0.8379,hlth_sha11_hf,SHA2011_V3,2024-11-10
2023,IT,VOLUNTARY_HEALTH_INSURANCE,LONG_TERM_CARE,PREVENTION,303372067680.99,11.58,64.02,37.3,3884.49,7.4,12.65,5.13,3.71,3.27,6.7,0.4485,hlth_sha11_exp,SHA2011_V2,2025-01-11
2024,PT,NPISH_SCHEME,RETAIL_MEDICAL_GOODS,REHABILITATION,194943892263.4,6.97,68.02,31.19,10659.71,3.72,12.14,25.6,4.91,0.88,5.12,0.6754,hlth_sha11_hc,SHA2011_V1,2024-08-08
2025,BE,HOUSEHOLD_OOP,AMBULATORY,MEDICAL_GOODS,262744856772.95,6.91,60.2,45.0,2931.25,6.31,25.46,10.94,5.78,8.18,7.93,1.6019,hlth_sha11_hp,SHA2011_V3,2025-02-18
2006,FI,GOV_SCHEME,HOSPITALS,CURATIVE_CARE,99634235414.24,11.87,83.02,23.56,4738.36,6.71,25.49,13.98,2.38,1.22,4.04,0.5251,hlth_sha11_hf,SHA2011_V2,2025-11-10
2007,LV,COMPULSORY_HEALTH_INSURANCE,OTHER,ANCILLARY_SERVICES,127597255813.12,13.23,67.62,40.25,3344.53,7.19,11.23,24.61,1.42,5.92,3.1,1.7401,hlth_sha11_exp,SHA2011_V1,2024-06-13
2008,RO,VOLUNTARY_HEALTH_INSURANCE,ADMINISTRATION,GOVERNANCE,21499295338.32,12.68,74.97,26.28,5160.78,3.31,8.56,6.05,4.11,6.75,2.05,1.4176,hlth_sha11_hc,SHA2011_V3,2025-04-16
2009,BG,NPISH_SCHEME,PREVENTIVE,LONG_TERM_CARE,147392765160.81,8.93,87.71,10.58,6156.23,4.96,8.51,11.08,4.64,5.54,2.29,1.3282,hlth_sha11_hp,SHA2011_V2,2024-10-15
2010,FR,HOUSEHOLD_OOP,LONG_TERM_CARE,PREVENTION,157681681633.27,7.14,58.44,42.42,7668.17,7.55,16.8,25.23,6.43,1.17,7.83,1.4436,hlth_sha11_hf,SHA2011_V1,2025-08-22
2011,LT,GOV_SCHEME,RETAIL_MEDICAL_GOODS,REHABILITATION,48837785788.93,7.54,74.55,35.04,6981.89,4.05,8.55,11.7,5.96,1.61,6.65,1.0729,hlth_sha11_exp,SHA2011_V3,2024-07-18
2012,SK,COMPULSORY_HEALTH_INSURANCE,AMBULATORY,MEDICAL_GOODS,180973378044.3,10.54,65.6,30.0,6043.89,6.8,15.38,14.97,3.52,5.38,1.79,0.9492,hlth_sha11_hc,SHA2011_V2,2025-12-31
2013,HR,VOLUNTARY_HEALTH_INSURANCE,HOSPITALS,CURATIVE_CARE,164113838753.53,11.6,76.07,35.75,830.41,2.41,26.45,26.64,6.39,3.58,7.04,1.1866,hlth_sha11_hp,SHA2011_V1,2025-03-15
2014,DE,NPISH_SCHEME,OTHER,ANCILLARY_SERVICES,236315299187.98,10.74,71.71,32.59,11269.56,2.02,22.93,10.26,4.08,1.15,1.16,1.3642,hlth_sha11_hf,SHA2011_V3,2024-11-27
2015,LU,HOUSEHOLD_OOP,ADMINISTRATION,GOVERNANCE,295075164187.63,13.14,60.14,41.23,10292.46,4.45,11.43,12.75,5.78,1.48,5.58,1.6348,hlth_sha11_exp,SHA2011_V2,2024-06-30
2016,SI,GOV_SCHEME,PREVENTIVE,LONG_TERM_CARE,328831490533.76,12.28,56.61,45.0,8249.15,2.08,13.91,8.04,2.85,4.86,5.53,1.5914,hlth_sha11_hc,SHA2011_V1,2025-01-09
2017,CY,COMPULSORY_HEALTH_INSURANCE,LONG_TERM_CARE,PREVENTION,228451681442.83,11.31,71.36,26.86,4106.88,6.44,24.64,12.69,5.77,2.43,6.26,1.2214,hlth_sha11_hp,SHA2011_V3,2025-08-27
2018,GR,VOLUNTARY_HEALTH_INSURANCE,RETAIL_MEDICAL_GOODS,REHABILITATION,125643034585.52,8.65,83.4,19.37,1945.91,3.29,24.17,23.9,4.33,8.4,4.79,0.7147,hlth_sha11_hf,SHA2011_V2,2025-02-25
2019,MT,NPISH_SCHEME,AMBULATORY,MEDICAL_GOODS,91750827780.79,9.89,57.05,37.2,8387.09,6.35,10.19,17.3,3.76,2.36,3.99,0.5025,hlth_sha11_exp,SHA2011_V1,2026-02-21
2020,ES,HOUSEHOLD_OOP,HOSPITALS,CURATIVE_CARE,133198019569.03,9.02,74.59,20.78,2503.07,5.85,8.65,17.79,3.11,8.17,5.3,2.1143,hlth_sha11_hc,SHA2011_V3,2024-09-25
2021,CZ,GOV_SCHEME,OTHER,ANCILLARY_SERVICES,321813873522.27,9.32,81.66,23.77,9793.67,2.83,22.06,16.67,3.43,6.37,2.83,0.7073,hlth_sha11_hp,SHA2011_V2,2026-01-17
2022,HU,COMPULSORY_HEALTH_INSURANCE,ADMINISTRATION,GOVERNANCE,252460879709.48,13.69,80.05,28.88,9149.43,7.93,8.98,12.49,5.81,2.86,6.35,1.2694,hlth_sha11_hf,SHA2011_V1,2024-05-18
2023,NL,VOLUNTARY_HEALTH_INSURANCE,PREVENTIVE,LONG_TERM_CARE,255316430160.54,12.4,68.75,43.15,6643.89,3.33,15.24,17.23,2.61,2.36,1.88,1.2354,hlth_sha11_exp,SHA2011_V3,2026-02-07
2024,SE,NPISH_SCHEME,LONG_TERM_CARE,PREVENTION,138700699580.41,8.06,84.27,15.98,9257.29,1.73,16.52,26.78,5.1,2.72,3.11,1.1276,hlth_sha11_hc,SHA2011_V2,2024-09-19
2025,DK,HOUSEHOLD_OOP,RETAIL_MEDICAL_GOODS,REHABILITATION,265600079513.98,7.27,64.7,35.07,9082.14,3.21,23.31,15.89,2.5,4.73,2.71,1.5315,hlth_sha11_hp,SHA2011_V1,2024-07-19
2006,IE,GOV_SCHEME,AMBULATORY,MEDICAL_GOODS,154779993682.27,5.89,63.95,34.06,1725.16,7.81,26.52,18.76,4.29,1.86,3.67,1.3862,hlth_sha11_hf,SHA2011_V3,2024-05-09
2007,PL,COMPULSORY_HEALTH_INSURANCE,HOSPITALS,CURATIVE_CARE,144879846767.12,8.98,82.17,12.69,5818.63,1.53,13.61,25.69,5.23,5.76,1.6,0.4824,hlth_sha11_exp,SHA2011_V2,2024-08-14
2008,AT,VOLUNTARY_HEALTH_INSURANCE,OTHER,ANCILLARY_SERVICES,119288863362.94,5.53,75.76,30.4,2263.35,6.11,10.72,5.49,3.85,5.38,8.12,1.4304,hlth_sha11_hc,SHA2011_V1,2025-04-30
2009,EE,NPISH_SCHEME,ADMINISTRATION,GOVERNANCE,90028427186.9,12.52,77.92,25.53,3352.98,5.77,11.3,9.79,3.8,0.78,2.48,1.4839,hlth_sha11_hp,SHA2011_V3,2025-04-30
2010,IT,HOUSEHOLD_OOP,PREVENTIVE,LONG_TERM_CARE,16940230448.08,8.64,60.8,45.0,8984.19,5.4,24.38,26.82,5.35,6.15,4.55,1.3642,hlth_sha11_hf,SHA2011_V2,2024-04-07
2011,PT,GOV_SCHEME,LONG_TERM_CARE,PREVENTION,147552983566.38,7.38,65.46,43.81,7724.78,3.87,25.51,20.58,5.91,5.96,3.75,1.0939,hlth_sha11_exp,SHA2011_V1,2026-01-11
2012,BE,COMPULSORY_HEALTH_INSURANCE,RETAIL_MEDICAL_GOODS,REHABILITATION,81365865391.91,10.7,71.67,35.27,5495.1,4.87,15.49,21.45,4.38,1.66,1.55,1.0801,hlth_sha11_hc,SHA2011_V3,2024-01-01
2013,FI,VOLUNTARY_HEALTH_INSURANCE,AMBULATORY,MEDICAL_GOODS,247719105183.55,9.99,70.29,34.37,2066.55,4.35,22.9,8.9,5.23,8.44,7.04,0.6201,hlth_sha11_hp,SHA2011_V2,2024-12-23
2014,LV,NPISH_SCHEME,HOSPITALS,CURATIVE_CARE,101183987517.63,13.5,83.27,25.75,6317.06,5.29,25.39,25.9,5.07,3.16,6.15,1.3461,hlth_sha11_hf,SHA2011_V1,2026-02-12
2015,RO,HOUSEHOLD_OOP,OTHER,ANCILLARY_SERVICES,109354921459.48,8.29,68.83,39.42,1594.7,4.51,26.71,8.66,5.24,5.1,3.46,0.8576,hlth_sha11_exp,SHA2011_V3,2024-06-28
2016,BG,GOV_SCHEME,ADMINISTRATION,GOVERNANCE,42615888249.45,6.99,76.49,30.47,3103.72,4.2,18.48,27.94,1.24,6.14,5.39,1.6944,hlth_sha11_hc,SHA2011_V2,2024-06-11
2017,FR,COMPULSORY_HEALTH_INSURANCE,PREVENTIVE,LONG_TERM_CARE,271861537136.65,7.82,83.01,21.15,7300.02,7.1,17.2,10.91,3.37,7.62,3.75,1.1338,hlth_sha11_hp,SHA2011_V1,2024-01-07
2018,LT,VOLUNTARY_HEALTH_INSURANCE,LONG_TERM_CARE,PREVENTION,115811438133.44,13.48,76.18,26.65,6227.58,1.93,15.68,17.86,3.66,1.16,5.23,0.5435,hlth_sha11_hf,SHA2011_V3,2025-08-21
2019,SK,NPISH_SCHEME,RETAIL_MEDICAL_GOODS,REHABILITATION,206156562005.21,13.13,76.57,24.47,4197.02,7.37,9.71,17.01,6.03,7.43,2.47,1.4529,hlth_sha11_exp,SHA2011_V2,2024-05-16
2020,HR,HOUSEHOLD_OOP,AMBULATORY,MEDICAL_GOODS,23027439083.95,10.42,74.91,25.3,4467.07,7.82,9.7,17.73,3.27,7.91,4.15,1.1017,hlth_sha11_hc,SHA2011_V1,2026-02-19
2021,DE,GOV_SCHEME,HOSPITALS,CURATIVE_CARE,185686384265.09,11.47,59.84,37.4,3570.09,4.9,25.45,4.61,2.89,8.16,2.57,1.0816,hlth_sha11_hp,SHA2011_V3,2024-03-21
2022,LU,COMPULSORY_HEALTH_INSURANCE,OTHER,ANCILLARY_SERVICES,111475759095.32,10.73,58.21,45.0,4510.7,7.73,24.56,10.31,5.71,7.25,6.37,0.5288,hlth_sha11_hf,SHA2011_V2,2024-05-18
2023,SI,VOLUNTARY_HEALTH_INSURANCE,ADMINISTRATION,GOVERNANCE,143229792367.25,12.95,85.69,12.95,4813.03,7.26,13.58,8.58,2.32,7.02,1.08,0.809,hlth_sha11_exp,SHA2011_V1,2025-07-03
2024,CY,NPISH_SCHEME,PREVENTIVE,LONG_TERM_CARE,85305378242.4,10.06,72.04,28.17,7596.56,2.86,19.46,12.46,1.94,1.31,0.97,0.8029,hlth_sha11_hc,SHA2011_V3,2024-12-19
2025,GR,HOUSEHOLD_OOP,LONG_TERM_CARE,PREVENTION,183918929107.23,5.88,63.92,34.03,994.68,2.2,15.45,23.51,2.85,2.83,2.16,1.4468,hlth_sha11_hp,SHA2011_V2,2024-12-10
2006,MT,GOV_SCHEME,RETAIL_MEDICAL_GOODS,REHABILITATION,161485681491.59,7.04,56.04,42.74,3997.66,4.95,8.69,25.7,2.76,1.01,3.56,0.7799,hlth_sha11_hf,SHA2011_V1,2025-01-21
2007,ES,COMPULSORY_HEALTH_INSURANCE,AMBULATORY,MEDICAL_GOODS,155791270451.09,11.45,78.79,28.56,3461.36,4.08,26.82,12.47,5.5,3.8,5.16,0.9741,hlth_sha11_exp,SHA2011_V3,2024-05-14
2008,CZ,VOLUNTARY_HEALTH_INSURANCE,HOSPITALS,CURATIVE_CARE,50422698758.56,10.55,76.64,31.07,1910.88,4.91,25.44,19.03,5.48,5.5,6.42,0.487,hlth_sha11_hc,SHA2011_V2,2024-04-25
2009,HU,NPISH_SCHEME,OTHER,ANCILLARY_SERVICES,201171237553.5,7.29,67.77,31.11,1257.76,7.29,23.09,3.18,4.18,0.67,2.8,0.8149,hlth_sha11_hp,SHA2011_V1,2024-11-21
2010,NL,HOUSEHOLD_OOP,ADMINISTRATION,GOVERNANCE,141667970002.6,13.78,70.05,27.9,3373.4,7.12,25.62,21.58,5.73,4.43,4.58,1.4245,hlth_sha11_hf,SHA2011_V3,2024-03-19
2011,SE,GOV_SCHEME,PREVENTIVE,LONG_TERM_CARE,56470586288.04,11.69,78.14,22.05,8213.94,7.67,17.16,6.52,1.01,6.01,4.91,1.5954,hlth_sha11_exp,SHA2011_V2,2026-02-01
2012,DK,COMPULSORY_HEALTH_INSURANCE,LONG_TERM_CARE,PREVENTION,3735230569.71,10.74,81.22,19.93,2269.6,7.76,21.99,20.07,4.58,3.07,5.57,1.0473,hlth_sha11_hc,SHA2011_V1,2026-01-21
2013,IE,VOLUNTARY_HEALTH_INSURANCE,RETAIL_MEDICAL_GOODS,REHABILITATION,131383716848.56,9.5,79.58,16.44,6004.14,2.16,13.0,22.56,3.66,5.02,4.72,1.3903,hlth_sha11_hp,SHA2011_V3,2025-12-20
2014,PL,NPISH_SCHEME,AMBULATORY,MEDICAL_GOODS,20407403298.34,11.11,65.11,45.0,5732.52,6.05,19.87,11.78,5.79,5.27,2.84,0.9071,hlth_sha11_hf,SHA2011_V2,2024-04-24
2015,AT,HOUSEHOLD_OOP,HOSPITALS,CURATIVE_CARE,264080623765.78,12.27,59.46,45.0,7326.13,3.91,12.7,11.44,2.57,7.25,6.93,0.905,hlth_sha11_exp,SHA2011_V1,2024-06-30
2016,EE,GOV_SCHEME,OTHER,ANCILLARY_SERVICES,86304099411.0,7.63,76.74,22.64,1802.12,3.37,21.78,24.62,1.71,5.47,3.23,0.5895,hlth_sha11_hc,SHA2011_V3,2025-11-17
2017,IT,COMPULSORY_HEALTH_INSURANCE,ADMINISTRATION,GOVERNANCE,155004057980.74,12.27,56.55,45.0,6315.25,5.86,10.9,10.0,2.04,6.96,4.67,1.6236,hlth_sha11_hp,SHA2011_V2,2024-06-27
2018,PT,VOLUNTARY_HEALTH_INSURANCE,PREVENTIVE,LONG_TERM_CARE,356816586737.31,11.27,86.57,14.09,1148.89,6.92,25.25,24.97,4.3,6.35,1.93,1.6335,hlth_sha11_hf,SHA2011_V1,2025-10-24
2019,BE,NPISH_SCHEME,LONG_TERM_CARE,PREVENTION,360172744676.88,6.88,85.39,12.31,8649.35,4.69,19.61,23.34,5.43,6.96,4.05,1.7057,hlth_sha11_exp,SHA2011_V3,2024-08-18
2020,FI,HOUSEHOLD_OOP,RETAIL_MEDICAL_GOODS,REHABILITATION,27303464881.8,9.45,70.92,31.79,9409.73,1.69,17.4,20.08,1.92,8.74,7.62,1.6656,hlth_sha11_hc,SHA2011_V2,2025-09-27
2021,LV,GOV_SCHEME,AMBULATORY,MEDICAL_GOODS,43089098027.2,12.35,80.16,16.46,1773.98,3.61,19.95,7.04,1.6,2.53,5.29,1.6245,hlth_sha11_hp,SHA2011_V1,2025-04-02
2022,RO,COMPULSORY_HEALTH_INSURANCE,HOSPITALS,CURATIVE_CARE,64062993537.36,5.67,77.32,22.14,2578.71,7.74,15.89,9.26,4.2,0.5,2.03,0.7485,hlth_sha11_hf,SHA2011_V3,2025-12-04
2023,BG,VOLUNTARY_HEALTH_INSURANCE,OTHER,ANCILLARY_SERVICES,125488605659.69,13.75,58.2,42.91,8079.69,5.29,11.66,5.73,3.32,3.9,6.55,0.9575,hlth_sha11_exp,SHA2011_V2,2024-04-17
2024,FR,NPISH_SCHEME,ADMINISTRATION,GOVERNANCE,141535786726.62,7.92,71.76,24.56,4409.31,7.0,10.26,16.26,2.75,7.85,6.22,1.6692,hlth_sha11_hc,SHA2011_V1,2024-10-12
2025,LT,HOUSEHOLD_OOP,PREVENTIVE,LONG_TERM_CARE,83404791375.53,6.5,57.8,45.0,9165.98,2.59,25.24,21.15,6.44,3.9,7.46,0.4827,hlth_sha11_hp,SHA2011_V3,2024-02-27
2006,SK,GOV_SCHEME,LONG_TERM_CARE,PREVENTION,75300983987.91,12.05,62.47,45.0,3710.31,3.43,11.93,22.53,3.93,2.12,7.29,1.1774,hlth_sha11_hf,SHA2011_V2,2024-05-03
2007,HR,COMPULSORY_HEALTH_INSURANCE,RETAIL_MEDICAL_GOODS,REHABILITATION,159244088129.14,6.64,73.02,36.84,1517.66,2.81,19.39,10.55,6.14,7.83,4.81,1.5818,hlth_sha11_exp,SHA2011_V1,2024-07-26
2008,DE,VOLUNTARY_HEALTH_INSURANCE,AMBULATORY,MEDICAL_GOODS,95635580290.29,8.05,85.19,15.61,9264.61,7.85,24.78,14.36,2.17,6.71,1.95,0.6247,hlth_sha11_hc,SHA2011_V3,2024-12-06
2009,LU,NPISH_SCHEME,HOSPITALS,CURATIVE_CARE,143201337511.5,12.03,62.02,45.0,8492.93,7.67,20.98,17.91,4.56,7.25,2.02,1.3307,hlth_sha11_hp,SHA2011_V2,2025-10-09
2010,SI,HOUSEHOLD_OOP,OTHER,ANCILLARY_SERVICES,112507474915.75,8.31,86.89,15.19,5162.48,2.07,14.79,14.21,5.64,0.59,3.44,0.5845,hlth_sha11_hf,SHA2011_V1,2024-12-24
2011,CY,GOV_SCHEME,ADMINISTRATION,GOVERNANCE,200010702661.99,10.4,78.74,32.91,2603.21,2.53,14.08,8.77,4.17,6.91,8.12,0.7081,hlth_sha11_exp,SHA2011_V3,2024-11-21
2012,GR,COMPULSORY_HEALTH_INSURANCE,PREVENTIVE,LONG_TERM_CARE,102871838439.65,8.33,83.83,11.6,3501.5,7.61,16.41,16.48,1.3,7.52,1.54,0.5103,hlth_sha11_hc,SHA2011_V2,2025-08-03
2013,MT,VOLUNTARY_HEALTH_INSURANCE,LONG_TERM_CARE,PREVENTION,95157519934.04,7.18,63.67,33.6,7041.7,3.82,19.69,13.82,4.39,2.95,2.05,1.6372,hlth_sha11_hp,SHA2011_V1,2024-10-01
2014,ES,NPISH_SCHEME,RETAIL_MEDICAL_GOODS,REHABILITATION,169549823368.22,9.74,78.67,23.82,3351.67,4.33,25.91,10.03,1.62,6.78,5.21,1.26,hlth_sha11_hf,SHA2011_V3,2026-01-31
2015,CZ,HOUSEHOLD_OOP,AMBULATORY,MEDICAL_GOODS,34666757794.94,11.92,78.63,15.77,3297.5,2.25,8.46,17.58,3.73,8.44,2.31,0.4731,hlth_sha11_exp,SHA2011_V2,2025-07-28
2016,HU,GOV_SCHEME,HOSPITALS,CURATIVE_CARE,127677333792.66,5.94,83.8,25.87,5988.55,7.3,10.61,22.73,4.27,6.44,5.64,1.565,hlth_sha11_hc,SHA2011_V1,2025-08-30
2017,NL,COMPULSORY_HEALTH_INSURANCE,OTHER,ANCILLARY_SERVICES,188040270402.16,12.61,75.16,35.5,6439.21,3.49,18.95,10.18,3.34,0.68,5.62,0.9062,hlth_sha11_hp,SHA2011_V3,2025-07-29
2018,SE,VOLUNTARY_HEALTH_INSURANCE,ADMINISTRATION,GOVERNANCE,166950197571.8,10.96,55.84,41.02,6067.54,4.84,21.55,11.84,4.49,8.46,1.6,0.8806,hlth_sha11_hf,SHA2011_V2,2024-09-23
2019,DK,NPISH_SCHEME,PREVENTIVE,LONG_TERM_CARE,108070443182.03,9.54,56.54,45.0,5081.19,3.32,16.06,11.97,3.08,3.0,1.65,0.6447,hlth_sha11_exp,SHA2011_V1,2024-12-31
2020,IE,HOUSEHOLD_OOP,LONG_TERM_CARE,PREVENTION,205597683570.36,12.29,86.69,16.97,2183.09,6.34,19.61,27.11,5.14,1.08,3.68,0.7228,hlth_sha11_hc,SHA2011_V3,2024-11-23
2021,PL,GOV_SCHEME,RETAIL_MEDICAL_GOODS,REHABILITATION,34003362651.5,9.66,84.41,12.61,3199.85,7.01,18.93,6.01,4.7,2.34,3.75,2.092,hlth_sha11_hp,SHA2011_V2,2025-01-06
2022,AT,COMPULSORY_HEALTH_INSURANCE,AMBULATORY,MEDICAL_GOODS,228388839104.39,9.84,78.74,32.97,6814.61,4.56,9.9,16.99,3.39,7.6,2.63,1.5275,hlth_sha11_hf,SHA2011_V1,2024-08-07
2023,EE,VOLUNTARY_HEALTH_INSURANCE,HOSPITALS,CURATIVE_CARE,331142947982.55,8.79,82.39,26.82,10656.64,6.18,8.79,19.94,4.55,0.77,2.55,1.5845,hlth_sha11_exp,SHA2011_V3,2024-05-01
2024,IT,NPISH_SCHEME,OTHER,ANCILLARY_SERVICES,332529508305.02,11.12,64.42,42.51,1976.85,6.04,17.3,7.96,1.2,2.7,2.57,0.9404,hlth_sha11_hc,SHA2011_V2,2024-12-28
2025,PT,HOUSEHOLD_OOP,ADMINISTRATION,GOVERNANCE,53749034881.54,12.0,58.78,36.76,7151.09,7.88,8.16,5.36,3.79,0.82,2.05,1.5496,hlth_sha11_hp,SHA2011_V1,2025-07-01
2006,BE,GOV_SCHEME,PREVENTIVE,LONG_TERM_CARE,57090801943.62,11.13,60.49,45.0,1131.73,7.28,19.64,22.77,1.55,0.59,5.07,0.8452,hlth_sha11_hf,SHA2011_V3,2025-12-22
2007,FI,COMPULSORY_HEALTH_INSURANCE,LONG_TERM_CARE,PREVENTION,13526061197.54,7.45,62.98,45.0,8667.38,7.23,10.53,21.61,5.85,5.48,1.84,0.7137,hlth_sha11_exp,SHA2011_V2,2025-03-17
2008,LV,VOLUNTARY_HEALTH_INSURANCE,RETAIL_MEDICAL_GOODS,REHABILITATION,36798534232.37,9.33,70.8,34.49,1051.53,3.13,12.0,8.96,5.69,8.01,5.59,1.7329,hlth_sha11_hc,SHA2011_V1,2026-01-04
2009,RO,NPISH_SCHEME,AMBULATORY,MEDICAL_GOODS,101126727546.62,9.45,58.22,44.63,3064.48,1.62,23.16,11.14,3.06,2.69,7.43,1.2985,hlth_sha11_hp,SHA2011_V3,2025-04-12
2010,BG,HOUSEHOLD_OOP,HOSPITALS,CURATIVE_CARE,97631912189.44,7.92,71.65,31.82,4812.66,6.21,11.99,24.4,2.7,7.2,0.89,1.3845,hlth_sha11_hf,SHA2011_V2,2025-07-05
2011,FR,GOV_SCHEME,OTHER,ANCILLARY_SERVICES,256723098091.47,6.98,83.93,27.13,2506.71,6.15,12.98,7.48,3.47,6.01,7.48,0.4815,hlth_sha11_exp,SHA2011_V1,2024-11-06
2012,LT,COMPULSORY_HEALTH_INSURANCE,ADMINISTRATION,GOVERNANCE,286545566819.05,6.19,79.2,16.4,5987.48,3.1,15.37,6.0,4.75,7.98,4.21,1.3704,hlth_sha11_hc,SHA2011_V3,2024-03-04
2013,SK,VOLUNTARY_HEALTH_INSURANCE,PREVENTIVE,LONG_TERM_CARE,225600113879.53,9.93,81.5,14.14,3299.02,1.71,19.83,14.15,4.22,0.89,1.98,0.5825,hlth_sha11_hp,SHA2011_V2,2024-08-08
2014,HR,NPISH_SCHEME,LONG_TERM_CARE,PREVENTION,212596446133.65,7.01,66.68,39.55,1131.45,7.09,17.21,13.25,4.47,2.99,6.36,1.4827,hlth_sha11_hf,SHA2011_V1,2025-04-22
2015,DE,HOUSEHOLD_OOP,RETAIL_MEDICAL_GOODS,REHABILITATION,188967541495.62,12.29,62.16,33.15,1369.62,7.6,25.46,8.96,1.03,4.28,3.95,1.0624,hlth_sha11_exp,SHA2011_V3,2024-10-06
2016,LU,GOV_SCHEME,AMBULATORY,MEDICAL_GOODS,78687391312.85,10.33,67.88,39.62,2329.78,2.2,8.94,17.26,1.43,2.57,2.5,1.4337,hlth_sha11_hc,SHA2011_V2,2025-01-25
2017,SI,COMPULSORY_HEALTH_INSURANCE,HOSPITALS,CURATIVE_CARE,53027568293.97,10.88,55.03,45.0,2029.96,5.9,17.14,18.26,2.73,5.58,2.49,0.8897,hlth_sha11_hp,SHA2011_V1,2025-05-27
2018,CY,VOLUNTARY_HEALTH_INSURANCE,OTHER,ANCILLARY_SERVICES,278503394343.09,5.5,76.63,31.97,3108.3,6.5,23.64,16.0,2.12,1.14,6.45,0.5069,hlth_sha11_hf,SHA2011_V3,2024-08-13
2019,GR,NPISH_SCHEME,ADMINISTRATION,GOVERNANCE,134444541833.94,10.88,70.23,28.39,6134.52,2.5,11.4,19.11,1.17,1.95,1.53,0.7651,hlth_sha11_exp,SHA2011_V2,2025-10-26
2020,MT,HOUSEHOLD_OOP,PREVENTIVE,LONG_TERM_CARE,348716465614.87,5.75,85.98,23.46,8273.63,2.29,26.22,17.87,4.11,6.81,5.76,1.1031,hlth_sha11_hc,SHA2011_V1,2024-03-20
2021,ES,GOV_SCHEME,LONG_TERM_CARE,PREVENTION,96708911343.88,6.24,60.79,33.33,2913.39,1.89,25.33,18.9,2.19,7.32,7.05,1.9892,hlth_sha11_hp,SHA2011_V3,2024-10-19
2022,CZ,COMPULSORY_HEALTH_INSURANCE,RETAIL_MEDICAL_GOODS,REHABILITATION,396779031718.0,12.64,78.42,16.7,10451.65,6.82,18.09,8.69,5.78,6.37,3.11,0.7073,hlth_sha11_hf,SHA2011_V2,2024-01-16
2023,HU,VOLUNTARY_HEALTH_INSURANCE,AMBULATORY,MEDICAL_GOODS,298553964445.17,9.75,66.37,39.77,8773.49,7.9,16.75,27.75,1.39,6.94,3.55,0.877,hlth_sha11_exp,SHA2011_V1,2024-11-16
2024,NL,NPISH_SCHEME,HOSPITALS,CURATIVE_CARE,84673414466.16,6.78,82.75,24.99,2356.16,1.93,22.28,20.02,6.09,5.75,1.66,1.2682,hlth_sha11_hc,SHA2011_V3,2024-11-15
2025,SE,HOUSEHOLD_OOP,OTHER,ANCILLARY_SERVICES,55693305779.48,12.49,78.94,31.77,8643.26,3.4,25.21,13.62,2.49,2.18,3.79,1.0631,hlth_sha11_hp,SHA2011_V2,2024-05-25
2006,DK,GOV_SCHEME,ADMINISTRATION,GOVERNANCE,119365381259.96,6.48,87.35,22.3,4890.49,1.58,8.4,15.76,5.54,1.37,2.69,1.0535,hlth_sha11_hf,SHA2011_V1,2024-02-19
2007,IE,COMPULSORY_HEALTH_INSURANCE,PREVENTIVE,LONG_TERM_CARE,259362628731.78,12.63,86.55,10.73,3173.14,3.37,26.4,22.81,4.58,5.36,1.97,1.3687,hlth_sha11_exp,SHA2011_V3,2024-04-23
2008,PL,VOLUNTARY_HEALTH_INSURANCE,LONG_TERM_CARE,PREVENTION,158489083037.11,6.72,58.02,42.77,2023.0,4.41,21.52,12.51,3.62,2.04,6.8,0.7294,hlth_sha11_hc,SHA2011_V2,2024-01-28
2009,AT,NPISH_SCHEME,RETAIL_MEDICAL_GOODS,REHABILITATION,244559518798.23,5.87,84.39,10.67,1625.65,1.83,14.65,6.59,2.13,0.98,6.56,1.6235,hlth_sha11_hp,SHA2011_V1,2026-01-12
2010,EE,HOUSEHOLD_OOP,AMBULATORY,MEDICAL_GOODS,222239608258.27,11.22,74.35,32.07,5202.06,7.32,14.36,24.8,1.34,5.7,7.52,0.7506,hlth_sha11_hf,SHA2011_V3,2025-08-15
2011,IT,GOV_SCHEME,HOSPITALS,CURATIVE_CARE,150362192702.41,12.76,65.59,34.59,3530.7,7.43,16.69,13.24,5.09,3.52,2.04,0.8383,hlth_sha11_exp,SHA2011_V2,2025-01-18
2012,PT,COMPULSORY_HEALTH_INSURANCE,OTHER,ANCILLARY_SERVICES,187392734119.62,10.8,70.53,40.76,1944.19,5.58,8.6,12.2,5.02,6.76,6.52,0.7868,hlth_sha11_hc,SHA2011_V1,2025-02-13
2013,BE,VOLUNTARY_HEALTH_INSURANCE,ADMINISTRATION,GOVERNANCE,43246303461.74,8.79,63.17,43.51,6114.95,1.97,10.54,17.01,1.08,1.47,2.09,1.491,hlth_sha11_hp,SHA2011_V3,2025-11-24
2014,FI,NPISH_SCHEME,PREVENTIVE,LONG_TERM_CARE,6741353481.26,11.09,64.33,36.73,3407.62,6.18,18.92,18.3,3.59,6.22,3.86,1.0779,hlth_sha11_hf,SHA2011_V2,2025-12-29
2015,LV,HOUSEHOLD_OOP,LONG_TERM_CARE,PREVENTION,171503237562.39,11.08,55.77,42.76,957.93,6.82,8.55,24.32,5.49,8.28,1.94,1.6388,hlth_sha11_exp,SHA2011_V1,2025-06-23
2016,RO,GOV_SCHEME,RETAIL_MEDICAL_GOODS,REHABILITATION,77632538637.78,10.82,76.85,34.3,4828.09,3.9,17.6,13.21,4.82,3.98,1.3,1.7113,hlth_sha11_hc,SHA2011_V3,2024-09-21
2017,BG,COMPULSORY_HEALTH_INSURANCE,AMBULATORY,MEDICAL_GOODS,348299788588.66,13.79,59.84,44.83,4930.56,3.47,24.25,22.54,4.34,2.21,1.08,1.7556,hlth_sha11_hp,SHA2011_V2,2024-02-11
2018,FR,VOLUNTARY_HEALTH_INSURANCE,HOSPITALS,CURATIVE_CARE,232318123159.87,10.14,80.5,29.32,8445.89,1.89,19.07,20.73,3.99,0.78,2.52,1.68,hlth_sha11_hf,SHA2011_V1,2024-01-28
2019,LT,NPISH_SCHEME,OTHER,ANCILLARY_SERVICES,247294801522.62,9.31,55.14,45.0,5373.57,7.56,8.25,14.38,4.53,8.54,5.37,0.8435,hlth_sha11_exp,SHA2011_V3,2025-01-23
2020,SK,HOUSEHOLD_OOP,ADMINISTRATION,GOVERNANCE,383412570737.41,7.39,75.66,19.86,2088.77,6.39,20.16,3.35,4.8,6.34,3.99,1.5093,hlth_sha11_hc,SHA2011_V2,2024-11-06
2021,HR,GOV_SCHEME,PREVENTIVE,LONG_TERM_CARE,296233481827.61,9.33,55.63,45.0,8131.41,7.72,15.19,24.3,2.66,10.25,6.74,1.5306,hlth_sha11_hp,SHA2011_V1,2025-02-08
2022,DE,COMPULSORY_HEALTH_INSURANCE,LONG_TERM_CARE,PREVENTION,239598634786.88,10.97,71.92,27.05,8750.81,6.32,19.75,24.86,2.36,3.15,3.57,1.5572,hlth_sha11_hf,SHA2011_V3,2025-12-09
2023,LU,VOLUNTARY_HEALTH_INSURANCE,RETAIL_MEDICAL_GOODS,REHABILITATION,124109266478.23,5.51,56.08,45.0,3827.17,7.24,14.76,7.07,2.08,4.36,3.87,1.7462,hlth_sha11_exp,SHA2011_V2,2025-03-24
2024,SI,NPISH_SCHEME,AMBULATORY,MEDICAL_GOODS,327724998424.19,9.07,71.4,25.41,3536.18,2.46,14.5,26.5,6.08,2.97,5.96,0.5454,hlth_sha11_hc,SHA2011_V1,2024-10-15
2025,CY,HOUSEHOLD_OOP,HOSPITALS,CURATIVE_CARE,33865515426.81,6.24,59.4,43.71,9429.25,5.13,23.3,6.38,5.59,2.68,0.9,0.8229,hlth_sha11_hp,SHA2011_V3,2024-10-08
2006,GR,GOV_SCHEME,OTHER,ANCILLARY_SERVICES,6075149653.85,8.31,65.41,32.38,1213.5,3.28,19.7,20.49,4.34,1.66,2.94,1.2376,hlth_sha11_hf,SHA2011_V2,2024-07-07
2007,MT,COMPULSORY_HEALTH_INSURANCE,ADMINISTRATION,GOVERNANCE,200111927320.83,6.65,80.57,30.99,5581.38,2.58,8.86,26.63,6.17,5.14,5.76,0.7012,hlth_sha11_exp,SHA2011_V1,2024-07-25
2008,ES,VOLUNTARY_HEALTH_INSURANCE,PREVENTIVE,LONG_TERM_CARE,36766583819.45,10.87,71.64,24.62,5833.97,7.38,21.44,25.36,2.29,7.57,5.59,0.7117,hlth_sha11_hc,SHA2011_V3,2025-12-15
2009,CZ,NPISH_SCHEME,LONG_TERM_CARE,PREVENTION,129399197719.0,5.9,76.55,19.91,2199.66,4.09,25.88,8.04,4.07,8.48,3.15,0.5206,hlth_sha11_hp,SHA2011_V2,2024-09-13
2010,HU,HOUSEHOLD_OOP,RETAIL_MEDICAL_GOODS,REHABILITATION,85143716385.53,8.19,86.97,20.47,4620.76,5.25,24.88,21.49,1.92,6.45,4.59,1.1424,hlth_sha11_hf,SHA2011_V1,2024-04-25
2011,NL,GOV_SCHEME,AMBULATORY,MEDICAL_GOODS,307913220849.83,13.35,76.44,35.08,2324.38,5.72,9.39,17.59,2.3,6.58,2.26,0.5882,hlth_sha11_exp,SHA2011_V3,2024-11-22
2012,SE,COMPULSORY_HEALTH_INSURANCE,HOSPITALS,CURATIVE_CARE,209411377620.07,8.1,80.96,24.17,6220.48,6.76,12.15,12.08,4.68,5.36,3.25,0.5146,hlth_sha11_hc,SHA2011_V2,2024-03-20
2013,DK,VOLUNTARY_HEALTH_INSURANCE,OTHER,ANCILLARY_SERVICES,27498170155.07,9.32,76.62,22.69,6503.59,4.52,25.78,14.25,6.27,1.7,5.08,0.7681,hlth_sha11_hp,SHA2011_V1,2025-03-29
2014,IE,NPISH_SCHEME,ADMINISTRATION,GOVERNANCE,7319215185.02,7.79,62.45,39.92,1766.09,2.24,15.17,13.92,3.84,1.86,5.44,1.5211,hlth_sha11_hf,SHA2011_V3,2025-09-17
2015,PL,HOUSEHOLD_OOP,PREVENTIVE,LONG_TERM_CARE,90352459876.2,8.54,57.07,45.0,1539.64,2.64,26.39,12.81,1.5,6.82,4.08,1.6309,hlth_sha11_exp,SHA2011_V2,2024-09-12
2016,AT,GOV_SCHEME,LONG_TERM_CARE,PREVENTION,242291496213.47,9.42,74.76,27.76,4541.06,2.87,26.94,15.83,5.09,2.04,4.11,1.397,hlth_sha11_hc,SHA2011_V1,2024-12-05
2017,EE,COMPULSORY_HEALTH_INSURANCE,RETAIL_MEDICAL_GOODS,REHABILITATION,158306966585.58,12.17,69.04,30.3,1069.61,1.92,12.73,19.34,2.78,3.63,2.04,0.6577,hlth_sha11_hp,SHA2011_V3,2025-02-25
2018,IT,VOLUNTARY_HEALTH_INSURANCE,AMBULATORY,MEDICAL_GOODS,44512154530.13,6.74,62.36,37.83,7755.61,5.09,20.5,7.09,4.44,3.79,3.71,0.9317,hlth_sha11_hf,SHA2011_V2,2025-06-05
2019,PT,NPISH_SCHEME,HOSPITALS,CURATIVE_CARE,360044799407.75,10.6,66.41,34.9,5385.55,4.03,15.73,24.31,4.75,4.52,5.37,0.604,hlth_sha11_exp,SHA2011_V1,2024-11-22
2020,BE,HOUSEHOLD_OOP,OTHER,ANCILLARY_SERVICES,327056981848.33,6.89,87.79,21.13,1622.45,7.48,19.92,9.37,3.02,8.64,5.55,1.6233,hlth_sha11_hc,SHA2011_V3,2025-09-24
2021,FI,GOV_SCHEME,ADMINISTRATION,GOVERNANCE,143233972836.61,10.4,81.88,13.32,8696.56,4.81,8.49,4.11,2.73,6.81,3.42,2.0843,hlth_sha11_hp,SHA2011_V2,2025-10-25
2022,LV,COMPULSORY_HEALTH_INSURANCE,PREVENTIVE,LONG_TERM_CARE,163116852495.42,6.18,60.5,45.0,5584.92,7.54,16.87,5.18,2.34,0.95,8.06,0.9462,hlth_sha11_hf,SHA2011_V1,2025-08-11
2023,RO,VOLUNTARY_HEALTH_INSURANCE,LONG_TERM_CARE,PREVENTION,147761752478.77,10.27,86.9,16.29,6361.66,7.29,17.37,22.71,2.48,7.8,1.79,0.7768,hlth_sha11_exp,SHA2011_V3,2024-04-25
2024,BG,NPISH_SCHEME,RETAIL_MEDICAL_GOODS,REHABILITATION,157965452427.05,7.43,56.45,45.0,1779.87,4.65,22.84,24.88,4.13,5.62,1.14,1.2975,hlth_sha11_hc,SHA2011_V2,2025-09-07
2025,FR,HOUSEHOLD_OOP,AMBULATORY,MEDICAL_GOODS,167779858106.68,8.11,72.33,30.98,2024.24,6.67,10.38,24.43,3.94,6.88,2.25,1.6251,hlth_sha11_hp,SHA2011_V1,2024-07-14
2006,LT,GOV_SCHEME,HOSPITALS,CURATIVE_CARE,206920641151.33,11.46,58.75,35.91,7488.12,2.03,18.18,14.2,1.75,3.37,1.39,1.5614,hlth_sha11_hf,SHA2011_V3,2025-05-16
2007,SK,COMPULSORY_HEALTH_INSURANCE,OTHER,ANCILLARY_SERVICES,117152456284.77,9.33,58.59,35.82,7396.22,6.21,18.09,13.93,5.83,7.23,1.1,1.4099,hlth_sha11_exp,SHA2011_V2,2024-04-04
2008,HR,VOLUNTARY_HEALTH_INSURANCE,ADMINISTRATION,GOVERNANCE,176623697430.82,12.09,81.36,18.05,4975.96,3.83,13.4,3.78,5.78,7.7,3.46,0.898,hlth_sha11_hc,SHA2011_V1,2024-05-17
2009,DE,NPISH_SCHEME,PREVENTIVE,LONG_TERM_CARE,202531087943.97,7.05,72.59,33.17,1032.92,6.39,22.49,13.12,5.79,8.46,4.41,0.7374,hlth_sha11_hp,SHA2011_V3,2025-05-17
2010,LU,HOUSEHOLD_OOP,LONG_TERM_CARE,PREVENTION,53680742588.75,11.05,67.86,37.59,4965.67,6.38,9.02,27.59,5.65,5.72,5.9,1.0176,hlth_sha11_hf,SHA2011_V2,2024-03-30
2011,SI,GOV_SCHEME,RETAIL_MEDICAL_GOODS,REHABILITATION,87964761226.81,8.67,63.49,44.22,2885.24,7.7,21.57,25.91,5.9,3.33,2.01,1.1162,hlth_sha11_exp,SHA2011_V1,2025-09-02
2012,CY,COMPULSORY_HEALTH_INSURANCE,AMBULATORY,MEDICAL_GOODS,139317642816.92,11.97,75.47,32.33,831.59,5.61,24.48,17.11,5.7,5.48,7.02,1.1472,hlth_sha11_hc,SHA2011_V3,2024-09-29
2013,GR,VOLUNTARY_HEALTH_INSURANCE,HOSPITALS,CURATIVE_CARE,167172220908.4,10.98,78.52,29.77,5561.7,5.88,16.77,10.52,6.06,2.99,3.28,0.6873,hlth_sha11_hp,SHA2011_V2,2024-12-21
2014,MT,NPISH_SCHEME,OTHER,ANCILLARY_SERVICES,17478232754.99,7.86,73.92,33.86,1802.36,2.47,18.54,3.54,1.72,4.26,1.31,0.5607,hlth_sha11_hf,SHA2011_V1,2025-12-01
2015,ES,HOUSEHOLD_OOP,ADMINISTRATION,GOVERNANCE,235427517419.61,11.91,66.88,33.1,6783.29,6.41,16.6,15.54,2.68,7.25,5.36,0.8055,hlth_sha11_exp,SHA2011_V3,2024-10-17
2016,CZ,GOV_SCHEME,PREVENTIVE,LONG_TERM_CARE,20743673580.52,12.15,78.03,21.01,3482.92,5.57,21.02,12.86,1.79,4.68,3.85,0.4558,hlth_sha11_hc,SHA2011_V2,2025-04-20
2017,HU,COMPULSORY_HEALTH_INSURANCE,LONG_TERM_CARE,PREVENTION,4658932161.09,8.21,56.78,45.0,10315.35,6.26,9.7,22.37,2.22,4.46,6.3,1.7256,hlth_sha11_hp,SHA2011_V1,2025-11-10
2018,NL,VOLUNTARY_HEALTH_INSURANCE,RETAIL_MEDICAL_GOODS,REHABILITATION,215912367491.0,8.69,83.67,22.21,8668.67,2.16,8.55,25.74,1.88,3.5,4.23,0.7217,hlth_sha11_hf,SHA2011_V3,2024-12-23
2019,SE,NPISH_SCHEME,AMBULATORY,MEDICAL_GOODS,278239193132.12,13.18,82.74,24.65,5567.36,1.93,8.78,27.42,5.84,2.09,0.86,1.5591,hlth_sha11_exp,SHA2011_V2,2025-02-03
2020,DK,HOUSEHOLD_OOP,HOSPITALS,CURATIVE_CARE,95227418791.69,7.65,75.91,32.92,3361.57,4.13,15.41,9.83,5.2,7.07,2.48,1.6774,hlth_sha11_hc,SHA2011_V1,2024-08-13
2021,IE,GOV_SCHEME,OTHER,ANCILLARY_SERVICES,71545482731.9,9.08,87.98,16.64,6433.02,1.93,19.34,15.77,2.7,1.56,1.68,2.182,hlth_sha11_hp,SHA2011_V3,2024-05-18
2022,PL,COMPULSORY_HEALTH_INSURANCE,ADMINISTRATION,GOVERNANCE,337448685936.24,9.53,59.72,40.44,9037.98,4.6,22.77,22.32,1.56,0.99,1.33,1.1529,hlth_sha11_hf,SHA2011_V2,2025-02-19
2023,AT,VOLUNTARY_HEALTH_INSURANCE,PREVENTIVE,LONG_TERM_CARE,349806039580.33,9.79,64.77,45.0,3066.42,6.66,13.61,24.0,1.84,2.97,6.97,1.6433,hlth_sha11_exp,SHA2011_V1,2024-07-22
2024,EE,NPISH_SCHEME,LONG_TERM_CARE,PREVENTION,29528609023.4,12.23,57.34,45.0,2342.76,7.37,11.34,21.95,6.35,5.05,5.19,0.8381,hlth_sha11_hc,SHA2011_V3,2024-03-14
2025,IT,HOUSEHOLD_OOP,RETAIL_MEDICAL_GOODS,REHABILITATION,44822531326.87,10.25,57.96,42.95,992.73,6.38,23.63,27.62,3.86,6.65,4.19,1.2684,hlth_sha11_hp,SHA2011_V2,2025-12-12
2006,PT,GOV_SCHEME,AMBULATORY,MEDICAL_GOODS,69755544020.49,10.25,75.12,23.4,4775.74,4.69,25.21,22.08,3.24,2.24,3.02,1.6038,hlth_sha11_hf,SHA2011_V1,2026-02-20
2007,BE,COMPULSORY_HEALTH_INSURANCE,HOSPITALS,CURATIVE_CARE,66328442466.09,7.46,69.26,33.83,1456.66,7.9,24.77,6.8,4.68,1.55,7.55,1.2888,hlth_sha11_exp,SHA2011_V3,2024-03-17
2008,FI,VOLUNTARY_HEALTH_INSURANCE,OTHER,ANCILLARY_SERVICES,235671350105.86,8.67,83.77,27.1,4875.54,6.59,26.32,23.62,2.95,4.42,4.03,1.2614,hlth_sha11_hc,SHA2011_V2,2025-02-22
2009,LV,NPISH_SCHEME,ADMINISTRATION,GOVERNANCE,189603143596.13,13.65,67.22,43.82,2277.61,6.37,20.16,23.53,4.32,1.95,7.86,0.7926,hlth_sha11_hp,SHA2011_V1,2024-09-19
2010,RO,HOUSEHOLD_OOP,PREVENTIVE,LONG_TERM_CARE,130357448802.62,7.6,60.73,45.0,3004.79,6.47,8.54,9.23,1.01,6.2,2.13,0.7472,hlth_sha11_hf,SHA2011_V3,2024-11-23
2011,BG,GOV_SCHEME,LONG_TERM_CARE,PREVENTION,29974818319.25,12.35,77.6,26.4,2233.13,5.07,26.9,22.89,3.97,6.86,1.55,1.2933,hlth_sha11_exp,SHA2011_V2,2024-01-09
2012,FR,COMPULSORY_HEALTH_INSURANCE,RETAIL_MEDICAL_GOODS,REHABILITATION,240759330647.54,9.7,79.34,21.64,2663.51,6.76,12.48,23.85,3.4,3.79,4.91,1.3222,hlth_sha11_hc,SHA2011_V1,2025-04-17
2013,LT,VOLUNTARY_HEALTH_INSURANCE,AMBULATORY,MEDICAL_GOODS,102247919774.88,13.66,76.01,25.4,5424.85,7.24,11.72,14.04,5.68,5.38,7.13,0.4581,hlth_sha11_hp,SHA2011_V3,2024-12-21
2014,SK,NPISH_SCHEME,HOSPITALS,CURATIVE_CARE,207603383580.16,7.82,71.7,28.83,3757.04,3.36,15.22,10.54,6.19,5.6,3.75,1.3527,hlth_sha11_hf,SHA2011_V2,2024-04-20
2015,HR,HOUSEHOLD_OOP,OTHER,ANCILLARY_SERVICES,218678823371.41,11.29,81.48,20.87,5705.25,6.61,14.71,21.5,4.44,2.16,3.5,1.1784,hlth_sha11_exp,SHA2011_V1,2024-09-23
2016,DE,GOV_SCHEME,ADMINISTRATION,GOVERNANCE,4602792452.84,10.01,75.25,20.9,4747.47,7.44,16.14,21.33,3.8,4.06,4.28,1.1216,hlth_sha11_hc,SHA2011_V3,2026-01-13
2017,LU,COMPULSORY_HEALTH_INSURANCE,PREVENTIVE,LONG_TERM_CARE,208050626918.29,6.67,84.92,18.08,4161.09,5.85,11.94,15.84,3.15,3.22,6.59,0.8448,hlth_sha11_hp,SHA2011_V2,2024-12-28
2018,SI,VOLUNTARY_HEALTH_INSURANCE,LONG_TERM_CARE,PREVENTION,268729372837.21,9.64,72.84,21.88,7614.87,1.8,20.25,24.17,2.25,3.65,4.32,0.5889,hlth_sha11_hf,SHA2011_V1,2025-12-14
2019,CY,NPISH_SCHEME,RETAIL_MEDICAL_GOODS,REHABILITATION,199649729915.48,8.28,64.53,33.29,1269.63,1.63,9.69,12.98,5.05,2.73,4.87,0.7427,hlth_sha11_exp,SHA2011_V3,2025-10-16
2020,GR,HOUSEHOLD_OOP,AMBULATORY,MEDICAL_GOODS,237847061961.1,8.25,79.93,15.43,6576.94,5.07,10.39,25.4,5.75,2.93,0.86,1.6733,hlth_sha11_hc,SHA2011_V2,2025-07-28
2021,MT,GOV_SCHEME,HOSPITALS,CURATIVE_CARE,62741972854.22,6.2,58.86,36.12,7108.31,5.56,26.54,7.19,1.49,10.14,4.16,1.7932,hlth_sha11_hp,SHA2011_V1,2025-02-15
2022,ES,COMPULSORY_HEALTH_INSURANCE,OTHER,ANCILLARY_SERVICES,193880076820.72,12.54,69.44,39.3,4745.46,3.18,11.97,12.21,3.3,2.75,1.2,1.2597,hlth_sha11_hf,SHA2011_V3,2025-02-25
2023,CZ,VOLUNTARY_HEALTH_INSURANCE,ADMINISTRATION,GOVERNANCE,154687386955.62,13.76,59.43,38.97,949.04,5.71,15.97,7.07,1.43,2.71,7.01,0.4627,hlth_sha11_exp,SHA2011_V2,2025-04-12
2024,HU,NPISH_SCHEME,PREVENTIVE,LONG_TERM_CARE,66837054727.64,8.21,60.57,43.46,4462.85,6.73,21.01,27.85,6.08,0.75,6.02,1.2485,hlth_sha11_hc,SHA2011_V1,2024-06-10
2025,NL,HOUSEHOLD_OOP,LONG_TERM_CARE,PREVENTION,218759124077.75,12.85,66.96,32.79,8287.55,3.23,13.61,26.06,6.26,5.88,6.12,0.8049,hlth_sha11_hp,SHA2011_V3,2025-05-20
2006,SE,GOV_SCHEME,RETAIL_MEDICAL_GOODS,REHABILITATION,65493944873.69,12.31,85.06,8.98,2550.29,7.87,13.06,26.7,6.49,7.96,1.69,0.8952,hlth_sha11_hf,SHA2011_V2,2024-06-20
2007,DK,COMPULSORY_HEALTH_INSURANCE,AMBULATORY,MEDICAL_GOODS,64454213485.78,9.38,75.79,26.31,4395.17,2.47,16.0,18.47,1.23,3.9,1.88,1.6349,hlth_sha11_exp,SHA2011_V1,2025-06-27
2008,IE,VOLUNTARY_HEALTH_INSURANCE,HOSPITALS,CURATIVE_CARE,258725587427.21,12.56,64.76,31.27,1930.62,5.17,26.02,6.02,3.98,3.0,8.1,1.028,hlth_sha11_hc,SHA2011_V3,2026-02-25
2009,PL,NPISH_SCHEME,OTHER,ANCILLARY_SERVICES,163944052791.62,11.77,72.48,39.0,3554.81,4.99,22.3,19.33,6.25,6.42,1.51,1.4414,hlth_sha11_hp,SHA2011_V2,2025-11-23
2010,AT,HOUSEHOLD_OOP,ADMINISTRATION,GOVERNANCE,226179559792.05,10.32,81.01,21.15,6932.55,5.65,10.82,23.64,6.07,5.2,1.0,0.7527,hlth_sha11_hf,SHA2011_V1,2025-11-03
2011,EE,GOV_SCHEME,PREVENTIVE,LONG_TERM_CARE,161764398165.8,8.57,77.2,31.71,2106.94,6.55,17.7,20.75,1.34,6.7,6.72,1.5835,hlth_sha11_exp,SHA2011_V3,2024-02-24
2012,IT,COMPULSORY_HEALTH_INSURANCE,LONG_TERM_CARE,PREVENTION,295540691038.81,8.05,66.02,42.02,4077.81,3.71,19.64,15.49,6.38,3.36,4.23,1.332,hlth_sha11_hc,SHA2011_V2,2025-02-12
2013,PT,VOLUNTARY_HEALTH_INSURANCE,RETAIL_MEDICAL_GOODS,REHABILITATION,242965625103.41,9.32,81.53,28.61,748.98,1.52,22.88,17.71,1.4,4.53,4.82,0.9889,hlth_sha11_hp,SHA2011_V1,2025-08-04
2014,BE,NPISH_SCHEME,AMBULATORY,MEDICAL_GOODS,22241962616.9,6.19,77.19,23.92,5517.74,3.32,21.91,16.32,1.02,1.18,6.3,0.4986,hlth_sha11_hf,SHA2011_V3,2025-09-16
2015,FI,HOUSEHOLD_OOP,HOSPITALS,CURATIVE_CARE,237068094216.71,6.08,57.8,38.89,3192.39,2.4,21.77,9.68,3.73,4.54,6.87,1.4371,hlth_sha11_exp,SHA2011_V2,2024-05-18
2016,LV,GOV_SCHEME,OTHER,ANCILLARY_SERVICES,315108188052.01,13.34,55.18,39.41,4219.68,7.07,10.99,12.57,2.13,1.18,1.76,1.5711,hlth_sha11_hc,SHA2011_V1,2025-06-17
2017,RO,COMPULSORY_HEALTH_INSURANCE,ADMINISTRATION,GOVERNANCE,33172060221.68,7.67,69.16,36.64,5916.6,5.43,21.07,9.23,5.72,5.24,1.54,0.7419,hlth_sha11_hp,SHA2011_V3,2025-05-23
2018,BG,VOLUNTARY_HEALTH_INSURANCE,PREVENTIVE,LONG_TERM_CARE,274044237122.03,11.53,85.5,12.47,7601.91,1.55,13.32,27.69,2.56,6.96,6.13,1.6966,hlth_sha11_hf,SHA2011_V2,2024-10-03
2019,FR,NPISH_SCHEME,LONG_TERM_CARE,PREVENTION,277713261422.24,8.32,70.11,33.11,7494.12,6.75,26.5,19.48,1.11,1.64,7.01,0.9928,hlth_sha11_exp,SHA2011_V1,2026-01-04
2020,LT,HOUSEHOLD_OOP,RETAIL_MEDICAL_GOODS,REHABILITATION,208525658894.54,8.61,58.8,36.01,8282.36,5.88,24.34,20.99,5.13,10.67,7.0,1.83,hlth_sha11_hc,SHA2011_V3,2024-01-17
2021,SK,GOV_SCHEME,AMBULATORY,MEDICAL_GOODS,81123937102.66,11.94,67.54,30.95,12916.46,7.4,11.26,7.84,5.13,0.93,7.06,1.5522,hlth_sha11_hp,SHA2011_V2,2025-02-07
2022,HR,COMPULSORY_HEALTH_INSURANCE,HOSPITALS,CURATIVE_CARE,66472877746.51,12.55,71.87,24.13,6060.01,6.32,8.93,19.53,6.02,1.65,5.82,1.5742,hlth_sha11_hf,SHA2011_V1,2025-06-02
2023,DE,VOLUNTARY_HEALTH_INSURANCE,OTHER,ANCILLARY_SERVICES,11724145489.98,7.65,71.58,29.66,3223.13,7.33,16.76,17.15,4.4,4.73,4.69,0.4806,hlth_sha11_exp,SHA2011_V3,2025-08-23
2024,LU,NPISH_SCHEME,ADMINISTRATION,GOVERNANCE,96623537231.12,9.04,62.76,44.93,2226.62,2.67,18.52,17.85,3.03,7.01,3.72,0.7604,hlth_sha11_hc,SHA2011_V2,2024-07-09
2025,SI,HOUSEHOLD_OOP,PREVENTIVE,LONG_TERM_CARE,172030669490.99,8.84,87.59,7.71,10393.07,3.7,17.06,16.84,1.51,1.36,2.8,1.2409,hlth_sha11_hp,SHA2011_V1,2024-02-07
2006,CY,GOV_SCHEME,LONG_TERM_CARE,PREVENTION,182511233121.27,8.1,57.55,45.0,7171.71,5.9,16.22,16.23,2.06,0.85,4.11,1.6822,hlth_sha11_hf,SHA2011_V3,2025-07-14
2007,GR,COMPULSORY_HEALTH_INSURANCE,RETAIL_MEDICAL_GOODS,REHABILITATION,106762737131.31,11.9,69.24,36.28,5839.21,3.07,15.95,17.39,1.69,2.56,1.51,0.455,hlth_sha11_exp,SHA2011_V2,2025-05-28
2008,MT,VOLUNTARY_HEALTH_INSURANCE,AMBULATORY,MEDICAL_GOODS,148668995419.7,13.34,66.78,31.3,1464.59,7.55,16.84,8.63,5.85,7.28,8.15,1.2396,hlth_sha11_hc,SHA2011_V1,2025-12-07
2009,ES,NPISH_SCHEME,HOSPITALS,CURATIVE_CARE,235022357694.95,8.06,70.69,38.51,3888.73,3.98,22.78,3.19,2.61,1.62,7.62,1.5833,hlth_sha11_hp,SHA2011_V3,2026-01-03
2010,CZ,HOUSEHOLD_OOP,OTHER,ANCILLARY_SERVICES,178840990861.73,10.66,85.69,11.51,6942.3,2.46,16.94,13.52,3.99,1.09,5.73,0.5348,hlth_sha11_hf,SHA2011_V2,2025-01-18
2011,HU,GOV_SCHEME,ADMINISTRATION,GOVERNANCE,100026428215.53,12.5,68.61,43.18,2808.82,7.18,17.97,6.94,4.29,5.2,8.24,1.56,hlth_sha11_exp,SHA2011_V1,2024-12-02
2012,NL,COMPULSORY_HEALTH_INSURANCE,PREVENTIVE,LONG_TERM_CARE,226110105481.81,12.41,57.54,40.07,5475.71,7.33,18.68,4.15,5.47,6.62,7.65,0.986,hlth_sha11_hc,SHA2011_V3,2025-12-09
2013,SE,VOLUNTARY_HEALTH_INSURANCE,LONG_TERM_CARE,PREVENTION,203713248433.56,9.09,61.26,39.53,2526.57,6.18,11.99,11.18,2.2,2.38,5.86,1.7205,hlth_sha11_hp,SHA2011_V2,2026-02-12
2014,DK,NPISH_SCHEME,RETAIL_MEDICAL_GOODS,REHABILITATION,232314834716.68,8.05,69.27,25.69,7643.46,3.02,12.73,6.69,1.46,1.84,5.98,1.3043,hlth_sha11_hf,SHA2011_V1,2025-12-15
2015,IE,HOUSEHOLD_OOP,AMBULATORY,MEDICAL_GOODS,212829596264.08,6.52,60.41,45.0,8530.78,4.45,13.03,25.38,1.61,8.13,4.54,1.5227,hlth_sha11_exp,SHA2011_V3,2025-02-06
2016,PL,GOV_SCHEME,HOSPITALS,CURATIVE_CARE,66957502884.4,7.8,63.73,45.0,5034.54,4.12,8.48,19.97,3.11,2.11,5.72,0.4909,hlth_sha11_hc,SHA2011_V2,2025-12-09
2017,AT,COMPULSORY_HEALTH_INSURANCE,OTHER,ANCILLARY_SERVICES,239641493396.47,7.7,65.66,30.35,7184.77,3.75,21.3,3.15,2.71,2.04,3.04,1.3071,hlth_sha11_hp,SHA2011_V1,2024-06-09
2018,EE,VOLUNTARY_HEALTH_INSURANCE,ADMINISTRATION,GOVERNANCE,28680879597.67,10.89,66.43,34.21,9448.52,5.46,15.31,23.47,2.87,7.6,3.58,0.9245,hlth_sha11_hf,SHA2011_V3,2025-07-08
2019,IT,NPISH_SCHEME,PREVENTIVE,LONG_TERM_CARE,130260524126.94,11.45,78.13,17.47,2042.69,7.38,20.62,14.04,2.71,3.13,3.25,1.463,hlth_sha11_exp,SHA2011_V2,2024-04-10
2020,PT,HOUSEHOLD_OOP,LONG_TERM_CARE,PREVENTION,33465866908.43,10.24,66.39,34.26,5735.68,4.43,9.06,24.29,4.59,3.39,2.95,0.6479,hlth_sha11_hc,SHA2011_V1,2025-05-23
2021,BE,GOV_SCHEME,RETAIL_MEDICAL_GOODS,REHABILITATION,87476740826.56,12.25,64.62,34.08,9280.26,7.48,22.4,17.67,4.93,10.45,0.99,0.8213,hlth_sha11_hp,SHA2011_V3,2025-09-21
2022,FI,COMPULSORY_HEALTH_INSURANCE,AMBULATORY,MEDICAL_GOODS,215658490490.5,9.68,82.63,14.24,11545.6,6.45,18.44,15.84,4.62,7.82,2.26,0.8266,hlth_sha11_hf,SHA2011_V2,2024-04-23
2023,LV,VOLUNTARY_HEALTH_INSURANCE,HOSPITALS,CURATIVE_CARE,157705451283.63,7.74,69.05,36.45,6862.2,2.73,17.85,21.49,4.62,0.97,4.69,0.4706,hlth_sha11_exp,SHA2011_V1,2025-05-31
2024,RO,NPISH_SCHEME,OTHER,ANCILLARY_SERVICES,306346887474.55,12.59,65.26,43.74,6771.74,4.72,8.64,9.79,3.68,6.71,1.01,0.6601,hlth_sha11_hc,SHA2011_V3,2025-03-24
2025,BG,HOUSEHOLD_OOP,ADMINISTRATION,GOVERNANCE,68965505321.15,12.85,57.3,42.6,5810.34,3.83,16.33,18.03,6.49,6.8,1.94,1.7564,hlth_sha11_hp,SHA2011_V2,2025-11-05
2006,FR,GOV_SCHEME,PREVENTIVE,LONG_TERM_CARE,50993714365.04,5.61,83.59,27.46,3862.53,3.19,9.7,11.22,3.84,1.67,4.77,0.4512,hlth_sha11_hf,SHA2011_V1,2024-01-13
2007,LT,COMPULSORY_HEALTH_INSURANCE,LONG_TERM_CARE,PREVENTION,38442509894.91,8.44,59.39,42.59,2834.26,2.5,18.1,27.02,4.31,5.78,3.95,1.2362,hlth_sha11_exp,SHA2011_V3,2024-02-06
2008,SK,VOLUNTARY_HEALTH_INSURANCE,RETAIL_MEDICAL_GOODS,REHABILITATION,17451188657.33,5.9,87.19,17.05,6510.29,5.33,20.7,5.21,4.42,4.42,4.67,1.0449,hlth_sha11_hc,SHA2011_V2,2024-10-20
2009,HR,NPISH_SCHEME,AMBULATORY,MEDICAL_GOODS,17225720151.39,11.99,80.45,24.58,4895.14,4.84,11.14,14.44,3.17,8.49,0.95,1.325,hlth_sha11_hp,SHA2011_V1,2024-08-11
2010,DE,HOUSEHOLD_OOP,HOSPITALS,CURATIVE_CARE,206132109197.28,8.88,56.49,45.0,1849.8,6.5,17.96,8.75,3.85,2.07,2.72,1.0463,hlth_sha11_hf,SHA2011_V3,2024-02-11
2011,LU,GOV_SCHEME,OTHER,ANCILLARY_SERVICES,132441854879.68,9.83,69.29,26.7,5658.54,5.51,8.26,27.95,3.3,4.59,6.28,1.6102,hlth_sha11_exp,SHA2011_V2,2024-12-20
2012,SI,COMPULSORY_HEALTH_INSURANCE,ADMINISTRATION,GOVERNANCE,179446265940.76,9.73,55.71,45.0,6975.27,7.1,25.97,23.36,4.0,2.05,2.64,0.9498,hlth_sha11_hc,SHA2011_V1,2025-05-29
2013,CY,VOLUNTARY_HEALTH_INSURANCE,PREVENTIVE,LONG_TERM_CARE,14188822748.48,7.48,79.89,30.36,6517.87,7.11,9.59,16.68,1.45,4.39,4.32,1.0202,hlth_sha11_hp,SHA2011_V3,2024-09-10
2014,GR,NPISH_SCHEME,LONG_TERM_CARE,PREVENTION,24277725309.07,6.92,85.22,14.6,1700.92,7.53,16.14,5.11,1.18,0.75,1.82,1.1352,hlth_sha11_hf,SHA2011_V2,2025-01-20
2015,MT,HOUSEHOLD_OOP,RETAIL_MEDICAL_GOODS,REHABILITATION,136844982039.05,10.71,65.84,44.35,1678.33,7.39,24.49,14.17,3.38,5.68,6.68,1.0506,hlth_sha11_exp,SHA2011_V1,2025-06-06
2016,ES,GOV_SCHEME,AMBULATORY,MEDICAL_GOODS,192707291820.36,7.98,69.07,29.17,1440.51,4.92,10.86,9.96,3.08,1.1,0.96,0.6282,hlth_sha11_hc,SHA2011_V3,2025-12-09
2017,CZ,COMPULSORY_HEALTH_INSURANCE,HOSPITALS,CURATIVE_CARE,3950150220.14,8.38,71.55,32.47,1578.56,1.51,17.46,24.7,5.52,1.13,2.41,1.3986,hlth_sha11_hp,SHA2011_V2,2025-07-24
2018,HU,VOLUNTARY_HEALTH_INSURANCE,OTHER,ANCILLARY_SERVICES,15348498969.23,10.98,74.73,24.66,2225.29,7.91,23.34,16.85,1.31,2.02,2.16,1.6288,hlth_sha11_hf,SHA2011_V1,2025-03-25
2019,NL,NPISH_SCHEME,ADMINISTRATION,GOVERNANCE,24841665267.4,11.04,86.72,12.83,4774.28,2.42,9.94,11.16,3.18,5.35,3.69,1.3981,hlth_sha11_exp,SHA2011_V3,2026-02-17
2020,SE,HOUSEHOLD_OOP,PREVENTIVE,LONG_TERM_CARE,252173736980.36,9.44,61.49,37.62,1556.39,6.78,18.01,17.76,2.14,3.14,6.61,1.8728,hlth_sha11_hc,SHA2011_V2,2024-06-14
2021,DK,GOV_SCHEME,LONG_TERM_CARE,PREVENTION,102362269369.9,5.88,84.95,25.73,2304.82,6.88,12.93,24.8,4.36,5.04,1.04,1.7306,hlth_sha11_hp,SHA2011_V1,2024-04-13
2022,IE,COMPULSORY_HEALTH_INSURANCE,RETAIL_MEDICAL_GOODS,REHABILITATION,440659966706.67,9.81,70.21,31.57,1940.75,2.65,13.34,19.69,6.39,7.24,4.57,1.1458,hlth_sha11_hf,SHA2011_V3,2024-12-11
2023,PL,VOLUNTARY_HEALTH_INSURANCE,AMBULATORY,MEDICAL_GOODS,15286661993.2,9.83,86.33,17.63,3738.2,5.1,14.8,10.81,3.5,2.61,6.21,0.6007,hlth_sha11_exp,SHA2011_V2,2024-06-19
2024,AT,NPISH_SCHEME,HOSPITALS,CURATIVE_CARE,76800609700.94,13.8,76.65,30.55,2592.84,2.73,19.94,12.26,2.53,5.35,8.03,1.2256,hlth_sha11_hc,SHA2011_V1,2024-02-26
2025,EE,HOUSEHOLD_OOP,OTHER,ANCILLARY_SERVICES,316762360552.34,6.79,63.24,37.22,3262.04,2.1,16.7,24.24,3.45,2.06,3.26,1.1615,hlth_sha11_hp,SHA2011_V3,2025-05-11
2006,IT,GOV_SCHEME,ADMINISTRATION,GOVERNANCE,221801652042.04,6.33,71.76,34.42,4087.4,3.33,15.2,14.65,5.4,8.31,1.16,1.6623,hlth_sha11_hf,SHA2011_V2,2024-12-01
2007,PT,COMPULSORY_HEALTH_INSURANCE,PREVENTIVE,LONG_TERM_CARE,85691585792.31,11.83,79.34,18.4,4902.75,7.36,23.01,11.29,2.89,7.21,2.04,1.5717,hlth_sha11_exp,SHA2011_V1,2024-04-15
2008,BE,VOLUNTARY_HEALTH_INSURANCE,LONG_TERM_CARE,PREVENTION,99017937375.16,5.74,76.42,26.24,3663.79,4.43,14.73,15.76,2.72,2.83,7.37,0.5596,hlth_sha11_hc,SHA2011_V3,2025-06-26
2009,FI,NPISH_SCHEME,RETAIL_MEDICAL_GOODS,REHABILITATION,278532649849.68,8.06,69.05,26.29,8008.11,7.12,22.45,8.52,1.33,8.08,6.87,1.2791,hlth_sha11_hp,SHA2011_V2,2024-01-21
2010,LV,HOUSEHOLD_OOP,AMBULATORY,MEDICAL_GOODS,119316297644.99,7.25,75.08,27.73,7526.92,7.16,22.45,22.03,5.35,2.94,1.63,1.4087,hlth_sha11_hf,SHA2011_V1,2024-07-16
2011,RO,GOV_SCHEME,HOSPITALS,CURATIVE_CARE,266083382924.87,7.32,57.34,45.0,2659.74,4.7,12.37,9.18,1.55,7.89,6.87,0.9535,hlth_sha11_exp,SHA2011_V3,2024-12-03
2012,BG,COMPULSORY_HEALTH_INSURANCE,OTHER,ANCILLARY_SERVICES,249906521452.63,12.34,68.54,37.41,2086.29,4.23,20.85,16.0,1.95,3.99,1.19,0.8414,hlth_sha11_hc,SHA2011_V2,2024-02-04
2013,FR,VOLUNTARY_HEALTH_INSURANCE,ADMINISTRATION,GOVERNANCE,239106504661.65,13.45,80.3,30.71,7573.94,5.04,20.54,9.28,6.13,5.99,5.45,1.6323,hlth_sha11_hp,SHA2011_V1,2025-07-16
2014,LT,NPISH_SCHEME,PREVENTIVE,LONG_TERM_CARE,202793493217.91,9.86,78.18,17.72,8063.8,5.89,12.86,19.42,6.03,1.42,1.94,1.122,hlth_sha11_hf,SHA2011_V3,2024-01-01
2015,SK,HOUSEHOLD_OOP,LONG_TERM_CARE,PREVENTION,49046194919.72,12.57,64.67,33.54,8938.45,5.86,26.07,21.99,3.51,4.48,3.72,1.5886,hlth_sha11_exp,SHA2011_V2,2025-01-23
2016,HR,GOV_SCHEME,RETAIL_MEDICAL_GOODS,REHABILITATION,337276883016.31,12.26,60.91,34.85,3324.84,4.54,14.13,12.45,4.62,3.3,1.86,1.5866,hlth_sha11_hc,SHA2011_V1,2025-09-12
2017,DE,COMPULSORY_HEALTH_INSURANCE,AMBULATORY,MEDICAL_GOODS,157195211623.42,12.79,56.93,45.0,1136.38,2.44,11.14,21.72,6.16,8.2,3.67,1.396,hlth_sha11_hp,SHA2011_V3,2024-06-19
2018,LU,VOLUNTARY_HEALTH_INSURANCE,HOSPITALS,CURATIVE_CARE,99655525654.82,10.54,60.46,45.0,4462.81,6.36,18.32,11.2,6.16,3.86,1.89,0.8375,hlth_sha11_hf,SHA2011_V2,2025-07-03
2019,SI,NPISH_SCHEME,OTHER,ANCILLARY_SERVICES,173889221001.31,5.64,68.7,39.71,6525.17,3.63,20.14,25.61,5.91,7.37,6.63,0.4667,hlth_sha11_exp,SHA2011_V1,2024-11-10
2020,CY,HOUSEHOLD_OOP,ADMINISTRATION,GOVERNANCE,41186441634.52,10.55,86.95,11.31,12360.84,5.28,15.48,21.98,3.32,1.43,1.33,1.9561,hlth_sha11_hc,SHA2011_V3,2024-01-30
2021,GR,GOV_SCHEME,PREVENTIVE,LONG_TERM_CARE,36651763978.51,11.91,86.59,12.21,9206.14,7.82,10.62,27.98,3.24,7.92,3.82,1.8027,hlth_sha11_hp,SHA2011_V2,2024-01-20
2022,MT,COMPULSORY_HEALTH_INSURANCE,LONG_TERM_CARE,PREVENTION,165502556646.92,5.79,71.84,32.65,4587.29,5.37,16.37,16.61,2.87,2.09,0.99,1.3312,hlth_sha11_hf,SHA2011_V1,2024-09-07
2023,ES,VOLUNTARY_HEALTH_INSURANCE,RETAIL_MEDICAL_GOODS,REHABILITATION,313822381279.45,6.43,56.78,45.0,10931.6,1.81,18.73,17.19,3.58,4.74,6.54,1.4622,hlth_sha11_exp,SHA2011_V3,2025-02-27
2024,CZ,NPISH_SCHEME,AMBULATORY,MEDICAL_GOODS,275074790401.71,5.59,74.06,25.66,4594.26,3.34,25.24,20.59,4.99,0.72,4.31,0.7677,hlth_sha11_hc,SHA2011_V2,2024-05-26
2025,HU,HOUSEHOLD_OOP,HOSPITALS,CURATIVE_CARE,191307341791.88,9.6,82.16,23.24,5281.63,4.01,12.57,8.18,5.01,6.89,1.92,0.865,hlth_sha11_hp,SHA2011_V1,2025-01-06
2006,NL,GOV_SCHEME,OTHER,ANCILLARY_SERVICES,118773855818.37,5.74,61.26,45.0,5341.86,5.59,24.6,14.43,3.5,4.76,5.97,1.4415,hlth_sha11_hf,SHA2011_V3,2024-11-11
2007,SE,COMPULSORY_HEALTH_INSURANCE,ADMINISTRATION,GOVERNANCE,58530642919.75,6.99,76.28,26.0,4538.07,2.46,9.2,3.22,6.43,6.35,6.02,1.689,hlth_sha11_exp,SHA2011_V2,2024-01-11
2008,DK,VOLUNTARY_HEALTH_INSURANCE,PREVENTIVE,LONG_TERM_CARE,89254463691.99,8.18,61.29,40.17,9273.48,4.59,15.67,7.36,5.27,5.31,7.3,0.9929,hlth_sha11_hc,SHA2011_V1,2025-01-25
2009,IE,NPISH_SCHEME,LONG_TERM_CARE,PREVENTION,126268264439.25,11.17,86.56,12.89,2373.07,3.26,19.17,25.49,2.25,1.84,6.63,1.3707,hlth_sha11_hp,SHA2011_V3,2025-10-09
2010,PL,HOUSEHOLD_OOP,RETAIL_MEDICAL_GOODS,REHABILITATION,291716783151.98,8.89,77.3,24.42,1404.11,6.73,14.24,17.42,1.77,2.31,1.64,0.9091,hlth_sha11_hf,SHA2011_V2,2025-03-18
2011,AT,GOV_SCHEME,AMBULATORY,MEDICAL_GOODS,98665761525.01,9.8,55.28,43.98,7688.16,3.58,23.51,21.15,4.98,2.76,5.16,1.0867,hlth_sha11_exp,SHA2011_V1,2025-07-09
2012,EE,COMPULSORY_HEALTH_INSURANCE,HOSPITALS,CURATIVE_CARE,265309666148.32,6.77,72.83,32.2,3033.32,6.22,22.46,9.01,5.88,3.41,7.27,0.8928,hlth_sha11_hc,SHA2011_V3,2025-08-26
2013,IT,VOLUNTARY_HEALTH_INSURANCE,OTHER,ANCILLARY_SERVICES,82736496511.85,6.65,63.01,45.0,7500.76,5.46,22.74,22.12,3.74,8.47,6.78,1.4622,hlth_sha11_hp,SHA2011_V2,2026-02-21
2014,PT,NPISH_SCHEME,ADMINISTRATION,GOVERNANCE,203296315958.2,10.4,84.31,25.49,4231.2,3.72,12.64,20.02,4.41,6.23,6.67,1.4593,hlth_sha11_hf,SHA2011_V1,2025-11-17
2015,BE,HOUSEHOLD_OOP,PREVENTIVE,LONG_TERM_CARE,102849036872.62,12.6,83.53,20.44,3782.65,3.61,23.77,21.02,5.35,5.03,1.39,0.4312,hlth_sha11_exp,SHA2011_V3,2024-06-09
2016,FI,GOV_SCHEME,LONG_TERM_CARE,PREVENTION,115426941894.66,9.28,75.6,31.82,3338.32,5.96,13.93,15.95,2.91,1.22,4.21,1.1983,hlth_sha11_hc,SHA2011_V2,2025-08-19
2017,LV,COMPULSORY_HEALTH_INSURANCE,RETAIL_MEDICAL_GOODS,REHABILITATION,228437310361.6,5.59,87.52,16.99,6220.35,3.74,23.1,26.98,5.05,7.58,1.39,1.4766,hlth_sha11_hp,SHA2011_V1,2025-04-12
2018,RO,VOLUNTARY_HEALTH_INSURANCE,AMBULATORY,MEDICAL_GOODS,150456165802.37,13.18,84.8,23.54,9447.3,7.22,21.93,9.23,3.96,7.59,4.19,1.2404,hlth_sha11_hf,SHA2011_V3,2024-11-02
2019,BG,NPISH_SCHEME,HOSPITALS,CURATIVE_CARE,210647931148.7,12.18,57.15,36.95,12510.99,2.14,26.01,19.43,1.7,1.68,5.36,1.7327,hlth_sha11_exp,SHA2011_V2,2025-04-21
2020,FR,HOUSEHOLD_OOP,OTHER,ANCILLARY_SERVICES,170405044050.76,13.65,71.45,26.66,5621.1,5.64,9.96,5.06,2.02,3.49,3.96,1.8524,hlth_sha11_hc,SHA2011_V1,2026-01-10
2021,LT,GOV_SCHEME,ADMINISTRATION,GOVERNANCE,55341220426.81,11.26,84.11,24.77,5599.02,2.02,15.76,15.58,4.14,4.17,1.89,1.5052,hlth_sha11_hp,SHA2011_V3,2025-08-18
2022,SK,COMPULSORY_HEALTH_INSURANCE,PREVENTIVE,LONG_TERM_CARE,60682500569.6,6.37,81.94,13.27,10377.52,7.86,12.02,5.41,3.48,0.75,3.61,1.1795,hlth_sha11_hf,SHA2011_V2,2025-08-25
2023,HR,VOLUNTARY_HEALTH_INSURANCE,LONG_TERM_CARE,PREVENTION,150745489275.45,7.38,74.88,22.82,7768.53,6.01,18.15,25.11,5.0,8.1,4.87,0.8725,hlth_sha11_exp,SHA2011_V1,2024-11-29
2024,DE,NPISH_SCHEME,RETAIL_MEDICAL_GOODS,REHABILITATION,73619089796.36,6.43,60.48,43.05,2156.9,2.12,25.68,22.13,1.32,3.81,6.51,0.626,hlth_sha11_hc,SHA2011_V3,2025-02-02
2025,LU,HOUSEHOLD_OOP,AMBULATORY,MEDICAL_GOODS,325062157155.03,9.2,81.32,16.06,4220.63,4.49,9.76,13.71,4.24,6.65,2.16,1.098,hlth_sha11_hp,SHA2011_V2,2026-01-12
2006,SI,GOV_SCHEME,HOSPITALS,CURATIVE_CARE,193687095355.56,12.52,82.97,11.2,4960.95,3.94,11.15,17.52,5.21,5.34,6.21,0.4961,hlth_sha11_hf,SHA2011_V1,2025-06-21
2007,CY,COMPULSORY_HEALTH_INSURANCE,OTHER,ANCILLARY_SERVICES,172069381279.12,8.67,82.5,23.83,2898.77,1.87,24.84,14.54,5.88,3.09,4.49,1.2786,hlth_sha11_exp,SHA2011_V3,2024-03-26
2008,GR,VOLUNTARY_HEALTH_INSURANCE,ADMINISTRATION,GOVERNANCE,163588772291.48,9.02,87.41,6.91,5339.43,6.51,12.59,20.26,4.97,7.0,4.18,0.9646,hlth_sha11_hc,SHA2011_V2,2025-11-01
2009,MT,NPISH_SCHEME,PREVENTIVE,LONG_TERM_CARE,147197723119.88,11.69,74.09,33.13,7951.21,1.66,21.41,5.05,3.71,8.16,4.03,0.8683,hlth_sha11_hp,SHA2011_V1,2025-03-11
2010,ES,HOUSEHOLD_OOP,LONG_TERM_CARE,PREVENTION,32249707240.37,12.92,73.99,28.67,3839.15,3.42,11.15,7.19,5.01,5.73,2.66,1.1651,hlth_sha11_hf,SHA2011_V3,2024-04-13
2011,CZ,GOV_SCHEME,RETAIL_MEDICAL_GOODS,REHABILITATION,184279477831.13,10.99,83.24,13.81,5747.12,3.16,11.76,15.59,1.37,5.57,6.44,1.6161,hlth_sha11_exp,SHA2011_V2,2025-03-26
2012,HU,COMPULSORY_HEALTH_INSURANCE,AMBULATORY,MEDICAL_GOODS,157395744863.99,8.29,76.43,28.47,4969.36,1.9,18.72,17.32,5.26,7.07,2.24,0.9225,hlth_sha11_hc,SHA2011_V1,2024-05-30
2013,NL,VOLUNTARY_HEALTH_INSURANCE,HOSPITALS,CURATIVE_CARE,280828728732.07,10.32,62.66,36.83,8594.45,2.12,25.46,14.31,2.02,6.82,8.13,0.9192,hlth_sha11_hp,SHA2011_V3,2024-09-26
2014,SE,NPISH_SCHEME,OTHER,ANCILLARY_SERVICES,154276107648.58,6.12,59.49,37.1,6727.87,6.58,10.0,22.65,5.48,2.72,6.26,1.5427,hlth_sha11_hf,SHA2011_V2,2025-02-20
2015,DK,HOUSEHOLD_OOP,ADMINISTRATION,GOVERNANCE,8504523584.59,6.76,82.29,14.48,1819.57,6.98,21.74,17.28,5.01,6.31,4.49,0.8484,hlth_sha11_exp,SHA2011_V1,2024-02-11
2016,IE,GOV_SCHEME,PREVENTIVE,LONG_TERM_CARE,228194355716.95,10.61,77.07,24.28,7156.94,7.24,22.71,14.07,3.47,1.69,6.61,0.5908,hlth_sha11_hc,SHA2011_V3,2025-08-18
2017,PL,COMPULSORY_HEALTH_INSURANCE,LONG_TERM_CARE,PREVENTION,170900043010.44,7.36,60.7,33.99,4609.57,5.61,19.3,6.0,4.01,1.72,0.89,1.0386,hlth_sha11_hp,SHA2011_V2,2024-04-21
2018,AT,VOLUNTARY_HEALTH_INSURANCE,RETAIL_MEDICAL_GOODS,REHABILITATION,31041833415.41,8.44,86.31,8.78,2893.66,3.12,19.99,3.3,3.87,3.08,5.02,1.5434,hlth_sha11_hf,SHA2011_V1,2025-05-10
2019,EE,NPISH_SCHEME,AMBULATORY,MEDICAL_GOODS,95294186018.32,6.34,87.14,19.73,5509.67,7.24,19.55,10.92,6.29,7.27,2.24,0.4311,hlth_sha11_exp,SHA2011_V3,2025-06-08
2020,IT,HOUSEHOLD_OOP,HOSPITALS,CURATIVE_CARE,172333887291.02,6.62,61.1,35.14,2242.4,6.54,21.97,10.12,5.18,10.39,7.52,0.6459,hlth_sha11_hc,SHA2011_V2,2025-02-07
2021,PT,GOV_SCHEME,OTHER,ANCILLARY_SERVICES,161831323809.95,6.74,65.59,33.69,1476.18,3.62,18.3,18.34,4.38,4.66,4.43,1.5173,hlth_sha11_hp,SHA2011_V1,2025-10-30
2022,BE,COMPULSORY_HEALTH_INSURANCE,ADMINISTRATION,GOVERNANCE,100757665161.17,6.82,70.89,33.78,835.59,6.64,11.4,24.43,1.87,5.14,5.51,0.9079,hlth_sha11_hf,SHA2011_V3,2024-02-28
2023,FI,VOLUNTARY_HEALTH_INSURANCE,PREVENTIVE,LONG_TERM_CARE,45975865466.73,13.42,83.2,15.89,4374.96,4.11,21.59,19.75,4.67,5.07,3.69,1.1631,hlth_sha11_exp,SHA2011_V2,2024-12-26
2024,LV,NPISH_SCHEME,LONG_TERM_CARE,PREVENTION,219854380672.77,6.84,74.33,35.84,5328.21,4.05,19.77,7.03,5.98,3.36,3.45,1.4045,hlth_sha11_hc,SHA2011_V1,2025-12-07
2025,RO,HOUSEHOLD_OOP,RETAIL_MEDICAL_GOODS,REHABILITATION,229871084226.94,11.28,66.51,35.88,2019.17,6.39,13.26,9.68,5.44,8.16,4.33,1.3731,hlth_sha11_hp,SHA2011_V3,2024-11-24
2006,BG,GOV_SCHEME,AMBULATORY,MEDICAL_GOODS,128146889438.69,9.12,75.38,31.41,6415.04,5.44,25.85,22.46,6.04,2.68,5.09,0.9832,hlth_sha11_hf,SHA2011_V2,2025-11-06
2007,FR,COMPULSORY_HEALTH_INSURANCE,HOSPITALS,CURATIVE_CARE,110909783603.17,13.21,56.29,45.0,6116.89,6.64,21.97,12.69,5.12,3.84,5.5,0.6165,hlth_sha11_exp,SHA2011_V1,2024-09-07
2008,LT,VOLUNTARY_HEALTH_INSURANCE,OTHER,ANCILLARY_SERVICES,55419052445.65,10.58,77.26,31.4,3545.66,6.53,25.39,12.93,5.64,2.77,1.47,1.0792,hlth_sha11_hc,SHA2011_V3,2026-02-10
2009,SK,NPISH_SCHEME,ADMINISTRATION,GOVERNANCE,75563392376.34,7.89,80.97,18.21,2702.86,4.77,8.06,9.82,5.03,4.55,0.96,1.6497,hlth_sha11_hp,SHA2011_V2,2025-08-26
2010,HR,HOUSEHOLD_OOP,PREVENTIVE,LONG_TERM_CARE,26742624423.99,10.99,57.49,44.13,1104.2,5.61,10.17,9.5,4.42,6.11,4.91,1.2721,hlth_sha11_hf,SHA2011_V1,2024-06-08
2011,DE,GOV_SCHEME,LONG_TERM_CARE,PREVENTION,9571196189.71,6.81,56.25,41.61,7139.61,3.11,26.29,24.11,2.55,4.96,1.33,1.6794,hlth_sha11_exp,SHA2011_V3,2024-04-19
2012,LU,COMPULSORY_HEALTH_INSURANCE,RETAIL_MEDICAL_GOODS,REHABILITATION,136015741716.12,6.72,75.77,31.74,6159.99,2.83,12.52,12.95,1.79,5.45,2.49,1.4223,hlth_sha11_hc,SHA2011_V2,2025-02-10
2013,SI,VOLUNTARY_HEALTH_INSURANCE,AMBULATORY,MEDICAL_GOODS,9264996082.65,12.64,83.86,16.3,986.78,7.25,25.14,25.25,4.12,1.77,1.91,1.7461,hlth_sha11_hp,SHA2011_V1,2025-08-14
2014,CY,NPISH_SCHEME,HOSPITALS,CURATIVE_CARE,61049667886.13,10.72,67.79,40.98,6403.22,6.15,8.12,9.86,1.97,2.85,6.76,1.2882,hlth_sha11_hf,SHA2011_V3,2025-12-05
2015,GR,HOUSEHOLD_OOP,OTHER,ANCILLARY_SERVICES,8047120727.01,8.95,78.68,28.14,1965.95,2.71,18.63,26.0,1.69,6.87,3.32,1.172,hlth_sha11_exp,SHA2011_V2,2024-04-01
2016,MT,GOV_SCHEME,ADMINISTRATION,GOVERNANCE,92366341143.52,5.79,64.14,34.42,3398.67,4.7,14.59,27.49,5.34,2.63,6.25,1.3043,hlth_sha11_hc,SHA2011_V1,2025-01-21
2017,ES,COMPULSORY_HEALTH_INSURANCE,PREVENTIVE,LONG_TERM_CARE,74956057025.65,9.29,55.81,45.0,4019.59,6.71,21.01,18.84,4.96,5.92,8.15,0.772,hlth_sha11_hp,SHA2011_V3,2024-06-05
2018,CZ,VOLUNTARY_HEALTH_INSURANCE,LONG_TERM_CARE,PREVENTION,72077786827.07,12.67,57.94,41.68,9855.75,4.43,13.4,26.08,1.61,4.02,5.78,0.7063,hlth_sha11_hf,SHA2011_V2,2024-03-22
2019,HU,NPISH_SCHEME,RETAIL_MEDICAL_GOODS,REHABILITATION,131371899531.23,13.15,58.27,45.0,10161.95,3.26,24.18,26.65,6.25,4.59,5.67,0.7175,hlth_sha11_exp,SHA2011_V1,2025-11-28
2020,NL,HOUSEHOLD_OOP,AMBULATORY,MEDICAL_GOODS,140280805617.24,12.18,73.92,23.89,10191.61,5.14,8.48,14.98,4.86,3.08,6.6,1.2126,hlth_sha11_hc,SHA2011_V3,2024-06-12
2021,SE,GOV_SCHEME,HOSPITALS,CURATIVE_CARE,38018623617.6,9.65,81.87,16.42,6403.77,2.71,13.39,4.81,5.99,8.23,5.78,0.8517,hlth_sha11_hp,SHA2011_V2,2025-08-11
2022,DK,COMPULSORY_HEALTH_INSURANCE,OTHER,ANCILLARY_SERVICES,103523539698.23,10.28,85.29,21.68,7829.33,4.57,9.81,16.01,6.15,3.13,0.76,1.6773,hlth_sha11_hf,SHA2011_V1,2024-09-03
2023,IE,VOLUNTARY_HEALTH_INSURANCE,ADMINISTRATION,GOVERNANCE,409580514513.68,6.47,79.67,18.76,4731.41,4.99,14.62,18.25,5.71,0.63,6.3,0.7574,hlth_sha11_exp,SHA2011_V3,2024-03-08
2024,PL,NPISH_SCHEME,PREVENTIVE,LONG_TERM_CARE,17801331828.87,11.66,68.25,38.89,5307.57,3.72,15.09,11.84,5.65,4.36,2.98,1.6108,hlth_sha11_hc,SHA2011_V2,2025-08-25
2025,AT,HOUSEHOLD_OOP,LONG_TERM_CARE,PREVENTION,32828713947.71,10.1,77.84,19.16,8605.41,4.86,26.03,3.74,3.14,5.11,4.72,0.629,hlth_sha11_hp,SHA2011_V1,2024-01-29
2006,EE,GOV_SCHEME,RETAIL_MEDICAL_GOODS,REHABILITATION,72615205105.6,9.16,87.04,11.64,8081.79,2.82,11.74,5.94,3.26,7.19,5.19,1.3025,hlth_sha11_hf,SHA2011_V3,2024-07-01
2007,IT,COMPULSORY_HEALTH_INSURANCE,AMBULATORY,MEDICAL_GOODS,151519609618.37,8.93,66.15,44.95,7515.02,1.97,10.93,4.47,3.63,7.68,5.42,0.9092,hlth_sha11_exp,SHA2011_V2,2025-04-01
2008,PT,VOLUNTARY_HEALTH_INSURANCE,HOSPITALS,CURATIVE_CARE,7018604962.31,6.27,58.43,45.0,3817.29,1.74,12.99,26.74,2.01,8.41,0.96,1.3842,hlth_sha11_hc,SHA2011_V1,2026-02-02
2009,BE,NPISH_SCHEME,OTHER,ANCILLARY_SERVICES,221671729751.74,13.15,62.5,33.67,2840.38,4.23,19.95,23.06,5.57,7.71,4.24,1.1185,hlth_sha11_hp,SHA2011_V3,2025-10-19
2010,FI,HOUSEHOLD_OOP,ADMINISTRATION,GOVERNANCE,52364349493.65,7.61,62.04,45.0,8004.75,2.09,20.02,6.2,1.67,4.56,6.95,1.4143,hlth_sha11_hf,SHA2011_V2,2025-07-01
2011,LV,GOV_SCHEME,PREVENTIVE,LONG_TERM_CARE,278371100171.66,7.66,56.94,45.0,6598.68,4.47,20.74,9.17,4.36,6.2,5.04,0.9361,hlth_sha11_exp,SHA2011_V1,2025-11-08
2012,RO,COMPULSORY_HEALTH_INSURANCE,LONG_TERM_CARE,PREVENTION,153695795658.57,7.24,77.2,17.05,4338.45,5.59,24.51,26.37,4.39,1.93,1.04,1.5277,hlth_sha11_hc,SHA2011_V3,2025-08-04
2013,BG,VOLUNTARY_HEALTH_INSURANCE,RETAIL_MEDICAL_GOODS,REHABILITATION,2206820223.25,8.3,55.2,45.0,4058.56,3.1,26.96,3.36,4.05,7.44,2.81,0.6223,hlth_sha11_hp,SHA2011_V2,2024-05-16
2014,FR,NPISH_SCHEME,AMBULATORY,MEDICAL_GOODS,143395473236.23,6.01,85.58,8.65,6900.16,4.38,19.8,18.5,5.77,2.64,3.11,1.0585,hlth_sha11_hf,SHA2011_V1,2024-04-21
2015,LT,HOUSEHOLD_OOP,HOSPITALS,CURATIVE_CARE,31821673966.35,10.98,59.89,38.71,6383.3,4.7,20.18,13.19,4.1,4.39,2.02,1.3302,hlth_sha11_exp,SHA2011_V3,2025-08-24
2016,SK,GOV_SCHEME,OTHER,ANCILLARY_SERVICES,268104243356.76,13.74,69.87,32.0,2950.01,3.57,8.52,4.68,5.51,5.37,6.14,1.6968,hlth_sha11_hc,SHA2011_V2,2025-12-14
2017,HR,COMPULSORY_HEALTH_INSURANCE,ADMINISTRATION,GOVERNANCE,59202405858.46,10.44,72.36,25.08,3654.52,4.36,23.57,10.23,5.35,7.62,6.8,1.2155,hlth_sha11_hp,SHA2011_V1,2026-01-23
2018,DE,VOLUNTARY_HEALTH_INSURANCE,PREVENTIVE,LONG_TERM_CARE,52364690491.48,12.85,61.1,45.0,3537.03,5.17,23.95,12.5,6.07,6.89,7.69,1.4454,hlth_sha11_hf,SHA2011_V3,2024-03-19
2019,LU,NPISH_SCHEME,LONG_TERM_CARE,PREVENTION,302180801243.97,9.22,60.81,44.57,10923.47,6.94,13.31,12.61,2.94,7.21,1.71,0.6276,hlth_sha11_exp,SHA2011_V2,2025-03-17
2020,SI,HOUSEHOLD_OOP,RETAIL_MEDICAL_GOODS,REHABILITATION,31304937203.01,8.04,65.02,33.47,1663.19,5.31,26.73,8.86,4.12,8.1,2.25,0.6369,hlth_sha11_hc,SHA2011_V1,2025-08-01
2021,CY,GOV_SCHEME,AMBULATORY,MEDICAL_GOODS,216100026103.78,13.54,84.87,15.14,9085.27,2.39,9.67,22.54,6.44,4.85,6.18,1.6291,hlth_sha11_hp,SHA2011_V3,2024-02-15
2022,GR,COMPULSORY_HEALTH_INSURANCE,HOSPITALS,CURATIVE_CARE,14745688653.0,9.18,74.44,22.58,1485.31,7.16,24.43,27.89,4.44,0.53,1.66,0.8341,hlth_sha11_hf,SHA2011_V2,2024-03-14
2023,MT,VOLUNTARY_HEALTH_INSURANCE,OTHER,ANCILLARY_SERVICES,339095419304.34,9.39,56.66,45.0,5774.44,4.37,16.75,19.39,5.69,5.05,6.39,0.9363,hlth_sha11_exp,SHA2011_V1,2025-08-30
2024,ES,NPISH_SCHEME,ADMINISTRATION,GOVERNANCE,206115791197.05,5.92,68.97,37.27,9695.04,3.06,16.32,4.45,4.32,1.9,5.88,0.9837,hlth_sha11_hc,SHA2011_V3,2025-10-23
2025,CZ,HOUSEHOLD_OOP,PREVENTIVE,LONG_TERM_CARE,43556665446.9,11.32,76.48,33.42,8332.84,7.51,15.87,8.29,6.16,0.84,3.73,1.6554,hlth_sha11_hp,SHA2011_V2,2025-09-17
2006,HU,GOV_SCHEME,LONG_TERM_CARE,PREVENTION,240886229923.01,6.22,81.64,23.69,1040.75,2.51,9.94,4.87,4.18,1.34,6.03,1.2793,hlth_sha11_hf,SHA2011_V1,2024-08-02
2007,NL,COMPULSORY_HEALTH_INSURANCE,RETAIL_MEDICAL_GOODS,REHABILITATION,94778152564.03,12.61,84.78,24.09,2708.12,1.99,14.24,15.44,5.23,4.24,6.46,0.4472,hlth_sha11_exp,SHA2011_V3,2025-11-12
2008,SE,VOLUNTARY_HEALTH_INSURANCE,AMBULATORY,MEDICAL_GOODS,62827342657.44,12.78,78.19,16.9,7248.24,1.96,17.89,6.65,5.71,1.31,2.51,1.3972,hlth_sha11_hc,SHA2011_V2,2025-02-13
2009,DK,NPISH_SCHEME,HOSPITALS,CURATIVE_CARE,45270239596.19,9.18,68.22,42.75,2040.77,6.17,24.76,15.87,3.81,0.76,5.96,1.4776,hlth_sha11_hp,SHA2011_V1,2024-01-07
2010,IE,HOUSEHOLD_OOP,OTHER,ANCILLARY_SERVICES,15343637229.36,8.89,55.14,39.69,3459.25,5.87,17.49,23.9,4.74,7.38,5.21,1.3586,hlth_sha11_hf,SHA2011_V3,2026-02-07
2011,PL,GOV_SCHEME,ADMINISTRATION,GOVERNANCE,102209219915.17,7.28,85.8,9.63,6649.22,5.21,14.12,14.43,5.23,0.71,5.85,1.3085,hlth_sha11_exp,SHA2011_V2,2025-07-29
2012,AT,COMPULSORY_HEALTH_INSURANCE,PREVENTIVE,LONG_TERM_CARE,37854647031.88,7.57,56.41,45.0,4545.48,5.12,20.38,26.03,5.7,2.63,2.76,0.9254,hlth_sha11_hc,SHA2011_V1,2024-11-02
2013,EE,VOLUNTARY_HEALTH_INSURANCE,LONG_TERM_CARE,PREVENTION,295425185843.91,13.23,64.16,30.61,1946.14,1.56,24.3,8.89,4.22,0.87,6.48,1.4707,hlth_sha11_hp,SHA2011_V3,2024-06-14
2014,IT,NPISH_SCHEME,RETAIL_MEDICAL_GOODS,REHABILITATION,296301090542.95,12.38,71.7,25.42,2251.22,5.35,11.47,18.98,1.15,3.59,4.13,0.46,hlth_sha11_hf,SHA2011_V2,2024-05-15
2015,PT,HOUSEHOLD_OOP,AMBULATORY,MEDICAL_GOODS,156256957152.14,5.85,55.6,45.0,4303.29,7.81,17.21,23.8,5.66,1.36,1.6,1.2385,hlth_sha11_exp,SHA2011_V1,2025-03-27
2016,BE,GOV_SCHEME,HOSPITALS,CURATIVE_CARE,238235432992.37,7.78,73.91,26.35,3729.05,1.57,9.45,7.62,1.15,8.02,6.91,1.4087,hlth_sha11_hc,SHA2011_V3,2025-10-02
2017,FI,COMPULSORY_HEALTH_INSURANCE,OTHER,ANCILLARY_SERVICES,63084596266.41,10.17,60.73,45.0,2934.13,7.3,21.57,16.03,3.96,7.23,4.74,1.1792,hlth_sha11_hp,SHA2011_V2,2024-08-03
2018,LV,VOLUNTARY_HEALTH_INSURANCE,ADMINISTRATION,GOVERNANCE,285699518017.51,10.37,63.74,45.0,5978.9,6.74,19.46,10.28,5.66,6.53,2.51,0.8485,hlth_sha11_hf,SHA2011_V1,2025-06-13
2019,RO,NPISH_SCHEME,PREVENTIVE,LONG_TERM_CARE,307077951241.22,9.03,60.92,40.12,5359.61,3.47,10.23,11.19,2.08,6.49,6.93,1.6819,hlth_sha11_exp,SHA2011_V3,2025-10-01
2020,BG,HOUSEHOLD_OOP,LONG_TERM_CARE,PREVENTION,253635938903.74,8.33,61.72,45.0,1299.52,2.16,24.67,9.63,1.58,5.3,4.76,2.3108,hlth_sha11_hc,SHA2011_V2,2024-12-09
2021,FR,GOV_SCHEME,RETAIL_MEDICAL_GOODS,REHABILITATION,325837398372.97,5.67,61.34,33.09,3651.51,4.31,21.64,13.87,4.05,0.94,2.59,1.7865,hlth_sha11_hp,SHA2011_V1,2025-02-25
2022,LT,COMPULSORY_HEALTH_INSURANCE,AMBULATORY,MEDICAL_GOODS,336883298500.8,11.87,72.63,29.01,3955.84,1.59,12.56,19.0,2.42,0.86,6.64,1.4889,hlth_sha11_hf,SHA2011_V3,2025-04-10
2023,SK,VOLUNTARY_HEALTH_INSURANCE,HOSPITALS,CURATIVE_CARE,381657646464.81,6.1,84.4,21.47,9679.54,3.57,8.39,12.17,2.36,7.45,1.71,1.0011,hlth_sha11_exp,SHA2011_V2,2024-05-09
2024,HR,NPISH_SCHEME,OTHER,ANCILLARY_SERVICES,205817264744.21,10.32,65.78,37.36,6020.16,6.32,21.13,6.85,5.89,4.75,5.49,0.5197,hlth_sha11_hc,SHA2011_V1,2024-11-26
2025,DE,HOUSEHOLD_OOP,ADMINISTRATION,GOVERNANCE,165675766750.46,12.76,85.04,10.28,2004.32,5.83,24.32,21.04,1.22,6.58,3.52,1.6619,hlth_sha11_hp,SHA2011_V3,2024-05-30
2006,LU,GOV_SCHEME,PREVENTIVE,LONG_TERM_CARE,179616251852.67,11.31,80.99,14.63,5862.8,6.47,22.15,19.61,1.57,2.26,3.42,1.5137,hlth_sha11_hf,SHA2011_V2,2025-05-17
2007,SI,COMPULSORY_HEALTH_INSURANCE,LONG_TERM_CARE,PREVENTION,54300329750.44,6.99,71.27,25.66,7130.59,4.6,12.6,7.63,4.42,4.82,7.93,0.752,hlth_sha11_exp,SHA2011_V1,2025-11-08
2008,CY,VOLUNTARY_HEALTH_INSURANCE,RETAIL_MEDICAL_GOODS,REHABILITATION,109657812679.43,6.8,71.69,38.19,8527.41,2.05,16.21,22.29,2.19,5.09,4.63,1.3904,hlth_sha11_hc,SHA2011_V3,2025-09-19
2009,GR,NPISH_SCHEME,AMBULATORY,MEDICAL_GOODS,168053896056.94,11.69,85.33,19.44,1880.11,6.92,17.61,4.34,2.4,3.34,5.06,1.0217,hlth_sha11_hp,SHA2011_V2,2024-10-03
2010,MT,HOUSEHOLD_OOP,HOSPITALS,CURATIVE_CARE,150844311829.56,10.42,61.31,33.5,7127.04,7.27,15.32,4.52,6.03,7.92,5.14,0.691,hlth_sha11_hf,SHA2011_V1,2024-09-27
2011,ES,GOV_SCHEME,OTHER,ANCILLARY_SERVICES,198970442183.19,11.06,75.59,23.79,7317.87,7.42,15.73,16.91,3.54,4.23,6.62,0.4766,hlth_sha11_exp,SHA2011_V3,2024-03-14
2012,CZ,COMPULSORY_HEALTH_INSURANCE,ADMINISTRATION,GOVERNANCE,170899168315.76,8.54,74.01,29.7,6029.36,4.21,25.93,15.62,6.09,1.11,5.44,0.5594,hlth_sha11_hc,SHA2011_V2,2024-06-08
2013,HU,VOLUNTARY_HEALTH_INSURANCE,PREVENTIVE,LONG_TERM_CARE,28623440243.55,5.59,86.55,21.58,5029.55,4.3,19.83,7.49,1.65,3.86,0.94,1.3194,hlth_sha11_hp,SHA2011_V1,2024-01-17
2014,NL,NPISH_SCHEME,LONG_TERM_CARE,PREVENTION,263207556470.61,10.51,82.69,21.8,1593.54,3.21,22.01,15.13,5.46,5.96,6.01,1.41,hlth_sha11_hf,SHA2011_V3,2024-04-02
2015,SE,HOUSEHOLD_OOP,RETAIL_MEDICAL_GOODS,REHABILITATION,100211362473.47,5.59,76.08,33.91,7360.27,5.21,20.99,9.55,1.85,3.08,2.19,1.4309,hlth_sha11_exp,SHA2011_V2,2025-11-17
2016,DK,GOV_SCHEME,AMBULATORY,MEDICAL_GOODS,194794520185.85,9.81,61.85,32.17,6880.14,4.87,9.43,26.48,2.01,0.51,2.29,0.4301,hlth_sha11_hc,SHA2011_V1,2025-12-30
2017,IE,COMPULSORY_HEALTH_INSURANCE,HOSPITALS,CURATIVE_CARE,162340708080.82,12.54,70.66,39.11,1371.07,5.18,22.06,19.23,2.38,4.13,3.75,0.5996,hlth_sha11_hp,SHA2011_V3,2024-03-18
2018,PL,VOLUNTARY_HEALTH_INSURANCE,OTHER,ANCILLARY_SERVICES,87308860374.3,10.86,63.45,30.74,5087.88,5.35,16.34,25.59,2.34,7.17,2.31,1.6157,hlth_sha11_hf,SHA2011_V2,2024-09-07
2019,AT,NPISH_SCHEME,ADMINISTRATION,GOVERNANCE,35378827596.58,12.97,65.15,45.0,2432.3,3.13,25.46,15.95,3.82,3.06,3.68,1.7409,hlth_sha11_exp,SHA2011_V1,2024-02-21
2020,EE,HOUSEHOLD_OOP,PREVENTIVE,LONG_TERM_CARE,311854970577.59,9.45,67.63,29.07,7999.98,4.28,15.16,23.75,2.45,5.9,7.35,1.0989,hlth_sha11_hc,SHA2011_V3,2024-09-29
2021,IT,GOV_SCHEME,LONG_TERM_CARE,PREVENTION,304787093125.49,13.79,56.29,45.0,6145.18,6.61,14.47,14.92,5.49,8.31,7.33,2.0035,hlth_sha11_hp,SHA2011_V2,2025-11-17
2022,PT,COMPULSORY_HEALTH_INSURANCE,RETAIL_MEDICAL_GOODS,REHABILITATION,358415365154.25,5.96,72.79,29.94,10493.9,7.74,25.36,6.14,3.77,5.63,5.0,0.8748,hlth_sha11_hf,SHA2011_V1,2026-02-24
2023,BE,VOLUNTARY_HEALTH_INSURANCE,AMBULATORY,MEDICAL_GOODS,178933079715.83,10.08,74.71,24.98,1520.36,2.08,24.9,4.34,4.22,4.4,2.0,1.1906,hlth_sha11_exp,SHA2011_V3,2024-10-30
2024,FI,NPISH_SCHEME,HOSPITALS,CURATIVE_CARE,42557061835.4,8.22,66.17,35.13,9992.35,7.63,14.28,20.24,2.17,1.92,4.02,0.5971,hlth_sha11_hc,SHA2011_V2,2024-06-05
2025,LV,HOUSEHOLD_OOP,OTHER,ANCILLARY_SERVICES,164687306424.89,7.23,84.83,22.0,8748.81,5.28,21.75,21.53,5.02,1.14,5.7,1.6963,hlth_sha11_hp,SHA2011_V1,2024-02-28
2006,RO,GOV_SCHEME,ADMINISTRATION,GOVERNANCE,242950083054.99,6.62,74.5,22.42,2117.52,7.48,8.22,7.61,6.39,7.77,6.64,1.7085,hlth_sha11_hf,SHA2011_V3,2024-02-08
2007,BG,COMPULSORY_HEALTH_INSURANCE,PREVENTIVE,LONG_TERM_CARE,132165269903.63,12.61,66.34,34.11,6155.44,2.83,15.68,14.1,1.95,7.2,3.96,1.6881,hlth_sha11_exp,SHA2011_V2,2025-05-12
2008,FR,VOLUNTARY_HEALTH_INSURANCE,LONG_TERM_CARE,PREVENTION,239106455369.06,5.67,59.03,45.0,2881.22,2.11,26.98,14.57,5.84,2.06,4.07,1.7121,hlth_sha11_hc,SHA2011_V1,2026-01-12
2009,LT,NPISH_SCHEME,RETAIL_MEDICAL_GOODS,REHABILITATION,83931198927.93,13.72,84.4,24.26,7795.86,5.34,8.49,16.79,5.67,6.4,2.08,0.7781,hlth_sha11_hp,SHA2011_V3,2024-05-23
2010,SK,HOUSEHOLD_OOP,AMBULATORY,MEDICAL_GOODS,187227025709.44,12.61,60.01,35.93,7618.66,1.82,15.91,22.28,5.22,5.71,1.59,0.7738,hlth_sha11_hf,SHA2011_V2,2024-01-05
2011,HR,GOV_SCHEME,HOSPITALS,CURATIVE_CARE,95337664666.14,10.8,56.8,37.71,5195.85,2.03,11.26,13.44,2.56,7.72,1.34,1.3497,hlth_sha11_exp,SHA2011_V1,2025-09-29
2012,DE,COMPULSORY_HEALTH_INSURANCE,OTHER,ANCILLARY_SERVICES,147060562550.04,13.79,81.77,20.4,2932.39,4.6,10.05,8.33,1.26,6.07,5.1,0.824,hlth_sha11_hc,SHA2011_V3,2024-09-30
2013,LU,VOLUNTARY_HEALTH_INSURANCE,ADMINISTRATION,GOVERNANCE,120629784928.06,9.6,63.58,41.76,6954.26,3.62,16.84,4.98,5.3,1.24,7.82,0.556,hlth_sha11_hp,SHA2011_V2,2024-10-15
2014,SI,NPISH_SCHEME,PREVENTIVE,LONG_TERM_CARE,180662311579.88,10.71,70.07,27.22,8512.67,3.02,20.34,5.39,1.85,3.38,7.5,0.8246,hlth_sha11_hf,SHA2011_V1,2025-12-18
2015,CY,HOUSEHOLD_OOP,LONG_TERM_CARE,PREVENTION,235312813401.01,8.22,67.41,37.22,4589.93,4.21,10.95,16.35,6.08,7.31,3.0,1.4891,hlth_sha11_exp,SHA2011_V3,2026-02-21
2016,GR,GOV_SCHEME,RETAIL_MEDICAL_GOODS,REHABILITATION,124436465654.69,8.9,67.19,34.14,3793.54,4.13,11.72,23.8,1.82,2.65,8.24,0.8928,hlth_sha11_hc,SHA2011_V2,2024-04-01
2017,MT,COMPULSORY_HEALTH_INSURANCE,AMBULATORY,MEDICAL_GOODS,93259419399.72,13.75,68.6,40.69,9471.91,5.65,13.27,3.07,2.12,5.84,2.73,0.8626,hlth_sha11_hp,SHA2011_V1,2024-04-29
2018,ES,VOLUNTARY_HEALTH_INSURANCE,HOSPITALS,CURATIVE_CARE,136793753328.23,8.04,59.82,34.51,1811.95,4.04,15.34,18.37,3.76,6.1,4.49,0.92,hlth_sha11_hf,SHA2011_V3,2024-12-14
2019,CZ,NPISH_SCHEME,OTHER,ANCILLARY_SERVICES,214789120364.17,9.31,81.39,18.97,2437.43,3.84,17.39,13.08,5.33,1.09,4.56,0.8636,hlth_sha11_exp,SHA2011_V2,2024-01-05
2020,HU,HOUSEHOLD_OOP,ADMINISTRATION,GOVERNANCE,36043624243.74,11.74,71.68,39.16,3482.95,3.34,8.32,22.19,1.17,1.14,7.27,2.2385,hlth_sha11_hc,SHA2011_V1,2024-08-10
2021,NL,GOV_SCHEME,PREVENTIVE,LONG_TERM_CARE,258831660386.77,10.88,58.01,45.0,5139.51,7.44,25.34,13.62,3.69,3.76,3.59,2.056,hlth_sha11_hp,SHA2011_V3,2024-08-05
2022,SE,COMPULSORY_HEALTH_INSURANCE,LONG_TERM_CARE,PREVENTION,91581034593.64,13.07,59.25,45.0,3676.36,4.4,21.02,10.98,3.85,1.15,6.39,1.5432,hlth_sha11_hf,SHA2011_V2,2024-11-30
2023,DK,VOLUNTARY_HEALTH_INSURANCE,RETAIL_MEDICAL_GOODS,REHABILITATION,74242591667.88,5.85,57.68,42.61,5299.11,7.56,26.19,27.34,1.35,7.59,4.21,1.1968,hlth_sha11_exp,SHA2011_V1,2025-12-16
2024,IE,NPISH_SCHEME,AMBULATORY,MEDICAL_GOODS,244299984318.96,13.25,60.59,45.0,11230.57,5.17,12.42,9.81,6.4,2.52,3.3,0.555,hlth_sha11_hc,SHA2011_V3,2024-12-29
2025,PL,HOUSEHOLD_OOP,HOSPITALS,CURATIVE_CARE,217659018276.31,8.88,62.51,41.93,6122.89,7.83,17.4,14.5,2.68,6.56,2.28,0.6139,hlth_sha11_hp,SHA2011_V2,2024-03-29
2006,AT,GOV_SCHEME,OTHER,ANCILLARY_SERVICES,273183517414.51,6.06,71.0,37.2,3402.31,7.81,14.33,12.43,4.65,3.27,2.69,1.3357,hlth_sha11_hf,SHA2011_V1,2024-10-16
2007,EE,COMPULSORY_HEALTH_INSURANCE,ADMINISTRATION,GOVERNANCE,231553896208.54,11.42,73.57,29.56,5655.56,3.5,24.47,26.52,2.95,6.83,4.88,1.2888,hlth_sha11_exp,SHA2011_V3,2025-02-17
2008,IT,VOLUNTARY_HEALTH_INSURANCE,PREVENTIVE,LONG_TERM_CARE,60577208348.5,10.24,62.74,45.0,7593.82,3.95,23.26,25.12,2.87,1.35,1.41,1.2562,hlth_sha11_hc,SHA2011_V2,2024-12-24
2009,PT,NPISH_SCHEME,LONG_TERM_CARE,PREVENTION,242881256249.35,12.11,57.19,45.0,2654.04,4.97,22.72,16.55,4.07,5.34,4.2,1.6055,hlth_sha11_hp,SHA2011_V1,2025-07-06
2010,BE,HOUSEHOLD_OOP,RETAIL_MEDICAL_GOODS,REHABILITATION,42121842545.62,8.69,77.7,26.45,8483.55,6.78,8.25,6.12,6.33,7.08,4.84,0.7961,hlth_sha11_hf,SHA2011_V3,2026-01-03
2011,FI,GOV_SCHEME,AMBULATORY,MEDICAL_GOODS,133551443561.0,5.61,56.08,44.9,7211.92,6.1,21.96,4.41,2.28,7.06,2.48,1.0729,hlth_sha11_exp,SHA2011_V2,2025-03-06
2012,LV,COMPULSORY_HEALTH_INSURANCE,HOSPITALS,CURATIVE_CARE,149353400752.72,9.11,80.64,30.24,4831.93,4.42,12.67,8.6,4.5,2.58,5.77,1.5381,hlth_sha11_hc,SHA2011_V1,2024-12-15
2013,RO,VOLUNTARY_HEALTH_INSURANCE,OTHER,ANCILLARY_SERVICES,158467500711.91,12.82,64.25,41.65,2784.91,3.82,24.9,23.46,2.54,5.54,5.42,0.6781,hlth_sha11_hp,SHA2011_V3,2024-02-18
2014,BG,NPISH_SCHEME,ADMINISTRATION,GOVERNANCE,277095737884.05,8.96,55.14,45.0,3925.91,7.76,25.93,20.87,3.09,3.21,2.55,1.0774,hlth_sha11_hf,SHA2011_V2,2024-05-10
2015,FR,HOUSEHOLD_OOP,PREVENTIVE,LONG_TERM_CARE,178019649263.08,9.13,67.19,29.31,2836.79,5.59,8.76,3.48,4.09,0.56,7.08,0.9784,hlth_sha11_exp,SHA2011_V1,2024-08-21
2016,LT,GOV_SCHEME,LONG_TERM_CARE,PREVENTION,262591669709.96,12.24,85.28,11.16,4229.33,1.91,20.07,22.31,2.96,5.99,2.86,1.2392,hlth_sha11_hc,SHA2011_V3,2025-03-22
2017,SK,COMPULSORY_HEALTH_INSURANCE,RETAIL_MEDICAL_GOODS,REHABILITATION,207541554426.88,13.75,85.37,25.03,3876.23,7.68,20.11,17.56,5.27,4.67,3.3,0.9662,hlth_sha11_hp,SHA2011_V2,2026-02-17
2018,HR,VOLUNTARY_HEALTH_INSURANCE,AMBULATORY,MEDICAL_GOODS,62427101336.39,8.97,69.82,30.11,9165.26,5.73,24.01,16.28,3.76,6.89,7.05,0.8542,hlth_sha11_hf,SHA2011_V1,2024-11-06
2019,DE,NPISH_SCHEME,HOSPITALS,CURATIVE_CARE,114462402179.27,7.03,63.76,39.96,8229.27,3.34,24.2,18.06,2.46,1.32,1.8,1.5677,hlth_sha11_exp,SHA2011_V3,2025-09-12
2020,LU,HOUSEHOLD_OOP,OTHER,ANCILLARY_SERVICES,216335484190.46,9.45,55.87,45.0,7778.76,3.13,18.1,5.5,5.11,2.19,2.22,2.0568,hlth_sha11_hc,SHA2011_V2,2024-03-19
2021,SI,GOV_SCHEME,ADMINISTRATION,GOVERNANCE,53807615337.81,12.14,82.8,20.82,4894.73,2.18,25.15,9.57,1.98,8.43,3.43,0.9696,hlth_sha11_hp,SHA2011_V1,2025-05-27
2022,CY,COMPULSORY_HEALTH_INSURANCE,PREVENTIVE,LONG_TERM_CARE,222624891481.52,8.45,71.1,37.92,5441.27,5.43,8.35,14.27,3.04,0.9,2.37,1.2704,hlth_sha11_hf,SHA2011_V3,2024-05-21
2023,GR,VOLUNTARY_HEALTH_INSURANCE,LONG_TERM_CARE,PREVENTION,198411512470.64,11.11,55.37,45.0,6081.03,3.89,21.94,13.81,5.89,3.5,4.13,1.5012,hlth_sha11_exp,SHA2011_V2,2025-02-16
2024,MT,NPISH_SCHEME,RETAIL_MEDICAL_GOODS,REHABILITATION,148418674027.35,12.52,81.15,28.81,7369.23,1.71,10.72,23.24,3.26,7.75,4.29,1.6183,hlth_sha11_hc,SHA2011_V1,2025-10-25
2025,ES,HOUSEHOLD_OOP,AMBULATORY,MEDICAL_GOODS,120182106508.85,9.18,80.24,14.8,6314.77,2.14,9.09,13.48,4.72,6.6,0.92,0.5348,hlth_sha11_hp,SHA2011_V3,2024-09-05
2006,CZ,GOV_SCHEME,HOSPITALS,CURATIVE_CARE,243347419383.29,13.61,85.21,22.18,1585.2,4.12,18.82,9.06,5.24,5.35,2.84,0.5754,hlth_sha11_hf,SHA2011_V2,2024-08-15
2007,HU,COMPULSORY_HEALTH_INSURANCE,OTHER,ANCILLARY_SERVICES,282101691727.19,5.78,72.93,25.59,3395.65,5.28,11.41,21.96,4.19,1.13,6.18,1.4767,hlth_sha11_exp,SHA2011_V1,2024-09-05
2008,NL,VOLUNTARY_HEALTH_INSURANCE,ADMINISTRATION,GOVERNANCE,218242192888.25,12.76,63.01,41.77,2692.93,4.29,17.56,19.74,5.78,5.3,8.16,0.9247,hlth_sha11_hc,SHA2011_V3,2024-09-26
2009,SE,NPISH_SCHEME,PREVENTIVE,LONG_TERM_CARE,84155382193.53,13.47,72.23,38.3,4531.45,7.23,16.85,12.64,4.64,4.61,5.94,1.0917,hlth_sha11_hp,SHA2011_V2,2024-09-04
2010,DK,HOUSEHOLD_OOP,LONG_TERM_CARE,PREVENTION,86324202922.57,11.37,59.61,42.91,4762.36,5.65,23.3,4.01,4.6,5.46,6.31,0.6313,hlth_sha11_hf,SHA2011_V1,2024-07-29
2011,IE,GOV_SCHEME,RETAIL_MEDICAL_GOODS,REHABILITATION,174781021165.6,7.66,74.93,28.16,1561.73,7.07,23.42,17.82,5.87,6.32,5.73,1.2714,hlth_sha11_exp,SHA2011_V3,2024-01-22
2012,PL,COMPULSORY_HEALTH_INSURANCE,AMBULATORY,MEDICAL_GOODS,10649215429.88,7.84,64.97,32.89,5382.45,1.92,21.52,6.61,4.02,8.18,4.3,0.5914,hlth_sha11_hc,SHA2011_V2,2024-06-29
2013,AT,VOLUNTARY_HEALTH_INSURANCE,HOSPITALS,CURATIVE_CARE,81420937748.16,10.31,79.59,15.29,1564.69,7.93,21.44,25.67,4.33,5.63,4.98,0.4556,hlth_sha11_hp,SHA2011_V1,2025-04-16
2014,EE,NPISH_SCHEME,OTHER,ANCILLARY_SERVICES,15098166246.08,5.74,86.58,13.38,5456.19,6.48,26.34,12.9,6.16,5.34,3.29,1.1865,hlth_sha11_hf,SHA2011_V3,2026-02-20
2015,IT,HOUSEHOLD_OOP,ADMINISTRATION,GOVERNANCE,181553208720.52,11.87,61.63,41.63,5585.97,7.96,23.54,3.63,5.97,3.48,1.94,1.278,hlth_sha11_exp,SHA2011_V2,2025-11-30
2016,PT,GOV_SCHEME,PREVENTIVE,LONG_TERM_CARE,87716516552.22,10.52,77.14,23.61,2939.99,6.46,9.51,5.06,1.69,8.04,6.38,1.2165,hlth_sha11_hc,SHA2011_V1,2024-05-28
2017,BE,COMPULSORY_HEALTH_INSURANCE,LONG_TERM_CARE,PREVENTION,71161128984.34,6.88,67.48,31.48,1731.39,5.73,10.54,6.45,1.65,7.06,3.55,1.0671,hlth_sha11_hp,SHA2011_V3,2025-11-13
2018,FI,VOLUNTARY_HEALTH_INSURANCE,RETAIL_MEDICAL_GOODS,REHABILITATION,130886923437.16,7.95,65.22,34.61,5892.43,7.37,12.13,7.23,5.37,6.93,1.14,0.5686,hlth_sha11_hf,SHA2011_V2,2025-12-19
2019,LV,NPISH_SCHEME,AMBULATORY,MEDICAL_GOODS,76858603378.57,12.67,74.17,32.45,7902.93,2.28,24.59,13.84,6.39,6.17,3.12,1.5952,hlth_sha11_exp,SHA2011_V1,2024-04-10
2020,RO,HOUSEHOLD_OOP,HOSPITALS,CURATIVE_CARE,307092284165.52,5.68,70.6,25.04,3403.44,3.38,12.5,5.26,4.59,3.08,8.21,1.3115,hlth_sha11_hc,SHA2011_V3,2025-09-15
2021,BG,GOV_SCHEME,OTHER,ANCILLARY_SERVICES,143455938289.91,9.04,56.09,45.0,8553.61,4.6,23.81,4.3,5.84,5.72,6.73,1.9834,hlth_sha11_hp,SHA2011_V2,2025-10-10
2022,FR,COMPULSORY_HEALTH_INSURANCE,ADMINISTRATION,GOVERNANCE,29294236196.51,6.07,87.02,20.79,1149.45,1.5,11.25,23.52,3.19,5.71,3.52,1.0614,hlth_sha11_hf,SHA2011_V1,2024-03-23
2023,LT,VOLUNTARY_HEALTH_INSURANCE,PREVENTIVE,LONG_TERM_CARE,58654846725.43,8.43,61.11,33.54,4479.62,3.37,25.63,16.31,6.2,4.91,4.47,1.0238,hlth_sha11_exp,SHA2011_V3,2024-07-27
2024,SK,NPISH_SCHEME,LONG_TERM_CARE,PREVENTION,108966919039.35,12.91,64.05,38.74,8111.09,4.28,13.76,9.89,2.28,6.35,6.43,1.0036,hlth_sha11_hc,SHA2011_V2,2024-04-28
2025,HR,HOUSEHOLD_OOP,RETAIL_MEDICAL_GOODS,REHABILITATION,173852720164.38,12.79,71.19,26.51,5548.45,3.11,22.04,11.16,1.76,8.53,4.21,0.7105,hlth_sha11_hp,SHA2011_V1,2025-02-13
2006,DE,GOV_SCHEME,AMBULATORY,MEDICAL_GOODS,235068912052.61,10.43,71.96,33.63,6697.86,3.9,18.4,4.62,5.38,2.31,7.16,1.5253,hlth_sha11_hf,SHA2011_V3,2025-02-02
2007,LU,COMPULSORY_HEALTH_INSURANCE,HOSPITALS,CURATIVE_CARE,69217680407.94,11.48,68.14,40.6,5844.14,2.52,21.67,7.83,3.76,2.96,5.21,0.9826,hlth_sha11_exp,SHA2011_V2,2025-09-17
2008,SI,VOLUNTARY_HEALTH_INSURANCE,OTHER,ANCILLARY_SERVICES,150397949163.55,12.64,64.48,33.77,3145.26,8.0,8.66,23.22,2.7,0.51,4.38,1.2265,hlth_sha11_hc,SHA2011_V1,2025-11-24
2009,CY,NPISH_SCHEME,ADMINISTRATION,GOVERNANCE,263383557251.43,8.54,65.17,31.99,3165.79,3.19,17.25,7.87,4.73,4.26,6.69,1.5625,hlth_sha11_hp,SHA2011_V3,2025-12-07
2010,GR,HOUSEHOLD_OOP,PREVENTIVE,LONG_TERM_CARE,138385550110.97,13.68,60.59,45.0,2409.78,2.41,8.82,23.43,1.6,3.97,3.89,1.3719,hlth_sha11_hf,SHA2011_V2,2026-02-03
2011,MT,GOV_SCHEME,LONG_TERM_CARE,PREVENTION,264943280688.44,11.03,71.15,36.44,9493.98,3.37,17.86,5.36,2.51,4.75,1.6,0.955,hlth_sha11_exp,SHA2011_V1,2024-05-19
2012,ES,COMPULSORY_HEALTH_INSURANCE,RETAIL_MEDICAL_GOODS,REHABILITATION,336823672833.31,5.75,58.32,37.58,8145.34,6.31,9.34,4.14,3.23,6.5,4.66,1.4417,hlth_sha11_hc,SHA2011_V3,2024-12-30
2013,CZ,VOLUNTARY_HEALTH_INSURANCE,AMBULATORY,MEDICAL_GOODS,123444519271.53,6.92,58.12,43.75,5616.79,3.48,26.88,17.11,3.03,5.93,1.63,1.2579,hlth_sha11_hp,SHA2011_V2,2025-04-20
2014,HU,NPISH_SCHEME,HOSPITALS,CURATIVE_CARE,287472018397.62,9.9,75.19,21.45,7636.48,6.94,16.25,26.37,2.08,1.32,6.5,0.9895,hlth_sha11_hf,SHA2011_V1,2024-01-23
2015,NL,HOUSEHOLD_OOP,OTHER,ANCILLARY_SERVICES,90657282654.16,12.87,55.62,45.0,7005.79,5.71,10.44,3.27,1.29,2.99,5.83,1.0807,hlth_sha11_exp,SHA2011_V3,2024-10-20
2016,SE,GOV_SCHEME,ADMINISTRATION,GOVERNANCE,136142024252.04,13.69,55.43,42.51,9566.49,6.72,8.14,8.64,5.53,3.33,7.29,0.4565,hlth_sha11_hc,SHA2011_V2,2024-05-23
2017,DK,COMPULSORY_HEALTH_INSURANCE,PREVENTIVE,LONG_TERM_CARE,127542853550.23,6.94,60.53,39.75,3187.11,3.31,22.84,5.46,2.74,4.4,6.37,1.221,hlth_sha11_hp,SHA2011_V1,2024-12-20
2018,IE,VOLUNTARY_HEALTH_INSURANCE,LONG_TERM_CARE,PREVENTION,383571674617.94,9.53,68.6,37.07,3270.85,6.46,12.75,5.03,2.44,2.65,6.61,0.9179,hlth_sha11_hf,SHA2011_V3,2024-09-28
2019,PL,NPISH_SCHEME,RETAIL_MEDICAL_GOODS,REHABILITATION,133083095838.05,6.21,65.75,29.66,7270.32,6.3,26.29,11.11,2.22,3.05,7.35,0.7365,hlth_sha11_exp,SHA2011_V2,2026-01-24
2020,AT,HOUSEHOLD_OOP,AMBULATORY,MEDICAL_GOODS,129740683853.91,9.14,68.81,28.12,6823.61,4.43,16.48,13.56,5.79,10.86,4.43,1.1118,hlth_sha11_hc,SHA2011_V1,2025-03-01
2021,EE,GOV_SCHEME,HOSPITALS,CURATIVE_CARE,75422541491.68,13.69,60.72,39.3,3934.43,5.9,25.31,5.96,2.6,6.12,6.1,1.0408,hlth_sha11_hp,SHA2011_V3,2025-09-25
2022,IT,COMPULSORY_HEALTH_INSURANCE,OTHER,ANCILLARY_SERVICES,171734690471.65,8.48,69.65,40.5,2736.21,7.36,24.59,12.23,6.09,7.89,7.98,1.3801,hlth_sha11_hf,SHA2011_V2,2025-05-20
2023,PT,VOLUNTARY_HEALTH_INSURANCE,ADMINISTRATION,GOVERNANCE,238443798379.46,10.76,63.52,45.0,10945.19,7.14,24.58,4.1,4.51,0.85,7.4,1.5226,hlth_sha11_exp,SHA2011_V1,2025-04-16
2024,BE,NPISH_SCHEME,PREVENTIVE,LONG_TERM_CARE,241110728010.74,12.68,77.63,21.38,5333.68,4.5,15.16,12.79,1.81,0.58,5.87,1.1446,hlth_sha11_hc,SHA2011_V3,2025-05-15
2025,FI,HOUSEHOLD_OOP,LONG_TERM_CARE,PREVENTION,124950843076.38,10.09,84.65,22.22,6118.95,2.81,16.61,19.89,6.02,4.6,4.5,0.4524,hlth_sha11_hp,SHA2011_V2,2024-11-29
2006,LV,GOV_SCHEME,RETAIL_MEDICAL_GOODS,REHABILITATION,131753490987.04,9.32,72.93,25.99,5907.18,3.93,21.78,20.54,4.09,5.8,5.52,1.1994,hlth_sha11_hf,SHA2011_V1,2024-04-12
2007,RO,COMPULSORY_HEALTH_INSURANCE,AMBULATORY,MEDICAL_GOODS,125034572004.45,11.46,86.54,18.23,2605.15,4.07,13.51,17.29,3.4,6.43,6.48,0.8538,hlth_sha11_exp,SHA2011_V3,2025-01-12
2008,BG,VOLUNTARY_HEALTH_INSURANCE,HOSPITALS,CURATIVE_CARE,183176878601.66,9.89,80.36,27.06,2167.97,7.38,8.25,9.25,4.64,1.75,5.37,1.3972,hlth_sha11_hc,SHA2011_V2,2025-12-22
2009,FR,NPISH_SCHEME,OTHER,ANCILLARY_SERVICES,8373120733.03,6.07,67.82,34.53,1207.01,7.46,11.12,15.47,4.03,6.04,5.82,1.3285,hlth_sha11_hp,SHA2011_V1,2025-10-10
2010,LT,HOUSEHOLD_OOP,ADMINISTRATION,GOVERNANCE,249293772443.71,8.57,65.35,36.18,4261.52,6.07,8.69,25.5,3.77,5.17,7.33,0.6826,hlth_sha11_hf,SHA2011_V3,2025-02-08
2011,SK,GOV_SCHEME,PREVENTIVE,LONG_TERM_CARE,205714421001.68,9.0,70.27,32.59,6686.73,3.83,12.27,4.14,4.87,6.8,3.26,0.8313,hlth_sha11_exp,SHA2011_V2,2024-02-08
2012,HR,COMPULSORY_HEALTH_INSURANCE,LONG_TERM_CARE,PREVENTION,183176421517.6,6.13,80.76,20.81,1130.55,7.01,16.45,18.25,5.71,0.53,3.54,1.06,hlth_sha11_hc,SHA2011_V1,2026-01-24
2013,DE,VOLUNTARY_HEALTH_INSURANCE,RETAIL_MEDICAL_GOODS,REHABILITATION,12863371540.42,9.6,64.8,30.33,5973.06,2.18,13.71,7.27,5.23,0.46,6.75,0.5522,hlth_sha11_hp,SHA2011_V3,2024-09-05
2014,LU,NPISH_SCHEME,AMBULATORY,MEDICAL_GOODS,129479957671.51,11.38,80.08,17.17,6700.12,2.32,22.47,6.39,3.58,0.7,4.88,1.3919,hlth_sha11_hf,SHA2011_V2,2025-08-03
2015,SI,HOUSEHOLD_OOP,HOSPITALS,CURATIVE_CARE,49118267275.18,11.76,86.67,22.23,4288.42,3.07,16.16,21.8,5.2,1.72,3.1,0.7088,hlth_sha11_exp,SHA2011_V1,2024-10-28
2016,CY,GOV_SCHEME,OTHER,ANCILLARY_SERVICES,199377514750.3,12.24,63.69,32.88,1229.25,6.29,12.82,24.52,2.66,4.43,8.02,0.733,hlth_sha11_hc,SHA2011_V3,2025-02-05
2017,GR,COMPULSORY_HEALTH_INSURANCE,ADMINISTRATION,GOVERNANCE,199100960684.71,9.85,76.03,31.93,1735.45,2.5,13.06,12.94,2.72,1.7,4.75,1.7189,hlth_sha11_hp,SHA2011_V2,2024-11-02
2018,MT,VOLUNTARY_HEALTH_INSURANCE,PREVENTIVE,LONG_TERM_CARE,348562519572.24,9.2,83.83,25.68,11930.64,7.75,10.44,18.27,2.37,5.52,3.32,1.0196,hlth_sha11_hf,SHA2011_V1,2024-06-27
2019,ES,NPISH_SCHEME,LONG_TERM_CARE,PREVENTION,33228005980.39,8.26,57.42,45.0,3477.43,2.97,13.16,12.04,5.81,5.05,4.67,0.5331,hlth_sha11_exp,SHA2011_V3,2024-09-29
2020,CZ,HOUSEHOLD_OOP,RETAIL_MEDICAL_GOODS,REHABILITATION,168051448761.74,11.37,87.68,21.43,5296.54,7.93,21.2,3.32,1.03,7.69,4.09,1.3526,hlth_sha11_hc,SHA2011_V2,2025-03-01
2021,HU,GOV_SCHEME,AMBULATORY,MEDICAL_GOODS,300881792712.62,11.49,63.22,41.17,10369.74,2.05,18.19,9.12,2.44,1.75,4.83,1.6054,hlth_sha11_hp,SHA2011_V1,2025-12-13
2022,NL,COMPULSORY_HEALTH_INSURANCE,HOSPITALS,CURATIVE_CARE,221430843356.81,10.34,78.08,26.17,12168.57,5.84,20.46,26.69,5.01,1.0,3.56,0.7714,hlth_sha11_hf,SHA2011_V3,2025-03-12
2023,SE,VOLUNTARY_HEALTH_INSURANCE,OTHER,ANCILLARY_SERVICES,310779693641.17,7.95,82.8,11.47,3410.45,5.44,22.11,9.0,5.9,1.35,5.85,1.2344,hlth_sha11_exp,SHA2011_V2,2025-11-26
2024,DK,NPISH_SCHEME,ADMINISTRATION,GOVERNANCE,204045929965.14,9.46,72.43,33.39,2157.73,6.86,18.69,25.49,2.34,7.43,5.32,0.7514,hlth_sha11_hc,SHA2011_V1,2024-05-24
2025,IE,HOUSEHOLD_OOP,PREVENTIVE,LONG_TERM_CARE,217881305555.27,9.47,85.31,11.69,8672.34,6.88,12.94,6.67,5.98,2.0,5.06,0.5876,hlth_sha11_hp,SHA2011_V3,2024-01-19
2006,PL,GOV_SCHEME,LONG_TERM_CARE,PREVENTION,285228889162.29,7.87,72.55,30.01,2487.78,6.38,8.18,6.96,1.98,6.38,4.96,1.6966,hlth_sha11_hf,SHA2011_V2,2024-11-10
2007,AT,COMPULSORY_HEALTH_INSURANCE,RETAIL_MEDICAL_GOODS,REHABILITATION,29596900253.74,10.44,55.2,45.0,7936.65,4.6,13.49,21.62,4.4,6.73,1.95,1.7325,hlth_sha11_exp,SHA2011_V1,2024-06-07
2008,EE,VOLUNTARY_HEALTH_INSURANCE,AMBULATORY,MEDICAL_GOODS,165013566676.27,6.86,69.36,25.61,1598.07,5.04,17.85,10.37,3.74,4.66,7.97,0.7666,hlth_sha11_hc,SHA2011_V3,2025-02-05
2009,IT,NPISH_SCHEME,HOSPITALS,CURATIVE_CARE,285072671829.97,13.49,69.11,38.94,5989.65,5.7,15.07,8.95,1.48,1.98,7.15,1.2753,hlth_sha11_hp,SHA2011_V2,2025-04-15
2010,PT,HOUSEHOLD_OOP,OTHER,ANCILLARY_SERVICES,34715702682.41,10.96,56.5,40.86,5772.58,3.94,11.12,19.35,4.79,5.9,4.26,1.6454,hlth_sha11_hf,SHA2011_V1,2025-10-04
2011,BE,GOV_SCHEME,ADMINISTRATION,GOVERNANCE,81641063659.97,6.98,67.91,26.4,4834.25,6.45,24.15,17.53,1.07,2.37,6.3,0.5964,hlth_sha11_exp,SHA2011_V3,2024-04-17
2012,FI,COMPULSORY_HEALTH_INSURANCE,PREVENTIVE,LONG_TERM_CARE,93519365590.91,11.33,81.8,28.97,1784.8,6.52,15.89,9.85,2.49,5.79,2.91,1.3735,hlth_sha11_hc,SHA2011_V2,2024-06-10
2013,LV,VOLUNTARY_HEALTH_INSURANCE,LONG_TERM_CARE,PREVENTION,36871293998.0,8.81,60.38,45.0,4423.23,6.01,17.42,22.68,5.03,5.24,7.89,1.1845,hlth_sha11_hp,SHA2011_V1,2025-05-12
2014,RO,NPISH_SCHEME,RETAIL_MEDICAL_GOODS,REHABILITATION,67281512401.31,12.85,56.96,44.16,8702.6,7.83,21.63,20.98,6.48,1.25,6.12,1.5904,hlth_sha11_hf,SHA2011_V3,2026-02-22
2015,BG,HOUSEHOLD_OOP,AMBULATORY,MEDICAL_GOODS,164517730495.84,7.64,62.23,41.2,9228.75,7.86,22.57,16.82,4.01,4.67,3.89,0.4376,hlth_sha11_exp,SHA2011_V2,2025-09-27
2016,FR,GOV_SCHEME,HOSPITALS,CURATIVE_CARE,228486819021.79,8.8,75.34,32.91,7459.62,6.64,21.13,17.69,5.04,1.26,6.66,0.4956,hlth_sha11_hc,SHA2011_V1,2025-07-07
2017,LT,COMPULSORY_HEALTH_INSURANCE,OTHER,ANCILLARY_SERVICES,63664250568.96,5.7,81.75,20.13,9657.84,2.46,23.88,12.09,3.06,4.95,2.9,1.1735,hlth_sha11_hp,SHA2011_V3,2024-07-19
2018,SK,VOLUNTARY_HEALTH_INSURANCE,ADMINISTRATION,GOVERNANCE,311532050228.45,12.42,58.6,39.98,1438.47,2.26,23.77,27.45,1.91,8.43,3.92,0.6425,hlth_sha11_hf,SHA2011_V2,2025-09-19
2019,HR,NPISH_SCHEME,PREVENTIVE,LONG_TERM_CARE,26896730189.48,8.89,73.72,23.62,2084.43,6.28,9.14,20.68,5.21,7.12,2.41,1.4925,hlth_sha11_exp,SHA2011_V1,2025-12-23
2020,DE,HOUSEHOLD_OOP,LONG_TERM_CARE,PREVENTION,39834542193.64,6.11,59.34,45.0,7081.9,7.75,26.38,10.74,4.38,1.93,3.34,1.3207,hlth_sha11_hc,SHA2011_V3,2025-06-07
2021,LU,GOV_SCHEME,RETAIL_MEDICAL_GOODS,REHABILITATION,204325748890.45,12.4,67.64,38.66,3185.13,2.64,21.07,8.84,4.27,1.86,1.83,2.2688,hlth_sha11_hp,SHA2011_V2,2025-07-27
2022,SI,COMPULSORY_HEALTH_INSURANCE,AMBULATORY,MEDICAL_GOODS,267273193627.84,5.85,55.67,45.0,4774.31,4.35,16.96,11.97,5.4,6.72,6.62,1.2156,hlth_sha11_hf,SHA2011_V1,2024-08-01
2023,CY,VOLUNTARY_HEALTH_INSURANCE,HOSPITALS,CURATIVE_CARE,313334861239.71,5.9,69.47,32.33,8567.84,2.61,17.91,19.03,5.63,0.71,5.01,0.5364,hlth_sha11_exp,SHA2011_V3,2024-10-02
2024,GR,NPISH_SCHEME,OTHER,ANCILLARY_SERVICES,97572188150.32,10.3,81.1,19.75,8170.1,4.78,18.13,13.88,1.7,8.4,6.49,1.3737,hlth_sha11_hc,SHA2011_V2,2024-06-06
2025,MT,HOUSEHOLD_OOP,ADMINISTRATION,GOVERNANCE,248066378091.47,12.84,79.66,15.04,1750.42,4.12,19.27,20.41,6.04,6.0,4.64,0.5316,hlth_sha11_hp,SHA2011_V1,2024-10-20
2006,ES,GOV_SCHEME,PREVENTIVE,LONG_TERM_CARE,140278845607.15,6.86,84.19,25.58,6795.39,6.42,13.98,9.23,4.08,4.9,7.09,1.1321,hlth_sha11_hf,SHA2011_V3,2025-04-19
2007,CZ,COMPULSORY_HEALTH_INSURANCE,LONG_TERM_CARE,PREVENTION,133022912513.79,12.98,85.96,17.97,6193.38,2.44,24.39,19.89,2.62,4.25,4.98,1.2523,hlth_sha11_exp,SHA2011_V2,2024-11-19
2008,HU,VOLUNTARY_HEALTH_INSURANCE,RETAIL_MEDICAL_GOODS,REHABILITATION,133235669837.63,5.6,56.07,45.0,6492.33,2.28,22.79,9.94,3.98,1.07,4.2,0.5255,hlth_sha11_hc,SHA2011_V1,2025-03-13
2009,NL,NPISH_SCHEME,AMBULATORY,MEDICAL_GOODS,51030237803.64,7.94,85.39,16.69,1069.28,3.89,26.42,6.41,1.1,5.46,4.06,0.5995,hlth_sha11_hp,SHA2011_V3,2024-03-28
2010,SE,HOUSEHOLD_OOP,HOSPITALS,CURATIVE_CARE,193891351999.44,10.71,70.26,25.72,8470.51,5.4,16.86,20.0,4.75,3.11,3.71,1.3189,hlth_sha11_hf,SHA2011_V2,2024-10-13
2011,DK,GOV_SCHEME,OTHER,ANCILLARY_SERVICES,177844924668.7,7.07,73.18,35.11,8219.68,7.06,22.51,11.09,1.67,3.44,5.56,1.2772,hlth_sha11_exp,SHA2011_V1,2024-01-10
2012,IE,COMPULSORY_HEALTH_INSURANCE,ADMINISTRATION,GOVERNANCE,33692301458.51,11.41,56.84,45.0,8590.22,2.53,21.73,14.18,2.32,1.98,4.13,1.2165,hlth_sha11_hc,SHA2011_V3,2024-08-21
2013,PL,VOLUNTARY_HEALTH_INSURANCE,PREVENTIVE,LONG_TERM_CARE,129139269263.7,10.16,80.66,22.08,3966.09,6.79,9.73,21.69,3.51,8.12,1.19,1.2927,hlth_sha11_hp,SHA2011_V2,2026-02-08
2014,AT,NPISH_SCHEME,LONG_TERM_CARE,PREVENTION,53339407250.23,8.09,71.36,35.1,8244.99,5.87,24.06,3.34,3.03,8.11,1.71,1.3308,hlth_sha11_hf,SHA2011_V1,2024-11-24
2015,EE,HOUSEHOLD_OOP,RETAIL_MEDICAL_GOODS,REHABILITATION,109003967759.9,7.64,66.55,28.74,967.18,2.33,25.62,4.1,3.46,1.75,5.04,1.2946,hlth_sha11_exp,SHA2011_V3,2024-04-14
2016,IT,GOV_SCHEME,AMBULATORY,MEDICAL_GOODS,266852086974.09,9.41,64.26,35.73,7685.84,5.86,22.13,18.69,1.25,5.61,7.87,1.4195,hlth_sha11_hc,SHA2011_V2,2024-02-21
2017,PT,COMPULSORY_HEALTH_INSURANCE,HOSPITALS,CURATIVE_CARE,100239331181.95,12.45,79.18,32.36,4905.57,5.83,26.66,3.79,1.71,3.55,2.12,1.4083,hlth_sha11_hp,SHA2011_V1,2025-10-18
2018,BE,VOLUNTARY_HEALTH_INSURANCE,OTHER,ANCILLARY_SERVICES,234117052435.16,12.84,75.46,25.1,3242.98,3.82,9.15,3.82,3.64,6.73,2.77,0.4801,hlth_sha11_hf,SHA2011_V3,2025-04-15
2019,FI,NPISH_SCHEME,ADMINISTRATION,GOVERNANCE,234187945063.23,12.0,77.72,27.25,2398.36,3.76,9.43,6.58,4.14,3.42,6.5,0.9973,hlth_sha11_exp,SHA2011_V2,2024-05-29
2020,LV,HOUSEHOLD_OOP,PREVENTIVE,LONG_TERM_CARE,150067941137.43,12.46,81.59,16.62,2902.06,3.32,15.93,20.0,2.12,3.32,3.75,1.0771,hlth_sha11_hc,SHA2011_V1,2024-12-14
2021,RO,GOV_SCHEME,LONG_TERM_CARE,PREVENTION,72470994721.33,9.45,75.46,27.12,5028.03,2.85,14.31,18.45,1.65,7.06,3.35,2.1972,hlth_sha11_hp,SHA2011_V3,2026-02-05
2022,BG,COMPULSORY_HEALTH_INSURANCE,RETAIL_MEDICAL_GOODS,REHABILITATION,285021811863.16,12.66,77.42,25.39,7676.62,5.73,12.4,5.82,2.56,5.6,8.15,1.5377,hlth_sha11_hf,SHA2011_V2,2025-03-08
2023,FR,VOLUNTARY_HEALTH_INSURANCE,AMBULATORY,MEDICAL_GOODS,153097113606.19,11.55,62.48,45.0,6448.46,5.82,12.79,5.67,1.35,1.22,6.27,1.4485,hlth_sha11_exp,SHA2011_V1,2024-08-23
2024,LT,NPISH_SCHEME,HOSPITALS,CURATIVE_CARE,143479452105.9,10.37,80.57,19.06,8442.19,1.63,23.24,27.66,1.88,1.06,1.15,1.0541,hlth_sha11_hc,SHA2011_V3,2025-11-04
2025,SK,HOUSEHOLD_OOP,OTHER,ANCILLARY_SERVICES,333274058402.1,13.69,87.64,19.98,9723.26,6.2,17.11,10.29,3.61,4.54,4.06,1.467,hlth_sha11_hp,SHA2011_V2,2025-05-10
2006,HR,GOV_SCHEME,ADMINISTRATION,GOVERNANCE,283646917077.41,11.27,63.6,44.59,7973.1,7.05,25.55,24.5,3.17,1.02,7.1,0.6158,hlth_sha11_hf,SHA2011_V1,2025-06-02
2007,DE,COMPULSORY_HEALTH_INSURANCE,PREVENTIVE,LONG_TERM_CARE,16313433217.23,6.78,73.83,32.95,3418.04,2.17,10.75,7.88,2.3,5.85,1.6,0.8774,hlth_sha11_exp,SHA2011_V3,2025-02-20
2008,LU,VOLUNTARY_HEALTH_INSURANCE,LONG_TERM_CARE,PREVENTION,143847093433.99,8.77,55.6,45.0,3939.07,7.33,19.38,27.61,2.35,5.47,0.95,1.5657,hlth_sha11_hc,SHA2011_V2,2026-01-18
2009,SI,NPISH_SCHEME,RETAIL_MEDICAL_GOODS,REHABILITATION,94353943266.63,9.75,69.91,33.81,2285.68,6.12,18.29,6.51,1.11,8.23,2.42,0.6327,hlth_sha11_hp,SHA2011_V1,2025-05-27
2010,CY,HOUSEHOLD_OOP,AMBULATORY,MEDICAL_GOODS,78878315914.14,12.92,73.78,32.53,5564.77,7.22,22.47,8.93,2.87,0.85,2.19,0.6288,hlth_sha11_hf,SHA2011_V3,2024-12-13
2011,GR,GOV_SCHEME,HOSPITALS,CURATIVE_CARE,44428892626.1,5.75,76.2,28.09,5356.54,1.86,17.83,18.26,1.11,6.65,7.66,1.7472,hlth_sha11_exp,SHA2011_V2,2025-03-28
2012,MT,COMPULSORY_HEALTH_INSURANCE,OTHER,ANCILLARY_SERVICES,1882578103.53,12.35,78.41,25.07,3094.98,3.27,22.9,22.7,3.22,3.59,3.5,1.3075,hlth_sha11_hc,SHA2011_V1,2024-12-19
2013,ES,VOLUNTARY_HEALTH_INSURANCE,ADMINISTRATION,GOVERNANCE,67366765500.87,7.93,74.72,27.07,4319.37,7.99,21.97,7.05,1.34,6.5,2.44,1.2638,hlth_sha11_hp,SHA2011_V3,2024-08-18
2014,CZ,NPISH_SCHEME,PREVENTIVE,LONG_TERM_CARE,114365961243.73,6.99,85.1,18.71,7475.37,2.82,11.45,27.34,6.04,3.85,4.93,0.5095,hlth_sha11_hf,SHA2011_V2,2024-10-10
2015,HU,HOUSEHOLD_OOP,LONG_TERM_CARE,PREVENTION,124169902297.13,11.74,58.08,45.0,2241.22,2.97,19.29,5.25,5.82,7.42,2.15,1.6209,hlth_sha11_exp,SHA2011_V1,2024-12-24
2016,NL,GOV_SCHEME,RETAIL_MEDICAL_GOODS,REHABILITATION,84787256183.46,9.42,82.06,22.69,4783.59,1.96,26.07,15.52,1.46,6.3,1.48,1.1508,hlth_sha11_hc,SHA2011_V3,2024-01-13
2017,SE,COMPULSORY_HEALTH_INSURANCE,AMBULATORY,MEDICAL_GOODS,312593034522.42,12.67,78.36,28.59,1607.41,4.89,16.24,11.29,1.87,5.21,3.03,1.098,hlth_sha11_hp,SHA2011_V2,2026-01-01
2018,DK,VOLUNTARY_HEALTH_INSURANCE,HOSPITALS,CURATIVE_CARE,119341399067.71,11.15,70.28,27.66,6345.67,6.5,16.04,3.92,4.93,5.25,4.51,1.3763,hlth_sha11_hf,SHA2011_V1,2024-06-29
2019,IE,NPISH_SCHEME,OTHER,ANCILLARY_SERVICES,342919864130.85,13.12,74.4,35.18,10351.66,4.05,22.86,24.82,1.18,4.24,3.81,1.5788,hlth_sha11_exp,SHA2011_V3,2026-01-06
2020,PL,HOUSEHOLD_OOP,ADMINISTRATION,GOVERNANCE,194053594045.18,11.11,86.44,16.51,2857.73,1.77,18.94,12.3,1.43,9.83,2.83,1.751,hlth_sha11_hc,SHA2011_V2,2025-05-04
2021,AT,GOV_SCHEME,PREVENTIVE,LONG_TERM_CARE,243455348157.73,9.37,75.55,22.29,3945.27,5.37,17.25,7.81,2.33,8.48,3.74,1.5039,hlth_sha11_hp,SHA2011_V1,2024-08-08
2022,EE,COMPULSORY_HEALTH_INSURANCE,LONG_TERM_CARE,PREVENTION,152988706793.93,9.39,81.98,22.88,1018.98,3.19,10.76,21.42,4.84,3.49,3.64,1.3013,hlth_sha11_hf,SHA2011_V3,2025-06-10
2023,IT,VOLUNTARY_HEALTH_INSURANCE,RETAIL_MEDICAL_GOODS,REHABILITATION,192322722571.64,6.37,83.07,25.98,3456.1,3.52,22.5,14.62,4.73,6.83,3.31,1.656,hlth_sha11_exp,SHA2011_V2,2024-03-13
2024,PT,NPISH_SCHEME,AMBULATORY,MEDICAL_GOODS,31871080701.09,11.58,57.38,45.0,5891.83,7.48,16.26,9.56,1.41,1.31,7.22,0.5563,hlth_sha11_hc,SHA2011_V1,2024-02-10
2025,BE,HOUSEHOLD_OOP,HOSPITALS,CURATIVE_CARE,172923830458.4,12.63,84.41,11.28,2008.43,3.33,25.98,13.8,4.55,4.53,4.56,0.7105,hlth_sha11_hp,SHA2011_V3,2025-12-13
2006,FI,GOV_SCHEME,OTHER,ANCILLARY_SERVICES,176704215260.51,10.47,66.75,31.07,7093.85,6.99,15.22,12.05,1.17,5.59,6.42,1.361,hlth_sha11_hf,SHA2011_V2,2025-04-07
2007,LV,COMPULSORY_HEALTH_INSURANCE,ADMINISTRATION,GOVERNANCE,169290426499.47,8.62,68.96,28.61,6559.1,4.97,16.83,16.11,5.07,2.55,2.65,1.717,hlth_sha11_exp,SHA2011_V1,2024-10-25
2008,RO,VOLUNTARY_HEALTH_INSURANCE,PREVENTIVE,LONG_TERM_CARE,299517573170.83,8.07,82.37,27.97,7110.17,7.5,26.79,10.34,5.02,5.52,7.16,1.2694,hlth_sha11_hc,SHA2011_V3,2025-11-01
2009,BG,NPISH_SCHEME,LONG_TERM_CARE,PREVENTION,45363835186.28,7.61,62.73,45.0,2425.96,4.25,8.46,19.48,3.99,6.21,4.66,0.469,hlth_sha11_hp,SHA2011_V2,2025-12-16
2010,FR,HOUSEHOLD_OOP,RETAIL_MEDICAL_GOODS,REHABILITATION,120234576578.23,6.78,81.26,13.31,4636.87,3.92,18.58,26.98,6.3,2.29,5.13,1.3358,hlth_sha11_hf,SHA2011_V1,2024-06-16
2011,LT,GOV_SCHEME,AMBULATORY,MEDICAL_GOODS,98458714422.62,9.87,77.72,17.47,1888.59,5.42,10.67,24.56,2.02,1.23,5.45,0.6836,hlth_sha11_exp,SHA2011_V3,2024-09-22
2012,SK,COMPULSORY_HEALTH_INSURANCE,HOSPITALS,CURATIVE_CARE,42066707212.03,5.94,61.68,43.34,4503.74,7.28,24.29,16.23,1.42,7.72,1.53,0.4312,hlth_sha11_hc,SHA2011_V2,2024-04-10
2013,HR,VOLUNTARY_HEALTH_INSURANCE,OTHER,ANCILLARY_SERVICES,349522715078.51,7.28,64.44,37.7,2695.24,2.49,21.19,19.2,3.39,1.36,3.22,0.6547,hlth_sha11_hp,SHA2011_V1,2025-10-01
2014,DE,NPISH_SCHEME,ADMINISTRATION,GOVERNANCE,213670904619.49,12.21,65.59,44.13,6910.98,6.24,8.56,18.79,2.04,2.31,3.13,1.4396,hlth_sha11_hf,SHA2011_V3,2025-11-21
2015,LU,HOUSEHOLD_OOP,PREVENTIVE,LONG_TERM_CARE,163566034903.44,10.04,80.93,21.79,6901.76,3.45,19.48,19.34,3.15,7.46,5.54,1.4906,hlth_sha11_exp,SHA2011_V2,2024-11-04
2016,SI,GOV_SCHEME,LONG_TERM_CARE,PREVENTION,281998267929.38,10.43,68.69,36.24,965.24,1.59,25.46,5.4,3.77,6.39,3.31,1.3391,hlth_sha11_hc,SHA2011_V1,2025-06-09
2017,CY,COMPULSORY_HEALTH_INSURANCE,RETAIL_MEDICAL_GOODS,REHABILITATION,198426064109.68,8.97,84.73,24.9,2305.64,4.22,18.46,15.1,1.06,4.2,3.85,0.8974,hlth_sha11_hp,SHA2011_V3,2024-01-05
2018,GR,VOLUNTARY_HEALTH_INSURANCE,AMBULATORY,MEDICAL_GOODS,229280554874.71,9.43,75.45,28.85,1914.62,6.45,13.07,4.53,5.05,5.06,5.43,0.494,hlth_sha11_hf,SHA2011_V2,2024-07-31
2019,MT,NPISH_SCHEME,HOSPITALS,CURATIVE_CARE,288979063728.29,11.52,57.94,38.05,1830.89,6.51,22.75,15.33,3.71,7.7,1.65,1.0816,hlth_sha11_exp,SHA2011_V1,2024-07-01
2020,ES,HOUSEHOLD_OOP,OTHER,ANCILLARY_SERVICES,6236213956.74,5.93,65.39,38.53,8625.5,7.0,9.73,8.09,3.49,8.06,0.94,0.9878,hlth_sha11_hc,SHA2011_V3,2024-12-22
2021,CZ,GOV_SCHEME,ADMINISTRATION,GOVERNANCE,268056319109.41,11.58,68.36,32.79,6301.08,2.72,16.94,8.4,4.89,7.6,1.21,0.7012,hlth_sha11_hp,SHA2011_V2,2025-12-08
2022,HU,COMPULSORY_HEALTH_INSURANCE,PREVENTIVE,LONG_TERM_CARE,187159525916.12,12.51,63.64,40.06,3276.87,5.86,10.41,18.66,3.77,5.8,4.74,1.101,hlth_sha11_hf,SHA2011_V1,2025-03-08
2023,NL,VOLUNTARY_HEALTH_INSURANCE,LONG_TERM_CARE,PREVENTION,71124807398.15,7.01,57.52,43.95,3806.82,1.55,26.7,5.61,3.93,8.02,5.07,1.2353,hlth_sha11_exp,SHA2011_V3,2024-09-16
2024,SE,NPISH_SCHEME,RETAIL_MEDICAL_GOODS,REHABILITATION,165963346241.6,12.88,72.32,37.91,10303.3,4.23,11.31,12.66,1.68,0.58,5.16,0.6667,hlth_sha11_hc,SHA2011_V2,2025-02-05
2025,DK,HOUSEHOLD_OOP,AMBULATORY,MEDICAL_GOODS,278571222107.99,8.72,87.1,6.97,2011.19,4.52,17.49,5.19,2.26,4.64,2.4,1.4876,hlth_sha11_hp,SHA2011_V1,2025-08-29
2006,IE,GOV_SCHEME,HOSPITALS,CURATIVE_CARE,208619389675.78,7.96,76.22,35.69,4722.81,4.7,26.51,23.87,6.12,2.37,3.59,0.9029,hlth_sha11_hf,SHA2011_V3,2025-07-27
2007,PL,COMPULSORY_HEALTH_INSURANCE,OTHER,ANCILLARY_SERVICES,45742249255.99,9.24,56.3,45.0,8052.38,7.55,22.37,5.33,5.21,2.94,5.78,1.2057,hlth_sha11_exp,SHA2011_V2,2024-07-18
2008,AT,VOLUNTARY_HEALTH_INSURANCE,ADMINISTRATION,GOVERNANCE,98606129115.63,11.27,66.33,37.22,6449.85,4.27,17.35,10.31,4.73,2.1,7.03,1.002,hlth_sha11_hc,SHA2011_V1,2025-09-19
2009,EE,NPISH_SCHEME,PREVENTIVE,LONG_TERM_CARE,123478136801.39,9.76,69.63,35.08,7099.26,7.94,20.4,11.16,5.88,4.99,4.21,0.914,hlth_sha11_hp,SHA2011_V3,2024-11-04
2010,IT,HOUSEHOLD_OOP,LONG_TERM_CARE,PREVENTION,128217551588.02,12.85,74.54,32.15,4270.57,4.7,11.98,8.44,3.16,1.57,8.14,1.7549,hlth_sha11_hf,SHA2011_V2,2025-08-26
2011,PT,GOV_SCHEME,RETAIL_MEDICAL_GOODS,REHABILITATION,134602348519.97,9.3,74.46,28.66,6116.62,2.88,18.06,11.94,6.16,3.14,1.63,1.2457,hlth_sha11_exp,SHA2011_V1,2025-08-17
2012,BE,COMPULSORY_HEALTH_INSURANCE,AMBULATORY,MEDICAL_GOODS,131578951824.92,10.9,65.6,34.49,5580.37,2.34,25.94,11.83,4.13,5.34,7.28,0.7498,hlth_sha11_hc,SHA2011_V3,2024-04-23
2013,FI,VOLUNTARY_HEALTH_INSURANCE,HOSPITALS,CURATIVE_CARE,272213651304.12,8.2,78.91,21.25,5763.08,4.54,25.79,3.33,4.96,2.09,1.35,1.055,hlth_sha11_hp,SHA2011_V2,2026-01-02
2014,LV,NPISH_SCHEME,OTHER,ANCILLARY_SERVICES,20309515982.36,12.89,67.71,37.26,7047.64,3.83,20.1,4.1,1.04,7.42,2.78,0.4457,hlth_sha11_hf,SHA2011_V1,2024-12-06
2015,RO,HOUSEHOLD_OOP,ADMINISTRATION,GOVERNANCE,85284204094.28,6.97,77.63,31.93,3431.0,3.5,11.37,3.49,2.9,1.57,1.01,1.4189,hlth_sha11_exp,SHA2011_V3,2025-05-09
2016,BG,GOV_SCHEME,PREVENTIVE,LONG_TERM_CARE,244977917701.51,6.08,75.54,19.11,5520.95,3.29,14.79,9.14,2.18,4.68,1.87,1.1444,hlth_sha11_hc,SHA2011_V2,2024-08-16
2017,FR,COMPULSORY_HEALTH_INSURANCE,LONG_TERM_CARE,PREVENTION,99132406794.56,8.36,81.01,27.28,6680.16,4.46,24.53,25.17,6.18,6.47,3.23,0.863,hlth_sha11_hp,SHA2011_V1,2024-08-04
2018,LT,VOLUNTARY_HEALTH_INSURANCE,RETAIL_MEDICAL_GOODS,REHABILITATION,98895490307.9,13.34,75.84,25.09,9615.02,7.41,22.53,13.31,4.88,4.08,5.59,0.5201,hlth_sha11_hf,SHA2011_V3,2024-07-19
2019,SK,NPISH_SCHEME,AMBULATORY,MEDICAL_GOODS,226814229403.12,11.33,73.63,22.7,12400.93,1.64,23.74,13.16,6.29,0.59,2.08,0.6468,hlth_sha11_exp,SHA2011_V2,2024-08-13
2020,HR,HOUSEHOLD_OOP,HOSPITALS,CURATIVE_CARE,284554640847.33,9.94,78.89,21.72,5767.72,2.82,13.88,12.97,3.53,8.57,4.51,1.5984,hlth_sha11_hc,SHA2011_V1,2025-04-09
2021,DE,GOV_SCHEME,OTHER,ANCILLARY_SERVICES,87151875135.11,11.51,56.56,45.0,5172.01,1.61,19.67,23.8,1.67,0.92,3.6,0.9631,hlth_sha11_hp,SHA2011_V3,2025-11-12
2022,LU,COMPULSORY_HEALTH_INSURANCE,ADMINISTRATION,GOVERNANCE,85216104348.11,11.02,57.13,45.0,3500.33,5.05,12.79,27.84,4.65,6.97,1.78,0.7987,hlth_sha11_hf,SHA2011_V2,2025-09-03
2023,SI,VOLUNTARY_HEALTH_INSURANCE,PREVENTIVE,LONG_TERM_CARE,299159110458.64,6.6,83.63,20.81,7225.09,7.71,26.52,27.08,2.51,4.87,3.44,0.7094,hlth_sha11_exp,SHA2011_V1,2026-01-28
2024,CY,NPISH_SCHEME,LONG_TERM_CARE,PREVENTION,70614847542.37,10.32,58.03,38.34,4378.67,7.23,25.12,5.89,1.65,5.87,4.05,0.7302,hlth_sha11_hc,SHA2011_V3,2025-06-12
2025,GR,HOUSEHOLD_OOP,RETAIL_MEDICAL_GOODS,REHABILITATION,199449251815.26,7.72,86.08,8.49,4050.52,3.4,13.98,22.43,2.85,1.54,1.17,0.6815,hlth_sha11_hp,SHA2011_V2,2025-02-08
2006,MT,GOV_SCHEME,AMBULATORY,MEDICAL_GOODS,253691530899.18,11.95,82.73,19.99,3287.93,6.2,23.6,15.8,1.48,1.12,1.01,0.718,hlth_sha11_hf,SHA2011_V1,2026-02-09
2007,ES,COMPULSORY_HEALTH_INSURANCE,HOSPITALS,CURATIVE_CARE,84906971824.37,13.79,56.48,45.0,4297.19,1.55,9.85,11.26,1.12,1.55,3.29,1.0733,hlth_sha11_exp,SHA2011_V3,2026-01-12
2008,CZ,VOLUNTARY_HEALTH_INSURANCE,OTHER,ANCILLARY_SERVICES,31175448217.36,10.65,69.36,32.86,6481.16,5.15,12.94,4.03,1.35,5.93,7.93,1.2564,hlth_sha11_hc,SHA2011_V2,2025-02-17
2009,HU,NPISH_SCHEME,ADMINISTRATION,GOVERNANCE,197492677442.66,13.03,68.96,41.17,2346.21,7.0,15.74,10.34,5.73,5.7,8.11,0.8273,hlth_sha11_hp,SHA2011_V1,2025-04-09
2010,NL,HOUSEHOLD_OOP,PREVENTIVE,LONG_TERM_CARE,175878137275.9,7.26,76.46,29.89,8954.6,3.42,17.81,8.43,5.13,8.13,1.97,1.2361,hlth_sha11_hf,SHA2011_V3,2025-01-02
2011,SE,GOV_SCHEME,LONG_TERM_CARE,PREVENTION,35682271804.48,7.72,81.46,19.05,7847.42,5.7,21.3,6.31,4.98,5.8,3.37,1.1357,hlth_sha11_exp,SHA2011_V2,2025-11-10
2012,DK,COMPULSORY_HEALTH_INSURANCE,RETAIL_MEDICAL_GOODS,REHABILITATION,250571840181.35,7.11,78.91,15.14,4983.41,3.42,21.95,10.96,3.52,2.05,1.53,1.5664,hlth_sha11_hc,SHA2011_V1,2025-11-03
2013,IE,VOLUNTARY_HEALTH_INSURANCE,AMBULATORY,MEDICAL_GOODS,68053943532.61,11.84,56.94,45.0,8795.68,6.6,16.0,8.37,6.0,0.85,7.07,0.9928,hlth_sha11_hp,SHA2011_V3,2024-07-10
2014,PL,NPISH_SCHEME,HOSPITALS,CURATIVE_CARE,159675632685.62,7.32,68.76,29.2,4085.59,3.11,21.13,8.09,5.65,2.45,4.42,0.9011,hlth_sha11_hf,SHA2011_V2,2025-02-21
2015,AT,HOUSEHOLD_OOP,OTHER,ANCILLARY_SERVICES,3457069403.49,7.45,66.57,27.94,4868.32,2.16,9.77,20.79,5.42,4.07,5.97,0.9575,hlth_sha11_exp,SHA2011_V1,2024-02-12
2016,EE,GOV_SCHEME,ADMINISTRATION,GOVERNANCE,136899858783.82,8.43,79.53,24.23,8127.21,5.72,15.69,22.54,5.55,3.79,1.49,1.7568,hlth_sha11_hc,SHA2011_V3,2024-07-09
2017,IT,COMPULSORY_HEALTH_INSURANCE,PREVENTIVE,LONG_TERM_CARE,117676558949.08,11.61,56.62,45.0,1869.64,4.19,24.79,20.76,5.43,7.72,3.14,1.4171,hlth_sha11_hp,SHA2011_V2,2025-09-27
2018,PT,VOLUNTARY_HEALTH_INSURANCE,LONG_TERM_CARE,PREVENTION,36487242237.81,11.47,81.97,12.44,5773.68,6.67,23.05,4.13,6.39,8.38,1.51,1.2778,hlth_sha11_hf,SHA2011_V1,2026-01-04
2019,BE,NPISH_SCHEME,RETAIL_MEDICAL_GOODS,REHABILITATION,216169085919.33,6.53,61.4,38.35,5798.81,5.26,21.87,14.29,3.85,6.66,7.43,1.1821,hlth_sha11_exp,SHA2011_V3,2025-05-22
2020,FI,HOUSEHOLD_OOP,AMBULATORY,MEDICAL_GOODS,195030634454.92,6.21,76.93,29.48,5631.62,3.21,14.89,20.54,3.15,0.71,2.6,2.1537,hlth_sha11_hc,SHA2011_V2,2024-12-31
2021,LV,GOV_SCHEME,HOSPITALS,CURATIVE_CARE,261189506163.01,6.83,69.72,28.76,4933.18,2.17,14.69,26.41,1.85,7.51,6.87,2.0833,hlth_sha11_hp,SHA2011_V1,2025-07-26
2022,RO,COMPULSORY_HEALTH_INSURANCE,OTHER,ANCILLARY_SERVICES,75563602917.54,12.69,71.66,35.22,5956.47,3.18,17.76,16.73,4.65,2.2,6.87,1.2142,hlth_sha11_hf,SHA2011_V3,2025-10-24
2023,BG,VOLUNTARY_HEALTH_INSURANCE,ADMINISTRATION,GOVERNANCE,165023672564.58,10.81,59.22,36.86,5101.72,3.84,21.4,5.93,5.47,2.24,7.22,1.2296,hlth_sha11_exp,SHA2011_V2,2025-03-24
2024,FR,NPISH_SCHEME,PREVENTIVE,LONG_TERM_CARE,29489311510.69,13.17,77.61,21.83,8964.85,7.5,16.64,26.28,2.88,4.2,4.31,0.9497,hlth_sha11_hc,SHA2011_V1,2024-12-28
2025,LT,HOUSEHOLD_OOP,LONG_TERM_CARE,PREVENTION,85377565224.35,10.54,82.67,24.65,9277.69,2.85,14.93,21.39,6.09,4.81,3.11,1.0269,hlth_sha11_hp,SHA2011_V3,2024-09-11
2006,SK,GOV_SCHEME,RETAIL_MEDICAL_GOODS,REHABILITATION,177102215003.85,5.68,72.63,31.01,6958.74,5.96,23.16,14.16,2.25,4.94,2.28,1.6717,hlth_sha11_hf,SHA2011_V2,2024-01-21
2007,HR,COMPULSORY_HEALTH_INSURANCE,AMBULATORY,MEDICAL_GOODS,5826033215.04,13.3,55.51,45.0,1542.32,4.19,15.23,22.23,4.85,3.34,1.71,1.3649,hlth_sha11_exp,SHA2011_V1,2024-12-24
2008,DE,VOLUNTARY_HEALTH_INSURANCE,HOSPITALS,CURATIVE_CARE,198247835175.31,9.41,86.95,7.9,3828.7,3.74,11.65,6.52,4.31,8.38,5.42,0.7271,hlth_sha11_hc,SHA2011_V3,2024-03-22
2009,LU,NPISH_SCHEME,OTHER,ANCILLARY_SERVICES,133041153507.43,7.38,72.72,29.98,2994.01,4.23,10.56,12.55,2.4,1.75,6.79,0.6121,hlth_sha11_hp,SHA2011_V2,2026-01-11
2010,SI,HOUSEHOLD_OOP,ADMINISTRATION,GOVERNANCE,258577078738.32,7.05,85.47,23.15,3812.64,7.34,15.69,5.6,3.2,4.29,3.75,1.5505,hlth_sha11_hf,SHA2011_V1,2025-03-14
2011,CY,GOV_SCHEME,PREVENTIVE,LONG_TERM_CARE,169321949802.15,8.94,80.07,14.02,2694.33,1.51,8.35,20.72,4.54,6.14,6.17,1.4677,hlth_sha11_exp,SHA2011_V3,2025-10-20
2012,GR,COMPULSORY_HEALTH_INSURANCE,LONG_TERM_CARE,PREVENTION,152425952349.91,12.68,84.46,14.39,4553.09,7.02,15.8,17.75,2.32,3.23,5.74,1.6778,hlth_sha11_hc,SHA2011_V2,2025-12-06
2013,MT,VOLUNTARY_HEALTH_INSURANCE,RETAIL_MEDICAL_GOODS,REHABILITATION,62146960185.4,9.31,55.32,45.0,10371.71,3.9,12.22,10.96,3.28,7.39,4.91,1.1108,hlth_sha11_hp,SHA2011_V1,2024-12-23
2014,ES,NPISH_SCHEME,AMBULATORY,MEDICAL_GOODS,181650604149.26,13.55,80.16,19.82,4102.88,7.61,15.92,25.27,2.59,3.45,6.0,0.5804,hlth_sha11_hf,SHA2011_V3,2024-05-19
2015,CZ,HOUSEHOLD_OOP,HOSPITALS,CURATIVE_CARE,58784201923.19,6.16,67.36,39.79,3104.31,2.55,21.46,17.65,2.02,4.08,6.42,1.7533,hlth_sha11_exp,SHA2011_V2,2024-10-15
2016,HU,GOV_SCHEME,OTHER,ANCILLARY_SERVICES,101327670372.63,12.76,73.64,21.9,8932.91,6.67,8.43,27.78,4.42,7.79,4.32,1.1049,hlth_sha11_hc,SHA2011_V1,2025-04-23
2017,NL,COMPULSORY_HEALTH_INSURANCE,ADMINISTRATION,GOVERNANCE,120258243540.91,7.76,78.39,29.16,8918.38,6.42,24.83,3.62,2.41,6.45,2.31,1.4874,hlth_sha11_hp,SHA2011_V3,2026-02-02
2018,SE,VOLUNTARY_HEALTH_INSURANCE,PREVENTIVE,LONG_TERM_CARE,67202282873.38,12.94,75.39,25.89,5784.39,7.39,11.94,24.49,3.52,7.67,7.67,1.6554,hlth_sha11_hf,SHA2011_V2,2024-06-06
2019,DK,NPISH_SCHEME,LONG_TERM_CARE,PREVENTION,127760077729.63,8.0,65.93,40.73,5523.6,3.5,25.58,23.15,2.19,7.93,6.52,0.9315,hlth_sha11_exp,SHA2011_V1,2025-09-01
2020,IE,HOUSEHOLD_OOP,RETAIL_MEDICAL_GOODS,REHABILITATION,110158840296.35,5.79,87.01,20.34,6195.68,4.31,18.47,18.64,2.57,5.79,4.57,1.3779,hlth_sha11_hc,SHA2011_V3,2025-03-02
2021,PL,GOV_SCHEME,AMBULATORY,MEDICAL_GOODS,191898772279.96,9.18,73.5,22.45,2813.85,3.4,16.62,24.48,1.57,4.1,4.92,0.6089,hlth_sha11_hp,SHA2011_V2,2024-10-29
2022,AT,COMPULSORY_HEALTH_INSURANCE,HOSPITALS,CURATIVE_CARE,292736686173.23,8.7,65.88,29.05,1892.77,7.17,14.42,18.52,5.27,1.5,7.67,0.568,hlth_sha11_hf,SHA2011_V1,2024-07-23
2023,EE,VOLUNTARY_HEALTH_INSURANCE,OTHER,ANCILLARY_SERVICES,94381366571.88,11.8,73.46,34.66,3564.0,2.87,20.07,24.61,3.44,1.74,3.92,1.5404,hlth_sha11_exp,SHA2011_V3,2024-11-10
2024,IT,NPISH_SCHEME,ADMINISTRATION,GOVERNANCE,228957637383.85,9.22,81.75,15.28,5101.3,2.3,18.81,15.28,1.11,5.91,5.14,0.5308,hlth_sha11_hc,SHA2011_V2,2025-02-18
2025,PT,HOUSEHOLD_OOP,PREVENTIVE,LONG_TERM_CARE,293187242090.02,13.31,65.78,31.17,7507.95,1.64,9.62,12.14,1.34,1.9,8.19,1.471,hlth_sha11_hp,SHA2011_V1,2024-11-22
2006,BE,GOV_SCHEME,LONG_TERM_CARE,PREVENTION,138882927121.18,7.05,87.91,14.01,6365.11,1.98,23.97,21.77,2.33,1.4,5.57,1.221,hlth_sha11_hf,SHA2011_V3,2025-02-03
2007,FI,COMPULSORY_HEALTH_INSURANCE,RETAIL_MEDICAL_GOODS,REHABILITATION,266532234288.09,10.54,87.99,15.92,4521.64,2.65,14.07,4.15,1.1,4.34,1.67,1.5327,hlth_sha11_exp,SHA2011_V2,2025-03-08
2008,LV,VOLUNTARY_HEALTH_INSURANCE,AMBULATORY,MEDICAL_GOODS,23701542192.08,12.77,87.6,19.43,1904.47,2.44,23.82,24.58,3.32,2.36,5.48,0.7469,hlth_sha11_hc,SHA2011_V1,2025-05-08
2009,RO,NPISH_SCHEME,HOSPITALS,CURATIVE_CARE,3139473208.17,13.35,64.27,38.07,1407.07,6.71,10.28,27.2,4.75,3.82,7.84,1.4709,hlth_sha11_hp,SHA2011_V3,2025-11-10
2010,BG,HOUSEHOLD_OOP,OTHER,ANCILLARY_SERVICES,103176151475.75,9.56,66.37,28.32,3016.22,1.92,11.61,13.6,3.26,5.61,5.51,0.9794,hlth_sha11_hf,SHA2011_V2,2025-07-04
2011,FR,GOV_SCHEME,ADMINISTRATION,GOVERNANCE,242942821877.69,7.41,59.25,45.0,1285.13,5.16,14.06,26.36,1.99,2.45,4.51,1.2647,hlth_sha11_exp,SHA2011_V1,2024-01-04
2012,LT,COMPULSORY_HEALTH_INSURANCE,PREVENTIVE,LONG_TERM_CARE,18092364403.18,10.75,68.73,39.25,2788.88,6.66,8.98,7.19,1.11,0.78,4.13,1.1279,hlth_sha11_hc,SHA2011_V3,2025-12-14
2013,SK,VOLUNTARY_HEALTH_INSURANCE,LONG_TERM_CARE,PREVENTION,118624592230.17,10.33,61.03,33.43,8233.65,7.71,21.12,19.83,1.09,2.47,4.51,0.8497,hlth_sha11_hp,SHA2011_V2,2025-01-13
2014,HR,NPISH_SCHEME,RETAIL_MEDICAL_GOODS,REHABILITATION,92461241002.13,6.75,67.76,42.84,5282.08,5.76,22.39,27.19,5.76,5.3,3.91,0.8051,hlth_sha11_hf,SHA2011_V1,2024-02-17
2015,DE,HOUSEHOLD_OOP,AMBULATORY,MEDICAL_GOODS,209119928777.9,5.52,80.5,23.02,1515.42,1.78,20.29,12.13,2.05,1.27,0.83,0.5364,hlth_sha11_exp,SHA2011_V3,2025-11-27
2016,LU,GOV_SCHEME,HOSPITALS,CURATIVE_CARE,199732817978.82,12.81,71.85,38.3,4094.63,2.55,20.65,23.27,5.37,7.1,2.38,1.3894,hlth_sha11_hc,SHA2011_V2,2025-04-14
2017,SI,COMPULSORY_HEALTH_INSURANCE,OTHER,ANCILLARY_SERVICES,188345827960.9,5.57,55.45,44.42,2077.95,4.66,22.03,22.31,3.19,6.09,4.6,1.6881,hlth_sha11_hp,SHA2011_V1,2024-01-02
2018,CY,VOLUNTARY_HEALTH_INSURANCE,ADMINISTRATION,GOVERNANCE,96290918909.39,11.47,57.04,45.0,8006.45,3.91,22.23,11.75,1.37,3.03,7.52,0.6772,hlth_sha11_hf,SHA2011_V3,2024-01-13
2019,GR,NPISH_SCHEME,PREVENTIVE,LONG_TERM_CARE,219726593394.6,7.07,58.72,45.0,6827.12,3.09,14.05,26.56,1.52,1.12,7.07,1.1666,hlth_sha11_exp,SHA2011_V2,2024-07-08
2020,MT,HOUSEHOLD_OOP,LONG_TERM_CARE,PREVENTION,321158007855.25,8.05,70.08,31.14,5326.2,5.05,9.93,6.0,2.38,4.46,1.79,1.7285,hlth_sha11_hc,SHA2011_V1,2024-05-05
2021,ES,GOV_SCHEME,RETAIL_MEDICAL_GOODS,REHABILITATION,146575608749.67,6.5,70.04,29.56,8477.76,6.81,18.87,15.51,4.85,9.37,6.1,1.3749,hlth_sha11_hp,SHA2011_V3,2024-02-09
2022,CZ,COMPULSORY_HEALTH_INSURANCE,AMBULATORY,MEDICAL_GOODS,281275861285.33,7.98,78.35,28.58,7619.3,5.81,10.59,7.35,5.59,6.8,7.76,1.2933,hlth_sha11_hf,SHA2011_V2,2024-10-06
2023,HU,VOLUNTARY_HEALTH_INSURANCE,HOSPITALS,CURATIVE_CARE,30279119451.43,10.38,82.36,27.29,2567.44,3.8,17.3,20.39,6.29,7.57,3.05,0.7,hlth_sha11_exp,SHA2011_V1,2025-01-03
2024,NL,NPISH_SCHEME,OTHER,ANCILLARY_SERVICES,30779981065.43,9.73,79.37,25.75,3270.06,2.73,10.12,14.67,5.5,6.91,6.6,0.7408,hlth_sha11_hc,SHA2011_V3,2025-04-29
2025,SE,HOUSEHOLD_OOP,ADMINISTRATION,GOVERNANCE,101143645265.31,13.7,85.66,20.64,5920.89,6.01,10.88,16.42,4.94,2.26,1.07,0.6273,hlth_sha11_hp,SHA2011_V2,2024-05-05
2006,DK,GOV_SCHEME,PREVENTIVE,LONG_TERM_CARE,138739037258.92,10.09,79.2,32.67,4532.86,7.33,10.56,25.76,1.34,2.63,7.78,1.2681,hlth_sha11_hf,SHA2011_V1,2025-12-23
2007,IE,COMPULSORY_HEALTH_INSURANCE,LONG_TERM_CARE,PREVENTION,135563713708.98,6.61,66.89,28.58,1183.24,4.78,21.05,4.32,1.63,3.35,3.24,1.1062,hlth_sha11_exp,SHA2011_V3,2025-02-03
2008,PL,VOLUNTARY_HEALTH_INSURANCE,RETAIL_MEDICAL_GOODS,REHABILITATION,71553377481.2,6.2,76.3,25.21,5333.87,7.16,19.16,9.2,2.75,5.96,5.38,0.4776,hlth_sha11_hc,SHA2011_V2,2025-11-14
2009,AT,NPISH_SCHEME,AMBULATORY,MEDICAL_GOODS,185058292417.98,5.58,80.13,23.14,2060.6,2.07,19.67,15.48,4.76,5.06,5.45,0.867,hlth_sha11_hp,SHA2011_V1,2024-02-12
2010,EE,HOUSEHOLD_OOP,HOSPITALS,CURATIVE_CARE,92017978921.56,12.51,69.41,25.35,8137.41,6.92,12.79,11.1,1.25,2.8,4.51,0.6605,hlth_sha11_hf,SHA2011_V3,2025-07-19
2011,IT,GOV_SCHEME,OTHER,ANCILLARY_SERVICES,236121047736.76,9.62,77.75,17.01,2818.49,3.96,25.92,10.0,2.76,1.9,5.17,1.6745,hlth_sha11_exp,SHA2011_V2,2026-01-22
2012,PT,COMPULSORY_HEALTH_INSURANCE,ADMINISTRATION,GOVERNANCE,7972513346.99,10.19,66.04,44.28,4236.65,3.3,26.96,15.21,1.81,1.22,0.93,0.564,hlth_sha11_hc,SHA2011_V1,2024-04-22
2013,BE,VOLUNTARY_HEALTH_INSURANCE,PREVENTIVE,LONG_TERM_CARE,125640102940.05,10.33,68.54,29.46,4405.93,7.35,11.09,16.29,3.66,2.88,6.54,1.0,hlth_sha11_hp,SHA2011_V3,2025-01-23
2014,FI,NPISH_SCHEME,LONG_TERM_CARE,PREVENTION,106882992278.25,8.0,69.13,32.53,4542.64,6.35,24.18,27.82,6.12,8.54,4.65,0.6418,hlth_sha11_hf,SHA2011_V2,2024-05-21
2015,LV,HOUSEHOLD_OOP,RETAIL_MEDICAL_GOODS,REHABILITATION,195257480624.3,12.57,82.41,18.3,2932.91,5.19,24.72,23.08,1.14,2.51,5.89,0.8751,hlth_sha11_exp,SHA2011_V1,2024-11-15
2016,RO,GOV_SCHEME,AMBULATORY,MEDICAL_GOODS,130204588971.7,9.91,62.8,33.13,7199.54,2.12,8.86,15.91,5.85,2.01,3.12,0.5851,hlth_sha11_hc,SHA2011_V3,2024-06-24
2017,BG,COMPULSORY_HEALTH_INSURANCE,HOSPITALS,CURATIVE_CARE,253300694812.19,13.61,77.2,32.78,6507.59,5.59,15.78,7.9,2.14,7.31,4.51,1.0803,hlth_sha11_hp,SHA2011_V2,2024-09-16
2018,FR,VOLUNTARY_HEALTH_INSURANCE,OTHER,ANCILLARY_SERVICES,45738763663.01,9.36,75.78,21.68,6175.53,6.6,15.25,8.28,1.82,5.36,4.45,0.6401,hlth_sha11_hf,SHA2011_V1,2025-05-11
2019,LT,NPISH_SCHEME,ADMINISTRATION,GOVERNANCE,14695266514.32,13.18,64.31,41.15,4729.93,2.75,14.58,11.47,5.15,4.19,1.0,1.1703,hlth_sha11_exp,SHA2011_V3,2025-03-20
2020,SK,HOUSEHOLD_OOP,PREVENTIVE,LONG_TERM_CARE,288319081833.89,13.28,78.12,21.97,6831.76,3.86,13.16,15.46,2.64,6.06,4.34,2.2767,hlth_sha11_hc,SHA2011_V2,2024-12-01
2021,HR,GOV_SCHEME,LONG_TERM_CARE,PREVENTION,396079268626.74,12.71,60.46,42.38,4077.1,3.75,8.33,25.37,3.21,3.93,4.13,1.6871,hlth_sha11_hp,SHA2011_V1,2025-10-06
2022,DE,COMPULSORY_HEALTH_INSURANCE,RETAIL_MEDICAL_GOODS,REHABILITATION,306016794022.06,11.22,62.07,45.0,10905.29,2.67,16.49,26.94,2.82,1.6,1.81,0.6381,hlth_sha11_hf,SHA2011_V3,2024-10-24
2023,LU,VOLUNTARY_HEALTH_INSURANCE,AMBULATORY,MEDICAL_GOODS,101377022096.14,9.21,81.77,15.44,2995.7,3.82,26.05,14.86,2.07,7.45,6.21,1.0153,hlth_sha11_exp,SHA2011_V2,2024-09-28
2024,SI,NPISH_SCHEME,HOSPITALS,CURATIVE_CARE,331855690107.73,10.08,58.55,45.0,4001.47,4.53,16.87,10.27,4.03,5.38,0.98,1.7325,hlth_sha11_hc,SHA2011_V1,2024-11-05
2025,CY,HOUSEHOLD_OOP,OTHER,ANCILLARY_SERVICES,202210211185.32,11.17,72.56,33.36,6049.84,3.43,21.77,25.56,1.21,3.43,6.0,0.7592,hlth_sha11_hp,SHA2011_V3,2024-11-20
2006,GR,GOV_SCHEME,ADMINISTRATION,GOVERNANCE,8967844093.44,13.05,70.57,34.32,3508.69,7.37,18.27,17.88,4.9,2.37,6.54,0.769,hlth_sha11_hf,SHA2011_V2,2024-08-03
2007,MT,COMPULSORY_HEALTH_INSURANCE,PREVENTIVE,LONG_TERM_CARE,37785086142.89,13.47,83.37,21.75,3862.56,3.56,26.93,13.75,3.49,1.02,4.55,1.465,hlth_sha11_exp,SHA2011_V1,2024-12-12
2008,ES,VOLUNTARY_HEALTH_INSURANCE,LONG_TERM_CARE,PREVENTION,180179610989.08,9.59,56.36,45.0,7626.58,2.32,17.95,22.24,6.14,6.51,0.97,1.1827,hlth_sha11_hc,SHA2011_V3,2024-01-21
2009,CZ,NPISH_SCHEME,RETAIL_MEDICAL_GOODS,REHABILITATION,160239774243.31,9.62,58.65,42.46,6270.35,5.3,24.53,26.0,4.73,2.24,3.38,1.4174,hlth_sha11_hp,SHA2011_V2,2025-12-24
2010,HU,HOUSEHOLD_OOP,AMBULATORY,MEDICAL_GOODS,9366261251.64,12.84,57.17,39.71,8185.82,6.71,18.32,24.35,2.6,1.52,1.16,1.7313,hlth_sha11_hf,SHA2011_V1,2024-10-14
2011,NL,GOV_SCHEME,HOSPITALS,CURATIVE_CARE,186668508522.15,6.49,66.16,35.08,6459.11,3.08,16.21,13.62,5.79,3.88,6.24,1.5236,hlth_sha11_exp,SHA2011_V3,2025-08-27
2012,SE,COMPULSORY_HEALTH_INSURANCE,OTHER,ANCILLARY_SERVICES,5743721288.36,10.1,81.97,15.78,5604.49,6.35,10.6,13.59,3.72,1.67,4.16,0.8302,hlth_sha11_hc,SHA2011_V2,2024-08-23
2013,DK,VOLUNTARY_HEALTH_INSURANCE,ADMINISTRATION,GOVERNANCE,2656263586.07,11.69,61.52,41.47,4716.08,3.62,15.52,24.58,2.65,7.22,6.53,1.1036,hlth_sha11_hp,SHA2011_V1,2025-05-20
2014,IE,NPISH_SCHEME,PREVENTIVE,LONG_TERM_CARE,108806239653.25,11.44,83.79,22.75,5849.66,3.73,16.42,22.79,4.8,6.53,3.88,1.024,hlth_sha11_hf,SHA2011_V3,2024-12-24
2015,PL,HOUSEHOLD_OOP,LONG_TERM_CARE,PREVENTION,116505343499.79,8.75,55.33,45.0,6185.54,7.35,8.99,3.84,6.13,4.25,1.02,1.286,hlth_sha11_exp,SHA2011_V2,2025-02-15
2016,AT,GOV_SCHEME,RETAIL_MEDICAL_GOODS,REHABILITATION,189753047823.0,9.77,82.66,19.06,5730.69,6.61,26.68,20.02,3.94,1.25,4.3,1.7273,hlth_sha11_hc,SHA2011_V1,2025-11-20
2017,EE,COMPULSORY_HEALTH_INSURANCE,AMBULATORY,MEDICAL_GOODS,34507932201.96,6.41,63.31,34.01,6687.05,2.21,18.38,25.98,1.86,7.2,6.11,1.4628,hlth_sha11_hp,SHA2011_V3,2025-01-30
2018,IT,VOLUNTARY_HEALTH_INSURANCE,HOSPITALS,CURATIVE_CARE,269897691552.88,7.65,76.0,35.28,7411.41,7.77,9.81,24.07,5.64,3.22,1.79,0.9275,hlth_sha11_hf,SHA2011_V2,2025-07-28
2019,PT,NPISH_SCHEME,OTHER,ANCILLARY_SERVICES,166269682643.63,12.46,63.15,32.74,2752.18,6.5,22.45,25.09,1.08,4.0,6.37,0.8334,hlth_sha11_exp,SHA2011_V1,2025-02-03
2020,BE,HOUSEHOLD_OOP,ADMINISTRATION,GOVERNANCE,169690937898.05,12.65,85.59,26.0,2892.32,7.29,9.99,21.18,3.59,1.23,6.65,1.8408,hlth_sha11_hc,SHA2011_V3,2025-01-04
2021,FI,GOV_SCHEME,PREVENTIVE,LONG_TERM_CARE,125300139695.93,11.81,86.31,14.64,7766.89,4.61,14.45,24.66,2.76,7.62,6.71,1.8722,hlth_sha11_hp,SHA2011_V2,2025-11-25
2022,LV,COMPULSORY_HEALTH_INSURANCE,LONG_TERM_CARE,PREVENTION,124991630633.84,7.73,82.35,25.7,6097.05,6.55,15.98,25.01,5.28,7.48,4.49,1.2106,hlth_sha11_hf,SHA2011_V1,2026-01-03
2023,RO,VOLUNTARY_HEALTH_INSURANCE,RETAIL_MEDICAL_GOODS,REHABILITATION,89302947399.88,5.85,59.84,45.0,3084.68,6.84,8.32,15.23,4.43,6.11,6.23,1.7007,hlth_sha11_exp,SHA2011_V3,2024-01-25
2024,BG,NPISH_SCHEME,AMBULATORY,MEDICAL_GOODS,214536735939.96,6.02,87.7,9.77,4767.53,2.85,16.61,22.92,1.92,3.35,4.52,0.6716,hlth_sha11_hc,SHA2011_V2,2025-05-30
2025,FR,HOUSEHOLD_OOP,HOSPITALS,CURATIVE_CARE,163712864990.9,10.91,67.08,29.12,6766.82,4.68,21.16,8.33,4.19,2.82,4.67,1.1112,hlth_sha11_hp,SHA2011_V1,2024-03-11
2006,LT,GOV_SCHEME,OTHER,ANCILLARY_SERVICES,4589018846.41,6.31,68.07,40.29,4552.18,6.27,22.21,6.57,1.72,4.72,3.58,0.7341,hlth_sha11_hf,SHA2011_V3,2025-04-20
2007,SK,COMPULSORY_HEALTH_INSURANCE,ADMINISTRATION,GOVERNANCE,107514492518.72,11.72,55.93,44.61,867.32,7.66,13.59,7.96,3.69,2.85,8.19,1.3656,hlth_sha11_exp,SHA2011_V2,2025-05-08
2008,HR,VOLUNTARY_HEALTH_INSURANCE,PREVENTIVE,LONG_TERM_CARE,273894099401.11,6.98,65.93,31.58,6328.72,3.53,25.2,22.51,4.86,4.57,3.38,1.5316,hlth_sha11_hc,SHA2011_V1,2025-06-12
2009,DE,NPISH_SCHEME,LONG_TERM_CARE,PREVENTION,6734421860.57,8.72,87.12,8.58,3209.72,5.24,22.45,18.2,4.78,4.32,2.27,1.2519,hlth_sha11_hp,SHA2011_V3,2024-02-26
2010,LU,HOUSEHOLD_OOP,RETAIL_MEDICAL_GOODS,REHABILITATION,81973343587.6,7.09,57.21,38.93,4071.16,6.62,19.85,3.87,3.2,5.53,5.1,1.504,hlth_sha11_hf,SHA2011_V2,2025-10-28
2011,SI,GOV_SCHEME,AMBULATORY,MEDICAL_GOODS,119454404828.28,11.25,69.51,41.66,3448.75,4.94,26.92,15.48,1.55,6.45,3.6,1.2711,hlth_sha11_exp,SHA2011_V1,2025-06-23
2012,CY,COMPULSORY_HEALTH_INSURANCE,HOSPITALS,CURATIVE_CARE,85124092727.73,9.11,76.5,18.37,2777.74,3.96,16.15,12.71,2.46,1.32,1.36,0.4635,hlth_sha11_hc,SHA2011_V3,2024-07-17
2013,GR,VOLUNTARY_HEALTH_INSURANCE,OTHER,ANCILLARY_SERVICES,49591189537.57,7.79,67.65,27.77,1932.08,4.26,21.8,14.93,1.85,0.58,2.76,1.0317,hlth_sha11_hp,SHA2011_V2,2025-04-17
2014,MT,NPISH_SCHEME,ADMINISTRATION,GOVERNANCE,124024209586.13,6.67,60.25,33.96,3211.63,6.87,21.33,25.32,3.47,6.93,6.45,1.5415,hlth_sha11_hf,SHA2011_V1,2024-08-04
2015,ES,HOUSEHOLD_OOP,PREVENTIVE,LONG_TERM_CARE,188651917747.5,11.59,69.51,28.79,850.9,6.7,17.57,26.64,2.57,8.08,5.11,0.4603,hlth_sha11_exp,SHA2011_V3,2025-12-24
2016,CZ,GOV_SCHEME,LONG_TERM_CARE,PREVENTION,76948134862.4,8.66,71.41,24.2,1528.87,2.13,17.71,22.98,2.75,4.07,2.25,1.1264,hlth_sha11_hc,SHA2011_V2,2026-01-03
2017,HU,COMPULSORY_HEALTH_INSURANCE,RETAIL_MEDICAL_GOODS,REHABILITATION,173603228744.25,11.11,85.63,9.47,6120.78,6.9,14.88,25.27,4.74,5.21,1.21,0.4558,hlth_sha11_hp,SHA2011_V1,2026-02-11
2018,NL,VOLUNTARY_HEALTH_INSURANCE,AMBULATORY,MEDICAL_GOODS,245282516208.55,12.04,75.83,24.22,2082.11,4.18,23.12,12.08,2.42,2.03,6.26,0.5739,hlth_sha11_hf,SHA2011_V3,2024-05-15
2019,SE,NPISH_SCHEME,HOSPITALS,CURATIVE_CARE,286501639692.27,12.33,61.46,32.6,6645.58,3.95,18.23,12.21,6.49,0.63,7.9,0.6973,hlth_sha11_exp,SHA2011_V2,2024-08-21
2020,DK,HOUSEHOLD_OOP,OTHER,ANCILLARY_SERVICES,233325341449.39,12.72,70.47,28.64,5467.6,4.4,8.97,8.9,2.17,1.96,6.78,1.3656,hlth_sha11_hc,SHA2011_V1,2024-02-15
2021,IE,GOV_SCHEME,ADMINISTRATION,GOVERNANCE,58532150398.98,7.33,85.0,14.3,4080.91,7.45,11.24,16.3,5.95,7.46,3.31,1.2049,hlth_sha11_hp,SHA2011_V3,2026-02-20
2022,PL,COMPULSORY_HEALTH_INSURANCE,PREVENTIVE,LONG_TERM_CARE,225804112855.72,7.59,68.35,32.22,10714.02,5.79,8.02,26.56,5.79,4.43,6.99,1.3578,hlth_sha11_hf,SHA2011_V2,2025-08-05
2023,AT,VOLUNTARY_HEALTH_INSURANCE,LONG_TERM_CARE,PREVENTION,158422915054.06,13.36,76.23,20.35,10963.62,4.48,14.36,14.93,3.97,6.11,6.35,1.4381,hlth_sha11_exp,SHA2011_V1,2025-12-24
2024,EE,NPISH_SCHEME,RETAIL_MEDICAL_GOODS,REHABILITATION,291341006430.85,7.94,75.49,30.72,4899.97,2.11,22.74,26.16,3.99,7.35,8.1,0.8795,hlth_sha11_hc,SHA2011_V3,2025-11-21
2025,IT,HOUSEHOLD_OOP,AMBULATORY,MEDICAL_GOODS,251646200005.09,9.87,70.23,24.7,4894.26,7.99,19.96,22.44,3.74,8.44,4.46,1.2411,hlth_sha11_hp,SHA2011_V2,2025-03-24
2006,PT,GOV_SCHEME,HOSPITALS,CURATIVE_CARE,89985498288.12,12.3,56.71,44.01,2737.26,1.62,12.54,4.44,6.32,6.89,3.71,0.7434,hlth_sha11_hf,SHA2011_V1,2024-07-24
2007,BE,COMPULSORY_HEALTH_INSURANCE,OTHER,ANCILLARY_SERVICES,47029877735.62,11.97,75.99,20.1,4767.43,7.78,18.69,22.93,3.66,6.7,5.36,0.9435,hlth_sha11_exp,SHA2011_V3,2024-12-22
2008,FI,VOLUNTARY_HEALTH_INSURANCE,ADMINISTRATION,GOVERNANCE,16255608100.76,11.2,79.57,24.94,3244.56,1.54,25.85,23.33,1.35,0.82,3.18,0.8304,hlth_sha11_hc,SHA2011_V2,2024-05-25
2009,LV,NPISH_SCHEME,PREVENTIVE,LONG_TERM_CARE,211251897762.94,8.2,64.92,44.81,3990.92,6.69,11.86,16.66,5.4,6.85,6.51,1.1712,hlth_sha11_hp,SHA2011_V1,2025-11-28
2010,RO,HOUSEHOLD_OOP,LONG_TERM_CARE,PREVENTION,258527093842.16,7.97,87.5,8.9,4679.7,7.11,15.65,25.3,1.0,4.0,5.42,0.6498,hlth_sha11_hf,SHA2011_V3,2024-12-18
2011,BG,GOV_SCHEME,RETAIL_MEDICAL_GOODS,REHABILITATION,39432022614.42,13.2,67.23,27.26,2639.66,3.53,16.39,22.04,3.78,7.17,3.2,1.1009,hlth_sha11_exp,SHA2011_V2,2024-12-19
2012,FR,COMPULSORY_HEALTH_INSURANCE,AMBULATORY,MEDICAL_GOODS,223330759727.75,9.35,73.76,31.38,2624.86,2.78,16.54,17.8,2.3,1.08,7.11,1.145,hlth_sha11_hc,SHA2011_V1,2024-03-31
2013,LT,VOLUNTARY_HEALTH_INSURANCE,HOSPITALS,CURATIVE_CARE,161698602779.31,8.61,87.74,17.15,6751.66,2.23,24.51,13.46,2.58,2.44,2.31,1.4422,hlth_sha11_hp,SHA2011_V3,2024-10-02
2014,SK,NPISH_SCHEME,OTHER,ANCILLARY_SERVICES,268072147197.23,6.83,66.24,32.39,1025.34,3.14,17.45,3.77,5.82,0.64,1.45,0.6504,hlth_sha11_hf,SHA2011_V2,2024-01-27
2015,HR,HOUSEHOLD_OOP,ADMINISTRATION,GOVERNANCE,47705859074.76,11.2,76.68,33.14,3212.99,2.71,21.83,15.46,3.76,4.97,4.06,1.6063,hlth_sha11_exp,SHA2011_V1,2025-10-20
2016,DE,GOV_SCHEME,PREVENTIVE,LONG_TERM_CARE,129859823609.08,12.25,62.51,45.0,4280.16,3.15,11.99,16.05,2.41,1.21,7.94,0.8064,hlth_sha11_hc,SHA2011_V3,2025-11-07
2017,LU,COMPULSORY_HEALTH_INSURANCE,LONG_TERM_CARE,PREVENTION,149014901778.6,7.58,56.6,45.0,6866.98,2.37,17.72,20.93,1.56,5.85,3.93,0.9146,hlth_sha11_hp,SHA2011_V2,2024-01-16
2018,SI,VOLUNTARY_HEALTH_INSURANCE,RETAIL_MEDICAL_GOODS,REHABILITATION,213579740295.52,12.46,75.75,19.01,3101.64,5.53,16.73,24.05,2.65,5.98,2.24,0.6215,hlth_sha11_hf,SHA2011_V1,2025-07-20
2019,CY,NPISH_SCHEME,AMBULATORY,MEDICAL_GOODS,268948154338.65,10.84,64.42,41.34,12102.33,6.72,14.84,22.47,3.94,7.97,5.43,1.6267,hlth_sha11_exp,SHA2011_V3,2025-09-28
2020,GR,HOUSEHOLD_OOP,HOSPITALS,CURATIVE_CARE,157155726653.82,11.99,55.9,40.82,3236.58,2.2,20.86,17.74,4.13,10.21,8.05,1.6847,hlth_sha11_hc,SHA2011_V2,2025-11-15
2021,MT,GOV_SCHEME,OTHER,ANCILLARY_SERVICES,324237747453.44,10.78,81.91,19.67,9092.73,5.38,19.68,25.15,2.5,6.4,4.16,1.196,hlth_sha11_hp,SHA2011_V1,2024-10-30
2022,ES,COMPULSORY_HEALTH_INSURANCE,ADMINISTRATION,GOVERNANCE,135542906858.31,5.56,76.66,34.91,5310.35,6.08,14.95,12.78,6.05,3.74,2.72,0.4583,hlth_sha11_hf,SHA2011_V3,2024-06-13
2023,CZ,VOLUNTARY_HEALTH_INSURANCE,PREVENTIVE,LONG_TERM_CARE,196823470917.59,11.98,86.58,13.14,6399.76,4.94,19.48,14.33,2.52,5.76,1.85,1.2896,hlth_sha11_exp,SHA2011_V2,2024-02-05
2024,HU,NPISH_SCHEME,LONG_TERM_CARE,PREVENTION,19984658213.35,8.15,61.44,40.47,3278.52,2.14,21.51,12.46,1.22,5.83,1.68,0.7146,hlth_sha11_hc,SHA2011_V1,2025-04-02
2025,NL,HOUSEHOLD_OOP,RETAIL_MEDICAL_GOODS,REHABILITATION,138804846160.07,12.7,66.41,33.82,5310.77,6.84,8.07,5.44,6.07,0.79,6.61,1.3075,hlth_sha11_hp,SHA2011_V3,2024-07-28
2006,SE,GOV_SCHEME,AMBULATORY,MEDICAL_GOODS,153314364857.92,8.3,84.17,17.1,5202.28,5.38,25.56,3.05,6.04,2.09,6.51,0.8153,hlth_sha11_hf,SHA2011_V2,2025-10-09
2007,DK,COMPULSORY_HEALTH_INSURANCE,HOSPITALS,CURATIVE_CARE,153058945547.28,5.73,71.61,37.55,7370.11,2.07,9.65,13.43,6.11,4.07,4.98,1.1351,hlth_sha11_exp,SHA2011_V1,2024-07-06
2008,IE,VOLUNTARY_HEALTH_INSURANCE,OTHER,ANCILLARY_SERVICES,269373519817.38,6.09,81.14,17.68,3720.78,6.48,17.04,7.05,3.01,3.59,2.46,0.4335,hlth_sha11_hc,SHA2011_V3,2025-02-02
2009,PL,NPISH_SCHEME,ADMINISTRATION,GOVERNANCE,32854224068.23,7.48,81.23,16.81,5851.79,7.63,17.21,11.42,4.24,6.11,4.06,1.1347,hlth_sha11_hp,SHA2011_V2,2025-04-19
2010,AT,HOUSEHOLD_OOP,PREVENTIVE,LONG_TERM_CARE,249773452417.9,8.31,79.19,21.38,3235.64,1.84,10.17,17.53,2.49,7.19,2.01,0.4567,hlth_sha11_hf,SHA2011_V1,2024-04-04
2011,EE,GOV_SCHEME,LONG_TERM_CARE,PREVENTION,185963051067.86,6.3,63.0,45.0,4854.1,4.03,16.26,22.88,4.95,2.54,6.87,0.8916,hlth_sha11_exp,SHA2011_V3,2024-12-22
2012,IT,COMPULSORY_HEALTH_INSURANCE,RETAIL_MEDICAL_GOODS,REHABILITATION,65016643452.6,9.3,69.05,34.94,4050.28,3.46,18.36,10.4,6.42,1.43,3.13,1.7203,hlth_sha11_hc,SHA2011_V2,2024-10-20
2013,PT,VOLUNTARY_HEALTH_INSURANCE,AMBULATORY,MEDICAL_GOODS,112359356872.64,6.0,71.08,39.11,952.61,2.51,9.16,5.95,2.62,2.3,1.99,0.6495,hlth_sha11_hp,SHA2011_V1,2024-02-26
2014,BE,NPISH_SCHEME,HOSPITALS,CURATIVE_CARE,309396526513.58,9.45,76.82,22.04,6325.72,4.79,14.0,14.91,1.39,2.29,1.41,0.8293,hlth_sha11_hf,SHA2011_V3,2025-03-14
2015,FI,HOUSEHOLD_OOP,OTHER,ANCILLARY_SERVICES,235067777175.32,12.32,86.67,23.92,4586.79,5.9,23.02,4.72,3.73,7.3,2.42,0.9585,hlth_sha11_exp,SHA2011_V2,2025-02-03
2016,LV,GOV_SCHEME,ADMINISTRATION,GOVERNANCE,143890052350.45,13.7,75.28,32.34,8677.65,2.88,12.74,15.91,5.66,7.54,1.83,0.7241,hlth_sha11_hc,SHA2011_V1,2025-04-27
2017,RO,COMPULSORY_HEALTH_INSURANCE,PREVENTIVE,LONG_TERM_CARE,15275042919.77,11.35,77.64,19.96,1752.24,6.19,17.37,20.9,2.65,6.07,1.52,1.2781,hlth_sha11_hp,SHA2011_V3,2025-12-18
2018,BG,VOLUNTARY_HEALTH_INSURANCE,LONG_TERM_CARE,PREVENTION,63734564942.04,12.29,77.63,20.91,4002.99,3.42,8.36,6.07,3.89,7.79,4.46,0.6216,hlth_sha11_hf,SHA2011_V2,2025-11-06
2019,FR,NPISH_SCHEME,RETAIL_MEDICAL_GOODS,REHABILITATION,268105685967.32,12.98,86.76,16.0,1440.49,5.92,10.63,26.51,5.95,6.52,5.31,0.7469,hlth_sha11_exp,SHA2011_V1,2024-05-27
2020,LT,HOUSEHOLD_OOP,AMBULATORY,MEDICAL_GOODS,216694103463.57,13.69,58.38,45.0,6658.03,6.91,25.37,3.24,3.84,2.17,2.81,0.974,hlth_sha11_hc,SHA2011_V3,2024-09-12
2021,SK,GOV_SCHEME,HOSPITALS,CURATIVE_CARE,252619225543.61,8.14,57.54,37.54,6413.51,5.98,21.26,24.15,1.15,4.55,6.98,1.697,hlth_sha11_hp,SHA2011_V2,2024-02-02
2022,HR,COMPULSORY_HEALTH_INSURANCE,OTHER,ANCILLARY_SERVICES,252840196526.22,13.7,75.08,36.72,3805.55,4.86,13.5,10.87,5.62,6.25,4.27,1.0781,hlth_sha11_hf,SHA2011_V1,2025-02-06
2023,DE,VOLUNTARY_HEALTH_INSURANCE,ADMINISTRATION,GOVERNANCE,97851309517.93,13.26,71.61,37.58,2008.16,2.92,12.25,16.42,5.28,5.36,4.32,0.4682,hlth_sha11_exp,SHA2011_V3,2026-02-23
2024,LU,NPISH_SCHEME,PREVENTIVE,LONG_TERM_CARE,55108085639.36,8.31,60.71,33.86,4220.15,2.37,17.76,25.3,2.22,2.25,6.05,1.5894,hlth_sha11_hc,SHA2011_V2,2024-12-15
2025,SI,HOUSEHOLD_OOP,LONG_TERM_CARE,PREVENTION,139897577428.17,8.18,55.78,38.7,2150.7,1.86,13.42,27.78,4.65,6.81,4.6,1.5019,hlth_sha11_hp,SHA2011_V1,2024-11-09
2006,CY,GOV_SCHEME,RETAIL_MEDICAL_GOODS,REHABILITATION,68919610484.34,13.11,86.13,18.71,4146.05,3.1,8.69,26.39,5.58,1.26,2.72,0.7902,hlth_sha11_hf,SHA2011_V3,2024-11-21
2007,GR,COMPULSORY_HEALTH_INSURANCE,AMBULATORY,MEDICAL_GOODS,86795245314.2,9.81,85.01,26.09,6257.81,5.94,22.44,24.38,4.83,5.12,2.0,1.4427,hlth_sha11_exp,SHA2011_V2,2025-09-09
2008,MT,VOLUNTARY_HEALTH_INSURANCE,HOSPITALS,CURATIVE_CARE,102004427900.97,12.88,56.13,45.0,6090.36,7.13,15.28,7.37,1.99,5.66,3.1,0.652,hlth_sha11_hc,SHA2011_V1,2026-01-01
2009,ES,NPISH_SCHEME,OTHER,ANCILLARY_SERVICES,135313843422.11,8.58,78.01,30.92,6583.56,2.02,25.29,5.99,1.68,5.58,2.65,1.4836,hlth_sha11_hp,SHA2011_V3,2024-01-24
2010,CZ,HOUSEHOLD_OOP,ADMINISTRATION,GOVERNANCE,54267318962.7,13.17,66.1,32.11,1579.41,6.95,22.43,19.51,6.49,6.2,3.23,1.58,hlth_sha11_hf,SHA2011_V2,2024-07-14
2011,HU,GOV_SCHEME,PREVENTIVE,LONG_TERM_CARE,143570063994.35,10.02,85.61,14.67,3549.23,5.35,25.4,4.89,3.38,2.68,2.26,0.6182,hlth_sha11_exp,SHA2011_V1,2024-09-20
2012,NL,COMPULSORY_HEALTH_INSURANCE,LONG_TERM_CARE,PREVENTION,250902204777.7,11.19,83.82,20.96,4933.8,5.89,24.74,19.92,2.06,3.69,3.12,0.6304,hlth_sha11_hc,SHA2011_V3,2025-10-12
2013,SE,VOLUNTARY_HEALTH_INSURANCE,RETAIL_MEDICAL_GOODS,REHABILITATION,44529096261.73,5.65,61.47,44.86,7828.25,1.66,22.39,16.26,1.91,5.88,4.75,0.8715,hlth_sha11_hp,SHA2011_V2,2024-11-11
2014,DK,NPISH_SCHEME,AMBULATORY,MEDICAL_GOODS,139023657276.36,8.4,84.9,17.67,5245.61,5.33,14.94,26.27,5.47,7.07,3.66,0.5756,hlth_sha11_hf,SHA2011_V1,2024-04-03
2015,IE,HOUSEHOLD_OOP,HOSPITALS,CURATIVE_CARE,34063459302.81,7.12,67.72,36.79,8749.19,3.73,16.7,8.21,6.41,5.49,1.32,0.7197,hlth_sha11_exp,SHA2011_V3,2025-05-19
2016,PL,GOV_SCHEME,OTHER,ANCILLARY_SERVICES,138536912592.01,6.62,56.3,45.0,6255.26,6.1,19.57,23.62,5.8,8.1,6.72,0.7371,hlth_sha11_hc,SHA2011_V2,2025-06-26
2017,AT,COMPULSORY_HEALTH_INSURANCE,ADMINISTRATION,GOVERNANCE,111645684071.37,11.53,64.45,41.26,5272.12,7.61,21.39,9.27,5.17,8.26,1.32,1.181,hlth_sha11_hp,SHA2011_V1,2024-12-16
2018,EE,VOLUNTARY_HEALTH_INSURANCE,PREVENTIVE,LONG_TERM_CARE,196070210186.56,7.68,80.18,17.22,3973.06,1.5,19.88,27.45,5.6,2.23,4.64,1.5348,hlth_sha11_hf,SHA2011_V3,2026-01-17
2019,IT,NPISH_SCHEME,LONG_TERM_CARE,PREVENTION,170413775673.68,13.65,55.21,45.0,4927.93,5.83,15.12,8.3,6.21,3.31,3.53,0.7739,hlth_sha11_exp,SHA2011_V2,2025-06-18
2020,PT,HOUSEHOLD_OOP,RETAIL_MEDICAL_GOODS,REHABILITATION,163530153144.55,7.56,76.21,24.86,6171.85,6.83,18.92,19.48,5.62,9.83,4.48,1.19,hlth_sha11_hc,SHA2011_V1,2024-07-11
2021,BE,GOV_SCHEME,AMBULATORY,MEDICAL_GOODS,278914164776.58,11.58,86.36,20.1,4636.02,7.75,23.39,18.23,2.87,7.68,4.66,0.8938,hlth_sha11_hp,SHA2011_V3,2025-11-27
2022,FI,COMPULSORY_HEALTH_INSURANCE,HOSPITALS,CURATIVE_CARE,103882854889.19,12.46,82.1,17.93,9742.14,1.63,10.09,17.63,6.31,5.36,3.05,1.5871,hlth_sha11_hf,SHA2011_V2,2024-08-21
2023,LV,VOLUNTARY_HEALTH_INSURANCE,OTHER,ANCILLARY_SERVICES,1633222112.17,8.2,59.65,45.0,1674.31,3.71,21.14,25.51,2.39,6.0,2.11,1.6808,hlth_sha11_exp,SHA2011_V1,2025-10-12
2024,RO,NPISH_SCHEME,ADMINISTRATION,GOVERNANCE,475763802394.56,9.7,78.2,16.63,2645.35,2.06,24.66,4.54,4.27,3.78,2.08,0.561,hlth_sha11_hc,SHA2011_V3,2025-09-24
2025,BG,HOUSEHOLD_OOP,PREVENTIVE,LONG_TERM_CARE,226108954511.86,7.38,66.62,43.81,7356.51,5.94,8.88,26.12,4.96,8.33,6.29,0.9754,hlth_sha11_hp,SHA2011_V2,2025-04-08
2006,FR,GOV_SCHEME,LONG_TERM_CARE,PREVENTION,182225186550.42,5.99,73.55,30.5,4566.89,3.8,12.81,4.81,1.29,0.9,2.36,1.3572,hlth_sha11_hf,SHA2011_V1,2024-04-08
2007,LT,COMPULSORY_HEALTH_INSURANCE,RETAIL_MEDICAL_GOODS,REHABILITATION,189117361707.67,13.02,75.17,20.71,4588.18,6.26,21.98,12.63,2.98,7.26,2.19,0.4474,hlth_sha11_exp,SHA2011_V3,2025-01-04
2008,SK,VOLUNTARY_HEALTH_INSURANCE,AMBULATORY,MEDICAL_GOODS,292573099515.47,6.49,75.75,34.68,4986.48,4.55,26.58,7.19,6.38,6.78,3.91,0.4776,hlth_sha11_hc,SHA2011_V2,2025-01-15
2009,HR,NPISH_SCHEME,HOSPITALS,CURATIVE_CARE,52881385095.96,13.53,56.02,45.0,6557.57,5.9,26.35,22.13,2.31,7.49,2.52,1.4927,hlth_sha11_hp,SHA2011_V1,2024-03-08
2010,DE,HOUSEHOLD_OOP,OTHER,ANCILLARY_SERVICES,30911636837.75,11.27,68.71,34.96,2969.84,7.82,23.1,26.93,1.07,7.46,5.69,0.526,hlth_sha11_hf,SHA2011_V3,2025-06-16
2011,LU,GOV_SCHEME,ADMINISTRATION,GOVERNANCE,236365389359.92,7.25,76.24,23.03,5115.26,3.72,21.33,20.04,5.42,8.23,0.84,0.5137,hlth_sha11_exp,SHA2011_V2,2024-10-31
2012,SI,COMPULSORY_HEALTH_INSURANCE,PREVENTIVE,LONG_TERM_CARE,309079835643.01,7.65,66.56,32.26,10894.19,6.33,25.99,27.44,1.06,5.69,1.46,0.8382,hlth_sha11_hc,SHA2011_V1,2025-10-26
2013,CY,VOLUNTARY_HEALTH_INSURANCE,LONG_TERM_CARE,PREVENTION,27057647344.39,11.78,79.96,17.57,1020.96,4.88,16.21,21.21,5.89,7.18,5.78,0.5508,hlth_sha11_hp,SHA2011_V3,2025-09-27
2014,GR,NPISH_SCHEME,RETAIL_MEDICAL_GOODS,REHABILITATION,171937551499.12,8.67,75.05,21.91,1911.89,3.58,26.06,15.86,4.55,3.77,0.76,1.3933,hlth_sha11_hf,SHA2011_V2,2026-01-10
2015,MT,HOUSEHOLD_OOP,AMBULATORY,MEDICAL_GOODS,202993599267.17,7.76,60.45,45.0,4619.12,3.52,9.8,4.81,5.78,1.68,4.83,1.6228,hlth_sha11_exp,SHA2011_V1,2026-02-05
2016,ES,GOV_SCHEME,HOSPITALS,CURATIVE_CARE,53652446392.17,13.67,81.38,13.43,2024.6,6.41,20.9,11.61,5.1,2.65,5.12,1.3538,hlth_sha11_hc,SHA2011_V3,2024-09-09
2017,CZ,COMPULSORY_HEALTH_INSURANCE,OTHER,ANCILLARY_SERVICES,127888346898.03,12.32,57.58,37.11,4318.35,6.15,13.27,7.05,5.14,6.31,5.32,1.1523,hlth_sha11_hp,SHA2011_V2,2024-04-16
2018,HU,VOLUNTARY_HEALTH_INSURANCE,ADMINISTRATION,GOVERNANCE,215793778452.46,11.7,60.85,45.0,3240.54,5.9,10.33,21.4,3.48,2.23,7.08,1.4389,hlth_sha11_hf,SHA2011_V1,2024-03-19
2019,NL,NPISH_SCHEME,PREVENTIVE,LONG_TERM_CARE,293387536685.24,8.66,81.88,26.14,3947.2,4.17,14.72,8.01,3.17,0.55,6.09,1.3671,hlth_sha11_exp,SHA2011_V3,2025-03-20
2020,SE,HOUSEHOLD_OOP,LONG_TERM_CARE,PREVENTION,174630969793.76,12.59,74.79,32.94,8571.41,3.56,9.65,21.77,6.13,8.95,4.61,1.6434,hlth_sha11_hc,SHA2011_V2,2024-07-04
2021,DK,GOV_SCHEME,RETAIL_MEDICAL_GOODS,REHABILITATION,252735729761.58,11.66,81.73,24.12,6464.47,6.75,24.9,6.42,4.4,4.78,4.28,1.5767,hlth_sha11_hp,SHA2011_V1,2026-02-09
2022,IE,COMPULSORY_HEALTH_INSURANCE,AMBULATORY,MEDICAL_GOODS,105498279602.26,8.91,75.38,25.67,7927.35,3.56,12.75,5.59,2.09,2.68,4.73,0.7744,hlth_sha11_hf,SHA2011_V3,2025-04-20
2023,PL,VOLUNTARY_HEALTH_INSURANCE,HOSPITALS,CURATIVE_CARE,39621392361.97,8.38,59.5,37.73,10496.01,7.4,16.81,27.56,4.76,3.27,6.22,1.2255,hlth_sha11_exp,SHA2011_V2,2025-02-06
2024,AT,NPISH_SCHEME,OTHER,ANCILLARY_SERVICES,108559446796.94,10.86,70.21,26.28,11318.87,4.25,22.78,25.79,6.3,8.34,3.46,0.6624,hlth_sha11_hc,SHA2011_V1,2025-04-22
2025,EE,HOUSEHOLD_OOP,ADMINISTRATION,GOVERNANCE,208805292300.41,11.6,83.26,25.74,5847.8,4.53,23.97,24.25,2.88,3.22,2.22,0.7125,hlth_sha11_hp,SHA2011_V3,2024-09-23
2006,IT,GOV_SCHEME,PREVENTIVE,LONG_TERM_CARE,11391238970.91,10.83,83.66,16.25,5269.17,6.06,26.13,5.09,3.38,6.08,5.54,1.1264,hlth_sha11_hf,SHA2011_V2,2024-05-09
2007,PT,COMPULSORY_HEALTH_INSURANCE,LONG_TERM_CARE,PREVENTION,184534037846.13,10.02,83.73,18.34,6415.07,5.49,12.29,26.06,4.41,0.88,0.88,1.7348,hlth_sha11_exp,SHA2011_V1,2024-08-31
2008,BE,VOLUNTARY_HEALTH_INSURANCE,RETAIL_MEDICAL_GOODS,REHABILITATION,170922661729.86,12.5,59.33,39.3,1212.8,5.48,17.81,23.24,2.68,0.88,1.58,0.5229,hlth_sha11_hc,SHA2011_V3,2025-10-16
2009,FI,NPISH_SCHEME,AMBULATORY,MEDICAL_GOODS,5109272951.45,7.75,64.9,38.4,4035.9,6.74,10.34,26.97,1.6,7.1,5.95,0.9836,hlth_sha11_hp,SHA2011_V2,2025-10-10
2010,LV,HOUSEHOLD_OOP,HOSPITALS,CURATIVE_CARE,155495218702.35,9.01,76.92,32.06,5666.38,3.58,25.03,7.8,3.57,5.8,7.42,0.6908,hlth_sha11_hf,SHA2011_V1,2024-09-19
2011,RO,GOV_SCHEME,OTHER,ANCILLARY_SERVICES,257125213959.14,5.93,63.65,40.37,5494.07,4.24,24.43,8.69,1.4,1.65,5.54,1.6178,hlth_sha11_exp,SHA2011_V3,2025-06-29
2012,BG,COMPULSORY_HEALTH_INSURANCE,ADMINISTRATION,GOVERNANCE,215411125921.38,8.62,72.44,30.66,2186.94,6.33,20.59,17.12,1.52,1.67,4.49,0.7671,hlth_sha11_hc,SHA2011_V2,2024-08-30
2013,FR,VOLUNTARY_HEALTH_INSURANCE,PREVENTIVE,LONG_TERM_CARE,25014132094.43,11.87,66.91,30.41,6814.58,6.5,20.58,16.61,1.17,4.83,2.17,0.5644,hlth_sha11_hp,SHA2011_V1,2024-06-27
2014,LT,NPISH_SCHEME,LONG_TERM_CARE,PREVENTION,147405180274.39,7.75,72.8,39.13,5187.77,7.04,21.74,8.18,4.57,4.58,4.72,1.5953,hlth_sha11_hf,SHA2011_V3,2025-10-09
2015,SK,HOUSEHOLD_OOP,RETAIL_MEDICAL_GOODS,REHABILITATION,40983149299.87,12.61,61.88,33.01,3930.7,5.92,12.2,19.12,3.52,3.61,6.66,0.6105,hlth_sha11_exp,SHA2011_V2,2024-10-20
2016,HR,GOV_SCHEME,AMBULATORY,MEDICAL_GOODS,310485766710.64,9.39,69.01,36.27,8536.93,2.7,17.27,23.14,5.86,7.01,3.44,0.5136,hlth_sha11_hc,SHA2011_V1,2025-11-12
2017,DE,COMPULSORY_HEALTH_INSURANCE,HOSPITALS,CURATIVE_CARE,270914771537.6,7.37,85.34,15.71,3518.75,4.68,19.31,15.79,1.44,0.63,6.04,0.9286,hlth_sha11_hp,SHA2011_V3,2024-04-18
2018,LU,VOLUNTARY_HEALTH_INSURANCE,OTHER,ANCILLARY_SERVICES,187322783110.39,10.65,72.88,21.8,6221.99,5.88,24.42,23.81,1.54,2.97,2.08,1.5046,hlth_sha11_hf,SHA2011_V2,2026-02-16
2019,SI,NPISH_SCHEME,ADMINISTRATION,GOVERNANCE,76965954937.77,9.09,68.56,34.14,3991.67,4.48,23.23,7.65,5.92,2.16,2.25,1.139,hlth_sha11_exp,SHA2011_V1,2024-08-17
2020,CY,HOUSEHOLD_OOP,PREVENTIVE,LONG_TERM_CARE,137912480512.97,6.87,67.61,39.35,5741.8,6.95,26.19,22.18,1.01,3.47,5.51,0.9891,hlth_sha11_hc,SHA2011_V3,2025-01-28
2021,GR,GOV_SCHEME,LONG_TERM_CARE,PREVENTION,251028161306.06,10.06,71.89,24.51,4016.87,3.17,22.32,19.08,4.38,6.86,3.73,2.1652,hlth_sha11_hp,SHA2011_V2,2024-07-17
2022,MT,COMPULSORY_HEALTH_INSURANCE,RETAIL_MEDICAL_GOODS,REHABILITATION,10959683904.49,8.9,67.4,29.13,2849.39,3.1,9.0,22.7,3.17,4.43,6.02,0.4759,hlth_sha11_hf,SHA2011_V1,2025-04-28
2023,ES,VOLUNTARY_HEALTH_INSURANCE,AMBULATORY,MEDICAL_GOODS,273977666185.56,13.76,60.57,45.0,1170.33,5.18,19.81,25.23,4.66,1.68,7.03,1.6887,hlth_sha11_exp,SHA2011_V3,2024-06-14
2024,CZ,NPISH_SCHEME,HOSPITALS,CURATIVE_CARE,147922317839.99,10.73,66.62,38.59,9297.0,3.33,10.03,18.83,2.96,6.97,1.48,1.043,hlth_sha11_hc,SHA2011_V2,2024-06-27
2025,HU,HOUSEHOLD_OOP,OTHER,ANCILLARY_SERVICES,29688800792.17,13.64,79.63,15.07,6640.92,7.52,24.03,8.37,1.33,1.18,3.51,0.6485,hlth_sha11_hp,SHA2011_V1,2024-06-01
2006,NL,GOV_SCHEME,ADMINISTRATION,GOVERNANCE,64361531727.09,11.48,73.05,27.73,5477.27,1.97,11.02,7.55,4.38,4.59,7.4,1.1618,hlth_sha11_hf,SHA2011_V3,2026-02-05
2007,SE,COMPULSORY_HEALTH_INSURANCE,PREVENTIVE,LONG_TERM_CARE,53102690267.17,9.63,73.03,26.32,5435.63,6.03,16.44,7.54,1.34,2.64,4.21,1.0989,hlth_sha11_exp,SHA2011_V2,2025-07-21
2008,DK,VOLUNTARY_HEALTH_INSURANCE,LONG_TERM_CARE,PREVENTION,120285741426.56,8.57,58.69,36.12,2743.79,6.33,23.76,7.68,2.46,4.16,6.23,0.4655,hlth_sha11_hc,SHA2011_V1,2025-09-01
2009,IE,NPISH_SCHEME,RETAIL_MEDICAL_GOODS,REHABILITATION,92659483162.07,5.69,68.59,28.74,3843.19,1.61,18.91,6.4,3.86,8.4,7.8,1.2197,hlth_sha11_hp,SHA2011_V3,2024-07-08
2010,PL,HOUSEHOLD_OOP,AMBULATORY,MEDICAL_GOODS,65474171267.93,9.44,87.41,22.97,8680.37,4.06,13.7,9.85,1.49,4.0,2.39,0.6385,hlth_sha11_hf,SHA2011_V2,2024-03-06
2011,AT,GOV_SCHEME,HOSPITALS,CURATIVE_CARE,140392195016.41,13.34,83.6,19.91,3430.01,6.57,26.8,5.31,2.26,7.93,2.19,0.6116,hlth_sha11_exp,SHA2011_V1,2025-09-04
2012,EE,COMPULSORY_HEALTH_INSURANCE,OTHER,ANCILLARY_SERVICES,170671078533.31,8.42,86.02,9.97,6943.54,6.77,11.34,22.53,3.95,7.07,4.83,1.153,hlth_sha11_hc,SHA2011_V3,2026-01-25
2013,IT,VOLUNTARY_HEALTH_INSURANCE,ADMINISTRATION,GOVERNANCE,115444001094.65,7.17,57.03,44.16,5951.87,3.43,25.68,5.98,3.52,6.52,6.1,1.2179,hlth_sha11_hp,SHA2011_V2,2026-01-26
2014,PT,NPISH_SCHEME,PREVENTIVE,LONG_TERM_CARE,106494587186.68,10.87,68.25,28.71,4102.58,6.79,10.16,10.83,3.93,7.83,3.83,0.978,hlth_sha11_hf,SHA2011_V1,2024-06-12
2015,BE,HOUSEHOLD_OOP,LONG_TERM_CARE,PREVENTION,353336223669.65,11.61,84.63,22.87,1828.74,7.64,24.59,14.01,5.57,3.08,3.09,1.5615,hlth_sha11_exp,SHA2011_V3,2024-07-09
2016,FI,GOV_SCHEME,RETAIL_MEDICAL_GOODS,REHABILITATION,170740141183.69,11.23,72.99,38.98,2061.65,6.66,15.54,6.02,3.81,4.83,3.37,0.7222,hlth_sha11_hc,SHA2011_V2,2025-01-06
2017,LV,COMPULSORY_HEALTH_INSURANCE,AMBULATORY,MEDICAL_GOODS,84112405861.13,10.01,82.69,24.7,7407.09,5.01,9.58,3.13,2.89,5.81,3.83,1.1313,hlth_sha11_hp,SHA2011_V1,2024-04-02
2018,RO,VOLUNTARY_HEALTH_INSURANCE,HOSPITALS,CURATIVE_CARE,140477129016.23,9.87,64.77,33.37,3689.79,7.49,13.63,4.51,6.21,2.06,4.95,1.5609,hlth_sha11_hf,SHA2011_V3,2025-09-03
2019,BG,NPISH_SCHEME,OTHER,ANCILLARY_SERVICES,214539502478.21,8.43,60.24,44.42,3136.79,3.21,16.46,6.32,5.52,1.93,1.72,1.3972,hlth_sha11_exp,SHA2011_V2,2025-07-16
2020,FR,HOUSEHOLD_OOP,ADMINISTRATION,GOVERNANCE,80605095583.01,12.44,70.22,38.37,4217.87,4.25,14.52,18.24,2.87,4.24,3.57,0.9422,hlth_sha11_hc,SHA2011_V1,2025-09-09
2021,LT,GOV_SCHEME,PREVENTIVE,LONG_TERM_CARE,175529152228.01,10.1,85.6,21.87,3593.19,3.42,26.4,4.73,5.01,3.65,6.36,1.5853,hlth_sha11_hp,SHA2011_V3,2025-12-27
2022,SK,COMPULSORY_HEALTH_INSURANCE,LONG_TERM_CARE,PREVENTION,86347622433.25,9.6,56.55,45.0,4156.94,2.39,9.73,15.07,5.33,4.48,7.64,1.0089,hlth_sha11_hf,SHA2011_V2,2024-01-30
2023,HR,VOLUNTARY_HEALTH_INSURANCE,RETAIL_MEDICAL_GOODS,REHABILITATION,60850425613.83,11.26,78.77,19.24,7761.54,5.16,20.86,14.64,1.63,8.07,5.5,1.471,hlth_sha11_exp,SHA2011_V1,2024-05-24
2024,DE,NPISH_SCHEME,AMBULATORY,MEDICAL_GOODS,117784756864.69,9.33,77.88,25.13,8985.57,1.56,24.86,17.2,2.79,0.78,6.52,1.6087,hlth_sha11_hc,SHA2011_V3,2025-03-01
2025,LU,HOUSEHOLD_OOP,HOSPITALS,CURATIVE_CARE,49043967336.2,6.94,83.25,19.85,6473.8,3.49,22.59,27.15,4.67,1.52,6.46,1.6678,hlth_sha11_hp,SHA2011_V2,2025-03-23
2006,SI,GOV_SCHEME,OTHER,ANCILLARY_SERVICES,34132354135.39,10.47,64.63,45.0,3095.67,2.41,11.14,10.17,6.1,3.6,4.83,1.1541,hlth_sha11_hf,SHA2011_V1,2024-03-04
2007,CY,COMPULSORY_HEALTH_INSURANCE,ADMINISTRATION,GOVERNANCE,275415263262.54,13.52,55.31,45.0,3989.2,2.43,11.91,25.07,4.18,8.42,4.83,1.627,hlth_sha11_exp,SHA2011_V3,2026-01-24
2008,GR,VOLUNTARY_HEALTH_INSURANCE,PREVENTIVE,LONG_TERM_CARE,19494167770.26,10.32,75.17,27.36,2434.94,1.73,23.21,17.76,4.78,5.13,3.32,1.0138,hlth_sha11_hc,SHA2011_V2,2025-10-19
2009,MT,NPISH_SCHEME,LONG_TERM_CARE,PREVENTION,66976799968.52,6.01,79.27,29.34,4965.52,3.0,18.79,23.88,6.24,2.14,3.95,1.3825,hlth_sha11_hp,SHA2011_V1,2024-11-02
2010,ES,HOUSEHOLD_OOP,RETAIL_MEDICAL_GOODS,REHABILITATION,75856880367.8,7.91,58.26,45.0,4982.71,7.05,13.82,18.07,3.14,7.78,5.77,0.6507,hlth_sha11_hf,SHA2011_V3,2024-10-06
2011,CZ,GOV_SCHEME,AMBULATORY,MEDICAL_GOODS,159599012246.43,8.13,60.42,35.82,1408.66,7.09,16.64,20.23,2.81,2.25,5.69,0.9578,hlth_sha11_exp,SHA2011_V2,2025-03-11
2012,HU,COMPULSORY_HEALTH_INSURANCE,HOSPITALS,CURATIVE_CARE,76912943143.52,6.37,68.25,42.78,3061.6,2.47,25.18,5.45,4.61,8.01,3.04,0.7736,hlth_sha11_hc,SHA2011_V1,2025-09-01
2013,NL,VOLUNTARY_HEALTH_INSURANCE,OTHER,ANCILLARY_SERVICES,16563741292.34,9.83,64.49,41.27,6029.1,5.1,13.27,18.11,2.91,8.55,2.01,0.9923,hlth_sha11_hp,SHA2011_V3,2024-07-15
2014,SE,NPISH_SCHEME,ADMINISTRATION,GOVERNANCE,21342696605.41,9.67,81.78,24.49,9426.17,1.72,16.0,13.72,1.29,8.04,6.28,0.5245,hlth_sha11_hf,SHA2011_V2,2025-01-06
2015,DK,HOUSEHOLD_OOP,PREVENTIVE,LONG_TERM_CARE,87342443033.95,7.33,59.82,43.1,5184.21,4.36,15.65,21.77,2.4,3.89,2.47,1.6797,hlth_sha11_exp,SHA2011_V1,2024-06-04
2016,IE,GOV_SCHEME,LONG_TERM_CARE,PREVENTION,207084143769.63,13.35,77.99,23.5,5129.17,4.97,20.12,18.43,4.96,2.21,1.48,1.0117,hlth_sha11_hc,SHA2011_V3,2025-01-30
2017,PL,COMPULSORY_HEALTH_INSURANCE,RETAIL_MEDICAL_GOODS,REHABILITATION,40251573045.72,6.86,64.34,31.47,3838.95,6.15,23.73,11.35,3.78,8.54,4.82,0.4611,hlth_sha11_hp,SHA2011_V2,2026-02-11
2018,AT,VOLUNTARY_HEALTH_INSURANCE,AMBULATORY,MEDICAL_GOODS,220851779598.78,13.27,81.84,28.81,2527.45,1.96,11.72,9.38,3.5,7.82,5.35,1.054,hlth_sha11_hf,SHA2011_V1,2024-05-04
2019,EE,NPISH_SCHEME,HOSPITALS,CURATIVE_CARE,233019014116.02,12.5,74.69,31.45,3737.71,3.09,22.8,15.49,5.54,5.07,1.23,1.4251,hlth_sha11_exp,SHA2011_V3,2025-07-27
2020,IT,HOUSEHOLD_OOP,OTHER,ANCILLARY_SERVICES,72560022962.74,11.81,87.94,13.81,2816.62,7.59,11.62,22.51,3.44,5.25,3.65,1.577,hlth_sha11_hc,SHA2011_V2,2025-12-27
2021,PT,GOV_SCHEME,ADMINISTRATION,GOVERNANCE,241001597370.71,11.08,70.55,31.88,7703.93,7.32,18.47,11.51,3.21,7.3,3.06,1.2205,hlth_sha11_hp,SHA2011_V1,2024-09-05
2022,BE,COMPULSORY_HEALTH_INSURANCE,PREVENTIVE,LONG_TERM_CARE,111613674323.83,10.14,81.72,18.53,9119.39,4.6,14.53,24.7,2.82,6.56,3.87,1.5992,hlth_sha11_hf,SHA2011_V3,2024-10-19
2023,FI,VOLUNTARY_HEALTH_INSURANCE,LONG_TERM_CARE,PREVENTION,263527189668.57,11.78,75.53,27.7,10215.65,3.23,16.84,21.43,2.0,5.08,3.41,1.6637,hlth_sha11_exp,SHA2011_V2,2025-02-14
2024,LV,NPISH_SCHEME,RETAIL_MEDICAL_GOODS,REHABILITATION,174898184962.22,6.52,85.78,10.36,7838.42,3.22,15.51,12.72,2.35,1.33,3.66,0.934,hlth_sha11_hc,SHA2011_V1,2024-09-22
2025,RO,HOUSEHOLD_OOP,AMBULATORY,MEDICAL_GOODS,231342693994.17,12.73,60.2,42.34,7802.28,6.58,16.53,4.37,1.11,7.09,3.19,1.2764,hlth_sha11_hp,SHA2011_V3,2025-06-20
2006,BG,GOV_SCHEME,HOSPITALS,CURATIVE_CARE,254705672693.13,10.06,55.71,42.95,8400.57,5.26,11.09,26.01,5.36,6.76,5.79,0.6441,hlth_sha11_hf,SHA2011_V2,2025-06-29
2007,FR,COMPULSORY_HEALTH_INSURANCE,OTHER,ANCILLARY_SERVICES,9139287242.48,12.61,84.29,19.15,2337.32,7.58,21.61,21.02,2.43,3.95,0.87,1.4496,hlth_sha11_exp,SHA2011_V1,2025-10-27
2008,LT,VOLUNTARY_HEALTH_INSURANCE,ADMINISTRATION,GOVERNANCE,132480052567.02,8.03,74.77,26.26,8351.6,3.85,10.12,3.34,1.19,4.54,6.37,1.6957,hlth_sha11_hc,SHA2011_V3,2025-09-12
2009,SK,NPISH_SCHEME,PREVENTIVE,LONG_TERM_CARE,21675077701.05,8.54,72.71,22.56,1372.85,4.6,13.78,18.54,2.51,5.03,1.31,0.5366,hlth_sha11_hp,SHA2011_V2,2024-06-27
2010,HR,HOUSEHOLD_OOP,LONG_TERM_CARE,PREVENTION,49237936506.49,8.99,62.22,38.95,6026.66,3.24,24.45,23.31,2.68,2.28,3.53,1.2687,hlth_sha11_hf,SHA2011_V1,2025-03-24
2011,DE,GOV_SCHEME,RETAIL_MEDICAL_GOODS,REHABILITATION,233742961612.82,10.47,63.97,43.27,4789.47,2.62,16.91,7.47,1.04,6.89,2.24,1.2301,hlth_sha11_exp,SHA2011_V3,2025-03-28
2012,LU,COMPULSORY_HEALTH_INSURANCE,AMBULATORY,MEDICAL_GOODS,133729004052.91,10.32,68.21,33.83,3280.6,3.48,23.01,5.54,5.33,4.78,7.89,0.7878,hlth_sha11_hc,SHA2011_V2,2026-01-02
2013,SI,VOLUNTARY_HEALTH_INSURANCE,HOSPITALS,CURATIVE_CARE,131128008671.65,9.2,83.13,15.98,5823.85,5.87,19.78,12.35,2.7,0.76,5.01,0.5878,hlth_sha11_hp,SHA2011_V1,2024-05-28
2014,CY,NPISH_SCHEME,OTHER,ANCILLARY_SERVICES,11017569110.63,11.39,63.15,34.03,3238.15,6.49,14.17,9.24,6.49,7.3,6.81,0.9986,hlth_sha11_hf,SHA2011_V3,2024-07-05
2015,GR,HOUSEHOLD_OOP,ADMINISTRATION,GOVERNANCE,257503499657.58,11.09,82.44,19.84,4394.1,5.11,22.25,26.76,2.0,3.34,6.13,0.9508,hlth_sha11_exp,SHA2011_V2,2024-09-03
2016,MT,GOV_SCHEME,PREVENTIVE,LONG_TERM_CARE,56425595403.76,10.57,69.75,41.82,4816.13,1.65,20.19,19.64,2.43,2.36,1.47,0.8544,hlth_sha11_hc,SHA2011_V1,2025-01-31
2017,ES,COMPULSORY_HEALTH_INSURANCE,LONG_TERM_CARE,PREVENTION,149221488103.17,9.06,62.91,35.18,6684.66,1.6,20.49,15.76,6.32,6.36,2.11,1.5218,hlth_sha11_hp,SHA2011_V3,2024-01-12
2018,CZ,VOLUNTARY_HEALTH_INSURANCE,RETAIL_MEDICAL_GOODS,REHABILITATION,33358859352.8,11.58,68.8,29.91,6765.23,2.63,16.8,9.44,1.79,6.72,2.5,1.0641,hlth_sha11_hf,SHA2011_V2,2025-02-10
2019,HU,NPISH_SCHEME,AMBULATORY,MEDICAL_GOODS,181745971213.86,11.35,87.79,21.26,940.07,4.23,14.62,8.82,3.09,5.19,3.76,0.9753,hlth_sha11_exp,SHA2011_V1,2024-12-12
2020,NL,HOUSEHOLD_OOP,HOSPITALS,CURATIVE_CARE,110885406030.17,12.01,72.32,35.88,7627.19,4.45,17.89,16.52,4.53,9.53,4.45,1.8718,hlth_sha11_hc,SHA2011_V3,2024-03-05
2021,SE,GOV_SCHEME,OTHER,ANCILLARY_SERVICES,93797296217.24,13.15,82.71,17.1,11517.56,3.17,9.31,20.82,2.51,7.49,3.49,1.059,hlth_sha11_hp,SHA2011_V2,2025-05-02
2022,DK,COMPULSORY_HEALTH_INSURANCE,ADMINISTRATION,GOVERNANCE,152355118782.95,11.14,74.4,30.2,10652.78,5.75,26.87,17.21,5.44,0.65,8.18,0.7229,hlth_sha11_hf,SHA2011_V1,2025-06-13
2023,IE,VOLUNTARY_HEALTH_INSURANCE,PREVENTIVE,LONG_TERM_CARE,88686100030.31,11.32,85.92,20.64,5303.52,3.91,11.75,26.98,4.52,3.51,3.76,0.56,hlth_sha11_exp,SHA2011_V3,2024-09-07
2024,PL,NPISH_SCHEME,LONG_TERM_CARE,PREVENTION,265657201917.26,9.67,85.05,16.69,1137.58,7.59,22.42,17.87,2.57,5.6,2.15,1.3162,hlth_sha11_hc,SHA2011_V2,2025-10-30
2025,AT,HOUSEHOLD_OOP,RETAIL_MEDICAL_GOODS,REHABILITATION,235030493090.18,10.12,86.68,20.21,5629.56,4.58,10.24,9.68,1.35,4.71,6.7,1.1595,hlth_sha11_hp,SHA2011_V1,2024-09-18
2006,EE,GOV_SCHEME,AMBULATORY,MEDICAL_GOODS,174293712090.99,9.96,69.04,27.5,5158.31,6.11,22.08,10.7,5.54,5.96,6.81,1.7417,hlth_sha11_hf,SHA2011_V3,2025-03-02
2007,IT,COMPULSORY_HEALTH_INSURANCE,HOSPITALS,CURATIVE_CARE,118573107517.91,12.67,56.63,45.0,1302.56,5.55,8.19,12.59,5.31,7.97,1.36,0.9672,hlth_sha11_exp,SHA2011_V2,2024-11-02
2008,PT,VOLUNTARY_HEALTH_INSURANCE,OTHER,ANCILLARY_SERVICES,95246272523.6,5.66,86.97,18.67,3022.6,6.84,25.21,23.84,5.36,2.6,2.71,0.85,hlth_sha11_hc,SHA2011_V1,2024-06-25
2009,BE,NPISH_SCHEME,ADMINISTRATION,GOVERNANCE,134349180797.0,11.44,71.85,39.13,4263.48,1.75,14.29,13.98,2.45,5.79,1.03,1.732,hlth_sha11_hp,SHA2011_V3,2025-01-23
2010,FI,HOUSEHOLD_OOP,PREVENTIVE,LONG_TERM_CARE,147127434531.24,11.51,60.71,44.71,1825.53,4.66,8.71,21.74,1.19,2.24,3.86,1.6125,hlth_sha11_hf,SHA2011_V2,2025-02-23
2011,LV,GOV_SCHEME,LONG_TERM_CARE,PREVENTION,977104406.36,11.13,74.7,22.34,4780.28,2.66,14.44,16.97,2.36,4.32,4.63,0.6371,hlth_sha11_exp,SHA2011_V1,2024-02-25
2012,RO,COMPULSORY_HEALTH_INSURANCE,RETAIL_MEDICAL_GOODS,REHABILITATION,252192317005.99,7.27,63.64,37.6,4922.22,4.35,25.34,6.27,1.43,3.77,0.9,1.0265,hlth_sha11_hc,SHA2011_V3,2024-11-06
2013,BG,VOLUNTARY_HEALTH_INSURANCE,AMBULATORY,MEDICAL_GOODS,186696457140.79,11.26,68.41,36.96,5549.14,4.68,12.61,14.16,5.77,8.28,3.91,1.6722,hlth_sha11_hp,SHA2011_V2,2025-08-09
2014,FR,NPISH_SCHEME,HOSPITALS,CURATIVE_CARE,139747199789.85,5.55,70.39,26.28,5575.77,3.39,26.19,16.28,4.93,4.34,1.44,0.9347,hlth_sha11_hf,SHA2011_V1,2025-08-10
2015,LT,HOUSEHOLD_OOP,OTHER,ANCILLARY_SERVICES,191877255227.32,7.2,61.19,34.06,3077.84,1.8,14.55,15.53,5.6,3.17,2.88,0.8461,hlth_sha11_exp,SHA2011_V3,2026-01-15
2016,SK,GOV_SCHEME,ADMINISTRATION,GOVERNANCE,70290622326.88,11.93,77.13,23.25,9518.81,6.27,26.71,3.44,3.6,6.21,5.48,1.7062,hlth_sha11_hc,SHA2011_V2,2025-02-07
2017,HR,COMPULSORY_HEALTH_INSURANCE,PREVENTIVE,LONG_TERM_CARE,129825245258.87,5.68,73.58,21.27,2867.38,7.65,8.43,5.65,6.09,1.97,2.69,0.5408,hlth_sha11_hp,SHA2011_V1,2024-02-07
2018,DE,VOLUNTARY_HEALTH_INSURANCE,LONG_TERM_CARE,PREVENTION,223123557761.89,11.51,66.24,42.43,7810.65,3.31,10.64,21.52,1.98,4.96,6.2,1.3379,hlth_sha11_hf,SHA2011_V3,2025-10-16
2019,LU,NPISH_SCHEME,RETAIL_MEDICAL_GOODS,REHABILITATION,12622385372.08,5.99,55.04,45.0,1371.21,7.61,15.75,4.34,2.54,5.44,1.81,0.7656,hlth_sha11_exp,SHA2011_V2,2025-02-05
2020,SI,HOUSEHOLD_OOP,AMBULATORY,MEDICAL_GOODS,14074514948.85,8.3,62.91,42.79,5162.69,4.68,20.14,16.26,1.2,8.87,5.56,1.4474,hlth_sha11_hc,SHA2011_V1,2025-01-05
2021,CY,GOV_SCHEME,HOSPITALS,CURATIVE_CARE,239489273413.91,7.6,58.7,44.75,10501.76,5.24,15.87,3.83,1.82,5.31,3.61,2.2083,hlth_sha11_hp,SHA2011_V3,2024-11-20
2022,GR,COMPULSORY_HEALTH_INSURANCE,OTHER,ANCILLARY_SERVICES,281062034233.94,13.22,65.01,39.17,1909.24,1.65,20.41,15.08,1.47,3.11,5.5,1.5972,hlth_sha11_hf,SHA2011_V2,2025-05-20
2023,MT,VOLUNTARY_HEALTH_INSURANCE,ADMINISTRATION,GOVERNANCE,196540593520.14,7.71,82.24,19.17,4001.95,2.93,11.4,4.7,3.07,1.91,6.56,1.2956,hlth_sha11_exp,SHA2011_V1,2025-05-02
2024,ES,NPISH_SCHEME,PREVENTIVE,LONG_TERM_CARE,251961837103.79,13.77,56.92,45.0,3878.22,2.19,19.31,10.82,4.1,0.82,7.33,0.5738,hlth_sha11_hc,SHA2011_V3,2024-06-20
2025,CZ,HOUSEHOLD_OOP,LONG_TERM_CARE,PREVENTION,142093493607.52,6.41,58.89,35.37,2807.35,3.3,15.23,7.21,4.3,4.58,6.54,1.6935,hlth_sha11_hp,SHA2011_V2,2025-05-29
2006,HU,GOV_SCHEME,RETAIL_MEDICAL_GOODS,REHABILITATION,45272927551.97,5.85,66.84,37.83,7413.66,1.79,15.42,8.21,5.3,2.7,2.63,0.4537,hlth_sha11_hf,SHA2011_V1,2025-05-23
2007,NL,COMPULSORY_HEALTH_INSURANCE,AMBULATORY,MEDICAL_GOODS,15326481490.52,12.75,81.02,23.98,4530.59,1.95,20.43,14.91,5.59,4.04,3.46,1.037,hlth_sha11_exp,SHA2011_V3,2024-12-01
2008,SE,VOLUNTARY_HEALTH_INSURANCE,HOSPITALS,CURATIVE_CARE,130275881396.67,11.24,55.88,41.91,3215.28,3.81,23.82,19.61,1.71,8.09,5.45,1.3715,hlth_sha11_hc,SHA2011_V2,2024-09-12
2009,DK,NPISH_SCHEME,OTHER,ANCILLARY_SERVICES,178468858082.51,7.03,62.17,40.89,1257.81,7.58,14.68,24.93,3.91,6.91,6.71,1.0376,hlth_sha11_hp,SHA2011_V1,2025-10-27
2010,IE,HOUSEHOLD_OOP,ADMINISTRATION,GOVERNANCE,259324973541.53,5.65,68.61,39.35,4437.34,4.57,25.39,24.01,2.3,4.15,1.37,0.7716,hlth_sha11_hf,SHA2011_V3,2025-08-03
2011,PL,GOV_SCHEME,PREVENTIVE,LONG_TERM_CARE,16382216574.81,13.17,55.79,45.0,3150.14,6.07,26.94,19.14,4.85,6.11,1.84,1.0154,hlth_sha11_exp,SHA2011_V2,2025-12-01
2012,AT,COMPULSORY_HEALTH_INSURANCE,LONG_TERM_CARE,PREVENTION,94384866806.62,6.49,59.56,45.0,3337.59,7.6,22.57,8.72,4.48,6.39,6.3,1.5351,hlth_sha11_hc,SHA2011_V1,2024-12-01
2013,EE,VOLUNTARY_HEALTH_INSURANCE,RETAIL_MEDICAL_GOODS,REHABILITATION,197285738740.27,8.24,58.04,45.0,930.99,7.0,18.17,21.12,1.06,3.69,7.35,0.5653,hlth_sha11_hp,SHA2011_V3,2024-11-01
2014,IT,NPISH_SCHEME,AMBULATORY,MEDICAL_GOODS,135086053206.34,13.6,84.38,14.36,8941.38,3.8,18.67,22.04,4.87,3.02,2.07,1.7,hlth_sha11_hf,SHA2011_V2,2024-02-16
2015,PT,HOUSEHOLD_OOP,HOSPITALS,CURATIVE_CARE,136491983045.22,11.14,60.46,41.94,6143.07,6.1,15.09,15.97,5.74,3.22,8.06,0.8675,hlth_sha11_exp,SHA2011_V1,2024-07-07
2016,BE,GOV_SCHEME,OTHER,ANCILLARY_SERVICES,21711054614.35,13.35,57.0,40.29,5979.5,3.07,12.99,5.17,5.94,3.56,7.96,1.247,hlth_sha11_hc,SHA2011_V3,2024-01-20
2017,FI,COMPULSORY_HEALTH_INSURANCE,ADMINISTRATION,GOVERNANCE,201612815775.04,7.09,87.16,11.58,2659.8,7.76,21.58,24.11,6.07,2.15,2.33,1.2361,hlth_sha11_hp,SHA2011_V2,2024-05-28
2018,LV,VOLUNTARY_HEALTH_INSURANCE,PREVENTIVE,LONG_TERM_CARE,199956917603.32,8.74,73.65,27.28,1180.27,7.49,12.98,27.39,4.08,3.37,4.18,1.1796,hlth_sha11_hf,SHA2011_V1,2025-02-28
2019,RO,NPISH_SCHEME,LONG_TERM_CARE,PREVENTION,195236327814.76,13.06,58.19,45.0,2773.04,7.08,15.39,21.32,1.75,4.21,6.89,0.9513,hlth_sha11_exp,SHA2011_V3,2025-02-16
2020,BG,HOUSEHOLD_OOP,RETAIL_MEDICAL_GOODS,REHABILITATION,254637866034.51,9.06,70.67,26.99,3598.53,7.9,10.38,10.22,4.43,2.42,2.04,1.4232,hlth_sha11_hc,SHA2011_V2,2025-05-28
2021,FR,GOV_SCHEME,AMBULATORY,MEDICAL_GOODS,95235710185.67,8.82,65.76,44.68,6702.41,1.55,22.43,15.43,6.32,3.17,7.22,1.8294,hlth_sha11_hp,SHA2011_V1,2024-08-07
2022,LT,COMPULSORY_HEALTH_INSURANCE,HOSPITALS,CURATIVE_CARE,142062461501.12,9.8,82.37,23.11,1680.34,5.74,22.21,10.0,3.64,3.76,5.09,1.7448,hlth_sha11_hf,SHA2011_V3,2024-10-16
2023,SK,VOLUNTARY_HEALTH_INSURANCE,OTHER,ANCILLARY_SERVICES,135907219271.41,11.3,80.63,20.61,5404.0,7.6,26.77,27.48,5.29,1.41,2.44,0.7949,hlth_sha11_exp,SHA2011_V2,2025-08-09
2024,HR,NPISH_SCHEME,ADMINISTRATION,GOVERNANCE,191027478427.2,12.74,71.32,34.21,4589.93,4.93,14.02,4.24,4.02,3.2,3.32,0.852,hlth_sha11_hc,SHA2011_V1,2024-03-27
2025,DE,HOUSEHOLD_OOP,PREVENTIVE,LONG_TERM_CARE,207236052396.48,8.26,67.55,28.16,2622.98,7.82,20.26,12.59,5.08,1.74,4.04,0.5243,hlth_sha11_hp,SHA2011_V3,2026-01-24
2006,LU,GOV_SCHEME,LONG_TERM_CARE,PREVENTION,236453958203.26,9.96,65.12,39.84,5135.22,3.63,25.94,3.83,2.66,6.89,1.67,0.9948,hlth_sha11_hf,SHA2011_V2,2025-04-04
2007,SI,COMPULSORY_HEALTH_INSURANCE,RETAIL_MEDICAL_GOODS,REHABILITATION,40775114812.86,7.24,84.58,26.02,3736.8,5.67,13.65,13.35,3.68,5.99,7.52,1.4732,hlth_sha11_exp,SHA2011_V1,2025-03-22
2008,CY,VOLUNTARY_HEALTH_INSURANCE,AMBULATORY,MEDICAL_GOODS,171600015313.28,9.72,82.12,26.43,2846.53,4.1,8.61,16.75,3.63,8.49,7.16,1.2812,hlth_sha11_hc,SHA2011_V3,2025-12-16
2009,GR,NPISH_SCHEME,HOSPITALS,CURATIVE_CARE,235269992750.49,6.95,72.34,35.73,1479.32,7.32,14.87,11.58,3.16,3.82,1.64,1.2323,hlth_sha11_hp,SHA2011_V2,2026-01-20
2010,MT,HOUSEHOLD_OOP,OTHER,ANCILLARY_SERVICES,172758934250.23,10.77,72.32,25.07,3453.9,4.0,13.96,18.04,1.66,6.61,2.6,1.6498,hlth_sha11_hf,SHA2011_V1,2025-02-12
2011,ES,GOV_SCHEME,ADMINISTRATION,GOVERNANCE,267372809793.06,7.54,73.06,33.97,6611.13,7.42,18.58,26.75,5.74,5.92,2.2,0.5084,hlth_sha11_exp,SHA2011_V3,2025-03-15
2012,CZ,COMPULSORY_HEALTH_INSURANCE,PREVENTIVE,LONG_TERM_CARE,311026930426.39,13.55,66.36,35.39,1860.15,2.33,26.49,14.74,5.78,6.84,0.94,0.511,hlth_sha11_hc,SHA2011_V2,2024-12-12
2013,HU,VOLUNTARY_HEALTH_INSURANCE,LONG_TERM_CARE,PREVENTION,176573748935.42,7.17,58.19,45.0,5473.44,4.91,23.74,13.2,5.2,5.53,8.15,1.3346,hlth_sha11_hp,SHA2011_V1,2025-08-11
2014,NL,NPISH_SCHEME,RETAIL_MEDICAL_GOODS,REHABILITATION,100222992452.07,13.04,65.27,42.24,5255.77,3.05,25.98,25.96,4.98,3.47,2.03,0.6275,hlth_sha11_hf,SHA2011_V3,2024-09-11
2015,SE,HOUSEHOLD_OOP,AMBULATORY,MEDICAL_GOODS,351160933825.78,7.35,65.53,29.46,2854.01,6.37,22.57,11.45,4.36,2.77,5.84,1.6391,hlth_sha11_exp,SHA2011_V2,2024-11-01
2016,DK,GOV_SCHEME,HOSPITALS,CURATIVE_CARE,155500445654.09,12.7,87.39,13.82,8018.56,1.92,12.52,14.69,2.72,7.17,3.75,0.5028,hlth_sha11_hc,SHA2011_V1,2025-12-16
2017,IE,COMPULSORY_HEALTH_INSURANCE,OTHER,ANCILLARY_SERVICES,213683018078.38,8.14,67.76,32.06,6426.07,2.67,13.86,26.05,4.79,7.81,3.18,1.1227,hlth_sha11_hp,SHA2011_V3,2024-08-14
2018,PL,VOLUNTARY_HEALTH_INSURANCE,ADMINISTRATION,GOVERNANCE,307628040073.79,10.2,74.12,27.13,3390.22,5.7,9.08,26.3,6.35,3.0,3.87,1.0835,hlth_sha11_hf,SHA2011_V2,2025-11-05
2019,AT,NPISH_SCHEME,PREVENTIVE,LONG_TERM_CARE,259376131320.52,11.8,67.25,32.49,3240.21,2.65,14.07,17.08,4.82,5.31,3.34,1.6596,hlth_sha11_exp,SHA2011_V1,2026-01-22
2020,EE,HOUSEHOLD_OOP,LONG_TERM_CARE,PREVENTION,123720684243.96,12.6,73.43,23.99,5938.89,3.13,25.14,27.38,1.52,1.61,2.31,1.3695,hlth_sha11_hc,SHA2011_V3,2025-07-19
2021,IT,GOV_SCHEME,RETAIL_MEDICAL_GOODS,REHABILITATION,91265992207.26,5.57,57.76,39.12,4429.94,7.04,18.9,6.86,3.2,3.21,1.43,2.1311,hlth_sha11_hp,SHA2011_V2,2024-10-26
2022,PT,COMPULSORY_HEALTH_INSURANCE,AMBULATORY,MEDICAL_GOODS,12820941975.74,13.53,57.78,43.05,7065.43,1.88,21.09,14.43,3.34,4.8,3.11,1.6797,hlth_sha11_hf,SHA2011_V1,2025-05-02
2023,BE,VOLUNTARY_HEALTH_INSURANCE,HOSPITALS,CURATIVE_CARE,71954640532.7,9.56,70.21,33.87,8218.78,4.47,11.21,6.71,2.75,4.41,6.53,0.4984,hlth_sha11_exp,SHA2011_V3,2024-10-28
2024,FI,NPISH_SCHEME,OTHER,ANCILLARY_SERVICES,73782875121.61,8.76,80.04,25.28,2170.89,4.88,9.35,23.36,1.8,5.88,2.71,1.3171,hlth_sha11_hc,SHA2011_V2,2024-01-20
2025,LV,HOUSEHOLD_OOP,ADMINISTRATION,GOVERNANCE,203827137572.7,11.25,76.22,19.29,9091.76,1.64,21.58,3.76,6.14,7.04,1.37,1.3287,hlth_sha11_hp,SHA2011_V1,2024-08-17
2006,RO,GOV_SCHEME,PREVENTIVE,LONG_TERM_CARE,49996939791.28,6.18,78.34,23.12,2785.87,3.36,11.53,20.82,4.88,0.91,1.91,0.9204,hlth_sha11_hf,SHA2011_V3,2025-12-21
2007,BG,COMPULSORY_HEALTH_INSURANCE,LONG_TERM_CARE,PREVENTION,43730495597.7,10.17,75.29,23.32,8723.24,6.44,18.14,20.9,3.68,0.63,2.77,1.496,hlth_sha11_exp,SHA2011_V2,2025-05-26
2008,FR,VOLUNTARY_HEALTH_INSURANCE,RETAIL_MEDICAL_GOODS,REHABILITATION,166696594919.5,9.23,55.93,39.15,4206.36,4.75,16.99,26.2,4.98,3.41,4.81,0.8657,hlth_sha11_hc,SHA2011_V1,2024-11-26
2009,LT,NPISH_SCHEME,AMBULATORY,MEDICAL_GOODS,178679080390.79,9.0,77.32,16.68,1782.26,2.5,22.77,8.46,4.66,5.74,4.29,0.7758,hlth_sha11_hp,SHA2011_V3,2024-12-11
2010,SK,HOUSEHOLD_OOP,HOSPITALS,CURATIVE_CARE,133541578776.5,8.87,71.76,38.81,1533.96,7.97,24.89,21.92,4.91,7.78,6.04,1.6843,hlth_sha11_hf,SHA2011_V2,2025-03-11
2011,HR,GOV_SCHEME,OTHER,ANCILLARY_SERVICES,97821045737.77,7.68,56.16,38.97,5308.08,6.64,19.64,14.86,4.0,7.67,1.77,1.0448,hlth_sha11_exp,SHA2011_V1,2024-10-21
2012,DE,COMPULSORY_HEALTH_INSURANCE,ADMINISTRATION,GOVERNANCE,278861730479.85,6.85,86.67,17.54,8652.74,3.86,15.13,22.31,5.73,7.97,6.53,0.7435,hlth_sha11_hc,SHA2011_V3,2024-03-26
2013,LU,VOLUNTARY_HEALTH_INSURANCE,PREVENTIVE,LONG_TERM_CARE,31729763159.2,10.61,85.63,20.24,3307.88,3.74,25.83,8.39,2.88,4.83,5.15,1.0698,hlth_sha11_hp,SHA2011_V2,2024-07-19
2014,SI,NPISH_SCHEME,LONG_TERM_CARE,PREVENTION,60350301232.11,12.18,79.66,30.22,4845.22,6.34,14.47,22.62,2.06,6.04,6.04,0.8377,hlth_sha11_hf,SHA2011_V1,2024-09-10
2015,CY,HOUSEHOLD_OOP,RETAIL_MEDICAL_GOODS,REHABILITATION,149198972532.04,9.4,74.37,27.75,8735.12,7.9,10.14,17.93,3.31,6.96,4.42,0.5538,hlth_sha11_exp,SHA2011_V3,2025-10-28
2016,GR,GOV_SCHEME,AMBULATORY,MEDICAL_GOODS,135917117130.55,12.33,69.77,40.85,1592.25,5.16,24.9,6.0,4.69,2.99,3.04,0.9243,hlth_sha11_hc,SHA2011_V2,2025-10-08
2017,MT,COMPULSORY_HEALTH_INSURANCE,HOSPITALS,CURATIVE_CARE,165436289447.09,8.91,66.84,28.55,4923.97,2.07,21.43,24.08,4.97,5.56,6.0,0.8597,hlth_sha11_hp,SHA2011_V1,2024-08-16
2018,ES,VOLUNTARY_HEALTH_INSURANCE,OTHER,ANCILLARY_SERVICES,77762838416.38,13.47,64.57,32.47,6370.27,7.37,19.38,3.08,4.91,1.21,2.27,1.6755,hlth_sha11_hf,SHA2011_V3,2024-08-20
2019,CZ,NPISH_SCHEME,ADMINISTRATION,GOVERNANCE,216817988932.77,12.4,81.88,14.33,8105.42,2.56,25.93,12.14,2.82,7.78,2.84,1.4077,hlth_sha11_exp,SHA2011_V2,2025-02-18
2020,HU,HOUSEHOLD_OOP,PREVENTIVE,LONG_TERM_CARE,133193256373.24,8.21,62.73,33.84,7426.42,5.39,24.65,5.61,1.22,6.72,4.01,0.7515,hlth_sha11_hc,SHA2011_V1,2024-09-02
2021,NL,GOV_SCHEME,LONG_TERM_CARE,PREVENTION,214452772094.77,7.07,57.73,45.0,5281.88,7.86,9.24,22.3,3.56,10.65,8.12,2.2496,hlth_sha11_hp,SHA2011_V3,2024-03-30
2022,SE,COMPULSORY_HEALTH_INSURANCE,RETAIL_MEDICAL_GOODS,REHABILITATION,274071786136.67,12.39,62.02,41.25,3310.18,5.9,18.8,15.16,3.02,0.85,6.19,1.5558,hlth_sha11_hf,SHA2011_V2,2025-04-11
2023,DK,VOLUNTARY_HEALTH_INSURANCE,AMBULATORY,MEDICAL_GOODS,269526441457.85,10.51,56.8,45.0,5475.28,4.68,18.9,16.45,2.56,1.32,6.8,0.6142,hlth_sha11_exp,SHA2011_V1,2025-10-24
2024,IE,NPISH_SCHEME,HOSPITALS,CURATIVE_CARE,317641261307.89,11.55,77.58,25.71,5575.92,2.02,11.28,13.52,2.2,1.21,2.76,1.7055,hlth_sha11_hc,SHA2011_V3,2024-10-06
2025,PL,HOUSEHOLD_OOP,OTHER,ANCILLARY_SERVICES,249405887559.05,9.51,85.32,14.86,6352.57,3.55,19.68,16.76,1.22,6.73,4.38,0.9385,hlth_sha11_hp,SHA2011_V2,2024-11-13
2006,AT,GOV_SCHEME,ADMINISTRATION,GOVERNANCE,210640752184.85,10.19,87.41,18.03,8033.55,4.56,11.66,23.59,1.71,2.1,2.81,0.4956,hlth_sha11_hf,SHA2011_V1,2025-01-05
2007,EE,COMPULSORY_HEALTH_INSURANCE,PREVENTIVE,LONG_TERM_CARE,30753305430.23,12.27,66.49,29.84,6502.94,6.63,11.35,11.51,6.01,2.04,7.68,0.9623,hlth_sha11_exp,SHA2011_V3,2026-01-10
2008,IT,VOLUNTARY_HEALTH_INSURANCE,LONG_TERM_CARE,PREVENTION,279555617858.0,8.76,70.44,32.83,8670.04,4.54,17.56,18.49,3.8,1.2,2.84,0.472,hlth_sha11_hc,SHA2011_V2,2024-02-12
2009,PT,NPISH_SCHEME,RETAIL_MEDICAL_GOODS,REHABILITATION,132197449464.08,10.29,70.78,40.57,1290.49,4.12,18.4,16.73,6.34,5.92,8.12,1.7159,hlth_sha11_hp,SHA2011_V1,2024-12-01
2010,BE,HOUSEHOLD_OOP,AMBULATORY,MEDICAL_GOODS,26381783566.57,7.07,83.17,17.92,7607.28,3.35,13.08,3.07,3.83,3.18,0.88,1.2505,hlth_sha11_hf,SHA2011_V3,2024-08-06
2011,FI,GOV_SCHEME,HOSPITALS,CURATIVE_CARE,124592190085.9,7.74,62.93,40.74,6247.93,2.34,11.26,24.41,6.11,0.58,6.68,1.3533,hlth_sha11_exp,SHA2011_V2,2024-03-29
2012,LV,COMPULSORY_HEALTH_INSURANCE,OTHER,ANCILLARY_SERVICES,56086573427.51,10.3,72.4,28.94,3669.59,6.4,17.93,10.01,3.19,2.24,3.07,1.2205,hlth_sha11_hc,SHA2011_V1,2025-10-04
2013,RO,VOLUNTARY_HEALTH_INSURANCE,ADMINISTRATION,GOVERNANCE,166715317931.65,7.55,84.42,18.21,1871.3,7.49,11.9,13.56,4.51,5.0,1.55,1.7231,hlth_sha11_hp,SHA2011_V3,2025-12-17
2014,BG,NPISH_SCHEME,PREVENTIVE,LONG_TERM_CARE,33043013707.13,9.02,64.44,39.94,8894.36,4.1,20.63,9.05,2.66,6.36,1.02,1.5491,hlth_sha11_hf,SHA2011_V2,2024-07-20
2015,FR,HOUSEHOLD_OOP,LONG_TERM_CARE,PREVENTION,231200798558.27,13.26,59.09,42.17,2888.26,3.68,11.81,20.23,6.43,0.76,3.73,1.1471,hlth_sha11_exp,SHA2011_V1,2025-08-04
2016,LT,GOV_SCHEME,RETAIL_MEDICAL_GOODS,REHABILITATION,210189137618.58,10.81,58.39,41.93,6531.72,6.44,17.3,16.42,5.33,5.26,7.95,1.5239,hlth_sha11_hc,SHA2011_V3,2025-12-04
2017,SK,COMPULSORY_HEALTH_INSURANCE,AMBULATORY,MEDICAL_GOODS,13019082069.67,7.4,63.66,39.16,6659.03,6.41,26.13,6.09,2.61,6.76,7.76,0.5649,hlth_sha11_hp,SHA2011_V2,2025-02-26
2018,HR,VOLUNTARY_HEALTH_INSURANCE,HOSPITALS,CURATIVE_CARE,51500165829.33,7.03,67.35,29.75,2376.08,4.69,15.25,20.5,5.25,3.07,4.95,1.0064,hlth_sha11_hf,SHA2011_V1,2025-10-24
2019,DE,NPISH_SCHEME,OTHER,ANCILLARY_SERVICES,118567392591.96,8.26,58.54,37.74,4232.47,4.03,16.18,13.96,1.19,3.81,3.65,1.5887,hlth_sha11_exp,SHA2011_V3,2024-07-31
2020,LU,HOUSEHOLD_OOP,ADMINISTRATION,GOVERNANCE,170380073398.59,7.81,85.0,9.46,2943.82,5.25,24.41,18.13,5.32,7.06,2.53,1.2965,hlth_sha11_hc,SHA2011_V2,2024-04-19
2021,SI,GOV_SCHEME,PREVENTIVE,LONG_TERM_CARE,77378854175.89,7.98,80.32,21.33,6168.21,7.94,10.16,18.26,3.4,4.05,0.84,0.8505,hlth_sha11_hp,SHA2011_V1,2025-09-28
2022,CY,COMPULSORY_HEALTH_INSURANCE,LONG_TERM_CARE,PREVENTION,246610952637.55,13.4,63.92,32.04,6816.03,5.73,14.64,4.61,3.45,6.14,2.99,1.4782,hlth_sha11_hf,SHA2011_V3,2024-01-07
2023,GR,VOLUNTARY_HEALTH_INSURANCE,RETAIL_MEDICAL_GOODS,REHABILITATION,133207317314.17,7.62,82.74,14.58,7252.04,7.01,22.48,15.06,3.7,3.2,4.41,0.9416,hlth_sha11_exp,SHA2011_V2,2024-06-01
2024,MT,NPISH_SCHEME,AMBULATORY,MEDICAL_GOODS,158495491262.75,5.78,81.66,25.46,1528.15,3.84,22.09,25.98,1.66,4.77,4.82,1.0087,hlth_sha11_hc,SHA2011_V1,2026-01-12
2025,ES,HOUSEHOLD_OOP,HOSPITALS,CURATIVE_CARE,219792241693.35,7.94,87.58,10.8,2149.92,4.2,10.92,12.58,4.13,1.74,4.81,1.4842,hlth_sha11_hp,SHA2011_V3,2024-09-12
2006,CZ,GOV_SCHEME,OTHER,ANCILLARY_SERVICES,196595816554.57,7.46,81.46,27.95,7562.29,6.43,23.46,11.75,1.2,2.92,2.44,0.9677,hlth_sha11_hf,SHA2011_V2,2025-03-26
2007,HU,COMPULSORY_HEALTH_INSURANCE,ADMINISTRATION,GOVERNANCE,105206564228.71,11.95,61.05,39.27,5002.2,2.86,21.97,20.65,4.17,4.16,1.6,1.2116,hlth_sha11_exp,SHA2011_V1,2024-10-18
2008,NL,VOLUNTARY_HEALTH_INSURANCE,PREVENTIVE,LONG_TERM_CARE,15261694108.53,9.49,71.46,30.55,2381.37,6.04,22.21,19.12,5.77,2.0,7.44,0.4969,hlth_sha11_hc,SHA2011_V3,2024-01-23
2009,SE,NPISH_SCHEME,LONG_TERM_CARE,PREVENTION,27002426714.35,9.5,62.62,37.91,8570.45,6.28,9.54,20.96,3.95,0.66,1.7,1.5967,hlth_sha11_hp,SHA2011_V2,2024-07-08
2010,DK,HOUSEHOLD_OOP,RETAIL_MEDICAL_GOODS,REHABILITATION,157074940157.01,11.95,57.18,45.0,1461.55,6.64,16.61,18.45,4.99,5.7,8.1,1.5589,hlth_sha11_hf,SHA2011_V1,2025-07-28
2011,IE,GOV_SCHEME,AMBULATORY,MEDICAL_GOODS,40803772837.94,10.66,59.14,45.0,9839.44,5.41,24.27,20.57,5.54,6.93,4.0,1.4385,hlth_sha11_exp,SHA2011_V3,2025-07-09
2012,PL,COMPULSORY_HEALTH_INSURANCE,HOSPITALS,CURATIVE_CARE,46730390014.71,10.58,63.55,44.34,3952.12,3.43,10.58,7.09,5.76,8.38,2.92,0.6041,hlth_sha11_hc,SHA2011_V2,2024-04-17
2013,AT,VOLUNTARY_HEALTH_INSURANCE,OTHER,ANCILLARY_SERVICES,247352801344.71,6.57,68.42,39.68,3411.02,2.48,19.38,9.16,6.03,1.45,6.33,1.5558,hlth_sha11_hp,SHA2011_V1,2024-08-14
2014,EE,NPISH_SCHEME,ADMINISTRATION,GOVERNANCE,114762639801.54,9.31,86.01,20.86,6309.19,2.88,22.75,24.78,3.32,6.88,5.76,1.7233,hlth_sha11_hf,SHA2011_V3,2025-05-02
2015,IT,HOUSEHOLD_OOP,PREVENTIVE,LONG_TERM_CARE,13572110774.49,12.01,58.17,45.0,2945.2,3.05,21.98,15.44,2.13,2.89,2.47,0.7813,hlth_sha11_exp,SHA2011_V2,2025-08-06
2016,PT,GOV_SCHEME,LONG_TERM_CARE,PREVENTION,227782719965.98,6.76,71.05,23.58,8799.3,3.75,18.81,19.09,5.93,1.01,2.6,1.345,hlth_sha11_hc,SHA2011_V1,2025-08-12
2017,BE,COMPULSORY_HEALTH_INSURANCE,RETAIL_MEDICAL_GOODS,REHABILITATION,23670616274.77,5.86,58.97,45.0,6356.62,5.89,23.87,24.84,2.34,4.43,7.0,0.5547,hlth_sha11_hp,SHA2011_V3,2024-12-31
2018,FI,VOLUNTARY_HEALTH_INSURANCE,AMBULATORY,MEDICAL_GOODS,147653634919.57,11.44,71.74,34.55,5667.46,5.36,17.2,21.3,5.55,6.25,6.41,1.5261,hlth_sha11_hf,SHA2011_V2,2024-03-31
2019,LV,NPISH_SCHEME,HOSPITALS,CURATIVE_CARE,139113840568.4,13.62,55.73,40.62,8784.83,4.37,24.13,18.28,3.1,8.45,3.04,0.5166,hlth_sha11_exp,SHA2011_V1,2025-07-25
2020,RO,HOUSEHOLD_OOP,OTHER,ANCILLARY_SERVICES,173814525946.52,8.08,74.68,36.51,8424.06,6.34,10.89,27.2,1.59,7.67,1.11,0.889,hlth_sha11_hc,SHA2011_V3,2024-10-08
2021,BG,GOV_SCHEME,ADMINISTRATION,GOVERNANCE,230049706057.56,7.17,58.34,45.0,5063.22,5.78,15.39,19.88,5.52,9.74,1.44,1.2632,hlth_sha11_hp,SHA2011_V2,2024-03-25
2022,FR,COMPULSORY_HEALTH_INSURANCE,PREVENTIVE,LONG_TERM_CARE,48203635597.81,10.41,64.22,35.98,5169.61,5.49,20.08,7.49,5.45,4.18,1.32,0.6156,hlth_sha11_hf,SHA2011_V1,2025-10-13
2023,LT,VOLUNTARY_HEALTH_INSURANCE,LONG_TERM_CARE,PREVENTION,220836421443.04,11.04,56.76,45.0,8050.07,1.82,24.43,11.29,2.0,3.66,6.96,1.1671,hlth_sha11_exp,SHA2011_V3,2024-12-13
2024,SK,NPISH_SCHEME,RETAIL_MEDICAL_GOODS,REHABILITATION,27995524398.77,8.49,56.01,41.09,9373.72,2.08,9.54,5.7,5.92,2.85,7.78,0.9205,hlth_sha11_hc,SHA2011_V2,2025-12-07
2025,HR,HOUSEHOLD_OOP,AMBULATORY,MEDICAL_GOODS,29007201473.3,13.74,61.13,39.95,1045.16,1.71,13.77,5.33,2.6,7.74,6.24,1.5866,hlth_sha11_hp,SHA2011_V1,2025-08-22
2006,DE,GOV_SCHEME,HOSPITALS,CURATIVE_CARE,138905659245.43,7.96,75.4,34.42,6574.62,1.52,9.63,6.98,4.19,2.56,3.7,0.9982,hlth_sha11_hf,SHA2011_V3,2025-01-28
2007,LU,COMPULSORY_HEALTH_INSURANCE,OTHER,ANCILLARY_SERVICES,11768817336.12,8.44,76.84,18.99,7349.78,2.09,17.16,16.85,4.98,7.6,1.61,0.9333,hlth_sha11_exp,SHA2011_V2,2025-12-01
2008,SI,VOLUNTARY_HEALTH_INSURANCE,ADMINISTRATION,GOVERNANCE,241156165772.64,10.71,85.61,23.51,2435.23,5.99,21.41,24.72,5.17,6.76,1.2,0.628,hlth_sha11_hc,SHA2011_V1,2024-05-11
2009,CY,NPISH_SCHEME,PREVENTIVE,LONG_TERM_CARE,265280651130.78,8.67,56.29,41.31,1890.95,6.27,18.58,21.3,2.76,8.32,5.72,1.4021,hlth_sha11_hp,SHA2011_V3,2025-05-23
2010,GR,HOUSEHOLD_OOP,LONG_TERM_CARE,PREVENTION,151770073966.18,11.97,64.21,44.79,7205.9,7.33,19.41,11.57,2.72,8.08,3.08,0.5409,hlth_sha11_hf,SHA2011_V2,2024-10-25
2011,MT,GOV_SCHEME,RETAIL_MEDICAL_GOODS,REHABILITATION,283643371047.81,10.53,65.26,31.56,5447.3,4.49,17.06,10.43,1.17,5.75,2.62,1.2375,hlth_sha11_exp,SHA2011_V1,2024-05-05
2012,ES,COMPULSORY_HEALTH_INSURANCE,AMBULATORY,MEDICAL_GOODS,85382773733.95,5.9,59.71,41.12,3660.05,7.66,26.87,7.82,2.43,3.28,3.36,1.3497,hlth_sha11_hc,SHA2011_V3,2025-09-08
2013,CZ,VOLUNTARY_HEALTH_INSURANCE,HOSPITALS,CURATIVE_CARE,129458277478.43,8.0,81.54,18.39,7464.85,6.94,22.71,8.78,5.51,2.32,3.31,1.202,hlth_sha11_hp,SHA2011_V2,2025-11-23
2014,HU,NPISH_SCHEME,OTHER,ANCILLARY_SERVICES,162773946994.36,7.73,85.74,13.38,5587.33,4.28,16.39,22.32,4.46,3.99,4.18,1.6499,hlth_sha11_hf,SHA2011_V1,2025-05-31
2015,NL,HOUSEHOLD_OOP,ADMINISTRATION,GOVERNANCE,201666594202.54,11.2,81.88,21.34,4217.19,4.45,14.84,19.31,6.07,4.21,4.86,1.5385,hlth_sha11_exp,SHA2011_V3,2024-08-28
2016,SE,GOV_SCHEME,PREVENTIVE,LONG_TERM_CARE,216731161315.81,6.33,58.51,44.4,4744.59,6.45,19.68,14.38,5.19,8.1,4.1,0.8392,hlth_sha11_hc,SHA2011_V2,2024-03-16
2017,DK,COMPULSORY_HEALTH_INSURANCE,LONG_TERM_CARE,PREVENTION,30103081995.28,9.95,70.35,35.52,6590.9,7.55,13.64,10.63,2.45,2.37,7.87,1.2037,hlth_sha11_hp,SHA2011_V1,2025-06-22
2018,IE,VOLUNTARY_HEALTH_INSURANCE,RETAIL_MEDICAL_GOODS,REHABILITATION,57911049240.45,11.96,74.66,36.17,2737.12,6.42,9.26,9.29,1.54,2.11,3.84,1.613,hlth_sha11_hf,SHA2011_V3,2025-04-15
2019,PL,NPISH_SCHEME,AMBULATORY,MEDICAL_GOODS,115894089021.04,6.93,85.97,13.24,4203.17,5.33,14.43,15.03,2.52,8.32,4.46,1.1141,hlth_sha11_exp,SHA2011_V2,2024-10-29
2020,AT,HOUSEHOLD_OOP,HOSPITALS,CURATIVE_CARE,220926438257.07,12.48,80.1,18.07,5744.71,1.93,24.56,12.49,5.02,4.91,1.58,1.9877,hlth_sha11_hc,SHA2011_V1,2025-12-18
2021,EE,GOV_SCHEME,OTHER,ANCILLARY_SERVICES,106959211051.03,6.07,80.72,30.79,1691.58,2.14,12.91,18.12,5.14,9.37,1.23,1.8934,hlth_sha11_hp,SHA2011_V3,2025-01-03
2022,IT,COMPULSORY_HEALTH_INSURANCE,ADMINISTRATION,GOVERNANCE,86470984911.14,10.99,55.66,45.0,5950.11,4.35,15.31,3.5,1.34,6.53,4.38,1.2378,hlth_sha11_hf,SHA2011_V2,2025-06-15
2023,PT,VOLUNTARY_HEALTH_INSURANCE,PREVENTIVE,LONG_TERM_CARE,108955878932.84,11.25,73.58,36.16,8954.68,4.49,17.44,16.52,1.86,6.06,7.22,1.5009,hlth_sha11_exp,SHA2011_V1,2025-05-02
2024,BE,NPISH_SCHEME,LONG_TERM_CARE,PREVENTION,331086572435.07,13.46,66.9,34.05,6021.63,2.67,21.67,12.83,3.76,7.35,5.69,1.4803,hlth_sha11_hc,SHA2011_V3,2024-10-22
2025,FI,HOUSEHOLD_OOP,RETAIL_MEDICAL_GOODS,REHABILITATION,369753043878.47,9.81,55.7,44.52,7547.25,5.3,17.05,17.41,6.02,2.34,5.13,0.6537,hlth_sha11_hp,SHA2011_V2,2026-02-16
2006,LV,GOV_SCHEME,AMBULATORY,MEDICAL_GOODS,184517502636.83,12.55,82.11,26.05,1945.35,6.99,13.54,23.87,4.85,5.35,4.65,1.4968,hlth_sha11_hf,SHA2011_V1,2026-02-21
2007,RO,COMPULSORY_HEALTH_INSURANCE,HOSPITALS,CURATIVE_CARE,103318345119.74,8.81,56.71,45.0,8983.69,5.39,21.08,21.95,4.93,5.1,5.8,1.5923,hlth_sha11_exp,SHA2011_V3,2026-02-04
2008,BG,VOLUNTARY_HEALTH_INSURANCE,OTHER,ANCILLARY_SERVICES,223488469599.95,12.52,73.75,37.47,2784.92,6.15,11.66,12.86,3.98,1.67,4.35,1.443,hlth_sha11_hc,SHA2011_V2,2024-03-15
2009,FR,NPISH_SCHEME,ADMINISTRATION,GOVERNANCE,163293533086.3,10.26,83.94,16.19,2513.8,2.48,16.3,18.03,5.44,4.76,3.43,1.6249,hlth_sha11_hp,SHA2011_V1,2024-11-16
2010,LT,HOUSEHOLD_OOP,PREVENTIVE,LONG_TERM_CARE,117199269905.04,11.38,57.06,38.43,2833.15,2.42,16.42,13.55,3.22,1.27,2.44,1.7191,hlth_sha11_hf,SHA2011_V3,2025-12-20
2011,SK,GOV_SCHEME,LONG_TERM_CARE,PREVENTION,40675240183.55,12.09,65.43,28.82,1158.82,5.46,20.5,23.11,5.29,0.67,1.52,1.6306,hlth_sha11_exp,SHA2011_V2,2025-04-11
2012,HR,COMPULSORY_HEALTH_INSURANCE,RETAIL_MEDICAL_GOODS,REHABILITATION,155365877487.59,9.32,82.65,12.51,10263.71,3.36,9.69,12.1,5.68,1.04,3.93,1.189,hlth_sha11_hc,SHA2011_V1,2024-01-03
2013,DE,VOLUNTARY_HEALTH_INSURANCE,AMBULATORY,MEDICAL_GOODS,56271996890.58,9.18,82.23,24.15,7692.8,1.65,25.77,11.81,2.37,3.62,4.54,1.3868,hlth_sha11_hp,SHA2011_V3,2024-08-22
2014,LU,NPISH_SCHEME,HOSPITALS,CURATIVE_CARE,39478736552.27,12.63,73.18,28.46,6123.89,7.01,8.35,9.82,4.27,1.72,4.05,1.1785,hlth_sha11_hf,SHA2011_V2,2024-08-11
2015,SI,HOUSEHOLD_OOP,OTHER,ANCILLARY_SERVICES,49351496036.89,11.62,71.08,37.74,1434.2,2.88,9.61,11.11,1.71,3.21,4.15,1.0612,hlth_sha11_exp,SHA2011_V1,2025-07-27
2016,CY,GOV_SCHEME,ADMINISTRATION,GOVERNANCE,170688001132.72,10.08,81.89,20.36,8463.49,6.06,14.71,6.5,1.91,1.67,2.05,0.6273,hlth_sha11_hc,SHA2011_V3,2024-09-25
2017,GR,COMPULSORY_HEALTH_INSURANCE,PREVENTIVE,LONG_TERM_CARE,389676351236.16,13.31,76.73,34.41,2972.49,7.44,26.04,17.94,6.43,2.53,6.41,0.7556,hlth_sha11_hp,SHA2011_V2,2024-02-28
2018,MT,VOLUNTARY_HEALTH_INSURANCE,LONG_TERM_CARE,PREVENTION,195443541923.18,10.35,81.24,19.73,8256.2,7.63,9.17,6.29,1.61,6.41,6.62,0.7404,hlth_sha11_hf,SHA2011_V1,2024-11-30
2019,ES,NPISH_SCHEME,RETAIL_MEDICAL_GOODS,REHABILITATION,375453085462.56,6.2,86.18,19.3,1100.58,1.9,17.13,10.91,1.98,8.21,3.86,0.4862,hlth_sha11_exp,SHA2011_V3,2025-05-05
2020,CZ,HOUSEHOLD_OOP,AMBULATORY,MEDICAL_GOODS,156860983951.19,13.26,56.38,45.0,6973.53,2.28,25.59,4.21,3.06,9.3,2.44,1.5909,hlth_sha11_hc,SHA2011_V2,2025-01-22
2021,HU,GOV_SCHEME,HOSPITALS,CURATIVE_CARE,34582458569.09,9.61,84.61,21.21,6829.38,2.65,19.19,23.88,2.05,8.38,4.95,2.1039,hlth_sha11_hp,SHA2011_V1,2026-02-18
2022,NL,COMPULSORY_HEALTH_INSURANCE,OTHER,ANCILLARY_SERVICES,54491892333.34,13.71,79.92,16.79,5401.15,4.4,16.66,21.89,2.7,6.7,2.56,1.0169,hlth_sha11_hf,SHA2011_V3,2024-01-24
2023,SE,VOLUNTARY_HEALTH_INSURANCE,ADMINISTRATION,GOVERNANCE,206588458649.59,5.77,85.07,13.78,10130.72,4.57,20.45,18.04,3.54,3.82,4.59,1.2157,hlth_sha11_exp,SHA2011_V2,2025-09-23
2024,DK,NPISH_SCHEME,PREVENTIVE,LONG_TERM_CARE,220997400973.73,6.4,73.99,26.45,7678.73,6.83,24.13,8.05,3.51,8.25,4.17,1.5083,hlth_sha11_hc,SHA2011_V1,2026-02-09
2025,IE,HOUSEHOLD_OOP,LONG_TERM_CARE,PREVENTION,67234189154.16,9.59,85.11,23.85,1576.46,7.35,16.41,25.96,5.35,8.33,3.15,0.706,hlth_sha11_hp,SHA2011_V3,2025-03-07
2006,PL,GOV_SCHEME,RETAIL_MEDICAL_GOODS,REHABILITATION,58439113343.67,7.36,79.74,23.47,910.81,3.26,18.32,19.5,1.59,1.69,2.73,1.0733,hlth_sha11_hf,SHA2011_V2,2025-11-16
2007,AT,COMPULSORY_HEALTH_INSURANCE,AMBULATORY,MEDICAL_GOODS,64045641247.38,10.95,64.7,44.54,4693.65,6.27,8.36,24.18,2.92,5.63,1.41,1.5429,hlth_sha11_exp,SHA2011_V1,2025-03-24
2008,EE,VOLUNTARY_HEALTH_INSURANCE,HOSPITALS,CURATIVE_CARE,315259585940.24,10.32,78.54,25.33,8355.41,4.1,19.34,13.95,5.45,8.54,2.37,1.3407,hlth_sha11_hc,SHA2011_V3,2026-02-06
2009,IT,NPISH_SCHEME,OTHER,ANCILLARY_SERVICES,133558362738.1,12.69,68.36,37.27,1866.15,5.28,22.65,16.72,6.05,7.7,4.71,0.456,hlth_sha11_hp,SHA2011_V2,2025-08-30
2010,PT,HOUSEHOLD_OOP,ADMINISTRATION,GOVERNANCE,59375039561.92,7.89,84.08,16.82,4995.26,3.69,19.81,6.18,4.13,3.0,4.62,0.4291,hlth_sha11_hf,SHA2011_V1,2025-08-15
2011,BE,GOV_SCHEME,PREVENTIVE,LONG_TERM_CARE,97573041310.33,6.84,64.92,31.91,6780.82,2.79,16.11,9.83,5.01,5.97,8.0,0.6952,hlth_sha11_exp,SHA2011_V3,2025-10-07
2012,FI,COMPULSORY_HEALTH_INSURANCE,LONG_TERM_CARE,PREVENTION,224067448663.08,7.4,82.99,11.73,4033.26,4.53,12.48,6.16,6.42,8.53,6.07,1.2092,hlth_sha11_hc,SHA2011_V2,2024-02-18
2013,LV,VOLUNTARY_HEALTH_INSURANCE,RETAIL_MEDICAL_GOODS,REHABILITATION,182536408625.48,10.55,64.87,41.85,7908.83,4.89,20.97,24.88,6.24,7.99,7.65,0.8245,hlth_sha11_hp,SHA2011_V1,2024-01-23
2014,RO,NPISH_SCHEME,AMBULATORY,MEDICAL_GOODS,227366273784.87,5.56,70.52,29.88,4921.79,4.33,12.73,21.49,2.59,6.76,8.04,1.2511,hlth_sha11_hf,SHA2011_V3,2024-03-23
2015,BG,HOUSEHOLD_OOP,HOSPITALS,CURATIVE_CARE,169757019904.52,6.04,69.58,40.19,4981.07,6.37,19.94,13.23,1.55,6.31,5.64,1.3103,hlth_sha11_exp,SHA2011_V2,2024-08-08
2016,FR,GOV_SCHEME,OTHER,ANCILLARY_SERVICES,64309990410.94,5.65,80.31,15.18,5525.84,2.28,11.12,24.39,1.5,1.31,2.81,1.1226,hlth_sha11_hc,SHA2011_V1,2026-01-07
2017,LT,COMPULSORY_HEALTH_INSURANCE,ADMINISTRATION,GOVERNANCE,62808625160.18,9.7,59.21,34.87,6975.37,7.87,16.67,9.43,2.09,3.85,6.82,1.7337,hlth_sha11_hp,SHA2011_V3,2026-02-15
2018,SK,VOLUNTARY_HEALTH_INSURANCE,PREVENTIVE,LONG_TERM_CARE,213644207846.28,11.03,69.37,25.92,3257.19,3.06,26.18,22.63,4.91,4.16,7.38,0.8395,hlth_sha11_hf,SHA2011_V2,2024-12-03
2019,HR,NPISH_SCHEME,LONG_TERM_CARE,PREVENTION,218931107517.03,13.45,58.0,36.41,2485.39,2.75,19.27,17.01,1.81,3.13,3.52,1.0976,hlth_sha11_exp,SHA2011_V1,2025-12-21
2020,DE,HOUSEHOLD_OOP,RETAIL_MEDICAL_GOODS,REHABILITATION,300825774264.6,9.23,82.94,17.66,1239.68,4.67,14.02,19.88,1.47,0.96,2.9,1.9611,hlth_sha11_hc,SHA2011_V3,2025-07-24
2021,LU,GOV_SCHEME,AMBULATORY,MEDICAL_GOODS,180211868464.61,12.81,63.42,38.48,9476.92,6.72,8.47,15.15,1.26,6.67,7.88,1.1175,hlth_sha11_hp,SHA2011_V2,2025-02-04
2022,SI,COMPULSORY_HEALTH_INSURANCE,HOSPITALS,CURATIVE_CARE,98870791981.84,9.4,68.52,29.94,11273.22,3.9,17.09,22.2,3.52,2.5,1.64,1.0931,hlth_sha11_hf,SHA2011_V1,2025-02-28
2023,CY,VOLUNTARY_HEALTH_INSURANCE,OTHER,ANCILLARY_SERVICES,9510020041.18,9.57,65.62,40.73,8705.74,5.2,8.66,7.25,3.29,0.75,2.1,0.5029,hlth_sha11_exp,SHA2011_V3,2025-01-20
2024,GR,NPISH_SCHEME,ADMINISTRATION,GOVERNANCE,182224767075.28,13.04,87.01,23.79,9246.82,4.69,10.52,23.49,2.8,4.2,4.83,0.962,hlth_sha11_hc,SHA2011_V2,2024-09-11
2025,MT,HOUSEHOLD_OOP,PREVENTIVE,LONG_TERM_CARE,466112279279.57,11.54,71.31,23.5,5927.19,1.71,16.05,24.59,5.56,3.54,5.39,1.0598,hlth_sha11_hp,SHA2011_V1,2025-03-03
2006,ES,GOV_SCHEME,LONG_TERM_CARE,PREVENTION,82783894245.79,12.2,68.64,32.17,5721.57,5.2,11.74,3.15,6.26,2.14,2.57,1.5914,hlth_sha11_hf,SHA2011_V3,2025-11-10
2007,CZ,COMPULSORY_HEALTH_INSURANCE,RETAIL_MEDICAL_GOODS,REHABILITATION,288189983646.74,5.8,81.25,13.19,2576.39,6.19,20.14,13.8,4.65,6.61,0.81,1.713,hlth_sha11_exp,SHA2011_V2,2026-01-16
2008,HU,VOLUNTARY_HEALTH_INSURANCE,AMBULATORY,MEDICAL_GOODS,161908437202.71,10.25,70.29,28.71,3300.2,3.88,14.58,21.99,5.72,1.33,1.03,0.5714,hlth_sha11_hc,SHA2011_V1,2025-04-05
2009,NL,NPISH_SCHEME,HOSPITALS,CURATIVE_CARE,181411658035.71,5.58,55.54,45.0,3314.97,4.04,25.46,19.92,5.17,4.41,6.24,1.2602,hlth_sha11_hp,SHA2011_V3,2025-12-30
2010,SE,HOUSEHOLD_OOP,OTHER,ANCILLARY_SERVICES,159533847954.79,11.57,80.07,15.46,1114.38,3.19,9.97,20.6,5.84,5.48,5.56,0.7627,hlth_sha11_hf,SHA2011_V2,2025-03-28
2011,DK,GOV_SCHEME,ADMINISTRATION,GOVERNANCE,167943009715.42,11.25,75.52,23.96,1892.26,6.87,17.08,19.95,2.77,0.61,5.4,1.2615,hlth_sha11_exp,SHA2011_V1,2025-06-21
2012,IE,COMPULSORY_HEALTH_INSURANCE,PREVENTIVE,LONG_TERM_CARE,98862906715.75,9.18,63.45,45.0,7267.13,6.5,24.91,21.37,2.48,5.27,2.27,1.2632,hlth_sha11_hc,SHA2011_V3,2025-10-21
2013,PL,VOLUNTARY_HEALTH_INSURANCE,LONG_TERM_CARE,PREVENTION,240416070118.44,13.12,71.64,38.85,4519.52,6.36,23.78,3.66,3.23,4.57,3.73,0.6276,hlth_sha11_hp,SHA2011_V2,2024-06-21
2014,AT,NPISH_SCHEME,RETAIL_MEDICAL_GOODS,REHABILITATION,132448967085.07,12.88,78.58,19.5,7199.97,5.49,10.3,14.75,1.69,2.85,1.47,1.5466,hlth_sha11_hf,SHA2011_V1,2025-09-27
2015,EE,HOUSEHOLD_OOP,AMBULATORY,MEDICAL_GOODS,255838337573.92,6.35,79.43,20.34,3367.11,4.33,13.67,27.43,4.71,3.69,3.01,1.2578,hlth_sha11_exp,SHA2011_V3,2024-12-03
2016,IT,GOV_SCHEME,HOSPITALS,CURATIVE_CARE,250932017507.13,11.52,61.42,40.84,6434.2,3.06,9.72,18.07,4.18,4.1,1.72,1.6369,hlth_sha11_hc,SHA2011_V2,2024-04-27
2017,PT,COMPULSORY_HEALTH_INSURANCE,OTHER,ANCILLARY_SERVICES,160341345657.58,9.52,55.86,45.0,7190.82,3.92,10.13,18.42,1.44,5.01,5.05,1.0289,hlth_sha11_hp,SHA2011_V1,2024-09-24
2018,BE,VOLUNTARY_HEALTH_INSURANCE,ADMINISTRATION,GOVERNANCE,311801855315.11,13.45,72.03,32.51,12042.33,3.49,23.41,6.84,2.2,0.49,1.88,1.1231,hlth_sha11_hf,SHA2011_V3,2024-04-15
2019,FI,NPISH_SCHEME,PREVENTIVE,LONG_TERM_CARE,268553323285.3,8.61,87.93,8.93,2024.75,5.61,16.1,16.0,5.41,7.94,3.85,0.7952,hlth_sha11_exp,SHA2011_V2,2024-01-19
2020,LV,HOUSEHOLD_OOP,LONG_TERM_CARE,PREVENTION,11611632942.01,10.91,75.77,27.72,6021.5,7.38,16.63,10.85,1.53,9.43,6.02,1.7695,hlth_sha11_hc,SHA2011_V1,2024-12-22
2021,RO,GOV_SCHEME,RETAIL_MEDICAL_GOODS,REHABILITATION,62064943158.93,12.06,70.55,36.1,2684.16,7.34,10.13,10.05,4.92,3.11,6.31,0.9058,hlth_sha11_hp,SHA2011_V3,2025-05-06
2022,BG,COMPULSORY_HEALTH_INSURANCE,AMBULATORY,MEDICAL_GOODS,23141031025.02,12.58,81.42,17.41,4063.51,5.13,26.04,15.84,2.24,0.97,3.0,1.4297,hlth_sha11_hf,SHA2011_V2,2025-03-02
2023,FR,VOLUNTARY_HEALTH_INSURANCE,HOSPITALS,CURATIVE_CARE,46067323645.6,9.29,81.98,28.52,3565.06,7.1,11.92,15.54,2.47,1.62,4.47,1.014,hlth_sha11_exp,SHA2011_V1,2024-06-14
2024,LT,NPISH_SCHEME,OTHER,ANCILLARY_SERVICES,289003976300.8,9.69,82.1,19.66,8403.02,6.16,25.24,22.84,6.04,5.03,1.04,0.7717,hlth_sha11_hc,SHA2011_V3,2025-10-16
2025,SK,HOUSEHOLD_OOP,ADMINISTRATION,GOVERNANCE,12423415112.99,7.75,77.78,24.74,3716.44,4.42,8.81,24.6,4.79,5.98,2.18,0.4569,hlth_sha11_hp,SHA2011_V2,2025-10-28
2006,HR,GOV_SCHEME,PREVENTIVE,LONG_TERM_CARE,125163613555.13,9.36,83.56,21.02,7010.7,3.32,13.04,26.39,1.24,5.06,2.53,0.8716,hlth_sha11_hf,SHA2011_V1,2024-02-02
2007,DE,COMPULSORY_HEALTH_INSURANCE,LONG_TERM_CARE,PREVENTION,289370377632.47,6.25,55.91,38.78,8071.98,6.57,12.0,24.39,6.42,8.47,7.72,1.2921,hlth_sha11_exp,SHA2011_V3,2025-04-17
2008,LU,VOLUNTARY_HEALTH_INSURANCE,RETAIL_MEDICAL_GOODS,REHABILITATION,112007791882.88,9.34,70.68,27.15,6573.51,3.3,10.32,5.27,6.11,4.59,3.69,0.6755,hlth_sha11_hc,SHA2011_V2,2024-12-21
2009,SI,NPISH_SCHEME,AMBULATORY,MEDICAL_GOODS,165731876693.87,12.43,87.34,19.09,7511.27,5.0,11.78,3.9,3.82,4.16,5.67,1.5455,hlth_sha11_hp,SHA2011_V1,2025-08-27
2010,CY,HOUSEHOLD_OOP,HOSPITALS,CURATIVE_CARE,57642470899.66,13.71,84.52,18.77,5395.54,2.7,24.69,4.82,5.55,7.67,4.89,0.7779,hlth_sha11_hf,SHA2011_V3,2025-11-28
2011,GR,GOV_SCHEME,OTHER,ANCILLARY_SERVICES,149622743329.68,6.53,74.72,32.6,8232.13,7.49,10.58,26.09,6.31,0.47,5.05,0.699,hlth_sha11_exp,SHA2011_V2,2026-01-20
2012,MT,COMPULSORY_HEALTH_INSURANCE,ADMINISTRATION,GOVERNANCE,198122738164.91,13.48,79.79,24.15,4732.05,5.7,8.86,5.94,1.96,5.76,4.58,0.4961,hlth_sha11_hc,SHA2011_V1,2024-03-28
2013,ES,VOLUNTARY_HEALTH_INSURANCE,PREVENTIVE,LONG_TERM_CARE,316422100778.02,7.43,70.23,37.47,5615.63,6.27,23.96,10.88,1.84,5.35,2.8,1.4204,hlth_sha11_hp,SHA2011_V3,2026-01-24
2014,CZ,NPISH_SCHEME,LONG_TERM_CARE,PREVENTION,62524046101.25,6.49,63.92,39.9,8005.99,7.09,23.08,17.86,1.81,3.03,2.25,0.663,hlth_sha11_hf,SHA2011_V2,2024-04-29
2015,HU,HOUSEHOLD_OOP,RETAIL_MEDICAL_GOODS,REHABILITATION,203638361058.57,12.66,74.52,27.85,3084.03,4.76,25.79,24.26,3.0,3.13,4.69,1.6928,hlth_sha11_exp,SHA2011_V1,2024-06-17
2016,NL,GOV_SCHEME,AMBULATORY,MEDICAL_GOODS,18935577270.91,8.38,82.02,17.44,8291.49,7.46,24.15,22.93,2.21,7.87,5.67,0.6745,hlth_sha11_hc,SHA2011_V3,2024-09-02
2017,SE,COMPULSORY_HEALTH_INSURANCE,HOSPITALS,CURATIVE_CARE,217716851580.93,10.07,76.09,23.29,4105.87,4.11,11.69,11.59,5.5,1.96,4.21,1.1159,hlth_sha11_hp,SHA2011_V2,2025-02-18
2018,DK,VOLUNTARY_HEALTH_INSURANCE,OTHER,ANCILLARY_SERVICES,69930841031.52,13.67,55.14,45.0,3009.08,7.81,19.0,15.45,5.87,0.51,2.25,1.5796,hlth_sha11_hf,SHA2011_V1,2025-12-14
2019,IE,NPISH_SCHEME,ADMINISTRATION,GOVERNANCE,198041708974.29,11.21,71.0,25.03,6265.72,2.99,20.1,23.81,2.78,7.16,1.67,0.502,hlth_sha11_exp,SHA2011_V3,2025-04-29
2020,PL,HOUSEHOLD_OOP,PREVENTIVE,LONG_TERM_CARE,191356893935.81,12.65,64.88,34.06,2372.33,7.78,20.09,25.38,5.77,2.31,6.21,1.8604,hlth_sha11_hc,SHA2011_V2,2024-01-17
2021,AT,GOV_SCHEME,LONG_TERM_CARE,PREVENTION,27672558546.87,7.72,85.53,26.28,5653.46,5.39,18.4,27.04,5.63,3.88,2.21,2.0985,hlth_sha11_hp,SHA2011_V1,2024-02-05
2022,EE,COMPULSORY_HEALTH_INSURANCE,RETAIL_MEDICAL_GOODS,REHABILITATION,176384579970.81,5.94,59.44,42.16,12488.62,6.81,14.52,23.65,1.2,1.0,2.84,1.2531,hlth_sha11_hf,SHA2011_V3,2024-11-06
2023,IT,VOLUNTARY_HEALTH_INSURANCE,AMBULATORY,MEDICAL_GOODS,80467318261.58,11.22,71.93,25.83,3626.69,6.34,22.6,7.67,1.37,2.78,4.93,0.7639,hlth_sha11_exp,SHA2011_V2,2024-04-14
2024,PT,NPISH_SCHEME,HOSPITALS,CURATIVE_CARE,236795381353.96,5.96,67.98,35.08,6211.55,7.63,18.55,20.91,4.68,7.94,8.23,0.8051,hlth_sha11_hc,SHA2011_V1,2025-03-17
2025,BE,HOUSEHOLD_OOP,OTHER,ANCILLARY_SERVICES,109010472146.14,11.71,62.08,38.26,8097.55,4.01,16.39,5.63,3.87,3.4,7.67,1.6413,hlth_sha11_hp,SHA2011_V3,2025-05-08
2006,FI,GOV_SCHEME,ADMINISTRATION,GOVERNANCE,221078123523.29,13.72,65.14,45.0,7986.11,6.04,24.27,10.33,3.68,5.05,3.65,0.6105,hlth_sha11_hf,SHA2011_V2,2024-12-13
2007,LV,COMPULSORY_HEALTH_INSURANCE,PREVENTIVE,LONG_TERM_CARE,48529689450.94,13.56,67.59,37.81,5737.59,5.43,14.84,14.88,6.05,0.87,5.48,0.7225,hlth_sha11_exp,SHA2011_V1,2024-12-22
2008,RO,VOLUNTARY_HEALTH_INSURANCE,LONG_TERM_CARE,PREVENTION,11132354108.76,7.85,81.16,26.28,4916.89,6.22,20.75,13.27,5.43,1.42,6.66,1.637,hlth_sha11_hc,SHA2011_V3,2024-03-25
2009,BG,NPISH_SCHEME,RETAIL_MEDICAL_GOODS,REHABILITATION,115893743312.7,5.69,64.58,42.0,3322.25,3.7,8.44,20.19,2.18,8.15,1.02,0.9004,hlth_sha11_hp,SHA2011_V2,2025-08-25
2010,FR,HOUSEHOLD_OOP,AMBULATORY,MEDICAL_GOODS,135761319017.99,13.36,67.77,42.45,5186.05,3.12,26.54,25.49,1.2,7.04,5.32,1.5687,hlth_sha11_hf,SHA2011_V1,2025-01-15
2011,LT,GOV_SCHEME,HOSPITALS,CURATIVE_CARE,16627185223.66,13.3,59.54,42.2,1228.6,4.35,26.33,4.42,1.63,4.72,3.3,0.755,hlth_sha11_exp,SHA2011_V3,2024-02-24
2012,SK,COMPULSORY_HEALTH_INSURANCE,OTHER,ANCILLARY_SERVICES,156523993545.05,10.01,87.03,16.89,7529.03,5.88,18.37,22.7,1.16,5.6,1.69,1.0443,hlth_sha11_hc,SHA2011_V2,2025-02-04
2013,HR,VOLUNTARY_HEALTH_INSURANCE,ADMINISTRATION,GOVERNANCE,168839245466.96,7.95,67.15,35.68,3807.25,3.71,12.14,6.92,5.01,8.41,6.47,1.1107,hlth_sha11_hp,SHA2011_V1,2025-12-09
2014,DE,NPISH_SCHEME,PREVENTIVE,LONG_TERM_CARE,68489385940.43,13.63,64.56,39.08,7257.21,6.81,15.63,18.12,3.29,2.4,2.34,0.9025,hlth_sha11_hf,SHA2011_V3,2024-03-28
2015,LU,HOUSEHOLD_OOP,LONG_TERM_CARE,PREVENTION,195011989428.26,7.92,73.39,21.49,7329.63,1.61,8.06,7.39,6.43,2.45,2.85,1.6885,hlth_sha11_exp,SHA2011_V2,2024-04-23
2016,SI,GOV_SCHEME,RETAIL_MEDICAL_GOODS,REHABILITATION,45953933770.54,9.06,66.53,36.38,4139.73,4.77,8.64,10.03,3.94,4.59,5.46,0.8214,hlth_sha11_hc,SHA2011_V1,2024-11-11
2017,CY,COMPULSORY_HEALTH_INSURANCE,AMBULATORY,MEDICAL_GOODS,272250851333.26,8.07,65.74,39.09,3141.47,2.41,15.24,17.16,2.93,2.77,1.06,1.1857,hlth_sha11_hp,SHA2011_V3,2024-03-11
2018,GR,VOLUNTARY_HEALTH_INSURANCE,HOSPITALS,CURATIVE_CARE,198256833775.03,5.82,78.1,29.13,8838.7,3.23,18.01,3.15,4.12,0.77,5.0,0.6028,hlth_sha11_hf,SHA2011_V2,2025-03-23
2019,MT,NPISH_SCHEME,OTHER,ANCILLARY_SERVICES,126414392125.96,5.75,55.95,45.0,4865.32,2.79,9.52,7.04,5.89,4.16,7.48,0.6,hlth_sha11_exp,SHA2011_V1,2025-10-04
2020,ES,HOUSEHOLD_OOP,ADMINISTRATION,GOVERNANCE,54480555969.6,7.59,70.58,28.78,2684.41,6.7,8.87,7.12,1.15,5.55,4.5,1.1399,hlth_sha11_hc,SHA2011_V3,2024-08-06
2021,CZ,GOV_SCHEME,PREVENTIVE,LONG_TERM_CARE,258869414337.83,12.71,79.24,18.14,3952.28,3.81,18.37,27.87,2.74,4.58,5.7,1.7492,hlth_sha11_hp,SHA2011_V2,2024-08-07
2022,HU,COMPULSORY_HEALTH_INSURANCE,LONG_TERM_CARE,PREVENTION,189243949359.42,6.33,67.74,36.13,7724.36,1.88,22.95,20.95,1.41,4.51,5.97,0.4705,hlth_sha11_hf,SHA2011_V1,2025-08-26
2023,NL,VOLUNTARY_HEALTH_INSURANCE,RETAIL_MEDICAL_GOODS,REHABILITATION,40604107320.26,5.79,62.56,40.22,7677.81,2.24,24.1,26.35,6.39,6.13,4.21,0.7208,hlth_sha11_exp,SHA2011_V3,2025-06-17
2024,SE,NPISH_SCHEME,AMBULATORY,MEDICAL_GOODS,377818853264.53,12.73,63.52,33.61,7587.35,6.91,11.74,26.91,5.73,3.55,1.53,1.6734,hlth_sha11_hc,SHA2011_V2,2024-10-15
2025,DK,HOUSEHOLD_OOP,HOSPITALS,CURATIVE_CARE,280347735705.02,8.72,75.76,18.68,3903.2,7.46,26.46,15.69,1.8,6.16,5.55,1.2938,hlth_sha11_hp,SHA2011_V1,2025-01-08
2006,IE,GOV_SCHEME,OTHER,ANCILLARY_SERVICES,117806702843.2,10.44,64.8,42.94,4278.34,3.85,21.19,11.37,1.49,6.47,6.64,1.2467,hlth_sha11_hf,SHA2011_V3,2024-09-20
2007,PL,COMPULSORY_HEALTH_INSURANCE,ADMINISTRATION,GOVERNANCE,170374895958.73,11.44,82.08,16.11,7591.46,2.27,15.56,16.11,2.3,3.42,3.41,1.3696,hlth_sha11_exp,SHA2011_V2,2025-07-31
2008,AT,VOLUNTARY_HEALTH_INSURANCE,PREVENTIVE,LONG_TERM_CARE,34147654225.0,6.51,58.27,36.53,3162.37,2.82,26.29,21.96,3.46,3.27,4.44,0.746,hlth_sha11_hc,SHA2011_V1,2025-05-15
2009,EE,NPISH_SCHEME,LONG_TERM_CARE,PREVENTION,264748839468.14,13.26,76.16,32.71,6481.48,3.16,12.01,15.99,4.38,8.14,3.84,0.5666,hlth_sha11_hp,SHA2011_V3,2025-07-16
2010,IT,HOUSEHOLD_OOP,RETAIL_MEDICAL_GOODS,REHABILITATION,280105986150.67,10.06,70.69,34.49,6681.2,4.92,16.68,4.27,3.29,7.1,3.38,1.6115,hlth_sha11_hf,SHA2011_V2,2024-09-13
2011,PT,GOV_SCHEME,AMBULATORY,MEDICAL_GOODS,145956183042.66,12.98,66.28,36.48,7468.52,5.69,11.31,5.51,5.42,2.98,5.58,1.693,hlth_sha11_exp,SHA2011_V1,2025-06-28
2012,BE,COMPULSORY_HEALTH_INSURANCE,HOSPITALS,CURATIVE_CARE,27780562529.7,7.29,81.56,22.35,5663.25,3.8,26.3,7.85,1.98,6.76,0.87,1.7192,hlth_sha11_hc,SHA2011_V3,2024-04-25
2013,FI,VOLUNTARY_HEALTH_INSURANCE,OTHER,ANCILLARY_SERVICES,130033843679.4,12.09,70.94,27.33,2200.74,1.68,24.89,14.07,4.82,3.36,4.9,0.6442,hlth_sha11_hp,SHA2011_V2,2024-04-05
2014,LV,NPISH_SCHEME,ADMINISTRATION,GOVERNANCE,226627284020.03,6.82,79.07,24.4,9641.71,1.63,10.4,14.53,1.69,7.14,4.43,0.4395,hlth_sha11_hf,SHA2011_V1,2024-11-11
2015,RO,HOUSEHOLD_OOP,PREVENTIVE,LONG_TERM_CARE,103253735637.24,5.52,82.9,11.27,10604.05,7.89,18.14,26.64,3.92,4.77,6.0,0.776,hlth_sha11_exp,SHA2011_V3,2025-03-02
2016,BG,GOV_SCHEME,LONG_TERM_CARE,PREVENTION,9240943983.4,8.34,73.09,30.45,3935.92,2.71,26.39,12.39,2.96,2.9,4.48,1.4061,hlth_sha11_hc,SHA2011_V2,2025-03-19
2017,FR,COMPULSORY_HEALTH_INSURANCE,RETAIL_MEDICAL_GOODS,REHABILITATION,105084119733.3,10.78,79.32,29.24,5583.28,3.06,26.99,18.03,3.12,5.24,1.72,1.0925,hlth_sha11_hp,SHA2011_V1,2025-10-13
2018,LT,VOLUNTARY_HEALTH_INSURANCE,AMBULATORY,MEDICAL_GOODS,215334570335.28,12.78,58.73,45.0,5125.91,7.43,11.68,7.41,2.13,4.55,4.27,1.4628,hlth_sha11_hf,SHA2011_V3,2024-06-03
2019,SK,NPISH_SCHEME,HOSPITALS,CURATIVE_CARE,187283196086.8,12.4,63.11,45.0,2790.88,4.47,12.87,9.14,1.36,4.4,4.83,0.7829,hlth_sha11_exp,SHA2011_V2,2024-03-25
2020,HR,HOUSEHOLD_OOP,OTHER,ANCILLARY_SERVICES,77613014635.32,6.14,83.27,15.69,5465.82,7.17,17.79,10.82,4.58,5.55,2.55,1.2137,hlth_sha11_hc,SHA2011_V1,2025-03-08
2021,DE,GOV_SCHEME,ADMINISTRATION,GOVERNANCE,31927982008.3,6.53,56.08,41.59,6346.3,7.8,20.7,26.98,5.26,10.66,0.93,1.5196,hlth_sha11_hp,SHA2011_V3,2025-09-07
2022,LU,COMPULSORY_HEALTH_INSURANCE,PREVENTIVE,LONG_TERM_CARE,179012333572.14,11.62,80.26,25.86,5559.67,2.74,21.57,14.62,3.82,3.72,5.5,0.6626,hlth_sha11_hf,SHA2011_V2,2026-01-01
2023,SI,VOLUNTARY_HEALTH_INSURANCE,LONG_TERM_CARE,PREVENTION,193647925597.17,8.63,65.01,30.51,8815.29,2.73,20.59,16.98,3.18,4.25,1.93,1.452,hlth_sha11_exp,SHA2011_V1,2024-08-03
2024,CY,NPISH_SCHEME,RETAIL_MEDICAL_GOODS,REHABILITATION,23487779358.06,11.7,56.85,45.0,7858.89,4.85,16.96,15.1,5.11,2.02,1.71,1.2983,hlth_sha11_hc,SHA2011_V3,2025-05-11
2025,GR,HOUSEHOLD_OOP,AMBULATORY,MEDICAL_GOODS,3309601164.8,10.96,56.65,45.0,5874.92,7.96,21.18,14.37,5.98,5.9,5.9,1.0909,hlth_sha11_hp,SHA2011_V2,2025-08-25
2006,MT,GOV_SCHEME,HOSPITALS,CURATIVE_CARE,281940452179.49,13.35,80.28,31.51,2856.28,5.58,12.69,15.61,2.9,1.0,1.32,1.3815,hlth_sha11_hf,SHA2011_V1,2025-07-13
2007,ES,COMPULSORY_HEALTH_INSURANCE,OTHER,ANCILLARY_SERVICES,34996039386.34,9.92,72.71,32.1,3330.44,3.89,20.24,15.96,1.72,2.72,1.54,0.9919,hlth_sha11_exp,SHA2011_V3,2025-10-18
2008,CZ,VOLUNTARY_HEALTH_INSURANCE,ADMINISTRATION,GOVERNANCE,283982341524.3,9.12,81.73,20.66,3481.37,3.98,8.78,24.4,4.87,3.05,0.88,1.5698,hlth_sha11_hc,SHA2011_V2,2025-05-21
2009,HU,NPISH_SCHEME,PREVENTIVE,LONG_TERM_CARE,215087066772.72,10.99,65.04,42.34,6022.71,4.5,18.43,11.5,4.7,4.93,5.68,0.6951,hlth_sha11_hp,SHA2011_V1,2024-07-29
2010,NL,HOUSEHOLD_OOP,LONG_TERM_CARE,PREVENTION,90711700870.52,8.27,66.04,37.9,1393.51,2.2,20.27,5.74,1.67,5.92,4.44,0.9323,hlth_sha11_hf,SHA2011_V3,2024-11-28
2011,SE,GOV_SCHEME,RETAIL_MEDICAL_GOODS,REHABILITATION,28285044461.73,8.18,73.23,38.4,9227.15,4.88,24.61,4.46,4.09,1.53,1.16,0.7207,hlth_sha11_exp,SHA2011_V2,2025-05-07
2012,DK,COMPULSORY_HEALTH_INSURANCE,AMBULATORY,MEDICAL_GOODS,39955966195.29,9.78,71.86,23.19,5120.03,6.87,24.27,8.33,4.59,1.01,3.74,1.1446,hlth_sha11_hc,SHA2011_V1,2025-04-03
2013,IE,VOLUNTARY_HEALTH_INSURANCE,HOSPITALS,CURATIVE_CARE,97237637958.42,13.03,85.48,13.89,7689.5,5.59,20.63,25.19,3.19,3.91,6.62,0.6165,hlth_sha11_hp,SHA2011_V3,2024-07-13
2014,PL,NPISH_SCHEME,OTHER,ANCILLARY_SERVICES,97283682349.13,8.65,64.37,33.75,6898.17,4.68,23.51,21.79,3.11,4.46,1.28,1.0323,hlth_sha11_hf,SHA2011_V2,2026-01-30
2015,AT,HOUSEHOLD_OOP,ADMINISTRATION,GOVERNANCE,108265778480.61,6.24,72.49,28.63,1775.24,2.53,22.69,5.38,2.14,0.71,1.62,1.0685,hlth_sha11_exp,SHA2011_V1,2024-12-18
2016,EE,GOV_SCHEME,PREVENTIVE,LONG_TERM_CARE,273780698005.38,6.71,75.56,34.3,2980.44,6.33,12.66,24.21,4.46,1.55,2.51,0.8649,hlth_sha11_hc,SHA2011_V3,2025-07-10
2017,IT,COMPULSORY_HEALTH_INSURANCE,LONG_TERM_CARE,PREVENTION,234569742570.91,11.67,68.27,43.03,9778.27,2.15,25.77,21.21,4.68,4.99,3.33,1.0411,hlth_sha11_hp,SHA2011_V2,2026-01-30
2018,PT,VOLUNTARY_HEALTH_INSURANCE,RETAIL_MEDICAL_GOODS,REHABILITATION,165826807799.26,12.32,55.08,45.0,7943.22,6.8,21.03,20.9,5.05,1.29,6.63,1.0946,hlth_sha11_hf,SHA2011_V1,2024-05-06
2019,BE,NPISH_SCHEME,AMBULATORY,MEDICAL_GOODS,226615047358.82,12.9,81.53,30.11,9365.93,5.82,18.86,26.14,5.49,5.26,7.25,1.2044,hlth_sha11_exp,SHA2011_V3,2025-07-11
2020,FI,HOUSEHOLD_OOP,HOSPITALS,CURATIVE_CARE,63152571136.52,10.91,77.75,20.66,2000.67,6.84,11.61,3.49,1.29,7.55,3.4,1.6162,hlth_sha11_hc,SHA2011_V2,2024-06-06
2021,LV,GOV_SCHEME,OTHER,ANCILLARY_SERVICES,81714906728.62,9.42,66.98,40.37,8114.86,5.17,24.93,15.38,3.66,5.49,6.6,0.6987,hlth_sha11_hp,SHA2011_V1,2024-10-04
2022,RO,COMPULSORY_HEALTH_INSURANCE,ADMINISTRATION,GOVERNANCE,221805723486.98,11.95,66.78,29.65,4805.56,3.05,10.15,22.54,4.1,2.71,6.23,0.5251,hlth_sha11_hf,SHA2011_V3,2024-11-17
2023,BG,VOLUNTARY_HEALTH_INSURANCE,PREVENTIVE,LONG_TERM_CARE,195738122518.7,12.01,81.09,29.56,3760.82,5.31,16.54,20.41,2.06,4.64,6.36,0.8691,hlth_sha11_exp,SHA2011_V2,2024-11-03
2024,FR,NPISH_SCHEME,LONG_TERM_CARE,PREVENTION,59028850756.74,12.99,68.56,37.28,3651.1,6.48,22.28,10.31,3.28,6.97,6.8,1.5355,hlth_sha11_hc,SHA2011_V1,2024-12-15
2025,LT,HOUSEHOLD_OOP,RETAIL_MEDICAL_GOODS,REHABILITATION,327559486116.32,12.97,87.47,18.25,4408.66,3.01,18.34,15.39,2.2,0.99,2.53,1.3555,hlth_sha11_hp,SHA2011_V3,2025-01-05
2006,SK,GOV_SCHEME,AMBULATORY,MEDICAL_GOODS,242023867793.73,6.23,73.08,35.32,6418.23,1.7,23.03,20.26,1.29,3.46,7.51,0.811,hlth_sha11_hf,SHA2011_V2,2026-01-09
2007,HR,COMPULSORY_HEALTH_INSURANCE,HOSPITALS,CURATIVE_CARE,179378444938.66,7.87,70.64,27.75,5073.93,4.79,11.2,21.62,2.07,0.97,1.02,1.5171,hlth_sha11_exp,SHA2011_V1,2025-06-04
2008,DE,VOLUNTARY_HEALTH_INSURANCE,OTHER,ANCILLARY_SERVICES,138573730008.27,12.72,55.96,43.42,5585.52,5.46,21.02,4.22,2.91,8.1,7.36,1.4774,hlth_sha11_hc,SHA2011_V3,2025-02-26
2009,LU,NPISH_SCHEME,ADMINISTRATION,GOVERNANCE,141471323236.14,6.89,79.35,20.03,4808.96,6.51,17.66,25.37,4.56,4.23,2.88,1.6479,hlth_sha11_hp,SHA2011_V2,2024-07-12
2010,SI,HOUSEHOLD_OOP,PREVENTIVE,LONG_TERM_CARE,187609019755.13,11.96,61.23,36.01,5970.64,4.26,24.73,14.54,3.91,1.16,7.13,1.3881,hlth_sha11_hf,SHA2011_V1,2024-03-30
2011,CY,GOV_SCHEME,LONG_TERM_CARE,PREVENTION,75975721664.75,9.67,85.2,14.29,5105.55,7.65,11.14,12.35,3.89,6.97,4.21,1.1462,hlth_sha11_exp,SHA2011_V3,2024-04-30
2012,GR,COMPULSORY_HEALTH_INSURANCE,RETAIL_MEDICAL_GOODS,REHABILITATION,258765891659.49,9.18,81.29,25.57,3759.69,2.81,12.48,9.41,1.37,5.63,1.3,0.8894,hlth_sha11_hc,SHA2011_V2,2024-06-30
2013,MT,VOLUNTARY_HEALTH_INSURANCE,AMBULATORY,MEDICAL_GOODS,122821368553.54,13.09,71.47,32.32,4318.86,6.94,18.0,8.99,5.96,2.42,7.13,0.8481,hlth_sha11_hp,SHA2011_V1,2026-02-07
2014,ES,NPISH_SCHEME,HOSPITALS,CURATIVE_CARE,148406822644.73,11.58,75.8,24.48,3918.12,4.56,10.66,14.76,3.91,4.53,3.96,1.4076,hlth_sha11_hf,SHA2011_V3,2025-04-02
2015,CZ,HOUSEHOLD_OOP,OTHER,ANCILLARY_SERVICES,184506245091.98,5.79,86.68,13.57,5633.56,7.64,12.52,6.75,4.13,7.54,1.6,1.2176,hlth_sha11_exp,SHA2011_V2,2025-11-05
2016,HU,GOV_SCHEME,ADMINISTRATION,GOVERNANCE,91121716790.83,5.74,63.41,40.16,1328.89,2.09,10.48,5.91,1.26,2.37,6.87,1.0599,hlth_sha11_hc,SHA2011_V1,2024-11-25
2017,NL,COMPULSORY_HEALTH_INSURANCE,PREVENTIVE,LONG_TERM_CARE,211483283808.75,9.8,69.18,38.52,4096.52,6.76,10.35,25.89,4.81,2.32,8.04,1.4848,hlth_sha11_hp,SHA2011_V3,2024-12-21
2018,SE,VOLUNTARY_HEALTH_INSURANCE,LONG_TERM_CARE,PREVENTION,104130192615.75,11.46,56.03,45.0,8674.97,7.15,9.22,7.82,3.26,5.66,6.91,1.2008,hlth_sha11_hf,SHA2011_V2,2025-08-07
2019,DK,NPISH_SCHEME,RETAIL_MEDICAL_GOODS,REHABILITATION,89668232892.99,7.83,85.17,20.14,6697.41,4.2,23.55,3.99,5.41,5.57,4.72,1.4053,hlth_sha11_exp,SHA2011_V1,2024-11-01
2020,IE,HOUSEHOLD_OOP,AMBULATORY,MEDICAL_GOODS,65312134591.88,6.06,77.59,27.1,2188.07,2.2,19.91,20.84,1.09,2.85,5.54,1.7018,hlth_sha11_hc,SHA2011_V3,2024-09-19
2021,PL,GOV_SCHEME,HOSPITALS,CURATIVE_CARE,85495562739.51,8.56,56.64,41.1,5055.02,5.66,26.88,17.54,2.42,10.91,5.6,2.0687,hlth_sha11_hp,SHA2011_V2,2024-12-17
2022,AT,COMPULSORY_HEALTH_INSURANCE,OTHER,ANCILLARY_SERVICES,152243227515.71,11.03,68.98,42.19,10505.08,2.34,11.88,23.28,3.77,2.8,5.62,1.5185,hlth_sha11_hf,SHA2011_V1,2024-03-01
2023,EE,VOLUNTARY_HEALTH_INSURANCE,ADMINISTRATION,GOVERNANCE,321704569836.65,6.03,83.31,15.91,1365.92,3.65,25.68,5.32,3.71,0.48,5.75,0.7963,hlth_sha11_exp,SHA2011_V3,2025-02-14
2024,IT,NPISH_SCHEME,PREVENTIVE,LONG_TERM_CARE,34011061232.89,12.87,65.37,45.0,8109.48,6.13,17.5,17.79,2.09,4.74,4.13,1.2919,hlth_sha11_hc,SHA2011_V2,2025-07-30
2025,PT,HOUSEHOLD_OOP,LONG_TERM_CARE,PREVENTION,119835699658.34,8.41,71.66,30.12,2990.61,7.37,21.87,9.83,3.95,0.94,6.37,1.0242,hlth_sha11_hp,SHA2011_V1,2024-09-07
2006,BE,GOV_SCHEME,RETAIL_MEDICAL_GOODS,REHABILITATION,159371954091.61,5.67,61.53,45.0,2393.91,7.88,15.85,11.07,3.0,2.57,3.8,0.869,hlth_sha11_hf,SHA2011_V3,2024-10-25
2007,FI,COMPULSORY_HEALTH_INSURANCE,AMBULATORY,MEDICAL_GOODS,170680707084.79,8.5,85.85,24.91,923.17,4.88,15.44,20.12,2.03,6.75,4.6,0.9676,hlth_sha11_exp,SHA2011_V2,2024-12-24
2008,LV,VOLUNTARY_HEALTH_INSURANCE,HOSPITALS,CURATIVE_CARE,13244156862.1,8.46,83.22,12.5,3778.13,5.65,24.82,26.16,4.03,7.91,2.77,1.1259,hlth_sha11_hc,SHA2011_V1,2024-03-22
2009,RO,NPISH_SCHEME,OTHER,ANCILLARY_SERVICES,78290442001.34,12.55,55.49,44.25,1949.01,7.46,12.2,21.81,6.04,7.47,4.02,1.0643,hlth_sha11_hp,SHA2011_V3,2025-04-02
2010,BG,HOUSEHOLD_OOP,ADMINISTRATION,GOVERNANCE,212141324854.88,9.38,58.42,45.0,4294.4,7.88,18.27,24.6,3.04,5.47,6.5,0.66,hlth_sha11_hf,SHA2011_V2,2025-07-31
2011,FR,GOV_SCHEME,PREVENTIVE,LONG_TERM_CARE,104456601047.42,5.74,82.5,15.97,7396.19,3.72,10.89,23.63,6.24,4.91,1.56,1.0251,hlth_sha11_exp,SHA2011_V1,2025-01-09
2012,LT,COMPULSORY_HEALTH_INSURANCE,LONG_TERM_CARE,PREVENTION,10936157454.5,8.89,62.15,45.0,10291.67,4.31,11.63,27.27,4.99,1.91,4.53,1.2511,hlth_sha11_hc,SHA2011_V3,2024-06-07
2013,SK,VOLUNTARY_HEALTH_INSURANCE,RETAIL_MEDICAL_GOODS,REHABILITATION,185151336357.72,9.86,58.1,39.6,6274.5,4.03,25.47,9.36,5.91,2.16,7.49,0.5631,hlth_sha11_hp,SHA2011_V2,2025-11-14
2014,HR,NPISH_SCHEME,AMBULATORY,MEDICAL_GOODS,165908724124.52,9.73,73.19,31.23,2482.41,2.21,22.07,9.89,3.37,2.08,3.28,0.7134,hlth_sha11_hf,SHA2011_V1,2025-12-20
2015,DE,HOUSEHOLD_OOP,HOSPITALS,CURATIVE_CARE,49862367988.25,13.41,58.65,39.93,2077.35,6.33,22.82,21.18,6.41,1.81,2.92,0.5622,hlth_sha11_exp,SHA2011_V3,2025-01-15
2016,LU,GOV_SCHEME,OTHER,ANCILLARY_SERVICES,292104849304.24,11.12,59.81,45.0,10421.44,3.53,20.53,6.01,3.46,5.8,1.2,0.932,hlth_sha11_hc,SHA2011_V2,2025-11-20
2017,SI,COMPULSORY_HEALTH_INSURANCE,ADMINISTRATION,GOVERNANCE,257709778003.48,7.41,79.43,22.74,1542.62,2.91,10.42,3.87,4.27,7.49,3.66,0.7572,hlth_sha11_hp,SHA2011_V1,2024-01-21
2018,CY,VOLUNTARY_HEALTH_INSURANCE,PREVENTIVE,LONG_TERM_CARE,2924438779.13,7.21,78.73,19.14,6457.29,7.15,12.35,17.46,5.2,3.37,1.91,0.9012,hlth_sha11_hf,SHA2011_V3,2025-06-18
2019,GR,NPISH_SCHEME,LONG_TERM_CARE,PREVENTION,25491254273.43,6.56,87.11,9.47,5652.98,4.36,18.99,6.21,1.39,0.7,1.91,0.943,hlth_sha11_exp,SHA2011_V2,2025-06-28
2020,MT,HOUSEHOLD_OOP,RETAIL_MEDICAL_GOODS,REHABILITATION,115680668617.61,8.38,71.87,38.32,9744.03,6.28,14.4,18.7,3.0,8.64,7.74,1.4394,hlth_sha11_hc,SHA2011_V1,2025-08-05
2021,ES,GOV_SCHEME,AMBULATORY,MEDICAL_GOODS,198839064501.33,7.84,87.56,13.7,8614.85,5.61,13.58,25.77,3.44,6.03,6.52,1.8404,hlth_sha11_hp,SHA2011_V3,2025-10-14
2022,CZ,COMPULSORY_HEALTH_INSURANCE,HOSPITALS,CURATIVE_CARE,19449473910.88,6.49,63.78,39.88,1100.63,6.21,13.45,26.62,3.27,5.46,7.69,1.7028,hlth_sha11_hf,SHA2011_V2,2025-11-30
2023,HU,VOLUNTARY_HEALTH_INSURANCE,OTHER,ANCILLARY_SERVICES,142226621839.63,10.93,83.35,25.91,4183.44,4.26,16.07,10.81,4.41,3.21,4.66,0.5405,hlth_sha11_exp,SHA2011_V1,2025-08-12
2024,NL,NPISH_SCHEME,ADMINISTRATION,GOVERNANCE,28613450494.82,8.46,74.73,25.41,10022.1,4.13,19.96,12.52,5.44,8.08,2.81,1.1902,hlth_sha11_hc,SHA2011_V3,2025-08-01
2025,SE,HOUSEHOLD_OOP,PREVENTIVE,LONG_TERM_CARE,42691141211.06,7.94,70.97,34.65,8231.67,4.95,23.13,9.95,3.39,3.92,7.41,0.6449,hlth_sha11_hp,SHA2011_V2,2024-03-28
2006,DK,GOV_SCHEME,LONG_TERM_CARE,PREVENTION,113255722256.69,13.4,62.95,43.47,3095.19,7.24,24.11,7.85,5.32,7.62,5.75,0.4292,hlth_sha11_hf,SHA2011_V1,2024-04-23
2007,IE,COMPULSORY_HEALTH_INSURANCE,RETAIL_MEDICAL_GOODS,REHABILITATION,75790567479.5,11.6,86.82,7.69,3292.54,7.52,20.74,25.74,6.23,7.31,4.9,1.2076,hlth_sha11_exp,SHA2011_V3,2024-04-16
2008,PL,VOLUNTARY_HEALTH_INSURANCE,AMBULATORY,MEDICAL_GOODS,15226615121.62,7.31,73.24,28.07,5600.92,2.36,22.32,27.19,4.81,6.29,3.9,1.48,hlth_sha11_hc,SHA2011_V2,2025-02-16
2009,AT,NPISH_SCHEME,HOSPITALS,CURATIVE_CARE,23885066402.56,8.6,75.21,36.66,1880.24,4.63,19.54,7.68,5.94,2.4,2.36,0.8373,hlth_sha11_hp,SHA2011_V1,2025-01-17
2010,EE,HOUSEHOLD_OOP,OTHER,ANCILLARY_SERVICES,21346255497.31,8.14,64.47,34.05,7086.88,7.14,20.54,17.9,6.43,8.24,1.75,0.6471,hlth_sha11_hf,SHA2011_V3,2024-10-29
2011,IT,GOV_SCHEME,ADMINISTRATION,GOVERNANCE,168066289686.5,10.12,73.04,34.22,7644.12,3.59,8.89,6.1,5.83,1.93,3.85,1.7566,hlth_sha11_exp,SHA2011_V2,2025-08-09
2012,PT,COMPULSORY_HEALTH_INSURANCE,PREVENTIVE,LONG_TERM_CARE,11532098585.48,13.28,77.3,27.52,4235.17,4.16,12.96,15.06,4.26,8.11,7.46,1.0405,hlth_sha11_hc,SHA2011_V1,2024-01-14
2013,BE,VOLUNTARY_HEALTH_INSURANCE,LONG_TERM_CARE,PREVENTION,110212077234.96,11.77,70.04,35.65,5494.11,7.44,25.76,10.12,6.5,1.75,1.56,1.2429,hlth_sha11_hp,SHA2011_V3,2026-01-31
2014,FI,NPISH_SCHEME,RETAIL_MEDICAL_GOODS,REHABILITATION,275939376169.09,13.61,55.89,44.97,5220.09,2.52,25.63,6.93,2.68,5.3,6.65,0.826,hlth_sha11_hf,SHA2011_V2,2025-12-04
2015,LV,HOUSEHOLD_OOP,AMBULATORY,MEDICAL_GOODS,223468997083.58,11.57,55.82,45.0,2701.54,2.49,9.21,22.61,1.33,5.0,4.26,1.3562,hlth_sha11_exp,SHA2011_V1,2024-06-21
2016,RO,GOV_SCHEME,HOSPITALS,CURATIVE_CARE,34499470947.41,5.72,70.25,29.58,3953.41,4.2,8.78,18.16,1.59,3.7,7.33,1.1368,hlth_sha11_hc,SHA2011_V3,2025-05-12
2017,BG,COMPULSORY_HEALTH_INSURANCE,OTHER,ANCILLARY_SERVICES,119946651361.51,11.84,66.72,30.01,3257.45,6.56,22.37,17.27,5.58,7.75,5.09,1.1392,hlth_sha11_hp,SHA2011_V2,2026-01-29
2018,FR,VOLUNTARY_HEALTH_INSURANCE,ADMINISTRATION,GOVERNANCE,289443038760.1,8.56,86.87,12.19,10387.9,2.44,21.71,19.93,4.03,8.41,2.54,0.889,hlth_sha11_hf,SHA2011_V1,2024-07-16
2019,LT,NPISH_SCHEME,PREVENTIVE,LONG_TERM_CARE,9432632660.54,11.85,57.93,43.8,10011.28,7.96,8.18,13.66,5.24,1.31,6.04,1.6288,hlth_sha11_exp,SHA2011_V3,2024-10-27
2020,SK,HOUSEHOLD_OOP,LONG_TERM_CARE,PREVENTION,92738149378.27,11.12,58.13,45.0,4956.28,4.04,11.84,6.24,3.78,3.77,6.21,1.0923,hlth_sha11_hc,SHA2011_V2,2025-05-24
2021,HR,GOV_SCHEME,RETAIL_MEDICAL_GOODS,REHABILITATION,203010583335.24,10.41,74.6,22.35,2316.82,7.38,11.41,5.13,5.66,8.59,0.82,1.4381,hlth_sha11_hp,SHA2011_V1,2025-03-19
2022,DE,COMPULSORY_HEALTH_INSURANCE,AMBULATORY,MEDICAL_GOODS,193608611338.63,8.97,61.39,45.0,5792.08,5.47,12.38,6.19,6.2,7.97,5.91,0.577,hlth_sha11_hf,SHA2011_V3,2024-01-31
2023,LU,VOLUNTARY_HEALTH_INSURANCE,HOSPITALS,CURATIVE_CARE,255056186478.94,13.51,72.63,25.42,5293.1,2.24,11.77,13.68,4.33,4.36,5.01,1.1146,hlth_sha11_exp,SHA2011_V2,2026-02-09
2024,SI,NPISH_SCHEME,OTHER,ANCILLARY_SERVICES,324057522809.84,6.01,57.93,45.0,10484.63,7.54,18.16,15.15,4.67,7.35,4.14,1.375,hlth_sha11_hc,SHA2011_V1,2025-08-10
2025,CY,HOUSEHOLD_OOP,ADMINISTRATION,GOVERNANCE,251898178347.19,6.41,59.91,34.93,5437.52,7.2,25.65,23.19,4.56,6.51,3.31,1.5955,hlth_sha11_hp,SHA2011_V3,2024-02-14
2006,GR,GOV_SCHEME,PREVENTIVE,LONG_TERM_CARE,190979667053.42,6.41,69.18,28.04,5763.84,5.77,19.22,19.1,6.31,3.34,3.99,0.551,hlth_sha11_hf,SHA2011_V2,2024-05-07
2007,MT,COMPULSORY_HEALTH_INSURANCE,LONG_TERM_CARE,PREVENTION,189799249166.05,12.59,78.92,20.68,1281.44,1.95,18.16,20.77,5.56,3.78,4.24,1.0641,hlth_sha11_exp,SHA2011_V1,2025-07-12
2008,ES,VOLUNTARY_HEALTH_INSURANCE,RETAIL_MEDICAL_GOODS,REHABILITATION,166060410160.19,7.26,67.18,28.83,1574.87,3.38,9.49,10.06,3.21,4.6,3.23,1.1902,hlth_sha11_hc,SHA2011_V3,2025-10-20
2009,CZ,NPISH_SCHEME,AMBULATORY,MEDICAL_GOODS,236475574984.03,7.36,68.5,28.18,1095.31,4.48,22.28,5.43,1.62,5.04,3.55,1.73,hlth_sha11_hp,SHA2011_V2,2025-07-16
2010,HU,HOUSEHOLD_OOP,HOSPITALS,CURATIVE_CARE,83466685237.85,9.61,85.34,11.34,8841.95,5.39,26.08,17.41,3.55,0.82,1.89,1.5524,hlth_sha11_hf,SHA2011_V1,2025-05-13
2011,NL,GOV_SCHEME,OTHER,ANCILLARY_SERVICES,22573121641.82,7.92,57.79,37.72,1779.23,3.5,18.62,12.73,6.12,2.76,7.12,1.7399,hlth_sha11_exp,SHA2011_V3,2024-10-19
2012,SE,COMPULSORY_HEALTH_INSURANCE,ADMINISTRATION,GOVERNANCE,5967470887.45,7.11,78.9,24.45,2880.44,6.48,15.6,12.6,3.17,3.43,3.5,1.5775,hlth_sha11_hc,SHA2011_V2,2024-11-06
2013,DK,VOLUNTARY_HEALTH_INSURANCE,PREVENTIVE,LONG_TERM_CARE,13356229783.87,13.73,84.96,23.37,5304.71,6.88,17.97,11.62,3.41,3.18,1.63,0.9253,hlth_sha11_hp,SHA2011_V1,2025-11-09
2014,IE,NPISH_SCHEME,LONG_TERM_CARE,PREVENTION,28087872318.04,13.0,61.68,41.22,7287.0,7.11,17.53,10.26,5.89,6.57,5.89,1.0656,hlth_sha11_hf,SHA2011_V3,2025-10-14
2015,PL,HOUSEHOLD_OOP,RETAIL_MEDICAL_GOODS,REHABILITATION,8503989181.33,9.48,67.99,34.89,5300.42,5.64,24.82,25.14,2.91,4.82,8.12,0.5045,hlth_sha11_exp,SHA2011_V2,2024-10-20
2016,AT,GOV_SCHEME,AMBULATORY,MEDICAL_GOODS,178638383439.23,13.17,77.81,22.74,5681.76,5.59,14.41,15.89,1.17,6.2,3.79,1.2885,hlth_sha11_hc,SHA2011_V1,2024-10-06
2017,EE,COMPULSORY_HEALTH_INSURANCE,HOSPITALS,CURATIVE_CARE,269067300713.86,12.61,62.94,42.89,929.36,3.46,23.07,5.02,3.62,1.85,7.16,0.5591,hlth_sha11_hp,SHA2011_V3,2026-02-23
2018,IT,VOLUNTARY_HEALTH_INSURANCE,OTHER,ANCILLARY_SERVICES,264672115562.48,5.68,70.57,37.33,3054.21,1.86,25.17,14.02,5.28,5.2,3.86,1.1883,hlth_sha11_hf,SHA2011_V2,2025-12-22
2019,PT,NPISH_SCHEME,ADMINISTRATION,GOVERNANCE,157498252183.92,13.17,71.53,32.33,8520.79,6.61,15.73,23.19,4.09,7.49,7.1,0.9109,hlth_sha11_exp,SHA2011_V1,2025-07-11
2020,BE,HOUSEHOLD_OOP,PREVENTIVE,LONG_TERM_CARE,334638715445.16,13.39,64.74,34.57,1156.83,5.03,18.66,11.98,5.69,7.47,7.71,1.4632,hlth_sha11_hc,SHA2011_V3,2024-05-14
2021,FI,GOV_SCHEME,LONG_TERM_CARE,PREVENTION,70081503745.45,12.45,57.07,45.0,5029.03,5.99,12.09,18.41,3.25,0.73,3.4,0.5666,hlth_sha11_hp,SHA2011_V2,2025-02-22
2022,LV,COMPULSORY_HEALTH_INSURANCE,RETAIL_MEDICAL_GOODS,REHABILITATION,89840545756.18,8.09,68.01,28.45,6634.01,2.95,20.77,26.97,5.98,1.46,1.19,1.2258,hlth_sha11_hf,SHA2011_V1,2024-12-14
2023,RO,VOLUNTARY_HEALTH_INSURANCE,AMBULATORY,MEDICAL_GOODS,18103369621.61,5.79,87.06,17.58,2515.14,4.54,15.91,16.06,5.49,7.82,3.21,0.7575,hlth_sha11_exp,SHA2011_V3,2025-11-25
2024,BG,NPISH_SCHEME,HOSPITALS,CURATIVE_CARE,206004279056.25,13.79,72.25,33.02,9742.11,4.75,25.48,11.89,4.96,4.17,7.6,0.9651,hlth_sha11_hc,SHA2011_V2,2025-09-19
2025,FR,HOUSEHOLD_OOP,OTHER,ANCILLARY_SERVICES,67728530601.98,11.97,73.45,27.2,6864.99,7.68,9.34,7.14,5.31,0.88,6.8,1.546,hlth_sha11_hp,SHA2011_V1,2026-02-08
2006,LT,GOV_SCHEME,ADMINISTRATION,GOVERNANCE,12564703159.99,12.1,65.9,28.83,5672.5,4.82,13.71,7.65,1.45,2.67,6.96,0.4515,hlth_sha11_hf,SHA2011_V3,2025-01-19
2007,SK,COMPULSORY_HEALTH_INSURANCE,PREVENTIVE,LONG_TERM_CARE,2631381106.05,7.33,69.19,41.68,1537.63,6.92,18.88,24.63,3.95,5.97,1.39,1.5986,hlth_sha11_exp,SHA2011_V2,2026-02-10
2008,HR,VOLUNTARY_HEALTH_INSURANCE,LONG_TERM_CARE,PREVENTION,63398773268.13,12.6,86.92,16.56,8419.53,7.17,18.14,7.89,4.83,7.67,4.99,1.4597,hlth_sha11_hc,SHA2011_V1,2024-01-05
2009,DE,NPISH_SCHEME,RETAIL_MEDICAL_GOODS,REHABILITATION,210986437635.51,6.19,77.0,25.99,5785.17,2.7,16.17,20.11,1.35,5.15,1.39,1.1836,hlth_sha11_hp,SHA2011_V3,2025-01-15
2010,LU,HOUSEHOLD_OOP,AMBULATORY,MEDICAL_GOODS,162015148600.98,10.81,59.39,35.97,4141.04,3.56,8.71,16.11,5.21,4.4,2.97,1.5756,hlth_sha11_hf,SHA2011_V2,2024-05-16
2011,SI,GOV_SCHEME,HOSPITALS,CURATIVE_CARE,200034193773.51,13.74,78.91,25.49,3651.93,4.54,24.68,3.5,2.24,7.19,7.44,1.7448,hlth_sha11_exp,SHA2011_V1,2025-05-22
2012,CY,COMPULSORY_HEALTH_INSURANCE,OTHER,ANCILLARY_SERVICES,145909312383.18,8.46,74.23,30.87,1263.44,5.17,8.15,7.27,5.61,4.8,6.97,1.065,hlth_sha11_hc,SHA2011_V3,2024-06-03
2013,GR,VOLUNTARY_HEALTH_INSURANCE,ADMINISTRATION,GOVERNANCE,159095787273.66,8.55,69.48,31.22,3999.73,2.48,19.92,21.24,2.36,4.1,3.07,0.5597,hlth_sha11_hp,SHA2011_V2,2024-03-20
2014,MT,NPISH_SCHEME,PREVENTIVE,LONG_TERM_CARE,283887913389.51,13.67,64.2,41.69,6718.25,7.82,11.45,19.6,5.74,5.05,1.65,1.6682,hlth_sha11_hf,SHA2011_V1,2025-01-16
2015,ES,HOUSEHOLD_OOP,LONG_TERM_CARE,PREVENTION,135525526227.54,12.23,56.33,45.0,3787.81,4.07,26.35,19.86,5.34,1.29,4.16,1.1981,hlth_sha11_exp,SHA2011_V3,2025-03-27
2016,CZ,GOV_SCHEME,RETAIL_MEDICAL_GOODS,REHABILITATION,42187511777.72,12.28,77.89,19.69,8944.8,2.15,17.4,19.33,1.19,3.4,5.78,1.3156,hlth_sha11_hc,SHA2011_V2,2025-05-30
2017,HU,COMPULSORY_HEALTH_INSURANCE,AMBULATORY,MEDICAL_GOODS,365314663129.51,8.3,86.32,12.38,3440.88,2.96,22.1,23.46,1.27,8.22,3.28,0.859,hlth_sha11_hp,SHA2011_V1,2024-07-13
2018,NL,VOLUNTARY_HEALTH_INSURANCE,HOSPITALS,CURATIVE_CARE,124318407142.6,9.71,75.8,32.66,6157.27,5.96,23.42,12.27,3.1,0.79,7.65,1.5335,hlth_sha11_hf,SHA2011_V3,2024-11-02
2019,SE,NPISH_SCHEME,OTHER,ANCILLARY_SERVICES,161567173500.22,7.5,87.94,15.91,7877.24,6.87,19.84,27.74,5.02,4.33,5.95,1.3512,hlth_sha11_exp,SHA2011_V2,2025-02-19
2020,DK,HOUSEHOLD_OOP,ADMINISTRATION,GOVERNANCE,164131918816.22,12.62,64.61,31.61,6080.54,2.04,10.78,22.74,5.68,3.66,4.36,2.0583,hlth_sha11_hc,SHA2011_V1,2025-06-18
2021,IE,GOV_SCHEME,PREVENTIVE,LONG_TERM_CARE,173926063507.94,5.9,58.91,45.0,6273.01,7.77,23.71,5.36,5.56,10.15,2.38,1.4373,hlth_sha11_hp,SHA2011_V3,2025-10-07
2022,PL,COMPULSORY_HEALTH_INSURANCE,LONG_TERM_CARE,PREVENTION,45139510802.13,7.35,79.09,26.5,1638.46,7.34,22.97,16.48,6.39,5.58,1.78,0.5711,hlth_sha11_hf,SHA2011_V2,2024-02-21
2023,AT,VOLUNTARY_HEALTH_INSURANCE,RETAIL_MEDICAL_GOODS,REHABILITATION,154778553652.76,12.62,77.41,17.72,2144.15,3.66,13.78,12.45,2.28,7.46,5.89,1.5463,hlth_sha11_exp,SHA2011_V1,2024-12-04
2024,EE,NPISH_SCHEME,AMBULATORY,MEDICAL_GOODS,290302449923.82,9.74,58.28,44.14,6232.13,1.74,25.26,7.03,5.99,4.69,4.94,0.8876,hlth_sha11_hc,SHA2011_V3,2025-10-06
2025,IT,HOUSEHOLD_OOP,HOSPITALS,CURATIVE_CARE,55808511958.85,11.63,83.6,20.87,3944.35,1.82,22.94,26.92,1.17,2.25,3.95,1.0486,hlth_sha11_hp,SHA2011_V2,2025-02-11
2006,PT,GOV_SCHEME,OTHER,ANCILLARY_SERVICES,54785452341.53,9.4,77.01,33.23,4885.7,7.51,13.59,25.28,2.37,4.04,4.7,1.5026,hlth_sha11_hf,SHA2011_V1,2024-05-02
2007,BE,COMPULSORY_HEALTH_INSURANCE,ADMINISTRATION,GOVERNANCE,90284863219.66,13.59,76.83,32.42,3540.08,3.35,18.99,7.1,5.61,3.62,6.47,0.4744,hlth_sha11_exp,SHA2011_V3,2024-07-09
2008,FI,VOLUNTARY_HEALTH_INSURANCE,PREVENTIVE,LONG_TERM_CARE,298977958706.73,13.49,58.23,45.0,7011.82,3.89,26.52,15.4,4.27,5.22,8.11,0.9736,hlth_sha11_hc,SHA2011_V2,2025-04-10
2009,LV,NPISH_SCHEME,LONG_TERM_CARE,PREVENTION,75873776395.03,8.0,70.99,36.09,6514.49,7.2,12.69,8.89,4.83,3.4,1.92,1.055,hlth_sha11_hp,SHA2011_V1,2025-10-18
2010,RO,HOUSEHOLD_OOP,RETAIL_MEDICAL_GOODS,REHABILITATION,189097372477.28,9.72,76.62,28.43,1467.96,2.22,19.6,19.27,3.59,7.63,7.31,1.2523,hlth_sha11_hf,SHA2011_V3,2025-10-16
2011,BG,GOV_SCHEME,AMBULATORY,MEDICAL_GOODS,161484634719.42,9.94,75.28,23.95,9474.08,2.16,26.18,12.12,5.88,2.01,4.37,1.5048,hlth_sha11_exp,SHA2011_V2,2024-05-15
2012,FR,COMPULSORY_HEALTH_INSURANCE,HOSPITALS,CURATIVE_CARE,104688457232.28,7.8,63.49,40.65,3048.85,2.49,19.73,4.36,2.88,4.58,6.57,0.9523,hlth_sha11_hc,SHA2011_V1,2025-07-28
2013,LT,VOLUNTARY_HEALTH_INSURANCE,OTHER,ANCILLARY_SERVICES,124026814354.66,5.93,83.9,19.84,5200.04,2.05,13.93,19.66,6.29,2.24,4.74,0.879,hlth_sha11_hp,SHA2011_V3,2025-12-25
2014,SK,NPISH_SCHEME,ADMINISTRATION,GOVERNANCE,193719160533.66,13.17,81.78,22.63,4018.05,5.39,13.67,14.24,2.88,6.47,3.33,1.5809,hlth_sha11_hf,SHA2011_V2,2024-01-14
2015,HR,HOUSEHOLD_OOP,PREVENTIVE,LONG_TERM_CARE,111033352876.72,8.16,69.53,27.08,1738.89,2.27,19.93,16.48,4.59,2.7,4.95,0.9077,hlth_sha11_exp,SHA2011_V1,2024-04-06
2016,DE,GOV_SCHEME,LONG_TERM_CARE,PREVENTION,124208309611.98,11.49,70.49,41.15,1224.63,3.16,8.81,4.13,6.49,5.02,3.25,0.9788,hlth_sha11_hc,SHA2011_V3,2024-06-02
2017,LU,COMPULSORY_HEALTH_INSURANCE,RETAIL_MEDICAL_GOODS,REHABILITATION,9328974138.64,9.99,65.0,32.41,5457.89,6.97,26.65,24.86,2.03,1.72,4.08,0.4771,hlth_sha11_hp,SHA2011_V2,2025-05-06
2018,SI,VOLUNTARY_HEALTH_INSURANCE,AMBULATORY,MEDICAL_GOODS,69699759343.13,9.26,59.19,40.18,1693.91,4.36,17.12,6.3,2.51,0.72,2.25,1.0696,hlth_sha11_hf,SHA2011_V1,2025-12-21
2019,CY,NPISH_SCHEME,HOSPITALS,CURATIVE_CARE,53282662339.78,13.55,75.43,35.63,7244.7,6.42,18.19,26.22,2.26,1.59,5.55,0.6526,hlth_sha11_exp,SHA2011_V3,2024-02-19
2020,GR,HOUSEHOLD_OOP,OTHER,ANCILLARY_SERVICES,125877630405.43,13.19,76.11,26.53,1497.73,5.61,13.05,17.6,5.93,2.91,6.93,1.2631,hlth_sha11_hc,SHA2011_V2,2025-05-21
2021,MT,GOV_SCHEME,ADMINISTRATION,GOVERNANCE,78423396912.92,8.03,85.36,15.36,6796.01,2.69,18.42,27.52,5.51,4.45,1.77,1.2908,hlth_sha11_hp,SHA2011_V1,2025-05-19
2022,ES,COMPULSORY_HEALTH_INSURANCE,PREVENTIVE,LONG_TERM_CARE,38468107033.47,13.54,65.68,44.89,6930.54,4.91,18.75,18.2,6.06,8.31,3.62,0.5007,hlth_sha11_hf,SHA2011_V3,2025-10-19
2023,CZ,VOLUNTARY_HEALTH_INSURANCE,LONG_TERM_CARE,PREVENTION,60490253814.59,9.5,57.49,38.11,10149.97,5.09,13.37,25.78,2.23,5.1,1.22,1.2867,hlth_sha11_exp,SHA2011_V2,2024-08-24
2024,HU,NPISH_SCHEME,RETAIL_MEDICAL_GOODS,REHABILITATION,392290063793.04,6.88,82.83,13.91,1555.79,4.48,13.1,22.88,3.76,1.58,5.65,1.0462,hlth_sha11_hc,SHA2011_V1,2024-08-21
2025,NL,HOUSEHOLD_OOP,AMBULATORY,MEDICAL_GOODS,80893536132.38,10.73,57.46,45.0,5125.01,6.27,8.86,14.77,2.57,3.07,3.57,1.2336,hlth_sha11_hp,SHA2011_V3,2025-04-16
2006,SE,GOV_SCHEME,HOSPITALS,CURATIVE_CARE,11153599973.0,9.02,82.57,16.96,4526.79,4.01,12.28,10.11,5.8,3.15,2.24,1.1335,hlth_sha11_hf,SHA2011_V2,2024-12-23
2007,DK,COMPULSORY_HEALTH_INSURANCE,OTHER,ANCILLARY_SERVICES,122934417215.74,13.2,68.08,36.95,3753.1,5.43,24.96,8.92,1.3,4.3,2.73,0.6198,hlth_sha11_exp,SHA2011_V1,2025-12-25
2008,IE,VOLUNTARY_HEALTH_INSURANCE,ADMINISTRATION,GOVERNANCE,181803015418.97,12.9,80.79,24.82,4363.09,1.52,11.79,14.0,2.02,6.11,2.74,0.5901,hlth_sha11_hc,SHA2011_V3,2024-08-31
2009,PL,NPISH_SCHEME,PREVENTIVE,LONG_TERM_CARE,155167992967.54,9.14,82.79,25.2,3843.49,6.19,9.04,10.72,4.72,1.1,2.51,0.858,hlth_sha11_hp,SHA2011_V2,2025-06-20
2010,AT,HOUSEHOLD_OOP,LONG_TERM_CARE,PREVENTION,228284773980.86,12.96,57.43,45.0,3768.6,6.89,17.26,19.97,3.07,7.34,2.84,0.7051,hlth_sha11_hf,SHA2011_V1,2024-01-13
2011,EE,GOV_SCHEME,RETAIL_MEDICAL_GOODS,REHABILITATION,69919366341.39,6.99,77.01,21.82,2572.17,2.12,18.81,11.25,3.74,8.2,2.66,1.5164,hlth_sha11_exp,SHA2011_V3,2025-03-24
2012,IT,COMPULSORY_HEALTH_INSURANCE,AMBULATORY,MEDICAL_GOODS,84073747805.84,10.57,87.8,15.84,10845.85,3.61,9.63,5.29,3.55,7.65,4.53,0.6959,hlth_sha11_hc,SHA2011_V2,2024-11-03
2013,PT,VOLUNTARY_HEALTH_INSURANCE,HOSPITALS,CURATIVE_CARE,146042662676.43,13.53,65.16,36.11,3995.69,5.72,22.63,21.55,3.38,0.53,4.52,0.718,hlth_sha11_hp,SHA2011_V1,2026-01-13
2014,BE,NPISH_SCHEME,OTHER,ANCILLARY_SERVICES,53212597887.45,5.99,77.16,29.37,3883.45,4.63,22.76,23.05,1.38,0.58,3.08,1.4415,hlth_sha11_hf,SHA2011_V3,2025-06-20
2015,FI,HOUSEHOLD_OOP,ADMINISTRATION,GOVERNANCE,70881835071.55,13.65,57.83,45.0,5285.43,2.93,9.82,27.66,5.01,7.5,7.26,1.5065,hlth_sha11_exp,SHA2011_V2,2025-05-04
2016,LV,GOV_SCHEME,PREVENTIVE,LONG_TERM_CARE,207939836712.97,11.15,65.71,30.45,4063.23,7.36,10.13,24.63,4.09,5.17,6.75,1.0298,hlth_sha11_hc,SHA2011_V1,2025-02-02
2017,RO,COMPULSORY_HEALTH_INSURANCE,LONG_TERM_CARE,PREVENTION,204528242648.29,9.83,87.59,14.82,2713.21,3.42,14.19,17.48,5.55,6.5,1.12,0.8436,hlth_sha11_hp,SHA2011_V3,2025-10-17
2018,BG,VOLUNTARY_HEALTH_INSURANCE,RETAIL_MEDICAL_GOODS,REHABILITATION,177256189448.82,7.5,56.06,37.95,5286.17,6.11,23.98,19.17,3.15,2.26,3.83,0.674,hlth_sha11_hf,SHA2011_V2,2025-08-19
2019,FR,NPISH_SCHEME,AMBULATORY,MEDICAL_GOODS,142764160651.75,10.32,80.36,24.12,4175.81,3.97,21.39,24.19,4.31,5.84,6.32,0.9785,hlth_sha11_exp,SHA2011_V1,2024-05-12
2020,LT,HOUSEHOLD_OOP,HOSPITALS,CURATIVE_CARE,266611032151.38,13.37,60.65,34.73,1170.87,4.15,9.56,22.36,6.36,1.67,1.13,1.9106,hlth_sha11_hc,SHA2011_V3,2025-07-03
2021,SK,GOV_SCHEME,OTHER,ANCILLARY_SERVICES,34270785522.08,9.96,63.95,45.0,3887.87,7.97,18.74,11.81,5.25,10.78,1.23,1.4345,hlth_sha11_hp,SHA2011_V2,2025-01-04
2022,HR,COMPULSORY_HEALTH_INSURANCE,ADMINISTRATION,GOVERNANCE,54218415552.89,9.29,69.38,38.46,7127.48,3.05,11.31,20.79,6.22,8.12,5.61,1.7255,hlth_sha11_hf,SHA2011_V1,2024-04-12
2023,DE,VOLUNTARY_HEALTH_INSURANCE,PREVENTIVE,LONG_TERM_CARE,93887677232.35,6.49,83.0,28.26,12763.31,4.81,25.49,17.23,6.44,7.99,1.01,1.5333,hlth_sha11_exp,SHA2011_V3,2024-10-29
2024,LU,NPISH_SCHEME,LONG_TERM_CARE,PREVENTION,174671339934.4,13.41,84.41,16.73,8691.04,6.98,23.08,21.56,5.99,1.31,3.75,0.6982,hlth_sha11_hc,SHA2011_V2,2024-01-13
2025,SI,HOUSEHOLD_OOP,RETAIL_MEDICAL_GOODS,REHABILITATION,211392277092.58,5.55,61.81,45.0,5803.87,2.04,17.33,9.18,2.36,6.5,2.65,0.9129,hlth_sha11_hp,SHA2011_V1,2025-01-19
2006,CY,GOV_SCHEME,AMBULATORY,MEDICAL_GOODS,82201103954.38,11.24,70.32,38.37,6176.93,5.9,23.05,10.86,2.65,0.55,6.99,1.0878,hlth_sha11_hf,SHA2011_V3,2025-09-22
2007,GR,COMPULSORY_HEALTH_INSURANCE,HOSPITALS,CURATIVE_CARE,62326227933.94,11.68,73.34,31.01,2227.12,2.26,14.93,8.69,3.0,5.31,4.33,0.6594,hlth_sha11_exp,SHA2011_V2,2024-09-15
2008,MT,VOLUNTARY_HEALTH_INSURANCE,OTHER,ANCILLARY_SERVICES,116220841960.12,8.97,55.72,45.0,2956.26,7.9,10.23,11.82,4.25,7.28,8.09,0.7305,hlth_sha11_hc,SHA2011_V1,2024-08-26
2009,ES,NPISH_SCHEME,ADMINISTRATION,GOVERNANCE,21254432246.05,13.14,76.57,27.03,3691.21,6.2,21.52,25.36,4.37,5.41,2.51,1.0527,hlth_sha11_hp,SHA2011_V3,2025-12-09
2010,CZ,HOUSEHOLD_OOP,PREVENTIVE,LONG_TERM_CARE,44522221863.53,10.2,68.81,41.93,2857.19,2.7,17.36,18.64,4.71,7.58,7.34,1.539,hlth_sha11_hf,SHA2011_V2,2025-01-29
2011,HU,GOV_SCHEME,LONG_TERM_CARE,PREVENTION,17510588262.08,12.25,81.94,15.03,806.76,7.67,20.12,11.24,1.91,2.03,6.21,0.7562,hlth_sha11_exp,SHA2011_V1,2026-01-16
2012,NL,COMPULSORY_HEALTH_INSURANCE,RETAIL_MEDICAL_GOODS,REHABILITATION,122811350036.92,11.99,78.58,32.5,8461.74,4.97,19.96,8.34,1.18,6.47,3.48,1.0846,hlth_sha11_hc,SHA2011_V3,2024-07-19
2013,SE,VOLUNTARY_HEALTH_INSURANCE,AMBULATORY,MEDICAL_GOODS,162455994770.73,11.52,71.58,28.48,5890.31,7.56,15.42,12.12,3.9,7.72,6.87,0.717,hlth_sha11_hp,SHA2011_V2,2024-04-02
2014,DK,NPISH_SCHEME,HOSPITALS,CURATIVE_CARE,256551132271.34,12.02,65.75,40.98,7088.56,4.98,12.1,8.8,5.04,3.6,7.88,1.5585,hlth_sha11_hf,SHA2011_V1,2024-02-12
2015,IE,HOUSEHOLD_OOP,OTHER,ANCILLARY_SERVICES,26138391447.3,5.55,57.17,41.46,3757.97,3.18,17.87,4.82,5.08,6.32,5.51,0.5675,hlth_sha11_exp,SHA2011_V3,2025-05-30
2016,PL,GOV_SCHEME,ADMINISTRATION,GOVERNANCE,151852360262.66,6.69,77.21,29.79,5393.96,2.82,22.58,10.99,1.92,1.49,4.13,1.1017,hlth_sha11_hc,SHA2011_V2,2024-03-27
2017,AT,COMPULSORY_HEALTH_INSURANCE,PREVENTIVE,LONG_TERM_CARE,206339649636.21,8.07,79.62,20.26,3086.75,3.26,18.65,16.53,4.64,1.1,3.83,1.6735,hlth_sha11_hp,SHA2011_V1,2024-11-25
2018,EE,VOLUNTARY_HEALTH_INSURANCE,LONG_TERM_CARE,PREVENTION,167389351023.99,13.19,57.7,40.1,2038.38,4.23,19.98,12.23,3.54,3.19,7.77,0.8899,hlth_sha11_hf,SHA2011_V3,2026-01-27
2019,IT,NPISH_SCHEME,RETAIL_MEDICAL_GOODS,REHABILITATION,219278419819.18,10.07,64.79,37.96,1806.47,4.53,25.78,14.43,1.93,8.21,6.14,0.4448,hlth_sha11_exp,SHA2011_V2,2025-03-23
2020,PT,HOUSEHOLD_OOP,AMBULATORY,MEDICAL_GOODS,294131533716.69,10.07,85.41,10.64,6545.05,2.52,15.31,3.95,6.48,2.67,4.19,0.9891,hlth_sha11_hc,SHA2011_V1,2024-11-19
2021,BE,GOV_SCHEME,HOSPITALS,CURATIVE_CARE,49146300934.32,8.0,77.82,33.92,5038.52,2.32,16.65,21.82,2.9,6.6,7.83,2.2623,hlth_sha11_hp,SHA2011_V3,2025-03-26
2022,FI,COMPULSORY_HEALTH_INSURANCE,OTHER,ANCILLARY_SERVICES,45537803925.48,6.55,59.27,45.0,8278.49,4.6,25.2,6.91,3.69,0.7,8.08,1.1698,hlth_sha11_hf,SHA2011_V2,2025-04-07
2023,LV,VOLUNTARY_HEALTH_INSURANCE,ADMINISTRATION,GOVERNANCE,117573428879.06,8.19,60.21,45.0,5283.76,5.98,20.35,15.87,2.91,2.82,3.2,0.5744,hlth_sha11_exp,SHA2011_V1,2025-08-10
2024,RO,NPISH_SCHEME,PREVENTIVE,LONG_TERM_CARE,144139534127.17,6.85,57.04,45.0,6233.42,5.81,11.34,16.1,4.92,5.88,2.27,0.8325,hlth_sha11_hc,SHA2011_V3,2024-04-13
2025,BG,HOUSEHOLD_OOP,LONG_TERM_CARE,PREVENTION,237816991880.09,9.8,82.76,20.51,6774.62,5.88,24.71,10.33,1.64,0.61,4.82,0.7676,hlth_sha11_hp,SHA2011_V2,2024-06-28
2006,FR,GOV_SCHEME,RETAIL_MEDICAL_GOODS,REHABILITATION,108164237456.78,12.01,84.55,24.22,6581.43,5.15,14.4,5.11,5.91,1.92,4.26,0.8176,hlth_sha11_hf,SHA2011_V1,2024-06-16
2007,LT,COMPULSORY_HEALTH_INSURANCE,AMBULATORY,MEDICAL_GOODS,132412552755.97,11.74,73.39,33.22,766.97,5.91,23.98,18.42,2.88,3.12,7.14,1.146,hlth_sha11_exp,SHA2011_V3,2025-10-24
2008,SK,VOLUNTARY_HEALTH_INSURANCE,HOSPITALS,CURATIVE_CARE,117677428836.78,8.45,71.58,27.59,8870.25,1.92,11.96,27.04,2.04,7.2,2.1,1.028,hlth_sha11_hc,SHA2011_V2,2025-05-02
2009,HR,NPISH_SCHEME,OTHER,ANCILLARY_SERVICES,58406689432.76,13.78,72.63,26.91,3813.63,5.75,24.74,8.09,3.9,7.83,0.91,1.4765,hlth_sha11_hp,SHA2011_V1,2024-01-25
2010,DE,HOUSEHOLD_OOP,ADMINISTRATION,GOVERNANCE,50755528112.44,10.55,84.79,25.22,5607.05,4.27,9.96,8.56,1.67,5.53,1.34,1.2856,hlth_sha11_hf,SHA2011_V3,2024-09-23
2011,LU,GOV_SCHEME,PREVENTIVE,LONG_TERM_CARE,229480419839.38,9.89,74.05,27.57,5261.06,7.89,18.57,8.13,3.83,3.9,6.42,1.5178,hlth_sha11_exp,SHA2011_V2,2025-07-19
2012,SI,COMPULSORY_HEALTH_INSURANCE,LONG_TERM_CARE,PREVENTION,266287832259.44,10.59,77.63,19.95,7674.93,4.54,14.08,12.78,4.47,1.67,3.37,1.4385,hlth_sha11_hc,SHA2011_V1,2025-04-24
2013,CY,VOLUNTARY_HEALTH_INSURANCE,RETAIL_MEDICAL_GOODS,REHABILITATION,122812204303.87,6.41,79.3,28.54,5628.98,7.83,25.43,24.7,1.79,1.52,2.25,0.9437,hlth_sha11_hp,SHA2011_V3,2026-01-18
2014,GR,NPISH_SCHEME,AMBULATORY,MEDICAL_GOODS,187495166133.0,7.09,86.6,23.98,1542.49,2.14,20.56,14.41,5.12,6.73,5.63,1.0075,hlth_sha11_hf,SHA2011_V2,2024-03-22
2015,MT,HOUSEHOLD_OOP,HOSPITALS,CURATIVE_CARE,212354728501.56,8.92,69.65,36.98,4935.89,6.7,19.12,8.11,6.29,6.88,6.55,1.4988,hlth_sha11_exp,SHA2011_V1,2024-05-15
2016,ES,GOV_SCHEME,OTHER,ANCILLARY_SERVICES,186630683100.27,11.76,62.88,41.26,7837.07,3.66,17.5,12.19,3.93,0.49,6.9,0.9704,hlth_sha11_hc,SHA2011_V3,2026-01-16
2017,CZ,COMPULSORY_HEALTH_INSURANCE,ADMINISTRATION,GOVERNANCE,37363466447.39,10.33,74.88,27.25,5711.53,7.88,17.11,11.9,1.09,1.38,4.89,0.4527,hlth_sha11_hp,SHA2011_V2,2024-11-22
2018,HU,VOLUNTARY_HEALTH_INSURANCE,PREVENTIVE,LONG_TERM_CARE,355244957663.46,13.08,87.42,21.14,4897.09,7.16,14.88,4.14,2.54,3.59,4.72,1.5919,hlth_sha11_hf,SHA2011_V1,2025-07-03
2019,NL,NPISH_SCHEME,LONG_TERM_CARE,PREVENTION,245746640932.14,13.35,55.79,45.0,6240.1,2.76,12.19,16.07,5.25,7.19,6.65,1.6536,hlth_sha11_exp,SHA2011_V3,2024-12-24
2020,SE,HOUSEHOLD_OOP,RETAIL_MEDICAL_GOODS,REHABILITATION,210935571720.68,7.72,62.44,41.3,3865.46,7.75,11.38,26.65,6.15,5.55,4.29,1.4024,hlth_sha11_hc,SHA2011_V2,2025-11-08
2021,DK,GOV_SCHEME,AMBULATORY,MEDICAL_GOODS,306624599152.25,9.47,79.05,31.39,9261.41,6.87,25.85,14.97,4.0,10.46,2.3,1.5638,hlth_sha11_hp,SHA2011_V1,2024-04-26
2022,IE,COMPULSORY_HEALTH_INSURANCE,HOSPITALS,CURATIVE_CARE,225868771531.22,13.36,87.18,17.69,2834.45,7.38,12.38,26.03,2.72,4.34,1.78,1.0729,hlth_sha11_hf,SHA2011_V3,2024-10-09
2023,PL,VOLUNTARY_HEALTH_INSURANCE,OTHER,ANCILLARY_SERVICES,274842245132.7,7.92,73.05,38.24,5362.42,6.25,12.99,14.54,1.34,5.5,5.53,0.7214,hlth_sha11_exp,SHA2011_V2,2026-02-08
2024,AT,NPISH_SCHEME,ADMINISTRATION,GOVERNANCE,62641755240.94,9.45,86.34,19.12,8370.38,5.98,12.08,24.07,6.11,4.62,6.41,0.8541,hlth_sha11_hc,SHA2011_V1,2025-07-27
2025,EE,HOUSEHOLD_OOP,PREVENTIVE,LONG_TERM_CARE,66994801592.96,8.21,68.45,29.19,10331.73,7.48,25.87,7.24,1.24,5.31,8.24,1.5458,hlth_sha11_hp,SHA2011_V3,2024-02-15
2006,IT,GOV_SCHEME,LONG_TERM_CARE,PREVENTION,88852030065.28,7.97,65.17,30.09,5859.87,2.81,25.88,9.82,5.75,6.83,5.02,1.2275,hlth_sha11_hf,SHA2011_V2,2025-12-02
2007,PT,COMPULSORY_HEALTH_INSURANCE,RETAIL_MEDICAL_GOODS,REHABILITATION,296100017116.19,13.63,74.82,36.36,2063.08,2.25,15.1,23.83,5.77,1.79,8.02,1.3566,hlth_sha11_exp,SHA2011_V1,2024-03-21
2008,BE,VOLUNTARY_HEALTH_INSURANCE,AMBULATORY,MEDICAL_GOODS,168032154073.3,10.76,75.91,29.03,4352.66,4.93,25.45,17.21,4.57,1.88,5.28,1.0426,hlth_sha11_hc,SHA2011_V3,2024-06-09
2009,FI,NPISH_SCHEME,HOSPITALS,CURATIVE_CARE,206952359221.0,6.8,68.72,42.62,5469.24,3.45,18.18,3.6,4.14,7.9,3.81,0.9204,hlth_sha11_hp,SHA2011_V2,2025-12-19
2010,LV,HOUSEHOLD_OOP,OTHER,ANCILLARY_SERVICES,124640346231.55,12.01,74.94,31.27,5234.3,4.25,21.83,23.6,1.83,6.09,8.23,1.4861,hlth_sha11_hf,SHA2011_V1,2024-03-16
2011,RO,GOV_SCHEME,ADMINISTRATION,GOVERNANCE,11467227071.89,7.99,71.69,28.03,3359.14,3.01,26.64,17.7,5.66,7.51,5.5,1.4382,hlth_sha11_exp,SHA2011_V3,2024-06-06
2012,BG,COMPULSORY_HEALTH_INSURANCE,PREVENTIVE,LONG_TERM_CARE,11293915168.19,13.18,72.52,37.77,6120.11,4.74,9.25,4.83,3.39,0.73,1.47,1.4355,hlth_sha11_hc,SHA2011_V2,2024-03-01
2013,FR,VOLUNTARY_HEALTH_INSURANCE,LONG_TERM_CARE,PREVENTION,183174174901.52,12.68,75.91,30.31,6771.13,7.85,22.36,20.17,5.56,8.07,4.13,0.6199,hlth_sha11_hp,SHA2011_V1,2026-02-01
2014,LT,NPISH_SCHEME,RETAIL_MEDICAL_GOODS,REHABILITATION,238021665578.2,13.26,69.26,41.82,6566.12,4.75,25.5,27.58,1.79,7.36,4.22,1.6812,hlth_sha11_hf,SHA2011_V3,2025-05-29
2015,SK,HOUSEHOLD_OOP,AMBULATORY,MEDICAL_GOODS,190292961829.44,9.18,60.95,45.0,5968.89,3.0,20.23,18.14,2.71,1.52,8.24,0.9753,hlth_sha11_exp,SHA2011_V2,2025-08-10
2016,HR,GOV_SCHEME,HOSPITALS,CURATIVE_CARE,72507509852.76,11.17,85.04,17.39,2358.11,3.32,15.2,21.97,5.43,7.36,5.73,1.2607,hlth_sha11_hc,SHA2011_V1,2024-07-06
2017,DE,COMPULSORY_HEALTH_INSURANCE,OTHER,ANCILLARY_SERVICES,122591419213.18,12.52,75.57,31.51,3667.68,7.82,14.07,11.61,6.0,3.9,0.92,1.2454,hlth_sha11_hp,SHA2011_V3,2024-03-31
2018,LU,VOLUNTARY_HEALTH_INSURANCE,ADMINISTRATION,GOVERNANCE,116516967031.67,10.36,66.32,30.59,3606.34,5.11,10.22,14.12,3.33,4.98,4.91,1.4922,hlth_sha11_hf,SHA2011_V2,2025-07-25
2019,SI,NPISH_SCHEME,PREVENTIVE,LONG_TERM_CARE,99914768476.87,11.46,83.26,12.65,8932.64,2.38,15.94,5.87,3.0,0.59,4.9,1.754,hlth_sha11_exp,SHA2011_V1,2026-02-07
2020,CY,HOUSEHOLD_OOP,LONG_TERM_CARE,PREVENTION,206984922963.19,11.94,60.08,42.36,7584.64,3.0,20.29,5.06,5.79,4.49,6.66,1.6912,hlth_sha11_hc,SHA2011_V3,2025-02-15
2021,GR,GOV_SCHEME,RETAIL_MEDICAL_GOODS,REHABILITATION,242937995501.76,6.15,82.17,17.78,2751.73,5.42,15.77,24.94,2.14,9.99,3.26,2.0875,hlth_sha11_hp,SHA2011_V2,2024-01-08
2022,MT,COMPULSORY_HEALTH_INSURANCE,AMBULATORY,MEDICAL_GOODS,360779830558.17,6.18,78.14,32.81,4848.57,7.74,18.19,11.01,6.03,7.25,5.82,0.9409,hlth_sha11_hf,SHA2011_V1,2024-11-13
2023,ES,VOLUNTARY_HEALTH_INSURANCE,HOSPITALS,CURATIVE_CARE,15858645811.17,8.71,77.15,33.61,5493.73,7.94,14.39,6.38,2.56,5.51,6.89,0.6481,hlth_sha11_exp,SHA2011_V3,2024-01-30
2024,CZ,NPISH_SCHEME,OTHER,ANCILLARY_SERVICES,105059506991.8,13.25,73.03,36.33,4427.46,3.75,26.85,17.45,5.89,7.07,6.58,1.3192,hlth_sha11_hc,SHA2011_V2,2024-12-10
2025,HU,HOUSEHOLD_OOP,ADMINISTRATION,GOVERNANCE,209313820581.84,8.49,80.28,27.9,3668.67,2.14,12.0,16.0,5.6,5.18,1.47,0.5937,hlth_sha11_hp,SHA2011_V1,2024-07-14
2006,NL,GOV_SCHEME,PREVENTIVE,LONG_TERM_CARE,167265680942.06,6.76,85.23,18.15,6080.1,5.85,9.52,3.67,1.9,0.82,3.51,0.8409,hlth_sha11_hf,SHA2011_V3,2024-04-13
2007,SE,COMPULSORY_HEALTH_INSURANCE,LONG_TERM_CARE,PREVENTION,119360128432.08,13.34,78.75,20.36,9187.96,6.3,26.42,8.1,5.66,7.5,6.68,1.2852,hlth_sha11_exp,SHA2011_V2,2025-11-27
2008,DK,VOLUNTARY_HEALTH_INSURANCE,RETAIL_MEDICAL_GOODS,REHABILITATION,145729461704.29,7.39,82.29,20.76,8563.6,3.51,13.82,21.23,2.81,4.07,6.24,1.3821,hlth_sha11_hc,SHA2011_V1,2026-01-03
2009,IE,NPISH_SCHEME,AMBULATORY,MEDICAL_GOODS,182698634891.69,9.7,60.53,34.72,4704.1,5.41,14.53,17.69,2.0,1.22,7.69,0.9435,hlth_sha11_hp,SHA2011_V3,2024-10-05
2010,PL,HOUSEHOLD_OOP,HOSPITALS,CURATIVE_CARE,203539426590.59,12.4,78.98,25.8,1183.17,4.39,12.63,13.39,4.32,3.9,3.41,0.7178,hlth_sha11_hf,SHA2011_V2,2024-05-25
2011,AT,GOV_SCHEME,OTHER,ANCILLARY_SERVICES,49559109037.04,6.05,68.63,33.76,8204.86,5.8,22.94,21.24,5.89,2.09,2.6,1.2946,hlth_sha11_exp,SHA2011_V1,2025-02-10
2012,EE,COMPULSORY_HEALTH_INSURANCE,ADMINISTRATION,GOVERNANCE,121562509876.83,9.34,62.77,33.01,2712.79,2.16,8.42,26.41,5.65,5.36,3.78,1.1446,hlth_sha11_hc,SHA2011_V3,2024-11-11
2013,IT,VOLUNTARY_HEALTH_INSURANCE,PREVENTIVE,LONG_TERM_CARE,146462384959.99,11.55,63.25,31.58,1251.96,7.0,13.28,19.87,5.4,6.38,6.25,1.7287,hlth_sha11_hp,SHA2011_V2,2026-01-01
2014,PT,NPISH_SCHEME,LONG_TERM_CARE,PREVENTION,43304853496.23,8.38,68.3,38.79,1920.44,7.03,20.0,10.13,1.46,0.78,5.37,1.6413,hlth_sha11_hf,SHA2011_V1,2026-02-16
2015,BE,HOUSEHOLD_OOP,RETAIL_MEDICAL_GOODS,REHABILITATION,266458932136.81,13.13,71.71,23.99,9892.08,3.94,13.15,26.93,2.96,6.55,1.21,0.8985,hlth_sha11_exp,SHA2011_V3,2024-12-22
2016,FI,GOV_SCHEME,AMBULATORY,MEDICAL_GOODS,198918879961.95,11.68,73.19,38.16,3980.37,6.79,14.67,15.62,4.73,1.49,1.88,0.5279,hlth_sha11_hc,SHA2011_V2,2024-04-07
2017,LV,COMPULSORY_HEALTH_INSURANCE,HOSPITALS,CURATIVE_CARE,51831177037.95,13.57,61.95,45.0,8680.25,4.05,26.89,7.14,2.84,7.1,5.87,0.4456,hlth_sha11_hp,SHA2011_V1,2024-03-23
2018,RO,VOLUNTARY_HEALTH_INSURANCE,OTHER,ANCILLARY_SERVICES,175372996457.51,5.55,83.89,10.57,8580.48,7.24,8.51,23.07,3.45,0.46,4.27,0.4402,hlth_sha11_hf,SHA2011_V3,2025-06-14
2019,BG,NPISH_SCHEME,ADMINISTRATION,GOVERNANCE,326565409769.81,9.79,87.17,24.33,4177.45,1.7,20.51,23.6,1.82,3.63,3.26,1.658,hlth_sha11_exp,SHA2011_V2,2024-09-18
2020,FR,HOUSEHOLD_OOP,PREVENTIVE,LONG_TERM_CARE,135781150476.47,11.2,83.04,26.28,5059.5,5.8,17.92,9.72,2.42,10.24,6.19,1.9747,hlth_sha11_hc,SHA2011_V1,2025-06-21
2021,LT,GOV_SCHEME,LONG_TERM_CARE,PREVENTION,237613369623.0,8.51,60.57,45.0,6748.26,4.7,18.04,14.76,1.01,1.59,5.07,0.9671,hlth_sha11_hp,SHA2011_V3,2025-02-01
2022,SK,COMPULSORY_HEALTH_INSURANCE,RETAIL_MEDICAL_GOODS,REHABILITATION,205153957547.17,6.42,58.27,45.0,8242.16,3.84,14.99,8.94,2.39,6.55,0.89,1.0646,hlth_sha11_hf,SHA2011_V2,2025-01-07
2023,HR,VOLUNTARY_HEALTH_INSURANCE,AMBULATORY,MEDICAL_GOODS,29384137259.7,12.12,61.71,42.14,4929.58,2.26,23.84,18.83,4.92,5.83,1.09,0.4668,hlth_sha11_exp,SHA2011_V1,2025-04-08
2024,DE,NPISH_SCHEME,HOSPITALS,CURATIVE_CARE,55879333840.56,13.78,67.87,34.46,5196.74,3.83,16.7,12.92,4.21,4.34,6.16,1.6239,hlth_sha11_hc,SHA2011_V3,2025-06-16
2025,LU,HOUSEHOLD_OOP,OTHER,ANCILLARY_SERVICES,275154467086.29,7.75,57.75,45.0,4181.32,1.64,15.01,20.7,5.99,3.1,7.19,1.593,hlth_sha11_hp,SHA2011_V2,2025-06-08
2006,SI,GOV_SCHEME,ADMINISTRATION,GOVERNANCE,161741915008.46,12.21,71.64,28.91,1670.48,4.57,11.4,24.01,2.88,1.2,1.72,0.4617,hlth_sha11_hf,SHA2011_V1,2024-08-23
2007,CY,COMPULSORY_HEALTH_INSURANCE,PREVENTIVE,LONG_TERM_CARE,101732434771.0,8.24,62.04,43.59,3539.43,4.88,20.35,16.48,2.01,0.62,1.95,1.2869,hlth_sha11_exp,SHA2011_V3,2025-08-21
2008,GR,VOLUNTARY_HEALTH_INSURANCE,LONG_TERM_CARE,PREVENTION,75230581504.94,13.53,84.35,27.07,4023.48,2.46,12.0,10.07,3.52,6.27,7.21,1.1733,hlth_sha11_hc,SHA2011_V2,2024-03-28
2009,MT,NPISH_SCHEME,RETAIL_MEDICAL_GOODS,REHABILITATION,3038126518.69,13.08,84.22,21.31,4894.7,3.03,12.33,20.84,1.65,2.07,1.0,0.561,hlth_sha11_hp,SHA2011_V1,2024-04-13
2010,ES,HOUSEHOLD_OOP,AMBULATORY,MEDICAL_GOODS,65331674054.47,13.67,76.38,29.0,6049.87,2.34,20.92,15.36,4.82,4.8,4.91,1.4563,hlth_sha11_hf,SHA2011_V3,2025-08-09
2011,CZ,GOV_SCHEME,HOSPITALS,CURATIVE_CARE,72606728763.03,7.67,75.27,27.54,9604.8,4.48,12.84,13.29,1.6,2.43,1.63,0.6512,hlth_sha11_exp,SHA2011_V2,2025-05-21
2012,HU,COMPULSORY_HEALTH_INSURANCE,OTHER,ANCILLARY_SERVICES,110159400057.71,10.67,79.15,26.94,9800.13,1.88,12.04,17.81,3.71,4.3,7.13,1.3203,hlth_sha11_hc,SHA2011_V1,2024-05-15
2013,NL,VOLUNTARY_HEALTH_INSURANCE,ADMINISTRATION,GOVERNANCE,92243307840.23,7.66,72.75,29.96,7602.31,2.49,19.79,15.83,3.75,6.0,1.57,1.1889,hlth_sha11_hp,SHA2011_V3,2024-09-11
2014,SE,NPISH_SCHEME,PREVENTIVE,LONG_TERM_CARE,158247453686.07,9.32,66.48,28.05,7719.21,6.55,26.91,14.31,4.43,2.55,3.61,0.4795,hlth_sha11_hf,SHA2011_V2,2025-10-14
2015,DK,HOUSEHOLD_OOP,LONG_TERM_CARE,PREVENTION,18348157139.17,8.5,58.62,39.05,8758.03,3.47,25.9,25.97,5.62,3.42,3.39,0.549,hlth_sha11_exp,SHA2011_V1,2024-05-07
2016,IE,GOV_SCHEME,RETAIL_MEDICAL_GOODS,REHABILITATION,183550868185.56,8.97,71.41,29.44,1405.3,6.37,11.66,25.62,6.06,5.29,5.12,1.7059,hlth_sha11_hc,SHA2011_V3,2025-06-11
2017,PL,COMPULSORY_HEALTH_INSURANCE,AMBULATORY,MEDICAL_GOODS,35640827676.05,12.6,68.19,30.77,7797.39,1.99,16.39,15.12,4.02,8.1,7.19,1.1065,hlth_sha11_hp,SHA2011_V2,2025-07-07
2018,AT,VOLUNTARY_HEALTH_INSURANCE,HOSPITALS,CURATIVE_CARE,311763755341.85,6.53,64.48,37.88,4006.87,1.51,24.33,11.28,4.97,6.43,5.79,1.4329,hlth_sha11_hf,SHA2011_V1,2025-06-08
2019,EE,NPISH_SCHEME,OTHER,ANCILLARY_SERVICES,241390335090.39,5.55,69.34,28.44,6827.05,3.06,22.2,15.73,1.37,1.33,2.63,1.1231,hlth_sha11_exp,SHA2011_V3,2025-11-30
2020,IT,HOUSEHOLD_OOP,ADMINISTRATION,GOVERNANCE,286292132417.92,10.67,69.51,39.38,7971.04,6.65,26.38,11.77,2.6,9.49,4.75,1.2957,hlth_sha11_hc,SHA2011_V2,2025-04-20
2021,PT,GOV_SCHEME,PREVENTIVE,LONG_TERM_CARE,112304532791.11,7.53,83.91,17.1,8485.62,5.92,11.25,19.83,4.34,8.62,1.04,0.9721,hlth_sha11_hp,SHA2011_V1,2025-06-20
2022,BE,COMPULSORY_HEALTH_INSURANCE,LONG_TERM_CARE,PREVENTION,146394238370.51,13.73,60.45,34.02,1168.67,6.01,18.79,25.01,4.13,2.14,6.59,1.1851,hlth_sha11_hf,SHA2011_V3,2024-12-07
2023,FI,VOLUNTARY_HEALTH_INSURANCE,RETAIL_MEDICAL_GOODS,REHABILITATION,322326215797.99,13.68,86.02,12.72,6484.42,1.59,8.39,12.36,5.4,5.03,1.49,1.391,hlth_sha11_exp,SHA2011_V2,2024-04-02
2024,LV,NPISH_SCHEME,AMBULATORY,MEDICAL_GOODS,71926105052.42,10.28,73.1,35.39,6748.35,3.44,20.92,9.04,4.9,0.69,7.66,1.1992,hlth_sha11_hc,SHA2011_V1,2024-10-12
2025,RO,HOUSEHOLD_OOP,HOSPITALS,CURATIVE_CARE,21821124319.39,10.12,55.89,45.0,8563.64,2.43,21.44,12.5,2.95,2.98,5.09,1.5019,hlth_sha11_hp,SHA2011_V3,2024-10-17
2006,BG,GOV_SCHEME,OTHER,ANCILLARY_SERVICES,238786431470.65,8.18,71.75,31.37,965.76,5.87,10.51,8.98,5.83,5.03,1.58,0.77,hlth_sha11_hf,SHA2011_V2,2024-05-25
2007,FR,COMPULSORY_HEALTH_INSURANCE,ADMINISTRATION,GOVERNANCE,106360945877.17,10.09,62.5,44.1,1799.23,7.21,22.46,27.66,5.78,7.38,4.16,1.5067,hlth_sha11_exp,SHA2011_V1,2024-08-27
2008,LT,VOLUNTARY_HEALTH_INSURANCE,PREVENTIVE,LONG_TERM_CARE,105075193043.49,9.98,74.1,34.41,8730.26,3.99,26.76,19.01,6.33,8.45,2.32,0.4536,hlth_sha11_hc,SHA2011_V3,2026-02-14
2009,SK,NPISH_SCHEME,LONG_TERM_CARE,PREVENTION,172734315300.98,11.27,63.26,39.84,3047.21,3.64,18.75,18.55,4.14,7.3,3.13,1.7103,hlth_sha11_hp,SHA2011_V2,2026-02-13
2010,HR,HOUSEHOLD_OOP,RETAIL_MEDICAL_GOODS,REHABILITATION,35377506623.89,10.57,84.48,13.95,1350.25,6.19,18.13,16.95,4.68,3.05,3.03,0.6714,hlth_sha11_hf,SHA2011_V1,2026-01-08
2011,DE,GOV_SCHEME,AMBULATORY,MEDICAL_GOODS,60580150385.03,12.91,83.51,12.97,4707.01,4.94,19.05,15.06,1.48,0.73,2.2,1.2837,hlth_sha11_exp,SHA2011_V3,2025-11-30
2012,LU,COMPULSORY_HEALTH_INSURANCE,HOSPITALS,CURATIVE_CARE,242810182043.01,12.05,84.07,20.67,8289.56,5.67,15.11,9.82,3.31,7.99,5.99,1.2886,hlth_sha11_hc,SHA2011_V2,2024-05-04
2013,SI,VOLUNTARY_HEALTH_INSURANCE,OTHER,ANCILLARY_SERVICES,193491550399.74,9.87,70.35,29.35,1649.38,2.19,14.28,6.11,1.88,2.5,4.05,1.68,hlth_sha11_hp,SHA2011_V1,2025-05-31
2014,CY,NPISH_SCHEME,ADMINISTRATION,GOVERNANCE,131948698092.54,5.82,74.14,36.65,6574.42,3.77,13.22,23.31,5.99,5.74,3.9,1.4846,hlth_sha11_hf,SHA2011_V3,2025-02-13
2015,GR,HOUSEHOLD_OOP,PREVENTIVE,LONG_TERM_CARE,7153547484.46,10.27,87.63,17.39,3739.77,3.88,18.91,19.6,4.15,5.71,4.62,1.4025,hlth_sha11_exp,SHA2011_V2,2024-04-15
2016,MT,GOV_SCHEME,LONG_TERM_CARE,PREVENTION,92790803457.32,10.01,87.57,16.55,2770.24,7.66,18.22,4.96,3.89,8.02,1.54,1.3512,hlth_sha11_hc,SHA2011_V1,2025-12-15
2017,ES,COMPULSORY_HEALTH_INSURANCE,RETAIL_MEDICAL_GOODS,REHABILITATION,297678712420.27,7.18,57.39,45.0,8856.27,1.72,22.01,27.52,1.8,1.62,5.01,1.6804,hlth_sha11_hp,SHA2011_V3,2024-08-02
2018,CZ,VOLUNTARY_HEALTH_INSURANCE,AMBULATORY,MEDICAL_GOODS,236803803084.95,6.16,56.58,45.0,3383.53,3.1,11.76,27.55,1.82,2.46,4.97,0.6268,hlth_sha11_hf,SHA2011_V2,2026-01-04
2019,HU,NPISH_SCHEME,HOSPITALS,CURATIVE_CARE,161952858023.72,6.9,82.51,11.91,4428.35,3.51,18.35,10.47,4.62,4.62,2.07,1.555,hlth_sha11_exp,SHA2011_V1,2024-05-18
2020,NL,HOUSEHOLD_OOP,OTHER,ANCILLARY_SERVICES,357187901823.18,10.27,87.26,14.04,6560.75,4.84,26.96,13.54,3.68,10.61,6.49,1.3178,hlth_sha11_hc,SHA2011_V3,2024-01-09
2021,SE,GOV_SCHEME,ADMINISTRATION,GOVERNANCE,156786174548.19,12.08,73.2,38.15,5063.53,3.9,11.28,7.42,5.35,4.43,7.52,1.4784,hlth_sha11_hp,SHA2011_V2,2025-02-09
2022,DK,COMPULSORY_HEALTH_INSURANCE,PREVENTIVE,LONG_TERM_CARE,370227119596.89,5.6,73.8,35.65,5612.28,6.8,23.67,14.03,4.57,0.52,1.6,1.1259,hlth_sha11_hf,SHA2011_V1,2024-12-17
2023,IE,VOLUNTARY_HEALTH_INSURANCE,LONG_TERM_CARE,PREVENTION,269565290997.89,10.16,80.47,30.03,4999.31,6.62,25.51,18.41,6.0,2.38,4.2,1.0655,hlth_sha11_exp,SHA2011_V3,2024-05-11
2024,PL,NPISH_SCHEME,RETAIL_MEDICAL_GOODS,REHABILITATION,319631787436.5,12.36,75.84,35.33,3498.36,3.73,19.31,20.36,1.81,1.04,4.74,0.5849,hlth_sha11_hc,SHA2011_V2,2025-08-13
2025,AT,HOUSEHOLD_OOP,AMBULATORY,MEDICAL_GOODS,260690149943.97,7.16,68.73,30.01,4397.02,4.85,23.53,9.74,3.69,1.13,6.68,0.6086,hlth_sha11_hp,SHA2011_V1,2024-08-29
2006,EE,GOV_SCHEME,HOSPITALS,CURATIVE_CARE,56862380950.18,8.44,57.46,43.94,7633.61,7.11,19.01,9.4,3.92,5.07,7.3,0.6364,hlth_sha11_hf,SHA2011_V3,2025-10-19
2007,IT,COMPULSORY_HEALTH_INSURANCE,OTHER,ANCILLARY_SERVICES,228291773600.17,12.88,77.07,27.53,2372.47,4.69,25.84,23.69,2.58,8.3,2.2,1.5052,hlth_sha11_exp,SHA2011_V2,2025-11-18
2008,PT,VOLUNTARY_HEALTH_INSURANCE,ADMINISTRATION,GOVERNANCE,113661345472.96,12.7,83.51,16.86,5361.4,7.79,19.89,3.65,1.07,4.74,5.03,0.7244,hlth_sha11_hc,SHA2011_V1,2024-02-29
2009,BE,NPISH_SCHEME,PREVENTIVE,LONG_TERM_CARE,94408932410.35,11.04,71.39,28.19,2078.13,5.99,17.7,4.62,1.96,7.63,2.49,1.3407,hlth_sha11_hp,SHA2011_V3,2024-09-04
2010,FI,HOUSEHOLD_OOP,LONG_TERM_CARE,PREVENTION,278716240279.72,13.77,74.02,27.26,2624.77,6.64,19.15,18.93,6.03,3.8,1.54,0.6445,hlth_sha11_hf,SHA2011_V2,2024-06-07
2011,LV,GOV_SCHEME,RETAIL_MEDICAL_GOODS,REHABILITATION,41077966209.38,9.86,64.81,45.0,8799.37,1.61,23.65,7.98,4.94,4.66,3.58,0.5178,hlth_sha11_exp,SHA2011_V1,2024-04-27
2012,RO,COMPULSORY_HEALTH_INSURANCE,AMBULATORY,MEDICAL_GOODS,205179732020.47,13.72,62.15,44.85,4368.41,3.23,11.67,3.62,1.51,7.49,4.89,0.508,hlth_sha11_hc,SHA2011_V3,2024-08-19
2013,BG,VOLUNTARY_HEALTH_INSURANCE,HOSPITALS,CURATIVE_CARE,94255473355.07,12.65,58.82,45.0,9938.27,1.72,14.12,17.24,1.38,3.38,4.87,1.1712,hlth_sha11_hp,SHA2011_V2,2025-10-20
2014,FR,NPISH_SCHEME,OTHER,ANCILLARY_SERVICES,146626718130.78,5.9,78.07,32.51,10159.59,3.47,19.54,8.17,6.12,3.26,7.82,1.3709,hlth_sha11_hf,SHA2011_V1,2026-02-09
2015,LT,HOUSEHOLD_OOP,ADMINISTRATION,GOVERNANCE,74905229414.99,9.53,65.01,33.13,4879.96,6.26,14.11,8.31,5.73,6.66,6.08,1.6895,hlth_sha11_exp,SHA2011_V3,2025-06-25
2016,SK,GOV_SCHEME,PREVENTIVE,LONG_TERM_CARE,141347721790.37,7.8,71.47,33.75,3667.69,2.44,23.77,17.58,5.69,7.3,4.91,1.2336,hlth_sha11_hc,SHA2011_V2,2025-04-30
2017,HR,COMPULSORY_HEALTH_INSURANCE,LONG_TERM_CARE,PREVENTION,134105796486.35,6.35,86.65,17.51,1042.88,4.48,21.17,17.27,5.45,6.82,3.7,1.3934,hlth_sha11_hp,SHA2011_V1,2024-01-09
2018,DE,VOLUNTARY_HEALTH_INSURANCE,RETAIL_MEDICAL_GOODS,REHABILITATION,95644178590.45,11.04,73.89,23.4,8802.09,7.72,16.94,13.95,4.44,3.85,2.41,0.5446,hlth_sha11_hf,SHA2011_V3,2024-04-15
2019,LU,NPISH_SCHEME,AMBULATORY,MEDICAL_GOODS,52209846612.9,13.64,85.77,15.08,4484.79,5.6,26.53,19.54,3.63,1.54,6.18,0.6321,hlth_sha11_exp,SHA2011_V2,2024-07-21
2020,SI,HOUSEHOLD_OOP,HOSPITALS,CURATIVE_CARE,298449539697.36,8.37,55.37,45.0,2442.3,7.31,9.05,24.66,3.95,7.56,8.19,1.1294,hlth_sha11_hc,SHA2011_V1,2024-05-27
2021,CY,GOV_SCHEME,OTHER,ANCILLARY_SERVICES,55697935967.36,8.23,67.26,38.48,3640.46,6.2,26.5,18.11,5.13,5.91,6.88,1.0466,hlth_sha11_hp,SHA2011_V3,2025-09-28
2022,GR,COMPULSORY_HEALTH_INSURANCE,ADMINISTRATION,GOVERNANCE,167321668778.67,9.28,82.53,19.57,5857.68,4.02,17.31,24.73,6.21,2.82,1.89,1.2942,hlth_sha11_hf,SHA2011_V2,2025-02-22
2023,MT,VOLUNTARY_HEALTH_INSURANCE,PREVENTIVE,LONG_TERM_CARE,83459566063.99,10.55,61.94,34.57,7204.51,5.91,17.92,10.6,5.85,1.84,4.45,1.7031,hlth_sha11_exp,SHA2011_V1,2025-05-03
2024,ES,NPISH_SCHEME,LONG_TERM_CARE,PREVENTION,108295686149.96,13.28,80.52,15.8,5114.43,7.53,21.19,16.28,5.7,4.97,4.64,0.8885,hlth_sha11_hc,SHA2011_V3,2024-01-19
2025,CZ,HOUSEHOLD_OOP,RETAIL_MEDICAL_GOODS,REHABILITATION,4052619196.15,12.98,67.81,41.54,3694.85,4.76,13.56,13.34,5.85,6.67,0.98,0.5171,hlth_sha11_hp,SHA2011_V2,2024-04-10
2006,HU,GOV_SCHEME,AMBULATORY,MEDICAL_GOODS,135939683514.83,5.69,56.79,45.0,5784.76,1.51,12.02,4.9,4.64,0.96,2.11,1.2324,hlth_sha11_hf,SHA2011_V1,2025-01-29
2007,NL,COMPULSORY_HEALTH_INSURANCE,HOSPITALS,CURATIVE_CARE,125047996786.41,6.28,63.98,45.0,7679.11,2.93,10.3,25.65,1.2,4.52,5.16,0.6056,hlth_sha11_exp,SHA2011_V3,2024-02-10
2008,SE,VOLUNTARY_HEALTH_INSURANCE,OTHER,ANCILLARY_SERVICES,142246501540.24,7.2,61.54,43.03,3570.91,3.45,18.44,24.65,5.47,4.83,8.08,1.6389,hlth_sha11_hc,SHA2011_V2,2024-03-29
2009,DK,NPISH_SCHEME,ADMINISTRATION,GOVERNANCE,59587557693.04,8.8,65.69,41.1,7457.96,3.61,11.39,22.84,4.77,2.47,1.45,1.7268,hlth_sha11_hp,SHA2011_V1,2025-05-08
2010,IE,HOUSEHOLD_OOP,PREVENTIVE,LONG_TERM_CARE,24397857964.92,10.38,68.97,41.03,5359.74,7.23,8.12,26.71,2.79,6.41,5.29,1.7261,hlth_sha11_hf,SHA2011_V3,2025-03-24
2011,PL,GOV_SCHEME,LONG_TERM_CARE,PREVENTION,223757351735.26,5.53,56.34,45.0,5915.2,3.19,22.03,6.52,1.96,4.51,0.91,0.8965,hlth_sha11_exp,SHA2011_V2,2025-01-04
2012,AT,COMPULSORY_HEALTH_INSURANCE,RETAIL_MEDICAL_GOODS,REHABILITATION,32403061368.1,7.47,73.58,32.66,6914.65,5.5,15.15,11.77,4.83,3.84,3.52,1.2423,hlth_sha11_hc,SHA2011_V1,2025-09-10
2013,EE,VOLUNTARY_HEALTH_INSURANCE,AMBULATORY,MEDICAL_GOODS,163189197688.91,13.28,66.67,43.77,5477.95,2.92,21.73,22.06,3.75,2.05,4.0,0.8061,hlth_sha11_hp,SHA2011_V3,2024-03-18
2014,IT,NPISH_SCHEME,HOSPITALS,CURATIVE_CARE,172182564181.06,11.64,59.05,41.87,4395.03,2.56,18.4,20.53,5.87,1.41,5.58,1.7019,hlth_sha11_hf,SHA2011_V2,2025-04-01
2015,PT,HOUSEHOLD_OOP,OTHER,ANCILLARY_SERVICES,95912316123.92,13.66,80.29,25.82,8076.75,5.86,15.25,3.3,5.29,3.68,4.94,0.7705,hlth_sha11_exp,SHA2011_V1,2026-02-02
2016,BE,GOV_SCHEME,ADMINISTRATION,GOVERNANCE,319373470258.68,6.6,81.03,23.77,6594.06,7.49,26.32,9.63,2.98,4.32,3.76,0.7545,hlth_sha11_hc,SHA2011_V3,2025-04-22
2017,FI,COMPULSORY_HEALTH_INSURANCE,PREVENTIVE,LONG_TERM_CARE,3894334964.61,8.37,59.69,45.0,6077.83,3.51,12.11,21.31,3.34,8.4,7.6,1.6901,hlth_sha11_hp,SHA2011_V2,2025-01-29
2018,LV,VOLUNTARY_HEALTH_INSURANCE,LONG_TERM_CARE,PREVENTION,108348578582.59,13.48,81.81,20.1,4828.42,3.11,22.71,25.96,5.75,6.13,2.06,0.7318,hlth_sha11_hf,SHA2011_V1,2024-09-13
2019,RO,NPISH_SCHEME,RETAIL_MEDICAL_GOODS,REHABILITATION,121515023776.62,7.23,79.19,28.37,8801.33,1.59,13.1,4.54,4.62,2.34,3.1,0.5084,hlth_sha11_exp,SHA2011_V3,2026-01-31
2020,BG,HOUSEHOLD_OOP,AMBULATORY,MEDICAL_GOODS,356171172936.51,13.04,82.4,20.59,3491.28,3.36,8.45,3.46,4.3,5.12,3.28,1.8499,hlth_sha11_hc,SHA2011_V2,2026-01-09
2021,FR,GOV_SCHEME,HOSPITALS,CURATIVE_CARE,382801882113.8,7.38,72.91,32.6,4615.5,3.7,24.6,25.44,4.36,3.82,5.84,0.9904,hlth_sha11_hp,SHA2011_V1,2024-11-03
2022,LT,COMPULSORY_HEALTH_INSURANCE,OTHER,ANCILLARY_SERVICES,183581920984.4,7.85,81.09,17.59,2919.2,3.4,21.83,6.45,1.48,2.82,6.17,0.8533,hlth_sha11_hf,SHA2011_V3,2024-12-09
2023,SK,VOLUNTARY_HEALTH_INSURANCE,ADMINISTRATION,GOVERNANCE,10575927854.06,12.61,61.07,45.0,5317.72,3.51,14.28,3.58,3.94,6.82,4.43,1.7383,hlth_sha11_exp,SHA2011_V2,2025-01-31
2024,HR,NPISH_SCHEME,PREVENTIVE,LONG_TERM_CARE,220254607002.65,12.41,75.2,33.28,3119.8,1.7,16.75,17.89,1.32,1.99,3.04,1.3583,hlth_sha11_hc,SHA2011_V1,2025-11-11
2025,DE,HOUSEHOLD_OOP,LONG_TERM_CARE,PREVENTION,232872341341.67,9.37,65.39,39.71,9300.6,2.69,9.84,5.55,4.39,4.66,6.32,1.5908,hlth_sha11_hp,SHA2011_V3,2024-09-02
2006,LU,GOV_SCHEME,RETAIL_MEDICAL_GOODS,REHABILITATION,219286295659.45,7.33,70.71,35.39,5081.65,4.64,11.76,16.63,4.97,8.12,5.14,0.9881,hlth_sha11_hf,SHA2011_V2,2025-12-04
2007,SI,COMPULSORY_HEALTH_INSURANCE,AMBULATORY,MEDICAL_GOODS,294820578157.19,6.69,85.66,25.02,1969.3,6.06,24.77,21.31,6.29,6.46,4.36,1.144,hlth_sha11_exp,SHA2011_V1,2026-01-08
2008,CY,VOLUNTARY_HEALTH_INSURANCE,HOSPITALS,CURATIVE_CARE,123983278752.89,10.03,71.93,23.56,3337.47,7.56,9.45,7.69,5.38,0.89,1.99,1.0606,hlth_sha11_hc,SHA2011_V3,2025-05-21
2009,GR,NPISH_SCHEME,OTHER,ANCILLARY_SERVICES,27222510529.25,8.64,72.72,35.7,6461.99,5.16,10.91,25.26,1.0,1.39,6.28,1.4792,hlth_sha11_hp,SHA2011_V2,2024-09-22
2010,MT,HOUSEHOLD_OOP,ADMINISTRATION,GOVERNANCE,201906128433.26,12.58,79.82,23.83,1963.55,7.66,21.76,16.65,2.04,4.56,2.07,0.6628,hlth_sha11_hf,SHA2011_V1,2025-07-29
2011,ES,GOV_SCHEME,PREVENTIVE,LONG_TERM_CARE,227889653009.66,11.43,68.27,38.68,3456.16,6.0,20.31,7.46,4.28,8.06,4.13,0.5041,hlth_sha11_exp,SHA2011_V3,2024-10-25
2012,CZ,COMPULSORY_HEALTH_INSURANCE,LONG_TERM_CARE,PREVENTION,153620690018.72,7.48,70.95,38.93,8769.64,6.05,22.82,10.14,1.39,6.41,1.2,1.5251,hlth_sha11_hc,SHA2011_V2,2024-04-29
2013,HU,VOLUNTARY_HEALTH_INSURANCE,RETAIL_MEDICAL_GOODS,REHABILITATION,58916895951.69,11.36,56.7,45.0,3009.2,2.08,19.37,6.08,3.9,7.84,4.39,1.7295,hlth_sha11_hp,SHA2011_V1,2025-12-23
2014,NL,NPISH_SCHEME,AMBULATORY,MEDICAL_GOODS,7400044741.33,6.6,69.83,34.3,1116.63,5.1,13.3,21.74,1.13,0.88,4.03,1.3304,hlth_sha11_hf,SHA2011_V3,2024-12-03
2015,SE,HOUSEHOLD_OOP,HOSPITALS,CURATIVE_CARE,69567036636.66,10.34,68.41,29.03,10490.31,1.58,18.35,8.49,5.78,8.15,7.03,1.5589,hlth_sha11_exp,SHA2011_V2,2025-03-08
2016,DK,GOV_SCHEME,OTHER,ANCILLARY_SERVICES,256760286069.13,11.75,63.26,45.0,1006.49,4.34,10.23,12.51,2.35,5.28,6.43,0.9146,hlth_sha11_hc,SHA2011_V1,2024-05-19
2017,IE,COMPULSORY_HEALTH_INSURANCE,ADMINISTRATION,GOVERNANCE,40012572380.33,11.23,56.21,45.0,2428.27,4.83,17.48,23.25,4.37,6.63,3.22,1.1037,hlth_sha11_hp,SHA2011_V3,2025-01-28
2018,PL,VOLUNTARY_HEALTH_INSURANCE,PREVENTIVE,LONG_TERM_CARE,31643292623.85,11.46,71.16,36.04,8433.1,5.0,13.77,27.16,2.16,1.1,3.05,0.4811,hlth_sha11_hf,SHA2011_V2,2025-05-15
2019,AT,NPISH_SCHEME,LONG_TERM_CARE,PREVENTION,15605897854.29,13.6,62.37,34.91,8020.06,3.1,8.99,26.56,2.08,1.67,1.93,1.5328,hlth_sha11_exp,SHA2011_V1,2025-01-10
2020,EE,HOUSEHOLD_OOP,RETAIL_MEDICAL_GOODS,REHABILITATION,129525322043.31,8.71,57.99,41.14,7846.78,1.77,17.57,20.09,1.16,1.79,3.03,1.0802,hlth_sha11_hc,SHA2011_V3,2025-03-02
2021,IT,GOV_SCHEME,AMBULATORY,MEDICAL_GOODS,243054158468.49,13.42,62.32,39.12,9140.46,2.68,8.95,14.86,5.56,3.49,1.85,1.8037,hlth_sha11_hp,SHA2011_V2,2025-09-22
2022,PT,COMPULSORY_HEALTH_INSURANCE,HOSPITALS,CURATIVE_CARE,184738416643.46,13.03,71.08,38.08,9936.9,7.86,13.7,22.32,2.5,6.04,6.33,0.9432,hlth_sha11_hf,SHA2011_V1,2025-10-18
2023,BE,VOLUNTARY_HEALTH_INSURANCE,OTHER,ANCILLARY_SERVICES,193982403118.89,11.32,61.67,33.72,7942.04,7.97,15.74,24.63,6.35,4.29,4.02,0.93,hlth_sha11_exp,SHA2011_V3,2025-02-10
2024,FI,NPISH_SCHEME,ADMINISTRATION,GOVERNANCE,97866814907.45,11.38,75.72,34.65,7733.46,7.18,24.24,10.74,2.32,4.89,2.21,0.9772,hlth_sha11_hc,SHA2011_V2,2024-09-17
2025,LV,HOUSEHOLD_OOP,PREVENTIVE,LONG_TERM_CARE,63218093070.46,12.89,80.04,31.18,4015.5,6.66,24.03,23.38,1.82,6.61,1.28,0.9878,hlth_sha11_hp,SHA2011_V1,2025-03-22
2006,RO,GOV_SCHEME,LONG_TERM_CARE,PREVENTION,258096394365.99,11.46,75.55,18.66,1685.38,1.81,17.07,18.21,3.82,7.13,1.12,0.7049,hlth_sha11_hf,SHA2011_V3,2024-01-06
2007,BG,COMPULSORY_HEALTH_INSURANCE,RETAIL_MEDICAL_GOODS,REHABILITATION,132126799366.31,13.08,62.64,42.43,5746.95,7.94,18.38,3.56,3.37,1.92,6.83,0.4936,hlth_sha11_exp,SHA2011_V2,2025-04-24
2008,FR,VOLUNTARY_HEALTH_INSURANCE,AMBULATORY,MEDICAL_GOODS,161198664883.08,8.02,69.4,37.76,1575.72,6.79,8.18,8.42,3.18,3.71,7.1,0.5399,hlth_sha11_hc,SHA2011_V1,2024-09-16
2009,LT,NPISH_SCHEME,HOSPITALS,CURATIVE_CARE,34349650762.32,12.79,65.94,40.0,2464.49,6.52,9.81,23.48,6.12,1.74,1.63,1.3383,hlth_sha11_hp,SHA2011_V3,2024-08-30
2010,SK,HOUSEHOLD_OOP,OTHER,ANCILLARY_SERVICES,118728340740.3,12.51,69.37,28.0,5148.15,2.19,9.46,7.4,1.04,7.34,1.16,1.4365,hlth_sha11_hf,SHA2011_V2,2026-02-12
2011,HR,GOV_SCHEME,ADMINISTRATION,GOVERNANCE,196964622411.16,12.67,70.16,25.29,4494.59,3.66,22.02,14.01,3.2,3.72,5.56,1.1205,hlth_sha11_exp,SHA2011_V1,2025-06-07
2012,DE,COMPULSORY_HEALTH_INSURANCE,PREVENTIVE,LONG_TERM_CARE,102366536819.56,9.82,80.26,29.58,5819.64,7.19,20.29,10.09,6.04,3.48,2.08,0.8512,hlth_sha11_hc,SHA2011_V3,2024-10-22
2013,LU,VOLUNTARY_HEALTH_INSURANCE,LONG_TERM_CARE,PREVENTION,323389830326.56,13.01,70.72,38.73,7980.18,3.04,21.83,15.36,3.91,5.85,2.02,0.7739,hlth_sha11_hp,SHA2011_V2,2024-02-07
2014,SI,NPISH_SCHEME,RETAIL_MEDICAL_GOODS,REHABILITATION,4002053259.37,9.18,71.65,22.58,4168.58,5.27,21.23,16.48,5.75,6.61,4.1,1.1743,hlth_sha11_hf,SHA2011_V1,2025-05-31
2015,CY,HOUSEHOLD_OOP,AMBULATORY,MEDICAL_GOODS,178607409261.15,9.68,65.45,44.41,5939.48,4.41,25.17,13.16,5.86,5.73,1.35,1.4764,hlth_sha11_exp,SHA2011_V3,2024-06-10
2016,GR,GOV_SCHEME,HOSPITALS,CURATIVE_CARE,254728069803.94,11.74,69.52,34.09,4873.78,1.98,12.92,15.44,5.11,6.88,6.87,1.2596,hlth_sha11_hc,SHA2011_V2,2025-05-16
2017,MT,COMPULSORY_HEALTH_INSURANCE,OTHER,ANCILLARY_SERVICES,93035522107.06,8.35,79.3,17.39,6378.54,3.25,16.04,10.15,4.93,6.38,3.77,1.1286,hlth_sha11_hp,SHA2011_V1,2025-12-09
2018,ES,VOLUNTARY_HEALTH_INSURANCE,ADMINISTRATION,GOVERNANCE,272509315078.86,11.31,86.7,25.0,6354.98,6.88,8.84,16.22,4.76,0.71,4.91,0.4279,hlth_sha11_hf,SHA2011_V3,2025-04-18
2019,CZ,NPISH_SCHEME,PREVENTIVE,LONG_TERM_CARE,117162125441.55,11.96,64.01,30.02,8998.45,3.88,15.8,27.11,6.16,6.1,2.69,1.6011,hlth_sha11_exp,SHA2011_V2,2025-04-07
2020,HU,HOUSEHOLD_OOP,LONG_TERM_CARE,PREVENTION,195705059574.04,11.12,76.41,18.4,5640.9,2.12,12.14,7.51,1.4,7.62,4.17,0.903,hlth_sha11_hc,SHA2011_V1,2024-11-23
2021,NL,GOV_SCHEME,RETAIL_MEDICAL_GOODS,REHABILITATION,266932580034.89,8.65,82.08,23.66,2635.06,3.3,17.9,16.63,6.24,4.21,1.14,0.7163,hlth_sha11_hp,SHA2011_V3,2024-12-25
2022,SE,COMPULSORY_HEALTH_INSURANCE,AMBULATORY,MEDICAL_GOODS,172796289881.95,7.28,77.05,31.99,2881.61,7.48,13.19,14.15,5.03,7.46,1.27,1.537,hlth_sha11_hf,SHA2011_V2,2025-06-19
2023,DK,VOLUNTARY_HEALTH_INSURANCE,HOSPITALS,CURATIVE_CARE,109911008361.34,6.28,70.69,35.19,3121.68,3.16,22.73,20.7,3.72,6.29,5.82,1.4986,hlth_sha11_exp,SHA2011_V1,2024-08-04
2024,IE,NPISH_SCHEME,OTHER,ANCILLARY_SERVICES,128689487738.85,7.63,63.76,43.42,1353.11,4.96,10.04,20.4,2.12,7.35,2.77,1.3413,hlth_sha11_hc,SHA2011_V3,2025-09-23
2025,PL,HOUSEHOLD_OOP,ADMINISTRATION,GOVERNANCE,99306590773.58,6.64,82.76,13.53,9360.17,1.69,25.4,20.79,3.17,4.44,5.64,1.289,hlth_sha11_hp,SHA2011_V2,2024-09-28
2006,AT,GOV_SCHEME,PREVENTIVE,LONG_TERM_CARE,161159606461.55,11.04,55.8,41.22,5374.11,3.89,15.37,25.84,4.88,5.94,5.45,1.7531,hlth_sha11_hf,SHA2011_V1,2026-01-03
2007,EE,COMPULSORY_HEALTH_INSURANCE,LONG_TERM_CARE,PREVENTION,161439090161.4,13.1,61.32,39.21,1997.41,3.95,20.78,27.06,4.51,4.9,5.07,1.1175,hlth_sha11_exp,SHA2011_V3,2024-03-04
2008,IT,VOLUNTARY_HEALTH_INSURANCE,RETAIL_MEDICAL_GOODS,REHABILITATION,218101054259.5,10.96,74.47,32.42,2321.67,6.95,15.42,27.68,3.07,4.25,6.29,0.9212,hlth_sha11_hc,SHA2011_V2,2025-09-21
2009,PT,NPISH_SCHEME,AMBULATORY,MEDICAL_GOODS,134580840728.08,6.12,71.25,34.39,4335.4,7.74,22.64,11.9,4.29,1.22,3.89,0.9876,hlth_sha11_hp,SHA2011_V1,2024-09-28
2010,BE,HOUSEHOLD_OOP,HOSPITALS,CURATIVE_CARE,23161437150.47,6.58,84.03,20.62,1337.83,1.55,16.14,23.05,1.88,3.45,2.81,0.587,hlth_sha11_hf,SHA2011_V3,2024-12-06
2011,FI,GOV_SCHEME,OTHER,ANCILLARY_SERVICES,79740517853.22,12.69,59.0,41.46,7766.65,5.35,21.53,6.27,2.79,4.27,3.58,1.4852,hlth_sha11_exp,SHA2011_V2,2024-06-14
2012,LV,COMPULSORY_HEALTH_INSURANCE,ADMINISTRATION,GOVERNANCE,100031788201.68,9.1,67.14,31.17,8013.56,6.39,26.28,19.06,1.5,2.5,1.76,1.4022,hlth_sha11_hc,SHA2011_V1,2025-04-22
2013,RO,VOLUNTARY_HEALTH_INSURANCE,PREVENTIVE,LONG_TERM_CARE,29447263359.56,9.58,68.13,39.81,2804.56,3.99,10.31,25.51,2.47,5.15,2.67,1.4687,hlth_sha11_hp,SHA2011_V3,2024-03-02
2014,BG,NPISH_SCHEME,LONG_TERM_CARE,PREVENTION,151486533084.88,11.6,63.66,43.0,2788.21,2.79,17.23,11.37,5.2,3.54,2.99,1.3062,hlth_sha11_hf,SHA2011_V2,2024-08-27
2015,FR,HOUSEHOLD_OOP,RETAIL_MEDICAL_GOODS,REHABILITATION,209606381291.4,10.62,57.72,45.0,3790.6,2.27,25.88,21.39,3.59,4.29,3.0,1.0979,hlth_sha11_exp,SHA2011_V1,2025-08-15
2016,LT,GOV_SCHEME,AMBULATORY,MEDICAL_GOODS,227222330984.3,7.89,87.16,8.67,9087.58,2.69,14.18,16.71,3.34,2.87,6.08,1.6942,hlth_sha11_hc,SHA2011_V3,2025-09-10
2017,SK,COMPULSORY_HEALTH_INSURANCE,HOSPITALS,CURATIVE_CARE,117525294277.53,11.97,55.94,45.0,10492.67,3.76,23.89,26.23,2.07,1.1,3.44,0.6807,hlth_sha11_hp,SHA2011_V2,2024-10-06
2018,HR,VOLUNTARY_HEALTH_INSURANCE,OTHER,ANCILLARY_SERVICES,197521601535.14,13.18,82.1,25.93,8918.98,4.06,24.61,13.97,4.11,7.41,7.1,1.647,hlth_sha11_hf,SHA2011_V1,2025-06-08
2019,DE,NPISH_SCHEME,ADMINISTRATION,GOVERNANCE,294467908591.09,9.2,66.51,28.07,4524.69,4.67,24.2,5.23,1.71,1.9,4.37,0.5209,hlth_sha11_exp,SHA2011_V3,2025-05-22
2020,LU,HOUSEHOLD_OOP,PREVENTIVE,LONG_TERM_CARE,102377418014.05,5.86,79.15,24.65,3190.59,2.77,8.66,13.93,3.81,3.12,3.85,1.576,hlth_sha11_hc,SHA2011_V2,2025-04-20
2021,SI,GOV_SCHEME,LONG_TERM_CARE,PREVENTION,132910476037.68,6.54,57.91,44.84,2254.65,7.01,19.26,10.6,4.58,8.65,4.8,0.6638,hlth_sha11_hp,SHA2011_V1,2025-08-03
2022,CY,COMPULSORY_HEALTH_INSURANCE,RETAIL_MEDICAL_GOODS,REHABILITATION,43044468336.19,6.14,58.77,40.79,5803.41,3.12,12.23,5.46,2.87,3.93,6.57,1.3168,hlth_sha11_hf,SHA2011_V3,2024-10-26
2023,GR,VOLUNTARY_HEALTH_INSURANCE,AMBULATORY,MEDICAL_GOODS,30956748773.47,10.18,70.97,29.98,3718.45,4.98,21.18,26.74,5.47,2.01,2.57,1.3578,hlth_sha11_exp,SHA2011_V2,2025-02-16
2024,MT,NPISH_SCHEME,HOSPITALS,CURATIVE_CARE,234245115072.33,11.22,70.54,27.69,11980.9,4.19,10.42,26.71,5.22,4.69,1.48,1.4506,hlth_sha11_hc,SHA2011_V1,2024-03-19
2025,ES,HOUSEHOLD_OOP,OTHER,ANCILLARY_SERVICES,62870964857.49,7.71,70.04,34.0,6578.94,7.22,22.88,14.41,1.95,7.62,8.0,0.8738,hlth_sha11_hp,SHA2011_V3,2025-07-01
2006,CZ,GOV_SCHEME,ADMINISTRATION,GOVERNANCE,28552924459.48,5.8,83.96,15.21,3706.02,1.6,10.22,6.06,4.3,3.42,5.24,0.7487,hlth_sha11_hf,SHA2011_V2,2026-01-20
2007,HU,COMPULSORY_HEALTH_INSURANCE,PREVENTIVE,LONG_TERM_CARE,105922761230.14,11.43,68.94,38.05,4559.38,6.35,11.76,25.81,6.2,2.1,7.36,0.856,hlth_sha11_exp,SHA2011_V1,2025-09-10
2008,NL,VOLUNTARY_HEALTH_INSURANCE,LONG_TERM_CARE,PREVENTION,84554121396.94,6.23,71.96,39.68,1427.55,5.68,16.28,14.56,3.59,3.44,1.05,1.4668,hlth_sha11_hc,SHA2011_V3,2026-01-06
2009,SE,NPISH_SCHEME,RETAIL_MEDICAL_GOODS,REHABILITATION,127996390978.48,7.12,55.56,45.0,3097.83,3.51,8.73,10.43,1.75,5.37,3.52,1.4754,hlth_sha11_hp,SHA2011_V2,2025-10-19
2010,DK,HOUSEHOLD_OOP,AMBULATORY,MEDICAL_GOODS,175169386513.39,9.38,57.35,42.71,3973.2,4.82,15.52,23.3,2.54,4.73,8.09,0.5017,hlth_sha11_hf,SHA2011_V1,2025-12-20
2011,IE,GOV_SCHEME,HOSPITALS,CURATIVE_CARE,19121249369.27,13.23,70.93,23.65,1670.78,2.91,9.41,16.01,3.64,1.52,6.22,1.2726,hlth_sha11_exp,SHA2011_V3,2024-07-30
2012,PL,COMPULSORY_HEALTH_INSURANCE,OTHER,ANCILLARY_SERVICES,237776754856.03,13.13,68.22,30.01,3283.61,3.45,22.71,16.45,6.11,6.69,6.19,0.9832,hlth_sha11_hc,SHA2011_V2,2024-03-13
2013,AT,VOLUNTARY_HEALTH_INSURANCE,ADMINISTRATION,GOVERNANCE,50266306122.25,10.61,67.04,27.19,8542.98,6.4,8.5,18.73,2.25,1.9,2.39,1.7461,hlth_sha11_hp,SHA2011_V1,2024-06-17
2014,EE,NPISH_SCHEME,PREVENTIVE,LONG_TERM_CARE,67091745112.17,12.53,77.83,31.9,1757.45,2.79,12.18,25.92,3.68,3.64,2.1,1.5544,hlth_sha11_hf,SHA2011_V3,2025-10-12
2015,IT,HOUSEHOLD_OOP,LONG_TERM_CARE,PREVENTION,277769242087.78,7.74,66.07,38.68,1719.93,7.21,15.41,15.75,4.68,5.19,3.58,1.0037,hlth_sha11_exp,SHA2011_V2,2026-01-06
2016,PT,GOV_SCHEME,RETAIL_MEDICAL_GOODS,REHABILITATION,4348286910.65,6.82,66.33,40.0,2800.21,3.53,10.6,27.81,4.75,6.66,3.55,1.0438,hlth_sha11_hc,SHA2011_V1,2025-01-23
2017,BE,COMPULSORY_HEALTH_INSURANCE,AMBULATORY,MEDICAL_GOODS,304784194779.8,12.53,82.88,23.21,5321.5,7.68,8.57,22.67,4.63,5.49,1.14,1.6185,hlth_sha11_hp,SHA2011_V3,2024-04-28
2018,FI,VOLUNTARY_HEALTH_INSURANCE,HOSPITALS,CURATIVE_CARE,140136416316.55,11.8,64.77,45.0,2800.79,5.69,18.31,23.09,1.93,5.17,2.91,1.2147,hlth_sha11_hf,SHA2011_V2,2024-01-09
2019,LV,NPISH_SCHEME,OTHER,ANCILLARY_SERVICES,80188913831.38,12.37,55.76,44.98,2392.04,6.19,24.69,17.41,1.17,7.22,2.42,1.3076,hlth_sha11_exp,SHA2011_V1,2025-11-18
2020,RO,HOUSEHOLD_OOP,ADMINISTRATION,GOVERNANCE,275144023172.88,10.81,56.44,39.23,2098.64,3.0,26.61,4.78,1.28,3.88,5.38,2.1825,hlth_sha11_hc,SHA2011_V3,2024-06-07
2021,BG,GOV_SCHEME,PREVENTIVE,LONG_TERM_CARE,129608216907.64,9.27,58.28,45.0,3892.41,7.58,9.52,3.78,3.25,7.96,2.08,2.0686,hlth_sha11_hp,SHA2011_V2,2024-07-25
2022,FR,COMPULSORY_HEALTH_INSURANCE,LONG_TERM_CARE,PREVENTION,13223235332.4,11.7,80.81,20.29,1120.31,7.25,21.34,22.78,6.28,3.21,2.82,1.2096,hlth_sha11_hf,SHA2011_V1,2025-05-28
2023,LT,VOLUNTARY_HEALTH_INSURANCE,RETAIL_MEDICAL_GOODS,REHABILITATION,94808045973.08,12.02,84.17,18.2,5157.37,5.69,18.73,24.47,2.37,8.06,4.81,0.4475,hlth_sha11_exp,SHA2011_V3,2025-03-08
2024,SK,NPISH_SCHEME,AMBULATORY,MEDICAL_GOODS,5415634203.62,12.16,77.04,23.97,1907.67,2.16,24.69,24.69,3.66,6.0,4.07,1.257,hlth_sha11_hc,SHA2011_V2,2025-03-03
2025,HR,HOUSEHOLD_OOP,HOSPITALS,CURATIVE_CARE,214608962136.88,9.03,67.69,42.44,7402.69,2.38,11.25,13.3,4.53,4.73,2.25,0.9202,hlth_sha11_hp,SHA2011_V1,2025-08-15
2006,DE,GOV_SCHEME,OTHER,ANCILLARY_SERVICES,110047272431.77,13.57,55.43,45.0,5041.05,6.62,20.98,20.9,4.49,5.8,3.78,1.4142,hlth_sha11_hf,SHA2011_V3,2024-02-22
2007,LU,COMPULSORY_HEALTH_INSURANCE,ADMINISTRATION,GOVERNANCE,75446676761.31,12.27,68.18,43.51,5637.91,1.81,24.02,26.37,3.7,5.54,1.74,0.7731,hlth_sha11_exp,SHA2011_V2,2024-01-29
2008,SI,VOLUNTARY_HEALTH_INSURANCE,PREVENTIVE,LONG_TERM_CARE,169371142481.74,12.98,81.23,12.88,1630.52,3.78,13.47,6.87,4.45,8.53,1.86,1.3879,hlth_sha11_hc,SHA2011_V1,2024-06-14
2009,CY,NPISH_SCHEME,LONG_TERM_CARE,PREVENTION,319069180834.06,5.7,74.6,28.79,3608.38,5.29,21.59,21.31,5.69,6.09,2.57,0.5075,hlth_sha11_hp,SHA2011_V3,2025-08-21
2010,GR,HOUSEHOLD_OOP,RETAIL_MEDICAL_GOODS,REHABILITATION,129808346492.47,5.87,83.59,15.87,1824.15,1.6,23.76,21.62,2.07,6.62,5.61,0.5892,hlth_sha11_hf,SHA2011_V2,2024-11-14
2011,MT,GOV_SCHEME,AMBULATORY,MEDICAL_GOODS,177599712325.75,8.72,64.28,37.41,4766.37,3.93,24.07,8.82,4.12,7.82,2.67,1.7541,hlth_sha11_exp,SHA2011_V1,2025-02-02
2012,ES,COMPULSORY_HEALTH_INSURANCE,HOSPITALS,CURATIVE_CARE,268336344481.84,7.1,77.11,29.99,2187.29,7.89,23.69,22.09,4.76,1.75,2.0,1.4226,hlth_sha11_hc,SHA2011_V3,2024-12-06
2013,CZ,VOLUNTARY_HEALTH_INSURANCE,OTHER,ANCILLARY_SERVICES,119561718045.36,9.58,55.63,40.34,7172.14,1.78,8.91,27.67,1.25,2.31,2.31,0.767,hlth_sha11_hp,SHA2011_V2,2025-10-29
2014,HU,NPISH_SCHEME,ADMINISTRATION,GOVERNANCE,192293702475.46,10.56,78.22,18.6,4920.31,6.76,19.89,4.63,3.18,3.89,0.8,1.3269,hlth_sha11_hf,SHA2011_V1,2024-06-28
2015,NL,HOUSEHOLD_OOP,PREVENTIVE,LONG_TERM_CARE,215825768679.97,5.9,86.78,21.58,8832.93,6.8,24.91,9.68,5.07,5.93,4.94,0.4409,hlth_sha11_exp,SHA2011_V3,2024-12-17
2016,SE,GOV_SCHEME,LONG_TERM_CARE,PREVENTION,1789407051.56,6.54,58.73,45.0,1521.04,3.32,10.1,25.98,5.38,8.17,1.84,1.6556,hlth_sha11_hc,SHA2011_V2,2025-09-02
2017,DK,COMPULSORY_HEALTH_INSURANCE,RETAIL_MEDICAL_GOODS,REHABILITATION,13625524957.28,9.96,73.8,23.52,7743.52,4.17,19.92,19.35,5.93,1.04,1.73,1.1826,hlth_sha11_hp,SHA2011_V1,2025-09-05
2018,IE,VOLUNTARY_HEALTH_INSURANCE,AMBULATORY,MEDICAL_GOODS,266742364726.16,9.49,77.17,23.64,2669.53,3.31,15.76,22.24,3.42,5.56,0.8,0.9038,hlth_sha11_hf,SHA2011_V3,2024-02-10
2019,PL,NPISH_SCHEME,HOSPITALS,CURATIVE_CARE,14363941278.98,8.85,62.08,42.96,1648.57,3.52,12.93,7.54,2.82,7.16,4.86,0.8082,hlth_sha11_exp,SHA2011_V2,2025-04-30
2020,AT,HOUSEHOLD_OOP,OTHER,ANCILLARY_SERVICES,57644769852.98,11.56,60.86,45.0,6065.63,5.68,14.75,20.06,4.75,4.51,6.12,1.4683,hlth_sha11_hc,SHA2011_V1,2024-02-18
2021,EE,GOV_SCHEME,ADMINISTRATION,GOVERNANCE,81309920348.48,13.49,81.27,14.6,3513.41,3.06,21.94,6.74,3.9,9.67,6.07,1.1171,hlth_sha11_hp,SHA2011_V3,2024-07-21
2022,IT,COMPULSORY_HEALTH_INSURANCE,PREVENTIVE,LONG_TERM_CARE,204755222942.13,8.88,59.67,45.0,2652.96,3.3,14.34,9.33,1.1,0.72,3.78,0.6238,hlth_sha11_hf,SHA2011_V2,2025-10-08
2023,PT,VOLUNTARY_HEALTH_INSURANCE,LONG_TERM_CARE,PREVENTION,312876760557.23,12.45,77.22,22.09,7953.1,5.45,16.69,16.31,5.37,5.25,6.45,1.6554,hlth_sha11_exp,SHA2011_V1,2024-11-05
2024,BE,NPISH_SCHEME,RETAIL_MEDICAL_GOODS,REHABILITATION,172256668055.15,5.8,84.5,10.12,7451.84,6.31,19.86,5.25,5.51,2.07,2.41,1.6242,hlth_sha11_hc,SHA2011_V3,2025-02-19
2025,FI,HOUSEHOLD_OOP,AMBULATORY,MEDICAL_GOODS,198135701801.47,13.59,83.52,11.61,3627.31,4.87,13.71,18.41,6.25,4.69,4.45,1.5637,hlth_sha11_hp,SHA2011_V2,2024-04-09
2006,LV,GOV_SCHEME,HOSPITALS,CURATIVE_CARE,101128585969.98,9.88,78.63,16.93,2128.28,7.83,9.04,20.85,3.86,3.0,2.78,0.9822,hlth_sha11_hf,SHA2011_V1,2024-01-04
2007,RO,COMPULSORY_HEALTH_INSURANCE,OTHER,ANCILLARY_SERVICES,162868960503.22,5.93,65.89,44.76,4083.54,4.51,20.55,10.75,4.49,1.77,7.47,1.0621,hlth_sha11_exp,SHA2011_V3,2025-06-14
2008,BG,VOLUNTARY_HEALTH_INSURANCE,ADMINISTRATION,GOVERNANCE,215047701950.18,8.33,62.39,44.31,6692.39,2.46,25.84,16.6,2.03,3.69,6.38,0.7458,hlth_sha11_hc,SHA2011_V2,2025-05-11
2009,FR,NPISH_SCHEME,PREVENTIVE,LONG_TERM_CARE,56311003599.01,9.1,69.44,40.65,4739.16,7.04,22.19,12.78,6.36,7.36,4.0,1.4173,hlth_sha11_hp,SHA2011_V1,2026-01-05
2010,LT,HOUSEHOLD_OOP,LONG_TERM_CARE,PREVENTION,207829311556.24,10.89,70.16,28.82,3173.61,7.99,14.35,3.49,2.19,6.28,1.03,1.1069,hlth_sha11_hf,SHA2011_V3,2026-01-26
2011,SK,GOV_SCHEME,RETAIL_MEDICAL_GOODS,REHABILITATION,285326574384.64,7.87,63.76,37.57,889.11,3.71,24.78,18.23,1.92,7.45,5.29,1.6748,hlth_sha11_exp,SHA2011_V2,2024-01-19
2012,HR,COMPULSORY_HEALTH_INSURANCE,AMBULATORY,MEDICAL_GOODS,115576996033.18,5.88,85.2,15.66,2696.22,6.6,11.66,15.77,3.38,1.93,5.48,0.7335,hlth_sha11_hc,SHA2011_V1,2026-02-01
2013,DE,VOLUNTARY_HEALTH_INSURANCE,HOSPITALS,CURATIVE_CARE,217027491556.78,12.13,85.71,14.33,3144.04,7.04,26.15,14.46,3.62,6.88,2.72,1.4294,hlth_sha11_hp,SHA2011_V3,2025-09-23
2014,LU,NPISH_SCHEME,OTHER,ANCILLARY_SERVICES,5332284531.06,12.76,57.28,45.0,1222.67,5.52,9.86,18.81,2.82,4.76,4.73,1.3534,hlth_sha11_hf,SHA2011_V2,2025-04-13
2015,SI,HOUSEHOLD_OOP,ADMINISTRATION,GOVERNANCE,273657382673.65,8.77,73.06,21.68,3244.63,1.59,19.82,6.58,5.93,5.83,6.59,1.0764,hlth_sha11_exp,SHA2011_V1,2025-12-13
2016,CY,GOV_SCHEME,PREVENTIVE,LONG_TERM_CARE,139535417105.63,9.74,69.96,38.77,1436.7,2.36,9.39,18.76,4.17,5.64,1.57,0.4657,hlth_sha11_hc,SHA2011_V3,2024-04-02
2017,GR,COMPULSORY_HEALTH_INSURANCE,LONG_TERM_CARE,PREVENTION,184014144368.21,11.92,73.37,32.42,2890.19,2.01,22.12,5.31,6.33,2.03,4.44,1.0179,hlth_sha11_hp,SHA2011_V2,2025-05-24
2018,MT,VOLUNTARY_HEALTH_INSURANCE,RETAIL_MEDICAL_GOODS,REHABILITATION,132040094615.88,8.02,68.74,27.58,4271.51,5.36,17.75,14.03,4.36,4.58,1.11,0.6331,hlth_sha11_hf,SHA2011_V1,2024-10-08
2019,ES,NPISH_SCHEME,AMBULATORY,MEDICAL_GOODS,223765433513.98,9.59,83.35,28.36,3555.83,1.53,20.67,26.18,1.61,2.22,3.33,1.7067,hlth_sha11_exp,SHA2011_V3,2025-06-02
2020,CZ,HOUSEHOLD_OOP,HOSPITALS,CURATIVE_CARE,45865847479.28,7.04,82.53,13.39,5999.55,1.76,25.73,19.39,4.57,7.26,3.28,1.3662,hlth_sha11_hc,SHA2011_V2,2025-08-25
2021,HU,GOV_SCHEME,OTHER,ANCILLARY_SERVICES,331986577877.92,10.49,64.71,43.69,3219.53,7.2,21.39,7.97,1.24,7.41,2.47,0.7201,hlth_sha11_hp,SHA2011_V1,2024-09-21
2022,NL,COMPULSORY_HEALTH_INSURANCE,ADMINISTRATION,GOVERNANCE,281851655932.78,6.34,59.5,35.28,11034.19,5.26,15.87,4.38,6.25,1.34,4.36,1.1584,hlth_sha11_hf,SHA2011_V3,2024-04-14
2023,SE,VOLUNTARY_HEALTH_INSURANCE,PREVENTIVE,LONG_TERM_CARE,245633738406.14,13.75,64.68,32.29,4095.6,3.14,26.82,26.95,5.5,0.6,8.25,1.313,hlth_sha11_exp,SHA2011_V2,2024-04-17
2024,DK,NPISH_SCHEME,LONG_TERM_CARE,PREVENTION,141645211367.37,9.54,60.4,45.0,3544.62,3.01,9.64,12.91,5.16,7.6,2.78,0.8532,hlth_sha11_hc,SHA2011_V1,2024-01-03
2025,IE,HOUSEHOLD_OOP,RETAIL_MEDICAL_GOODS,REHABILITATION,6874475041.9,6.84,87.55,10.82,5656.75,3.06,8.1,9.03,2.64,4.86,6.19,1.2849,hlth_sha11_hp,SHA2011_V3,2024-05-16
2006,PL,GOV_SCHEME,AMBULATORY,MEDICAL_GOODS,72718803424.74,7.82,68.75,32.96,6222.65,2.36,14.2,8.92,2.94,3.22,2.24,1.3535,hlth_sha11_hf,SHA2011_V2,2025-02-02
2007,AT,COMPULSORY_HEALTH_INSURANCE,HOSPITALS,CURATIVE_CARE,271159928830.64,11.09,78.36,22.49,1701.37,2.3,8.78,5.51,4.25,3.07,3.58,1.1788,hlth_sha11_exp,SHA2011_V1,2025-05-23
2008,EE,VOLUNTARY_HEALTH_INSURANCE,OTHER,ANCILLARY_SERVICES,206528776010.49,8.76,85.36,15.19,1650.21,2.85,16.21,24.08,5.71,1.81,3.93,0.6794,hlth_sha11_hc,SHA2011_V3,2025-01-22
2009,IT,NPISH_SCHEME,ADMINISTRATION,GOVERNANCE,95177120786.33,7.46,66.19,42.36,4704.69,5.35,19.41,25.73,6.04,3.65,3.91,1.051,hlth_sha11_hp,SHA2011_V2,2025-01-28
2010,PT,HOUSEHOLD_OOP,PREVENTIVE,LONG_TERM_CARE,159160508058.1,8.86,66.33,34.31,7533.53,2.3,15.14,8.25,5.57,6.18,7.79,0.6207,hlth_sha11_hf,SHA2011_V1,2025-09-03
2011,BE,GOV_SCHEME,LONG_TERM_CARE,PREVENTION,189157523859.28,10.98,59.99,45.0,2563.42,3.7,9.43,6.68,6.19,8.45,0.88,1.3,hlth_sha11_exp,SHA2011_V3,2025-12-23
2012,FI,COMPULSORY_HEALTH_INSURANCE,RETAIL_MEDICAL_GOODS,REHABILITATION,58952407415.49,9.0,66.78,32.96,7095.65,5.96,22.85,22.44,1.58,1.71,2.9,1.1685,hlth_sha11_hc,SHA2011_V2,2024-10-04
2013,LV,VOLUNTARY_HEALTH_INSURANCE,AMBULATORY,MEDICAL_GOODS,84055737682.94,11.16,82.07,15.63,4488.24,3.93,25.48,27.69,4.64,3.05,3.67,1.4993,hlth_sha11_hp,SHA2011_V1,2025-02-25
2014,RO,NPISH_SCHEME,HOSPITALS,CURATIVE_CARE,27591963003.75,12.49,61.81,34.46,6733.08,6.96,10.83,6.29,2.01,8.53,2.28,1.3052,hlth_sha11_hf,SHA2011_V3,2025-08-19
2015,BG,HOUSEHOLD_OOP,OTHER,ANCILLARY_SERVICES,159621386546.74,6.93,58.19,40.38,3926.72,2.75,25.94,5.51,2.11,1.85,1.62,0.5204,hlth_sha11_exp,SHA2011_V2,2025-03-17
2016,FR,GOV_SCHEME,ADMINISTRATION,GOVERNANCE,122605532479.48,10.5,73.26,26.16,7704.03,2.78,16.27,15.88,1.21,5.17,1.16,1.5725,hlth_sha11_hc,SHA2011_V1,2025-01-01
2017,LT,COMPULSORY_HEALTH_INSURANCE,PREVENTIVE,LONG_TERM_CARE,145973340968.89,13.63,65.39,45.0,10294.03,3.33,11.61,26.42,5.02,0.85,6.75,0.6091,hlth_sha11_hp,SHA2011_V3,2025-10-18
2018,SK,VOLUNTARY_HEALTH_INSURANCE,LONG_TERM_CARE,PREVENTION,207560698393.31,6.28,81.13,18.51,6750.51,2.31,13.22,23.14,6.24,0.79,5.44,0.7083,hlth_sha11_hf,SHA2011_V2,2024-06-20
2019,HR,NPISH_SCHEME,RETAIL_MEDICAL_GOODS,REHABILITATION,82777811173.49,12.31,75.9,21.43,8082.99,7.76,12.84,8.95,1.69,6.59,2.86,1.2908,hlth_sha11_exp,SHA2011_V1,2026-02-17
2020,DE,HOUSEHOLD_OOP,AMBULATORY,MEDICAL_GOODS,229246984489.02,13.38,78.46,16.36,3220.25,2.29,20.84,12.57,3.29,6.54,2.95,1.6435,hlth_sha11_hc,SHA2011_V3,2025-03-21
2021,LU,GOV_SCHEME,HOSPITALS,CURATIVE_CARE,191432657997.85,13.76,69.96,26.72,2394.29,6.44,22.91,8.57,4.74,3.25,4.32,0.5841,hlth_sha11_hp,SHA2011_V2,2024-07-02
2022,SI,COMPULSORY_HEALTH_INSURANCE,OTHER,ANCILLARY_SERVICES,125820204721.81,9.47,63.8,45.0,4033.68,4.96,24.73,24.0,3.92,3.47,4.02,1.6964,hlth_sha11_hf,SHA2011_V1,2025-08-21
2023,CY,VOLUNTARY_HEALTH_INSURANCE,ADMINISTRATION,GOVERNANCE,203049377677.69,7.08,72.87,25.05,2758.27,2.41,10.0,22.43,4.92,5.57,6.86,1.7101,hlth_sha11_exp,SHA2011_V3,2024-03-31
2024,GR,NPISH_SCHEME,PREVENTIVE,LONG_TERM_CARE,149793099614.53,13.55,87.24,18.79,4750.72,2.82,13.53,27.78,6.1,3.79,6.42,0.4404,hlth_sha11_hc,SHA2011_V2,2025-12-29
2025,MT,HOUSEHOLD_OOP,LONG_TERM_CARE,PREVENTION,281629623860.4,12.3,62.07,32.86,3498.42,2.4,10.25,12.8,4.06,2.95,7.28,0.5388,hlth_sha11_hp,SHA2011_V1,2024-05-17
2006,ES,GOV_SCHEME,RETAIL_MEDICAL_GOODS,REHABILITATION,106954813809.23,12.62,61.21,45.0,3598.92,7.23,26.2,19.29,3.52,4.05,3.04,0.7888,hlth_sha11_hf,SHA2011_V3,2024-07-25
2007,CZ,COMPULSORY_HEALTH_INSURANCE,AMBULATORY,MEDICAL_GOODS,110361808407.75,7.96,72.7,37.95,3563.13,5.77,10.7,26.98,1.83,7.16,1.37,1.0566,hlth_sha11_exp,SHA2011_V2,2025-07-05
2008,HU,VOLUNTARY_HEALTH_INSURANCE,HOSPITALS,CURATIVE_CARE,283280457560.11,6.67,85.16,14.39,4489.65,3.13,13.72,3.06,5.74,1.61,3.78,1.329,hlth_sha11_hc,SHA2011_V1,2025-08-14
2009,NL,NPISH_SCHEME,OTHER,ANCILLARY_SERVICES,27692385317.41,8.65,55.75,45.0,4968.74,2.4,9.8,24.63,4.42,1.55,3.42,1.3849,hlth_sha11_hp,SHA2011_V3,2025-02-13
2010,SE,HOUSEHOLD_OOP,ADMINISTRATION,GOVERNANCE,101141808740.81,11.08,87.44,21.83,7709.18,7.33,21.51,9.85,2.79,5.28,6.0,1.5954,hlth_sha11_hf,SHA2011_V2,2026-01-03
2011,DK,GOV_SCHEME,PREVENTIVE,LONG_TERM_CARE,3423052009.9,11.99,77.79,31.45,4303.9,4.15,10.79,24.59,3.89,3.6,2.4,1.4168,hlth_sha11_exp,SHA2011_V1,2025-04-29
2012,IE,COMPULSORY_HEALTH_INSURANCE,LONG_TERM_CARE,PREVENTION,27506139187.26,7.21,66.01,35.21,6780.5,7.39,23.83,25.63,1.75,8.34,3.6,1.007,hlth_sha11_hc,SHA2011_V3,2024-09-28
2013,PL,VOLUNTARY_HEALTH_INSURANCE,RETAIL_MEDICAL_GOODS,REHABILITATION,109824054688.01,6.98,84.85,19.38,3544.61,4.2,22.2,8.5,5.18,1.43,1.75,0.7811,hlth_sha11_hp,SHA2011_V2,2024-04-04
2014,AT,NPISH_SCHEME,AMBULATORY,MEDICAL_GOODS,202369171353.26,10.11,62.03,45.0,5628.25,7.12,12.1,22.86,6.19,3.15,3.17,0.5594,hlth_sha11_hf,SHA2011_V1,2024-04-04
2015,EE,HOUSEHOLD_OOP,HOSPITALS,CURATIVE_CARE,240794424255.66,9.99,87.68,19.48,4432.82,6.33,23.35,12.04,4.22,6.93,2.26,0.5927,hlth_sha11_exp,SHA2011_V3,2025-04-15
2016,IT,GOV_SCHEME,OTHER,ANCILLARY_SERVICES,282555982027.85,10.95,64.44,32.26,7245.92,5.32,22.19,21.17,3.16,4.35,6.71,1.2047,hlth_sha11_hc,SHA2011_V2,2024-05-24
2017,PT,COMPULSORY_HEALTH_INSURANCE,ADMINISTRATION,GOVERNANCE,241770969043.47,6.64,69.19,41.04,3950.65,7.35,24.83,16.5,5.6,1.85,1.17,1.4055,hlth_sha11_hp,SHA2011_V1,2024-06-15
2018,BE,VOLUNTARY_HEALTH_INSURANCE,PREVENTIVE,LONG_TERM_CARE,206804714691.51,5.62,69.44,26.4,7915.52,7.75,18.65,22.93,2.27,7.57,1.86,1.0843,hlth_sha11_hf,SHA2011_V3,2024-01-06
2019,FI,NPISH_SCHEME,LONG_TERM_CARE,PREVENTION,45690178131.06,7.51,68.23,28.08,2332.68,2.25,20.78,26.81,6.2,6.81,7.04,1.5549,hlth_sha11_exp,SHA2011_V2,2025-01-28
2020,LV,HOUSEHOLD_OOP,RETAIL_MEDICAL_GOODS,REHABILITATION,138418911920.05,13.68,76.22,31.74,6902.5,6.86,12.1,22.57,3.59,6.23,5.91,2.109,hlth_sha11_hc,SHA2011_V1,2025-08-07
2021,RO,GOV_SCHEME,AMBULATORY,MEDICAL_GOODS,260083301340.47,7.45,85.56,10.12,7179.46,4.39,25.6,4.21,3.93,8.12,4.83,2.2982,hlth_sha11_hp,SHA2011_V3,2024-08-27
2022,BG,COMPULSORY_HEALTH_INSURANCE,HOSPITALS,CURATIVE_CARE,88137238659.55,7.99,76.35,33.55,853.6,3.85,10.23,16.6,1.23,5.58,8.23,0.622,hlth_sha11_hf,SHA2011_V2,2024-08-13
2023,FR,VOLUNTARY_HEALTH_INSURANCE,OTHER,ANCILLARY_SERVICES,243449064740.88,8.22,65.76,42.64,11095.26,7.9,17.8,8.83,3.03,8.39,2.95,1.641,hlth_sha11_exp,SHA2011_V1,2025-05-28
2024,LT,NPISH_SCHEME,ADMINISTRATION,GOVERNANCE,28981421573.41,9.7,85.97,20.57,2178.55,7.47,19.65,25.58,2.6,5.91,6.14,1.1769,hlth_sha11_hc,SHA2011_V3,2025-10-22
2025,SK,HOUSEHOLD_OOP,PREVENTIVE,LONG_TERM_CARE,29444239405.15,9.13,76.46,32.94,6655.34,6.37,24.35,22.01,2.16,3.2,5.63,1.4138,hlth_sha11_hp,SHA2011_V2,2025-06-26
2006,HR,GOV_SCHEME,LONG_TERM_CARE,PREVENTION,112419611331.22,12.11,61.33,44.21,1616.08,2.28,8.68,26.31,6.21,5.24,8.25,0.5423,hlth_sha11_hf,SHA2011_V1,2025-04-25
2007,DE,COMPULSORY_HEALTH_INSURANCE,RETAIL_MEDICAL_GOODS,REHABILITATION,108827902901.1,10.47,66.35,42.4,9365.02,4.68,8.9,17.04,5.74,0.75,4.34,1.6082,hlth_sha11_exp,SHA2011_V3,2025-01-08
2008,LU,VOLUNTARY_HEALTH_INSURANCE,AMBULATORY,MEDICAL_GOODS,43327293137.08,11.44,68.7,39.26,4050.25,4.53,25.86,8.72,3.32,3.92,7.69,1.6545,hlth_sha11_hc,SHA2011_V2,2024-05-30
2009,SI,NPISH_SCHEME,HOSPITALS,CURATIVE_CARE,269460478403.48,8.42,68.66,32.52,4617.94,6.25,8.6,21.18,3.3,2.19,1.11,0.6973,hlth_sha11_hp,SHA2011_V1,2025-01-07
2010,CY,HOUSEHOLD_OOP,OTHER,ANCILLARY_SERVICES,184187647359.35,9.14,68.14,43.55,3332.93,3.74,22.9,9.56,6.12,3.21,2.03,1.7466,hlth_sha11_hf,SHA2011_V3,2024-08-23
2011,GR,GOV_SCHEME,ADMINISTRATION,GOVERNANCE,68837463844.89,7.67,82.48,15.29,5094.12,5.68,20.3,20.95,2.28,2.57,5.34,1.7178,hlth_sha11_exp,SHA2011_V2,2024-10-02
2012,MT,COMPULSORY_HEALTH_INSURANCE,PREVENTIVE,LONG_TERM_CARE,180883474313.36,10.68,68.59,33.82,6939.32,6.53,17.4,11.6,2.88,7.76,3.87,1.6788,hlth_sha11_hc,SHA2011_V1,2024-05-03
2013,ES,VOLUNTARY_HEALTH_INSURANCE,LONG_TERM_CARE,PREVENTION,111294659655.2,9.09,80.83,13.91,6479.25,3.7,24.15,6.32,4.65,1.3,4.08,1.0496,hlth_sha11_hp,SHA2011_V3,2024-03-03
2014,CZ,NPISH_SCHEME,RETAIL_MEDICAL_GOODS,REHABILITATION,94447251779.98,11.33,68.44,30.59,6299.75,4.21,21.7,10.0,5.33,7.01,5.13,0.7256,hlth_sha11_hf,SHA2011_V2,2026-02-25
2015,HU,HOUSEHOLD_OOP,AMBULATORY,MEDICAL_GOODS,46266956420.18,11.52,78.11,22.02,3212.62,3.71,22.97,3.14,5.33,1.36,2.96,1.4541,hlth_sha11_exp,SHA2011_V1,2025-11-26
2016,NL,GOV_SCHEME,HOSPITALS,CURATIVE_CARE,241856246030.49,13.0,70.23,30.04,4397.79,5.69,10.61,11.76,3.21,3.05,7.13,1.0228,hlth_sha11_hc,SHA2011_V3,2025-02-27
2017,SE,COMPULSORY_HEALTH_INSURANCE,OTHER,ANCILLARY_SERVICES,18596058741.53,13.24,65.04,38.47,3794.23,6.35,17.06,20.1,2.5,5.19,2.55,1.6866,hlth_sha11_hp,SHA2011_V2,2026-01-19
2018,DK,VOLUNTARY_HEALTH_INSURANCE,ADMINISTRATION,GOVERNANCE,12586131786.55,12.81,70.59,40.0,6516.36,2.52,23.25,26.64,5.12,5.22,5.21,1.5875,hlth_sha11_hf,SHA2011_V1,2025-03-30
2019,IE,NPISH_SCHEME,PREVENTIVE,LONG_TERM_CARE,180700270893.28,11.99,72.62,31.14,8022.4,4.94,8.99,23.91,1.69,7.15,7.62,1.6124,hlth_sha11_exp,SHA2011_V3,2025-06-12
2020,PL,HOUSEHOLD_OOP,LONG_TERM_CARE,PREVENTION,165639430543.55,10.35,57.69,45.0,7215.0,1.72,20.64,17.78,4.18,2.52,6.34,1.3598,hlth_sha11_hc,SHA2011_V2,2025-03-01
2021,AT,GOV_SCHEME,RETAIL_MEDICAL_GOODS,REHABILITATION,361288846141.84,5.66,76.15,28.27,2002.01,4.55,9.05,16.99,1.96,8.07,6.16,2.0294,hlth_sha11_hp,SHA2011_V1,2024-12-05
2022,EE,COMPULSORY_HEALTH_INSURANCE,AMBULATORY,MEDICAL_GOODS,248559540834.93,5.61,56.63,38.38,9761.38,3.64,26.86,27.57,5.95,5.01,5.34,1.005,hlth_sha11_hf,SHA2011_V3,2025-11-24
2023,IT,VOLUNTARY_HEALTH_INSURANCE,HOSPITALS,CURATIVE_CARE,13306101732.1,8.12,69.01,42.72,6884.67,3.94,25.27,19.58,5.07,7.41,6.78,1.1851,hlth_sha11_exp,SHA2011_V2,2024-01-19
2024,PT,NPISH_SCHEME,OTHER,ANCILLARY_SERVICES,86139726975.48,6.62,71.26,25.44,2467.9,7.88,23.53,18.97,4.66,6.51,4.72,0.7288,hlth_sha11_hc,SHA2011_V1,2024-09-21
2025,BE,HOUSEHOLD_OOP,ADMINISTRATION,GOVERNANCE,247759740866.28,12.32,72.5,24.2,9354.73,6.6,11.38,9.98,4.24,1.19,2.19,1.4544,hlth_sha11_hp,SHA2011_V3,2025-05-08
2006,FI,GOV_SCHEME,PREVENTIVE,LONG_TERM_CARE,20607209170.01,8.33,65.12,32.7,4911.81,3.01,24.01,12.55,4.91,5.33,2.67,0.4936,hlth_sha11_hf,SHA2011_V2,2024-06-25
2007,LV,COMPULSORY_HEALTH_INSURANCE,LONG_TERM_CARE,PREVENTION,92386116947.59,7.5,57.55,40.34,7659.42,6.39,18.07,9.15,2.17,6.63,6.37,0.9924,hlth_sha11_exp,SHA2011_V1,2025-12-22
2008,RO,VOLUNTARY_HEALTH_INSURANCE,RETAIL_MEDICAL_GOODS,REHABILITATION,207547641876.54,8.62,63.15,45.0,4074.36,4.33,12.08,5.85,3.43,6.15,2.42,1.2691,hlth_sha11_hc,SHA2011_V3,2025-04-28
2009,BG,NPISH_SCHEME,AMBULATORY,MEDICAL_GOODS,104502404527.11,7.84,65.01,29.77,6549.58,4.59,19.77,18.16,4.44,8.07,4.28,1.6837,hlth_sha11_hp,SHA2011_V2,2025-10-05
2010,FR,HOUSEHOLD_OOP,HOSPITALS,CURATIVE_CARE,181279713468.48,9.94,79.84,30.19,5459.99,7.42,23.18,4.51,1.47,3.91,1.43,1.7557,hlth_sha11_hf,SHA2011_V1,2025-06-25
2011,LT,GOV_SCHEME,OTHER,ANCILLARY_SERVICES,134391005936.27,12.8,57.21,45.0,6470.86,7.87,21.78,24.44,3.77,3.3,2.51,0.722,hlth_sha11_exp,SHA2011_V3,2025-10-22
2012,SK,COMPULSORY_HEALTH_INSURANCE,ADMINISTRATION,GOVERNANCE,182920452485.95,6.39,57.21,45.0,3798.39,5.07,12.39,6.67,1.59,3.84,4.1,1.6831,hlth_sha11_hc,SHA2011_V2,2025-01-04
2013,HR,VOLUNTARY_HEALTH_INSURANCE,PREVENTIVE,LONG_TERM_CARE,292510543859.26,8.52,63.9,35.82,7030.81,3.95,17.11,8.9,1.24,5.56,4.49,0.5246,hlth_sha11_hp,SHA2011_V1,2024-04-04
2014,DE,NPISH_SCHEME,LONG_TERM_CARE,PREVENTION,84800604021.83,8.73,58.14,45.0,5587.27,5.94,15.04,14.44,4.4,5.15,3.07,1.1446,hlth_sha11_hf,SHA2011_V3,2025-08-06
2015,LU,HOUSEHOLD_OOP,RETAIL_MEDICAL_GOODS,REHABILITATION,131554543271.02,8.12,74.47,26.02,6548.79,3.16,25.8,3.08,5.14,3.39,1.71,1.3696,hlth_sha11_exp,SHA2011_V2,2024-03-29
2016,SI,GOV_SCHEME,AMBULATORY,MEDICAL_GOODS,243351690082.62,9.67,69.65,28.03,10825.37,5.85,18.91,4.32,1.43,2.5,1.66,0.7885,hlth_sha11_hc,SHA2011_V1,2026-01-28
2017,CY,COMPULSORY_HEALTH_INSURANCE,HOSPITALS,CURATIVE_CARE,44796755077.74,7.0,69.27,34.67,6498.33,7.87,8.45,25.36,1.89,2.14,6.21,1.7569,hlth_sha11_hp,SHA2011_V3,2025-02-10
2018,GR,VOLUNTARY_HEALTH_INSURANCE,OTHER,ANCILLARY_SERVICES,37892325703.56,6.71,65.84,30.3,6444.54,5.4,13.47,27.93,4.29,5.54,3.27,1.271,hlth_sha11_hf,SHA2011_V2,2025-09-20
2019,MT,NPISH_SCHEME,ADMINISTRATION,GOVERNANCE,127349325929.51,5.81,63.65,42.15,2795.59,5.6,9.62,14.4,5.05,4.32,5.82,1.7138,hlth_sha11_exp,SHA2011_V1,2025-10-15
2020,ES,HOUSEHOLD_OOP,PREVENTIVE,LONG_TERM_CARE,291809906328.93,8.88,85.44,24.1,9514.78,1.55,17.05,12.95,4.27,8.11,3.08,1.2936,hlth_sha11_hc,SHA2011_V3,2025-03-24
2021,CZ,GOV_SCHEME,LONG_TERM_CARE,PREVENTION,89378561216.95,8.59,64.54,39.57,4426.85,5.59,10.44,7.79,5.51,0.67,6.65,2.146,hlth_sha11_hp,SHA2011_V2,2024-12-26
2022,HU,COMPULSORY_HEALTH_INSURANCE,RETAIL_MEDICAL_GOODS,REHABILITATION,69314756345.57,8.82,63.85,45.0,6275.14,3.09,24.71,15.35,1.81,1.06,6.22,1.5179,hlth_sha11_hf,SHA2011_V1,2024-12-01
2023,NL,VOLUNTARY_HEALTH_INSURANCE,AMBULATORY,MEDICAL_GOODS,302663637710.85,6.5,70.36,36.93,3297.77,1.82,13.21,3.73,3.44,6.2,7.98,0.7122,hlth_sha11_exp,SHA2011_V3,2024-07-29
2024,SE,NPISH_SCHEME,HOSPITALS,CURATIVE_CARE,2747413736.15,8.0,86.09,19.79,1923.17,2.54,18.95,26.37,6.21,6.42,1.54,0.5152,hlth_sha11_hc,SHA2011_V2,2026-02-16
2025,DK,HOUSEHOLD_OOP,OTHER,ANCILLARY_SERVICES,57826869326.27,8.81,66.3,38.0,2617.38,7.89,18.67,14.64,1.39,6.91,4.04,1.7125,hlth_sha11_hp,SHA2011_V1,2025-08-25
2006,IE,GOV_SCHEME,ADMINISTRATION,GOVERNANCE,18818749178.64,9.71,61.72,42.51,3421.12,1.85,16.54,5.34,5.8,0.69,5.61,0.8719,hlth_sha11_hf,SHA2011_V3,2025-12-29
2007,PL,COMPULSORY_HEALTH_INSURANCE,PREVENTIVE,LONG_TERM_CARE,55373973737.77,12.96,79.17,22.63,2746.01,2.49,10.11,4.99,1.03,7.21,5.08,1.546,hlth_sha11_exp,SHA2011_V2,2024-07-31
2008,AT,VOLUNTARY_HEALTH_INSURANCE,LONG_TERM_CARE,PREVENTION,147220981611.62,7.47,69.3,25.18,1363.27,5.64,13.26,3.68,6.34,0.53,4.58,0.7691,hlth_sha11_hc,SHA2011_V1,2024-01-10
2009,EE,NPISH_SCHEME,RETAIL_MEDICAL_GOODS,REHABILITATION,223983217986.05,10.39,63.87,37.31,6277.21,6.07,13.48,21.63,4.28,1.38,3.8,1.2635,hlth_sha11_hp,SHA2011_V3,2025-12-25
2010,IT,HOUSEHOLD_OOP,AMBULATORY,MEDICAL_GOODS,70130727266.07,10.03,62.84,45.0,5801.76,6.52,24.31,4.51,4.57,0.62,3.53,1.6497,hlth_sha11_hf,SHA2011_V2,2024-06-26
2011,PT,GOV_SCHEME,HOSPITALS,CURATIVE_CARE,156910813448.52,5.56,69.73,30.48,7544.82,5.32,9.16,14.76,5.49,7.24,6.91,1.4072,hlth_sha11_exp,SHA2011_V1,2024-02-11
2012,BE,COMPULSORY_HEALTH_INSURANCE,OTHER,ANCILLARY_SERVICES,222115185887.11,8.16,63.91,37.9,953.34,6.3,24.96,3.62,1.17,4.12,5.69,0.7256,hlth_sha11_hc,SHA2011_V3,2025-01-11
2013,FI,VOLUNTARY_HEALTH_INSURANCE,ADMINISTRATION,GOVERNANCE,17110271471.96,13.68,55.29,42.98,3023.08,7.69,24.22,17.67,4.81,3.5,7.73,0.9095,hlth_sha11_hp,SHA2011_V2,2025-10-28
2014,LV,NPISH_SCHEME,PREVENTIVE,LONG_TERM_CARE,53358229961.02,10.88,60.2,44.95,2583.13,4.93,11.61,26.07,5.32,0.54,3.92,0.5192,hlth_sha11_hf,SHA2011_V1,2024-03-30
2015,RO,HOUSEHOLD_OOP,LONG_TERM_CARE,PREVENTION,193057178721.55,6.59,55.62,45.0,7299.98,4.57,15.36,10.67,4.29,3.55,1.86,1.5694,hlth_sha11_exp,SHA2011_V3,2025-11-02
2016,BG,GOV_SCHEME,RETAIL_MEDICAL_GOODS,REHABILITATION,148915518015.71,5.79,82.58,17.33,1814.98,7.09,12.24,16.93,4.43,4.49,4.33,0.7017,hlth_sha11_hc,SHA2011_V2,2024-01-15
2017,FR,COMPULSORY_HEALTH_INSURANCE,AMBULATORY,MEDICAL_GOODS,38447215177.58,6.91,69.46,38.9,7314.16,5.95,19.14,13.2,4.51,7.52,5.9,0.5606,hlth_sha11_hp,SHA2011_V1,2025-07-12
2018,LT,VOLUNTARY_HEALTH_INSURANCE,HOSPITALS,CURATIVE_CARE,198737238953.0,10.17,62.62,35.99,6759.27,2.65,25.31,25.92,6.33,7.71,1.8,0.9622,hlth_sha11_hf,SHA2011_V3,2026-02-24
2019,SK,NPISH_SCHEME,OTHER,ANCILLARY_SERVICES,279347166098.55,12.53,61.96,35.61,5862.66,7.29,11.55,19.17,6.24,3.73,1.84,0.8509,hlth_sha11_exp,SHA2011_V2,2024-09-30
2020,HR,HOUSEHOLD_OOP,ADMINISTRATION,GOVERNANCE,177113839589.53,8.27,66.71,31.79,3093.73,7.15,14.63,26.35,5.87,9.21,2.58,0.8947,hlth_sha11_hc,SHA2011_V1,2025-09-21
2021,DE,GOV_SCHEME,PREVENTIVE,LONG_TERM_CARE,77976254114.46,9.39,55.43,45.0,6643.96,6.84,11.92,11.1,4.51,10.16,7.93,0.5774,hlth_sha11_hp,SHA2011_V3,2025-09-24
2022,LU,COMPULSORY_HEALTH_INSURANCE,LONG_TERM_CARE,PREVENTION,171625547452.11,13.54,55.28,45.0,2143.96,6.04,12.68,27.64,3.78,1.3,1.2,0.4741,hlth_sha11_hf,SHA2011_V2,2025-02-19
2023,SI,VOLUNTARY_HEALTH_INSURANCE,RETAIL_MEDICAL_GOODS,REHABILITATION,41606143730.47,6.52,68.08,36.61,2198.09,3.82,16.83,20.94,1.61,1.45,3.11,0.4535,hlth_sha11_exp,SHA2011_V1,2024-12-06
2024,CY,NPISH_SCHEME,AMBULATORY,MEDICAL_GOODS,198721269959.72,11.62,74.88,19.6,5564.72,2.53,11.61,15.23,5.44,1.14,3.3,0.9701,hlth_sha11_hc,SHA2011_V3,2025-03-21
2025,GR,HOUSEHOLD_OOP,HOSPITALS,CURATIVE_CARE,196366895711.57,10.75,85.8,10.51,12704.72,2.33,24.57,26.0,3.65,4.63,3.54,0.7389,hlth_sha11_hp,SHA2011_V2,2025-05-26
2006,MT,GOV_SCHEME,OTHER,ANCILLARY_SERVICES,166691514347.97,5.66,69.77,28.33,5483.0,6.71,10.21,19.0,5.07,1.06,6.09,1.5525,hlth_sha11_hf,SHA2011_V1,2025-02-15
2007,ES,COMPULSORY_HEALTH_INSURANCE,ADMINISTRATION,GOVERNANCE,95235190105.71,7.74,78.3,25.27,6437.69,3.37,14.39,3.68,2.11,5.29,7.54,1.7461,hlth_sha11_exp,SHA2011_V3,2024-01-21
2008,CZ,VOLUNTARY_HEALTH_INSURANCE,PREVENTIVE,LONG_TERM_CARE,206941038174.56,13.51,64.6,41.39,7563.99,6.57,15.21,14.75,1.33,7.79,5.72,1.0241,hlth_sha11_hc,SHA2011_V2,2025-07-23
2009,HU,NPISH_SCHEME,LONG_TERM_CARE,PREVENTION,159506624562.21,11.33,76.3,22.06,5325.99,5.79,12.46,26.86,3.02,2.79,3.92,1.0193,hlth_sha11_hp,SHA2011_V1,2024-10-15
2010,NL,HOUSEHOLD_OOP,RETAIL_MEDICAL_GOODS,REHABILITATION,64030580247.65,6.19,66.29,43.36,6771.22,4.19,22.88,8.07,3.35,2.23,4.48,0.4937,hlth_sha11_hf,SHA2011_V3,2025-09-18
2011,SE,GOV_SCHEME,AMBULATORY,MEDICAL_GOODS,60354987047.24,12.5,58.12,43.13,7434.09,7.36,25.04,11.25,1.74,3.39,1.68,1.264,hlth_sha11_exp,SHA2011_V2,2025-01-26
2012,DK,COMPULSORY_HEALTH_INSURANCE,HOSPITALS,CURATIVE_CARE,80065037872.39,11.52,76.68,30.02,8006.11,4.19,9.86,8.47,3.54,7.31,5.09,1.1757,hlth_sha11_hc,SHA2011_V1,2024-01-24
2013,IE,VOLUNTARY_HEALTH_INSURANCE,OTHER,ANCILLARY_SERVICES,96774622238.6,12.1,59.75,45.0,4366.28,4.72,24.56,7.42,5.08,2.89,7.94,0.5866,hlth_sha11_hp,SHA2011_V3,2025-11-22
2014,PL,NPISH_SCHEME,ADMINISTRATION,GOVERNANCE,85400419036.49,12.84,55.38,45.0,2708.5,5.45,15.86,16.91,4.98,3.47,1.55,0.6559,hlth_sha11_hf,SHA2011_V2,2024-06-18
2015,AT,HOUSEHOLD_OOP,PREVENTIVE,LONG_TERM_CARE,193379366430.56,8.25,68.68,34.95,5451.91,5.59,19.65,16.01,6.19,7.45,1.77,1.1269,hlth_sha11_exp,SHA2011_V1,2024-10-25
2016,EE,GOV_SCHEME,LONG_TERM_CARE,PREVENTION,122116235562.33,8.59,81.92,20.37,6336.8,3.25,22.78,22.22,2.71,1.55,3.0,1.6303,hlth_sha11_hc,SHA2011_V3,2025-07-17
2017,IT,COMPULSORY_HEALTH_INSURANCE,RETAIL_MEDICAL_GOODS,REHABILITATION,194262709620.72,8.68,55.57,45.0,10421.87,7.96,23.14,27.35,5.94,7.77,4.92,1.483,hlth_sha11_hp,SHA2011_V2,2025-04-15
2018,PT,VOLUNTARY_HEALTH_INSURANCE,AMBULATORY,MEDICAL_GOODS,75080801388.71,6.78,72.36,32.32,11303.03,2.55,8.92,10.91,4.64,4.54,8.17,1.1658,hlth_sha11_hf,SHA2011_V1,2025-03-20
2019,BE,NPISH_SCHEME,HOSPITALS,CURATIVE_CARE,223368282551.44,11.81,83.8,19.55,2398.92,5.84,19.41,26.86,1.11,6.32,5.65,0.5044,hlth_sha11_exp,SHA2011_V3,2024-03-01
2020,FI,HOUSEHOLD_OOP,OTHER,ANCILLARY_SERVICES,263428345239.96,13.24,65.62,34.84,11035.75,1.6,9.88,14.34,2.2,9.09,5.56,1.9823,hlth_sha11_hc,SHA2011_V2,2024-05-21
2021,LV,GOV_SCHEME,ADMINISTRATION,GOVERNANCE,271198382864.95,10.22,72.55,28.22,3577.02,5.35,25.0,19.9,4.94,7.42,3.74,1.9109,hlth_sha11_hp,SHA2011_V1,2025-12-23
2022,RO,COMPULSORY_HEALTH_INSURANCE,PREVENTIVE,LONG_TERM_CARE,9515224432.54,9.16,82.76,20.72,3883.07,4.59,26.15,8.52,4.86,4.63,0.95,0.9081,hlth_sha11_hf,SHA2011_V3,2025-09-21
2023,BG,VOLUNTARY_HEALTH_INSURANCE,LONG_TERM_CARE,PREVENTION,113575386787.16,10.28,62.34,39.56,5503.97,3.8,17.81,23.83,5.63,5.91,2.78,0.6655,hlth_sha11_exp,SHA2011_V2,2025-11-03
2024,FR,NPISH_SCHEME,RETAIL_MEDICAL_GOODS,REHABILITATION,398281514945.94,13.27,62.1,38.69,7406.27,5.75,12.86,9.77,4.33,1.09,6.57,0.5121,hlth_sha11_hc,SHA2011_V1,2024-01-22
2025,LT,HOUSEHOLD_OOP,AMBULATORY,MEDICAL_GOODS,148197124519.16,8.67,63.27,42.99,1822.33,4.33,20.99,3.59,1.03,6.08,3.96,1.4274,hlth_sha11_hp,SHA2011_V3,2025-05-11
2006,SK,GOV_SCHEME,HOSPITALS,CURATIVE_CARE,170057287145.48,9.09,86.82,9.25,5253.42,3.73,26.6,15.33,3.85,4.29,2.9,1.2103,hlth_sha11_hf,SHA2011_V2,2025-02-05
2007,HR,COMPULSORY_HEALTH_INSURANCE,OTHER,ANCILLARY_SERVICES,35084208195.41,12.35,58.42,41.2,1893.1,4.86,13.87,18.06,2.45,0.89,2.47,1.5117,hlth_sha11_exp,SHA2011_V1,2024-01-23
2008,DE,VOLUNTARY_HEALTH_INSURANCE,ADMINISTRATION,GOVERNANCE,40364308595.68,11.41,86.98,13.96,1103.08,2.95,13.51,26.3,2.83,1.21,6.38,1.1818,hlth_sha11_hc,SHA2011_V3,2024-02-28
2009,LU,NPISH_SCHEME,PREVENTIVE,LONG_TERM_CARE,170752072954.63,11.98,56.99,42.03,6653.76,4.69,21.92,6.98,6.41,7.1,4.71,0.5265,hlth_sha11_hp,SHA2011_V2,2025-08-09
2010,SI,HOUSEHOLD_OOP,LONG_TERM_CARE,PREVENTION,164747452332.51,8.67,75.74,18.49,1134.39,4.96,22.1,11.9,2.22,2.44,2.75,1.3969,hlth_sha11_hf,SHA2011_V1,2024-04-06
2011,CY,GOV_SCHEME,RETAIL_MEDICAL_GOODS,REHABILITATION,122462445921.73,8.34,67.5,40.81,6656.5,5.87,10.03,19.92,5.24,7.58,2.79,0.741,hlth_sha11_exp,SHA2011_V3,2024-10-07
2012,GR,COMPULSORY_HEALTH_INSURANCE,AMBULATORY,MEDICAL_GOODS,180623205242.02,8.26,79.92,30.45,8314.96,1.8,17.64,27.25,5.08,1.14,7.19,0.45,hlth_sha11_hc,SHA2011_V2,2025-08-16
2013,MT,VOLUNTARY_HEALTH_INSURANCE,HOSPITALS,CURATIVE_CARE,28960425543.32,8.69,61.55,38.73,10784.62,5.57,12.42,10.52,4.1,2.88,6.1,1.4606,hlth_sha11_hp,SHA2011_V1,2024-05-02
2014,ES,NPISH_SCHEME,OTHER,ANCILLARY_SERVICES,179459490843.81,6.45,70.13,41.38,9134.73,6.95,21.82,15.42,5.87,6.04,2.07,1.2679,hlth_sha11_hf,SHA2011_V3,2025-04-29
2015,CZ,HOUSEHOLD_OOP,ADMINISTRATION,GOVERNANCE,22264188331.93,7.31,69.93,39.58,9955.46,6.65,8.03,10.91,2.0,6.68,6.62,0.7062,hlth_sha11_exp,SHA2011_V2,2024-12-30
2016,HU,GOV_SCHEME,PREVENTIVE,LONG_TERM_CARE,238909897541.58,5.6,63.1,42.11,2349.04,2.82,12.57,19.7,3.34,2.29,4.04,1.5044,hlth_sha11_hc,SHA2011_V1,2024-02-20
2017,NL,COMPULSORY_HEALTH_INSURANCE,LONG_TERM_CARE,PREVENTION,195007254020.67,8.31,55.65,45.0,3562.57,5.58,11.92,8.63,4.2,7.25,3.21,0.7787,hlth_sha11_hp,SHA2011_V3,2024-03-18
2018,SE,VOLUNTARY_HEALTH_INSURANCE,RETAIL_MEDICAL_GOODS,REHABILITATION,36021273242.3,12.23,78.51,17.32,5664.29,3.6,26.13,22.8,4.26,7.22,3.68,0.7648,hlth_sha11_hf,SHA2011_V2,2025-12-26
2019,DK,NPISH_SCHEME,AMBULATORY,MEDICAL_GOODS,68250560977.66,10.32,74.36,33.3,1804.46,5.78,24.71,7.28,6.45,5.71,6.04,1.0291,hlth_sha11_exp,SHA2011_V1,2025-09-28
2020,IE,HOUSEHOLD_OOP,HOSPITALS,CURATIVE_CARE,58034524678.77,8.52,84.99,22.11,4878.83,5.08,12.44,17.69,2.31,9.0,4.05,0.5891,hlth_sha11_hc,SHA2011_V3,2024-08-21
2021,PL,GOV_SCHEME,OTHER,ANCILLARY_SERVICES,83055313092.63,9.1,85.66,22.17,1317.46,3.46,25.96,6.83,4.6,1.51,1.69,1.4173,hlth_sha11_hp,SHA2011_V2,2025-03-14
2022,AT,COMPULSORY_HEALTH_INSURANCE,ADMINISTRATION,GOVERNANCE,344181818681.22,7.38,60.57,37.99,10973.6,6.89,25.24,20.97,6.22,5.08,2.03,1.0316,hlth_sha11_hf,SHA2011_V1,2024-03-23
2023,EE,VOLUNTARY_HEALTH_INSURANCE,PREVENTIVE,LONG_TERM_CARE,46054334643.09,8.77,78.42,31.65,2275.05,4.08,26.0,23.17,6.36,6.79,7.27,1.677,hlth_sha11_exp,SHA2011_V3,2024-07-31
2024,IT,NPISH_SCHEME,LONG_TERM_CARE,PREVENTION,27805148763.25,11.18,84.99,26.65,7885.9,3.76,8.97,8.42,4.23,5.6,4.85,0.7485,hlth_sha11_hc,SHA2011_V2,2025-10-28
2025,PT,HOUSEHOLD_OOP,RETAIL_MEDICAL_GOODS,REHABILITATION,160819044550.82,6.52,70.78,31.15,1385.58,7.52,11.05,24.7,2.87,2.82,5.73,0.6408,hlth_sha11_hp,SHA2011_V1,2024-04-14
2006,BE,GOV_SCHEME,AMBULATORY,MEDICAL_GOODS,4631086064.93,8.48,62.99,31.56,1774.6,5.79,13.44,6.93,2.28,2.75,1.18,1.1051,hlth_sha11_hf,SHA2011_V3,2025-12-08
2007,FI,COMPULSORY_HEALTH_INSURANCE,HOSPITALS,CURATIVE_CARE,150905786763.62,11.0,63.29,39.98,5096.89,4.51,25.17,4.97,4.16,4.79,7.4,0.6993,hlth_sha11_exp,SHA2011_V2,2024-10-01
2008,LV,VOLUNTARY_HEALTH_INSURANCE,OTHER,ANCILLARY_SERVICES,99834064152.18,9.1,78.98,23.07,5139.66,2.7,23.02,10.64,5.65,8.39,4.66,0.8463,hlth_sha11_hc,SHA2011_V1,2024-06-14
2009,RO,NPISH_SCHEME,ADMINISTRATION,GOVERNANCE,155530162775.17,6.48,81.58,28.7,1143.49,7.2,21.22,16.12,5.24,7.37,2.96,1.3538,hlth_sha11_hp,SHA2011_V3,2025-05-11
2010,BG,HOUSEHOLD_OOP,PREVENTIVE,LONG_TERM_CARE,94909321897.61,7.91,55.01,39.37,4662.83,3.31,24.39,27.73,1.69,7.82,3.73,1.1527,hlth_sha11_hf,SHA2011_V2,2024-07-11
2011,FR,GOV_SCHEME,LONG_TERM_CARE,PREVENTION,289571587970.05,8.44,76.22,22.11,1483.24,7.06,23.42,21.71,1.49,1.83,5.16,1.6833,hlth_sha11_exp,SHA2011_V1,2026-01-25
2012,LT,COMPULSORY_HEALTH_INSURANCE,RETAIL_MEDICAL_GOODS,REHABILITATION,208194554573.92,13.19,77.27,24.85,1749.27,3.36,13.37,25.54,2.61,6.24,4.68,0.6775,hlth_sha11_hc,SHA2011_V3,2024-10-29
2013,SK,VOLUNTARY_HEALTH_INSURANCE,AMBULATORY,MEDICAL_GOODS,149155614325.94,9.28,82.57,20.41,3672.14,4.13,15.13,25.14,1.73,6.28,6.1,1.2432,hlth_sha11_hp,SHA2011_V2,2025-09-02
2014,HR,NPISH_SCHEME,HOSPITALS,CURATIVE_CARE,5827208007.7,8.99,80.44,24.34,5696.04,5.33,15.14,15.63,5.17,1.86,2.64,1.5603,hlth_sha11_hf,SHA2011_V1,2024-11-01
2015,DE,HOUSEHOLD_OOP,OTHER,ANCILLARY_SERVICES,97162717584.67,10.38,65.4,40.81,2075.45,5.18,10.48,22.72,3.97,8.52,3.05,0.8448,hlth_sha11_exp,SHA2011_V3,2024-01-10
2016,LU,GOV_SCHEME,ADMINISTRATION,GOVERNANCE,197828997240.39,10.44,76.79,22.0,5413.78,2.27,18.46,18.28,6.12,4.64,4.15,0.7629,hlth_sha11_hc,SHA2011_V2,2025-12-29
2017,SI,COMPULSORY_HEALTH_INSURANCE,PREVENTIVE,LONG_TERM_CARE,83553952261.79,13.61,74.95,20.84,3909.46,7.98,26.59,12.89,1.95,3.37,0.91,1.1709,hlth_sha11_hp,SHA2011_V1,2024-09-25
2018,CY,VOLUNTARY_HEALTH_INSURANCE,LONG_TERM_CARE,PREVENTION,148748997620.26,13.22,79.36,30.97,4940.41,2.36,17.73,7.52,3.23,4.26,7.07,0.8399,hlth_sha11_hf,SHA2011_V3,2025-01-19
2019,GR,NPISH_SCHEME,RETAIL_MEDICAL_GOODS,REHABILITATION,100826718787.8,11.64,64.39,45.0,7208.51,6.37,8.68,8.07,4.91,6.65,1.51,1.4411,hlth_sha11_exp,SHA2011_V2,2025-12-13
2020,MT,HOUSEHOLD_OOP,AMBULATORY,MEDICAL_GOODS,271916929642.46,11.41,72.09,22.07,3561.81,5.11,25.58,10.49,4.77,1.19,4.77,0.6823,hlth_sha11_hc,SHA2011_V1,2024-11-17
2021,ES,GOV_SCHEME,HOSPITALS,CURATIVE_CARE,197632616770.68,8.1,59.57,45.0,7509.97,3.32,12.01,8.27,3.55,9.66,6.89,0.736,hlth_sha11_hp,SHA2011_V3,2025-07-28
2022,CZ,COMPULSORY_HEALTH_INSURANCE,OTHER,ANCILLARY_SERVICES,204974336222.67,6.32,81.45,15.41,3830.74,5.05,15.99,16.19,2.52,1.47,0.83,1.7569,hlth_sha11_hf,SHA2011_V2,2024-11-08
2023,HU,VOLUNTARY_HEALTH_INSURANCE,ADMINISTRATION,GOVERNANCE,282601589091.39,7.14,59.83,45.0,11122.98,3.45,26.47,10.85,5.13,1.83,7.87,1.6861,hlth_sha11_exp,SHA2011_V1,2026-01-10
2024,NL,NPISH_SCHEME,PREVENTIVE,LONG_TERM_CARE,30306950253.86,8.31,57.97,45.0,5110.72,5.61,8.83,17.03,5.1,7.68,2.93,0.4666,hlth_sha11_hc,SHA2011_V3,2024-12-15
2025,SE,HOUSEHOLD_OOP,LONG_TERM_CARE,PREVENTION,261348004759.85,5.61,61.56,39.15,5220.93,1.54,23.02,10.22,3.81,6.31,8.01,0.8889,hlth_sha11_hp,SHA2011_V2,2024-11-10
2006,DK,GOV_SCHEME,RETAIL_MEDICAL_GOODS,REHABILITATION,84966207995.75,5.86,64.97,30.03,7084.47,3.64,8.9,26.85,3.68,4.08,5.14,0.5089,hlth_sha11_hf,SHA2011_V1,2026-02-13
2007,IE,COMPULSORY_HEALTH_INSURANCE,AMBULATORY,MEDICAL_GOODS,212867180110.37,10.91,78.04,24.31,6884.31,2.09,26.78,24.95,4.12,2.67,5.95,1.2452,hlth_sha11_exp,SHA2011_V3,2025-09-08
2008,PL,VOLUNTARY_HEALTH_INSURANCE,HOSPITALS,CURATIVE_CARE,99713392606.9,9.44,76.74,32.64,6809.11,6.64,14.69,14.61,2.91,5.14,7.29,0.6182,hlth_sha11_hc,SHA2011_V2,2024-12-23
2009,AT,NPISH_SCHEME,OTHER,ANCILLARY_SERVICES,189599569160.36,12.52,83.52,28.26,3713.26,7.46,26.11,14.74,5.72,6.23,7.82,1.2515,hlth_sha11_hp,SHA2011_V1,2025-11-09
2010,EE,HOUSEHOLD_OOP,ADMINISTRATION,GOVERNANCE,210600616288.62,7.56,57.5,43.63,5010.53,4.39,13.65,20.75,1.67,7.35,4.6,1.6036,hlth_sha11_hf,SHA2011_V3,2024-10-03
2011,IT,GOV_SCHEME,PREVENTIVE,LONG_TERM_CARE,295947722672.74,12.46,66.49,38.61,1380.75,5.34,9.85,6.33,2.89,7.74,6.09,1.4386,hlth_sha11_exp,SHA2011_V2,2024-08-09
2012,PT,COMPULSORY_HEALTH_INSURANCE,LONG_TERM_CARE,PREVENTION,152735108530.37,9.76,55.34,45.0,2753.52,7.19,23.72,21.67,5.25,5.26,4.77,0.6758,hlth_sha11_hc,SHA2011_V1,2025-04-13
2013,BE,VOLUNTARY_HEALTH_INSURANCE,RETAIL_MEDICAL_GOODS,REHABILITATION,120414670224.38,6.07,69.33,29.0,3466.49,5.28,8.14,21.78,3.61,7.96,6.07,1.303,hlth_sha11_hp,SHA2011_V3,2024-11-25
2014,FI,NPISH_SCHEME,AMBULATORY,MEDICAL_GOODS,205254389318.56,7.28,68.85,30.22,3672.09,6.65,10.05,7.14,3.0,3.32,5.47,1.2917,hlth_sha11_hf,SHA2011_V2,2024-11-09
2015,LV,HOUSEHOLD_OOP,HOSPITALS,CURATIVE_CARE,59238362223.29,7.86,59.81,45.0,4817.17,7.27,12.83,15.77,3.16,8.22,7.62,1.5782,hlth_sha11_exp,SHA2011_V1,2025-01-15
2016,RO,GOV_SCHEME,OTHER,ANCILLARY_SERVICES,95372764028.94,7.24,71.2,30.36,6732.56,6.63,20.77,12.74,3.82,7.62,7.14,1.5047,hlth_sha11_hc,SHA2011_V3,2025-06-15
2017,BG,COMPULSORY_HEALTH_INSURANCE,ADMINISTRATION,GOVERNANCE,310120913924.48,11.46,86.14,15.94,9600.36,5.77,22.8,25.67,5.23,7.54,5.2,0.7098,hlth_sha11_hp,SHA2011_V2,2025-03-06
2018,FR,VOLUNTARY_HEALTH_INSURANCE,PREVENTIVE,LONG_TERM_CARE,224925348599.04,12.88,81.55,24.53,4909.12,1.79,12.24,13.12,3.33,1.56,1.79,0.9579,hlth_sha11_hf,SHA2011_V1,2025-05-31
2019,LT,NPISH_SCHEME,LONG_TERM_CARE,PREVENTION,28062324755.8,9.31,58.31,45.0,3032.52,4.49,13.33,14.65,1.28,8.42,6.4,0.7067,hlth_sha11_exp,SHA2011_V3,2025-03-08
2020,SK,HOUSEHOLD_OOP,RETAIL_MEDICAL_GOODS,REHABILITATION,121623590381.52,8.79,76.57,22.62,1897.78,6.93,26.24,13.13,6.26,0.68,6.64,0.5782,hlth_sha11_hc,SHA2011_V2,2025-01-25
2021,HR,GOV_SCHEME,AMBULATORY,MEDICAL_GOODS,258142477250.72,10.39,63.86,34.35,9046.78,4.75,15.81,14.67,4.36,8.31,6.44,2.007,hlth_sha11_hp,SHA2011_V1,2025-03-04
2022,DE,COMPULSORY_HEALTH_INSURANCE,HOSPITALS,CURATIVE_CARE,176049362925.14,9.19,81.09,29.96,2153.16,7.78,20.85,10.62,4.63,8.29,7.5,1.2405,hlth_sha11_hf,SHA2011_V3,2025-01-13
2023,LU,VOLUNTARY_HEALTH_INSURANCE,OTHER,ANCILLARY_SERVICES,158178603935.24,13.33,58.98,44.42,3072.31,7.26,16.46,3.74,4.89,2.2,1.77,1.2388,hlth_sha11_exp,SHA2011_V2,2025-12-21
2024,SI,NPISH_SCHEME,ADMINISTRATION,GOVERNANCE,66600309831.52,6.44,76.55,20.24,4399.78,2.15,23.23,23.17,5.28,6.08,3.18,1.5414,hlth_sha11_hc,SHA2011_V1,2024-06-24
2025,CY,HOUSEHOLD_OOP,PREVENTIVE,LONG_TERM_CARE,75597245682.63,13.5,56.73,45.0,4515.42,7.06,18.36,20.46,3.43,2.15,7.68,1.6179,hlth_sha11_hp,SHA2011_V3,2024-06-06
2006,GR,GOV_SCHEME,LONG_TERM_CARE,PREVENTION,108683072470.86,6.44,86.34,9.38,1967.67,7.34,25.94,22.5,5.97,8.21,5.84,1.5786,hlth_sha11_hf,SHA2011_V2,2024-02-01
2007,MT,COMPULSORY_HEALTH_INSURANCE,RETAIL_MEDICAL_GOODS,REHABILITATION,98473259582.1,9.24,67.3,39.36,6602.81,7.47,23.47,21.9,4.07,2.0,6.84,0.7997,hlth_sha11_exp,SHA2011_V1,2024-08-21
2008,ES,VOLUNTARY_HEALTH_INSURANCE,AMBULATORY,MEDICAL_GOODS,2446206123.48,13.68,81.59,28.87,1931.25,2.4,26.62,3.37,4.9,4.91,0.97,1.2481,hlth_sha11_hc,SHA2011_V3,2024-09-29
2009,CZ,NPISH_SCHEME,HOSPITALS,CURATIVE_CARE,173217471639.68,13.09,86.13,17.74,6813.16,7.28,13.1,9.3,2.97,5.49,6.35,1.2282,hlth_sha11_hp,SHA2011_V2,2025-12-23
2010,HU,HOUSEHOLD_OOP,OTHER,ANCILLARY_SERVICES,101494303977.36,13.58,64.7,32.05,7845.27,4.34,12.44,20.03,4.99,1.06,5.66,0.5074,hlth_sha11_hf,SHA2011_V1,2024-06-24
2011,NL,GOV_SCHEME,ADMINISTRATION,GOVERNANCE,251368006779.7,10.47,67.4,26.97,4459.34,6.48,25.55,9.98,3.73,5.64,2.85,1.155,hlth_sha11_exp,SHA2011_V3,2024-06-07
2012,SE,COMPULSORY_HEALTH_INSURANCE,PREVENTIVE,LONG_TERM_CARE,105477308216.98,10.98,85.15,11.96,1805.0,1.53,13.82,8.85,2.44,8.05,4.99,1.529,hlth_sha11_hc,SHA2011_V2,2024-06-12
2013,DK,VOLUNTARY_HEALTH_INSURANCE,LONG_TERM_CARE,PREVENTION,5626662616.41,5.98,73.94,29.88,1382.18,6.49,26.45,16.76,2.61,5.56,7.86,0.6282,hlth_sha11_hp,SHA2011_V1,2024-02-07
2014,IE,NPISH_SCHEME,RETAIL_MEDICAL_GOODS,REHABILITATION,275915298202.45,9.78,67.48,31.04,883.32,6.62,14.82,7.48,2.07,5.36,1.37,0.4804,hlth_sha11_hf,SHA2011_V3,2024-08-17
2015,PL,HOUSEHOLD_OOP,AMBULATORY,MEDICAL_GOODS,48870485491.65,11.4,77.51,24.58,7920.79,6.25,15.63,7.09,1.06,5.4,4.57,0.6456,hlth_sha11_exp,SHA2011_V2,2024-11-22
2016,AT,GOV_SCHEME,HOSPITALS,CURATIVE_CARE,173524744330.85,7.66,75.56,19.58,6849.19,2.14,10.49,5.84,1.44,1.21,5.15,0.8251,hlth_sha11_hc,SHA2011_V1,2025-02-26
2017,EE,COMPULSORY_HEALTH_INSURANCE,OTHER,ANCILLARY_SERVICES,249550539874.25,7.41,85.24,11.78,3359.21,4.8,15.7,19.98,6.3,1.44,2.52,1.5223,hlth_sha11_hp,SHA2011_V3,2025-04-23
2018,IT,VOLUNTARY_HEALTH_INSURANCE,ADMINISTRATION,GOVERNANCE,288610541603.11,6.82,58.3,38.23,6580.42,6.05,10.65,4.12,4.01,1.35,6.94,1.6478,hlth_sha11_hf,SHA2011_V2,2026-01-21
2019,PT,NPISH_SCHEME,PREVENTIVE,LONG_TERM_CARE,103969840384.1,11.19,77.85,29.95,9132.52,6.02,13.81,7.17,1.62,4.84,4.8,1.354,hlth_sha11_exp,SHA2011_V1,2024-03-15
2020,BE,HOUSEHOLD_OOP,LONG_TERM_CARE,PREVENTION,31655891968.22,6.54,84.51,13.87,6131.82,5.13,16.38,16.44,1.36,6.24,4.26,1.4433,hlth_sha11_hc,SHA2011_V3,2024-11-13
2021,FI,GOV_SCHEME,RETAIL_MEDICAL_GOODS,REHABILITATION,427290084652.74,12.58,64.94,33.28,5015.31,1.58,15.63,21.07,1.53,5.27,4.09,1.9862,hlth_sha11_hp,SHA2011_V2,2025-03-22
2022,LV,COMPULSORY_HEALTH_INSURANCE,AMBULATORY,MEDICAL_GOODS,57027563403.61,9.26,75.23,32.78,3071.85,4.5,21.39,6.07,3.74,5.31,6.09,0.4297,hlth_sha11_hf,SHA2011_V1,2025-08-14
2023,RO,VOLUNTARY_HEALTH_INSURANCE,HOSPITALS,CURATIVE_CARE,348658025468.37,9.2,86.86,7.9,1895.7,4.8,14.03,26.02,2.69,8.29,2.12,0.9137,hlth_sha11_exp,SHA2011_V3,2024-05-03
2024,BG,NPISH_SCHEME,OTHER,ANCILLARY_SERVICES,242882090115.9,6.86,68.2,36.43,7822.24,5.54,13.66,16.18,3.09,2.5,2.43,1.32,hlth_sha11_hc,SHA2011_V2,2024-09-28
2025,FR,HOUSEHOLD_OOP,ADMINISTRATION,GOVERNANCE,98270753153.35,11.29,84.79,16.17,3996.83,3.14,18.16,6.75,5.94,2.12,3.93,1.1231,hlth_sha11_hp,SHA2011_V1,2025-09-16
2006,LT,GOV_SCHEME,PREVENTIVE,LONG_TERM_CARE,234973948679.36,10.6,81.77,21.72,2498.09,6.01,25.61,12.14,6.35,2.88,1.51,1.0501,hlth_sha11_hf,SHA2011_V3,2025-08-15
2007,SK,COMPULSORY_HEALTH_INSURANCE,LONG_TERM_CARE,PREVENTION,87639180305.95,7.98,71.23,35.31,1720.42,6.33,24.56,20.66,4.77,7.55,1.1,1.6981,hlth_sha11_exp,SHA2011_V2,2025-09-17
2008,HR,VOLUNTARY_HEALTH_INSURANCE,RETAIL_MEDICAL_GOODS,REHABILITATION,230917237294.99,13.62,65.56,36.49,5239.14,3.28,26.63,24.83,5.9,7.86,2.28,1.1879,hlth_sha11_hc,SHA2011_V1,2024-09-05
2009,DE,NPISH_SCHEME,AMBULATORY,MEDICAL_GOODS,80334242674.61,11.01,72.18,34.25,2332.51,7.55,16.54,20.07,6.17,2.83,6.31,1.6176,hlth_sha11_hp,SHA2011_V3,2026-02-10
2010,LU,HOUSEHOLD_OOP,HOSPITALS,CURATIVE_CARE,287682175581.59,6.21,81.07,22.95,1779.4,7.89,15.03,27.59,1.3,4.64,6.23,0.5868,hlth_sha11_hf,SHA2011_V2,2025-05-28
2011,SI,GOV_SCHEME,OTHER,ANCILLARY_SERVICES,260991753801.41,13.7,72.12,22.99,4583.96,2.31,9.32,27.17,2.17,4.95,5.9,0.6251,hlth_sha11_exp,SHA2011_V1,2025-03-12
2012,CY,COMPULSORY_HEALTH_INSURANCE,ADMINISTRATION,GOVERNANCE,260496484374.87,10.65,74.8,35.23,3017.32,6.64,8.62,10.54,1.27,1.98,1.06,0.5497,hlth_sha11_hc,SHA2011_V3,2024-11-29
2013,GR,VOLUNTARY_HEALTH_INSURANCE,PREVENTIVE,LONG_TERM_CARE,128301525280.36,8.48,81.47,27.02,4422.61,7.41,24.31,6.84,3.18,1.36,6.29,1.5017,hlth_sha11_hp,SHA2011_V2,2025-05-20
2014,MT,NPISH_SCHEME,LONG_TERM_CARE,PREVENTION,168649043314.59,5.89,72.45,35.84,1582.88,3.3,17.3,9.22,1.32,6.12,1.37,0.6133,hlth_sha11_hf,SHA2011_V1,2025-04-16
2015,ES,HOUSEHOLD_OOP,RETAIL_MEDICAL_GOODS,REHABILITATION,105697838857.82,9.3,65.09,29.16,10458.79,5.93,26.72,3.33,5.47,2.38,5.22,1.4315,hlth_sha11_exp,SHA2011_V3,2024-02-10
2016,CZ,GOV_SCHEME,AMBULATORY,MEDICAL_GOODS,99523772709.92,8.57,74.09,27.72,7438.37,5.8,25.01,23.34,4.93,1.07,7.37,1.1346,hlth_sha11_hc,SHA2011_V2,2024-05-03
2017,HU,COMPULSORY_HEALTH_INSURANCE,HOSPITALS,CURATIVE_CARE,276706653606.07,8.75,56.56,45.0,2106.83,1.94,10.74,16.37,1.98,7.31,3.16,0.892,hlth_sha11_hp,SHA2011_V1,2024-09-25
2018,NL,VOLUNTARY_HEALTH_INSURANCE,OTHER,ANCILLARY_SERVICES,269691683690.78,6.21,69.63,29.84,7355.7,7.01,17.34,7.46,5.11,8.43,6.4,1.6322,hlth_sha11_hf,SHA2011_V3,2024-03-24
2019,SE,NPISH_SCHEME,ADMINISTRATION,GOVERNANCE,18952592173.28,9.88,60.67,44.13,5475.11,3.63,15.41,22.24,3.14,0.46,4.07,0.8426,hlth_sha11_exp,SHA2011_V2,2025-10-28
2020,DK,HOUSEHOLD_OOP,PREVENTIVE,LONG_TERM_CARE,89161752572.02,11.47,63.08,35.45,6506.45,3.94,12.74,11.11,2.6,2.96,6.55,1.6871,hlth_sha11_hc,SHA2011_V1,2024-06-01
2021,IE,GOV_SCHEME,LONG_TERM_CARE,PREVENTION,37216228998.63,10.42,57.39,45.0,10308.5,2.87,20.61,4.99,2.6,4.34,7.58,1.2274,hlth_sha11_hp,SHA2011_V3,2025-05-08
2022,PL,COMPULSORY_HEALTH_INSURANCE,RETAIL_MEDICAL_GOODS,REHABILITATION,2037867672.61,8.67,84.58,11.58,4889.41,6.21,17.16,26.99,3.72,0.67,1.32,0.6392,hlth_sha11_hf,SHA2011_V2,2024-03-08
2023,AT,VOLUNTARY_HEALTH_INSURANCE,AMBULATORY,MEDICAL_GOODS,294465995392.18,7.05,86.95,13.91,7124.41,4.97,13.5,12.95,3.16,7.42,3.3,1.3604,hlth_sha11_exp,SHA2011_V1,2025-01-03
2024,EE,NPISH_SCHEME,HOSPITALS,CURATIVE_CARE,157443004499.03,11.09,71.53,28.66,4282.43,7.53,12.05,18.68,5.23,5.19,1.97,1.6124,hlth_sha11_hc,SHA2011_V3,2026-02-19
2025,IT,HOUSEHOLD_OOP,OTHER,ANCILLARY_SERVICES,219131375800.24,7.43,71.22,31.74,2536.43,4.12,10.49,11.16,3.57,0.73,6.24,0.767,hlth_sha11_hp,SHA2011_V2,2024-10-01
2006,PT,GOV_SCHEME,ADMINISTRATION,GOVERNANCE,54789380254.4,5.67,62.6,36.94,978.73,4.04,16.65,9.34,2.73,7.53,2.16,0.526,hlth_sha11_hf,SHA2011_V1,2024-08-04
2007,BE,COMPULSORY_HEALTH_INSURANCE,PREVENTIVE,LONG_TERM_CARE,202109760945.42,12.91,77.6,21.02,2369.24,4.97,22.95,26.23,3.63,2.11,5.63,1.0824,hlth_sha11_exp,SHA2011_V3,2024-11-22
2008,FI,VOLUNTARY_HEALTH_INSURANCE,LONG_TERM_CARE,PREVENTION,40554763926.44,11.48,64.67,29.42,8163.36,6.65,12.73,9.73,2.91,3.72,4.29,0.4567,hlth_sha11_hc,SHA2011_V2,2026-01-05
2009,LV,NPISH_SCHEME,RETAIL_MEDICAL_GOODS,REHABILITATION,10303291551.37,13.47,76.32,18.73,7857.89,3.51,16.55,3.88,3.07,2.69,3.75,1.6007,hlth_sha11_hp,SHA2011_V1,2025-09-22
2010,RO,HOUSEHOLD_OOP,AMBULATORY,MEDICAL_GOODS,208467727984.32,8.9,87.29,15.54,1283.03,2.35,20.22,21.46,2.71,5.8,2.39,1.6328,hlth_sha11_hf,SHA2011_V3,2024-11-24
2011,BG,GOV_SCHEME,HOSPITALS,CURATIVE_CARE,31522766140.9,10.33,68.6,36.0,2440.93,4.71,25.09,21.01,5.25,6.98,6.24,1.7235,hlth_sha11_exp,SHA2011_V2,2025-08-31
2012,FR,COMPULSORY_HEALTH_INSURANCE,OTHER,ANCILLARY_SERVICES,122647392605.11,10.41,83.0,27.79,2746.9,5.62,23.67,15.92,2.13,6.87,2.49,0.8192,hlth_sha11_hc,SHA2011_V1,2024-09-12
2013,LT,VOLUNTARY_HEALTH_INSURANCE,ADMINISTRATION,GOVERNANCE,299166748704.79,12.03,79.75,27.64,6036.28,6.95,22.44,17.1,5.67,0.73,5.58,0.767,hlth_sha11_hp,SHA2011_V3,2025-06-29
2014,SK,NPISH_SCHEME,PREVENTIVE,LONG_TERM_CARE,110457043413.51,11.76,73.89,20.35,1625.47,3.08,9.09,27.57,6.37,7.67,2.63,1.2794,hlth_sha11_hf,SHA2011_V2,2025-07-03
2015,HR,HOUSEHOLD_OOP,LONG_TERM_CARE,PREVENTION,117513331301.74,9.39,61.68,45.0,5625.95,5.41,18.34,18.16,2.56,2.75,5.61,1.459,hlth_sha11_exp,SHA2011_V1,2025-06-15
2016,DE,GOV_SCHEME,RETAIL_MEDICAL_GOODS,REHABILITATION,269212402932.34,9.88,66.85,39.38,9047.4,6.96,23.74,12.54,2.56,6.39,7.79,1.4806,hlth_sha11_hc,SHA2011_V3,2025-02-20
2017,LU,COMPULSORY_HEALTH_INSURANCE,AMBULATORY,MEDICAL_GOODS,108485360438.06,9.33,64.14,30.21,9786.68,2.89,16.31,4.19,2.15,4.66,4.88,0.887,hlth_sha11_hp,SHA2011_V2,2026-02-03
2018,SI,VOLUNTARY_HEALTH_INSURANCE,HOSPITALS,CURATIVE_CARE,330001338499.6,10.82,76.8,19.47,1970.92,3.51,21.17,24.61,4.16,4.42,1.53,1.6764,hlth_sha11_hf,SHA2011_V1,2024-06-05
2019,CY,NPISH_SCHEME,OTHER,ANCILLARY_SERVICES,64298479664.6,8.71,68.98,40.27,2965.54,7.01,24.88,15.16,1.41,3.25,1.89,0.4721,hlth_sha11_exp,SHA2011_V3,2024-06-19
2020,GR,HOUSEHOLD_OOP,ADMINISTRATION,GOVERNANCE,175961744758.68,9.11,82.01,29.58,1311.13,1.77,9.87,27.33,1.54,7.23,3.12,1.5312,hlth_sha11_hc,SHA2011_V2,2024-07-24
2021,MT,GOV_SCHEME,PREVENTIVE,LONG_TERM_CARE,42523367900.44,9.92,71.24,39.95,5988.68,2.25,22.73,14.62,1.15,5.47,0.98,1.8127,hlth_sha11_hp,SHA2011_V1,2024-11-01
2022,ES,COMPULSORY_HEALTH_INSURANCE,LONG_TERM_CARE,PREVENTION,34670811448.11,6.67,73.13,22.86,4806.07,6.92,24.68,5.57,3.54,7.61,4.36,0.4698,hlth_sha11_hf,SHA2011_V3,2024-11-12
2023,CZ,VOLUNTARY_HEALTH_INSURANCE,RETAIL_MEDICAL_GOODS,REHABILITATION,249808585130.54,9.17,70.6,34.33,1856.24,4.59,16.24,21.42,5.43,2.98,5.53,1.5856,hlth_sha11_exp,SHA2011_V2,2024-04-05
2024,HU,NPISH_SCHEME,AMBULATORY,MEDICAL_GOODS,200152158642.6,6.54,63.48,35.27,10741.97,6.98,12.97,9.58,2.86,3.34,3.8,1.3036,hlth_sha11_hc,SHA2011_V1,2025-10-21
2025,NL,HOUSEHOLD_OOP,HOSPITALS,CURATIVE_CARE,103419359153.59,9.61,86.81,14.89,9756.25,3.13,12.25,15.57,3.28,2.46,1.26,0.9945,hlth_sha11_hp,SHA2011_V3,2026-01-12
2006,SE,GOV_SCHEME,OTHER,ANCILLARY_SERVICES,78741299549.16,8.48,70.03,32.14,4627.77,2.45,12.57,10.94,5.63,3.4,2.13,1.5992,hlth_sha11_hf,SHA2011_V2,2025-12-02
2007,DK,COMPULSORY_HEALTH_INSURANCE,ADMINISTRATION,GOVERNANCE,243763099562.51,5.61,66.0,29.59,5766.41,3.9,14.33,24.1,2.0,2.38,5.11,0.4666,hlth_sha11_exp,SHA2011_V1,2024-08-15
2008,IE,VOLUNTARY_HEALTH_INSURANCE,PREVENTIVE,LONG_TERM_CARE,61983720843.99,8.16,81.77,13.5,2388.66,6.72,24.91,14.86,5.83,0.67,5.88,0.5975,hlth_sha11_hc,SHA2011_V3,2024-12-06
2009,PL,NPISH_SCHEME,LONG_TERM_CARE,PREVENTION,72812009056.7,8.15,61.93,40.3,1535.25,3.64,20.3,9.26,4.94,8.47,3.26,1.4985,hlth_sha11_hp,SHA2011_V2,2025-05-15
2010,AT,HOUSEHOLD_OOP,RETAIL_MEDICAL_GOODS,REHABILITATION,93743255722.26,7.76,62.74,43.61,5018.68,4.6,24.64,21.61,3.34,7.5,1.59,0.7022,hlth_sha11_hf,SHA2011_V1,2024-11-14
2011,EE,GOV_SCHEME,AMBULATORY,MEDICAL_GOODS,95081687362.47,12.38,81.81,15.06,4083.01,3.67,24.91,26.68,4.51,7.81,6.12,1.5076,hlth_sha11_exp,SHA2011_V3,2024-10-12
2012,IT,COMPULSORY_HEALTH_INSURANCE,HOSPITALS,CURATIVE_CARE,191224294232.87,6.61,71.71,24.56,4887.84,6.39,25.68,5.59,1.56,6.53,3.86,1.6235,hlth_sha11_hc,SHA2011_V2,2025-12-04
2013,PT,VOLUNTARY_HEALTH_INSURANCE,OTHER,ANCILLARY_SERVICES,71845290796.15,12.17,78.44,18.88,1286.38,3.93,20.55,9.69,2.54,5.03,6.63,0.7381,hlth_sha11_hp,SHA2011_V1,2025-12-03
2014,BE,NPISH_SCHEME,ADMINISTRATION,GOVERNANCE,112573675498.65,6.08,60.91,33.26,6350.7,6.56,22.0,25.69,3.8,0.68,2.0,0.6781,hlth_sha11_hf,SHA2011_V3,2025-02-14
2015,FI,HOUSEHOLD_OOP,PREVENTIVE,LONG_TERM_CARE,133453310623.72,13.17,76.95,20.32,6714.99,3.1,19.52,4.96,3.05,4.44,1.35,1.1412,hlth_sha11_exp,SHA2011_V2,2024-11-20
2016,LV,GOV_SCHEME,LONG_TERM_CARE,PREVENTION,296877242030.29,6.24,66.97,34.96,6579.9,3.71,25.63,11.3,2.41,4.37,6.15,1.5871,hlth_sha11_hc,SHA2011_V1,2024-07-02
2017,RO,COMPULSORY_HEALTH_INSURANCE,RETAIL_MEDICAL_GOODS,REHABILITATION,46130287124.81,11.98,55.98,45.0,4742.96,5.22,16.32,16.74,1.63,3.51,1.75,1.2075,hlth_sha11_hp,SHA2011_V3,2024-03-29
2018,BG,VOLUNTARY_HEALTH_INSURANCE,AMBULATORY,MEDICAL_GOODS,340771680497.55,12.89,87.06,24.51,4833.68,2.72,26.81,17.83,2.05,2.18,5.42,1.0042,hlth_sha11_hf,SHA2011_V2,2025-08-23
2019,FR,NPISH_SCHEME,HOSPITALS,CURATIVE_CARE,221342770358.22,6.35,56.82,37.21,5243.33,7.87,14.04,21.22,5.21,3.05,7.19,0.7365,hlth_sha11_exp,SHA2011_V1,2025-06-28
2020,LT,HOUSEHOLD_OOP,OTHER,ANCILLARY_SERVICES,14704384719.05,6.34,79.75,26.19,5197.51,3.48,25.66,19.03,1.61,6.2,3.61,0.9506,hlth_sha11_hc,SHA2011_V3,2024-06-14
2021,SK,GOV_SCHEME,ADMINISTRATION,GOVERNANCE,110996831725.34,13.64,66.21,40.09,5526.74,6.51,10.06,22.92,6.17,9.81,7.01,1.707,hlth_sha11_hp,SHA2011_V2,2025-10-04
2022,HR,COMPULSORY_HEALTH_INSURANCE,PREVENTIVE,LONG_TERM_CARE,298773662706.1,8.16,67.48,43.2,5891.96,3.6,25.37,19.68,2.95,2.68,3.46,1.5321,hlth_sha11_hf,SHA2011_V1,2024-07-29
2023,DE,VOLUNTARY_HEALTH_INSURANCE,LONG_TERM_CARE,PREVENTION,149782784390.72,12.99,79.44,32.09,10687.47,1.52,23.33,14.63,5.66,2.95,0.99,1.1034,hlth_sha11_exp,SHA2011_V3,2026-02-09
2024,LU,NPISH_SCHEME,RETAIL_MEDICAL_GOODS,REHABILITATION,24122123007.25,9.67,85.06,16.47,6389.04,4.79,10.18,16.56,3.84,3.07,6.26,1.2435,hlth_sha11_hc,SHA2011_V2,2025-11-17
2025,SI,HOUSEHOLD_OOP,AMBULATORY,MEDICAL_GOODS,92687281719.14,10.32,68.38,38.18,2750.29,1.95,21.92,17.57,4.69,6.91,5.24,1.069,hlth_sha11_hp,SHA2011_V1,2024-07-05
2006,CY,GOV_SCHEME,HOSPITALS,CURATIVE_CARE,7335676740.7,9.56,65.47,43.46,3541.6,4.42,14.5,9.56,5.82,2.44,7.52,0.6902,hlth_sha11_hf,SHA2011_V3,2026-02-22
2007,GR,COMPULSORY_HEALTH_INSURANCE,OTHER,ANCILLARY_SERVICES,166374751831.03,7.92,56.0,45.0,5894.75,6.19,22.93,4.54,2.29,4.34,6.87,1.0119,hlth_sha11_exp,SHA2011_V2,2025-02-11
2008,MT,VOLUNTARY_HEALTH_INSURANCE,ADMINISTRATION,GOVERNANCE,49235156764.64,13.77,77.98,25.5,4084.12,2.79,20.7,18.78,3.41,5.04,1.21,0.7197,hlth_sha11_hc,SHA2011_V1,2025-09-06
2009,ES,NPISH_SCHEME,PREVENTIVE,LONG_TERM_CARE,243764916251.19,8.09,76.58,20.88,6926.8,4.9,15.49,6.43,5.81,0.61,2.91,1.5869,hlth_sha11_hp,SHA2011_V3,2024-05-21
2010,CZ,HOUSEHOLD_OOP,LONG_TERM_CARE,PREVENTION,143779340844.41,11.65,59.71,44.44,3166.14,7.3,8.23,13.65,5.49,6.01,2.86,0.7607,hlth_sha11_hf,SHA2011_V2,2025-01-18
2011,HU,GOV_SCHEME,RETAIL_MEDICAL_GOODS,REHABILITATION,1804392816.19,10.83,82.61,26.5,6735.71,4.72,11.28,10.21,5.37,6.04,4.52,0.7712,hlth_sha11_exp,SHA2011_V1,2024-04-15
2012,NL,COMPULSORY_HEALTH_INSURANCE,AMBULATORY,MEDICAL_GOODS,194546803213.91,8.81,57.17,45.0,3414.73,6.33,13.09,15.58,1.0,2.7,8.24,0.4956,hlth_sha11_hc,SHA2011_V3,2024-06-26
2013,SE,VOLUNTARY_HEALTH_INSURANCE,HOSPITALS,CURATIVE_CARE,66585524111.59,5.55,77.63,22.45,1907.47,2.12,25.63,21.8,6.21,8.22,5.55,1.5546,hlth_sha11_hp,SHA2011_V2,2025-04-28
2014,DK,NPISH_SCHEME,OTHER,ANCILLARY_SERVICES,77686179958.24,8.41,66.41,29.07,6425.07,2.91,23.25,15.17,3.63,2.49,7.87,0.6865,hlth_sha11_hf,SHA2011_V1,2025-01-25
2015,IE,HOUSEHOLD_OOP,ADMINISTRATION,GOVERNANCE,43227917088.96,6.14,58.74,39.29,7392.16,6.72,11.29,20.89,5.72,0.91,7.36,1.0966,hlth_sha11_exp,SHA2011_V3,2025-09-26
2016,PL,GOV_SCHEME,PREVENTIVE,LONG_TERM_CARE,7116681870.16,11.89,82.82,25.1,6671.81,3.72,12.64,5.15,1.36,5.09,8.09,1.3746,hlth_sha11_hc,SHA2011_V2,2024-05-18
2017,AT,COMPULSORY_HEALTH_INSURANCE,LONG_TERM_CARE,PREVENTION,89318010366.93,10.24,58.22,45.0,3887.99,4.16,19.35,24.4,2.03,2.91,4.84,0.5042,hlth_sha11_hp,SHA2011_V1,2025-08-06
2018,EE,VOLUNTARY_HEALTH_INSURANCE,RETAIL_MEDICAL_GOODS,REHABILITATION,234170459627.93,12.77,81.52,14.67,7504.38,6.95,16.95,15.05,2.78,4.08,5.0,1.7293,hlth_sha11_hf,SHA2011_V3,2024-04-01
2019,IT,NPISH_SCHEME,AMBULATORY,MEDICAL_GOODS,238811065976.49,6.32,59.46,45.0,5749.68,3.29,19.04,21.03,5.87,7.23,3.65,1.2967,hlth_sha11_exp,SHA2011_V2,2025-02-02
2020,PT,HOUSEHOLD_OOP,HOSPITALS,CURATIVE_CARE,47476164985.29,11.67,58.44,45.0,6644.01,1.68,23.1,25.77,3.68,9.44,4.66,0.6118,hlth_sha11_hc,SHA2011_V1,2026-01-08
2021,BE,GOV_SCHEME,OTHER,ANCILLARY_SERVICES,198335424077.1,9.12,71.35,35.91,3434.62,6.96,9.88,26.32,1.49,2.85,7.73,1.4883,hlth_sha11_hp,SHA2011_V3,2025-11-22
2022,FI,COMPULSORY_HEALTH_INSURANCE,ADMINISTRATION,GOVERNANCE,203177260454.71,6.34,66.07,34.39,1947.68,7.95,24.31,16.12,6.38,5.72,1.68,1.4667,hlth_sha11_hf,SHA2011_V2,2024-02-07
2023,LV,VOLUNTARY_HEALTH_INSURANCE,PREVENTIVE,LONG_TERM_CARE,241161337552.84,9.58,70.07,27.96,1347.56,7.29,26.39,26.64,4.69,4.06,5.78,1.3269,hlth_sha11_exp,SHA2011_V1,2025-04-08
2024,RO,NPISH_SCHEME,LONG_TERM_CARE,PREVENTION,196707657666.99,12.85,79.43,15.33,2307.59,5.23,15.36,4.62,2.4,4.03,0.81,1.4048,hlth_sha11_hc,SHA2011_V3,2024-07-26
2025,BG,HOUSEHOLD_OOP,RETAIL_MEDICAL_GOODS,REHABILITATION,99900926831.75,8.43,57.23,39.68,3421.32,4.02,14.81,18.41,2.99,4.08,2.94,1.5843,hlth_sha11_hp,SHA2011_V2,2025-07-21
2006,FR,GOV_SCHEME,AMBULATORY,MEDICAL_GOODS,174471263004.94,11.85,62.86,44.08,3093.03,2.95,18.35,25.59,2.99,2.82,3.73,1.3084,hlth_sha11_hf,SHA2011_V1,2025-12-21
2007,LT,COMPULSORY_HEALTH_INSURANCE,HOSPITALS,CURATIVE_CARE,207988967734.81,8.43,69.95,27.14,6464.39,5.67,24.74,15.25,2.35,2.54,4.39,1.4759,hlth_sha11_exp,SHA2011_V3,2025-05-08
2008,SK,VOLUNTARY_HEALTH_INSURANCE,OTHER,ANCILLARY_SERVICES,94447062367.82,9.05,74.68,31.43,7095.51,3.04,18.06,8.99,5.9,0.87,7.39,1.5027,hlth_sha11_hc,SHA2011_V2,2025-12-26
2009,HR,NPISH_SCHEME,ADMINISTRATION,GOVERNANCE,65406742689.95,11.46,64.31,45.0,6830.67,2.92,16.96,27.14,1.08,3.98,4.65,1.418,hlth_sha11_hp,SHA2011_V1,2024-07-12
2010,DE,HOUSEHOLD_OOP,PREVENTIVE,LONG_TERM_CARE,222126722079.06,7.41,86.47,24.86,2484.44,5.6,23.76,13.58,1.99,2.42,3.58,1.4691,hlth_sha11_hf,SHA2011_V3,2026-01-13
2011,LU,GOV_SCHEME,LONG_TERM_CARE,PREVENTION,252126098943.48,6.51,74.12,29.08,1645.89,4.76,25.09,11.16,4.49,2.57,6.55,1.2598,hlth_sha11_exp,SHA2011_V2,2025-03-08
2012,SI,COMPULSORY_HEALTH_INSURANCE,RETAIL_MEDICAL_GOODS,REHABILITATION,75430090642.83,10.07,85.83,24.0,2948.8,5.25,19.21,25.65,1.26,7.7,3.95,1.5424,hlth_sha11_hc,SHA2011_V1,2025-06-11
2013,CY,VOLUNTARY_HEALTH_INSURANCE,AMBULATORY,MEDICAL_GOODS,36293223089.07,11.35,79.74,29.74,4127.95,2.32,26.3,12.35,2.24,3.21,7.9,1.4924,hlth_sha11_hp,SHA2011_V3,2025-02-28
2014,GR,NPISH_SCHEME,HOSPITALS,CURATIVE_CARE,129437380544.92,13.73,86.23,12.56,6561.43,3.41,20.68,22.63,4.86,3.02,6.03,0.4431,hlth_sha11_hf,SHA2011_V2,2026-02-25
2015,MT,HOUSEHOLD_OOP,OTHER,ANCILLARY_SERVICES,270485870050.78,5.58,68.2,42.25,2585.82,2.44,26.94,9.15,2.91,4.53,1.15,1.4094,hlth_sha11_exp,SHA2011_V1,2025-05-25
2016,ES,GOV_SCHEME,ADMINISTRATION,GOVERNANCE,43365452720.39,7.61,76.53,20.16,3589.46,4.38,10.54,21.48,5.56,6.49,1.23,0.771,hlth_sha11_hc,SHA2011_V3,2024-12-03
2017,CZ,COMPULSORY_HEALTH_INSURANCE,PREVENTIVE,LONG_TERM_CARE,222759937832.69,7.85,70.42,40.68,5618.8,3.44,17.67,26.53,4.29,4.43,7.07,1.2994,hlth_sha11_hp,SHA2011_V2,2024-12-25
2018,HU,VOLUNTARY_HEALTH_INSURANCE,LONG_TERM_CARE,PREVENTION,56670127326.06,13.04,85.29,16.86,2101.74,2.82,11.82,7.75,1.59,5.73,3.9,1.1047,hlth_sha11_hf,SHA2011_V1,2025-06-16
2019,NL,NPISH_SCHEME,RETAIL_MEDICAL_GOODS,REHABILITATION,189749754703.72,11.98,58.44,45.0,3577.6,4.6,23.03,24.74,6.25,7.96,4.57,1.0978,hlth_sha11_exp,SHA2011_V3,2025-10-28
2020,SE,HOUSEHOLD_OOP,AMBULATORY,MEDICAL_GOODS,122224074852.05,9.1,57.86,36.54,8099.64,4.79,11.55,6.51,2.64,1.02,1.68,2.0719,hlth_sha11_hc,SHA2011_V2,2024-10-25
2021,DK,GOV_SCHEME,HOSPITALS,CURATIVE_CARE,200898796328.56,5.94,57.95,45.0,4473.34,5.69,13.69,12.77,5.86,2.01,5.62,1.4209,hlth_sha11_hp,SHA2011_V1,2024-06-11
2022,IE,COMPULSORY_HEALTH_INSURANCE,OTHER,ANCILLARY_SERVICES,110233476560.02,12.16,76.39,24.44,5946.09,6.77,9.93,8.85,4.51,6.53,1.21,1.4069,hlth_sha11_hf,SHA2011_V3,2025-07-03
2023,PL,VOLUNTARY_HEALTH_INSURANCE,ADMINISTRATION,GOVERNANCE,135093863871.41,6.37,69.05,38.81,3961.89,4.79,26.53,27.08,1.67,3.55,1.95,1.0047,hlth_sha11_exp,SHA2011_V2,2024-12-04
2024,AT,NPISH_SCHEME,PREVENTIVE,LONG_TERM_CARE,191718133729.74,11.03,56.89,45.0,2921.83,6.7,22.62,12.02,4.46,7.03,8.01,1.5364,hlth_sha11_hc,SHA2011_V1,2024-08-13
2025,EE,HOUSEHOLD_OOP,LONG_TERM_CARE,PREVENTION,232647156433.25,8.7,59.1,39.01,4367.02,5.25,14.32,14.93,6.22,8.35,6.33,0.9907,hlth_sha11_hp,SHA2011_V3,2024-08-03
