ph_mental_reference_year,ph_mental_country_iso2,ph_mental_region_nuts_code,ph_mental_age_group,ph_mental_sex,ph_mental_depressive_symptoms_rate_pct,ph_mental_anxiety_rate_pct,ph_mental_wellbeing_index_score,ph_mental_self_harm_rate_per_100k,ph_mental_suicide_rate_per_100k,ph_mental_psych_services_access_rate_pct,ph_mental_waiting_time_days_median,ph_mental_antidepressant_use_did,ph_mental_sick_leave_due_to_mental_health_days,ph_mental_work_stress_index,ph_mental_loneliness_rate_pct,ph_mental_mental_health_strategy_flag,ph_mental_ehis_table_code,ph_mental_survey_weight,ph_mental_data_extract_date
2006,AT,AT879,15_24,F,22.1,5.89,29.04,109.99,3.31,37.58,79.16,25.27,8953,46.68,26.73,0,HLTH_EHIS_MH1,2.4263,2026-01-09
2007,EE,SK9,55_64,M,12.87,19.13,33.16,28.5,24.15,22.14,63.82,30.73,16599,38.24,23.18,0,HLTH_EHIS_MH2,4.6683,2025-05-22
2008,IT,CZ60,25_34,X,6.71,13.58,45.35,70.99,13.04,59.45,13.12,31.02,12447,25.08,26.66,0,HLTH_EHIS_MH3,3.9084,2024-07-01
2009,PT,RO207,65_74,F,15.86,16.02,52.23,48.76,18.88,32.4,35.98,141.02,7345,73.67,36.58,0,HLTH_EHIS_MH4,1.979,2024-06-21
2010,BE,LT84,35_44,M,18.76,16.39,41.86,41.65,5.0,67.32,90.18,43.07,1582,61.27,27.43,0,HLTH_EHIS_MH1,2.6741,2025-04-13
2011,FI,CZ1,75_PLUS,X,15.21,5.21,36.46,24.57,11.49,42.01,43.72,79.81,17953,43.02,35.79,0,HLTH_EHIS_MH2,0.6024,2025-09-23
2012,LV,LT83,45_54,F,16.9,9.36,45.76,66.2,12.07,58.92,31.03,104.46,6709,82.92,12.17,0,HLTH_EHIS_MH3,1.4308,2024-02-05
2013,RO,BG6,15_24,M,9.14,6.28,63.97,115.0,20.54,76.8,113.17,135.15,8516,29.76,17.21,1,HLTH_EHIS_MH4,2.2676,2024-08-26
2014,BG,HR22,55_64,X,8.51,13.82,61.2,29.89,4.85,29.61,16.59,115.82,11183,23.29,10.49,1,HLTH_EHIS_MH1,2.7461,2025-07-16
2015,FR,DK138,25_34,F,10.16,18.79,58.47,16.46,16.4,35.54,33.52,114.65,2305,51.48,9.71,0,HLTH_EHIS_MH2,4.0733,2025-03-18
2016,LT,IT7,65_74,M,8.48,16.71,40.64,61.41,25.23,80.27,87.06,95.46,8604,36.76,15.75,0,HLTH_EHIS_MH3,3.1676,2024-09-03
2017,SK,LT4,35_44,X,14.8,5.15,61.38,63.76,8.25,23.83,56.47,24.75,7671,19.85,7.04,1,HLTH_EHIS_MH4,4.4971,2024-02-25
2018,HR,RO77,75_PLUS,F,23.02,14.65,47.45,55.76,19.66,37.27,13.52,91.72,11585,38.18,10.47,1,HLTH_EHIS_MH1,3.5475,2024-10-02
2019,DE,CZ64,45_54,M,4.02,15.73,40.02,50.67,18.3,69.2,127.85,120.66,6370,60.97,27.74,1,HLTH_EHIS_MH2,3.6387,2024-09-02
2020,LU,BE167,15_24,X,23.22,16.38,44.87,25.07,6.51,42.38,107.17,79.86,13769,25.32,22.95,1,HLTH_EHIS_MH3,0.6492,2025-11-20
2021,SI,RO8,55_64,F,29.04,17.06,49.12,34.85,6.27,34.93,151.76,38.0,19700,54.82,34.35,1,HLTH_EHIS_MH4,2.1642,2026-02-14
2022,CY,HU99,25_34,M,20.29,21.82,35.05,114.12,7.4,65.97,69.19,106.54,15637,85.08,14.87,1,HLTH_EHIS_MH1,0.4151,2025-02-13
2023,GR,SE45,65_74,X,11.3,5.2,48.48,55.25,16.33,39.74,100.09,147.1,7448,62.35,28.67,0,HLTH_EHIS_MH2,2.5147,2024-02-08
2024,MT,DE4,35_44,F,20.29,23.09,49.41,75.64,7.44,35.08,76.3,22.38,15970,67.32,15.62,1,HLTH_EHIS_MH3,4.5772,2024-04-12
2025,ES,IT808,75_PLUS,M,6.89,24.25,56.87,26.47,20.2,31.32,134.2,120.84,13959,49.78,40.3,1,HLTH_EHIS_MH4,0.4337,2025-11-18
2006,CZ,IE107,45_54,X,5.67,9.56,75.47,72.05,12.78,64.64,36.55,65.49,836,84.97,30.22,0,HLTH_EHIS_MH1,3.5246,2025-01-26
2007,HU,DK29,15_24,F,24.24,28.07,48.44,60.36,14.55,36.08,90.52,137.2,10675,31.99,13.79,0,HLTH_EHIS_MH2,1.2235,2024-05-12
2008,NL,SK3,55_64,M,7.98,19.1,47.4,35.78,23.97,70.46,40.21,31.18,5223,69.81,15.16,0,HLTH_EHIS_MH3,4.2828,2024-12-12
2009,SE,IE5,25_34,X,17.23,15.27,42.14,74.91,6.32,31.9,62.42,46.22,10879,33.61,35.08,0,HLTH_EHIS_MH4,3.9982,2024-04-03
2010,DK,DE88,65_74,F,19.6,26.74,54.25,79.68,18.72,25.46,86.68,152.36,3649,48.31,28.92,0,HLTH_EHIS_MH1,0.5117,2026-01-07
2011,IE,EE32,35_44,M,13.52,7.23,34.44,70.19,6.17,46.42,66.88,20.92,12867,80.09,22.83,0,HLTH_EHIS_MH2,3.8593,2025-11-09
2012,PL,CY31,75_PLUS,X,5.94,17.9,40.77,28.13,3.91,61.47,22.55,27.93,11972,17.76,13.35,0,HLTH_EHIS_MH3,4.4124,2024-12-09
2013,AT,PT9,45_54,F,17.94,7.59,38.28,21.63,10.4,50.22,51.79,113.66,3094,78.49,13.48,0,HLTH_EHIS_MH4,4.5739,2025-11-11
2014,EE,SE4,15_24,M,22.56,14.81,54.11,12.85,14.75,66.17,26.15,57.53,5527,38.98,15.35,1,HLTH_EHIS_MH1,1.4267,2025-12-09
2015,IT,DK13,55_64,X,8.99,12.75,37.01,10.84,5.09,83.44,36.71,85.4,7612,55.42,16.09,1,HLTH_EHIS_MH2,2.7633,2024-06-13
2016,PT,LT174,25_34,F,15.93,17.55,41.08,17.74,13.97,34.23,58.85,29.17,9237,43.32,20.93,1,HLTH_EHIS_MH3,2.1986,2025-05-18
2017,BE,CY36,65_74,M,19.91,23.75,31.23,34.38,17.53,33.55,33.82,89.81,10232,61.34,10.48,1,HLTH_EHIS_MH4,2.3984,2025-05-21
2018,FI,IE457,35_44,X,6.91,8.98,36.75,22.81,13.3,27.66,123.14,52.7,2836,67.72,7.6,0,HLTH_EHIS_MH1,1.9605,2024-08-10
2019,LV,AT653,75_PLUS,F,11.99,11.16,41.61,57.77,6.36,77.54,120.03,162.29,4960,44.83,29.54,0,HLTH_EHIS_MH2,1.9037,2024-02-05
2020,RO,FI91,45_54,M,7.45,8.63,65.69,94.76,5.88,75.36,114.07,96.97,530,65.5,19.26,1,HLTH_EHIS_MH3,1.2645,2025-10-24
2021,BG,LU815,15_24,X,13.58,28.32,40.7,67.14,12.09,78.24,54.21,35.92,6677,78.96,12.43,1,HLTH_EHIS_MH4,0.4584,2025-05-12
2022,FR,FI152,55_64,F,15.45,17.52,42.26,25.95,7.78,35.08,70.57,76.46,1475,33.32,9.43,1,HLTH_EHIS_MH1,0.8456,2024-06-26
2023,LT,BG68,25_34,M,16.98,9.73,34.75,22.27,5.66,65.91,87.98,40.67,5860,60.96,28.28,1,HLTH_EHIS_MH2,1.7964,2025-12-10
2024,SK,BG14,65_74,X,13.85,5.68,58.65,49.67,13.28,81.0,13.06,67.58,10717,34.07,15.17,1,HLTH_EHIS_MH3,4.5993,2024-10-29
2025,HR,RO5,35_44,F,14.92,27.32,52.57,37.67,12.87,61.6,30.47,39.58,10241,31.21,30.98,1,HLTH_EHIS_MH4,0.9302,2025-07-08
2006,DE,HR9,75_PLUS,M,22.13,17.21,41.16,72.97,18.23,73.09,126.11,84.77,4495,71.65,39.27,0,HLTH_EHIS_MH1,4.6973,2025-11-26
2007,LU,RO701,45_54,X,16.7,15.34,61.57,64.29,8.23,41.54,165.52,20.49,11988,52.88,20.61,0,HLTH_EHIS_MH2,1.0736,2024-11-07
2008,SI,ES781,15_24,F,13.0,9.0,66.56,53.38,10.14,38.73,80.49,32.61,2986,29.55,23.76,0,HLTH_EHIS_MH3,1.2231,2025-03-25
2009,CY,PT49,55_64,M,8.52,21.77,41.53,29.37,9.42,66.71,101.2,152.28,7985,75.59,14.74,0,HLTH_EHIS_MH4,3.2095,2024-09-24
2010,GR,GR429,25_34,X,9.54,21.51,39.17,50.75,5.3,60.81,52.31,123.87,683,76.94,19.91,0,HLTH_EHIS_MH1,1.518,2024-03-07
2011,MT,LV82,65_74,F,19.75,21.39,45.5,68.12,19.39,39.68,71.46,158.06,4162,50.88,31.29,0,HLTH_EHIS_MH2,2.7499,2025-09-08
2012,ES,PT99,35_44,M,19.98,15.25,62.28,49.83,10.44,46.24,15.25,130.91,14796,67.95,24.09,0,HLTH_EHIS_MH3,2.2435,2025-05-27
2013,CZ,NL72,75_PLUS,X,9.59,22.82,57.64,44.64,13.49,33.59,135.16,117.42,439,34.01,36.38,1,HLTH_EHIS_MH4,1.1288,2025-01-04
2014,HU,IE9,45_54,F,8.49,5.88,38.89,69.2,8.93,25.31,37.93,59.96,416,28.25,24.89,0,HLTH_EHIS_MH1,1.3767,2024-11-06
2015,NL,LU675,15_24,M,11.47,23.52,65.13,69.6,23.59,54.47,130.9,90.63,3147,28.63,28.51,1,HLTH_EHIS_MH2,1.8141,2025-03-11
2016,SE,SE3,55_64,X,19.03,9.32,55.21,17.57,11.97,40.66,126.28,170.45,6272,36.24,32.27,1,HLTH_EHIS_MH3,0.8018,2025-02-11
2017,DK,LV19,25_34,F,23.05,15.78,45.46,36.32,12.29,53.93,132.69,57.4,460,77.37,13.65,0,HLTH_EHIS_MH4,1.533,2025-01-17
2018,IE,SE97,65_74,M,11.63,7.24,55.4,15.32,8.65,62.19,31.22,141.07,8930,67.4,36.77,1,HLTH_EHIS_MH1,1.858,2024-03-18
2019,PL,DK68,35_44,X,16.67,17.71,45.52,73.32,3.47,32.04,85.92,50.1,4783,31.14,10.56,1,HLTH_EHIS_MH2,3.3712,2025-07-14
2020,AT,LU83,75_PLUS,F,14.08,14.61,55.15,13.86,4.45,27.57,182.04,103.77,12401,79.07,22.42,1,HLTH_EHIS_MH3,1.7853,2025-11-27
2021,EE,HU580,45_54,M,9.77,18.85,40.9,16.24,21.13,25.92,37.14,56.73,9034,51.22,29.53,1,HLTH_EHIS_MH4,4.552,2024-05-01
2022,IT,SK723,15_24,X,18.84,21.73,40.54,118.43,10.99,62.3,109.45,53.43,525,53.88,35.66,1,HLTH_EHIS_MH1,2.9696,2024-01-09
2023,PT,LU41,55_64,F,11.08,8.23,37.63,23.9,5.71,53.27,87.55,139.14,10315,23.49,28.78,0,HLTH_EHIS_MH2,2.957,2024-09-17
2024,BE,HU43,25_34,M,18.1,9.29,44.99,65.3,9.99,79.33,52.65,42.36,1008,33.94,30.29,0,HLTH_EHIS_MH3,3.5366,2025-02-01
2025,FI,HR94,65_74,X,6.94,22.77,70.68,35.64,19.39,33.4,112.06,28.39,2718,31.42,39.5,1,HLTH_EHIS_MH4,3.5691,2025-10-30
2006,LV,DK5,35_44,F,21.67,11.95,55.8,26.4,15.53,70.21,61.68,97.04,14461,74.99,17.83,0,HLTH_EHIS_MH1,1.7443,2025-08-21
2007,RO,IT2,75_PLUS,M,7.52,22.44,50.35,48.5,9.84,66.04,31.09,58.91,7816,39.42,15.39,0,HLTH_EHIS_MH2,3.2468,2024-02-16
2008,BG,ES27,45_54,X,13.24,22.11,51.73,26.15,12.91,63.82,58.66,123.59,9397,84.9,11.08,0,HLTH_EHIS_MH3,1.4699,2024-02-01
2009,FR,CY2,15_24,F,10.96,9.64,36.69,82.79,6.87,40.68,14.92,66.72,10024,42.54,10.79,0,HLTH_EHIS_MH4,0.6334,2026-02-25
2010,LT,MT524,55_64,M,4.98,12.86,57.72,22.48,8.27,38.97,166.74,174.18,7027,20.07,16.72,0,HLTH_EHIS_MH1,3.6579,2024-02-18
2011,SK,LV13,25_34,X,11.31,13.42,60.54,106.69,9.28,21.45,13.09,91.52,4961,40.3,26.95,0,HLTH_EHIS_MH2,3.126,2024-02-12
2012,HR,BG77,65_74,F,19.87,17.16,39.69,45.96,11.91,52.7,29.52,98.82,7076,21.52,28.67,0,HLTH_EHIS_MH3,2.0887,2025-11-14
2013,DE,SE205,35_44,M,8.44,8.82,57.3,79.14,15.36,47.61,8.94,82.9,13414,72.9,28.9,0,HLTH_EHIS_MH4,0.5782,2025-04-01
2014,LU,LU965,75_PLUS,X,13.12,9.11,54.0,35.81,15.15,27.59,43.13,163.1,16149,48.08,37.99,0,HLTH_EHIS_MH1,2.4493,2025-06-18
2015,SI,ES39,45_54,F,16.12,26.16,44.18,54.98,18.28,46.01,103.71,36.73,2821,86.02,29.98,1,HLTH_EHIS_MH2,1.8136,2025-05-08
2016,CY,ES421,15_24,M,17.36,25.49,43.52,70.16,22.78,67.08,121.7,44.92,3023,70.62,34.28,1,HLTH_EHIS_MH3,2.3891,2025-08-04
2017,GR,AT559,55_64,X,15.55,14.76,64.9,80.38,13.89,43.28,90.65,38.29,32,62.66,10.94,1,HLTH_EHIS_MH4,2.9819,2025-02-05
2018,MT,EE519,25_34,F,20.1,19.29,57.3,62.21,10.44,46.88,82.47,134.12,17115,22.95,26.99,1,HLTH_EHIS_MH1,2.3645,2024-06-24
2019,ES,CZ4,65_74,M,6.34,19.65,55.98,17.91,17.95,32.14,46.08,38.83,10491,52.73,29.93,1,HLTH_EHIS_MH2,2.4916,2024-08-24
2020,CZ,NL67,35_44,X,16.14,8.25,31.22,44.55,4.44,51.59,139.55,122.91,12049,61.73,31.54,1,HLTH_EHIS_MH3,2.772,2024-05-27
2021,HU,DE97,75_PLUS,F,12.68,26.02,55.96,34.3,7.45,80.81,66.73,134.28,20704,48.49,31.87,1,HLTH_EHIS_MH4,2.4053,2025-04-27
2022,NL,HU34,45_54,M,10.59,16.45,45.6,30.87,14.39,78.23,69.83,132.57,219,35.24,29.73,1,HLTH_EHIS_MH1,1.0446,2024-10-05
2023,SE,DK113,15_24,X,16.97,26.45,38.13,102.73,9.19,32.33,9.47,59.9,1154,30.37,14.54,1,HLTH_EHIS_MH2,3.4069,2025-06-10
2024,DK,LT9,55_64,F,13.79,7.46,33.04,53.31,6.13,43.74,58.54,186.14,9549,75.96,36.08,1,HLTH_EHIS_MH3,0.3338,2024-06-12
2025,IE,GR1,25_34,M,4.11,24.95,55.15,87.88,20.87,29.4,134.01,56.79,7482,84.98,19.31,1,HLTH_EHIS_MH4,3.2983,2025-06-20
2006,PL,HU344,65_74,X,12.89,10.52,43.34,22.98,11.86,65.62,38.32,135.75,10649,52.94,24.07,1,HLTH_EHIS_MH1,0.7008,2026-01-18
2007,AT,LT3,35_44,F,4.25,26.94,62.29,64.84,12.86,73.71,128.67,75.46,4297,50.33,12.59,0,HLTH_EHIS_MH2,4.4658,2025-09-11
2008,EE,SK20,75_PLUS,M,14.33,18.02,54.35,21.35,27.37,47.19,94.41,48.27,14429,43.08,20.83,0,HLTH_EHIS_MH3,4.5191,2025-10-04
2009,IT,FI92,45_54,X,8.6,15.63,62.31,36.23,14.17,59.54,56.45,46.05,5659,73.96,10.84,1,HLTH_EHIS_MH4,3.966,2024-05-19
2010,PT,PL82,15_24,F,21.8,21.8,38.45,62.72,16.21,53.06,133.64,35.4,10709,76.08,20.2,0,HLTH_EHIS_MH1,3.209,2024-06-04
2011,BE,IT558,55_64,M,3.94,16.05,45.72,55.65,16.55,60.08,76.7,25.18,5731,26.01,6.63,0,HLTH_EHIS_MH2,0.2947,2024-08-08
2012,FI,PL43,25_34,X,7.41,8.04,48.21,10.57,15.4,41.51,124.93,25.78,4331,35.27,21.24,0,HLTH_EHIS_MH3,2.207,2025-05-05
2013,LV,FI90,65_74,F,13.56,15.87,48.34,39.54,15.58,76.74,127.27,103.17,16946,33.5,37.01,0,HLTH_EHIS_MH4,0.9768,2024-10-26
2014,RO,HU50,35_44,M,7.69,9.95,53.92,28.63,6.96,38.67,153.84,103.99,499,74.95,32.53,1,HLTH_EHIS_MH1,3.551,2025-11-06
2015,BG,DE993,75_PLUS,X,13.94,24.23,49.34,13.11,18.0,73.56,111.2,17.51,17256,25.24,41.07,1,HLTH_EHIS_MH2,2.9255,2026-02-21
2016,FR,PL15,45_54,F,10.83,6.97,40.29,47.72,8.89,62.3,76.17,103.85,1905,58.66,10.86,1,HLTH_EHIS_MH3,1.3807,2024-06-02
2017,LT,FR89,15_24,M,8.18,14.9,43.24,91.21,16.84,55.97,75.09,61.49,815,42.08,33.74,1,HLTH_EHIS_MH4,2.3724,2024-03-26
2018,SK,CZ54,55_64,X,12.54,19.19,54.7,14.39,5.34,30.89,76.85,73.79,13542,69.15,17.89,1,HLTH_EHIS_MH1,3.3724,2024-11-24
2019,HR,LV2,25_34,F,15.14,25.8,43.18,83.84,14.87,24.32,23.77,107.8,3770,38.29,14.29,0,HLTH_EHIS_MH2,1.3185,2025-03-15
2020,DE,PL6,65_74,M,7.36,10.0,61.84,102.9,11.57,51.34,123.18,150.02,6572,62.55,54.2,1,HLTH_EHIS_MH3,3.9289,2025-05-16
2021,LU,SE19,35_44,X,21.82,24.45,28.01,51.62,14.17,40.35,171.5,45.12,7092,85.93,8.18,1,HLTH_EHIS_MH4,3.0279,2024-07-01
2022,SI,CY38,75_PLUS,F,15.78,13.02,56.13,57.49,15.29,21.77,84.84,117.62,11558,51.85,12.8,1,HLTH_EHIS_MH1,0.4706,2026-01-27
2023,CY,HU677,45_54,M,16.02,23.82,34.99,56.34,15.37,21.04,83.73,112.16,3107,71.96,16.24,1,HLTH_EHIS_MH2,1.3004,2025-07-25
2024,GR,BE3,15_24,X,8.3,14.82,66.45,40.52,9.19,76.96,15.68,26.68,2129,27.59,10.48,1,HLTH_EHIS_MH3,0.9455,2025-03-29
2025,MT,GR901,55_64,F,13.13,27.35,57.95,51.55,14.78,67.1,96.84,119.57,3374,56.57,28.72,1,HLTH_EHIS_MH4,3.8086,2025-04-12
2006,ES,LU5,25_34,M,14.77,9.07,40.49,73.22,14.74,41.29,132.19,23.36,17468,75.63,24.6,0,HLTH_EHIS_MH1,2.962,2025-11-14
2007,CZ,SE2,65_74,X,15.14,23.23,70.6,26.13,11.38,66.03,84.77,144.92,8263,33.5,12.87,0,HLTH_EHIS_MH2,2.9292,2024-05-30
2008,HU,LT183,35_44,F,19.74,20.16,31.16,26.33,6.56,64.17,27.11,30.89,8230,25.21,30.63,1,HLTH_EHIS_MH3,3.6655,2025-07-09
2009,NL,LT760,75_PLUS,M,20.6,19.53,45.29,54.24,26.83,59.76,93.74,119.89,2179,70.06,37.51,0,HLTH_EHIS_MH4,2.2339,2025-04-15
2010,SE,CZ46,45_54,X,17.08,12.2,59.09,39.32,14.09,76.88,114.1,31.05,13593,55.03,25.72,0,HLTH_EHIS_MH1,2.2394,2024-08-02
2011,DK,DK898,15_24,F,24.34,27.02,37.64,13.52,12.15,28.34,27.73,102.66,6357,39.22,27.46,0,HLTH_EHIS_MH2,2.0512,2024-04-01
2012,IE,BG387,55_64,M,12.86,10.4,59.87,55.75,7.88,80.14,16.92,32.41,3956,27.42,24.77,0,HLTH_EHIS_MH3,4.3838,2024-07-08
2013,PL,DE9,25_34,X,7.48,14.79,56.11,19.15,13.33,29.94,95.41,20.97,7174,64.71,8.44,1,HLTH_EHIS_MH4,4.5791,2025-01-03
2014,AT,AT87,65_74,F,20.49,24.92,31.25,74.78,13.31,40.82,102.02,122.24,1104,29.8,15.89,0,HLTH_EHIS_MH1,4.716,2025-06-04
2015,EE,DK35,35_44,M,14.6,20.91,50.08,68.36,19.97,64.3,96.85,95.07,1820,49.96,30.85,1,HLTH_EHIS_MH2,3.0148,2025-08-25
2016,IT,SE357,75_PLUS,X,16.83,20.18,42.51,39.86,11.31,36.21,101.67,189.48,13103,47.31,23.46,1,HLTH_EHIS_MH3,0.9221,2025-07-26
2017,PT,BE28,45_54,F,18.62,13.53,28.74,69.26,11.85,68.36,98.59,48.08,6013,21.88,6.61,0,HLTH_EHIS_MH4,4.6714,2024-12-31
2018,BE,DE305,15_24,M,21.98,17.77,60.82,89.05,13.77,73.16,83.51,120.53,14032,38.73,35.61,1,HLTH_EHIS_MH1,3.5014,2025-07-24
2019,FI,GR6,55_64,X,9.03,16.44,43.17,45.71,5.1,51.33,51.49,161.53,12737,41.37,35.04,0,HLTH_EHIS_MH2,0.3619,2025-02-10
2020,LV,CZ146,25_34,F,15.22,26.79,43.91,47.43,16.27,40.65,50.79,22.56,11421,96.69,39.21,0,HLTH_EHIS_MH3,2.4512,2024-02-12
2021,RO,ES388,65_74,M,16.33,17.37,49.89,81.15,21.68,45.65,160.05,186.41,2226,96.62,51.73,1,HLTH_EHIS_MH4,0.5783,2026-01-31
2022,BG,LT68,35_44,X,11.78,10.84,67.58,37.66,14.98,63.64,128.73,133.17,13147,47.96,17.7,1,HLTH_EHIS_MH1,1.4929,2026-02-05
2023,FR,SI51,75_PLUS,F,20.37,20.52,33.11,21.27,19.93,41.17,151.25,117.36,17643,50.96,11.82,1,HLTH_EHIS_MH2,1.8023,2024-12-25
2024,LT,DK413,45_54,M,18.48,22.9,39.67,64.05,24.32,27.88,21.57,17.15,10261,38.4,17.46,1,HLTH_EHIS_MH3,3.7196,2024-10-25
2025,SK,RO680,15_24,X,9.04,14.65,37.02,15.96,5.09,83.1,32.58,79.19,13819,54.41,31.87,1,HLTH_EHIS_MH4,4.3904,2024-10-20
2006,HR,LT66,55_64,F,7.23,14.11,58.85,70.71,16.2,54.77,132.73,113.56,28,20.24,6.54,0,HLTH_EHIS_MH1,3.1898,2026-02-14
2007,DE,IE10,25_34,M,9.48,23.52,45.29,59.7,9.05,66.94,42.5,80.18,5131,63.19,5.87,0,HLTH_EHIS_MH2,2.4425,2025-06-09
2008,LU,NL663,65_74,X,9.56,6.82,43.98,65.67,17.85,39.68,92.83,89.38,3397,22.3,27.48,0,HLTH_EHIS_MH3,3.0101,2024-09-21
2009,SI,BG608,35_44,F,6.91,22.97,52.43,62.61,5.53,59.99,79.92,72.96,13750,77.72,9.79,0,HLTH_EHIS_MH4,1.7002,2025-07-11
2010,CY,SE63,75_PLUS,M,7.08,8.37,52.13,23.28,10.45,56.04,105.33,31.3,13811,60.69,33.92,0,HLTH_EHIS_MH1,3.3148,2025-08-11
2011,GR,LT85,45_54,X,11.12,23.15,37.5,20.19,19.68,33.87,101.75,47.9,13226,75.05,34.11,0,HLTH_EHIS_MH2,3.2711,2025-06-07
2012,MT,BG322,15_24,F,20.19,13.39,58.36,115.67,4.46,29.05,150.27,28.19,10362,31.2,12.44,0,HLTH_EHIS_MH3,1.8501,2025-05-25
2013,ES,LU2,55_64,M,20.14,13.65,42.54,79.75,25.39,47.22,80.47,187.51,14095,25.36,5.88,1,HLTH_EHIS_MH4,0.2265,2025-12-31
2014,CZ,MT496,25_34,X,9.98,20.0,71.52,70.11,8.31,62.73,108.34,51.33,6143,46.23,22.19,0,HLTH_EHIS_MH1,4.2182,2024-12-05
2015,HU,PL117,65_74,F,19.49,19.07,47.79,61.24,7.21,52.21,79.78,135.14,13756,72.61,16.19,0,HLTH_EHIS_MH2,1.0461,2024-10-22
2016,NL,FR308,35_44,M,11.39,5.75,50.16,76.97,6.2,83.15,97.29,128.53,6391,57.05,10.4,0,HLTH_EHIS_MH3,1.4848,2024-04-20
2017,SE,GR355,75_PLUS,X,6.57,16.16,50.99,56.18,11.44,40.23,23.47,120.64,9853,21.08,21.71,1,HLTH_EHIS_MH4,3.6246,2024-04-21
2018,DK,ES674,45_54,F,22.18,12.21,43.74,35.09,16.47,82.19,46.5,95.25,8833,59.75,32.11,1,HLTH_EHIS_MH1,2.6877,2024-11-25
2019,IE,FR431,15_24,M,16.83,10.26,40.41,29.01,5.38,30.36,39.72,134.65,17529,72.45,10.58,0,HLTH_EHIS_MH2,3.4979,2024-07-12
2020,PL,SK21,55_64,X,12.54,16.39,43.32,63.13,4.28,75.81,140.04,105.46,21523,61.26,12.3,0,HLTH_EHIS_MH3,1.1637,2025-08-10
2021,AT,SI475,25_34,F,23.15,31.99,36.8,128.32,5.97,74.6,80.32,138.2,1042,62.66,42.59,0,HLTH_EHIS_MH4,0.4027,2025-12-22
2022,EE,SI64,65_74,M,14.28,11.3,55.37,62.71,15.48,21.46,8.57,91.48,9114,49.07,26.04,0,HLTH_EHIS_MH1,3.3344,2025-11-22
2023,IT,NL387,35_44,X,9.63,7.81,45.06,14.79,11.21,35.39,100.48,120.83,2933,59.57,16.47,0,HLTH_EHIS_MH2,2.7305,2024-02-24
2024,PT,SI9,75_PLUS,F,10.7,20.25,63.04,83.63,14.41,39.42,66.63,126.99,5027,31.71,33.64,1,HLTH_EHIS_MH3,4.0836,2025-07-07
2025,BE,BE659,45_54,M,15.83,5.12,33.36,30.32,9.66,37.49,104.97,30.75,16659,55.9,17.99,1,HLTH_EHIS_MH4,1.4815,2024-06-30
2006,FI,ES369,15_24,X,5.58,21.95,53.34,114.08,7.47,82.11,32.33,22.86,5794,71.93,23.01,0,HLTH_EHIS_MH1,4.0781,2024-09-10
2007,LV,HU25,55_64,F,12.9,25.87,39.6,13.91,17.91,80.16,109.08,100.64,10251,26.22,21.88,0,HLTH_EHIS_MH2,3.0817,2025-08-25
2008,RO,NL291,25_34,M,18.7,12.82,35.28,46.64,19.61,45.67,9.79,137.6,1901,58.88,30.06,0,HLTH_EHIS_MH3,2.1829,2025-08-15
2009,BG,DK89,65_74,X,15.83,25.82,56.88,9.08,6.56,46.84,25.4,111.79,5435,56.55,15.06,0,HLTH_EHIS_MH4,2.0135,2026-01-24
2010,FR,HU228,35_44,F,22.99,7.31,57.76,52.7,16.63,52.14,116.09,47.98,13002,57.38,7.69,0,HLTH_EHIS_MH1,3.4274,2024-01-25
2011,LT,HR130,75_PLUS,M,19.2,9.12,53.94,76.98,27.7,48.53,64.61,76.44,18039,54.33,8.67,0,HLTH_EHIS_MH2,2.0541,2025-09-27
2012,SK,BE1,45_54,X,4.86,18.44,46.82,35.47,16.32,37.19,86.4,96.79,10870,42.11,12.15,0,HLTH_EHIS_MH3,0.2283,2025-09-25
2013,HR,EE27,15_24,F,19.97,29.39,35.26,25.04,15.74,21.15,127.1,133.34,11886,73.31,17.26,0,HLTH_EHIS_MH4,1.4706,2026-01-10
2014,DE,FR455,55_64,M,10.83,22.95,37.1,25.82,12.84,57.82,15.66,167.62,12456,54.29,7.36,1,HLTH_EHIS_MH1,2.1715,2025-08-04
2015,LU,LV233,25_34,X,20.57,7.85,29.04,76.24,11.63,61.02,111.76,82.14,11585,28.79,31.75,1,HLTH_EHIS_MH2,3.7715,2025-10-13
2016,SI,SE293,65_74,F,24.3,26.83,34.99,12.5,9.97,73.79,34.35,116.45,3227,42.43,25.02,1,HLTH_EHIS_MH3,0.9123,2024-05-07
2017,CY,GR982,35_44,M,11.01,13.41,51.78,30.52,12.05,79.33,136.48,68.84,12423,41.58,10.12,0,HLTH_EHIS_MH4,3.7981,2024-06-18
2018,GR,BG310,75_PLUS,X,15.0,8.55,48.45,39.04,17.65,26.07,65.69,161.21,8889,23.59,34.21,1,HLTH_EHIS_MH1,0.5891,2025-10-02
2019,MT,NL438,45_54,F,10.62,12.06,68.02,52.69,5.13,62.63,19.6,131.98,4990,83.44,15.56,1,HLTH_EHIS_MH2,0.6021,2024-08-03
2020,ES,FI133,15_24,M,10.37,13.3,46.34,33.7,12.29,44.12,187.27,106.28,4864,59.86,28.18,1,HLTH_EHIS_MH3,1.3732,2024-02-20
2021,CZ,EE943,55_64,X,10.64,31.01,47.41,39.21,15.88,71.65,174.79,99.09,15235,23.05,8.16,1,HLTH_EHIS_MH4,0.2326,2024-02-06
2022,HU,FR26,25_34,F,19.44,11.68,53.55,12.26,6.18,32.04,112.14,12.96,11195,24.84,26.31,1,HLTH_EHIS_MH1,2.2924,2024-07-11
2023,NL,PT62,65_74,M,18.8,19.08,43.04,79.69,24.22,69.15,62.05,27.76,9468,49.92,40.9,1,HLTH_EHIS_MH2,4.5469,2024-01-11
2024,SE,IT42,35_44,X,18.15,5.06,51.89,42.56,14.39,28.38,82.83,121.35,11826,71.47,29.44,1,HLTH_EHIS_MH3,4.0064,2024-06-25
2025,DK,CY564,75_PLUS,F,22.57,8.67,39.45,50.94,10.6,86.26,50.74,120.74,6388,37.46,23.98,0,HLTH_EHIS_MH4,1.2882,2024-09-14
2006,IE,PL9,45_54,M,8.31,12.22,54.51,9.52,25.7,72.97,118.64,105.58,6003,21.88,11.65,0,HLTH_EHIS_MH1,1.2111,2026-02-18
2007,PL,RO78,15_24,X,15.18,5.27,32.71,111.41,5.73,36.9,29.29,108.39,1701,35.04,20.73,0,HLTH_EHIS_MH2,3.8935,2024-12-15
2008,AT,CZ713,55_64,F,18.13,6.91,50.03,82.62,16.25,68.88,107.54,145.53,3498,60.78,17.82,1,HLTH_EHIS_MH3,0.7101,2024-08-27
2009,EE,FR535,25_34,M,15.91,19.79,36.61,110.17,8.38,73.26,80.61,37.16,1610,38.79,21.12,1,HLTH_EHIS_MH4,0.5279,2025-03-31
2010,IT,EE89,65_74,X,4.73,13.66,45.4,82.01,16.09,34.54,60.55,170.63,3956,49.23,11.64,0,HLTH_EHIS_MH1,2.2824,2024-07-27
2011,PT,AT65,35_44,F,22.68,17.36,37.12,16.43,8.39,34.93,129.1,106.8,2799,66.16,23.89,0,HLTH_EHIS_MH2,2.3553,2024-03-26
2012,BE,CY29,75_PLUS,M,15.16,5.9,52.3,31.84,10.63,67.44,66.85,61.93,11281,37.21,13.93,0,HLTH_EHIS_MH3,1.7088,2025-08-29
2013,FI,ES713,45_54,X,5.34,20.47,53.88,23.5,14.32,49.31,109.53,115.78,584,29.19,22.97,0,HLTH_EHIS_MH4,2.7378,2025-10-06
2014,LV,FI75,15_24,F,25.28,19.93,35.31,13.85,8.38,29.01,87.94,63.49,10455,45.59,19.71,1,HLTH_EHIS_MH1,3.491,2025-10-16
2015,RO,CY27,55_64,M,10.85,14.49,38.91,22.33,24.77,54.65,73.93,21.02,13598,27.38,19.59,0,HLTH_EHIS_MH2,3.2186,2025-01-21
2016,BG,LT72,25_34,X,21.55,19.82,42.98,20.36,7.01,41.5,42.36,128.12,16260,30.81,34.64,0,HLTH_EHIS_MH3,3.3994,2024-12-29
2017,FR,DK23,65_74,F,10.77,25.16,60.09,29.55,16.34,90.48,105.53,111.6,10405,70.78,37.75,1,HLTH_EHIS_MH4,1.304,2024-02-05
2018,LT,EE980,35_44,M,9.06,21.77,40.24,64.79,20.33,76.51,78.48,110.62,12448,50.53,31.87,1,HLTH_EHIS_MH1,2.2494,2026-01-21
2019,SK,HR4,75_PLUS,X,6.78,6.52,63.91,45.52,10.15,59.17,110.8,129.77,8184,20.8,37.6,1,HLTH_EHIS_MH2,3.9899,2025-03-25
2020,HR,LV298,45_54,F,23.8,12.17,32.98,20.27,12.02,44.57,66.45,112.63,10866,53.85,36.24,0,HLTH_EHIS_MH3,0.787,2025-02-22
2021,DE,ES88,15_24,M,26.08,33.1,39.46,125.58,15.61,35.43,201.6,139.11,1490,88.9,12.68,0,HLTH_EHIS_MH4,4.6939,2025-08-16
2022,LU,BG66,55_64,X,20.42,14.61,47.11,65.75,4.4,75.84,92.92,81.35,4577,70.93,25.24,0,HLTH_EHIS_MH1,3.498,2025-02-08
2023,SI,AT91,25_34,F,9.19,17.83,47.35,25.7,12.98,74.81,86.05,54.74,4133,27.65,22.22,1,HLTH_EHIS_MH2,4.3185,2025-02-10
2024,CY,CZ8,65_74,M,5.28,19.77,41.94,23.15,14.75,50.67,32.17,173.6,7847,67.34,15.13,1,HLTH_EHIS_MH3,1.2842,2025-06-14
2025,GR,PL575,35_44,X,11.14,12.73,49.28,42.67,15.31,55.44,105.26,25.31,2219,37.43,32.38,1,HLTH_EHIS_MH4,2.3116,2025-12-28
2006,MT,CY365,75_PLUS,F,23.91,19.11,28.88,71.74,16.66,70.28,19.3,65.69,15292,60.23,24.78,0,HLTH_EHIS_MH1,4.2666,2024-10-05
2007,ES,FR998,45_54,M,4.92,12.42,55.44,56.29,17.83,76.5,25.88,82.72,12083,30.03,29.51,0,HLTH_EHIS_MH2,4.463,2024-04-12
2008,CZ,BG205,15_24,X,22.05,20.93,39.03,39.46,12.28,79.56,105.18,34.17,3702,52.84,24.54,0,HLTH_EHIS_MH3,0.2285,2024-02-04
2009,HU,DE40,55_64,F,21.08,18.64,56.95,20.11,6.79,32.5,48.14,166.13,3499,77.55,9.77,0,HLTH_EHIS_MH4,4.0149,2026-02-24
2010,NL,DK542,25_34,M,8.42,8.31,35.81,80.49,22.25,64.2,20.44,37.65,10246,71.05,33.07,0,HLTH_EHIS_MH1,0.4572,2025-08-09
2011,SE,LT6,65_74,X,19.22,11.96,46.77,42.55,18.57,37.39,117.64,132.71,10501,44.95,16.25,0,HLTH_EHIS_MH2,0.5999,2024-03-19
2012,DK,IT401,35_44,F,11.71,14.93,49.99,25.83,3.37,71.94,121.32,32.07,10032,79.23,10.17,1,HLTH_EHIS_MH3,2.1062,2025-01-23
2013,IE,EE318,75_PLUS,M,17.06,7.64,57.39,73.14,18.57,78.31,44.47,42.06,10246,68.06,13.19,0,HLTH_EHIS_MH4,3.5129,2024-03-30
2014,PL,GR36,45_54,X,4.51,21.79,65.24,67.63,15.78,48.89,104.19,108.11,3458,85.86,12.93,1,HLTH_EHIS_MH1,1.2483,2024-11-29
2015,AT,ES966,15_24,F,24.85,25.54,49.34,38.4,5.25,72.96,12.55,128.33,4513,57.58,22.33,0,HLTH_EHIS_MH2,3.3496,2025-11-19
2016,EE,AT879,55_64,M,20.41,16.58,52.09,31.54,28.69,51.95,44.75,61.79,11062,44.23,33.65,1,HLTH_EHIS_MH3,3.6384,2025-05-15
2017,IT,SK9,25_34,X,7.73,23.65,65.38,95.47,12.34,53.79,113.95,24.69,2548,73.73,12.9,1,HLTH_EHIS_MH4,1.6957,2024-09-09
2018,PT,CZ60,65_74,F,15.07,10.21,52.82,83.37,18.75,69.3,69.23,144.38,12344,48.28,22.38,1,HLTH_EHIS_MH1,4.6667,2024-10-10
2019,BE,RO207,35_44,M,19.8,9.23,30.05,39.09,18.54,22.0,104.73,34.51,14697,52.91,20.7,1,HLTH_EHIS_MH2,4.3424,2025-05-05
2020,FI,LT84,75_PLUS,X,10.51,23.74,48.41,105.66,15.08,60.61,24.33,122.98,10044,76.83,53.37,1,HLTH_EHIS_MH3,4.6198,2026-01-10
2021,LV,CZ1,45_54,F,28.06,23.47,34.59,86.82,17.97,53.7,11.63,27.1,22420,45.97,35.62,1,HLTH_EHIS_MH4,2.7202,2025-01-25
2022,RO,LT83,15_24,M,14.74,12.38,37.72,53.4,10.57,82.47,57.55,110.32,3696,26.33,33.61,1,HLTH_EHIS_MH1,2.0597,2025-07-08
2023,BG,BG6,55_64,X,20.13,15.07,37.86,24.46,18.44,72.21,67.26,111.49,11338,71.7,34.2,0,HLTH_EHIS_MH2,3.5316,2025-07-01
2024,FR,HR22,25_34,F,9.41,11.62,61.41,43.23,11.09,66.69,115.12,23.37,8938,78.26,35.96,1,HLTH_EHIS_MH3,4.0889,2024-11-19
2025,LT,DK138,65_74,M,20.19,5.84,28.56,18.94,24.05,45.33,66.99,100.51,10783,73.07,8.51,1,HLTH_EHIS_MH4,2.2901,2025-11-22
2006,SK,IT7,35_44,X,10.1,18.72,34.25,76.53,6.86,34.66,128.74,48.83,4152,35.31,35.56,0,HLTH_EHIS_MH1,0.3973,2025-05-18
2007,HR,LT4,75_PLUS,F,8.07,28.05,72.65,27.43,19.73,69.56,38.0,147.16,58,49.73,28.23,0,HLTH_EHIS_MH2,0.6127,2025-12-17
2008,DE,RO77,45_54,M,8.21,6.99,57.64,35.04,13.9,65.58,74.49,120.8,10897,62.56,22.92,0,HLTH_EHIS_MH3,3.4114,2024-09-23
2009,LU,CZ64,15_24,X,19.05,24.85,34.94,73.54,12.57,63.57,15.0,110.27,9100,52.45,20.43,0,HLTH_EHIS_MH4,2.2334,2024-03-31
2010,SI,BE167,55_64,F,14.96,9.72,50.91,15.53,8.25,68.32,85.27,64.95,1471,20.7,28.1,0,HLTH_EHIS_MH1,2.4861,2024-11-23
2011,CY,RO8,25_34,M,20.65,18.95,50.64,54.31,20.04,72.2,48.05,116.18,8871,60.11,32.08,0,HLTH_EHIS_MH2,2.5631,2024-05-12
2012,GR,HU99,65_74,X,22.08,12.34,46.8,65.99,5.32,80.06,106.49,75.95,12279,59.39,37.8,0,HLTH_EHIS_MH3,2.8332,2025-03-16
2013,MT,SE45,35_44,F,7.39,19.21,54.8,16.5,12.08,64.43,16.5,36.91,2566,84.94,23.67,0,HLTH_EHIS_MH4,0.414,2025-02-05
2014,ES,DE4,75_PLUS,M,21.49,14.85,47.56,58.0,7.82,48.35,120.57,103.67,2354,24.2,24.73,1,HLTH_EHIS_MH1,3.5425,2024-05-10
2015,CZ,IT808,45_54,X,12.51,14.22,52.72,74.84,4.29,48.02,39.42,46.3,1878,64.91,8.53,1,HLTH_EHIS_MH2,4.1297,2024-03-04
2016,HU,IE107,15_24,F,17.4,17.15,40.51,26.08,15.35,32.9,67.69,74.86,12476,38.6,26.88,0,HLTH_EHIS_MH3,3.6323,2025-07-16
2017,NL,DK29,55_64,M,18.2,6.16,37.75,23.81,7.22,44.36,17.13,32.35,7459,47.22,34.2,1,HLTH_EHIS_MH4,0.3074,2024-12-02
2018,SE,SK3,25_34,X,4.71,20.44,53.42,41.34,6.43,37.49,76.01,97.25,2332,74.26,35.39,1,HLTH_EHIS_MH1,4.2996,2024-12-14
2019,DK,IE5,65_74,F,9.95,7.0,45.42,11.01,10.34,72.32,109.03,176.57,1246,55.16,37.14,1,HLTH_EHIS_MH2,2.0926,2026-02-03
2020,IE,DE88,35_44,M,16.88,25.45,29.87,85.99,20.34,61.17,129.48,69.22,7861,36.49,21.22,1,HLTH_EHIS_MH3,3.1763,2024-11-27
2021,PL,EE32,75_PLUS,X,19.12,20.69,43.12,97.31,19.14,79.9,118.34,126.31,8148,27.39,28.97,1,HLTH_EHIS_MH4,3.6368,2024-10-13
2022,AT,CY31,45_54,F,13.05,8.92,47.2,25.54,16.02,25.96,24.32,91.25,5811,27.86,28.34,1,HLTH_EHIS_MH1,2.6485,2025-09-01
2023,EE,PT9,15_24,M,14.81,19.91,42.93,12.12,12.56,36.54,152.54,92.75,11077,54.61,36.01,0,HLTH_EHIS_MH2,3.1043,2025-06-23
2024,IT,SE4,55_64,X,4.28,6.36,51.19,7.9,18.86,61.49,16.73,55.8,3071,33.13,14.76,1,HLTH_EHIS_MH3,1.9335,2025-08-30
2025,PT,DK13,25_34,F,5.47,18.14,55.88,62.23,6.15,81.71,15.04,136.97,9360,72.8,19.38,1,HLTH_EHIS_MH4,0.6804,2025-07-10
2006,BE,LT174,65_74,M,12.95,7.4,48.25,45.48,23.71,76.88,20.04,97.57,8134,29.25,20.14,1,HLTH_EHIS_MH1,1.7587,2024-03-31
2007,FI,CY36,35_44,X,16.15,12.65,37.43,42.4,4.75,59.48,97.65,98.83,1460,73.83,32.9,0,HLTH_EHIS_MH2,2.231,2025-01-10
2008,LV,IE457,75_PLUS,F,19.15,29.47,51.48,43.39,14.65,81.42,67.52,60.99,15420,64.16,8.52,0,HLTH_EHIS_MH3,0.5437,2024-07-27
2009,RO,AT653,45_54,M,15.31,10.82,49.74,59.65,8.15,80.48,67.1,85.51,15385,67.3,32.67,0,HLTH_EHIS_MH4,0.723,2024-12-13
2010,BG,FI91,15_24,X,10.49,23.57,38.9,74.64,10.7,66.2,35.59,118.15,5601,52.95,6.99,1,HLTH_EHIS_MH1,1.8126,2024-05-02
2011,FR,LU815,55_64,F,15.64,11.61,53.88,64.81,4.44,50.5,58.25,20.75,9129,57.38,20.44,0,HLTH_EHIS_MH2,2.1296,2025-05-27
2012,LT,FI152,25_34,M,13.13,8.11,33.33,48.44,19.94,51.37,94.78,30.14,14880,60.83,11.8,0,HLTH_EHIS_MH3,1.9107,2024-11-06
2013,SK,BG68,65_74,X,8.53,21.1,37.39,68.92,12.43,35.47,75.08,111.8,9387,35.34,30.84,0,HLTH_EHIS_MH4,2.8923,2024-03-28
2014,HR,BG14,35_44,F,7.97,20.6,59.26,71.08,5.7,36.01,96.9,105.37,4717,84.17,14.61,0,HLTH_EHIS_MH1,0.5005,2025-02-07
2015,DE,RO5,75_PLUS,M,12.56,20.21,40.48,18.0,22.88,30.52,138.3,147.69,16932,18.19,24.63,0,HLTH_EHIS_MH2,1.4816,2024-01-24
2016,LU,HR9,45_54,X,4.03,21.82,39.13,69.26,11.88,78.41,96.13,135.85,2556,19.36,29.99,1,HLTH_EHIS_MH3,2.4834,2024-08-09
2017,SI,RO701,15_24,F,15.67,12.46,41.53,70.61,9.71,60.09,112.97,24.37,4313,21.1,19.16,1,HLTH_EHIS_MH4,0.7611,2024-04-21
2018,CY,ES781,55_64,M,16.42,18.53,33.1,67.79,15.89,30.59,132.49,178.66,8374,29.62,16.95,1,HLTH_EHIS_MH1,4.1016,2024-03-26
2019,GR,PT49,25_34,X,21.34,14.9,41.63,68.98,12.83,72.9,102.29,109.04,12618,81.24,20.76,1,HLTH_EHIS_MH2,4.3167,2025-11-08
2020,MT,GR429,65_74,F,16.63,22.26,51.61,53.25,17.58,73.54,168.16,98.79,21125,76.43,23.2,1,HLTH_EHIS_MH3,0.8988,2025-04-22
2021,ES,LV82,35_44,M,16.34,8.41,37.34,48.96,5.91,30.75,111.88,42.15,14849,32.7,26.68,0,HLTH_EHIS_MH4,1.4586,2025-03-28
2022,CZ,PT99,75_PLUS,X,6.76,22.78,61.31,10.76,7.12,68.93,28.58,83.94,3543,41.11,9.07,0,HLTH_EHIS_MH1,3.3643,2024-07-31
2023,HU,NL72,45_54,F,10.51,16.92,41.12,42.46,13.99,83.36,112.5,115.8,13435,73.54,8.45,1,HLTH_EHIS_MH2,4.7325,2025-08-13
2024,NL,IE9,15_24,M,4.78,8.25,69.82,15.28,15.54,71.85,130.39,118.24,7905,18.07,25.27,0,HLTH_EHIS_MH3,1.6185,2025-03-14
2025,SE,LU675,55_64,X,15.7,11.28,56.34,68.8,16.2,71.04,46.9,66.04,13836,25.27,12.34,1,HLTH_EHIS_MH4,3.011,2025-03-24
2006,DK,SE3,25_34,F,5.86,10.79,35.46,40.56,10.02,55.79,45.86,73.24,9974,38.28,6.82,0,HLTH_EHIS_MH1,2.1008,2024-01-12
2007,IE,LV19,65_74,M,18.54,24.86,45.54,39.78,15.92,28.78,12.16,94.08,2213,68.98,42.99,0,HLTH_EHIS_MH2,3.0658,2025-08-18
2008,PL,SE97,35_44,X,6.27,14.75,32.44,14.33,15.27,67.97,65.14,92.21,5160,70.98,30.01,0,HLTH_EHIS_MH3,1.0288,2024-11-02
2009,AT,DK68,75_PLUS,F,8.83,16.5,53.86,46.52,17.91,64.9,111.27,142.17,4097,55.37,33.64,1,HLTH_EHIS_MH4,2.5409,2025-11-18
2010,EE,LU83,45_54,M,20.37,13.7,37.61,61.75,16.39,81.03,43.58,135.24,9479,66.27,7.33,0,HLTH_EHIS_MH1,1.3418,2024-10-23
2011,IT,HU580,15_24,X,12.84,9.77,43.75,25.16,16.03,68.91,91.39,123.01,5062,35.94,29.57,0,HLTH_EHIS_MH2,3.6531,2024-01-27
2012,PT,SK723,55_64,F,15.29,24.32,58.41,16.3,12.1,61.27,65.83,120.1,3499,43.73,25.41,0,HLTH_EHIS_MH3,0.3035,2024-09-25
2013,BE,LU41,25_34,M,6.39,6.22,56.8,28.41,19.5,32.58,141.68,48.69,13886,74.97,10.22,0,HLTH_EHIS_MH4,0.8289,2025-04-12
2014,FI,HU43,65_74,X,5.7,10.43,61.67,68.2,18.57,45.02,89.31,187.91,46,41.12,28.68,1,HLTH_EHIS_MH1,2.4847,2024-08-14
2015,LV,HR94,35_44,F,17.07,6.73,39.06,15.85,14.35,77.18,120.88,84.83,11351,45.9,7.23,1,HLTH_EHIS_MH2,3.3249,2026-01-14
2016,RO,DK5,75_PLUS,M,8.87,7.68,60.56,74.35,18.37,26.33,150.54,68.75,6642,29.89,28.96,1,HLTH_EHIS_MH3,2.8936,2025-07-17
2017,BG,IT2,45_54,X,3.89,22.87,58.4,43.96,16.64,62.54,114.3,17.51,1497,36.44,13.54,1,HLTH_EHIS_MH4,2.7985,2024-08-25
2018,FR,ES27,15_24,F,23.6,22.1,46.44,61.93,8.25,25.79,144.36,100.45,10003,75.47,23.86,0,HLTH_EHIS_MH1,4.0611,2025-06-09
2019,LT,CY2,55_64,M,12.8,5.0,31.93,52.09,27.79,59.82,35.61,160.71,5091,72.99,28.57,0,HLTH_EHIS_MH2,4.2978,2024-11-24
2020,SK,MT524,25_34,X,26.44,14.35,58.38,66.83,14.96,79.39,142.68,54.79,21137,34.12,42.31,1,HLTH_EHIS_MH3,0.461,2024-09-24
2021,HR,LV13,65_74,F,14.23,10.29,61.74,26.7,20.25,29.34,45.61,90.17,5782,73.08,12.2,1,HLTH_EHIS_MH4,2.3474,2025-08-30
2022,DE,BG77,35_44,M,11.49,8.19,47.05,77.77,19.11,42.99,92.83,39.41,3014,39.17,7.37,1,HLTH_EHIS_MH1,3.183,2025-11-09
2023,LU,SE205,75_PLUS,X,22.25,22.73,39.06,75.85,18.29,43.86,125.69,26.05,12114,21.81,41.29,1,HLTH_EHIS_MH2,2.2247,2025-02-09
2024,SI,LU965,45_54,F,8.03,5.58,76.31,36.97,6.89,57.16,31.81,133.42,13345,59.87,31.27,0,HLTH_EHIS_MH3,1.5225,2026-01-23
2025,CY,ES39,15_24,M,8.54,23.55,44.32,15.88,14.74,73.26,70.41,43.98,11801,17.91,18.49,0,HLTH_EHIS_MH4,1.4551,2025-07-05
2006,GR,ES421,55_64,X,20.95,24.54,55.94,56.08,5.78,40.23,93.35,70.68,11918,52.98,8.24,0,HLTH_EHIS_MH1,3.3256,2024-02-21
2007,MT,AT559,25_34,F,11.27,22.23,36.64,97.42,8.16,22.28,30.03,29.71,5932,81.18,22.63,0,HLTH_EHIS_MH2,3.1326,2025-10-03
2008,ES,EE519,65_74,M,14.04,24.94,53.95,67.61,14.45,69.29,67.42,161.99,1038,26.5,37.33,1,HLTH_EHIS_MH3,4.4482,2024-02-01
2009,CZ,CZ4,35_44,X,19.78,16.05,34.8,12.52,15.52,54.9,68.5,94.23,14017,71.57,6.72,0,HLTH_EHIS_MH4,2.8127,2025-05-21
2010,HU,NL67,75_PLUS,F,17.49,10.87,49.63,84.47,19.87,31.5,19.08,163.67,4203,57.87,18.82,0,HLTH_EHIS_MH1,4.108,2025-11-10
2011,NL,DE97,45_54,M,19.88,10.12,33.66,79.73,20.58,57.56,73.84,91.65,1530,52.72,18.92,0,HLTH_EHIS_MH2,1.6263,2024-08-20
2012,SE,HU34,15_24,X,15.7,9.88,32.35,93.24,6.69,56.45,33.81,70.2,9570,69.98,13.09,0,HLTH_EHIS_MH3,1.0413,2025-04-06
2013,DK,DK113,55_64,F,4.51,22.95,45.95,62.87,4.01,30.43,44.44,106.82,6794,20.61,14.69,0,HLTH_EHIS_MH4,4.0037,2024-07-12
2014,IE,LT9,25_34,M,9.29,14.68,62.72,69.32,5.3,71.35,73.5,52.75,12699,30.58,29.49,1,HLTH_EHIS_MH1,2.5008,2024-07-27
2015,PL,GR1,65_74,X,21.87,15.83,36.2,75.1,11.85,72.4,130.08,19.91,15950,63.29,43.58,1,HLTH_EHIS_MH2,0.7568,2024-07-09
2016,AT,HU344,35_44,F,11.02,12.74,37.11,49.29,8.84,60.72,79.65,80.95,6837,40.12,9.92,1,HLTH_EHIS_MH3,2.3191,2025-12-18
2017,EE,LT3,75_PLUS,M,6.05,11.9,47.42,52.69,21.87,33.13,25.19,129.18,6502,27.02,15.99,1,HLTH_EHIS_MH4,2.56,2025-05-25
2018,IT,SK20,45_54,X,20.44,8.42,53.7,47.89,12.57,51.31,57.02,57.73,11050,70.55,23.97,1,HLTH_EHIS_MH1,2.2292,2025-02-07
2019,PT,FI92,15_24,F,7.16,8.21,60.76,20.0,4.85,26.34,148.22,124.54,1381,59.44,20.34,1,HLTH_EHIS_MH2,2.9329,2025-04-20
2020,BE,PL82,55_64,M,9.38,20.62,69.11,95.86,10.34,40.19,119.7,55.79,14960,28.04,11.2,1,HLTH_EHIS_MH3,0.5027,2025-09-26
2021,FI,IT558,25_34,X,20.87,13.17,54.2,30.31,10.26,66.01,111.82,110.2,7149,42.49,42.36,1,HLTH_EHIS_MH4,1.1071,2024-08-11
2022,LV,PL43,65_74,F,23.67,18.62,57.96,13.91,19.21,55.47,113.29,113.71,14618,63.5,13.24,0,HLTH_EHIS_MH1,0.3197,2024-12-30
2023,RO,FI90,35_44,M,12.6,12.57,39.93,24.79,9.23,24.02,36.52,101.16,10112,82.12,6.66,1,HLTH_EHIS_MH2,2.5415,2024-09-15
2024,BG,HU50,75_PLUS,X,19.89,22.49,34.27,75.8,10.03,83.08,86.1,153.78,1736,29.11,36.68,1,HLTH_EHIS_MH3,0.4317,2024-12-22
2025,FR,DE993,45_54,F,22.43,8.63,45.54,24.59,17.98,24.96,137.81,42.53,833,55.6,29.57,1,HLTH_EHIS_MH4,1.6676,2024-09-24
2006,LT,PL15,15_24,M,17.74,12.37,28.78,88.14,18.72,26.36,50.62,84.8,10117,52.97,12.1,0,HLTH_EHIS_MH1,4.7851,2025-09-23
2007,SK,FR89,55_64,X,14.96,19.63,42.54,76.07,4.8,25.52,146.87,164.44,2351,36.78,26.11,0,HLTH_EHIS_MH2,0.4382,2024-12-03
2008,HR,CZ54,25_34,F,12.02,10.0,70.54,43.7,10.04,68.08,128.22,96.58,2692,83.82,30.18,1,HLTH_EHIS_MH3,2.8264,2025-06-01
2009,DE,LV2,65_74,M,11.3,23.69,40.57,60.69,21.66,56.58,80.2,173.93,8577,54.61,37.45,0,HLTH_EHIS_MH4,1.3877,2024-10-31
2010,LU,PL6,35_44,X,15.11,7.66,51.74,42.75,8.02,61.98,61.86,20.95,8949,29.44,27.36,0,HLTH_EHIS_MH1,2.8749,2026-01-04
2011,SI,SE19,75_PLUS,F,5.76,7.93,38.22,42.36,17.54,40.34,119.59,137.45,13171,65.1,26.68,0,HLTH_EHIS_MH2,1.0107,2024-08-12
2012,CY,CY38,45_54,M,11.23,21.94,57.08,16.61,27.34,21.19,78.08,97.61,8510,74.74,7.3,0,HLTH_EHIS_MH3,1.0527,2025-04-04
2013,GR,HU677,15_24,X,9.18,25.53,34.15,103.54,6.45,62.48,39.82,56.73,8858,59.08,28.3,0,HLTH_EHIS_MH4,0.7333,2025-04-06
2014,MT,BE3,55_64,F,4.47,15.56,54.83,30.0,18.05,27.85,134.43,137.36,13756,19.81,17.62,1,HLTH_EHIS_MH1,3.8106,2025-03-22
2015,ES,GR901,25_34,M,20.17,12.72,56.14,31.77,4.68,43.19,133.57,121.27,6026,31.07,22.8,1,HLTH_EHIS_MH2,0.3242,2026-01-10
2016,CZ,LU5,65_74,X,10.58,12.66,48.83,16.29,12.19,60.37,38.25,29.6,1888,72.35,41.6,1,HLTH_EHIS_MH3,2.4976,2026-01-25
2017,HU,SE2,35_44,F,21.32,20.35,32.77,14.71,6.75,21.57,166.03,26.35,214,77.57,32.64,1,HLTH_EHIS_MH4,1.9197,2025-09-16
2018,NL,LT183,75_PLUS,M,6.19,15.6,73.32,22.2,10.76,91.27,106.15,61.55,1594,36.75,43.1,1,HLTH_EHIS_MH1,1.7502,2024-05-10
2019,SE,LT760,45_54,X,6.19,9.78,55.38,63.99,19.64,35.71,145.64,14.49,13335,64.66,31.91,1,HLTH_EHIS_MH2,2.5219,2025-07-17
2020,DK,CZ46,15_24,F,7.2,26.5,63.06,145.44,6.47,47.19,54.61,25.98,14546,64.47,40.58,1,HLTH_EHIS_MH3,0.2996,2025-12-10
2021,IE,DK898,55_64,M,20.01,27.06,44.23,13.16,18.68,69.48,8.18,158.07,3718,75.83,40.21,0,HLTH_EHIS_MH4,2.0044,2025-10-18
2022,PL,BG387,25_34,X,19.41,8.45,48.83,49.79,10.88,59.93,29.42,128.0,13478,74.25,15.0,1,HLTH_EHIS_MH1,3.5683,2024-04-28
2023,AT,DE9,65_74,F,10.21,20.78,72.75,9.51,8.02,28.23,54.95,60.09,11207,36.23,23.86,1,HLTH_EHIS_MH2,3.8515,2025-09-23
2024,EE,AT87,35_44,M,9.14,21.76,57.08,81.33,17.56,49.12,53.93,60.26,11611,48.59,18.11,1,HLTH_EHIS_MH3,3.6341,2024-03-26
2025,IT,DK35,75_PLUS,X,5.38,7.22,50.77,21.75,5.7,66.39,49.4,70.68,2685,48.98,30.37,1,HLTH_EHIS_MH4,0.2168,2024-07-30
2006,PT,SE357,45_54,F,14.09,12.79,57.83,16.91,16.53,59.32,14.57,31.25,9431,60.45,29.18,0,HLTH_EHIS_MH1,4.5681,2025-05-16
2007,BE,BE28,15_24,M,16.99,12.12,47.27,94.76,9.88,35.45,63.01,107.25,12244,65.08,24.58,0,HLTH_EHIS_MH2,4.3739,2024-07-12
2008,FI,DE305,55_64,X,11.35,13.33,37.64,45.81,6.41,62.36,19.41,148.03,4200,57.49,28.87,0,HLTH_EHIS_MH3,3.5314,2024-06-24
2009,LV,GR6,25_34,F,16.07,15.58,39.5,104.46,11.31,24.2,120.92,46.23,7084,80.95,22.03,0,HLTH_EHIS_MH4,4.2856,2025-09-01
2010,RO,CZ146,65_74,M,15.31,8.66,62.88,45.6,16.41,72.66,8.03,76.69,849,18.97,41.39,0,HLTH_EHIS_MH1,2.0682,2025-12-26
2011,BG,ES388,35_44,X,17.56,13.81,59.05,81.45,16.12,24.35,13.42,81.3,8243,82.56,24.97,1,HLTH_EHIS_MH2,1.4793,2025-01-08
2012,FR,LT68,75_PLUS,F,20.69,25.47,44.82,79.88,10.56,57.98,54.67,54.71,11843,68.01,39.12,0,HLTH_EHIS_MH3,2.6219,2025-02-02
2013,LT,SI51,45_54,M,20.38,21.77,34.73,44.6,15.09,61.36,44.48,113.84,15067,63.16,26.7,0,HLTH_EHIS_MH4,4.0878,2024-12-02
2014,SK,DK413,15_24,X,21.0,26.46,47.99,79.3,12.78,23.16,91.4,126.08,3508,42.08,10.63,1,HLTH_EHIS_MH1,3.4322,2024-11-23
2015,HR,RO680,55_64,F,18.1,26.27,34.61,79.93,11.47,46.57,56.98,82.99,2818,48.09,25.73,1,HLTH_EHIS_MH2,3.8717,2024-12-09
2016,DE,LT66,25_34,M,10.73,8.38,53.72,68.11,23.63,81.57,65.56,44.32,5513,63.1,26.99,1,HLTH_EHIS_MH3,1.6614,2025-10-03
2017,LU,IE10,65_74,X,15.73,22.37,45.51,62.03,7.02,81.84,26.92,167.93,9560,66.31,25.52,1,HLTH_EHIS_MH4,1.8259,2025-10-28
2018,SI,NL663,35_44,F,7.46,26.34,43.13,48.99,3.13,70.82,127.48,93.55,13028,26.44,7.04,1,HLTH_EHIS_MH1,1.9015,2025-02-08
2019,CY,BG608,75_PLUS,M,10.0,22.51,48.16,26.36,17.37,34.97,88.07,180.01,13657,52.81,7.41,0,HLTH_EHIS_MH2,2.7713,2024-05-21
2020,GR,SE63,45_54,X,4.85,16.77,49.01,37.17,11.43,22.49,122.36,129.35,11798,27.86,30.57,1,HLTH_EHIS_MH3,3.5792,2024-03-27
2021,MT,LT85,15_24,F,22.78,26.62,49.61,117.62,5.86,68.34,78.61,105.06,5632,42.97,16.05,1,HLTH_EHIS_MH4,1.6961,2025-06-03
2022,ES,BG322,55_64,M,9.5,21.63,71.3,68.68,15.36,27.23,120.2,137.79,9865,59.74,19.96,1,HLTH_EHIS_MH1,2.4403,2024-11-11
2023,CZ,LU2,25_34,X,13.75,19.18,42.1,80.19,8.84,69.8,74.27,125.35,17263,40.39,21.09,1,HLTH_EHIS_MH2,0.6502,2025-11-21
2024,HU,MT496,65_74,F,11.63,7.62,41.72,19.22,5.2,82.58,62.19,160.76,957,59.72,38.17,0,HLTH_EHIS_MH3,2.3354,2024-05-13
2025,NL,PL117,35_44,M,8.42,7.44,32.31,52.6,9.29,60.88,131.52,128.13,7529,30.99,23.97,1,HLTH_EHIS_MH4,0.3078,2024-12-08
2006,SE,FR308,75_PLUS,X,8.38,18.56,41.66,26.77,15.13,74.59,55.36,171.59,11386,49.0,30.08,0,HLTH_EHIS_MH1,0.5853,2025-07-27
2007,DK,GR355,45_54,F,17.31,15.87,46.15,20.86,15.05,59.09,23.22,27.62,1286,58.78,30.76,1,HLTH_EHIS_MH2,3.6588,2025-12-26
2008,IE,ES674,15_24,M,21.15,22.93,51.2,102.32,13.96,51.63,50.81,54.03,16267,66.45,8.42,0,HLTH_EHIS_MH3,2.8223,2025-08-04
2009,PL,FR431,55_64,X,14.02,20.9,39.63,46.44,16.85,22.65,125.29,99.63,10451,66.05,10.54,0,HLTH_EHIS_MH4,3.2055,2025-09-08
2010,AT,SK21,25_34,F,5.17,21.58,55.91,13.69,6.35,78.4,18.08,112.52,2735,26.0,10.67,0,HLTH_EHIS_MH1,3.0882,2025-06-13
2011,EE,SI475,65_74,M,17.42,23.31,49.6,49.88,9.71,73.44,103.44,73.2,6655,41.89,28.14,0,HLTH_EHIS_MH2,3.4599,2025-11-08
2012,IT,SI64,35_44,X,7.0,21.51,31.85,43.37,5.68,37.7,88.07,122.64,4312,57.88,10.41,0,HLTH_EHIS_MH3,1.0947,2024-03-03
2013,PT,NL387,75_PLUS,F,18.93,9.35,53.01,31.03,13.09,79.1,27.79,30.77,6366,17.68,28.54,0,HLTH_EHIS_MH4,1.712,2024-04-08
2014,BE,SI9,45_54,M,6.25,19.58,52.92,43.64,5.85,39.98,78.02,84.66,10307,44.67,27.14,1,HLTH_EHIS_MH1,3.0162,2025-01-04
2015,FI,BE659,15_24,X,6.41,23.92,39.0,14.4,7.72,71.52,130.51,22.33,5334,28.32,21.96,1,HLTH_EHIS_MH2,1.9971,2025-08-18
2016,LV,ES369,55_64,F,16.56,9.16,31.93,52.39,7.71,63.03,131.53,29.63,16365,18.74,8.03,1,HLTH_EHIS_MH3,4.5103,2026-01-17
2017,RO,HU25,25_34,M,5.87,18.7,54.85,47.86,23.32,27.37,140.37,40.74,10033,52.86,25.68,1,HLTH_EHIS_MH4,3.3948,2025-01-30
2018,BG,NL291,65_74,X,17.12,20.95,34.05,44.99,19.58,22.71,142.87,53.21,7263,75.5,20.79,1,HLTH_EHIS_MH1,2.9824,2025-06-22
2019,FR,DK89,35_44,F,16.8,17.04,41.46,29.7,12.17,64.54,60.18,39.46,7519,64.16,7.13,1,HLTH_EHIS_MH2,4.3439,2025-11-17
2020,LT,HU228,75_PLUS,M,11.87,27.69,40.56,102.01,11.27,24.35,40.93,156.11,16949,62.58,32.12,1,HLTH_EHIS_MH3,0.8627,2025-06-27
2021,SK,HR130,45_54,X,6.16,25.37,66.83,74.05,7.16,33.39,183.86,130.95,10770,77.63,23.05,0,HLTH_EHIS_MH4,4.4084,2024-05-03
2022,HR,BE1,15_24,F,24.96,22.06,30.72,19.69,4.67,31.47,106.29,13.89,9421,69.5,35.38,0,HLTH_EHIS_MH1,0.7088,2024-01-07
2023,DE,EE27,55_64,M,12.45,5.46,59.74,34.98,13.48,55.23,88.62,90.18,6515,24.96,16.31,1,HLTH_EHIS_MH2,0.8025,2024-08-12
2024,LU,FR455,25_34,X,14.35,9.04,51.05,46.29,12.24,44.04,122.73,24.83,11089,48.43,24.39,0,HLTH_EHIS_MH3,2.5691,2025-03-08
2025,SI,LV233,65_74,F,7.39,9.32,39.14,43.1,15.16,81.03,98.17,184.9,13721,76.93,24.81,0,HLTH_EHIS_MH4,3.2924,2024-03-01
2006,CY,SE293,35_44,M,17.85,16.58,39.71,39.29,4.52,34.64,98.87,44.95,1862,68.0,7.2,0,HLTH_EHIS_MH1,0.9135,2025-05-06
2007,GR,GR982,75_PLUS,X,15.24,5.34,49.33,7.76,12.05,29.9,25.42,24.85,4000,31.71,41.33,0,HLTH_EHIS_MH2,1.9483,2024-04-23
2008,MT,BG310,45_54,F,12.67,11.26,39.44,10.98,15.47,69.31,81.85,86.16,13420,38.82,7.51,0,HLTH_EHIS_MH3,0.5258,2025-08-26
2009,ES,NL438,15_24,M,9.22,13.77,70.23,83.55,7.4,34.73,90.01,49.64,6724,25.2,23.55,0,HLTH_EHIS_MH4,1.2101,2025-11-27
2010,CZ,FI133,55_64,X,19.79,12.12,45.18,23.71,15.17,38.25,39.42,85.15,8548,58.52,25.13,0,HLTH_EHIS_MH1,2.3389,2024-03-13
2011,HU,EE943,25_34,F,23.36,7.09,43.3,80.39,7.44,24.79,88.1,65.4,2900,20.45,23.4,0,HLTH_EHIS_MH2,2.7429,2024-09-26
2012,NL,FR26,65_74,M,20.71,16.44,38.58,37.47,15.2,70.91,129.27,175.02,5441,37.86,7.58,1,HLTH_EHIS_MH3,2.5781,2024-06-12
2013,SE,PT62,35_44,X,8.48,11.37,36.24,79.9,3.23,78.32,28.81,35.87,5266,67.56,31.71,0,HLTH_EHIS_MH4,2.1245,2025-02-14
2014,DK,IT42,75_PLUS,F,6.78,23.66,58.2,80.56,12.44,83.79,56.83,37.98,7573,62.0,18.53,1,HLTH_EHIS_MH1,2.4131,2024-03-16
2015,IE,CY564,45_54,M,9.88,13.29,63.2,84.88,5.96,30.67,62.03,33.67,8432,42.13,31.53,1,HLTH_EHIS_MH2,3.0113,2024-01-22
2016,PL,PL9,15_24,X,8.49,25.99,50.92,74.78,14.93,21.28,14.03,29.1,312,32.06,25.56,1,HLTH_EHIS_MH3,1.2602,2024-01-04
2017,AT,RO78,55_64,F,19.84,25.59,40.31,72.15,18.13,82.09,121.4,138.86,9249,72.11,28.68,1,HLTH_EHIS_MH4,4.0534,2025-08-27
2018,EE,CZ713,25_34,M,19.63,12.4,29.43,28.98,4.35,76.9,40.7,60.28,12544,70.77,18.62,1,HLTH_EHIS_MH1,2.2893,2025-10-12
2019,IT,FR535,65_74,X,13.84,22.07,52.28,78.44,9.51,37.29,43.55,156.9,16220,55.18,17.09,1,HLTH_EHIS_MH2,4.6917,2024-05-18
2020,PT,EE89,35_44,F,11.98,28.49,30.04,86.85,5.78,81.76,25.29,25.31,10182,79.18,36.67,1,HLTH_EHIS_MH3,3.0313,2025-12-16
2021,BE,AT65,75_PLUS,M,15.28,26.26,49.9,49.35,6.67,49.9,124.87,76.34,7347,32.87,30.93,1,HLTH_EHIS_MH4,2.1432,2025-08-01
2022,FI,CY29,45_54,X,19.24,18.39,46.17,26.82,7.32,56.9,59.55,99.96,3032,31.33,7.38,0,HLTH_EHIS_MH1,1.3587,2025-07-22
2023,LV,ES713,15_24,F,24.78,19.95,44.86,88.43,10.69,46.69,8.81,87.02,575,30.75,27.26,1,HLTH_EHIS_MH2,3.8474,2024-09-21
2024,RO,FI75,55_64,M,5.66,7.26,40.25,71.98,18.62,50.81,48.78,150.27,12629,40.05,25.02,1,HLTH_EHIS_MH3,0.8148,2024-05-19
2025,BG,CY27,25_34,X,18.87,23.29,47.39,58.66,7.32,70.02,51.44,107.05,16706,39.64,32.35,1,HLTH_EHIS_MH4,2.2,2025-01-13
2006,FR,LT72,65_74,F,18.19,9.22,42.56,27.18,12.79,82.83,124.42,171.22,16087,46.08,38.17,0,HLTH_EHIS_MH1,2.3012,2025-03-05
2007,LT,DK23,35_44,M,16.72,5.12,51.12,81.94,13.75,44.81,123.52,88.32,3231,81.63,27.26,0,HLTH_EHIS_MH2,0.3725,2025-11-09
2008,SK,EE980,75_PLUS,X,13.16,7.61,39.01,36.85,17.83,32.43,165.37,31.95,8508,67.1,26.28,0,HLTH_EHIS_MH3,2.6628,2024-10-27
2009,HR,HR4,45_54,F,5.43,15.34,48.18,49.39,13.78,82.94,19.03,58.64,9250,42.84,21.68,0,HLTH_EHIS_MH4,3.8875,2024-12-17
2010,DE,LV298,15_24,M,4.92,8.48,58.44,76.18,17.21,30.47,116.42,99.48,6977,67.04,16.53,1,HLTH_EHIS_MH1,2.1366,2025-11-08
2011,LU,ES88,55_64,X,17.19,22.86,31.89,47.79,9.81,70.88,19.54,19.31,1900,68.71,23.07,0,HLTH_EHIS_MH2,1.676,2024-06-20
2012,SI,BG66,25_34,F,21.41,13.09,41.17,82.44,12.67,69.96,128.73,138.19,15755,23.29,7.98,1,HLTH_EHIS_MH3,1.8657,2025-12-31
2013,CY,AT91,65_74,M,7.89,21.88,41.6,64.73,8.15,27.37,146.38,79.84,2343,58.64,43.39,0,HLTH_EHIS_MH4,4.6144,2025-12-13
2014,GR,CZ8,35_44,X,20.54,15.67,46.68,54.26,16.31,53.68,135.37,44.22,8080,64.11,33.22,1,HLTH_EHIS_MH1,2.2295,2024-12-29
2015,MT,PL575,75_PLUS,F,15.1,23.29,34.11,34.03,15.19,26.86,38.75,129.17,5475,57.54,8.97,0,HLTH_EHIS_MH2,4.2996,2024-03-21
2016,ES,CY365,45_54,M,14.42,18.77,35.54,26.62,15.93,25.27,47.68,60.33,7540,58.45,29.63,1,HLTH_EHIS_MH3,2.8204,2024-07-09
2017,CZ,FR998,15_24,X,7.09,24.1,61.36,76.2,13.11,61.42,68.86,52.43,4242,75.41,10.36,0,HLTH_EHIS_MH4,0.2972,2025-04-28
2018,HU,BG205,55_64,F,17.91,16.22,44.63,78.66,15.8,22.04,107.12,45.42,348,38.81,15.55,1,HLTH_EHIS_MH1,4.7375,2025-10-02
2019,NL,DE40,25_34,M,9.47,20.04,58.32,71.53,19.96,87.74,114.11,121.86,9652,83.72,7.22,1,HLTH_EHIS_MH2,0.401,2026-01-25
2020,SE,DK542,65_74,X,10.52,25.15,67.25,27.38,4.79,50.37,161.14,148.77,13767,31.66,31.41,1,HLTH_EHIS_MH3,3.3974,2025-11-21
2021,DK,LT6,35_44,F,19.42,33.24,43.83,55.03,13.72,40.02,115.4,103.81,19498,25.13,29.33,0,HLTH_EHIS_MH4,1.5044,2025-03-27
2022,IE,IT401,75_PLUS,M,5.82,5.96,51.7,30.14,8.6,47.33,106.41,142.91,11225,70.23,30.52,0,HLTH_EHIS_MH1,1.4782,2025-07-17
2023,PL,EE318,45_54,X,7.19,15.21,61.78,12.62,18.41,40.08,147.79,76.17,12370,72.45,26.08,1,HLTH_EHIS_MH2,2.9058,2025-11-04
2024,AT,GR36,15_24,F,9.67,11.8,53.07,78.52,13.17,30.48,141.25,95.61,6364,66.45,13.74,1,HLTH_EHIS_MH3,1.2718,2025-08-29
2025,EE,ES966,55_64,M,7.8,7.13,52.88,49.03,9.06,69.03,82.76,159.23,9001,35.23,8.76,1,HLTH_EHIS_MH4,1.5358,2024-11-12
2006,IT,AT879,25_34,X,5.32,24.54,65.49,24.39,15.58,58.52,115.54,94.79,5423,36.01,27.7,0,HLTH_EHIS_MH1,4.3093,2024-11-12
2007,PT,SK9,65_74,F,23.92,7.18,49.47,9.5,4.98,70.09,54.19,75.99,1152,32.84,21.16,0,HLTH_EHIS_MH2,1.2311,2024-04-13
2008,BE,CZ60,35_44,M,10.47,8.58,62.31,61.25,12.6,73.2,131.84,52.44,5907,21.47,26.3,0,HLTH_EHIS_MH3,4.2708,2024-09-24
2009,FI,RO207,75_PLUS,X,8.41,18.72,69.7,9.5,16.62,21.04,31.36,21.22,13430,46.82,28.22,0,HLTH_EHIS_MH4,2.4157,2024-12-08
2010,LV,LT84,45_54,F,8.62,24.08,69.0,14.37,8.39,51.68,79.71,95.1,5045,77.99,17.51,0,HLTH_EHIS_MH1,2.4444,2024-06-30
2011,RO,CZ1,15_24,M,15.16,24.37,37.38,60.88,20.79,81.02,23.49,91.69,6315,33.01,15.14,0,HLTH_EHIS_MH2,2.2922,2026-01-13
2012,BG,LT83,55_64,X,8.38,16.46,32.2,82.8,8.84,58.07,20.67,100.09,13168,42.4,24.36,0,HLTH_EHIS_MH3,0.8358,2024-06-05
2013,FR,BG6,25_34,F,20.29,16.94,40.41,23.22,11.47,91.91,80.09,88.78,12755,61.38,21.02,1,HLTH_EHIS_MH4,2.5549,2025-10-29
2014,LT,HR22,65_74,M,10.85,13.88,48.85,24.57,19.53,39.48,19.83,165.42,1551,52.64,10.88,1,HLTH_EHIS_MH1,2.973,2024-05-01
2015,SK,DK138,35_44,X,9.81,8.97,54.83,9.21,11.0,50.09,99.77,50.67,13195,29.08,6.76,1,HLTH_EHIS_MH2,2.7072,2026-02-10
2016,HR,IT7,75_PLUS,F,20.4,10.98,60.77,78.79,17.75,60.34,75.46,32.81,13749,61.45,29.2,1,HLTH_EHIS_MH3,1.4963,2025-07-28
2017,DE,LT4,45_54,M,12.54,10.83,49.24,45.78,14.57,56.51,127.73,33.7,11151,72.99,19.19,1,HLTH_EHIS_MH4,2.4749,2026-02-20
2018,LU,RO77,15_24,X,13.95,26.74,41.36,84.01,8.25,58.83,32.98,105.33,16599,64.4,8.2,0,HLTH_EHIS_MH1,2.3243,2025-02-06
2019,SI,CZ64,55_64,F,18.87,18.77,37.29,19.46,8.0,36.68,115.52,28.04,11456,29.96,8.91,1,HLTH_EHIS_MH2,1.5617,2025-03-05
2020,CY,BE167,25_34,M,25.17,9.13,41.12,95.39,8.45,29.84,81.38,107.96,11757,27.61,42.66,0,HLTH_EHIS_MH3,3.7215,2025-10-01
2021,GR,RO8,65_74,X,19.7,29.05,30.27,84.96,11.5,76.62,72.01,64.83,6968,78.83,52.34,1,HLTH_EHIS_MH4,2.9173,2024-05-23
2022,MT,HU99,35_44,F,7.72,10.73,72.11,64.18,13.81,54.66,14.87,67.0,6707,74.35,32.68,1,HLTH_EHIS_MH1,4.4109,2025-10-25
2023,ES,SE45,75_PLUS,M,11.4,8.51,39.1,15.94,21.41,64.66,120.53,116.36,5638,48.18,16.1,1,HLTH_EHIS_MH2,0.9122,2025-02-16
2024,CZ,DE4,45_54,X,18.16,21.37,46.55,36.4,9.81,54.57,68.1,21.49,4979,30.37,26.17,0,HLTH_EHIS_MH3,2.6116,2024-11-18
2025,HU,IT808,15_24,F,21.38,10.95,29.37,65.67,7.88,53.17,45.01,32.32,15485,72.69,26.89,0,HLTH_EHIS_MH4,4.4164,2025-02-21
2006,NL,IE107,55_64,M,5.49,7.8,55.86,37.6,17.51,86.45,85.32,147.72,9617,57.73,32.29,0,HLTH_EHIS_MH1,1.1356,2024-01-18
2007,SE,DK29,25_34,X,21.5,9.46,47.32,70.57,4.56,70.09,14.97,129.32,4045,39.41,21.32,0,HLTH_EHIS_MH2,3.6613,2025-04-09
2008,DK,SK3,65_74,F,19.76,16.12,52.7,7.48,11.37,67.61,62.02,56.75,6994,74.51,30.3,0,HLTH_EHIS_MH3,1.1949,2024-06-09
2009,IE,IE5,35_44,M,19.86,16.79,51.56,8.67,12.56,50.59,49.42,97.91,16332,28.28,26.89,0,HLTH_EHIS_MH4,0.9017,2024-11-30
2010,PL,DE88,75_PLUS,X,12.69,13.53,44.11,36.36,6.33,73.81,99.83,119.61,9412,59.23,13.2,1,HLTH_EHIS_MH1,2.2155,2025-08-14
2011,AT,EE32,45_54,F,12.44,13.58,63.3,43.68,14.91,50.57,110.08,53.17,12972,20.82,25.46,0,HLTH_EHIS_MH2,1.5203,2024-05-30
2012,EE,CY31,15_24,M,19.82,17.85,54.09,74.34,7.39,81.06,92.46,50.04,17876,17.78,34.34,1,HLTH_EHIS_MH3,0.5858,2024-09-28
2013,IT,PT9,55_64,X,17.83,18.51,28.4,69.99,19.06,82.23,10.73,169.29,14936,64.22,9.66,0,HLTH_EHIS_MH4,1.4069,2025-04-09
2014,PT,SE4,25_34,F,15.19,5.92,57.32,28.51,5.88,53.37,126.34,103.19,1537,26.97,17.31,0,HLTH_EHIS_MH1,2.1866,2025-05-29
2015,BE,DK13,65_74,M,4.76,11.82,61.7,14.59,21.64,68.79,98.2,47.51,4389,69.95,39.98,1,HLTH_EHIS_MH2,2.0912,2026-01-16
2016,FI,LT174,35_44,X,13.59,16.58,33.07,7.33,10.04,47.52,122.58,89.67,16510,24.56,6.51,1,HLTH_EHIS_MH3,1.5166,2025-05-16
2017,LV,CY36,75_PLUS,F,13.55,11.09,48.0,80.83,13.8,46.66,72.9,127.73,6364,27.01,33.84,1,HLTH_EHIS_MH4,3.8742,2024-10-31
2018,RO,IE457,45_54,M,15.33,23.35,51.14,50.92,6.49,60.54,51.1,25.3,12446,73.29,21.14,0,HLTH_EHIS_MH1,1.9543,2024-06-11
2019,BG,AT653,15_24,X,17.92,18.04,37.9,12.57,15.65,25.26,166.12,15.26,16770,17.59,15.69,1,HLTH_EHIS_MH2,1.1718,2024-05-13
2020,FR,FI91,55_64,F,14.0,22.2,55.39,87.43,15.82,70.04,51.62,83.69,21351,38.21,35.18,1,HLTH_EHIS_MH3,1.5444,2025-03-04
2021,LT,LU815,25_34,M,20.04,19.18,52.49,142.37,6.8,60.59,133.32,86.19,2957,100.0,23.04,1,HLTH_EHIS_MH4,1.7899,2024-04-07
2022,SK,FI152,65_74,X,15.2,23.26,48.13,15.13,5.03,70.73,96.28,141.38,5087,25.97,20.16,1,HLTH_EHIS_MH1,1.6204,2025-12-15
2023,HR,BG68,35_44,F,8.4,7.96,50.49,78.19,10.17,50.59,37.71,99.16,10459,41.65,16.23,1,HLTH_EHIS_MH2,3.612,2024-11-27
2024,DE,BG14,75_PLUS,M,9.99,13.5,47.48,72.6,13.32,67.23,36.69,43.67,875,35.8,12.39,0,HLTH_EHIS_MH3,2.2668,2024-03-20
2025,LU,RO5,45_54,X,15.53,11.86,64.1,56.73,18.01,59.16,43.57,93.25,4975,51.88,15.3,1,HLTH_EHIS_MH4,3.2225,2024-01-26
2006,SI,HR9,15_24,F,18.71,9.62,42.14,72.95,9.55,50.66,26.34,135.08,11041,67.84,17.81,0,HLTH_EHIS_MH1,3.4695,2026-01-29
2007,CY,RO701,55_64,M,14.14,13.82,41.69,30.71,16.03,49.03,81.48,174.72,2482,28.43,24.44,0,HLTH_EHIS_MH2,3.6271,2024-05-27
2008,GR,ES781,25_34,X,10.07,5.13,40.58,77.19,15.83,50.82,76.23,60.74,13919,42.01,21.22,1,HLTH_EHIS_MH3,0.6028,2024-10-21
2009,MT,PT49,65_74,F,8.04,21.41,53.45,81.99,4.52,28.57,116.99,113.38,13447,21.74,19.31,1,HLTH_EHIS_MH4,4.7534,2025-04-27
2010,ES,GR429,35_44,M,18.56,20.68,59.2,47.31,22.03,55.21,32.95,67.93,12436,20.24,15.41,1,HLTH_EHIS_MH1,0.8414,2025-02-12
2011,CZ,LV82,75_PLUS,X,19.56,6.28,41.29,13.66,6.09,70.94,65.0,178.54,11642,31.4,8.93,0,HLTH_EHIS_MH2,2.4921,2025-07-16
2012,HU,PT99,45_54,F,18.3,26.06,55.74,83.28,7.09,23.56,73.77,115.06,16140,57.95,16.37,0,HLTH_EHIS_MH3,2.544,2025-02-20
2013,NL,NL72,15_24,M,11.32,17.84,69.25,26.26,8.95,64.18,15.74,70.73,12248,40.63,10.75,0,HLTH_EHIS_MH4,3.5186,2024-08-11
2014,SE,IE9,55_64,X,6.81,16.95,50.85,60.47,9.6,52.27,81.28,18.09,7459,45.09,13.58,0,HLTH_EHIS_MH1,1.2474,2024-11-28
2015,DK,LU675,25_34,F,9.37,20.84,50.33,51.39,8.92,77.18,130.39,124.86,171,43.6,10.46,1,HLTH_EHIS_MH2,2.1607,2024-06-17
2016,IE,SE3,65_74,M,17.39,17.82,40.11,78.14,14.14,78.12,82.47,187.22,15450,69.28,17.92,1,HLTH_EHIS_MH3,2.3104,2025-03-31
2017,PL,LV19,35_44,X,9.83,18.27,35.61,39.06,11.28,73.98,109.0,51.87,7097,19.97,22.54,1,HLTH_EHIS_MH4,2.7172,2024-07-09
2018,AT,SE97,75_PLUS,F,16.81,21.24,42.23,17.76,18.59,42.2,67.07,68.05,14597,39.82,34.59,0,HLTH_EHIS_MH1,0.2304,2025-10-08
2019,EE,DK68,45_54,M,19.69,11.74,27.27,72.98,19.97,74.88,113.48,138.63,4879,57.76,26.37,0,HLTH_EHIS_MH2,3.6968,2025-05-11
2020,IT,LU83,15_24,X,25.52,25.66,41.09,43.75,5.86,24.66,72.31,73.36,624,30.16,21.09,1,HLTH_EHIS_MH3,3.3438,2024-04-08
2021,PT,HU580,55_64,F,7.77,26.96,38.74,99.54,6.57,23.62,213.82,105.69,7315,68.8,36.3,1,HLTH_EHIS_MH4,4.599,2024-10-14
2022,BE,SK723,25_34,M,7.38,25.3,61.34,97.76,23.74,42.21,74.75,84.26,2623,76.31,30.46,1,HLTH_EHIS_MH1,4.3493,2024-07-12
2023,FI,LU41,65_74,X,4.55,7.11,47.76,73.43,7.11,73.14,42.12,36.61,12414,26.17,29.49,1,HLTH_EHIS_MH2,4.6562,2025-03-01
2024,LV,HU43,35_44,F,8.65,27.53,41.48,59.4,12.27,31.49,64.71,127.27,11802,56.19,24.09,0,HLTH_EHIS_MH3,1.5483,2024-06-27
2025,RO,HR94,75_PLUS,M,9.38,8.65,39.72,30.59,27.15,32.89,32.23,177.77,7001,55.47,37.33,1,HLTH_EHIS_MH4,0.496,2025-07-05
2006,BG,DK5,45_54,X,7.41,4.99,43.52,20.92,3.93,67.39,74.63,61.36,1359,48.23,28.98,0,HLTH_EHIS_MH1,4.0315,2025-03-29
2007,FR,IT2,15_24,F,22.99,8.09,38.01,28.85,13.95,40.61,34.07,48.62,5863,71.59,33.02,0,HLTH_EHIS_MH2,2.0968,2025-08-28
2008,LT,ES27,55_64,M,10.42,14.7,48.37,75.96,22.59,68.28,111.4,138.33,4147,76.61,25.27,0,HLTH_EHIS_MH3,2.8073,2024-02-22
2009,SK,CY2,25_34,X,7.96,15.66,61.25,59.0,12.88,75.09,17.76,48.99,9702,36.5,13.16,1,HLTH_EHIS_MH4,3.4595,2026-02-17
2010,HR,MT524,65_74,F,23.37,8.33,32.94,45.48,5.24,40.24,54.35,24.48,8901,22.3,7.14,0,HLTH_EHIS_MH1,3.9301,2024-12-04
2011,DE,LV13,35_44,M,7.28,9.05,35.57,45.58,6.57,61.43,133.73,101.71,12844,56.19,36.07,0,HLTH_EHIS_MH2,2.5076,2024-02-07
2012,LU,BG77,75_PLUS,X,4.23,21.96,31.35,83.42,8.52,32.07,8.86,48.78,13654,25.87,32.78,0,HLTH_EHIS_MH3,4.7652,2024-12-24
2013,SI,SE205,45_54,F,5.7,26.54,36.73,78.71,16.21,77.58,79.79,83.01,13036,74.47,10.45,0,HLTH_EHIS_MH4,3.1913,2025-02-19
2014,CY,LU965,15_24,M,15.41,22.14,36.91,88.32,13.69,28.16,61.23,85.65,16069,62.09,32.8,0,HLTH_EHIS_MH1,4.1347,2024-07-06
2015,GR,ES39,55_64,X,19.87,12.97,45.23,28.14,16.16,33.19,53.89,21.32,8673,25.3,8.82,0,HLTH_EHIS_MH2,1.3811,2025-01-10
2016,MT,ES421,25_34,F,16.55,14.41,43.05,42.89,8.49,50.88,50.5,128.21,15480,57.61,6.45,1,HLTH_EHIS_MH3,3.8344,2024-09-07
2017,ES,AT559,65_74,M,5.94,8.48,76.43,82.05,28.37,55.23,136.48,170.83,3984,49.23,22.71,0,HLTH_EHIS_MH4,4.6937,2024-11-03
2018,CZ,EE519,35_44,X,7.69,22.36,53.85,23.16,8.76,59.86,37.68,87.89,8288,84.82,13.89,1,HLTH_EHIS_MH1,3.4186,2025-06-02
2019,HU,CZ4,75_PLUS,F,21.39,10.34,26.72,32.6,12.17,21.35,89.28,27.6,1590,56.21,17.96,1,HLTH_EHIS_MH2,0.8795,2025-09-05
2020,NL,NL67,45_54,M,10.86,26.97,39.94,79.54,17.76,52.51,144.13,128.52,7185,45.11,10.68,1,HLTH_EHIS_MH3,2.9078,2025-01-22
2021,SE,DE97,15_24,X,19.34,7.52,63.34,59.76,16.1,27.29,193.88,51.91,2803,91.15,37.1,0,HLTH_EHIS_MH4,3.3163,2025-11-12
2022,DK,HU34,55_64,F,10.09,11.53,61.67,59.88,15.33,87.35,73.38,54.44,10901,64.1,17.13,1,HLTH_EHIS_MH1,2.2368,2024-09-01
2023,IE,DK113,25_34,M,9.91,6.74,46.48,96.64,13.47,29.88,135.13,123.58,8082,25.92,18.14,0,HLTH_EHIS_MH2,2.6944,2024-07-28
2024,PL,LT9,65_74,X,11.61,16.91,46.58,50.28,7.08,25.78,37.53,54.94,7645,70.34,25.01,1,HLTH_EHIS_MH3,3.9608,2025-10-23
2025,AT,GR1,35_44,F,17.84,26.46,30.9,67.7,15.94,34.25,156.33,83.47,13033,67.02,9.77,1,HLTH_EHIS_MH4,1.8311,2025-04-01
2006,EE,HU344,75_PLUS,M,8.94,7.99,44.0,69.88,10.91,57.25,71.04,82.13,8470,30.01,32.77,0,HLTH_EHIS_MH1,4.4842,2026-01-01
2007,IT,LT3,45_54,X,15.31,22.44,31.94,62.16,10.66,62.3,9.87,137.22,2322,60.22,13.07,0,HLTH_EHIS_MH2,1.3603,2024-10-22
2008,PT,SK20,15_24,F,10.83,26.84,43.19,72.01,8.82,64.19,136.01,30.19,147,58.08,15.47,0,HLTH_EHIS_MH3,4.6931,2025-12-15
2009,BE,FI92,55_64,M,13.22,23.16,42.27,56.2,16.11,35.11,77.35,43.51,1923,71.36,11.67,0,HLTH_EHIS_MH4,2.4456,2025-10-26
2010,FI,PL82,25_34,X,15.18,24.11,59.25,82.42,7.07,53.09,35.96,132.96,15494,35.54,31.71,0,HLTH_EHIS_MH1,4.1552,2025-02-17
2011,LV,IT558,65_74,F,16.05,20.27,43.88,57.03,19.35,69.49,48.51,171.4,9222,24.99,7.61,0,HLTH_EHIS_MH2,3.1082,2025-07-26
2012,RO,PL43,35_44,M,11.6,18.06,38.3,65.07,10.99,34.6,44.05,93.53,5203,68.86,22.41,0,HLTH_EHIS_MH3,1.4264,2026-02-23
2013,BG,FI90,75_PLUS,X,6.26,23.41,46.14,79.47,6.2,42.1,65.32,84.04,7823,23.15,15.37,0,HLTH_EHIS_MH4,2.6676,2025-10-14
2014,FR,HU50,45_54,F,12.7,17.27,43.48,47.34,9.78,36.5,113.64,137.76,11487,84.71,31.85,0,HLTH_EHIS_MH1,1.7196,2024-05-15
2015,LT,DE993,15_24,M,15.43,25.3,35.96,18.27,17.08,57.66,135.04,26.03,12678,77.73,22.1,0,HLTH_EHIS_MH2,0.6443,2024-09-25
2016,SK,PL15,55_64,X,17.32,5.54,50.55,36.25,20.02,73.7,23.9,175.82,13504,22.08,19.54,1,HLTH_EHIS_MH3,1.1128,2025-01-10
2017,HR,FR89,25_34,F,24.04,10.96,35.75,53.25,16.5,40.72,98.78,36.28,13587,61.48,16.95,1,HLTH_EHIS_MH4,1.5427,2025-07-19
2018,DE,CZ54,65_74,M,19.13,19.24,54.44,46.13,5.91,40.28,122.39,34.57,10890,43.39,36.2,1,HLTH_EHIS_MH1,1.7665,2025-06-28
2019,LU,LV2,35_44,X,6.2,4.81,40.6,44.7,12.23,40.43,77.94,127.89,6277,29.01,10.61,0,HLTH_EHIS_MH2,0.6435,2024-06-26
2020,SI,PL6,75_PLUS,F,15.13,23.24,56.78,87.76,15.77,56.14,140.16,123.59,16580,76.28,45.75,1,HLTH_EHIS_MH3,1.9275,2025-12-25
2021,CY,SE19,45_54,M,5.38,16.91,40.14,24.91,26.52,22.38,189.87,16.66,4603,51.07,19.29,0,HLTH_EHIS_MH4,3.1641,2024-06-29
2022,GR,CY38,15_24,X,15.11,26.06,65.66,37.19,11.85,77.48,129.71,83.46,8689,70.82,28.26,0,HLTH_EHIS_MH1,3.2369,2025-06-05
2023,MT,HU677,55_64,F,17.46,6.49,51.81,73.93,19.41,51.57,22.81,88.94,11526,64.5,34.33,0,HLTH_EHIS_MH2,3.229,2025-10-10
2024,ES,BE3,25_34,M,19.42,14.69,64.15,100.87,17.66,71.17,120.63,126.24,9915,82.7,22.36,0,HLTH_EHIS_MH3,1.0711,2025-05-25
2025,CZ,GR901,65_74,X,13.45,9.11,44.14,63.07,13.6,23.88,78.78,98.26,14511,34.71,15.36,1,HLTH_EHIS_MH4,3.1761,2024-05-11
2006,HU,LU5,35_44,F,12.45,25.98,48.46,63.67,11.97,43.99,27.49,85.54,4829,84.76,11.56,0,HLTH_EHIS_MH1,1.5868,2025-03-06
2007,NL,SE2,75_PLUS,M,11.64,10.47,37.0,67.68,18.93,45.75,73.83,177.52,7750,54.43,14.9,0,HLTH_EHIS_MH2,2.9352,2024-01-31
2008,SE,LT183,45_54,X,9.18,4.83,45.08,58.06,20.1,90.13,53.36,107.62,5420,72.99,14.23,0,HLTH_EHIS_MH3,1.1462,2024-09-04
2009,DK,LT760,15_24,F,5.02,26.27,61.55,27.14,3.85,27.06,13.09,70.05,8259,26.7,34.35,0,HLTH_EHIS_MH4,1.4912,2024-12-14
2010,IE,CZ46,55_64,M,11.93,19.59,33.42,50.93,13.72,47.94,61.92,162.92,2320,59.19,6.89,0,HLTH_EHIS_MH1,1.9718,2024-08-02
2011,PL,DK898,25_34,X,13.65,6.95,35.64,118.62,9.5,28.66,129.45,39.39,2066,24.73,10.77,0,HLTH_EHIS_MH2,3.1791,2024-04-08
2012,AT,BG387,65_74,F,10.95,15.84,62.01,30.23,7.45,71.92,39.27,76.84,3413,56.2,12.0,1,HLTH_EHIS_MH3,1.1552,2025-02-13
2013,EE,DE9,35_44,M,5.15,23.01,41.06,11.11,16.05,58.62,77.15,32.82,3678,79.15,28.51,1,HLTH_EHIS_MH4,0.5398,2025-01-22
2014,IT,AT87,75_PLUS,X,11.47,8.21,58.04,33.81,10.66,62.4,43.65,63.8,4094,22.78,31.46,1,HLTH_EHIS_MH1,3.831,2025-09-21
2015,PT,DK35,45_54,F,21.2,24.6,44.06,34.1,7.7,28.37,25.04,126.16,17424,38.12,9.71,0,HLTH_EHIS_MH2,2.1419,2024-01-21
2016,BE,SE357,15_24,M,8.19,23.16,53.88,108.48,12.31,83.51,134.52,118.76,5947,61.33,31.32,1,HLTH_EHIS_MH3,0.5946,2025-03-28
2017,FI,BE28,55_64,X,12.33,5.38,37.36,29.57,19.23,29.74,31.66,80.28,2095,65.47,11.95,1,HLTH_EHIS_MH4,2.6658,2025-11-08
2018,LV,DE305,25_34,F,11.39,17.27,33.24,15.59,11.46,25.33,63.33,137.88,12623,36.1,8.83,1,HLTH_EHIS_MH1,4.7832,2025-05-22
2019,RO,GR6,65_74,M,21.33,9.11,54.62,72.86,6.65,79.08,32.15,56.68,10790,41.59,38.6,0,HLTH_EHIS_MH2,3.8608,2025-08-29
2020,BG,CZ146,35_44,X,25.4,20.41,32.79,21.0,7.05,35.62,181.41,115.37,6568,79.48,25.47,0,HLTH_EHIS_MH3,0.5163,2025-07-26
2021,FR,ES388,75_PLUS,F,26.77,26.12,30.43,101.55,9.08,32.3,210.66,131.95,21643,30.88,30.25,0,HLTH_EHIS_MH4,4.2013,2025-06-12
2022,LT,LT68,45_54,M,7.49,4.67,62.5,18.9,27.14,69.77,63.41,35.49,3844,73.7,5.71,1,HLTH_EHIS_MH1,0.4285,2024-07-01
2023,SK,SI51,15_24,X,9.17,14.42,35.18,10.17,8.98,63.75,29.33,56.46,9262,43.9,25.51,1,HLTH_EHIS_MH2,0.535,2025-05-27
2024,HR,DK413,55_64,F,20.89,20.89,42.76,70.19,12.88,30.46,46.29,31.58,18067,73.07,7.15,0,HLTH_EHIS_MH3,3.8417,2024-06-12
2025,DE,RO680,25_34,M,19.06,23.12,43.67,116.54,7.05,53.53,32.65,100.29,3668,75.18,26.08,0,HLTH_EHIS_MH4,3.0627,2024-12-10
2006,LU,LT66,65_74,X,10.87,7.27,60.97,19.72,11.89,37.32,166.45,117.72,7519,58.75,7.85,1,HLTH_EHIS_MH1,0.8411,2025-07-02
2007,SI,IE10,35_44,F,10.0,26.78,53.45,67.4,14.01,69.44,70.54,124.04,12138,19.81,17.21,1,HLTH_EHIS_MH2,1.4987,2025-03-30
2008,CY,NL663,75_PLUS,M,16.59,9.86,48.79,80.09,19.26,24.07,150.42,26.24,11557,18.65,34.9,0,HLTH_EHIS_MH3,4.0102,2025-12-26
2009,GR,BG608,45_54,X,12.56,13.31,48.11,64.2,5.92,45.09,103.02,64.4,3494,41.08,18.15,0,HLTH_EHIS_MH4,4.539,2024-05-23
2010,MT,SE63,15_24,F,18.01,11.85,41.62,13.85,16.49,67.86,37.65,111.6,1594,33.24,21.9,1,HLTH_EHIS_MH1,0.4143,2025-08-14
2011,ES,LT85,55_64,M,9.67,7.4,39.62,64.84,11.8,77.98,125.15,171.43,10726,45.6,20.59,0,HLTH_EHIS_MH2,0.7224,2024-12-15
2012,CZ,BG322,25_34,X,11.84,19.21,57.78,16.96,11.38,40.41,13.01,80.13,11956,25.04,14.25,0,HLTH_EHIS_MH3,0.5013,2024-11-22
2013,HU,LU2,65_74,F,19.52,27.08,48.68,21.81,18.01,34.36,145.62,66.14,14996,68.76,17.11,0,HLTH_EHIS_MH4,0.8372,2025-08-15
2014,NL,MT496,35_44,M,7.14,17.51,35.88,34.77,8.7,43.92,155.35,48.11,11440,46.55,13.53,1,HLTH_EHIS_MH1,0.9667,2024-07-16
2015,SE,PL117,75_PLUS,X,7.41,6.9,48.85,47.26,14.01,38.47,11.88,83.1,11354,63.5,17.29,1,HLTH_EHIS_MH2,3.2404,2024-07-23
2016,DK,FR308,45_54,F,16.1,5.23,36.63,26.35,5.07,60.23,129.13,105.56,12609,19.81,15.4,1,HLTH_EHIS_MH3,2.7109,2025-07-30
2017,IE,GR355,15_24,M,19.07,13.47,38.5,59.61,22.54,59.33,80.56,82.19,13568,37.0,14.11,1,HLTH_EHIS_MH4,2.6377,2024-05-07
2018,PL,ES674,55_64,X,13.03,24.41,33.56,45.54,15.97,38.99,112.75,184.51,2470,65.73,35.05,1,HLTH_EHIS_MH1,2.189,2026-01-08
2019,AT,FR431,25_34,F,11.03,11.58,58.24,20.31,12.63,43.25,56.13,123.78,9262,19.85,20.28,1,HLTH_EHIS_MH2,4.2321,2024-07-12
2020,EE,SK21,65_74,M,15.68,21.78,36.45,28.44,14.63,31.21,65.66,173.13,13788,66.83,8.74,1,HLTH_EHIS_MH3,3.8914,2025-05-17
2021,IT,SI475,35_44,X,6.56,9.03,76.65,92.98,16.1,24.79,49.16,109.2,12094,30.13,18.42,1,HLTH_EHIS_MH4,2.6978,2025-06-14
2022,PT,SI64,75_PLUS,F,21.5,17.05,40.33,60.41,8.35,42.66,72.46,45.9,11612,24.82,19.09,1,HLTH_EHIS_MH1,2.639,2026-02-14
2023,BE,NL387,45_54,M,15.71,23.1,54.68,82.42,28.28,37.7,45.13,107.5,4834,43.23,10.8,1,HLTH_EHIS_MH2,0.6878,2024-05-31
2024,FI,SI9,15_24,X,14.9,24.46,51.57,38.93,5.0,68.69,55.84,42.3,3575,18.9,14.47,0,HLTH_EHIS_MH3,1.4448,2024-04-04
2025,LV,BE659,55_64,F,15.91,24.4,56.76,18.31,6.51,53.17,33.61,78.45,9587,50.91,18.49,1,HLTH_EHIS_MH4,1.4458,2025-11-05
2006,RO,ES369,25_34,M,6.23,17.19,58.08,69.29,20.04,64.11,69.9,62.6,7049,37.23,33.86,0,HLTH_EHIS_MH1,4.0211,2024-12-18
2007,BG,HU25,65_74,X,18.81,16.29,47.23,30.45,8.77,62.36,99.07,82.59,10641,26.39,19.64,0,HLTH_EHIS_MH2,1.3308,2024-11-22
2008,FR,NL291,35_44,F,7.75,10.78,60.24,8.5,13.74,44.63,165.63,25.41,13534,44.32,11.78,1,HLTH_EHIS_MH3,2.9819,2025-09-01
2009,LT,DK89,75_PLUS,M,21.03,19.39,32.45,33.8,27.9,76.18,16.35,101.5,10219,77.1,43.68,0,HLTH_EHIS_MH4,3.9679,2024-11-17
2010,SK,HU228,45_54,X,12.81,9.96,57.37,20.32,11.1,59.07,43.76,117.08,4752,70.97,14.08,0,HLTH_EHIS_MH1,4.3344,2025-09-10
2011,HR,HR130,15_24,F,16.1,28.51,40.33,30.06,4.7,40.43,130.75,121.41,15824,71.72,35.14,0,HLTH_EHIS_MH2,0.5769,2025-11-16
2012,DE,BE1,55_64,M,12.71,23.72,30.93,57.82,28.3,61.01,56.12,67.21,1869,33.61,19.81,0,HLTH_EHIS_MH3,1.7705,2025-04-26
2013,LU,EE27,25_34,X,11.02,18.52,65.24,35.01,10.33,67.19,74.3,96.07,9858,57.42,11.3,0,HLTH_EHIS_MH4,3.929,2024-03-22
2014,SI,FR455,65_74,F,24.31,24.85,43.09,72.15,17.21,27.22,63.4,151.55,15374,46.55,11.09,1,HLTH_EHIS_MH1,1.3961,2025-06-25
2015,CY,LV233,35_44,M,13.95,18.18,38.42,45.06,6.75,69.21,33.92,132.0,18088,61.56,24.97,1,HLTH_EHIS_MH2,0.8747,2025-05-23
2016,GR,SE293,75_PLUS,X,16.96,8.14,45.6,73.21,20.04,23.64,120.68,154.52,12343,74.95,8.81,0,HLTH_EHIS_MH3,1.855,2024-11-28
2017,MT,GR982,45_54,F,6.71,8.46,61.29,39.44,8.57,51.82,36.12,84.73,10604,31.86,20.31,1,HLTH_EHIS_MH4,1.1077,2026-02-09
2018,ES,BG310,15_24,M,13.53,21.76,62.8,26.82,18.96,77.45,67.04,100.1,6271,64.93,33.31,0,HLTH_EHIS_MH1,2.7995,2025-01-10
2019,CZ,NL438,55_64,X,16.95,9.52,52.05,46.09,5.45,68.1,31.88,23.71,12728,27.37,21.53,1,HLTH_EHIS_MH2,1.9833,2024-04-17
2020,HU,FI133,25_34,F,29.7,17.4,31.05,109.21,4.31,82.93,44.03,28.03,3301,37.54,30.3,0,HLTH_EHIS_MH3,3.5125,2024-06-29
2021,NL,EE943,65_74,M,15.5,13.0,35.46,11.38,25.13,89.63,156.25,28.66,15408,37.02,12.76,1,HLTH_EHIS_MH4,2.6509,2025-02-20
2022,SE,FR26,35_44,X,11.2,19.02,46.43,45.69,10.26,90.95,32.04,131.2,3978,49.91,28.61,0,HLTH_EHIS_MH1,0.5722,2024-09-01
2023,DK,PT62,75_PLUS,F,8.2,9.07,70.22,64.5,20.22,80.59,51.85,63.65,10866,29.99,33.82,0,HLTH_EHIS_MH2,0.7547,2025-01-16
2024,IE,IT42,45_54,M,17.97,6.71,61.94,22.82,8.18,69.86,77.09,36.05,2406,78.55,9.77,1,HLTH_EHIS_MH3,0.9656,2025-01-13
2025,PL,CY564,15_24,X,22.3,14.15,32.58,67.51,15.72,23.63,95.05,72.58,14695,31.92,10.14,1,HLTH_EHIS_MH4,2.5538,2024-03-02
2006,AT,PL9,55_64,F,6.2,22.25,42.08,46.57,6.76,80.54,25.95,36.24,4171,61.85,31.63,0,HLTH_EHIS_MH1,2.899,2026-02-24
2007,EE,RO78,25_34,M,16.23,16.74,48.96,61.33,8.74,22.97,105.49,83.1,15760,70.5,9.43,0,HLTH_EHIS_MH2,2.7378,2025-02-23
2008,IT,CZ713,65_74,X,9.46,7.96,60.85,24.64,13.46,32.25,153.15,54.67,8348,26.81,34.25,0,HLTH_EHIS_MH3,0.8534,2024-07-24
2009,PT,FR535,35_44,F,6.87,13.21,62.84,66.47,15.06,36.24,19.59,120.46,8026,48.48,14.39,0,HLTH_EHIS_MH4,1.3208,2024-09-08
2010,BE,EE89,75_PLUS,M,7.81,21.71,49.78,50.65,17.28,76.59,14.31,128.36,3817,54.9,35.49,0,HLTH_EHIS_MH1,1.8348,2024-07-15
2011,FI,AT65,45_54,X,13.88,21.25,48.8,39.85,14.36,63.49,96.52,52.92,16856,27.55,27.58,1,HLTH_EHIS_MH2,4.5108,2025-01-06
2012,LV,CY29,15_24,F,6.44,12.16,46.56,93.5,15.56,80.23,78.48,39.29,1170,57.13,17.29,0,HLTH_EHIS_MH3,1.4609,2024-11-21
2013,RO,ES713,55_64,M,20.22,24.72,31.56,36.03,9.3,45.73,112.89,112.62,12557,29.48,29.2,0,HLTH_EHIS_MH4,0.6631,2026-01-20
2014,BG,FI75,25_34,X,15.78,15.75,53.45,108.28,13.59,22.05,100.5,127.33,4304,41.25,11.91,0,HLTH_EHIS_MH1,2.2931,2024-05-20
2015,FR,CY27,65_74,F,19.01,26.66,66.64,15.75,18.44,26.75,127.56,104.87,9052,64.65,32.49,1,HLTH_EHIS_MH2,3.6179,2024-10-30
2016,LT,LT72,35_44,M,19.18,20.43,32.04,32.58,17.1,51.54,20.75,137.61,3638,72.87,23.47,1,HLTH_EHIS_MH3,3.2341,2024-03-14
2017,SK,DK23,75_PLUS,X,6.12,19.33,57.65,67.95,18.88,58.11,13.05,168.2,9736,45.82,39.4,1,HLTH_EHIS_MH4,1.268,2025-01-16
2018,HR,EE980,45_54,F,6.43,12.29,57.79,44.47,12.86,49.72,10.98,98.04,10847,62.59,26.01,1,HLTH_EHIS_MH1,2.9813,2024-09-18
2019,DE,HR4,15_24,M,21.45,18.73,50.67,57.28,8.6,51.78,135.56,63.74,7519,18.9,6.5,1,HLTH_EHIS_MH2,0.248,2026-02-01
2020,LU,LV298,55_64,X,15.8,29.81,52.17,22.26,10.07,35.3,164.24,82.42,18485,88.65,29.09,1,HLTH_EHIS_MH3,0.7648,2025-08-19
2021,SI,ES88,25_34,F,13.83,12.42,50.09,140.34,15.97,23.38,144.53,71.54,2548,57.87,24.17,1,HLTH_EHIS_MH4,0.8803,2024-06-12
2022,CY,BG66,65_74,M,5.0,21.01,46.83,28.29,11.73,34.63,165.91,101.3,12132,54.63,23.97,1,HLTH_EHIS_MH1,0.502,2024-12-05
2023,GR,AT91,35_44,X,20.51,14.42,47.18,42.41,15.0,67.42,120.47,29.32,5455,32.16,15.9,1,HLTH_EHIS_MH2,1.5828,2025-06-13
2024,MT,CZ8,75_PLUS,F,23.5,9.96,38.67,37.81,7.85,48.74,67.07,187.18,8935,65.06,14.04,1,HLTH_EHIS_MH3,3.1542,2025-08-19
2025,ES,PL575,45_54,M,8.17,15.45,58.59,65.15,21.1,76.45,23.51,99.22,12740,32.41,17.59,1,HLTH_EHIS_MH4,1.9174,2024-05-09
2006,CZ,CY365,15_24,X,21.72,12.43,63.35,76.26,10.64,83.22,117.87,74.28,6048,68.65,6.51,0,HLTH_EHIS_MH1,1.9041,2024-01-07
2007,HU,FR998,55_64,F,9.31,22.03,37.78,18.99,20.26,25.85,59.26,90.87,880,69.67,12.26,0,HLTH_EHIS_MH2,0.5459,2024-08-25
2008,NL,BG205,25_34,M,15.79,14.73,55.18,103.07,5.99,75.08,87.78,27.44,114,48.89,14.28,0,HLTH_EHIS_MH3,1.9777,2025-01-06
2009,SE,DE40,65_74,X,11.86,6.35,38.12,83.35,7.0,89.67,89.56,110.23,7242,45.78,14.15,0,HLTH_EHIS_MH4,4.4458,2024-05-30
2010,DK,DK542,35_44,F,5.0,25.26,37.23,48.76,10.2,75.72,12.34,87.19,2981,29.4,11.21,0,HLTH_EHIS_MH1,0.6504,2024-04-04
2011,IE,LT6,75_PLUS,M,8.62,22.29,70.22,31.95,17.02,67.37,51.97,180.74,11894,52.67,25.38,0,HLTH_EHIS_MH2,3.7658,2024-02-02
2012,PL,IT401,45_54,X,10.88,12.24,55.69,57.38,5.44,74.18,134.31,49.56,76,85.9,12.24,0,HLTH_EHIS_MH3,1.4149,2024-10-24
2013,AT,EE318,15_24,F,10.84,7.2,57.11,104.73,11.25,65.25,109.89,18.02,806,61.63,15.76,0,HLTH_EHIS_MH4,0.3986,2024-05-07
2014,EE,GR36,55_64,M,9.09,23.57,52.13,26.01,10.82,62.69,130.35,112.83,8135,66.36,18.48,1,HLTH_EHIS_MH1,4.298,2026-01-18
2015,IT,ES966,25_34,X,18.16,22.01,33.07,46.88,10.52,28.81,44.57,111.83,17543,74.1,18.22,0,HLTH_EHIS_MH2,0.208,2024-03-02
2016,PT,AT879,65_74,F,17.89,24.65,37.54,48.57,12.51,29.72,156.7,139.62,16765,43.41,8.36,1,HLTH_EHIS_MH3,4.214,2025-09-29
2017,BE,SK9,35_44,M,20.65,16.12,28.53,33.86,4.69,56.28,38.12,42.24,14602,35.03,27.0,1,HLTH_EHIS_MH4,2.7148,2025-09-07
2018,FI,CZ60,75_PLUS,X,6.75,5.24,55.36,43.74,4.89,67.25,125.93,154.5,9204,44.07,25.74,1,HLTH_EHIS_MH1,4.745,2024-11-08
2019,LV,RO207,45_54,F,21.79,26.58,28.82,63.66,19.91,81.12,85.23,88.49,2581,63.58,9.05,0,HLTH_EHIS_MH2,0.79,2025-07-27
2020,RO,LT84,15_24,M,13.42,29.75,51.99,57.97,11.6,55.46,75.23,38.4,7812,29.58,23.47,1,HLTH_EHIS_MH3,1.3031,2024-07-23
2021,BG,CZ1,55_64,X,23.47,20.06,42.01,64.75,8.19,78.71,135.77,47.86,840,92.7,34.68,0,HLTH_EHIS_MH4,1.2153,2026-01-23
2022,FR,LT83,25_34,F,7.84,20.37,34.2,22.04,11.99,47.81,29.68,95.16,2106,82.54,28.41,1,HLTH_EHIS_MH1,1.302,2024-11-02
2023,LT,BG6,65_74,M,11.42,12.84,62.78,25.79,19.97,44.21,15.48,121.15,3865,18.54,32.58,1,HLTH_EHIS_MH2,1.6234,2024-10-15
2024,SK,HR22,35_44,X,11.4,15.14,55.28,70.57,16.69,61.86,10.94,119.51,13817,66.98,16.6,1,HLTH_EHIS_MH3,2.386,2025-08-01
2025,HR,DK138,75_PLUS,F,11.57,13.95,44.37,73.45,5.46,28.66,163.79,147.99,3301,62.76,42.4,0,HLTH_EHIS_MH4,2.627,2024-07-09
2006,DE,IT7,45_54,M,7.15,22.26,49.33,27.46,9.09,52.0,8.76,24.9,3775,71.75,17.74,0,HLTH_EHIS_MH1,1.0566,2025-02-13
2007,LU,LT4,15_24,X,9.2,11.49,45.58,113.79,12.22,49.79,75.23,79.78,1618,22.87,32.19,0,HLTH_EHIS_MH2,0.5939,2025-06-14
2008,SI,RO77,55_64,F,8.66,8.89,39.46,33.57,14.17,62.83,102.72,118.86,12610,24.36,17.97,0,HLTH_EHIS_MH3,4.7031,2025-11-06
2009,CY,CZ64,25_34,M,11.83,21.13,60.0,75.63,19.78,27.84,83.3,135.76,12105,43.76,23.22,0,HLTH_EHIS_MH4,3.6312,2025-03-08
2010,GR,BE167,65_74,X,22.0,13.64,40.53,36.61,9.88,66.16,104.02,80.83,16685,45.52,25.09,0,HLTH_EHIS_MH1,3.5517,2024-05-23
2011,MT,RO8,35_44,F,21.77,16.61,37.79,33.35,6.65,59.99,123.53,37.92,8077,47.04,6.83,0,HLTH_EHIS_MH2,2.7414,2025-07-07
2012,ES,HU99,75_PLUS,M,6.95,15.97,54.8,23.14,19.27,60.57,57.8,157.66,13241,54.14,10.53,0,HLTH_EHIS_MH3,4.0989,2024-08-29
2013,CZ,SE45,45_54,X,15.89,11.98,51.46,82.43,19.89,23.85,12.82,113.73,13037,54.72,15.6,0,HLTH_EHIS_MH4,2.2588,2025-08-06
2014,HU,DE4,15_24,F,12.24,24.03,35.58,113.6,16.06,27.74,113.35,105.9,401,20.84,23.66,1,HLTH_EHIS_MH1,3.9343,2025-05-24
2015,NL,IT808,55_64,M,15.49,17.37,39.11,17.98,11.73,54.03,44.36,88.25,9993,61.45,24.49,0,HLTH_EHIS_MH2,3.7484,2025-06-14
2016,SE,IE107,25_34,X,6.33,24.15,63.55,49.93,10.13,40.02,158.87,27.68,4387,50.19,12.35,1,HLTH_EHIS_MH3,4.3155,2025-12-18
2017,DK,DK29,65_74,F,12.62,13.48,42.33,49.76,4.92,87.02,37.65,85.23,15491,56.72,33.01,1,HLTH_EHIS_MH4,1.9624,2024-11-26
2018,IE,SK3,35_44,M,13.01,5.49,64.91,42.82,8.15,54.92,50.92,39.17,16721,33.09,35.47,1,HLTH_EHIS_MH1,1.3509,2025-11-12
2019,PL,IE5,75_PLUS,X,5.97,15.21,40.6,34.02,12.83,42.02,75.86,81.14,10672,48.87,21.15,1,HLTH_EHIS_MH2,3.0188,2025-07-10
2020,AT,DE88,45_54,F,22.36,31.86,46.51,87.28,17.56,28.97,195.12,65.54,10251,90.04,40.89,1,HLTH_EHIS_MH3,4.7424,2026-01-15
2021,EE,EE32,15_24,M,12.55,25.04,37.85,99.39,18.86,43.29,12.77,45.67,20998,79.18,20.71,1,HLTH_EHIS_MH4,3.6305,2024-05-26
2022,IT,CY31,55_64,X,9.96,20.01,59.85,43.24,9.98,78.89,38.62,134.44,480,27.31,19.92,0,HLTH_EHIS_MH1,1.3873,2024-01-19
2023,PT,PT9,25_34,F,14.3,23.78,59.29,15.99,12.6,55.7,135.45,24.9,8775,77.43,29.63,1,HLTH_EHIS_MH2,3.0334,2025-07-26
2024,BE,SE4,65_74,M,9.33,12.53,41.74,27.57,11.17,55.24,99.62,80.28,7543,57.53,40.06,0,HLTH_EHIS_MH3,2.7819,2024-10-18
2025,FI,DK13,35_44,X,5.61,13.8,52.16,75.21,3.71,38.27,56.44,132.45,13989,62.75,15.18,0,HLTH_EHIS_MH4,4.1813,2025-09-24
2006,LV,LT174,75_PLUS,F,19.12,24.05,44.6,13.47,7.28,53.28,115.29,49.64,11140,20.61,13.9,0,HLTH_EHIS_MH1,4.1774,2024-07-20
2007,RO,CY36,45_54,M,17.75,8.05,62.69,33.61,21.42,63.42,77.27,26.94,13776,58.62,27.78,1,HLTH_EHIS_MH2,1.0731,2024-01-06
2008,BG,IE457,15_24,X,19.5,25.48,44.22,109.13,8.81,22.08,123.56,65.44,11308,52.8,24.45,1,HLTH_EHIS_MH3,0.3298,2024-03-28
2009,FR,AT653,55_64,F,8.49,6.83,44.21,15.11,16.0,61.25,122.71,83.38,3727,43.1,30.38,1,HLTH_EHIS_MH4,2.8357,2025-06-12
2010,LT,FI91,25_34,M,19.02,12.7,32.89,103.59,20.64,44.86,116.22,30.16,2113,29.31,22.66,0,HLTH_EHIS_MH1,2.5166,2024-01-14
2011,SK,LU815,65_74,X,15.53,21.93,38.16,39.85,15.46,44.73,96.13,151.4,6176,76.55,43.54,0,HLTH_EHIS_MH2,0.5803,2024-12-23
2012,HR,FI152,35_44,F,18.39,12.15,62.79,39.03,3.29,51.0,67.21,102.17,17092,53.54,26.01,0,HLTH_EHIS_MH3,1.0797,2024-03-19
2013,DE,BG68,75_PLUS,M,20.29,11.06,43.56,71.16,9.58,23.91,149.94,164.59,2430,61.58,38.67,0,HLTH_EHIS_MH4,3.8925,2024-07-05
2014,LU,BG14,45_54,X,8.22,15.95,33.3,82.83,11.24,31.1,71.46,45.8,4736,37.34,28.24,1,HLTH_EHIS_MH1,1.26,2024-10-22
2015,SI,RO5,15_24,F,17.71,23.5,44.95,13.83,3.43,34.58,42.25,87.76,9632,47.3,23.7,1,HLTH_EHIS_MH2,4.418,2026-02-11
2016,CY,HR9,55_64,M,16.49,9.82,39.85,19.34,19.1,59.7,18.69,125.43,5424,31.34,31.58,1,HLTH_EHIS_MH3,4.6463,2024-08-09
2017,GR,RO701,25_34,X,16.32,15.58,47.38,60.94,14.42,31.81,142.96,70.93,16449,57.78,31.54,0,HLTH_EHIS_MH4,0.216,2024-06-23
2018,MT,ES781,65_74,F,16.06,19.87,65.98,49.69,6.05,78.05,135.45,126.5,9866,23.6,15.82,0,HLTH_EHIS_MH1,2.0193,2024-01-14
2019,ES,PT49,35_44,M,5.73,17.61,72.1,85.15,7.4,40.1,25.28,102.24,10281,63.79,7.21,0,HLTH_EHIS_MH2,1.5076,2025-05-25
2020,CZ,GR429,75_PLUS,X,9.63,9.22,50.73,48.05,8.62,26.19,67.35,90.78,14963,37.45,33.0,1,HLTH_EHIS_MH3,3.3465,2024-03-25
2021,HU,LV82,45_54,F,21.29,12.79,28.27,54.94,10.75,40.82,195.39,120.8,9100,76.2,9.79,1,HLTH_EHIS_MH4,1.2434,2025-11-14
2022,NL,PT99,15_24,M,8.25,11.95,40.21,22.53,21.24,43.06,70.55,107.7,3620,30.0,22.63,1,HLTH_EHIS_MH1,1.9918,2024-11-17
2023,SE,NL72,55_64,X,19.53,22.44,65.94,72.64,12.04,32.49,158.81,126.49,17712,77.85,8.82,1,HLTH_EHIS_MH2,3.9712,2025-02-06
2024,DK,IE9,25_34,F,18.38,7.84,62.79,109.05,14.46,30.73,63.66,44.47,994,41.26,15.32,1,HLTH_EHIS_MH3,0.2326,2024-11-09
2025,IE,LU675,65_74,M,14.06,22.06,43.4,44.17,5.62,64.24,23.86,101.52,15238,26.96,14.43,0,HLTH_EHIS_MH4,3.0954,2024-11-03
2006,PL,SE3,35_44,X,20.09,24.12,37.2,43.97,12.96,57.5,54.98,17.99,6296,51.62,30.39,0,HLTH_EHIS_MH1,1.1072,2025-04-28
2007,AT,LV19,75_PLUS,F,11.77,23.16,62.16,14.65,12.88,59.47,25.3,80.26,9148,73.85,11.82,0,HLTH_EHIS_MH2,1.7471,2024-07-22
2008,EE,SE97,45_54,M,14.67,16.12,44.55,35.77,15.14,63.86,85.2,99.67,12549,75.91,19.71,0,HLTH_EHIS_MH3,0.7402,2025-09-27
2009,IT,DK68,15_24,X,20.57,20.51,33.36,10.64,6.87,68.15,81.57,48.65,12554,38.35,29.76,0,HLTH_EHIS_MH4,1.2186,2024-05-29
2010,PT,LU83,55_64,F,8.08,26.74,42.18,61.54,8.85,29.89,113.21,52.05,9207,45.37,31.0,0,HLTH_EHIS_MH1,0.715,2025-07-05
2011,BE,HU580,25_34,M,15.49,18.24,54.53,95.49,19.07,51.14,82.65,87.94,1304,20.73,32.79,0,HLTH_EHIS_MH2,2.3796,2024-09-26
2012,FI,SK723,65_74,X,20.98,18.79,29.01,50.3,18.41,56.16,130.25,46.2,14240,76.92,16.62,0,HLTH_EHIS_MH3,2.8443,2025-12-28
2013,LV,LU41,35_44,F,20.11,20.83,36.06,63.55,16.49,67.02,61.29,16.76,2816,20.24,8.91,0,HLTH_EHIS_MH4,2.6097,2025-05-04
2014,RO,HU43,75_PLUS,M,5.7,25.52,66.43,85.09,10.94,69.46,71.94,88.71,11296,28.71,38.93,1,HLTH_EHIS_MH1,2.7577,2024-10-25
2015,BG,HR94,45_54,X,16.14,5.31,36.84,46.8,17.7,80.29,10.52,86.76,16732,32.65,17.45,1,HLTH_EHIS_MH2,3.7675,2024-07-24
2016,FR,DK5,15_24,F,19.95,12.95,51.04,60.73,6.21,33.7,9.75,117.13,2502,19.35,6.24,0,HLTH_EHIS_MH3,4.733,2025-05-16
2017,LT,IT2,55_64,M,4.89,8.14,47.69,13.11,6.35,80.83,51.99,29.4,3038,22.19,30.68,1,HLTH_EHIS_MH4,4.1044,2025-08-08
2018,SK,ES27,25_34,X,21.02,9.38,42.26,115.98,15.69,65.55,44.07,16.47,5414,74.86,10.58,1,HLTH_EHIS_MH1,1.5913,2025-10-07
2019,HR,CY2,65_74,F,10.8,9.83,55.31,38.84,15.3,51.66,39.74,75.96,5281,37.02,23.02,1,HLTH_EHIS_MH2,1.9347,2024-03-04
2020,DE,MT524,35_44,M,9.64,21.72,56.89,93.92,16.82,39.14,97.75,49.61,4018,53.75,26.31,1,HLTH_EHIS_MH3,2.0394,2025-03-06
2021,LU,LV13,75_PLUS,X,12.03,30.4,60.03,56.62,17.93,30.74,75.99,43.06,10130,39.73,17.28,0,HLTH_EHIS_MH4,0.7943,2025-11-28
2022,SI,BG77,45_54,F,4.8,13.69,71.83,40.16,16.16,83.18,40.72,14.37,8126,64.42,14.88,1,HLTH_EHIS_MH1,1.6608,2025-01-13
2023,CY,SE205,15_24,M,6.22,17.13,44.5,61.88,4.44,28.98,109.72,71.52,4612,64.57,15.41,0,HLTH_EHIS_MH2,3.9629,2025-06-30
2024,GR,LU965,55_64,X,6.51,22.88,56.45,69.39,5.32,36.83,155.22,104.67,9431,72.5,28.7,1,HLTH_EHIS_MH3,4.3892,2024-03-15
2025,MT,ES39,25_34,F,13.58,23.06,47.7,13.61,13.82,27.15,159.59,127.43,17896,43.91,14.71,0,HLTH_EHIS_MH4,4.2516,2024-06-29
2006,ES,ES421,65_74,M,21.38,24.71,48.4,80.92,17.73,26.86,56.24,119.98,8033,44.51,16.89,0,HLTH_EHIS_MH1,4.6715,2024-12-26
2007,CZ,AT559,35_44,X,5.51,17.76,64.12,70.25,7.66,60.72,133.82,25.78,11267,32.58,30.3,0,HLTH_EHIS_MH2,0.7075,2025-04-05
2008,HU,EE519,75_PLUS,F,22.27,29.39,44.29,12.96,6.27,48.07,83.89,117.98,10429,17.58,23.16,0,HLTH_EHIS_MH3,3.074,2025-12-23
2009,NL,CZ4,45_54,M,15.5,14.73,55.82,56.1,8.18,72.85,77.11,122.73,1734,19.1,29.75,0,HLTH_EHIS_MH4,4.1154,2024-02-19
2010,SE,NL67,15_24,X,21.1,20.89,53.18,109.41,6.75,65.96,18.8,137.91,15168,67.3,28.15,0,HLTH_EHIS_MH1,3.9339,2024-05-23
2011,DK,DE97,55_64,F,15.98,25.6,37.45,37.75,12.56,83.85,51.48,81.33,14588,50.16,23.28,0,HLTH_EHIS_MH2,1.7921,2025-03-31
2012,IE,HU34,25_34,M,11.52,8.27,56.94,103.6,16.45,22.5,141.23,132.76,12142,32.35,28.32,0,HLTH_EHIS_MH3,2.8395,2024-02-21
2013,PL,DK113,65_74,X,11.49,13.39,67.66,74.28,7.37,61.93,51.36,176.62,12531,34.85,17.99,0,HLTH_EHIS_MH4,4.5269,2025-03-12
2014,AT,LT9,35_44,F,19.53,14.09,42.76,57.08,8.65,40.55,89.62,74.8,12088,45.55,26.94,1,HLTH_EHIS_MH1,0.7667,2025-10-09
2015,EE,GR1,75_PLUS,M,16.27,14.59,48.19,9.94,7.2,36.02,69.64,150.93,8519,47.07,36.56,1,HLTH_EHIS_MH2,2.4653,2024-12-01
2016,IT,HU344,45_54,X,17.63,21.58,48.47,39.88,4.5,46.89,75.25,14.17,3675,49.65,20.45,1,HLTH_EHIS_MH3,0.6567,2024-06-25
2017,PT,LT3,15_24,F,14.05,23.37,47.18,106.7,15.72,43.55,53.74,77.95,4344,51.66,21.69,1,HLTH_EHIS_MH4,2.5066,2025-06-03
2018,BE,SK20,55_64,M,20.15,20.91,44.38,19.45,16.23,41.93,134.17,111.98,11318,67.66,35.04,1,HLTH_EHIS_MH1,4.1403,2024-06-10
2019,FI,FI92,25_34,X,6.35,22.11,35.85,46.8,3.59,78.98,115.01,65.59,131,30.86,25.53,0,HLTH_EHIS_MH2,1.3222,2024-01-15
2020,LV,PL82,65_74,F,16.62,31.87,54.16,34.9,18.98,46.92,98.57,25.34,7556,35.71,30.32,1,HLTH_EHIS_MH3,2.0301,2025-06-29
2021,RO,IT558,35_44,M,15.24,27.55,53.72,43.65,16.97,64.9,104.15,113.43,14735,71.09,39.16,1,HLTH_EHIS_MH4,3.2106,2024-06-22
2022,BG,PL43,75_PLUS,X,19.93,18.52,43.79,24.83,11.98,22.17,67.91,106.16,12944,50.07,13.72,1,HLTH_EHIS_MH1,3.9784,2026-01-24
2023,FR,FI90,45_54,F,10.01,13.76,35.08,71.89,5.98,39.55,162.53,88.09,1162,42.05,22.38,1,HLTH_EHIS_MH2,0.7035,2024-03-01
2024,LT,HU50,15_24,M,14.36,12.73,51.38,77.56,5.95,28.68,164.96,22.5,10932,21.87,18.77,0,HLTH_EHIS_MH3,2.7688,2026-02-23
2025,SK,DE993,55_64,X,14.54,11.03,60.78,31.27,14.7,42.03,70.0,146.42,5702,22.07,19.19,1,HLTH_EHIS_MH4,2.752,2024-06-03
2006,HR,PL15,25_34,F,13.85,8.99,45.75,90.52,10.79,34.21,68.11,122.28,7931,20.18,6.47,0,HLTH_EHIS_MH1,1.8692,2025-07-11
2007,DE,FR89,65_74,M,13.19,7.75,47.89,32.27,27.3,76.57,53.26,70.23,8452,53.87,33.55,0,HLTH_EHIS_MH2,1.1158,2024-03-27
2008,LU,CZ54,35_44,X,5.09,17.09,49.91,67.5,3.48,25.12,43.12,115.73,612,53.3,8.68,0,HLTH_EHIS_MH3,0.9382,2024-04-30
2009,SI,LV2,75_PLUS,F,7.16,26.19,53.05,29.81,19.84,31.23,69.9,90.73,7062,24.35,8.03,0,HLTH_EHIS_MH4,2.9695,2024-04-17
2010,CY,PL6,45_54,M,5.94,7.5,55.98,34.77,22.46,50.15,76.78,134.78,8479,77.4,31.42,0,HLTH_EHIS_MH1,3.5105,2025-07-29
2011,GR,SE19,15_24,X,4.4,10.05,61.7,106.55,8.07,72.77,10.23,73.23,1949,22.44,28.97,0,HLTH_EHIS_MH2,3.9234,2024-01-27
2012,MT,CY38,55_64,F,18.62,14.29,39.95,68.38,5.07,77.35,31.51,163.73,6136,57.99,32.38,1,HLTH_EHIS_MH3,3.9859,2025-02-04
2013,ES,HU677,25_34,M,18.9,25.01,32.11,92.76,7.97,29.14,68.42,30.07,7691,82.48,18.83,0,HLTH_EHIS_MH4,4.4905,2024-02-29
2014,CZ,BE3,65_74,X,13.39,16.18,66.27,9.53,16.33,75.51,110.83,83.0,10625,39.22,30.96,1,HLTH_EHIS_MH1,3.9057,2025-03-30
2015,HU,GR901,35_44,F,17.54,17.13,53.75,28.99,8.35,61.12,74.86,109.53,14503,67.8,19.13,1,HLTH_EHIS_MH2,1.2889,2025-05-17
2016,NL,LU5,75_PLUS,M,13.39,19.51,40.54,32.97,10.49,61.66,20.54,120.57,5703,54.06,32.32,1,HLTH_EHIS_MH3,2.6915,2025-05-14
2017,SE,SE2,45_54,X,16.62,23.28,46.19,77.1,6.24,70.37,108.43,69.32,6201,23.82,27.03,1,HLTH_EHIS_MH4,3.4923,2024-10-12
2018,DK,LT183,15_24,F,14.5,27.25,52.36,34.13,5.67,55.16,111.4,87.86,11016,57.59,28.19,1,HLTH_EHIS_MH1,1.4601,2024-07-26
2019,IE,LT760,55_64,M,6.31,20.84,61.85,49.26,18.43,76.18,97.41,56.96,1848,42.97,19.5,1,HLTH_EHIS_MH2,2.8272,2025-06-27
2020,PL,CZ46,25_34,X,13.56,19.13,64.84,135.59,16.56,39.23,191.3,16.09,10647,41.17,12.03,0,HLTH_EHIS_MH3,3.1769,2025-09-26
2021,AT,DK898,65_74,F,22.29,9.03,32.52,51.7,6.2,47.89,28.86,97.68,4201,95.27,38.53,1,HLTH_EHIS_MH4,0.7723,2025-03-01
2022,EE,BG387,35_44,M,10.47,15.66,46.24,41.16,16.27,64.97,99.55,61.08,10217,22.82,24.4,1,HLTH_EHIS_MH1,2.9259,2025-06-05
2023,IT,DE9,75_PLUS,X,10.48,6.87,56.13,54.15,18.07,78.53,49.29,149.35,12113,77.3,8.13,0,HLTH_EHIS_MH2,1.4916,2024-04-26
2024,PT,AT87,45_54,F,6.2,13.72,55.92,69.37,19.15,79.09,102.92,130.19,11104,74.89,29.28,1,HLTH_EHIS_MH3,2.6284,2024-07-02
2025,BE,DK35,15_24,M,12.9,20.13,40.7,98.78,18.29,52.47,24.46,20.64,16636,75.01,33.01,1,HLTH_EHIS_MH4,3.3699,2024-07-17
2006,FI,SE357,55_64,X,5.19,21.03,46.94,73.69,4.51,25.75,149.99,44.44,10177,51.78,26.21,0,HLTH_EHIS_MH1,3.1019,2024-01-15
2007,LV,BE28,25_34,F,5.49,20.18,71.12,21.96,9.06,63.96,74.43,30.18,9162,75.32,28.92,0,HLTH_EHIS_MH2,1.8072,2025-01-05
2008,RO,DE305,65_74,M,8.58,15.07,54.77,8.52,26.9,33.94,160.35,140.57,6976,20.94,22.54,0,HLTH_EHIS_MH3,0.2328,2024-04-03
2009,BG,GR6,35_44,X,14.57,8.16,34.69,13.44,12.85,34.37,122.27,31.71,3226,25.83,21.28,0,HLTH_EHIS_MH4,3.4088,2026-01-23
2010,FR,CZ146,75_PLUS,F,23.47,11.81,48.49,74.96,17.33,46.33,125.15,103.22,15746,38.27,21.66,0,HLTH_EHIS_MH1,4.6381,2025-05-09
2011,LT,ES388,45_54,M,3.92,12.03,48.13,27.17,27.43,28.79,67.67,112.69,7845,39.92,5.73,0,HLTH_EHIS_MH2,0.7574,2024-07-07
2012,SK,LT68,15_24,X,22.49,15.89,52.31,53.44,10.05,65.61,60.81,43.03,5262,68.47,21.7,0,HLTH_EHIS_MH3,2.0296,2024-05-06
2013,HR,SI51,55_64,F,18.43,19.91,35.02,84.86,10.61,60.01,33.61,63.6,2193,77.17,24.72,0,HLTH_EHIS_MH4,4.2155,2025-05-16
2014,DE,DK413,25_34,M,12.66,24.15,61.37,91.54,12.13,86.11,103.16,79.41,16761,85.53,15.85,1,HLTH_EHIS_MH1,0.2469,2024-05-04
2015,LU,RO680,65_74,X,5.27,10.57,49.38,61.87,10.87,73.17,112.32,66.59,6813,27.72,20.07,1,HLTH_EHIS_MH2,3.2029,2025-11-08
2016,SI,LT66,35_44,F,21.35,15.73,39.88,16.01,5.31,23.06,45.52,110.15,15164,41.62,32.71,1,HLTH_EHIS_MH3,3.661,2025-05-05
2017,CY,IE10,75_PLUS,M,8.0,24.25,38.8,78.38,15.15,81.73,57.02,48.63,12209,31.31,8.04,0,HLTH_EHIS_MH4,1.6757,2024-08-10
2018,GR,NL663,45_54,X,19.38,5.56,58.99,72.01,7.66,44.0,54.48,89.33,13327,72.0,29.25,1,HLTH_EHIS_MH1,0.4353,2025-08-28
2019,MT,BG608,15_24,F,21.76,24.62,33.61,12.73,7.41,72.18,93.55,85.04,2059,59.73,26.42,0,HLTH_EHIS_MH2,1.5394,2024-02-01
2020,ES,SE63,55_64,M,14.88,30.55,33.56,61.08,27.7,75.47,46.35,98.48,15532,41.46,28.56,1,HLTH_EHIS_MH3,4.6675,2025-05-27
2021,CZ,LT85,25_34,X,5.72,15.76,42.11,62.7,10.64,50.61,80.98,21.58,4206,37.22,18.08,1,HLTH_EHIS_MH4,2.5907,2024-03-02
2022,HU,BG322,65_74,F,9.68,23.47,63.16,24.31,11.62,76.03,87.27,130.78,12974,34.54,28.98,1,HLTH_EHIS_MH1,1.9734,2025-03-03
2023,NL,LU2,35_44,M,19.39,14.54,49.59,17.33,17.93,32.77,48.23,19.01,13357,35.16,30.44,1,HLTH_EHIS_MH2,3.183,2025-06-07
2024,SE,MT496,75_PLUS,X,13.74,25.27,43.46,70.64,17.32,53.59,71.45,130.66,10901,19.67,11.78,0,HLTH_EHIS_MH3,1.3475,2025-03-25
2025,DK,PL117,45_54,F,14.65,16.61,52.07,24.42,4.3,51.64,16.71,98.12,17662,81.03,34.64,1,HLTH_EHIS_MH4,0.346,2025-04-26
2006,IE,FR308,15_24,M,21.9,19.57,33.13,49.67,20.2,60.43,24.09,68.24,17324,60.21,27.58,0,HLTH_EHIS_MH1,2.022,2025-12-13
2007,PL,GR355,55_64,X,4.73,21.88,37.8,55.99,8.84,73.38,82.66,58.77,6188,74.76,13.09,0,HLTH_EHIS_MH2,1.6448,2024-06-04
2008,AT,ES674,25_34,F,15.23,23.12,56.32,40.03,10.53,42.22,10.39,42.09,12400,84.95,23.92,0,HLTH_EHIS_MH3,0.2679,2025-06-20
2009,EE,FR431,65_74,M,10.48,18.0,55.22,29.75,15.06,74.92,50.58,67.91,12350,65.35,11.16,0,HLTH_EHIS_MH4,1.8553,2024-11-14
2010,IT,SK21,35_44,X,9.06,21.92,60.17,64.19,16.62,70.91,7.41,16.75,7138,70.41,11.19,0,HLTH_EHIS_MH1,2.9304,2026-01-13
2011,PT,SI475,75_PLUS,F,16.6,13.35,59.4,32.07,19.45,62.89,25.43,188.79,8201,60.21,30.44,0,HLTH_EHIS_MH2,1.8375,2024-08-25
2012,BE,SI64,45_54,M,19.6,19.04,35.22,32.55,20.69,80.57,124.07,137.2,15872,21.49,10.86,1,HLTH_EHIS_MH3,4.421,2025-08-10
2013,FI,NL387,15_24,X,20.13,19.75,28.91,30.11,5.11,33.24,108.51,111.43,11230,27.64,33.37,0,HLTH_EHIS_MH4,2.0702,2025-03-15
2014,LV,SI9,55_64,F,9.46,21.88,51.9,62.91,15.8,66.05,10.6,59.54,4957,64.31,16.94,0,HLTH_EHIS_MH1,3.5397,2024-08-19
2015,RO,BE659,25_34,M,11.83,24.98,50.35,118.27,8.71,46.22,103.25,67.49,2282,23.25,29.61,1,HLTH_EHIS_MH2,0.9643,2025-05-23
2016,BG,ES369,65_74,X,20.95,25.6,36.33,13.21,19.59,58.26,33.68,104.65,4066,17.63,15.94,1,HLTH_EHIS_MH3,1.5065,2024-09-03
2017,FR,HU25,35_44,F,13.49,19.1,47.2,27.13,12.67,83.66,44.49,135.09,16126,42.23,12.14,0,HLTH_EHIS_MH4,3.2239,2025-07-12
2018,LT,NL291,75_PLUS,M,18.32,12.83,34.1,30.2,20.49,61.27,37.6,46.42,14378,77.41,26.54,1,HLTH_EHIS_MH1,4.6378,2024-01-22
2019,SK,DK89,45_54,X,13.85,13.44,45.81,59.96,16.35,45.8,115.6,31.26,11018,64.92,31.45,1,HLTH_EHIS_MH2,1.2854,2025-04-19
2020,HR,HU228,15_24,F,7.52,28.05,68.44,15.99,8.19,64.29,48.54,51.99,369,39.76,18.13,1,HLTH_EHIS_MH3,4.4213,2024-09-16
2021,DE,HR130,55_64,M,19.26,26.42,55.46,45.11,13.74,63.99,79.75,130.12,12749,78.9,9.32,1,HLTH_EHIS_MH4,1.6214,2025-03-17
2022,LU,BE1,25_34,X,18.98,20.28,56.31,34.84,15.36,79.61,32.31,32.97,4872,41.76,16.1,1,HLTH_EHIS_MH1,1.4653,2025-08-06
2023,SI,EE27,65_74,F,21.31,14.37,26.99,73.02,18.28,27.74,91.62,176.25,2881,52.55,15.41,0,HLTH_EHIS_MH2,0.3972,2025-06-28
2024,CY,FR455,35_44,M,6.43,21.78,45.71,7.6,17.5,26.45,119.44,130.38,6817,65.66,6.69,1,HLTH_EHIS_MH3,1.8435,2025-12-21
2025,GR,LV233,75_PLUS,X,18.08,11.93,51.62,19.11,15.92,35.06,87.89,135.64,850,57.04,8.0,1,HLTH_EHIS_MH4,4.1542,2025-02-26
2006,MT,SE293,45_54,F,5.49,23.97,42.64,38.28,20.51,66.01,108.44,84.47,6903,62.95,24.39,0,HLTH_EHIS_MH1,1.9959,2025-06-14
2007,ES,GR982,15_24,M,11.3,23.87,52.81,40.23,16.94,56.05,67.9,123.34,12586,20.14,20.89,0,HLTH_EHIS_MH2,3.8138,2024-10-24
2008,CZ,BG310,55_64,X,3.95,14.78,70.7,68.72,15.23,33.3,39.69,132.84,10298,46.91,20.66,0,HLTH_EHIS_MH3,3.0734,2025-08-20
2009,HU,NL438,25_34,F,23.72,13.26,57.88,99.03,15.55,64.72,29.26,15.67,40,47.22,32.26,0,HLTH_EHIS_MH4,1.5346,2024-05-04
2010,NL,FI133,65_74,M,4.71,23.75,42.42,44.37,19.0,50.8,89.01,73.08,2286,30.46,36.67,0,HLTH_EHIS_MH1,3.1903,2024-07-21
2011,SE,EE943,35_44,X,12.93,12.34,66.49,34.1,7.4,91.74,52.26,89.84,5869,64.54,8.8,1,HLTH_EHIS_MH2,4.4982,2024-12-05
2012,DK,FR26,75_PLUS,F,4.88,8.73,41.68,69.81,10.69,43.3,127.4,135.96,2006,74.72,26.76,0,HLTH_EHIS_MH3,1.0181,2024-01-21
2013,IE,PT62,45_54,M,19.88,12.75,45.98,14.74,21.58,56.11,115.4,20.34,16990,59.1,14.68,0,HLTH_EHIS_MH4,1.418,2025-03-29
2014,PL,IT42,15_24,X,13.55,26.45,61.07,25.9,10.51,82.05,99.36,105.82,12118,56.76,30.05,1,HLTH_EHIS_MH1,2.3621,2025-06-06
2015,AT,CY564,55_64,F,20.3,8.27,48.66,78.15,4.59,42.99,161.66,85.61,8849,27.92,33.97,0,HLTH_EHIS_MH2,3.8226,2025-09-29
2016,EE,PL9,25_34,M,9.5,10.03,65.98,44.14,19.48,50.75,64.17,21.98,5154,48.47,27.42,0,HLTH_EHIS_MH3,1.0531,2024-07-28
2017,IT,RO78,65_74,X,11.81,5.0,50.7,19.19,12.34,57.13,107.18,25.69,5801,24.58,16.26,1,HLTH_EHIS_MH4,0.5704,2024-10-03
2018,PT,CZ713,35_44,F,15.18,11.36,54.77,12.42,14.99,29.88,79.36,83.83,786,50.78,10.41,1,HLTH_EHIS_MH1,0.8992,2025-05-13
2019,BE,FR535,75_PLUS,M,5.62,9.65,66.51,51.62,10.01,47.43,72.65,185.43,5563,50.01,19.22,1,HLTH_EHIS_MH2,1.31,2024-06-30
2020,FI,EE89,45_54,X,13.14,26.95,57.11,55.13,12.92,64.37,38.57,50.35,15952,100.0,15.76,1,HLTH_EHIS_MH3,1.1979,2024-09-20
2021,LV,AT65,15_24,F,28.38,10.89,35.7,115.74,11.13,62.37,13.96,136.82,7685,69.6,29.8,1,HLTH_EHIS_MH4,2.1911,2024-12-05
2022,RO,CY29,55_64,M,10.19,24.5,53.56,7.69,18.94,64.33,18.37,18.98,221,75.71,29.32,1,HLTH_EHIS_MH1,4.5104,2025-02-17
2023,BG,ES713,25_34,X,16.38,21.39,38.14,38.86,10.95,63.42,124.43,64.43,17940,45.55,30.46,1,HLTH_EHIS_MH2,2.2978,2025-10-26
2024,FR,FI75,65_74,F,11.08,12.69,44.34,10.65,16.59,47.99,39.96,169.82,10900,42.03,31.99,1,HLTH_EHIS_MH3,2.3983,2024-09-25
2025,LT,CY27,35_44,M,20.28,6.03,38.71,23.28,18.52,53.16,93.59,64.9,9257,46.63,22.14,1,HLTH_EHIS_MH4,4.408,2024-09-08
2006,SK,LT72,75_PLUS,X,9.88,17.25,42.78,32.26,4.42,21.23,17.3,74.99,968,22.0,32.15,1,HLTH_EHIS_MH1,2.6229,2025-10-06
2007,HR,DK23,45_54,F,5.04,12.4,50.02,40.04,7.97,55.67,102.68,31.51,10726,63.96,28.14,0,HLTH_EHIS_MH2,3.0759,2026-01-18
2008,DE,EE980,15_24,M,6.04,14.38,41.9,78.37,21.33,89.89,24.7,17.69,1270,30.67,14.27,1,HLTH_EHIS_MH3,0.3587,2024-01-04
2009,LU,HR4,55_64,X,17.7,13.03,35.33,14.2,13.3,47.86,58.3,79.67,18006,35.98,22.21,1,HLTH_EHIS_MH4,1.4553,2025-01-12
2010,SI,LV298,25_34,F,10.38,27.97,49.42,17.69,15.95,20.98,124.06,61.18,12948,57.54,24.4,0,HLTH_EHIS_MH1,1.2671,2025-04-08
2011,CY,ES88,65_74,M,11.57,23.67,35.91,43.02,23.21,52.4,117.81,135.14,10322,40.16,11.47,0,HLTH_EHIS_MH2,4.4989,2025-02-05
2012,GR,BG66,35_44,X,4.12,15.5,55.71,18.57,5.77,44.46,31.93,79.49,4560,57.47,30.42,0,HLTH_EHIS_MH3,0.8895,2024-08-10
2013,MT,AT91,75_PLUS,F,10.09,12.76,48.79,10.15,11.56,77.83,23.25,124.44,13992,71.81,24.65,1,HLTH_EHIS_MH4,0.5382,2025-10-30
2014,ES,CZ8,45_54,M,15.64,8.63,36.32,11.89,10.57,79.49,63.5,36.29,5231,59.07,13.68,1,HLTH_EHIS_MH1,0.2686,2025-12-05
2015,CZ,PL575,15_24,X,18.54,12.35,56.96,94.17,12.81,69.16,118.24,35.23,6109,44.4,20.98,1,HLTH_EHIS_MH2,0.3161,2024-09-18
2016,HU,CY365,55_64,F,11.69,24.44,38.53,76.9,6.66,38.14,139.54,19.91,3005,74.98,25.85,1,HLTH_EHIS_MH3,0.487,2024-11-03
2017,NL,FR998,25_34,M,17.92,9.62,47.93,36.22,15.64,60.45,46.4,76.89,11562,29.98,16.92,1,HLTH_EHIS_MH4,3.8596,2025-12-13
2018,SE,BG205,65_74,X,8.54,15.77,56.94,73.6,20.01,54.99,100.7,108.65,11884,32.82,29.58,1,HLTH_EHIS_MH1,4.7033,2024-02-10
2019,DK,DE40,35_44,F,15.4,9.49,56.34,49.42,9.14,82.69,48.6,62.67,5880,30.44,14.04,1,HLTH_EHIS_MH2,4.2807,2024-04-28
2020,IE,DK542,75_PLUS,M,9.39,12.41,34.93,100.89,7.45,21.26,116.67,181.72,9250,55.67,27.89,0,HLTH_EHIS_MH3,0.8665,2024-02-03
2021,PL,LT6,45_54,X,4.7,26.51,45.68,13.45,13.89,49.11,129.67,36.55,13607,59.78,38.24,1,HLTH_EHIS_MH4,1.7118,2025-06-08
2022,AT,IT401,15_24,F,5.25,27.6,57.1,41.22,9.03,27.08,30.78,97.85,13252,58.59,30.51,1,HLTH_EHIS_MH1,2.7356,2024-09-20
2023,EE,EE318,55_64,M,8.86,6.67,52.45,20.77,20.43,72.56,36.56,42.82,10164,48.28,33.72,0,HLTH_EHIS_MH2,4.0301,2025-05-06
2024,IT,GR36,25_34,X,14.42,10.64,48.2,33.66,7.85,52.38,10.9,95.93,8003,62.39,34.93,1,HLTH_EHIS_MH3,2.4626,2025-06-17
2025,PT,ES966,65_74,F,23.53,25.19,58.61,37.68,10.5,25.06,127.6,21.42,1523,44.85,14.51,1,HLTH_EHIS_MH4,3.6645,2025-11-18
2006,BE,AT879,35_44,M,15.42,13.46,44.99,71.63,10.54,72.78,81.09,95.7,2608,73.01,11.59,0,HLTH_EHIS_MH1,1.4683,2025-12-31
2007,FI,SK9,75_PLUS,X,18.99,23.97,57.46,23.94,8.94,66.5,62.47,164.77,12202,39.47,41.81,0,HLTH_EHIS_MH2,4.4822,2024-02-27
2008,LV,CZ60,45_54,F,10.55,26.93,52.54,70.83,3.94,35.82,48.63,49.55,2732,26.9,16.19,0,HLTH_EHIS_MH3,3.8398,2024-11-16
2009,RO,RO207,15_24,M,16.92,13.04,38.96,60.06,12.09,77.1,111.92,115.58,13208,17.98,30.09,0,HLTH_EHIS_MH4,0.3031,2025-10-28
2010,BG,LT84,55_64,X,17.2,6.54,38.33,53.27,16.01,34.43,140.13,69.67,12012,23.69,7.77,0,HLTH_EHIS_MH1,4.3013,2024-08-09
2011,FR,CZ1,25_34,F,21.43,14.08,36.33,103.63,3.41,37.61,11.37,115.9,14663,44.88,30.07,0,HLTH_EHIS_MH2,0.6415,2025-09-17
2012,LT,LT83,65_74,M,11.01,25.05,39.04,49.9,14.7,65.61,14.45,153.72,511,45.1,20.59,1,HLTH_EHIS_MH3,1.2031,2025-11-11
2013,SK,BG6,35_44,X,10.02,15.25,54.31,23.76,9.15,33.03,52.84,27.58,3764,74.41,13.79,1,HLTH_EHIS_MH4,2.6863,2025-07-15
2014,HR,HR22,75_PLUS,F,13.93,10.54,42.61,58.48,7.76,69.78,11.48,21.57,13697,48.25,7.21,1,HLTH_EHIS_MH1,2.1374,2024-11-07
2015,DE,DK138,45_54,M,16.82,12.96,65.3,35.19,24.12,34.42,121.4,79.08,324,46.64,12.73,0,HLTH_EHIS_MH2,2.283,2025-11-18
2016,LU,IT7,15_24,X,6.14,19.07,35.96,28.87,13.65,48.38,132.85,76.25,9593,26.34,35.78,0,HLTH_EHIS_MH3,2.9819,2024-03-31
2017,SI,LT4,55_64,F,15.21,23.09,34.66,44.39,4.3,68.48,65.93,129.57,2527,50.71,28.77,1,HLTH_EHIS_MH4,0.5022,2024-07-19
2018,CY,RO77,25_34,M,12.67,13.47,51.7,44.97,19.18,25.54,19.14,111.94,17979,42.21,29.0,0,HLTH_EHIS_MH1,0.3172,2025-08-08
2019,GR,CZ64,65_74,X,12.36,16.75,64.81,74.63,12.31,31.43,72.99,80.35,16051,71.16,18.72,0,HLTH_EHIS_MH2,4.1455,2025-09-30
2020,MT,BE167,35_44,F,26.34,16.91,47.1,37.24,3.48,37.24,158.22,53.78,17939,62.71,34.72,1,HLTH_EHIS_MH3,4.0794,2024-01-14
2021,ES,RO8,75_PLUS,M,27.63,30.98,41.0,95.94,15.07,52.12,29.67,103.1,19623,62.99,42.74,1,HLTH_EHIS_MH4,3.7806,2025-08-17
2022,CZ,HU99,45_54,X,12.38,19.76,32.88,84.27,17.64,74.78,43.19,38.1,2685,69.95,26.98,0,HLTH_EHIS_MH1,1.5973,2025-03-14
2023,HU,SE45,15_24,F,16.41,15.2,58.38,38.53,7.68,21.76,153.88,93.33,10310,74.58,16.56,0,HLTH_EHIS_MH2,4.772,2024-07-22
2024,NL,DE4,55_64,M,4.35,10.19,60.29,63.87,18.85,68.0,90.26,165.47,7571,65.83,9.36,1,HLTH_EHIS_MH3,2.7275,2024-03-16
2025,SE,IT808,25_34,X,6.87,22.78,47.29,68.86,13.31,52.22,26.75,44.79,14011,24.57,30.79,1,HLTH_EHIS_MH4,2.9863,2025-12-04
2006,DK,IE107,65_74,F,11.2,29.05,63.11,65.46,7.69,54.87,76.6,127.59,1731,51.05,38.68,0,HLTH_EHIS_MH1,2.6453,2025-05-12
2007,IE,DK29,35_44,M,13.6,13.17,48.46,23.86,23.4,54.37,100.69,90.97,12716,22.13,12.3,0,HLTH_EHIS_MH2,1.9258,2025-11-13
2008,PL,SK3,75_PLUS,X,5.08,21.3,74.79,68.17,10.94,50.08,127.22,60.19,3213,37.44,26.54,1,HLTH_EHIS_MH3,1.5855,2024-01-30
2009,AT,IE5,45_54,F,6.48,25.42,41.0,16.54,13.79,64.48,39.59,54.41,2159,63.57,15.36,0,HLTH_EHIS_MH4,4.3544,2025-11-03
2010,EE,DE88,15_24,M,9.49,6.37,40.59,30.09,6.52,77.44,39.96,115.63,9704,22.18,11.23,1,HLTH_EHIS_MH1,0.6694,2024-09-24
2011,IT,EE32,55_64,X,13.84,18.61,58.19,15.26,5.7,47.47,105.62,57.55,4918,77.21,29.68,0,HLTH_EHIS_MH2,3.2383,2025-01-30
2012,PT,CY31,25_34,F,18.16,13.51,42.18,94.83,6.78,72.37,99.53,18.38,15811,32.46,35.69,0,HLTH_EHIS_MH3,0.2019,2025-01-23
2013,BE,PT9,65_74,M,18.35,16.53,43.31,83.37,27.73,32.71,47.97,120.04,1451,51.94,9.23,0,HLTH_EHIS_MH4,0.562,2025-02-11
2014,FI,SE4,35_44,X,16.73,17.03,59.31,65.5,13.39,82.36,106.82,102.12,2923,28.98,23.87,0,HLTH_EHIS_MH1,0.5333,2025-12-21
2015,LV,DK13,75_PLUS,F,13.35,15.71,47.93,58.47,10.49,80.58,39.62,160.7,853,42.65,27.85,1,HLTH_EHIS_MH2,3.1305,2024-07-10
2016,RO,LT174,45_54,M,13.78,13.99,44.08,82.36,20.74,72.64,88.57,137.7,1491,69.1,22.08,1,HLTH_EHIS_MH3,4.0601,2024-07-17
2017,BG,CY36,15_24,X,18.33,6.11,51.87,13.77,15.9,37.61,72.04,93.61,14693,45.41,26.52,1,HLTH_EHIS_MH4,3.661,2025-05-23
2018,FR,IE457,55_64,F,22.82,22.54,35.4,67.18,10.18,49.34,86.69,52.7,10617,33.25,35.25,1,HLTH_EHIS_MH1,2.5907,2025-04-17
2019,LT,AT653,25_34,M,16.59,18.88,39.29,21.2,10.64,61.82,133.5,138.58,13968,33.18,19.0,1,HLTH_EHIS_MH2,0.467,2024-12-18
2020,SK,FI91,65_74,X,23.55,25.51,51.63,10.67,5.82,79.05,8.37,163.05,16569,80.04,53.73,1,HLTH_EHIS_MH3,3.5899,2025-08-24
2021,HR,LU815,35_44,F,17.32,17.15,52.66,38.73,3.49,73.82,55.12,73.83,4163,48.36,21.9,1,HLTH_EHIS_MH4,3.0643,2025-12-29
2022,DE,FI152,75_PLUS,M,14.02,23.17,46.06,77.02,15.4,43.24,127.2,164.02,8524,54.01,40.21,1,HLTH_EHIS_MH1,1.437,2025-04-25
2023,LU,BG68,45_54,X,8.98,17.72,39.25,59.03,16.3,73.71,46.87,70.83,9980,18.94,27.6,1,HLTH_EHIS_MH2,2.5009,2024-08-16
2024,SI,BG14,15_24,F,11.45,15.77,50.35,33.09,7.85,82.23,59.81,18.1,3115,42.7,21.94,1,HLTH_EHIS_MH3,0.515,2024-06-02
2025,CY,RO5,55_64,M,5.27,16.0,51.78,11.93,24.39,65.66,97.36,31.05,7378,23.55,31.03,1,HLTH_EHIS_MH4,3.7174,2025-02-26
2006,GR,HR9,25_34,X,11.54,19.42,42.68,66.43,8.63,24.27,80.7,56.95,4132,56.13,18.97,0,HLTH_EHIS_MH1,3.8843,2024-05-09
2007,MT,RO701,65_74,F,6.12,13.07,55.1,17.44,5.67,50.98,50.18,88.24,3472,75.69,34.29,0,HLTH_EHIS_MH2,4.1619,2026-01-14
2008,ES,ES781,35_44,M,12.69,11.17,57.82,64.73,16.88,57.99,134.38,82.63,15849,56.68,22.54,0,HLTH_EHIS_MH3,0.6733,2024-07-31
2009,CZ,PT49,75_PLUS,X,21.51,23.11,35.9,60.45,4.56,33.09,56.16,63.97,1205,68.62,28.84,0,HLTH_EHIS_MH4,0.9518,2024-12-01
2010,HU,GR429,45_54,F,19.6,7.29,55.15,7.63,8.01,72.08,41.28,93.9,1723,62.46,35.62,0,HLTH_EHIS_MH1,1.1428,2024-11-09
2011,NL,LV82,15_24,M,22.29,25.3,27.87,51.33,18.65,91.95,48.43,71.47,12307,68.46,32.17,0,HLTH_EHIS_MH2,2.3528,2025-03-27
2012,SE,PT99,55_64,X,19.38,12.67,35.28,13.46,5.99,73.21,63.98,179.87,10626,21.22,13.56,0,HLTH_EHIS_MH3,2.0831,2024-07-17
2013,DK,NL72,25_34,F,21.38,22.73,40.92,75.27,14.92,23.87,42.05,94.71,2242,56.2,9.62,0,HLTH_EHIS_MH4,0.4607,2026-01-23
2014,IE,IE9,65_74,M,4.28,10.84,60.13,46.54,28.61,49.98,119.56,188.85,4757,51.44,22.45,1,HLTH_EHIS_MH1,2.4969,2025-06-24
2015,PL,LU675,35_44,X,9.6,10.08,59.66,44.25,8.73,45.71,116.57,131.67,7693,55.47,18.66,1,HLTH_EHIS_MH2,4.6281,2026-01-14
2016,AT,SE3,75_PLUS,F,6.25,23.35,49.07,18.52,9.56,79.97,91.41,84.81,7412,51.49,31.7,0,HLTH_EHIS_MH3,3.7778,2024-01-23
2017,EE,LV19,45_54,M,9.55,16.45,63.87,66.62,12.87,54.22,52.6,42.98,4769,20.1,22.18,0,HLTH_EHIS_MH4,2.5987,2024-07-21
2018,IT,SE97,15_24,X,12.11,7.63,57.16,15.08,5.99,35.75,155.26,65.37,11615,65.21,12.91,1,HLTH_EHIS_MH1,2.463,2025-06-15
2019,PT,DK68,55_64,F,11.79,17.41,39.79,32.24,5.1,23.35,96.7,160.19,1954,71.88,26.75,1,HLTH_EHIS_MH2,4.7328,2025-07-10
2020,BE,LU83,25_34,M,8.72,17.62,43.76,25.33,6.42,37.53,51.33,86.11,16319,78.32,22.25,1,HLTH_EHIS_MH3,3.0495,2025-12-17
2021,FI,HU580,65_74,X,18.35,18.27,37.37,35.03,5.11,34.87,38.72,116.6,16784,41.52,47.39,1,HLTH_EHIS_MH4,2.1868,2025-06-26
2022,LV,SK723,35_44,F,15.6,7.18,51.63,10.35,16.64,44.99,101.61,97.95,10327,36.76,9.93,0,HLTH_EHIS_MH1,4.0285,2024-11-03
2023,RO,LU41,75_PLUS,M,9.09,14.86,46.9,65.05,19.96,26.55,70.98,113.59,5112,25.15,7.36,1,HLTH_EHIS_MH2,3.35,2024-04-12
2024,BG,HU43,45_54,X,9.63,16.01,45.89,33.4,5.38,43.7,64.71,48.12,7202,71.65,20.98,1,HLTH_EHIS_MH3,0.549,2024-08-26
2025,FR,HR94,15_24,F,21.67,18.69,44.95,78.17,6.18,65.9,110.94,56.31,1059,54.58,15.04,1,HLTH_EHIS_MH4,0.3802,2024-01-17
2006,LT,DK5,55_64,M,16.56,17.65,45.5,53.81,23.3,52.13,21.32,81.64,6238,41.17,11.66,0,HLTH_EHIS_MH1,2.3229,2024-09-06
2007,SK,IT2,25_34,X,13.58,6.27,53.58,59.12,15.09,71.62,10.81,112.42,10016,50.85,24.69,0,HLTH_EHIS_MH2,0.2402,2024-01-14
2008,HR,ES27,65_74,F,6.7,24.8,60.81,66.79,7.59,33.18,69.34,23.06,2847,63.09,37.7,0,HLTH_EHIS_MH3,0.3995,2025-09-25
2009,DE,CY2,35_44,M,14.63,22.02,42.72,42.34,5.53,86.35,105.97,50.92,6195,33.38,28.12,0,HLTH_EHIS_MH4,3.5687,2025-08-29
2010,LU,MT524,75_PLUS,X,16.01,23.22,61.53,31.85,12.97,62.23,28.53,65.12,3314,70.86,13.44,1,HLTH_EHIS_MH1,4.2485,2025-02-12
2011,SI,LV13,45_54,F,5.45,17.99,39.18,73.69,7.65,75.81,130.7,109.65,8132,81.31,15.03,0,HLTH_EHIS_MH2,1.9252,2025-03-04
2012,CY,BG77,15_24,M,5.56,22.78,55.39,100.67,12.12,58.17,112.03,44.82,11082,67.53,9.41,0,HLTH_EHIS_MH3,2.2169,2026-02-22
2013,GR,SE205,55_64,X,11.01,11.36,68.42,51.37,15.97,41.59,20.66,26.99,9615,56.13,10.87,0,HLTH_EHIS_MH4,1.8121,2026-02-15
2014,MT,LU965,25_34,F,18.74,7.5,52.55,72.05,15.17,40.32,68.45,104.26,3754,53.21,34.06,1,HLTH_EHIS_MH1,3.831,2024-10-02
2015,ES,ES39,65_74,M,10.66,16.44,55.38,67.22,15.26,21.08,17.19,27.17,13189,72.89,8.21,1,HLTH_EHIS_MH2,0.9384,2026-01-31
2016,CZ,ES421,35_44,X,18.49,24.26,52.46,56.78,16.4,73.64,112.65,114.89,585,31.49,21.54,1,HLTH_EHIS_MH3,4.1933,2025-11-05
2017,HU,AT559,75_PLUS,F,15.25,12.22,57.72,84.64,14.74,24.75,160.58,116.83,9679,44.37,30.19,1,HLTH_EHIS_MH4,2.356,2025-12-16
2018,NL,EE519,45_54,M,19.49,4.98,36.07,38.58,19.86,58.99,41.24,95.18,5187,43.67,20.18,1,HLTH_EHIS_MH1,0.562,2024-01-23
2019,SE,CZ4,15_24,X,15.85,13.92,67.87,27.11,12.02,86.88,53.44,46.87,7593,42.71,24.33,1,HLTH_EHIS_MH2,4.6524,2024-04-07
2020,DK,NL67,55_64,F,12.74,28.48,35.05,93.41,6.42,75.35,8.38,122.79,15559,61.25,9.69,0,HLTH_EHIS_MH3,2.9053,2025-01-10
2021,IE,DE97,25_34,M,15.08,31.04,64.97,135.67,6.53,70.48,107.37,30.62,6970,86.78,16.26,1,HLTH_EHIS_MH4,3.4391,2025-12-30
2022,PL,HU34,65_74,X,21.88,6.1,30.51,20.19,20.01,82.99,121.16,152.7,976,52.13,34.73,1,HLTH_EHIS_MH1,4.3064,2024-12-01
2023,AT,DK113,35_44,F,15.74,25.97,43.44,25.69,7.99,67.39,45.46,54.17,11718,30.25,25.8,1,HLTH_EHIS_MH2,0.3427,2025-08-09
2024,EE,LT9,75_PLUS,M,18.35,9.11,57.01,71.97,8.66,79.76,112.46,136.08,17852,33.06,7.71,1,HLTH_EHIS_MH3,0.6226,2024-10-19
2025,IT,GR1,45_54,X,16.77,16.88,45.32,67.98,17.84,44.99,39.25,16.79,3609,41.91,26.26,1,HLTH_EHIS_MH4,2.6241,2024-12-30
2006,PT,HU344,15_24,F,15.68,12.64,48.38,68.7,8.65,75.75,8.38,76.87,9037,36.3,26.12,0,HLTH_EHIS_MH1,3.746,2024-11-08
2007,BE,LT3,55_64,M,10.7,17.82,45.22,71.83,12.5,76.52,33.15,113.59,936,29.5,33.56,0,HLTH_EHIS_MH2,0.3823,2025-10-22
2008,FI,SK20,25_34,X,15.08,6.44,49.02,19.72,14.72,75.49,27.31,132.56,8768,73.18,8.8,1,HLTH_EHIS_MH3,1.965,2024-07-02
2009,LV,FI92,65_74,F,12.23,22.16,72.56,52.24,15.4,31.71,143.13,188.31,10791,27.76,22.16,0,HLTH_EHIS_MH4,3.2497,2025-07-25
2010,RO,PL82,35_44,M,19.26,10.49,43.32,74.15,9.8,47.15,39.82,66.94,17330,64.74,30.85,0,HLTH_EHIS_MH1,0.7954,2025-05-22
2011,BG,IT558,75_PLUS,X,9.01,15.92,54.81,32.69,4.81,25.79,133.04,152.77,9391,76.69,37.35,0,HLTH_EHIS_MH2,3.7821,2025-08-10
2012,FR,PL43,45_54,F,10.49,10.02,60.74,13.66,15.0,71.95,101.9,82.15,7330,29.12,28.63,0,HLTH_EHIS_MH3,4.2104,2026-01-01
2013,LT,FI90,15_24,M,18.91,5.42,57.21,59.62,14.46,53.36,129.17,96.47,7148,30.52,28.33,0,HLTH_EHIS_MH4,1.5346,2025-06-04
2014,SK,HU50,55_64,X,7.48,19.84,79.2,76.94,19.63,77.94,97.15,150.83,2238,48.23,35.63,0,HLTH_EHIS_MH1,4.3252,2024-04-20
2015,HR,DE993,25_34,F,10.48,28.59,63.3,89.11,5.81,26.95,158.94,59.14,11396,78.27,7.88,1,HLTH_EHIS_MH2,4.2662,2024-04-16
2016,DE,PL15,65_74,M,11.83,11.16,67.47,45.31,5.88,23.5,105.1,187.22,11662,23.48,15.03,1,HLTH_EHIS_MH3,4.0673,2025-05-11
2017,LU,FR89,35_44,X,10.37,5.96,40.46,74.19,15.81,52.63,118.99,117.32,4297,77.56,27.18,1,HLTH_EHIS_MH4,1.4308,2025-08-03
2018,SI,CZ54,75_PLUS,F,12.97,27.63,53.32,25.46,20.07,73.2,104.32,187.42,55,49.59,17.7,1,HLTH_EHIS_MH1,4.3751,2025-06-12
2019,CY,LV2,45_54,M,7.73,14.95,34.27,54.53,20.78,52.57,11.02,124.88,3905,59.34,36.08,0,HLTH_EHIS_MH2,4.1566,2024-12-11
2020,GR,PL6,15_24,X,8.06,11.36,33.5,75.02,5.29,32.26,115.92,43.71,8832,24.75,17.18,0,HLTH_EHIS_MH3,3.0816,2025-07-11
2021,MT,SE19,55_64,F,20.92,20.74,42.36,68.47,12.9,71.2,8.04,49.41,10991,45.94,41.11,0,HLTH_EHIS_MH4,1.7577,2024-08-14
2022,ES,CY38,25_34,M,19.93,16.19,56.23,36.71,18.98,55.12,76.23,58.35,12366,30.15,24.71,1,HLTH_EHIS_MH1,2.8344,2024-08-06
2023,CZ,HU677,65_74,X,16.24,9.71,32.98,24.04,7.1,22.6,106.05,66.77,10941,76.27,41.55,0,HLTH_EHIS_MH2,1.4443,2025-10-09
2024,HU,BE3,35_44,F,10.44,8.19,69.77,50.22,15.68,47.98,29.55,129.67,11605,57.92,23.04,0,HLTH_EHIS_MH3,2.5424,2024-02-07
2025,NL,GR901,75_PLUS,M,7.09,24.1,69.63,58.76,23.54,77.26,56.39,50.28,8854,33.12,8.56,0,HLTH_EHIS_MH4,1.5142,2025-03-25
2006,SE,LU5,45_54,X,20.3,8.58,29.57,26.65,6.2,91.01,104.86,121.42,16751,37.32,6.24,1,HLTH_EHIS_MH1,2.769,2024-10-13
2007,DK,SE2,15_24,F,21.26,25.03,31.23,81.57,4.17,64.11,72.06,92.69,2235,64.18,18.09,0,HLTH_EHIS_MH2,1.2528,2025-11-01
2008,IE,LT183,55_64,M,19.62,13.39,41.16,76.51,14.26,43.79,107.86,32.75,1718,35.87,32.6,0,HLTH_EHIS_MH3,2.1624,2025-11-14
2009,PL,LT760,25_34,X,15.59,13.95,35.24,114.83,5.21,22.22,77.25,24.27,231,82.91,7.06,0,HLTH_EHIS_MH4,1.4483,2024-11-04
2010,AT,CZ46,65_74,F,19.03,21.41,46.32,70.36,8.76,71.5,135.48,35.09,6604,39.73,20.87,0,HLTH_EHIS_MH1,3.1643,2025-11-27
2011,EE,DK898,35_44,M,4.25,12.55,50.61,10.16,20.03,42.79,97.77,105.1,4828,44.88,17.74,1,HLTH_EHIS_MH2,3.5813,2025-10-12
2012,IT,BG387,75_PLUS,X,6.08,10.08,48.9,61.77,4.03,81.41,15.25,161.8,3536,28.13,27.72,1,HLTH_EHIS_MH3,3.7305,2025-12-15
2013,PT,DE9,45_54,F,12.41,26.18,44.1,30.8,17.17,76.81,31.24,49.29,3179,20.49,31.38,0,HLTH_EHIS_MH4,0.9192,2024-02-13
2014,BE,AT87,15_24,M,7.55,15.72,60.04,81.93,18.54,70.86,49.27,48.59,7812,76.66,25.21,1,HLTH_EHIS_MH1,2.0943,2025-06-21
2015,FI,DK35,55_64,X,9.44,18.71,58.58,75.58,18.06,21.46,138.18,188.52,10117,17.25,19.32,1,HLTH_EHIS_MH2,4.3515,2024-01-16
2016,LV,SE357,25_34,F,7.44,7.65,60.54,43.45,5.51,83.03,22.07,103.93,13117,48.11,27.2,1,HLTH_EHIS_MH3,4.2361,2024-04-21
2017,RO,BE28,65_74,M,16.89,23.48,37.01,24.79,20.3,26.74,76.34,74.66,9256,18.38,26.7,0,HLTH_EHIS_MH4,2.3432,2024-01-23
2018,BG,DE305,35_44,X,15.7,13.42,33.35,63.18,14.59,57.47,39.32,100.94,12430,58.56,21.12,1,HLTH_EHIS_MH1,3.7196,2024-03-11
2019,FR,GR6,75_PLUS,F,9.99,23.21,41.43,44.97,5.38,37.38,85.19,63.7,9494,32.18,37.11,1,HLTH_EHIS_MH2,4.2441,2024-11-17
2020,LT,CZ146,45_54,M,8.61,5.93,45.76,34.92,10.7,37.16,65.77,117.99,3397,35.34,23.68,1,HLTH_EHIS_MH3,0.6152,2024-02-17
2021,SK,ES388,15_24,X,22.72,23.67,52.56,84.35,12.66,58.7,79.74,14.08,15809,34.26,10.29,1,HLTH_EHIS_MH4,1.384,2026-02-16
2022,HR,LT68,55_64,F,19.23,25.25,60.97,38.84,11.04,31.64,67.13,27.26,13439,18.46,20.87,1,HLTH_EHIS_MH1,2.344,2024-06-26
2023,DE,SI51,25_34,M,5.98,20.93,42.32,34.13,19.28,78.35,106.78,41.71,1721,45.92,14.91,1,HLTH_EHIS_MH2,1.4039,2024-06-13
2024,LU,DK413,65_74,X,21.58,8.67,53.6,34.28,18.35,66.23,62.92,92.26,15915,65.35,35.24,1,HLTH_EHIS_MH3,4.2365,2024-10-22
2025,SI,RO680,35_44,F,5.63,26.51,45.07,63.46,4.48,36.63,93.65,58.83,5318,55.36,25.66,1,HLTH_EHIS_MH4,2.1323,2026-01-28
2006,CY,LT66,75_PLUS,M,5.12,8.58,58.38,16.51,24.42,57.28,60.73,160.08,14002,33.72,18.68,0,HLTH_EHIS_MH1,3.4003,2024-01-09
2007,GR,IE10,45_54,X,8.18,9.48,60.79,28.74,6.93,30.36,84.15,18.98,11087,75.58,22.29,1,HLTH_EHIS_MH2,4.2086,2024-06-29
2008,MT,NL663,15_24,F,15.94,26.09,62.69,33.76,14.46,67.77,93.26,75.71,15021,77.55,23.06,0,HLTH_EHIS_MH3,4.6119,2025-12-20
2009,ES,BG608,55_64,M,16.58,8.17,57.04,60.76,6.89,78.22,17.05,186.92,13139,32.19,20.04,0,HLTH_EHIS_MH4,1.2452,2025-08-27
2010,CZ,SE63,25_34,X,20.63,11.34,34.88,20.74,13.47,31.14,91.85,125.87,7735,83.33,33.66,1,HLTH_EHIS_MH1,3.4494,2024-02-09
2011,HU,LT85,65_74,F,20.83,9.17,54.51,81.05,5.01,35.38,156.28,92.93,11330,35.65,42.09,0,HLTH_EHIS_MH2,0.3581,2024-02-13
2012,NL,BG322,35_44,M,18.55,16.72,40.96,13.43,17.64,34.38,13.4,93.23,11503,30.65,16.27,0,HLTH_EHIS_MH3,3.9074,2025-09-29
2013,SE,LU2,75_PLUS,X,21.92,5.75,45.78,13.76,13.71,34.97,147.27,158.97,9535,56.96,12.67,0,HLTH_EHIS_MH4,3.1373,2024-09-18
2014,DK,MT496,45_54,F,11.52,23.91,56.08,77.39,20.19,36.4,113.43,52.16,4860,20.9,12.71,1,HLTH_EHIS_MH1,4.0538,2024-11-12
2015,IE,PL117,15_24,M,8.8,6.97,46.12,89.15,4.77,23.85,58.81,138.76,2713,58.41,18.81,1,HLTH_EHIS_MH2,0.6648,2025-07-02
2016,PL,FR308,55_64,X,17.77,5.13,53.72,78.38,11.46,59.62,69.54,74.13,15672,37.91,8.8,1,HLTH_EHIS_MH3,3.7248,2024-05-21
2017,AT,GR355,25_34,F,22.55,22.84,58.81,27.92,5.01,35.41,57.85,32.55,5649,35.72,6.82,0,HLTH_EHIS_MH4,0.5475,2024-01-08
2018,EE,ES674,65_74,M,4.77,16.95,59.32,39.82,9.48,48.1,110.17,40.67,10155,34.55,34.35,1,HLTH_EHIS_MH1,0.4987,2025-09-09
2019,IT,FR431,35_44,X,7.83,7.04,59.53,79.2,13.31,34.72,123.0,103.66,12260,38.99,13.41,1,HLTH_EHIS_MH2,1.1803,2025-11-10
2020,PT,SK21,75_PLUS,F,19.49,24.22,47.71,87.62,4.41,43.54,25.76,34.99,16827,57.42,12.94,1,HLTH_EHIS_MH3,2.3604,2025-12-06
2021,BE,SI475,45_54,M,14.0,17.9,44.81,73.44,28.15,41.9,107.82,108.49,9322,45.84,8.13,1,HLTH_EHIS_MH4,4.7497,2024-11-22
2022,FI,SI64,15_24,X,17.82,20.61,28.62,69.43,3.56,37.46,103.76,126.29,14917,30.92,23.2,0,HLTH_EHIS_MH1,2.886,2024-09-20
2023,LV,NL387,55_64,F,4.71,11.47,42.57,9.43,16.9,27.5,121.48,25.58,13884,39.24,30.55,1,HLTH_EHIS_MH2,2.1346,2024-08-23
2024,RO,SI9,25_34,M,5.61,4.98,37.37,113.75,21.08,69.54,11.29,118.13,107,85.51,15.57,0,HLTH_EHIS_MH3,2.4966,2025-11-06
2025,BG,BE659,65_74,X,11.95,13.84,39.64,34.75,16.48,32.34,95.19,134.35,12013,76.95,18.33,1,HLTH_EHIS_MH4,3.789,2025-06-14
2006,FR,ES369,35_44,F,20.0,20.93,38.22,61.0,15.98,59.96,129.37,105.48,10690,61.33,32.49,0,HLTH_EHIS_MH1,3.7698,2024-09-09
2007,LT,HU25,75_PLUS,M,21.23,14.27,30.6,33.4,20.93,33.21,158.88,125.66,2676,53.93,26.42,1,HLTH_EHIS_MH2,0.4064,2024-01-20
2008,SK,NL291,45_54,X,4.49,23.43,75.02,44.11,9.59,50.69,36.53,120.1,9688,33.21,21.83,0,HLTH_EHIS_MH3,0.5233,2024-03-02
2009,HR,DK89,15_24,F,14.34,19.67,61.38,91.25,8.3,29.56,102.99,64.71,11056,19.05,14.84,0,HLTH_EHIS_MH4,1.2131,2024-12-14
2010,DE,HU228,55_64,M,17.89,11.16,39.73,43.92,28.09,83.84,55.35,30.59,8915,77.75,28.98,0,HLTH_EHIS_MH1,3.897,2024-04-27
2011,LU,HR130,25_34,X,20.09,21.27,36.49,32.7,3.64,52.89,57.76,64.63,2476,37.43,33.72,0,HLTH_EHIS_MH2,4.2952,2024-09-29
2012,SI,BE1,65_74,F,10.41,24.04,60.02,9.42,18.07,64.49,12.42,61.44,3093,18.87,30.11,0,HLTH_EHIS_MH3,2.8755,2025-01-31
2013,CY,EE27,35_44,M,6.29,19.86,53.02,74.31,12.41,51.81,13.73,72.44,10981,41.26,30.19,0,HLTH_EHIS_MH4,2.5155,2025-02-28
2014,GR,FR455,75_PLUS,X,14.42,18.45,64.15,82.77,13.9,70.36,103.48,157.94,14006,40.16,24.27,0,HLTH_EHIS_MH1,1.4892,2025-02-14
2015,MT,LV233,45_54,F,15.48,17.23,49.99,80.14,16.13,70.75,112.23,29.59,1078,72.3,10.62,1,HLTH_EHIS_MH2,3.7358,2025-03-23
2016,ES,SE293,15_24,M,13.08,13.8,67.17,112.79,19.74,51.6,63.95,79.26,12187,64.1,12.56,1,HLTH_EHIS_MH3,0.962,2025-07-31
2017,CZ,GR982,55_64,X,12.19,23.6,54.82,37.64,14.24,33.5,84.77,87.36,7163,52.96,17.27,1,HLTH_EHIS_MH4,1.9447,2025-01-08
2018,HU,BG310,25_34,F,14.94,21.2,52.31,110.23,6.68,41.7,91.58,36.28,15301,32.26,35.48,1,HLTH_EHIS_MH1,4.6522,2025-03-03
2019,NL,NL438,65_74,M,11.63,25.28,49.94,42.18,14.81,28.22,63.69,147.62,12829,45.3,43.08,1,HLTH_EHIS_MH2,3.8053,2024-04-04
2020,SE,FI133,35_44,X,13.01,8.4,72.15,31.39,11.24,29.01,69.04,138.01,1556,96.67,25.59,1,HLTH_EHIS_MH3,4.4685,2025-06-06
2021,DK,EE943,75_PLUS,F,17.97,33.65,47.09,66.5,5.88,42.75,95.51,29.33,18561,30.37,29.8,1,HLTH_EHIS_MH4,3.2664,2024-10-21
2022,IE,FR26,45_54,M,6.76,23.78,52.87,59.89,10.63,34.39,91.97,134.4,6921,61.86,28.79,1,HLTH_EHIS_MH1,2.7447,2025-09-09
2023,PL,PT62,15_24,X,8.87,21.47,63.95,12.15,13.01,48.22,73.91,100.92,11252,39.11,23.2,1,HLTH_EHIS_MH2,3.6837,2025-03-30
2024,AT,IT42,55_64,F,9.33,9.06,59.91,34.5,15.65,56.88,74.51,82.38,8066,25.47,26.38,1,HLTH_EHIS_MH3,0.288,2026-01-31
2025,EE,CY564,25_34,M,9.95,6.29,46.56,102.96,7.65,75.46,75.26,95.85,762,74.64,17.82,1,HLTH_EHIS_MH4,1.329,2024-07-27
2006,IT,PL9,65_74,X,11.53,22.88,41.09,9.65,9.24,53.86,86.52,85.21,12497,46.84,7.09,0,HLTH_EHIS_MH1,2.9789,2025-10-24
2007,PT,RO78,35_44,F,18.97,15.91,52.13,23.12,8.6,72.98,113.42,112.03,15436,32.58,18.41,0,HLTH_EHIS_MH2,3.5035,2025-04-05
2008,BE,CZ713,75_PLUS,M,5.85,6.89,45.37,19.55,11.55,57.92,75.84,81.51,12040,29.98,40.99,0,HLTH_EHIS_MH3,0.2877,2025-03-19
2009,FI,FR535,45_54,X,19.09,5.55,34.59,76.04,15.99,38.37,160.65,134.47,2875,60.36,8.28,1,HLTH_EHIS_MH4,0.3867,2024-01-01
2010,LV,EE89,15_24,F,10.81,19.63,40.65,82.16,8.63,76.95,89.64,77.75,10298,77.05,34.85,0,HLTH_EHIS_MH1,4.7504,2024-10-06
2011,RO,AT65,55_64,M,5.67,16.33,40.44,49.87,9.76,82.58,61.91,42.23,8006,71.79,18.82,1,HLTH_EHIS_MH2,4.6885,2025-03-02
2012,BG,CY29,25_34,X,7.79,12.7,43.05,104.09,14.49,52.87,49.81,98.51,12150,21.38,24.51,0,HLTH_EHIS_MH3,4.5854,2025-01-11
2013,FR,ES713,65_74,F,15.43,5.99,39.52,74.25,7.46,83.41,54.23,167.57,11990,50.12,19.84,0,HLTH_EHIS_MH4,0.6683,2025-11-12
2014,LT,FI75,35_44,M,7.44,15.9,61.44,79.0,9.41,39.49,97.76,108.32,13521,82.68,30.65,1,HLTH_EHIS_MH1,3.6439,2024-03-19
2015,SK,CY27,75_PLUS,X,7.91,10.54,38.05,83.84,20.03,34.76,46.8,139.24,10876,36.33,22.11,1,HLTH_EHIS_MH2,1.7771,2025-04-21
2016,HR,LT72,45_54,F,19.52,9.59,41.75,68.26,5.57,33.83,69.24,127.98,1705,55.01,7.7,1,HLTH_EHIS_MH3,0.4302,2025-02-18
2017,DE,DK23,15_24,M,14.85,6.2,59.21,67.54,19.55,88.52,63.09,60.61,9683,34.83,35.53,1,HLTH_EHIS_MH4,3.7538,2025-11-08
2018,LU,EE980,55_64,X,19.25,8.88,54.38,29.0,14.9,68.29,109.02,41.68,1300,73.36,8.79,1,HLTH_EHIS_MH1,1.4029,2024-11-27
2019,SI,HR4,25_34,F,8.33,21.7,40.85,30.72,8.12,36.57,97.06,90.52,8418,27.85,17.7,0,HLTH_EHIS_MH2,2.6852,2026-01-12
2020,CY,LV298,65_74,M,10.95,31.99,46.35,29.28,15.76,61.1,102.73,137.78,12635,81.5,21.46,1,HLTH_EHIS_MH3,0.6108,2024-05-15
2021,GR,ES88,35_44,X,17.67,16.06,34.88,76.78,12.29,78.49,61.79,103.24,14355,94.57,26.17,1,HLTH_EHIS_MH4,3.685,2025-04-07
2022,MT,BG66,75_PLUS,F,23.06,13.75,31.69,66.14,12.32,39.7,159.21,41.85,15625,45.3,35.87,1,HLTH_EHIS_MH1,3.4933,2024-08-15
2023,ES,AT91,45_54,M,8.05,20.32,45.63,63.29,12.62,54.65,74.17,30.0,12545,48.42,16.56,1,HLTH_EHIS_MH2,0.9727,2025-07-14
2024,CZ,CZ8,15_24,X,19.78,19.89,34.36,38.44,14.22,35.26,90.48,100.3,8306,34.02,20.01,0,HLTH_EHIS_MH3,1.316,2024-10-02
2025,HU,PL575,55_64,F,15.4,22.7,46.07,19.65,3.97,63.08,29.06,72.01,8414,33.73,22.8,1,HLTH_EHIS_MH4,2.8047,2026-01-12
2006,NL,CY365,25_34,M,17.76,23.81,45.82,84.99,13.28,72.0,56.45,114.15,3136,49.54,26.69,1,HLTH_EHIS_MH1,1.8619,2024-12-30
2007,SE,FR998,65_74,X,21.32,16.22,45.53,34.05,18.84,88.25,26.12,58.98,3853,41.8,40.56,0,HLTH_EHIS_MH2,3.5586,2025-12-27
2008,DK,BG205,35_44,F,12.38,16.37,70.35,25.17,3.14,82.64,96.35,106.68,12191,77.8,34.49,0,HLTH_EHIS_MH3,0.6199,2025-02-09
2009,IE,DE40,75_PLUS,M,5.27,5.83,67.92,37.8,11.84,31.33,21.09,142.24,13053,76.52,25.05,0,HLTH_EHIS_MH4,4.3499,2025-08-11
2010,PL,DK542,45_54,X,19.03,20.69,32.46,28.76,4.09,37.13,152.25,138.14,10945,78.53,7.23,0,HLTH_EHIS_MH1,3.9841,2024-08-09
2011,AT,LT6,15_24,F,19.79,27.8,40.03,85.2,13.6,49.28,32.88,108.77,9058,52.93,11.84,0,HLTH_EHIS_MH2,2.6744,2024-08-18
2012,EE,IT401,55_64,M,5.26,19.63,51.79,19.36,28.04,76.11,112.79,22.9,9501,73.74,29.52,0,HLTH_EHIS_MH3,2.435,2024-12-17
2013,IT,EE318,25_34,X,19.5,20.83,53.29,28.65,15.76,22.77,82.01,136.23,959,36.19,15.16,0,HLTH_EHIS_MH4,1.3859,2025-09-26
2014,PT,GR36,65_74,F,10.25,19.68,43.3,22.83,19.83,29.12,38.14,91.59,12582,61.0,42.42,1,HLTH_EHIS_MH1,0.6966,2024-01-15
2015,BE,ES966,35_44,M,4.51,14.62,65.27,59.86,7.56,24.54,48.35,22.97,9901,70.24,19.49,0,HLTH_EHIS_MH2,1.2118,2024-06-01
2016,FI,AT879,75_PLUS,X,6.89,15.65,69.61,53.03,8.14,34.35,35.33,36.28,2684,41.21,28.49,0,HLTH_EHIS_MH3,2.1919,2025-01-07
2017,LV,SK9,45_54,F,20.02,21.08,55.86,16.89,7.34,51.84,99.06,41.21,8334,76.74,25.6,1,HLTH_EHIS_MH4,2.9407,2025-07-25
2018,RO,CZ60,15_24,M,8.98,14.11,30.96,110.52,22.89,32.45,10.02,56.65,890,73.94,23.33,1,HLTH_EHIS_MH1,1.3824,2025-06-03
2019,BG,RO207,55_64,X,9.24,17.97,33.18,12.06,16.06,79.76,68.89,153.93,11138,56.74,31.76,0,HLTH_EHIS_MH2,2.885,2025-10-11
2020,FR,LT84,25_34,F,29.69,22.99,47.84,72.87,16.52,83.81,104.71,96.05,159,79.8,10.48,1,HLTH_EHIS_MH3,1.0432,2024-01-25
2021,LT,CZ1,65_74,M,6.15,16.97,44.3,71.7,15.2,79.07,10.63,130.54,10349,34.78,43.19,1,HLTH_EHIS_MH4,0.6652,2024-12-12
2022,SK,LT83,35_44,X,5.59,15.95,65.57,67.61,11.98,34.38,152.66,133.11,1562,31.6,22.43,1,HLTH_EHIS_MH1,3.3419,2025-08-16
2023,HR,BG6,75_PLUS,F,22.34,20.94,60.47,18.44,8.42,31.98,108.47,68.43,14533,30.13,20.58,1,HLTH_EHIS_MH2,1.0863,2024-02-26
2024,DE,HR22,45_54,M,15.78,5.32,30.49,42.07,10.08,63.4,83.55,73.37,13713,47.23,12.54,1,HLTH_EHIS_MH3,2.0638,2024-04-25
2025,LU,DK138,15_24,X,4.21,23.56,36.77,103.09,13.6,47.33,94.85,47.65,1711,20.62,6.4,1,HLTH_EHIS_MH4,0.6941,2025-09-11
2006,SI,IT7,55_64,F,5.72,7.66,65.72,24.12,18.45,34.59,10.35,104.29,7364,51.28,17.97,0,HLTH_EHIS_MH1,2.8397,2024-07-15
2007,CY,LT4,25_34,M,9.15,8.92,66.13,76.12,10.98,52.16,81.01,16.54,13647,86.01,11.36,0,HLTH_EHIS_MH2,2.6425,2025-02-27
2008,GR,RO77,65_74,X,10.31,16.19,64.71,63.77,15.97,41.46,47.96,138.79,5715,51.5,36.36,0,HLTH_EHIS_MH3,2.6791,2024-03-14
2009,MT,CZ64,35_44,F,7.21,8.31,42.71,66.73,12.95,52.84,13.26,66.91,2258,80.62,24.85,0,HLTH_EHIS_MH4,2.4829,2024-01-25
2010,ES,BE167,75_PLUS,M,7.88,6.27,33.49,76.8,7.32,43.16,14.77,38.17,10362,75.84,25.78,0,HLTH_EHIS_MH1,2.3434,2026-02-17
2011,CZ,RO8,45_54,X,13.57,19.13,40.31,61.99,7.07,56.29,107.22,56.71,2026,49.23,32.13,0,HLTH_EHIS_MH2,3.8363,2026-01-20
2012,HU,HU99,15_24,F,14.32,17.54,52.52,16.85,11.36,22.19,149.57,38.62,9200,21.83,23.52,0,HLTH_EHIS_MH3,1.4997,2024-02-24
2013,NL,SE45,55_64,M,9.84,18.64,48.69,70.37,15.5,44.84,72.49,122.28,13621,57.83,17.47,0,HLTH_EHIS_MH4,2.4726,2024-07-15
2014,SE,DE4,25_34,X,7.67,6.81,40.29,71.26,11.07,30.04,123.43,138.25,4894,76.11,31.92,1,HLTH_EHIS_MH1,1.9742,2025-11-26
2015,DK,IT808,65_74,F,23.37,22.86,51.22,43.65,6.89,42.14,51.13,177.44,6835,33.21,10.05,1,HLTH_EHIS_MH2,3.2164,2024-06-02
2016,IE,IE107,35_44,M,5.43,14.39,66.91,57.28,9.53,24.19,13.03,42.94,3691,57.95,16.29,0,HLTH_EHIS_MH3,2.8208,2024-09-14
2017,PL,DK29,75_PLUS,X,11.78,13.07,32.98,24.03,9.51,27.31,122.76,169.54,2117,73.85,24.41,1,HLTH_EHIS_MH4,4.1787,2025-07-04
2018,AT,SK3,45_54,F,4.92,18.2,66.74,40.95,10.58,25.79,96.46,79.84,6982,37.99,26.1,1,HLTH_EHIS_MH1,4.7881,2024-06-21
2019,EE,IE5,15_24,M,4.27,14.71,65.76,62.03,16.75,76.67,40.98,38.77,7907,40.56,8.49,1,HLTH_EHIS_MH2,1.2347,2024-06-15
2020,IT,DE88,55_64,X,17.78,28.8,35.49,51.63,18.86,55.04,38.42,175.69,19473,52.13,13.4,1,HLTH_EHIS_MH3,4.043,2026-02-15
2021,PT,EE32,25_34,F,9.36,18.59,39.87,89.27,5.07,77.17,16.36,18.3,2216,33.2,9.86,1,HLTH_EHIS_MH4,4.6834,2024-10-06
2022,BE,CY31,65_74,M,10.26,19.95,36.55,68.47,25.42,65.28,27.4,133.23,11466,40.2,8.74,0,HLTH_EHIS_MH1,2.2827,2025-12-24
2023,FI,PT9,35_44,X,12.15,8.64,37.0,26.14,4.0,43.23,45.34,114.64,6840,68.96,24.09,1,HLTH_EHIS_MH2,3.8233,2025-09-03
2024,LV,SE4,75_PLUS,F,16.22,23.46,35.82,57.64,8.15,66.52,78.43,126.9,13543,42.75,29.8,1,HLTH_EHIS_MH3,0.9181,2025-10-19
2025,RO,DK13,45_54,M,9.51,22.66,49.46,38.28,27.15,44.33,80.31,113.85,7070,64.37,20.35,0,HLTH_EHIS_MH4,0.2265,2024-07-24
2006,BG,LT174,15_24,X,5.5,7.04,49.54,84.46,7.85,69.97,11.37,45.74,1376,24.97,16.39,0,HLTH_EHIS_MH1,3.6235,2026-01-15
2007,FR,CY36,55_64,F,16.44,17.96,57.79,73.1,5.37,35.21,42.5,141.85,7792,38.42,26.21,0,HLTH_EHIS_MH2,1.3275,2024-02-15
2008,LT,IE457,25_34,M,9.97,21.97,47.08,47.5,7.85,52.0,100.59,126.86,3143,29.73,30.25,0,HLTH_EHIS_MH3,2.3845,2024-12-18
2009,SK,AT653,65_74,X,5.3,9.92,59.53,19.94,12.31,48.48,74.73,129.63,12250,59.11,23.81,0,HLTH_EHIS_MH4,3.7285,2024-02-28
2010,HR,FI91,35_44,F,22.58,13.27,57.52,24.28,13.83,30.77,16.0,66.65,9036,82.51,23.87,0,HLTH_EHIS_MH1,4.1094,2025-02-26
2011,DE,LU815,75_PLUS,M,16.4,24.66,65.33,15.21,12.96,80.54,122.62,97.69,9090,27.74,42.17,1,HLTH_EHIS_MH2,1.9287,2024-11-30
2012,LU,FI152,45_54,X,7.72,23.0,52.06,55.74,12.11,51.47,89.64,77.68,3225,45.63,9.95,0,HLTH_EHIS_MH3,1.3672,2025-03-27
2013,SI,BG68,15_24,F,7.5,15.3,36.84,59.39,14.59,80.05,66.93,131.99,11274,27.2,13.33,0,HLTH_EHIS_MH4,1.1669,2024-09-09
2014,CY,BG14,55_64,M,9.65,8.28,47.48,51.03,5.32,31.21,127.5,112.03,8343,77.25,6.98,0,HLTH_EHIS_MH1,2.9715,2025-06-26
2015,GR,RO5,25_34,X,8.22,19.07,56.85,80.02,3.52,76.16,119.98,64.54,1667,52.55,12.63,0,HLTH_EHIS_MH2,3.5429,2024-10-19
2016,MT,HR9,65_74,F,12.24,28.07,40.48,60.32,14.81,55.3,135.36,62.05,14210,36.36,33.18,1,HLTH_EHIS_MH3,4.4828,2025-08-03
2017,ES,RO701,35_44,M,17.37,14.9,34.39,48.33,8.55,32.9,153.51,126.9,9048,39.0,29.07,1,HLTH_EHIS_MH4,1.074,2025-07-03
2018,CZ,ES781,75_PLUS,X,8.2,16.13,57.27,74.71,11.02,47.5,71.61,132.04,7987,60.42,35.75,1,HLTH_EHIS_MH1,0.7566,2024-03-07
2019,HU,PT49,45_54,F,7.8,7.66,45.11,45.39,10.93,28.35,44.72,70.33,4969,37.2,17.75,1,HLTH_EHIS_MH2,3.0202,2026-02-18
2020,NL,GR429,15_24,M,10.67,24.24,54.61,48.54,11.51,72.6,158.66,88.6,4728,76.17,35.79,1,HLTH_EHIS_MH3,1.3051,2025-11-12
2021,SE,LV82,55_64,X,4.88,23.32,45.5,25.65,3.84,31.06,174.63,74.23,13338,38.51,37.06,0,HLTH_EHIS_MH4,0.7336,2024-12-02
2022,DK,PT99,25_34,F,22.66,27.53,50.56,105.85,3.49,72.07,115.49,81.3,16592,35.35,29.26,0,HLTH_EHIS_MH1,3.022,2024-04-18
2023,IE,NL72,65_74,M,12.99,12.54,67.28,27.52,5.84,73.27,76.03,111.88,14243,62.34,40.67,1,HLTH_EHIS_MH2,1.216,2025-08-16
2024,PL,IE9,35_44,X,19.29,13.54,45.13,71.06,13.61,72.08,63.05,106.8,17421,63.13,22.38,1,HLTH_EHIS_MH3,3.6931,2024-10-05
2025,AT,LU675,75_PLUS,F,4.8,11.65,48.49,82.13,5.15,43.78,162.31,22.83,1740,42.76,32.13,0,HLTH_EHIS_MH4,0.2709,2024-03-30
2006,EE,SE3,45_54,M,17.76,6.58,30.86,73.92,22.42,39.64,54.74,74.97,291,64.94,35.68,0,HLTH_EHIS_MH1,4.0847,2024-10-01
2007,IT,LV19,15_24,X,16.78,17.86,62.75,72.11,4.0,38.42,39.81,49.97,6455,33.1,34.7,0,HLTH_EHIS_MH2,0.4826,2024-01-23
2008,PT,SE97,55_64,F,5.09,8.48,63.72,32.84,17.67,54.54,6.67,24.55,8052,38.73,7.84,0,HLTH_EHIS_MH3,2.1766,2025-11-21
2009,BE,DK68,25_34,M,21.35,16.11,30.23,96.29,12.14,65.47,119.06,32.56,10541,67.29,34.46,0,HLTH_EHIS_MH4,2.9237,2024-05-24
2010,FI,LU83,65_74,X,7.76,14.3,34.67,21.63,14.26,64.07,97.99,184.66,5846,41.38,36.83,0,HLTH_EHIS_MH1,3.911,2025-05-01
2011,LV,HU580,35_44,F,12.34,10.21,48.55,35.76,15.43,58.69,76.07,123.59,1255,75.65,33.37,0,HLTH_EHIS_MH2,1.2691,2024-03-02
2012,RO,SK723,75_PLUS,M,11.73,12.43,42.41,29.69,13.39,54.78,11.68,182.63,13078,49.71,37.75,1,HLTH_EHIS_MH3,3.1465,2024-01-11
2013,BG,LU41,45_54,X,10.99,13.9,61.67,61.55,6.64,47.79,76.47,18.73,8951,57.27,26.3,0,HLTH_EHIS_MH4,4.611,2024-02-10
2014,FR,HU43,15_24,F,24.03,27.04,53.51,83.46,12.78,45.38,57.71,20.75,12690,30.44,32.88,1,HLTH_EHIS_MH1,1.2195,2024-03-21
2015,LT,HR94,55_64,M,12.63,23.39,35.03,24.8,24.87,76.37,109.57,31.08,9912,53.51,12.02,1,HLTH_EHIS_MH2,2.3815,2025-01-18
2016,SK,DK5,25_34,X,14.0,11.03,54.59,12.0,10.82,57.56,31.53,65.57,769,65.2,17.02,1,HLTH_EHIS_MH3,4.6196,2024-04-17
2017,HR,IT2,65_74,F,4.62,17.65,60.73,48.08,18.3,64.85,6.71,111.11,6971,69.18,30.96,1,HLTH_EHIS_MH4,1.0543,2026-01-03
2018,DE,ES27,35_44,M,20.31,8.7,51.87,25.36,19.17,48.34,64.55,86.84,15157,63.5,23.38,0,HLTH_EHIS_MH1,3.9437,2024-08-05
2019,LU,CY2,75_PLUS,X,17.99,8.68,68.71,26.13,12.5,63.17,122.59,60.7,11459,38.83,8.07,1,HLTH_EHIS_MH2,3.5415,2026-01-02
2020,SI,MT524,45_54,F,26.0,32.64,27.05,45.5,18.17,35.06,161.53,41.04,21860,100.0,36.07,1,HLTH_EHIS_MH3,4.2808,2024-10-05
2021,CY,LV13,15_24,M,20.47,9.82,47.57,119.54,13.6,56.06,97.54,53.04,3168,57.22,10.45,1,HLTH_EHIS_MH4,1.605,2025-03-09
2022,GR,BG77,55_64,X,11.14,11.75,47.22,53.15,6.67,52.47,115.61,172.28,3705,76.6,12.7,1,HLTH_EHIS_MH1,4.0433,2024-06-26
2023,MT,SE205,25_34,F,23.73,13.1,52.02,73.92,10.97,48.43,134.26,12.76,16212,32.49,20.06,1,HLTH_EHIS_MH2,3.7847,2025-03-15
2024,ES,LU965,65_74,M,12.77,24.0,52.57,75.43,18.29,33.26,12.07,71.93,2616,46.07,7.0,0,HLTH_EHIS_MH3,2.3248,2024-11-27
2025,CZ,ES39,35_44,X,7.34,18.79,31.1,17.16,4.21,38.42,40.72,13.18,4135,70.88,11.56,1,HLTH_EHIS_MH4,3.0747,2024-09-03
2006,HU,ES421,75_PLUS,F,6.48,21.34,62.84,43.41,12.01,70.93,105.87,97.45,4808,66.01,24.5,1,HLTH_EHIS_MH1,1.2479,2025-11-14
2007,NL,AT559,45_54,M,13.21,19.53,41.33,16.23,20.42,90.54,103.09,115.44,15827,28.93,12.33,0,HLTH_EHIS_MH2,4.4654,2026-02-06
2008,SE,EE519,15_24,X,12.32,17.31,41.32,89.26,16.26,90.22,53.07,25.35,16672,33.78,29.75,0,HLTH_EHIS_MH3,3.9999,2025-07-11
2009,DK,CZ4,55_64,F,11.42,10.61,52.8,43.35,13.37,48.83,27.78,82.18,1219,52.28,12.69,0,HLTH_EHIS_MH4,4.0278,2024-07-30
2010,IE,NL67,25_34,M,15.77,22.52,63.15,14.76,18.66,58.2,125.1,120.45,14752,70.68,7.55,0,HLTH_EHIS_MH1,3.9562,2024-04-12
2011,PL,DE97,65_74,X,10.0,18.65,70.06,36.37,18.45,44.96,85.65,23.45,5419,54.91,29.62,0,HLTH_EHIS_MH2,1.6958,2025-06-18
2012,AT,HU34,35_44,F,18.71,25.34,33.08,24.76,13.26,36.58,123.38,21.44,5196,72.81,27.6,0,HLTH_EHIS_MH3,4.6683,2025-12-12
2013,EE,DK113,75_PLUS,M,15.12,9.96,58.93,72.11,18.44,74.91,65.93,149.5,11959,18.89,18.05,0,HLTH_EHIS_MH4,1.3383,2025-12-26
2014,IT,LT9,45_54,X,16.0,17.98,38.92,72.75,4.89,49.3,95.59,26.43,3589,41.66,23.73,1,HLTH_EHIS_MH1,0.2437,2024-04-08
2015,PT,GR1,15_24,F,11.09,22.17,58.28,55.78,3.13,50.9,29.94,31.53,1773,17.68,30.45,0,HLTH_EHIS_MH2,1.3172,2024-11-02
2016,BE,HU344,55_64,M,8.0,11.49,64.87,47.96,24.54,44.73,74.14,30.36,10391,48.44,14.27,0,HLTH_EHIS_MH3,1.9593,2025-06-20
2017,FI,LT3,25_34,X,19.86,13.81,49.22,11.95,6.18,77.77,57.83,62.11,14007,26.32,6.52,1,HLTH_EHIS_MH4,0.4991,2026-02-21
2018,LV,SK20,65_74,F,9.81,26.41,43.05,15.8,4.43,60.55,110.26,17.95,12139,60.72,35.39,1,HLTH_EHIS_MH1,0.5116,2024-06-30
2019,RO,FI92,35_44,M,20.81,16.7,49.74,34.63,10.5,52.44,99.05,34.14,3884,65.09,9.66,1,HLTH_EHIS_MH2,2.7612,2025-07-03
2020,BG,PL82,75_PLUS,X,11.42,30.73,44.17,50.91,12.7,71.78,153.64,169.77,1873,33.51,25.97,0,HLTH_EHIS_MH3,4.6482,2024-05-31
2021,FR,IT558,45_54,F,10.84,15.81,48.42,36.47,5.32,67.11,33.41,92.76,9298,26.83,11.9,0,HLTH_EHIS_MH4,4.6582,2025-03-07
2022,LT,PL43,15_24,M,10.67,12.55,66.76,99.18,8.58,59.09,112.58,103.2,6868,30.52,13.02,1,HLTH_EHIS_MH1,3.5996,2025-04-22
2023,SK,FI90,55_64,X,4.6,24.88,37.31,38.11,7.79,53.81,65.47,90.92,2879,21.53,28.44,1,HLTH_EHIS_MH2,0.8497,2025-12-29
2024,HR,HU50,25_34,F,14.88,13.27,36.52,77.69,10.31,31.58,55.01,136.39,6532,71.71,20.12,0,HLTH_EHIS_MH3,3.3759,2025-11-07
2025,DE,DE993,65_74,M,14.03,5.43,57.18,78.45,8.06,33.32,33.01,163.74,6965,23.49,28.92,1,HLTH_EHIS_MH4,4.3599,2025-11-04
2006,LU,PL15,35_44,X,7.73,9.69,50.94,37.67,13.92,82.41,46.18,60.05,13798,82.86,34.01,0,HLTH_EHIS_MH1,2.7284,2026-01-13
2007,SI,FR89,75_PLUS,F,9.71,8.38,56.79,46.93,5.13,71.23,72.04,161.89,9570,69.62,16.41,1,HLTH_EHIS_MH2,2.1917,2025-03-12
2008,CY,CZ54,45_54,M,19.27,19.21,51.54,47.24,18.7,67.11,49.85,118.75,7592,61.2,15.47,0,HLTH_EHIS_MH3,1.9685,2025-04-20
2009,GR,LV2,15_24,X,6.11,20.49,46.1,20.84,7.89,31.07,96.42,64.83,13822,37.08,31.96,0,HLTH_EHIS_MH4,0.2675,2024-06-16
2010,MT,PL6,55_64,F,10.96,10.33,46.47,47.29,14.95,46.83,13.86,83.62,2821,41.1,32.93,0,HLTH_EHIS_MH1,1.3526,2025-05-23
2011,ES,SE19,25_34,M,17.44,5.81,63.11,39.74,4.55,25.57,165.74,39.75,6401,67.88,26.7,0,HLTH_EHIS_MH2,1.9675,2025-01-18
2012,CZ,CY38,65_74,X,21.44,19.43,33.83,69.83,20.51,33.79,20.77,96.44,16349,53.11,11.68,0,HLTH_EHIS_MH3,0.4826,2025-05-14
2013,HU,HU677,35_44,F,7.44,17.01,48.92,52.97,15.44,79.01,97.12,124.85,6200,38.1,12.32,0,HLTH_EHIS_MH4,0.3896,2024-04-16
2014,NL,BE3,75_PLUS,M,17.38,22.72,45.6,50.06,11.47,67.94,91.07,130.05,8574,59.33,21.6,1,HLTH_EHIS_MH1,4.5288,2026-02-13
2015,SE,GR901,45_54,X,11.27,13.99,56.06,14.65,12.01,40.06,117.24,81.11,3011,40.55,17.78,1,HLTH_EHIS_MH2,0.3955,2024-11-16
2016,DK,LU5,15_24,F,17.94,8.75,31.63,116.79,5.68,80.7,80.44,29.18,15454,77.6,24.3,0,HLTH_EHIS_MH3,0.5332,2025-04-05
2017,IE,SE2,55_64,M,15.07,24.07,48.93,52.63,19.16,37.35,38.18,166.04,3132,74.52,22.47,1,HLTH_EHIS_MH4,1.3436,2025-03-19
2018,PL,LT183,25_34,X,16.58,7.86,56.43,84.1,15.53,73.86,40.93,107.47,2644,39.29,35.38,1,HLTH_EHIS_MH1,1.478,2024-02-28
2019,AT,LT760,65_74,F,11.06,26.89,32.48,33.16,5.15,47.59,11.34,90.32,13935,71.63,31.06,1,HLTH_EHIS_MH2,4.4485,2024-07-11
2020,EE,CZ46,35_44,M,12.01,26.99,43.02,55.07,15.4,24.57,67.12,20.58,21570,46.67,38.33,1,HLTH_EHIS_MH3,3.3521,2025-04-29
2021,IT,DK898,75_PLUS,X,19.69,14.09,51.87,92.29,11.82,37.39,28.78,175.25,20008,31.55,27.6,0,HLTH_EHIS_MH4,4.3898,2024-08-10
2022,PT,BG387,45_54,F,8.71,14.65,45.29,46.85,9.49,68.69,9.28,34.8,11861,21.37,34.25,0,HLTH_EHIS_MH1,2.2255,2025-05-28
2023,BE,DE9,15_24,M,17.64,7.03,43.51,22.9,12.57,28.88,68.58,64.0,4231,58.81,32.3,1,HLTH_EHIS_MH2,3.3326,2025-11-04
2024,FI,AT87,55_64,X,14.63,17.81,38.87,25.12,15.58,58.66,88.72,56.9,13967,33.14,21.66,1,HLTH_EHIS_MH3,0.5091,2025-05-27
2025,LV,DK35,25_34,F,13.35,26.84,45.83,44.21,5.95,55.72,61.28,15.62,1102,43.18,13.58,1,HLTH_EHIS_MH4,0.5082,2024-01-04
2006,RO,SE357,65_74,M,8.32,13.0,38.78,22.92,6.43,51.23,22.43,142.26,12681,32.29,29.99,0,HLTH_EHIS_MH1,0.4926,2025-12-20
2007,BG,BE28,35_44,X,9.96,13.4,55.48,34.56,11.73,29.79,62.49,45.19,10694,55.27,27.61,0,HLTH_EHIS_MH2,4.1319,2026-02-23
2008,FR,DE305,75_PLUS,F,19.19,22.25,37.79,67.01,18.17,82.33,36.46,115.11,15803,77.42,33.01,0,HLTH_EHIS_MH3,4.3771,2025-07-15
2009,LT,GR6,45_54,M,9.89,5.29,45.15,71.16,24.86,54.68,25.51,111.24,7091,50.87,13.86,1,HLTH_EHIS_MH4,4.1807,2024-10-19
2010,SK,CZ146,15_24,X,12.03,10.74,58.34,55.55,11.21,57.77,76.45,57.92,10063,28.1,15.11,1,HLTH_EHIS_MH1,0.8951,2024-10-27
2011,HR,ES388,55_64,F,22.99,10.95,52.96,21.96,5.99,48.55,30.04,103.73,5411,36.72,10.36,0,HLTH_EHIS_MH2,2.9824,2026-02-17
2012,DE,LT68,25_34,M,5.22,13.6,62.03,51.97,5.72,44.92,132.66,109.18,1636,22.19,20.68,0,HLTH_EHIS_MH3,0.873,2025-10-20
2013,LU,SI51,65_74,X,15.27,21.9,54.34,61.08,10.38,30.14,143.45,32.77,7586,30.38,25.99,0,HLTH_EHIS_MH4,4.3846,2025-08-01
2014,SI,DK413,35_44,F,16.04,24.56,37.9,16.95,14.38,55.48,105.42,96.04,7115,74.33,19.63,1,HLTH_EHIS_MH1,2.8504,2024-04-04
2015,CY,RO680,75_PLUS,M,16.98,24.96,49.8,32.38,27.02,82.33,87.19,43.96,7686,72.0,6.91,1,HLTH_EHIS_MH2,3.7374,2025-06-17
2016,GR,LT66,45_54,X,6.66,20.91,48.49,52.37,13.46,81.74,13.25,61.56,3587,37.67,14.52,1,HLTH_EHIS_MH3,4.3628,2025-02-20
2017,MT,IE10,15_24,F,15.57,30.03,41.37,109.59,14.09,41.05,100.79,137.68,5611,31.13,33.73,1,HLTH_EHIS_MH4,0.8912,2025-12-16
2018,ES,NL663,55_64,M,8.67,23.25,35.27,24.55,5.44,54.58,133.69,105.27,3595,52.17,31.55,1,HLTH_EHIS_MH1,3.1143,2024-05-07
2019,CZ,BG608,25_34,X,15.18,22.98,38.62,23.24,3.14,73.05,67.55,39.43,15290,48.9,16.81,1,HLTH_EHIS_MH2,4.1698,2025-01-09
2020,HU,SE63,65_74,F,27.25,17.31,51.9,62.55,6.41,41.66,38.3,75.11,18042,64.5,49.95,0,HLTH_EHIS_MH3,2.0833,2024-10-27
2021,NL,LT85,35_44,M,23.56,14.75,31.91,10.56,18.53,45.71,19.23,17.41,19781,68.69,14.14,1,HLTH_EHIS_MH4,3.438,2025-12-17
2022,SE,BG322,75_PLUS,X,18.52,7.66,58.95,9.06,18.29,26.21,119.18,134.33,13541,64.28,40.12,0,HLTH_EHIS_MH1,3.7212,2024-12-03
2023,DK,LU2,45_54,F,5.61,17.98,45.15,18.03,5.52,32.85,59.18,103.81,13185,38.41,27.69,1,HLTH_EHIS_MH2,2.1946,2024-06-29
2024,IE,MT496,15_24,M,15.94,10.71,51.76,99.5,15.82,53.48,48.99,59.57,9634,59.53,22.96,1,HLTH_EHIS_MH3,2.4424,2025-05-21
2025,PL,PL117,55_64,X,13.5,24.76,42.43,55.86,8.98,28.55,109.95,114.25,4826,66.83,25.12,1,HLTH_EHIS_MH4,0.4523,2025-12-25
2006,AT,FR308,25_34,F,23.72,17.06,25.84,17.77,8.57,29.15,10.43,75.16,13077,68.34,35.72,0,HLTH_EHIS_MH1,2.8103,2025-01-09
2007,EE,GR355,65_74,M,9.78,23.81,50.95,50.1,14.55,49.68,39.1,188.68,10669,27.83,16.47,0,HLTH_EHIS_MH2,3.2533,2025-07-07
2008,IT,ES674,35_44,X,5.37,18.35,58.52,9.25,13.27,56.17,52.9,73.2,8239,37.3,20.55,0,HLTH_EHIS_MH3,3.9335,2024-03-04
2009,PT,FR431,75_PLUS,F,6.31,12.77,43.81,8.84,17.52,51.96,53.4,120.93,1990,32.14,37.39,0,HLTH_EHIS_MH4,3.9978,2025-10-10
2010,BE,SK21,45_54,M,13.87,8.15,50.96,45.0,10.29,64.31,29.57,72.44,9967,82.24,27.05,0,HLTH_EHIS_MH1,4.125,2024-12-08
2011,FI,SI475,15_24,X,20.74,14.99,50.82,50.53,14.75,41.22,134.0,41.01,17094,42.72,28.61,1,HLTH_EHIS_MH2,3.2991,2024-02-14
2012,LV,SI64,55_64,F,7.76,17.8,51.25,24.16,7.72,60.67,61.41,55.96,4486,39.87,17.66,0,HLTH_EHIS_MH3,2.9297,2026-01-03
2013,RO,NL387,25_34,M,16.89,25.44,63.71,94.03,4.75,64.08,29.93,100.09,16996,82.27,27.03,0,HLTH_EHIS_MH4,1.6455,2024-07-05
2014,BG,SI9,65_74,X,20.07,20.69,45.13,45.67,8.72,28.0,140.07,33.26,714,21.01,26.4,1,HLTH_EHIS_MH1,2.3787,2024-05-15
2015,FR,BE659,35_44,F,18.78,17.37,65.62,71.14,16.19,35.22,94.4,72.83,16851,29.94,17.46,1,HLTH_EHIS_MH2,0.5497,2024-07-04
2016,LT,ES369,75_PLUS,M,21.03,22.63,46.0,55.97,16.62,30.42,158.84,183.92,4269,56.72,15.28,1,HLTH_EHIS_MH3,0.3557,2024-10-18
2017,SK,HU25,45_54,X,12.38,11.73,48.21,55.12,4.24,76.92,60.35,23.25,14736,49.36,29.61,1,HLTH_EHIS_MH4,4.6968,2024-01-12
2018,HR,NL291,15_24,F,19.18,7.74,55.14,115.14,8.17,44.28,72.68,70.09,18085,44.19,9.49,1,HLTH_EHIS_MH1,3.6349,2025-09-14
2019,DE,DK89,55_64,M,5.27,13.66,65.52,82.91,16.53,50.85,41.14,81.08,3365,61.69,20.13,0,HLTH_EHIS_MH2,4.5489,2024-06-04
2020,LU,HU228,25_34,X,24.42,7.86,53.37,50.48,15.99,28.28,134.54,55.4,20235,40.28,14.29,1,HLTH_EHIS_MH3,3.1976,2025-10-02
2021,SI,HR130,65_74,F,7.56,35.96,40.47,14.59,15.08,30.01,204.57,30.19,2702,43.9,13.92,0,HLTH_EHIS_MH4,2.775,2026-01-22
2022,CY,BE1,35_44,M,17.59,16.72,52.41,47.72,19.4,24.04,45.0,96.06,3826,29.74,6.86,1,HLTH_EHIS_MH1,2.2586,2024-12-31
2023,GR,EE27,75_PLUS,X,8.29,9.53,49.32,73.13,6.75,71.74,75.82,21.72,5707,43.15,42.22,1,HLTH_EHIS_MH2,1.6165,2024-04-05
2024,MT,FR455,45_54,F,19.42,5.64,39.65,67.62,20.57,36.17,64.26,82.77,2604,58.47,24.3,1,HLTH_EHIS_MH3,3.2125,2025-12-24
2025,ES,LV233,15_24,M,20.61,14.84,47.24,32.68,12.41,69.42,51.26,73.79,6744,68.99,7.06,1,HLTH_EHIS_MH4,2.0653,2025-06-25
2006,CZ,SE293,55_64,X,7.61,11.04,49.25,16.96,17.8,43.84,144.75,58.42,1349,44.61,8.69,1,HLTH_EHIS_MH1,0.6947,2024-11-19
2007,HU,GR982,25_34,F,21.02,12.89,33.32,60.87,12.25,47.63,26.27,16.43,7344,56.95,23.28,1,HLTH_EHIS_MH2,2.0133,2024-08-23
2008,NL,BG310,65_74,M,14.3,9.59,49.91,8.45,6.93,57.37,9.59,174.1,1772,48.69,24.17,0,HLTH_EHIS_MH3,3.6368,2024-03-30
2009,SE,NL438,35_44,X,8.64,23.36,62.12,22.53,8.72,72.59,135.02,123.74,7005,47.71,25.77,0,HLTH_EHIS_MH4,4.341,2024-11-21
2010,DK,FI133,75_PLUS,F,8.44,22.55,40.11,49.56,5.08,68.41,42.54,67.17,10846,75.07,9.33,0,HLTH_EHIS_MH1,4.6782,2024-10-23
2011,IE,EE943,45_54,M,12.51,20.68,36.01,73.87,6.03,25.17,15.95,55.02,11755,46.08,12.57,0,HLTH_EHIS_MH2,1.6425,2025-05-01
2012,PL,FR26,15_24,X,22.1,7.08,54.15,48.77,5.7,61.73,132.18,135.79,790,51.92,21.14,0,HLTH_EHIS_MH3,2.0689,2024-06-29
2013,AT,PT62,55_64,F,14.89,22.97,56.66,62.16,9.67,70.15,98.09,154.2,14709,73.78,22.53,0,HLTH_EHIS_MH4,1.4189,2025-08-15
2014,EE,IT42,25_34,M,6.6,19.21,41.63,105.2,22.85,43.96,22.9,64.1,11866,70.95,17.18,0,HLTH_EHIS_MH1,3.9049,2025-07-25
2015,IT,CY564,65_74,X,12.87,6.4,46.19,51.98,17.68,40.59,25.33,94.85,5120,26.71,9.44,0,HLTH_EHIS_MH2,2.82,2024-03-24
2016,PT,PL9,35_44,F,5.82,5.57,55.77,10.71,11.54,58.23,8.96,50.51,13293,76.45,28.54,0,HLTH_EHIS_MH3,2.8146,2025-02-14
2017,BE,RO78,75_PLUS,M,17.08,9.09,36.37,55.6,24.03,63.21,40.35,28.74,2982,21.32,10.44,0,HLTH_EHIS_MH4,2.4515,2024-08-24
2018,FI,CZ713,45_54,X,4.69,17.32,65.06,60.25,17.65,51.17,32.87,25.89,13874,32.26,26.75,1,HLTH_EHIS_MH1,3.0965,2025-03-07
2019,LV,FR535,15_24,F,21.42,10.85,40.0,57.71,6.03,83.46,80.68,133.02,7933,67.89,26.64,1,HLTH_EHIS_MH2,3.7463,2024-03-21
2020,RO,EE89,55_64,M,9.78,19.97,39.27,26.14,24.59,69.19,45.65,114.56,3589,71.65,37.07,0,HLTH_EHIS_MH3,0.4772,2024-01-12
2021,BG,AT65,25_34,X,6.5,27.07,34.8,117.49,3.27,41.97,84.46,101.9,8451,60.48,11.81,1,HLTH_EHIS_MH4,3.097,2025-03-28
2022,FR,CY29,65_74,F,20.9,21.61,28.77,52.37,15.6,27.5,136.65,56.12,37,46.37,28.12,0,HLTH_EHIS_MH1,1.7992,2024-07-04
2023,LT,ES713,35_44,M,6.4,22.31,41.32,19.86,9.29,25.07,132.1,56.74,7762,81.62,9.76,0,HLTH_EHIS_MH2,1.6796,2025-02-24
2024,SK,FI75,75_PLUS,X,18.04,6.65,45.81,76.27,14.31,41.53,116.03,73.22,4985,22.1,11.17,1,HLTH_EHIS_MH3,2.925,2025-08-24
2025,HR,CY27,45_54,F,13.47,20.97,50.1,83.3,18.23,52.71,123.79,110.62,16388,46.59,31.51,0,HLTH_EHIS_MH4,3.7212,2025-04-26
2006,DE,LT72,15_24,M,5.23,17.4,43.01,32.68,12.66,55.13,22.85,45.58,6074,30.85,14.48,0,HLTH_EHIS_MH1,3.5311,2024-07-04
2007,LU,DK23,55_64,X,7.54,7.06,39.69,58.31,9.31,81.23,118.22,60.72,4811,29.02,8.7,0,HLTH_EHIS_MH2,0.2502,2025-01-06
2008,SI,EE980,25_34,F,16.52,22.72,49.03,10.79,8.9,58.83,14.96,13.79,5378,39.34,34.35,0,HLTH_EHIS_MH3,0.8305,2024-06-14
2009,CY,HR4,65_74,M,15.61,20.58,45.26,65.83,19.05,44.81,83.22,151.14,13142,65.89,38.52,1,HLTH_EHIS_MH4,0.4593,2024-08-02
2010,GR,LV298,35_44,X,5.39,22.56,45.48,65.24,16.76,42.93,157.92,25.44,4238,27.4,8.91,0,HLTH_EHIS_MH1,1.6586,2024-09-22
2011,MT,ES88,75_PLUS,F,12.98,19.88,59.04,65.12,7.28,83.02,41.35,122.2,3753,38.87,43.08,1,HLTH_EHIS_MH2,1.8547,2024-01-23
2012,ES,BG66,45_54,M,5.58,15.44,61.88,62.04,25.63,67.06,55.76,131.96,10196,24.35,32.0,0,HLTH_EHIS_MH3,3.9359,2025-02-08
2013,CZ,AT91,15_24,X,14.52,13.23,47.6,76.9,3.92,35.62,89.64,135.81,10883,53.43,9.41,0,HLTH_EHIS_MH4,4.601,2025-09-02
2014,HU,CZ8,55_64,F,20.96,14.48,43.01,67.34,9.62,39.86,14.17,95.47,1539,41.39,27.96,1,HLTH_EHIS_MH1,1.307,2024-09-28
2015,NL,PL575,25_34,M,16.21,24.31,41.73,17.73,8.11,87.76,105.14,94.02,9128,58.02,28.02,0,HLTH_EHIS_MH2,1.4432,2024-08-10
2016,SE,CY365,65_74,X,17.94,17.21,66.0,38.47,5.4,48.64,117.81,146.88,1835,41.76,42.38,0,HLTH_EHIS_MH3,2.9552,2025-09-15
2017,DK,FR998,35_44,F,13.01,24.8,47.53,42.5,11.48,46.78,109.39,113.75,2739,83.8,34.64,1,HLTH_EHIS_MH4,4.7615,2025-01-11
2018,IE,BG205,75_PLUS,M,15.13,22.74,30.17,82.27,14.63,28.72,98.09,90.82,8115,47.11,13.43,0,HLTH_EHIS_MH1,4.5284,2024-05-16
2019,PL,DE40,45_54,X,7.27,17.2,43.64,31.04,4.73,59.66,55.63,13.76,4031,29.89,22.5,1,HLTH_EHIS_MH2,0.726,2025-05-15
2020,AT,DK542,15_24,F,30.06,14.15,45.75,148.34,4.85,25.43,24.28,106.36,10202,33.3,26.65,0,HLTH_EHIS_MH3,0.7355,2024-07-29
2021,EE,LT6,55_64,M,10.38,21.72,40.1,97.78,22.16,24.73,30.62,151.76,16375,71.78,30.39,0,HLTH_EHIS_MH4,0.6663,2025-10-28
2022,IT,IT401,25_34,X,19.62,14.64,43.77,104.5,14.04,22.58,91.09,91.01,7723,27.67,24.21,1,HLTH_EHIS_MH1,0.7642,2025-07-02
2023,PT,EE318,65_74,F,4.63,16.3,61.4,10.8,18.56,46.98,91.65,118.91,9204,64.72,20.7,1,HLTH_EHIS_MH2,4.485,2025-10-29
2024,BE,GR36,35_44,M,13.94,21.58,37.59,22.34,9.48,75.16,95.81,130.04,2628,28.65,10.9,1,HLTH_EHIS_MH3,4.7196,2024-05-27
2025,FI,ES966,75_PLUS,X,9.26,11.78,66.39,68.75,10.74,66.28,65.52,170.99,11127,60.44,37.98,0,HLTH_EHIS_MH4,3.7857,2024-04-21
2006,LV,AT879,45_54,F,20.81,10.12,36.29,35.97,5.3,67.89,55.47,122.87,4455,20.75,18.88,1,HLTH_EHIS_MH1,0.4992,2025-03-07
2007,RO,SK9,15_24,M,7.29,12.46,57.23,58.94,14.19,53.19,80.92,130.91,13819,59.17,24.64,0,HLTH_EHIS_MH2,2.7278,2024-03-29
2008,BG,CZ60,55_64,X,4.25,4.97,63.64,37.48,16.95,40.0,12.14,137.44,1271,51.94,19.19,0,HLTH_EHIS_MH3,2.1734,2024-09-14
2009,FR,RO207,25_34,F,23.85,8.28,61.63,89.95,9.87,50.52,14.73,40.28,857,40.53,27.7,0,HLTH_EHIS_MH4,2.4058,2025-10-30
2010,LT,LT84,65_74,M,17.97,24.53,34.74,67.04,28.31,25.59,156.69,137.42,16643,38.03,25.19,1,HLTH_EHIS_MH1,2.5408,2025-01-31
2011,SK,CZ1,35_44,X,17.18,9.99,54.94,58.26,6.02,32.8,95.31,126.88,9246,21.57,28.57,0,HLTH_EHIS_MH2,1.2778,2026-02-07
2012,HR,LT83,75_PLUS,F,20.07,13.08,40.9,43.01,14.24,68.94,79.32,18.66,11584,56.09,40.28,0,HLTH_EHIS_MH3,3.1732,2024-11-28
2013,DE,BG6,45_54,M,6.93,11.3,37.62,54.03,26.65,82.96,34.01,140.1,12241,71.15,22.82,0,HLTH_EHIS_MH4,4.561,2024-04-19
2014,LU,HR22,15_24,X,11.82,16.54,36.34,114.44,7.98,80.38,126.49,86.08,2860,41.74,13.86,0,HLTH_EHIS_MH1,0.837,2025-09-09
2015,SI,DK138,55_64,F,17.29,22.49,56.83,23.0,19.39,57.46,106.87,96.84,13405,54.13,17.8,1,HLTH_EHIS_MH2,4.7758,2024-02-06
2016,CY,IT7,25_34,M,7.23,13.05,36.81,55.81,11.65,47.05,66.49,36.69,7942,37.03,12.93,1,HLTH_EHIS_MH3,3.6098,2024-02-24
2017,GR,LT4,65_74,X,8.92,19.87,54.72,32.84,5.23,71.94,41.34,182.86,1263,62.02,31.51,1,HLTH_EHIS_MH4,0.641,2024-10-09
2018,MT,RO77,35_44,F,8.52,5.72,47.44,53.64,7.25,29.62,155.89,128.3,6280,54.82,13.6,0,HLTH_EHIS_MH1,1.9571,2025-03-24
2019,ES,CZ64,75_PLUS,M,4.55,16.5,45.87,21.19,27.09,21.34,57.14,37.08,2611,34.68,11.41,0,HLTH_EHIS_MH2,0.583,2025-11-04
2020,CZ,BE167,45_54,X,6.63,8.17,33.75,14.94,8.11,61.73,141.07,43.57,16908,48.76,10.94,0,HLTH_EHIS_MH3,3.1943,2025-03-18
2021,HU,RO8,15_24,F,23.92,32.4,29.7,58.11,14.76,50.13,50.9,20.1,8111,35.53,18.07,1,HLTH_EHIS_MH4,2.8863,2024-06-09
2022,NL,HU99,55_64,M,11.92,6.38,44.63,48.03,21.57,85.13,43.11,175.6,5477,69.11,5.9,1,HLTH_EHIS_MH1,3.4928,2025-04-08
2023,SE,SE45,25_34,X,16.22,18.49,70.45,95.81,8.83,57.18,95.61,18.74,12411,55.08,35.17,1,HLTH_EHIS_MH2,2.3336,2024-06-01
2024,DK,DE4,65_74,F,21.67,13.98,55.61,79.2,12.54,30.51,16.04,81.0,1950,18.72,18.68,1,HLTH_EHIS_MH3,0.9457,2025-06-30
2025,IE,IT808,35_44,M,5.69,8.65,69.58,10.12,7.08,49.07,84.37,73.94,3130,46.41,7.26,1,HLTH_EHIS_MH4,3.75,2024-12-20
2006,PL,IE107,75_PLUS,X,4.28,7.15,55.14,23.41,10.19,59.62,91.72,124.03,11239,63.92,7.37,0,HLTH_EHIS_MH1,1.6595,2026-02-17
2007,AT,DK29,45_54,F,19.04,18.25,59.88,22.31,12.91,66.08,63.91,50.62,13846,44.97,17.29,0,HLTH_EHIS_MH2,2.8045,2024-02-01
2008,EE,SK3,15_24,M,6.07,26.25,46.87,48.96,11.52,50.31,46.88,39.78,6997,45.39,26.81,0,HLTH_EHIS_MH3,2.1074,2025-10-29
2009,IT,IE5,55_64,X,10.03,18.97,62.03,46.64,16.63,37.29,131.49,152.54,13372,23.02,32.64,0,HLTH_EHIS_MH4,1.1975,2025-10-14
2010,PT,DE88,25_34,F,13.65,22.89,45.82,72.14,14.23,75.73,86.62,139.63,12423,48.69,23.28,0,HLTH_EHIS_MH1,3.5228,2024-06-15
2011,BE,EE32,65_74,M,13.25,21.76,50.57,79.65,11.64,30.38,64.0,180.19,796,22.65,15.46,0,HLTH_EHIS_MH2,2.7055,2025-03-11
2012,FI,CY31,35_44,X,4.35,21.63,56.15,72.84,14.47,82.92,105.16,114.23,6699,56.65,31.05,0,HLTH_EHIS_MH3,3.3442,2025-12-23
2013,LV,PT9,75_PLUS,F,22.27,12.77,35.13,63.21,8.38,25.08,21.72,42.51,2753,21.26,33.46,0,HLTH_EHIS_MH4,2.3716,2025-10-06
2014,RO,SE4,45_54,M,6.07,20.51,61.53,29.11,20.23,26.52,7.34,69.04,6082,34.76,24.92,1,HLTH_EHIS_MH1,4.0199,2025-03-29
2015,BG,DK13,15_24,X,15.53,5.44,58.87,22.21,11.73,70.02,50.39,18.3,17736,76.09,11.32,1,HLTH_EHIS_MH2,0.6144,2025-07-31
2016,FR,LT174,55_64,F,19.21,7.78,44.93,53.38,12.55,69.25,113.5,21.27,17704,56.43,24.56,1,HLTH_EHIS_MH3,3.7261,2026-01-24
2017,LT,CY36,25_34,M,17.06,6.52,48.22,51.11,19.17,42.49,49.51,110.23,17585,51.43,14.7,1,HLTH_EHIS_MH4,3.3983,2024-10-20
2018,SK,IE457,65_74,X,17.06,24.54,45.99,29.99,11.15,22.92,125.6,28.42,8183,41.93,21.69,0,HLTH_EHIS_MH1,4.6371,2024-01-03
2019,HR,AT653,35_44,F,7.75,8.19,45.42,9.63,12.82,42.47,87.59,55.19,9186,26.1,11.59,1,HLTH_EHIS_MH2,2.8754,2024-10-18
2020,DE,FI91,75_PLUS,M,26.3,26.25,44.13,18.59,12.78,87.26,30.55,87.82,17701,43.99,13.59,1,HLTH_EHIS_MH3,3.9804,2025-02-01
2021,LU,LU815,45_54,X,12.43,9.68,36.81,80.37,12.57,32.41,25.31,111.67,14331,49.19,42.17,1,HLTH_EHIS_MH4,3.5593,2024-08-25
2022,SI,FI152,15_24,F,7.03,27.96,36.56,117.66,3.24,20.96,68.15,99.91,10780,31.67,13.27,0,HLTH_EHIS_MH1,4.1029,2024-12-06
2023,CY,BG68,55_64,M,20.0,17.71,42.0,13.55,28.17,37.14,165.12,145.15,14757,75.12,15.17,1,HLTH_EHIS_MH2,1.5822,2024-12-03
2024,GR,BG14,25_34,X,7.26,7.75,39.18,63.68,11.16,27.38,133.47,107.41,8273,20.99,27.93,1,HLTH_EHIS_MH3,4.1752,2024-06-03
2025,MT,RO5,65_74,F,17.64,19.17,53.38,16.26,16.89,51.14,7.57,154.93,13282,20.28,28.37,1,HLTH_EHIS_MH4,0.8548,2025-10-13
2006,ES,HR9,35_44,M,15.2,4.81,53.48,18.63,9.13,69.47,119.33,105.47,8483,47.71,24.71,0,HLTH_EHIS_MH1,2.8421,2024-06-22
2007,CZ,RO701,75_PLUS,X,18.29,9.94,60.94,42.06,3.97,22.21,55.47,93.85,6107,41.92,41.08,0,HLTH_EHIS_MH2,3.7318,2024-07-18
2008,HU,ES781,45_54,F,22.44,21.44,29.16,35.44,11.57,63.07,78.85,78.44,1035,65.32,31.68,0,HLTH_EHIS_MH3,0.9745,2025-11-23
2009,NL,PT49,15_24,M,8.89,14.85,48.83,41.44,23.07,57.46,124.81,107.76,11678,66.68,25.43,0,HLTH_EHIS_MH4,1.0784,2025-03-16
2010,SE,GR429,55_64,X,18.4,18.11,48.31,18.72,12.75,84.59,17.49,58.02,4999,22.35,25.54,0,HLTH_EHIS_MH1,3.4864,2025-09-25
2011,DK,LV82,25_34,F,10.2,7.43,49.09,59.47,8.18,27.22,101.19,65.94,4538,46.77,16.02,0,HLTH_EHIS_MH2,4.4481,2024-01-19
2012,IE,PT99,65_74,M,18.22,20.63,42.17,16.85,18.42,83.53,13.47,80.91,5778,19.8,31.35,0,HLTH_EHIS_MH3,3.0694,2026-01-25
2013,PL,NL72,35_44,X,6.43,10.43,37.46,51.05,3.58,22.96,128.28,95.31,2963,50.18,7.52,0,HLTH_EHIS_MH4,2.5389,2024-04-12
2014,AT,IE9,75_PLUS,F,12.62,8.76,52.39,21.24,12.41,54.09,93.35,111.94,11379,63.52,41.5,1,HLTH_EHIS_MH1,2.5296,2025-10-02
2015,EE,LU675,45_54,M,4.01,10.05,80.65,70.99,19.56,35.8,130.91,75.9,12960,31.65,11.28,1,HLTH_EHIS_MH2,2.2222,2025-04-10
2016,IT,SE3,15_24,X,5.04,9.97,66.36,114.93,6.66,48.2,35.47,104.74,8853,52.84,34.02,0,HLTH_EHIS_MH3,1.883,2024-10-30
2017,PT,LV19,55_64,F,15.5,10.23,61.07,51.13,10.61,72.09,59.12,121.14,11920,62.46,15.47,1,HLTH_EHIS_MH4,4.2162,2024-06-22
2018,BE,SE97,25_34,M,4.05,9.37,47.37,51.94,6.24,32.73,80.91,47.13,6845,52.35,24.83,1,HLTH_EHIS_MH1,2.3313,2024-10-21
2019,FI,DK68,65_74,X,18.27,23.42,29.25,60.79,19.14,81.81,8.55,101.71,3198,73.41,28.59,1,HLTH_EHIS_MH2,1.9169,2025-03-03
2020,LV,LU83,35_44,F,20.61,6.79,52.1,11.17,5.2,58.66,58.18,34.24,18437,26.02,44.5,0,HLTH_EHIS_MH3,3.7305,2025-05-13
2021,RO,HU580,75_PLUS,M,8.25,29.65,50.38,42.59,7.14,38.81,164.11,55.01,14440,23.55,48.62,1,HLTH_EHIS_MH4,0.9872,2024-06-01
2022,BG,SK723,45_54,X,4.72,6.63,43.66,82.64,14.44,52.3,73.82,94.11,13568,22.0,18.33,1,HLTH_EHIS_MH1,3.5737,2024-04-04
2023,FR,LU41,15_24,F,6.66,27.33,53.2,68.2,5.0,51.17,33.22,55.44,11126,27.29,32.62,0,HLTH_EHIS_MH2,0.3845,2025-11-23
2024,LT,HU43,55_64,M,13.52,24.78,48.34,39.1,8.1,41.36,135.48,145.14,14627,27.48,32.08,1,HLTH_EHIS_MH3,1.1484,2025-11-21
2025,SK,HR94,25_34,X,13.23,16.67,46.54,78.57,13.35,48.25,40.33,62.46,16493,65.03,17.38,1,HLTH_EHIS_MH4,3.6039,2025-10-15
2006,HR,DK5,65_74,F,23.93,25.33,42.34,36.59,7.45,32.7,121.96,51.38,8175,42.43,36.89,0,HLTH_EHIS_MH1,3.1649,2025-04-09
2007,DE,IT2,35_44,M,12.96,14.51,50.61,47.58,20.64,71.9,63.88,75.88,12563,71.68,32.6,0,HLTH_EHIS_MH2,3.6852,2024-02-07
2008,LU,ES27,75_PLUS,X,11.97,23.49,41.64,33.63,10.26,52.42,80.83,146.63,177,36.34,15.93,0,HLTH_EHIS_MH3,2.4392,2024-07-23
2009,SI,CY2,45_54,F,5.96,17.88,62.2,72.58,10.72,28.44,76.57,48.49,2574,69.5,20.8,0,HLTH_EHIS_MH4,3.0963,2025-10-09
2010,CY,MT524,15_24,M,18.95,25.24,31.65,13.27,22.17,63.38,7.41,131.02,15795,58.58,12.11,0,HLTH_EHIS_MH1,3.4997,2025-10-14
2011,GR,LV13,55_64,X,19.68,5.17,39.8,12.52,18.04,73.68,8.12,40.18,152,69.71,7.66,0,HLTH_EHIS_MH2,2.5022,2025-10-11
2012,MT,BG77,25_34,F,13.62,24.96,44.46,18.38,16.39,34.31,127.66,17.3,17369,22.32,26.65,0,HLTH_EHIS_MH3,4.212,2025-09-26
2013,ES,SE205,65_74,M,4.33,7.27,74.95,37.42,20.6,35.72,69.58,96.38,1188,36.45,29.24,0,HLTH_EHIS_MH4,4.1575,2025-07-20
2014,CZ,LU965,35_44,X,14.81,13.7,52.88,26.48,11.05,56.09,77.64,75.33,4618,43.28,20.58,1,HLTH_EHIS_MH1,1.0243,2025-03-17
2015,HU,ES39,75_PLUS,F,8.13,10.22,46.15,76.05,12.3,65.49,55.48,19.19,4644,68.7,17.33,1,HLTH_EHIS_MH2,1.3397,2025-06-20
2016,NL,ES421,45_54,M,17.13,16.32,36.01,29.71,12.43,82.2,115.57,87.23,4567,34.1,33.39,1,HLTH_EHIS_MH3,2.4349,2024-03-09
2017,SE,AT559,15_24,X,19.51,5.51,52.32,66.71,7.73,80.69,127.62,13.26,4684,24.47,19.89,1,HLTH_EHIS_MH4,3.3399,2025-11-17
2018,DK,EE519,55_64,F,13.08,25.3,53.62,49.4,8.12,38.04,8.47,125.63,16364,59.83,16.23,1,HLTH_EHIS_MH1,1.6368,2024-07-29
2019,IE,CZ4,25_34,M,10.92,5.82,55.62,115.06,20.5,36.75,43.08,111.2,880,56.24,25.32,1,HLTH_EHIS_MH2,3.2378,2026-01-08
2020,PL,NL67,65_74,X,17.12,26.53,53.52,76.78,17.26,53.9,126.63,118.38,3095,45.51,51.71,0,HLTH_EHIS_MH3,0.3683,2025-12-06
2021,AT,DE97,35_44,F,6.64,21.48,61.65,69.67,8.48,28.04,24.37,120.79,12225,40.72,44.35,1,HLTH_EHIS_MH4,0.5678,2026-02-07
2022,EE,HU34,75_PLUS,M,9.66,18.0,41.29,70.9,22.73,43.26,136.09,155.79,10016,39.98,11.46,1,HLTH_EHIS_MH1,2.8584,2024-10-19
2023,IT,DK113,45_54,X,19.77,13.74,39.55,50.8,17.83,37.9,17.19,86.06,11096,45.05,26.46,1,HLTH_EHIS_MH2,4.1617,2025-09-30
2024,PT,LT9,15_24,F,6.95,21.27,56.14,33.58,3.67,57.41,106.8,139.81,13887,20.14,20.19,1,HLTH_EHIS_MH3,1.9884,2025-06-23
2025,BE,GR1,55_64,M,18.35,19.8,59.41,25.25,22.73,66.67,23.42,161.71,9820,75.76,29.67,1,HLTH_EHIS_MH4,4.2967,2024-12-09
2006,FI,HU344,25_34,X,6.66,23.29,64.1,75.76,14.98,29.01,112.19,95.3,3357,83.09,15.73,0,HLTH_EHIS_MH1,4.6244,2024-11-12
2007,LV,LT3,65_74,F,5.43,26.16,46.46,45.94,18.65,66.01,93.39,71.09,3948,67.16,37.19,0,HLTH_EHIS_MH2,1.262,2025-02-04
2008,RO,SK20,35_44,M,6.41,16.81,62.93,64.46,9.9,55.65,128.28,31.95,7718,77.85,6.35,0,HLTH_EHIS_MH3,0.7429,2025-09-10
2009,BG,FI92,75_PLUS,X,16.39,8.18,44.35,67.87,11.75,51.56,49.63,28.63,3517,19.69,29.95,0,HLTH_EHIS_MH4,2.6304,2025-03-29
2010,FR,PL82,45_54,F,4.85,5.94,51.5,81.92,16.53,62.81,136.09,34.18,3089,49.0,31.01,0,HLTH_EHIS_MH1,4.0995,2024-12-08
2011,LT,IT558,15_24,M,22.03,15.02,49.68,67.23,14.25,55.31,130.86,16.15,3007,34.61,29.71,0,HLTH_EHIS_MH2,0.6506,2024-10-17
2012,SK,PL43,55_64,X,12.13,12.7,63.88,11.86,15.0,55.79,69.06,120.34,3127,24.01,5.96,0,HLTH_EHIS_MH3,3.5597,2026-02-13
2013,HR,FI90,25_34,F,18.88,25.97,61.38,73.54,16.17,36.22,51.12,20.85,6109,65.15,19.85,0,HLTH_EHIS_MH4,3.2888,2024-11-21
2014,DE,HU50,65_74,M,6.73,10.69,60.0,53.44,13.79,40.08,86.34,188.2,13549,73.83,10.51,1,HLTH_EHIS_MH1,4.504,2024-01-08
2015,LU,DE993,35_44,X,4.04,5.35,49.08,79.1,13.97,64.6,78.77,37.06,3855,79.66,24.72,0,HLTH_EHIS_MH2,0.4734,2025-09-05
2016,SI,PL15,75_PLUS,F,11.83,8.87,55.62,64.31,9.51,81.4,100.17,168.04,3222,20.94,8.19,0,HLTH_EHIS_MH3,4.1366,2024-02-11
2017,CY,FR89,45_54,M,12.45,13.2,36.81,60.45,17.82,50.62,85.24,113.34,3662,19.04,15.78,0,HLTH_EHIS_MH4,4.7044,2024-04-22
2018,GR,CZ54,15_24,X,4.43,25.92,56.16,22.61,10.84,22.53,144.57,139.9,5747,63.41,7.83,1,HLTH_EHIS_MH1,3.2491,2024-06-14
2019,MT,LV2,55_64,F,13.16,28.09,49.31,36.37,20.12,53.79,103.23,171.01,5497,65.44,27.84,1,HLTH_EHIS_MH2,3.8238,2025-01-07
2020,ES,PL6,25_34,M,20.14,27.3,65.14,71.33,7.57,76.86,160.61,107.79,9438,99.73,32.33,0,HLTH_EHIS_MH3,4.2298,2025-06-16
2021,CZ,SE19,65_74,X,26.34,9.05,39.41,44.49,4.96,75.79,44.24,178.3,4174,38.18,51.81,0,HLTH_EHIS_MH4,0.5245,2024-03-02
2022,HU,CY38,35_44,F,14.62,15.26,58.43,36.77,8.15,71.85,82.67,60.64,16171,23.52,7.02,1,HLTH_EHIS_MH1,2.9738,2025-09-16
2023,NL,HU677,75_PLUS,M,15.86,12.92,53.05,50.52,17.73,25.93,24.18,115.61,15800,17.49,21.58,1,HLTH_EHIS_MH2,1.9943,2025-11-11
2024,SE,BE3,45_54,X,16.09,23.12,35.91,11.13,18.23,47.33,84.17,102.13,3629,78.07,27.85,1,HLTH_EHIS_MH3,4.3308,2024-11-14
2025,DK,GR901,15_24,F,10.91,6.85,47.44,107.07,10.77,53.09,44.28,34.5,458,38.22,16.01,1,HLTH_EHIS_MH4,1.9213,2024-09-06
2006,IE,LU5,55_64,M,17.41,19.97,53.84,47.86,11.68,22.63,46.88,49.85,5750,27.97,8.52,0,HLTH_EHIS_MH1,2.0966,2025-09-30
2007,PL,SE2,25_34,X,20.42,11.92,60.31,54.01,12.36,59.3,81.82,133.35,3111,61.01,28.09,0,HLTH_EHIS_MH2,0.7011,2024-05-19
2008,AT,LT183,65_74,F,7.39,10.27,46.63,57.67,17.54,80.12,134.93,133.56,278,71.39,33.87,0,HLTH_EHIS_MH3,0.7302,2024-06-19
2009,EE,LT760,35_44,M,7.07,14.74,65.25,83.82,6.01,81.34,34.96,109.92,4348,59.9,9.27,0,HLTH_EHIS_MH4,3.2043,2025-05-08
2010,IT,CZ46,75_PLUS,X,19.95,23.26,46.65,68.77,6.19,67.42,110.25,114.52,162,19.92,10.9,0,HLTH_EHIS_MH1,0.8925,2024-04-10
2011,PT,DK898,45_54,F,18.89,7.03,55.34,7.44,10.12,26.33,66.85,50.44,7989,57.92,27.49,0,HLTH_EHIS_MH2,1.6824,2024-05-06
2012,BE,BG387,15_24,M,18.58,13.81,59.62,32.52,6.07,82.94,133.53,32.84,13442,55.52,9.49,1,HLTH_EHIS_MH3,2.7634,2024-05-22
2013,FI,DE9,55_64,X,12.74,13.88,36.91,79.12,9.04,41.7,66.22,123.81,16738,63.9,16.26,0,HLTH_EHIS_MH4,3.9388,2025-07-05
2014,LV,AT87,25_34,F,23.7,26.86,28.78,35.46,4.65,23.56,104.78,100.39,6709,54.79,19.16,1,HLTH_EHIS_MH1,4.5916,2024-08-10
2015,RO,DK35,65_74,M,13.66,16.33,53.87,73.1,25.69,81.81,125.52,90.3,13430,44.57,20.64,1,HLTH_EHIS_MH2,3.3678,2025-07-24
2016,BG,SE357,35_44,X,12.68,6.99,67.58,55.98,6.29,52.17,45.62,74.53,7566,69.04,34.28,1,HLTH_EHIS_MH3,3.469,2025-08-27
2017,FR,BE28,75_PLUS,F,12.21,13.63,54.77,13.67,12.89,54.12,104.8,24.38,6923,63.27,22.95,0,HLTH_EHIS_MH4,1.2318,2024-05-23
2018,LT,DE305,45_54,M,14.12,14.12,42.91,8.53,28.33,69.97,76.87,54.08,3008,84.73,11.5,1,HLTH_EHIS_MH1,1.7424,2026-02-19
2019,SK,GR6,15_24,X,16.3,8.15,34.96,52.95,13.44,71.13,52.11,15.41,17961,60.89,19.45,1,HLTH_EHIS_MH2,3.4727,2024-02-06
2020,HR,CZ146,55_64,F,7.8,32.41,56.39,60.88,17.77,73.19,35.42,65.53,4820,86.37,14.84,1,HLTH_EHIS_MH3,4.2152,2024-09-10
2021,DE,ES388,25_34,M,22.25,14.91,55.97,121.32,17.22,46.39,39.23,58.01,21942,95.76,36.35,1,HLTH_EHIS_MH4,0.3771,2024-07-24
2022,LU,LT68,65_74,X,20.8,6.7,60.13,32.97,4.22,67.83,58.51,149.49,14464,18.27,28.97,0,HLTH_EHIS_MH1,0.4759,2026-01-22
2023,SI,SI51,35_44,F,22.8,25.73,42.37,51.54,12.2,70.04,26.5,53.35,1784,19.69,8.47,0,HLTH_EHIS_MH2,2.9515,2025-04-15
2024,CY,DK413,75_PLUS,M,6.48,12.84,39.37,79.12,27.05,68.98,94.26,178.13,12661,30.65,40.95,1,HLTH_EHIS_MH3,0.8571,2024-01-11
2025,GR,RO680,45_54,X,14.26,5.3,51.29,47.09,17.43,38.49,151.53,21.83,11559,63.76,26.75,1,HLTH_EHIS_MH4,1.9786,2024-04-15
2006,MT,LT66,15_24,F,19.25,26.13,32.6,112.59,14.2,68.56,87.3,137.42,6748,47.75,18.06,1,HLTH_EHIS_MH1,4.6195,2025-09-27
2007,ES,IE10,55_64,M,5.72,17.1,58.75,21.52,20.79,27.58,60.44,111.96,724,31.11,8.92,0,HLTH_EHIS_MH2,1.505,2024-12-31
2008,CZ,NL663,25_34,X,13.22,14.79,60.14,81.56,9.91,27.06,77.21,101.0,9967,31.82,12.75,0,HLTH_EHIS_MH3,4.2277,2025-08-03
2009,HU,BG608,65_74,F,12.98,24.36,62.87,12.0,15.0,68.14,93.27,17.79,6679,30.62,41.57,0,HLTH_EHIS_MH4,3.4089,2024-12-31
2010,NL,SE63,35_44,M,11.13,17.1,52.68,24.87,13.26,77.04,46.1,30.92,4837,76.45,25.0,0,HLTH_EHIS_MH1,2.9485,2025-05-23
2011,SE,LT85,75_PLUS,X,11.19,20.76,34.72,68.05,13.06,71.55,91.1,170.18,6259,53.73,25.68,0,HLTH_EHIS_MH2,2.0575,2025-05-07
2012,DK,BG322,45_54,F,18.9,11.54,51.47,33.18,5.65,81.39,119.85,65.67,9374,26.92,5.95,0,HLTH_EHIS_MH3,4.3504,2025-07-14
2013,IE,LU2,15_24,M,18.76,25.5,59.41,14.69,5.32,76.03,134.2,91.72,7819,41.84,30.56,0,HLTH_EHIS_MH4,1.3534,2025-09-06
2014,PL,MT496,55_64,X,19.85,6.24,32.79,63.77,8.9,58.27,110.6,179.73,6284,70.44,13.18,1,HLTH_EHIS_MH1,3.8158,2024-06-23
2015,AT,PL117,25_34,F,11.83,25.27,63.07,46.01,13.6,70.16,51.37,56.22,7300,47.92,24.95,1,HLTH_EHIS_MH2,2.8642,2025-06-25
2016,EE,FR308,65_74,M,18.33,13.88,42.33,20.26,16.21,33.93,57.87,69.12,8557,68.19,37.77,1,HLTH_EHIS_MH3,4.4504,2025-01-27
2017,IT,GR355,35_44,X,4.21,21.73,39.54,58.65,3.11,82.44,118.64,100.06,8884,40.82,15.71,0,HLTH_EHIS_MH4,4.2426,2025-12-08
2018,PT,ES674,75_PLUS,F,23.31,11.29,41.24,85.44,19.02,73.57,33.6,23.78,10444,21.23,28.19,1,HLTH_EHIS_MH1,3.7777,2025-10-25
2019,BE,FR431,45_54,M,7.49,22.46,61.16,53.35,16.94,71.7,32.23,81.6,6519,32.38,31.58,1,HLTH_EHIS_MH2,1.05,2025-05-12
2020,FI,SK21,15_24,X,18.15,21.78,42.87,53.52,14.12,56.09,69.33,96.65,12418,68.55,19.62,1,HLTH_EHIS_MH3,3.4637,2024-04-29
2021,LV,SI475,55_64,F,8.38,22.18,52.26,88.24,15.29,56.17,114.3,76.8,7048,30.17,13.05,0,HLTH_EHIS_MH4,1.879,2024-12-15
2022,RO,SI64,25_34,M,18.89,13.97,40.3,90.45,17.18,72.22,86.09,109.8,5321,79.43,22.66,0,HLTH_EHIS_MH1,2.2637,2024-07-25
2023,BG,NL387,65_74,X,12.7,12.14,73.22,34.46,13.17,63.34,25.66,99.96,15470,64.71,19.72,1,HLTH_EHIS_MH2,0.7863,2025-05-29
2024,FR,SI9,35_44,F,16.86,11.38,45.16,57.55,11.06,27.43,75.42,43.4,11033,55.88,34.42,1,HLTH_EHIS_MH3,2.1839,2026-01-10
2025,LT,BE659,75_PLUS,M,11.47,9.39,73.25,17.34,13.51,25.0,160.45,142.25,1870,73.24,31.82,1,HLTH_EHIS_MH4,2.5173,2025-08-23
2006,SK,ES369,45_54,X,13.28,9.66,41.56,29.39,15.04,31.7,152.45,54.48,12592,74.79,20.15,0,HLTH_EHIS_MH1,4.4166,2025-11-03
2007,HR,HU25,15_24,F,19.68,22.05,56.97,90.36,9.71,63.21,60.94,67.31,15051,77.5,34.8,0,HLTH_EHIS_MH2,2.8923,2024-10-27
2008,DE,NL291,55_64,M,8.3,14.37,32.01,20.19,20.03,49.14,24.22,96.61,6038,32.42,17.22,0,HLTH_EHIS_MH3,1.8704,2025-09-17
2009,LU,DK89,25_34,X,14.56,17.29,56.67,15.39,16.64,37.97,147.06,82.49,3750,81.69,15.49,1,HLTH_EHIS_MH4,1.1562,2025-09-18
2010,SI,HU228,65_74,F,23.41,14.38,51.75,71.96,4.13,71.57,69.21,180.9,6863,49.24,35.1,0,HLTH_EHIS_MH1,4.6528,2025-01-14
2011,CY,HR130,35_44,M,10.88,22.84,51.95,71.26,5.9,67.94,120.49,120.75,7028,59.1,29.42,1,HLTH_EHIS_MH2,0.2462,2024-11-18
2012,GR,BE1,75_PLUS,X,11.24,5.69,36.82,36.75,4.69,66.85,105.79,143.82,11955,65.53,39.04,0,HLTH_EHIS_MH3,4.5598,2025-08-13
2013,MT,EE27,45_54,F,9.59,15.3,38.9,16.81,4.38,81.62,107.91,55.35,9535,67.18,14.3,0,HLTH_EHIS_MH4,1.5749,2024-10-06
2014,ES,FR455,15_24,M,19.27,18.52,66.63,34.73,19.16,71.26,29.46,124.11,7878,19.19,8.61,1,HLTH_EHIS_MH1,4.3956,2024-01-30
2015,CZ,LV233,55_64,X,4.49,24.46,58.87,57.7,8.2,61.33,84.21,67.52,13845,22.79,19.64,1,HLTH_EHIS_MH2,0.7041,2024-10-03
2016,HU,SE293,25_34,F,5.96,21.73,35.94,42.96,8.66,34.93,103.2,136.99,3963,50.77,12.32,1,HLTH_EHIS_MH3,0.2357,2025-07-01
2017,NL,GR982,65_74,M,17.94,20.38,38.34,10.46,22.28,78.27,28.91,20.79,16433,36.71,29.12,1,HLTH_EHIS_MH4,3.7154,2025-05-14
2018,SE,BG310,35_44,X,12.81,14.9,34.84,27.6,5.83,68.31,112.76,46.42,6193,85.59,31.83,1,HLTH_EHIS_MH1,0.6464,2024-06-25
2019,DK,NL438,75_PLUS,F,14.5,7.07,46.55,48.2,8.35,57.4,49.2,149.9,15424,70.37,33.42,1,HLTH_EHIS_MH2,0.7093,2024-08-15
2020,IE,FI133,45_54,M,18.06,14.13,27.97,19.21,8.14,29.11,26.46,70.45,13055,58.05,31.13,1,HLTH_EHIS_MH3,1.3065,2024-09-19
2021,PL,EE943,15_24,X,24.27,32.49,53.62,142.92,5.99,67.6,10.75,31.91,11892,46.97,12.46,1,HLTH_EHIS_MH4,3.0062,2024-02-17
2022,AT,FR26,55_64,F,21.75,18.0,31.12,9.01,18.83,62.62,41.48,69.34,3135,76.15,25.32,1,HLTH_EHIS_MH1,4.4114,2025-10-13
2023,EE,PT62,25_34,M,10.91,18.97,39.62,44.41,15.49,49.86,22.83,89.63,5298,67.92,21.27,1,HLTH_EHIS_MH2,0.2568,2025-12-23
2024,IT,IT42,65_74,X,15.99,5.57,37.15,77.76,20.29,21.11,11.96,130.11,2979,65.11,9.32,1,HLTH_EHIS_MH3,1.2087,2025-01-30
2025,PT,CY564,35_44,F,8.9,13.62,42.56,78.42,16.46,71.89,72.97,127.24,4617,40.33,29.06,1,HLTH_EHIS_MH4,0.3031,2025-01-27
2006,BE,PL9,75_PLUS,M,4.67,10.6,52.03,32.03,7.83,64.36,115.21,73.55,1738,39.72,38.81,0,HLTH_EHIS_MH1,2.8541,2024-07-18
2007,FI,RO78,45_54,X,6.31,7.71,60.1,65.19,5.58,69.88,77.23,22.42,1041,23.1,14.0,0,HLTH_EHIS_MH2,4.5858,2024-03-20
2008,LV,CZ713,15_24,F,7.15,12.83,71.4,57.52,13.82,55.75,53.78,100.77,905,53.45,26.34,0,HLTH_EHIS_MH3,3.1189,2025-03-11
2009,RO,FR535,55_64,M,20.64,20.3,36.86,70.46,10.03,63.86,23.0,134.62,654,38.34,20.31,0,HLTH_EHIS_MH4,2.2979,2024-08-18
2010,BG,EE89,25_34,X,20.7,5.51,43.9,12.78,7.93,65.46,49.32,139.56,12140,31.58,7.88,0,HLTH_EHIS_MH1,0.8175,2026-01-21
2011,FR,AT65,65_74,F,6.12,13.17,66.71,55.62,19.23,86.4,71.47,71.95,3928,66.53,33.19,0,HLTH_EHIS_MH2,3.8674,2024-01-19
2012,LT,CY29,35_44,M,15.49,21.28,51.34,30.88,19.2,61.07,68.92,59.31,13917,36.82,30.64,0,HLTH_EHIS_MH3,3.5318,2024-02-26
2013,SK,ES713,75_PLUS,X,16.2,9.06,52.08,63.96,8.68,42.94,104.53,167.92,5103,26.27,14.52,0,HLTH_EHIS_MH4,4.1185,2025-06-14
2014,HR,FI75,45_54,F,5.23,26.03,50.24,42.11,12.17,33.16,75.99,57.75,9012,31.73,29.59,1,HLTH_EHIS_MH1,4.4331,2024-01-11
2015,DE,CY27,15_24,M,19.23,14.25,39.52,86.77,17.44,49.85,37.42,58.85,1951,72.3,30.51,0,HLTH_EHIS_MH2,2.0185,2025-07-09
2016,LU,LT72,55_64,X,5.83,15.18,63.23,52.64,9.16,72.62,76.26,167.8,13532,51.84,31.78,1,HLTH_EHIS_MH3,3.0998,2025-08-14
2017,SI,DK23,25_34,F,6.02,6.17,55.57,59.25,3.36,56.42,18.35,89.61,9828,51.08,13.89,1,HLTH_EHIS_MH4,0.7851,2025-01-22
2018,CY,EE980,65_74,M,5.59,9.59,33.55,57.6,19.71,25.88,132.52,33.51,12027,46.75,17.28,1,HLTH_EHIS_MH1,2.4972,2024-02-12
2019,GR,HR4,35_44,X,11.23,18.92,61.85,37.52,5.98,62.34,62.45,77.56,164,70.26,24.01,1,HLTH_EHIS_MH2,2.3642,2025-12-25
2020,MT,LV298,75_PLUS,F,16.29,34.96,66.66,88.26,6.16,42.37,191.24,175.27,1300,94.38,45.53,1,HLTH_EHIS_MH3,0.3781,2025-04-04
2021,ES,ES88,45_54,M,7.5,7.99,61.87,74.26,23.36,79.16,111.45,88.05,15771,83.38,22.87,1,HLTH_EHIS_MH4,3.7564,2024-09-08
2022,CZ,BG66,15_24,X,13.09,7.11,50.19,54.74,3.69,21.98,46.98,72.65,7397,55.09,26.28,1,HLTH_EHIS_MH1,3.5862,2025-07-28
2023,HU,AT91,55_64,F,21.95,9.0,36.38,49.57,3.84,79.15,13.84,106.69,8178,23.85,33.25,0,HLTH_EHIS_MH2,0.2893,2024-02-24
2024,NL,CZ8,25_34,M,17.36,18.05,63.96,35.95,15.34,79.62,102.19,130.55,7532,34.93,23.99,1,HLTH_EHIS_MH3,4.3968,2024-12-26
2025,SE,PL575,65_74,X,17.0,19.02,45.1,47.98,18.01,49.78,65.36,150.9,12614,53.46,25.07,1,HLTH_EHIS_MH4,0.8746,2024-08-25
2006,DK,CY365,35_44,F,4.6,25.64,37.01,80.29,6.97,31.84,122.29,122.95,1533,64.93,36.0,1,HLTH_EHIS_MH1,2.604,2024-09-22
2007,IE,FR998,75_PLUS,M,16.6,21.04,67.07,61.34,12.77,74.91,110.56,57.31,14035,39.55,29.44,0,HLTH_EHIS_MH2,1.8154,2024-06-02
2008,PL,BG205,45_54,X,9.72,8.3,60.07,57.9,6.65,39.34,127.78,15.38,13301,44.7,30.16,0,HLTH_EHIS_MH3,4.1859,2025-04-07
2009,AT,DE40,15_24,F,8.39,19.85,44.63,16.59,5.19,32.45,37.26,56.52,10680,69.17,29.95,0,HLTH_EHIS_MH4,0.7105,2024-10-14
2010,EE,DK542,55_64,M,4.73,18.42,60.06,80.92,6.43,36.3,142.03,120.34,11291,74.22,8.68,0,HLTH_EHIS_MH1,3.9035,2025-07-29
2011,IT,LT6,25_34,X,11.91,6.23,44.87,118.2,11.95,28.42,89.21,74.89,12621,85.31,19.08,0,HLTH_EHIS_MH2,3.1065,2024-07-22
2012,PT,IT401,65_74,F,9.9,20.98,40.1,10.55,18.31,44.78,36.66,123.67,12606,48.16,17.3,0,HLTH_EHIS_MH3,1.5554,2025-10-26
2013,BE,EE318,35_44,M,19.59,20.31,38.63,15.95,9.19,41.53,75.64,78.87,1901,54.54,26.59,0,HLTH_EHIS_MH4,3.7358,2024-05-30
2014,FI,GR36,75_PLUS,X,11.62,24.52,62.28,40.3,8.84,67.7,43.58,97.65,7001,77.41,23.86,1,HLTH_EHIS_MH1,3.4652,2025-11-28
2015,LV,ES966,45_54,F,9.81,20.18,46.19,18.15,14.76,30.87,88.97,44.63,2938,66.54,17.04,1,HLTH_EHIS_MH2,0.4537,2025-10-09
2016,RO,AT879,15_24,M,5.58,17.76,65.13,118.26,17.51,75.49,54.45,91.11,13598,50.66,15.51,0,HLTH_EHIS_MH3,2.7625,2024-08-07
2017,BG,SK9,55_64,X,17.41,18.62,37.29,68.38,5.09,41.79,136.74,86.15,16156,23.25,34.83,0,HLTH_EHIS_MH4,1.1611,2025-07-12
2018,FR,CZ60,25_34,F,5.39,8.51,61.44,27.17,5.38,23.25,19.36,91.91,7428,62.78,8.52,1,HLTH_EHIS_MH1,2.5132,2025-06-09
2019,LT,RO207,65_74,M,11.95,20.38,32.21,76.14,13.12,62.92,101.93,157.3,4878,56.25,9.21,1,HLTH_EHIS_MH2,0.2175,2025-09-16
2020,SK,LT84,35_44,X,10.64,27.51,68.79,87.88,14.45,73.72,16.79,33.2,8482,100.0,33.55,1,HLTH_EHIS_MH3,1.8574,2025-02-15
2021,HR,CZ1,75_PLUS,F,30.2,24.21,46.89,61.66,16.93,32.08,78.71,86.16,2020,45.37,39.4,0,HLTH_EHIS_MH4,2.0478,2024-03-30
2022,DE,LT83,45_54,M,18.71,13.73,40.69,61.6,21.99,88.37,119.69,33.86,4607,75.6,32.41,1,HLTH_EHIS_MH1,1.4778,2024-05-11
2023,LU,BG6,15_24,X,7.25,6.41,53.35,78.51,7.52,70.76,80.41,20.52,6241,20.09,12.74,0,HLTH_EHIS_MH2,4.5777,2024-08-09
2024,SI,HR22,55_64,F,21.01,17.37,58.72,24.97,9.08,49.52,57.09,167.7,6986,60.58,21.4,1,HLTH_EHIS_MH3,3.6363,2024-03-09
2025,CY,DK138,25_34,M,12.24,17.94,47.1,116.6,17.01,50.13,69.71,104.55,4355,41.48,8.44,0,HLTH_EHIS_MH4,4.112,2024-10-07
2006,GR,IT7,65_74,X,14.51,22.4,36.32,54.94,18.5,79.13,133.18,161.5,13221,44.5,11.43,0,HLTH_EHIS_MH1,3.2467,2024-04-18
2007,MT,LT4,35_44,F,20.92,14.89,49.04,51.81,13.31,44.22,156.84,71.3,11688,76.58,31.75,0,HLTH_EHIS_MH2,4.4537,2024-08-11
2008,ES,RO77,75_PLUS,M,9.15,16.26,35.34,51.36,12.26,67.73,48.38,102.19,2801,27.9,22.1,0,HLTH_EHIS_MH3,2.6165,2024-03-07
2009,CZ,CZ64,45_54,X,16.58,8.27,49.74,76.28,20.42,41.9,107.22,98.87,1768,28.51,30.29,0,HLTH_EHIS_MH4,4.2143,2024-06-26
2010,HU,BE167,15_24,F,22.95,15.45,48.12,66.42,13.76,57.37,83.76,106.39,14882,70.19,19.18,0,HLTH_EHIS_MH1,1.6543,2024-07-29
2011,NL,RO8,55_64,M,11.59,10.32,43.12,70.55,9.91,32.99,142.76,112.59,12856,31.24,21.5,0,HLTH_EHIS_MH2,0.2974,2024-12-05
2012,SE,HU99,25_34,X,8.28,24.15,49.41,46.23,3.73,47.69,87.7,63.77,5807,22.24,22.16,0,HLTH_EHIS_MH3,1.5008,2025-04-01
2013,DK,SE45,65_74,F,17.04,11.57,41.02,73.28,5.09,46.43,85.66,22.66,4671,38.36,28.99,0,HLTH_EHIS_MH4,0.358,2025-09-14
2014,IE,DE4,35_44,M,12.55,9.83,50.22,22.81,21.09,80.73,46.28,96.07,10251,24.42,36.04,0,HLTH_EHIS_MH1,3.8499,2025-03-04
2015,PL,IT808,75_PLUS,X,5.09,5.08,62.78,22.37,4.17,60.66,67.42,148.68,12555,32.26,41.25,1,HLTH_EHIS_MH2,4.4186,2024-05-07
2016,AT,IE107,45_54,F,11.07,5.83,47.62,21.83,14.34,83.5,22.09,77.96,6881,47.72,7.75,0,HLTH_EHIS_MH3,2.904,2024-11-17
2017,EE,DK29,15_24,M,6.63,8.41,47.75,54.84,14.17,44.47,81.39,33.46,1564,63.02,30.04,0,HLTH_EHIS_MH4,2.0607,2026-02-09
2018,IT,SK3,55_64,X,11.36,20.34,42.58,83.9,12.64,56.58,86.31,19.87,3794,29.19,8.66,0,HLTH_EHIS_MH1,1.3372,2024-05-30
2019,PT,IE5,25_34,F,11.35,19.87,43.05,24.21,6.71,41.12,48.9,78.2,6257,43.78,6.93,1,HLTH_EHIS_MH2,0.5413,2025-01-13
2020,BE,DE88,65_74,M,13.57,18.12,45.2,22.26,10.95,64.99,161.88,85.08,20130,86.43,17.84,1,HLTH_EHIS_MH3,4.5646,2025-02-12
2021,FI,EE32,35_44,X,11.93,27.39,36.85,86.94,12.01,33.95,35.46,130.97,1953,83.6,32.18,1,HLTH_EHIS_MH4,3.0534,2024-08-05
2022,LV,CY31,75_PLUS,F,7.41,29.08,40.67,34.64,13.74,81.32,18.55,92.01,12330,21.62,13.02,1,HLTH_EHIS_MH1,4.3915,2024-09-11
2023,RO,PT9,45_54,M,15.87,17.03,51.99,7.22,14.59,29.03,55.48,120.95,17873,80.25,28.5,1,HLTH_EHIS_MH2,3.8414,2024-10-25
2024,BG,SE4,15_24,X,20.15,9.44,45.01,77.74,3.24,53.35,47.62,82.04,2824,34.83,32.54,1,HLTH_EHIS_MH3,0.6762,2024-03-14
2025,FR,DK13,55_64,F,15.67,27.66,35.55,35.82,8.15,86.38,115.36,93.71,15035,47.85,11.03,1,HLTH_EHIS_MH4,1.3111,2024-04-24
2006,LT,LT174,25_34,M,18.44,7.99,45.37,106.44,23.03,66.89,29.34,17.64,6479,64.02,23.21,0,HLTH_EHIS_MH1,0.5023,2024-05-02
2007,SK,CY36,65_74,X,16.02,20.16,33.39,60.16,19.46,61.81,113.81,185.23,14639,76.0,16.71,0,HLTH_EHIS_MH2,2.5943,2024-05-31
2008,HR,IE457,35_44,F,19.78,22.27,34.14,61.35,11.9,21.82,75.64,34.7,2562,73.0,13.96,0,HLTH_EHIS_MH3,1.2042,2024-02-28
2009,DE,AT653,75_PLUS,M,17.46,22.41,44.6,62.42,27.3,82.21,117.79,164.94,7028,66.25,33.32,0,HLTH_EHIS_MH4,4.3387,2025-11-08
2010,LU,FI91,45_54,X,20.27,5.73,34.04,7.47,20.19,57.18,49.98,129.99,15195,50.11,6.43,0,HLTH_EHIS_MH1,2.5654,2024-10-30
2011,SI,LU815,15_24,F,12.23,29.83,46.2,72.83,13.47,33.16,116.68,17.25,8133,77.77,21.7,0,HLTH_EHIS_MH2,0.3367,2025-05-09
2012,CY,FI152,55_64,M,7.19,7.52,40.97,68.51,16.11,64.86,114.09,161.11,7267,53.05,7.95,0,HLTH_EHIS_MH3,0.5441,2024-03-20
2013,GR,BG68,25_34,X,4.91,10.03,64.74,58.93,7.11,66.84,74.22,78.79,9838,57.87,22.7,0,HLTH_EHIS_MH4,3.8187,2024-08-10
2014,MT,BG14,65_74,F,18.64,26.18,30.94,71.23,6.96,67.27,39.98,64.95,9940,62.79,43.4,1,HLTH_EHIS_MH1,2.9018,2026-02-01
2015,ES,RO5,35_44,M,16.03,8.4,34.38,36.42,11.89,82.95,77.21,69.33,12765,48.7,8.39,1,HLTH_EHIS_MH2,4.5621,2025-09-14
2016,CZ,HR9,75_PLUS,X,8.84,20.19,37.47,66.12,14.15,81.0,121.55,74.51,820,34.44,36.66,1,HLTH_EHIS_MH3,4.1358,2025-05-30
2017,HU,RO701,45_54,F,21.78,16.53,35.39,36.33,6.94,23.7,58.32,121.16,3392,33.49,19.26,1,HLTH_EHIS_MH4,3.8401,2025-02-10
2018,NL,ES781,15_24,M,4.33,19.19,46.57,58.06,5.71,42.76,151.36,123.76,547,20.39,10.26,0,HLTH_EHIS_MH1,1.014,2024-01-30
2019,SE,PT49,55_64,X,11.54,11.55,37.69,20.34,15.34,41.88,21.41,181.14,144,27.17,21.82,1,HLTH_EHIS_MH2,2.6978,2025-11-22
2020,DK,GR429,25_34,F,26.73,8.44,40.13,13.72,6.95,67.16,14.62,18.29,11154,67.03,27.01,1,HLTH_EHIS_MH3,3.2484,2024-01-13
2021,IE,LV82,65_74,M,8.72,31.56,51.43,26.24,23.79,69.63,136.46,77.01,16027,91.31,38.4,1,HLTH_EHIS_MH4,1.1543,2024-04-24
2022,PL,PT99,35_44,X,14.33,8.49,36.43,34.79,3.34,44.5,151.07,127.67,7354,47.35,21.17,1,HLTH_EHIS_MH1,1.3355,2024-01-31
2023,AT,NL72,75_PLUS,F,18.21,14.9,44.09,20.98,13.5,25.41,136.88,137.76,4844,42.03,18.76,1,HLTH_EHIS_MH2,0.7512,2024-09-18
2024,EE,IE9,45_54,M,18.58,12.18,49.31,34.65,16.11,27.64,26.67,136.31,14424,35.47,26.79,1,HLTH_EHIS_MH3,1.3896,2024-10-15
2025,IT,LU675,15_24,X,7.82,16.2,39.18,76.7,14.64,64.45,7.35,88.28,4158,43.91,23.46,1,HLTH_EHIS_MH4,1.7514,2024-06-13
2006,PT,SE3,55_64,F,19.83,13.92,42.76,85.27,5.19,36.62,15.54,62.92,1553,37.44,13.4,0,HLTH_EHIS_MH1,2.4241,2025-11-04
2007,BE,LV19,25_34,M,18.35,25.55,38.63,112.69,10.91,79.52,32.78,123.36,7621,72.44,30.53,0,HLTH_EHIS_MH2,0.938,2026-01-30
2008,FI,SE97,65_74,X,12.64,7.79,41.42,49.52,8.02,44.55,17.41,187.06,3670,62.72,23.05,0,HLTH_EHIS_MH3,1.1851,2025-05-06
2009,LV,DK68,35_44,F,11.22,14.87,45.55,85.33,14.94,35.3,24.73,51.43,10749,82.51,35.94,0,HLTH_EHIS_MH4,2.104,2026-01-14
2010,RO,LU83,75_PLUS,M,14.1,23.83,31.4,76.63,21.48,67.41,64.91,189.61,7300,32.72,41.85,0,HLTH_EHIS_MH1,0.4453,2024-10-17
2011,BG,HU580,45_54,X,10.59,22.16,32.49,20.68,4.63,81.71,41.25,59.89,12916,78.84,10.83,0,HLTH_EHIS_MH2,0.7256,2024-05-05
2012,FR,SK723,15_24,F,15.66,26.79,37.66,58.71,10.95,42.12,73.05,104.27,17684,44.29,18.37,0,HLTH_EHIS_MH3,0.2774,2025-09-18
2013,LT,LU41,55_64,M,8.33,13.54,58.11,63.51,20.3,79.24,13.32,96.51,4466,75.32,14.22,0,HLTH_EHIS_MH4,1.5468,2024-07-04
2014,SK,HU43,25_34,X,17.44,12.82,48.23,22.98,3.88,74.1,90.69,45.69,7925,45.18,29.25,1,HLTH_EHIS_MH1,2.885,2024-08-23
2015,HR,HR94,65_74,F,9.48,20.27,42.9,51.25,12.58,28.63,10.0,164.09,3522,24.88,30.19,0,HLTH_EHIS_MH2,1.2322,2024-03-05
2016,DE,DK5,35_44,M,8.78,23.53,36.07,8.75,16.67,52.9,69.22,92.25,2935,84.66,11.17,1,HLTH_EHIS_MH3,4.559,2025-10-02
2017,LU,IT2,75_PLUS,X,8.32,19.47,60.18,8.74,12.08,77.08,6.78,42.01,5641,33.85,42.01,1,HLTH_EHIS_MH4,2.3618,2024-02-29
2018,SI,ES27,45_54,F,5.21,24.71,52.84,51.12,14.48,67.56,40.55,41.78,4588,26.84,28.86,0,HLTH_EHIS_MH1,2.6068,2025-10-29
2019,CY,CY2,15_24,M,13.11,20.67,33.5,56.38,8.49,29.3,73.6,51.97,16187,74.39,16.03,1,HLTH_EHIS_MH2,2.7578,2024-10-15
2020,GR,MT524,55_64,X,25.29,25.3,36.49,33.34,7.56,46.12,132.78,71.11,3668,52.24,37.86,1,HLTH_EHIS_MH3,3.9597,2024-09-22
2021,MT,LV13,25_34,F,10.4,8.19,58.95,28.47,14.12,53.2,176.5,58.5,6771,52.64,29.97,0,HLTH_EHIS_MH4,3.72,2025-03-19
2022,ES,BG77,65_74,M,9.7,21.32,69.28,25.78,12.04,41.56,133.27,84.02,553,52.31,14.75,0,HLTH_EHIS_MH1,4.6257,2025-05-14
2023,CZ,SE205,35_44,X,9.97,9.7,37.13,14.15,16.38,80.82,18.78,24.07,9710,25.42,22.18,1,HLTH_EHIS_MH2,3.1668,2024-08-10
2024,HU,LU965,75_PLUS,F,8.91,22.76,36.71,85.2,12.93,24.28,150.42,45.32,5456,62.57,32.66,1,HLTH_EHIS_MH3,4.3751,2025-09-25
2025,NL,ES39,45_54,M,7.45,15.81,57.86,12.82,14.26,72.19,54.67,131.03,9508,41.1,30.16,1,HLTH_EHIS_MH4,0.8221,2025-11-23
2006,SE,ES421,15_24,X,17.71,23.97,28.11,109.49,6.29,79.86,22.91,16.29,1710,44.96,18.45,0,HLTH_EHIS_MH1,2.177,2024-08-11
2007,DK,AT559,55_64,F,6.02,25.23,55.91,66.71,9.74,52.8,79.49,99.19,8446,59.61,13.77,0,HLTH_EHIS_MH2,1.395,2024-06-19
2008,IE,EE519,25_34,M,16.1,18.83,61.8,118.58,10.31,29.98,35.28,108.49,2238,65.34,28.36,1,HLTH_EHIS_MH3,1.4379,2024-07-19
2009,PL,CZ4,65_74,X,5.02,11.4,51.44,22.87,5.98,37.77,41.72,86.01,13700,58.82,30.83,1,HLTH_EHIS_MH4,1.0209,2024-07-18
2010,AT,NL67,35_44,F,11.96,21.92,58.7,79.89,10.98,45.87,13.83,94.26,3535,54.55,8.17,0,HLTH_EHIS_MH1,0.9272,2025-04-06
2011,EE,DE97,75_PLUS,M,11.26,24.64,56.55,64.7,25.5,44.05,20.87,159.61,10354,54.77,37.96,0,HLTH_EHIS_MH2,4.0537,2024-04-24
2012,IT,HU34,45_54,X,10.42,7.99,71.81,26.59,11.46,28.39,11.28,109.98,2707,30.57,15.18,0,HLTH_EHIS_MH3,1.338,2024-05-28
2013,PT,DK113,15_24,F,4.98,16.16,49.55,14.42,9.06,83.13,54.14,13.66,10371,75.36,9.34,0,HLTH_EHIS_MH4,2.6517,2024-01-28
2014,BE,LT9,55_64,M,4.63,6.81,49.02,27.3,12.12,52.58,119.77,23.09,3828,66.92,35.02,1,HLTH_EHIS_MH1,1.3432,2025-08-10
2015,FI,GR1,25_34,X,8.49,8.31,56.03,78.23,10.47,43.67,13.4,13.01,11708,26.37,20.16,1,HLTH_EHIS_MH2,3.0121,2025-06-30
2016,LV,HU344,65_74,F,17.4,5.7,43.27,73.03,6.64,33.22,48.56,154.11,17052,34.2,18.81,1,HLTH_EHIS_MH3,3.3165,2024-07-09
2017,RO,LT3,35_44,M,4.93,7.02,40.47,82.23,7.95,37.96,58.2,116.16,5092,80.4,20.89,1,HLTH_EHIS_MH4,2.3067,2024-10-11
2018,BG,SK20,75_PLUS,X,6.64,7.54,60.42,37.52,16.4,63.89,39.14,118.56,589,57.94,24.31,1,HLTH_EHIS_MH1,2.1684,2025-11-07
2019,FR,FI92,45_54,F,8.23,24.62,45.59,28.94,7.4,59.0,71.16,79.6,6677,19.4,27.82,1,HLTH_EHIS_MH2,3.8919,2025-01-13
2020,LT,PL82,15_24,M,17.69,9.23,45.21,74.87,20.68,71.34,50.65,126.61,16767,91.17,35.54,1,HLTH_EHIS_MH3,0.9147,2024-07-16
2021,SK,IT558,55_64,X,18.48,30.3,43.94,49.79,20.4,36.3,183.95,73.8,13534,33.69,16.59,1,HLTH_EHIS_MH4,0.9781,2025-10-07
2022,HR,PL43,25_34,F,24.18,9.37,41.36,110.08,7.46,28.83,137.22,88.68,12762,66.49,24.18,1,HLTH_EHIS_MH1,3.8914,2025-01-20
2023,DE,FI90,65_74,M,9.69,5.22,47.46,80.55,27.22,79.58,76.96,26.01,13561,33.62,20.08,0,HLTH_EHIS_MH2,2.3514,2025-05-11
2024,LU,HU50,35_44,X,7.71,11.19,42.36,77.2,9.84,44.1,159.01,124.5,8052,53.65,24.16,1,HLTH_EHIS_MH3,3.3385,2024-02-02
2025,SI,DE993,75_PLUS,F,12.34,14.53,49.84,64.44,8.84,27.68,49.21,65.03,8955,20.85,39.66,1,HLTH_EHIS_MH4,2.451,2025-07-16
2006,CY,PL15,45_54,M,18.43,5.06,38.59,44.21,13.83,39.0,78.65,21.36,9917,40.56,17.27,0,HLTH_EHIS_MH1,3.5914,2024-11-11
2007,GR,FR89,15_24,X,5.03,10.17,48.74,107.13,13.49,20.99,97.78,64.12,1299,38.85,33.8,0,HLTH_EHIS_MH2,3.5749,2024-06-02
2008,MT,CZ54,55_64,F,4.99,22.91,46.84,69.78,8.96,52.21,15.99,118.69,13021,38.82,27.93,0,HLTH_EHIS_MH3,1.7008,2025-04-17
2009,ES,LV2,25_34,M,12.31,16.95,68.39,34.06,22.27,63.43,110.16,92.85,11511,26.8,30.95,0,HLTH_EHIS_MH4,2.5869,2025-07-18
2010,CZ,PL6,65_74,X,21.5,18.37,36.94,35.22,7.13,72.88,13.32,159.56,17298,46.64,24.6,1,HLTH_EHIS_MH1,1.44,2025-06-08
2011,HU,SE19,35_44,F,5.77,26.93,33.73,81.25,6.82,30.95,118.21,139.77,7312,27.82,35.87,0,HLTH_EHIS_MH2,3.5628,2025-01-31
2012,NL,CY38,75_PLUS,M,12.93,17.65,31.28,26.59,17.98,76.06,24.32,57.19,15317,50.31,11.44,0,HLTH_EHIS_MH3,2.4219,2024-01-05
2013,SE,HU677,45_54,X,8.67,10.08,46.85,34.33,18.44,45.47,15.94,124.14,13608,80.99,29.19,1,HLTH_EHIS_MH4,1.0856,2024-07-05
2014,DK,BE3,15_24,F,22.6,23.49,51.53,52.37,8.32,57.44,8.77,44.74,397,74.52,17.0,1,HLTH_EHIS_MH1,1.1707,2025-07-17
2015,IE,GR901,55_64,M,19.55,20.56,58.19,48.04,10.71,47.85,119.72,135.79,13445,73.54,26.13,1,HLTH_EHIS_MH2,3.3038,2024-04-07
2016,PL,LU5,25_34,X,18.55,13.03,47.93,115.95,13.59,51.28,58.01,101.25,6287,78.05,9.99,1,HLTH_EHIS_MH3,1.9953,2026-02-09
2017,AT,SE2,65_74,F,8.43,21.1,52.92,58.87,4.25,56.48,81.97,122.9,8410,62.1,31.11,0,HLTH_EHIS_MH4,2.6815,2024-10-16
2018,EE,LT183,35_44,M,13.97,7.33,47.99,59.61,8.96,34.83,23.8,84.03,3851,35.49,28.36,0,HLTH_EHIS_MH1,0.2731,2025-05-25
2019,IT,LT760,75_PLUS,X,19.38,11.52,44.11,20.7,13.84,38.64,80.24,125.1,6172,72.47,39.03,1,HLTH_EHIS_MH2,4.1225,2025-12-06
2020,PT,CZ46,45_54,F,27.59,26.88,28.29,33.19,16.11,28.68,72.9,135.05,7365,29.7,39.42,1,HLTH_EHIS_MH3,3.6102,2024-11-10
2021,BE,DK898,15_24,M,26.93,20.86,40.54,37.85,12.61,47.19,144.47,91.19,1328,89.39,9.71,0,HLTH_EHIS_MH4,2.5505,2024-11-23
2022,FI,BG387,55_64,X,14.95,8.99,60.8,28.98,14.73,24.0,108.43,57.03,4775,26.51,30.24,1,HLTH_EHIS_MH1,1.157,2025-04-09
2023,LV,DE9,25_34,F,21.43,26.71,35.53,76.77,14.75,32.43,140.99,130.64,7617,74.55,30.06,1,HLTH_EHIS_MH2,1.7473,2024-06-27
2024,RO,AT87,65_74,M,5.87,16.78,47.88,18.83,16.42,67.54,64.04,88.02,1543,68.77,11.4,1,HLTH_EHIS_MH3,3.5912,2025-05-15
2025,BG,DK35,35_44,X,14.07,12.0,54.87,50.36,12.74,30.5,60.05,66.14,6712,79.23,24.66,1,HLTH_EHIS_MH4,2.3849,2024-11-05
2006,FR,SE357,75_PLUS,F,23.9,11.23,33.19,31.18,15.26,78.51,52.48,140.18,7819,21.47,28.35,0,HLTH_EHIS_MH1,0.558,2024-07-24
2007,LT,BE28,45_54,M,9.32,10.53,43.37,19.4,20.93,53.01,129.24,47.08,8214,39.55,24.14,0,HLTH_EHIS_MH2,0.3246,2025-11-02
2008,SK,DE305,15_24,X,15.59,11.38,48.28,19.09,13.8,25.18,130.35,60.56,12686,71.9,16.97,0,HLTH_EHIS_MH3,0.6645,2025-10-14
2009,HR,GR6,55_64,F,10.66,24.4,45.62,22.53,14.71,73.16,80.62,118.22,12962,45.7,31.79,0,HLTH_EHIS_MH4,3.6797,2026-01-27
2010,DE,CZ146,25_34,M,6.03,25.48,40.99,39.32,6.79,56.58,85.7,94.93,4310,71.2,26.71,0,HLTH_EHIS_MH1,3.7632,2025-06-17
2011,LU,ES388,65_74,X,14.05,19.9,36.32,59.59,10.22,72.46,82.65,39.23,11261,76.95,28.2,1,HLTH_EHIS_MH2,4.7363,2024-08-24
2012,SI,LT68,35_44,F,12.1,11.51,51.1,39.08,10.38,58.16,27.46,85.9,2093,84.67,22.14,0,HLTH_EHIS_MH3,3.9356,2024-05-19
2013,CY,SI51,75_PLUS,M,4.71,24.97,65.54,60.42,19.32,52.78,119.46,31.54,6837,56.76,14.66,0,HLTH_EHIS_MH4,4.3763,2024-07-09
2014,GR,DK413,45_54,X,8.7,7.88,42.32,28.83,14.88,47.47,7.99,76.61,229,76.13,9.37,1,HLTH_EHIS_MH1,2.5559,2025-08-29
2015,MT,RO680,15_24,F,10.19,25.59,47.45,36.16,9.61,80.07,51.96,126.63,11710,22.47,24.27,1,HLTH_EHIS_MH2,3.7235,2024-12-29
2016,ES,LT66,55_64,M,12.87,7.54,37.98,80.53,15.17,78.97,17.96,52.82,11675,34.82,11.55,1,HLTH_EHIS_MH3,1.7717,2024-03-17
2017,CZ,IE10,25_34,X,13.59,5.57,43.05,68.29,10.83,69.85,21.57,45.88,1438,82.92,31.55,1,HLTH_EHIS_MH4,1.4182,2025-09-23
2018,HU,NL663,65_74,F,13.87,25.76,46.61,7.95,8.24,70.06,85.0,29.16,13618,23.67,18.29,1,HLTH_EHIS_MH1,1.6491,2024-09-13
2019,NL,BG608,35_44,M,13.94,20.13,35.45,46.77,17.77,54.23,55.98,87.74,4889,41.65,10.43,1,HLTH_EHIS_MH2,1.3534,2025-03-11
2020,SE,SE63,75_PLUS,X,13.65,28.89,48.28,90.47,6.5,82.03,119.57,44.96,18185,34.62,13.35,1,HLTH_EHIS_MH3,1.5196,2024-09-17
2021,DK,LT85,45_54,F,20.99,7.33,57.07,93.34,5.01,78.85,21.36,72.16,8758,91.79,37.37,1,HLTH_EHIS_MH4,2.4654,2025-05-23
2022,IE,BG322,15_24,M,15.71,19.62,31.55,97.97,12.56,30.57,163.27,56.37,5272,75.52,15.79,0,HLTH_EHIS_MH1,2.7137,2025-02-01
2023,PL,LU2,55_64,X,10.12,19.92,39.4,15.34,13.04,73.22,9.32,17.65,8416,36.06,24.21,1,HLTH_EHIS_MH2,1.9083,2024-06-26
2024,AT,MT496,25_34,F,7.47,23.12,47.08,94.01,6.75,81.77,131.54,49.71,1673,79.43,7.31,0,HLTH_EHIS_MH3,3.864,2025-12-22
2025,EE,PL117,65_74,M,14.25,12.79,66.77,13.85,10.87,49.74,109.73,39.73,12177,64.89,40.57,1,HLTH_EHIS_MH4,3.3931,2026-01-03
2006,IT,FR308,35_44,X,4.62,11.1,55.09,23.0,14.29,42.48,150.27,132.97,13131,24.14,6.33,0,HLTH_EHIS_MH1,4.245,2024-08-31
2007,PT,GR355,75_PLUS,F,17.13,11.52,40.86,45.95,11.17,28.34,60.26,168.74,15160,52.73,25.43,0,HLTH_EHIS_MH2,3.6593,2025-03-08
2008,BE,ES674,45_54,M,8.01,22.54,65.22,17.37,23.44,48.21,129.97,128.86,10422,52.26,21.08,0,HLTH_EHIS_MH3,2.4007,2025-06-26
2009,FI,FR431,15_24,X,17.14,24.88,56.77,19.8,5.52,20.91,108.5,38.48,12942,71.29,8.54,0,HLTH_EHIS_MH4,0.5121,2024-12-07
2010,LV,SK21,55_64,F,10.48,12.41,56.15,35.51,5.45,45.63,70.23,62.7,2988,32.34,16.2,0,HLTH_EHIS_MH1,2.6505,2024-05-18
2011,RO,SI475,25_34,M,18.21,17.58,49.93,116.44,9.23,26.47,126.65,54.82,865,33.89,25.79,0,HLTH_EHIS_MH2,1.8481,2024-04-09
2012,BG,SI64,65_74,X,22.11,11.31,55.58,74.48,6.24,44.04,64.4,28.22,14106,55.31,28.62,0,HLTH_EHIS_MH3,1.0288,2024-08-07
2013,FR,NL387,35_44,F,19.8,19.48,48.94,55.65,13.22,53.3,67.4,120.57,13976,26.12,35.67,1,HLTH_EHIS_MH4,1.7515,2024-07-06
2014,LT,SI9,75_PLUS,M,8.46,15.71,47.76,62.59,12.3,66.6,94.66,57.17,7672,26.13,21.54,1,HLTH_EHIS_MH1,3.6193,2024-01-22
2015,SK,BE659,45_54,X,7.85,7.38,44.79,22.92,5.56,80.9,61.94,128.18,12764,49.56,17.84,1,HLTH_EHIS_MH2,0.5826,2025-02-22
2016,HR,ES369,15_24,F,7.49,7.32,49.99,38.04,6.11,67.45,117.4,135.62,1350,44.03,31.09,0,HLTH_EHIS_MH3,0.7102,2024-10-01
2017,DE,HU25,55_64,M,17.99,21.36,38.05,50.32,24.18,62.75,35.4,188.08,10150,27.93,12.98,1,HLTH_EHIS_MH4,4.4329,2025-09-30
2018,LU,NL291,25_34,X,5.23,10.4,41.41,93.37,5.42,30.57,46.23,93.99,3560,82.75,9.98,0,HLTH_EHIS_MH1,3.3947,2024-02-21
2019,SI,DK89,65_74,F,10.88,11.44,33.33,34.68,9.7,31.65,48.41,57.63,11003,56.96,43.35,1,HLTH_EHIS_MH2,1.7182,2026-01-17
2020,CY,HU228,35_44,M,19.84,20.17,45.52,32.43,21.77,44.09,200.81,134.94,6097,100.0,36.49,1,HLTH_EHIS_MH3,4.7415,2024-03-13
2021,GR,HR130,75_PLUS,X,20.89,25.46,29.48,86.46,13.81,80.61,35.68,50.17,3972,70.27,40.38,1,HLTH_EHIS_MH4,0.6775,2026-01-07
2022,MT,BE1,45_54,F,9.22,13.05,45.55,36.81,9.09,53.11,110.68,36.4,13527,35.98,13.65,1,HLTH_EHIS_MH1,3.6648,2024-04-27
2023,ES,EE27,15_24,M,11.1,16.06,55.03,81.58,17.86,56.56,73.69,13.82,4135,29.06,23.29,1,HLTH_EHIS_MH2,3.143,2025-09-13
2024,CZ,FR455,55_64,X,20.63,13.78,46.42,71.21,11.32,64.08,41.57,103.19,16303,55.3,18.46,0,HLTH_EHIS_MH3,3.0107,2025-09-17
2025,HU,LV233,25_34,F,10.99,8.83,62.34,72.54,6.47,83.5,56.11,20.45,13737,59.8,23.83,0,HLTH_EHIS_MH4,4.4643,2025-01-03
2006,NL,SE293,65_74,M,10.78,23.38,33.79,43.53,12.87,25.78,22.59,118.7,4717,42.5,35.65,0,HLTH_EHIS_MH1,4.2743,2024-01-22
2007,SE,GR982,35_44,X,12.52,6.04,64.62,57.14,5.69,83.51,70.99,114.76,2217,70.24,19.9,0,HLTH_EHIS_MH2,3.0318,2025-10-10
2008,DK,BG310,75_PLUS,F,17.5,6.38,60.62,85.18,17.84,87.14,114.67,101.21,16822,21.54,34.08,0,HLTH_EHIS_MH3,0.8653,2024-02-25
2009,IE,NL438,45_54,M,8.83,13.98,36.0,24.91,27.65,72.14,76.47,53.62,544,63.8,20.16,1,HLTH_EHIS_MH4,4.3994,2025-09-25
2010,PL,FI133,15_24,X,12.26,11.72,49.32,40.59,5.26,63.14,111.94,96.06,14944,25.69,22.14,0,HLTH_EHIS_MH1,1.8709,2025-03-08
2011,AT,EE943,55_64,F,8.71,24.05,66.24,24.75,4.15,31.56,163.86,33.63,896,53.99,15.79,0,HLTH_EHIS_MH2,3.5611,2025-08-17
2012,EE,FR26,25_34,M,7.12,10.7,57.75,14.32,6.28,22.33,152.54,119.94,9023,37.62,7.19,0,HLTH_EHIS_MH3,3.8388,2025-10-01
2013,IT,PT62,65_74,X,16.56,22.56,42.49,49.5,7.45,39.24,158.52,84.0,3343,45.3,11.28,0,HLTH_EHIS_MH4,1.6025,2024-05-26
2014,PT,IT42,35_44,F,12.62,20.9,36.07,25.27,16.43,32.65,52.09,128.56,5515,34.65,7.22,1,HLTH_EHIS_MH1,2.3401,2024-07-24
2015,BE,CY564,75_PLUS,M,22.21,9.62,56.17,37.02,8.93,58.45,122.32,83.94,6991,20.28,39.0,0,HLTH_EHIS_MH2,4.731,2025-04-27
2016,FI,PL9,45_54,X,15.96,21.8,53.01,37.78,3.84,79.05,67.11,23.08,14315,36.52,5.82,1,HLTH_EHIS_MH3,1.648,2024-01-09
2017,LV,RO78,15_24,F,13.17,19.79,59.16,47.43,3.73,50.63,78.37,25.05,944,64.64,25.08,0,HLTH_EHIS_MH4,0.8899,2025-07-15
2018,RO,CZ713,55_64,M,17.96,19.1,42.45,43.21,26.25,23.37,106.6,145.61,4571,55.43,6.38,0,HLTH_EHIS_MH1,0.2821,2025-11-19
2019,BG,FR535,25_34,X,16.81,6.88,48.97,102.12,16.04,79.97,101.16,85.48,8426,45.7,19.75,1,HLTH_EHIS_MH2,4.5857,2025-01-24
2020,FR,EE89,65_74,F,25.44,24.99,30.62,39.52,8.47,90.74,20.47,41.73,19057,35.84,49.42,0,HLTH_EHIS_MH3,1.2931,2024-01-13
2021,LT,AT65,35_44,M,17.9,28.49,53.71,31.23,9.69,56.04,109.51,94.95,2947,50.69,25.49,1,HLTH_EHIS_MH4,4.6901,2024-05-26
2022,SK,CY29,75_PLUS,X,6.94,14.52,43.12,45.99,4.6,27.45,118.9,145.51,3241,43.06,26.65,1,HLTH_EHIS_MH1,1.5985,2024-08-27
2023,HR,ES713,45_54,F,17.69,24.34,45.96,64.42,12.61,45.12,112.98,102.74,216,29.31,31.94,1,HLTH_EHIS_MH2,3.5034,2024-10-11
2024,DE,FI75,15_24,M,14.44,18.83,59.11,21.44,9.52,63.69,36.53,103.15,3183,19.48,21.74,1,HLTH_EHIS_MH3,1.0196,2025-12-06
2025,LU,CY27,55_64,X,19.64,10.87,61.7,48.32,12.04,81.35,115.52,46.89,9518,68.46,20.39,0,HLTH_EHIS_MH4,2.8008,2024-03-20
2006,SI,LT72,25_34,F,21.62,17.25,38.18,16.36,13.9,59.46,53.56,95.18,1933,64.28,28.22,0,HLTH_EHIS_MH1,2.5216,2025-04-30
2007,CY,DK23,65_74,M,16.1,17.53,41.28,58.29,22.73,39.27,10.0,130.43,2061,58.63,25.68,0,HLTH_EHIS_MH2,2.092,2024-05-09
2008,GR,EE980,35_44,X,4.73,17.87,49.0,70.04,16.11,45.28,100.45,95.11,5404,42.06,30.12,0,HLTH_EHIS_MH3,3.2453,2024-01-05
2009,MT,HR4,75_PLUS,F,5.65,25.1,60.05,7.81,19.15,21.75,59.59,154.21,389,25.59,13.84,0,HLTH_EHIS_MH4,1.3138,2025-04-08
2010,ES,LV298,45_54,M,6.64,12.62,37.15,16.67,17.35,43.52,10.69,73.16,6963,62.66,23.27,0,HLTH_EHIS_MH1,4.3972,2024-03-09
2011,CZ,ES88,15_24,X,17.82,5.45,32.14,84.24,16.11,33.59,75.98,100.37,14692,38.81,32.83,0,HLTH_EHIS_MH2,1.7571,2025-03-11
2012,HU,BG66,55_64,F,20.87,16.45,39.23,24.85,7.16,46.15,136.28,51.25,17038,21.38,22.18,0,HLTH_EHIS_MH3,0.8016,2024-03-18
2013,NL,AT91,25_34,M,21.41,9.44,44.36,44.06,22.43,63.38,106.8,82.64,9841,69.85,17.84,0,HLTH_EHIS_MH4,0.2302,2026-02-11
2014,SE,CZ8,65_74,X,10.35,18.55,52.84,9.63,7.93,71.21,110.91,70.6,7947,32.79,37.33,1,HLTH_EHIS_MH1,4.5173,2025-09-24
2015,DK,PL575,35_44,F,15.62,5.88,41.51,27.87,6.59,68.81,85.2,120.54,8512,48.21,26.94,1,HLTH_EHIS_MH2,4.7109,2024-07-26
2016,IE,CY365,75_PLUS,M,16.62,17.95,48.05,10.46,6.2,30.53,42.99,128.62,249,51.76,41.35,1,HLTH_EHIS_MH3,2.9296,2025-03-27
2017,PL,FR998,45_54,X,18.18,16.08,35.93,15.91,18.44,38.73,130.23,25.13,2275,73.06,9.3,0,HLTH_EHIS_MH4,4.3173,2025-08-21
2018,AT,BG205,15_24,F,5.25,15.28,41.35,65.01,7.73,77.55,22.44,110.89,886,42.15,24.13,0,HLTH_EHIS_MH1,0.2604,2025-06-14
2019,EE,DE40,55_64,M,17.42,12.45,42.77,81.91,5.96,63.49,83.84,95.25,9956,21.14,24.46,1,HLTH_EHIS_MH2,1.15,2024-06-18
2020,IT,DK542,25_34,X,7.71,31.88,57.91,57.05,9.69,68.91,42.2,49.79,5340,68.53,35.43,1,HLTH_EHIS_MH3,1.6082,2024-11-16
2021,PT,LT6,65_74,F,14.33,35.57,39.44,41.91,14.54,76.61,157.04,21.39,22580,29.38,33.61,1,HLTH_EHIS_MH4,0.7869,2024-02-04
2022,BE,IT401,35_44,M,12.15,10.58,65.39,68.31,5.15,77.35,115.96,106.9,10264,30.84,13.4,1,HLTH_EHIS_MH1,1.6328,2025-01-26
2023,FI,EE318,75_PLUS,X,17.12,6.68,33.38,63.86,20.13,56.26,26.11,134.72,16406,41.76,13.62,1,HLTH_EHIS_MH2,4.7965,2025-01-22
2024,LV,GR36,45_54,F,10.27,10.73,31.51,76.18,18.32,37.04,7.37,72.8,12444,84.83,19.63,1,HLTH_EHIS_MH3,1.4628,2025-11-30
2025,RO,ES966,15_24,M,21.8,20.87,33.49,41.16,15.4,52.01,31.61,110.96,11342,64.36,12.44,0,HLTH_EHIS_MH4,4.2747,2024-06-02
2006,BG,AT879,55_64,X,16.99,16.49,55.19,34.58,10.27,81.39,42.65,19.41,13986,71.86,23.65,0,HLTH_EHIS_MH1,0.3049,2025-08-30
2007,FR,SK9,25_34,F,8.57,18.17,42.66,42.94,15.91,86.99,108.64,37.24,3968,21.25,18.33,0,HLTH_EHIS_MH2,3.3232,2024-03-17
2008,LT,CZ60,65_74,M,10.88,11.43,59.68,56.99,7.22,49.83,135.44,83.01,12909,18.94,25.53,1,HLTH_EHIS_MH3,0.4549,2025-06-01
2009,SK,RO207,35_44,X,11.54,20.91,62.09,46.31,6.44,79.01,70.02,112.22,9354,68.86,14.05,0,HLTH_EHIS_MH4,3.9621,2024-12-04
2010,HR,LT84,75_PLUS,F,16.01,10.58,38.14,50.25,11.43,48.19,13.61,99.0,16704,26.72,15.02,0,HLTH_EHIS_MH1,1.0315,2024-06-30
2011,DE,CZ1,45_54,M,16.26,9.88,47.16,83.07,16.61,54.37,31.27,70.25,5544,21.68,26.16,0,HLTH_EHIS_MH2,2.7627,2024-05-17
2012,LU,LT83,15_24,X,6.07,13.94,38.76,61.59,11.18,63.54,58.27,53.79,6688,63.18,35.94,0,HLTH_EHIS_MH3,4.6491,2024-02-12
2013,SI,BG6,55_64,F,14.92,20.52,67.46,16.05,20.17,39.02,64.65,122.86,15141,76.16,17.2,0,HLTH_EHIS_MH4,4.5938,2025-05-26
2014,CY,HR22,25_34,M,11.32,16.62,42.67,19.43,19.09,50.37,35.91,61.67,9638,80.33,19.37,1,HLTH_EHIS_MH1,2.277,2024-08-31
2015,GR,DK138,65_74,X,16.47,10.34,41.55,54.81,4.6,49.7,30.33,44.15,4176,69.34,15.16,1,HLTH_EHIS_MH2,1.8611,2025-07-12
2016,MT,IT7,35_44,F,13.63,24.6,34.04,18.51,6.93,57.46,49.59,95.89,6368,55.64,21.65,1,HLTH_EHIS_MH3,3.8261,2024-01-27
2017,ES,LT4,75_PLUS,M,19.66,6.11,45.98,30.11,22.72,38.41,63.92,69.74,15900,40.36,32.36,1,HLTH_EHIS_MH4,0.2494,2025-05-02
2018,CZ,RO77,45_54,X,7.61,20.12,38.34,56.44,11.9,79.3,59.51,129.82,7880,75.62,24.97,1,HLTH_EHIS_MH1,1.508,2025-02-08
2019,HU,CZ64,15_24,F,20.49,11.85,29.12,102.01,15.97,46.77,93.88,65.73,13232,59.97,13.5,1,HLTH_EHIS_MH2,3.9069,2025-10-27
2020,NL,BE167,55_64,M,21.22,21.23,47.99,51.4,21.18,41.48,181.77,60.02,1309,38.25,32.2,1,HLTH_EHIS_MH3,3.3028,2025-06-12
2021,SE,RO8,25_34,X,26.04,16.03,45.82,43.6,4.49,46.59,77.03,43.69,12271,63.85,34.69,1,HLTH_EHIS_MH4,0.4988,2025-05-17
2022,DK,HU99,65_74,F,16.66,28.05,69.61,64.62,19.09,72.66,18.14,186.96,10749,58.03,33.91,1,HLTH_EHIS_MH1,1.5548,2025-11-27
2023,IE,SE45,35_44,M,15.84,18.21,34.33,46.04,17.86,53.12,43.12,104.39,11228,21.77,18.66,1,HLTH_EHIS_MH2,1.9325,2025-08-04
2024,PL,DE4,75_PLUS,X,4.51,5.25,63.17,82.71,17.56,53.71,78.83,54.93,13869,61.84,23.59,0,HLTH_EHIS_MH3,1.5828,2024-08-30
2025,AT,IT808,45_54,F,15.47,14.5,56.39,62.48,13.49,31.8,130.08,105.93,5791,52.52,12.4,1,HLTH_EHIS_MH4,4.3208,2025-03-20
2006,EE,IE107,15_24,M,12.71,5.65,62.59,87.98,10.57,37.71,157.59,72.02,8308,75.46,14.91,0,HLTH_EHIS_MH1,3.8794,2024-03-21
2007,IT,DK29,55_64,X,14.48,6.07,54.43,52.96,18.6,66.81,36.45,150.57,11028,41.14,27.6,0,HLTH_EHIS_MH2,0.9951,2025-09-10
2008,PT,SK3,25_34,F,17.22,26.51,57.12,16.61,6.8,63.94,52.63,111.99,8118,22.01,34.56,0,HLTH_EHIS_MH3,0.8266,2024-09-10
2009,BE,IE5,65_74,M,14.5,14.09,49.87,58.78,10.39,29.97,57.9,54.4,10404,59.91,41.13,0,HLTH_EHIS_MH4,2.3653,2024-06-13
2010,FI,DE88,35_44,X,4.51,11.51,44.96,18.48,12.49,40.12,112.68,49.75,9206,60.59,11.64,0,HLTH_EHIS_MH1,3.3796,2024-03-26
2011,LV,EE32,75_PLUS,F,5.48,26.83,43.26,78.98,5.59,80.68,66.62,28.83,11328,47.95,10.35,0,HLTH_EHIS_MH2,2.3508,2024-09-23
2012,RO,CY31,45_54,M,8.02,14.05,32.34,83.33,21.58,33.88,21.64,107.66,13666,21.84,33.59,0,HLTH_EHIS_MH3,3.7751,2024-10-12
2013,BG,PT9,15_24,X,20.05,24.58,34.97,73.4,3.47,44.63,161.96,51.02,1723,26.13,22.22,0,HLTH_EHIS_MH4,4.0257,2024-10-21
2014,FR,SE4,55_64,F,9.07,15.72,70.22,69.85,11.92,70.87,24.0,30.13,4040,45.37,12.23,1,HLTH_EHIS_MH1,1.9437,2024-11-09
2015,LT,DK13,25_34,M,12.13,19.48,45.35,25.08,18.59,74.14,59.56,15.43,14404,34.85,17.03,1,HLTH_EHIS_MH2,1.5475,2024-10-18
2016,SK,LT174,65_74,X,8.7,8.75,58.15,71.41,8.13,45.65,67.13,129.66,12424,51.79,26.37,0,HLTH_EHIS_MH3,2.5318,2024-07-10
2017,HR,CY36,35_44,F,8.25,17.73,35.67,54.92,12.23,77.53,132.67,96.51,3367,73.75,25.15,1,HLTH_EHIS_MH4,3.6005,2025-04-15
2018,DE,IE457,75_PLUS,M,7.01,7.93,62.1,52.34,11.5,33.21,20.21,39.18,800,42.82,23.27,1,HLTH_EHIS_MH1,2.9132,2025-11-10
2019,LU,AT653,45_54,X,19.35,20.96,30.05,58.65,11.54,53.52,87.55,55.79,15013,48.3,34.93,1,HLTH_EHIS_MH2,1.9073,2025-04-19
2020,SI,FI91,15_24,F,30.38,28.06,38.04,66.42,4.62,35.92,34.74,61.06,13943,92.52,17.43,1,HLTH_EHIS_MH3,2.8891,2024-01-05
2021,CY,LU815,55_64,M,23.41,6.99,34.21,50.55,28.6,64.15,55.46,158.38,17309,57.4,19.28,1,HLTH_EHIS_MH4,2.3711,2025-04-23
2022,GR,FI152,25_34,X,8.87,20.87,72.15,36.66,3.49,56.47,31.18,132.61,5770,48.27,21.78,1,HLTH_EHIS_MH1,3.8926,2025-02-28
2023,MT,BG68,65_74,F,10.61,12.61,43.78,41.75,9.92,26.47,164.7,93.63,7161,37.97,22.56,1,HLTH_EHIS_MH2,1.9675,2024-10-02
2024,ES,BG14,35_44,M,7.65,21.62,36.6,42.03,11.66,65.38,122.6,16.1,10801,58.3,23.75,1,HLTH_EHIS_MH3,3.9146,2024-11-30
2025,CZ,RO5,75_PLUS,X,6.36,22.33,53.64,28.97,11.26,23.14,91.42,81.64,9070,21.92,19.59,0,HLTH_EHIS_MH4,4.6303,2026-02-03
2006,HU,HR9,45_54,F,21.81,21.0,39.28,45.26,9.39,24.6,12.89,128.52,14922,83.5,29.35,0,HLTH_EHIS_MH1,2.1024,2025-12-21
2007,NL,RO701,15_24,M,5.3,13.37,46.56,48.69,6.21,28.72,137.17,74.15,2709,72.38,8.89,0,HLTH_EHIS_MH2,3.2921,2024-10-28
2008,SE,ES781,55_64,X,13.87,21.09,49.56,75.63,18.78,65.22,90.49,181.4,16166,54.19,8.43,0,HLTH_EHIS_MH3,1.844,2025-07-30
2009,DK,PT49,25_34,F,9.46,14.26,60.92,57.31,6.0,42.55,14.13,115.07,6376,34.15,11.26,0,HLTH_EHIS_MH4,1.3038,2024-04-19
2010,IE,GR429,65_74,M,4.5,6.36,66.08,54.66,21.97,53.35,17.27,57.09,12139,31.89,42.66,0,HLTH_EHIS_MH1,1.326,2026-02-20
2011,PL,LV82,35_44,X,17.83,15.13,38.65,77.21,3.32,48.64,98.26,31.08,10803,79.72,13.27,0,HLTH_EHIS_MH2,4.7482,2025-01-08
2012,AT,PT99,75_PLUS,F,12.21,18.76,45.85,40.46,8.91,40.82,48.28,54.91,3546,30.91,10.77,0,HLTH_EHIS_MH3,1.2321,2025-03-12
2013,EE,NL72,45_54,M,10.75,12.26,54.74,25.42,20.89,67.28,100.56,27.17,2503,52.8,15.89,0,HLTH_EHIS_MH4,0.7064,2025-05-18
2014,IT,IE9,15_24,X,4.28,24.19,59.52,46.7,7.88,24.97,102.17,136.96,505,53.89,15.47,1,HLTH_EHIS_MH1,4.4522,2025-04-19
2015,PT,LU675,55_64,F,11.54,14.2,53.67,73.74,16.94,56.55,129.11,87.49,6849,36.13,29.41,0,HLTH_EHIS_MH2,4.7389,2024-12-02
2016,BE,SE3,25_34,M,12.1,7.35,42.65,20.12,7.34,81.96,108.18,104.81,13041,65.05,22.35,0,HLTH_EHIS_MH3,4.6712,2026-02-14
2017,FI,LV19,65_74,X,20.79,17.13,42.62,53.15,18.69,59.91,76.84,179.33,17583,40.12,10.14,0,HLTH_EHIS_MH4,3.9259,2024-12-12
2018,LV,SE97,35_44,F,22.19,20.93,29.84,48.59,5.1,72.91,34.45,55.29,4697,70.73,33.05,1,HLTH_EHIS_MH1,3.4398,2025-02-02
2019,RO,DK68,75_PLUS,M,6.57,10.09,57.22,57.07,5.74,26.78,14.08,146.26,12122,55.21,11.76,1,HLTH_EHIS_MH2,3.2461,2025-05-13
2020,BG,LU83,45_54,X,23.5,21.98,37.62,73.28,9.95,62.57,8.91,19.15,15540,61.12,41.21,1,HLTH_EHIS_MH3,0.616,2026-02-18
2021,FR,HU580,15_24,F,26.85,16.91,34.75,58.94,10.67,26.33,48.06,106.3,20231,79.04,38.01,0,HLTH_EHIS_MH4,1.7737,2024-07-10
2022,LT,SK723,55_64,M,11.01,18.13,58.69,54.37,16.33,46.78,15.81,169.77,8123,63.88,8.27,1,HLTH_EHIS_MH1,1.0986,2024-08-01
2023,SK,LU41,25_34,X,7.6,23.7,46.85,24.32,12.41,59.99,23.3,137.3,11363,70.65,15.54,1,HLTH_EHIS_MH2,0.4261,2026-02-10
2024,HR,HU43,65_74,F,5.6,21.07,41.3,35.11,16.34,69.14,15.43,72.6,11601,45.79,37.78,1,HLTH_EHIS_MH3,1.9499,2025-11-24
2025,DE,HR94,35_44,M,11.99,20.97,68.56,79.0,18.68,62.59,131.78,114.85,6445,23.59,16.1,1,HLTH_EHIS_MH4,0.5347,2025-11-03
2006,LU,DK5,75_PLUS,X,5.93,14.73,72.66,47.27,15.99,45.48,19.15,163.36,9420,56.62,38.84,0,HLTH_EHIS_MH1,1.2042,2024-08-17
2007,SI,IT2,45_54,F,10.51,19.02,63.51,63.53,8.26,80.16,75.91,37.4,327,31.11,12.91,0,HLTH_EHIS_MH2,0.9607,2025-03-27
2008,CY,ES27,15_24,M,19.26,12.98,56.76,95.38,9.01,56.85,47.22,50.74,1412,56.19,20.37,0,HLTH_EHIS_MH3,4.06,2025-07-23
2009,GR,CY2,55_64,X,5.64,21.95,45.87,33.72,11.68,36.5,159.79,183.62,872,48.04,35.53,0,HLTH_EHIS_MH4,1.9761,2025-11-08
2010,MT,MT524,25_34,F,20.12,7.11,34.68,24.3,16.32,33.31,68.21,43.09,16891,26.8,15.01,0,HLTH_EHIS_MH1,4.6973,2025-01-14
2011,ES,LV13,65_74,M,5.75,19.67,56.53,46.47,14.69,58.38,7.26,62.14,8946,20.68,11.45,0,HLTH_EHIS_MH2,4.4073,2026-02-07
2012,CZ,BG77,35_44,X,15.77,12.43,52.78,26.41,4.82,72.43,53.88,138.51,1844,81.83,28.99,0,HLTH_EHIS_MH3,4.3439,2025-04-25
2013,HU,SE205,75_PLUS,F,17.33,23.65,51.72,20.47,18.94,67.3,42.18,117.79,10654,58.91,22.2,0,HLTH_EHIS_MH4,1.6861,2024-05-25
2014,NL,LU965,45_54,M,17.05,23.06,61.14,19.63,25.16,25.61,162.39,28.08,6623,22.36,12.16,1,HLTH_EHIS_MH1,3.1554,2025-06-19
2015,SE,ES39,15_24,X,21.92,26.22,43.13,38.21,14.1,66.44,125.95,83.13,10619,51.26,27.64,0,HLTH_EHIS_MH2,2.0578,2025-12-07
2016,DK,ES421,55_64,F,16.94,26.7,36.37,20.16,9.23,41.56,124.45,37.58,15588,17.8,7.0,0,HLTH_EHIS_MH3,4.4857,2024-03-13
2017,IE,AT559,25_34,M,10.76,10.68,49.15,14.8,9.96,31.35,67.77,133.96,12160,26.05,13.25,1,HLTH_EHIS_MH4,2.0057,2025-09-19
2018,PL,EE519,65_74,X,13.78,14.0,54.02,73.59,17.69,72.32,21.29,177.89,16981,32.08,32.24,0,HLTH_EHIS_MH1,0.9191,2024-12-30
2019,AT,CZ4,35_44,F,4.67,27.54,63.2,52.94,14.56,51.53,37.16,52.64,9975,52.5,10.3,1,HLTH_EHIS_MH2,3.6112,2024-05-28
2020,EE,NL67,75_PLUS,M,18.28,17.62,58.92,43.16,11.7,44.59,93.78,103.0,8889,89.94,17.57,1,HLTH_EHIS_MH3,2.0701,2025-11-04
2021,IT,DE97,45_54,X,14.36,22.2,31.6,71.05,15.46,22.99,125.65,27.21,16842,26.87,14.26,1,HLTH_EHIS_MH4,3.1113,2024-12-30
2022,PT,HU34,15_24,F,16.45,12.74,37.63,56.44,15.64,65.93,126.63,14.48,11808,54.14,15.13,1,HLTH_EHIS_MH1,3.4296,2025-05-18
2023,BE,DK113,55_64,M,11.72,22.77,63.62,24.86,26.92,79.88,126.65,182.38,12958,28.22,33.84,1,HLTH_EHIS_MH2,1.186,2024-02-18
2024,FI,LT9,25_34,X,15.44,5.9,40.94,77.07,13.51,24.91,25.67,129.69,5232,35.52,25.83,1,HLTH_EHIS_MH3,1.9953,2024-04-13
2025,LV,GR1,65_74,F,19.54,15.12,42.78,26.8,17.18,56.76,39.0,165.54,8534,28.27,29.22,1,HLTH_EHIS_MH4,4.4743,2024-05-03
2006,RO,HU344,35_44,M,7.77,15.73,54.25,32.3,12.49,67.15,100.46,92.95,9348,20.44,34.95,0,HLTH_EHIS_MH1,4.7958,2024-08-17
2007,BG,LT3,75_PLUS,X,11.46,21.67,52.58,51.72,9.48,79.85,32.82,62.07,5877,53.59,34.59,0,HLTH_EHIS_MH2,1.7694,2024-01-07
2008,FR,SK20,45_54,F,21.48,19.69,58.34,63.29,11.14,51.75,7.02,63.87,12828,85.89,29.76,1,HLTH_EHIS_MH3,0.8957,2025-07-28
2009,LT,FI92,15_24,M,12.98,19.77,51.66,28.57,8.98,28.65,29.96,76.26,13021,32.46,6.43,0,HLTH_EHIS_MH4,0.5269,2024-07-28
2010,SK,PL82,55_64,X,20.72,7.41,29.87,15.35,20.52,81.53,124.34,64.11,7419,46.29,7.2,0,HLTH_EHIS_MH1,4.3498,2025-08-12
2011,HR,IT558,25_34,F,11.87,7.52,58.58,112.22,4.06,54.77,34.51,81.63,851,25.48,9.47,0,HLTH_EHIS_MH2,1.3124,2024-05-13
2012,DE,PL43,65_74,M,6.92,10.26,41.47,61.52,5.78,48.72,94.7,120.87,9786,23.33,9.43,0,HLTH_EHIS_MH3,0.2074,2026-02-03
2013,LU,FI90,35_44,X,11.43,13.94,44.34,40.48,16.83,78.2,77.17,117.71,9881,51.0,20.01,0,HLTH_EHIS_MH4,3.5009,2025-02-22
2014,SI,HU50,75_PLUS,F,9.93,8.77,69.61,40.04,10.57,72.98,50.22,163.66,1401,21.08,33.79,1,HLTH_EHIS_MH1,1.4892,2024-08-06
2015,CY,DE993,45_54,M,10.43,17.12,37.91,56.95,28.19,82.88,99.8,119.75,2838,70.24,17.79,1,HLTH_EHIS_MH2,1.5087,2024-11-21
2016,GR,PL15,15_24,X,22.88,13.1,30.1,112.8,10.43,48.7,18.93,116.83,15198,64.82,21.98,1,HLTH_EHIS_MH3,1.0718,2024-09-15
2017,MT,FR89,55_64,F,19.61,21.87,52.68,16.25,15.6,57.56,107.97,173.54,12483,49.24,26.98,1,HLTH_EHIS_MH4,1.3669,2025-11-21
2018,ES,CZ54,25_34,M,12.87,22.79,38.32,74.62,14.59,32.56,78.82,134.22,14447,72.61,26.94,1,HLTH_EHIS_MH1,2.176,2025-07-12
2019,CZ,LV2,65_74,X,7.75,20.58,59.0,21.43,20.17,28.13,127.57,21.86,12944,53.93,38.71,0,HLTH_EHIS_MH2,1.2713,2025-04-09
2020,HU,PL6,35_44,F,11.15,33.38,61.9,81.65,6.95,73.52,151.04,65.85,3863,89.31,15.83,1,HLTH_EHIS_MH3,4.7971,2026-01-01
2021,NL,SE19,75_PLUS,M,15.09,30.24,49.71,35.42,24.04,34.48,57.48,161.76,19560,59.56,13.35,1,HLTH_EHIS_MH4,2.351,2025-02-18
2022,SE,CY38,45_54,X,19.36,16.22,33.3,71.18,16.29,87.51,7.72,40.62,16300,49.02,33.9,1,HLTH_EHIS_MH1,4.624,2024-09-06
2023,DK,HU677,15_24,F,18.91,17.23,52.04,73.95,9.27,82.56,58.17,81.35,5810,40.64,32.53,0,HLTH_EHIS_MH2,2.4637,2025-06-22
2024,IE,BE3,55_64,M,13.94,6.0,40.9,21.14,28.7,47.31,74.27,138.18,9203,52.22,11.73,0,HLTH_EHIS_MH3,4.3059,2026-01-09
2025,PL,GR901,25_34,X,19.38,16.49,50.8,88.32,4.66,72.66,86.02,99.89,7706,66.2,22.24,1,HLTH_EHIS_MH4,0.6198,2024-04-24
2006,AT,LU5,65_74,F,20.64,25.82,56.07,64.06,14.16,83.22,8.5,27.56,8162,28.48,28.96,0,HLTH_EHIS_MH1,2.2369,2024-01-08
2007,EE,SE2,35_44,M,14.13,19.78,70.7,15.34,13.73,32.9,140.6,42.46,5409,29.75,8.94,0,HLTH_EHIS_MH2,2.1584,2026-01-26
2008,IT,LT183,75_PLUS,X,11.25,7.68,63.45,37.18,4.36,36.22,46.66,175.49,10654,28.37,41.3,0,HLTH_EHIS_MH3,2.3142,2024-09-08
2009,PT,LT760,45_54,F,5.02,10.23,61.41,82.82,5.31,61.81,130.54,109.71,8965,68.53,8.46,1,HLTH_EHIS_MH4,3.7313,2024-06-19
2010,BE,CZ46,15_24,M,6.85,22.05,46.48,115.1,8.97,52.35,99.48,95.56,8545,47.24,19.04,0,HLTH_EHIS_MH1,2.7729,2025-09-28
2011,FI,DK898,55_64,X,14.33,13.91,38.97,78.75,5.8,59.41,6.96,34.14,15453,25.91,30.01,0,HLTH_EHIS_MH2,1.7658,2026-02-23
2012,LV,BG387,25_34,F,6.49,12.25,35.16,29.51,9.27,76.1,18.1,39.8,8410,20.22,26.01,1,HLTH_EHIS_MH3,1.9862,2025-05-08
2013,RO,DE9,65_74,M,5.02,22.61,42.03,83.83,27.72,77.0,44.54,91.33,8349,61.05,15.85,0,HLTH_EHIS_MH4,2.3659,2024-08-10
2014,BG,AT87,35_44,X,16.99,16.39,52.88,25.82,7.08,58.22,26.09,19.04,11799,36.52,26.22,1,HLTH_EHIS_MH1,1.3857,2024-08-10
2015,FR,DK35,75_PLUS,F,7.2,20.61,40.92,72.14,10.81,42.09,57.1,90.74,658,20.91,21.91,1,HLTH_EHIS_MH2,4.5295,2024-08-31
2016,LT,SE357,45_54,M,15.33,14.06,52.42,59.03,10.22,47.59,125.9,102.8,12090,63.41,27.09,1,HLTH_EHIS_MH3,4.545,2024-08-19
2017,SK,BE28,15_24,X,17.22,17.68,40.77,14.97,15.38,29.84,119.49,129.09,8831,46.49,27.05,1,HLTH_EHIS_MH4,1.3362,2025-09-29
2018,HR,DE305,55_64,F,11.3,20.59,54.02,84.12,19.33,57.25,22.08,29.98,11017,19.27,8.65,1,HLTH_EHIS_MH1,4.1495,2024-09-26
2019,DE,GR6,25_34,M,11.82,20.97,43.82,55.68,20.06,41.17,157.09,13.92,829,43.23,22.4,1,HLTH_EHIS_MH2,4.6577,2025-01-07
2020,LU,CZ146,65_74,X,16.55,8.37,51.6,14.86,13.95,68.47,30.09,174.6,6382,26.53,43.23,0,HLTH_EHIS_MH3,1.4411,2024-01-28
2021,SI,ES388,35_44,F,18.57,19.56,30.48,33.29,3.46,82.83,169.15,25.26,10468,76.62,7.75,0,HLTH_EHIS_MH4,2.4151,2024-09-27
2022,CY,LT68,75_PLUS,M,4.66,14.76,33.7,27.99,10.13,64.03,64.03,48.16,8229,18.43,11.96,1,HLTH_EHIS_MH1,2.0625,2024-03-12
2023,GR,SI51,45_54,X,7.28,18.12,42.3,47.88,5.18,78.53,42.62,47.9,10589,72.23,14.73,1,HLTH_EHIS_MH2,1.6791,2024-01-02
2024,MT,DK413,15_24,F,9.96,22.67,36.71,50.95,3.54,75.23,72.8,26.71,578,74.53,31.97,1,HLTH_EHIS_MH3,0.2308,2026-01-10
2025,ES,RO680,55_64,M,20.44,22.76,59.36,47.84,14.31,47.5,94.35,125.88,987,39.55,31.59,1,HLTH_EHIS_MH4,0.5174,2026-01-28
2006,CZ,LT66,25_34,X,17.49,17.82,46.5,61.67,8.68,65.15,29.46,79.23,11285,75.1,27.55,0,HLTH_EHIS_MH1,1.6004,2024-07-30
2007,HU,IE10,65_74,F,4.46,22.71,71.2,28.92,8.21,32.67,12.13,168.8,7400,33.83,12.64,1,HLTH_EHIS_MH2,3.1702,2024-08-30
2008,NL,NL663,35_44,M,14.14,7.19,54.6,30.98,11.43,51.87,110.94,18.01,17023,34.37,6.12,0,HLTH_EHIS_MH3,2.4912,2025-07-20
2009,SE,BG608,75_PLUS,X,9.83,18.41,56.23,55.57,19.55,71.06,39.18,160.56,12225,57.61,20.14,0,HLTH_EHIS_MH4,1.6094,2026-01-26
2010,DK,SE63,45_54,F,6.81,11.14,75.01,14.95,5.93,59.16,106.31,21.67,10527,76.23,28.42,0,HLTH_EHIS_MH1,0.5488,2024-04-09
2011,IE,LT85,15_24,M,8.47,12.88,69.26,84.46,9.7,41.92,26.15,97.52,9895,52.05,8.51,0,HLTH_EHIS_MH2,4.399,2025-11-02
2012,PL,BG322,55_64,X,12.32,7.22,44.18,33.07,7.47,47.87,14.96,104.04,3199,42.37,9.96,0,HLTH_EHIS_MH3,4.1251,2025-01-25
2013,AT,LU2,25_34,F,23.93,21.17,35.82,58.24,8.27,80.2,108.88,116.92,16735,64.5,31.07,0,HLTH_EHIS_MH4,2.5805,2025-02-11
2014,EE,MT496,65_74,M,13.8,5.06,57.17,34.37,5.29,59.64,100.1,164.88,2560,21.11,16.04,0,HLTH_EHIS_MH1,4.4472,2024-04-24
2015,IT,PL117,35_44,X,9.36,22.32,41.01,35.29,14.54,38.35,152.2,113.49,7343,45.57,27.43,1,HLTH_EHIS_MH2,4.1011,2024-04-02
2016,PT,FR308,75_PLUS,F,9.6,16.8,46.45,53.31,3.81,67.08,26.3,51.65,2087,39.2,38.59,1,HLTH_EHIS_MH3,1.2517,2025-03-22
2017,BE,GR355,45_54,M,13.76,23.47,31.78,55.98,9.18,41.3,157.3,107.91,2322,56.93,7.42,1,HLTH_EHIS_MH4,4.7836,2025-04-17
2018,FI,ES674,15_24,X,19.21,17.82,55.19,83.14,14.03,33.84,99.95,16.26,14541,25.16,17.52,1,HLTH_EHIS_MH1,3.7141,2024-10-29
2019,LV,FR431,55_64,F,19.93,13.24,61.18,84.56,8.31,34.79,22.07,128.21,245,52.96,22.12,1,HLTH_EHIS_MH2,4.3142,2025-10-18
2020,RO,SK21,25_34,M,24.49,9.8,41.1,85.29,19.79,27.46,181.79,22.52,1023,87.73,41.28,0,HLTH_EHIS_MH3,2.6491,2025-08-16
2021,BG,SI475,65_74,X,12.23,29.21,34.32,44.91,20.23,32.68,211.62,79.2,20262,56.29,43.53,1,HLTH_EHIS_MH4,1.9453,2025-05-23
2022,FR,SI64,35_44,F,6.7,9.14,33.94,17.17,9.02,55.16,84.95,69.73,12537,19.37,12.61,0,HLTH_EHIS_MH1,2.1739,2024-10-05
2023,LT,NL387,75_PLUS,M,7.99,7.12,65.43,77.1,23.97,49.97,69.87,153.76,4505,24.97,36.87,1,HLTH_EHIS_MH2,0.92,2024-09-06
2024,SK,SI9,45_54,X,14.28,14.99,34.54,23.75,17.02,57.04,129.05,34.0,9183,81.79,27.19,1,HLTH_EHIS_MH3,2.5337,2025-01-13
2025,HR,BE659,15_24,F,12.04,15.52,63.63,54.56,15.37,49.4,19.47,33.6,10787,37.76,24.38,1,HLTH_EHIS_MH4,2.9927,2024-09-28
2006,DE,ES369,55_64,M,6.04,9.38,72.2,67.48,26.29,38.09,63.97,99.82,8983,75.47,27.16,1,HLTH_EHIS_MH1,3.232,2025-01-20
2007,LU,HU25,25_34,X,13.15,9.15,45.85,36.4,14.04,78.67,61.24,30.48,5564,70.91,18.11,0,HLTH_EHIS_MH2,2.5956,2025-03-16
2008,SI,NL291,65_74,F,6.76,16.38,30.84,66.27,5.58,42.79,42.02,137.05,3095,34.81,38.55,0,HLTH_EHIS_MH3,3.2362,2025-01-31
2009,CY,DK89,35_44,M,10.3,7.4,52.46,53.47,18.73,43.98,50.56,53.17,12786,52.99,12.93,0,HLTH_EHIS_MH4,1.9839,2025-08-28
2010,GR,HU228,75_PLUS,X,14.35,12.16,41.58,54.43,15.43,25.27,146.06,146.48,12520,18.73,10.33,0,HLTH_EHIS_MH1,0.2094,2025-03-19
2011,MT,HR130,45_54,F,15.78,22.28,63.17,18.08,16.79,39.84,75.79,41.4,12316,39.03,10.56,0,HLTH_EHIS_MH2,4.7141,2025-10-30
2012,ES,BE1,15_24,M,17.38,25.87,58.94,83.92,7.98,44.59,69.05,54.3,6567,52.71,33.89,0,HLTH_EHIS_MH3,4.2591,2025-11-19
2013,CZ,EE27,55_64,X,18.09,17.95,31.0,69.52,16.27,76.09,51.9,136.52,3359,46.97,5.91,0,HLTH_EHIS_MH4,0.2998,2024-02-04
2014,HU,FR455,25_34,F,5.07,17.25,34.49,30.82,12.05,32.89,147.46,12.78,11592,33.75,30.92,1,HLTH_EHIS_MH1,2.8015,2024-01-09
2015,NL,LV233,65_74,M,11.58,11.9,65.49,31.3,22.68,80.59,43.92,139.51,8078,67.12,18.11,1,HLTH_EHIS_MH2,1.2501,2025-03-18
2016,SE,SE293,35_44,X,10.79,21.39,49.54,33.85,13.55,38.35,74.07,42.36,10235,50.8,30.64,1,HLTH_EHIS_MH3,2.3072,2025-11-10
2017,DK,GR982,75_PLUS,F,22.39,13.26,54.46,73.0,4.31,52.86,50.38,90.3,4926,27.67,19.49,1,HLTH_EHIS_MH4,4.1543,2025-08-05
2018,IE,BG310,45_54,M,7.73,23.28,64.94,61.9,18.96,58.71,115.1,88.83,3542,77.12,26.43,1,HLTH_EHIS_MH1,4.5179,2025-07-11
2019,PL,NL438,15_24,X,10.23,9.35,55.21,60.93,6.71,53.63,59.42,102.44,13852,17.42,29.01,1,HLTH_EHIS_MH2,1.374,2024-03-01
2020,AT,FI133,55_64,F,16.99,24.47,69.05,36.66,7.14,54.24,117.23,41.91,17357,31.48,7.63,1,HLTH_EHIS_MH3,2.0452,2025-05-29
2021,EE,EE943,25_34,M,27.36,8.61,40.02,84.4,20.29,51.95,101.53,87.23,16421,30.28,27.95,0,HLTH_EHIS_MH4,2.0556,2024-09-05
2022,IT,FR26,65_74,X,4.27,11.44,62.85,63.26,11.75,33.63,81.57,122.28,983,19.74,33.72,1,HLTH_EHIS_MH1,4.4881,2024-02-04
2023,PT,PT62,35_44,F,14.21,24.58,36.73,75.29,6.55,66.39,18.8,22.29,10392,20.81,19.82,0,HLTH_EHIS_MH2,4.7834,2025-03-22
2024,BE,IT42,75_PLUS,M,19.98,7.28,59.67,24.99,17.2,72.53,84.53,52.0,16057,75.0,16.32,1,HLTH_EHIS_MH3,4.3984,2024-12-03
2025,FI,CY564,45_54,X,4.73,14.03,47.67,28.68,13.07,77.01,38.53,119.0,11060,38.07,10.07,0,HLTH_EHIS_MH4,3.6672,2025-06-12
2006,LV,PL9,15_24,F,6.81,16.95,53.68,86.55,3.2,49.67,33.68,67.04,9219,47.99,32.65,0,HLTH_EHIS_MH1,3.7562,2025-11-04
2007,RO,RO78,55_64,M,19.12,17.77,27.69,23.11,18.27,34.69,159.54,77.44,22,64.86,19.65,0,HLTH_EHIS_MH2,1.6146,2024-06-19
2008,BG,CZ713,25_34,X,15.85,14.48,32.23,21.81,7.14,41.48,107.32,64.77,13693,47.88,9.38,0,HLTH_EHIS_MH3,1.4102,2025-06-11
2009,FR,FR535,65_74,F,24.4,8.18,39.5,13.83,20.24,86.53,108.39,154.21,947,25.92,33.25,0,HLTH_EHIS_MH4,1.9411,2025-10-30
2010,LT,EE89,35_44,M,9.05,12.06,54.97,76.14,7.13,62.81,51.13,96.28,1201,22.47,26.42,0,HLTH_EHIS_MH1,0.8169,2024-06-10
2011,SK,AT65,75_PLUS,X,20.78,18.27,42.7,11.03,19.13,78.6,109.9,69.09,16259,25.89,20.09,1,HLTH_EHIS_MH2,4.437,2024-03-29
2012,HR,CY29,45_54,F,14.23,21.49,38.31,42.99,10.88,58.98,41.16,136.11,12703,67.87,26.38,0,HLTH_EHIS_MH3,0.9245,2025-12-01
2013,DE,ES713,15_24,M,15.23,8.9,53.88,69.9,15.19,58.32,11.0,21.21,13554,28.81,13.93,0,HLTH_EHIS_MH4,2.5538,2024-09-27
2014,LU,FI75,55_64,X,5.39,19.01,42.7,43.96,3.93,24.83,137.2,51.75,5278,30.16,22.74,1,HLTH_EHIS_MH1,2.9289,2024-08-12
2015,SI,CY27,25_34,F,19.12,22.63,50.85,50.08,15.89,54.54,72.5,50.19,6399,75.21,34.66,1,HLTH_EHIS_MH2,3.6578,2025-08-30
2016,CY,LT72,65_74,M,21.94,19.26,54.63,29.73,15.31,27.78,156.15,69.01,16758,40.32,11.09,1,HLTH_EHIS_MH3,2.8357,2024-07-06
2017,GR,DK23,35_44,X,7.91,15.78,64.12,37.32,7.23,52.11,120.33,35.88,11512,54.59,22.7,1,HLTH_EHIS_MH4,2.812,2025-06-13
2018,MT,EE980,75_PLUS,F,15.39,20.39,49.23,45.43,10.37,81.17,49.78,142.81,8979,71.96,38.3,1,HLTH_EHIS_MH1,0.4199,2025-10-03
2019,ES,HR4,45_54,M,11.5,22.55,56.78,18.01,26.5,79.58,131.79,57.0,9515,22.78,22.14,1,HLTH_EHIS_MH2,2.4826,2026-02-21
2020,CZ,LV298,15_24,X,28.24,15.04,44.59,17.33,15.19,43.23,38.04,14.74,17885,49.86,41.7,1,HLTH_EHIS_MH3,2.4582,2024-02-21
2021,HU,ES88,55_64,F,20.13,21.57,62.56,32.21,10.67,21.53,79.62,183.19,523,26.26,35.3,1,HLTH_EHIS_MH4,1.826,2025-10-04
2022,NL,BG66,25_34,M,14.16,21.45,38.08,108.83,6.34,56.9,95.27,70.42,3084,24.82,31.02,1,HLTH_EHIS_MH1,1.5963,2025-12-28
2023,SE,AT91,65_74,X,14.71,25.72,36.42,32.68,19.85,79.92,129.59,69.9,12167,52.06,43.61,1,HLTH_EHIS_MH2,4.2582,2024-10-01
2024,DK,CZ8,35_44,F,20.47,11.77,52.62,80.71,16.43,61.94,30.47,81.7,18032,74.27,26.87,1,HLTH_EHIS_MH3,1.0717,2025-03-12
2025,IE,PL575,75_PLUS,M,21.42,21.23,62.35,33.83,16.54,79.72,13.83,63.19,680,32.33,9.85,1,HLTH_EHIS_MH4,4.3534,2024-01-04
2006,PL,CY365,45_54,X,7.94,14.94,38.72,45.88,11.57,30.19,148.45,31.66,6390,59.03,14.12,0,HLTH_EHIS_MH1,2.5781,2024-04-21
2007,AT,FR998,15_24,F,5.06,12.88,47.65,53.4,3.83,47.99,27.01,68.16,5026,48.39,14.64,0,HLTH_EHIS_MH2,1.1656,2025-01-13
2008,EE,BG205,55_64,M,10.03,18.69,41.12,59.61,13.83,79.83,52.13,131.29,1025,50.04,33.1,0,HLTH_EHIS_MH3,3.8396,2024-04-01
2009,IT,DE40,25_34,X,5.36,16.82,73.26,79.97,9.14,79.67,117.82,34.4,4895,39.28,8.88,0,HLTH_EHIS_MH4,1.8354,2026-01-04
2010,PT,DK542,65_74,F,16.58,11.42,33.73,84.64,11.43,65.42,33.39,99.3,3511,35.04,35.54,0,HLTH_EHIS_MH1,3.7629,2024-12-25
2011,BE,LT6,35_44,M,18.51,4.82,52.12,42.86,23.03,83.39,123.52,35.22,16734,51.69,34.92,0,HLTH_EHIS_MH2,1.3363,2025-12-01
2012,FI,IT401,75_PLUS,X,17.08,14.79,32.25,32.87,6.31,80.46,136.5,73.91,16877,53.55,23.49,0,HLTH_EHIS_MH3,1.065,2024-05-19
2013,LV,EE318,45_54,F,16.57,9.25,34.74,59.68,7.35,78.22,39.33,99.48,5958,53.44,23.81,0,HLTH_EHIS_MH4,1.9787,2025-07-17
2014,RO,GR36,15_24,M,17.05,6.05,46.71,52.91,23.58,37.15,144.37,138.16,12884,34.32,20.41,1,HLTH_EHIS_MH1,3.7749,2025-11-08
2015,BG,ES966,55_64,X,13.26,19.58,33.99,26.04,16.16,43.18,14.52,97.46,13592,20.48,13.4,1,HLTH_EHIS_MH2,0.4616,2024-12-17
2016,FR,AT879,25_34,F,18.96,18.86,47.74,50.8,10.79,79.13,24.67,113.38,12282,39.94,21.72,0,HLTH_EHIS_MH3,0.4573,2025-09-05
2017,LT,SK9,65_74,M,18.07,9.98,38.06,77.08,7.92,35.58,107.97,102.67,2486,28.07,40.67,1,HLTH_EHIS_MH4,1.9677,2025-07-31
2018,SK,CZ60,35_44,X,15.6,11.11,56.08,35.76,6.71,59.8,120.09,114.15,6833,26.1,26.17,1,HLTH_EHIS_MH1,4.7369,2024-12-22
2019,HR,RO207,75_PLUS,F,19.07,21.58,61.19,58.42,4.07,31.09,108.33,145.35,9809,22.41,23.13,1,HLTH_EHIS_MH2,0.3942,2024-09-21
2020,DE,LT84,45_54,M,12.27,18.64,36.6,104.33,22.21,66.12,168.37,44.73,13649,91.47,12.82,1,HLTH_EHIS_MH3,2.5452,2025-07-16
2021,LU,CZ1,15_24,X,28.37,30.71,56.69,108.51,15.69,22.23,158.01,107.85,5248,32.16,21.37,1,HLTH_EHIS_MH4,2.623,2025-05-10
2022,SI,LT83,55_64,F,18.1,16.66,50.65,31.1,16.68,27.29,104.33,21.42,6509,32.59,24.55,1,HLTH_EHIS_MH1,3.2513,2024-05-29
2023,CY,BG6,25_34,M,4.82,19.93,71.38,44.15,5.94,65.7,64.75,82.17,13629,52.97,23.76,1,HLTH_EHIS_MH2,4.7321,2024-05-11
2024,GR,HR22,65_74,X,10.2,12.28,63.53,58.46,8.07,71.7,33.27,106.06,6655,46.16,17.86,1,HLTH_EHIS_MH3,4.1448,2024-05-27
2025,MT,DK138,35_44,F,17.63,22.41,52.93,38.24,5.36,66.23,78.11,104.89,8938,40.26,33.54,1,HLTH_EHIS_MH4,3.4583,2024-12-13
2006,ES,IT7,75_PLUS,M,14.73,20.06,44.32,74.04,6.17,46.92,109.93,108.38,8054,50.78,20.85,0,HLTH_EHIS_MH1,2.2072,2025-03-09
2007,CZ,LT4,45_54,X,15.45,8.92,37.59,45.97,9.84,34.77,55.1,69.45,7667,67.8,23.47,0,HLTH_EHIS_MH2,2.8774,2025-09-08
2008,HU,RO77,15_24,F,21.47,10.11,31.93,67.15,9.62,57.05,59.91,104.33,11515,48.65,10.74,0,HLTH_EHIS_MH3,1.8821,2024-10-22
2009,NL,CZ64,55_64,M,21.18,19.34,44.07,39.07,24.95,43.8,107.82,59.01,10351,39.65,12.47,0,HLTH_EHIS_MH4,4.0588,2024-01-25
2010,SE,BE167,25_34,X,20.95,15.77,61.51,65.94,15.73,87.06,35.84,87.51,12532,34.8,12.07,0,HLTH_EHIS_MH1,4.6689,2024-02-17
2011,DK,RO8,65_74,F,10.24,8.61,66.78,70.18,8.42,51.0,90.9,92.86,7050,55.33,16.42,0,HLTH_EHIS_MH2,3.0094,2025-06-10
2012,IE,HU99,35_44,M,15.63,16.21,46.65,10.64,12.95,62.84,48.3,24.32,9563,54.31,20.41,0,HLTH_EHIS_MH3,2.4919,2024-05-24
2013,PL,SE45,75_PLUS,X,14.19,12.27,48.43,46.26,7.36,79.52,89.34,168.86,16359,70.28,29.7,1,HLTH_EHIS_MH4,1.296,2024-05-10
2014,AT,DE4,45_54,F,10.72,23.16,51.4,24.04,17.16,32.51,59.45,13.87,10957,53.42,16.27,1,HLTH_EHIS_MH1,0.2542,2025-06-15
2015,EE,IT808,15_24,M,22.11,13.25,32.14,100.8,17.05,66.02,85.18,43.84,10557,18.39,12.53,1,HLTH_EHIS_MH2,0.3612,2025-08-04
2016,IT,IE107,55_64,X,13.56,21.06,46.98,53.9,12.36,23.91,163.49,34.0,5875,22.42,21.9,1,HLTH_EHIS_MH3,1.7731,2025-03-21
2017,PT,DK29,25_34,F,10.34,13.15,35.91,15.23,13.48,27.43,98.73,35.72,2297,47.61,21.06,1,HLTH_EHIS_MH4,2.7573,2026-02-08
2018,BE,SK3,65_74,M,18.51,5.84,44.24,55.81,17.37,51.27,36.06,133.91,666,41.97,25.46,1,HLTH_EHIS_MH1,3.1996,2025-10-12
2019,FI,IE5,35_44,X,18.13,11.43,39.58,12.37,14.8,32.01,43.98,124.6,9199,71.32,30.02,1,HLTH_EHIS_MH2,1.3683,2025-05-23
2020,LV,DE88,75_PLUS,F,26.83,34.49,33.51,58.7,20.52,22.58,153.65,23.93,8381,81.93,45.37,1,HLTH_EHIS_MH3,0.2814,2025-01-02
2021,RO,EE32,45_54,M,9.56,9.92,42.7,75.64,21.13,64.81,116.9,127.34,8572,81.18,29.78,0,HLTH_EHIS_MH4,2.0397,2024-08-03
2022,BG,CY31,15_24,X,11.81,14.4,47.14,18.21,14.69,82.95,96.58,75.95,10629,25.26,15.44,1,HLTH_EHIS_MH1,2.8878,2025-04-18
2023,FR,PT9,55_64,F,9.66,5.85,50.04,69.52,13.06,83.95,29.39,149.58,480,33.63,30.23,1,HLTH_EHIS_MH2,1.481,2024-01-15
2024,LT,SE4,25_34,M,14.73,16.38,49.66,90.34,13.2,25.33,25.84,42.61,11380,21.81,9.84,1,HLTH_EHIS_MH3,2.322,2024-12-05
2025,SK,DK13,65_74,X,4.79,11.94,70.85,82.44,18.03,35.89,47.97,122.21,8711,62.42,9.4,1,HLTH_EHIS_MH4,1.1078,2025-01-29
2006,HR,LT174,35_44,F,17.88,23.27,38.63,42.36,10.63,30.79,97.37,56.6,2940,33.17,26.6,0,HLTH_EHIS_MH1,4.4516,2025-09-21
2007,DE,CY36,75_PLUS,M,21.46,6.22,37.07,52.12,11.97,37.77,49.67,157.7,9524,18.25,35.61,0,HLTH_EHIS_MH2,1.9903,2025-09-03
2008,LU,IE457,45_54,X,9.45,6.02,64.25,34.06,10.65,51.06,90.29,41.09,1436,61.18,17.89,0,HLTH_EHIS_MH3,4.7801,2025-09-28
2009,SI,AT653,15_24,F,15.4,21.48,55.13,55.73,12.99,63.14,51.24,111.2,16174,52.07,32.93,0,HLTH_EHIS_MH4,1.1803,2024-03-21
2010,CY,FI91,55_64,M,14.75,15.4,34.58,22.06,6.43,77.68,118.43,26.24,16902,70.84,28.45,0,HLTH_EHIS_MH1,2.201,2024-09-19
2011,GR,LU815,25_34,X,10.28,8.78,68.25,75.91,9.05,57.53,82.06,100.75,419,81.8,19.34,1,HLTH_EHIS_MH2,3.9057,2024-07-28
2012,MT,FI152,65_74,F,20.95,16.62,33.3,55.56,14.76,76.92,77.25,119.55,6524,38.61,10.36,0,HLTH_EHIS_MH3,2.6822,2026-02-10
2013,ES,BG68,35_44,M,16.84,11.24,38.14,42.91,12.57,43.22,50.37,63.5,2465,24.39,7.54,0,HLTH_EHIS_MH4,3.223,2026-01-10
2014,CZ,BG14,75_PLUS,X,19.93,21.83,52.71,13.59,18.81,47.92,127.43,23.81,1240,27.26,17.38,1,HLTH_EHIS_MH1,1.8079,2024-12-21
2015,HU,RO5,45_54,F,9.13,13.61,60.57,18.24,19.99,63.77,23.34,132.24,5600,54.22,22.04,1,HLTH_EHIS_MH2,1.8282,2025-10-02
2016,NL,HR9,15_24,M,12.56,11.51,54.36,27.2,23.14,39.54,19.91,22.8,10596,58.78,30.77,1,HLTH_EHIS_MH3,4.7174,2024-12-28
2017,SE,RO701,55_64,X,18.79,8.08,43.64,60.31,15.79,62.5,132.74,55.6,13853,17.25,35.35,1,HLTH_EHIS_MH4,3.4107,2024-09-14
2018,DK,ES781,25_34,F,19.38,19.89,48.03,82.7,12.18,83.87,111.36,120.3,14511,84.73,32.86,1,HLTH_EHIS_MH1,1.7644,2025-09-06
2019,IE,PT49,65_74,M,10.52,13.53,52.62,12.5,11.39,42.68,132.87,68.29,11893,48.51,39.19,1,HLTH_EHIS_MH2,1.423,2025-05-27
2020,PL,GR429,35_44,X,7.14,29.46,58.71,15.44,12.4,28.53,160.11,77.54,8737,91.44,30.74,1,HLTH_EHIS_MH3,3.9915,2025-11-08
2021,AT,LV82,75_PLUS,F,29.21,34.88,30.18,36.26,16.72,40.38,126.29,133.99,13128,91.64,46.04,1,HLTH_EHIS_MH4,2.8651,2024-05-26
2022,EE,PT99,45_54,M,4.49,8.44,55.09,53.87,5.39,29.32,11.96,22.57,12811,69.01,35.67,1,HLTH_EHIS_MH1,1.8705,2024-02-14
2023,IT,NL72,15_24,X,18.49,25.93,41.83,60.63,4.47,67.15,92.29,52.77,16196,71.99,34.83,0,HLTH_EHIS_MH2,1.2346,2024-10-30
2024,PT,IE9,55_64,F,7.58,17.35,60.28,28.41,11.38,33.15,64.01,168.57,7566,54.62,24.57,0,HLTH_EHIS_MH3,2.584,2025-10-13
2025,BE,LU675,25_34,M,19.03,25.5,37.18,117.47,18.24,49.28,111.87,63.42,12078,31.06,18.67,0,HLTH_EHIS_MH4,2.8268,2024-11-02
2006,FI,SE3,65_74,X,11.56,24.57,60.96,18.49,18.38,72.09,120.96,182.14,13187,25.1,11.75,0,HLTH_EHIS_MH1,3.5948,2024-12-24
2007,LV,LV19,35_44,F,17.22,12.79,36.8,71.7,4.19,69.26,14.98,100.55,349,26.6,26.39,0,HLTH_EHIS_MH2,4.7453,2026-01-09
2008,RO,SE97,75_PLUS,M,8.82,11.17,67.16,79.42,15.81,65.18,17.21,77.71,5716,62.78,42.28,0,HLTH_EHIS_MH3,1.0879,2024-04-22
2009,BG,DK68,45_54,X,9.93,5.57,46.01,36.15,5.59,22.09,157.52,19.76,9006,56.19,31.69,0,HLTH_EHIS_MH4,0.696,2025-11-20
2010,FR,LU83,15_24,F,11.67,26.85,59.07,49.76,7.45,29.14,31.71,68.49,8423,17.74,21.1,0,HLTH_EHIS_MH1,3.0143,2025-07-24
2011,LT,HU580,55_64,M,8.8,8.08,60.41,23.94,16.75,32.39,41.78,30.76,8091,77.65,22.53,0,HLTH_EHIS_MH2,2.95,2025-05-22
2012,SK,SK723,25_34,X,6.28,18.52,58.73,70.47,14.34,25.47,132.05,17.07,696,45.99,7.68,0,HLTH_EHIS_MH3,1.0538,2024-03-04
2013,HR,LU41,65_74,F,6.83,23.4,39.34,33.62,12.75,24.41,71.79,23.9,5830,36.18,26.88,0,HLTH_EHIS_MH4,4.6509,2025-01-09
2014,DE,HU43,35_44,M,6.95,22.43,51.74,15.41,6.32,31.64,58.04,134.92,6770,76.68,26.6,0,HLTH_EHIS_MH1,1.9735,2024-04-10
2015,LU,HR94,75_PLUS,X,19.89,11.65,47.78,69.3,12.27,50.91,58.42,22.88,2208,18.86,24.89,1,HLTH_EHIS_MH2,3.3095,2024-11-19
2016,SI,DK5,45_54,F,16.14,22.35,60.02,45.5,10.25,42.21,29.57,129.55,12011,43.8,23.96,0,HLTH_EHIS_MH3,0.6818,2025-09-15
2017,CY,IT2,15_24,M,13.3,9.22,69.54,85.95,7.54,40.6,147.29,130.84,17869,41.08,11.68,1,HLTH_EHIS_MH4,4.489,2025-01-28
2018,GR,ES27,55_64,X,12.1,14.5,34.29,52.64,19.06,52.76,8.46,160.6,10895,18.82,21.84,1,HLTH_EHIS_MH1,3.8197,2025-06-10
2019,MT,CY2,25_34,F,18.7,14.46,36.29,23.18,10.76,39.21,111.12,13.09,5544,64.74,24.15,1,HLTH_EHIS_MH2,4.7091,2024-11-26
2020,ES,MT524,65_74,M,18.52,6.33,57.06,96.37,25.82,52.99,131.46,131.61,5962,73.54,42.8,1,HLTH_EHIS_MH3,1.68,2025-06-04
2021,CZ,LV13,35_44,X,10.18,24.17,33.57,101.88,14.91,29.6,10.63,127.3,1311,66.98,36.01,1,HLTH_EHIS_MH4,3.1996,2025-08-13
2022,HU,BG77,75_PLUS,F,13.09,19.21,40.3,46.78,15.9,38.48,124.55,180.11,2050,26.55,21.1,1,HLTH_EHIS_MH1,3.7043,2024-11-21
2023,NL,SE205,45_54,M,15.73,21.37,64.17,18.76,18.17,79.26,86.25,136.46,16487,63.35,22.32,0,HLTH_EHIS_MH2,0.3085,2025-11-02
2024,SE,LU965,15_24,X,8.55,24.72,52.48,34.48,15.36,29.62,24.49,45.33,5807,67.72,15.97,1,HLTH_EHIS_MH3,3.6553,2025-06-22
2025,DK,ES39,55_64,F,11.3,17.06,46.18,38.99,17.42,71.88,7.78,176.89,3018,53.53,28.61,1,HLTH_EHIS_MH4,1.02,2025-03-25
2006,IE,ES421,25_34,M,13.15,17.79,41.87,37.46,4.73,25.21,67.62,114.07,1011,40.94,10.42,0,HLTH_EHIS_MH1,2.126,2024-11-18
2007,PL,AT559,65_74,X,7.95,22.14,36.53,32.87,17.65,65.5,33.78,80.02,9970,49.88,29.66,1,HLTH_EHIS_MH2,4.0566,2025-12-17
2008,AT,EE519,35_44,F,5.84,26.44,65.78,20.16,4.16,72.31,15.15,44.79,1330,24.57,24.51,0,HLTH_EHIS_MH3,4.2965,2025-11-15
2009,EE,CZ4,75_PLUS,M,13.17,19.49,46.46,19.52,11.33,25.41,122.38,39.04,15092,22.28,27.72,0,HLTH_EHIS_MH4,4.7213,2025-05-31
2010,IT,NL67,45_54,X,7.78,10.15,60.56,63.63,9.43,83.35,55.47,113.76,5848,54.75,24.67,0,HLTH_EHIS_MH1,4.1204,2024-12-20
2011,PT,DE97,15_24,F,12.23,15.11,47.84,40.0,13.01,44.29,121.0,18.23,13030,66.55,7.61,0,HLTH_EHIS_MH2,3.122,2024-11-08
2012,BE,HU34,55_64,M,20.49,7.77,42.2,38.96,16.22,43.3,159.14,38.92,10954,44.33,12.17,0,HLTH_EHIS_MH3,4.1251,2025-07-26
2013,FI,DK113,25_34,X,8.82,16.76,57.76,98.83,9.77,45.09,30.01,73.25,3291,51.78,35.7,1,HLTH_EHIS_MH4,0.9632,2024-03-20
2014,LV,LT9,65_74,F,15.95,14.02,57.14,48.79,13.27,73.22,95.22,41.12,8964,77.47,33.28,1,HLTH_EHIS_MH1,3.742,2024-06-24
2015,RO,GR1,35_44,M,18.05,8.47,43.8,31.3,19.68,31.77,7.61,77.91,11925,35.09,32.35,1,HLTH_EHIS_MH2,4.1494,2026-02-23
2016,BG,HU344,75_PLUS,X,5.1,26.34,68.42,12.55,4.39,60.93,92.65,181.35,11811,17.78,32.76,1,HLTH_EHIS_MH3,2.4242,2025-08-09
2017,FR,LT3,45_54,F,18.39,13.17,58.25,55.21,14.96,53.94,53.81,94.99,4325,74.28,27.35,1,HLTH_EHIS_MH4,3.2804,2025-11-09
2018,LT,SK20,15_24,M,21.07,20.71,61.05,76.52,9.89,40.61,88.3,81.49,5755,48.05,27.19,1,HLTH_EHIS_MH1,3.4469,2024-03-16
2019,SK,FI92,55_64,X,20.62,21.49,30.62,9.37,19.5,76.18,134.02,139.7,11869,77.3,13.05,0,HLTH_EHIS_MH2,1.0105,2025-08-18
2020,HR,PL82,25_34,F,27.28,14.9,33.88,47.61,9.58,39.27,167.36,119.32,21222,88.24,41.28,1,HLTH_EHIS_MH3,3.4719,2024-05-14
2021,DE,IT558,65_74,M,23.55,16.61,32.53,105.12,21.67,25.34,150.7,61.84,7035,48.43,51.04,1,HLTH_EHIS_MH4,1.5823,2025-10-07
2022,LU,PL43,35_44,X,7.94,14.31,38.37,76.66,8.74,42.3,137.04,72.03,13417,69.26,29.39,0,HLTH_EHIS_MH1,2.9768,2024-10-09
2023,SI,FI90,75_PLUS,F,5.16,8.85,58.44,65.01,7.92,38.09,92.77,85.33,2451,24.57,33.85,1,HLTH_EHIS_MH2,4.2732,2024-09-16
2024,CY,HU50,45_54,M,5.29,19.0,68.31,54.31,28.33,65.07,22.07,89.45,7109,35.39,35.93,1,HLTH_EHIS_MH3,1.3465,2025-08-15
2025,GR,DE993,15_24,X,17.16,16.03,50.8,81.78,7.22,21.92,102.79,127.71,5286,57.08,30.73,1,HLTH_EHIS_MH4,0.8535,2024-11-28
2006,MT,PL15,55_64,F,11.56,12.51,62.66,73.07,13.25,57.47,78.04,49.01,7077,32.47,26.11,0,HLTH_EHIS_MH1,1.3806,2025-10-22
2007,ES,FR89,25_34,M,13.13,23.9,59.31,96.96,15.38,35.81,44.03,108.17,8496,42.65,17.01,0,HLTH_EHIS_MH2,3.28,2024-01-02
2008,CZ,CZ54,65_74,X,6.4,7.25,49.18,82.04,9.78,46.78,80.59,92.16,12735,39.72,17.88,1,HLTH_EHIS_MH3,1.098,2025-08-18
2009,HU,LV2,35_44,F,19.15,8.82,55.96,19.2,12.98,42.15,22.25,33.39,5557,57.15,33.89,0,HLTH_EHIS_MH4,1.9966,2025-03-18
2010,NL,PL6,75_PLUS,M,15.96,11.21,34.96,52.54,27.98,51.91,71.02,38.69,7194,63.95,31.37,0,HLTH_EHIS_MH1,4.4607,2026-02-18
2011,SE,SE19,45_54,X,14.07,17.55,50.28,43.62,4.42,61.71,127.8,29.15,10088,34.45,13.2,0,HLTH_EHIS_MH2,0.5246,2025-02-16
2012,DK,CY38,15_24,F,7.43,8.44,55.37,32.32,3.56,57.34,126.23,134.5,3851,45.91,14.06,0,HLTH_EHIS_MH3,4.385,2024-09-12
2013,IE,HU677,55_64,M,5.84,13.25,57.02,31.53,22.92,67.78,114.45,90.1,6118,34.63,11.57,0,HLTH_EHIS_MH4,4.3885,2025-05-17
2014,PL,BE3,25_34,X,16.71,16.3,43.45,42.84,4.93,39.36,13.1,52.96,4477,44.49,18.13,1,HLTH_EHIS_MH1,1.3111,2025-04-16
2015,AT,GR901,65_74,F,17.5,23.52,56.75,68.38,9.15,72.31,77.33,130.2,174,69.89,12.26,0,HLTH_EHIS_MH2,4.2764,2025-07-02
2016,EE,LU5,35_44,M,10.57,15.74,65.26,34.67,21.67,52.05,70.68,47.53,10593,69.24,13.11,1,HLTH_EHIS_MH3,3.1648,2024-07-05
2017,IT,SE2,75_PLUS,X,21.21,15.08,43.38,18.32,10.04,73.61,49.98,171.14,12528,53.67,10.74,0,HLTH_EHIS_MH4,3.3297,2025-11-04
2018,PT,LT183,45_54,F,19.26,6.61,30.75,30.41,19.9,79.17,88.9,59.01,7286,50.63,19.76,1,HLTH_EHIS_MH1,2.1069,2025-08-13
2019,BE,LT760,15_24,M,8.9,8.54,31.04,92.08,22.34,64.52,80.55,47.17,11170,55.7,33.79,1,HLTH_EHIS_MH2,1.6128,2025-08-23
2020,FI,CZ46,55_64,X,14.32,8.51,53.77,73.25,16.38,42.34,104.72,124.77,7903,35.12,25.7,0,HLTH_EHIS_MH3,2.1634,2024-08-11
2021,LV,DK898,25_34,F,5.64,28.53,77.87,111.12,12.76,47.7,145.71,128.09,9892,26.5,15.52,1,HLTH_EHIS_MH4,4.1111,2024-06-23
2022,RO,BG387,65_74,M,11.77,15.81,50.97,69.35,20.28,52.52,42.78,43.96,12603,19.74,41.13,1,HLTH_EHIS_MH1,2.681,2025-03-05
2023,BG,DE9,35_44,X,9.5,23.94,67.84,15.24,7.5,60.92,104.36,76.72,13232,50.76,18.57,1,HLTH_EHIS_MH2,3.946,2024-11-09
2024,FR,AT87,75_PLUS,F,5.82,15.28,44.01,23.86,12.36,56.35,13.67,89.01,3476,69.14,10.75,1,HLTH_EHIS_MH3,2.3488,2024-09-03
2025,LT,DK35,45_54,M,14.62,8.41,37.36,28.31,12.18,76.72,63.37,66.91,13662,21.17,35.59,1,HLTH_EHIS_MH4,2.1277,2024-06-24
2006,SK,SE357,15_24,X,10.86,17.6,39.2,90.98,9.13,74.35,105.27,60.47,7921,18.8,23.45,0,HLTH_EHIS_MH1,0.2574,2025-07-22
2007,HR,BE28,55_64,F,20.65,25.25,47.22,46.17,12.88,21.98,69.58,181.54,5628,48.01,9.82,0,HLTH_EHIS_MH2,1.8105,2024-09-10
2008,DE,DE305,25_34,M,16.51,21.23,51.2,52.19,6.6,24.46,58.79,57.79,5331,60.38,34.22,0,HLTH_EHIS_MH3,3.2971,2025-02-03
2009,LU,GR6,65_74,X,6.95,7.22,51.64,27.72,7.39,67.21,119.12,49.96,775,31.5,15.01,0,HLTH_EHIS_MH4,1.7461,2024-06-23
2010,SI,CZ146,35_44,F,17.72,19.29,53.11,45.67,13.92,23.85,83.15,119.37,922,55.55,25.36,0,HLTH_EHIS_MH1,4.6064,2025-05-04
2011,CY,ES388,75_PLUS,M,22.3,7.68,28.67,21.58,23.34,81.65,58.98,79.22,13239,35.49,28.16,0,HLTH_EHIS_MH2,0.9546,2025-06-17
2012,GR,LT68,45_54,X,5.86,14.67,65.58,62.1,16.32,36.67,108.16,131.23,7842,73.65,23.29,0,HLTH_EHIS_MH3,4.7418,2024-09-07
2013,MT,SI51,15_24,F,21.22,25.22,58.96,111.75,13.01,52.0,63.32,42.27,1243,72.38,8.53,1,HLTH_EHIS_MH4,0.3116,2025-08-27
2014,ES,DK413,55_64,M,13.5,11.27,55.87,57.75,18.3,22.19,42.99,97.72,8405,26.23,10.97,1,HLTH_EHIS_MH1,3.9805,2025-11-24
2015,CZ,RO680,25_34,X,18.51,25.53,38.51,45.44,4.07,39.6,42.49,134.51,15959,24.43,30.5,0,HLTH_EHIS_MH2,1.6673,2025-08-02
2016,HU,LT66,65_74,F,16.4,12.56,58.42,41.57,6.78,51.21,59.47,139.26,14502,24.56,17.78,1,HLTH_EHIS_MH3,0.4163,2024-01-27
2017,NL,IE10,35_44,M,9.27,10.31,58.11,60.91,14.21,24.63,135.12,109.12,4960,39.24,17.08,1,HLTH_EHIS_MH4,0.2528,2024-10-05
2018,SE,NL663,75_PLUS,X,8.65,17.47,49.11,59.43,8.21,39.14,64.66,102.88,8164,61.29,14.84,0,HLTH_EHIS_MH1,1.4115,2024-09-22
2019,DK,BG608,45_54,F,15.21,24.23,57.84,83.32,10.63,40.68,18.63,64.36,14012,23.74,25.13,1,HLTH_EHIS_MH2,1.8299,2025-08-17
2020,IE,SE63,15_24,M,8.83,22.79,66.29,59.66,13.73,57.71,98.21,62.93,15976,27.22,24.02,0,HLTH_EHIS_MH3,4.448,2025-10-29
2021,PL,LT85,55_64,X,24.36,28.58,52.6,99.49,19.77,46.11,76.36,55.4,20673,97.14,31.46,1,HLTH_EHIS_MH4,0.523,2025-02-08
2022,AT,BG322,25_34,F,11.25,15.59,50.22,28.1,10.85,66.55,12.47,122.73,10861,49.74,6.34,1,HLTH_EHIS_MH1,1.1159,2024-12-17
2023,EE,LU2,65_74,M,10.54,8.73,35.6,61.42,5.3,66.48,66.65,65.99,8809,68.75,30.38,1,HLTH_EHIS_MH2,4.1596,2025-05-10
2024,IT,MT496,35_44,X,5.77,5.59,36.27,31.89,16.17,57.11,28.48,92.5,3010,27.24,28.34,1,HLTH_EHIS_MH3,0.9897,2025-10-26
2025,PT,PL117,75_PLUS,F,23.57,21.2,32.6,17.55,18.69,51.64,30.57,19.07,8820,39.33,16.07,1,HLTH_EHIS_MH4,2.6742,2024-10-26
2006,BE,FR308,45_54,M,9.78,9.38,71.63,74.98,17.59,68.29,69.17,80.93,1151,27.43,19.6,1,HLTH_EHIS_MH1,0.8086,2025-02-11
2007,FI,GR355,15_24,X,6.81,20.5,49.57,18.64,5.91,59.5,34.46,35.06,10656,37.04,29.31,0,HLTH_EHIS_MH2,3.0902,2025-10-04
2008,LV,ES674,55_64,F,23.49,15.31,30.05,79.99,17.63,74.78,54.05,54.43,14424,44.59,14.45,0,HLTH_EHIS_MH3,4.5797,2025-04-19
2009,RO,FR431,25_34,M,15.88,6.87,40.81,78.29,15.8,29.53,59.77,131.44,14456,84.4,13.61,0,HLTH_EHIS_MH4,3.4969,2024-01-31
2010,BG,SK21,65_74,X,13.36,7.7,39.99,68.8,11.71,25.65,89.65,130.83,12090,55.03,23.78,0,HLTH_EHIS_MH1,1.4112,2024-06-04
2011,FR,SI475,35_44,F,17.67,23.72,50.25,8.02,6.25,76.24,18.79,130.87,3147,64.43,10.2,0,HLTH_EHIS_MH2,3.1232,2024-02-20
2012,LT,SI64,75_PLUS,M,21.07,10.48,49.11,23.71,16.68,29.05,113.19,27.01,11867,68.33,26.65,0,HLTH_EHIS_MH3,3.0982,2025-10-26
2013,SK,NL387,45_54,X,6.41,16.03,66.91,63.29,4.53,43.3,50.79,29.43,6985,62.16,24.16,0,HLTH_EHIS_MH4,4.5084,2024-04-19
2014,HR,SI9,15_24,F,9.14,24.45,55.05,44.74,5.53,42.09,111.28,32.18,11734,73.71,30.51,0,HLTH_EHIS_MH1,2.1032,2025-05-22
2015,DE,BE659,55_64,M,20.94,20.19,44.7,10.73,21.43,53.71,6.32,95.09,5401,50.19,24.81,1,HLTH_EHIS_MH2,1.8513,2024-03-01
2016,LU,ES369,25_34,X,7.01,7.5,43.8,66.1,9.72,35.47,12.64,107.87,1520,22.86,8.06,1,HLTH_EHIS_MH3,2.004,2024-08-23
2017,SI,HU25,65_74,F,18.53,27.22,55.8,53.99,17.07,26.89,150.95,112.21,5254,29.86,27.5,1,HLTH_EHIS_MH4,1.9371,2024-12-06
2018,CY,NL291,35_44,M,9.89,13.87,46.63,67.33,15.67,47.59,85.45,140.08,9233,22.15,18.14,0,HLTH_EHIS_MH1,4.1575,2025-06-19
2019,GR,DK89,75_PLUS,X,4.59,21.62,39.35,72.73,16.48,39.9,79.9,69.58,1945,55.66,18.09,0,HLTH_EHIS_MH2,4.7125,2025-03-10
2020,MT,HU228,45_54,F,9.93,32.71,61.31,46.41,14.65,69.6,84.68,122.52,8461,57.36,32.22,1,HLTH_EHIS_MH3,3.9512,2024-08-31
2021,ES,HR130,15_24,M,12.53,13.82,47.04,93.4,17.27,42.29,80.73,30.74,22359,38.33,12.27,1,HLTH_EHIS_MH4,1.0025,2024-04-17
2022,CZ,BE1,55_64,X,6.46,17.95,68.38,84.35,19.81,33.35,53.1,70.81,12462,29.28,17.76,1,HLTH_EHIS_MH1,1.017,2024-02-15
2023,HU,EE27,25_34,F,20.33,8.32,47.69,67.61,3.21,76.6,70.8,66.46,15182,54.12,8.27,1,HLTH_EHIS_MH2,1.3118,2025-02-21
2024,NL,FR455,65_74,M,12.44,14.92,39.83,82.24,26.47,35.38,36.28,86.21,6927,25.81,19.87,0,HLTH_EHIS_MH3,2.2024,2024-06-12
2025,SE,LV233,35_44,X,12.41,20.28,32.82,31.02,16.3,91.84,98.55,119.24,14105,47.45,23.82,1,HLTH_EHIS_MH4,0.341,2025-08-23
2006,DK,SE293,75_PLUS,F,12.5,17.01,34.25,55.54,13.98,33.63,140.12,124.45,3487,20.65,12.4,0,HLTH_EHIS_MH1,2.7657,2024-07-20
2007,IE,GR982,45_54,M,4.78,20.1,68.19,33.38,20.82,39.98,91.44,48.97,1962,20.5,30.52,0,HLTH_EHIS_MH2,3.5537,2025-09-12
2008,PL,BG310,15_24,X,17.32,13.59,36.88,42.98,8.95,76.66,20.28,114.32,10607,56.3,32.42,0,HLTH_EHIS_MH3,3.1497,2024-09-05
2009,AT,NL438,55_64,F,13.37,21.09,41.87,30.54,19.6,24.25,10.7,133.84,10761,30.08,20.56,0,HLTH_EHIS_MH4,4.54,2025-06-28
2010,EE,FI133,25_34,M,10.46,13.53,44.18,71.76,18.6,39.66,34.64,126.35,10005,80.69,11.9,0,HLTH_EHIS_MH1,4.0606,2025-03-27
2011,IT,EE943,65_74,X,6.11,9.67,46.15,8.62,13.72,42.95,130.06,99.85,13156,35.16,29.6,0,HLTH_EHIS_MH2,3.8047,2025-09-24
2012,PT,FR26,35_44,F,19.51,24.39,44.35,83.26,8.46,65.94,53.27,20.01,9926,30.2,24.64,0,HLTH_EHIS_MH3,2.1182,2025-05-04
2013,BE,PT62,75_PLUS,M,12.01,9.0,74.44,78.17,9.69,47.32,118.56,157.51,16598,70.85,16.05,0,HLTH_EHIS_MH4,2.4643,2024-04-04
2014,FI,IT42,45_54,X,3.97,15.11,41.17,52.98,7.37,56.73,87.09,88.46,3094,39.04,10.68,1,HLTH_EHIS_MH1,0.8362,2025-03-01
2015,LV,CY564,15_24,F,16.95,28.42,32.36,81.15,16.5,66.02,20.47,50.12,5690,46.89,19.06,1,HLTH_EHIS_MH2,1.3126,2025-09-05
2016,RO,PL9,55_64,M,13.42,15.46,39.8,30.38,17.21,69.17,78.36,24.01,11788,56.44,8.38,1,HLTH_EHIS_MH3,1.7425,2024-08-18
2017,BG,RO78,25_34,X,21.04,16.59,25.88,26.65,11.69,44.89,112.52,44.75,6648,65.41,9.22,1,HLTH_EHIS_MH4,2.3334,2025-05-30
2018,FR,CZ713,65_74,F,22.27,20.72,39.28,66.83,4.26,47.93,121.56,24.71,12652,21.03,17.49,0,HLTH_EHIS_MH1,0.3787,2024-06-22
2019,LT,FR535,35_44,M,18.92,16.43,49.69,64.46,17.14,53.67,107.91,23.6,9650,38.64,25.12,1,HLTH_EHIS_MH2,3.0339,2025-03-08
2020,SK,EE89,75_PLUS,X,17.32,11.54,39.91,95.42,11.14,55.34,75.36,128.21,17440,31.3,28.46,1,HLTH_EHIS_MH3,1.7366,2024-07-02
2021,HR,AT65,45_54,F,23.41,27.76,59.18,14.96,17.31,29.33,151.34,107.94,15586,86.62,10.4,1,HLTH_EHIS_MH4,3.2324,2024-04-18
2022,DE,CY29,15_24,M,10.18,15.48,52.35,62.0,12.76,60.15,104.88,46.74,11129,73.49,29.29,0,HLTH_EHIS_MH1,1.2455,2025-10-11
2023,LU,ES713,55_64,X,8.55,15.65,52.15,83.07,19.05,75.41,27.87,166.06,9754,43.11,33.93,0,HLTH_EHIS_MH2,1.3583,2025-09-10
2024,SI,FI75,25_34,F,17.43,13.4,51.79,13.91,6.25,54.3,128.23,63.19,14153,27.65,34.75,1,HLTH_EHIS_MH3,4.6195,2025-05-05
2025,CY,CY27,65_74,M,13.3,8.26,36.39,37.15,13.73,62.9,11.72,79.66,1497,42.01,25.48,1,HLTH_EHIS_MH4,3.2443,2025-12-06
2006,GR,LT72,35_44,X,19.22,8.7,60.52,77.22,11.01,61.71,114.55,55.13,891,78.82,23.13,0,HLTH_EHIS_MH1,2.8876,2025-06-27
2007,MT,DK23,75_PLUS,F,11.89,27.39,54.97,19.01,9.45,69.12,53.55,178.45,7499,49.31,33.81,0,HLTH_EHIS_MH2,1.9977,2024-08-17
2008,ES,EE980,45_54,M,14.93,20.42,43.29,81.22,25.87,44.76,87.04,127.02,857,41.16,20.13,0,HLTH_EHIS_MH3,4.1174,2024-04-19
2009,CZ,HR4,15_24,X,19.27,18.42,55.51,48.47,8.16,23.09,111.08,80.26,9558,77.64,6.9,0,HLTH_EHIS_MH4,2.7948,2025-09-03
2010,HU,LV298,55_64,F,7.2,7.44,47.94,59.54,10.52,34.78,120.7,41.29,4720,48.47,30.37,0,HLTH_EHIS_MH1,3.6737,2024-12-01
2011,NL,ES88,25_34,M,20.26,25.23,63.8,95.81,5.84,37.36,84.2,14.62,6302,44.95,32.4,0,HLTH_EHIS_MH2,1.4768,2024-09-04
2012,SE,BG66,65_74,X,12.14,6.27,64.71,83.08,5.1,86.51,44.85,140.24,17152,64.47,33.72,0,HLTH_EHIS_MH3,0.5484,2024-05-01
2013,DK,AT91,35_44,F,17.41,20.76,53.69,11.85,11.88,63.33,63.7,27.1,5633,48.9,13.26,0,HLTH_EHIS_MH4,0.3564,2024-05-26
2014,IE,CZ8,75_PLUS,M,9.8,18.08,36.99,25.29,22.68,56.29,96.2,171.45,9480,69.19,10.3,1,HLTH_EHIS_MH1,1.7701,2024-06-08
2015,PL,PL575,45_54,X,19.02,9.81,49.73,53.05,7.83,83.35,40.5,82.95,3377,56.32,26.9,1,HLTH_EHIS_MH2,1.7906,2024-03-24
2016,AT,CY365,15_24,F,5.15,21.56,69.67,84.48,3.11,59.64,92.25,132.37,4045,27.98,6.22,1,HLTH_EHIS_MH3,0.6377,2025-04-12
2017,EE,FR998,55_64,M,5.06,10.56,42.38,23.9,19.65,54.95,109.48,103.93,6453,68.24,35.55,1,HLTH_EHIS_MH4,3.5575,2024-07-19
2018,IT,BG205,25_34,X,13.47,10.34,44.46,15.0,4.34,51.37,36.07,134.47,14793,35.35,6.99,0,HLTH_EHIS_MH1,0.6038,2024-02-10
2019,PT,DE40,65_74,F,15.52,21.85,34.29,77.53,14.27,47.87,126.39,45.46,1143,50.5,7.48,0,HLTH_EHIS_MH2,4.4729,2024-12-18
2020,BE,DK542,35_44,M,13.95,11.12,36.0,26.27,4.77,48.1,39.01,37.8,14188,64.74,12.32,1,HLTH_EHIS_MH3,1.0359,2025-07-23
2021,FI,LT6,75_PLUS,X,7.0,14.1,55.2,13.03,9.42,63.55,104.09,135.86,7129,85.28,42.33,1,HLTH_EHIS_MH4,0.7181,2024-04-19
2022,LV,IT401,45_54,F,6.95,13.57,58.4,69.15,14.84,58.25,126.86,106.96,7278,38.64,19.03,1,HLTH_EHIS_MH1,3.4224,2024-07-02
2023,RO,EE318,15_24,M,12.49,23.97,45.78,54.43,21.51,76.47,53.28,68.34,2963,72.91,29.13,0,HLTH_EHIS_MH2,3.8665,2024-03-31
2024,BG,GR36,55_64,X,20.46,10.77,49.55,78.74,10.99,41.31,30.41,84.46,16323,56.84,10.11,0,HLTH_EHIS_MH3,1.3069,2024-05-09
2025,FR,ES966,25_34,F,19.18,10.64,60.64,105.63,6.61,40.37,18.86,74.73,13121,22.62,20.62,0,HLTH_EHIS_MH4,3.4621,2024-10-05
2006,LT,AT879,65_74,M,10.23,6.85,39.43,26.93,28.8,60.44,122.62,164.96,10166,64.82,12.88,0,HLTH_EHIS_MH1,0.3033,2025-05-07
2007,SK,SK9,35_44,X,12.61,15.83,57.22,7.5,11.92,52.52,82.04,68.47,10413,69.08,16.1,0,HLTH_EHIS_MH2,2.2282,2025-04-01
2008,HR,CZ60,75_PLUS,F,6.05,8.46,72.69,71.89,7.73,78.92,133.71,133.93,2411,43.34,26.56,0,HLTH_EHIS_MH3,1.3104,2024-01-02
2009,DE,RO207,45_54,M,19.37,12.08,50.75,28.66,26.88,35.97,100.13,49.1,12361,28.95,17.28,0,HLTH_EHIS_MH4,4.6208,2024-11-03
2010,LU,LT84,15_24,X,13.44,15.14,44.0,66.98,3.75,26.08,144.72,130.53,213,51.72,34.5,0,HLTH_EHIS_MH1,0.6884,2024-04-03
2011,SI,CZ1,55_64,F,12.49,18.87,54.29,8.83,15.45,52.51,35.75,41.54,12552,30.13,19.03,0,HLTH_EHIS_MH2,4.0628,2024-06-23
2012,CY,LT83,25_34,M,13.98,23.13,48.93,19.03,4.6,76.33,86.39,130.03,1309,25.52,15.53,1,HLTH_EHIS_MH3,1.3434,2025-03-24
2013,GR,BG6,65_74,X,21.47,11.47,47.08,21.89,14.46,66.1,50.89,30.39,7092,76.97,39.16,0,HLTH_EHIS_MH4,4.7006,2024-05-30
2014,MT,HR22,35_44,F,12.83,16.92,48.5,47.12,9.0,55.75,34.37,40.17,8985,79.25,32.44,0,HLTH_EHIS_MH1,2.1966,2024-12-27
2015,ES,DK138,75_PLUS,M,14.36,9.11,71.87,75.25,21.89,42.29,155.96,51.39,7276,30.62,32.95,1,HLTH_EHIS_MH2,3.1931,2024-08-09
2016,CZ,IT7,45_54,X,4.42,11.17,47.62,25.41,7.3,50.76,107.83,137.75,5485,77.7,15.25,1,HLTH_EHIS_MH3,4.3958,2024-11-16
2017,HU,LT4,15_24,F,12.79,19.11,47.49,39.14,3.52,61.53,74.84,60.41,7515,41.75,24.22,1,HLTH_EHIS_MH4,1.5454,2026-01-18
2018,NL,RO77,55_64,M,17.01,16.35,70.65,82.6,25.34,37.34,152.95,88.68,16850,43.79,35.17,1,HLTH_EHIS_MH1,4.7318,2025-01-30
2019,SE,CZ64,25_34,X,8.37,7.9,58.58,10.84,8.55,33.17,114.66,117.24,4503,74.74,21.94,1,HLTH_EHIS_MH2,1.9068,2024-04-07
2020,DK,BE167,65_74,F,14.31,34.0,57.91,26.25,11.4,25.3,48.8,45.93,7287,38.43,11.1,1,HLTH_EHIS_MH3,2.0924,2025-03-31
2021,IE,RO8,35_44,M,25.72,9.59,44.08,26.89,11.59,23.49,95.26,48.43,12259,57.53,36.47,1,HLTH_EHIS_MH4,1.6392,2025-06-20
2022,PL,HU99,75_PLUS,X,19.08,8.74,40.95,69.64,11.52,58.97,26.5,130.51,1245,38.12,25.91,1,HLTH_EHIS_MH1,1.7754,2025-07-09
2023,AT,SE45,45_54,F,15.26,9.42,40.1,84.75,8.69,38.01,116.85,83.82,2405,47.57,32.82,1,HLTH_EHIS_MH2,4.6678,2024-01-12
2024,EE,DE4,15_24,M,20.01,7.63,56.0,28.3,10.2,61.57,107.59,48.39,12439,68.74,18.4,1,HLTH_EHIS_MH3,2.5794,2025-09-15
2025,IT,IT808,55_64,X,15.54,21.59,68.37,37.51,8.56,52.87,90.91,21.53,13889,28.34,14.63,1,HLTH_EHIS_MH4,0.231,2026-02-25
2006,PT,IE107,25_34,F,20.64,26.14,63.47,21.84,3.16,51.44,134.02,130.39,16229,37.16,31.82,1,HLTH_EHIS_MH1,0.9177,2024-03-12
2007,BE,DK29,65_74,M,14.61,9.57,48.89,34.58,25.68,35.07,42.8,113.62,7142,18.1,26.82,0,HLTH_EHIS_MH2,3.8993,2024-12-13
2008,FI,SK3,35_44,X,9.34,14.65,56.87,33.1,4.38,61.85,26.26,91.18,4500,67.19,16.9,0,HLTH_EHIS_MH3,4.2695,2026-01-14
2009,LV,IE5,75_PLUS,F,14.18,19.68,58.55,15.01,4.61,46.75,103.53,75.43,11973,45.29,16.13,0,HLTH_EHIS_MH4,1.2676,2024-09-10
2010,RO,DE88,45_54,M,11.1,17.81,46.53,16.76,26.96,25.02,72.6,59.52,8688,64.71,13.84,0,HLTH_EHIS_MH1,0.4198,2025-08-10
2011,BG,EE32,15_24,X,15.41,21.28,44.93,62.14,11.75,68.99,104.53,116.57,10574,77.03,6.29,1,HLTH_EHIS_MH2,1.3203,2024-09-11
2012,FR,CY31,55_64,F,21.14,20.37,42.28,42.56,16.84,25.13,134.52,28.52,12538,28.37,23.43,0,HLTH_EHIS_MH3,3.3303,2024-12-13
2013,LT,PT9,25_34,M,9.7,22.55,59.99,49.37,10.86,24.17,120.79,101.46,13064,49.67,23.42,0,HLTH_EHIS_MH4,0.4776,2025-04-22
2014,SK,SE4,65_74,X,9.94,21.81,63.12,24.1,8.57,32.1,91.09,166.54,7789,45.46,36.08,1,HLTH_EHIS_MH1,1.4517,2024-02-09
2015,HR,DK13,35_44,F,12.28,6.1,43.27,43.17,10.6,60.22,22.33,106.87,2264,33.23,14.79,1,HLTH_EHIS_MH2,4.3875,2025-08-28
2016,DE,LT174,75_PLUS,M,12.61,20.22,56.2,9.88,9.35,24.39,48.8,137.99,12284,53.49,14.31,1,HLTH_EHIS_MH3,1.2659,2024-08-10
2017,LU,CY36,45_54,X,11.72,5.96,52.98,65.19,6.68,70.16,52.75,80.42,3437,53.46,26.28,1,HLTH_EHIS_MH4,3.128,2025-01-18
2018,SI,IE457,15_24,F,16.55,8.42,41.61,23.27,3.28,81.26,43.64,98.1,5454,65.14,32.94,1,HLTH_EHIS_MH1,1.3574,2025-07-28
2019,CY,AT653,55_64,M,4.55,23.71,47.0,14.94,10.57,80.85,83.32,100.73,13980,26.37,35.97,1,HLTH_EHIS_MH2,1.316,2025-06-09
2020,GR,FI91,25_34,X,19.5,19.65,59.31,19.28,15.6,69.89,90.95,105.23,11869,62.44,43.52,0,HLTH_EHIS_MH3,4.5681,2024-12-16
2021,MT,LU815,65_74,F,5.61,29.19,46.09,93.92,12.35,61.66,136.89,185.69,6470,29.85,11.82,1,HLTH_EHIS_MH4,2.0985,2024-04-14
2022,ES,FI152,35_44,M,8.01,18.04,35.23,61.75,8.49,27.74,51.95,129.37,8568,53.6,28.79,1,HLTH_EHIS_MH1,2.2929,2026-02-07
2023,CZ,BG68,75_PLUS,X,9.33,11.16,65.51,28.03,19.15,44.86,106.39,30.82,10151,56.37,12.11,0,HLTH_EHIS_MH2,0.3337,2025-08-18
2024,HU,BG14,45_54,F,5.26,13.63,61.91,25.35,17.04,81.42,126.63,36.2,11234,33.41,26.67,0,HLTH_EHIS_MH3,2.0434,2024-11-10
2025,NL,RO5,15_24,M,13.9,20.92,40.9,55.69,11.08,77.77,118.05,19.67,15000,59.46,12.17,0,HLTH_EHIS_MH4,3.805,2025-05-15
2006,SE,HR9,55_64,X,18.95,21.88,53.04,51.6,13.08,76.55,77.95,46.53,2792,58.26,26.87,1,HLTH_EHIS_MH1,2.8914,2025-01-16
2007,DK,RO701,25_34,F,10.96,16.06,59.8,99.77,10.99,79.7,98.3,75.71,997,29.5,21.57,0,HLTH_EHIS_MH2,2.1231,2024-10-06
2008,IE,ES781,65_74,M,11.77,13.0,54.72,15.32,14.64,77.0,65.99,40.22,4815,52.22,30.1,0,HLTH_EHIS_MH3,2.8708,2024-04-28
2009,PL,PT49,35_44,X,10.4,7.17,32.87,52.97,3.62,42.23,166.65,53.9,11384,72.96,23.39,0,HLTH_EHIS_MH4,0.2688,2025-07-25
2010,AT,GR429,75_PLUS,F,17.71,27.7,49.73,18.7,14.61,21.53,89.37,83.09,13833,32.93,38.7,0,HLTH_EHIS_MH1,4.498,2024-07-18
2011,EE,LV82,45_54,M,4.39,6.85,69.72,28.8,21.74,28.46,22.87,60.19,12265,51.38,33.64,0,HLTH_EHIS_MH2,0.3518,2024-09-21
2012,IT,PT99,15_24,X,4.63,19.13,66.09,110.45,16.55,59.98,99.39,113.82,10836,63.83,23.98,1,HLTH_EHIS_MH3,3.0272,2025-07-15
2013,PT,NL72,55_64,F,13.53,27.36,62.25,30.26,8.24,27.98,153.21,67.62,8534,75.54,32.18,0,HLTH_EHIS_MH4,2.2274,2025-04-02
2014,BE,IE9,25_34,M,16.51,7.91,40.23,87.75,20.77,45.82,57.43,134.51,15417,62.57,8.97,1,HLTH_EHIS_MH1,3.3618,2024-04-01
2015,FI,LU675,65_74,X,4.97,21.87,67.85,25.95,8.22,51.84,58.87,167.19,8983,73.09,23.57,1,HLTH_EHIS_MH2,1.7984,2024-07-04
2016,LV,SE3,35_44,F,22.95,11.67,52.77,23.99,13.18,58.35,91.59,100.43,18118,67.36,34.31,1,HLTH_EHIS_MH3,2.4342,2025-05-10
2017,RO,LV19,75_PLUS,M,9.65,15.12,40.78,58.32,20.03,80.01,11.18,74.07,12474,63.05,20.69,1,HLTH_EHIS_MH4,1.0103,2025-04-12
2018,BG,SE97,45_54,X,10.02,10.84,57.4,39.89,15.64,67.25,15.56,54.21,2553,66.88,19.32,0,HLTH_EHIS_MH1,2.9412,2024-08-14
2019,FR,DK68,15_24,F,11.52,20.73,62.43,77.03,7.69,80.23,114.47,107.77,13643,46.84,15.09,1,HLTH_EHIS_MH2,2.1039,2026-01-05
2020,LT,LU83,55_64,M,13.92,29.62,67.35,97.95,8.66,30.99,198.96,142.32,6604,67.57,27.92,0,HLTH_EHIS_MH3,0.894,2024-10-14
2021,SK,HU580,25_34,X,19.19,22.4,59.26,140.0,11.72,26.39,42.51,31.65,6698,95.43,27.04,0,HLTH_EHIS_MH4,1.3418,2025-09-23
2022,HR,SK723,65_74,F,6.72,17.17,50.5,38.92,13.88,33.83,30.01,166.06,1365,19.46,35.87,1,HLTH_EHIS_MH1,3.4607,2025-06-28
2023,DE,LU41,35_44,M,11.6,16.52,69.36,83.23,11.95,42.59,138.34,96.06,13501,44.4,10.35,1,HLTH_EHIS_MH2,0.2363,2024-06-12
2024,LU,HU43,75_PLUS,X,13.95,9.48,59.29,49.29,7.5,29.13,30.44,61.36,16973,67.83,30.2,0,HLTH_EHIS_MH3,0.7481,2024-04-11
2025,SI,HR94,45_54,F,12.29,21.62,42.78,37.45,18.6,33.46,144.94,21.81,7041,68.3,15.52,1,HLTH_EHIS_MH4,3.2712,2024-10-14
2006,CY,DK5,15_24,M,14.39,18.48,51.13,82.47,6.76,61.54,112.19,41.41,12240,23.78,20.14,0,HLTH_EHIS_MH1,3.2446,2025-04-13
2007,GR,IT2,55_64,X,9.57,8.06,63.78,53.22,17.61,29.48,11.17,161.65,224,42.57,9.53,1,HLTH_EHIS_MH2,0.4772,2026-01-20
2008,MT,ES27,25_34,F,7.55,7.02,66.84,39.61,5.31,43.17,125.35,40.08,6171,81.56,31.3,0,HLTH_EHIS_MH3,2.8111,2025-04-19
2009,ES,CY2,65_74,M,6.16,12.29,31.93,13.37,28.48,51.36,50.85,85.98,6256,35.08,17.92,0,HLTH_EHIS_MH4,1.5787,2024-12-14
2010,CZ,MT524,35_44,X,18.41,21.13,63.54,74.07,14.26,61.85,8.11,128.91,14507,53.79,20.4,0,HLTH_EHIS_MH1,4.3628,2025-08-26
2011,HU,LV13,75_PLUS,F,11.65,12.78,43.25,27.84,10.94,54.77,54.26,104.74,7359,25.12,17.72,0,HLTH_EHIS_MH2,3.8268,2025-11-24
2012,NL,BG77,45_54,M,12.7,9.36,42.24,80.09,8.42,36.6,139.0,137.19,13411,54.41,23.14,0,HLTH_EHIS_MH3,0.641,2024-08-09
2013,SE,SE205,15_24,X,11.98,19.5,43.72,86.21,9.81,71.73,18.05,53.84,5898,68.03,28.55,1,HLTH_EHIS_MH4,2.1619,2024-06-26
2014,DK,LU965,55_64,F,11.88,8.37,42.03,58.32,18.87,85.59,79.35,105.65,4396,50.92,34.97,1,HLTH_EHIS_MH1,2.4811,2024-12-06
2015,IE,ES39,25_34,M,10.36,20.56,53.15,33.92,16.7,72.78,33.14,69.86,3188,18.98,33.89,1,HLTH_EHIS_MH2,4.0576,2024-03-22
2016,PL,ES421,65_74,X,4.63,21.14,43.44,22.04,5.39,66.82,109.99,91.77,1713,73.6,31.42,1,HLTH_EHIS_MH3,1.2095,2025-08-12
2017,AT,AT559,35_44,F,14.8,14.43,66.36,81.14,12.68,26.23,117.82,57.73,16704,50.25,13.19,1,HLTH_EHIS_MH4,4.6731,2025-06-19
2018,EE,EE519,75_PLUS,M,19.27,25.67,38.05,69.98,11.41,20.99,103.72,31.54,176,75.08,22.85,0,HLTH_EHIS_MH1,4.0791,2025-06-13
2019,IT,CZ4,45_54,X,8.16,23.31,39.61,59.72,17.29,65.95,55.77,128.64,7688,42.61,35.62,1,HLTH_EHIS_MH2,1.1082,2025-08-25
2020,PT,NL67,15_24,F,19.11,27.6,63.67,109.82,5.27,67.85,55.1,15.05,428,24.91,27.97,1,HLTH_EHIS_MH3,2.2864,2024-06-28
2021,BE,DE97,55_64,M,5.95,16.95,72.98,48.36,9.56,42.0,101.77,177.58,11702,87.34,22.08,1,HLTH_EHIS_MH4,1.664,2024-09-04
2022,FI,HU34,25_34,X,8.7,17.02,34.66,14.68,8.27,42.29,32.15,44.78,10179,54.47,16.55,1,HLTH_EHIS_MH1,3.5787,2024-06-06
2023,LV,DK113,65_74,F,8.53,9.73,63.55,33.41,7.76,52.96,34.08,48.76,288,27.87,19.81,0,HLTH_EHIS_MH2,3.3896,2025-12-30
2024,RO,LT9,35_44,M,17.54,5.23,43.92,8.29,18.71,57.25,124.28,49.88,14905,48.33,35.79,1,HLTH_EHIS_MH3,2.5415,2024-04-20
2025,BG,GR1,75_PLUS,X,4.47,17.77,55.66,82.83,13.39,52.01,35.65,139.01,9732,40.02,42.17,1,HLTH_EHIS_MH4,3.9139,2024-11-16
2006,FR,HU344,45_54,F,20.05,24.15,62.3,48.92,3.78,76.66,6.72,125.42,1225,77.49,23.23,0,HLTH_EHIS_MH1,3.3542,2024-08-03
2007,LT,LT3,15_24,M,18.9,23.37,37.26,117.04,23.75,23.26,82.77,22.91,10008,26.86,17.6,0,HLTH_EHIS_MH2,4.6053,2024-07-19
2008,SK,SK20,55_64,X,12.88,17.26,49.41,41.91,15.88,23.31,76.23,120.56,10166,61.22,16.97,0,HLTH_EHIS_MH3,4.7854,2024-03-18
2009,HR,FI92,25_34,F,18.2,23.71,32.81,97.5,9.49,44.17,15.28,116.01,4102,33.63,5.75,0,HLTH_EHIS_MH4,3.312,2026-01-05
2010,DE,PL82,65_74,M,21.12,23.72,61.29,35.62,25.18,23.84,20.44,28.82,1897,29.68,28.7,0,HLTH_EHIS_MH1,0.958,2024-11-05
2011,LU,IT558,35_44,X,10.24,11.31,50.12,83.45,10.51,45.51,60.41,83.39,768,30.8,14.64,0,HLTH_EHIS_MH2,2.6919,2024-01-29
2012,SI,PL43,75_PLUS,F,17.61,13.78,49.87,9.44,7.28,40.13,22.76,123.64,18046,29.64,35.53,0,HLTH_EHIS_MH3,0.3993,2024-05-06
2013,CY,FI90,45_54,M,6.65,8.01,45.23,54.74,9.78,50.04,127.11,95.0,2866,75.46,23.34,0,HLTH_EHIS_MH4,0.5521,2025-03-20
2014,GR,HU50,15_24,X,5.99,26.17,52.52,70.06,9.07,29.88,94.57,50.73,9098,40.14,21.76,1,HLTH_EHIS_MH1,1.712,2025-01-04
2015,MT,DE993,55_64,F,9.99,20.58,43.37,84.94,16.91,43.44,151.75,175.48,12873,63.95,17.01,1,HLTH_EHIS_MH2,1.6491,2024-04-26
2016,ES,PL15,25_34,M,9.99,11.71,41.82,38.68,17.3,74.66,91.54,132.88,11319,18.97,28.46,0,HLTH_EHIS_MH3,0.737,2024-12-10
2017,CZ,FR89,65_74,X,21.52,5.25,54.37,24.71,10.83,50.12,25.01,57.18,2816,54.74,16.29,1,HLTH_EHIS_MH4,2.3703,2025-11-23
2018,HU,CZ54,35_44,F,12.91,19.43,53.11,9.42,13.5,54.15,87.41,45.76,85,37.88,31.09,1,HLTH_EHIS_MH1,1.0178,2025-01-06
2019,NL,LV2,75_PLUS,M,10.61,7.16,40.41,15.02,12.06,28.6,108.54,80.8,6127,32.65,15.8,1,HLTH_EHIS_MH2,0.5418,2024-07-20
2020,SE,PL6,45_54,X,10.83,22.87,41.77,13.53,14.75,70.22,25.26,41.64,3381,51.12,18.8,1,HLTH_EHIS_MH3,1.2908,2024-02-15
2021,DK,SE19,15_24,F,11.56,11.39,57.09,69.73,11.9,49.56,168.83,35.17,11498,90.58,32.16,1,HLTH_EHIS_MH4,4.4372,2025-10-14
2022,IE,CY38,55_64,M,14.26,21.34,47.28,68.15,24.68,36.06,80.36,129.69,10713,30.77,32.83,1,HLTH_EHIS_MH1,4.1082,2025-05-24
2023,PL,HU677,25_34,X,7.72,5.35,57.34,60.71,14.45,48.56,97.6,114.09,844,86.06,20.16,0,HLTH_EHIS_MH2,1.8144,2025-04-28
2024,AT,BE3,65_74,F,17.73,7.59,33.73,77.0,17.94,73.98,129.8,186.04,654,42.48,10.69,1,HLTH_EHIS_MH3,1.0611,2024-12-09
2025,EE,GR901,35_44,M,12.23,11.99,55.1,17.39,13.82,74.79,136.75,97.65,7466,41.51,20.25,1,HLTH_EHIS_MH4,4.0881,2025-02-24
