tech_broadband_reference_year,tech_broadband_country_iso2,tech_broadband_region_nuts_code,tech_broadband_technology_type_code,tech_broadband_households_covered_pct,tech_broadband_households_subscribed_pct,tech_broadband_download_speed_mbps_median,tech_broadband_upload_speed_mbps_median,tech_broadband_latency_ms_median,tech_broadband_5g_coverage_pct,tech_broadband_fiber_coverage_pct,tech_broadband_rural_coverage_gap_pp,tech_broadband_affordability_index,tech_broadband_price_eur_per_month_median,tech_broadband_outage_minutes_avg,tech_broadband_net_neutrality_complaints_count,tech_broadband_public_subsidy_program_code,tech_broadband_infrastructure_investment_eur,tech_broadband_desi_component_score,tech_broadband_data_extract_date
2014,AT,LT6,DSL,49.78,32.21,43.3,11.69,54.72,66.36,44.11,20.39,62.93,45.8,195.07,0,CEF2_DIGITAL,68191548.86,56.11,2025-11-02
2015,CZ,CZ873,DSL,40.96,20.36,51.21,5.01,26.66,44.97,43.19,39.69,47.75,72.44,123.67,6,NONE,219738256.9,39.65,2025-03-22
2016,DE,PL41,DSL,83.72,55.72,14.38,13.68,42.12,71.55,44.96,36.94,66.13,43.81,11.2,9,STATE_AID_GBER,204193274.22,41.82,2025-06-09
2017,LV,DK8,DSL,61.92,39.33,46.8,8.86,44.13,76.98,63.4,48.81,83.12,51.0,88.44,63,NATIONAL_RURAL_FIBER,399137327.67,51.49,2024-09-17
2018,PL,AT305,DSL,64.28,38.74,22.09,1.6,30.79,56.42,21.19,13.35,43.7,69.06,114.33,16,ERDF_CONNECT,94888184.46,28.86,2025-12-27
2019,ES,BE44,DSL,63.65,27.88,24.96,13.97,34.67,41.6,55.1,18.67,50.8,25.31,387.38,13,RRF_BROADBAND,106653341.93,75.89,2024-09-06
2020,HR,GR5,DSL,43.93,39.96,11.15,13.12,45.2,12.53,7.81,33.98,61.28,18.32,174.47,38,CEF2_DIGITAL,250350570.45,48.78,2024-11-07
2021,FI,IE18,DSL,64.13,27.73,21.68,8.73,46.65,72.58,20.03,14.77,74.85,66.79,384.84,8,NONE,82830357.84,77.84,2025-11-21
2022,IE,MT888,DSL,78.68,58.77,23.23,1.52,19.78,59.05,60.92,12.49,63.95,69.88,132.08,14,STATE_AID_GBER,24384640.85,35.47,2025-07-08
2023,MT,LU83,DSL,83.77,38.02,54.85,6.39,38.27,78.02,42.65,48.81,89.26,18.14,310.97,12,NATIONAL_RURAL_FIBER,52763745.73,74.5,2024-07-18
2024,SK,NL27,DSL,46.45,41.57,46.27,4.26,41.13,93.24,8.79,50.61,81.1,20.46,101.0,12,ERDF_CONNECT,124840517.56,56.13,2025-05-25
2025,BE,CZ9,DSL,44.37,17.55,26.87,11.85,40.3,36.33,68.03,37.18,74.29,34.59,252.66,69,RRF_BROADBAND,306139750.83,46.47,2024-07-02
2026,DK,BE335,DSL,78.19,66.86,33.29,4.14,20.48,34.06,48.02,51.27,78.78,54.44,221.14,35,CEF2_DIGITAL,326436000.12,39.52,2026-01-18
2014,GR,ES100,DSL,74.62,43.01,15.6,1.69,52.69,26.58,9.54,23.56,54.33,61.19,188.74,22,NONE,51858262.28,72.88,2025-01-26
2015,LT,AT1,DSL,76.08,34.63,39.24,12.41,53.32,97.95,60.76,7.74,79.92,61.07,217.4,21,STATE_AID_GBER,129013092.32,39.99,2024-05-20
2016,PT,MT9,DSL,63.59,46.54,26.11,4.36,50.49,88.11,65.86,40.4,74.61,62.62,64.43,16,NATIONAL_RURAL_FIBER,262758522.8,36.59,2025-12-19
2017,SE,CY379,DSL,68.34,32.36,49.78,10.54,44.89,96.11,40.61,25.95,61.94,58.69,411.11,18,ERDF_CONNECT,91841742.37,21.43,2024-02-28
2018,CY,PT19,DSL,54.06,19.8,48.21,3.34,23.09,48.75,18.44,30.52,64.32,54.19,68.4,17,RRF_BROADBAND,129291992.67,66.82,2025-08-12
2019,FR,ES5,DSL,52.39,32.16,49.41,2.68,20.01,59.75,33.57,52.1,61.72,42.44,363.63,25,CEF2_DIGITAL,327682972.26,32.25,2024-06-29
2020,IT,RO848,DSL,44.59,18.94,37.33,3.95,36.9,73.82,7.65,42.22,44.48,42.83,327.64,23,NONE,210699129.78,38.75,2024-01-15
2021,NL,BG645,DSL,82.01,64.47,24.37,8.91,36.95,47.42,12.17,51.33,84.85,21.0,417.52,64,STATE_AID_GBER,30364729.02,40.49,2024-07-27
2022,SI,CZ316,DSL,54.4,28.37,45.4,7.01,29.35,72.09,28.08,18.7,47.35,77.39,273.36,24,NATIONAL_RURAL_FIBER,127726982.89,25.82,2024-12-01
2023,BG,LV22,DSL,44.06,37.67,37.76,4.77,31.94,46.95,56.67,53.44,75.75,59.74,240.32,29,ERDF_CONNECT,132615312.18,66.59,2024-12-28
2024,EE,LU670,DSL,48.64,30.31,17.7,12.84,54.25,15.31,10.98,45.98,90.45,29.56,130.49,28,RRF_BROADBAND,219072627.13,83.19,2025-01-17
2025,HU,LT8,DSL,77.85,64.85,18.15,6.71,30.21,40.9,64.0,22.76,97.05,44.78,301.91,25,CEF2_DIGITAL,393694156.51,48.59,2024-08-23
2026,LU,HR957,DSL,46.84,42.43,27.49,4.14,37.33,59.7,72.82,43.62,73.84,39.09,356.29,47,NONE,302349719.82,64.45,2024-08-22
2014,RO,SE1,DSL,76.13,62.98,44.99,14.21,49.11,35.43,42.61,7.78,63.22,78.68,44.52,36,STATE_AID_GBER,91691494.88,44.01,2024-04-19
2015,AT,RO668,DSL,36.39,19.8,51.32,14.08,54.47,72.74,35.55,48.58,66.7,74.57,303.27,36,NATIONAL_RURAL_FIBER,195307299.58,22.9,2025-07-10
2016,CZ,HU588,DSL,58.33,48.16,28.41,11.4,39.99,70.46,67.75,54.72,80.64,51.03,250.54,77,ERDF_CONNECT,35131166.42,50.75,2024-02-11
2017,DE,MT950,DSL,68.56,45.74,36.95,12.17,34.63,16.85,64.83,27.73,81.31,73.47,387.91,67,RRF_BROADBAND,80746753.98,72.26,2024-07-22
2018,LV,RO240,DSL,72.28,27.6,37.67,13.78,29.46,28.64,21.31,17.93,45.11,55.15,310.1,33,CEF2_DIGITAL,87110126.04,66.58,2025-06-13
2019,PL,PT819,DSL,42.21,18.16,12.66,8.46,40.8,37.98,45.67,52.11,65.96,51.43,289.81,36,NONE,200468658.16,83.83,2024-11-19
2020,ES,BE648,DSL,53.47,24.91,25.96,13.33,40.37,33.48,43.04,6.34,87.62,84.84,366.79,42,STATE_AID_GBER,414277237.54,62.76,2024-10-22
2021,HR,HU43,DSL,83.52,59.55,15.8,10.78,25.87,80.77,40.18,53.61,57.09,56.01,243.69,38,NATIONAL_RURAL_FIBER,111267672.7,25.25,2024-09-21
2022,FI,MT8,DSL,84.59,39.89,42.63,11.89,47.16,77.5,47.52,50.8,97.69,68.59,139.99,79,ERDF_CONNECT,30385361.52,59.87,2025-09-17
2023,IE,LU689,DSL,69.0,51.87,22.04,4.9,50.51,14.86,39.72,20.76,66.35,84.7,140.89,47,RRF_BROADBAND,178932277.34,75.04,2026-02-04
2024,MT,LV402,DSL,52.45,36.27,37.0,2.81,19.5,78.62,25.47,31.45,60.68,70.64,44.07,39,CEF2_DIGITAL,214792238.47,83.82,2025-06-17
2025,SK,SE866,DSL,55.69,51.13,17.36,6.57,53.24,77.66,17.65,28.99,45.15,70.33,113.73,45,NONE,142284901.38,52.56,2025-02-03
2026,BE,FR25,DSL,64.12,31.73,17.86,12.28,21.81,58.1,44.53,37.41,66.07,27.1,92.25,44,STATE_AID_GBER,105125365.38,55.3,2025-09-19
2014,DK,FI96,DSL,81.44,35.57,27.4,4.58,35.79,32.9,32.25,41.55,62.88,23.86,373.38,60,NATIONAL_RURAL_FIBER,88878866.67,83.86,2024-11-24
2015,GR,MT166,DSL,59.45,21.81,18.9,1.72,43.12,63.68,36.06,20.06,97.21,65.02,198.67,1,ERDF_CONNECT,191479094.87,66.91,2025-02-19
2016,LT,FR443,DSL,41.77,31.02,35.86,13.52,48.95,35.48,33.21,10.0,51.09,36.27,410.95,2,RRF_BROADBAND,166704088.5,44.97,2025-03-19
2017,PT,NL89,DSL,80.13,57.29,20.89,6.32,49.42,15.76,53.59,10.74,96.24,28.56,165.34,5,CEF2_DIGITAL,144283727.66,55.35,2024-11-04
2018,SE,SK545,DSL,53.27,31.14,42.54,8.33,26.48,54.81,55.1,51.3,56.69,53.44,17.13,15,NONE,153436907.74,41.72,2024-12-27
2019,CY,GR17,DSL,66.23,31.44,50.33,13.34,27.17,42.4,61.6,39.66,48.38,55.79,112.31,15,STATE_AID_GBER,112985301.35,66.25,2024-01-14
2020,FR,IE38,DSL,75.65,36.26,36.15,5.54,24.24,84.15,6.33,28.09,45.08,34.82,217.65,13,NATIONAL_RURAL_FIBER,80359731.2,67.07,2025-04-24
2021,IT,LU638,DSL,72.09,57.11,13.31,3.78,37.84,24.02,47.75,10.02,50.79,83.84,272.23,27,ERDF_CONNECT,253072850.5,63.85,2025-01-14
2022,NL,BE942,DSL,73.28,58.33,41.64,2.62,29.34,57.26,39.25,49.33,49.65,81.7,97.58,15,RRF_BROADBAND,123654367.68,78.21,2025-08-16
2023,SI,ES4,DSL,74.53,63.86,48.09,6.9,18.66,79.64,55.39,26.85,57.81,74.88,311.55,10,CEF2_DIGITAL,122018642.12,43.01,2026-01-23
2024,BG,RO152,DSL,70.5,62.19,34.98,4.64,18.72,22.8,46.7,42.26,59.07,65.07,59.5,10,NONE,226320108.55,68.56,2024-07-07
2025,EE,PL27,DSL,77.27,64.41,38.66,4.37,28.14,89.53,36.6,20.09,77.62,41.67,106.37,50,STATE_AID_GBER,351453189.73,27.16,2024-01-24
2026,HU,IE580,DSL,48.58,28.66,14.5,13.98,47.55,14.1,49.52,20.11,55.66,66.4,396.2,19,NATIONAL_RURAL_FIBER,209555514.63,27.31,2024-11-11
2014,LU,DK5,DSL,40.54,36.89,10.96,5.04,36.25,82.94,70.59,37.37,79.67,22.52,172.98,16,ERDF_CONNECT,50448506.4,66.91,2024-09-25
2015,RO,PL53,DSL,63.46,32.89,44.96,3.7,19.65,88.22,53.38,52.82,59.06,43.29,137.3,21,RRF_BROADBAND,172577263.44,28.44,2025-06-12
2016,AT,MT369,DSL,42.62,20.53,39.28,7.67,41.19,26.21,13.24,52.19,87.35,64.31,322.14,24,CEF2_DIGITAL,3315340.73,60.3,2025-07-13
2017,CZ,FR888,DSL,66.21,56.83,50.59,5.98,40.09,17.1,20.49,51.72,52.09,21.27,180.55,24,NONE,51798312.03,68.51,2024-07-16
2018,DE,PT34,DSL,82.86,73.61,31.18,6.18,32.36,88.28,31.69,13.65,51.35,21.1,50.35,45,STATE_AID_GBER,223178247.96,53.66,2024-02-16
2019,LV,SK244,DSL,61.78,55.73,51.41,8.42,30.51,81.2,67.13,17.32,79.91,34.62,118.8,36,NATIONAL_RURAL_FIBER,263450375.42,53.87,2024-05-02
2020,PL,SI561,DSL,43.74,30.48,43.45,6.18,23.98,39.65,16.28,42.01,57.94,28.77,126.16,22,ERDF_CONNECT,252150292.32,59.97,2025-08-21
2021,ES,IE307,DSL,83.3,67.67,47.49,10.56,47.05,86.41,10.62,49.6,49.32,80.53,231.29,30,RRF_BROADBAND,224856365.0,23.27,2025-07-03
2022,HR,RO56,DSL,40.55,14.72,54.15,8.9,30.05,59.6,73.75,52.53,71.21,58.61,347.52,21,CEF2_DIGITAL,236531605.29,80.86,2024-11-11
2023,FI,LU13,DSL,76.81,35.84,40.93,11.03,49.23,39.76,35.19,28.3,50.89,60.0,388.11,22,NONE,191881150.69,68.64,2025-07-27
2024,IE,RO26,DSL,35.2,13.78,30.32,11.38,34.43,90.89,67.58,13.83,44.53,21.16,33.76,26,STATE_AID_GBER,15363610.99,60.83,2025-10-03
2025,MT,IE996,DSL,49.08,17.52,37.62,7.48,19.44,78.04,63.9,14.69,92.8,53.85,291.05,34,NATIONAL_RURAL_FIBER,150912433.59,37.29,2024-01-13
2026,SK,HU80,DSL,83.29,52.41,16.82,5.67,48.37,49.95,54.02,8.87,77.5,79.02,193.13,30,ERDF_CONNECT,121093606.06,45.42,2024-10-07
2014,BE,IE520,DSL,51.85,23.17,38.49,14.77,21.75,48.05,13.59,32.48,49.77,62.62,55.92,32,RRF_BROADBAND,70552711.33,26.16,2024-03-14
2015,DK,AT5,DSL,70.78,48.21,10.84,14.48,52.1,53.35,23.29,39.75,50.35,69.02,25.8,38,CEF2_DIGITAL,13161652.16,61.52,2025-07-14
2016,GR,BG211,DSL,84.13,73.53,11.52,14.66,50.78,48.28,46.9,34.63,95.67,65.61,21.95,37,NONE,206742621.4,84.11,2026-02-13
2017,LT,LU89,DSL,81.07,36.36,12.83,1.67,22.5,66.02,29.53,28.27,84.58,36.26,191.81,39,STATE_AID_GBER,26040431.69,63.09,2025-01-30
2018,PT,RO790,DSL,66.99,58.22,15.8,9.35,20.9,40.15,14.77,45.69,71.91,82.13,85.16,31,NATIONAL_RURAL_FIBER,412317738.6,64.01,2024-07-25
2019,SE,CY6,DSL,36.78,32.11,15.84,13.19,19.99,66.07,23.75,52.24,40.24,39.27,43.06,31,ERDF_CONNECT,143344246.13,26.31,2025-02-17
2020,CY,SI452,DSL,59.9,48.49,24.47,7.17,19.28,23.62,30.18,42.34,57.93,76.89,333.01,34,RRF_BROADBAND,9077109.06,28.74,2024-02-25
2021,FR,FI78,DSL,57.22,34.58,36.17,12.32,31.96,14.48,12.76,9.26,44.38,41.39,154.58,34,CEF2_DIGITAL,158138241.95,26.2,2026-01-28
2022,IT,SE31,DSL,56.26,35.4,37.18,5.94,20.57,63.18,68.63,6.71,97.14,51.24,152.3,40,NONE,77364548.44,61.3,2025-11-23
2023,NL,IT414,DSL,56.92,29.23,50.66,10.85,27.71,70.12,32.83,15.08,67.94,81.34,272.77,75,STATE_AID_GBER,155521604.6,52.78,2024-12-22
2024,SI,FI6,DSL,47.32,43.35,15.01,1.75,51.83,17.77,12.0,35.75,87.1,46.08,409.38,38,NATIONAL_RURAL_FIBER,26137372.44,36.52,2024-05-18
2025,BG,GR84,DSL,68.17,48.88,37.32,2.19,52.2,54.03,6.22,24.03,76.54,57.93,237.58,37,ERDF_CONNECT,294291861.45,65.44,2026-02-23
2026,EE,RO729,DSL,72.89,37.32,26.44,13.25,20.3,51.75,59.76,23.18,89.12,75.19,289.21,63,RRF_BROADBAND,44291998.84,62.51,2024-11-29
2014,HU,CY91,DSL,52.02,19.85,31.92,7.38,50.33,34.03,43.54,45.77,40.79,23.92,416.1,44,CEF2_DIGITAL,242785933.81,42.13,2024-09-03
2015,LU,NL772,DSL,62.27,52.43,10.11,11.81,38.94,39.52,68.29,9.48,45.71,25.43,201.7,72,NONE,168061220.97,71.88,2025-08-03
2016,RO,SE494,DSL,53.08,35.23,52.38,3.13,33.18,76.47,35.6,50.71,52.68,66.65,147.8,2,STATE_AID_GBER,83164605.95,62.55,2025-09-23
2017,AT,PL676,DSL,37.25,27.52,28.61,6.62,36.66,46.56,48.77,7.0,53.58,70.52,74.58,12,NATIONAL_RURAL_FIBER,212381670.94,42.24,2024-04-26
2018,CZ,CY282,DSL,40.2,15.74,48.25,8.35,18.33,27.82,71.56,7.21,84.08,55.67,142.63,11,ERDF_CONNECT,352339628.28,84.72,2024-04-21
2019,DE,CY1,DSL,71.94,54.91,20.27,8.74,53.49,12.96,67.9,10.64,81.53,41.83,371.67,7,RRF_BROADBAND,365791325.21,38.6,2025-06-18
2020,LV,SK9,DSL,62.65,31.88,44.47,12.99,28.44,21.12,29.2,14.37,41.95,80.25,352.03,4,CEF2_DIGITAL,210342566.24,82.74,2024-08-31
2021,PL,CZ893,DSL,52.65,31.8,17.23,8.74,40.47,29.42,21.87,14.32,81.83,41.46,309.66,14,NONE,167909234.85,47.15,2025-11-19
2022,ES,NL83,DSL,58.61,53.2,54.5,12.71,45.7,13.33,52.39,22.31,68.66,41.5,257.83,15,STATE_AID_GBER,11750951.55,26.21,2025-04-29
2023,HR,IE311,DSL,52.58,32.86,33.91,13.24,42.83,62.71,18.94,27.49,55.48,48.93,377.1,16,NATIONAL_RURAL_FIBER,113355252.06,25.43,2024-03-28
2024,FI,BE39,DSL,46.21,17.24,42.09,8.12,21.07,35.02,26.98,14.31,61.22,82.65,251.99,16,ERDF_CONNECT,131689471.36,34.49,2024-01-15
2025,IE,CY49,DSL,39.38,19.55,25.46,8.49,46.98,57.91,39.91,43.16,65.32,35.38,219.8,12,RRF_BROADBAND,123836312.29,40.17,2025-10-31
2026,MT,AT879,DSL,63.7,40.78,33.1,9.22,54.61,16.08,18.19,26.62,50.54,43.03,169.07,12,CEF2_DIGITAL,97991122.76,70.95,2024-09-01
2014,SK,PT263,DSL,75.86,56.45,21.87,10.18,33.92,85.99,34.99,42.76,75.38,40.36,274.75,16,NONE,351408584.46,65.24,2025-12-11
2015,BE,DK2,DSL,41.77,31.7,26.33,3.06,36.43,90.59,44.6,22.8,60.73,75.21,368.24,21,STATE_AID_GBER,345931019.9,36.43,2024-06-09
2016,DK,IE2,DSL,78.51,42.83,41.67,1.53,38.4,68.79,29.06,45.26,50.74,64.04,67.04,20,NATIONAL_RURAL_FIBER,313637899.25,59.67,2024-07-04
2017,GR,PL488,DSL,68.19,33.61,22.36,7.05,23.89,57.71,67.17,45.48,85.06,36.41,253.76,14,ERDF_CONNECT,46010385.62,59.26,2024-03-15
2018,LT,FI224,DSL,76.23,30.99,26.5,7.26,22.79,92.95,60.19,35.01,88.97,37.79,73.83,23,RRF_BROADBAND,71329085.17,73.7,2026-01-01
2019,PT,LT313,DSL,57.45,32.98,29.27,9.51,53.83,24.5,7.64,17.75,60.76,80.55,401.09,17,CEF2_DIGITAL,373081632.78,49.69,2025-02-05
2020,SE,MT790,DSL,59.92,30.34,12.44,7.04,31.7,75.86,42.97,33.83,86.57,25.31,335.67,24,NONE,200659209.03,44.07,2024-06-22
2021,CY,PL2,DSL,71.01,60.53,27.72,11.4,26.99,60.74,29.23,19.49,65.91,52.82,36.48,30,STATE_AID_GBER,8431870.51,81.92,2024-06-09
2022,FR,SI32,DSL,42.83,17.1,54.61,3.23,24.24,93.97,39.76,52.92,80.13,40.72,75.28,19,NATIONAL_RURAL_FIBER,26350448.7,41.8,2025-03-08
2023,IT,DE35,DSL,49.62,39.24,38.56,5.29,23.86,71.97,28.7,39.18,43.15,45.64,304.13,28,ERDF_CONNECT,282733176.22,54.8,2025-11-02
2024,NL,RO590,DSL,74.38,31.88,22.1,2.37,54.23,77.13,30.94,23.05,62.33,21.93,84.73,22,RRF_BROADBAND,112168468.42,50.49,2026-01-03
2025,SI,IT42,DSL,57.12,43.66,27.23,7.18,34.63,20.38,38.76,46.2,83.74,25.88,382.59,81,CEF2_DIGITAL,79076793.55,78.04,2025-11-28
2026,BG,IT54,DSL,76.94,66.81,36.69,13.53,31.08,47.4,13.21,33.16,43.8,35.76,83.49,23,NONE,82871056.27,56.84,2025-02-21
2014,EE,CZ394,DSL,54.24,43.35,53.74,13.22,22.55,84.74,7.42,31.76,73.05,19.7,371.43,26,STATE_AID_GBER,1095644.81,40.64,2026-01-19
2015,HU,EE81,DSL,48.86,39.5,11.78,9.77,24.31,18.61,24.88,39.61,65.88,51.84,220.58,30,NATIONAL_RURAL_FIBER,111397914.37,26.82,2025-12-07
2016,LU,LU42,DSL,72.48,55.84,34.51,8.46,45.16,86.83,19.87,24.72,97.51,84.51,172.61,65,ERDF_CONNECT,114158329.36,49.55,2025-06-15
2017,RO,BE91,DSL,80.77,29.55,49.43,10.32,31.68,14.51,37.79,16.8,94.48,19.48,320.11,28,RRF_BROADBAND,51269915.96,35.29,2024-01-25
2018,AT,ES303,DSL,46.73,24.71,37.57,8.59,38.7,43.82,42.4,22.85,58.61,23.39,223.87,28,CEF2_DIGITAL,85332656.63,68.24,2024-01-19
2019,CZ,SE892,DSL,48.72,33.52,34.57,12.02,42.1,40.26,69.91,49.81,77.39,65.99,376.06,38,NONE,179302781.7,61.22,2025-01-06
2020,DE,FR603,DSL,74.24,62.14,46.52,10.79,21.21,18.73,49.48,13.49,82.95,43.27,349.04,34,STATE_AID_GBER,147340357.67,53.96,2025-12-24
2021,LV,DE4,DSL,72.68,63.95,38.12,2.46,27.27,84.95,33.44,52.14,72.56,74.79,265.25,32,NATIONAL_RURAL_FIBER,37136782.08,44.68,2024-10-17
2022,PL,HU84,DSL,61.17,29.55,40.8,3.3,47.71,58.16,26.56,31.11,51.83,21.74,315.19,35,ERDF_CONNECT,127287328.99,53.09,2024-06-30
2023,ES,LV89,DSL,69.49,37.12,15.76,13.46,26.86,18.75,35.56,27.38,68.09,21.25,360.4,43,RRF_BROADBAND,127530833.88,23.42,2024-05-06
2024,HR,PT228,DSL,79.08,52.34,47.26,4.74,18.98,45.37,69.6,33.66,95.37,44.38,24.96,50,CEF2_DIGITAL,284391636.95,32.84,2024-09-15
2025,FI,DE47,DSL,60.18,46.88,20.1,10.15,43.09,79.13,52.1,14.98,48.25,76.33,371.66,41,NONE,45237697.12,55.01,2024-07-02
2026,IE,LT26,DSL,74.16,66.07,16.41,7.86,32.03,65.47,11.27,28.7,64.91,20.66,310.16,45,STATE_AID_GBER,252467316.93,43.74,2024-06-06
2014,MT,GR37,DSL,83.26,70.13,31.06,2.11,26.27,70.92,27.99,38.25,48.94,71.03,344.09,38,NATIONAL_RURAL_FIBER,217625586.32,31.21,2025-09-13
2015,SK,FR2,DSL,59.9,33.3,31.68,4.48,28.59,63.49,69.41,13.21,65.29,53.28,400.13,47,ERDF_CONNECT,167471452.65,81.81,2024-09-03
2016,BE,SI209,DSL,70.59,61.33,44.4,11.94,41.48,59.21,19.11,9.67,42.43,21.46,416.72,40,RRF_BROADBAND,236977252.75,59.35,2024-10-21
2017,DK,DK98,DSL,60.19,35.87,31.83,6.19,40.21,29.09,35.38,50.12,42.46,65.98,306.95,48,CEF2_DIGITAL,205841944.17,49.74,2025-05-31
2018,GR,NL704,DSL,71.22,55.81,15.56,3.23,34.97,43.08,32.79,29.59,78.3,24.66,96.68,2,NONE,174803437.8,69.96,2024-02-15
2019,LT,CY93,DSL,68.12,53.65,31.68,3.84,48.22,28.98,45.83,32.06,84.83,37.81,239.73,5,STATE_AID_GBER,162909650.36,47.99,2024-04-04
2020,PT,HU100,DSL,69.53,25.75,27.65,13.08,23.78,63.68,54.33,7.94,95.66,27.88,339.89,10,NATIONAL_RURAL_FIBER,25119844.06,20.44,2024-02-10
2021,SE,CZ2,DSL,46.45,33.77,48.46,6.9,38.97,92.04,5.21,37.41,74.1,79.6,303.52,15,ERDF_CONNECT,42746751.74,81.59,2024-02-16
2022,CY,PL261,DSL,68.31,31.98,19.39,12.54,27.19,83.66,45.58,47.64,93.33,33.74,162.16,5,RRF_BROADBAND,156479618.09,80.71,2025-06-04
2023,FR,HR604,DSL,64.76,39.43,45.62,12.91,40.79,17.31,51.92,41.48,56.42,69.77,369.09,15,CEF2_DIGITAL,209430015.73,30.59,2026-01-25
2024,IT,GR329,DSL,74.9,28.29,42.27,6.0,31.18,20.44,41.85,20.45,69.03,67.44,370.15,10,NONE,141635169.74,47.45,2025-07-13
2025,NL,MT7,DSL,65.58,54.15,30.2,7.69,44.02,97.19,36.77,50.09,95.98,44.24,22.27,18,STATE_AID_GBER,206778304.67,77.11,2024-07-11
2026,SI,HR1,DSL,70.71,26.07,52.16,7.42,52.26,39.26,20.07,53.2,74.1,76.23,173.51,21,NATIONAL_RURAL_FIBER,150990824.66,45.76,2025-01-23
2014,BG,AT417,DSL,35.83,20.94,14.59,12.85,45.59,83.01,37.89,29.84,43.91,55.73,296.13,19,ERDF_CONNECT,226305090.15,69.04,2025-12-06
2015,EE,PL398,DSL,45.28,19.15,18.14,5.45,43.5,25.12,63.47,20.41,85.95,40.87,267.69,13,RRF_BROADBAND,154509013.15,49.62,2025-12-13
2016,HU,NL202,DSL,69.88,52.29,40.16,9.21,33.65,19.01,50.64,34.23,54.16,75.26,17.37,22,CEF2_DIGITAL,122452651.93,67.86,2025-05-29
2017,LU,HR184,DSL,52.85,29.52,21.11,11.49,35.15,73.66,71.16,35.77,66.25,50.29,74.84,49,NONE,211367066.91,20.55,2025-05-09
2018,RO,PT655,DSL,63.98,41.37,38.89,9.72,53.41,61.76,40.13,40.8,92.57,51.7,205.91,18,STATE_AID_GBER,335136382.8,54.68,2025-06-28
2019,AT,IT966,DSL,73.13,53.89,24.86,7.68,22.13,97.74,40.32,47.72,90.23,70.64,154.19,26,NATIONAL_RURAL_FIBER,346700888.58,79.76,2024-02-14
2020,CZ,LV3,DSL,41.72,18.38,10.16,9.15,22.84,96.83,69.65,49.22,79.82,19.73,49.67,41,ERDF_CONNECT,61352704.74,74.33,2025-10-25
2021,DE,IT14,DSL,67.93,49.03,16.56,13.28,19.94,93.04,49.02,17.11,79.91,36.7,156.38,18,RRF_BROADBAND,152302601.29,59.88,2025-07-05
2022,LV,SI60,DSL,40.08,26.28,33.36,9.76,23.92,37.75,23.86,29.52,93.83,45.0,126.67,28,CEF2_DIGITAL,195234171.85,54.35,2025-07-02
2023,PL,DE33,DSL,53.58,22.39,30.87,1.8,22.66,59.33,32.93,24.97,96.33,23.99,232.5,28,NONE,189748684.54,39.3,2025-06-23
2024,ES,LV12,DSL,48.21,33.3,38.54,7.29,28.06,95.88,49.52,53.41,89.8,81.67,336.97,28,STATE_AID_GBER,328416597.78,63.22,2025-04-03
2025,HR,GR15,DSL,65.48,28.99,36.25,11.77,47.48,65.05,44.74,44.27,73.11,75.41,13.17,26,NATIONAL_RURAL_FIBER,380975007.5,72.4,2024-04-02
2026,FI,MT768,DSL,68.87,24.25,45.28,11.89,54.36,50.57,9.24,33.5,43.74,26.48,140.21,32,ERDF_CONNECT,49345713.52,38.24,2024-08-27
2014,IE,GR908,DSL,78.77,33.27,32.69,4.21,20.96,38.69,9.74,19.27,61.71,73.84,324.26,63,RRF_BROADBAND,208321718.12,21.6,2025-05-21
2015,MT,SK29,DSL,81.62,59.0,34.21,7.37,19.77,80.84,48.35,52.18,91.14,30.47,335.44,27,CEF2_DIGITAL,264474115.82,46.34,2024-05-17
2016,SK,AT732,DSL,76.07,69.39,24.2,5.45,46.9,28.99,59.53,42.74,75.02,30.55,190.49,25,NONE,170099784.71,48.97,2024-04-18
2017,BE,DK788,DSL,62.98,23.15,53.6,10.7,45.17,45.38,23.29,17.96,89.08,70.23,413.13,28,STATE_AID_GBER,327207663.82,56.34,2025-01-07
2018,DK,BG9,DSL,79.04,39.98,37.15,14.99,48.61,17.02,29.21,51.81,95.52,41.43,266.14,39,NATIONAL_RURAL_FIBER,347324504.32,49.46,2025-07-07
2019,GR,LV640,DSL,39.73,19.52,45.35,7.92,38.24,68.98,47.46,25.5,54.04,20.71,212.17,34,ERDF_CONNECT,21259076.4,32.8,2025-02-04
2020,LT,AT7,DSL,54.32,41.07,51.27,3.82,50.25,18.62,13.22,24.14,66.24,25.2,179.62,40,RRF_BROADBAND,51207824.48,21.3,2025-07-14
2021,PT,PT44,DSL,82.8,55.39,25.55,14.0,44.0,81.32,23.21,39.31,70.17,56.77,51.16,47,CEF2_DIGITAL,205074973.52,83.74,2024-09-02
2022,SE,HR819,DSL,61.74,26.93,24.63,6.19,18.19,47.92,22.05,53.38,96.86,20.24,155.29,36,NONE,119465359.09,36.0,2025-12-20
2023,CY,LU7,DSL,44.2,34.27,40.17,7.43,18.96,89.56,64.01,51.37,69.02,84.97,70.89,39,STATE_AID_GBER,111057453.43,37.23,2024-08-03
2024,FR,PT862,DSL,60.33,27.31,42.16,4.31,33.24,25.3,36.53,41.88,53.47,49.15,332.77,39,NATIONAL_RURAL_FIBER,77282225.74,62.93,2025-12-02
2025,IT,RO60,DSL,74.73,38.87,54.07,10.38,36.61,46.19,25.54,29.95,95.45,74.92,313.36,46,ERDF_CONNECT,160899435.93,46.93,2024-06-20
2026,NL,SE65,DSL,59.45,52.44,30.62,12.61,49.57,64.83,74.53,21.67,61.32,74.94,223.27,82,RRF_BROADBAND,192975043.6,71.36,2024-06-24
2014,SI,SE79,DSL,71.28,41.95,48.56,10.06,28.53,74.32,72.93,22.79,85.87,36.27,276.26,47,CEF2_DIGITAL,226236518.23,72.92,2024-01-05
2015,BG,CY956,DSL,46.89,20.8,47.07,6.96,18.24,71.1,44.96,41.26,97.21,66.45,133.93,42,NONE,260138099.43,36.44,2025-11-11
2016,EE,IT49,DSL,36.64,15.18,51.13,6.96,34.94,56.61,40.21,50.56,46.28,83.72,127.71,45,STATE_AID_GBER,320189339.21,23.84,2025-02-26
2017,HU,FI1,DSL,54.77,49.77,15.02,7.5,30.18,46.08,44.09,53.88,70.19,81.0,158.11,95,NATIONAL_RURAL_FIBER,70077902.41,80.71,2025-05-29
2018,LU,PL51,DSL,77.66,67.21,14.93,7.31,42.12,69.54,63.79,36.39,74.54,61.33,77.82,12,ERDF_CONNECT,269887054.83,79.11,2024-09-02
2019,RO,RO797,DSL,69.74,41.52,48.75,13.38,29.21,36.97,55.21,50.23,66.06,34.87,70.5,4,RRF_BROADBAND,321043335.45,66.33,2025-01-15
2020,AT,FR9,DSL,52.9,47.44,40.42,12.4,20.72,57.49,72.25,44.05,66.3,52.49,103.23,19,CEF2_DIGITAL,222575993.18,66.56,2024-07-10
2021,CZ,SE2,DSL,45.28,17.06,20.47,12.37,48.55,27.65,62.33,35.7,74.5,30.48,153.55,29,NONE,178086671.27,20.73,2025-10-29
2022,DE,NL97,DSL,73.3,64.9,49.81,4.9,32.0,48.65,22.24,48.26,44.86,37.92,219.51,7,STATE_AID_GBER,267468381.16,75.26,2026-01-31
2023,LV,HR304,DSL,64.48,59.16,49.85,8.43,42.23,50.4,73.94,52.83,89.07,59.66,412.68,10,NATIONAL_RURAL_FIBER,80790715.78,70.87,2024-08-04
2024,PL,EE994,DSL,46.59,42.41,27.9,9.7,54.13,71.51,32.78,32.23,71.89,45.23,56.34,14,ERDF_CONNECT,33827887.87,21.19,2025-03-13
2025,ES,PL23,DSL,79.79,31.18,29.08,9.4,51.56,19.82,59.06,6.9,58.01,43.98,84.81,12,RRF_BROADBAND,291443347.27,48.78,2025-10-09
2026,HR,PT518,DSL,72.04,26.93,44.8,4.29,29.76,61.17,17.32,19.58,85.27,60.79,289.43,18,CEF2_DIGITAL,116009698.62,52.6,2024-04-27
2014,FI,LT499,DSL,49.26,33.96,34.09,7.74,54.45,51.24,32.18,44.17,73.11,30.32,230.24,9,NONE,29614323.51,57.01,2024-07-21
2015,IE,RO147,DSL,48.26,23.2,14.15,14.5,30.31,73.79,60.09,18.16,62.47,32.87,350.49,41,STATE_AID_GBER,329105877.49,58.34,2026-01-15
2016,MT,FI2,DSL,67.48,52.69,40.05,9.12,33.96,57.28,54.09,54.47,42.68,34.33,149.85,14,NATIONAL_RURAL_FIBER,178911108.42,56.89,2024-07-13
2017,SK,DE72,DSL,69.06,44.72,37.62,8.78,26.82,55.46,60.03,44.91,61.05,29.14,266.02,32,ERDF_CONNECT,190831527.88,58.19,2024-04-20
2018,BE,EE20,DSL,52.06,18.51,54.68,2.51,40.0,80.01,51.34,11.62,57.09,79.57,147.23,34,RRF_BROADBAND,142131107.68,33.31,2024-03-20
2019,DK,SK814,DSL,80.35,45.92,35.22,6.67,46.02,39.81,34.56,43.37,88.96,70.34,247.18,14,CEF2_DIGITAL,181972209.47,81.39,2024-01-03
2020,GR,LT66,DSL,71.43,28.37,29.35,5.78,38.04,86.14,56.22,20.33,78.5,80.96,28.58,25,NONE,261014448.36,45.39,2024-02-11
2021,LT,SI449,DSL,61.78,51.76,45.45,6.13,34.07,21.71,55.96,24.34,83.07,60.89,24.02,56,STATE_AID_GBER,271850993.51,66.79,2024-12-01
2022,PT,PL7,DSL,45.57,23.59,45.88,8.88,37.92,58.42,64.8,52.9,47.38,23.02,336.0,52,NATIONAL_RURAL_FIBER,151429809.04,56.52,2025-11-30
2023,SE,CY372,DSL,77.69,64.14,35.99,5.15,41.59,75.39,40.27,23.97,65.07,49.41,182.37,19,ERDF_CONNECT,168791500.76,22.6,2025-09-02
2024,CY,BG539,DSL,55.92,36.21,30.97,13.84,22.08,53.29,37.81,43.93,92.85,41.78,306.93,19,RRF_BROADBAND,285081371.49,57.15,2025-03-18
2025,FR,NL3,DSL,42.57,21.18,50.17,12.06,46.23,39.61,67.41,27.51,51.6,84.13,151.78,29,CEF2_DIGITAL,168326677.89,22.53,2024-02-17
2026,IT,PT669,DSL,48.16,32.91,43.45,13.14,51.07,51.86,47.8,45.93,73.53,74.5,322.09,31,NONE,89360745.77,48.91,2024-03-17
2014,NL,DK160,DSL,49.28,30.37,38.73,4.39,42.27,90.21,68.02,28.54,60.87,58.1,185.29,23,STATE_AID_GBER,273735202.33,65.0,2024-05-04
2015,SI,FR434,DSL,72.21,46.24,33.62,5.35,29.34,71.15,62.68,7.98,44.59,82.6,417.24,33,NATIONAL_RURAL_FIBER,146057983.02,38.89,2025-11-13
2016,BG,ES35,DSL,58.86,30.33,42.23,13.74,50.64,64.98,8.16,7.09,84.66,55.85,123.95,29,ERDF_CONNECT,216865473.17,76.13,2025-09-24
2017,EE,BE959,DSL,80.98,32.74,41.73,4.72,40.54,20.95,54.08,38.85,58.0,69.55,414.86,29,RRF_BROADBAND,55743707.72,40.7,2026-01-22
2018,HU,FI514,DSL,41.66,22.85,35.28,7.86,38.8,56.29,48.66,20.82,59.32,74.03,258.42,32,CEF2_DIGITAL,119546740.59,24.29,2025-11-26
2019,LU,SE257,DSL,45.1,40.35,50.35,1.57,24.28,72.19,63.25,34.47,54.56,42.27,327.16,33,NONE,333724534.05,41.29,2025-07-24
2020,RO,SE9,DSL,78.61,30.23,37.72,9.22,42.06,35.59,62.8,15.97,89.99,68.02,274.8,68,STATE_AID_GBER,184304055.75,53.4,2025-12-31
2021,AT,RO6,DSL,45.61,28.56,41.6,13.33,46.66,88.35,54.22,41.82,59.13,64.15,121.35,40,NATIONAL_RURAL_FIBER,134362011.99,42.3,2024-05-03
2022,CZ,EE43,DSL,50.07,42.32,28.91,10.38,29.06,52.79,54.95,36.52,93.53,60.0,319.58,52,ERDF_CONNECT,116114146.98,66.06,2025-02-11
2023,DE,SE940,DSL,78.06,57.16,53.74,7.64,32.74,35.91,55.32,16.29,79.89,27.11,387.37,35,RRF_BROADBAND,399369575.31,42.57,2024-10-18
2024,LV,NL72,DSL,75.52,56.62,13.91,3.68,19.61,21.62,73.78,51.04,41.11,22.25,403.64,43,CEF2_DIGITAL,213495379.03,54.08,2024-10-26
2025,PL,BE16,DSL,67.14,33.5,25.69,3.25,39.0,25.5,60.26,29.82,65.93,42.47,227.28,45,NONE,275497251.02,36.65,2025-03-10
2026,ES,BE90,DSL,53.92,49.02,13.2,8.96,48.45,75.87,5.56,15.63,92.38,28.31,161.07,35,STATE_AID_GBER,24013396.74,42.85,2025-04-08
2014,HR,LU661,DSL,47.92,31.1,49.39,11.85,30.02,35.6,6.95,29.86,87.34,76.59,295.66,36,NATIONAL_RURAL_FIBER,145477614.3,28.29,2025-06-21
2015,FI,PT49,DSL,83.96,74.06,50.82,5.31,49.03,23.68,33.6,51.6,83.74,23.07,382.24,72,ERDF_CONNECT,258624697.35,55.92,2026-01-27
2016,IE,LV442,DSL,80.02,58.33,30.97,8.91,36.7,35.18,11.26,6.1,89.8,84.92,218.42,40,RRF_BROADBAND,112520930.56,59.85,2024-08-09
2017,MT,AT613,DSL,53.46,49.05,30.76,13.34,35.95,39.61,68.19,8.72,69.58,76.91,359.95,45,CEF2_DIGITAL,51654989.55,39.44,2025-12-10
2018,SK,ES15,DSL,69.54,39.98,27.28,6.16,50.53,61.13,40.27,19.52,94.97,62.43,227.6,44,NONE,71229049.39,58.02,2024-07-17
2019,BE,MT13,DSL,82.02,72.25,13.43,1.93,47.99,36.03,31.31,31.25,95.61,39.64,28.21,8,STATE_AID_GBER,112309528.59,64.33,2025-08-28
2020,DK,SE14,DSL,51.45,43.11,27.28,8.06,26.15,93.37,35.42,53.65,68.52,74.02,126.53,27,NATIONAL_RURAL_FIBER,8689794.27,47.74,2025-06-27
2021,GR,CY5,DSL,81.19,61.0,25.99,3.58,54.06,90.61,39.84,15.9,87.39,35.85,212.48,13,ERDF_CONNECT,210305142.06,27.27,2025-11-14
2022,LT,AT3,DSL,43.92,33.16,46.48,3.47,36.32,89.05,67.24,30.02,46.92,56.01,362.17,15,RRF_BROADBAND,52555403.4,70.66,2024-12-23
2023,PT,AT943,DSL,37.22,24.28,32.53,11.72,33.6,23.3,25.55,13.73,60.41,61.85,384.81,11,CEF2_DIGITAL,94403353.14,32.54,2024-12-18
2024,SE,DK56,DSL,37.7,30.92,45.2,12.99,41.07,63.79,57.45,53.91,89.12,20.57,187.74,10,NONE,248161383.97,37.6,2024-02-11
2025,CY,BG48,DSL,46.33,29.59,26.04,2.16,24.19,92.04,13.46,44.11,92.17,81.15,159.27,59,STATE_AID_GBER,178174939.27,47.54,2024-03-04
2026,FR,HR320,DSL,69.1,40.34,17.52,6.08,35.6,50.71,40.77,44.68,91.89,76.32,391.91,11,NATIONAL_RURAL_FIBER,63125006.1,63.84,2024-04-15
2014,IT,HR12,DSL,79.54,59.67,20.34,3.17,34.05,53.25,66.36,16.48,75.13,53.11,303.65,19,ERDF_CONNECT,236449163.96,21.31,2024-02-10
2015,NL,BE181,DSL,72.56,41.59,31.74,6.22,48.02,39.59,66.47,19.23,75.01,48.66,305.9,15,RRF_BROADBAND,65025885.49,40.9,2024-07-18
2016,SI,SK205,DSL,83.58,54.82,35.8,12.21,45.81,18.16,9.22,20.06,87.69,39.57,401.35,17,CEF2_DIGITAL,109031451.1,73.45,2025-04-15
2017,BG,SK13,DSL,70.21,49.26,31.72,2.08,40.36,70.99,10.53,29.83,67.77,48.49,266.34,21,NONE,142697300.3,82.37,2025-01-06
2018,EE,PT36,DSL,65.17,43.89,51.56,12.52,54.27,78.6,48.29,35.79,45.55,33.34,239.48,12,STATE_AID_GBER,70327892.28,50.24,2025-02-11
2019,HU,AT16,DSL,78.9,58.48,24.82,6.52,26.43,30.76,25.0,10.41,91.32,60.41,327.63,33,NATIONAL_RURAL_FIBER,207901931.66,60.08,2025-06-19
2020,LU,FI62,DSL,65.79,43.42,37.07,14.9,37.45,60.24,58.72,19.98,74.47,75.47,128.77,19,ERDF_CONNECT,60774585.02,62.92,2025-08-29
2021,RO,RO8,DSL,42.85,30.1,47.75,13.5,42.74,88.08,51.25,46.91,61.39,52.11,265.71,15,RRF_BROADBAND,71127634.83,26.72,2025-10-29
2022,AT,CZ39,DSL,57.12,23.95,46.33,11.66,46.44,31.87,36.79,36.72,59.75,79.91,332.42,27,CEF2_DIGITAL,313006309.69,26.25,2025-07-13
2023,CZ,HR889,DSL,59.47,54.61,46.63,14.28,36.41,57.09,63.33,49.19,67.25,69.3,400.24,17,NONE,246483735.52,84.83,2025-03-19
2024,DE,AT79,DSL,84.03,40.82,12.63,1.83,35.74,27.31,26.01,51.35,89.8,73.38,357.95,26,STATE_AID_GBER,136053375.97,73.62,2025-09-17
2025,LV,FR63,DSL,59.98,37.01,43.92,6.41,38.63,10.61,30.89,32.68,61.02,69.73,46.13,30,NATIONAL_RURAL_FIBER,85436472.25,63.45,2025-02-13
2026,PL,CZ8,DSL,68.11,59.72,11.89,7.74,36.73,84.37,67.87,54.71,51.75,30.71,193.89,66,ERDF_CONNECT,244893840.57,27.3,2024-10-07
2014,ES,IT417,DSL,61.04,24.46,35.36,12.47,37.74,10.89,47.36,41.67,46.19,66.67,196.62,27,RRF_BROADBAND,117588355.21,71.55,2025-04-18
2015,HR,IT39,DSL,38.71,15.42,22.21,7.84,38.96,76.29,25.99,22.39,57.23,51.0,289.7,30,CEF2_DIGITAL,57608170.75,62.13,2024-04-11
2016,FI,IT125,DSL,80.63,58.92,11.59,5.96,38.44,78.98,27.85,31.87,89.79,36.13,97.37,33,NONE,267840966.4,83.47,2024-01-20
2017,IE,FI75,DSL,38.2,17.97,51.64,3.93,37.32,79.38,46.64,21.2,97.4,25.1,77.26,62,STATE_AID_GBER,153893930.2,83.95,2025-11-14
2018,MT,SI8,DSL,63.35,27.02,33.54,5.79,40.8,42.79,62.37,44.02,92.65,84.78,217.97,30,NATIONAL_RURAL_FIBER,254210481.39,79.92,2025-03-11
2019,SK,SK41,DSL,84.27,41.14,19.43,2.99,48.1,53.1,49.65,6.23,50.29,46.79,237.62,26,ERDF_CONNECT,176372884.61,72.69,2024-12-30
2020,BE,AT24,DSL,76.01,57.42,32.52,9.65,43.29,74.67,33.05,19.04,57.4,66.99,170.67,35,RRF_BROADBAND,113666062.75,77.13,2025-03-31
2021,DK,ES82,DSL,69.42,41.75,23.77,8.86,27.25,73.03,49.11,21.39,49.97,72.97,283.07,32,CEF2_DIGITAL,94864638.99,53.09,2026-01-15
2022,GR,CY558,DSL,40.47,24.77,30.73,5.09,36.87,30.28,6.55,39.64,40.64,25.38,277.39,41,NONE,268614606.38,53.12,2026-02-08
2023,LT,FI808,DSL,59.73,44.99,13.18,3.13,30.29,91.68,24.7,26.59,90.17,30.28,167.49,40,STATE_AID_GBER,270926820.77,56.9,2024-01-25
2024,PT,AT270,DSL,75.83,67.11,51.56,2.59,35.68,77.36,35.61,30.13,46.06,62.98,395.25,35,NATIONAL_RURAL_FIBER,408635920.85,71.96,2024-01-03
2025,SE,SE8,DSL,49.19,39.31,51.56,7.06,23.0,64.49,38.29,6.34,60.32,31.44,372.52,33,ERDF_CONNECT,12589762.28,24.62,2024-07-19
2026,CY,FR90,DSL,66.96,43.47,43.81,8.27,19.81,18.49,67.68,7.67,64.97,35.51,349.02,38,RRF_BROADBAND,4536275.94,31.68,2025-10-23
2014,FR,EE6,DSL,76.69,68.32,53.03,2.87,26.69,75.42,65.3,22.74,66.94,26.41,64.45,37,CEF2_DIGITAL,148680877.78,58.8,2025-02-16
2015,IT,AT88,DSL,52.02,44.49,14.15,12.86,20.6,58.81,63.86,45.24,76.45,31.91,319.14,44,NONE,125458482.66,57.87,2024-01-21
2016,NL,BG811,DSL,64.23,32.93,52.4,7.05,36.84,96.49,25.36,23.36,77.33,44.62,326.17,37,STATE_AID_GBER,119120498.95,61.67,2024-07-01
2017,SI,CZ4,DSL,80.87,55.42,40.01,7.7,31.43,12.93,50.17,26.34,49.55,56.3,203.4,92,NATIONAL_RURAL_FIBER,48911848.89,66.84,2024-02-16
2018,BG,PL932,DSL,84.36,45.9,30.25,4.48,24.44,76.05,68.67,39.42,67.81,40.99,406.25,78,ERDF_CONNECT,201025727.73,43.88,2024-02-28
2019,EE,LU6,DSL,45.55,30.35,16.58,6.51,36.85,64.58,24.77,24.27,75.74,69.7,88.59,80,RRF_BROADBAND,260182797.25,81.32,2025-01-18
2020,HU,FR85,DSL,57.88,23.98,33.92,3.95,39.85,16.27,58.24,7.11,59.68,68.1,187.19,2,CEF2_DIGITAL,14134065.53,32.17,2025-02-19
2021,LU,BE86,DSL,54.85,37.13,33.91,12.02,30.61,80.52,6.87,24.33,73.36,46.01,323.42,9,NONE,56293473.21,50.3,2025-03-22
2022,RO,AT40,DSL,53.63,19.4,26.87,12.9,19.64,81.33,9.43,36.83,44.88,74.22,50.91,5,STATE_AID_GBER,34319240.19,51.44,2025-06-18
2023,AT,SK7,DSL,60.6,48.97,11.46,3.84,21.86,56.25,48.61,41.24,49.91,50.65,186.34,20,NATIONAL_RURAL_FIBER,37141867.28,48.95,2024-10-11
2024,CZ,NL9,DSL,58.95,28.43,32.04,9.52,28.2,67.42,34.96,9.81,93.47,72.68,328.43,36,ERDF_CONNECT,339782513.7,38.46,2025-06-08
2025,DE,FI90,DSL,49.11,34.0,43.76,11.11,49.05,67.42,66.49,50.82,92.6,72.8,104.75,12,RRF_BROADBAND,117288449.3,51.92,2025-12-03
2026,LV,SI6,DSL,47.14,32.38,18.47,8.76,51.48,58.05,56.12,21.63,43.72,63.24,386.27,49,CEF2_DIGITAL,169164153.24,81.39,2025-09-08
2014,PL,ES186,DSL,42.42,30.57,16.66,13.07,22.83,43.5,60.77,25.98,49.32,62.41,66.01,11,NONE,71538510.85,73.58,2025-02-22
2015,ES,GR55,DSL,79.63,36.36,30.44,3.39,46.84,68.95,18.88,15.12,40.27,43.13,260.19,9,STATE_AID_GBER,161079863.29,23.61,2025-10-26
2016,HR,AT521,DSL,76.04,45.5,19.46,10.16,21.86,59.67,13.19,53.94,83.43,39.02,157.59,29,NATIONAL_RURAL_FIBER,231342138.32,23.13,2025-12-28
2017,FI,SK34,DSL,66.37,53.04,29.77,7.25,37.68,24.62,18.61,13.37,79.94,75.08,127.47,36,ERDF_CONNECT,14438227.62,61.92,2024-02-09
2018,IE,NL390,DSL,80.96,39.81,15.58,3.6,27.03,16.13,6.99,25.69,44.56,78.2,111.72,70,RRF_BROADBAND,73117927.17,48.87,2024-06-08
2019,MT,LV200,DSL,61.3,24.78,20.55,6.23,33.79,49.19,9.23,32.72,90.27,44.48,333.98,22,CEF2_DIGITAL,164136514.31,50.51,2024-11-05
2020,SK,SI3,DSL,49.69,28.94,48.36,10.25,25.77,50.52,62.6,29.6,48.47,40.72,90.84,25,NONE,153580638.74,35.76,2024-03-21
2021,BE,HR54,DSL,53.05,37.29,21.04,13.59,19.59,24.29,74.36,48.78,52.2,63.33,215.48,17,STATE_AID_GBER,52415882.25,42.28,2026-02-16
2022,DK,ES39,DSL,58.7,34.56,46.33,11.16,20.4,76.35,29.79,17.71,89.99,54.35,293.38,56,NATIONAL_RURAL_FIBER,112378729.95,46.22,2024-05-01
2023,GR,HU77,DSL,54.83,42.02,22.84,2.99,27.84,67.47,14.61,35.27,78.26,36.57,353.55,27,ERDF_CONNECT,26643934.47,39.1,2025-03-10
2024,LT,LT92,DSL,44.72,24.1,27.36,5.85,49.99,62.98,30.59,36.76,63.9,81.97,228.79,17,RRF_BROADBAND,222951797.47,50.41,2025-07-02
2025,PT,PL790,DSL,61.6,50.2,53.41,10.5,28.07,87.37,40.09,21.91,56.56,50.41,46.59,33,CEF2_DIGITAL,53680281.34,61.38,2025-09-13
2026,SE,IT7,DSL,63.12,24.96,21.87,6.92,39.71,26.64,48.92,48.03,61.12,80.07,240.23,65,NONE,66362476.23,82.21,2024-11-25
2014,CY,BG788,DSL,61.98,43.43,27.12,8.17,22.89,91.42,56.48,35.68,81.32,66.47,274.07,60,STATE_AID_GBER,245977144.77,42.22,2025-12-30
2015,FR,NL96,DSL,84.04,53.18,10.11,9.84,18.65,76.05,11.91,50.65,86.63,47.55,419.35,47,NATIONAL_RURAL_FIBER,281889678.43,50.34,2026-01-20
2016,IT,DK7,DSL,74.99,55.44,39.49,10.39,43.48,14.27,64.91,39.05,68.95,46.95,302.8,28,ERDF_CONNECT,265050768.34,68.05,2025-06-09
2017,NL,BG67,DSL,73.48,58.93,27.4,5.93,29.18,59.69,26.4,44.61,96.0,35.96,373.91,31,RRF_BROADBAND,226184017.18,72.52,2025-09-05
2018,SI,EE226,DSL,71.08,52.97,47.26,10.0,54.57,89.88,35.81,32.33,90.02,44.47,402.57,55,CEF2_DIGITAL,124861607.32,50.6,2026-01-15
2019,BG,CZ721,DSL,41.23,19.2,45.67,8.19,18.74,33.14,37.88,52.99,97.28,61.56,236.54,63,NONE,113070047.97,67.19,2024-03-24
2020,EE,DE24,DSL,44.94,30.43,32.46,10.85,20.53,67.22,34.79,39.57,83.74,49.88,13.25,31,STATE_AID_GBER,301199489.1,51.5,2024-02-24
2021,HU,CY593,DSL,62.01,40.62,42.32,9.72,27.67,32.25,64.76,37.64,67.01,52.8,37.2,30,NATIONAL_RURAL_FIBER,233256561.72,30.37,2024-10-19
2022,LU,BG132,DSL,80.4,55.33,50.46,14.74,49.79,79.23,71.92,11.9,62.25,51.64,230.56,33,ERDF_CONNECT,103852420.31,71.98,2025-09-07
2023,RO,IE433,DSL,71.37,56.44,28.42,5.26,25.72,12.68,19.06,27.59,44.43,84.36,274.75,40,RRF_BROADBAND,108210147.76,80.0,2025-06-20
2024,AT,NL23,DSL,71.93,33.85,45.69,7.79,27.13,30.97,7.68,21.64,83.21,35.79,313.39,39,CEF2_DIGITAL,311978769.5,63.92,2025-08-21
2025,CZ,BE911,DSL,49.16,37.31,53.86,4.99,50.18,69.43,49.1,47.55,80.34,64.74,369.32,80,NONE,98671900.84,42.28,2024-10-06
2026,DE,FI390,DSL,83.36,34.15,28.65,10.62,29.18,88.47,40.87,23.31,41.91,57.47,143.45,37,STATE_AID_GBER,87793481.69,61.11,2025-04-16
2014,LV,SI33,DSL,46.07,22.0,38.78,7.85,54.49,17.87,54.31,35.96,61.52,80.6,113.11,36,NATIONAL_RURAL_FIBER,22272785.26,80.06,2025-03-08
2015,PL,DK45,DSL,50.37,22.42,44.96,12.43,18.95,77.0,63.07,35.38,74.2,33.98,151.75,41,ERDF_CONNECT,22393798.87,38.55,2025-01-14
2016,ES,LU3,DSL,64.63,50.83,52.21,3.5,21.17,17.12,7.86,50.15,53.57,32.67,81.3,43,RRF_BROADBAND,235525663.7,48.75,2024-07-04
2017,HR,GR19,DSL,79.16,28.97,40.21,6.39,27.24,52.93,12.42,44.41,93.31,76.78,32.06,39,CEF2_DIGITAL,186848871.45,35.71,2025-05-13
2018,FI,PL90,DSL,59.57,39.53,45.16,2.91,47.59,45.76,60.29,50.43,70.28,55.06,349.84,43,NONE,129484818.38,57.85,2024-08-08
2019,IE,BG51,DSL,41.74,18.65,15.02,2.69,22.98,90.7,65.05,47.78,58.62,71.52,26.72,42,STATE_AID_GBER,39541359.76,70.75,2025-05-22
2020,MT,PL93,DSL,36.4,23.24,35.38,5.08,27.12,90.35,14.48,22.78,68.51,25.32,254.8,49,NATIONAL_RURAL_FIBER,92894734.66,22.22,2024-11-01
2021,SK,EE95,DSL,80.36,64.25,44.66,13.21,42.86,88.74,11.26,12.45,72.34,69.98,241.94,8,ERDF_CONNECT,296157666.74,24.24,2024-07-12
2022,BE,RO473,DSL,70.71,60.28,20.92,12.63,34.17,63.15,7.72,42.15,60.76,27.45,284.89,3,RRF_BROADBAND,32027075.94,56.4,2025-07-17
2023,DK,LV390,DSL,57.91,43.92,54.1,11.64,50.85,73.36,45.31,8.74,89.04,32.44,112.17,28,CEF2_DIGITAL,326177699.51,76.92,2024-02-08
2024,GR,PT431,DSL,76.44,34.07,52.69,9.3,36.53,10.87,20.94,27.2,76.33,57.59,399.02,34,NONE,44680113.35,64.69,2025-12-20
2025,LT,PT123,DSL,55.8,36.03,42.75,8.64,53.78,21.72,65.43,19.28,69.79,42.5,199.15,8,STATE_AID_GBER,92630540.05,80.69,2026-02-15
2026,PT,SE761,DSL,51.69,44.2,29.36,5.85,41.67,93.06,36.29,34.42,96.53,48.67,55.41,15,NATIONAL_RURAL_FIBER,107900951.25,70.53,2025-05-06
2014,SE,BG4,DSL,37.34,14.51,42.52,10.99,23.27,55.81,34.22,52.38,67.07,27.23,143.54,17,ERDF_CONNECT,418712079.54,78.19,2025-01-18
2015,CY,LU93,DSL,49.92,44.8,53.93,8.71,27.67,54.5,41.57,14.61,77.3,41.15,266.1,18,RRF_BROADBAND,228749018.87,70.38,2025-02-06
2016,FR,DK3,DSL,79.97,68.57,53.6,14.35,54.77,25.49,45.05,17.04,94.55,83.54,70.45,18,CEF2_DIGITAL,163421851.66,42.43,2025-07-12
2017,IT,DE54,DSL,72.06,39.03,42.49,7.95,49.66,72.85,54.41,51.02,53.62,24.25,203.26,21,NONE,86374523.08,40.57,2024-01-19
2018,NL,SK6,DSL,66.24,27.8,30.69,11.76,34.31,11.14,69.86,23.4,95.85,81.01,309.87,13,STATE_AID_GBER,141285686.57,34.64,2024-11-19
2019,SI,IT70,DSL,42.04,37.33,19.54,7.17,45.51,35.76,14.99,34.02,73.74,23.32,250.57,12,NATIONAL_RURAL_FIBER,24105122.23,51.22,2024-05-29
2020,BG,LT87,DSL,62.13,46.44,18.5,14.37,45.89,79.71,63.52,24.91,90.48,76.76,75.09,20,ERDF_CONNECT,110022877.52,79.38,2025-01-09
2021,EE,FR6,DSL,75.09,42.56,24.27,14.68,25.58,22.44,57.32,33.2,64.49,45.11,155.73,21,RRF_BROADBAND,8131104.3,84.01,2025-02-02
2022,HU,DE28,DSL,57.01,36.01,12.97,13.03,19.13,94.02,14.92,22.95,95.54,74.13,19.06,36,CEF2_DIGITAL,188454004.9,71.91,2025-08-04
2023,LU,RO39,DSL,68.94,34.62,28.91,3.65,37.68,43.26,10.44,20.09,89.28,32.96,325.2,67,NONE,232497835.96,34.93,2024-11-04
2024,RO,DE52,DSL,63.16,49.19,47.04,14.8,41.93,56.69,40.4,16.37,92.29,31.3,62.75,27,STATE_AID_GBER,362318636.78,59.9,2025-09-06
2025,AT,MT23,DSL,55.92,39.69,30.08,4.08,28.63,23.17,19.06,38.32,68.07,61.2,103.74,25,NATIONAL_RURAL_FIBER,233446999.7,25.11,2025-11-11
2026,CZ,SE548,DSL,56.6,25.85,51.8,11.98,33.31,47.78,9.3,13.7,83.42,77.05,350.7,33,ERDF_CONNECT,61842550.08,60.02,2025-01-14
2014,DE,CZ7,DSL,55.47,20.55,17.03,6.3,37.79,96.33,35.3,8.39,72.01,34.91,415.04,31,RRF_BROADBAND,97093974.31,21.08,2025-05-14
2015,LV,ES50,DSL,74.21,48.78,30.32,8.9,49.02,28.99,29.3,33.75,41.75,71.47,110.98,23,CEF2_DIGITAL,12173004.84,35.1,2024-12-25
2016,PL,CZ504,DSL,54.87,31.08,24.35,12.12,37.54,78.77,50.22,43.16,45.27,25.67,372.78,29,NONE,129228545.71,56.38,2024-09-27
2017,ES,FI79,DSL,80.27,49.82,28.84,2.06,22.12,28.53,54.21,27.12,65.59,45.29,153.05,34,STATE_AID_GBER,157589900.34,71.19,2025-09-21
2018,HR,FR77,DSL,72.01,26.47,11.98,10.48,38.5,89.74,55.72,46.89,61.81,58.47,76.01,35,NATIONAL_RURAL_FIBER,10730292.69,75.04,2025-05-08
2019,FI,EE407,DSL,39.97,23.1,45.64,6.15,52.0,26.27,73.32,28.68,77.25,31.23,297.9,33,ERDF_CONNECT,137666954.05,68.15,2025-11-29
2020,IE,LT608,DSL,80.75,69.29,16.76,6.46,37.22,21.15,31.97,32.83,93.55,81.67,62.92,25,RRF_BROADBAND,176245619.31,76.36,2025-10-17
2021,MT,LU39,DSL,48.54,37.99,22.52,1.71,45.47,54.89,29.71,50.76,75.46,37.22,14.44,33,CEF2_DIGITAL,10807492.7,54.6,2025-09-25
2022,SK,SK67,DSL,81.83,66.24,29.98,2.67,53.2,89.77,13.0,32.47,46.22,28.37,163.22,38,NONE,326352237.29,75.44,2024-01-22
2023,BE,LV41,DSL,76.06,33.25,48.44,8.77,53.89,66.75,31.65,44.74,41.53,82.75,21.67,28,STATE_AID_GBER,250664118.91,29.66,2025-07-27
2024,DK,HR21,DSL,43.04,37.88,32.22,13.83,39.41,92.74,15.43,40.75,54.75,38.57,97.62,31,NATIONAL_RURAL_FIBER,208791847.19,41.29,2024-07-31
2025,GR,ES408,DSL,63.24,28.93,53.31,8.75,24.3,28.26,40.59,18.94,67.65,50.55,40.5,43,ERDF_CONNECT,230469482.64,80.74,2025-02-22
2026,LT,HR66,DSL,75.91,32.48,23.98,12.84,28.11,55.44,74.44,35.68,96.63,69.29,248.68,34,RRF_BROADBAND,38163725.39,42.47,2026-01-21
2014,PT,FR62,DSL,55.71,22.16,44.95,11.57,47.4,46.42,62.96,9.87,48.13,52.34,48.59,42,CEF2_DIGITAL,162664493.07,79.02,2025-05-15
2015,SE,LT974,DSL,46.51,24.94,15.61,6.01,31.0,48.85,50.43,49.1,92.06,60.52,305.3,35,NONE,375040740.66,36.81,2024-07-18
2016,CY,PL96,DSL,79.4,48.88,29.39,10.81,54.08,79.83,31.09,29.09,84.05,25.93,187.41,49,STATE_AID_GBER,271808643.52,35.09,2024-11-27
2017,FR,DK84,DSL,46.1,26.63,42.42,4.05,33.6,78.04,5.36,39.3,79.17,51.51,119.87,46,NATIONAL_RURAL_FIBER,299706136.77,40.31,2024-09-04
2018,IT,LU885,DSL,66.11,59.44,24.06,9.98,29.76,34.28,31.51,21.88,60.32,32.35,222.23,45,ERDF_CONNECT,148302204.34,80.84,2024-06-19
2019,NL,RO66,DSL,59.03,28.37,39.86,12.05,51.97,51.99,57.73,11.28,59.65,25.04,326.47,51,RRF_BROADBAND,62703432.99,73.79,2024-11-14
2020,SI,EE61,DSL,62.21,36.1,41.42,9.17,20.28,19.36,36.29,45.93,45.38,67.69,291.22,47,CEF2_DIGITAL,30124131.41,74.11,2025-11-01
2021,BG,GR8,DSL,84.55,69.3,12.65,12.15,40.14,60.11,27.37,40.21,88.15,83.93,344.1,51,NONE,220293636.83,22.21,2024-02-11
2022,EE,DK987,DSL,56.72,44.4,46.19,5.29,46.19,55.89,52.19,11.99,60.76,70.18,97.86,2,STATE_AID_GBER,33523233.29,22.93,2025-12-16
2023,HU,LV192,DSL,36.52,29.69,27.25,12.15,26.2,37.87,33.2,39.07,69.52,22.16,169.02,13,NATIONAL_RURAL_FIBER,38595405.08,22.9,2025-08-08
2024,LU,NL65,DSL,37.67,25.58,32.86,6.13,48.92,23.93,22.43,18.26,41.85,35.53,187.0,10,ERDF_CONNECT,153066560.51,35.13,2025-02-01
2025,RO,RO5,DSL,38.49,24.09,54.17,3.5,22.01,10.08,50.83,48.58,58.15,46.7,199.25,12,RRF_BROADBAND,40204067.82,68.23,2024-01-06
2026,AT,GR9,DSL,75.58,53.83,26.76,6.76,28.68,33.03,66.32,46.95,55.64,61.96,40.23,4,CEF2_DIGITAL,221490240.99,70.57,2024-10-13
2014,CZ,DE7,DSL,53.89,41.27,17.82,10.75,51.31,92.14,49.26,8.56,46.66,34.64,26.18,65,NONE,101413564.93,53.98,2025-09-18
2015,DE,PT9,DSL,52.28,18.76,44.76,14.27,27.91,40.04,45.64,31.7,52.45,24.7,38.36,14,STATE_AID_GBER,192986280.02,63.88,2025-11-08
2016,LV,AT15,DSL,54.3,23.08,12.69,12.2,51.8,61.78,56.92,54.24,74.96,81.93,209.91,12,NATIONAL_RURAL_FIBER,276968341.16,21.73,2024-02-17
2017,PL,PL743,DSL,80.49,40.01,19.5,8.65,26.49,85.88,70.15,11.92,76.25,46.1,317.15,18,ERDF_CONNECT,30031213.91,22.71,2024-08-03
2018,ES,BE125,DSL,54.04,31.8,24.47,4.1,30.99,21.58,43.61,15.82,81.75,24.5,133.35,14,RRF_BROADBAND,134391903.47,40.21,2025-02-03
2019,HR,IT2,DSL,52.75,32.42,22.96,7.55,29.51,54.41,19.24,52.3,45.09,60.01,103.35,19,CEF2_DIGITAL,184403990.93,33.44,2025-03-30
2020,FI,RO7,DSL,69.6,26.65,35.19,5.56,49.97,45.9,41.63,29.28,51.97,30.42,157.5,59,NONE,85418945.38,47.37,2026-02-22
2021,IE,ES824,DSL,78.06,30.12,20.64,13.08,33.37,49.48,9.35,13.04,92.99,30.3,142.33,20,STATE_AID_GBER,64802829.23,41.56,2025-04-23
2022,MT,MT22,DSL,41.25,25.52,23.6,13.93,47.39,65.03,66.04,44.31,82.06,62.65,160.12,14,NATIONAL_RURAL_FIBER,138666514.57,59.17,2024-11-07
2023,SK,HR30,DSL,72.83,38.85,51.14,10.88,21.89,72.14,69.05,16.13,40.87,33.91,119.89,59,ERDF_CONNECT,322680482.05,77.32,2025-06-14
2024,BE,ES75,DSL,50.64,32.33,21.16,11.67,50.85,66.44,11.08,43.04,67.24,26.98,120.86,24,RRF_BROADBAND,131331373.96,24.29,2025-01-29
2025,DK,LV58,DSL,75.33,48.48,36.23,7.78,27.41,62.9,21.87,51.08,58.21,58.42,41.28,24,CEF2_DIGITAL,50508838.09,71.73,2024-01-18
2026,GR,ES3,DSL,43.24,34.36,40.85,8.88,48.1,57.41,36.74,20.53,69.94,48.88,66.09,24,NONE,95454957.96,29.24,2024-03-04
2014,LT,FI504,DSL,61.13,33.11,45.73,12.94,33.64,61.11,42.74,29.58,82.61,59.49,387.77,28,STATE_AID_GBER,214565385.06,28.2,2025-09-04
2015,PT,CY7,DSL,79.02,68.67,32.19,10.84,29.46,90.47,50.06,45.16,45.59,69.11,73.73,24,NATIONAL_RURAL_FIBER,71724071.73,43.37,2026-01-23
2016,SE,HR41,DSL,52.14,27.37,47.99,3.57,43.53,88.15,47.04,34.79,88.81,69.39,367.8,32,ERDF_CONNECT,11223837.03,20.01,2024-08-24
2017,CY,RO194,DSL,50.69,20.32,37.64,3.61,32.42,66.04,59.79,49.61,55.93,36.53,115.73,24,RRF_BROADBAND,207170327.37,79.97,2025-05-17
2018,FR,HU65,DSL,42.01,31.3,40.29,4.59,34.04,29.29,59.04,38.81,43.42,81.28,14.34,31,CEF2_DIGITAL,144024049.01,62.03,2026-02-10
2019,IT,IT29,DSL,64.46,25.65,24.31,6.33,25.84,63.6,44.64,31.78,86.97,21.12,288.43,32,NONE,37740232.03,28.71,2024-06-06
2020,NL,LV334,DSL,56.54,46.4,28.98,8.5,25.38,61.77,74.5,30.21,40.65,48.09,346.37,65,STATE_AID_GBER,195973751.77,25.39,2026-01-20
2021,SI,DK340,DSL,74.36,49.35,25.86,2.81,47.93,12.81,47.56,53.36,91.7,50.16,355.41,32,NATIONAL_RURAL_FIBER,94544411.49,77.52,2025-08-16
2022,BG,RO999,DSL,49.15,41.31,31.04,2.47,20.06,90.02,47.32,51.25,66.77,53.38,281.3,29,ERDF_CONNECT,272868104.38,57.24,2024-12-21
2023,EE,BE490,DSL,38.99,27.28,40.03,3.94,46.94,39.18,61.72,26.67,83.16,44.43,367.77,35,RRF_BROADBAND,256914880.21,52.1,2025-09-11
2024,HU,HU93,DSL,84.22,59.12,27.01,7.22,29.25,17.26,59.63,38.7,80.14,22.78,151.44,37,CEF2_DIGITAL,322844359.13,55.44,2024-04-29
2025,LU,PT6,DSL,38.34,14.84,30.67,6.19,52.21,88.9,15.16,16.49,43.74,49.57,262.53,40,NONE,156770498.32,20.34,2024-11-14
2026,RO,PL14,DSL,67.62,34.32,27.99,14.26,51.11,97.25,46.17,22.5,79.39,72.64,345.47,41,STATE_AID_GBER,200161862.4,69.45,2024-11-23
2014,AT,IE52,DSL,73.16,46.9,35.79,6.26,42.15,68.89,34.38,45.7,87.19,58.07,166.47,42,NATIONAL_RURAL_FIBER,381557171.05,35.04,2024-10-23
2015,CZ,ES69,DSL,69.33,49.48,53.67,3.63,48.67,39.23,9.07,44.11,48.25,24.09,294.1,39,ERDF_CONNECT,212954862.76,83.91,2026-01-21
2016,DE,EE1,DSL,43.05,35.89,27.97,11.18,32.73,62.45,49.62,11.19,50.14,21.88,294.93,35,RRF_BROADBAND,202321908.77,66.13,2024-11-27
2017,LV,LV97,DSL,78.53,29.82,44.94,5.98,45.14,83.31,8.96,26.37,57.67,40.97,253.24,41,CEF2_DIGITAL,204170461.69,79.27,2024-08-24
2018,PL,PL88,DSL,79.07,61.3,18.97,14.85,24.12,33.71,60.13,22.18,45.42,20.22,280.64,43,NONE,61053531.48,69.41,2025-07-12
2019,ES,GR565,DSL,70.08,58.44,40.38,11.67,21.74,52.43,63.78,37.84,78.55,32.33,341.45,48,STATE_AID_GBER,169282145.58,22.33,2024-06-27
2020,HR,SI956,DSL,60.76,24.01,42.19,5.71,51.5,60.12,52.61,50.37,88.93,79.7,418.73,93,NATIONAL_RURAL_FIBER,100699801.16,74.98,2024-02-09
2021,FI,FI25,DSL,74.63,36.61,42.47,7.27,37.14,51.41,41.71,26.13,55.07,64.4,137.6,42,ERDF_CONNECT,157228343.86,38.44,2024-01-14
2022,IE,ES67,DSL,75.61,49.0,13.9,2.24,25.14,39.74,17.08,7.91,65.84,67.27,348.49,47,RRF_BROADBAND,60043102.29,32.55,2025-03-15
2023,MT,IE8,DSL,69.68,52.87,19.25,3.18,48.56,11.71,69.55,12.59,48.37,46.72,54.24,1,CEF2_DIGITAL,16155782.11,70.74,2025-12-18
2024,SK,LT4,DSL,47.02,18.09,50.21,11.29,52.75,12.21,19.1,38.44,42.31,19.55,211.47,4,NONE,312865451.48,73.18,2025-12-20
2025,BE,RO95,DSL,44.18,26.57,36.1,9.52,24.03,97.84,53.09,32.62,91.52,29.17,357.94,19,STATE_AID_GBER,77598239.56,57.01,2024-12-05
2026,DK,LT7,DSL,61.83,49.22,37.12,9.0,42.17,60.86,33.64,34.95,63.19,63.07,259.37,11,NATIONAL_RURAL_FIBER,56823994.7,31.88,2024-08-26
2014,GR,HR8,DSL,52.54,23.29,10.52,12.54,19.77,46.01,17.93,12.38,70.25,26.12,323.01,6,ERDF_CONNECT,190946162.53,24.65,2024-04-18
2015,LT,CZ54,DSL,65.86,30.13,31.91,5.97,37.21,57.04,31.69,26.43,92.69,52.63,96.42,7,RRF_BROADBAND,56530890.33,66.16,2024-12-28
2016,PT,LU291,DSL,65.07,28.16,45.11,12.08,25.72,67.16,20.9,10.83,97.28,43.23,269.72,6,CEF2_DIGITAL,166543595.02,79.08,2025-09-25
2017,SE,LU8,DSL,45.89,31.39,48.04,4.42,47.84,72.03,5.9,6.37,68.55,77.2,193.56,9,NONE,284336906.37,36.94,2025-10-06
2018,CY,DK576,DSL,57.18,44.06,40.1,2.23,25.07,14.65,22.74,32.8,53.38,79.84,326.16,19,STATE_AID_GBER,57789954.38,28.96,2024-08-28
2019,FR,ES614,DSL,73.34,44.91,20.74,6.48,48.85,93.85,8.84,53.57,74.27,64.53,236.45,15,NATIONAL_RURAL_FIBER,193938507.28,37.93,2024-11-21
2020,IT,BE4,DSL,81.41,37.09,29.17,7.01,19.8,96.62,63.91,26.57,70.52,51.68,413.74,19,ERDF_CONNECT,324462199.84,33.16,2025-02-03
2021,NL,AT6,DSL,81.95,67.02,46.65,1.59,35.17,95.27,29.22,38.7,92.8,50.2,211.95,22,RRF_BROADBAND,208503426.53,30.69,2025-02-04
2022,SI,AT78,DSL,60.2,23.22,52.88,1.97,27.4,72.52,20.51,15.33,96.56,44.1,182.98,24,CEF2_DIGITAL,244911792.42,79.35,2024-03-16
2023,BG,IT4,DSL,50.34,40.4,50.76,5.75,31.36,12.97,20.24,53.22,58.63,35.75,404.43,15,NONE,163537673.32,83.46,2024-08-13
2024,EE,FR38,DSL,37.67,24.17,21.65,7.31,25.89,84.4,6.75,15.07,89.11,52.12,144.84,38,STATE_AID_GBER,32618731.09,20.45,2024-02-21
2025,HU,SK228,DSL,64.25,52.83,45.82,13.12,21.02,27.92,37.03,50.82,52.7,41.0,112.62,18,NATIONAL_RURAL_FIBER,63834854.7,72.67,2024-12-03
2026,LU,HU1,DSL,62.19,36.23,29.1,12.32,30.88,87.33,52.08,43.97,66.02,24.53,27.96,24,ERDF_CONNECT,111465198.35,64.69,2025-10-23
2014,RO,LT57,DSL,72.09,33.39,20.82,13.4,42.35,35.15,34.21,36.28,88.17,23.11,403.84,17,RRF_BROADBAND,86587610.38,66.67,2025-03-22
2015,AT,FR95,DSL,75.66,54.9,34.98,5.91,36.88,81.71,42.08,43.01,91.58,55.96,369.04,22,CEF2_DIGITAL,36300791.53,26.38,2025-04-07
2016,CZ,ES667,DSL,68.31,59.94,22.32,11.35,20.4,75.63,29.52,48.15,77.79,78.55,47.11,23,NONE,139543408.36,26.49,2025-05-05
2017,DE,DK16,DSL,49.61,39.7,46.57,8.97,42.7,62.7,63.13,51.68,65.25,52.01,231.09,31,STATE_AID_GBER,440257752.63,26.78,2025-09-07
2018,LV,GR131,DSL,47.24,21.71,52.37,10.57,34.9,23.33,50.22,7.66,40.96,62.66,176.83,32,NATIONAL_RURAL_FIBER,74403223.24,34.71,2025-12-30
2019,PL,IE429,DSL,78.58,36.98,40.92,7.0,23.5,57.98,56.21,9.36,45.23,75.07,260.26,24,ERDF_CONNECT,138442936.58,54.82,2024-03-03
2020,ES,BG446,DSL,84.32,53.39,51.65,11.46,49.11,38.27,73.21,25.26,74.44,49.42,335.17,26,RRF_BROADBAND,195741650.66,28.1,2024-10-07
2021,HR,LT69,DSL,61.63,52.52,23.27,10.58,28.36,86.23,53.24,7.18,59.38,74.47,228.21,36,CEF2_DIGITAL,50195511.17,60.6,2024-08-24
2022,FI,HR48,DSL,80.07,47.12,52.8,6.48,50.22,75.03,41.32,43.27,91.02,46.05,146.31,30,NONE,211293007.12,38.31,2025-08-27
2023,IE,DE620,DSL,84.34,40.49,23.17,8.81,34.65,26.24,69.96,21.36,94.62,63.04,238.72,34,STATE_AID_GBER,325374626.47,47.83,2025-09-19
2024,MT,GR23,DSL,78.03,62.88,47.39,2.62,35.87,84.5,54.24,21.39,89.34,48.2,52.43,41,NATIONAL_RURAL_FIBER,188300045.4,29.73,2025-01-27
2025,SK,HU20,DSL,57.97,21.78,35.92,9.91,22.79,18.03,30.66,21.84,51.86,19.79,64.28,33,ERDF_CONNECT,123989265.64,83.09,2024-02-18
2026,BE,RO750,DSL,72.21,45.8,10.22,11.25,26.47,77.15,55.16,25.29,68.62,19.96,168.56,69,RRF_BROADBAND,75089268.37,42.17,2025-05-07
2014,DK,SI7,DSL,56.05,22.82,45.55,6.87,26.83,65.27,67.44,20.55,40.0,33.85,283.34,31,CEF2_DIGITAL,155941971.04,64.36,2024-08-11
2015,GR,DE823,DSL,57.28,45.69,53.37,3.32,18.46,76.18,13.11,9.64,75.08,74.42,276.49,35,NONE,178460300.57,40.88,2024-09-10
2016,LT,LT1,DSL,78.2,50.41,27.57,8.9,22.11,35.71,70.92,36.43,49.92,51.06,230.8,34,STATE_AID_GBER,402110120.85,28.71,2025-10-29
2017,PT,SK79,DSL,54.84,40.13,11.58,8.2,43.62,16.34,25.39,30.65,52.43,69.81,197.54,67,NATIONAL_RURAL_FIBER,271360858.17,73.37,2024-06-27
2018,SE,LV589,DSL,56.79,40.43,28.9,13.6,47.24,97.06,25.4,41.22,87.74,62.51,127.51,82,ERDF_CONNECT,125711858.77,51.31,2024-01-15
2019,CY,LV216,DSL,70.11,45.55,25.64,9.48,50.99,69.37,42.99,9.9,45.04,48.12,300.39,43,RRF_BROADBAND,279491727.45,81.04,2026-02-01
2020,FR,IE28,DSL,74.37,42.28,29.27,14.37,22.46,10.65,50.74,50.46,74.87,76.02,321.15,46,CEF2_DIGITAL,84723064.69,35.73,2026-01-31
2021,IT,EE11,DSL,53.17,41.0,49.19,2.68,39.76,38.64,13.88,21.5,85.83,27.74,140.82,44,NONE,156667525.07,79.34,2024-05-26
2022,NL,FR86,DSL,39.21,13.89,44.1,1.81,51.9,80.98,12.22,8.04,72.06,23.25,222.23,45,STATE_AID_GBER,214769505.82,77.4,2025-08-23
2023,SI,HU462,DSL,81.66,65.76,21.94,4.23,40.09,24.32,52.48,48.56,75.26,59.2,22.23,54,NATIONAL_RURAL_FIBER,300207530.18,55.04,2024-07-31
2024,BG,SI46,DSL,84.6,33.27,35.81,2.23,32.93,75.32,27.4,19.76,51.96,28.68,307.82,0,ERDF_CONNECT,233699657.83,34.58,2025-07-08
2025,EE,DK810,DSL,48.1,17.93,40.12,8.54,31.77,26.15,27.04,21.04,73.2,50.03,140.37,16,RRF_BROADBAND,100787310.89,54.16,2024-06-25
2026,HU,PL871,DSL,63.89,34.86,50.24,14.96,52.85,89.9,25.23,19.82,54.55,19.71,19.4,5,CEF2_DIGITAL,11992122.19,75.83,2026-02-15
2014,LU,SK487,DSL,83.84,39.23,48.1,4.48,18.66,34.29,12.11,16.5,55.73,38.33,346.93,3,NONE,158891536.56,34.29,2024-12-15
2015,RO,LV51,DSL,73.94,65.37,46.36,3.97,54.96,75.23,25.58,9.37,75.67,38.9,159.41,8,STATE_AID_GBER,170686997.16,50.39,2026-01-21
2016,AT,LT923,DSL,57.16,21.68,23.83,9.43,30.3,54.75,15.87,28.38,76.3,49.01,183.74,9,NATIONAL_RURAL_FIBER,32458686.3,79.93,2025-02-25
2017,CZ,RO1,DSL,82.17,71.09,44.47,13.06,22.22,69.25,74.92,54.69,92.78,41.25,24.93,18,ERDF_CONNECT,68691885.03,56.9,2025-08-25
2018,DE,SK221,DSL,50.94,46.41,36.92,13.31,30.25,59.42,11.21,12.96,70.36,70.03,127.15,14,RRF_BROADBAND,66126025.42,33.82,2025-06-24
2019,LV,ES47,DSL,61.51,55.0,24.26,3.13,21.64,37.14,34.54,46.42,83.41,61.84,367.61,9,CEF2_DIGITAL,103430660.04,47.18,2024-01-28
2020,PL,HR72,DSL,36.17,32.89,35.31,3.7,46.29,18.83,8.76,38.1,80.95,33.7,255.24,19,NONE,32981877.64,38.58,2024-01-16
2021,ES,LU485,DSL,54.26,41.67,42.05,6.09,48.01,64.12,47.47,29.0,66.61,79.0,336.08,18,STATE_AID_GBER,222479025.03,37.72,2025-08-07
2022,HR,BE9,DSL,45.07,34.55,30.54,13.89,45.88,39.67,32.11,49.12,96.84,72.53,250.99,11,NATIONAL_RURAL_FIBER,229373869.58,52.44,2026-02-11
2023,FI,FI208,DSL,42.46,30.73,27.87,6.94,50.46,88.86,63.64,32.4,97.1,20.3,71.07,22,ERDF_CONNECT,155252815.11,71.49,2026-01-27
2024,IE,HR45,DSL,47.75,39.76,51.12,11.14,40.54,27.62,12.86,24.85,78.86,64.28,52.23,21,RRF_BROADBAND,221772151.08,62.54,2025-05-14
2025,MT,ES400,DSL,65.33,39.41,35.52,3.59,19.3,92.67,13.5,31.6,57.51,58.05,404.33,14,CEF2_DIGITAL,34315717.22,72.4,2025-07-20
2026,SK,ES650,DSL,62.45,41.73,23.7,14.7,20.8,83.95,61.93,50.79,87.39,59.64,197.71,17,NONE,224510724.25,60.72,2025-04-05
2014,BE,HU8,DSL,80.79,66.74,11.42,7.59,30.29,95.45,7.55,6.36,77.98,38.92,124.55,26,STATE_AID_GBER,80337137.26,32.64,2024-05-12
2015,DK,PT55,DSL,79.5,72.75,53.1,5.08,49.4,25.29,46.41,17.39,64.78,43.93,29.89,25,NATIONAL_RURAL_FIBER,226606198.53,60.98,2025-12-08
2016,GR,PT7,DSL,77.86,57.64,49.17,4.97,25.72,26.29,53.69,18.21,63.65,55.78,120.0,20,ERDF_CONNECT,16314477.75,40.79,2025-04-25
2017,LT,ES10,DSL,83.93,67.86,38.53,12.77,44.17,92.06,49.5,15.95,42.47,49.65,43.35,30,RRF_BROADBAND,360652156.59,46.47,2024-07-31
2018,PT,HR215,DSL,66.64,51.71,22.91,7.66,45.63,48.78,7.94,12.17,76.59,68.58,267.88,22,CEF2_DIGITAL,308226892.14,32.73,2024-02-23
2019,SE,EE327,DSL,35.63,19.4,49.43,9.06,35.13,57.83,52.19,24.12,96.55,65.69,87.35,27,NONE,70009588.03,30.86,2025-09-09
2020,CY,HR62,DSL,37.67,29.12,53.22,3.27,39.65,22.26,59.16,35.95,62.31,75.32,152.87,26,STATE_AID_GBER,287586969.48,27.35,2025-09-11
2021,FR,IT961,DSL,73.94,32.3,26.99,6.91,45.09,14.61,72.42,53.59,53.67,53.69,245.72,82,NATIONAL_RURAL_FIBER,118754142.36,48.34,2025-09-19
2022,IT,SE22,DSL,64.39,47.63,36.57,12.48,46.8,79.52,65.06,23.35,58.0,81.26,246.36,36,ERDF_CONNECT,236705170.75,36.47,2024-11-04
2023,NL,LV17,DSL,35.44,15.66,35.88,11.19,19.31,11.03,72.35,35.81,79.04,33.25,354.0,32,RRF_BROADBAND,168535188.03,66.87,2025-07-13
2024,SI,PT32,DSL,58.03,21.02,43.57,11.47,22.54,45.62,60.13,52.08,64.55,54.15,230.7,32,CEF2_DIGITAL,82546661.11,57.1,2025-04-20
2025,BG,BE62,DSL,43.08,23.44,24.13,11.81,33.58,28.05,50.5,31.92,88.61,63.47,363.42,34,NONE,220323969.99,40.68,2025-10-01
2026,EE,DK584,DSL,82.39,33.33,53.09,8.29,35.31,12.7,26.75,54.08,60.2,37.73,376.8,29,STATE_AID_GBER,111269283.88,76.45,2024-06-15
2014,HU,IE96,DSL,73.75,28.25,11.43,2.11,54.15,90.35,8.29,51.62,84.33,69.74,228.16,78,NATIONAL_RURAL_FIBER,30165047.89,61.22,2025-07-09
2015,LU,LT9,DSL,36.99,17.13,37.05,11.88,47.91,43.05,62.08,29.5,71.28,36.01,162.33,34,ERDF_CONNECT,340500700.86,59.75,2025-10-03
2016,RO,RO51,DSL,78.05,31.17,27.22,7.15,45.65,68.16,7.62,42.33,45.86,80.28,63.97,34,RRF_BROADBAND,22845249.09,56.06,2025-04-15
2017,AT,EE333,DSL,61.68,42.65,36.46,4.6,48.8,93.85,15.01,6.59,50.79,39.39,25.01,34,CEF2_DIGITAL,111799607.56,67.09,2026-01-26
2018,CZ,IE905,DSL,48.54,37.55,14.69,13.48,52.7,21.42,26.8,49.23,66.96,40.36,84.63,44,NONE,193196644.95,78.85,2024-10-22
2019,DE,EE42,DSL,66.31,51.14,34.83,5.27,33.72,19.5,5.25,39.65,86.86,39.63,271.72,34,STATE_AID_GBER,17469499.95,81.94,2025-01-02
2020,LV,SI182,DSL,48.74,17.42,14.25,7.29,50.0,21.87,38.86,13.78,63.86,26.05,145.93,40,NATIONAL_RURAL_FIBER,48430225.19,77.54,2025-05-05
2021,PL,IT31,DSL,70.12,44.02,30.21,3.73,36.8,81.4,35.52,16.26,64.89,78.32,129.53,38,ERDF_CONNECT,32716009.78,31.43,2025-03-03
2022,ES,HR83,DSL,39.28,28.93,21.2,13.29,43.81,18.89,59.5,34.71,94.86,84.83,122.42,48,RRF_BROADBAND,300727174.85,78.83,2024-01-28
2023,HR,EE89,DSL,49.24,35.53,28.43,10.54,34.04,64.15,8.6,30.21,49.55,44.77,26.62,42,CEF2_DIGITAL,190992320.66,50.55,2025-09-15
2024,FI,LT91,DSL,37.01,19.82,52.03,3.74,19.9,95.88,20.63,39.72,43.33,76.17,147.27,51,NONE,121967795.43,84.02,2025-08-19
2025,IE,GR484,DSL,40.96,37.17,49.44,11.51,44.09,35.57,51.04,42.79,64.59,33.52,42.75,3,STATE_AID_GBER,278397066.53,30.93,2024-11-30
2026,MT,SI978,DSL,38.66,28.29,24.34,10.6,39.91,39.8,56.87,49.75,67.84,39.8,340.51,3,NATIONAL_RURAL_FIBER,208870045.28,31.21,2025-07-08
2014,SK,AT4,DSL,51.84,43.33,48.25,14.89,50.87,65.63,57.67,25.37,69.0,51.22,276.42,9,ERDF_CONNECT,65617047.95,72.89,2024-09-05
2015,BE,AT17,DSL,71.14,55.55,15.97,14.45,21.72,12.96,37.54,22.53,40.05,74.74,50.56,23,RRF_BROADBAND,32839834.66,40.25,2025-03-07
2016,DK,BG28,DSL,77.16,55.07,10.51,6.68,48.36,66.29,24.15,10.61,65.41,79.96,43.0,12,CEF2_DIGITAL,112594714.24,81.47,2024-12-09
2017,GR,RO3,DSL,46.6,34.86,52.24,12.99,54.15,63.33,58.26,30.29,91.53,71.02,27.08,15,NONE,263170635.29,24.53,2024-11-24
2018,LT,DE12,DSL,36.37,33.39,29.96,5.21,34.36,97.32,17.67,41.48,68.96,41.63,79.09,6,STATE_AID_GBER,99083149.83,60.58,2024-03-26
2019,PT,RO214,DSL,83.49,74.75,14.13,10.76,52.79,21.72,30.49,40.09,81.62,81.23,194.06,18,NATIONAL_RURAL_FIBER,59302981.25,27.59,2025-01-11
2020,SE,BE537,DSL,58.46,39.58,10.67,12.29,52.92,80.77,51.84,36.57,57.16,60.38,165.3,11,ERDF_CONNECT,300102810.37,23.55,2024-07-09
2021,CY,EE4,DSL,64.15,22.7,44.63,10.51,25.8,41.0,37.41,38.39,56.41,39.15,366.86,59,RRF_BROADBAND,222820542.46,75.57,2025-01-08
2022,FR,LT303,DSL,57.13,38.2,49.86,12.12,32.25,56.4,53.67,7.56,90.18,51.4,196.75,13,CEF2_DIGITAL,77860798.16,62.59,2024-11-04
2023,IT,IT3,DSL,81.01,40.44,11.16,13.41,35.23,33.97,17.32,14.5,86.02,55.8,25.3,24,NONE,268161311.27,80.85,2025-08-28
2024,NL,LT45,DSL,39.48,17.65,32.86,9.94,38.99,38.38,25.04,54.71,43.94,58.69,349.71,22,STATE_AID_GBER,64159601.92,51.56,2024-04-12
2025,SI,NL75,DSL,63.92,26.58,30.36,1.71,45.99,61.99,10.83,41.78,59.04,42.6,197.36,22,NATIONAL_RURAL_FIBER,20273595.0,56.03,2024-01-09
2026,BG,LU780,DSL,79.39,72.01,51.01,9.94,30.65,59.87,36.66,27.7,46.25,65.44,296.63,25,ERDF_CONNECT,82324482.66,23.63,2025-05-14
2014,EE,SI5,DSL,35.68,21.09,11.84,10.01,23.38,22.01,71.6,11.32,43.31,37.18,55.41,23,RRF_BROADBAND,405051968.32,55.26,2025-12-14
2015,HU,LV554,DSL,74.6,52.89,31.79,14.69,38.42,94.32,26.13,25.03,58.19,78.64,180.94,23,CEF2_DIGITAL,26925631.34,49.99,2025-11-20
2016,LU,IE383,DSL,84.64,41.54,51.58,2.8,46.02,68.97,22.68,53.8,40.88,22.15,211.4,25,NONE,231541102.2,81.65,2025-08-13
2017,RO,MT2,DSL,59.58,41.85,20.57,9.39,44.05,35.11,5.61,10.44,41.29,71.05,13.69,18,STATE_AID_GBER,130216354.59,78.56,2025-08-16
2018,AT,IE949,DSL,84.23,42.25,51.79,13.78,29.58,44.65,62.84,7.62,93.81,72.07,87.95,24,NATIONAL_RURAL_FIBER,272479858.76,83.27,2024-11-04
2019,CZ,SK86,DSL,63.94,25.93,18.18,7.48,25.81,44.8,71.9,39.28,65.83,47.75,329.82,25,ERDF_CONNECT,28200227.64,59.5,2024-01-25
2020,DE,EE5,DSL,71.22,32.34,51.0,5.19,45.88,75.26,65.83,44.27,81.04,77.43,303.16,27,RRF_BROADBAND,333959710.61,81.04,2025-09-14
2021,LV,BG69,DSL,50.38,38.7,36.51,3.26,46.02,38.87,63.18,50.59,51.17,68.32,294.85,24,CEF2_DIGITAL,96161458.94,70.11,2024-07-27
2022,PL,SK48,DSL,65.19,42.49,37.54,5.94,41.68,51.23,34.29,9.18,94.42,78.63,209.01,23,NONE,224674834.06,30.63,2025-09-05
2023,ES,ES479,DSL,56.72,44.66,43.42,9.27,32.04,49.48,32.49,7.66,88.75,21.29,375.58,76,STATE_AID_GBER,229913851.77,25.01,2024-04-12
2024,HR,HU167,DSL,71.26,40.28,34.67,2.24,47.61,89.33,67.83,40.07,58.86,74.0,376.88,35,NATIONAL_RURAL_FIBER,211766598.62,78.12,2025-11-09
2025,FI,SK1,DSL,61.8,22.99,50.17,14.6,53.62,94.31,18.44,42.37,92.59,51.02,406.39,29,ERDF_CONNECT,32109813.11,82.92,2024-04-28
2026,IE,DE57,DSL,50.17,26.64,49.82,14.38,26.17,16.1,18.15,54.09,84.67,67.53,349.23,68,RRF_BROADBAND,359824798.43,84.86,2025-03-23
2014,MT,CZ621,DSL,77.49,43.85,26.78,10.23,43.84,43.86,58.99,19.05,54.24,42.83,207.81,36,CEF2_DIGITAL,182910943.99,49.27,2024-10-03
2015,SK,FI70,DSL,78.82,58.98,29.19,9.35,51.58,95.51,36.72,33.41,79.03,31.41,341.93,32,NONE,31975797.87,49.93,2025-12-14
2016,BE,ES7,DSL,75.13,42.07,19.71,6.5,34.83,78.21,17.76,45.54,78.24,65.32,347.24,33,STATE_AID_GBER,151039818.38,53.28,2024-12-14
2017,DK,LU5,DSL,69.57,42.23,50.38,10.4,32.14,64.72,73.19,14.05,55.95,57.08,134.0,32,NATIONAL_RURAL_FIBER,312608205.94,44.98,2024-02-17
2018,GR,DK829,DSL,58.94,24.33,23.62,4.98,22.08,92.8,46.48,26.37,92.96,66.23,35.2,64,ERDF_CONNECT,343456093.32,69.15,2024-12-05
2019,LT,PL3,DSL,77.9,34.69,19.88,8.34,31.67,42.0,21.48,54.3,63.95,45.8,219.11,36,RRF_BROADBAND,14377013.84,67.36,2024-09-01
2020,PT,NL93,DSL,74.18,36.07,48.75,9.81,49.79,62.72,20.52,35.64,58.19,67.05,414.59,72,CEF2_DIGITAL,26155471.4,33.49,2024-03-21
2021,SE,CZ20,DSL,41.14,18.28,48.85,2.04,46.38,69.62,36.49,26.59,67.86,57.88,389.41,42,NONE,103609667.66,59.15,2024-02-19
2022,CY,BG5,DSL,48.27,18.3,25.55,13.66,44.53,16.23,62.29,12.16,56.07,65.63,67.07,36,STATE_AID_GBER,238054462.5,21.62,2025-09-14
2023,FR,LT35,DSL,39.9,22.53,11.42,3.43,40.89,74.46,11.03,33.02,93.69,39.52,161.8,86,NATIONAL_RURAL_FIBER,30333009.67,45.15,2024-07-22
2024,IT,LU271,DSL,79.66,56.98,32.77,13.49,48.91,91.91,51.68,28.64,51.39,40.66,74.93,41,ERDF_CONNECT,166027499.82,78.8,2025-09-22
2025,NL,PL73,DSL,62.66,28.5,27.58,4.4,39.67,43.38,37.11,15.58,66.5,58.48,332.57,84,RRF_BROADBAND,274573333.7,41.98,2025-05-02
2026,SI,FI857,DSL,38.37,28.6,32.03,9.67,36.4,17.15,20.35,12.97,91.07,64.83,13.74,6,CEF2_DIGITAL,181202679.97,67.44,2025-01-23
2014,BG,NL39,DSL,63.79,30.15,29.77,2.45,31.23,59.08,69.81,42.94,95.3,46.41,236.11,12,NONE,97871835.55,69.46,2025-11-19
2015,EE,SE39,DSL,57.46,40.54,33.17,10.59,20.85,14.61,52.68,49.61,68.47,77.92,266.61,3,STATE_AID_GBER,56463546.17,74.62,2025-08-06
2016,HU,IT984,DSL,82.98,44.23,49.51,14.82,40.04,69.48,60.06,43.11,78.03,28.98,224.01,11,NATIONAL_RURAL_FIBER,134234013.47,55.91,2024-07-06
2017,LU,LT30,DSL,71.2,40.71,51.72,1.71,25.52,60.66,61.82,10.9,86.72,50.03,204.33,12,ERDF_CONNECT,40230911.43,34.03,2024-01-03
2018,RO,IE4,DSL,84.29,69.94,26.14,7.23,53.07,87.97,23.49,26.0,93.05,71.63,213.84,10,RRF_BROADBAND,168072298.47,70.09,2025-03-22
2019,AT,FR876,DSL,82.15,37.52,52.43,6.31,41.85,12.74,24.03,9.75,87.52,34.87,148.44,9,CEF2_DIGITAL,218811421.03,58.24,2025-07-02
2020,CZ,HR78,DSL,36.73,22.37,52.83,3.76,43.32,46.17,14.24,8.04,83.53,48.04,185.01,17,NONE,156976151.2,76.96,2025-12-03
2021,DE,EE31,DSL,45.15,30.09,10.53,11.01,37.48,82.25,36.24,36.39,79.17,56.85,233.94,48,STATE_AID_GBER,129380825.9,84.75,2024-09-06
2022,LV,EE761,DSL,70.64,63.85,34.23,9.59,49.57,23.88,33.19,20.44,59.93,83.66,238.14,12,NATIONAL_RURAL_FIBER,97266137.41,48.16,2024-12-30
2023,PL,ES942,DSL,76.07,35.8,41.86,11.13,46.45,10.46,61.33,26.85,44.07,81.26,330.21,14,ERDF_CONNECT,165329994.01,66.97,2025-10-14
2024,ES,FR549,DSL,66.59,23.78,36.47,9.63,47.71,38.57,38.45,32.68,60.28,28.64,52.44,14,RRF_BROADBAND,264091083.42,46.56,2026-01-06
2025,HR,MT83,DSL,84.5,74.92,32.97,7.17,30.73,40.09,57.94,21.97,77.9,32.71,245.44,15,CEF2_DIGITAL,363210321.02,36.98,2024-02-23
2026,FI,LV537,DSL,47.46,37.09,25.28,11.32,54.31,52.28,56.31,24.54,65.29,49.58,341.29,17,NONE,194331374.83,36.52,2025-03-06
2014,IE,LT28,DSL,77.68,57.14,12.35,3.08,19.18,28.54,47.93,6.39,84.63,31.03,33.14,17,STATE_AID_GBER,220268572.69,43.76,2024-04-14
2015,MT,LT220,DSL,72.71,44.97,28.14,8.67,23.54,65.17,9.34,6.36,43.44,22.57,199.62,15,NATIONAL_RURAL_FIBER,267958592.29,47.86,2024-12-05
2016,SK,GR3,DSL,49.63,19.28,31.67,14.15,18.51,81.53,46.98,27.45,61.86,84.05,117.67,76,ERDF_CONNECT,69693746.73,41.25,2024-07-22
2017,BE,CY71,DSL,67.4,31.05,14.74,5.68,52.11,56.41,51.52,12.39,75.92,70.7,151.82,20,RRF_BROADBAND,210379878.75,22.96,2025-07-01
2018,DK,SE98,DSL,79.14,31.96,25.87,4.9,24.69,77.26,8.08,21.81,45.36,82.24,352.27,19,CEF2_DIGITAL,248882400.42,42.63,2024-01-13
2019,GR,BE308,DSL,67.47,60.93,40.37,8.69,37.49,71.78,46.15,50.45,46.72,56.09,412.34,25,NONE,119058157.37,40.28,2025-01-14
2020,LT,NL208,DSL,49.82,36.8,10.01,6.18,22.48,18.78,34.26,19.21,63.16,71.13,80.28,27,STATE_AID_GBER,267071416.6,33.1,2024-04-29
2021,PT,EE386,DSL,48.34,18.18,24.44,12.28,33.71,82.2,34.27,49.0,53.78,21.4,303.52,29,NATIONAL_RURAL_FIBER,248430196.22,60.43,2025-07-29
2022,SE,FI81,DSL,67.03,58.59,12.68,9.7,38.2,18.04,41.24,39.75,43.94,61.17,351.12,61,ERDF_CONNECT,323193547.49,35.18,2024-02-02
2023,CY,ES401,DSL,58.88,24.67,26.52,5.77,36.97,75.06,43.6,46.79,82.88,58.77,100.69,26,RRF_BROADBAND,199576270.14,80.52,2026-01-11
2024,FR,MT4,DSL,75.24,66.83,12.72,3.68,26.94,31.4,41.35,19.24,60.38,82.9,121.5,35,CEF2_DIGITAL,135576669.88,58.47,2026-01-28
2025,IT,LV88,DSL,50.55,35.87,44.97,14.52,46.91,44.73,37.1,9.47,53.21,47.55,296.22,80,NONE,268239350.6,84.76,2025-03-11
2026,NL,SK27,DSL,41.5,17.76,35.04,13.75,39.05,80.04,67.53,32.32,76.12,60.82,359.8,36,STATE_AID_GBER,96621407.14,50.37,2025-09-12
2014,SI,MT785,DSL,58.12,39.84,29.17,6.76,27.8,46.01,46.35,44.36,71.17,28.04,362.45,38,NATIONAL_RURAL_FIBER,163552223.44,29.2,2024-02-28
2015,BG,PT597,DSL,43.42,35.98,28.26,8.76,53.55,65.87,49.76,38.0,62.44,24.02,78.3,33,ERDF_CONNECT,272440938.73,73.1,2024-08-24
2016,EE,EE69,DSL,80.09,60.59,30.5,10.68,52.91,31.18,9.62,44.86,49.08,69.72,113.43,62,RRF_BROADBAND,185529840.88,79.08,2025-02-26
2017,HU,AT2,DSL,36.45,31.3,53.43,12.92,37.82,19.41,6.84,40.83,95.18,47.33,304.44,42,CEF2_DIGITAL,183926519.67,28.19,2024-10-03
2018,LU,CZ763,DSL,48.17,36.93,54.81,13.09,34.78,29.55,43.7,43.38,78.68,70.61,325.0,33,NONE,230298957.29,84.74,2025-08-30
2019,RO,PL483,DSL,49.69,41.02,26.69,13.82,19.57,94.7,7.18,8.16,55.63,32.74,236.45,35,STATE_AID_GBER,194260617.74,82.19,2024-06-18
2020,AT,BE783,DSL,73.99,41.77,11.76,8.84,39.5,12.33,11.43,46.81,82.45,79.54,258.45,64,NATIONAL_RURAL_FIBER,322995187.31,30.65,2025-11-07
2021,CZ,FR1,DSL,71.95,58.23,11.45,8.36,22.48,29.6,56.68,9.38,83.14,84.62,414.68,36,ERDF_CONNECT,220732736.38,30.1,2025-07-07
2022,DE,CY419,DSL,74.98,29.47,38.09,10.76,33.57,95.82,46.01,23.32,50.95,77.08,185.45,62,RRF_BROADBAND,184516809.7,24.07,2024-01-10
2023,LV,PL367,DSL,84.82,29.74,25.44,11.35,26.63,69.71,5.07,39.08,54.56,40.32,308.56,39,CEF2_DIGITAL,148981414.14,20.21,2025-06-06
2024,PL,SK62,DSL,73.73,48.87,28.32,8.77,33.85,25.01,5.1,16.55,60.42,23.42,168.19,37,NONE,228412476.14,51.12,2025-08-04
2025,ES,DK12,DSL,60.01,45.69,32.72,2.53,41.36,33.34,51.34,49.9,61.14,39.95,334.79,46,STATE_AID_GBER,68529012.79,77.01,2024-10-04
2026,HR,GR62,DSL,45.04,38.98,35.11,13.04,42.21,86.93,29.59,7.77,58.52,20.43,211.41,46,NATIONAL_RURAL_FIBER,174342834.12,26.75,2025-08-16
2014,FI,AT273,DSL,80.27,43.98,33.49,5.89,46.94,75.8,73.64,38.23,63.68,25.65,70.85,0,ERDF_CONNECT,258963109.74,75.84,2025-07-26
2015,IE,CZ3,DSL,48.48,30.69,45.18,8.32,43.65,74.39,33.46,43.23,55.87,46.1,172.6,3,RRF_BROADBAND,154933379.83,66.99,2024-08-15
2016,MT,BE72,DSL,52.98,25.92,37.43,13.77,43.6,97.26,64.58,25.8,63.29,21.54,95.95,6,CEF2_DIGITAL,52343947.66,60.54,2025-06-17
2017,SK,RO216,DSL,42.07,17.95,45.84,11.85,45.3,95.96,56.83,24.04,75.19,31.3,268.98,20,NONE,344298201.9,52.16,2024-01-27
2018,BE,HU9,DSL,52.81,19.81,14.96,2.02,46.6,21.96,73.26,15.71,72.12,47.64,220.72,13,STATE_AID_GBER,207833988.18,65.12,2026-01-11
2019,DK,FI7,DSL,58.44,42.65,44.2,10.97,38.83,14.94,17.88,8.45,72.69,47.42,313.39,45,NATIONAL_RURAL_FIBER,242259884.34,58.09,2024-05-19
2020,GR,CZ149,DSL,62.47,27.82,48.06,12.53,36.05,21.21,5.85,8.02,87.23,60.12,321.23,6,ERDF_CONNECT,30547115.47,49.0,2025-03-26
2021,LT,SI51,DSL,79.56,63.76,44.93,7.56,33.05,77.39,44.43,36.97,49.21,59.41,361.71,7,RRF_BROADBAND,194508778.32,57.94,2025-07-23
2022,PT,DK9,DSL,73.7,46.62,51.69,7.11,27.55,51.88,72.08,32.51,44.75,70.04,374.97,9,CEF2_DIGITAL,171416183.75,63.1,2024-05-31
2023,SE,ES399,DSL,43.97,40.26,31.28,11.58,18.95,83.82,6.59,39.28,91.22,24.89,145.9,38,NONE,426458223.42,81.6,2025-03-04
2024,CY,CZ5,DSL,53.98,32.39,54.75,13.21,22.69,25.97,25.64,53.45,64.36,79.34,243.99,34,STATE_AID_GBER,4547541.21,80.65,2025-03-21
2025,FR,AT995,DSL,71.76,48.36,42.0,13.48,47.58,93.04,7.12,7.42,61.39,34.83,393.35,69,NATIONAL_RURAL_FIBER,36145937.07,47.31,2024-10-16
2026,IT,LT60,DSL,57.78,29.19,25.17,3.79,39.4,34.9,23.7,38.02,46.89,47.07,104.09,23,ERDF_CONNECT,22247477.27,38.63,2025-12-13
2014,NL,SI247,DSL,55.41,33.19,54.59,13.14,48.65,10.09,17.01,53.4,65.66,19.5,405.87,22,RRF_BROADBAND,20085476.21,82.89,2024-02-26
2015,SI,LV543,DSL,55.66,36.97,11.7,4.05,27.82,17.6,18.73,32.96,63.99,19.73,396.28,20,CEF2_DIGITAL,284319963.75,78.13,2024-05-24
2016,BG,MT26,DSL,56.71,46.03,36.11,3.55,48.04,25.05,26.43,14.5,44.53,43.5,153.96,31,NONE,346162908.82,81.13,2024-11-18
2017,EE,PL26,DSL,36.66,22.0,47.1,13.85,49.9,85.4,73.17,52.71,59.75,70.61,334.0,27,STATE_AID_GBER,162023458.79,25.47,2024-09-14
2018,HU,LV32,DSL,59.11,28.56,17.51,8.47,45.51,15.92,47.45,6.67,96.59,51.35,223.1,22,NATIONAL_RURAL_FIBER,232031513.23,82.52,2024-09-08
2019,LU,HU813,DSL,81.79,35.72,53.5,12.8,28.1,63.25,73.02,34.26,52.55,24.3,375.13,18,ERDF_CONNECT,38840417.52,35.15,2024-08-02
2020,RO,IE35,DSL,66.92,26.05,20.73,13.68,39.19,27.6,71.0,6.66,59.09,53.1,24.71,29,RRF_BROADBAND,26099452.37,52.63,2026-02-15
2021,AT,FI3,DSL,74.79,45.61,26.32,10.09,54.87,83.71,73.41,39.29,69.54,40.7,382.41,30,CEF2_DIGITAL,262901527.72,31.05,2024-08-02
2022,CZ,DE6,DSL,35.33,24.75,13.64,3.66,40.48,49.11,44.88,17.28,80.06,37.45,44.03,27,NONE,78916022.64,26.31,2025-11-26
2023,DE,IE275,DSL,55.21,45.75,43.88,9.44,53.34,89.09,25.36,31.74,53.4,46.02,37.07,31,STATE_AID_GBER,315111379.23,53.65,2024-11-21
2024,LV,DK81,DSL,51.74,43.14,27.72,1.86,19.1,50.63,58.03,38.61,88.21,41.9,336.08,41,NATIONAL_RURAL_FIBER,369566736.11,69.01,2025-06-02
2025,PL,BE23,DSL,43.82,35.37,33.69,3.71,24.3,28.44,48.49,44.34,72.53,65.79,147.99,73,ERDF_CONNECT,346036281.36,45.0,2024-05-12
2026,ES,IE981,DSL,43.4,31.72,40.45,9.2,28.42,97.19,65.31,45.63,73.88,63.47,193.1,34,RRF_BROADBAND,121473897.7,47.89,2025-05-06
2014,HR,BG6,DSL,71.38,29.33,32.86,9.29,31.51,67.75,15.1,11.01,48.24,36.71,317.92,33,CEF2_DIGITAL,258685118.1,55.83,2024-07-15
2015,FI,PT8,DSL,65.36,30.48,14.47,11.91,33.52,59.49,74.49,17.03,57.1,48.54,164.58,36,NONE,74118381.79,67.6,2024-03-07
2016,IE,FI8,DSL,79.46,69.09,16.65,7.92,51.73,11.12,45.82,26.62,45.34,48.13,381.22,31,STATE_AID_GBER,180349194.98,59.67,2025-07-14
2017,MT,CY9,DSL,44.95,25.97,17.97,14.83,50.06,22.3,35.98,44.89,63.69,43.54,373.38,39,NATIONAL_RURAL_FIBER,213051601.79,61.75,2024-07-25
2018,SK,BE75,DSL,74.2,44.85,53.82,11.61,50.77,47.14,18.31,21.93,60.27,21.84,204.81,37,ERDF_CONNECT,101160192.02,31.26,2024-08-23
2019,BE,DK6,DSL,53.07,36.53,46.15,7.55,32.53,49.01,7.94,34.43,61.83,81.92,264.16,32,RRF_BROADBAND,109660254.75,84.25,2024-06-12
2020,DK,IT384,DSL,52.93,34.33,36.6,6.67,42.5,79.24,32.66,34.99,58.91,74.92,389.55,37,CEF2_DIGITAL,67858556.84,84.06,2025-05-25
2021,GR,DE996,DSL,47.33,20.61,14.24,4.49,25.88,25.73,73.95,11.94,80.31,34.82,419.28,37,NONE,28361109.99,80.22,2025-06-13
2022,LT,DE337,DSL,72.98,55.3,25.33,7.21,52.01,96.65,16.19,38.54,60.81,71.55,359.9,47,STATE_AID_GBER,140139523.53,58.28,2024-07-20
2023,PT,FI93,DSL,77.28,37.45,35.67,2.56,40.14,65.36,70.67,9.73,90.41,74.51,302.6,37,NATIONAL_RURAL_FIBER,227400535.55,55.98,2024-08-17
2024,SE,BG513,DSL,48.0,24.43,15.03,14.99,43.75,14.14,21.51,31.95,83.14,69.39,47.63,41,ERDF_CONNECT,89914998.44,29.98,2025-02-20
2025,CY,IT803,DSL,46.95,28.53,44.41,7.1,39.61,59.17,16.24,9.71,73.14,61.59,158.5,41,RRF_BROADBAND,163973983.6,25.39,2024-10-20
2026,FR,ES548,DSL,41.5,32.17,22.61,14.86,18.48,27.64,42.71,32.22,73.33,24.51,397.22,38,CEF2_DIGITAL,47602465.78,25.98,2025-06-20
2014,IT,LU852,DSL,74.67,39.74,12.3,3.66,34.06,52.94,64.7,19.44,58.07,37.49,151.69,46,NONE,53329056.33,31.14,2026-01-20
2015,NL,ES78,DSL,35.41,15.82,53.95,10.05,48.07,19.05,36.62,41.96,65.82,83.4,314.88,12,STATE_AID_GBER,236834118.76,75.64,2025-04-05
2016,SI,ES92,DSL,48.7,33.49,11.26,5.75,39.38,24.06,28.26,39.61,76.53,35.71,309.28,55,NATIONAL_RURAL_FIBER,284859878.85,26.11,2024-03-05
2017,BG,DE17,DSL,71.6,55.7,50.65,10.7,23.72,74.9,57.23,19.62,50.57,37.1,185.91,37,ERDF_CONNECT,314140060.52,56.23,2024-09-17
2018,EE,NL2,DSL,68.98,26.99,43.47,12.87,54.45,10.55,52.15,19.79,84.29,47.18,229.08,11,RRF_BROADBAND,73982383.45,55.83,2025-05-13
2019,HU,MT621,DSL,58.16,42.25,16.71,2.76,29.04,82.33,17.91,15.72,97.23,35.81,227.75,15,CEF2_DIGITAL,73639711.75,35.47,2025-12-04
2020,LU,LV859,DSL,50.27,36.13,49.15,9.51,27.91,11.27,29.42,54.93,80.46,44.83,327.9,7,NONE,309424300.46,33.92,2024-06-19
2021,RO,LT871,DSL,40.61,27.31,46.56,12.62,39.95,10.69,9.41,26.96,77.08,29.08,212.22,26,STATE_AID_GBER,284127573.96,28.91,2024-11-12
2022,AT,EE51,DSL,36.12,33.11,19.52,3.28,46.12,67.26,58.76,45.12,65.03,44.57,16.42,16,NATIONAL_RURAL_FIBER,161930028.56,29.03,2025-12-02
2023,CZ,MT3,DSL,42.79,20.64,12.89,10.9,38.9,31.29,65.94,36.9,77.17,47.6,351.17,10,ERDF_CONNECT,307119715.83,73.58,2025-03-06
2024,DE,ES2,DSL,77.86,42.1,34.5,7.79,33.31,31.85,72.57,29.83,85.73,58.21,263.69,19,RRF_BROADBAND,76803977.0,61.15,2024-08-04
2025,LV,SI20,DSL,78.41,30.04,21.92,10.4,54.5,47.71,38.54,6.72,64.86,34.78,187.5,22,CEF2_DIGITAL,131764609.41,82.95,2025-07-16
2026,PL,AT9,DSL,78.72,45.59,40.13,5.56,18.13,70.09,61.84,53.26,90.36,59.42,86.33,17,NONE,85602232.52,73.01,2025-08-08
2014,ES,IT36,DSL,68.98,37.34,21.07,12.77,29.63,35.35,11.07,31.39,63.75,73.49,132.83,12,STATE_AID_GBER,102622608.68,74.89,2024-11-17
2015,HR,PT4,DSL,70.84,47.15,53.08,8.87,34.89,78.62,7.48,13.61,93.28,44.69,288.88,25,NATIONAL_RURAL_FIBER,46464168.11,70.16,2026-02-08
2016,FI,IE60,DSL,71.55,58.45,30.78,14.41,31.47,37.89,28.41,51.88,75.71,43.07,133.72,69,ERDF_CONNECT,201533226.68,31.16,2025-02-12
2017,IE,BE7,DSL,69.82,53.92,16.76,5.65,40.68,75.48,40.75,54.42,40.12,22.11,221.2,15,RRF_BROADBAND,247403413.56,48.67,2024-07-30
2018,MT,SE506,DSL,66.98,31.37,10.4,14.24,46.82,75.06,69.36,15.85,78.49,44.08,292.13,21,CEF2_DIGITAL,30157787.81,51.18,2025-02-20
2019,SK,IT157,DSL,68.14,55.07,34.09,14.14,42.87,42.33,13.13,53.8,49.36,21.28,402.99,29,NONE,148902961.51,62.33,2024-11-12
2020,BE,CZ878,DSL,54.71,42.12,35.99,5.41,36.35,28.03,62.95,34.97,62.57,45.44,185.07,28,STATE_AID_GBER,259544921.28,82.56,2024-04-20
2021,DK,EE8,DSL,44.54,36.55,28.09,9.42,37.48,77.23,14.77,39.54,60.0,18.86,406.74,31,NATIONAL_RURAL_FIBER,69306758.33,39.11,2024-03-11
2022,GR,BE214,DSL,42.78,16.67,12.63,1.74,54.99,59.58,65.96,51.12,75.24,60.65,175.69,23,ERDF_CONNECT,113187757.74,77.19,2026-02-17
2023,LT,CZ785,DSL,75.9,67.57,16.65,14.83,50.25,46.69,14.15,35.86,76.6,77.06,62.95,26,RRF_BROADBAND,57268264.94,60.6,2024-11-23
2024,PT,SK171,DSL,65.87,41.46,13.86,9.78,51.22,71.26,30.36,45.61,89.39,49.35,413.11,75,CEF2_DIGITAL,13953740.6,60.24,2025-04-25
2025,SE,GR789,DSL,84.53,29.61,40.93,1.87,44.19,41.63,47.33,13.64,43.24,69.94,358.37,29,NONE,104810641.18,21.24,2024-01-22
2026,CY,AT36,DSL,77.58,30.27,20.26,10.55,37.69,23.86,13.8,53.49,64.63,38.31,404.39,32,STATE_AID_GBER,114516051.13,83.35,2025-02-26
2014,FR,EE52,DSL,79.73,29.73,32.32,13.14,27.89,57.55,59.75,8.53,76.38,21.65,72.65,31,NATIONAL_RURAL_FIBER,98970918.2,80.55,2024-02-19
2015,IT,FI324,DSL,36.16,20.76,37.76,11.68,54.16,67.87,29.72,34.7,65.32,32.25,305.96,28,ERDF_CONNECT,62788480.92,61.91,2025-08-03
2016,NL,GR72,DSL,44.3,25.85,10.92,10.21,44.19,22.06,64.56,49.53,64.67,38.61,165.52,39,RRF_BROADBAND,200981407.57,48.05,2024-11-12
2017,SI,SI81,DSL,77.52,57.16,43.56,9.41,43.76,18.33,37.38,15.97,46.7,74.03,396.62,35,CEF2_DIGITAL,85376779.05,41.69,2026-01-24
2018,BG,CZ230,DSL,51.51,41.7,19.26,4.73,48.38,46.27,60.35,32.55,75.03,62.58,297.4,31,NONE,165133373.44,38.87,2024-04-13
2019,EE,DE11,DSL,72.95,35.96,28.46,2.35,48.51,32.64,74.46,15.6,58.17,69.83,217.7,37,STATE_AID_GBER,314889249.98,42.63,2025-09-08
2020,HU,SK282,DSL,47.52,17.64,42.47,7.69,45.03,67.3,46.06,50.99,84.4,50.6,175.59,34,NATIONAL_RURAL_FIBER,52438048.15,78.71,2025-02-15
2021,LU,RO800,DSL,74.24,66.22,28.46,4.6,26.33,54.65,31.47,27.74,74.33,56.04,58.21,36,ERDF_CONNECT,149537316.23,64.3,2024-01-15
2022,RO,AT86,DSL,64.97,25.87,25.22,6.54,25.2,74.77,49.77,24.65,92.61,71.34,44.84,38,RRF_BROADBAND,12806460.91,58.02,2025-10-29
2023,AT,PL507,DSL,40.59,21.35,19.44,8.94,29.65,23.22,37.52,32.0,44.74,27.53,72.46,42,CEF2_DIGITAL,242790479.79,45.24,2025-08-23
2024,CZ,HU70,DSL,77.06,43.56,54.26,2.95,52.24,94.87,64.23,7.74,62.93,72.28,354.7,42,NONE,87859676.69,27.7,2025-10-19
2025,DE,SK92,DSL,69.18,46.61,48.84,14.09,48.28,34.12,15.64,38.42,79.45,76.93,251.87,43,STATE_AID_GBER,364016777.23,73.9,2025-11-21
2026,LV,IE6,DSL,35.5,16.84,20.37,12.13,47.05,52.61,24.74,52.28,43.91,84.55,215.44,63,NATIONAL_RURAL_FIBER,163757190.51,66.05,2025-11-21
2014,PL,LU770,DSL,69.92,43.13,20.16,11.43,41.85,43.98,41.7,52.71,43.51,23.92,140.5,40,ERDF_CONNECT,206264413.64,84.69,2025-09-04
2015,ES,PL63,DSL,72.53,26.58,41.73,2.22,26.53,19.67,28.76,50.29,83.27,26.75,416.26,46,RRF_BROADBAND,165836451.13,53.6,2024-04-13
2016,HR,SE74,DSL,78.37,57.91,34.82,9.29,35.03,27.63,56.97,12.95,54.38,77.85,125.94,30,CEF2_DIGITAL,155960094.34,34.61,2026-02-02
2017,FI,LT921,DSL,80.06,36.65,45.12,8.15,47.65,50.7,21.63,33.98,79.61,32.47,116.76,3,NONE,194633603.85,84.68,2024-04-06
2018,IE,HR39,DSL,82.92,40.95,25.76,4.67,23.22,13.83,41.55,32.63,46.23,80.26,110.14,14,STATE_AID_GBER,276401232.59,70.33,2024-02-26
2019,MT,MT98,DSL,60.97,34.93,52.26,2.35,54.92,19.51,8.56,41.09,41.6,65.0,340.98,20,NATIONAL_RURAL_FIBER,124174658.84,69.47,2025-08-24
2020,SK,LT878,DSL,69.55,51.83,45.48,5.42,31.9,17.19,17.21,17.64,71.47,47.38,312.06,48,ERDF_CONNECT,217645339.13,27.23,2025-12-12
2021,BE,SI87,DSL,83.25,43.47,41.89,12.47,51.47,79.3,32.84,44.42,44.82,48.45,300.22,10,RRF_BROADBAND,179242242.99,76.9,2024-09-18
2022,DK,LT72,DSL,70.77,34.87,32.86,3.92,32.42,38.72,55.03,13.32,57.22,29.17,308.19,9,CEF2_DIGITAL,129710853.61,20.06,2024-10-29
2023,GR,LV137,DSL,71.52,49.01,47.17,2.73,19.67,58.33,16.14,34.38,66.17,56.98,403.19,16,NONE,138924572.27,21.12,2024-06-22
2024,LT,SE66,DSL,51.67,21.24,43.6,13.64,27.45,38.22,39.83,16.26,55.64,53.62,342.41,18,STATE_AID_GBER,24110274.82,38.18,2024-07-12
2025,PT,FR41,DSL,45.53,36.5,19.17,9.82,53.75,60.19,74.0,13.51,56.11,56.19,403.91,17,NATIONAL_RURAL_FIBER,75146616.47,71.13,2024-05-08
2026,SE,FR137,DSL,69.22,25.99,31.83,10.7,50.26,59.45,55.81,36.25,51.62,39.89,72.38,67,ERDF_CONNECT,142299190.7,25.36,2024-10-16
2014,CY,CY42,DSL,36.03,16.65,46.92,4.63,33.04,82.81,53.58,52.3,44.11,55.33,242.1,15,RRF_BROADBAND,260404557.87,39.97,2025-05-01
2015,FR,BG21,DSL,35.97,15.54,26.78,5.82,26.31,69.76,45.67,49.02,43.14,22.6,86.5,19,CEF2_DIGITAL,87627011.19,68.77,2024-09-17
2016,IT,ES920,DSL,53.91,28.41,45.16,6.33,28.1,30.54,32.42,44.65,51.36,67.8,339.41,13,NONE,248121354.51,31.66,2025-09-22
2017,NL,CZ897,DSL,62.92,26.28,33.24,1.64,48.51,86.98,9.24,17.82,95.91,66.35,378.72,21,STATE_AID_GBER,429515202.74,72.91,2024-02-05
2018,SI,AT421,DSL,64.92,23.22,23.73,2.13,30.66,43.72,73.76,10.62,44.12,20.82,227.37,16,NATIONAL_RURAL_FIBER,198128417.51,42.92,2024-08-07
2019,BG,PL68,DSL,60.92,21.72,18.85,8.59,25.66,69.36,72.86,51.34,55.57,33.21,226.22,19,ERDF_CONNECT,140749071.54,44.21,2024-05-07
2020,EE,NL4,DSL,64.4,34.27,10.18,10.5,25.59,68.18,27.53,14.39,59.36,65.36,344.87,26,RRF_BROADBAND,252175665.67,49.59,2025-10-21
2021,HU,DK27,DSL,68.51,36.53,16.16,9.79,21.52,88.64,59.45,36.0,96.72,58.24,170.19,30,CEF2_DIGITAL,61383626.08,36.53,2025-09-23
2022,LU,MT813,DSL,53.88,27.52,19.88,14.94,33.89,81.62,22.56,33.06,77.67,51.14,155.42,51,NONE,208104166.42,64.98,2025-11-02
2023,RO,LU275,DSL,43.6,37.82,23.0,14.17,34.38,26.68,66.3,43.92,83.14,65.62,123.61,57,STATE_AID_GBER,52293505.14,63.49,2024-01-16
2024,AT,IT772,DSL,49.55,42.96,43.07,7.93,20.26,10.52,59.43,6.13,72.89,60.07,134.69,23,NATIONAL_RURAL_FIBER,114683062.86,70.47,2024-05-28
2025,CZ,PT249,DSL,57.15,30.13,36.29,2.14,46.92,35.6,13.68,34.43,68.21,44.13,100.28,35,ERDF_CONNECT,15194558.8,37.31,2024-03-16
2026,DE,SE757,DSL,60.61,43.27,25.61,8.87,45.28,25.24,21.15,52.65,56.76,43.7,198.55,32,RRF_BROADBAND,154392923.47,46.91,2024-03-17
2014,LV,LT38,DSL,36.46,14.28,31.07,1.57,39.07,79.55,65.44,20.5,41.7,72.36,74.73,31,CEF2_DIGITAL,184381399.23,35.41,2024-03-31
2015,PL,LU4,DSL,50.41,21.67,40.47,7.76,52.06,67.47,33.96,49.45,53.44,35.42,126.41,29,NONE,216119635.51,77.14,2025-04-14
2016,ES,CY770,DSL,81.78,66.05,15.95,12.68,23.45,72.96,8.61,9.1,45.42,30.78,243.65,26,STATE_AID_GBER,70983710.33,50.23,2025-04-16
2017,HR,LU64,DSL,53.71,30.15,48.69,9.4,52.95,94.74,40.06,48.17,54.73,66.1,117.97,38,NATIONAL_RURAL_FIBER,10319352.03,52.85,2025-03-23
2018,FI,SI741,DSL,43.82,23.23,42.71,12.63,44.02,30.55,68.27,45.53,77.28,22.0,306.21,75,ERDF_CONNECT,258515810.92,55.67,2024-05-20
2019,IE,FI491,DSL,83.86,42.94,30.88,5.02,18.97,15.62,55.45,48.2,73.93,33.75,127.42,84,RRF_BROADBAND,180808999.09,68.8,2025-03-05
2020,MT,HR5,DSL,61.32,22.0,38.1,6.31,45.77,90.71,48.55,11.04,68.23,72.22,346.23,33,CEF2_DIGITAL,12915759.23,58.36,2025-03-17
2021,SK,CY30,DSL,78.65,42.29,11.47,7.47,40.58,94.45,28.19,46.43,91.09,48.07,294.31,34,NONE,73844829.21,46.58,2025-12-16
2022,BE,MT11,DSL,45.78,19.56,35.82,10.9,34.93,44.3,38.9,51.85,80.77,33.89,70.73,45,STATE_AID_GBER,145507268.9,45.05,2024-09-12
2023,DK,IT106,DSL,82.06,37.11,29.11,8.92,51.59,22.59,18.11,40.24,72.37,75.42,167.23,33,NATIONAL_RURAL_FIBER,15487958.39,57.47,2025-03-01
2024,GR,CZ1,DSL,48.46,28.53,40.8,7.15,35.56,18.37,57.62,48.47,88.84,26.01,273.52,43,ERDF_CONNECT,236710555.5,65.15,2025-11-01
2025,LT,IE9,DSL,51.8,47.41,49.19,13.86,49.36,36.12,46.48,12.13,69.9,49.92,403.78,36,RRF_BROADBAND,204721408.17,52.23,2025-06-25
2026,PT,RO18,DSL,83.91,59.22,40.73,1.93,43.46,24.02,13.03,54.66,53.97,35.14,366.84,43,CEF2_DIGITAL,17533525.61,59.17,2025-04-20
2014,SE,BG115,DSL,71.4,58.41,22.75,3.68,34.37,23.42,69.77,28.52,69.46,40.94,415.62,59,NONE,63478519.46,29.74,2025-06-25
2015,CY,DE63,DSL,74.24,47.19,11.49,2.56,30.83,16.81,40.17,53.0,57.14,79.57,229.28,88,STATE_AID_GBER,283142395.51,41.58,2024-04-04
2016,FR,NL673,DSL,59.86,41.3,41.35,2.63,27.63,16.36,10.5,37.95,68.53,76.71,142.09,49,NATIONAL_RURAL_FIBER,291523267.77,48.6,2024-10-03
2017,IT,ES17,DSL,81.78,51.23,48.38,9.78,45.49,59.74,13.98,46.8,58.3,72.08,394.57,9,ERDF_CONNECT,211394186.58,29.77,2025-11-19
2018,NL,BG996,DSL,68.18,30.31,32.82,6.54,39.25,11.2,43.56,37.37,86.07,21.09,367.13,13,RRF_BROADBAND,351561941.18,72.29,2025-04-25
2019,SI,PL60,DSL,82.62,66.82,42.98,9.76,40.84,70.39,18.4,54.07,80.76,33.81,319.13,3,CEF2_DIGITAL,162935028.29,29.78,2025-05-06
2020,BG,LU771,DSL,46.54,18.51,53.96,6.05,18.67,81.15,21.86,10.74,81.39,23.46,135.92,12,NONE,163241822.59,65.43,2024-07-29
2021,EE,HU554,DSL,81.28,33.19,44.05,5.15,42.28,56.59,20.21,43.23,84.81,32.38,308.05,28,STATE_AID_GBER,95325355.63,25.47,2025-12-27
2022,HU,SK77,DSL,61.14,39.43,47.62,6.46,52.88,34.27,74.33,20.2,47.13,23.97,263.57,25,NATIONAL_RURAL_FIBER,166411973.8,81.49,2024-01-29
2023,LU,IT87,DSL,70.61,24.91,15.32,12.84,30.59,22.55,12.3,21.13,62.4,21.12,291.25,18,ERDF_CONNECT,88903943.94,22.52,2025-09-20
2024,RO,EE79,DSL,79.03,38.27,37.76,13.3,38.98,79.79,31.66,24.61,50.88,68.0,178.86,17,RRF_BROADBAND,53490899.77,55.47,2024-01-06
2025,AT,PT913,DSL,45.92,19.42,11.16,4.35,48.89,79.52,11.17,11.81,47.29,37.26,145.83,13,CEF2_DIGITAL,15534816.78,50.98,2025-04-22
2026,CZ,ES68,DSL,78.37,70.41,48.97,3.59,33.01,59.79,36.12,27.05,46.89,78.68,268.35,15,NONE,329555486.44,50.63,2025-10-19
2014,DE,DK55,DSL,49.92,26.87,23.46,12.38,38.53,14.99,27.16,17.15,49.14,55.7,212.92,14,STATE_AID_GBER,290367910.9,20.83,2024-12-05
2015,LV,LU752,DSL,43.29,29.78,11.14,8.95,53.9,32.09,10.99,31.3,79.83,78.63,311.24,45,NATIONAL_RURAL_FIBER,204809694.13,30.44,2025-05-23
2016,PL,DE2,DSL,64.41,33.06,39.81,12.66,42.37,16.83,69.69,26.01,64.28,79.51,55.35,19,ERDF_CONNECT,156092117.34,66.8,2024-05-03
2017,ES,RO896,DSL,49.94,38.32,44.11,10.43,44.55,46.23,65.57,34.38,47.61,70.82,112.19,65,RRF_BROADBAND,105667740.33,79.55,2024-04-21
2018,HR,SI941,DSL,64.97,45.94,49.32,4.46,54.34,65.52,15.57,17.49,90.03,72.18,287.64,24,CEF2_DIGITAL,244929996.92,33.27,2024-03-31
2019,FI,CY81,DSL,81.78,72.47,36.18,14.06,38.86,35.84,7.13,33.76,88.5,73.93,89.83,18,NONE,189261209.26,80.9,2024-05-25
2020,IE,DE396,DSL,63.69,28.23,48.85,5.78,31.45,42.65,55.49,20.24,57.88,41.63,22.4,22,STATE_AID_GBER,378052995.09,20.73,2024-11-27
2021,MT,LV304,DSL,43.41,29.12,21.42,13.05,51.52,74.33,32.83,48.45,56.61,78.12,416.18,64,NATIONAL_RURAL_FIBER,359402878.89,23.7,2025-07-31
2022,SK,FI60,DSL,70.14,45.56,20.71,6.41,18.38,50.23,45.24,24.32,61.35,84.15,170.53,26,ERDF_CONNECT,151115166.56,65.81,2025-12-17
2023,BE,LV9,DSL,56.08,48.31,28.21,5.76,39.1,14.73,32.49,6.43,56.96,39.54,167.87,22,RRF_BROADBAND,142358488.31,78.03,2025-11-07
2024,DK,HU6,DSL,47.6,30.56,37.55,9.78,53.35,47.89,74.27,54.09,67.09,80.47,356.75,28,CEF2_DIGITAL,146601536.06,20.26,2024-11-19
2025,GR,IE90,DSL,53.61,24.97,46.3,10.25,49.19,95.29,43.84,17.81,53.44,21.93,127.06,44,NONE,407109791.94,46.99,2025-11-13
2026,LT,ES625,DSL,39.61,21.3,11.2,10.46,37.39,35.84,35.98,17.78,62.76,18.11,189.43,29,STATE_AID_GBER,188862095.9,51.47,2025-11-13
2014,PT,FI756,DSL,76.84,41.08,22.95,5.73,39.28,40.89,46.65,18.34,95.38,18.43,159.7,25,NATIONAL_RURAL_FIBER,336673667.95,73.31,2024-07-05
2015,SE,MT228,DSL,39.3,20.74,18.58,13.07,24.25,18.13,63.23,26.87,89.2,61.48,406.21,60,ERDF_CONNECT,265359575.68,79.96,2025-09-06
2016,CY,IE31,DSL,36.36,22.42,30.84,8.95,44.44,58.17,69.23,24.31,92.11,41.53,318.87,30,RRF_BROADBAND,180267216.56,42.62,2024-08-05
2017,FR,HR471,DSL,76.67,47.13,36.81,11.68,42.29,68.45,24.32,28.44,47.21,64.69,104.1,40,CEF2_DIGITAL,182091797.45,58.33,2025-12-28
2018,IT,CZ330,DSL,57.7,26.25,13.31,11.34,31.59,89.17,27.66,50.64,72.87,32.86,193.89,29,NONE,246615872.12,46.41,2024-12-29
2019,NL,DK494,DSL,53.53,45.87,22.86,3.9,39.05,92.56,8.98,17.73,86.77,46.26,304.59,30,STATE_AID_GBER,110529365.45,52.78,2024-07-08
2020,SI,BG129,DSL,74.56,40.25,55.0,9.45,35.72,84.78,73.73,6.95,83.27,60.78,300.39,37,NATIONAL_RURAL_FIBER,142594585.49,55.33,2024-06-28
2021,BG,SE850,DSL,64.79,30.22,38.43,7.35,37.97,17.03,24.15,18.12,41.68,36.73,106.48,34,ERDF_CONNECT,217973223.34,46.21,2025-09-20
2022,EE,ES104,DSL,63.33,44.36,35.79,13.84,25.6,89.47,13.19,33.98,50.24,46.63,56.86,31,RRF_BROADBAND,210391488.05,71.52,2024-05-27
2023,HU,CZ83,DSL,69.85,38.14,29.23,6.75,44.74,86.67,72.63,48.45,58.81,32.73,26.24,36,CEF2_DIGITAL,145754055.77,50.47,2026-01-26
2024,LU,CZ269,DSL,76.42,59.19,39.56,9.13,30.23,50.21,8.22,9.71,61.24,32.0,211.86,37,NONE,80002959.83,49.35,2024-06-27
2025,RO,HR495,DSL,82.61,66.84,46.95,3.05,41.93,32.12,50.1,22.0,95.63,77.57,223.33,43,STATE_AID_GBER,138558903.42,39.87,2025-08-09
2026,AT,FI4,DSL,37.19,28.22,30.71,2.7,18.26,13.38,46.33,10.01,78.63,56.52,337.37,41,NATIONAL_RURAL_FIBER,377880829.47,69.71,2024-02-27
2014,CZ,SK364,DSL,41.56,29.51,49.9,11.96,21.22,35.82,73.97,9.47,45.54,43.58,126.7,41,ERDF_CONNECT,82997756.24,71.85,2025-09-25
2015,DE,ES6,DSL,38.59,17.78,23.94,3.22,27.92,94.53,33.16,12.43,88.9,44.0,204.47,80,RRF_BROADBAND,17476211.02,47.66,2024-10-06
2016,LV,LT2,DSL,63.51,56.47,39.29,14.04,21.26,88.02,35.94,40.71,85.06,27.13,328.54,65,CEF2_DIGITAL,79783360.73,68.62,2025-07-12
2017,PL,LV70,DSL,54.33,42.21,43.95,13.28,31.33,62.49,72.91,51.93,80.76,55.1,159.26,67,NONE,77278506.81,78.28,2025-05-16
2018,ES,IT371,DSL,76.94,61.65,15.97,1.75,22.53,76.22,17.22,33.28,85.08,46.33,327.93,5,STATE_AID_GBER,255736754.54,68.36,2024-04-16
2019,HR,GR35,DSL,65.52,26.85,44.74,5.52,33.54,36.7,72.31,53.58,82.88,84.85,419.9,4,NATIONAL_RURAL_FIBER,7072498.84,21.41,2024-08-26
2020,FI,CZ326,DSL,71.73,26.04,54.84,3.3,37.4,39.9,59.24,45.56,77.66,83.77,387.42,2,ERDF_CONNECT,80378276.74,53.32,2025-05-17
2021,IE,SK36,DSL,62.8,45.61,49.14,4.97,38.29,78.01,23.89,49.37,67.87,64.79,294.27,9,RRF_BROADBAND,97347760.57,32.45,2024-04-22
2022,MT,LT320,DSL,54.24,39.38,36.34,12.43,27.16,21.8,62.65,51.75,75.8,77.14,36.23,6,CEF2_DIGITAL,25102650.91,48.52,2024-08-08
2023,SK,GR6,DSL,79.79,56.74,35.21,2.76,49.69,55.14,61.94,54.1,83.81,31.64,88.38,11,NONE,119925646.78,65.13,2025-03-03
2024,BE,DE904,DSL,45.08,31.1,12.55,7.18,51.17,36.04,34.54,35.23,72.73,18.06,331.1,33,STATE_AID_GBER,229813204.3,27.37,2025-02-16
2025,DK,NL7,DSL,53.88,24.88,53.1,4.52,49.78,22.3,21.85,21.18,60.7,64.38,144.14,14,NATIONAL_RURAL_FIBER,124852080.61,32.93,2025-04-02
2026,GR,HR147,DSL,70.22,34.87,40.13,14.44,34.96,29.55,32.4,35.5,46.73,39.56,301.47,19,ERDF_CONNECT,216448815.94,68.25,2025-02-11
2014,LT,SI52,DSL,77.61,28.93,10.53,13.53,19.29,76.52,25.4,25.96,61.59,62.68,93.84,14,RRF_BROADBAND,410644927.62,25.47,2025-09-26
2015,PT,IE407,DSL,44.04,18.5,15.11,10.79,46.94,75.49,37.12,23.78,85.01,40.24,411.94,19,CEF2_DIGITAL,97314260.82,39.47,2024-01-30
2016,SE,HR27,DSL,46.85,23.04,14.43,13.96,19.76,27.13,61.35,47.26,69.44,38.55,356.73,20,NONE,198056764.31,22.92,2024-11-27
2017,CY,CY180,DSL,84.63,77.57,28.23,14.47,46.96,93.88,54.84,8.27,58.87,76.58,22.97,18,STATE_AID_GBER,210080756.39,58.25,2025-12-26
2018,FR,AT60,DSL,57.43,30.44,34.27,6.24,28.21,39.38,16.26,43.41,55.16,20.36,266.25,13,NATIONAL_RURAL_FIBER,135873414.82,60.85,2025-05-05
2019,IT,SK51,DSL,67.24,47.47,25.85,5.38,42.03,60.58,39.59,13.66,48.04,52.2,408.21,24,ERDF_CONNECT,296258456.71,66.4,2025-02-17
2020,NL,SI72,DSL,62.15,44.71,26.7,14.71,19.77,24.64,10.12,15.67,64.05,28.23,65.74,17,RRF_BROADBAND,152561478.02,44.28,2025-03-14
2021,SI,MT908,DSL,47.74,35.79,41.96,10.93,25.42,12.25,44.79,46.04,47.4,56.09,204.04,49,CEF2_DIGITAL,268603483.09,23.61,2025-11-06
2022,BG,LU9,DSL,44.05,23.1,32.61,13.75,19.41,86.78,66.29,19.26,91.36,82.15,200.38,17,NONE,163300340.79,54.32,2024-10-03
2023,EE,IE70,DSL,42.01,31.31,51.93,6.87,33.53,50.41,54.64,18.38,61.37,40.79,254.82,28,STATE_AID_GBER,89084221.85,36.53,2025-12-13
2024,HU,SI29,DSL,80.41,73.5,28.8,11.35,25.5,81.19,68.13,14.43,49.52,80.48,208.13,27,NATIONAL_RURAL_FIBER,124490584.42,71.88,2025-01-17
2025,LU,EE122,DSL,70.11,45.58,30.66,8.57,28.27,57.3,58.27,34.48,65.02,20.63,359.63,23,ERDF_CONNECT,24105879.26,35.25,2025-01-01
2026,RO,IT723,DSL,66.56,33.33,46.26,3.81,20.18,43.93,44.52,37.58,47.5,81.34,267.71,24,RRF_BROADBAND,111818186.38,21.56,2024-06-07
2014,AT,ES813,DSL,77.04,62.35,38.05,4.44,20.45,71.71,47.13,7.93,67.79,77.0,46.26,77,CEF2_DIGITAL,147681787.69,22.23,2025-06-29
2015,CZ,LV577,DSL,74.73,47.04,11.1,14.52,48.59,85.86,8.01,47.2,59.45,73.67,51.83,24,NONE,13292895.79,22.25,2024-09-26
2016,DE,MT40,DSL,66.86,45.39,48.78,12.88,39.01,97.71,33.55,17.91,51.77,63.06,34.2,29,STATE_AID_GBER,83379485.64,26.83,2025-12-15
2017,LV,GR93,DSL,55.09,45.44,31.44,5.56,47.0,49.85,64.83,49.61,83.56,63.39,368.66,32,NATIONAL_RURAL_FIBER,381859680.3,48.72,2024-05-18
2018,PL,HR7,DSL,57.1,21.24,20.31,6.18,46.89,84.78,73.27,22.21,66.81,62.15,326.33,38,ERDF_CONNECT,95773787.83,25.18,2025-07-07
2019,ES,AT113,DSL,56.88,22.14,50.93,1.68,40.0,74.88,62.51,53.48,69.44,81.24,222.2,79,RRF_BROADBAND,133276550.15,51.85,2025-07-16
2020,HR,GR4,DSL,79.15,33.88,52.08,5.42,34.83,46.27,25.74,53.18,65.49,37.42,375.83,62,CEF2_DIGITAL,236461066.16,36.29,2024-09-19
2021,FI,GR509,DSL,50.58,23.63,17.03,2.9,21.75,55.38,19.93,17.44,86.83,43.23,221.67,38,NONE,172390243.36,81.2,2025-06-13
2022,IE,LV1,DSL,67.15,43.09,37.78,13.2,28.31,76.39,44.17,45.77,41.74,36.81,352.76,42,STATE_AID_GBER,39098614.57,73.02,2026-01-11
2023,MT,SE153,DSL,62.65,31.71,25.56,8.92,41.57,58.94,44.6,41.27,91.46,24.09,64.57,35,NATIONAL_RURAL_FIBER,227705109.71,64.12,2025-03-11
2024,SK,NL6,DSL,70.98,41.43,18.15,7.6,19.97,17.47,24.54,35.21,97.52,34.0,214.91,65,ERDF_CONNECT,361337061.94,79.32,2026-02-06
2025,BE,CZ460,DSL,79.82,43.88,54.28,3.27,42.92,10.75,54.97,7.72,91.44,79.2,185.84,36,RRF_BROADBAND,329928953.6,64.73,2025-06-18
2026,DK,LV166,DSL,62.32,26.64,24.29,11.76,39.3,15.4,30.74,54.42,41.09,52.21,347.71,41,CEF2_DIGITAL,102436870.07,83.78,2025-05-08
2014,GR,SI71,DSL,62.4,31.25,41.24,2.35,23.16,26.74,40.4,6.93,83.65,29.57,345.5,42,NONE,87284496.44,69.74,2025-04-06
2015,LT,CZ91,DSL,54.96,21.03,22.2,9.3,24.8,47.26,52.66,24.09,56.69,39.92,74.67,67,STATE_AID_GBER,79004808.0,57.4,2024-03-01
2016,PT,CY54,DSL,51.52,35.98,50.72,9.04,43.53,28.05,66.92,21.74,66.12,49.51,277.59,46,NATIONAL_RURAL_FIBER,128788751.78,21.86,2024-06-30
2017,SE,SE3,DSL,58.48,38.73,15.62,4.86,47.92,43.19,43.92,6.79,70.61,79.81,56.04,50,ERDF_CONNECT,69989260.09,57.51,2026-01-03
2018,CY,SK714,DSL,72.81,44.56,25.31,2.52,26.89,31.32,33.37,40.51,43.71,54.45,270.45,40,RRF_BROADBAND,88753309.73,64.37,2025-04-27
2019,FR,IE15,DSL,84.89,51.2,23.43,14.98,52.4,38.57,15.52,15.23,54.71,29.53,327.18,10,CEF2_DIGITAL,150913421.51,33.66,2025-12-25
2020,IT,SI291,DSL,82.99,51.96,50.13,10.55,20.73,70.73,34.7,34.87,70.82,65.96,163.63,57,NONE,83969434.42,63.24,2026-01-28
2021,NL,ES89,DSL,40.81,29.08,36.4,7.96,50.7,86.71,59.72,46.41,40.33,57.33,402.75,11,STATE_AID_GBER,196169655.36,76.08,2024-06-05
2022,SI,EE156,DSL,39.6,23.64,46.07,2.26,37.36,28.08,23.62,43.54,80.07,59.46,340.9,5,NATIONAL_RURAL_FIBER,16938060.84,39.04,2024-08-26
2023,BG,RO49,DSL,78.02,56.87,49.0,5.23,45.3,44.22,37.25,33.45,42.09,25.59,144.01,14,ERDF_CONNECT,5130724.59,72.75,2024-07-26
2024,EE,LT3,DSL,59.49,24.91,24.28,12.01,30.9,78.55,41.54,36.01,68.47,46.22,39.45,34,RRF_BROADBAND,22597011.47,41.15,2025-09-03
2025,HU,SI16,DSL,61.22,50.38,53.18,9.9,28.12,61.07,5.16,42.73,58.93,74.96,372.18,15,CEF2_DIGITAL,90884796.8,30.84,2024-04-04
2026,LU,BG73,DSL,61.68,55.7,50.36,9.79,44.05,19.7,62.25,42.06,84.49,20.43,283.26,67,NONE,1729078.37,71.02,2025-12-16
2014,RO,IT998,DSL,58.61,44.82,18.74,13.45,28.09,62.1,49.08,30.24,75.41,58.84,391.05,27,STATE_AID_GBER,26849072.07,52.49,2025-06-30
2015,AT,ES414,DSL,35.14,14.25,51.19,10.3,19.26,63.39,7.06,32.22,72.02,62.9,331.78,12,NATIONAL_RURAL_FIBER,103224072.06,73.3,2025-09-07
2016,CZ,SK197,DSL,83.31,43.9,16.36,2.49,25.01,85.0,71.23,7.59,77.45,52.04,257.76,20,ERDF_CONNECT,228794589.43,41.68,2024-12-30
2017,DE,HU48,DSL,78.89,62.68,54.85,9.13,21.71,10.34,12.39,25.46,53.59,54.29,77.32,23,RRF_BROADBAND,173501431.89,83.57,2024-09-22
2018,LV,SK71,DSL,56.33,41.67,12.81,10.25,38.82,64.21,51.26,34.45,69.61,73.84,411.83,15,CEF2_DIGITAL,39499677.46,29.22,2024-11-12
2019,PL,LT14,DSL,36.96,20.83,53.72,8.27,26.88,50.59,48.24,10.92,90.52,74.38,220.4,15,NONE,108373666.78,82.4,2025-05-05
2020,ES,SK87,DSL,83.66,36.17,24.6,12.92,26.7,21.32,69.41,9.59,53.07,81.51,53.48,20,STATE_AID_GBER,28588026.35,60.77,2025-01-05
2021,HR,IT84,DSL,68.52,43.37,51.44,6.61,50.89,76.92,70.06,18.47,76.81,18.12,12.18,21,NATIONAL_RURAL_FIBER,386130284.68,61.04,2024-03-15
2022,FI,ES1,DSL,67.2,53.14,39.62,10.13,53.34,37.5,51.11,28.77,83.97,40.87,46.43,21,ERDF_CONNECT,297402854.47,73.33,2026-01-02
2023,IE,GR29,DSL,45.57,27.45,25.7,11.44,53.88,58.02,42.51,29.18,80.19,42.1,178.48,28,RRF_BROADBAND,240426047.78,65.3,2025-01-19
2024,MT,ES8,DSL,66.62,46.53,12.04,8.09,53.25,72.7,14.62,26.68,64.18,52.55,285.55,27,CEF2_DIGITAL,63604645.23,68.4,2024-02-14
2025,SK,RO505,DSL,68.15,57.81,27.47,6.26,39.97,80.44,41.16,23.6,87.8,59.64,268.26,29,NONE,116641457.77,48.61,2025-11-07
2026,BE,HU183,DSL,37.86,14.26,22.93,3.83,21.07,90.23,38.47,35.81,84.47,32.78,213.91,24,STATE_AID_GBER,155714332.11,44.37,2024-01-28
2014,DK,AT259,DSL,73.03,34.48,49.39,3.97,54.71,92.07,52.94,25.31,93.85,30.96,61.14,29,NATIONAL_RURAL_FIBER,296610905.84,48.89,2025-10-07
2015,GR,AT76,DSL,75.93,43.6,33.24,2.46,26.92,20.53,68.63,6.97,96.22,53.56,301.84,34,ERDF_CONNECT,173935054.2,36.48,2025-08-23
2016,LT,BE284,DSL,74.79,35.38,46.36,14.21,19.41,75.35,40.87,22.58,64.36,69.83,159.11,24,RRF_BROADBAND,313071719.14,68.71,2025-08-16
2017,PT,FI574,DSL,81.99,53.31,37.78,12.92,44.17,26.5,67.44,23.48,52.08,21.41,386.44,32,CEF2_DIGITAL,108042721.99,80.53,2024-10-08
2018,SE,SK964,DSL,76.6,66.67,19.3,7.65,50.97,23.57,51.27,29.57,67.17,43.73,357.59,31,NONE,286275991.7,35.38,2026-01-05
2019,CY,DK1,DSL,75.63,66.33,29.7,2.95,40.19,58.16,67.04,45.75,52.98,19.61,240.9,36,STATE_AID_GBER,37296358.23,39.06,2025-12-26
2020,FR,EE188,DSL,82.23,52.07,17.85,5.17,19.55,93.63,38.32,34.51,73.9,82.49,345.82,79,NATIONAL_RURAL_FIBER,210468392.69,20.87,2024-04-30
2021,IT,SK495,DSL,48.96,17.73,38.62,8.57,37.91,74.66,20.62,48.31,89.68,23.54,12.26,28,ERDF_CONNECT,207548826.83,45.29,2024-06-17
2022,NL,MT58,DSL,72.55,30.63,40.34,5.84,36.0,94.12,26.46,38.49,46.14,40.04,368.69,38,RRF_BROADBAND,149014235.79,24.36,2024-11-11
2023,SI,PT69,DSL,82.94,33.1,42.24,4.05,40.99,13.66,36.19,47.56,73.82,21.29,122.66,81,CEF2_DIGITAL,273726667.74,74.14,2025-05-28
2024,BG,ES48,DSL,38.23,15.36,43.66,9.68,49.62,90.01,57.65,25.39,60.11,52.82,23.6,82,NONE,311713671.04,68.13,2024-10-27
2025,EE,SK17,DSL,64.44,58.7,39.69,6.05,33.37,31.48,36.06,35.5,40.88,52.53,90.97,41,STATE_AID_GBER,201713971.37,59.81,2025-02-28
2026,HU,HR611,DSL,65.5,40.17,18.12,7.19,46.48,80.73,6.43,52.6,94.99,30.89,157.48,44,NATIONAL_RURAL_FIBER,305859741.51,80.73,2025-04-22
2014,LU,HU27,DSL,48.26,20.32,12.28,9.15,42.44,21.09,29.05,12.51,92.41,54.81,193.46,36,ERDF_CONNECT,18680579.54,62.4,2024-10-02
2015,RO,CZ6,DSL,56.46,29.77,31.09,8.95,52.17,47.31,26.28,20.87,89.11,50.58,61.73,47,RRF_BROADBAND,368971282.59,56.83,2025-10-11
2016,AT,BE603,DSL,46.6,23.82,32.22,10.88,29.19,54.56,49.48,20.23,79.47,72.41,167.23,46,CEF2_DIGITAL,56787658.56,66.63,2025-09-05
2017,CZ,LV5,DSL,48.63,39.61,26.4,7.97,21.47,17.07,33.59,39.76,74.69,61.1,285.73,46,NONE,78194400.02,83.16,2024-10-10
2018,DE,RO80,DSL,41.04,32.66,10.86,7.97,37.73,78.93,19.27,42.86,41.96,22.04,83.09,41,STATE_AID_GBER,273755226.24,34.69,2026-02-18
2019,LV,MT16,DSL,37.2,19.29,20.82,11.48,34.95,52.82,10.35,50.71,88.88,30.08,271.58,46,NATIONAL_RURAL_FIBER,177692503.38,61.85,2026-01-12
2020,PL,IT18,DSL,77.19,40.52,18.97,8.68,43.21,95.8,20.3,19.2,53.72,71.34,129.15,9,ERDF_CONNECT,188222553.17,81.33,2025-06-01
2021,ES,LU835,DSL,41.03,33.85,39.11,9.76,18.5,11.05,55.57,30.95,94.75,54.92,148.61,3,RRF_BROADBAND,3755007.08,37.78,2025-06-02
2022,HR,RO122,DSL,78.78,59.93,23.12,12.49,51.61,39.59,26.28,23.06,92.04,79.62,44.26,10,CEF2_DIGITAL,150526890.03,29.53,2025-07-17
2023,FI,RO961,DSL,71.4,60.76,27.08,4.96,49.58,10.85,38.12,45.29,68.79,21.46,55.95,8,NONE,120227649.79,82.08,2025-03-27
2024,IE,SK2,DSL,49.55,22.76,15.69,5.21,26.87,53.89,35.75,51.93,43.4,64.59,93.84,58,STATE_AID_GBER,310816634.84,31.88,2024-01-09
2025,MT,SE5,DSL,35.88,16.87,27.2,9.79,28.21,22.02,23.46,34.78,96.34,20.21,12.78,17,NATIONAL_RURAL_FIBER,125743472.89,22.92,2026-01-04
2026,SK,FR386,DSL,43.54,24.3,53.13,7.01,26.67,94.79,39.37,11.76,86.59,35.94,251.08,59,ERDF_CONNECT,80779324.59,60.48,2024-08-27
2014,BE,GR46,DSL,40.76,22.99,19.15,11.26,27.93,80.21,10.49,44.4,41.79,23.52,177.99,14,RRF_BROADBAND,136338519.74,28.65,2024-05-24
2015,DK,SK91,DSL,56.0,33.04,54.42,7.22,43.68,77.75,58.03,46.41,90.41,40.17,161.88,26,CEF2_DIGITAL,53547409.3,82.01,2024-06-23
2016,GR,HU749,DSL,55.92,24.91,29.27,8.38,27.76,62.34,50.92,51.44,43.55,23.09,349.53,44,NONE,31399356.2,64.02,2024-05-17
2017,LT,BG2,DSL,82.22,32.31,10.0,11.31,19.72,42.12,8.0,29.03,87.52,79.16,373.81,18,STATE_AID_GBER,196869934.99,57.83,2025-08-25
2018,PT,BG701,DSL,66.16,36.25,41.42,9.68,41.09,49.33,47.62,32.97,70.24,80.13,272.47,56,NATIONAL_RURAL_FIBER,185147911.02,42.12,2025-07-24
2019,SE,BE36,DSL,55.8,24.52,30.52,5.99,47.54,39.92,6.21,43.98,61.18,23.85,212.44,14,ERDF_CONNECT,175883635.52,51.29,2025-01-31
2020,CY,IE56,DSL,50.73,44.12,51.08,10.42,44.72,77.46,24.12,46.22,47.79,74.55,296.26,69,RRF_BROADBAND,23307290.48,33.5,2024-10-23
2021,FR,PT66,DSL,83.74,51.87,21.85,7.93,32.16,20.56,49.82,35.88,58.26,43.77,30.9,16,CEF2_DIGITAL,72257194.34,52.52,2025-08-27
2022,IT,SI56,DSL,54.49,19.69,53.66,4.04,50.05,75.22,46.5,13.17,53.75,25.74,157.85,19,NONE,281650966.32,22.95,2025-06-19
2023,NL,HU5,DSL,76.37,29.86,45.09,7.03,26.11,18.08,54.28,22.26,90.02,40.27,320.24,16,STATE_AID_GBER,189753932.18,72.21,2026-02-05
2024,SI,HU59,DSL,60.39,50.15,34.39,6.72,43.76,24.34,32.21,11.56,83.68,21.59,392.69,22,NATIONAL_RURAL_FIBER,177561461.41,38.54,2025-01-18
2025,BG,AT37,DSL,57.85,50.2,24.59,5.19,32.39,44.29,60.29,32.73,62.1,25.86,351.81,25,ERDF_CONNECT,13967537.46,26.69,2025-10-10
2026,EE,IE635,DSL,61.37,54.53,12.91,3.88,42.32,35.91,57.48,49.78,79.54,41.24,84.05,32,RRF_BROADBAND,182074470.03,30.73,2025-12-29
2014,HU,GR7,DSL,64.64,56.53,35.72,11.32,20.61,31.86,36.61,11.41,78.22,40.36,84.52,28,CEF2_DIGITAL,142025475.42,58.42,2025-06-29
2015,LU,CZ817,DSL,65.99,55.06,11.31,8.18,49.5,59.1,11.15,13.84,78.69,62.58,254.99,23,NONE,96458382.49,63.67,2024-07-28
2016,RO,FR80,DSL,60.62,40.9,47.63,10.2,30.82,65.21,32.36,23.67,89.03,53.66,109.24,30,STATE_AID_GBER,111617413.64,37.45,2025-04-06
2017,AT,EE7,DSL,75.77,54.5,32.29,13.78,43.55,89.97,8.16,23.37,89.01,29.87,386.06,31,NATIONAL_RURAL_FIBER,203749173.75,37.43,2025-07-28
2018,CZ,MT6,DSL,48.43,18.12,18.01,7.57,46.02,26.39,6.41,49.89,86.43,44.57,358.37,28,ERDF_CONNECT,92131988.19,38.51,2024-07-02
2019,DE,DE86,DSL,46.07,41.57,54.25,13.79,42.44,82.92,5.35,36.01,40.4,76.68,196.27,84,RRF_BROADBAND,380346923.35,84.53,2025-05-13
2020,LV,AT45,DSL,83.38,39.4,33.31,4.59,29.53,37.52,32.66,48.86,87.91,62.6,322.14,28,CEF2_DIGITAL,336704190.91,66.88,2024-04-04
2021,PL,NL90,DSL,66.12,39.05,20.95,7.79,23.56,28.71,16.18,14.46,43.4,18.87,37.29,81,NONE,238713183.2,27.19,2025-05-12
2022,ES,BG62,DSL,67.79,32.1,52.61,4.7,33.81,62.27,8.2,41.32,81.86,50.27,107.29,34,STATE_AID_GBER,269438.77,54.66,2026-01-13
2023,HR,BE447,DSL,83.91,35.67,54.95,7.81,22.24,30.37,9.62,30.94,70.14,66.27,205.78,40,NATIONAL_RURAL_FIBER,43001325.97,37.5,2024-07-03
2024,FI,IT8,DSL,42.8,37.7,21.07,11.52,43.67,94.42,30.68,35.56,62.81,18.08,255.63,36,ERDF_CONNECT,101700189.93,68.13,2025-10-28
2025,IE,RO37,DSL,78.77,47.51,34.42,12.76,54.26,48.32,52.47,50.62,90.02,82.83,92.2,43,RRF_BROADBAND,296578199.6,34.88,2025-10-03
2026,MT,HR60,DSL,75.52,58.84,12.45,8.4,43.26,54.78,51.62,47.15,78.89,77.19,181.87,34,CEF2_DIGITAL,99189891.85,43.19,2025-11-24
2014,SK,PT772,DSL,40.86,32.44,52.27,8.32,50.42,61.74,14.6,14.26,73.05,46.03,377.96,61,NONE,213103613.78,68.37,2026-01-14
2015,BE,CY3,DSL,42.97,18.68,22.55,3.49,39.18,55.63,48.84,10.29,78.94,38.39,264.39,36,STATE_AID_GBER,76956428.33,67.89,2024-03-10
2016,DK,MT351,DSL,57.5,44.92,11.82,8.91,38.99,45.6,21.84,44.88,95.82,38.19,376.41,45,NATIONAL_RURAL_FIBER,210733970.23,23.12,2025-01-03
2017,GR,FI43,DSL,52.46,33.99,27.92,2.75,19.08,16.44,32.05,16.91,62.36,20.48,372.42,36,ERDF_CONNECT,65839216.37,42.81,2024-01-10
2018,LT,PT42,DSL,69.02,35.28,15.6,9.65,22.39,77.42,48.7,49.27,92.11,82.61,30.35,41,RRF_BROADBAND,63843864.14,66.63,2025-09-09
2019,PT,BE8,DSL,40.67,35.07,41.49,6.71,51.46,34.6,71.06,23.05,41.45,71.64,98.13,45,CEF2_DIGITAL,209347296.78,29.22,2024-02-02
2020,SE,LU58,DSL,35.23,26.79,43.58,8.28,44.59,97.95,19.44,46.35,93.09,21.8,60.23,45,NONE,127607244.08,70.61,2025-10-14
2021,CY,FR52,DSL,78.68,67.44,30.95,2.05,36.0,94.37,36.21,42.8,56.68,75.81,285.12,7,STATE_AID_GBER,178208880.04,47.25,2024-08-06
2022,FR,BE1,DSL,53.15,46.64,13.66,7.8,43.86,67.04,61.15,43.8,41.39,62.37,287.58,4,NATIONAL_RURAL_FIBER,193021600.5,21.85,2025-02-15
2023,IT,IE98,DSL,51.38,30.68,32.41,1.89,41.5,33.12,35.53,39.31,42.09,67.24,283.34,5,ERDF_CONNECT,155482414.46,42.75,2025-08-14
2024,NL,DE3,DSL,74.72,62.5,40.27,5.48,32.97,41.1,56.31,11.94,62.72,76.68,84.95,12,RRF_BROADBAND,117427240.03,47.49,2025-03-06
2025,SI,DK718,DSL,59.58,38.37,37.52,7.96,24.74,84.87,60.89,40.71,47.52,28.27,201.74,43,CEF2_DIGITAL,289759981.32,36.43,2025-02-09
2026,BG,LU60,DSL,65.21,42.13,39.65,4.46,37.5,21.25,25.44,35.71,45.15,26.09,321.65,11,NONE,85782152.12,76.08,2025-02-11
2014,EE,SK137,DSL,65.72,49.62,43.59,9.39,47.05,18.16,30.22,52.45,73.56,38.03,269.77,15,STATE_AID_GBER,324237567.89,67.71,2024-07-11
2015,HU,HU3,DSL,80.08,31.83,10.38,14.38,43.41,70.84,44.33,42.24,80.42,62.41,324.1,18,NATIONAL_RURAL_FIBER,217053907.85,80.02,2024-08-03
2016,LU,SE58,DSL,65.5,31.65,37.41,14.2,37.18,40.29,23.67,34.68,53.57,63.13,202.41,8,ERDF_CONNECT,47547536.24,62.99,2025-08-29
2017,RO,FI9,DSL,43.9,16.49,14.61,9.98,36.84,95.68,36.11,48.59,71.26,46.54,393.52,45,RRF_BROADBAND,103395712.25,24.19,2025-05-24
2018,AT,FI16,DSL,84.09,48.5,10.14,11.07,20.33,23.0,57.1,8.94,60.83,46.41,272.42,16,CEF2_DIGITAL,401460040.71,66.33,2025-11-05
2019,CZ,IT93,DSL,63.83,48.44,17.74,3.26,51.32,19.25,10.06,32.7,67.6,58.3,399.86,15,NONE,140324655.91,73.97,2024-08-28
2020,DE,IT924,DSL,50.6,28.07,53.02,12.08,26.21,32.73,13.73,14.81,56.0,37.25,290.45,17,STATE_AID_GBER,241264820.84,65.53,2025-07-26
2021,LV,AT560,DSL,82.08,31.46,31.84,13.69,27.76,36.54,43.85,15.14,78.41,70.31,158.02,23,NATIONAL_RURAL_FIBER,76552222.72,36.93,2024-04-14
2022,PL,IE484,DSL,49.88,41.85,29.71,3.46,38.6,64.78,55.26,49.55,48.87,48.66,362.93,38,ERDF_CONNECT,121721064.37,74.67,2025-04-30
2023,ES,HR937,DSL,68.38,54.44,54.59,12.41,46.46,29.64,39.84,24.89,81.28,41.98,107.92,24,RRF_BROADBAND,300846749.45,24.9,2025-02-03
2024,HR,LV30,DSL,82.96,69.63,49.43,2.1,51.31,23.42,52.23,51.36,93.15,65.16,104.12,27,CEF2_DIGITAL,170834833.86,58.86,2025-12-12
2025,FI,DK36,DSL,50.82,24.74,23.51,8.72,18.03,30.0,45.07,46.68,94.99,18.22,369.29,28,NONE,124046362.82,76.24,2024-06-21
2026,IE,LU2,DSL,79.52,72.85,32.55,5.52,51.23,46.29,31.15,12.42,54.58,31.62,391.39,30,STATE_AID_GBER,38520892.14,64.04,2024-07-11
2014,MT,BG56,DSL,68.11,49.27,10.87,10.02,43.43,59.95,32.56,21.2,61.95,45.43,221.04,25,NATIONAL_RURAL_FIBER,191957431.63,29.74,2025-07-07
2015,SK,AT385,DSL,62.16,36.96,45.8,11.53,24.02,20.5,20.67,21.32,83.82,51.14,107.08,24,ERDF_CONNECT,86307097.76,31.63,2025-06-16
2016,BE,SK8,DSL,43.74,26.99,51.51,9.66,37.76,44.07,57.35,11.77,83.45,81.88,314.1,31,RRF_BROADBAND,337980411.48,32.92,2025-11-28
2017,DK,AT8,DSL,70.67,30.91,24.78,10.98,26.58,39.72,45.51,28.57,70.95,30.57,265.83,34,CEF2_DIGITAL,81342807.35,35.81,2025-07-19
2018,GR,HU938,DSL,83.12,34.23,50.86,14.49,37.32,11.82,5.65,18.76,90.87,32.16,225.17,26,NONE,92805840.28,44.67,2024-10-30
2019,LT,AT815,DSL,61.51,28.86,11.21,7.61,20.72,48.8,43.65,51.07,60.5,71.41,20.82,63,STATE_AID_GBER,237059686.93,63.48,2026-01-20
2020,PT,BE850,DSL,75.01,44.2,31.17,6.54,46.17,57.01,48.07,16.19,62.33,66.55,319.14,31,NATIONAL_RURAL_FIBER,33384829.26,25.55,2024-04-28
2021,SE,HU29,DSL,78.46,41.33,29.27,14.73,39.39,53.85,66.03,47.56,45.33,19.12,419.49,29,ERDF_CONNECT,7051995.05,52.27,2025-01-24
2022,CY,EE798,DSL,66.06,46.85,46.07,6.55,41.66,23.29,68.82,27.14,44.61,49.68,359.6,32,RRF_BROADBAND,38610104.92,66.09,2026-01-31
2023,FR,SK21,DSL,75.97,33.7,26.78,12.16,32.54,86.7,58.87,44.82,55.49,32.14,281.52,37,CEF2_DIGITAL,53564510.52,43.16,2024-12-04
2024,IT,IE29,DSL,79.26,31.91,23.42,2.03,39.38,12.47,62.32,14.32,83.08,68.06,215.86,34,NONE,61486182.53,39.65,2024-04-19
2025,NL,RO749,DSL,84.15,30.9,35.36,3.68,44.44,97.32,28.64,33.43,73.56,46.83,175.32,40,STATE_AID_GBER,249464958.12,43.88,2024-06-05
2026,SI,BE133,DSL,45.48,20.16,20.35,7.65,51.83,84.1,10.74,7.92,61.81,33.13,409.79,39,NATIONAL_RURAL_FIBER,73913483.52,38.93,2024-06-02
2014,BG,DE550,DSL,81.97,50.25,13.96,13.05,46.42,37.61,68.63,42.97,64.23,19.26,23.2,35,ERDF_CONNECT,108431592.55,31.72,2026-01-03
2015,EE,LU45,DSL,36.27,22.29,28.15,8.88,45.25,88.41,66.69,29.52,74.32,63.82,252.85,43,RRF_BROADBAND,191909694.04,56.71,2025-09-09
2016,HU,CZ29,DSL,71.17,44.82,49.18,11.06,52.07,32.88,24.38,54.04,67.22,78.98,106.23,40,CEF2_DIGITAL,211316453.69,74.0,2025-08-25
2017,LU,LV79,DSL,59.4,37.03,36.15,7.82,44.09,42.22,69.49,8.43,42.2,55.14,191.1,47,NONE,17264736.94,28.86,2025-02-12
2018,RO,IE27,DSL,47.42,19.85,48.76,4.78,37.4,72.92,32.54,30.24,64.0,41.15,118.8,37,STATE_AID_GBER,180380620.34,31.1,2024-10-09
2019,AT,CZ87,DSL,79.49,57.52,33.3,3.19,31.89,14.31,63.19,10.71,53.68,70.04,298.95,39,NATIONAL_RURAL_FIBER,22919796.65,62.7,2025-01-02
2020,CZ,DK87,DSL,64.63,35.27,46.56,11.89,22.38,80.89,6.94,13.47,40.03,66.75,228.51,86,ERDF_CONNECT,243727649.5,78.82,2025-05-29
2021,DE,RO745,DSL,76.72,60.58,30.75,7.41,23.98,83.7,7.69,7.28,85.57,77.41,191.13,47,RRF_BROADBAND,127309023.61,48.86,2025-06-16
2022,LV,PT962,DSL,47.61,42.75,23.1,10.83,30.93,85.69,66.05,14.28,69.33,66.66,97.09,8,CEF2_DIGITAL,187571831.88,56.02,2025-01-15
2023,PL,EE262,DSL,65.74,44.4,41.82,3.41,32.16,73.05,55.09,11.31,72.54,64.34,370.97,11,NONE,55978920.22,80.34,2025-05-20
2024,ES,PL296,DSL,55.09,33.56,37.91,7.21,40.49,40.59,70.72,33.0,94.96,74.75,308.92,13,STATE_AID_GBER,292519415.7,63.27,2025-11-06
2025,HR,IT792,DSL,84.55,33.25,36.89,6.83,48.21,94.92,10.13,36.49,59.88,82.31,386.25,14,NATIONAL_RURAL_FIBER,248099104.4,26.13,2026-01-09
2026,FI,LT82,DSL,65.22,55.07,45.04,4.85,35.85,94.34,56.34,38.35,53.26,57.01,216.16,8,ERDF_CONNECT,225262808.19,78.61,2025-12-25
2014,IE,LV560,DSL,45.44,21.93,23.72,12.93,45.48,51.63,9.33,42.32,52.72,84.66,302.23,10,RRF_BROADBAND,82387532.1,57.98,2024-03-09
2015,MT,PL61,DSL,46.11,31.14,29.62,7.73,20.12,89.88,22.38,9.2,73.93,68.74,251.84,13,CEF2_DIGITAL,143825283.17,52.48,2025-01-29
2016,SK,HR6,DSL,72.75,47.2,49.73,12.44,51.23,70.83,33.84,49.32,82.12,53.16,312.5,11,NONE,75527014.76,58.76,2025-06-13
2017,BE,FR933,DSL,56.07,29.9,40.58,12.25,41.85,28.56,64.4,10.47,75.75,78.91,408.62,10,STATE_AID_GBER,202140650.64,64.33,2024-09-29
2018,DK,IT86,DSL,49.95,45.45,39.06,2.45,37.17,10.24,30.49,32.8,57.31,71.8,79.52,17,NATIONAL_RURAL_FIBER,182161740.18,27.14,2025-05-24
2019,GR,ES884,DSL,39.46,32.1,41.69,13.76,41.2,14.75,24.04,29.72,90.4,48.31,267.87,15,ERDF_CONNECT,128435313.23,78.17,2025-09-23
2020,LT,HR9,DSL,37.88,28.27,36.76,5.33,38.76,95.9,51.88,53.51,81.89,25.71,351.57,18,RRF_BROADBAND,222589471.12,29.47,2024-04-15
2021,PT,LT27,DSL,43.25,35.41,37.74,13.15,34.65,46.74,56.77,54.55,84.76,61.98,37.37,59,CEF2_DIGITAL,96217047.49,35.34,2024-01-02
2022,SE,CZ589,DSL,79.37,65.36,31.69,7.6,21.0,43.76,61.63,14.73,43.99,63.05,54.62,23,NONE,82204168.3,71.8,2025-05-22
2023,CY,HR91,DSL,74.02,35.25,42.54,12.52,50.81,25.38,18.97,43.3,86.89,31.06,86.0,23,STATE_AID_GBER,182436032.55,32.68,2024-08-03
2024,FR,GR58,DSL,38.93,30.96,21.24,9.5,44.1,19.93,31.24,7.0,90.12,31.81,232.37,20,NATIONAL_RURAL_FIBER,328656803.41,53.37,2024-04-20
2025,IT,EE82,DSL,71.35,37.64,33.72,9.96,25.57,93.35,62.31,26.09,54.57,45.98,240.92,25,ERDF_CONNECT,220897842.97,72.96,2024-11-22
2026,NL,GR679,DSL,46.34,30.64,46.85,14.01,34.37,90.91,35.63,50.19,71.92,46.4,28.58,26,RRF_BROADBAND,121479162.59,73.28,2024-06-01
2014,SI,DK32,DSL,50.53,39.1,47.38,8.07,40.11,39.29,64.95,29.89,53.46,69.19,307.69,21,CEF2_DIGITAL,213050552.42,29.79,2025-06-05
2015,BG,PT774,DSL,75.32,42.12,31.34,3.29,18.39,58.87,26.14,17.89,92.95,30.97,243.56,45,NONE,213813578.36,80.35,2025-05-13
2016,EE,SE49,DSL,63.05,35.62,54.21,8.51,22.59,25.49,5.16,23.33,94.24,75.79,335.34,30,STATE_AID_GBER,29520232.83,26.08,2025-09-22
2017,HU,RO88,DSL,39.32,25.5,24.65,1.62,31.41,85.34,55.73,9.8,67.75,63.39,263.74,23,NATIONAL_RURAL_FIBER,119389256.47,52.44,2024-08-31
2018,LU,BG17,DSL,76.34,54.37,40.5,8.97,42.23,74.94,43.29,54.32,97.68,25.48,356.49,22,ERDF_CONNECT,66974943.23,28.65,2025-12-15
2019,RO,SK60,DSL,83.14,47.27,10.92,10.19,33.57,75.18,19.67,41.04,73.71,61.34,256.06,28,RRF_BROADBAND,334451395.31,33.76,2025-12-17
2020,AT,BG8,DSL,58.83,35.68,47.99,8.94,29.86,33.51,16.73,30.46,50.16,27.33,293.65,53,CEF2_DIGITAL,192583422.77,41.43,2024-01-15
2021,CZ,LU369,DSL,65.46,50.36,38.79,12.25,52.85,76.45,25.3,29.88,77.56,65.67,110.55,59,NONE,52514250.96,36.86,2024-02-09
2022,DE,CY331,DSL,62.21,25.01,46.75,1.9,27.41,14.54,5.65,35.65,83.62,32.61,227.04,30,STATE_AID_GBER,45051808.7,79.84,2026-02-01
2023,LV,PL5,DSL,37.99,25.65,14.88,1.69,51.66,56.54,14.92,29.15,94.86,39.81,258.11,30,NATIONAL_RURAL_FIBER,129220959.91,59.52,2026-01-09
2024,PL,SE70,DSL,59.6,46.79,13.86,4.92,18.16,70.4,23.1,20.47,60.16,69.27,146.31,51,ERDF_CONNECT,55021129.31,30.46,2024-08-02
2025,ES,LT5,DSL,59.56,50.78,53.32,14.85,48.08,64.99,63.05,44.36,79.47,74.7,136.5,29,RRF_BROADBAND,227975697.92,54.34,2025-11-17
2026,HR,IE922,DSL,53.39,22.07,45.98,8.53,49.97,48.09,48.17,15.95,44.07,57.76,230.79,34,CEF2_DIGITAL,297693539.55,30.33,2025-07-02
2014,FI,CZ52,DSL,56.6,37.72,38.57,14.8,25.55,97.48,30.41,6.98,62.85,69.88,119.22,41,NONE,201687957.32,51.63,2024-06-20
2015,IE,MT605,DSL,49.46,34.48,12.29,10.89,33.85,75.94,34.94,50.56,68.44,76.74,350.9,34,STATE_AID_GBER,86236161.53,47.29,2026-01-03
2016,MT,LU71,DSL,72.69,39.72,33.84,8.53,42.21,89.98,49.37,15.27,76.88,67.36,225.9,35,NATIONAL_RURAL_FIBER,67022411.17,32.05,2024-01-20
2017,SK,SI2,DSL,43.98,21.95,46.97,12.17,44.84,10.12,46.17,20.5,52.24,25.26,405.8,42,ERDF_CONNECT,11326354.29,54.38,2025-05-04
2018,BE,RO59,DSL,44.94,17.27,50.75,13.7,33.65,25.06,73.49,51.2,59.71,25.67,52.25,44,RRF_BROADBAND,158809053.92,37.69,2025-06-16
2019,DK,LV71,DSL,44.06,24.35,52.47,12.7,44.06,34.43,42.8,17.82,53.77,50.39,78.5,45,CEF2_DIGITAL,135916387.21,84.06,2025-10-29
2020,GR,ES165,DSL,69.3,41.85,53.62,10.05,28.44,19.17,12.74,13.46,65.89,77.38,213.43,45,NONE,52622475.17,22.01,2024-09-07
2021,LT,EE656,DSL,78.19,61.99,25.02,4.66,22.62,37.02,23.31,10.63,69.6,70.05,299.84,40,STATE_AID_GBER,129829735.3,43.16,2024-05-13
2022,PT,DK18,DSL,81.43,32.62,52.66,14.74,29.45,97.4,69.07,8.95,53.2,50.73,305.53,46,NATIONAL_RURAL_FIBER,65387916.47,81.84,2024-09-28
2023,SE,LT70,DSL,59.6,33.51,41.96,9.41,51.5,51.14,35.62,18.15,49.52,47.03,242.19,7,ERDF_CONNECT,117466002.05,67.35,2024-09-02
2024,CY,DK368,DSL,52.96,21.81,48.44,12.23,41.82,68.06,57.42,43.62,83.88,34.84,141.88,4,RRF_BROADBAND,8991118.9,29.22,2024-11-22
2025,FR,FI37,DSL,80.53,33.18,53.47,11.71,19.63,57.36,66.47,21.46,55.26,72.27,179.83,27,CEF2_DIGITAL,200641723.8,66.15,2025-07-03
2026,IT,ES145,DSL,47.68,17.88,25.34,10.55,37.65,69.47,28.62,27.16,94.57,25.97,12.25,35,NONE,34212285.64,57.18,2025-06-22
2014,NL,BE309,DSL,79.67,66.89,43.64,7.86,28.34,21.35,6.41,28.85,81.31,51.8,24.91,5,STATE_AID_GBER,270268109.71,73.17,2024-01-30
2015,SI,ES504,DSL,74.21,55.05,21.01,14.38,52.08,72.44,58.2,35.77,94.09,57.65,383.59,12,NATIONAL_RURAL_FIBER,271648412.04,83.67,2024-01-22
2016,BG,CZ380,DSL,64.75,50.4,48.1,6.38,39.58,88.32,70.4,33.99,71.12,67.26,197.46,18,ERDF_CONNECT,152092292.78,46.85,2025-01-15
2017,EE,PL980,DSL,60.88,50.11,43.76,2.67,24.38,62.44,29.95,33.67,57.98,72.1,58.24,15,RRF_BROADBAND,184544688.66,71.18,2024-09-22
2018,HU,SK535,DSL,68.98,25.29,31.05,1.72,20.38,52.35,58.69,33.46,92.16,32.55,122.89,13,CEF2_DIGITAL,127712925.41,37.8,2024-07-06
2019,LU,IE1,DSL,48.79,44.4,37.21,2.54,29.22,38.25,71.84,18.7,59.87,82.84,116.09,55,NONE,56391565.42,67.39,2024-12-26
2020,RO,ES77,DSL,62.73,48.27,49.59,6.6,44.93,60.06,40.19,49.58,84.72,36.75,315.38,34,STATE_AID_GBER,43045377.62,20.48,2024-05-26
2021,AT,PT94,DSL,81.87,66.66,54.45,14.19,54.15,61.76,46.44,28.71,96.03,71.03,113.3,20,NATIONAL_RURAL_FIBER,12957273.43,74.07,2025-04-16
2022,CZ,CY85,DSL,79.39,57.2,42.55,14.78,53.07,20.72,63.14,12.35,69.5,38.36,419.47,14,ERDF_CONNECT,137311621.11,83.03,2025-03-24
2023,DE,LT65,DSL,80.59,43.72,16.71,5.62,32.07,47.62,48.41,41.13,75.5,24.91,171.05,16,RRF_BROADBAND,82332513.77,54.58,2024-04-15
2024,LV,BE18,DSL,68.96,32.75,40.78,7.65,50.69,57.04,15.0,54.6,78.64,76.36,158.06,14,CEF2_DIGITAL,311917697.57,29.03,2026-01-23
2025,PL,PT530,DSL,44.93,36.36,33.25,6.0,52.91,60.63,53.02,29.56,47.21,48.71,89.38,19,NONE,307150925.44,80.3,2024-03-04
2026,ES,FI19,DSL,55.64,38.76,37.18,7.12,27.93,10.22,74.25,13.7,58.73,74.45,148.37,22,STATE_AID_GBER,72919529.29,61.8,2025-02-20
2014,HR,CY753,DSL,52.9,34.68,14.0,10.5,18.82,65.01,45.7,23.14,72.01,79.72,177.82,28,NATIONAL_RURAL_FIBER,36245359.33,58.3,2024-04-20
2015,FI,AT998,DSL,40.27,18.28,18.53,4.67,24.17,37.08,38.56,48.55,55.63,38.38,324.39,20,ERDF_CONNECT,162344622.02,71.04,2025-08-26
2016,IE,NL698,DSL,74.77,54.09,30.49,9.97,22.21,12.72,7.33,27.13,68.63,71.25,12.2,27,RRF_BROADBAND,126290460.73,26.56,2025-05-02
2017,MT,BE882,DSL,78.89,69.38,10.33,3.89,46.88,18.89,44.89,10.32,51.89,69.28,33.64,29,CEF2_DIGITAL,128054432.35,21.62,2025-10-14
2018,SK,IE42,DSL,53.99,19.11,48.98,10.36,33.11,95.77,43.76,48.24,86.27,56.31,265.18,28,NONE,135597864.41,61.83,2025-06-20
2019,BE,IE67,DSL,39.31,26.15,15.81,5.13,40.14,42.63,21.65,11.21,56.67,24.96,194.5,30,STATE_AID_GBER,70925913.69,35.86,2024-06-27
2020,DK,LV6,DSL,70.13,63.39,13.35,11.3,30.22,44.52,37.82,28.44,60.98,73.06,21.61,25,NATIONAL_RURAL_FIBER,331554209.55,25.43,2025-05-30
2021,GR,HR59,DSL,47.95,36.47,44.3,10.68,47.14,74.36,51.59,38.76,68.78,71.84,273.15,30,ERDF_CONNECT,98012218.99,81.45,2024-05-16
2022,LT,DE535,DSL,63.06,37.53,31.06,4.43,34.75,57.81,22.12,6.43,63.73,48.65,255.43,62,RRF_BROADBAND,239704957.46,25.3,2024-12-03
2023,PT,GR77,DSL,83.08,33.47,35.67,11.42,44.89,20.13,44.08,8.33,55.97,63.02,369.21,68,CEF2_DIGITAL,176324340.61,43.33,2025-10-15
2024,SE,SK460,DSL,46.27,20.78,27.26,4.96,24.87,33.77,28.93,43.32,87.31,32.48,418.58,38,NONE,146348824.33,64.24,2024-04-05
2025,CY,IE406,DSL,69.14,58.9,52.7,13.81,40.64,24.04,42.21,21.62,40.78,72.84,216.48,66,STATE_AID_GBER,201803006.94,48.12,2024-07-19
2026,FR,GR656,DSL,41.02,22.97,23.23,10.53,48.04,43.85,65.95,32.69,50.66,38.61,12.85,38,NATIONAL_RURAL_FIBER,142779216.4,45.5,2024-12-21
2014,IT,FI955,DSL,35.53,12.49,47.16,10.68,32.21,28.78,51.1,26.32,61.58,71.43,135.38,42,ERDF_CONNECT,157571151.94,80.47,2025-06-16
2015,NL,LT700,DSL,42.56,35.66,29.89,6.29,23.97,14.73,56.11,25.56,95.03,77.24,301.52,72,RRF_BROADBAND,22804688.89,59.59,2024-11-18
2016,SI,LU33,DSL,79.12,30.71,12.99,8.54,28.75,59.78,23.17,43.15,54.02,28.6,292.53,42,CEF2_DIGITAL,107419424.97,63.5,2024-01-07
2017,BG,FR65,DSL,53.68,26.34,48.97,3.72,34.73,72.91,21.38,35.9,86.69,18.33,352.9,41,NONE,174794959.42,41.76,2025-07-31
2018,EE,BG38,DSL,55.53,35.05,54.1,11.73,31.33,81.41,20.53,18.4,44.11,19.58,319.08,40,STATE_AID_GBER,116762662.5,59.66,2025-12-28
2019,HU,DE88,DSL,65.5,25.27,54.72,12.32,26.83,61.31,43.09,22.51,77.73,60.79,303.36,63,NATIONAL_RURAL_FIBER,297759206.27,30.08,2024-05-23
2020,LU,IE10,DSL,84.48,54.78,29.87,5.66,49.43,55.9,48.48,30.0,66.02,27.45,30.47,71,ERDF_CONNECT,18495158.96,66.27,2024-08-09
2021,RO,SI40,DSL,74.33,36.89,41.88,7.2,22.82,24.98,12.36,29.12,63.47,78.75,150.18,41,RRF_BROADBAND,158846638.15,37.5,2024-05-09
2022,AT,FR3,DSL,71.05,52.33,42.3,11.07,46.35,19.39,6.85,29.66,60.84,19.66,407.1,38,CEF2_DIGITAL,229510537.11,76.34,2025-11-11
2023,CZ,SI9,DSL,83.85,31.86,40.55,5.27,35.39,32.64,45.93,32.7,59.58,34.88,51.84,49,NONE,18661404.08,76.7,2026-01-07
2024,DE,LU276,DSL,64.47,58.95,29.59,9.65,27.72,53.75,28.72,51.86,57.2,43.26,251.82,4,STATE_AID_GBER,29598338.08,31.41,2025-08-08
2025,LV,PT3,DSL,49.86,33.99,29.21,6.94,36.09,69.9,13.01,19.36,75.61,61.1,139.55,11,NATIONAL_RURAL_FIBER,170934714.75,78.64,2025-01-18
2026,PL,GR81,DSL,39.69,32.44,47.16,2.92,50.59,16.35,39.24,7.62,46.47,64.45,79.77,4,ERDF_CONNECT,44564294.43,79.66,2024-07-13
2014,ES,SK3,DSL,81.69,30.86,51.58,9.57,25.79,97.53,32.12,38.43,84.81,78.28,249.5,39,RRF_BROADBAND,199948210.32,78.49,2024-07-26
2015,HR,FR546,DSL,54.02,26.79,35.76,3.7,43.41,30.62,50.76,37.81,60.86,62.97,170.86,7,CEF2_DIGITAL,153403116.18,23.42,2024-11-30
2016,FI,LV504,DSL,43.47,30.31,37.69,3.65,39.32,19.12,19.1,13.81,58.12,34.82,116.46,16,NONE,122841322.7,74.42,2025-04-05
2017,IE,LT94,DSL,39.74,15.13,17.42,3.69,30.65,39.37,15.57,39.23,44.32,36.32,221.45,12,STATE_AID_GBER,63785375.85,67.63,2025-09-20
2018,MT,EE824,DSL,57.53,23.41,35.24,8.79,43.73,20.23,67.79,31.31,48.01,67.14,104.09,10,NATIONAL_RURAL_FIBER,338227593.07,25.73,2024-01-26
2019,SK,HU427,DSL,58.9,39.14,33.21,4.86,28.46,65.39,34.44,25.32,59.86,73.43,414.94,30,ERDF_CONNECT,32215558.41,26.02,2025-01-17
2020,BE,GR802,DSL,37.69,33.41,13.83,6.59,32.51,41.24,28.89,54.11,86.03,68.28,361.09,19,RRF_BROADBAND,31990170.23,67.95,2024-07-17
2021,DK,MT406,DSL,54.82,25.94,39.56,1.86,25.82,37.49,54.39,48.63,75.49,20.03,233.46,22,CEF2_DIGITAL,277016921.3,62.67,2025-06-18
2022,GR,CZ821,DSL,72.95,48.7,47.68,3.05,41.08,10.33,41.11,52.22,59.65,33.52,357.63,69,NONE,232946159.61,57.09,2024-05-10
2023,LT,BG29,DSL,41.52,18.99,40.36,11.58,54.87,86.92,41.9,48.95,60.09,36.77,94.24,51,STATE_AID_GBER,376483483.77,44.98,2025-09-10
2024,PT,EE16,DSL,54.96,28.89,26.72,5.87,36.79,69.2,10.35,51.36,67.3,28.16,205.62,13,NATIONAL_RURAL_FIBER,329183675.5,84.73,2024-07-21
2025,SE,MT122,DSL,41.12,35.77,31.11,11.39,39.38,29.12,51.43,26.87,50.93,65.12,401.29,19,ERDF_CONNECT,106941225.88,23.6,2025-11-18
2026,CY,AT30,DSL,40.92,18.79,21.23,4.37,36.33,22.51,31.27,14.38,56.26,20.58,399.88,23,RRF_BROADBAND,67302149.5,35.04,2024-02-03
2014,FR,LV4,DSL,46.54,26.41,10.2,1.79,38.75,75.35,21.81,9.72,90.4,27.18,404.83,20,CEF2_DIGITAL,192404082.07,81.91,2025-04-03
2015,IT,ES60,DSL,35.95,22.77,20.97,12.07,37.3,10.39,61.26,22.13,75.24,74.76,207.46,22,NONE,9958121.99,40.84,2026-01-25
2016,NL,CY23,DSL,49.26,28.37,51.63,7.82,22.68,39.31,9.89,46.12,41.78,66.74,353.33,25,STATE_AID_GBER,225009085.57,30.2,2025-05-08
2017,SI,FR497,DSL,39.07,26.76,43.25,7.61,18.13,41.29,20.55,38.93,58.52,69.94,352.61,22,NATIONAL_RURAL_FIBER,296687.87,25.85,2025-07-18
2018,BG,ES287,DSL,68.83,32.22,44.12,4.78,53.39,67.81,11.61,42.99,62.82,77.62,330.81,26,ERDF_CONNECT,86583282.68,83.04,2024-05-30
2019,EE,DK30,DSL,39.88,19.0,35.67,4.84,50.34,35.4,48.68,29.98,51.61,30.7,212.62,72,RRF_BROADBAND,54440345.56,37.67,2024-01-17
2020,HU,DE1,DSL,50.71,30.78,36.34,5.06,47.35,78.21,73.49,22.2,56.46,73.83,289.24,31,CEF2_DIGITAL,5672771.81,24.94,2024-02-20
2021,LU,EE25,DSL,57.33,50.81,23.66,11.33,51.82,89.55,30.76,40.13,95.44,57.51,389.81,23,NONE,116037701.08,47.65,2024-01-24
2022,RO,PT1,DSL,36.27,16.65,10.19,14.79,45.36,72.43,57.25,14.74,82.84,43.42,286.06,27,STATE_AID_GBER,98309269.97,20.59,2025-01-19
2023,AT,ES762,DSL,70.34,62.26,53.54,7.56,48.38,21.14,56.36,19.32,91.12,36.07,123.6,34,NATIONAL_RURAL_FIBER,156400743.58,40.02,2025-11-14
2024,CZ,IE3,DSL,71.77,35.46,38.95,11.46,51.93,25.23,56.16,51.54,96.67,82.39,142.85,34,ERDF_CONNECT,267518817.18,39.29,2024-11-01
2025,DE,SK97,DSL,47.04,42.39,17.52,8.7,42.76,40.14,65.63,42.93,42.62,20.93,157.85,32,RRF_BROADBAND,134184971.1,66.8,2026-01-14
2026,LV,PT17,DSL,81.48,58.55,24.77,8.71,24.07,96.75,41.66,19.48,63.22,20.49,246.7,36,CEF2_DIGITAL,198243520.24,35.19,2025-01-07
2014,PL,BE30,DSL,70.12,59.25,29.84,3.87,35.11,26.88,63.09,47.24,60.76,42.6,328.45,38,NONE,79255882.66,35.4,2024-05-02
2015,ES,LT6,DSL,37.7,23.73,33.01,7.15,33.24,63.07,51.38,11.37,57.21,36.11,264.43,32,STATE_AID_GBER,221147732.09,20.9,2025-11-07
2016,HR,CZ873,DSL,68.22,25.5,34.36,4.1,52.76,66.81,63.05,6.59,54.01,42.28,40.65,35,NATIONAL_RURAL_FIBER,38051047.83,57.86,2025-11-16
2017,FI,PL41,DSL,52.94,35.1,21.45,8.46,30.2,43.24,70.62,37.98,92.87,38.29,113.25,39,ERDF_CONNECT,15505596.52,64.76,2025-11-18
2018,IE,DK8,DSL,60.6,30.72,33.06,2.64,34.13,52.5,35.91,15.49,50.89,58.0,284.18,41,RRF_BROADBAND,121560810.14,43.91,2024-03-13
2019,MT,AT305,DSL,56.54,37.74,13.67,4.36,49.62,39.23,31.27,16.92,70.31,71.54,63.56,73,CEF2_DIGITAL,258627872.64,20.75,2026-01-06
2020,SK,BE44,DSL,53.68,27.09,15.42,3.58,35.31,74.76,29.79,25.24,44.07,80.41,180.31,42,NONE,227138996.59,84.55,2024-09-13
2021,BE,GR5,DSL,56.05,31.89,39.69,6.58,41.32,64.79,14.9,8.72,49.94,52.22,67.51,44,STATE_AID_GBER,254090513.28,64.1,2024-04-15
2022,DK,IE18,DSL,78.79,31.22,36.04,7.79,50.16,73.88,43.64,18.32,41.35,28.32,101.12,38,NATIONAL_RURAL_FIBER,25122531.8,22.98,2025-04-14
2023,GR,MT888,DSL,47.42,34.15,54.37,6.01,32.31,22.58,58.32,14.63,78.62,83.76,341.95,45,ERDF_CONNECT,305949867.62,45.61,2025-09-05
2024,LT,LU83,DSL,60.63,42.7,24.04,3.41,35.2,97.47,56.5,33.54,88.95,61.31,416.54,77,RRF_BROADBAND,209811337.13,60.88,2024-10-26
2025,PT,NL27,DSL,69.37,24.4,38.92,10.96,50.78,39.44,29.79,25.23,61.59,60.3,385.49,1,CEF2_DIGITAL,46632814.75,67.19,2026-01-30
2026,SE,CZ9,DSL,61.98,55.3,33.61,2.69,24.14,11.27,49.17,41.46,75.97,76.17,63.25,23,NONE,134458054.9,24.84,2024-03-18
2014,CY,BE335,DSL,81.65,69.61,26.88,1.85,47.74,97.64,33.29,26.95,78.51,32.66,378.75,7,STATE_AID_GBER,110585158.45,62.6,2024-07-11
2015,FR,ES100,DSL,45.59,41.41,11.81,14.53,46.64,97.1,34.07,6.16,76.19,61.33,327.18,12,NATIONAL_RURAL_FIBER,108773322.88,29.83,2026-02-13
2016,IT,AT1,DSL,50.09,23.03,52.46,5.89,28.66,49.38,41.05,42.38,85.18,41.49,170.77,7,ERDF_CONNECT,113669886.02,31.72,2025-03-25
2017,NL,MT9,DSL,67.99,35.52,50.41,10.83,28.73,96.7,7.24,34.03,69.87,31.38,52.25,12,RRF_BROADBAND,252086525.24,66.31,2025-09-14
2018,SI,CY379,DSL,46.69,26.48,17.47,1.66,51.66,77.38,52.12,30.91,75.51,60.7,412.01,13,CEF2_DIGITAL,186094268.25,57.84,2024-08-15
2019,BG,PT19,DSL,61.12,52.36,49.92,12.01,30.77,84.66,8.39,20.68,69.67,37.55,245.37,7,NONE,373137297.26,74.7,2025-09-17
2020,EE,ES5,DSL,66.78,52.32,45.76,6.47,28.72,19.48,66.11,52.47,47.68,49.38,391.59,16,STATE_AID_GBER,228873393.23,48.33,2025-03-06
2021,HU,RO848,DSL,63.74,41.09,19.75,9.09,36.9,18.52,60.05,25.1,86.9,24.47,307.97,25,NATIONAL_RURAL_FIBER,324640024.55,38.33,2024-05-10
2022,LU,BG645,DSL,45.76,29.79,15.33,14.35,20.87,84.58,18.44,12.22,97.63,74.71,193.3,21,ERDF_CONNECT,52250185.17,31.62,2025-07-28
2023,RO,CZ316,DSL,51.89,19.26,32.19,11.95,51.55,54.63,59.14,45.31,40.07,52.41,64.74,21,RRF_BROADBAND,82643306.91,78.5,2024-12-10
2024,AT,LV22,DSL,36.44,24.59,18.51,9.64,52.44,26.27,11.86,40.96,85.77,35.08,223.74,22,CEF2_DIGITAL,174069465.24,72.28,2025-02-10
2025,CZ,LU670,DSL,44.84,34.62,48.61,11.48,22.75,50.95,7.65,51.22,57.63,72.44,196.98,18,NONE,30244925.52,69.97,2025-03-09
2026,DE,LT8,DSL,58.39,37.59,25.65,13.1,19.5,96.44,19.8,41.58,55.56,81.21,359.02,25,STATE_AID_GBER,263549669.24,30.98,2026-01-11
2014,LV,HR957,DSL,84.6,37.85,29.43,11.21,31.05,34.07,21.01,10.75,50.28,24.04,351.1,69,NATIONAL_RURAL_FIBER,137171305.61,24.27,2024-01-29
2015,PL,SE1,DSL,83.86,71.79,24.58,6.49,32.41,18.39,20.72,34.17,65.16,62.3,287.34,25,ERDF_CONNECT,32868735.19,24.02,2025-10-29
2016,ES,RO668,DSL,83.76,36.1,11.76,8.38,36.51,32.52,6.95,25.85,94.16,75.76,16.55,18,RRF_BROADBAND,67603105.12,56.65,2024-11-03
2017,HR,HU588,DSL,41.32,15.39,16.11,12.56,29.88,32.79,61.47,18.49,82.26,29.03,302.59,27,CEF2_DIGITAL,151466272.57,22.02,2025-12-21
2018,FI,MT950,DSL,55.65,32.54,51.44,8.01,25.69,78.63,59.5,32.21,84.94,82.92,402.36,29,NONE,191269568.49,42.78,2024-05-22
2019,IE,RO240,DSL,78.61,54.89,24.34,13.37,47.35,97.5,10.25,54.84,55.73,48.51,360.66,30,STATE_AID_GBER,332236349.68,80.33,2025-11-05
2020,MT,PT819,DSL,35.81,22.16,36.62,3.32,33.52,20.18,61.28,13.29,74.26,77.82,312.05,24,NATIONAL_RURAL_FIBER,123417456.77,57.11,2024-03-28
2021,SK,BE648,DSL,47.25,36.73,23.48,7.02,39.11,22.22,22.46,7.15,82.09,46.16,234.35,30,ERDF_CONNECT,253446160.14,50.5,2024-08-16
2022,BE,HU43,DSL,54.49,19.86,28.06,3.63,46.38,71.78,74.67,36.34,95.94,21.64,174.17,26,RRF_BROADBAND,67308670.92,36.43,2025-02-12
2023,DK,MT8,DSL,83.45,64.45,52.59,3.41,18.67,38.05,46.83,18.54,87.65,59.58,108.57,39,CEF2_DIGITAL,241610545.72,54.96,2026-01-23
2024,GR,LU689,DSL,41.49,36.43,24.01,11.66,53.75,56.79,59.75,15.99,40.62,58.69,186.23,33,NONE,106003470.63,49.33,2025-03-27
2025,LT,LV402,DSL,41.16,30.93,26.27,11.73,34.61,53.28,28.48,18.12,66.14,71.46,417.15,28,STATE_AID_GBER,141728794.34,64.73,2025-02-05
2026,PT,SE866,DSL,36.95,13.19,35.58,8.54,37.3,68.48,26.57,27.58,89.99,33.49,14.98,37,NATIONAL_RURAL_FIBER,111522488.58,33.45,2026-02-17
2014,SE,FR25,DSL,59.07,25.52,41.61,2.72,28.98,31.7,27.16,29.0,41.28,45.74,407.23,36,ERDF_CONNECT,330331751.44,45.75,2025-12-14
2015,CY,FI96,DSL,48.5,29.49,50.59,6.2,51.99,53.22,67.94,13.95,60.39,20.62,114.59,34,RRF_BROADBAND,300884956.07,66.45,2025-08-11
2016,FR,MT166,DSL,74.61,44.79,20.78,9.88,26.13,95.93,26.94,15.32,62.21,32.28,353.11,37,CEF2_DIGITAL,282893981.86,78.65,2025-10-10
2017,IT,FR443,DSL,58.57,22.91,21.66,14.57,50.34,80.76,61.41,50.55,43.3,42.07,128.91,41,NONE,172634067.71,53.74,2024-04-23
2018,NL,NL89,DSL,82.18,74.72,49.27,12.46,21.22,75.33,39.13,16.13,69.55,74.96,328.77,32,STATE_AID_GBER,53190412.08,56.61,2025-06-04
2019,SI,SK545,DSL,65.96,28.23,18.38,6.22,29.19,28.15,13.41,37.76,82.91,65.17,214.49,36,NATIONAL_RURAL_FIBER,92997487.14,80.78,2025-03-30
2020,BG,GR17,DSL,37.29,24.34,52.32,14.13,31.54,84.98,9.37,15.87,94.21,47.53,21.8,46,ERDF_CONNECT,116222257.73,56.88,2024-04-25
2021,EE,IE38,DSL,71.93,55.97,54.34,12.02,30.16,90.9,68.84,12.33,74.15,53.39,13.1,71,RRF_BROADBAND,135881449.32,45.51,2024-11-06
2022,HU,LU638,DSL,44.4,33.2,54.08,3.09,35.58,50.53,57.0,48.6,76.02,29.67,356.17,36,CEF2_DIGITAL,101564346.82,56.6,2024-05-28
2023,LU,BE942,DSL,53.49,20.91,32.3,2.61,23.83,58.14,14.47,29.15,51.84,66.31,397.41,49,NONE,167836.72,78.05,2024-02-06
2024,RO,ES4,DSL,56.38,39.67,49.05,13.67,26.75,55.08,20.0,38.9,70.7,40.15,371.54,96,STATE_AID_GBER,197388187.59,68.95,2025-06-09
2025,AT,RO152,DSL,69.13,47.36,26.13,2.71,45.93,88.9,15.48,25.42,76.6,61.16,326.66,40,NATIONAL_RURAL_FIBER,260970774.17,58.01,2024-03-12
2026,CZ,PL27,DSL,48.86,43.89,30.65,12.79,31.21,68.7,69.96,33.02,97.72,36.76,30.39,11,ERDF_CONNECT,362829477.36,46.84,2024-02-10
2014,DE,IE580,DSL,64.2,25.51,17.9,12.1,43.47,20.77,11.32,37.7,64.16,79.16,143.97,26,RRF_BROADBAND,119435847.43,52.97,2024-08-02
2015,LV,DK5,DSL,42.34,18.85,18.13,13.01,31.71,89.75,26.21,14.51,96.42,60.58,392.65,4,CEF2_DIGITAL,314983733.25,22.93,2025-04-07
2016,PL,PL53,DSL,51.8,27.81,32.21,8.74,48.13,44.66,11.95,47.72,62.4,64.08,193.09,9,NONE,100955845.29,45.0,2025-07-24
2017,ES,MT369,DSL,83.25,38.91,19.6,13.66,46.9,80.16,18.35,41.75,81.58,34.29,85.75,30,STATE_AID_GBER,70840712.97,83.0,2024-07-23
2018,HR,FR888,DSL,38.22,17.95,21.64,10.76,30.63,76.59,39.21,44.37,41.98,28.5,167.19,9,NATIONAL_RURAL_FIBER,95222634.47,68.46,2024-06-08
2019,FI,PT34,DSL,61.73,22.35,27.55,7.17,25.65,91.08,61.14,53.72,92.46,27.61,208.63,33,ERDF_CONNECT,269774192.1,81.07,2024-12-24
2020,IE,SK244,DSL,46.21,41.94,28.27,9.07,20.46,28.68,73.94,30.35,42.39,38.59,283.08,8,RRF_BROADBAND,315448336.72,56.12,2024-03-06
2021,MT,SI561,DSL,71.22,44.84,18.7,10.84,27.69,44.6,64.0,48.98,40.44,43.75,245.54,27,CEF2_DIGITAL,183079604.42,49.72,2025-06-14
2022,SK,IE307,DSL,44.13,17.68,36.9,13.39,39.06,68.87,20.84,19.34,88.13,76.69,412.97,49,NONE,17280925.8,50.21,2024-02-04
2023,BE,RO56,DSL,61.95,46.33,14.81,12.87,41.65,81.24,32.81,19.81,61.83,61.87,155.3,67,STATE_AID_GBER,123811177.34,69.65,2024-04-10
2024,DK,LU13,DSL,83.72,62.19,46.25,11.63,42.9,15.72,6.34,21.88,95.15,34.83,81.55,15,NATIONAL_RURAL_FIBER,324656568.11,66.25,2025-02-24
2025,GR,RO26,DSL,56.43,22.9,19.36,3.15,43.75,18.35,15.69,54.28,91.34,19.77,412.01,15,ERDF_CONNECT,168705368.76,52.49,2025-11-30
2026,LT,IE996,DSL,74.64,55.86,23.06,9.49,41.38,92.08,30.18,34.98,50.56,49.24,256.23,13,RRF_BROADBAND,243507020.27,55.24,2024-11-02
2014,PT,HU80,DSL,76.58,62.96,12.5,14.31,45.87,10.91,23.37,21.21,44.67,68.27,307.38,17,CEF2_DIGITAL,34048892.66,42.71,2024-01-17
2015,SE,IE520,DSL,43.21,20.85,52.64,2.04,50.77,65.54,71.03,43.38,62.81,29.25,213.38,33,NONE,272249675.83,43.55,2025-08-18
2016,CY,AT5,DSL,59.94,44.18,35.39,10.61,31.32,81.46,62.06,9.74,50.58,38.09,169.69,57,STATE_AID_GBER,94733239.13,46.84,2025-10-08
2017,FR,BG211,DSL,41.21,27.26,13.34,9.97,40.59,95.27,29.96,27.69,71.08,56.69,307.03,17,NATIONAL_RURAL_FIBER,296041988.52,48.44,2025-06-14
2018,IT,LU89,DSL,45.04,34.29,46.3,14.46,44.98,78.48,70.11,52.32,40.14,32.96,121.34,25,ERDF_CONNECT,105234489.78,57.51,2025-01-23
2019,NL,RO790,DSL,48.13,43.25,30.9,5.32,40.71,92.92,38.73,8.25,64.78,51.18,325.54,74,RRF_BROADBAND,107485029.74,57.57,2024-03-02
2020,SI,CY6,DSL,45.02,28.85,49.78,3.02,25.81,14.64,65.19,27.98,63.41,24.92,270.95,24,CEF2_DIGITAL,197977737.65,54.93,2024-09-02
2021,BG,SI452,DSL,80.98,64.42,15.91,9.17,27.82,75.71,72.2,17.27,60.14,36.06,384.91,30,NONE,136473921.87,42.41,2024-05-22
2022,EE,FI78,DSL,81.44,45.74,24.65,9.67,25.29,46.36,46.19,7.47,55.7,51.37,393.36,30,STATE_AID_GBER,138136752.7,60.92,2026-02-08
2023,HU,SE31,DSL,71.39,37.72,35.81,4.87,43.08,47.58,5.6,16.47,62.23,60.18,196.47,23,NATIONAL_RURAL_FIBER,282812394.05,68.26,2025-08-17
2024,LU,IT414,DSL,41.39,18.59,50.61,14.94,44.72,92.07,67.95,49.99,42.0,33.3,306.39,32,ERDF_CONNECT,168144565.47,25.44,2025-06-23
2025,RO,FI6,DSL,54.46,20.85,51.83,14.37,35.28,89.25,20.15,42.46,58.73,56.41,298.38,27,RRF_BROADBAND,54714494.49,60.34,2025-12-14
2026,AT,GR84,DSL,64.73,23.67,23.1,14.02,47.99,85.17,17.39,23.65,89.75,84.55,383.53,31,CEF2_DIGITAL,380171007.43,80.81,2024-01-26
2014,CZ,RO729,DSL,54.86,20.69,44.95,9.73,52.83,13.24,29.91,6.97,95.91,63.49,145.08,36,NONE,54439877.07,33.69,2024-12-08
2015,DE,CY91,DSL,35.27,31.18,54.05,12.44,30.84,62.21,54.59,42.55,77.55,72.17,294.26,31,STATE_AID_GBER,175365755.08,27.04,2024-07-06
2016,LV,NL772,DSL,37.38,16.35,51.64,11.91,41.3,79.98,13.85,21.79,51.58,32.49,373.07,37,NATIONAL_RURAL_FIBER,134571305.81,30.29,2024-01-09
2017,PL,SE494,DSL,42.16,29.13,47.39,2.07,19.83,11.99,7.5,9.64,43.13,73.73,297.88,52,ERDF_CONNECT,317582589.53,20.86,2024-01-28
2018,ES,PL676,DSL,44.84,17.99,53.83,4.28,25.82,81.89,15.91,12.94,49.24,24.59,380.41,79,RRF_BROADBAND,20450787.59,23.67,2024-04-10
2019,HR,CY282,DSL,82.29,37.48,25.28,10.03,52.85,59.0,15.42,35.04,46.24,33.64,311.39,41,CEF2_DIGITAL,270422920.44,78.48,2025-08-22
2020,FI,CY1,DSL,68.26,41.61,20.88,12.12,32.35,51.63,27.86,18.31,88.86,31.51,306.12,38,NONE,318431142.83,47.27,2024-06-30
2021,IE,SK9,DSL,47.78,29.68,18.4,6.55,53.06,50.95,6.71,9.21,89.71,45.22,317.92,36,STATE_AID_GBER,107100916.41,51.42,2026-02-09
2022,MT,CZ893,DSL,42.65,19.62,49.94,4.32,27.28,50.67,35.97,17.93,94.42,37.59,392.05,40,NATIONAL_RURAL_FIBER,54998003.85,24.28,2025-06-11
2023,SK,NL83,DSL,38.65,32.47,29.17,5.32,44.69,64.72,23.03,54.43,46.14,60.63,12.19,39,ERDF_CONNECT,130271095.4,74.19,2026-02-04
2024,BE,IE311,DSL,44.89,28.38,37.15,8.81,48.51,59.83,47.45,42.95,40.68,68.69,388.45,38,RRF_BROADBAND,90476175.59,62.53,2024-06-03
2025,DK,BE39,DSL,51.86,29.34,35.84,11.12,39.89,14.64,50.59,10.68,92.17,46.88,121.16,49,CEF2_DIGITAL,119517028.5,71.02,2024-10-14
2026,GR,CY49,DSL,46.57,20.2,25.55,5.91,26.47,61.6,59.56,16.69,61.08,82.81,124.1,50,NONE,60203264.72,69.71,2024-07-31
2014,LT,AT879,DSL,82.09,62.31,46.3,14.51,49.54,63.85,59.94,23.55,61.79,81.38,308.48,47,STATE_AID_GBER,142060812.44,47.98,2025-11-08
2015,PT,PT263,DSL,47.45,40.45,36.57,13.38,36.0,14.31,66.65,11.0,70.66,43.27,388.76,4,NATIONAL_RURAL_FIBER,298336389.86,72.26,2025-08-15
2016,SE,DK2,DSL,60.23,42.06,15.28,5.2,25.68,44.13,57.87,44.66,61.97,66.22,304.28,28,ERDF_CONNECT,330235414.59,28.53,2024-09-02
2017,CY,IE2,DSL,60.99,37.45,44.94,1.84,20.29,74.39,66.68,16.28,83.35,39.89,67.18,5,RRF_BROADBAND,243988077.87,47.39,2025-02-08
2018,FR,PL488,DSL,56.73,46.66,13.84,10.8,26.86,67.3,21.63,10.37,62.57,37.47,23.61,5,CEF2_DIGITAL,104529050.46,49.4,2024-04-18
2019,IT,FI224,DSL,63.35,27.49,32.95,13.85,46.28,57.74,36.74,30.61,96.7,40.45,130.74,12,NONE,251451730.99,69.37,2025-09-05
2020,NL,LT313,DSL,84.17,52.83,54.26,12.45,46.58,67.39,62.92,13.3,81.88,40.1,150.48,9,STATE_AID_GBER,128769516.87,67.4,2025-03-12
2021,SI,MT790,DSL,48.25,20.59,41.79,1.58,53.14,79.61,66.06,36.54,53.38,45.88,295.04,46,NATIONAL_RURAL_FIBER,251081594.37,43.28,2025-04-07
2022,BG,PL2,DSL,75.02,51.41,36.36,11.35,37.2,50.71,54.14,9.92,50.18,61.11,399.51,9,ERDF_CONNECT,133024878.65,73.92,2025-02-13
2023,EE,SI32,DSL,57.02,32.43,35.76,4.42,26.16,17.75,26.66,10.14,41.79,57.89,94.02,9,RRF_BROADBAND,85531490.94,59.93,2025-12-27
2024,HU,DE35,DSL,35.05,12.28,47.69,4.45,43.65,36.69,55.3,16.54,43.16,47.6,242.02,22,CEF2_DIGITAL,10493628.87,41.85,2024-09-25
2025,LU,RO590,DSL,82.01,60.27,47.84,2.66,37.94,92.07,14.12,35.71,81.55,45.5,396.37,17,NONE,267265860.9,50.82,2024-01-16
2026,RO,IT42,DSL,40.11,20.23,17.13,14.96,36.82,82.47,6.23,21.01,68.13,80.92,320.78,16,STATE_AID_GBER,218605042.33,36.85,2024-02-25
2014,AT,IT54,DSL,82.28,38.96,30.14,10.65,19.56,51.15,34.18,39.42,44.33,50.86,402.68,20,NATIONAL_RURAL_FIBER,201333619.67,24.94,2026-01-29
2015,CZ,CZ394,DSL,42.31,24.04,28.33,12.01,24.38,23.86,41.68,20.96,58.71,22.59,113.75,20,ERDF_CONNECT,310466554.41,57.35,2025-08-30
2016,DE,EE81,DSL,62.39,22.38,52.35,12.76,43.53,72.91,54.42,16.36,81.72,53.77,256.42,16,RRF_BROADBAND,142424495.1,63.78,2026-02-22
2017,LV,LU42,DSL,56.65,24.46,26.43,9.72,19.77,85.86,58.67,20.04,97.32,77.02,107.59,26,CEF2_DIGITAL,161769195.55,79.21,2024-09-25
2018,PL,BE91,DSL,52.27,39.67,49.83,14.3,54.52,11.77,22.64,36.98,73.51,42.97,194.29,22,NONE,127010456.7,74.02,2024-12-14
2019,ES,ES303,DSL,79.7,44.16,26.88,12.61,22.73,33.29,39.51,49.89,96.34,73.17,45.16,25,STATE_AID_GBER,335706715.07,77.02,2025-04-22
2020,HR,SE892,DSL,52.12,23.45,53.43,8.56,29.27,96.97,23.87,26.1,92.0,76.3,55.76,20,NATIONAL_RURAL_FIBER,150332006.18,68.41,2025-12-31
2021,FI,FR603,DSL,83.31,32.8,39.61,14.25,33.2,38.02,68.98,16.42,47.16,42.63,276.84,29,ERDF_CONNECT,239828112.78,20.96,2025-02-26
2022,IE,DE4,DSL,51.36,35.47,15.55,11.9,41.23,52.78,21.83,38.54,54.06,74.98,348.54,54,RRF_BROADBAND,112367018.76,74.17,2025-03-19
2023,MT,HU84,DSL,68.13,48.09,50.95,13.97,39.73,63.46,65.95,38.19,66.63,73.18,364.29,28,CEF2_DIGITAL,82849003.76,38.93,2024-08-07
2024,SK,LV89,DSL,83.39,55.42,46.26,6.61,25.22,47.55,71.49,11.91,83.29,23.05,235.29,23,NONE,308128239.79,43.06,2024-07-28
2025,BE,PT228,DSL,83.28,45.62,37.01,6.83,23.74,84.66,46.64,34.33,64.51,41.21,221.72,24,STATE_AID_GBER,250050240.5,31.52,2025-08-25
2026,DK,DE47,DSL,74.73,64.25,27.05,8.81,24.46,54.02,74.81,13.96,83.0,37.96,349.38,32,NATIONAL_RURAL_FIBER,5353409.94,24.22,2024-10-09
2014,GR,LT26,DSL,44.19,25.83,36.57,2.64,18.01,23.17,8.71,50.53,52.64,47.93,325.01,29,ERDF_CONNECT,302714326.49,26.73,2024-04-26
2015,LT,GR37,DSL,81.8,66.81,23.38,7.25,31.98,37.85,59.58,46.86,41.46,71.85,275.4,30,RRF_BROADBAND,257766811.83,25.48,2025-04-29
2016,PT,FR2,DSL,51.64,18.99,14.92,7.44,45.37,58.83,70.43,7.98,68.52,23.46,305.27,40,CEF2_DIGITAL,176317518.69,39.89,2026-01-31
2017,SE,SI209,DSL,53.3,28.56,50.34,4.98,35.06,74.83,70.39,13.4,72.42,72.43,83.66,41,NONE,21813960.04,48.62,2025-06-08
2018,CY,DK98,DSL,57.49,39.76,34.55,9.99,35.46,87.42,19.02,51.5,89.67,20.36,417.64,41,STATE_AID_GBER,22938730.4,26.71,2025-11-24
2019,FR,NL704,DSL,66.46,41.69,39.39,3.64,34.86,41.94,9.94,13.91,81.05,67.67,132.05,32,NATIONAL_RURAL_FIBER,36797532.22,23.28,2025-05-03
2020,IT,CY93,DSL,76.72,52.37,47.34,10.52,49.24,51.11,64.95,31.77,65.56,22.93,85.77,33,ERDF_CONNECT,109570786.64,77.59,2024-06-15
2021,NL,HU100,DSL,81.34,34.37,23.32,6.09,34.65,92.7,29.74,31.58,61.81,60.05,86.22,59,RRF_BROADBAND,93382057.54,29.47,2024-10-23
2022,SI,CZ2,DSL,60.04,47.23,40.74,8.96,27.58,95.19,66.67,45.86,40.19,28.88,259.49,65,CEF2_DIGITAL,294915500.13,35.49,2026-01-28
2023,BG,PL261,DSL,40.74,31.8,11.23,3.8,29.15,26.58,5.23,22.57,69.71,29.68,23.05,44,NONE,205066880.33,79.1,2024-02-24
2024,EE,HR604,DSL,49.21,29.2,36.98,5.61,36.05,11.31,65.18,48.79,40.4,40.79,46.51,45,STATE_AID_GBER,126907591.24,67.51,2025-11-15
2025,HU,GR329,DSL,64.77,49.5,25.81,4.12,26.94,61.74,37.38,23.48,55.43,57.45,405.08,42,NATIONAL_RURAL_FIBER,72451838.12,41.84,2025-02-08
2026,LU,MT7,DSL,61.71,25.66,53.63,9.4,35.64,94.79,13.2,19.74,44.92,43.3,348.63,42,ERDF_CONNECT,259598168.49,40.05,2025-07-07
2014,RO,HR1,DSL,74.4,62.5,38.25,13.42,32.01,22.74,49.77,6.08,72.88,59.83,411.43,40,RRF_BROADBAND,39772288.99,71.33,2024-10-11
2015,AT,AT417,DSL,73.29,41.71,17.32,8.2,27.74,82.98,59.78,48.16,90.08,55.38,21.12,1,CEF2_DIGITAL,256652686.82,51.84,2025-11-11
2016,CZ,PL398,DSL,67.53,33.11,20.06,9.84,18.52,29.15,62.41,10.92,77.52,44.6,78.69,11,NONE,108338265.72,22.09,2025-06-02
2017,DE,NL202,DSL,38.0,33.28,51.0,2.12,47.88,78.03,11.76,10.67,41.03,41.05,103.33,8,STATE_AID_GBER,210825105.68,24.37,2026-02-22
2018,LV,HR184,DSL,38.14,15.55,45.67,13.05,37.58,46.49,42.61,33.24,65.05,35.36,295.8,60,NATIONAL_RURAL_FIBER,8429086.67,29.78,2025-09-30
2019,PL,PT655,DSL,74.09,56.59,50.75,3.93,41.64,54.3,47.79,33.14,78.37,27.41,278.4,13,ERDF_CONNECT,92113865.29,71.02,2025-09-01
2020,ES,IT966,DSL,41.6,19.93,14.48,13.76,21.92,11.93,59.75,46.66,72.94,21.39,357.99,8,RRF_BROADBAND,224555685.62,38.71,2025-01-13
2021,HR,LV3,DSL,48.22,31.12,12.07,9.17,20.2,64.63,64.7,35.56,55.09,72.61,285.65,24,CEF2_DIGITAL,123251842.61,31.21,2025-04-13
2022,FI,IT14,DSL,79.54,67.19,29.11,4.15,35.24,17.6,70.46,53.77,60.32,61.15,350.12,9,NONE,176028360.32,50.52,2025-12-20
2023,IE,SI60,DSL,36.36,24.63,43.33,12.91,48.9,13.04,63.4,45.61,75.08,33.04,215.42,18,STATE_AID_GBER,61048368.75,35.53,2026-02-07
2024,MT,DE33,DSL,47.55,37.96,53.21,3.0,42.86,61.47,58.23,16.3,96.89,33.94,384.63,55,NATIONAL_RURAL_FIBER,173045413.99,61.32,2024-06-09
2025,SK,LV12,DSL,71.8,54.27,24.78,7.27,34.57,62.58,7.61,47.66,95.0,33.0,407.73,11,ERDF_CONNECT,103106289.4,61.27,2024-12-01
2026,BE,GR15,DSL,60.66,44.54,30.76,10.87,40.41,72.79,41.42,47.33,69.28,32.41,29.61,21,RRF_BROADBAND,24304032.95,84.8,2024-02-25
2014,DK,MT768,DSL,62.05,41.96,40.14,4.44,36.33,60.16,64.68,25.64,56.76,20.41,140.38,21,CEF2_DIGITAL,84342449.91,23.26,2025-03-21
2015,GR,GR908,DSL,72.54,55.47,36.7,14.32,29.98,90.87,40.57,11.01,42.73,51.92,148.01,26,NONE,109348998.6,49.7,2024-10-28
2016,LT,SK29,DSL,62.79,53.42,37.96,10.14,24.15,82.31,48.7,21.28,85.77,32.15,364.14,14,STATE_AID_GBER,17748349.35,23.29,2024-10-22
2017,PT,AT732,DSL,65.62,24.54,53.44,4.38,51.94,14.4,56.66,51.72,86.95,58.48,193.6,17,NATIONAL_RURAL_FIBER,28179945.07,80.7,2024-10-01
2018,SE,DK788,DSL,73.2,48.8,47.71,5.81,50.19,62.75,60.52,43.14,66.9,42.07,144.16,24,ERDF_CONNECT,218767369.0,50.6,2024-05-11
2019,CY,BG9,DSL,35.05,31.2,26.76,10.64,52.45,30.56,38.75,35.03,48.32,70.15,405.89,26,RRF_BROADBAND,101229148.95,40.25,2024-05-29
2020,FR,LV640,DSL,64.34,48.51,15.86,10.61,19.7,96.21,9.21,30.92,92.65,50.86,201.32,40,CEF2_DIGITAL,372604945.71,80.05,2025-08-29
2021,IT,AT7,DSL,64.72,42.29,43.07,3.48,30.14,73.66,63.02,47.83,57.36,75.72,177.7,23,NONE,180355434.55,61.57,2025-10-02
2022,NL,PT44,DSL,70.44,43.97,20.68,7.1,27.97,10.91,50.84,25.07,63.7,84.74,340.15,57,STATE_AID_GBER,346460834.22,49.73,2024-02-07
2023,SI,HR819,DSL,81.95,65.69,15.34,7.0,42.5,15.98,40.04,44.12,84.54,75.04,365.55,24,NATIONAL_RURAL_FIBER,124756988.74,71.13,2024-01-02
2024,BG,LU7,DSL,70.75,49.61,20.62,14.12,28.85,79.75,17.92,18.15,43.54,73.0,342.4,28,ERDF_CONNECT,58237647.28,55.58,2025-11-06
2025,EE,PT862,DSL,83.31,48.26,17.51,11.73,48.26,32.06,7.98,54.4,76.33,75.63,38.21,23,RRF_BROADBAND,77381925.12,64.47,2025-01-19
2026,HU,RO60,DSL,37.78,20.14,27.9,1.84,22.56,21.19,24.55,12.65,94.02,45.18,352.95,75,CEF2_DIGITAL,122337611.09,29.76,2024-12-15
2014,LU,SE65,DSL,55.66,46.56,20.94,6.34,41.35,54.11,8.79,15.88,59.39,33.09,302.96,33,NONE,129514431.61,81.65,2024-12-04
2015,RO,SE79,DSL,74.14,67.72,10.19,12.85,22.89,38.64,17.68,34.83,56.96,75.83,78.83,26,STATE_AID_GBER,25947575.05,79.35,2025-06-28
2016,AT,CY956,DSL,59.1,51.94,51.53,14.17,27.61,21.34,29.61,11.16,70.24,50.42,187.59,29,NATIONAL_RURAL_FIBER,299802257.54,72.24,2026-02-18
2017,CZ,IT49,DSL,52.76,32.95,37.22,9.97,39.39,14.91,48.92,20.15,41.74,46.17,405.84,31,ERDF_CONNECT,174212258.01,22.3,2026-01-30
2018,DE,FI1,DSL,68.83,38.74,36.58,4.58,30.6,95.81,27.38,40.55,48.68,29.35,151.48,38,RRF_BROADBAND,227652876.07,36.68,2024-09-25
2019,LV,PL51,DSL,59.77,24.28,36.16,1.83,51.27,55.08,68.82,21.48,50.98,22.36,253.54,35,CEF2_DIGITAL,170021927.4,68.78,2024-08-23
2020,PL,RO797,DSL,84.02,55.19,42.68,12.32,50.55,20.84,64.68,31.76,50.32,32.1,394.13,68,NONE,199730083.28,22.66,2026-02-19
2021,ES,FR9,DSL,59.16,38.52,33.17,14.2,30.39,67.09,58.21,13.14,52.0,72.83,396.47,39,STATE_AID_GBER,25254483.0,25.27,2024-08-19
2022,HR,SE2,DSL,55.7,45.3,27.85,5.5,44.82,72.75,13.06,26.96,78.0,75.35,285.63,67,NATIONAL_RURAL_FIBER,32231492.04,80.98,2025-02-02
2023,FI,NL97,DSL,49.48,42.87,49.9,9.71,42.99,17.65,61.15,24.38,58.42,52.28,389.82,42,ERDF_CONNECT,32798991.94,76.68,2024-06-21
2024,IE,HR304,DSL,47.41,30.04,48.91,12.09,25.56,44.69,9.05,38.94,73.56,28.7,416.46,40,RRF_BROADBAND,41358592.54,26.02,2024-10-26
2025,MT,EE994,DSL,82.18,68.43,43.49,6.39,35.31,57.65,7.43,35.59,46.36,29.81,353.9,38,CEF2_DIGITAL,124890740.37,28.66,2025-09-01
2026,SK,PL23,DSL,35.59,17.92,46.83,6.13,29.91,58.69,49.21,40.08,50.26,33.19,18.05,37,NONE,306153796.86,81.39,2025-03-15
2014,BE,PT518,DSL,67.64,47.34,45.99,2.31,37.77,42.16,6.12,43.52,71.19,37.77,130.33,43,STATE_AID_GBER,199553956.28,35.55,2025-12-12
2015,DK,LT499,DSL,47.96,30.94,28.0,6.67,32.93,50.86,24.59,49.27,91.67,84.39,220.42,45,NATIONAL_RURAL_FIBER,294830430.07,22.7,2024-01-30
2016,GR,RO147,DSL,35.74,31.67,36.03,8.92,32.85,94.34,25.9,15.77,82.56,59.65,180.38,1,ERDF_CONNECT,83738807.29,44.15,2024-09-24
2017,LT,FI2,DSL,52.87,34.86,28.98,12.41,49.27,19.11,74.72,15.94,44.31,47.99,117.93,11,RRF_BROADBAND,9616041.94,23.69,2024-01-29
2018,PT,DE72,DSL,43.06,26.06,28.38,6.01,40.43,45.17,41.11,8.34,49.83,46.56,407.65,3,CEF2_DIGITAL,127378202.5,48.75,2024-07-06
2019,SE,EE20,DSL,60.75,45.77,34.65,9.37,52.33,47.81,9.15,54.87,66.28,57.43,151.61,11,NONE,150864069.76,79.39,2025-08-28
2020,CY,SK814,DSL,43.37,35.03,46.96,12.38,51.21,79.64,54.92,38.23,66.22,26.27,225.31,8,STATE_AID_GBER,414454347.73,64.97,2024-06-20
2021,FR,LT66,DSL,80.71,30.27,25.8,10.88,33.2,10.08,11.57,33.92,62.86,66.01,298.62,10,NATIONAL_RURAL_FIBER,339479951.28,45.97,2025-09-09
2022,IT,SI449,DSL,42.83,32.87,40.48,12.38,18.03,54.15,55.41,45.5,75.02,22.95,206.97,18,ERDF_CONNECT,134558085.61,52.92,2024-10-03
2023,NL,PL7,DSL,64.87,25.69,35.12,2.66,44.26,39.68,10.28,22.22,47.12,37.86,399.95,9,RRF_BROADBAND,191968950.68,38.01,2025-03-05
2024,SI,CY372,DSL,47.13,39.84,38.81,8.62,29.32,72.71,30.81,38.88,78.24,83.77,314.53,49,CEF2_DIGITAL,21323071.11,29.68,2024-10-25
2025,BG,BG539,DSL,68.87,61.66,10.3,4.13,47.73,52.86,68.83,19.74,63.88,68.37,156.35,41,NONE,109752338.26,73.63,2024-06-04
2026,EE,NL3,DSL,71.05,31.09,22.14,8.03,41.22,85.2,72.96,44.58,52.79,80.35,281.49,39,STATE_AID_GBER,66078499.21,63.52,2025-02-09
2014,HU,PT669,DSL,76.78,67.7,49.93,7.43,52.8,83.31,62.51,6.63,50.22,72.26,69.46,50,NATIONAL_RURAL_FIBER,192344757.93,62.28,2026-02-03
2015,LU,DK160,DSL,37.69,31.99,21.88,7.65,31.31,49.54,65.67,13.06,75.62,60.24,86.97,16,ERDF_CONNECT,54319370.71,50.88,2025-10-03
2016,RO,FR434,DSL,77.79,34.19,34.26,14.07,27.43,79.51,64.48,46.04,41.39,53.41,142.33,42,RRF_BROADBAND,99575788.33,54.01,2024-02-14
2017,AT,ES35,DSL,83.82,73.51,52.41,4.02,19.08,93.29,56.65,9.95,61.54,26.08,201.51,38,CEF2_DIGITAL,236779625.06,59.04,2024-03-31
2018,CZ,BE959,DSL,74.88,34.77,47.66,2.86,20.12,14.94,34.1,50.81,89.2,33.3,391.64,16,NONE,178972150.26,60.49,2025-08-18
2019,DE,FI514,DSL,65.1,56.75,52.95,8.24,19.71,86.59,37.11,6.93,90.95,38.82,324.76,17,STATE_AID_GBER,158042592.96,34.41,2024-05-29
2020,LV,SE257,DSL,44.82,39.85,34.15,14.81,41.51,54.08,70.25,27.45,80.5,27.13,395.71,23,NATIONAL_RURAL_FIBER,312332220.99,79.3,2024-11-10
2021,PL,SE9,DSL,77.75,30.4,46.2,11.35,29.42,21.38,32.57,32.33,56.66,78.14,316.19,55,ERDF_CONNECT,80251950.63,72.82,2025-12-03
2022,ES,RO6,DSL,75.19,68.97,31.85,8.34,25.69,52.18,71.5,8.24,68.22,39.17,271.75,24,RRF_BROADBAND,21744348.55,60.31,2025-11-19
2023,HR,EE43,DSL,60.09,46.9,48.21,11.31,53.69,31.37,59.87,50.04,83.68,26.37,399.25,29,CEF2_DIGITAL,120529301.02,21.1,2025-04-22
2024,FI,SE940,DSL,46.43,40.4,27.46,6.76,27.21,21.09,38.49,50.37,65.6,23.78,199.78,28,NONE,49067186.42,30.78,2025-05-15
2025,IE,NL72,DSL,68.33,25.78,22.78,8.74,19.99,83.09,69.63,10.93,97.28,54.22,264.92,62,STATE_AID_GBER,56344675.16,55.35,2025-01-06
2026,MT,BE16,DSL,48.33,31.95,39.93,11.47,51.17,45.28,60.29,48.26,59.87,41.32,380.67,30,NATIONAL_RURAL_FIBER,302251799.5,20.47,2025-09-12
2014,SK,BE90,DSL,45.08,22.28,35.57,1.71,44.44,26.1,20.77,48.53,75.94,60.58,179.78,35,ERDF_CONNECT,120321922.85,39.69,2024-09-13
2015,BE,LU661,DSL,84.64,76.94,53.38,4.08,22.62,87.89,64.36,24.42,63.96,44.74,317.4,35,RRF_BROADBAND,296281249.41,24.45,2026-01-20
2016,DK,PT49,DSL,69.1,60.5,52.72,10.72,26.73,17.03,28.14,43.19,86.55,72.74,366.38,35,CEF2_DIGITAL,326312398.47,54.21,2025-06-22
2017,GR,LV442,DSL,81.29,51.05,12.33,12.03,36.48,44.7,48.58,16.69,49.64,28.02,126.27,37,NONE,109525778.8,64.34,2025-07-03
2018,LT,AT613,DSL,74.66,34.01,50.03,13.65,32.72,27.69,39.95,26.01,42.69,50.36,369.06,38,STATE_AID_GBER,1615026.47,42.99,2024-11-22
2019,PT,ES15,DSL,42.2,34.45,31.54,12.11,47.61,91.59,43.37,40.3,62.25,68.66,300.53,31,NATIONAL_RURAL_FIBER,241604822.97,52.2,2024-11-18
2020,SE,MT13,DSL,56.93,23.25,12.85,11.79,53.3,92.08,65.07,53.46,49.08,69.38,162.26,84,ERDF_CONNECT,66405937.77,65.79,2025-07-06
2021,CY,SE14,DSL,65.42,49.41,38.68,12.3,35.58,72.83,14.93,28.98,45.05,32.28,98.9,37,RRF_BROADBAND,29519632.6,56.51,2024-03-06
2022,FR,CY5,DSL,36.88,20.11,47.82,5.0,25.27,41.31,25.24,50.67,68.62,82.47,25.91,38,CEF2_DIGITAL,78932673.12,76.24,2024-03-08
2023,IT,AT3,DSL,71.49,45.96,29.69,2.76,22.98,64.09,31.1,47.12,81.25,72.95,28.56,43,NONE,25657878.76,54.38,2025-04-24
2024,NL,AT943,DSL,73.61,57.01,48.25,7.68,21.89,89.45,48.35,8.63,73.44,39.39,365.89,41,STATE_AID_GBER,167229928.17,38.14,2024-02-01
2025,SI,DK56,DSL,64.46,41.09,49.91,11.87,49.08,20.8,6.15,18.26,59.68,32.22,392.24,46,NATIONAL_RURAL_FIBER,120841501.87,44.92,2025-10-05
2026,BG,BG48,DSL,50.8,34.43,29.63,13.56,31.14,30.45,35.12,31.1,64.66,73.92,189.12,40,ERDF_CONNECT,135133615.35,44.33,2024-10-23
2014,EE,HR320,DSL,78.6,52.04,33.35,3.91,40.7,85.97,22.65,44.73,47.82,33.83,158.92,49,RRF_BROADBAND,280308500.56,64.53,2025-10-16
2015,HU,HR12,DSL,68.5,33.09,16.07,8.2,24.85,32.61,73.32,11.49,88.73,48.52,199.12,46,CEF2_DIGITAL,294049805.81,81.98,2025-05-03
2016,LU,BE181,DSL,66.27,50.3,21.44,9.08,23.47,35.29,39.16,42.74,66.46,26.62,150.39,50,NONE,57150875.01,41.36,2025-02-03
2017,RO,SK205,DSL,66.96,27.24,25.43,5.95,33.2,51.53,70.55,42.94,65.36,34.87,321.42,9,STATE_AID_GBER,43747744.53,83.28,2024-04-08
2018,AT,SK13,DSL,54.12,37.85,17.36,7.79,50.4,40.25,73.29,52.31,78.78,19.15,104.46,10,NATIONAL_RURAL_FIBER,117125573.79,72.31,2026-01-27
2019,CZ,PT36,DSL,74.51,33.48,46.34,12.8,44.07,70.13,29.4,33.05,41.63,72.81,32.73,6,ERDF_CONNECT,240898871.02,49.02,2026-02-06
2020,DE,AT16,DSL,36.24,31.19,18.26,2.77,54.73,11.91,62.55,10.91,57.85,82.39,308.24,15,RRF_BROADBAND,29466140.51,65.95,2025-07-16
2021,LV,FI62,DSL,48.12,24.36,41.56,10.21,52.97,88.98,41.89,12.48,64.88,72.76,95.75,7,CEF2_DIGITAL,41190191.87,72.48,2025-09-14
2022,PL,RO8,DSL,81.48,34.83,12.21,4.29,46.88,17.12,43.53,22.15,91.48,48.52,46.03,9,NONE,56596846.17,71.1,2024-10-28
2023,ES,CZ39,DSL,50.31,39.73,27.52,7.08,32.39,81.14,42.2,33.41,54.29,62.74,327.96,17,STATE_AID_GBER,287249160.97,59.06,2024-11-16
2024,HR,HR889,DSL,83.36,65.14,25.06,2.14,35.31,22.9,11.82,32.96,49.14,63.11,51.63,16,NATIONAL_RURAL_FIBER,201387266.47,83.47,2024-07-16
2025,FI,AT79,DSL,82.02,67.74,27.75,13.22,43.04,58.64,61.96,8.02,62.14,29.77,87.9,13,ERDF_CONNECT,156911254.91,64.25,2025-08-17
2026,IE,FR63,DSL,48.87,37.74,53.31,7.43,34.84,79.05,29.41,38.1,94.51,77.31,117.55,10,RRF_BROADBAND,171390551.11,30.46,2025-10-01
2014,MT,CZ8,DSL,48.92,18.52,44.48,2.28,48.93,75.66,26.27,43.41,70.3,79.67,137.54,16,CEF2_DIGITAL,222191772.99,49.28,2025-06-04
2015,SK,IT417,DSL,70.22,39.93,51.99,1.6,22.91,48.84,7.55,42.48,53.81,68.26,320.7,22,NONE,210262623.31,50.82,2026-01-15
2016,BE,IT39,DSL,77.34,40.99,27.31,2.16,20.21,63.91,46.21,20.05,94.31,66.32,315.99,25,STATE_AID_GBER,218744648.59,26.97,2026-02-17
2017,DK,IT125,DSL,71.42,35.53,31.72,8.4,19.32,24.64,48.03,16.41,80.66,33.76,121.14,19,NATIONAL_RURAL_FIBER,26473775.69,36.94,2025-03-20
2018,GR,FI75,DSL,57.77,26.81,28.63,12.57,47.64,22.94,72.3,9.88,71.18,18.45,132.67,18,ERDF_CONNECT,216407062.32,40.85,2026-01-16
2019,LT,SI8,DSL,52.46,27.33,42.09,13.86,22.82,41.92,64.39,32.36,86.0,82.04,219.33,31,RRF_BROADBAND,105893498.18,50.34,2024-12-16
2020,PT,SK41,DSL,61.59,30.5,45.01,10.84,45.69,62.35,39.73,36.47,87.59,81.96,167.24,25,CEF2_DIGITAL,129026329.95,31.09,2025-04-21
2021,SE,AT24,DSL,59.83,34.01,24.67,13.45,32.56,66.56,49.92,13.0,67.69,27.21,317.15,17,NONE,151891550.59,22.21,2024-08-02
2022,CY,ES82,DSL,55.9,48.41,11.38,6.75,33.34,79.23,26.95,29.75,56.78,18.2,249.71,24,STATE_AID_GBER,20263483.97,74.33,2024-07-30
2023,FR,CY558,DSL,43.68,25.07,38.72,6.43,18.75,20.68,32.33,49.06,64.6,44.7,156.38,19,NATIONAL_RURAL_FIBER,153669672.35,79.85,2024-08-27
2024,IT,FI808,DSL,42.45,29.68,27.21,6.51,51.1,45.88,63.87,27.78,84.11,38.91,363.72,74,ERDF_CONNECT,50772873.29,46.36,2025-03-27
2025,NL,AT270,DSL,83.47,70.13,40.23,4.31,19.09,74.27,62.74,13.76,47.4,36.98,198.64,23,RRF_BROADBAND,164504229.9,59.8,2025-01-03
2026,SI,SE8,DSL,74.54,44.51,25.6,14.39,30.78,24.59,36.44,31.58,66.23,42.86,11.73,27,CEF2_DIGITAL,301479703.15,44.76,2024-10-27
2014,BG,FR90,DSL,83.24,30.05,12.31,2.79,50.49,35.13,11.88,8.07,93.66,60.93,287.88,34,NONE,291489940.74,26.37,2025-11-12
2015,EE,EE6,DSL,60.12,43.6,47.21,9.13,25.24,12.2,48.97,43.96,94.42,56.02,21.64,24,STATE_AID_GBER,51133154.63,76.44,2026-01-01
2016,HU,AT88,DSL,37.64,33.46,29.11,5.0,18.04,45.81,50.12,45.79,79.51,67.79,101.19,67,NATIONAL_RURAL_FIBER,6633345.29,37.81,2024-05-17
2017,LU,BG811,DSL,77.54,42.4,27.57,2.92,22.95,21.18,52.21,53.04,92.38,44.53,28.63,49,ERDF_CONNECT,182831894.01,82.6,2025-06-23
2018,RO,CZ4,DSL,79.15,67.21,26.84,6.52,37.86,10.55,29.63,33.17,92.26,60.13,103.97,49,RRF_BROADBAND,114000200.92,66.08,2024-06-28
2019,AT,PL932,DSL,44.31,30.52,38.6,13.24,40.01,44.03,72.98,35.69,78.57,33.68,246.56,41,CEF2_DIGITAL,36125060.76,78.7,2024-01-15
2020,CZ,LU6,DSL,41.15,17.46,30.12,2.72,28.86,61.34,9.56,35.29,96.02,28.54,407.23,32,NONE,206860165.83,79.24,2026-02-24
2021,DE,FR85,DSL,41.15,23.27,41.72,5.5,54.72,86.64,45.24,27.77,92.17,77.5,134.14,37,STATE_AID_GBER,6697210.33,26.52,2024-05-05
2022,LV,BE86,DSL,76.61,29.6,11.77,10.52,30.95,13.19,53.84,27.15,80.61,58.29,143.34,59,NATIONAL_RURAL_FIBER,264249681.97,59.28,2024-02-18
2023,PL,AT40,DSL,51.51,20.51,19.54,12.93,40.14,15.79,49.5,46.67,58.08,40.96,12.15,38,ERDF_CONNECT,92525471.4,71.14,2025-01-18
2024,ES,SK7,DSL,35.96,19.35,43.28,12.69,48.41,73.86,12.69,38.56,77.3,18.79,175.67,37,RRF_BROADBAND,30953852.98,51.32,2024-02-08
2025,HR,NL9,DSL,42.54,38.69,10.45,2.11,25.68,25.43,45.99,39.21,89.91,54.77,377.0,34,CEF2_DIGITAL,279343957.53,26.35,2025-08-30
2026,FI,FI90,DSL,72.48,57.42,28.7,6.75,41.87,77.9,69.56,12.09,85.0,18.3,58.94,37,NONE,88198285.59,74.89,2025-05-01
2014,IE,SI6,DSL,82.92,72.1,16.04,3.25,31.51,94.33,61.12,47.38,95.84,47.25,57.35,42,STATE_AID_GBER,94792814.27,56.79,2024-12-04
2015,MT,ES186,DSL,39.8,20.71,46.46,9.02,20.99,57.8,39.95,50.84,47.82,62.71,386.38,75,NATIONAL_RURAL_FIBER,14970067.17,75.41,2024-05-25
2016,SK,GR55,DSL,77.92,67.63,49.47,8.99,25.23,47.65,54.5,45.23,42.35,19.6,205.73,48,ERDF_CONNECT,131435066.63,64.55,2025-12-02
2017,BE,AT521,DSL,75.37,26.52,46.8,1.83,51.37,35.72,11.73,18.09,91.64,78.98,377.54,46,RRF_BROADBAND,116998739.71,35.25,2025-01-13
2018,DK,SK34,DSL,41.03,34.78,37.48,7.18,44.86,75.01,36.5,25.48,87.61,78.64,231.74,10,CEF2_DIGITAL,8787861.85,61.75,2025-11-23
2019,GR,NL390,DSL,77.46,30.84,19.31,6.47,37.81,46.67,58.38,26.4,51.12,62.59,381.31,33,NONE,218983556.22,27.87,2026-02-21
2020,LT,LV200,DSL,51.36,25.83,49.3,3.82,29.67,30.85,65.38,7.11,83.25,39.87,241.66,6,STATE_AID_GBER,7192838.93,72.76,2025-11-29
2021,PT,SI3,DSL,46.15,22.0,35.97,6.84,28.3,26.51,67.56,29.58,46.24,56.65,363.84,8,NATIONAL_RURAL_FIBER,126145488.92,46.02,2025-04-16
2022,SE,HR54,DSL,84.33,54.51,43.6,3.93,37.18,91.07,64.7,35.42,57.82,23.12,76.62,13,ERDF_CONNECT,161618434.09,35.83,2025-04-24
2023,CY,ES39,DSL,47.82,23.24,12.81,2.72,53.97,46.2,58.92,36.3,47.56,25.56,46.15,13,RRF_BROADBAND,88812585.5,46.67,2024-03-26
2024,FR,HU77,DSL,81.78,56.93,12.67,12.3,20.62,68.83,39.29,45.34,83.71,56.35,243.47,10,CEF2_DIGITAL,214878282.46,51.52,2025-07-10
2025,IT,LT92,DSL,81.58,74.33,12.72,5.18,33.34,53.01,70.52,29.31,76.27,23.5,19.95,12,NONE,130922555.09,39.5,2026-02-16
2026,NL,PL790,DSL,65.52,44.17,43.69,2.62,39.66,77.61,47.02,19.14,79.45,38.02,276.05,11,STATE_AID_GBER,8840244.18,23.81,2024-05-03
2014,SI,IT7,DSL,69.13,33.55,51.29,10.16,50.29,40.51,24.67,42.63,90.16,42.0,383.13,24,NATIONAL_RURAL_FIBER,173471002.12,70.08,2025-11-28
2015,BG,BG788,DSL,43.33,25.58,19.31,2.01,48.62,77.18,61.16,39.43,94.58,38.45,78.47,22,ERDF_CONNECT,28144033.61,41.98,2025-09-04
2016,EE,NL96,DSL,71.46,39.59,27.44,10.69,31.94,79.07,68.77,31.25,93.17,43.01,306.68,20,RRF_BROADBAND,249759597.38,53.67,2025-06-03
2017,HU,DK7,DSL,38.57,31.97,50.99,2.91,44.75,42.69,11.5,32.06,52.86,68.87,181.9,18,CEF2_DIGITAL,263827711.32,71.48,2024-01-28
2018,LU,BG67,DSL,56.35,26.7,17.39,3.8,32.59,89.65,21.74,46.87,74.59,83.99,153.45,73,NONE,350370295.7,63.7,2024-04-06
2019,RO,EE226,DSL,58.81,34.07,47.22,3.0,36.54,55.73,57.75,33.42,82.84,38.57,25.41,62,STATE_AID_GBER,103806994.13,44.22,2025-03-11
2020,AT,CZ721,DSL,55.44,35.54,17.69,7.85,35.47,19.46,74.76,7.85,55.44,70.86,205.8,48,NATIONAL_RURAL_FIBER,190186515.48,33.48,2025-01-04
2021,CZ,DE24,DSL,80.43,68.07,43.03,2.34,49.81,52.83,24.12,15.38,93.99,36.96,373.23,24,ERDF_CONNECT,246138804.83,58.12,2024-04-10
2022,DE,CY593,DSL,77.72,30.56,45.98,4.17,50.63,47.43,53.57,29.61,89.02,75.28,196.94,21,RRF_BROADBAND,376008948.1,39.35,2026-01-12
2023,LV,BG132,DSL,67.88,25.51,19.79,8.6,29.7,41.25,72.19,44.21,45.44,22.04,380.05,63,CEF2_DIGITAL,255848480.64,25.47,2024-02-05
2024,PL,IE433,DSL,72.11,63.45,25.47,5.94,47.75,66.3,68.81,24.71,57.45,71.11,128.95,24,NONE,249874849.19,37.34,2025-10-08
2025,ES,NL23,DSL,76.7,27.09,15.16,8.43,44.03,42.05,23.04,21.87,74.7,57.34,362.48,21,STATE_AID_GBER,177030816.12,41.53,2024-02-15
2026,HR,BE911,DSL,67.3,61.19,37.54,7.48,21.63,25.47,63.46,16.98,94.26,37.68,376.31,32,NATIONAL_RURAL_FIBER,114549773.23,47.08,2024-03-12
2014,FI,FI390,DSL,57.2,33.19,20.23,11.77,48.07,37.89,54.45,33.38,78.22,30.93,139.45,47,ERDF_CONNECT,85061680.21,33.52,2025-07-30
2015,IE,SI33,DSL,53.99,39.3,12.13,2.59,41.86,71.56,15.06,9.36,88.55,83.25,162.31,32,RRF_BROADBAND,39791154.15,28.29,2024-05-26
2016,MT,DK45,DSL,74.0,65.87,11.63,2.19,37.01,96.71,49.88,40.84,69.27,18.88,153.97,26,CEF2_DIGITAL,103097011.01,27.57,2025-11-19
2017,SK,LU3,DSL,67.87,33.0,19.97,3.08,37.38,81.33,58.32,47.03,81.53,30.74,156.03,30,NONE,201169252.84,22.34,2025-09-23
2018,BE,GR19,DSL,64.9,43.54,13.89,12.11,47.25,34.69,17.91,20.22,92.94,44.59,80.36,32,STATE_AID_GBER,85374264.0,36.63,2024-05-25
2019,DK,PL90,DSL,43.27,22.87,37.44,14.26,49.25,88.56,58.41,9.87,47.85,18.26,36.35,37,NATIONAL_RURAL_FIBER,198909564.16,24.55,2024-07-17
2020,GR,BG51,DSL,63.55,50.42,25.12,5.31,54.24,76.18,59.08,27.95,54.53,35.06,195.0,56,ERDF_CONNECT,231146461.83,23.5,2024-08-06
2021,LT,PL93,DSL,37.36,18.11,30.61,9.3,25.0,32.57,57.21,40.78,44.96,68.72,285.01,32,RRF_BROADBAND,37482657.74,47.5,2024-08-01
2022,PT,EE95,DSL,53.27,45.67,20.4,10.91,49.69,88.95,43.84,9.54,67.24,36.67,343.96,70,CEF2_DIGITAL,78975053.29,81.27,2024-01-15
2023,SE,RO473,DSL,72.99,59.18,46.2,11.82,36.72,31.81,60.51,50.56,68.73,51.77,192.81,41,NONE,269457443.59,77.0,2025-05-15
2024,CY,LV390,DSL,74.14,29.3,45.72,3.47,30.25,28.12,19.07,27.61,58.44,21.46,320.18,38,STATE_AID_GBER,323800174.35,78.8,2026-02-19
2025,FR,PT431,DSL,75.52,35.74,34.54,8.43,39.71,55.43,16.88,32.32,94.89,43.26,178.07,45,NATIONAL_RURAL_FIBER,190682168.95,31.61,2025-12-29
2026,IT,PT123,DSL,51.05,31.25,54.61,2.83,49.95,97.35,8.65,42.02,61.29,69.38,74.29,94,ERDF_CONNECT,105261815.36,75.25,2025-08-09
2014,NL,SE761,DSL,76.32,61.91,54.4,2.3,29.52,23.58,50.27,47.57,91.78,34.72,325.44,39,RRF_BROADBAND,204778922.85,34.27,2025-11-05
2015,SI,BG4,DSL,64.79,41.07,36.56,9.22,36.97,57.75,18.57,46.82,48.19,61.01,43.56,37,CEF2_DIGITAL,56040110.09,46.06,2024-04-26
2016,BG,LU93,DSL,39.7,33.07,41.18,14.02,52.24,80.96,6.51,18.16,80.97,73.27,86.22,42,NONE,91639031.41,75.89,2024-03-24
2017,EE,DK3,DSL,64.43,35.99,22.78,5.21,22.72,64.78,68.76,26.09,73.7,68.88,194.04,48,STATE_AID_GBER,74312435.01,65.6,2025-01-24
2018,HU,DE54,DSL,79.74,40.92,50.43,1.95,50.9,87.5,72.55,52.9,88.87,76.3,251.28,45,NATIONAL_RURAL_FIBER,155948115.17,66.86,2026-02-07
2019,LU,SK6,DSL,59.03,23.91,43.26,13.23,27.55,63.96,11.98,49.82,80.79,27.14,131.4,48,ERDF_CONNECT,68154747.15,44.55,2025-01-22
2020,RO,IT70,DSL,60.22,21.66,20.44,9.8,24.61,94.6,16.54,51.31,85.47,72.03,152.41,10,RRF_BROADBAND,127582974.05,43.18,2025-08-06
2021,AT,LT87,DSL,79.99,59.21,48.05,13.93,27.72,33.34,41.59,34.53,71.83,78.21,330.89,14,CEF2_DIGITAL,380217217.52,75.39,2025-02-22
2022,CZ,FR6,DSL,62.9,25.79,21.85,2.51,54.65,25.34,12.93,9.82,45.9,47.47,137.11,8,NONE,7166789.89,33.71,2025-09-07
2023,DE,DE28,DSL,63.05,32.56,19.89,11.06,50.4,92.61,6.96,19.06,65.58,49.61,145.14,10,STATE_AID_GBER,110342680.82,21.13,2025-04-02
2024,LV,RO39,DSL,65.37,47.63,40.66,3.76,28.21,14.6,41.58,27.56,71.03,55.95,12.27,10,NATIONAL_RURAL_FIBER,84546418.9,37.08,2025-09-06
2025,PL,DE52,DSL,36.43,27.2,13.63,1.88,36.86,26.43,48.49,45.87,97.31,25.19,145.3,15,ERDF_CONNECT,331747270.59,48.07,2024-09-28
2026,ES,MT23,DSL,64.5,48.21,20.26,2.48,49.25,86.85,63.8,30.27,85.5,73.29,411.35,13,RRF_BROADBAND,86665078.33,75.05,2025-12-28
2014,HR,SE548,DSL,49.05,38.48,11.82,12.36,53.17,31.51,5.58,29.56,61.08,68.21,271.54,46,CEF2_DIGITAL,1528980.09,80.23,2025-05-17
2015,FI,CZ7,DSL,56.29,21.45,46.31,10.36,33.41,92.64,19.94,38.12,87.67,67.68,328.16,14,NONE,200309393.19,77.86,2025-04-21
2016,IE,ES50,DSL,70.44,58.6,45.48,5.34,27.47,73.8,39.3,10.43,83.93,23.16,345.47,13,STATE_AID_GBER,83962970.68,38.81,2024-07-02
2017,MT,CZ504,DSL,52.69,28.34,10.78,2.44,45.89,60.16,21.28,20.89,86.58,56.95,292.63,14,NATIONAL_RURAL_FIBER,197874050.81,77.36,2025-09-23
2018,SK,FI79,DSL,51.04,26.47,52.39,1.62,53.28,19.09,40.38,41.04,76.8,52.34,319.88,19,ERDF_CONNECT,17741213.5,40.39,2024-08-02
2019,BE,FR77,DSL,51.58,33.71,26.98,11.75,48.18,85.37,38.33,48.56,95.48,37.32,102.72,19,RRF_BROADBAND,103563199.44,78.87,2025-10-09
2020,DK,EE407,DSL,38.4,25.13,13.54,14.21,18.82,42.9,24.78,42.04,55.43,72.9,413.43,18,CEF2_DIGITAL,325994929.67,27.49,2025-02-18
2021,GR,LT608,DSL,83.48,50.73,24.08,7.1,20.76,91.7,37.65,41.87,65.79,23.37,141.28,20,NONE,136753460.23,21.4,2024-04-27
2022,LT,LU39,DSL,42.72,34.36,41.36,9.36,42.13,80.74,5.75,36.0,84.94,35.18,251.66,69,STATE_AID_GBER,369717552.34,53.15,2026-02-03
2023,PT,SK67,DSL,65.22,43.06,45.6,2.39,19.48,22.74,14.88,22.09,43.71,20.58,163.83,18,NATIONAL_RURAL_FIBER,307656438.37,65.69,2024-05-11
2024,SE,LV41,DSL,63.38,28.87,40.74,12.97,42.55,78.52,30.32,30.76,73.16,22.84,249.76,25,ERDF_CONNECT,8546236.6,41.54,2024-11-06
2025,CY,HR21,DSL,73.83,26.74,26.44,4.64,54.64,50.15,35.89,43.64,47.3,60.2,329.1,50,RRF_BROADBAND,265298646.82,63.02,2024-04-22
2026,FR,ES408,DSL,75.35,35.33,14.0,9.68,47.55,75.91,45.59,12.23,89.45,67.59,96.9,20,CEF2_DIGITAL,26387034.06,56.64,2025-04-05
2014,IT,HR66,DSL,60.59,28.48,14.77,11.45,34.28,24.05,31.0,46.8,88.23,46.46,256.33,57,NONE,7304628.27,77.6,2024-01-08
2015,NL,FR62,DSL,65.75,49.54,34.62,14.77,33.3,81.83,36.29,45.76,88.9,18.07,151.36,34,STATE_AID_GBER,51970285.8,80.47,2025-03-20
2016,SI,LT974,DSL,46.87,34.72,47.85,10.8,37.05,20.34,65.38,7.48,55.36,52.38,314.85,34,NATIONAL_RURAL_FIBER,356496020.51,59.42,2026-01-09
2017,BG,PL96,DSL,44.59,16.0,24.02,10.73,44.76,40.36,55.12,40.69,62.76,57.37,337.61,28,ERDF_CONNECT,73460933.81,80.94,2024-02-20
2018,EE,DK84,DSL,48.71,27.46,29.54,11.45,49.18,33.6,30.07,30.92,75.86,47.83,179.39,27,RRF_BROADBAND,127252879.97,62.74,2025-07-16
2019,HU,LU885,DSL,43.31,26.37,52.21,8.57,19.01,30.43,23.67,9.64,71.57,81.91,76.35,35,CEF2_DIGITAL,352083095.95,44.71,2024-10-08
2020,LU,RO66,DSL,66.26,27.52,35.03,11.85,53.82,30.75,23.63,18.13,66.36,68.57,378.26,35,NONE,242364403.1,32.51,2025-12-13
2021,RO,EE61,DSL,36.19,13.56,21.99,12.33,53.22,44.11,62.04,27.78,80.86,42.33,131.88,34,STATE_AID_GBER,130691071.29,37.06,2025-11-28
2022,AT,GR8,DSL,82.92,58.88,35.68,8.04,24.25,28.1,19.82,24.41,68.15,34.93,101.0,32,NATIONAL_RURAL_FIBER,294249838.11,71.55,2025-05-14
2023,CZ,DK987,DSL,72.27,42.12,11.23,14.46,20.92,79.79,42.16,50.32,73.87,77.88,77.66,77,ERDF_CONNECT,7691158.24,58.92,2024-06-26
2024,DE,LV192,DSL,48.48,35.66,51.8,14.31,33.18,90.83,36.8,50.73,48.28,51.92,391.78,37,RRF_BROADBAND,216249828.16,45.58,2025-04-03
2025,LV,NL65,DSL,40.4,24.52,50.51,10.66,20.08,91.87,35.78,23.67,47.32,38.01,140.54,44,CEF2_DIGITAL,32888174.38,49.45,2024-11-24
2026,PL,RO5,DSL,50.79,37.58,25.79,11.9,28.27,42.44,32.97,43.58,89.14,83.88,17.47,53,NONE,93935708.98,72.23,2025-08-22
2014,ES,GR9,DSL,59.47,42.44,23.43,9.89,18.16,55.16,39.01,48.2,54.72,61.59,121.88,45,STATE_AID_GBER,247789703.69,58.71,2024-02-04
2015,HR,DE7,DSL,49.67,31.01,53.48,9.15,25.33,53.98,38.42,40.63,83.47,29.49,284.33,42,NATIONAL_RURAL_FIBER,269567872.57,84.94,2024-11-10
2016,FI,PT9,DSL,59.62,22.06,15.93,12.13,46.44,29.79,63.51,34.78,69.97,33.53,30.91,43,ERDF_CONNECT,123163261.56,48.94,2024-04-17
2017,IE,AT15,DSL,52.68,37.39,28.47,13.14,18.66,10.15,52.66,19.76,49.63,44.24,19.3,48,RRF_BROADBAND,131784322.44,60.57,2025-10-07
2018,MT,PL743,DSL,80.82,69.88,17.27,2.86,38.34,34.69,20.09,30.1,52.87,68.44,239.17,87,CEF2_DIGITAL,4815580.57,44.19,2024-12-04
2019,SK,BE125,DSL,60.22,30.33,52.79,14.22,44.73,21.34,19.02,26.94,51.1,39.11,306.56,58,NONE,58440412.24,47.09,2024-01-10
2020,BE,IT2,DSL,61.58,35.89,37.57,14.64,53.9,83.57,73.51,28.63,74.85,18.44,172.29,10,STATE_AID_GBER,84546175.63,61.31,2024-06-27
2021,DK,RO7,DSL,49.51,20.56,42.72,11.87,46.01,22.07,42.58,50.65,52.75,26.75,312.05,22,NATIONAL_RURAL_FIBER,58978827.04,58.47,2024-11-17
2022,GR,ES824,DSL,47.92,17.44,22.38,2.63,42.12,40.6,36.47,6.33,58.85,36.79,84.57,3,ERDF_CONNECT,152501111.42,32.93,2024-04-08
2023,LT,MT22,DSL,39.13,29.96,34.47,10.74,24.56,26.31,27.33,19.72,67.04,49.85,120.18,49,RRF_BROADBAND,190776215.63,67.11,2025-10-25
2024,PT,HR30,DSL,40.91,25.4,10.61,11.91,26.21,57.61,7.03,52.17,40.86,58.13,12.49,7,CEF2_DIGITAL,117817872.82,41.44,2024-09-11
2025,SE,ES75,DSL,69.48,50.6,52.76,9.49,28.05,73.25,9.07,52.42,84.24,70.84,409.37,6,NONE,95542489.25,30.58,2025-08-15
2026,CY,LV58,DSL,81.65,44.99,46.52,2.45,38.65,37.08,40.32,28.81,50.02,62.72,284.73,18,STATE_AID_GBER,115173223.42,53.9,2024-07-03
2014,FR,ES3,DSL,48.84,43.92,21.49,13.91,51.7,60.49,53.71,40.52,91.47,65.34,215.02,18,NATIONAL_RURAL_FIBER,164454948.36,40.81,2024-10-11
2015,IT,FI504,DSL,76.26,62.66,34.42,3.58,38.89,71.94,53.3,27.41,67.19,71.29,243.17,17,ERDF_CONNECT,180148144.45,27.54,2025-05-02
2016,NL,CY7,DSL,80.22,70.78,10.91,11.63,30.6,82.19,30.13,52.41,97.35,39.35,89.23,16,RRF_BROADBAND,96679191.32,82.8,2026-01-22
2017,SI,HR41,DSL,51.12,41.18,34.98,10.4,46.04,96.07,15.38,28.45,53.87,77.27,96.82,19,CEF2_DIGITAL,169994953.57,46.99,2024-09-14
2018,BG,RO194,DSL,54.22,46.68,49.84,2.87,40.74,23.35,61.15,14.41,67.58,22.54,146.54,34,NONE,4936607.2,32.96,2025-03-12
2019,EE,HU65,DSL,83.47,58.01,10.09,9.15,24.1,73.77,73.77,13.59,59.63,49.46,148.9,13,STATE_AID_GBER,165065331.29,39.76,2024-02-28
2020,HU,IT29,DSL,78.16,46.89,20.29,14.91,38.2,74.9,42.32,53.63,74.14,32.85,286.39,19,NATIONAL_RURAL_FIBER,143053255.82,32.61,2025-07-11
2021,LU,LV334,DSL,40.6,27.84,23.4,9.31,51.66,84.85,34.58,51.61,96.64,25.93,279.26,18,ERDF_CONNECT,268152541.2,23.97,2024-11-16
2022,RO,DK340,DSL,53.86,47.8,50.57,3.88,24.76,67.26,44.26,49.89,70.87,56.99,329.58,16,RRF_BROADBAND,249957313.18,45.35,2025-04-18
2023,AT,RO999,DSL,40.96,24.97,54.0,13.44,27.09,31.44,41.45,48.77,82.95,60.03,75.29,24,CEF2_DIGITAL,148522093.07,84.84,2025-06-23
2024,CZ,BE490,DSL,56.85,32.27,45.74,8.41,27.48,19.27,34.63,21.54,62.43,64.89,230.25,72,NONE,88999565.87,30.81,2024-10-02
2025,DE,HU93,DSL,80.63,68.38,34.7,8.04,21.17,76.69,41.78,7.69,77.54,73.19,250.47,18,STATE_AID_GBER,79389892.48,83.95,2024-09-24
2026,LV,PT6,DSL,67.15,59.86,37.91,4.96,52.2,28.62,61.14,21.71,91.73,18.3,149.61,70,NATIONAL_RURAL_FIBER,253857684.45,74.48,2025-05-17
2014,PL,PL14,DSL,77.72,31.86,34.42,14.67,49.03,30.56,23.2,21.32,44.09,76.82,291.26,28,ERDF_CONNECT,305858988.5,68.58,2026-02-05
2015,ES,IE52,DSL,75.35,43.17,30.89,14.09,51.36,93.6,34.0,40.21,79.22,55.36,352.39,21,RRF_BROADBAND,34066627.59,71.94,2024-10-30
2016,HR,ES69,DSL,69.86,60.31,26.64,7.98,52.92,70.76,55.03,8.37,70.35,69.16,127.33,30,CEF2_DIGITAL,179594612.62,55.4,2025-01-28
2017,FI,EE1,DSL,62.53,35.31,53.58,10.56,21.42,44.53,62.55,54.28,93.17,23.39,61.36,62,NONE,84593892.43,78.14,2025-08-21
2018,IE,LV97,DSL,40.79,25.6,16.07,7.73,40.72,56.53,49.68,21.66,68.4,69.75,391.56,30,STATE_AID_GBER,17867517.32,46.93,2024-12-19
2019,MT,PL88,DSL,39.44,23.57,39.43,6.46,37.49,61.06,58.76,49.49,83.79,48.8,135.21,29,NATIONAL_RURAL_FIBER,14003600.89,68.36,2025-12-04
2020,SK,GR565,DSL,36.69,22.15,27.96,12.28,46.82,53.95,20.76,47.13,58.53,79.24,185.68,29,ERDF_CONNECT,268107863.05,42.93,2024-02-10
2021,BE,SI956,DSL,54.57,31.65,16.48,8.72,23.37,68.39,73.65,28.7,72.29,43.44,150.46,77,RRF_BROADBAND,110063684.19,36.53,2024-12-25
2022,DK,FI25,DSL,50.17,26.97,43.65,9.65,54.47,44.43,37.18,45.07,92.43,47.8,252.03,87,CEF2_DIGITAL,186862683.6,52.16,2024-11-04
2023,GR,ES67,DSL,44.14,20.69,45.05,13.9,19.91,89.57,70.57,21.86,65.59,81.46,401.56,34,NONE,341337389.61,46.62,2024-09-20
2024,LT,IE8,DSL,63.66,35.07,54.06,7.93,35.78,66.61,37.97,21.92,68.23,73.56,100.17,32,STATE_AID_GBER,11080864.01,54.76,2026-02-16
2025,PT,LT4,DSL,53.33,34.66,41.13,12.88,28.22,34.38,56.63,52.31,89.42,43.27,309.03,43,NATIONAL_RURAL_FIBER,74899062.74,22.83,2024-06-20
2026,SE,RO95,DSL,57.08,44.08,18.65,13.42,36.48,89.4,10.35,31.99,61.27,50.83,303.4,85,ERDF_CONNECT,171827640.25,40.23,2024-12-12
2014,CY,LT7,DSL,45.65,16.79,25.13,11.23,25.52,27.48,37.88,14.39,56.89,46.43,100.26,45,RRF_BROADBAND,247870800.4,36.9,2024-06-23
2015,FR,HR8,DSL,57.24,38.53,53.27,10.08,52.16,28.54,66.68,29.8,78.81,46.87,416.37,37,CEF2_DIGITAL,249631526.73,60.01,2024-06-01
2016,IT,CZ54,DSL,72.43,57.93,26.18,2.49,53.23,90.63,30.46,10.52,58.77,33.28,219.59,45,NONE,106387938.65,54.18,2026-01-10
2017,NL,LU291,DSL,53.51,42.5,52.65,4.96,46.67,94.69,38.93,29.7,64.45,80.52,315.36,55,STATE_AID_GBER,94457456.34,40.82,2025-10-30
2018,SI,LU8,DSL,80.21,44.26,45.75,3.73,33.47,53.43,33.93,9.61,82.97,33.54,305.39,48,NATIONAL_RURAL_FIBER,205460875.53,23.56,2025-03-08
2019,BG,DK576,DSL,60.52,53.95,45.09,2.18,46.07,23.5,33.39,16.43,87.14,81.32,371.04,47,ERDF_CONNECT,202491863.98,58.03,2024-11-12
2020,EE,ES614,DSL,64.17,46.88,16.11,8.02,44.96,55.24,70.65,21.41,58.52,68.64,289.22,65,RRF_BROADBAND,163581298.06,61.89,2025-08-17
2021,HU,BE4,DSL,77.33,51.63,28.9,8.05,50.58,44.4,45.08,29.73,42.64,53.36,238.36,4,CEF2_DIGITAL,360416550.35,59.39,2024-08-12
2022,LU,AT6,DSL,61.23,55.96,20.16,10.11,22.94,76.73,59.02,54.17,42.8,77.76,214.36,57,NONE,22864149.5,22.75,2024-04-07
2023,RO,AT78,DSL,64.49,24.71,16.23,3.45,46.57,84.18,19.3,51.42,94.16,45.79,194.98,4,STATE_AID_GBER,208065082.98,69.08,2024-06-10
2024,AT,IT4,DSL,48.81,25.77,24.64,8.89,50.8,70.74,46.82,25.18,51.79,72.9,217.93,6,NATIONAL_RURAL_FIBER,199336438.82,34.63,2024-03-22
2025,CZ,FR38,DSL,66.17,23.57,23.92,4.17,41.4,85.37,36.53,7.15,44.36,40.43,203.13,16,ERDF_CONNECT,323393922.92,66.75,2025-09-18
2026,DE,SK228,DSL,66.13,32.62,27.34,8.94,42.78,85.48,44.67,30.38,90.53,26.77,385.99,10,RRF_BROADBAND,192396819.96,63.42,2024-12-21
2014,LV,HU1,DSL,35.53,31.56,49.15,11.9,48.26,93.48,56.45,43.27,83.61,69.98,123.89,13,CEF2_DIGITAL,109731386.56,47.36,2024-08-24
2015,PL,LT57,DSL,53.51,42.97,29.78,14.96,39.57,80.06,16.41,38.58,78.14,43.69,208.6,13,NONE,7149073.8,84.97,2025-01-20
2016,ES,FR95,DSL,36.72,27.86,11.11,10.64,33.77,13.95,46.76,37.11,65.07,53.77,173.88,15,STATE_AID_GBER,108896252.74,30.36,2025-08-03
2017,HR,ES667,DSL,57.42,25.14,19.01,4.57,45.03,93.5,28.82,48.98,76.83,45.35,212.89,62,NATIONAL_RURAL_FIBER,40547893.11,41.63,2024-03-22
2018,FI,DK16,DSL,46.49,19.55,19.48,7.91,20.51,69.43,44.39,49.67,95.23,84.68,92.8,14,ERDF_CONNECT,8063133.46,46.9,2024-12-23
2019,IE,GR131,DSL,42.28,36.56,22.4,7.4,47.74,42.95,37.51,46.02,84.09,55.11,204.78,71,RRF_BROADBAND,220129708.37,28.05,2024-12-21
2020,MT,IE429,DSL,62.35,50.82,21.15,3.45,29.71,34.33,22.01,10.41,52.71,37.05,236.92,61,CEF2_DIGITAL,71488263.29,44.69,2025-12-22
2021,SK,BG446,DSL,71.19,56.78,44.2,6.42,20.44,66.09,72.86,23.31,47.08,66.61,212.7,31,NONE,392442522.28,38.14,2025-11-28
2022,BE,LT69,DSL,54.52,26.76,33.01,10.9,54.0,90.04,42.8,31.63,56.58,44.98,380.61,26,STATE_AID_GBER,219085792.03,68.8,2025-03-13
2023,DK,HR48,DSL,54.02,45.43,17.35,6.08,47.46,68.43,5.06,20.49,67.37,70.43,123.69,18,NATIONAL_RURAL_FIBER,183123058.95,36.99,2024-09-06
2024,GR,DE620,DSL,35.6,18.14,40.34,12.07,24.77,92.07,16.37,8.37,81.93,77.93,199.25,25,ERDF_CONNECT,177277047.9,76.76,2025-01-19
2025,LT,GR23,DSL,56.59,47.95,18.03,7.05,25.52,66.45,19.01,33.14,62.09,32.41,152.21,22,RRF_BROADBAND,74056452.53,23.55,2025-04-29
2026,PT,HU20,DSL,64.76,31.71,43.69,4.1,28.64,95.31,10.11,40.81,51.92,31.94,244.71,36,CEF2_DIGITAL,303236003.51,47.57,2025-07-30
2014,SE,RO750,DSL,59.22,49.6,44.72,1.51,54.34,68.81,14.44,9.62,84.89,63.41,155.29,24,NONE,198724312.94,42.9,2024-11-07
2015,CY,SI7,DSL,59.63,41.21,43.97,3.87,18.78,39.19,27.92,34.98,45.27,45.12,189.6,27,STATE_AID_GBER,352610752.19,69.69,2025-10-14
2016,FR,DE823,DSL,58.51,53.32,11.09,8.66,18.47,53.55,72.3,36.87,45.5,20.69,407.95,70,NATIONAL_RURAL_FIBER,1034306.06,64.46,2026-02-24
2017,IT,LT1,DSL,62.61,46.88,32.63,9.16,23.06,64.41,44.05,6.21,95.54,43.48,354.27,28,ERDF_CONNECT,160352469.44,43.5,2024-01-13
2018,NL,SK79,DSL,61.02,54.83,21.37,10.59,47.13,86.88,30.83,53.33,53.2,65.7,323.43,32,RRF_BROADBAND,237883496.02,53.47,2025-09-21
2019,SI,LV589,DSL,47.16,35.7,45.75,5.92,21.97,74.18,10.57,51.67,52.65,82.93,166.53,27,CEF2_DIGITAL,61767377.17,50.66,2024-11-24
2020,BG,LV216,DSL,53.06,27.14,51.23,4.59,20.54,51.32,8.51,34.3,50.98,34.46,362.73,54,NONE,269947513.93,25.05,2024-01-29
2021,EE,IE28,DSL,48.16,34.43,23.42,9.56,49.59,85.23,37.07,31.43,93.07,77.84,405.61,42,STATE_AID_GBER,22382253.78,49.1,2024-04-12
2022,HU,EE11,DSL,50.64,27.57,33.78,7.45,20.11,74.71,70.67,8.92,51.31,77.93,143.14,30,NATIONAL_RURAL_FIBER,115368563.58,58.21,2025-02-24
2023,LU,FR86,DSL,40.38,36.29,45.32,3.11,45.4,15.63,40.09,13.95,41.1,41.81,357.25,36,ERDF_CONNECT,3541751.48,42.36,2026-02-15
2024,RO,HU462,DSL,54.56,21.48,51.73,5.57,32.63,70.34,35.44,10.98,94.51,77.36,183.75,29,RRF_BROADBAND,12995790.04,27.83,2024-07-07
2025,AT,SI46,DSL,47.23,36.5,21.21,9.94,41.32,79.18,65.22,51.46,77.44,78.57,350.94,32,CEF2_DIGITAL,202822049.54,50.88,2024-10-05
2026,CZ,DK810,DSL,73.17,29.42,23.2,4.71,52.64,14.41,65.3,20.51,42.34,33.15,242.06,71,NONE,160238001.9,53.65,2024-03-02
2014,DE,PL871,DSL,59.09,39.93,41.75,11.73,54.96,64.27,30.32,14.59,69.47,80.75,280.37,41,STATE_AID_GBER,87074597.06,20.59,2024-08-13
2015,LV,SK487,DSL,67.19,29.67,40.7,2.98,23.1,35.49,70.78,44.52,60.93,32.78,238.3,93,NATIONAL_RURAL_FIBER,226269373.9,31.41,2024-10-04
2016,PL,LV51,DSL,58.58,30.9,39.26,11.16,36.73,78.05,14.66,31.17,67.42,48.3,398.58,34,ERDF_CONNECT,94482386.57,55.98,2025-08-20
2017,ES,LT923,DSL,47.08,29.52,47.89,14.02,27.67,41.29,67.51,49.37,66.07,38.95,202.65,48,RRF_BROADBAND,59568456.73,56.28,2025-07-01
2018,HR,RO1,DSL,69.92,42.03,22.4,7.99,52.42,25.43,23.86,49.94,51.61,50.28,300.19,43,CEF2_DIGITAL,180087853.62,32.95,2025-03-07
2019,FI,SK221,DSL,52.01,34.33,14.08,8.53,20.5,32.95,50.38,48.27,43.06,82.7,258.81,47,NONE,74905772.77,62.02,2024-11-22
2020,IE,ES47,DSL,72.02,53.99,14.33,12.41,22.41,35.27,53.55,17.57,67.8,60.58,174.82,40,STATE_AID_GBER,272200871.07,81.9,2024-11-24
2021,MT,HR72,DSL,37.74,20.66,12.59,14.64,25.56,62.49,69.4,46.67,79.87,56.49,69.46,40,NATIONAL_RURAL_FIBER,188327728.27,40.66,2024-02-07
2022,SK,LU485,DSL,39.48,20.09,19.49,9.6,51.17,77.68,54.23,30.96,88.1,49.55,232.65,7,ERDF_CONNECT,194363545.68,67.83,2024-01-23
2023,BE,BE9,DSL,60.23,39.22,41.58,11.69,42.65,63.24,28.76,34.81,79.21,31.36,413.25,1,RRF_BROADBAND,143500790.16,58.08,2025-08-29
2024,DK,FI208,DSL,67.57,27.63,25.02,4.36,32.08,63.08,37.94,52.7,48.42,68.18,99.29,10,CEF2_DIGITAL,156632523.84,30.37,2024-01-30
2025,GR,HR45,DSL,78.34,48.31,24.66,2.94,39.46,46.33,33.66,24.7,44.49,46.25,394.21,14,NONE,126948889.71,65.9,2025-03-01
2026,LT,ES400,DSL,80.11,62.67,45.08,11.52,22.62,18.33,34.63,54.33,47.86,43.32,135.11,10,STATE_AID_GBER,136829310.16,63.15,2026-02-11
2014,PT,ES650,DSL,44.86,24.67,35.25,8.81,29.51,85.52,20.52,18.05,85.47,24.76,182.9,13,NATIONAL_RURAL_FIBER,377264970.58,20.15,2025-09-23
2015,SE,HU8,DSL,42.65,35.69,40.08,12.32,40.19,53.91,39.36,47.3,56.93,20.56,72.65,24,ERDF_CONNECT,307050837.73,73.8,2024-07-19
2016,CY,PT55,DSL,51.6,22.17,17.62,7.14,51.67,39.48,55.35,41.55,81.04,56.93,291.99,7,RRF_BROADBAND,184843620.5,30.44,2024-07-22
2017,FR,PT7,DSL,58.58,38.99,32.73,5.42,34.44,77.33,17.45,36.45,92.91,56.62,325.38,16,CEF2_DIGITAL,234180064.37,57.12,2024-11-18
2018,IT,ES10,DSL,45.35,30.8,17.45,5.17,46.84,97.73,26.96,21.59,42.41,80.16,382.08,16,NONE,269638225.91,82.98,2025-05-15
2019,NL,HR215,DSL,55.48,34.63,32.14,11.21,48.98,31.76,67.32,49.15,92.59,54.2,367.76,21,STATE_AID_GBER,347971841.44,21.74,2024-07-30
2020,SI,EE327,DSL,55.95,41.17,17.6,4.4,38.53,46.98,39.03,50.86,60.2,76.49,117.85,18,NATIONAL_RURAL_FIBER,97020448.62,30.92,2025-07-23
2021,BG,HR62,DSL,80.47,40.84,39.12,1.95,34.35,72.82,66.66,42.19,67.78,49.07,361.35,30,ERDF_CONNECT,119516372.3,70.37,2025-05-21
2022,EE,IT961,DSL,70.86,34.78,27.58,9.97,31.93,70.02,22.58,24.08,86.03,51.53,211.12,20,RRF_BROADBAND,227110673.58,68.87,2025-02-23
2023,HU,SE22,DSL,58.32,20.73,42.22,12.01,31.5,27.78,62.87,53.94,90.76,73.16,335.65,30,CEF2_DIGITAL,144431310.53,67.31,2026-01-30
2024,LU,LV17,DSL,61.66,39.7,14.7,8.36,50.26,25.89,31.3,20.62,77.94,44.42,366.25,27,NONE,181575763.25,63.01,2025-05-14
2025,RO,PT32,DSL,81.9,39.57,53.24,5.47,32.81,65.42,61.14,45.18,58.41,45.74,248.03,28,STATE_AID_GBER,56063615.19,47.9,2026-02-06
2026,AT,BE62,DSL,36.1,14.9,23.59,10.39,41.99,21.3,47.36,18.97,80.61,68.6,250.15,19,NATIONAL_RURAL_FIBER,61992411.34,79.68,2024-02-19
2014,CZ,DK584,DSL,40.65,26.91,23.0,14.67,40.05,56.69,31.79,53.48,56.27,39.63,173.82,20,ERDF_CONNECT,342507487.34,69.59,2025-12-08
2015,DE,IE96,DSL,64.53,50.77,11.08,12.08,35.03,36.16,9.94,20.37,64.19,48.79,32.27,70,RRF_BROADBAND,244783850.76,40.45,2026-01-30
2016,LV,LT9,DSL,78.02,46.62,35.45,5.36,22.33,40.72,52.77,24.32,56.87,30.24,73.2,31,CEF2_DIGITAL,291599773.27,83.39,2025-05-20
2017,PL,RO51,DSL,57.48,32.63,14.68,6.08,25.57,39.79,36.57,24.29,59.96,34.11,273.81,25,NONE,62704901.58,47.5,2025-08-30
2018,ES,EE333,DSL,35.18,28.64,27.26,13.57,43.76,17.79,40.85,18.41,94.15,63.61,82.85,32,STATE_AID_GBER,137558130.79,39.33,2025-10-17
2019,HR,IE905,DSL,67.47,43.84,37.69,1.66,25.52,49.38,71.55,6.46,92.33,72.74,326.42,62,NATIONAL_RURAL_FIBER,71305610.1,64.48,2024-05-02
2020,FI,EE42,DSL,54.64,20.1,37.88,4.21,35.98,37.6,48.73,20.0,95.01,21.76,191.59,84,ERDF_CONNECT,161992805.36,70.96,2024-12-06
2021,IE,SI182,DSL,72.86,40.8,30.07,8.5,19.89,34.48,58.23,41.08,96.78,70.57,153.75,59,RRF_BROADBAND,44302543.78,66.52,2025-08-02
2022,MT,IT31,DSL,47.22,19.26,15.62,8.76,33.98,39.81,26.43,20.49,54.73,52.79,156.99,30,CEF2_DIGITAL,290004758.91,71.91,2024-12-21
2023,SK,HR83,DSL,74.34,67.92,18.95,3.99,19.08,85.28,20.9,15.41,59.91,64.15,359.16,27,NONE,135471279.6,59.9,2024-11-10
2024,BE,EE89,DSL,41.72,37.92,25.95,8.89,36.9,95.02,35.33,18.34,49.51,82.19,130.25,87,STATE_AID_GBER,19328059.79,65.63,2024-10-01
2025,DK,LT91,DSL,78.82,72.24,36.09,13.01,45.06,22.42,35.78,9.59,64.23,23.93,406.63,41,NATIONAL_RURAL_FIBER,130756077.67,44.13,2024-11-13
2026,GR,GR484,DSL,39.45,17.77,38.71,9.55,30.69,25.01,62.89,23.93,81.04,45.18,272.64,39,ERDF_CONNECT,92908738.61,78.58,2024-09-05
2014,LT,SI978,DSL,37.68,16.5,11.12,10.24,40.18,53.12,17.68,14.2,44.81,23.55,196.99,69,RRF_BROADBAND,14051194.04,54.93,2024-11-15
2015,PT,AT4,DSL,44.43,24.37,48.11,7.48,45.74,60.1,41.97,38.22,52.04,72.05,391.52,35,CEF2_DIGITAL,371142442.73,25.11,2026-02-02
2016,SE,AT17,DSL,40.58,36.53,22.16,8.67,20.81,39.94,47.17,19.83,82.99,77.37,285.98,48,NONE,46786621.9,53.93,2024-08-08
2017,CY,BG28,DSL,75.64,55.79,51.57,9.5,33.35,38.65,73.22,27.54,59.95,18.04,131.65,42,STATE_AID_GBER,35492982.2,65.67,2025-08-24
2018,FR,RO3,DSL,62.35,43.93,13.82,2.87,30.1,18.02,21.75,30.42,53.81,65.22,322.76,49,NATIONAL_RURAL_FIBER,151781209.11,83.86,2024-04-05
2019,IT,DE12,DSL,46.69,31.75,42.45,8.69,36.39,64.07,15.26,13.7,77.93,76.65,395.02,45,ERDF_CONNECT,173362810.39,71.12,2025-03-06
2020,NL,RO214,DSL,84.77,48.43,48.15,6.99,52.1,36.81,21.89,13.19,51.35,51.31,124.52,39,RRF_BROADBAND,49777797.88,37.0,2025-12-04
2021,SI,BE537,DSL,47.12,33.16,51.33,14.53,24.38,32.05,36.5,52.58,44.91,70.71,332.33,55,CEF2_DIGITAL,89836180.18,31.88,2025-05-25
2022,BG,EE4,DSL,57.24,44.04,38.93,6.34,39.98,75.58,70.12,39.19,44.42,53.68,411.21,49,NONE,174251692.96,67.35,2026-02-04
2023,EE,LT303,DSL,54.78,27.7,39.37,14.29,42.02,90.27,45.74,8.64,51.0,45.36,161.92,2,STATE_AID_GBER,63041033.25,55.36,2025-03-22
2024,HU,IT3,DSL,52.53,19.0,19.57,14.39,44.35,19.08,7.41,41.2,47.49,39.37,131.09,12,NATIONAL_RURAL_FIBER,44626507.73,36.92,2025-05-10
2025,LU,LT45,DSL,43.76,29.95,53.16,4.76,38.43,81.86,35.73,28.66,90.81,67.29,177.09,7,ERDF_CONNECT,115037904.89,31.09,2024-11-16
2026,RO,NL75,DSL,45.27,35.59,18.52,11.58,49.55,94.16,59.38,29.52,61.24,55.17,406.67,5,RRF_BROADBAND,132935608.18,38.52,2024-04-10
2014,AT,LU780,DSL,80.5,70.97,35.78,12.42,52.9,45.47,21.92,21.77,48.1,60.31,165.75,16,CEF2_DIGITAL,304089033.74,49.12,2025-04-03
2015,CZ,SI5,DSL,65.34,48.77,24.74,5.15,20.22,72.61,26.38,50.49,46.49,26.99,100.18,11,NONE,64801475.89,45.14,2026-01-22
2016,DE,LV554,DSL,74.12,40.41,19.68,11.56,35.76,44.14,32.82,13.07,57.68,65.32,125.38,54,STATE_AID_GBER,29581811.4,79.06,2024-08-03
2017,LV,IE383,DSL,41.41,14.64,28.76,14.98,49.35,79.53,43.4,27.07,55.16,20.51,145.51,13,NATIONAL_RURAL_FIBER,300209566.65,43.04,2025-12-20
2018,PL,MT2,DSL,49.04,35.63,25.75,3.6,33.02,81.03,58.06,46.29,70.79,74.43,310.47,11,ERDF_CONNECT,313607169.61,66.91,2024-12-18
2019,ES,IE949,DSL,72.9,49.46,27.5,2.78,30.64,10.31,6.39,42.96,84.91,43.01,126.46,20,RRF_BROADBAND,182153947.53,48.97,2026-01-11
2020,HR,SK86,DSL,65.02,30.41,49.92,4.92,34.1,43.39,40.27,14.06,66.96,48.78,338.73,12,CEF2_DIGITAL,194988151.42,22.99,2026-01-31
2021,FI,EE5,DSL,81.26,69.29,34.49,4.85,42.83,65.65,62.34,31.39,97.29,81.51,27.91,16,NONE,305534524.09,37.16,2024-04-13
2022,IE,BG69,DSL,52.44,33.85,25.62,11.1,23.21,11.69,74.4,17.13,54.47,37.18,170.39,19,STATE_AID_GBER,200137086.56,67.43,2025-11-05
2023,MT,SK48,DSL,70.85,38.05,35.04,4.44,26.88,93.91,11.01,14.09,78.3,60.64,103.46,18,NATIONAL_RURAL_FIBER,15690724.51,65.81,2024-01-24
2024,SK,ES479,DSL,72.54,64.22,33.37,1.72,45.23,48.47,51.5,26.37,75.9,77.59,35.06,24,ERDF_CONNECT,271178604.63,43.11,2024-07-09
2025,BE,HU167,DSL,57.16,20.24,47.39,5.16,32.17,73.54,65.91,24.73,70.42,40.46,416.3,69,RRF_BROADBAND,109660122.42,47.47,2024-08-20
2026,DK,SK1,DSL,43.87,30.03,18.03,3.94,20.74,37.02,29.32,19.1,42.62,27.31,351.85,21,CEF2_DIGITAL,242667586.01,36.67,2024-07-11
2014,GR,DE57,DSL,65.97,56.59,45.77,11.89,32.4,75.43,33.82,20.85,44.26,73.9,294.94,29,NONE,48296468.99,29.3,2025-06-27
2015,LT,CZ621,DSL,38.48,23.3,54.45,3.19,20.12,35.45,73.47,23.78,45.11,38.22,417.62,26,STATE_AID_GBER,83561471.81,45.29,2024-05-20
2016,PT,FI70,DSL,56.8,44.62,16.73,2.62,31.63,69.92,25.89,38.93,48.77,36.27,128.23,27,NATIONAL_RURAL_FIBER,123414162.0,58.93,2025-07-11
2017,SE,ES7,DSL,60.71,23.25,12.7,14.78,23.35,41.82,21.18,24.88,54.42,71.65,278.71,25,ERDF_CONNECT,114476600.98,63.52,2025-11-13
2018,CY,LU5,DSL,59.12,26.34,52.82,5.91,38.91,65.08,42.89,37.45,62.63,47.42,250.18,71,RRF_BROADBAND,87650706.49,69.39,2025-05-07
2019,FR,DK829,DSL,74.02,52.84,40.1,12.9,32.01,28.52,32.1,31.12,48.07,55.4,212.02,31,CEF2_DIGITAL,206624473.99,32.43,2024-02-28
2020,IT,PL3,DSL,66.26,56.59,13.69,3.37,44.25,66.23,71.5,52.64,84.64,76.31,322.1,30,NONE,23549679.05,36.6,2025-04-10
2021,NL,NL93,DSL,63.83,31.77,39.16,13.64,21.88,14.3,44.29,34.43,94.39,24.17,58.64,28,STATE_AID_GBER,73850529.83,36.52,2024-03-25
2022,SI,CZ20,DSL,84.04,54.26,13.07,10.27,41.13,39.03,26.38,44.24,66.69,46.71,61.01,29,NATIONAL_RURAL_FIBER,314273721.7,47.05,2024-02-04
2023,BG,BG5,DSL,81.06,74.51,50.54,9.5,53.44,75.74,18.88,52.14,57.08,66.35,57.3,30,ERDF_CONNECT,207211454.94,26.4,2025-09-14
2024,EE,LT35,DSL,71.8,45.63,33.22,4.36,24.37,89.0,12.48,37.3,66.0,78.76,109.64,35,RRF_BROADBAND,164398718.69,43.64,2026-02-25
2025,HU,LU271,DSL,57.81,34.07,44.2,6.26,47.34,55.11,18.66,27.06,69.21,76.84,202.02,78,CEF2_DIGITAL,45936388.94,32.56,2025-11-25
2026,LU,PL73,DSL,53.32,45.11,17.28,8.96,44.25,96.55,35.47,21.34,60.36,81.25,31.62,30,NONE,303107272.68,33.72,2024-07-11
2014,RO,FI857,DSL,59.85,50.91,51.76,6.86,53.02,61.51,15.31,44.74,56.46,19.43,228.7,37,STATE_AID_GBER,322348375.76,66.35,2025-12-23
2015,AT,NL39,DSL,61.15,50.8,18.52,12.84,50.1,93.1,45.54,9.49,53.11,74.61,370.42,34,NATIONAL_RURAL_FIBER,322261.83,42.77,2025-05-24
2016,CZ,SE39,DSL,40.83,31.79,15.97,8.38,49.97,92.74,47.96,23.12,71.49,49.7,178.95,37,ERDF_CONNECT,55917002.2,73.83,2024-10-06
2017,DE,IT984,DSL,53.01,20.49,26.61,8.45,46.93,23.51,44.55,12.87,64.96,29.55,123.06,37,RRF_BROADBAND,196015844.53,27.35,2025-02-02
2018,LV,LT30,DSL,81.16,58.84,38.13,3.31,35.26,69.29,49.23,34.11,81.39,39.06,290.48,40,CEF2_DIGITAL,91680956.65,73.47,2025-05-16
2019,PL,IE4,DSL,40.88,19.54,31.9,2.17,41.84,38.44,57.73,12.01,87.5,35.47,34.68,63,NONE,90294469.07,55.45,2025-10-24
2020,ES,FR876,DSL,68.88,38.45,23.61,8.57,18.67,36.98,21.97,29.56,63.95,47.69,148.13,39,STATE_AID_GBER,57492544.75,50.1,2024-04-16
2021,HR,HR78,DSL,68.77,62.15,16.05,8.54,31.48,81.59,7.44,14.31,64.23,52.12,186.12,37,NATIONAL_RURAL_FIBER,342502550.69,66.82,2025-03-13
2022,FI,EE31,DSL,82.06,29.97,44.09,13.45,42.36,82.76,31.76,44.47,88.36,79.04,96.5,46,ERDF_CONNECT,58567461.46,48.9,2024-03-06
2023,IE,EE761,DSL,50.78,35.06,41.68,11.86,22.31,28.65,57.14,20.11,69.26,19.53,328.62,46,RRF_BROADBAND,157615018.63,64.24,2024-09-28
2024,MT,ES942,DSL,62.26,42.91,22.88,6.18,53.82,82.08,64.48,28.36,70.3,31.16,112.74,10,CEF2_DIGITAL,9678473.98,54.03,2025-12-22
2025,SK,FR549,DSL,47.26,18.65,31.77,6.06,29.19,40.64,59.03,18.17,90.69,57.64,104.72,3,NONE,259184678.54,65.1,2025-10-20
2026,BE,MT83,DSL,71.54,35.19,22.6,13.48,52.61,69.73,9.51,31.27,86.66,69.4,402.51,58,STATE_AID_GBER,108782248.78,33.97,2025-10-24
2014,DK,LV537,DSL,81.21,73.98,31.71,12.33,36.69,60.81,66.33,42.25,75.39,43.13,374.67,3,NATIONAL_RURAL_FIBER,201252284.63,75.44,2024-09-23
2015,GR,LT28,DSL,42.35,33.46,41.79,3.73,22.69,97.59,69.13,18.15,40.46,68.04,192.69,16,ERDF_CONNECT,47793002.79,57.09,2025-07-05
2016,LT,LT220,DSL,74.2,39.14,28.32,1.89,30.58,50.38,51.64,17.63,77.69,45.97,228.08,5,RRF_BROADBAND,72744825.95,27.68,2025-01-18
2017,PT,GR3,DSL,62.48,43.79,36.86,5.06,45.18,51.73,28.35,31.71,61.87,78.72,307.56,6,CEF2_DIGITAL,8376057.06,52.79,2025-07-16
2018,SE,CY71,DSL,78.22,36.46,36.33,12.94,30.44,34.77,54.28,15.29,71.4,20.23,362.39,19,NONE,175147550.42,23.76,2025-01-04
2019,CY,SE98,DSL,83.72,53.17,49.74,8.55,34.57,36.75,21.28,35.63,67.95,68.9,161.99,12,STATE_AID_GBER,95137964.08,62.1,2024-01-21
2020,FR,BE308,DSL,35.16,16.64,31.95,9.31,25.92,28.13,36.45,21.27,75.46,24.0,391.49,29,NATIONAL_RURAL_FIBER,45852488.97,75.58,2024-04-03
2021,IT,NL208,DSL,35.15,23.25,16.3,7.56,52.03,60.9,13.13,51.18,72.96,27.16,120.27,19,ERDF_CONNECT,178308443.19,33.62,2024-10-21
2022,NL,EE386,DSL,38.29,26.07,27.47,4.68,25.07,71.53,40.11,24.46,48.69,83.78,93.79,20,RRF_BROADBAND,113511828.33,57.49,2024-05-12
2023,SI,FI81,DSL,61.92,53.14,27.77,2.22,49.65,69.11,54.16,9.04,76.98,54.15,93.79,19,CEF2_DIGITAL,110144962.78,74.24,2024-07-05
2024,BG,ES401,DSL,52.18,26.41,36.01,12.65,30.55,59.21,7.19,20.56,66.39,19.2,418.2,23,NONE,63310834.25,74.04,2024-06-27
2025,EE,MT4,DSL,43.99,32.57,41.67,11.56,20.16,30.7,5.96,52.02,54.23,80.68,283.75,25,STATE_AID_GBER,113254563.47,23.83,2024-12-14
2026,HU,LV88,DSL,75.49,41.32,41.72,2.87,36.6,79.09,13.34,17.25,44.52,19.06,119.68,24,NATIONAL_RURAL_FIBER,58828980.07,60.15,2025-04-16
2014,LU,SK27,DSL,80.94,33.39,17.6,8.73,26.8,68.5,29.58,53.18,87.57,62.3,313.91,61,ERDF_CONNECT,145963200.74,37.29,2024-10-14
2015,RO,MT785,DSL,50.98,33.94,14.25,6.01,25.83,25.28,55.75,14.59,76.77,35.69,187.01,26,RRF_BROADBAND,203386122.51,41.36,2025-02-06
2016,AT,PT597,DSL,61.61,42.87,12.81,3.72,53.3,10.11,9.79,27.35,53.53,64.49,135.69,18,CEF2_DIGITAL,284373409.47,60.19,2024-04-12
2017,CZ,EE69,DSL,55.02,33.4,24.88,13.8,45.02,72.33,27.2,39.47,86.68,70.05,354.87,25,NONE,233496401.78,67.0,2025-07-23
2018,DE,AT2,DSL,44.44,29.49,52.72,5.6,22.88,85.14,13.77,15.05,48.17,84.84,371.52,54,STATE_AID_GBER,206683095.46,25.69,2025-05-02
2019,LV,CZ763,DSL,43.88,20.75,24.13,13.46,41.1,48.02,8.27,52.35,61.77,63.12,155.82,39,NATIONAL_RURAL_FIBER,28145510.73,55.03,2024-09-17
2020,PL,PL483,DSL,39.14,33.52,47.66,5.45,35.71,40.34,13.68,14.51,59.61,48.3,206.29,26,ERDF_CONNECT,310972349.77,31.38,2024-10-05
2021,ES,BE783,DSL,36.08,28.36,43.29,2.37,30.31,20.0,5.25,42.82,69.28,78.99,417.18,23,RRF_BROADBAND,207000913.42,70.42,2024-07-16
2022,HR,FR1,DSL,45.77,19.29,32.44,8.41,37.87,61.57,33.64,9.2,79.12,35.24,402.43,30,CEF2_DIGITAL,18801389.05,78.9,2024-01-14
2023,FI,CY419,DSL,57.89,50.06,22.22,14.47,39.97,18.06,15.08,8.69,88.54,31.44,23.48,34,NONE,229243828.79,46.98,2024-03-07
2024,IE,PL367,DSL,60.32,54.45,24.9,6.92,51.64,45.62,51.83,48.05,88.3,75.55,243.18,31,STATE_AID_GBER,23202553.29,66.68,2026-01-22
2025,MT,SK62,DSL,69.27,26.12,28.09,4.59,34.91,41.26,38.43,42.63,93.02,46.96,179.08,63,NATIONAL_RURAL_FIBER,252182796.84,43.88,2024-02-29
2026,SK,DK12,DSL,45.51,27.53,32.08,2.4,41.79,48.84,23.42,15.05,50.74,39.65,42.0,33,ERDF_CONNECT,308343401.42,32.35,2025-01-18
2014,BE,GR62,DSL,38.6,27.02,41.16,7.12,32.62,67.08,57.86,40.34,49.51,46.35,219.4,38,RRF_BROADBAND,15982477.76,37.48,2024-03-18
2015,DK,AT273,DSL,51.08,35.73,36.31,1.94,19.45,16.13,6.75,13.92,90.7,49.76,75.05,40,CEF2_DIGITAL,80464213.66,32.07,2024-03-23
2016,GR,CZ3,DSL,35.45,26.95,15.98,7.73,40.49,97.48,10.22,30.14,41.15,61.47,325.81,35,NONE,239918996.63,28.62,2024-05-07
2017,LT,BE72,DSL,71.22,34.36,40.98,8.6,43.47,10.64,19.56,51.72,53.78,39.71,312.69,32,STATE_AID_GBER,91917139.15,30.87,2025-02-07
2018,PT,RO216,DSL,51.75,20.93,34.46,2.75,32.11,45.95,40.59,54.42,64.8,18.0,315.38,41,NATIONAL_RURAL_FIBER,335214497.92,76.71,2024-09-21
2019,SE,HU9,DSL,72.84,35.32,52.84,8.04,22.87,25.21,6.11,49.43,66.14,43.35,403.86,42,ERDF_CONNECT,149891831.64,51.76,2025-06-01
2020,CY,FI7,DSL,55.89,50.7,52.22,11.48,34.43,73.49,61.69,9.82,81.93,63.56,201.39,45,RRF_BROADBAND,316457302.4,29.85,2024-01-25
2021,FR,CZ149,DSL,42.49,31.52,27.6,9.67,39.66,43.24,25.99,43.59,52.26,36.45,292.65,36,CEF2_DIGITAL,32051481.61,57.98,2024-02-13
2022,IT,SI51,DSL,72.49,42.14,22.99,2.01,25.79,44.45,51.6,17.06,69.62,32.45,181.6,39,NONE,36986331.17,22.97,2024-02-06
2023,NL,DK9,DSL,69.97,55.17,32.71,10.32,19.56,38.88,44.86,26.66,88.73,33.52,353.51,48,STATE_AID_GBER,130685891.33,43.22,2025-01-11
2024,SI,ES399,DSL,46.14,20.81,37.1,1.9,35.44,54.14,5.8,12.27,84.09,64.65,373.72,45,NATIONAL_RURAL_FIBER,324149665.89,69.44,2024-04-16
2025,BG,CZ5,DSL,75.7,58.36,18.28,12.5,19.06,73.08,72.36,7.11,67.16,70.66,399.28,31,ERDF_CONNECT,275876847.78,28.74,2024-10-09
2026,EE,AT995,DSL,69.12,32.81,21.91,11.87,30.06,73.62,47.29,13.52,86.95,60.34,207.32,20,RRF_BROADBAND,298841110.12,31.03,2025-01-22
2014,HU,LT60,DSL,48.86,18.63,48.45,11.66,41.54,94.56,21.59,48.94,51.11,68.34,276.57,8,CEF2_DIGITAL,209553540.18,43.78,2025-10-14
2015,LU,SI247,DSL,61.7,24.62,20.92,14.12,40.03,26.64,68.5,44.57,51.37,25.1,182.53,7,NONE,144880046.71,57.9,2024-09-28
2016,RO,LV543,DSL,71.9,61.1,33.73,6.58,52.69,36.14,15.61,16.96,78.09,27.73,395.27,4,STATE_AID_GBER,113983831.84,63.49,2024-11-24
2017,AT,MT26,DSL,69.62,33.57,17.24,14.93,54.43,62.87,54.91,22.87,63.64,76.4,214.51,12,NATIONAL_RURAL_FIBER,82543513.23,61.32,2024-05-31
2018,CZ,PL26,DSL,37.22,20.58,41.24,11.37,21.25,35.75,70.72,11.78,85.1,36.37,72.38,10,ERDF_CONNECT,146196469.82,41.04,2024-10-28
2019,DE,LV32,DSL,54.74,26.19,35.89,1.7,24.44,55.38,62.4,19.36,75.12,56.19,136.48,18,RRF_BROADBAND,57228955.88,77.3,2025-01-22
2020,LV,HU813,DSL,53.36,39.02,33.79,2.56,28.27,95.39,46.13,28.79,89.35,39.1,312.52,16,CEF2_DIGITAL,386755143.61,62.44,2024-05-10
2021,PL,IE35,DSL,77.84,52.88,45.49,12.21,48.23,23.33,34.26,21.5,73.28,23.69,286.22,9,NONE,68099439.86,60.69,2025-06-05
2022,ES,FI3,DSL,50.42,44.43,11.43,11.94,34.99,93.61,38.23,37.82,73.26,46.28,168.45,10,STATE_AID_GBER,117181069.14,54.54,2026-01-07
2023,HR,DE6,DSL,50.92,25.52,23.51,11.82,53.77,83.6,6.13,35.62,78.63,61.15,348.26,18,NATIONAL_RURAL_FIBER,408852369.79,46.27,2025-09-26
2024,FI,IE275,DSL,75.28,49.19,34.81,2.09,52.1,49.98,71.3,29.71,74.3,24.08,33.75,19,ERDF_CONNECT,285367397.73,22.32,2024-04-27
2025,IE,DK81,DSL,53.15,26.04,37.28,2.51,19.58,15.74,26.72,13.88,87.5,49.84,389.64,14,RRF_BROADBAND,332967506.17,70.81,2024-07-15
2026,MT,BE23,DSL,62.06,39.5,37.38,6.29,29.3,38.99,66.57,24.48,97.9,21.13,300.83,24,CEF2_DIGITAL,410842727.71,21.52,2025-05-14
2014,SK,IE981,DSL,55.8,42.05,51.13,4.72,32.0,23.48,68.0,26.08,68.15,47.25,307.67,22,NONE,244053221.5,23.4,2025-03-03
2015,BE,BG6,DSL,62.51,44.03,39.74,9.18,32.1,27.19,68.11,27.37,78.84,60.6,297.07,66,STATE_AID_GBER,128284515.16,69.37,2026-01-07
2016,DK,PT8,DSL,51.6,33.29,44.05,9.43,49.8,11.3,21.37,45.54,54.63,40.3,340.55,22,NATIONAL_RURAL_FIBER,192261831.5,40.6,2024-04-05
2017,GR,FI8,DSL,70.86,29.91,29.33,2.73,36.17,15.38,30.34,49.08,57.15,81.91,300.9,22,ERDF_CONNECT,150218707.84,37.28,2024-05-26
2018,LT,CY9,DSL,73.66,28.61,32.09,13.92,52.13,31.95,26.48,43.84,45.85,53.81,271.98,42,RRF_BROADBAND,30465135.4,35.98,2024-04-03
2019,PT,BE75,DSL,44.6,17.43,18.35,3.56,49.92,78.18,57.06,18.85,50.94,38.44,95.98,24,CEF2_DIGITAL,304948120.39,64.68,2024-11-06
2020,SE,DK6,DSL,50.18,37.49,50.17,5.91,42.57,55.34,65.43,7.35,80.35,83.34,151.48,44,NONE,328455437.63,23.33,2024-08-23
2021,CY,IT384,DSL,58.09,23.61,50.59,9.11,42.21,15.22,40.48,36.62,53.89,46.79,130.78,31,STATE_AID_GBER,232648568.09,22.71,2025-08-08
2022,FR,DE996,DSL,39.35,20.2,11.79,9.25,41.12,81.66,17.52,16.76,76.93,26.63,90.11,35,NATIONAL_RURAL_FIBER,254273976.91,60.75,2024-04-16
2023,IT,DE337,DSL,38.44,18.34,30.75,7.22,44.73,29.9,74.41,11.73,84.3,62.21,383.41,35,ERDF_CONNECT,203090627.75,51.99,2025-10-28
2024,NL,FI93,DSL,38.86,19.57,50.3,5.37,39.64,44.55,20.76,11.83,75.24,57.75,60.98,25,RRF_BROADBAND,46257858.61,36.32,2024-04-29
2025,SI,BG513,DSL,36.94,30.26,34.69,13.46,53.12,75.43,72.26,36.07,46.61,69.78,240.61,36,CEF2_DIGITAL,93584822.9,45.66,2024-10-08
2026,BG,IT803,DSL,53.72,32.77,22.57,14.36,52.39,50.99,11.27,8.45,57.12,78.64,37.45,31,NONE,239620890.75,78.97,2025-04-13
2014,EE,ES548,DSL,44.85,37.32,11.18,11.45,44.18,23.73,5.75,44.92,54.23,75.94,304.7,37,STATE_AID_GBER,38200644.93,56.69,2024-04-07
2015,HU,LU852,DSL,83.01,61.6,26.6,11.7,52.82,16.7,12.36,14.16,73.73,77.66,358.2,33,NATIONAL_RURAL_FIBER,142410883.06,31.73,2024-04-26
2016,LU,ES78,DSL,83.52,65.09,26.4,12.72,20.41,83.43,15.75,22.96,49.26,79.79,240.32,31,ERDF_CONNECT,114783044.24,20.19,2025-12-21
2017,RO,ES92,DSL,37.38,13.79,47.09,13.26,53.85,58.33,15.53,53.13,82.29,84.61,214.26,36,RRF_BROADBAND,260770852.89,31.34,2025-01-22
2018,AT,DE17,DSL,62.29,24.13,20.5,4.2,36.6,41.54,23.46,21.89,67.55,44.46,322.75,40,CEF2_DIGITAL,35777859.62,23.13,2025-10-27
2019,CZ,NL2,DSL,46.77,28.63,26.76,7.11,19.79,51.72,53.91,49.08,93.54,66.82,95.91,45,NONE,99845837.13,38.73,2025-11-03
2020,DE,MT621,DSL,60.02,49.11,34.07,11.09,22.49,87.64,73.78,50.04,93.3,19.88,44.78,35,STATE_AID_GBER,159756695.48,22.0,2025-07-31
2021,LV,LV859,DSL,52.07,43.3,47.25,8.57,33.16,41.63,61.58,43.14,88.99,26.61,396.43,42,NATIONAL_RURAL_FIBER,28896244.52,61.7,2024-12-15
2022,PL,LT871,DSL,39.01,19.54,28.19,9.46,19.41,26.72,56.98,13.33,58.39,66.82,186.45,39,ERDF_CONNECT,216473588.18,36.05,2025-11-28
2023,ES,EE51,DSL,80.42,71.95,46.85,10.86,28.81,28.75,42.11,47.44,56.02,71.55,181.34,39,RRF_BROADBAND,5071998.6,48.01,2024-08-02
2024,HR,MT3,DSL,78.37,68.25,38.36,1.79,42.51,26.72,5.68,7.71,63.03,60.94,128.02,48,CEF2_DIGITAL,147991636.52,55.43,2025-01-12
2025,FI,ES2,DSL,78.17,62.54,28.82,2.82,19.74,51.28,27.04,31.43,95.73,25.62,247.25,43,NONE,203670249.68,28.78,2024-11-25
2026,IE,SI20,DSL,48.01,17.0,18.91,3.18,27.26,44.59,9.65,54.06,69.78,26.92,84.97,0,STATE_AID_GBER,148156351.97,56.89,2025-12-02
2014,MT,AT9,DSL,58.32,20.67,40.86,4.92,22.83,17.73,19.09,36.4,73.6,32.59,306.78,16,NATIONAL_RURAL_FIBER,116588835.33,28.08,2024-10-10
2015,SK,IT36,DSL,49.72,32.2,37.71,12.34,46.06,42.18,62.65,14.09,43.97,46.26,231.86,3,ERDF_CONNECT,71398995.7,82.25,2025-02-28
2016,BE,PT4,DSL,46.4,41.84,47.46,5.26,32.19,75.68,27.82,11.88,96.88,33.12,217.24,11,RRF_BROADBAND,86225725.05,82.75,2024-04-14
2017,DK,IE60,DSL,36.02,32.36,35.73,2.53,37.31,67.57,13.73,8.52,94.36,75.43,276.1,11,CEF2_DIGITAL,63385121.63,80.58,2025-10-25
2018,GR,BE7,DSL,65.32,43.07,42.79,4.8,44.75,50.0,45.77,31.93,53.96,31.5,29.54,28,NONE,120173278.28,35.16,2026-02-10
2019,LT,SE506,DSL,84.61,63.8,40.67,11.45,19.22,91.35,74.85,8.69,57.83,22.0,370.98,9,STATE_AID_GBER,85116388.22,38.3,2025-11-03
2020,PT,IT157,DSL,44.68,28.17,38.21,5.78,21.09,51.31,24.59,13.93,79.62,23.97,203.98,10,NATIONAL_RURAL_FIBER,150942671.11,48.37,2024-05-07
2021,SE,CZ878,DSL,52.1,47.44,13.19,2.62,35.9,51.75,71.62,14.15,52.34,68.98,393.2,65,ERDF_CONNECT,210966324.22,29.95,2024-08-16
2022,CY,EE8,DSL,60.5,44.78,13.61,5.69,34.66,42.92,34.53,26.34,93.66,41.53,46.54,13,RRF_BROADBAND,137764820.31,73.53,2024-01-18
2023,FR,BE214,DSL,72.35,26.72,24.62,9.52,25.88,18.08,10.65,12.94,40.45,26.9,383.29,64,CEF2_DIGITAL,169001174.9,34.23,2024-08-26
2024,IT,CZ785,DSL,36.08,27.29,29.84,14.66,51.67,44.86,61.11,43.19,49.13,82.62,287.64,56,NONE,251578288.82,32.69,2024-05-29
2025,NL,SK171,DSL,57.1,28.86,10.89,8.36,44.35,68.3,43.91,17.4,40.69,63.9,279.33,14,STATE_AID_GBER,32719543.09,44.97,2025-10-05
2026,SI,GR789,DSL,61.43,25.09,20.5,8.44,43.66,19.82,58.98,27.89,47.21,41.84,326.9,23,NATIONAL_RURAL_FIBER,29242592.97,82.41,2024-02-04
2014,BG,AT36,DSL,69.01,41.41,52.9,10.47,37.65,73.46,9.54,24.78,62.83,73.44,329.35,22,ERDF_CONNECT,86412556.91,57.47,2024-04-22
2015,EE,EE52,DSL,49.54,37.87,12.11,7.78,39.93,28.07,70.09,39.03,85.89,49.55,166.44,23,RRF_BROADBAND,253985587.53,42.79,2024-10-27
2016,HU,FI324,DSL,70.51,27.1,35.7,2.52,18.1,67.45,38.74,41.83,87.02,46.81,389.38,25,CEF2_DIGITAL,25156130.03,44.93,2024-10-01
2017,LU,GR72,DSL,73.45,48.79,19.98,4.56,35.55,37.5,30.07,43.05,78.45,60.36,88.0,21,NONE,346745418.86,79.86,2025-03-10
2018,RO,SI81,DSL,38.45,23.79,13.14,5.18,35.15,57.86,41.46,43.72,42.01,41.07,264.61,28,STATE_AID_GBER,307573728.12,34.56,2024-12-01
2019,AT,CZ230,DSL,71.69,46.11,39.38,9.24,39.39,85.15,5.72,37.27,45.44,38.95,221.32,19,NATIONAL_RURAL_FIBER,93754786.73,79.0,2025-02-27
2020,CZ,DE11,DSL,77.32,28.98,52.05,14.59,51.13,67.71,13.45,43.54,69.01,73.93,47.12,25,ERDF_CONNECT,118749722.01,43.14,2025-07-26
2021,DE,SK282,DSL,70.05,59.39,31.25,5.31,19.54,54.58,18.15,37.58,63.58,57.1,349.89,30,RRF_BROADBAND,29381319.05,24.38,2024-10-07
2022,LV,RO800,DSL,84.27,66.29,16.52,11.64,21.27,39.66,71.4,33.7,68.62,51.28,215.25,32,CEF2_DIGITAL,6337289.15,24.37,2024-12-06
2023,PL,AT86,DSL,79.98,35.09,42.97,14.58,29.88,25.81,13.69,9.97,59.18,64.96,228.15,23,NONE,67452037.77,58.23,2024-03-12
2024,ES,PL507,DSL,41.31,24.33,41.26,2.86,28.97,43.63,37.8,32.5,78.99,49.8,236.27,76,STATE_AID_GBER,26675493.8,75.17,2024-03-28
2025,HR,HU70,DSL,81.24,47.49,54.81,7.96,43.3,76.45,30.42,20.43,78.84,75.33,314.17,32,NATIONAL_RURAL_FIBER,374463231.64,24.13,2025-04-25
2026,FI,SK92,DSL,55.69,22.39,41.71,7.84,37.72,96.24,36.98,10.29,83.21,34.53,302.18,26,ERDF_CONNECT,79918482.25,23.28,2025-09-11
2014,IE,IE6,DSL,69.27,59.26,36.75,10.46,44.29,31.88,63.9,52.42,53.69,77.96,210.6,30,RRF_BROADBAND,16041665.93,70.22,2026-01-07
2015,MT,LU770,DSL,54.25,46.15,35.3,8.44,32.95,68.73,32.66,37.84,68.44,83.76,21.35,39,CEF2_DIGITAL,12920219.52,73.76,2024-07-30
2016,SK,PL63,DSL,35.98,23.86,46.16,9.58,24.13,27.26,40.05,49.55,90.79,24.25,130.41,67,NONE,64307684.32,46.26,2024-06-21
2017,BE,SE74,DSL,82.65,53.17,38.77,14.51,50.44,18.7,70.01,41.71,65.4,41.58,181.48,36,STATE_AID_GBER,347823791.73,31.95,2024-06-27
2018,DK,LT921,DSL,40.95,24.41,34.77,13.79,31.77,42.21,59.79,36.04,66.54,31.04,88.02,35,NATIONAL_RURAL_FIBER,221807597.13,84.29,2026-02-05
2019,GR,HR39,DSL,43.01,15.78,27.0,12.3,42.88,49.3,58.98,47.4,88.42,79.07,99.74,34,ERDF_CONNECT,162659734.52,24.92,2026-01-24
2020,LT,MT98,DSL,84.34,40.13,18.49,3.21,52.26,95.44,32.88,36.81,74.64,66.08,89.11,36,RRF_BROADBAND,321402270.92,36.7,2025-10-26
2021,PT,LT878,DSL,63.26,40.41,32.23,9.75,27.49,53.92,8.7,22.53,95.79,51.04,325.05,46,CEF2_DIGITAL,79091351.48,77.58,2024-08-21
2022,SE,SI87,DSL,79.37,31.02,40.62,2.69,47.06,89.11,64.16,32.76,59.91,41.47,362.35,38,NONE,57935002.56,45.66,2025-11-23
2023,CY,LT72,DSL,36.5,19.09,19.81,2.43,45.03,59.79,10.19,44.52,70.89,50.71,88.93,46,STATE_AID_GBER,353169807.74,69.33,2025-11-28
2024,FR,LV137,DSL,74.88,44.93,23.16,12.49,37.35,53.92,17.48,30.26,85.2,53.35,29.4,88,NATIONAL_RURAL_FIBER,113780337.93,45.0,2024-09-29
2025,IT,SE66,DSL,62.06,23.87,54.18,8.7,39.5,73.02,5.35,33.62,89.13,18.38,114.36,49,ERDF_CONNECT,349510609.6,36.28,2025-09-12
2026,NL,FR41,DSL,60.21,32.78,36.13,11.46,32.77,93.81,46.14,42.58,54.87,43.58,186.87,51,RRF_BROADBAND,113913636.69,40.2,2024-02-08
2014,SI,FR137,DSL,42.67,18.0,24.41,6.73,19.28,43.69,35.61,25.14,78.85,45.22,158.31,1,CEF2_DIGITAL,2400167.09,49.29,2025-04-11
2015,BG,CY42,DSL,56.11,43.52,27.69,1.65,22.89,91.21,35.62,32.64,56.78,47.42,62.07,13,NONE,154610292.48,50.09,2025-12-25
2016,EE,BG21,DSL,80.54,62.97,53.54,11.55,21.76,33.38,33.01,50.66,40.56,22.57,146.41,4,STATE_AID_GBER,9148856.8,43.99,2025-02-22
2017,HU,ES920,DSL,61.71,34.07,26.76,4.5,27.82,20.27,29.39,19.54,73.53,37.46,246.53,10,NATIONAL_RURAL_FIBER,305824918.37,77.48,2024-06-01
2018,LU,CZ897,DSL,54.49,43.04,14.85,4.58,34.13,12.93,41.89,46.26,51.82,77.47,144.51,58,ERDF_CONNECT,353009217.86,54.79,2025-08-01
2019,RO,AT421,DSL,41.49,21.01,15.38,5.97,54.92,90.45,46.85,45.22,62.38,70.73,215.39,16,RRF_BROADBAND,23447691.81,20.48,2024-12-28
2020,AT,PL68,DSL,39.28,22.05,27.97,10.28,39.52,45.3,9.16,32.16,62.02,82.98,14.08,12,CEF2_DIGITAL,211412241.95,67.04,2024-04-14
2021,CZ,NL4,DSL,77.11,57.45,33.37,13.55,47.3,89.67,34.99,21.86,88.41,30.66,377.21,12,NONE,20248367.37,41.79,2025-08-29
2022,DE,DK27,DSL,72.37,62.67,29.93,10.62,38.35,55.3,27.86,39.83,60.58,63.87,44.99,50,STATE_AID_GBER,375003403.89,67.16,2025-09-16
2023,LV,MT813,DSL,70.28,50.91,33.19,14.76,34.51,97.07,24.37,17.06,79.07,80.47,19.05,48,NATIONAL_RURAL_FIBER,34998658.05,43.64,2024-04-03
2024,PL,LU275,DSL,67.63,46.35,45.15,12.29,33.78,25.0,13.85,23.76,75.45,33.25,387.21,14,ERDF_CONNECT,217313101.34,68.9,2024-04-25
2025,ES,IT772,DSL,62.6,39.43,16.51,14.75,24.41,34.61,16.66,46.77,47.1,73.96,156.93,19,RRF_BROADBAND,145671515.79,60.1,2025-11-16
2026,HR,PT249,DSL,72.1,63.2,38.56,2.28,53.7,34.41,27.35,37.82,78.44,40.89,367.0,23,CEF2_DIGITAL,236823720.25,32.7,2025-08-06
2014,FI,SE757,DSL,39.8,15.28,48.88,9.91,35.6,50.3,29.28,38.55,58.76,67.6,30.72,17,NONE,83672071.86,29.11,2024-08-10
2015,IE,LT38,DSL,37.46,26.52,51.42,12.76,53.81,12.89,49.75,8.75,68.45,70.09,66.52,19,STATE_AID_GBER,162855921.4,44.09,2025-01-28
2016,MT,LU4,DSL,79.46,39.56,17.7,3.08,21.76,82.81,26.43,46.93,62.95,68.95,365.89,27,NATIONAL_RURAL_FIBER,405148909.36,61.11,2024-05-06
2017,SK,CY770,DSL,70.0,35.19,45.32,8.67,41.89,52.44,68.47,41.46,56.36,46.75,367.87,42,ERDF_CONNECT,246406742.72,64.12,2026-01-10
2018,BE,LU64,DSL,73.3,30.98,28.26,9.87,40.62,18.31,44.19,45.53,96.59,23.37,53.74,29,RRF_BROADBAND,63735168.84,30.53,2025-01-21
2019,DK,SI741,DSL,36.14,24.38,14.14,7.08,44.54,28.76,38.51,38.09,56.63,71.05,202.03,43,CEF2_DIGITAL,219827380.12,55.46,2025-03-01
2020,GR,FI491,DSL,46.93,21.98,28.68,2.04,23.84,42.29,6.36,47.13,86.5,26.33,249.26,29,NONE,65267209.84,40.29,2025-01-07
2021,LT,HR5,DSL,53.94,19.53,27.59,14.38,34.23,96.86,9.72,24.52,51.63,78.78,269.26,38,STATE_AID_GBER,274779341.55,57.98,2025-04-09
2022,PT,CY30,DSL,80.8,38.96,28.77,10.1,33.84,15.48,42.18,42.86,83.7,34.14,248.26,31,NATIONAL_RURAL_FIBER,225184211.42,67.31,2024-05-20
2023,SE,MT11,DSL,37.62,25.27,17.54,4.09,50.89,63.02,5.03,11.91,88.27,21.95,388.02,33,ERDF_CONNECT,111571662.17,42.6,2025-06-27
2024,CY,IT106,DSL,79.37,30.83,11.39,14.92,44.02,59.0,11.38,6.78,54.23,71.8,241.14,31,RRF_BROADBAND,189988813.14,65.03,2024-05-30
2025,FR,CZ1,DSL,49.35,38.7,27.57,2.58,22.8,46.01,42.65,39.71,68.2,56.99,271.24,28,CEF2_DIGITAL,213942725.86,26.58,2024-08-27
2026,IT,IE9,DSL,62.91,43.6,35.43,4.25,28.85,64.27,32.26,7.09,85.99,50.89,145.42,37,NONE,224903839.2,81.83,2024-05-06
2014,NL,RO18,DSL,47.05,31.42,19.18,10.42,20.7,24.11,12.36,31.25,78.25,41.62,93.04,26,STATE_AID_GBER,244040176.37,39.57,2025-12-09
2015,SI,BG115,DSL,40.78,30.86,27.28,8.96,46.12,42.49,36.52,19.94,41.07,69.21,88.42,63,NATIONAL_RURAL_FIBER,189176363.54,57.86,2024-07-16
2016,BG,DE63,DSL,65.8,23.32,23.91,9.73,21.19,62.39,49.54,8.35,85.55,79.5,242.51,35,ERDF_CONNECT,52528193.36,35.83,2025-03-25
2017,EE,NL673,DSL,72.49,60.18,50.46,10.83,20.47,12.76,56.34,12.79,64.6,44.49,306.22,41,RRF_BROADBAND,8191232.59,74.75,2024-03-30
2018,HU,ES17,DSL,84.36,49.77,40.87,8.26,39.82,14.22,17.47,43.69,52.31,39.48,41.21,36,CEF2_DIGITAL,316071547.26,46.47,2025-10-05
2019,LU,BG996,DSL,84.25,37.4,36.93,14.17,18.68,44.46,56.29,23.31,89.68,20.78,103.82,31,NONE,48131688.05,83.1,2024-11-15
2020,RO,PL60,DSL,79.53,34.83,25.99,5.95,53.67,15.53,8.15,31.21,53.23,80.41,42.32,44,STATE_AID_GBER,75120510.29,29.62,2025-05-18
2021,AT,LU771,DSL,52.18,47.82,41.02,10.15,52.17,84.12,54.44,43.92,86.13,30.24,233.06,41,NATIONAL_RURAL_FIBER,25375887.23,61.64,2025-09-29
2022,CZ,HU554,DSL,84.19,47.73,48.07,6.27,42.61,66.59,11.42,42.53,85.64,58.31,318.09,44,ERDF_CONNECT,229174371.93,78.24,2024-04-16
2023,DE,SK77,DSL,36.44,31.26,43.5,2.21,37.77,20.72,46.7,14.01,55.73,75.37,16.97,46,RRF_BROADBAND,210231714.53,23.36,2026-02-21
2024,LV,IT87,DSL,50.42,39.83,19.44,10.79,49.78,95.95,30.36,15.49,60.44,27.44,90.43,48,CEF2_DIGITAL,90260017.52,75.8,2024-08-17
2025,PL,EE79,DSL,40.84,25.0,26.95,12.37,37.02,30.95,9.47,18.03,93.06,43.18,192.56,40,NONE,95368488.77,82.58,2025-04-23
2026,ES,PT913,DSL,82.81,39.39,32.3,6.33,35.1,18.36,49.42,15.11,72.66,71.07,389.46,50,STATE_AID_GBER,147625594.55,47.32,2024-02-22
2014,HR,ES68,DSL,41.04,30.11,37.96,8.6,40.18,83.3,37.64,12.98,47.19,59.4,130.42,72,NATIONAL_RURAL_FIBER,166770401.14,81.45,2024-05-19
2015,FI,DK55,DSL,83.25,64.56,53.77,4.87,53.3,23.76,25.72,16.75,47.85,54.72,138.03,3,ERDF_CONNECT,163066119.13,38.2,2026-02-13
2016,IE,LU752,DSL,44.85,20.78,11.6,11.16,41.86,38.01,60.46,30.51,97.53,26.8,360.6,2,RRF_BROADBAND,334054095.22,34.59,2024-06-28
2017,MT,DE2,DSL,65.09,30.08,13.26,11.35,20.33,48.15,16.44,16.51,44.31,50.04,158.06,39,CEF2_DIGITAL,7872033.46,68.86,2024-04-10
2018,SK,RO896,DSL,35.08,16.63,43.11,10.01,39.57,56.5,8.88,50.1,59.58,78.85,186.23,11,NONE,143765658.75,36.76,2024-02-28
2019,BE,SI941,DSL,79.19,51.51,25.42,7.54,24.69,31.93,71.13,22.21,93.49,25.08,241.79,13,STATE_AID_GBER,67174947.87,23.07,2024-08-28
2020,DK,CY81,DSL,55.53,23.08,28.86,4.71,32.92,36.79,51.56,54.29,76.0,27.55,122.38,7,NATIONAL_RURAL_FIBER,211027753.19,39.62,2026-01-28
2021,GR,DE396,DSL,48.78,21.6,12.69,7.36,46.53,94.49,27.2,9.68,68.1,56.11,202.16,6,ERDF_CONNECT,231209962.69,75.87,2024-12-10
2022,LT,LV304,DSL,42.33,19.48,52.96,7.52,25.22,44.97,66.58,7.29,53.27,54.17,98.98,18,RRF_BROADBAND,137320323.06,30.42,2025-11-04
2023,PT,FI60,DSL,47.34,37.36,20.35,10.71,27.06,65.07,16.71,43.33,95.13,56.12,113.86,20,CEF2_DIGITAL,197720068.73,41.26,2025-01-29
2024,SE,LV9,DSL,83.49,34.8,52.77,5.48,22.59,85.52,53.63,23.63,79.22,29.72,346.57,62,NONE,150827382.1,84.77,2024-08-12
2025,CY,HU6,DSL,81.83,50.78,12.83,12.13,28.52,94.28,44.69,26.33,78.2,21.93,327.81,12,STATE_AID_GBER,34540182.84,77.2,2024-10-13
2026,FR,IE90,DSL,79.55,52.95,44.13,11.47,36.53,88.54,23.15,6.32,89.72,36.93,347.92,14,NATIONAL_RURAL_FIBER,274127119.88,68.11,2026-01-21
2014,IT,ES625,DSL,72.93,35.78,33.49,8.92,25.02,85.49,69.35,30.26,88.96,29.06,45.27,21,ERDF_CONNECT,108403299.69,38.08,2025-12-22
2015,NL,FI756,DSL,53.25,19.28,22.18,3.99,52.06,28.81,50.69,54.28,54.6,71.43,367.28,19,RRF_BROADBAND,94877203.78,25.37,2025-02-15
2016,SI,MT228,DSL,46.37,20.99,47.32,3.28,38.17,82.11,26.16,48.12,42.6,75.92,332.29,21,CEF2_DIGITAL,181425057.49,39.88,2025-10-30
2017,BG,IE31,DSL,50.02,40.36,33.06,7.71,48.41,64.57,32.71,30.46,93.69,46.74,328.8,19,NONE,11422079.74,83.72,2024-10-19
2018,EE,HR471,DSL,71.5,56.72,23.04,3.18,39.43,52.13,26.12,11.33,84.45,28.94,142.77,30,STATE_AID_GBER,311403768.31,78.44,2026-01-20
2019,HU,CZ330,DSL,84.09,51.44,12.26,8.39,34.99,19.77,60.12,52.7,83.93,53.31,333.88,42,NATIONAL_RURAL_FIBER,87017362.43,75.1,2025-07-29
2020,LU,DK494,DSL,45.71,33.5,33.39,14.99,52.08,20.68,64.8,27.28,53.26,36.4,390.89,25,ERDF_CONNECT,322266945.27,22.39,2025-06-05
2021,RO,BG129,DSL,47.21,21.56,32.01,3.65,30.19,14.59,19.73,41.42,64.62,68.86,331.33,26,RRF_BROADBAND,20420052.87,34.21,2024-08-01
2022,AT,SE850,DSL,80.97,62.11,16.07,12.48,45.12,22.06,29.33,34.69,59.2,39.45,374.68,28,CEF2_DIGITAL,90089783.24,73.03,2026-02-18
2023,CZ,ES104,DSL,55.97,26.65,50.8,3.4,29.83,95.65,57.27,17.47,94.86,75.95,161.48,23,NONE,57571321.79,37.13,2024-03-31
2024,DE,CZ83,DSL,75.66,66.74,37.86,7.69,25.04,16.24,33.18,15.84,65.61,23.23,211.75,26,STATE_AID_GBER,83958610.34,46.51,2024-01-21
2025,LV,CZ269,DSL,42.84,33.21,10.92,14.44,24.9,31.8,33.06,27.36,61.31,37.32,349.9,34,NATIONAL_RURAL_FIBER,363530013.83,21.83,2024-04-13
2026,PL,HR495,DSL,41.62,21.42,53.55,8.36,40.88,96.89,63.66,19.27,51.17,63.79,389.02,68,ERDF_CONNECT,318697380.86,79.87,2025-07-17
2014,ES,FI4,DSL,52.05,29.19,30.34,11.41,25.84,62.91,73.37,23.27,58.8,24.06,119.78,36,RRF_BROADBAND,23011243.05,22.68,2025-09-08
2015,HR,SK364,DSL,48.87,44.86,21.79,1.85,52.27,37.41,23.39,39.97,61.39,41.46,356.38,29,CEF2_DIGITAL,126029058.1,33.74,2024-11-03
2016,FI,ES6,DSL,45.24,38.86,48.68,6.28,28.49,76.89,52.41,53.91,64.32,27.19,256.76,28,NONE,139783837.81,44.46,2025-09-30
2017,IE,LT2,DSL,37.06,15.34,54.46,3.73,32.56,90.68,50.26,6.03,45.96,47.8,314.98,35,STATE_AID_GBER,301664911.77,43.29,2024-02-05
2018,MT,LV70,DSL,62.41,38.13,30.17,10.19,25.82,80.97,39.59,35.44,97.16,48.73,297.81,36,NATIONAL_RURAL_FIBER,128938082.01,23.72,2025-11-17
2019,SK,IT371,DSL,78.57,68.51,45.03,12.09,47.98,16.42,70.97,16.37,62.62,52.04,71.44,37,ERDF_CONNECT,33898535.16,60.8,2024-07-06
2020,BE,GR35,DSL,47.16,20.11,54.25,9.52,31.18,30.64,19.47,8.2,88.76,58.32,310.93,42,RRF_BROADBAND,353688153.34,77.23,2024-05-08
2021,DK,CZ326,DSL,74.9,54.54,17.31,5.08,23.06,30.48,70.68,52.12,66.18,79.44,113.09,92,CEF2_DIGITAL,130660356.17,74.63,2026-02-25
2022,GR,SK36,DSL,42.69,35.78,46.41,4.66,32.45,83.25,6.81,49.13,83.59,55.69,244.63,34,NONE,342080705.56,35.02,2025-07-01
2023,LT,LT320,DSL,45.33,40.27,17.57,3.83,23.95,34.32,67.4,34.36,85.14,41.1,30.59,45,STATE_AID_GBER,20529616.36,59.48,2026-02-12
2024,PT,GR6,DSL,79.42,35.02,24.36,12.08,47.19,63.37,68.55,53.26,66.54,73.49,129.23,40,NATIONAL_RURAL_FIBER,83298342.5,37.72,2026-01-21
2025,SE,DE904,DSL,36.89,16.89,34.32,8.1,54.65,12.79,22.04,24.23,50.39,82.82,250.23,37,ERDF_CONNECT,167146350.74,65.55,2025-03-01
2026,CY,NL7,DSL,42.14,32.21,18.83,6.42,52.53,15.43,73.99,33.16,81.42,28.83,192.01,40,RRF_BROADBAND,304321430.88,65.96,2025-11-21
2014,FR,HR147,DSL,43.02,39.26,11.01,2.88,35.4,16.14,69.91,51.93,64.98,40.42,127.24,40,CEF2_DIGITAL,163826589.4,31.48,2025-01-20
2015,IT,SI52,DSL,81.03,46.48,42.85,8.62,21.3,12.9,6.22,27.55,79.88,83.97,202.84,88,NONE,188895369.61,54.79,2024-12-30
2016,NL,IE407,DSL,43.79,25.51,14.44,11.46,21.61,45.08,26.5,26.0,88.42,39.83,92.0,7,STATE_AID_GBER,54330131.9,55.21,2024-07-30
2017,SI,HR27,DSL,66.29,38.94,32.96,6.6,26.8,55.71,51.02,49.78,45.18,71.95,44.37,4,NATIONAL_RURAL_FIBER,116943111.03,35.16,2025-04-06
2018,BG,CY180,DSL,55.24,40.68,43.08,13.95,45.7,45.07,32.94,50.92,43.11,35.3,104.91,4,ERDF_CONNECT,175461407.45,25.2,2025-09-24
2019,EE,AT60,DSL,38.04,30.65,32.89,13.87,23.5,80.94,15.88,49.64,75.12,79.93,114.07,4,RRF_BROADBAND,82484820.58,52.13,2024-11-18
2020,HU,SK51,DSL,50.46,27.39,45.85,9.82,25.8,47.68,42.24,14.12,59.69,32.82,401.33,9,CEF2_DIGITAL,119000844.92,74.23,2025-05-09
2021,LU,SI72,DSL,81.45,45.54,36.93,10.63,50.94,49.51,50.93,52.47,79.26,18.07,217.24,6,NONE,95736852.72,30.2,2024-05-15
2022,RO,MT908,DSL,84.51,67.64,37.1,12.11,19.96,56.01,66.63,49.76,77.49,66.88,234.27,9,STATE_AID_GBER,184976717.14,43.77,2024-11-22
2023,AT,LU9,DSL,48.46,24.21,20.19,5.94,28.51,59.56,45.97,17.26,78.05,45.08,406.41,8,NATIONAL_RURAL_FIBER,236450189.6,47.33,2024-01-24
2024,CZ,IE70,DSL,71.63,34.15,10.74,12.31,54.98,96.58,72.83,41.6,88.77,74.23,240.04,8,ERDF_CONNECT,142925325.86,62.09,2025-11-06
2025,DE,SI29,DSL,82.54,63.25,15.35,14.56,29.46,90.47,35.48,7.88,61.15,72.06,222.87,20,RRF_BROADBAND,255253032.95,74.01,2024-07-21
2026,LV,EE122,DSL,47.99,43.97,28.29,2.63,45.97,42.26,41.39,17.36,63.04,19.24,285.97,11,CEF2_DIGITAL,116422967.18,70.05,2024-03-16
2014,PL,IT723,DSL,64.29,56.97,25.42,10.96,35.11,59.36,60.19,35.06,78.07,71.09,91.59,18,NONE,231431695.38,63.01,2024-09-22
2015,ES,ES813,DSL,38.78,22.35,46.53,14.36,29.73,22.14,51.89,48.4,83.48,20.71,192.72,12,STATE_AID_GBER,284867464.64,77.69,2025-01-07
2016,HR,LV577,DSL,40.13,18.08,27.28,9.45,51.63,61.25,58.01,37.16,79.74,73.49,374.98,14,NATIONAL_RURAL_FIBER,360635733.76,59.57,2025-08-27
2017,FI,MT40,DSL,40.78,36.62,35.0,1.83,26.52,55.43,34.57,43.99,44.34,66.42,129.91,73,ERDF_CONNECT,106542487.07,84.59,2025-04-18
2018,IE,GR93,DSL,55.11,39.64,38.76,1.61,52.69,88.01,24.66,35.09,44.7,25.88,58.64,27,RRF_BROADBAND,83659113.95,34.72,2024-09-21
2019,MT,HR7,DSL,51.81,41.29,43.42,8.51,54.91,77.28,24.52,20.91,58.5,82.28,32.73,64,CEF2_DIGITAL,33909024.91,38.37,2025-02-22
2020,SK,AT113,DSL,77.74,34.4,16.98,9.74,44.85,42.91,63.55,23.4,77.58,79.89,311.45,77,NONE,72317545.45,27.19,2024-08-25
2021,BE,GR4,DSL,37.99,30.11,27.46,11.35,32.77,60.76,40.39,36.96,63.67,78.77,248.79,27,STATE_AID_GBER,5998971.65,32.11,2024-05-28
2022,DK,GR509,DSL,84.15,62.84,17.27,9.37,53.2,42.08,55.45,36.37,59.56,32.32,192.83,31,NATIONAL_RURAL_FIBER,266062077.78,78.05,2025-02-15
2023,GR,LV1,DSL,60.19,23.2,15.07,10.53,43.07,34.3,33.17,21.9,66.08,47.92,184.51,27,ERDF_CONNECT,75540096.6,56.02,2025-01-17
2024,LT,SE153,DSL,80.06,50.53,43.22,7.04,34.73,64.06,41.72,32.21,64.09,24.54,281.31,27,RRF_BROADBAND,134432458.35,41.08,2024-10-17
2025,PT,NL6,DSL,80.49,67.87,38.47,8.59,25.02,86.43,36.7,48.39,52.35,38.91,309.63,27,CEF2_DIGITAL,147469687.8,31.59,2024-11-24
2026,SE,CZ460,DSL,56.72,48.85,51.08,7.24,33.32,59.05,42.08,34.07,46.17,41.0,141.13,82,NONE,312385653.47,82.81,2025-02-20
2014,CY,LV166,DSL,72.67,49.26,54.18,14.32,19.08,87.27,66.34,30.96,53.94,22.39,117.61,31,STATE_AID_GBER,257622898.86,55.84,2024-12-17
2015,FR,SI71,DSL,48.86,21.79,42.74,2.46,25.02,79.65,30.72,19.58,95.88,20.6,229.42,35,NATIONAL_RURAL_FIBER,161853299.07,62.98,2025-09-19
2016,IT,CZ91,DSL,35.64,16.96,24.78,14.99,40.82,87.22,28.0,44.25,82.95,46.0,49.82,33,ERDF_CONNECT,8754885.68,54.98,2024-12-24
2017,NL,CY54,DSL,83.95,38.58,42.16,4.02,37.91,74.02,69.67,22.1,97.67,30.14,344.03,32,RRF_BROADBAND,41982524.24,70.52,2025-08-15
2018,SI,SE3,DSL,75.97,64.45,47.99,1.96,20.8,70.69,31.59,36.78,53.94,43.47,163.75,30,CEF2_DIGITAL,80129762.16,45.57,2024-05-09
2019,BG,SK714,DSL,78.77,30.7,22.01,2.68,52.99,53.18,29.01,39.0,57.97,71.41,12.6,36,NONE,43721809.12,36.66,2024-12-01
2020,EE,IE15,DSL,43.94,23.5,31.2,14.24,37.47,61.27,33.94,38.91,54.05,70.6,318.74,30,STATE_AID_GBER,272071590.64,43.32,2024-05-17
2021,HU,SI291,DSL,49.91,25.22,46.76,2.91,36.43,49.84,16.84,21.76,57.27,35.86,66.05,41,NATIONAL_RURAL_FIBER,408556540.58,68.63,2024-06-03
2022,LU,ES89,DSL,39.49,30.16,43.7,12.09,53.74,35.28,47.26,42.83,69.69,84.57,191.52,36,ERDF_CONNECT,207175958.74,59.75,2025-10-29
2023,RO,EE156,DSL,37.89,24.33,21.49,12.11,19.72,73.23,42.4,51.42,73.42,37.24,313.54,39,RRF_BROADBAND,146406574.43,35.78,2025-06-12
2024,AT,RO49,DSL,76.83,59.17,23.33,11.5,39.0,44.62,22.51,48.97,52.24,31.43,216.42,51,CEF2_DIGITAL,187612586.02,65.86,2025-07-02
2025,CZ,LT3,DSL,35.2,31.51,25.01,9.49,18.54,47.93,30.96,33.1,63.87,55.35,405.61,45,NONE,162932222.66,44.15,2025-06-29
2026,DE,SI16,DSL,47.38,33.65,34.03,1.73,38.46,61.58,56.81,51.49,50.4,18.7,99.01,43,STATE_AID_GBER,1550575.62,40.58,2025-12-14
2014,LV,BG73,DSL,42.65,22.86,14.7,12.97,19.43,27.04,42.23,15.08,60.96,35.68,320.96,83,NATIONAL_RURAL_FIBER,254369854.44,28.14,2024-03-09
2015,PL,IT998,DSL,56.44,30.32,14.28,5.43,54.84,76.98,74.24,29.12,87.68,35.44,258.28,86,ERDF_CONNECT,133724767.45,40.51,2024-01-08
2016,ES,ES414,DSL,67.1,35.3,22.17,13.88,42.15,89.84,54.2,19.55,90.03,52.92,282.67,51,RRF_BROADBAND,240635945.41,40.0,2024-12-08
2017,HR,SK197,DSL,51.98,20.04,36.94,11.63,41.79,76.91,32.12,11.57,74.65,34.5,411.88,59,CEF2_DIGITAL,98208488.42,42.57,2024-11-15
2018,FI,HU48,DSL,47.3,34.59,36.16,7.58,50.82,54.63,64.24,42.93,45.68,39.75,196.57,46,NONE,151533110.12,77.61,2025-12-09
2019,IE,SK71,DSL,40.39,17.88,33.12,2.76,35.6,41.1,23.57,41.25,74.3,84.61,402.72,2,STATE_AID_GBER,129367270.33,26.64,2025-09-20
2020,MT,LT14,DSL,79.32,45.58,14.64,5.43,22.76,37.0,24.4,26.48,44.46,26.06,213.6,51,NATIONAL_RURAL_FIBER,327606397.81,78.17,2025-07-06
2021,SK,SK87,DSL,71.0,61.22,18.29,8.28,40.2,75.9,36.46,38.96,50.68,82.77,201.93,10,ERDF_CONNECT,358181845.05,21.07,2025-03-04
2022,BE,IT84,DSL,67.62,48.34,12.59,7.22,52.88,64.86,14.2,50.09,61.85,54.14,220.11,10,RRF_BROADBAND,283166.06,44.86,2025-10-08
2023,DK,ES1,DSL,57.02,52.36,44.92,14.89,27.15,51.09,6.53,53.73,80.57,65.05,294.03,17,CEF2_DIGITAL,208290082.71,38.29,2025-06-24
2024,GR,GR29,DSL,44.08,28.86,28.37,9.89,54.91,46.49,62.66,34.44,91.01,41.42,419.27,11,NONE,223051001.54,68.11,2025-07-25
2025,LT,ES8,DSL,52.15,42.84,16.42,9.1,25.46,63.68,13.44,15.85,56.3,28.05,97.77,8,STATE_AID_GBER,134957558.85,38.52,2025-12-11
2026,PT,RO505,DSL,52.04,39.06,36.73,3.7,44.46,76.16,43.86,15.67,69.75,55.34,298.04,11,NATIONAL_RURAL_FIBER,85258303.67,44.55,2025-12-19
2014,SE,HU183,DSL,65.66,47.41,20.87,6.41,35.07,24.33,23.8,43.48,95.47,67.89,131.29,11,ERDF_CONNECT,206135800.36,68.25,2025-09-08
2015,CY,AT259,DSL,77.88,29.76,38.06,2.17,24.9,18.64,48.56,14.36,51.03,79.97,371.05,18,RRF_BROADBAND,276111954.55,53.29,2024-07-11
2016,FR,AT76,DSL,40.94,34.75,35.09,12.13,28.3,46.59,27.93,31.9,84.64,32.32,126.9,33,CEF2_DIGITAL,75628014.92,31.58,2025-08-14
2017,IT,BE284,DSL,55.3,38.42,43.73,12.95,45.96,74.2,27.69,13.23,89.46,60.84,316.42,21,NONE,184033951.24,35.87,2025-12-26
2018,NL,FI574,DSL,81.55,35.96,51.82,8.03,46.88,57.15,53.48,36.0,71.45,71.85,47.89,22,STATE_AID_GBER,381447565.52,47.18,2026-01-19
2019,SI,SK964,DSL,51.48,31.49,43.41,2.05,50.89,27.65,9.76,21.13,52.01,60.73,328.31,22,NATIONAL_RURAL_FIBER,83629976.62,52.05,2024-05-01
2020,BG,DK1,DSL,53.8,44.32,28.34,11.26,40.38,42.26,69.68,29.96,76.78,57.03,156.72,27,ERDF_CONNECT,205713395.8,79.16,2025-03-06
2021,EE,EE188,DSL,35.7,31.23,31.79,5.52,19.32,35.77,63.77,38.59,70.41,46.58,172.46,21,RRF_BROADBAND,198004727.95,32.59,2025-07-02
2022,HU,SK495,DSL,64.52,56.23,48.44,11.38,21.94,72.17,18.51,10.15,50.4,31.59,360.39,43,CEF2_DIGITAL,125498134.55,22.59,2026-02-22
2023,LU,MT58,DSL,40.51,25.61,19.83,7.68,36.87,25.51,54.25,40.28,82.27,81.07,93.79,24,NONE,48722874.71,39.41,2024-02-14
2024,RO,PT69,DSL,37.21,23.88,45.45,8.19,45.36,71.33,19.05,48.97,43.9,54.27,238.16,32,STATE_AID_GBER,277747338.91,84.81,2024-07-05
2025,AT,ES48,DSL,75.06,58.87,29.95,12.64,30.17,66.02,13.37,38.71,63.66,38.96,388.49,30,NATIONAL_RURAL_FIBER,191339047.87,29.03,2024-11-02
2026,CZ,SK17,DSL,37.24,32.05,38.66,2.18,37.51,15.82,51.41,46.53,86.37,68.65,228.4,32,ERDF_CONNECT,185908729.88,49.52,2025-09-16
2014,DE,HR611,DSL,63.25,46.6,22.21,6.78,31.01,64.58,9.7,46.04,49.16,47.1,166.21,23,RRF_BROADBAND,268978929.29,76.71,2024-07-12
2015,LV,HU27,DSL,58.97,30.18,32.81,5.92,51.42,58.67,70.78,36.64,83.7,40.32,75.61,34,CEF2_DIGITAL,100876115.37,52.22,2025-01-06
2016,PL,CZ6,DSL,65.67,46.48,28.93,8.34,30.91,97.89,68.89,13.47,49.63,66.63,315.42,37,NONE,58925002.51,53.01,2024-01-30
2017,ES,BE603,DSL,74.58,51.34,13.56,2.71,53.81,11.71,37.49,9.91,46.04,53.2,52.98,34,STATE_AID_GBER,161913514.57,23.75,2025-11-21
2018,HR,LV5,DSL,79.97,69.91,52.93,8.77,37.03,48.39,56.56,20.6,68.27,48.94,58.32,59,NATIONAL_RURAL_FIBER,44185088.51,79.21,2025-02-07
2019,FI,RO80,DSL,83.36,72.41,46.76,10.42,40.33,14.24,44.59,9.58,84.62,65.59,417.53,28,ERDF_CONNECT,140864789.06,26.27,2024-08-13
2020,IE,MT16,DSL,78.05,55.03,36.17,14.7,45.51,60.41,20.97,10.7,51.53,54.43,384.13,32,RRF_BROADBAND,83747244.29,58.04,2024-12-24
2021,MT,IT18,DSL,69.24,61.52,33.4,3.28,44.44,51.44,17.77,16.43,81.87,53.27,219.53,31,CEF2_DIGITAL,206160910.75,39.71,2026-02-03
2022,SK,LU835,DSL,43.88,33.27,20.06,4.85,29.88,66.73,27.68,28.98,66.96,58.17,223.82,34,NONE,58584888.74,23.69,2024-04-17
2023,BE,RO122,DSL,52.32,31.59,49.98,10.09,20.49,55.92,24.65,35.9,84.36,53.97,260.42,38,STATE_AID_GBER,120420265.08,80.89,2024-11-02
2024,DK,RO961,DSL,49.33,36.39,28.52,9.92,39.08,64.38,47.43,29.16,59.55,72.73,152.79,41,NATIONAL_RURAL_FIBER,134619036.19,80.29,2024-04-13
2025,GR,SK2,DSL,52.55,19.61,27.82,9.07,39.66,44.88,30.84,43.02,46.18,48.92,218.1,36,ERDF_CONNECT,163920670.99,81.05,2025-10-31
2026,LT,SE5,DSL,50.46,42.66,52.68,4.22,24.75,78.23,67.14,42.25,63.54,65.91,132.1,44,RRF_BROADBAND,155956366.05,58.07,2025-06-04
2014,PT,FR386,DSL,83.54,75.32,13.31,11.87,44.27,35.47,9.93,26.64,76.31,19.53,278.45,46,CEF2_DIGITAL,131039592.01,83.82,2025-11-09
2015,SE,GR46,DSL,84.63,70.74,42.4,3.08,34.92,63.95,53.67,6.94,73.19,51.59,181.49,49,NONE,191365117.32,74.45,2024-12-21
2016,CY,SK91,DSL,41.89,26.32,34.91,9.35,41.31,30.41,12.33,40.72,95.79,84.75,133.25,60,STATE_AID_GBER,956581.32,21.06,2024-07-07
2017,FR,HU749,DSL,67.08,49.42,11.75,10.66,37.47,55.14,34.24,17.13,74.16,39.95,66.2,46,NATIONAL_RURAL_FIBER,140222817.21,75.45,2025-05-16
2018,IT,BG2,DSL,36.09,30.81,18.67,12.89,54.37,61.63,71.78,9.72,69.21,44.76,210.47,49,ERDF_CONNECT,124387019.22,78.73,2025-04-25
2019,NL,BG701,DSL,58.09,50.65,24.44,3.13,38.8,28.37,13.72,30.3,43.63,46.37,15.6,3,RRF_BROADBAND,329948979.32,39.47,2025-11-04
2020,SI,BE36,DSL,65.53,36.2,48.74,11.71,53.14,57.92,21.31,13.26,97.85,21.64,365.5,27,CEF2_DIGITAL,321911576.3,51.23,2024-02-18
2021,BG,IE56,DSL,43.5,18.99,36.4,13.7,21.34,43.65,54.45,54.17,96.14,59.88,23.99,4,NONE,279708913.82,52.4,2025-12-10
2022,EE,PT66,DSL,54.41,27.06,22.78,2.74,51.07,76.66,54.3,37.54,60.5,76.85,66.92,23,STATE_AID_GBER,105895844.57,66.55,2024-12-30
2023,HU,SI56,DSL,37.04,17.01,18.54,10.59,52.29,45.1,42.62,29.56,91.24,39.39,336.38,12,NATIONAL_RURAL_FIBER,131000194.61,59.68,2025-12-28
2024,LU,HU5,DSL,79.56,48.77,16.65,9.31,33.94,58.3,33.27,14.18,86.73,50.02,265.9,15,ERDF_CONNECT,42418209.13,34.48,2024-08-15
2025,RO,HU59,DSL,50.93,18.13,50.13,9.96,54.99,86.68,57.3,17.2,51.04,64.31,52.32,15,RRF_BROADBAND,225944494.8,67.66,2024-04-29
2026,AT,AT37,DSL,58.34,47.97,47.35,1.98,26.91,70.2,58.7,48.99,76.37,54.73,149.93,15,CEF2_DIGITAL,15662389.72,31.95,2024-06-09
2014,CZ,IE635,DSL,70.55,50.07,22.3,10.19,41.89,24.57,25.43,13.65,53.01,60.17,225.78,9,NONE,375440310.38,83.93,2025-10-09
2015,DE,GR7,DSL,36.99,18.3,50.18,5.53,39.14,91.33,21.47,42.45,90.75,26.89,367.75,16,STATE_AID_GBER,143628529.94,59.03,2024-07-27
2016,LV,CZ817,DSL,64.38,41.95,41.19,4.62,34.18,17.44,64.66,47.7,79.98,34.03,300.39,22,NATIONAL_RURAL_FIBER,21597450.89,57.78,2024-08-29
2017,PL,FR80,DSL,60.65,39.15,43.2,12.72,48.29,73.53,43.06,10.56,67.77,78.83,89.62,16,ERDF_CONNECT,171150121.77,63.41,2025-02-02
2018,ES,EE7,DSL,79.37,43.03,50.11,14.24,51.84,85.17,14.43,48.16,52.24,39.54,189.01,19,RRF_BROADBAND,88206485.01,35.77,2025-03-18
2019,HR,MT6,DSL,60.15,31.46,26.56,8.44,19.15,15.51,30.34,11.08,86.37,23.38,370.34,17,CEF2_DIGITAL,244156067.03,37.4,2024-04-15
2020,FI,DE86,DSL,41.64,28.52,28.25,10.33,36.88,46.41,63.27,23.44,79.93,26.8,60.63,21,NONE,148558641.4,60.65,2024-09-23
2021,IE,AT45,DSL,53.58,28.03,18.87,3.69,41.2,95.78,7.6,33.42,55.58,29.03,83.42,28,STATE_AID_GBER,32176586.99,24.01,2025-11-14
2022,MT,NL90,DSL,61.41,50.65,42.04,4.4,31.9,44.98,50.99,26.15,83.11,31.98,248.94,21,NATIONAL_RURAL_FIBER,190981685.53,36.67,2025-02-04
2023,SK,BG62,DSL,46.74,25.93,49.19,12.67,53.03,76.56,49.74,22.9,56.43,50.27,153.84,27,ERDF_CONNECT,36641791.48,80.15,2024-10-09
2024,BE,BE447,DSL,35.11,23.82,20.24,13.61,44.36,78.35,46.22,47.9,76.94,31.62,172.65,25,RRF_BROADBAND,57945291.3,20.98,2025-07-29
2025,DK,IT8,DSL,72.06,47.44,24.42,6.03,28.81,61.64,61.31,32.53,91.46,52.19,280.33,31,CEF2_DIGITAL,306200569.23,38.51,2024-11-03
2026,GR,RO37,DSL,50.54,17.86,43.96,4.52,46.59,13.71,19.6,47.72,47.97,56.64,261.91,27,NONE,196975466.35,26.09,2024-01-07
2014,LT,HR60,DSL,38.96,15.82,17.28,7.71,53.22,83.32,59.95,28.93,74.83,51.19,377.54,30,STATE_AID_GBER,318748559.09,75.14,2024-07-04
2015,PT,PT772,DSL,68.84,60.44,30.01,1.65,48.28,56.42,32.03,21.61,93.61,84.44,112.93,61,NATIONAL_RURAL_FIBER,201877768.46,45.51,2025-07-31
2016,SE,CY3,DSL,72.64,33.32,23.49,8.49,29.8,45.25,30.12,36.07,78.87,67.87,161.58,68,ERDF_CONNECT,185738972.39,65.47,2025-11-06
2017,CY,MT351,DSL,70.28,42.09,46.34,7.69,38.07,96.46,45.04,17.21,49.91,73.07,86.81,83,RRF_BROADBAND,19811440.6,50.17,2024-02-09
2018,FR,FI43,DSL,52.77,34.91,31.92,11.29,51.62,52.6,41.75,27.75,79.54,64.46,54.85,76,CEF2_DIGITAL,222938098.03,77.11,2024-11-03
2019,IT,PT42,DSL,49.41,30.6,27.44,9.32,48.32,96.22,67.81,20.08,61.87,37.5,300.48,32,NONE,215361486.91,42.25,2025-04-27
2020,NL,BE8,DSL,83.95,37.42,53.43,1.95,38.83,35.11,55.63,43.07,86.18,60.35,178.34,33,STATE_AID_GBER,55477059.26,83.03,2024-04-09
2021,SI,LU58,DSL,53.61,31.44,40.54,6.7,33.02,92.02,56.98,39.05,48.8,77.3,403.62,80,NATIONAL_RURAL_FIBER,128354343.29,23.29,2026-02-19
2022,BG,FR52,DSL,83.49,66.57,50.01,8.82,24.09,29.24,48.12,54.2,61.75,63.85,163.97,30,ERDF_CONNECT,245804410.43,49.72,2024-05-02
2023,EE,BE1,DSL,59.14,51.69,10.01,4.82,29.11,36.62,63.59,45.95,74.78,32.85,353.9,42,RRF_BROADBAND,206591633.71,54.14,2025-04-08
2024,HU,IE98,DSL,69.66,46.29,39.35,1.76,26.77,22.69,39.42,37.24,52.6,62.12,217.54,40,CEF2_DIGITAL,51076043.74,60.57,2024-05-03
2025,LU,DE3,DSL,57.33,34.65,35.5,8.02,48.13,14.28,24.43,10.22,47.01,75.89,381.69,61,NONE,128658738.51,83.81,2024-08-24
2026,RO,DK718,DSL,73.48,64.85,35.17,9.63,19.14,79.07,74.96,15.94,60.27,43.25,141.64,41,STATE_AID_GBER,76186455.31,49.31,2024-05-30
2014,AT,LU60,DSL,58.36,27.24,38.37,2.12,53.64,73.43,51.4,35.2,78.56,31.73,160.45,83,NATIONAL_RURAL_FIBER,103624021.87,76.73,2026-01-14
2015,CZ,SK137,DSL,84.28,42.97,43.21,10.25,34.86,92.2,25.89,42.6,74.36,47.54,156.68,42,ERDF_CONNECT,300408109.75,74.8,2025-11-08
2016,DE,HU3,DSL,57.83,47.03,14.57,11.88,43.83,94.52,16.79,41.44,47.64,33.87,139.0,41,RRF_BROADBAND,325414161.69,66.56,2026-02-11
2017,LV,SE58,DSL,84.45,62.79,52.07,1.86,29.33,23.42,40.83,12.52,75.8,72.11,298.66,39,CEF2_DIGITAL,142697753.5,78.93,2024-03-01
2018,PL,FI9,DSL,44.43,22.08,26.68,9.16,37.16,43.47,39.63,21.56,83.04,60.31,317.1,49,NONE,210067823.44,72.56,2024-08-03
2019,ES,FI16,DSL,65.78,47.71,32.68,9.23,50.96,94.81,68.63,47.55,68.61,25.57,67.03,36,STATE_AID_GBER,216831137.14,82.71,2024-01-15
2020,HR,IT93,DSL,54.11,49.45,27.71,2.14,34.62,53.34,63.35,25.46,63.24,27.4,182.13,9,NATIONAL_RURAL_FIBER,311295031.95,52.51,2024-01-15
2021,FI,IT924,DSL,39.44,23.67,27.06,3.5,26.9,41.32,69.46,20.08,79.7,30.64,71.9,7,ERDF_CONNECT,300370388.53,39.79,2024-10-01
2022,IE,AT560,DSL,51.87,44.21,12.82,4.93,49.84,35.08,8.58,11.35,52.04,62.05,241.88,8,RRF_BROADBAND,249076213.01,70.68,2025-07-24
2023,MT,IE484,DSL,71.28,33.37,18.57,5.34,44.24,48.56,18.66,19.6,64.32,25.03,399.94,17,CEF2_DIGITAL,147463879.86,73.35,2024-01-07
2024,SK,HR937,DSL,41.65,29.97,12.15,3.73,21.06,21.94,34.46,50.44,79.58,18.82,112.75,11,NONE,189453871.88,67.88,2024-07-29
2025,BE,LV30,DSL,79.08,29.08,25.63,12.8,30.98,17.23,13.18,19.87,82.17,69.88,24.5,15,STATE_AID_GBER,55643058.69,49.97,2025-03-03
2026,DK,DK36,DSL,84.16,33.36,47.66,9.64,52.7,83.21,25.7,25.64,53.52,36.21,280.98,41,NATIONAL_RURAL_FIBER,268088365.01,28.36,2025-05-21
2014,GR,LU2,DSL,72.92,34.32,29.94,2.98,19.45,14.86,49.68,48.27,86.93,47.05,92.75,11,ERDF_CONNECT,254352695.14,77.23,2024-02-01
2015,LT,BG56,DSL,41.21,23.58,50.57,5.05,21.55,93.1,34.09,28.27,64.23,40.4,288.23,49,RRF_BROADBAND,210107961.22,46.05,2025-11-20
2016,PT,AT385,DSL,65.23,23.64,47.14,13.47,18.7,33.81,50.35,17.64,86.85,60.72,13.26,12,CEF2_DIGITAL,190163942.21,78.81,2024-07-29
2017,SE,SK8,DSL,53.65,26.9,54.22,3.75,51.25,19.04,60.51,13.11,91.01,53.57,210.61,27,NONE,104347553.25,42.19,2024-07-11
2018,CY,AT8,DSL,41.71,31.57,12.97,10.21,41.98,18.93,32.12,16.32,60.26,60.62,29.7,54,STATE_AID_GBER,54273602.14,25.41,2024-11-28
2019,FR,HU938,DSL,37.72,33.63,25.26,8.32,43.39,13.55,36.85,8.49,66.3,55.74,219.44,22,NATIONAL_RURAL_FIBER,247294904.91,83.36,2025-12-15
2020,IT,AT815,DSL,35.93,13.1,23.38,6.96,32.4,62.19,44.08,28.6,45.96,35.43,284.43,16,ERDF_CONNECT,116324615.39,47.46,2024-03-06
2021,NL,BE850,DSL,52.08,23.49,43.85,3.47,24.45,14.81,51.49,22.14,55.49,39.3,202.79,33,RRF_BROADBAND,89299487.71,60.03,2024-02-27
2022,SI,HU29,DSL,52.89,19.41,20.77,6.56,20.58,82.67,27.98,13.48,56.83,29.17,293.39,23,CEF2_DIGITAL,285688181.51,65.6,2025-07-27
2023,BG,EE798,DSL,81.74,73.13,32.39,7.24,20.46,25.13,32.08,46.2,57.28,81.58,337.33,25,NONE,344296165.64,74.66,2025-12-02
2024,EE,SK21,DSL,75.66,59.41,39.23,4.71,38.28,39.23,16.59,50.22,77.54,29.37,284.16,19,STATE_AID_GBER,188391388.39,38.79,2025-10-21
2025,HU,IE29,DSL,64.36,28.97,17.17,7.43,22.28,17.78,61.81,36.75,96.49,35.54,232.74,79,NATIONAL_RURAL_FIBER,93697244.13,79.29,2026-01-15
2026,LU,RO749,DSL,44.97,22.42,29.57,3.81,44.01,91.19,21.92,16.7,80.02,20.14,179.24,24,ERDF_CONNECT,240434111.17,81.27,2025-11-27
2014,RO,BE133,DSL,72.42,33.93,19.32,1.74,20.55,97.91,43.42,38.0,64.96,22.03,305.8,37,RRF_BROADBAND,58723948.99,32.84,2025-05-15
2015,AT,DE550,DSL,53.69,29.32,43.2,10.75,54.1,24.67,61.72,7.73,53.61,64.23,366.81,25,CEF2_DIGITAL,12493136.5,80.37,2024-03-23
2016,CZ,LU45,DSL,57.48,25.79,33.02,3.28,18.1,52.14,49.73,9.74,95.26,36.24,364.27,62,NONE,207959405.08,74.38,2024-06-23
2017,DE,CZ29,DSL,59.91,54.81,27.14,13.83,40.67,90.55,15.83,14.83,55.43,34.92,170.68,31,STATE_AID_GBER,61534264.89,56.1,2026-01-09
2018,LV,LV79,DSL,45.93,33.27,24.04,3.43,37.81,49.29,44.72,15.34,57.05,77.57,262.38,28,NATIONAL_RURAL_FIBER,359010075.13,62.63,2024-06-01
2019,PL,IE27,DSL,76.3,32.4,52.02,10.72,33.37,29.53,35.24,14.97,86.44,78.53,247.02,27,ERDF_CONNECT,149882038.14,79.62,2024-09-10
2020,ES,CZ87,DSL,35.63,16.24,25.4,3.99,50.6,70.1,55.04,18.77,56.05,65.44,263.59,39,RRF_BROADBAND,192639872.21,25.65,2024-01-12
2021,HR,DK87,DSL,69.64,45.54,30.05,10.31,48.75,21.78,72.1,25.29,45.09,30.48,197.06,30,CEF2_DIGITAL,60702730.63,36.1,2025-02-14
2022,FI,RO745,DSL,84.95,58.9,24.92,13.91,41.56,67.73,53.62,40.55,73.19,82.22,128.43,54,NONE,260206493.55,66.2,2024-11-15
2023,IE,PT962,DSL,75.96,68.13,15.36,8.93,25.06,67.59,61.54,15.02,86.22,58.36,334.07,32,STATE_AID_GBER,247628548.8,43.0,2024-02-10
2024,MT,EE262,DSL,66.26,23.65,21.65,13.89,45.63,19.25,8.58,48.86,62.81,48.92,411.35,34,NATIONAL_RURAL_FIBER,42319391.15,40.82,2024-01-07
2025,SK,PL296,DSL,73.58,46.92,22.85,9.32,37.67,27.46,41.46,40.59,50.13,30.33,32.93,43,ERDF_CONNECT,121598724.21,61.67,2024-10-31
2026,BE,IT792,DSL,50.75,27.04,12.27,10.28,46.13,35.37,46.09,44.41,52.02,67.28,72.02,36,RRF_BROADBAND,330445233.29,59.85,2025-04-09
2014,DK,LT82,DSL,79.57,70.87,25.85,14.15,35.04,32.24,44.47,41.11,80.29,18.34,412.95,90,CEF2_DIGITAL,10979924.62,66.5,2025-02-05
2015,GR,LV560,DSL,60.33,44.65,44.11,13.48,39.78,64.21,13.01,14.47,83.32,82.88,156.27,44,NONE,120339406.68,24.49,2025-03-25
2016,LT,PL61,DSL,39.82,30.57,38.06,9.64,25.93,71.91,59.26,31.53,58.14,75.71,284.9,39,STATE_AID_GBER,74685963.9,50.68,2025-12-07
2017,PT,HR6,DSL,44.46,36.88,40.63,6.28,38.19,53.09,71.86,27.31,57.68,69.39,311.62,47,NATIONAL_RURAL_FIBER,29916238.33,77.37,2026-01-27
2018,SE,FR933,DSL,38.26,33.22,19.61,2.45,43.52,10.45,31.91,13.57,57.68,59.11,142.32,43,ERDF_CONNECT,181611419.77,28.66,2025-01-09
2019,CY,IT86,DSL,60.65,53.87,10.27,3.77,32.88,36.14,48.38,29.88,88.27,76.82,306.36,52,RRF_BROADBAND,129963377.05,73.96,2025-10-26
2020,FR,ES884,DSL,64.2,27.12,47.9,8.74,21.93,57.46,68.56,41.58,69.76,46.67,320.88,5,CEF2_DIGITAL,314239107.88,76.06,2026-01-31
2021,IT,HR9,DSL,43.01,29.5,52.38,4.96,37.15,23.59,28.25,45.42,95.08,52.41,332.43,6,NONE,178749671.39,39.87,2024-12-13
2022,NL,LT27,DSL,71.73,37.97,20.75,14.93,51.16,28.73,67.39,28.31,72.9,82.22,370.83,3,STATE_AID_GBER,297480952.94,64.16,2025-07-20
2023,SI,CZ589,DSL,55.52,39.19,42.72,9.2,40.88,49.71,26.57,52.37,41.05,51.77,165.12,6,NATIONAL_RURAL_FIBER,89522933.47,81.26,2025-02-26
2024,BG,HR91,DSL,59.1,49.0,26.79,13.92,45.1,37.27,73.93,38.01,78.5,57.81,331.49,10,ERDF_CONNECT,340140526.03,22.55,2025-01-21
2025,EE,GR58,DSL,39.03,17.69,16.29,11.25,54.18,54.99,11.11,13.9,51.33,76.54,315.99,17,RRF_BROADBAND,321063216.89,65.78,2024-12-16
2026,HU,EE82,DSL,61.76,28.55,16.52,5.2,47.68,25.91,72.26,54.01,88.59,41.3,323.6,48,CEF2_DIGITAL,84872317.67,22.39,2024-03-05
2014,LU,GR679,DSL,43.58,24.8,28.34,11.9,37.08,63.89,35.21,18.97,95.31,38.98,51.01,25,NONE,107634662.63,21.93,2024-03-15
2015,RO,DK32,DSL,47.29,36.47,44.14,13.97,39.61,14.35,62.29,11.03,59.17,72.58,22.11,15,STATE_AID_GBER,12717084.7,80.86,2024-01-26
2016,AT,PT774,DSL,71.43,55.53,46.05,12.71,53.6,90.12,57.78,10.18,56.5,49.34,401.93,20,NATIONAL_RURAL_FIBER,187793678.27,48.46,2025-02-20
2017,CZ,SE49,DSL,54.64,49.67,36.45,1.6,43.9,40.17,47.02,35.32,62.3,21.41,295.36,17,ERDF_CONNECT,126859312.21,77.24,2024-09-22
2018,DE,RO88,DSL,69.08,51.19,30.48,8.6,22.26,82.89,40.13,48.83,62.96,57.73,262.56,38,RRF_BROADBAND,231539018.86,21.41,2024-08-09
2019,LV,BG17,DSL,65.4,48.52,27.37,9.9,34.58,88.49,71.5,14.9,56.15,79.34,215.51,14,CEF2_DIGITAL,106507515.5,75.28,2025-01-24
2020,PL,SK60,DSL,44.39,40.3,26.94,14.89,51.55,62.35,23.81,6.37,85.54,41.58,91.27,16,NONE,186064343.5,75.68,2024-01-27
2021,ES,BG8,DSL,44.53,27.69,15.58,4.07,32.23,50.17,8.13,25.38,63.17,65.65,255.21,15,STATE_AID_GBER,5974341.9,77.72,2024-09-03
2022,HR,LU369,DSL,67.1,55.38,32.67,4.86,31.31,48.96,17.57,6.22,42.09,37.24,194.25,16,NATIONAL_RURAL_FIBER,287678045.33,47.2,2024-09-20
2023,FI,CY331,DSL,70.63,51.22,25.3,13.32,54.54,32.67,73.56,36.83,83.7,43.16,210.28,27,ERDF_CONNECT,204513356.5,25.32,2024-01-12
2024,IE,PL5,DSL,38.71,29.78,17.0,5.3,20.61,48.57,58.23,39.22,78.17,28.61,402.61,18,RRF_BROADBAND,396554070.14,76.51,2024-03-21
2025,MT,SE70,DSL,75.87,65.24,15.56,1.78,28.57,68.7,33.93,27.98,65.64,58.19,248.85,22,CEF2_DIGITAL,38176002.28,69.73,2024-02-19
2026,SK,LT5,DSL,66.53,52.69,23.18,12.92,35.49,60.99,49.7,13.3,63.57,77.06,27.47,39,NONE,52606258.85,76.81,2024-01-09
2014,BE,IE922,DSL,63.26,35.45,45.76,4.99,45.65,73.47,35.34,47.99,55.17,39.29,351.86,29,STATE_AID_GBER,247328096.52,78.25,2024-05-15
2015,DK,CZ52,DSL,71.63,41.32,45.19,11.76,39.71,57.52,71.61,17.22,91.99,24.1,382.71,41,NATIONAL_RURAL_FIBER,25076077.51,36.35,2024-02-27
2016,GR,MT605,DSL,84.73,58.96,31.75,1.51,28.07,10.14,43.59,45.05,83.83,23.81,90.57,52,ERDF_CONNECT,263704780.62,68.2,2024-10-15
2017,LT,LU71,DSL,38.41,21.49,22.3,8.37,43.28,21.11,62.84,50.7,84.8,36.16,219.78,24,RRF_BROADBAND,179234561.87,28.82,2024-12-24
2018,PT,SI2,DSL,74.68,50.24,54.94,8.96,24.17,51.86,15.27,53.21,95.43,26.19,118.8,30,CEF2_DIGITAL,7145528.44,65.36,2025-10-16
2019,SE,RO59,DSL,36.43,14.68,47.26,1.57,52.37,77.92,31.15,14.8,66.58,30.41,355.68,25,NONE,342512908.1,79.85,2024-11-06
2020,CY,LV71,DSL,56.43,25.96,22.28,6.96,35.61,64.99,69.94,6.51,80.67,31.28,287.92,29,STATE_AID_GBER,48335068.37,38.97,2025-03-30
2021,FR,ES165,DSL,73.18,60.72,11.4,8.66,29.42,16.34,46.24,46.2,80.69,20.41,16.66,36,NATIONAL_RURAL_FIBER,235265517.41,62.41,2024-11-21
2022,IT,EE656,DSL,80.21,41.88,49.13,7.36,45.5,34.29,70.5,14.44,97.01,79.59,111.16,34,ERDF_CONNECT,292634687.15,65.37,2025-08-15
2023,NL,DK18,DSL,41.14,24.97,43.61,13.26,33.78,26.73,51.52,14.81,77.54,76.42,396.42,29,RRF_BROADBAND,51979807.42,33.43,2025-07-25
2024,SI,LT70,DSL,71.26,28.88,36.33,12.64,19.2,53.11,66.95,53.59,76.55,34.13,269.86,33,CEF2_DIGITAL,87452084.71,20.66,2025-08-20
2025,BG,DK368,DSL,41.56,35.46,19.91,7.38,33.26,53.36,47.0,28.6,42.63,23.9,288.44,81,NONE,211247960.68,78.41,2025-04-21
2026,EE,FI37,DSL,72.17,46.74,54.69,14.23,36.2,81.45,56.73,11.48,93.27,67.14,251.47,34,STATE_AID_GBER,274836242.16,73.9,2024-04-16
2014,HU,ES145,DSL,61.64,29.74,13.51,9.24,27.59,75.71,34.0,18.36,47.4,24.47,329.75,33,NATIONAL_RURAL_FIBER,193662815.65,84.47,2025-06-28
2015,LU,BE309,DSL,67.66,51.33,46.0,10.85,43.58,37.66,30.37,31.63,84.01,69.47,279.59,38,ERDF_CONNECT,34491340.69,54.67,2025-12-18
2016,RO,ES504,DSL,76.96,56.82,15.71,2.55,32.66,21.97,23.59,25.24,83.65,64.06,140.8,35,RRF_BROADBAND,371742496.17,33.57,2025-03-14
2017,AT,CZ380,DSL,82.71,52.02,15.14,9.13,35.6,81.1,70.31,41.02,81.52,47.13,87.96,45,CEF2_DIGITAL,88033407.49,20.55,2025-09-17
2018,CZ,PL980,DSL,35.75,27.75,47.99,8.92,25.43,76.89,17.29,11.3,92.29,64.98,392.78,49,NONE,70210094.14,21.27,2025-05-30
2019,DE,SK535,DSL,51.72,24.16,39.66,1.51,29.35,35.35,39.44,49.29,93.42,26.79,190.86,77,STATE_AID_GBER,327129026.04,40.73,2024-10-09
2020,LV,IE1,DSL,41.38,27.82,39.29,11.56,43.08,50.05,16.25,12.17,54.95,76.7,288.28,46,NATIONAL_RURAL_FIBER,108394318.9,21.91,2024-12-05
2021,PL,ES77,DSL,50.31,26.83,46.18,7.8,32.22,40.34,60.96,36.79,50.87,22.78,146.39,48,ERDF_CONNECT,22393382.49,51.59,2025-10-29
2022,ES,PT94,DSL,70.88,38.33,17.83,5.28,45.97,66.66,42.46,43.7,70.48,34.34,175.79,11,RRF_BROADBAND,82773788.31,84.36,2026-01-19
2023,HR,CY85,DSL,75.1,37.16,50.09,3.52,35.49,75.39,7.6,36.6,51.22,70.66,134.99,2,CEF2_DIGITAL,183700730.5,20.65,2024-10-03
2024,FI,LT65,DSL,73.48,58.68,51.51,8.53,54.36,87.54,73.02,27.13,97.76,31.86,104.0,11,NONE,171515591.45,29.05,2025-01-02
2025,IE,BE18,DSL,70.29,58.98,15.48,1.92,35.84,27.53,55.37,44.25,80.0,27.84,132.67,41,STATE_AID_GBER,96692775.93,34.06,2024-12-24
2026,MT,PT530,DSL,56.86,39.04,51.55,8.74,24.79,17.35,39.43,22.01,83.71,48.43,122.35,46,NATIONAL_RURAL_FIBER,233952689.33,28.81,2025-07-27
2014,SK,FI19,DSL,82.0,37.2,47.92,6.02,26.87,39.57,23.86,7.25,77.1,54.17,148.58,13,ERDF_CONNECT,127061684.99,35.37,2026-01-19
2015,BE,CY753,DSL,83.58,58.75,14.2,9.11,21.41,17.49,71.63,49.31,45.6,47.91,121.21,18,RRF_BROADBAND,142900994.43,25.71,2024-04-14
2016,DK,AT998,DSL,56.51,35.69,13.83,5.56,47.01,13.55,51.0,24.45,55.53,37.83,389.38,14,CEF2_DIGITAL,261152672.8,76.35,2024-07-26
2017,GR,NL698,DSL,42.82,17.07,17.83,9.69,28.72,88.8,51.42,18.8,91.41,64.24,272.79,21,NONE,19336444.12,70.65,2025-11-20
2018,LT,BE882,DSL,58.86,29.51,13.41,3.41,20.87,41.18,72.58,21.79,50.57,30.23,115.87,20,STATE_AID_GBER,123444222.48,60.42,2025-09-01
2019,PT,IE42,DSL,59.08,23.54,37.09,11.12,27.13,76.51,31.36,17.28,68.08,55.48,67.29,19,NATIONAL_RURAL_FIBER,147385572.64,83.61,2024-08-11
2020,SE,IE67,DSL,77.21,42.25,48.79,10.82,19.59,59.85,47.45,30.44,67.62,50.47,307.19,15,ERDF_CONNECT,97028688.77,70.21,2024-04-12
2021,CY,LV6,DSL,83.2,62.71,24.56,12.05,46.13,48.18,26.17,26.42,86.73,76.5,113.48,64,RRF_BROADBAND,56001160.24,65.37,2024-11-19
2022,FR,HR59,DSL,47.43,21.32,35.47,14.59,48.49,83.93,40.37,13.9,63.67,45.45,315.6,21,CEF2_DIGITAL,106138918.04,73.59,2026-01-27
2023,IT,DE535,DSL,53.75,31.77,20.85,12.49,37.4,81.79,10.42,26.56,49.96,65.72,82.59,20,NONE,28596057.37,50.1,2024-12-28
2024,NL,GR77,DSL,41.22,24.62,24.63,10.44,19.57,69.7,14.63,40.89,92.52,18.14,306.16,27,STATE_AID_GBER,208087802.53,67.96,2024-12-08
2025,SI,SK460,DSL,70.47,35.68,21.51,1.67,46.37,54.47,34.37,42.07,76.17,54.35,397.99,27,NATIONAL_RURAL_FIBER,241275719.2,71.95,2024-07-31
2026,BG,IE406,DSL,79.49,50.62,31.51,9.94,37.74,17.61,25.7,27.14,42.49,38.92,149.16,23,ERDF_CONNECT,272009335.15,21.42,2025-10-09
2014,EE,GR656,DSL,42.33,32.63,36.91,8.6,52.24,45.3,13.8,24.15,62.95,43.93,60.2,30,RRF_BROADBAND,196959280.22,64.71,2025-07-20
2015,HU,FI955,DSL,69.47,61.03,39.04,2.86,21.67,64.47,32.47,23.56,48.05,72.91,134.64,41,CEF2_DIGITAL,93368510.37,61.65,2024-06-16
2016,LU,LT700,DSL,72.87,64.74,45.16,9.59,27.39,16.64,9.65,53.51,62.86,18.93,78.14,58,NONE,113928062.45,59.59,2024-11-21
2017,RO,LU33,DSL,84.93,64.71,50.33,9.83,32.43,10.15,41.26,20.2,50.17,70.15,187.07,48,STATE_AID_GBER,325990799.56,83.99,2025-05-03
2018,AT,FR65,DSL,40.78,24.03,53.07,14.53,50.49,18.47,20.7,52.65,55.99,62.96,183.28,35,NATIONAL_RURAL_FIBER,196775847.74,43.51,2026-01-01
2019,CZ,BG38,DSL,43.28,32.9,49.76,10.82,36.43,27.52,23.8,51.94,43.96,73.21,136.38,24,ERDF_CONNECT,114882605.54,43.84,2025-10-02
2020,DE,DE88,DSL,41.47,33.53,29.13,6.53,35.25,67.33,13.2,23.22,71.34,66.22,16.94,37,RRF_BROADBAND,1759434.69,84.93,2024-06-15
2021,LV,IE10,DSL,78.85,44.57,38.45,9.5,53.58,27.82,73.11,9.94,82.21,64.79,358.86,76,CEF2_DIGITAL,312060356.54,83.65,2025-08-31
2022,PL,SI40,DSL,44.15,16.51,23.23,8.98,22.56,39.79,43.42,30.04,66.44,31.02,166.06,39,NONE,161478232.45,69.32,2025-05-09
2023,ES,FR3,DSL,50.25,43.45,19.15,4.49,52.1,91.02,18.94,44.07,64.55,62.51,317.61,35,STATE_AID_GBER,231445445.25,33.89,2025-11-07
2024,HR,SI9,DSL,38.48,27.0,17.95,2.1,43.49,16.43,62.68,50.67,42.99,64.13,370.14,49,NATIONAL_RURAL_FIBER,63072663.96,55.89,2025-07-06
2025,FI,LU276,DSL,62.63,55.4,24.35,7.65,22.7,95.11,30.16,40.3,76.7,60.15,342.0,31,ERDF_CONNECT,161355869.96,25.44,2024-05-08
2026,IE,PT3,DSL,57.82,20.84,31.53,11.11,53.44,14.5,21.1,22.78,84.21,54.39,151.5,38,RRF_BROADBAND,14821482.92,29.53,2025-05-28
2014,MT,GR81,DSL,69.58,30.84,20.43,12.97,31.44,81.37,42.04,41.63,97.22,70.83,61.23,35,CEF2_DIGITAL,15307726.73,20.19,2025-02-15
2015,SK,SK3,DSL,46.44,33.52,46.0,12.92,45.09,32.35,24.49,51.92,81.67,22.55,381.01,37,NONE,109470485.55,64.22,2025-11-18
2016,BE,FR546,DSL,69.89,60.21,11.21,4.9,38.1,51.59,47.18,9.66,47.96,36.25,20.06,62,STATE_AID_GBER,27431004.83,57.78,2025-05-24
2017,DK,LV504,DSL,76.8,46.73,45.18,7.47,42.42,53.9,11.92,16.5,73.88,83.1,207.98,39,NATIONAL_RURAL_FIBER,325125153.81,75.69,2024-06-09
2018,GR,LT94,DSL,44.93,31.67,32.61,5.85,48.0,25.44,23.94,41.81,87.29,37.23,296.74,93,ERDF_CONNECT,274507995.04,41.58,2024-10-22
2019,LT,EE824,DSL,76.44,52.81,15.8,1.91,28.33,31.44,74.11,24.77,84.77,35.59,256.66,45,RRF_BROADBAND,16003577.68,70.26,2026-01-30
2020,PT,HU427,DSL,59.91,49.99,45.74,10.2,40.34,26.4,8.45,53.4,89.21,29.64,152.68,59,CEF2_DIGITAL,50530608.23,36.62,2024-04-08
2021,SE,GR802,DSL,81.3,72.79,30.34,11.96,28.07,41.75,50.09,37.4,78.74,74.16,384.85,49,NONE,70565485.05,33.57,2025-03-07
2022,CY,MT406,DSL,68.79,56.83,31.73,14.62,22.85,97.65,19.18,54.85,65.02,67.68,403.49,2,STATE_AID_GBER,280012922.25,69.54,2025-12-15
2023,FR,CZ821,DSL,43.39,22.08,52.36,12.88,50.67,73.57,48.34,19.85,62.06,41.6,174.96,5,NATIONAL_RURAL_FIBER,12120007.01,82.95,2024-06-16
2024,IT,BG29,DSL,78.14,58.72,54.99,2.39,51.31,77.28,65.93,16.31,96.57,65.45,282.85,2,ERDF_CONNECT,257518358.38,84.45,2025-09-14
2025,NL,EE16,DSL,79.86,65.55,34.94,13.04,29.35,15.87,60.57,40.89,44.54,19.47,40.35,6,RRF_BROADBAND,240356514.3,58.38,2025-04-06
2026,SI,MT122,DSL,50.97,27.27,37.76,5.89,32.87,64.42,6.43,45.01,41.36,76.85,416.64,15,CEF2_DIGITAL,26042775.84,27.42,2024-02-29
2014,BG,AT30,DSL,78.78,57.55,53.54,6.24,47.36,86.28,22.39,33.16,56.69,74.26,245.32,17,NONE,196543980.69,42.81,2024-05-18
2015,EE,LV4,DSL,52.89,45.48,42.62,9.16,31.11,36.07,50.0,30.0,41.72,26.64,291.46,11,STATE_AID_GBER,16356890.06,54.95,2025-01-16
2016,HU,ES60,DSL,52.35,37.5,37.22,5.56,54.93,70.19,66.79,17.1,50.44,36.3,115.54,19,NATIONAL_RURAL_FIBER,183607380.99,20.33,2026-01-11
2017,LU,CY23,DSL,79.16,65.14,21.26,14.56,29.83,16.56,18.93,12.85,78.93,18.16,347.87,14,ERDF_CONNECT,18762491.92,62.19,2024-02-09
2018,RO,FR497,DSL,84.38,60.6,13.1,8.27,52.71,16.96,47.18,26.37,45.98,74.47,367.83,13,RRF_BROADBAND,204242744.73,41.46,2025-04-09
2019,AT,ES287,DSL,71.6,60.61,50.16,3.03,21.81,69.08,49.77,28.21,70.79,40.29,419.84,22,CEF2_DIGITAL,106819868.91,61.29,2024-11-29
2020,CZ,DK30,DSL,78.44,53.24,22.73,7.68,38.74,45.66,50.06,19.06,63.17,26.84,373.87,64,NONE,242595914.82,20.94,2024-01-05
2021,DE,DE1,DSL,39.7,28.8,27.98,7.38,48.55,72.45,28.99,25.68,93.37,72.04,242.1,22,STATE_AID_GBER,119656156.31,57.6,2025-01-20
2022,LV,EE25,DSL,78.06,49.04,23.05,13.67,24.19,64.55,59.18,35.06,43.5,64.56,334.07,18,NATIONAL_RURAL_FIBER,201140260.28,76.87,2024-08-17
2023,PL,PT1,DSL,82.12,39.9,53.99,6.77,24.67,39.91,23.31,9.76,43.77,23.28,55.24,29,ERDF_CONNECT,211149004.61,46.44,2025-05-30
2024,ES,ES762,DSL,40.36,24.8,46.67,12.65,25.61,67.51,72.43,49.2,66.18,52.91,303.38,23,RRF_BROADBAND,231565790.77,38.96,2025-12-20
2025,HR,IE3,DSL,69.42,51.12,34.65,9.29,37.99,43.67,35.57,12.13,41.11,67.57,133.95,17,CEF2_DIGITAL,195374719.22,50.22,2025-05-22
2026,FI,SK97,DSL,56.95,48.2,30.33,8.18,29.02,60.03,28.07,28.69,60.39,21.28,264.33,28,NONE,28084471.13,50.87,2025-09-25
2014,IE,PT17,DSL,45.05,29.67,46.39,5.57,42.75,10.26,50.47,32.08,79.32,23.76,169.95,22,STATE_AID_GBER,34665413.39,48.77,2024-06-09
2015,MT,BE30,DSL,48.41,34.11,50.12,14.7,25.72,63.17,35.2,36.26,51.66,67.78,176.01,23,NATIONAL_RURAL_FIBER,147645874.61,63.22,2024-10-17
2016,SK,LT6,DSL,55.51,41.61,35.72,9.62,40.88,21.49,31.18,52.55,73.77,20.43,150.99,20,ERDF_CONNECT,313931293.74,39.37,2024-11-07
2017,BE,CZ873,DSL,73.23,35.71,47.94,7.99,21.51,67.43,71.3,36.74,94.09,76.33,206.04,31,RRF_BROADBAND,211467363.32,81.04,2024-06-25
2018,DK,PL41,DSL,37.47,24.0,26.72,3.65,28.69,78.2,51.85,21.03,59.82,37.08,411.89,58,CEF2_DIGITAL,335169750.29,46.14,2025-09-12
2019,GR,DK8,DSL,47.45,26.09,42.6,7.3,31.62,87.48,56.85,24.78,44.79,72.98,376.41,27,NONE,273938931.28,75.22,2026-01-03
2020,LT,AT305,DSL,73.25,37.15,10.88,7.43,20.47,94.05,54.19,17.14,42.24,76.7,247.91,32,STATE_AID_GBER,179167977.69,50.39,2024-01-01
2021,PT,BE44,DSL,45.54,32.26,37.22,9.94,45.07,47.06,17.57,26.37,82.49,67.09,261.82,32,NATIONAL_RURAL_FIBER,402707555.58,22.54,2025-06-06
2022,SE,GR5,DSL,72.69,56.83,23.43,3.1,50.73,26.96,64.51,32.19,52.36,84.65,40.17,51,ERDF_CONNECT,225401034.63,78.2,2024-04-26
2023,CY,IE18,DSL,48.26,37.1,53.19,14.66,35.1,42.33,19.66,40.07,91.08,42.89,417.65,35,RRF_BROADBAND,100598113.33,29.22,2024-01-11
2024,FR,MT888,DSL,79.14,68.8,52.34,2.62,23.64,49.53,25.74,40.88,70.58,63.13,22.25,35,CEF2_DIGITAL,32591186.54,24.82,2025-05-13
2025,IT,LU83,DSL,63.62,42.17,25.62,7.46,26.42,96.71,50.81,21.63,60.68,18.92,268.86,38,NONE,217078106.24,39.22,2025-06-25
2026,NL,NL27,DSL,53.88,33.44,27.51,12.24,21.96,65.95,56.47,53.73,42.6,27.42,230.77,40,STATE_AID_GBER,267536238.56,64.05,2025-06-12
2014,SI,CZ9,DSL,61.4,23.23,35.92,9.94,40.47,42.36,59.74,23.09,49.16,79.23,120.48,39,NATIONAL_RURAL_FIBER,110346982.5,61.35,2024-09-15
2015,BG,BE335,DSL,50.7,20.31,29.68,10.12,46.68,56.84,58.92,45.99,77.65,82.26,105.52,33,ERDF_CONNECT,421254235.68,55.02,2024-05-11
2016,EE,ES100,DSL,62.28,23.0,52.51,9.06,53.18,21.67,49.92,9.76,73.51,23.46,321.46,35,RRF_BROADBAND,97825021.74,33.52,2025-12-07
2017,HU,AT1,DSL,79.11,61.33,12.79,9.85,28.05,94.72,8.23,11.89,71.12,62.9,217.91,78,CEF2_DIGITAL,149361997.64,55.29,2024-03-28
2018,LU,MT9,DSL,49.6,40.16,25.49,6.25,25.39,52.14,50.28,33.58,58.66,71.2,186.66,77,NONE,174227551.2,47.65,2025-12-17
2019,RO,CY379,DSL,36.17,15.23,22.53,14.4,49.65,61.38,46.61,9.26,55.24,34.81,117.98,45,STATE_AID_GBER,61494714.32,28.97,2025-03-16
2020,AT,PT19,DSL,43.29,23.42,41.67,3.39,39.88,75.61,66.22,23.28,79.76,71.35,97.21,46,NATIONAL_RURAL_FIBER,154866625.95,32.56,2024-07-02
2021,CZ,ES5,DSL,68.01,35.26,46.22,6.24,48.61,26.13,52.98,20.7,44.55,65.62,403.01,44,ERDF_CONNECT,126445807.25,75.7,2025-11-13
2022,DE,RO848,DSL,54.42,45.76,23.94,13.41,27.48,83.2,22.78,52.34,40.09,72.23,379.56,39,RRF_BROADBAND,22290360.27,45.51,2024-12-07
2023,LV,BG645,DSL,46.82,29.55,51.61,13.32,25.75,55.05,17.32,50.95,49.2,24.9,222.08,8,CEF2_DIGITAL,91781264.24,39.35,2025-12-12
2024,PL,CZ316,DSL,67.42,51.43,15.86,11.58,22.01,31.87,8.62,11.95,97.16,39.2,291.47,2,NONE,80557705.78,79.27,2025-06-25
2025,ES,LV22,DSL,72.41,29.21,28.54,4.43,28.62,20.75,22.11,40.57,43.91,29.87,100.76,6,STATE_AID_GBER,136470267.28,43.39,2024-04-26
2026,HR,LU670,DSL,55.86,35.85,25.05,3.19,30.72,66.11,5.68,19.22,43.73,22.77,209.23,24,NATIONAL_RURAL_FIBER,8311312.28,49.46,2026-01-25
2014,FI,LT8,DSL,56.62,51.95,44.29,2.02,31.61,19.71,5.85,31.83,96.76,60.82,172.29,5,ERDF_CONNECT,113729813.31,29.25,2025-05-30
2015,IE,HR957,DSL,55.59,22.07,25.02,6.28,53.43,13.38,45.42,7.33,85.15,79.1,58.8,17,RRF_BROADBAND,29733796.56,35.45,2024-06-09
2016,MT,SE1,DSL,74.05,29.2,13.42,14.3,18.38,83.45,15.97,49.08,71.61,66.09,179.14,25,CEF2_DIGITAL,271193450.19,21.09,2024-03-29
2017,SK,RO668,DSL,37.98,13.38,44.24,12.76,18.9,43.78,69.8,33.04,50.53,54.1,263.18,8,NONE,18867786.91,31.19,2025-10-02
2018,BE,HU588,DSL,59.36,46.57,47.95,8.73,51.29,90.89,48.98,41.76,96.5,50.21,413.48,20,STATE_AID_GBER,5679767.38,38.4,2025-10-08
2019,DK,MT950,DSL,77.02,57.5,54.89,4.68,49.82,96.27,46.07,8.49,88.22,21.2,231.78,17,NATIONAL_RURAL_FIBER,256708308.77,57.88,2026-02-18
2020,GR,RO240,DSL,80.71,43.97,13.54,11.71,32.58,38.82,45.47,24.39,60.21,30.18,191.68,13,ERDF_CONNECT,83414896.19,39.93,2025-02-22
2021,LT,PT819,DSL,64.3,24.74,23.93,6.03,40.07,54.84,7.1,22.08,56.0,64.05,179.49,14,RRF_BROADBAND,59184085.08,55.26,2025-03-22
2022,PT,BE648,DSL,46.86,24.21,12.85,3.26,50.37,14.96,50.96,7.1,92.76,71.83,102.58,22,CEF2_DIGITAL,156002303.41,45.97,2025-08-16
2023,SE,HU43,DSL,63.52,40.34,13.71,14.92,43.68,69.7,51.86,7.06,49.79,49.51,372.97,13,NONE,148998719.32,45.44,2024-07-31
2024,CY,MT8,DSL,72.3,49.1,12.32,8.19,39.59,96.97,67.72,15.22,47.0,39.89,301.21,14,STATE_AID_GBER,73226852.6,34.12,2024-01-16
2025,FR,LU689,DSL,51.76,37.64,33.92,5.68,46.04,69.08,28.53,36.71,51.33,73.56,110.39,19,NATIONAL_RURAL_FIBER,257462358.87,76.48,2024-07-23
2026,IT,LV402,DSL,82.39,75.31,19.98,10.02,42.41,10.56,17.63,26.7,84.65,56.59,154.39,25,ERDF_CONNECT,111799317.93,63.94,2025-12-23
2014,NL,SE866,DSL,59.72,51.29,33.4,6.38,20.64,16.63,6.73,17.47,61.28,61.61,138.61,24,RRF_BROADBAND,189926695.7,81.79,2024-08-03
2015,SI,FR25,DSL,73.98,29.81,15.22,11.92,41.63,41.57,14.04,18.05,81.21,79.64,342.41,18,CEF2_DIGITAL,99788985.45,56.67,2024-10-11
2016,BG,FI96,DSL,38.72,28.92,12.16,14.7,29.26,86.25,66.29,43.68,48.27,50.48,247.06,25,NONE,195445714.46,50.91,2024-09-03
2017,EE,MT166,DSL,38.3,33.51,11.76,10.18,51.68,20.63,25.92,39.68,74.23,73.59,298.03,32,STATE_AID_GBER,27498674.07,21.15,2026-02-07
2018,HU,FR443,DSL,51.33,43.13,44.89,11.51,36.34,89.29,35.64,26.15,77.67,81.95,213.48,32,NATIONAL_RURAL_FIBER,198127544.87,51.19,2025-02-06
2019,LU,NL89,DSL,69.88,63.72,44.16,3.13,18.39,27.99,35.76,52.58,63.81,55.67,120.3,32,ERDF_CONNECT,32781298.68,39.73,2025-08-30
2020,RO,SK545,DSL,75.29,29.53,38.41,8.17,32.86,88.15,51.65,11.17,46.53,62.91,174.55,31,RRF_BROADBAND,129004772.94,62.28,2025-04-02
2021,AT,GR17,DSL,58.52,40.34,26.9,11.7,38.62,44.1,30.3,48.22,49.6,65.28,391.96,32,CEF2_DIGITAL,37560208.69,41.83,2025-04-28
2022,CZ,IE38,DSL,40.47,22.18,15.11,10.14,20.33,90.33,44.97,14.63,69.79,73.31,299.34,36,NONE,89024781.96,51.81,2024-11-23
2023,DE,LU638,DSL,36.85,14.03,49.82,14.55,44.05,89.0,8.27,27.5,58.79,19.58,298.24,36,STATE_AID_GBER,125314949.58,66.0,2025-04-27
2024,LV,BE942,DSL,62.91,38.81,32.08,5.47,28.54,78.83,41.71,53.75,45.86,24.18,158.96,43,NATIONAL_RURAL_FIBER,212108796.7,82.45,2025-01-02
2025,PL,ES4,DSL,83.73,73.47,52.11,7.47,33.42,13.65,25.36,32.44,78.5,32.32,231.6,28,ERDF_CONNECT,270450189.52,47.04,2025-12-19
2026,ES,RO152,DSL,67.99,31.82,28.5,3.89,48.74,82.13,55.96,24.58,54.28,73.05,115.77,41,RRF_BROADBAND,127369348.9,80.91,2025-06-12
2014,HR,PL27,DSL,46.86,31.83,15.95,5.9,26.52,51.51,52.89,48.03,44.61,18.43,142.48,36,CEF2_DIGITAL,349831627.12,63.45,2024-12-31
2015,FI,IE580,DSL,52.88,28.86,46.52,13.53,23.11,97.66,44.43,21.92,74.01,58.38,81.26,64,NONE,235461630.75,49.05,2025-03-13
2016,IE,DK5,DSL,65.82,60.15,41.63,2.03,32.1,21.63,16.37,11.78,89.23,68.78,155.1,43,STATE_AID_GBER,122070689.55,61.8,2025-04-06
2017,MT,PL53,DSL,63.64,57.43,28.72,10.98,46.36,83.53,70.08,9.04,43.57,64.92,195.98,34,NATIONAL_RURAL_FIBER,42527234.52,56.72,2026-02-23
2018,SK,MT369,DSL,78.71,58.65,28.96,5.54,18.44,21.36,23.04,15.57,97.49,76.82,271.82,43,ERDF_CONNECT,91494127.35,65.57,2024-02-07
2019,BE,FR888,DSL,68.33,57.62,52.63,12.83,18.27,46.77,32.13,14.15,79.9,22.99,379.16,38,RRF_BROADBAND,98385031.3,65.78,2026-01-19
2020,DK,PT34,DSL,38.7,30.72,49.95,12.48,53.55,92.99,9.53,38.85,91.91,48.12,381.3,46,CEF2_DIGITAL,61774789.63,53.26,2024-01-06
2021,GR,SK244,DSL,41.04,29.91,43.74,2.28,51.04,13.08,44.71,7.24,50.36,27.67,121.54,46,NONE,143732030.26,30.7,2024-08-06
2022,LT,SI561,DSL,75.4,62.44,20.18,2.35,37.13,37.06,12.34,50.57,46.12,36.4,103.53,47,STATE_AID_GBER,213682827.07,28.2,2025-03-02
2023,PT,IE307,DSL,80.92,40.49,50.82,5.38,28.01,84.53,38.19,23.8,54.16,65.12,90.9,40,NATIONAL_RURAL_FIBER,156926911.9,69.42,2024-10-23
2024,SE,RO56,DSL,66.21,42.6,16.66,4.62,40.96,82.83,64.99,17.7,44.67,28.89,231.21,9,ERDF_CONNECT,119718674.8,29.86,2026-02-20
2025,CY,LU13,DSL,52.12,45.96,20.3,3.89,54.05,20.53,51.12,27.61,56.98,41.73,357.55,11,RRF_BROADBAND,65941539.02,32.68,2025-12-18
2026,FR,RO26,DSL,44.4,22.67,13.08,5.1,23.37,86.62,46.04,36.37,60.55,51.91,281.01,8,CEF2_DIGITAL,76693242.07,66.17,2024-03-08
2014,IT,IE996,DSL,52.7,46.0,39.6,13.95,53.17,30.12,48.43,13.79,95.61,62.21,186.53,21,NONE,130078530.22,36.63,2025-07-21
2015,NL,HU80,DSL,73.57,42.72,43.2,5.26,33.12,11.58,43.3,8.27,61.77,83.81,59.33,13,STATE_AID_GBER,405481743.94,35.93,2025-09-29
2016,SI,IE520,DSL,65.41,28.73,19.72,2.08,45.4,25.65,60.84,26.54,62.5,60.67,392.61,8,NATIONAL_RURAL_FIBER,133704832.24,79.96,2024-12-29
2017,BG,AT5,DSL,44.73,17.27,47.84,13.52,30.73,21.86,33.89,46.92,50.64,64.77,410.3,7,ERDF_CONNECT,316759026.82,51.95,2025-10-21
2018,EE,BG211,DSL,36.99,13.47,19.65,8.02,39.74,68.15,39.14,8.15,50.47,45.89,305.19,16,RRF_BROADBAND,325684212.45,31.23,2024-02-11
2019,HU,LU89,DSL,75.26,34.37,26.83,3.06,51.21,33.99,50.8,33.06,86.2,39.4,383.3,8,CEF2_DIGITAL,175383391.73,22.4,2024-12-24
2020,LU,RO790,DSL,75.69,49.01,20.79,9.19,49.82,70.58,37.48,54.72,85.44,49.19,91.54,15,NONE,311972010.52,47.57,2025-06-19
2021,RO,CY6,DSL,62.07,51.4,53.81,5.89,50.21,77.6,12.92,9.64,45.14,74.2,255.47,58,STATE_AID_GBER,280670898.68,36.96,2024-06-16
2022,AT,SI452,DSL,37.76,25.82,18.45,10.01,22.8,37.78,67.31,36.82,91.74,70.44,347.1,22,NATIONAL_RURAL_FIBER,195442204.33,30.8,2024-09-05
2023,CZ,FI78,DSL,72.16,51.35,49.86,14.28,36.32,14.09,7.88,34.23,63.56,38.51,265.51,13,ERDF_CONNECT,131177723.93,44.75,2025-08-26
2024,DE,SE31,DSL,37.91,22.03,19.92,5.96,29.68,62.64,64.4,20.01,60.89,72.17,69.54,19,RRF_BROADBAND,278275467.51,62.41,2024-05-12
2025,LV,IT414,DSL,70.89,56.37,48.2,12.2,42.09,28.36,7.39,49.35,77.55,24.29,271.24,21,CEF2_DIGITAL,269600346.07,51.91,2025-10-20
2026,PL,FI6,DSL,35.92,32.45,54.97,10.59,27.36,31.64,59.42,25.13,48.61,67.87,69.17,68,NONE,178903018.67,75.32,2025-02-06
2014,ES,GR84,DSL,52.08,20.73,25.78,8.41,47.69,35.84,63.55,7.65,89.1,53.22,290.51,45,STATE_AID_GBER,112407094.56,73.81,2025-07-22
2015,HR,RO729,DSL,48.76,28.64,20.06,3.0,37.12,31.26,46.68,19.07,79.4,66.03,374.55,26,NATIONAL_RURAL_FIBER,218286416.96,60.96,2024-05-09
2016,FI,CY91,DSL,54.42,33.33,47.37,2.96,26.13,67.43,55.52,28.14,75.83,58.08,393.73,26,ERDF_CONNECT,88985753.54,64.2,2025-11-05
2017,IE,NL772,DSL,58.47,30.29,44.19,11.8,39.48,54.15,47.0,45.62,74.25,66.56,287.95,31,RRF_BROADBAND,167463949.62,81.14,2025-08-03
2018,MT,SE494,DSL,45.71,24.66,41.81,10.77,26.4,19.53,53.6,9.6,50.59,37.03,22.36,46,CEF2_DIGITAL,83002849.87,33.84,2025-11-19
2019,SK,PL676,DSL,36.29,14.17,13.27,10.47,18.96,66.57,72.94,32.72,41.41,37.2,409.76,26,NONE,402914916.01,29.32,2025-11-28
2020,BE,CY282,DSL,39.9,27.15,23.94,2.52,32.1,22.11,5.04,10.68,47.09,77.43,11.42,27,STATE_AID_GBER,396574879.95,44.81,2025-05-06
2021,DK,CY1,DSL,37.0,16.77,12.38,1.79,52.4,69.26,45.82,15.38,55.28,25.8,89.44,33,NATIONAL_RURAL_FIBER,326343711.11,64.15,2025-11-17
2022,GR,SK9,DSL,80.65,41.65,45.37,2.95,43.55,50.31,57.55,39.3,41.51,41.54,349.76,31,ERDF_CONNECT,149789842.6,57.5,2024-09-17
2023,LT,CZ893,DSL,67.17,24.43,15.65,13.77,36.06,74.86,57.59,20.85,72.34,64.19,311.37,83,RRF_BROADBAND,60072012.73,35.73,2025-02-22
2024,PT,NL83,DSL,53.81,32.84,46.46,9.22,45.76,91.4,62.19,42.57,47.02,41.52,85.08,38,CEF2_DIGITAL,203579416.76,81.43,2025-05-30
2025,SE,IE311,DSL,74.72,54.83,37.12,6.72,54.53,97.48,35.96,39.33,60.29,54.04,409.13,31,NONE,236794552.97,46.81,2025-06-10
2026,CY,BE39,DSL,74.08,59.1,23.91,8.49,22.79,23.02,19.69,27.26,54.95,79.12,257.48,39,STATE_AID_GBER,125353965.74,74.74,2024-10-05
2014,FR,CY49,DSL,84.31,65.2,36.77,5.06,54.44,81.89,25.48,43.64,70.05,36.91,360.61,38,NATIONAL_RURAL_FIBER,5601759.06,62.9,2024-02-24
2015,IT,AT879,DSL,37.24,25.13,47.47,6.25,52.73,80.85,23.68,36.3,82.01,59.36,134.42,39,ERDF_CONNECT,129526045.37,27.32,2024-07-25
2016,NL,PT263,DSL,77.72,68.39,44.23,2.14,29.37,20.39,15.55,44.42,97.41,59.06,81.47,37,RRF_BROADBAND,314701020.58,82.88,2024-12-07
2017,SI,DK2,DSL,62.92,53.78,52.96,6.88,36.07,17.13,29.99,6.36,72.15,59.54,317.79,36,CEF2_DIGITAL,13567055.37,32.11,2025-09-18
2018,BG,IE2,DSL,48.96,43.05,24.98,14.97,35.36,84.91,69.49,25.38,41.74,56.87,46.46,37,NONE,87802975.77,45.27,2024-05-07
2019,EE,PL488,DSL,70.04,48.09,32.37,12.12,52.99,25.73,52.93,10.29,77.72,76.93,368.86,68,STATE_AID_GBER,108032237.93,65.01,2024-05-24
2020,HU,FI224,DSL,53.99,21.98,31.28,13.05,47.81,42.05,37.69,9.25,72.24,58.17,198.81,57,NATIONAL_RURAL_FIBER,111292716.53,73.61,2024-03-12
2021,LU,LT313,DSL,77.24,40.77,41.71,2.1,18.77,29.95,12.72,45.84,92.54,49.16,225.2,37,ERDF_CONNECT,14259222.69,69.98,2025-08-04
2022,RO,MT790,DSL,41.39,19.34,28.63,9.79,20.17,92.66,23.52,48.47,87.51,72.98,397.03,65,RRF_BROADBAND,409406531.85,41.61,2025-12-16
2023,AT,PL2,DSL,67.47,39.27,22.88,12.57,36.3,61.04,56.82,21.53,91.72,45.49,405.19,44,CEF2_DIGITAL,77342936.61,64.39,2024-12-16
2024,CZ,SI32,DSL,80.7,37.8,36.68,4.93,37.46,63.21,12.53,26.28,49.99,27.5,13.09,41,NONE,275103267.77,49.14,2024-04-25
