trans_rail_reference_month,trans_rail_country_iso2,trans_rail_operator_code,trans_rail_origin_station_code,trans_rail_destination_station_code,trans_rail_passenger_km_million,trans_rail_freight_tonne_km_million,trans_rail_on_time_performance_pct,trans_rail_delay_minutes_avg,trans_rail_cancelled_services_count,trans_rail_ticket_price_index,trans_rail_capacity_train_km_million,trans_rail_electrified_network_share_pct,trans_rail_ertms_equipped_km,trans_rail_cross_border_service_flag,trans_rail_night_train_service_flag,trans_rail_rail_freight_corridor_code,trans_rail_data_source,trans_rail_data_quality_flag,trans_rail_data_extract_date
2016-01,AT,AT_RAIL_OP001,ATST001,ATST001,4127.18,1879.83,94.93,7.37,394,137.41,125.945,91.03,8233.06,1,1,RFC1_RHINE_ALPINE,EUROSTAT_RAIL,1,2024-08-10
2016-02,CZ,CZ_RAIL_OP002,CZST002,EEST002,5747.86,1757.34,80.75,12.54,286,121.4,118.847,97.7,9664.94,1,0,RFC2_NSEA_MED,ERA_PERFORMANCE_REPORT,1,2025-09-22
2016-03,DE,DE_RAIL_OP003,DEST003,ITST003,2499.51,2130.67,89.62,8.69,587,113.77,75.383,43.88,5235.36,1,0,RFC3_SCAND_MED,INFRA_MANAGER_DATA,1,2025-10-23
2016-04,LV,LV_RAIL_OP004,LVST004,PTST004,2938.45,3735.56,86.27,6.93,194,93.35,28.156,68.68,9316.66,1,0,RFC4_ATLANTIC,OPERATOR_REPORTING,1,2024-08-31
2016-05,PL,PL_RAIL_OP005,PLST005,BEST005,3174.49,5434.26,80.57,8.8,565,85.47,65.747,97.35,8275.16,0,0,RFC5_BALTIC_ADRIATIC,EUROSTAT_RAIL,1,2025-01-28
2016-06,ES,ES_RAIL_OP006,ESST006,FIST006,2007.58,254.32,85.37,7.36,18,135.66,127.533,94.37,8699.23,1,0,RFC6_MEDITERRANEAN,ERA_PERFORMANCE_REPORT,1,2025-09-09
2016-07,HR,HR_RAIL_OP007,HRST007,LVST007,222.89,3507.44,91.1,14.28,243,105.38,71.6,97.59,3541.69,1,0,RFC7_ORIENT_EASTMED,INFRA_MANAGER_DATA,1,2024-04-22
2016-08,FI,FI_RAIL_OP008,FIST008,ROST008,6037.0,2716.14,90.6,3.76,289,85.17,56.361,48.92,5086.97,0,0,RFC8_NORTH_SEA_BALTIC,OPERATOR_REPORTING,1,2025-05-20
2016-09,IE,IE_RAIL_OP009,IEST009,BGST009,845.38,2277.56,95.23,5.28,143,116.25,78.002,52.28,2040.42,1,0,RFC9_RHINE_DANUBE,EUROSTAT_RAIL,1,2024-07-16
2016-10,MT,MT_RAIL_OP010,MTST010,FRST010,1072.38,1219.32,81.13,5.45,19,129.87,75.232,59.55,4191.65,1,0,RFC10_ALPINE_WEST_BALKANS,ERA_PERFORMANCE_REPORT,1,2026-01-21
2016-11,SK,SK_RAIL_OP011,SKST011,LTST011,3011.65,5747.09,68.28,17.54,398,144.78,27.968,94.81,2941.76,1,1,RFC1_RHINE_ALPINE,INFRA_MANAGER_DATA,1,2024-02-26
2016-12,BE,BE_RAIL_OP012,BEST012,SKST012,2895.3,2738.52,88.99,3.34,225,139.94,0.816,97.2,8162.96,1,0,RFC2_NSEA_MED,OPERATOR_REPORTING,1,2024-05-31
2017-01,DK,DK_RAIL_OP013,DKST013,HRST013,5071.35,3213.92,96.98,7.09,180,90.17,2.204,97.02,2857.05,1,0,RFC3_SCAND_MED,EUROSTAT_RAIL,1,2026-02-14
2017-02,GR,GR_RAIL_OP014,GRST014,DEST014,2339.7,1210.71,74.17,4.61,865,90.42,53.918,43.32,3433.77,0,0,RFC4_ATLANTIC,ERA_PERFORMANCE_REPORT,1,2024-01-06
2017-03,LT,LT_RAIL_OP015,LTST015,LUST015,3797.89,4275.6,91.94,1.56,525,144.81,17.505,80.02,7539.91,1,0,RFC5_BALTIC_ADRIATIC,INFRA_MANAGER_DATA,1,2024-08-14
2017-04,PT,PT_RAIL_OP016,PTST016,SIST016,3635.73,1966.33,84.65,5.58,389,99.17,125.62,66.73,5546.57,1,0,RFC6_MEDITERRANEAN,OPERATOR_REPORTING,1,2025-05-09
2017-05,SE,SE_RAIL_OP017,SEST017,CYST017,2470.14,4561.83,89.34,9.68,7,115.58,93.793,67.24,458.59,1,0,RFC7_ORIENT_EASTMED,EUROSTAT_RAIL,1,2024-06-14
2017-06,CY,CY_RAIL_OP018,CYST018,GRST018,3900.09,2112.65,76.08,19.91,416,127.06,110.797,52.32,736.84,1,0,RFC8_NORTH_SEA_BALTIC,ERA_PERFORMANCE_REPORT,1,2025-11-21
2017-07,FR,FR_RAIL_OP019,FRST019,MTST019,4395.76,3994.13,92.42,8.19,62,136.8,112.65,98.5,9855.78,0,0,RFC9_RHINE_DANUBE,INFRA_MANAGER_DATA,1,2024-06-09
2017-08,IT,IT_RAIL_OP020,ITST020,ESST020,3017.45,935.36,93.05,11.38,245,130.27,45.391,82.63,9353.48,1,0,RFC10_ALPINE_WEST_BALKANS,OPERATOR_REPORTING,1,2024-12-09
2017-09,NL,NL_RAIL_OP021,NLST021,CZST021,5382.06,2381.17,80.01,10.62,138,110.78,88.655,61.67,4076.16,1,1,RFC1_RHINE_ALPINE,EUROSTAT_RAIL,1,2025-11-15
2017-10,SI,SI_RAIL_OP022,SIST022,HUST022,2225.86,3088.68,78.77,11.78,322,116.04,36.684,71.03,2742.99,0,0,RFC2_NSEA_MED,ERA_PERFORMANCE_REPORT,0,2025-05-31
2017-11,BG,BG_RAIL_OP023,BGST023,NLST023,1516.08,5303.73,95.63,1.78,233,119.21,29.283,32.68,2067.54,0,0,RFC3_SCAND_MED,INFRA_MANAGER_DATA,1,2024-08-06
2017-12,EE,EE_RAIL_OP024,EEST024,SEST024,1491.22,3396.8,75.76,1.02,93,142.4,28.586,96.59,5699.23,0,0,RFC4_ATLANTIC,OPERATOR_REPORTING,1,2024-11-17
2018-01,HU,HU_RAIL_OP025,HUST025,DKST025,2724.01,5086.76,83.48,12.14,621,99.36,109.485,81.72,8692.48,1,0,RFC5_BALTIC_ADRIATIC,EUROSTAT_RAIL,1,2025-01-17
2018-02,LU,LU_RAIL_OP026,LUST026,IEST026,876.31,100.25,86.4,11.78,654,132.86,101.969,85.29,5229.42,1,0,RFC6_MEDITERRANEAN,ERA_PERFORMANCE_REPORT,1,2024-11-12
2018-03,RO,RO_RAIL_OP027,ROST027,PLST027,2318.99,1992.34,70.18,0.87,772,100.04,48.17,63.28,4076.74,1,0,RFC7_ORIENT_EASTMED,INFRA_MANAGER_DATA,1,2025-05-26
2018-04,AT,AT_RAIL_OP028,ATST028,ATST028,2185.83,4990.28,96.78,8.4,339,124.25,39.045,59.05,6277.35,1,0,RFC8_NORTH_SEA_BALTIC,OPERATOR_REPORTING,1,2025-09-13
2018-05,CZ,CZ_RAIL_OP029,CZST029,EEST029,6814.26,1489.94,84.28,2.5,567,97.45,17.779,71.02,8552.32,1,0,RFC9_RHINE_DANUBE,EUROSTAT_RAIL,1,2025-11-07
2018-06,DE,DE_RAIL_OP030,DEST030,ITST030,803.4,1475.77,80.75,6.94,523,139.37,75.43,98.6,4127.29,1,1,RFC10_ALPINE_WEST_BALKANS,ERA_PERFORMANCE_REPORT,1,2025-10-02
2018-07,LV,LV_RAIL_OP031,LVST031,PTST031,2293.09,2110.32,87.31,2.23,552,95.05,105.145,33.47,4136.57,0,0,RFC1_RHINE_ALPINE,INFRA_MANAGER_DATA,1,2024-06-13
2018-08,PL,PL_RAIL_OP032,PLST032,BEST032,4268.37,2421.19,91.56,11.91,367,118.62,119.146,79.35,4640.6,1,1,RFC2_NSEA_MED,OPERATOR_REPORTING,1,2024-03-11
2018-09,ES,ES_RAIL_OP033,ESST033,FIST033,4554.1,4011.9,96.98,13.61,391,103.79,85.202,43.43,351.8,1,0,RFC3_SCAND_MED,EUROSTAT_RAIL,1,2025-09-01
2018-10,HR,HR_RAIL_OP034,HRST034,LVST034,4535.65,3771.88,73.13,0.95,98,129.19,103.566,83.56,1312.13,1,0,RFC4_ATLANTIC,ERA_PERFORMANCE_REPORT,1,2026-02-20
2018-11,FI,FI_RAIL_OP035,FIST035,ROST035,679.52,219.37,76.98,18.63,546,95.98,136.01,87.47,3264.45,1,0,RFC5_BALTIC_ADRIATIC,INFRA_MANAGER_DATA,1,2024-10-21
2018-12,IE,IE_RAIL_OP036,IEST036,BGST036,2287.86,3751.19,82.51,7.84,671,118.56,141.409,67.16,8905.93,0,0,RFC6_MEDITERRANEAN,OPERATOR_REPORTING,1,2025-10-17
2019-01,MT,MT_RAIL_OP037,MTST037,FRST037,1015.04,1450.46,73.47,13.09,906,143.33,44.923,71.95,981.45,1,1,RFC7_ORIENT_EASTMED,EUROSTAT_RAIL,1,2026-01-06
2019-02,SK,SK_RAIL_OP038,SKST038,LTST038,5998.38,3047.79,95.75,9.44,222,140.07,0.801,96.61,3266.59,1,1,RFC8_NORTH_SEA_BALTIC,ERA_PERFORMANCE_REPORT,1,2024-05-08
2019-03,BE,BE_RAIL_OP039,BEST039,SKST039,5183.12,429.65,83.73,10.33,616,132.8,79.806,77.24,5908.5,1,0,RFC9_RHINE_DANUBE,INFRA_MANAGER_DATA,1,2024-01-28
2019-04,DK,DK_RAIL_OP040,DKST040,HRST040,2605.48,3479.35,89.12,1.48,86,121.91,113.859,47.15,1693.88,1,0,RFC10_ALPINE_WEST_BALKANS,OPERATOR_REPORTING,1,2025-06-15
2019-05,GR,GR_RAIL_OP041,GRST041,DEST041,429.63,2014.08,69.97,4.46,548,93.06,93.021,38.95,3031.91,1,0,RFC1_RHINE_ALPINE,EUROSTAT_RAIL,1,2024-06-16
2019-06,LT,LT_RAIL_OP042,LTST042,LUST042,2299.83,2284.47,96.95,13.19,664,116.3,112.882,56.43,4527.18,0,0,RFC2_NSEA_MED,ERA_PERFORMANCE_REPORT,1,2024-09-01
2019-07,PT,PT_RAIL_OP043,PTST043,SIST043,1185.43,488.52,87.2,10.19,395,133.81,130.575,88.11,2645.37,1,0,RFC3_SCAND_MED,INFRA_MANAGER_DATA,1,2024-01-28
2019-08,SE,SE_RAIL_OP044,SEST044,CYST044,4666.28,1048.16,88.32,5.05,60,96.26,30.525,66.68,163.51,1,0,RFC4_ATLANTIC,OPERATOR_REPORTING,1,2025-04-24
2019-09,CY,CY_RAIL_OP045,CYST045,GRST045,5884.9,2848.95,73.03,22.63,211,91.37,67.162,91.1,7517.56,0,1,RFC5_BALTIC_ADRIATIC,EUROSTAT_RAIL,1,2024-09-09
2019-10,FR,FR_RAIL_OP046,FRST046,MTST046,2310.0,916.44,69.6,18.95,1081,99.48,90.638,89.59,4888.01,1,0,RFC6_MEDITERRANEAN,ERA_PERFORMANCE_REPORT,1,2025-03-01
2019-11,IT,IT_RAIL_OP047,ITST047,ESST047,4261.95,2444.4,90.13,9.12,219,115.77,144.046,63.36,8927.89,1,0,RFC7_ORIENT_EASTMED,INFRA_MANAGER_DATA,1,2024-09-05
2019-12,NL,NL_RAIL_OP048,NLST048,CZST048,5950.68,3154.94,83.75,7.21,437,105.63,87.943,39.9,3519.46,1,0,RFC8_NORTH_SEA_BALTIC,OPERATOR_REPORTING,0,2024-07-25
2020-01,SI,SI_RAIL_OP049,SIST049,HUST049,2961.55,4007.55,84.6,1.76,154,126.97,13.362,96.5,2665.68,1,1,RFC9_RHINE_DANUBE,EUROSTAT_RAIL,1,2024-09-13
2020-02,BG,BG_RAIL_OP050,BGST050,NLST050,4173.83,79.44,90.92,5.16,428,85.74,156.178,32.57,1055.97,1,1,RFC10_ALPINE_WEST_BALKANS,ERA_PERFORMANCE_REPORT,1,2025-06-18
2020-03,EE,EE_RAIL_OP051,EEST051,SEST051,5701.29,1098.26,94.93,10.7,55,87.72,114.118,89.49,8281.39,1,0,RFC1_RHINE_ALPINE,INFRA_MANAGER_DATA,1,2025-01-20
2020-04,HU,HU_RAIL_OP052,HUST052,DKST052,3626.14,1953.37,96.57,4.02,561,126.56,128.367,33.6,6305.02,1,0,RFC2_NSEA_MED,OPERATOR_REPORTING,1,2025-10-14
2020-05,LU,LU_RAIL_OP053,LUST053,IEST053,2620.55,1292.37,70.81,8.72,362,116.29,49.379,87.82,176.47,1,0,RFC3_SCAND_MED,EUROSTAT_RAIL,1,2024-02-27
2020-06,RO,RO_RAIL_OP054,ROST054,PLST054,2606.48,1240.21,87.54,2.5,132,104.34,71.772,74.22,3743.22,1,0,RFC4_ATLANTIC,ERA_PERFORMANCE_REPORT,1,2024-08-05
2020-07,AT,AT_RAIL_OP055,ATST055,ATST055,526.58,709.21,72.22,14.17,1073,141.35,1.544,97.07,7194.0,1,1,RFC5_BALTIC_ADRIATIC,INFRA_MANAGER_DATA,1,2025-01-31
2020-08,CZ,CZ_RAIL_OP056,CZST056,EEST056,1813.15,2165.24,81.96,4.76,511,133.51,26.756,59.4,1393.93,1,0,RFC6_MEDITERRANEAN,OPERATOR_REPORTING,1,2024-11-12
2020-09,DE,DE_RAIL_OP057,DEST057,ITST057,468.85,1343.75,69.01,2.8,946,103.19,30.119,43.91,1978.35,1,0,RFC7_ORIENT_EASTMED,EUROSTAT_RAIL,1,2026-02-16
2020-10,LV,LV_RAIL_OP058,LVST058,PTST058,2160.75,3927.85,84.71,11.71,7,144.53,91.96,80.5,9970.65,1,0,RFC8_NORTH_SEA_BALTIC,ERA_PERFORMANCE_REPORT,1,2024-04-11
2020-11,PL,PL_RAIL_OP059,PLST059,BEST059,4627.35,5015.4,97.34,14.37,63,85.82,31.899,62.84,4006.65,1,1,RFC9_RHINE_DANUBE,INFRA_MANAGER_DATA,1,2026-02-16
2020-12,ES,ES_RAIL_OP060,ESST060,FIST060,228.89,1871.04,95.54,13.8,64,100.51,44.443,69.09,10092.91,0,1,RFC10_ALPINE_WEST_BALKANS,OPERATOR_REPORTING,1,2025-09-27
2021-01,HR,HR_RAIL_OP001,HRST061,LVST061,1792.28,1826.68,79.78,12.82,550,136.23,32.995,40.93,5668.59,0,0,RFC1_RHINE_ALPINE,EUROSTAT_RAIL,1,2024-10-26
2021-02,FI,FI_RAIL_OP002,FIST062,ROST062,255.19,4388.59,71.36,1.54,770,127.25,43.392,96.5,548.94,0,0,RFC2_NSEA_MED,ERA_PERFORMANCE_REPORT,1,2025-11-15
2021-03,IE,IE_RAIL_OP003,IEST063,BGST063,5502.09,3078.97,82.43,9.66,598,121.12,38.19,95.28,2374.32,0,0,RFC3_SCAND_MED,INFRA_MANAGER_DATA,1,2025-09-16
2021-04,MT,MT_RAIL_OP004,MTST064,FRST064,167.08,2464.26,85.75,12.88,618,103.36,25.507,79.35,9347.76,1,0,RFC4_ATLANTIC,OPERATOR_REPORTING,1,2024-02-13
2021-05,SK,SK_RAIL_OP005,SKST065,LTST065,3568.11,2783.65,71.1,3.48,290,123.27,13.572,43.67,4669.13,0,0,RFC5_BALTIC_ADRIATIC,EUROSTAT_RAIL,1,2024-02-01
2021-06,BE,BE_RAIL_OP006,BEST066,SKST066,2140.28,4285.55,76.38,6.2,594,113.17,91.844,68.61,10158.08,1,0,RFC6_MEDITERRANEAN,ERA_PERFORMANCE_REPORT,1,2025-08-06
2021-07,DK,DK_RAIL_OP007,DKST067,HRST067,837.67,1992.12,70.5,5.22,424,133.45,98.004,85.82,2609.16,1,0,RFC7_ORIENT_EASTMED,INFRA_MANAGER_DATA,1,2025-02-07
2021-08,GR,GR_RAIL_OP008,GRST068,DEST068,3025.77,3601.21,91.45,9.06,124,105.18,117.422,60.52,5812.35,1,0,RFC8_NORTH_SEA_BALTIC,OPERATOR_REPORTING,1,2024-04-24
2021-09,LT,LT_RAIL_OP009,LTST069,LUST069,1693.72,1899.89,74.7,6.51,695,110.23,26.523,77.14,8084.84,1,0,RFC9_RHINE_DANUBE,EUROSTAT_RAIL,1,2025-05-04
2021-10,PT,PT_RAIL_OP010,PTST070,SIST070,4795.76,1492.09,93.59,4.92,442,112.46,58.727,34.5,1408.92,1,0,RFC10_ALPINE_WEST_BALKANS,ERA_PERFORMANCE_REPORT,1,2025-07-22
2021-11,SE,SE_RAIL_OP011,SEST071,CYST071,5308.33,5413.42,92.84,9.74,227,104.01,3.965,77.69,408.42,0,0,RFC1_RHINE_ALPINE,INFRA_MANAGER_DATA,1,2025-12-26
2021-12,CY,CY_RAIL_OP012,CYST072,GRST072,376.23,759.41,79.64,4.45,363,114.81,37.902,85.13,9079.11,1,0,RFC2_NSEA_MED,OPERATOR_REPORTING,1,2025-02-03
2022-01,FR,FR_RAIL_OP013,FRST073,MTST073,1268.34,3524.68,69.02,10.3,309,132.36,3.449,90.71,3963.61,0,1,RFC3_SCAND_MED,EUROSTAT_RAIL,1,2025-06-26
2022-02,IT,IT_RAIL_OP014,ITST074,ESST074,2875.93,1594.84,76.02,8.12,29,108.67,39.053,89.07,1617.05,0,1,RFC4_ATLANTIC,ERA_PERFORMANCE_REPORT,1,2024-05-01
2022-03,NL,NL_RAIL_OP015,NLST075,CZST075,1272.27,2868.07,81.7,5.31,315,114.19,13.118,37.31,1206.55,1,1,RFC5_BALTIC_ADRIATIC,INFRA_MANAGER_DATA,1,2025-05-09
2022-04,SI,SI_RAIL_OP016,SIST076,HUST076,2226.05,3246.25,87.78,14.32,217,130.43,114.552,39.4,2552.29,1,1,RFC6_MEDITERRANEAN,OPERATOR_REPORTING,1,2024-09-26
2022-05,BG,BG_RAIL_OP017,BGST077,NLST077,5880.89,799.98,88.83,3.93,499,107.08,3.546,61.7,9068.11,1,0,RFC7_ORIENT_EASTMED,EUROSTAT_RAIL,1,2025-01-26
2022-06,EE,EE_RAIL_OP018,EEST078,SEST078,2959.3,3252.79,69.25,14.27,432,134.84,51.625,76.56,7617.09,1,0,RFC8_NORTH_SEA_BALTIC,ERA_PERFORMANCE_REPORT,1,2024-01-07
2022-07,HU,HU_RAIL_OP019,HUST079,DKST079,1667.36,4389.56,69.61,19.13,796,132.9,40.448,34.86,1457.57,1,0,RFC9_RHINE_DANUBE,INFRA_MANAGER_DATA,1,2025-11-20
2022-08,LU,LU_RAIL_OP020,LUST080,IEST080,2912.43,2896.16,78.89,7.44,366,121.4,7.087,97.88,2628.67,1,0,RFC10_ALPINE_WEST_BALKANS,OPERATOR_REPORTING,1,2024-09-25
2022-09,RO,RO_RAIL_OP021,ROST081,PLST081,6169.85,464.34,75.51,5.97,303,138.53,19.856,35.34,5128.12,1,0,RFC1_RHINE_ALPINE,EUROSTAT_RAIL,0,2025-01-10
2022-10,AT,AT_RAIL_OP022,ATST082,ATST082,3581.9,3784.02,97.73,4.67,512,142.14,125.002,30.73,4020.93,0,0,RFC2_NSEA_MED,ERA_PERFORMANCE_REPORT,1,2024-05-19
2022-11,CZ,CZ_RAIL_OP023,CZST083,EEST083,340.93,66.21,69.54,22.59,314,140.93,43.897,98.34,3052.49,1,0,RFC3_SCAND_MED,INFRA_MANAGER_DATA,1,2024-10-14
2022-12,DE,DE_RAIL_OP024,DEST084,ITST084,344.08,4691.34,96.07,14.2,131,97.6,21.244,58.36,3950.15,0,0,RFC4_ATLANTIC,OPERATOR_REPORTING,0,2026-01-01
2023-01,LV,LV_RAIL_OP025,LVST085,PTST085,81.53,620.2,76.34,17.7,420,108.24,89.485,66.82,6198.11,1,1,RFC5_BALTIC_ADRIATIC,EUROSTAT_RAIL,1,2024-09-10
2023-02,PL,PL_RAIL_OP026,PLST086,BEST086,488.44,603.38,86.5,13.2,378,115.87,23.119,52.19,4357.46,1,1,RFC6_MEDITERRANEAN,ERA_PERFORMANCE_REPORT,1,2024-10-05
2023-03,ES,ES_RAIL_OP027,ESST087,FIST087,3544.68,448.28,75.55,17.2,106,112.3,62.826,43.15,6422.81,1,0,RFC7_ORIENT_EASTMED,INFRA_MANAGER_DATA,0,2026-02-14
2023-04,HR,HR_RAIL_OP028,HRST088,LVST088,581.96,4171.67,94.78,1.7,583,131.76,16.184,86.99,7952.6,1,0,RFC8_NORTH_SEA_BALTIC,OPERATOR_REPORTING,1,2025-01-05
2023-05,FI,FI_RAIL_OP029,FIST089,ROST089,6655.24,5280.11,85.09,5.27,555,95.59,60.657,31.03,539.4,0,0,RFC9_RHINE_DANUBE,EUROSTAT_RAIL,1,2024-11-20
2023-06,IE,IE_RAIL_OP030,IEST090,BGST090,4310.51,4269.06,97.98,9.69,499,105.68,40.579,83.92,8007.62,0,0,RFC10_ALPINE_WEST_BALKANS,ERA_PERFORMANCE_REPORT,0,2024-12-10
2023-07,MT,MT_RAIL_OP031,MTST091,FRST091,1645.09,4166.07,69.17,7.03,680,87.08,60.547,76.72,506.81,0,0,RFC1_RHINE_ALPINE,INFRA_MANAGER_DATA,1,2025-03-18
2023-08,SK,SK_RAIL_OP032,SKST092,LTST092,4099.03,1230.17,68.5,8.8,67,110.24,105.313,56.71,2975.71,0,0,RFC2_NSEA_MED,OPERATOR_REPORTING,1,2025-06-24
2023-09,BE,BE_RAIL_OP033,BEST093,SKST093,3610.62,567.02,91.96,14.26,75,93.89,95.192,39.49,862.92,0,0,RFC3_SCAND_MED,EUROSTAT_RAIL,1,2025-01-29
2023-10,DK,DK_RAIL_OP034,DKST094,HRST094,784.92,3084.35,86.69,8.36,317,97.09,8.511,36.27,3908.78,1,0,RFC4_ATLANTIC,ERA_PERFORMANCE_REPORT,1,2024-07-16
2023-11,GR,GR_RAIL_OP035,GRST095,DEST095,4477.85,2792.44,95.28,5.57,30,93.2,152.23,89.96,7347.18,1,0,RFC5_BALTIC_ADRIATIC,INFRA_MANAGER_DATA,1,2024-11-26
2023-12,LT,LT_RAIL_OP036,LTST096,LUST096,2961.3,3698.95,74.51,20.4,1000,95.19,127.895,56.42,1930.54,0,0,RFC6_MEDITERRANEAN,OPERATOR_REPORTING,1,2025-05-04
2024-01,PT,PT_RAIL_OP037,PTST097,SIST097,5045.19,979.38,87.27,4.53,245,91.94,86.939,73.75,1350.65,1,1,RFC7_ORIENT_EASTMED,EUROSTAT_RAIL,1,2025-04-08
2024-02,SE,SE_RAIL_OP038,SEST098,CYST098,4083.25,2571.77,87.62,2.38,581,123.46,27.816,76.42,866.49,1,1,RFC8_NORTH_SEA_BALTIC,ERA_PERFORMANCE_REPORT,1,2024-08-31
2024-03,CY,CY_RAIL_OP039,CYST099,GRST099,6326.94,447.17,72.68,21.11,917,116.85,0.966,39.13,2255.45,0,1,RFC9_RHINE_DANUBE,INFRA_MANAGER_DATA,1,2024-10-24
2024-04,FR,FR_RAIL_OP040,FRST100,MTST100,1041.13,2587.54,72.34,20.05,544,144.31,44.539,45.47,4477.81,0,0,RFC10_ALPINE_WEST_BALKANS,OPERATOR_REPORTING,1,2024-11-07
2024-05,IT,IT_RAIL_OP041,ITST101,ESST101,1343.98,5852.65,79.67,13.93,611,110.3,15.695,65.62,1840.09,0,0,RFC1_RHINE_ALPINE,EUROSTAT_RAIL,1,2024-10-14
2024-06,NL,NL_RAIL_OP042,NLST102,CZST102,250.72,1027.0,85.65,1.52,409,99.53,92.242,30.93,560.2,1,1,RFC2_NSEA_MED,ERA_PERFORMANCE_REPORT,1,2026-01-27
2024-07,SI,SI_RAIL_OP043,SIST103,HUST103,4055.09,2355.41,84.56,1.4,261,119.38,36.842,56.32,327.75,1,0,RFC3_SCAND_MED,INFRA_MANAGER_DATA,1,2025-04-14
2024-08,BG,BG_RAIL_OP044,BGST104,NLST104,2292.4,4820.41,84.09,10.83,46,143.22,77.033,99.59,6728.29,0,1,RFC4_ATLANTIC,OPERATOR_REPORTING,1,2025-01-14
2024-09,EE,EE_RAIL_OP045,EEST105,SEST105,837.96,2509.35,95.42,0.78,298,126.51,12.172,61.76,8954.95,0,1,RFC5_BALTIC_ADRIATIC,EUROSTAT_RAIL,1,2024-06-29
2024-10,HU,HU_RAIL_OP046,HUST106,DKST106,2350.09,2350.21,70.09,10.55,1113,91.77,35.857,88.71,6539.36,1,1,RFC6_MEDITERRANEAN,ERA_PERFORMANCE_REPORT,1,2025-03-05
2024-11,LU,LU_RAIL_OP047,LUST107,IEST107,2266.5,4094.75,77.48,14.03,40,140.64,5.82,94.75,711.49,1,1,RFC7_ORIENT_EASTMED,INFRA_MANAGER_DATA,1,2026-01-18
2024-12,RO,RO_RAIL_OP048,ROST108,PLST108,5498.41,3905.03,78.62,5.7,42,141.48,28.127,75.5,1362.39,0,0,RFC8_NORTH_SEA_BALTIC,OPERATOR_REPORTING,1,2025-11-09
2025-01,AT,AT_RAIL_OP049,ATST109,ATST109,4236.34,2762.08,77.63,18.04,546,99.43,14.661,58.51,1531.01,0,0,RFC9_RHINE_DANUBE,EUROSTAT_RAIL,1,2024-01-23
2025-02,CZ,CZ_RAIL_OP050,CZST110,EEST110,299.51,400.97,78.87,1.59,303,135.98,34.954,36.99,740.67,0,1,RFC10_ALPINE_WEST_BALKANS,ERA_PERFORMANCE_REPORT,1,2024-06-18
2025-03,DE,DE_RAIL_OP051,DEST111,ITST111,3244.8,5690.26,83.98,14.18,336,119.91,53.294,62.72,6542.37,0,1,RFC1_RHINE_ALPINE,INFRA_MANAGER_DATA,1,2024-05-23
2025-04,LV,LV_RAIL_OP052,LVST112,PTST112,3398.26,1763.21,78.7,12.39,646,130.62,21.764,51.88,6316.5,1,0,RFC2_NSEA_MED,OPERATOR_REPORTING,1,2025-08-16
2025-05,PL,PL_RAIL_OP053,PLST113,BEST113,1880.9,3671.16,89.04,7.28,6,94.83,37.839,79.08,1392.21,1,0,RFC3_SCAND_MED,EUROSTAT_RAIL,1,2024-11-06
2025-06,ES,ES_RAIL_OP054,ESST114,FIST114,5646.68,1355.62,77.27,5.09,154,115.83,25.273,94.56,7171.98,0,1,RFC4_ATLANTIC,ERA_PERFORMANCE_REPORT,1,2025-01-01
2025-07,HR,HR_RAIL_OP055,HRST115,LVST115,2974.93,8.6,76.61,19.99,259,85.78,84.555,66.41,1507.51,1,0,RFC5_BALTIC_ADRIATIC,INFRA_MANAGER_DATA,1,2025-06-12
2025-08,FI,FI_RAIL_OP056,FIST116,ROST116,6200.02,6122.62,97.77,0.6,400,99.5,80.639,68.01,3931.76,1,0,RFC6_MEDITERRANEAN,OPERATOR_REPORTING,1,2024-10-31
2025-09,IE,IE_RAIL_OP057,IEST117,BGST117,97.88,1959.14,88.74,5.01,229,142.01,105.238,41.64,5456.3,1,0,RFC7_ORIENT_EASTMED,EUROSTAT_RAIL,1,2025-10-04
2025-10,MT,MT_RAIL_OP058,MTST118,FRST118,701.9,2277.51,88.13,11.22,537,126.98,61.984,31.18,3419.95,0,1,RFC8_NORTH_SEA_BALTIC,ERA_PERFORMANCE_REPORT,1,2024-09-29
2025-11,SK,SK_RAIL_OP059,SKST119,LTST119,1155.49,1516.7,79.09,10.86,36,114.32,28.374,62.15,6017.45,1,1,RFC9_RHINE_DANUBE,INFRA_MANAGER_DATA,1,2025-08-04
2025-12,BE,BE_RAIL_OP060,BEST120,SKST120,2791.55,1303.79,98.29,11.09,214,141.87,115.112,52.09,5388.34,1,0,RFC10_ALPINE_WEST_BALKANS,OPERATOR_REPORTING,1,2024-11-24
2026-01,DK,DK_RAIL_OP001,DKST121,HRST121,3464.12,1909.19,96.6,10.63,123,109.53,69.246,62.22,6454.96,1,0,RFC1_RHINE_ALPINE,EUROSTAT_RAIL,1,2024-07-31
2026-02,GR,GR_RAIL_OP002,GRST122,DEST122,2381.33,2138.86,95.61,9.68,95,133.56,57.489,33.68,3454.07,1,0,RFC2_NSEA_MED,ERA_PERFORMANCE_REPORT,1,2025-11-10
2026-03,LT,LT_RAIL_OP003,LTST123,LUST123,1751.69,468.43,69.53,3.08,376,124.85,71.204,98.92,9692.66,1,1,RFC3_SCAND_MED,INFRA_MANAGER_DATA,1,2024-01-20
2026-04,PT,PT_RAIL_OP004,PTST124,SIST124,3120.42,2547.35,78.1,11.82,118,90.26,33.471,39.91,6576.63,1,0,RFC4_ATLANTIC,OPERATOR_REPORTING,0,2024-04-01
2026-05,SE,SE_RAIL_OP005,SEST125,CYST125,423.82,2931.51,84.39,7.47,554,114.72,54.872,93.51,8323.43,1,0,RFC5_BALTIC_ADRIATIC,EUROSTAT_RAIL,1,2025-03-23
2026-06,CY,CY_RAIL_OP006,CYST126,GRST126,2370.67,3396.09,82.72,3.1,128,131.06,6.162,78.49,6543.25,1,0,RFC6_MEDITERRANEAN,ERA_PERFORMANCE_REPORT,1,2024-10-03
2026-07,FR,FR_RAIL_OP007,FRST127,MTST127,4790.36,1180.31,72.63,3.13,52,125.47,45.302,62.02,6983.98,0,1,RFC7_ORIENT_EASTMED,INFRA_MANAGER_DATA,0,2024-06-12
2026-08,IT,IT_RAIL_OP008,ITST128,ESST128,5762.28,5005.02,69.53,13.88,608,102.55,94.223,68.63,5321.41,1,1,RFC8_NORTH_SEA_BALTIC,OPERATOR_REPORTING,0,2025-11-04
2026-09,NL,NL_RAIL_OP009,NLST129,CZST129,172.97,149.34,79.22,7.93,129,116.08,22.46,38.0,5515.43,1,0,RFC9_RHINE_DANUBE,EUROSTAT_RAIL,1,2024-03-11
2026-10,SI,SI_RAIL_OP010,SIST130,HUST130,2302.17,554.39,72.87,4.42,753,135.83,34.891,37.27,5390.57,0,0,RFC10_ALPINE_WEST_BALKANS,ERA_PERFORMANCE_REPORT,1,2024-10-17
2026-11,BG,BG_RAIL_OP011,BGST131,NLST131,3096.36,311.35,69.3,7.1,1021,101.83,23.876,78.72,3919.24,0,0,RFC1_RHINE_ALPINE,INFRA_MANAGER_DATA,1,2025-08-16
2026-12,EE,EE_RAIL_OP012,EEST132,SEST132,573.46,2164.51,94.22,7.8,282,125.44,46.506,49.35,4693.48,0,0,RFC2_NSEA_MED,OPERATOR_REPORTING,0,2024-12-06
2016-01,HU,HU_RAIL_OP013,HUST133,DKST133,2707.34,3048.67,86.4,8.82,538,89.39,46.905,40.2,1457.71,1,0,RFC3_SCAND_MED,EUROSTAT_RAIL,0,2024-11-30
2016-02,LU,LU_RAIL_OP014,LUST134,IEST134,2460.8,1561.16,85.44,12.45,428,111.31,33.558,43.6,7.73,1,0,RFC4_ATLANTIC,ERA_PERFORMANCE_REPORT,1,2024-11-05
2016-03,RO,RO_RAIL_OP015,ROST135,PLST135,3999.04,2659.46,71.96,16.7,684,111.48,133.569,86.65,8458.74,1,0,RFC5_BALTIC_ADRIATIC,INFRA_MANAGER_DATA,1,2024-11-04
2016-04,AT,AT_RAIL_OP016,ATST136,ATST136,2292.39,4758.69,77.66,8.22,130,92.09,112.45,63.57,786.3,0,0,RFC6_MEDITERRANEAN,OPERATOR_REPORTING,1,2026-01-04
2016-05,CZ,CZ_RAIL_OP017,CZST137,EEST137,2148.57,627.53,90.81,12.42,175,106.04,65.369,62.07,8634.74,1,0,RFC7_ORIENT_EASTMED,EUROSTAT_RAIL,1,2024-03-31
2016-06,DE,DE_RAIL_OP018,DEST138,ITST138,6037.96,3508.75,82.67,1.14,546,121.33,95.389,46.34,2987.39,1,0,RFC8_NORTH_SEA_BALTIC,ERA_PERFORMANCE_REPORT,1,2025-11-17
2016-07,LV,LV_RAIL_OP019,LVST139,PTST139,2779.22,3193.92,89.9,12.83,102,124.02,50.709,42.01,4387.54,0,0,RFC9_RHINE_DANUBE,INFRA_MANAGER_DATA,1,2024-02-27
2016-08,PL,PL_RAIL_OP020,PLST140,BEST140,27.38,2311.66,69.19,5.14,874,103.72,77.831,46.49,517.83,1,0,RFC10_ALPINE_WEST_BALKANS,OPERATOR_REPORTING,1,2026-02-16
2016-09,ES,ES_RAIL_OP021,ESST141,FIST141,2381.57,2896.17,84.61,0.58,295,108.64,114.102,44.26,5326.52,0,0,RFC1_RHINE_ALPINE,EUROSTAT_RAIL,1,2025-03-07
2016-10,HR,HR_RAIL_OP022,HRST142,LVST142,4133.33,131.23,71.01,15.3,247,132.23,95.912,37.05,1256.82,1,1,RFC2_NSEA_MED,ERA_PERFORMANCE_REPORT,1,2025-02-22
2016-11,FI,FI_RAIL_OP023,FIST143,ROST143,190.32,5112.93,72.8,21.46,957,102.84,77.128,97.23,1754.59,1,0,RFC3_SCAND_MED,INFRA_MANAGER_DATA,1,2026-01-24
2016-12,IE,IE_RAIL_OP024,IEST144,BGST144,2061.41,6174.2,79.74,3.8,448,124.16,30.097,83.3,10101.69,0,0,RFC4_ATLANTIC,OPERATOR_REPORTING,1,2025-04-19
2017-01,MT,MT_RAIL_OP025,MTST145,FRST145,4229.02,3164.91,88.71,2.25,100,107.83,70.672,54.6,2666.97,1,1,RFC5_BALTIC_ADRIATIC,EUROSTAT_RAIL,1,2024-09-15
2017-02,SK,SK_RAIL_OP026,SKST146,LTST146,6261.19,431.38,88.33,8.65,290,129.83,57.142,70.47,6810.78,1,0,RFC6_MEDITERRANEAN,ERA_PERFORMANCE_REPORT,1,2025-01-31
2017-03,BE,BE_RAIL_OP027,BEST147,SKST147,5318.57,1509.22,77.18,7.51,601,108.65,51.529,49.27,2044.43,1,0,RFC7_ORIENT_EASTMED,INFRA_MANAGER_DATA,1,2024-07-06
2017-04,DK,DK_RAIL_OP028,DKST148,HRST148,3542.0,2894.46,80.45,4.62,638,99.28,69.485,76.32,7575.05,1,1,RFC8_NORTH_SEA_BALTIC,OPERATOR_REPORTING,1,2024-01-05
2017-05,GR,GR_RAIL_OP029,GRST149,DEST149,1971.15,1414.02,70.66,5.76,936,137.32,48.526,48.01,4828.94,1,0,RFC9_RHINE_DANUBE,EUROSTAT_RAIL,1,2026-01-12
2017-06,LT,LT_RAIL_OP030,LTST150,LUST150,4710.95,932.69,95.67,6.97,0,104.48,31.156,42.61,213.56,1,0,RFC10_ALPINE_WEST_BALKANS,ERA_PERFORMANCE_REPORT,1,2025-04-02
2017-07,PT,PT_RAIL_OP031,PTST151,SIST151,2806.82,178.74,75.83,15.41,56,110.78,34.676,61.16,575.49,1,0,RFC1_RHINE_ALPINE,INFRA_MANAGER_DATA,0,2025-06-06
2017-08,SE,SE_RAIL_OP032,SEST152,CYST152,1105.04,1740.15,83.08,14.07,70,87.11,19.243,73.38,3010.84,1,0,RFC2_NSEA_MED,OPERATOR_REPORTING,0,2025-06-25
2017-09,CY,CY_RAIL_OP033,CYST153,GRST153,2255.22,322.86,82.97,8.83,82,86.66,83.61,63.67,7259.1,1,0,RFC3_SCAND_MED,EUROSTAT_RAIL,1,2024-03-16
2017-10,FR,FR_RAIL_OP034,FRST154,MTST154,2949.76,151.29,80.92,13.76,298,119.44,36.13,93.12,3694.58,1,1,RFC4_ATLANTIC,ERA_PERFORMANCE_REPORT,0,2025-04-05
2017-11,IT,IT_RAIL_OP035,ITST155,ESST155,4058.43,1049.27,93.91,3.88,390,140.03,22.633,55.02,801.3,0,0,RFC5_BALTIC_ADRIATIC,INFRA_MANAGER_DATA,1,2024-12-24
2017-12,NL,NL_RAIL_OP036,NLST156,CZST156,2493.05,1739.71,81.3,1.26,178,137.64,7.885,99.48,5944.31,0,1,RFC6_MEDITERRANEAN,OPERATOR_REPORTING,1,2024-04-19
2018-01,SI,SI_RAIL_OP037,SIST157,HUST157,886.1,4840.23,73.32,15.78,546,129.85,3.555,98.59,1853.4,1,0,RFC7_ORIENT_EASTMED,EUROSTAT_RAIL,1,2024-10-31
2018-02,BG,BG_RAIL_OP038,BGST158,NLST158,532.21,1462.4,71.55,5.77,1059,128.52,84.601,87.03,9787.6,0,0,RFC8_NORTH_SEA_BALTIC,ERA_PERFORMANCE_REPORT,1,2024-04-26
2018-03,EE,EE_RAIL_OP039,EEST159,SEST159,4326.9,384.16,78.29,10.17,597,108.8,85.817,94.57,3343.69,0,0,RFC9_RHINE_DANUBE,INFRA_MANAGER_DATA,1,2025-09-29
2018-04,HU,HU_RAIL_OP040,HUST160,DKST160,1253.64,207.41,82.52,2.75,53,116.23,86.165,65.04,1849.03,1,0,RFC10_ALPINE_WEST_BALKANS,OPERATOR_REPORTING,0,2025-09-24
2018-05,LU,LU_RAIL_OP041,LUST161,IEST161,2412.19,116.24,90.55,4.97,508,110.47,54.605,58.81,4975.52,1,0,RFC1_RHINE_ALPINE,EUROSTAT_RAIL,1,2024-05-09
2018-06,RO,RO_RAIL_OP042,ROST162,PLST162,2108.09,649.3,76.76,4.91,448,108.37,4.885,87.59,542.5,0,0,RFC2_NSEA_MED,ERA_PERFORMANCE_REPORT,1,2025-07-22
2018-07,AT,AT_RAIL_OP043,ATST163,ATST163,2233.08,1892.9,69.52,11.42,468,123.86,86.638,92.66,4726.13,0,1,RFC3_SCAND_MED,INFRA_MANAGER_DATA,1,2024-07-21
2018-08,CZ,CZ_RAIL_OP044,CZST164,EEST164,3557.4,775.98,68.84,17.17,1105,115.69,31.53,94.68,3530.31,1,0,RFC4_ATLANTIC,OPERATOR_REPORTING,1,2024-07-16
2018-09,DE,DE_RAIL_OP045,DEST165,ITST165,5213.63,799.23,98.1,7.1,419,138.46,75.576,91.94,1346.49,0,0,RFC5_BALTIC_ADRIATIC,EUROSTAT_RAIL,1,2025-10-19
2018-10,LV,LV_RAIL_OP046,LVST166,PTST166,3121.06,2529.81,87.18,6.12,260,128.69,17.91,52.55,744.74,1,0,RFC6_MEDITERRANEAN,ERA_PERFORMANCE_REPORT,1,2025-06-09
2018-11,PL,PL_RAIL_OP047,PLST167,BEST167,3696.21,1324.73,77.88,23.16,435,107.99,30.476,47.42,2032.08,1,1,RFC7_ORIENT_EASTMED,INFRA_MANAGER_DATA,1,2024-03-08
2018-12,ES,ES_RAIL_OP048,ESST168,FIST168,3655.16,954.87,85.69,2.99,84,119.31,82.887,33.28,1864.2,0,0,RFC8_NORTH_SEA_BALTIC,OPERATOR_REPORTING,1,2025-07-13
2019-01,HR,HR_RAIL_OP049,HRST169,LVST169,4100.5,3816.15,93.65,1.78,116,90.91,38.536,65.95,3156.97,0,0,RFC9_RHINE_DANUBE,EUROSTAT_RAIL,1,2025-06-13
2019-02,FI,FI_RAIL_OP050,FIST170,ROST170,2379.92,2310.63,87.69,7.56,643,126.05,57.394,43.48,2362.94,1,1,RFC10_ALPINE_WEST_BALKANS,ERA_PERFORMANCE_REPORT,1,2024-02-16
2019-03,IE,IE_RAIL_OP051,IEST171,BGST171,4072.69,1203.43,93.97,11.75,49,95.86,57.221,98.45,2137.83,1,0,RFC1_RHINE_ALPINE,INFRA_MANAGER_DATA,1,2024-05-31
2019-04,MT,MT_RAIL_OP052,MTST172,FRST172,1527.81,798.27,98.42,11.45,278,136.97,15.517,68.82,2402.51,0,0,RFC2_NSEA_MED,OPERATOR_REPORTING,1,2025-06-20
2019-05,SK,SK_RAIL_OP053,SKST173,LTST173,595.91,4014.67,96.69,14.03,450,105.15,58.615,65.67,2627.24,1,0,RFC3_SCAND_MED,EUROSTAT_RAIL,1,2026-02-02
2019-06,BE,BE_RAIL_OP054,BEST174,SKST174,1191.88,1649.46,72.76,8.05,470,134.44,33.214,51.2,1649.34,1,1,RFC4_ATLANTIC,ERA_PERFORMANCE_REPORT,1,2025-06-03
2019-07,DK,DK_RAIL_OP055,DKST175,HRST175,1790.86,4117.18,80.79,3.59,667,130.18,146.58,90.17,8414.01,1,0,RFC5_BALTIC_ADRIATIC,INFRA_MANAGER_DATA,1,2025-12-23
2019-08,GR,GR_RAIL_OP056,GRST176,DEST176,2812.48,1586.35,87.38,4.84,350,86.74,122.48,60.96,1828.14,1,0,RFC6_MEDITERRANEAN,OPERATOR_REPORTING,1,2025-01-07
2019-09,LT,LT_RAIL_OP057,LTST177,LUST177,1981.63,1527.47,86.35,11.7,59,123.55,77.53,42.62,4496.92,0,0,RFC7_ORIENT_EASTMED,EUROSTAT_RAIL,1,2024-12-29
2019-10,PT,PT_RAIL_OP058,PTST178,SIST178,3839.84,2945.51,80.24,1.27,500,98.36,30.717,92.5,5449.99,1,0,RFC8_NORTH_SEA_BALTIC,ERA_PERFORMANCE_REPORT,1,2025-08-22
2019-11,SE,SE_RAIL_OP059,SEST179,CYST179,1065.42,1264.66,93.32,1.22,160,91.12,97.833,70.42,6558.63,1,0,RFC9_RHINE_DANUBE,INFRA_MANAGER_DATA,1,2025-04-07
2019-12,CY,CY_RAIL_OP060,CYST180,GRST180,1022.83,2354.07,89.04,1.84,499,141.46,40.808,71.1,9697.49,1,0,RFC10_ALPINE_WEST_BALKANS,OPERATOR_REPORTING,1,2025-11-28
2020-01,FR,FR_RAIL_OP001,FRST181,MTST181,4138.71,3197.24,72.65,3.34,990,115.58,13.272,91.27,6195.59,1,0,RFC1_RHINE_ALPINE,EUROSTAT_RAIL,1,2025-01-03
2020-02,IT,IT_RAIL_OP002,ITST182,ESST182,1855.65,1228.14,73.13,19.88,1102,137.58,48.98,74.59,2077.14,1,0,RFC2_NSEA_MED,ERA_PERFORMANCE_REPORT,1,2024-09-02
2020-03,NL,NL_RAIL_OP003,NLST183,CZST183,477.6,1671.98,95.34,4.64,366,142.42,28.478,59.14,5515.06,0,1,RFC3_SCAND_MED,INFRA_MANAGER_DATA,1,2025-02-28
2020-04,SI,SI_RAIL_OP004,SIST184,HUST184,2696.22,4741.17,77.66,13.51,484,124.17,25.114,77.83,7885.78,0,0,RFC4_ATLANTIC,OPERATOR_REPORTING,1,2024-03-07
2020-05,BG,BG_RAIL_OP005,BGST185,NLST185,2539.12,1395.14,93.27,11.33,527,115.43,23.695,40.98,1937.69,1,0,RFC5_BALTIC_ADRIATIC,EUROSTAT_RAIL,1,2025-05-14
2020-06,EE,EE_RAIL_OP006,EEST186,SEST186,3367.3,3865.35,92.66,0.68,356,121.16,146.6,42.57,3156.94,1,1,RFC6_MEDITERRANEAN,ERA_PERFORMANCE_REPORT,1,2025-08-11
2020-07,HU,HU_RAIL_OP007,HUST187,DKST187,3225.92,1206.09,92.27,12.76,351,98.09,52.761,41.41,1933.77,1,0,RFC7_ORIENT_EASTMED,INFRA_MANAGER_DATA,1,2025-11-03
2020-08,LU,LU_RAIL_OP008,LUST188,IEST188,1125.4,2675.77,81.53,1.59,5,126.12,80.523,87.55,1310.29,0,0,RFC8_NORTH_SEA_BALTIC,OPERATOR_REPORTING,1,2024-05-15
2020-09,RO,RO_RAIL_OP009,ROST189,PLST189,1539.69,4065.88,77.5,7.31,630,115.03,66.956,71.32,10013.51,0,0,RFC9_RHINE_DANUBE,EUROSTAT_RAIL,1,2025-10-09
2020-10,AT,AT_RAIL_OP010,ATST190,ATST190,3189.37,2499.19,75.42,22.25,490,102.17,50.833,74.53,6920.62,0,0,RFC10_ALPINE_WEST_BALKANS,ERA_PERFORMANCE_REPORT,1,2025-03-18
2020-11,CZ,CZ_RAIL_OP011,CZST191,EEST191,1557.78,2843.05,70.02,22.49,63,121.25,151.216,77.19,593.54,1,0,RFC1_RHINE_ALPINE,INFRA_MANAGER_DATA,1,2024-05-11
2020-12,DE,DE_RAIL_OP012,DEST192,ITST192,2642.5,4348.66,77.15,13.29,266,137.46,16.946,75.29,4829.93,1,0,RFC2_NSEA_MED,OPERATOR_REPORTING,1,2025-02-16
2021-01,LV,LV_RAIL_OP013,LVST193,PTST193,3937.22,3159.88,94.11,12.7,506,122.14,79.611,49.54,4548.93,0,1,RFC3_SCAND_MED,EUROSTAT_RAIL,1,2026-01-12
2021-02,PL,PL_RAIL_OP014,PLST194,BEST194,3236.89,848.19,83.17,4.3,141,123.41,123.044,62.0,5458.55,0,0,RFC4_ATLANTIC,ERA_PERFORMANCE_REPORT,1,2025-05-08
2021-03,ES,ES_RAIL_OP015,ESST195,FIST195,4941.06,5077.08,83.57,4.27,620,126.05,24.791,79.07,514.45,1,0,RFC5_BALTIC_ADRIATIC,INFRA_MANAGER_DATA,1,2024-07-30
2021-04,HR,HR_RAIL_OP016,HRST196,LVST196,2600.28,4167.25,94.52,12.9,444,86.44,30.222,77.35,7386.1,0,0,RFC6_MEDITERRANEAN,OPERATOR_REPORTING,1,2025-11-08
2021-05,FI,FI_RAIL_OP017,FIST197,ROST197,4927.77,878.14,86.65,12.52,501,89.72,76.633,66.4,1087.17,1,0,RFC7_ORIENT_EASTMED,EUROSTAT_RAIL,1,2024-08-23
2021-06,IE,IE_RAIL_OP018,IEST198,BGST198,399.58,3852.3,86.65,2.99,667,128.24,24.48,99.53,7307.44,1,0,RFC8_NORTH_SEA_BALTIC,ERA_PERFORMANCE_REPORT,1,2024-08-04
2021-07,MT,MT_RAIL_OP019,MTST199,FRST199,5191.88,451.34,93.03,11.97,1,105.23,104.139,51.8,5936.64,0,0,RFC9_RHINE_DANUBE,INFRA_MANAGER_DATA,1,2025-02-11
2021-08,SK,SK_RAIL_OP020,SKST200,LTST200,4425.18,746.28,86.64,6.77,31,132.94,6.979,66.24,6025.81,0,1,RFC10_ALPINE_WEST_BALKANS,OPERATOR_REPORTING,1,2025-11-26
2021-09,BE,BE_RAIL_OP021,BEST201,SKST201,5168.06,3453.46,96.89,9.5,640,90.75,29.285,68.77,6035.36,1,0,RFC1_RHINE_ALPINE,EUROSTAT_RAIL,1,2024-04-11
2021-10,DK,DK_RAIL_OP022,DKST202,HRST202,4728.47,5344.92,94.58,8.8,333,127.77,93.595,98.56,9385.2,0,0,RFC2_NSEA_MED,ERA_PERFORMANCE_REPORT,1,2025-07-24
2021-11,GR,GR_RAIL_OP023,GRST203,DEST203,377.64,2657.77,95.18,12.98,585,97.65,12.872,90.32,9894.3,1,0,RFC3_SCAND_MED,INFRA_MANAGER_DATA,1,2024-10-30
2021-12,LT,LT_RAIL_OP024,LTST204,LUST204,844.41,1414.04,84.64,7.75,358,128.32,107.434,51.98,5215.35,0,0,RFC4_ATLANTIC,OPERATOR_REPORTING,1,2024-04-13
2022-01,PT,PT_RAIL_OP025,PTST205,SIST205,2857.88,2907.91,88.3,7.73,453,107.74,7.904,36.77,1423.52,1,1,RFC5_BALTIC_ADRIATIC,EUROSTAT_RAIL,1,2025-03-24
2022-02,SE,SE_RAIL_OP026,SEST206,CYST206,4836.95,5297.25,94.81,6.93,121,137.29,77.128,59.07,1562.79,0,0,RFC6_MEDITERRANEAN,ERA_PERFORMANCE_REPORT,1,2025-01-27
2022-03,CY,CY_RAIL_OP027,CYST207,GRST207,1053.38,2212.15,73.55,14.33,96,109.47,17.909,88.1,8675.47,1,0,RFC7_ORIENT_EASTMED,INFRA_MANAGER_DATA,1,2025-10-27
2022-04,FR,FR_RAIL_OP028,FRST208,MTST208,1467.89,2572.94,74.2,9.14,443,112.24,87.258,81.72,8717.63,1,0,RFC8_NORTH_SEA_BALTIC,OPERATOR_REPORTING,1,2026-02-16
2022-05,IT,IT_RAIL_OP029,ITST209,ESST209,5980.59,2270.46,85.34,2.47,504,119.78,7.315,94.19,7816.28,1,0,RFC9_RHINE_DANUBE,EUROSTAT_RAIL,1,2024-06-02
2022-06,NL,NL_RAIL_OP030,NLST210,CZST210,1310.0,2099.73,79.99,5.78,4,135.66,65.168,68.17,6987.84,1,0,RFC10_ALPINE_WEST_BALKANS,ERA_PERFORMANCE_REPORT,1,2024-02-27
2022-07,SI,SI_RAIL_OP031,SIST211,HUST211,591.09,2527.88,94.89,7.24,583,126.51,79.11,32.22,988.51,1,1,RFC1_RHINE_ALPINE,INFRA_MANAGER_DATA,1,2025-07-29
2022-08,BG,BG_RAIL_OP032,BGST212,NLST212,569.76,1641.07,77.67,8.96,514,133.45,108.279,69.81,6010.47,1,0,RFC2_NSEA_MED,OPERATOR_REPORTING,1,2024-02-02
2022-09,EE,EE_RAIL_OP033,EEST213,SEST213,6277.57,4012.61,80.9,2.63,579,122.27,32.73,46.18,3364.33,1,0,RFC3_SCAND_MED,EUROSTAT_RAIL,1,2025-05-05
2022-10,HU,HU_RAIL_OP034,HUST214,DKST214,289.89,271.04,92.25,1.84,638,134.35,56.33,46.83,2983.33,1,1,RFC4_ATLANTIC,ERA_PERFORMANCE_REPORT,1,2024-08-01
2022-11,LU,LU_RAIL_OP035,LUST215,IEST215,5799.35,2542.98,70.42,7.0,117,125.36,13.527,69.29,5163.85,1,0,RFC5_BALTIC_ADRIATIC,INFRA_MANAGER_DATA,1,2025-05-09
2022-12,RO,RO_RAIL_OP036,ROST216,PLST216,4265.76,2613.32,87.55,9.48,200,114.25,123.768,69.06,7750.25,0,0,RFC6_MEDITERRANEAN,OPERATOR_REPORTING,1,2026-02-06
2023-01,AT,AT_RAIL_OP037,ATST217,ATST217,2691.42,495.85,74.16,13.26,504,133.96,5.109,63.82,2404.98,0,0,RFC7_ORIENT_EASTMED,EUROSTAT_RAIL,1,2024-02-08
2023-02,CZ,CZ_RAIL_OP038,CZST218,EEST218,1286.7,3503.81,75.73,6.18,275,116.55,22.585,50.86,2140.09,1,1,RFC8_NORTH_SEA_BALTIC,ERA_PERFORMANCE_REPORT,1,2026-02-13
2023-03,DE,DE_RAIL_OP039,DEST219,ITST219,6740.3,2501.14,97.67,10.32,153,100.84,17.039,35.66,5275.92,0,0,RFC9_RHINE_DANUBE,INFRA_MANAGER_DATA,1,2025-12-11
2023-04,LV,LV_RAIL_OP040,LVST220,PTST220,4194.72,122.09,94.41,2.69,412,92.94,112.803,93.8,8256.52,1,0,RFC10_ALPINE_WEST_BALKANS,OPERATOR_REPORTING,1,2024-05-30
2023-05,PL,PL_RAIL_OP041,PLST221,BEST221,1445.72,2355.72,97.93,7.45,67,126.09,20.931,58.92,3765.6,0,0,RFC1_RHINE_ALPINE,EUROSTAT_RAIL,1,2024-05-26
2023-06,ES,ES_RAIL_OP042,ESST222,FIST222,3149.2,2230.61,92.04,4.26,672,135.83,108.274,64.88,3817.5,1,1,RFC2_NSEA_MED,ERA_PERFORMANCE_REPORT,1,2024-04-09
2023-07,HR,HR_RAIL_OP043,HRST223,LVST223,1457.14,801.52,72.64,11.94,644,129.2,82.181,39.27,4509.54,0,0,RFC3_SCAND_MED,INFRA_MANAGER_DATA,1,2024-08-14
2023-08,FI,FI_RAIL_OP044,FIST224,ROST224,3037.61,1346.57,76.56,10.34,663,120.23,58.771,84.41,604.98,0,1,RFC4_ATLANTIC,OPERATOR_REPORTING,1,2025-08-12
2023-09,IE,IE_RAIL_OP045,IEST225,BGST225,3540.1,178.08,70.78,14.09,19,105.17,73.931,49.72,5586.54,0,1,RFC5_BALTIC_ADRIATIC,EUROSTAT_RAIL,1,2025-01-10
2023-10,MT,MT_RAIL_OP046,MTST226,FRST226,1961.1,2393.26,83.47,0.88,175,91.17,61.892,97.31,3962.27,1,0,RFC6_MEDITERRANEAN,ERA_PERFORMANCE_REPORT,1,2025-05-10
2023-11,SK,SK_RAIL_OP047,SKST227,LTST227,1331.65,60.33,77.34,9.41,12,114.77,5.184,61.28,8298.87,0,0,RFC7_ORIENT_EASTMED,INFRA_MANAGER_DATA,1,2024-03-30
2023-12,BE,BE_RAIL_OP048,BEST228,SKST228,2271.69,1694.67,73.27,20.19,44,129.06,30.691,32.94,4976.11,1,0,RFC8_NORTH_SEA_BALTIC,OPERATOR_REPORTING,1,2025-12-03
2024-01,DK,DK_RAIL_OP049,DKST229,HRST229,4114.09,1575.83,83.68,13.32,333,93.79,13.244,86.98,10174.63,1,0,RFC9_RHINE_DANUBE,EUROSTAT_RAIL,1,2026-01-27
2024-02,GR,GR_RAIL_OP050,GRST230,DEST230,1281.12,880.82,77.53,22.24,592,85.85,56.197,64.96,7904.38,1,0,RFC10_ALPINE_WEST_BALKANS,ERA_PERFORMANCE_REPORT,1,2025-04-13
2024-03,LT,LT_RAIL_OP051,LTST231,LUST231,482.88,965.29,70.51,20.71,202,118.79,109.349,89.02,2649.68,1,0,RFC1_RHINE_ALPINE,INFRA_MANAGER_DATA,1,2026-01-25
2024-04,PT,PT_RAIL_OP052,PTST232,SIST232,1083.22,769.99,83.68,4.48,371,88.46,64.784,84.22,3507.51,0,0,RFC2_NSEA_MED,OPERATOR_REPORTING,1,2025-02-07
2024-05,SE,SE_RAIL_OP053,SEST233,CYST233,4370.34,1389.8,94.56,2.01,548,99.45,107.714,54.66,6307.26,1,0,RFC3_SCAND_MED,EUROSTAT_RAIL,1,2024-01-24
2024-06,CY,CY_RAIL_OP054,CYST234,GRST234,6515.25,2637.71,95.92,0.63,403,144.04,81.2,58.85,4086.52,1,0,RFC4_ATLANTIC,ERA_PERFORMANCE_REPORT,1,2025-03-14
2024-07,FR,FR_RAIL_OP055,FRST235,MTST235,2672.55,2490.02,82.31,3.44,481,92.55,28.834,42.42,2251.05,1,0,RFC5_BALTIC_ADRIATIC,INFRA_MANAGER_DATA,1,2024-05-25
2024-08,IT,IT_RAIL_OP056,ITST236,ESST236,174.82,870.4,68.68,8.73,543,121.56,71.743,62.69,10063.93,0,1,RFC6_MEDITERRANEAN,OPERATOR_REPORTING,1,2025-03-04
2024-09,NL,NL_RAIL_OP057,NLST237,CZST237,1335.29,3214.76,75.18,22.93,633,104.16,20.267,79.39,7378.61,0,0,RFC7_ORIENT_EASTMED,EUROSTAT_RAIL,1,2025-09-14
2024-10,SI,SI_RAIL_OP058,SIST238,HUST238,4420.95,138.48,77.27,2.97,647,115.45,30.651,50.74,955.98,1,0,RFC8_NORTH_SEA_BALTIC,ERA_PERFORMANCE_REPORT,1,2026-01-25
2024-11,BG,BG_RAIL_OP059,BGST239,NLST239,3657.63,68.94,76.81,20.18,289,138.34,27.259,41.39,6034.43,1,0,RFC9_RHINE_DANUBE,INFRA_MANAGER_DATA,1,2024-12-31
2024-12,EE,EE_RAIL_OP060,EEST240,SEST240,225.59,5679.6,95.8,6.68,578,142.41,88.525,78.51,5285.56,0,0,RFC10_ALPINE_WEST_BALKANS,OPERATOR_REPORTING,1,2025-01-07
2025-01,HU,HU_RAIL_OP001,HUST241,DKST241,2441.37,4407.8,93.44,4.43,391,105.43,50.141,30.66,2278.32,1,0,RFC1_RHINE_ALPINE,EUROSTAT_RAIL,1,2024-03-12
2025-02,LU,LU_RAIL_OP002,LUST242,IEST242,148.36,1932.86,95.97,7.82,587,106.73,21.871,79.56,5928.11,1,0,RFC2_NSEA_MED,ERA_PERFORMANCE_REPORT,1,2026-02-16
2025-03,RO,RO_RAIL_OP003,ROST243,PLST243,880.89,3445.05,84.79,14.18,280,96.59,90.691,59.33,6466.53,0,0,RFC3_SCAND_MED,INFRA_MANAGER_DATA,1,2024-04-03
2025-04,AT,AT_RAIL_OP004,ATST244,ATST244,82.25,2796.28,95.4,13.28,103,93.8,94.504,95.74,5190.85,0,0,RFC4_ATLANTIC,OPERATOR_REPORTING,1,2026-01-17
2025-05,CZ,CZ_RAIL_OP005,CZST245,EEST245,795.71,1901.11,74.25,14.89,798,115.74,67.522,99.8,747.29,1,0,RFC5_BALTIC_ADRIATIC,EUROSTAT_RAIL,1,2025-12-29
2025-06,DE,DE_RAIL_OP006,DEST246,ITST246,649.96,5184.49,82.37,6.95,559,137.84,52.842,59.58,905.87,1,1,RFC6_MEDITERRANEAN,ERA_PERFORMANCE_REPORT,1,2024-03-16
2025-07,LV,LV_RAIL_OP007,LVST247,PTST247,3578.34,3604.67,90.95,5.82,102,137.1,128.177,95.36,1584.2,1,0,RFC7_ORIENT_EASTMED,INFRA_MANAGER_DATA,1,2024-06-20
2025-08,PL,PL_RAIL_OP008,PLST248,BEST248,2301.73,2224.89,76.16,4.27,466,87.56,105.712,59.24,2268.92,0,0,RFC8_NORTH_SEA_BALTIC,OPERATOR_REPORTING,1,2024-12-03
2025-09,ES,ES_RAIL_OP009,ESST249,FIST249,567.45,4253.24,96.27,10.25,346,127.52,100.305,54.3,2697.25,1,0,RFC9_RHINE_DANUBE,EUROSTAT_RAIL,1,2024-12-18
2025-10,HR,HR_RAIL_OP010,HRST250,LVST250,184.05,1513.37,78.9,7.7,337,141.29,57.759,93.65,8430.94,0,0,RFC10_ALPINE_WEST_BALKANS,ERA_PERFORMANCE_REPORT,1,2024-02-22
2025-11,FI,FI_RAIL_OP011,FIST251,ROST251,3248.58,3612.51,88.79,9.74,99,123.12,105.81,56.15,4126.9,1,0,RFC1_RHINE_ALPINE,INFRA_MANAGER_DATA,1,2025-06-22
2025-12,IE,IE_RAIL_OP012,IEST252,BGST252,6079.56,4022.69,88.73,7.81,43,122.81,117.955,54.14,4708.47,1,0,RFC2_NSEA_MED,OPERATOR_REPORTING,1,2024-07-14
2026-01,MT,MT_RAIL_OP013,MTST253,FRST253,2830.9,4588.15,88.42,11.62,483,127.06,53.857,53.92,3947.12,0,1,RFC3_SCAND_MED,EUROSTAT_RAIL,1,2025-11-08
2026-02,SK,SK_RAIL_OP014,SKST254,LTST254,337.27,3082.55,92.06,7.86,197,143.17,96.698,85.89,8305.04,1,1,RFC4_ATLANTIC,ERA_PERFORMANCE_REPORT,1,2026-01-24
2026-03,BE,BE_RAIL_OP015,BEST255,SKST255,1128.16,1004.07,81.92,11.35,425,87.08,74.617,70.88,8458.19,1,1,RFC5_BALTIC_ADRIATIC,INFRA_MANAGER_DATA,1,2025-08-20
2026-04,DK,DK_RAIL_OP016,DKST256,HRST256,6395.96,366.09,78.0,7.98,395,120.26,107.911,69.99,6449.55,1,0,RFC6_MEDITERRANEAN,OPERATOR_REPORTING,1,2024-02-17
2026-05,GR,GR_RAIL_OP017,GRST257,DEST257,1648.98,4191.01,93.16,6.88,569,102.77,79.967,95.66,9396.71,0,0,RFC7_ORIENT_EASTMED,EUROSTAT_RAIL,1,2024-08-06
2026-06,LT,LT_RAIL_OP018,LTST258,LUST258,1339.89,3249.19,70.38,10.38,949,133.13,27.591,67.18,7369.93,1,0,RFC8_NORTH_SEA_BALTIC,ERA_PERFORMANCE_REPORT,1,2024-11-23
2026-07,PT,PT_RAIL_OP019,PTST259,SIST259,4063.2,2606.64,90.56,11.99,511,129.7,2.13,45.51,3161.74,0,0,RFC9_RHINE_DANUBE,INFRA_MANAGER_DATA,1,2024-06-19
2026-08,SE,SE_RAIL_OP020,SEST260,CYST260,19.68,1001.05,95.26,12.2,318,104.08,70.85,81.13,10126.39,0,1,RFC10_ALPINE_WEST_BALKANS,OPERATOR_REPORTING,1,2024-11-04
2026-09,CY,CY_RAIL_OP021,CYST261,GRST261,5897.72,5038.85,86.67,12.19,623,88.45,62.8,57.15,1999.2,0,0,RFC1_RHINE_ALPINE,EUROSTAT_RAIL,1,2025-03-17
2026-10,FR,FR_RAIL_OP022,FRST262,MTST262,4301.34,2722.23,84.71,14.28,88,118.43,66.714,40.5,4723.84,0,0,RFC2_NSEA_MED,ERA_PERFORMANCE_REPORT,1,2025-09-04
2026-11,IT,IT_RAIL_OP023,ITST263,ESST263,1762.41,1610.58,84.01,8.23,308,121.28,58.134,50.69,3563.0,0,0,RFC3_SCAND_MED,INFRA_MANAGER_DATA,0,2024-10-22
2026-12,NL,NL_RAIL_OP024,NLST264,CZST264,801.43,86.67,84.27,13.16,397,115.17,111.581,78.06,3031.39,1,0,RFC4_ATLANTIC,OPERATOR_REPORTING,1,2024-10-09
2016-01,SI,SI_RAIL_OP025,SIST265,HUST265,5219.08,1298.93,98.48,4.37,600,117.15,94.094,46.64,1819.0,1,0,RFC5_BALTIC_ADRIATIC,EUROSTAT_RAIL,1,2024-10-15
2016-02,BG,BG_RAIL_OP026,BGST266,NLST266,1090.38,2491.58,69.0,12.12,816,125.02,126.524,50.73,2620.98,0,0,RFC6_MEDITERRANEAN,ERA_PERFORMANCE_REPORT,1,2026-01-22
2016-03,EE,EE_RAIL_OP027,EEST267,SEST267,3724.19,4235.77,69.37,10.9,340,134.5,117.401,96.29,4290.62,0,0,RFC7_ORIENT_EASTMED,INFRA_MANAGER_DATA,1,2024-08-21
2016-04,HU,HU_RAIL_OP028,HUST268,DKST268,3292.9,3365.94,69.49,23.03,847,138.86,110.756,32.04,3991.4,1,0,RFC8_NORTH_SEA_BALTIC,OPERATOR_REPORTING,1,2024-03-22
2016-05,LU,LU_RAIL_OP029,LUST269,IEST269,2306.95,3156.89,77.81,5.58,634,117.62,48.074,96.59,6916.97,1,0,RFC9_RHINE_DANUBE,EUROSTAT_RAIL,1,2024-01-08
2016-06,RO,RO_RAIL_OP030,ROST270,PLST270,799.87,4696.27,94.29,0.62,167,98.82,65.73,92.13,9257.09,0,0,RFC10_ALPINE_WEST_BALKANS,ERA_PERFORMANCE_REPORT,1,2024-05-12
2016-07,AT,AT_RAIL_OP031,ATST271,ATST271,2918.79,247.88,78.17,4.44,302,122.09,57.152,32.1,2689.35,0,1,RFC1_RHINE_ALPINE,INFRA_MANAGER_DATA,1,2024-02-02
2016-08,CZ,CZ_RAIL_OP032,CZST272,EEST272,1352.85,344.57,85.65,5.54,103,123.69,101.051,87.12,8253.06,1,1,RFC2_NSEA_MED,OPERATOR_REPORTING,1,2025-01-05
2016-09,DE,DE_RAIL_OP033,DEST273,ITST273,4643.16,1845.4,82.98,3.84,201,136.38,13.53,40.8,161.08,1,0,RFC3_SCAND_MED,EUROSTAT_RAIL,1,2025-03-12
2016-10,LV,LV_RAIL_OP034,LVST274,PTST274,4661.94,3476.88,93.01,13.37,598,134.01,32.535,77.62,1323.76,1,0,RFC4_ATLANTIC,ERA_PERFORMANCE_REPORT,1,2024-08-28
2016-11,PL,PL_RAIL_OP035,PLST275,BEST275,221.44,2003.26,77.5,19.31,35,130.84,10.926,71.93,2981.42,1,0,RFC5_BALTIC_ADRIATIC,INFRA_MANAGER_DATA,1,2025-04-25
2016-12,ES,ES_RAIL_OP036,ESST276,FIST276,2735.94,765.48,87.56,2.5,377,95.26,27.832,49.39,135.63,1,0,RFC6_MEDITERRANEAN,OPERATOR_REPORTING,1,2024-10-08
2017-01,HR,HR_RAIL_OP037,HRST277,LVST277,428.87,5880.15,68.59,7.06,135,138.21,38.233,57.35,4945.47,1,0,RFC7_ORIENT_EASTMED,EUROSTAT_RAIL,1,2024-01-04
2017-02,FI,FI_RAIL_OP038,FIST278,ROST278,3394.98,2382.96,80.36,7.31,427,97.58,2.45,92.67,7642.98,1,0,RFC8_NORTH_SEA_BALTIC,ERA_PERFORMANCE_REPORT,1,2024-09-02
2017-03,IE,IE_RAIL_OP039,IEST279,BGST279,1853.77,698.93,97.06,5.31,194,144.39,95.152,70.72,5631.18,1,0,RFC9_RHINE_DANUBE,INFRA_MANAGER_DATA,1,2024-07-18
2017-04,MT,MT_RAIL_OP040,MTST280,FRST280,1947.2,1502.82,70.89,7.69,247,136.12,47.966,43.47,5640.59,1,0,RFC10_ALPINE_WEST_BALKANS,OPERATOR_REPORTING,1,2024-03-22
2017-05,SK,SK_RAIL_OP041,SKST281,LTST281,1898.6,3862.46,76.0,7.19,21,121.3,77.52,62.4,6395.24,0,0,RFC1_RHINE_ALPINE,EUROSTAT_RAIL,1,2024-08-03
2017-06,BE,BE_RAIL_OP042,BEST282,SKST282,988.39,173.38,89.44,1.88,448,113.28,65.87,59.39,5497.96,1,0,RFC2_NSEA_MED,ERA_PERFORMANCE_REPORT,1,2026-02-24
2017-07,DK,DK_RAIL_OP043,DKST283,HRST283,2081.42,3573.08,89.36,0.58,662,138.52,77.783,92.6,4904.76,0,1,RFC3_SCAND_MED,INFRA_MANAGER_DATA,1,2026-02-13
2017-08,GR,GR_RAIL_OP044,GRST284,DEST284,914.86,4312.84,89.48,9.19,671,115.9,58.305,67.31,6714.09,1,0,RFC4_ATLANTIC,OPERATOR_REPORTING,1,2025-11-27
2017-09,LT,LT_RAIL_OP045,LTST285,LUST285,5481.29,393.29,83.3,9.95,419,91.11,113.096,76.13,3855.73,1,0,RFC5_BALTIC_ADRIATIC,EUROSTAT_RAIL,1,2025-05-05
2017-10,PT,PT_RAIL_OP046,PTST286,SIST286,2684.1,2236.87,90.59,9.23,35,120.74,7.538,33.27,5946.81,1,1,RFC6_MEDITERRANEAN,ERA_PERFORMANCE_REPORT,1,2026-02-17
2017-11,SE,SE_RAIL_OP047,SEST287,CYST287,1998.78,2427.87,77.08,12.16,507,137.16,120.868,31.01,3110.53,0,0,RFC7_ORIENT_EASTMED,INFRA_MANAGER_DATA,1,2025-11-15
2017-12,CY,CY_RAIL_OP048,CYST288,GRST288,466.36,93.92,97.43,10.45,190,128.08,24.682,91.35,6059.21,1,0,RFC8_NORTH_SEA_BALTIC,OPERATOR_REPORTING,1,2025-07-15
2018-01,FR,FR_RAIL_OP049,FRST289,MTST289,2578.03,3310.8,91.04,2.77,593,99.45,42.094,42.52,2451.14,1,1,RFC9_RHINE_DANUBE,EUROSTAT_RAIL,1,2024-01-19
2018-02,IT,IT_RAIL_OP050,ITST290,ESST290,5647.27,2744.81,89.27,13.56,212,134.53,86.345,99.56,645.08,1,0,RFC10_ALPINE_WEST_BALKANS,ERA_PERFORMANCE_REPORT,1,2024-08-10
2018-03,NL,NL_RAIL_OP051,NLST291,CZST291,6684.37,929.39,84.48,13.9,180,98.64,61.951,96.2,1590.89,1,0,RFC1_RHINE_ALPINE,INFRA_MANAGER_DATA,1,2026-02-24
2018-04,SI,SI_RAIL_OP052,SIST292,HUST292,2834.17,1115.36,71.61,11.65,102,124.06,17.54,98.7,3480.65,1,0,RFC2_NSEA_MED,OPERATOR_REPORTING,1,2025-04-05
2018-05,BG,BG_RAIL_OP053,BGST293,NLST293,3874.8,1893.58,95.8,13.83,70,140.14,65.884,75.07,1469.94,1,0,RFC3_SCAND_MED,EUROSTAT_RAIL,1,2026-02-10
2018-06,EE,EE_RAIL_OP054,EEST294,SEST294,3008.52,3805.31,73.03,1.69,148,89.86,66.993,43.63,2886.74,1,0,RFC4_ATLANTIC,ERA_PERFORMANCE_REPORT,1,2025-10-30
2018-07,HU,HU_RAIL_OP055,HUST295,DKST295,966.61,518.52,97.06,1.54,407,135.64,95.679,51.7,4036.8,0,0,RFC5_BALTIC_ADRIATIC,INFRA_MANAGER_DATA,1,2025-05-05
2018-08,LU,LU_RAIL_OP056,LUST296,IEST296,3569.24,1803.49,95.15,13.65,135,132.62,87.27,50.89,4077.32,1,0,RFC6_MEDITERRANEAN,OPERATOR_REPORTING,1,2026-02-05
2018-09,RO,RO_RAIL_OP057,ROST297,PLST297,510.19,1696.15,96.06,6.75,636,120.48,12.047,55.4,3758.51,1,0,RFC7_ORIENT_EASTMED,EUROSTAT_RAIL,1,2025-08-09
2018-10,AT,AT_RAIL_OP058,ATST298,ATST298,1787.25,5176.42,74.28,19.69,186,116.97,126.185,41.48,6189.36,0,0,RFC8_NORTH_SEA_BALTIC,ERA_PERFORMANCE_REPORT,1,2024-06-02
2018-11,CZ,CZ_RAIL_OP059,CZST299,EEST299,5263.41,1067.59,75.9,8.6,42,104.69,45.711,96.11,9651.15,1,1,RFC9_RHINE_DANUBE,INFRA_MANAGER_DATA,1,2025-04-02
2018-12,DE,DE_RAIL_OP060,DEST300,ITST300,2552.59,4132.73,71.15,1.41,527,141.64,110.396,91.2,8063.0,0,0,RFC10_ALPINE_WEST_BALKANS,OPERATOR_REPORTING,1,2025-09-08
2019-01,LV,LV_RAIL_OP001,LVST301,PTST301,2202.23,1906.21,72.44,21.13,1071,99.69,32.308,70.4,1571.19,1,0,RFC1_RHINE_ALPINE,EUROSTAT_RAIL,1,2025-02-13
2019-02,PL,PL_RAIL_OP002,PLST302,BEST302,2028.81,2899.19,96.24,10.54,306,113.97,69.532,45.37,1743.65,1,0,RFC2_NSEA_MED,ERA_PERFORMANCE_REPORT,1,2025-09-01
2019-03,ES,ES_RAIL_OP003,ESST303,FIST303,1802.68,2629.27,74.8,9.61,158,118.02,15.191,63.81,7098.17,0,0,RFC3_SCAND_MED,INFRA_MANAGER_DATA,0,2025-10-15
2019-04,HR,HR_RAIL_OP004,HRST304,LVST304,1914.5,3984.45,83.42,13.88,146,138.56,73.241,74.15,1721.15,0,0,RFC4_ATLANTIC,OPERATOR_REPORTING,1,2025-05-22
2019-05,FI,FI_RAIL_OP005,FIST305,ROST305,5172.4,3664.43,83.02,4.05,531,118.88,11.876,96.35,7957.52,0,0,RFC5_BALTIC_ADRIATIC,EUROSTAT_RAIL,0,2025-08-19
2019-06,IE,IE_RAIL_OP006,IEST306,BGST306,5047.66,4097.16,73.27,11.86,286,90.87,83.338,40.98,6709.44,0,0,RFC6_MEDITERRANEAN,ERA_PERFORMANCE_REPORT,1,2024-07-27
2019-07,MT,MT_RAIL_OP007,MTST307,FRST307,4659.4,3471.78,93.29,7.91,666,128.79,79.12,58.46,3069.14,1,0,RFC7_ORIENT_EASTMED,INFRA_MANAGER_DATA,1,2025-07-20
2019-08,SK,SK_RAIL_OP008,SKST308,LTST308,848.24,4316.2,77.62,13.56,89,105.91,131.546,41.52,1520.7,1,1,RFC8_NORTH_SEA_BALTIC,OPERATOR_REPORTING,1,2025-07-16
2019-09,BE,BE_RAIL_OP009,BEST309,SKST309,3442.34,4159.39,73.12,4.55,78,86.33,70.397,58.74,3143.56,0,1,RFC9_RHINE_DANUBE,EUROSTAT_RAIL,1,2024-09-15
2019-10,DK,DK_RAIL_OP010,DKST310,HRST310,4039.11,2701.4,73.11,12.82,866,106.56,75.022,84.11,4956.45,1,0,RFC10_ALPINE_WEST_BALKANS,ERA_PERFORMANCE_REPORT,1,2025-05-08
2019-11,GR,GR_RAIL_OP011,GRST311,DEST311,4769.16,2906.73,75.88,10.47,614,87.5,80.317,82.88,1630.21,1,1,RFC1_RHINE_ALPINE,INFRA_MANAGER_DATA,1,2025-02-01
2019-12,LT,LT_RAIL_OP012,LTST312,LUST312,5606.61,3045.87,71.06,11.8,406,111.46,53.404,32.63,2912.5,0,0,RFC2_NSEA_MED,OPERATOR_REPORTING,1,2024-08-27
2020-01,PT,PT_RAIL_OP013,PTST313,SIST313,4995.15,480.95,87.33,2.02,537,115.39,129.907,33.43,1829.28,1,0,RFC3_SCAND_MED,EUROSTAT_RAIL,1,2024-05-23
2020-02,SE,SE_RAIL_OP014,SEST314,CYST314,600.64,4653.51,72.71,20.0,1049,120.53,71.454,38.25,791.55,0,0,RFC4_ATLANTIC,ERA_PERFORMANCE_REPORT,1,2026-01-22
2020-03,CY,CY_RAIL_OP015,CYST315,GRST315,5135.01,1887.71,74.04,19.42,873,88.67,59.879,35.63,4220.16,1,0,RFC5_BALTIC_ADRIATIC,INFRA_MANAGER_DATA,1,2025-09-17
2020-04,FR,FR_RAIL_OP016,FRST316,MTST316,1080.61,517.35,85.7,4.51,544,93.34,61.14,90.07,9776.08,1,0,RFC6_MEDITERRANEAN,OPERATOR_REPORTING,1,2025-05-30
2020-05,IT,IT_RAIL_OP017,ITST317,ESST317,4044.9,3719.52,89.03,2.51,126,111.06,10.492,90.41,8559.4,0,1,RFC7_ORIENT_EASTMED,EUROSTAT_RAIL,1,2024-12-28
2020-06,NL,NL_RAIL_OP018,NLST318,CZST318,2034.73,1083.13,93.53,12.03,519,129.25,75.56,62.49,3998.79,1,0,RFC8_NORTH_SEA_BALTIC,ERA_PERFORMANCE_REPORT,1,2024-01-17
2020-07,SI,SI_RAIL_OP019,SIST319,HUST319,101.44,2502.57,92.09,5.93,167,140.68,133.79,88.43,5405.48,0,0,RFC9_RHINE_DANUBE,INFRA_MANAGER_DATA,1,2024-08-16
2020-08,BG,BG_RAIL_OP020,BGST320,NLST320,2467.3,2055.67,69.96,18.68,143,131.6,79.886,31.07,1698.1,1,0,RFC10_ALPINE_WEST_BALKANS,OPERATOR_REPORTING,1,2025-08-28
2020-09,EE,EE_RAIL_OP021,EEST321,SEST321,1348.07,2196.25,81.53,14.12,502,100.41,45.441,81.38,1219.65,1,1,RFC1_RHINE_ALPINE,EUROSTAT_RAIL,1,2024-07-10
2020-10,HU,HU_RAIL_OP022,HUST322,DKST322,2513.87,178.28,78.23,10.07,557,86.7,9.166,55.38,4388.36,0,0,RFC2_NSEA_MED,ERA_PERFORMANCE_REPORT,1,2025-04-24
2020-11,LU,LU_RAIL_OP023,LUST323,IEST323,1478.78,2604.4,96.68,5.12,432,96.34,18.149,67.66,10179.31,0,0,RFC3_SCAND_MED,INFRA_MANAGER_DATA,1,2024-11-30
2020-12,RO,RO_RAIL_OP024,ROST324,PLST324,5507.99,2299.99,87.48,8.14,170,108.18,83.543,38.62,4172.65,0,0,RFC4_ATLANTIC,OPERATOR_REPORTING,0,2024-02-03
2021-01,AT,AT_RAIL_OP025,ATST325,ATST325,5661.22,4606.33,81.65,12.79,79,117.49,97.92,42.51,5225.02,0,0,RFC5_BALTIC_ADRIATIC,EUROSTAT_RAIL,1,2025-03-22
2021-02,CZ,CZ_RAIL_OP026,CZST326,EEST326,2914.74,2805.94,70.2,11.44,289,104.23,6.145,98.66,379.03,1,1,RFC6_MEDITERRANEAN,ERA_PERFORMANCE_REPORT,0,2026-01-29
2021-03,DE,DE_RAIL_OP027,DEST327,ITST327,111.46,3093.04,76.49,18.73,533,107.24,14.095,60.71,9886.36,1,0,RFC7_ORIENT_EASTMED,INFRA_MANAGER_DATA,1,2024-07-18
2021-04,LV,LV_RAIL_OP028,LVST328,PTST328,3820.93,72.74,97.98,4.25,421,132.67,38.463,89.08,9826.76,1,0,RFC8_NORTH_SEA_BALTIC,OPERATOR_REPORTING,1,2024-03-05
2021-05,PL,PL_RAIL_OP029,PLST329,BEST329,478.82,2710.84,89.67,2.16,105,119.34,27.771,81.66,8295.93,1,1,RFC9_RHINE_DANUBE,EUROSTAT_RAIL,1,2025-02-25
2021-06,ES,ES_RAIL_OP030,ESST330,FIST330,832.53,142.46,72.08,10.44,301,116.42,90.479,51.77,29.29,0,0,RFC10_ALPINE_WEST_BALKANS,ERA_PERFORMANCE_REPORT,1,2024-06-14
2021-07,HR,HR_RAIL_OP031,HRST331,LVST331,2216.25,2263.52,91.29,8.09,262,120.87,60.213,66.89,2038.28,1,0,RFC1_RHINE_ALPINE,INFRA_MANAGER_DATA,1,2025-11-07
2021-08,FI,FI_RAIL_OP032,FIST332,ROST332,1706.93,4702.43,84.13,2.65,425,120.78,72.945,57.84,657.7,1,0,RFC2_NSEA_MED,OPERATOR_REPORTING,1,2025-01-11
2021-09,IE,IE_RAIL_OP033,IEST333,BGST333,2914.45,3783.76,97.87,13.36,486,118.9,106.722,52.27,5377.81,1,1,RFC3_SCAND_MED,EUROSTAT_RAIL,1,2024-08-13
2021-10,MT,MT_RAIL_OP034,MTST334,FRST334,2031.13,4923.54,76.03,5.67,124,141.17,9.033,96.03,3591.01,0,1,RFC4_ATLANTIC,ERA_PERFORMANCE_REPORT,1,2025-04-10
2021-11,SK,SK_RAIL_OP035,SKST335,LTST335,2809.31,1720.98,79.35,2.25,122,99.52,127.245,49.4,2484.31,1,0,RFC5_BALTIC_ADRIATIC,INFRA_MANAGER_DATA,1,2024-11-23
2021-12,BE,BE_RAIL_OP036,BEST336,SKST336,2516.78,331.04,80.67,3.41,320,135.49,120.676,46.23,1202.4,0,0,RFC6_MEDITERRANEAN,OPERATOR_REPORTING,1,2024-12-13
2022-01,DK,DK_RAIL_OP037,DKST337,HRST337,4699.74,2878.74,78.99,7.69,534,117.54,98.14,99.25,6673.92,1,0,RFC7_ORIENT_EASTMED,EUROSTAT_RAIL,1,2024-08-28
2022-02,GR,GR_RAIL_OP038,GRST338,DEST338,1992.16,1081.13,97.38,3.68,580,93.57,45.052,52.59,1173.37,1,0,RFC8_NORTH_SEA_BALTIC,ERA_PERFORMANCE_REPORT,1,2025-10-13
2022-03,LT,LT_RAIL_OP039,LTST339,LUST339,3176.68,792.37,73.08,6.23,954,137.73,47.689,40.24,352.05,0,1,RFC9_RHINE_DANUBE,INFRA_MANAGER_DATA,0,2024-11-28
2022-04,PT,PT_RAIL_OP040,PTST340,SIST340,155.7,2053.05,97.08,11.72,1,100.43,103.561,65.08,3143.0,0,1,RFC10_ALPINE_WEST_BALKANS,OPERATOR_REPORTING,0,2024-02-14
2022-05,SE,SE_RAIL_OP041,SEST341,CYST341,1219.54,4061.34,82.69,9.72,161,106.36,46.307,72.9,9030.87,1,0,RFC1_RHINE_ALPINE,EUROSTAT_RAIL,1,2025-12-20
2022-06,CY,CY_RAIL_OP042,CYST342,GRST342,963.17,4048.6,69.97,1.17,557,90.6,44.624,85.75,4598.29,1,0,RFC2_NSEA_MED,ERA_PERFORMANCE_REPORT,1,2025-08-16
2022-07,FR,FR_RAIL_OP043,FRST343,MTST343,312.35,1617.23,92.71,7.99,640,86.7,44.109,98.14,8546.32,1,0,RFC3_SCAND_MED,INFRA_MANAGER_DATA,1,2025-03-02
2022-08,IT,IT_RAIL_OP044,ITST344,ESST344,4918.6,4146.85,80.77,3.06,535,87.61,23.858,67.76,6221.74,1,0,RFC4_ATLANTIC,OPERATOR_REPORTING,1,2024-08-27
2022-09,NL,NL_RAIL_OP045,NLST345,CZST345,3491.58,3297.53,89.05,2.56,204,131.59,128.109,87.87,614.31,1,0,RFC5_BALTIC_ADRIATIC,EUROSTAT_RAIL,1,2024-11-11
2022-10,SI,SI_RAIL_OP046,SIST346,HUST346,5156.0,2289.28,90.23,13.41,364,120.39,29.472,51.04,4786.51,0,0,RFC6_MEDITERRANEAN,ERA_PERFORMANCE_REPORT,1,2024-11-02
2022-11,BG,BG_RAIL_OP047,BGST347,NLST347,303.24,2065.03,87.94,6.02,284,90.83,44.048,82.78,5516.42,1,0,RFC7_ORIENT_EASTMED,INFRA_MANAGER_DATA,1,2024-08-18
2022-12,EE,EE_RAIL_OP048,EEST348,SEST348,1209.15,1251.24,90.04,6.61,371,103.58,52.411,34.73,5081.13,1,1,RFC8_NORTH_SEA_BALTIC,OPERATOR_REPORTING,1,2024-11-21
2023-01,HU,HU_RAIL_OP049,HUST349,DKST349,2311.49,2583.34,70.7,15.84,538,116.24,62.02,65.19,9584.96,1,0,RFC9_RHINE_DANUBE,EUROSTAT_RAIL,1,2025-08-11
2023-02,LU,LU_RAIL_OP050,LUST350,IEST350,1414.53,5049.33,72.46,1.87,645,123.18,57.305,59.72,3498.92,0,0,RFC10_ALPINE_WEST_BALKANS,ERA_PERFORMANCE_REPORT,1,2024-02-27
2023-03,RO,RO_RAIL_OP051,ROST351,PLST351,4610.05,4688.27,81.13,11.92,311,91.02,99.394,50.94,1859.93,1,0,RFC1_RHINE_ALPINE,INFRA_MANAGER_DATA,1,2025-08-05
2023-04,AT,AT_RAIL_OP052,ATST352,ATST352,1776.89,2456.93,70.54,7.69,1066,134.03,27.969,65.51,4483.81,0,1,RFC2_NSEA_MED,OPERATOR_REPORTING,1,2024-02-17
2023-05,CZ,CZ_RAIL_OP053,CZST353,EEST353,1904.44,2034.28,97.81,2.73,85,108.89,23.792,74.63,8293.15,0,0,RFC3_SCAND_MED,EUROSTAT_RAIL,0,2024-11-21
2023-06,DE,DE_RAIL_OP054,DEST354,ITST354,687.08,2420.52,90.47,9.11,547,110.77,37.406,47.23,4410.99,1,0,RFC4_ATLANTIC,ERA_PERFORMANCE_REPORT,1,2025-06-02
2023-07,LV,LV_RAIL_OP055,LVST355,PTST355,1359.51,1117.72,94.5,8.92,53,135.72,53.407,44.94,480.96,0,0,RFC5_BALTIC_ADRIATIC,INFRA_MANAGER_DATA,1,2025-02-07
2023-08,PL,PL_RAIL_OP056,PLST356,BEST356,4170.21,3738.7,70.92,15.05,577,99.97,57.259,97.85,7689.0,1,1,RFC6_MEDITERRANEAN,OPERATOR_REPORTING,1,2025-10-08
2023-09,ES,ES_RAIL_OP057,ESST357,FIST357,4964.71,2830.15,71.16,13.35,419,138.88,65.334,73.61,2096.05,1,0,RFC7_ORIENT_EASTMED,EUROSTAT_RAIL,0,2024-12-12
2023-10,HR,HR_RAIL_OP058,HRST358,LVST358,5480.74,4329.36,86.93,1.7,163,117.77,73.291,59.61,6557.63,1,0,RFC8_NORTH_SEA_BALTIC,ERA_PERFORMANCE_REPORT,1,2025-08-09
2023-11,FI,FI_RAIL_OP059,FIST359,ROST359,2025.17,837.97,91.84,3.6,151,92.22,8.64,83.02,1665.35,1,0,RFC9_RHINE_DANUBE,INFRA_MANAGER_DATA,1,2024-02-18
2023-12,IE,IE_RAIL_OP060,IEST360,BGST360,4422.5,5200.82,83.79,12.75,352,130.9,39.051,32.02,6126.94,0,1,RFC10_ALPINE_WEST_BALKANS,OPERATOR_REPORTING,1,2025-03-09
2024-01,MT,MT_RAIL_OP001,MTST361,FRST361,1760.32,6088.56,85.93,5.07,369,125.08,132.948,54.55,2637.1,1,0,RFC1_RHINE_ALPINE,EUROSTAT_RAIL,1,2026-01-09
2024-02,SK,SK_RAIL_OP002,SKST362,LTST362,2491.82,3208.06,69.39,13.71,1047,131.96,0.876,91.34,7231.33,0,0,RFC2_NSEA_MED,ERA_PERFORMANCE_REPORT,1,2025-02-20
2024-03,BE,BE_RAIL_OP003,BEST363,SKST363,2225.19,2048.73,86.08,11.2,533,126.87,46.297,54.84,861.9,1,0,RFC3_SCAND_MED,INFRA_MANAGER_DATA,1,2025-06-06
2024-04,DK,DK_RAIL_OP004,DKST364,HRST364,2977.36,4662.1,72.4,5.43,910,100.28,25.053,98.76,7920.95,0,0,RFC4_ATLANTIC,OPERATOR_REPORTING,0,2024-01-05
2024-05,GR,GR_RAIL_OP005,GRST365,DEST365,3062.56,3674.57,74.91,13.76,72,121.21,105.724,67.36,7394.72,1,0,RFC5_BALTIC_ADRIATIC,EUROSTAT_RAIL,1,2025-02-01
2024-06,LT,LT_RAIL_OP006,LTST366,LUST366,1645.26,5146.71,87.39,8.82,271,98.56,39.503,57.74,802.37,1,0,RFC6_MEDITERRANEAN,ERA_PERFORMANCE_REPORT,1,2024-04-21
2024-07,PT,PT_RAIL_OP007,PTST367,SIST367,3420.89,4462.68,78.26,0.43,188,123.88,7.376,83.92,8724.94,1,1,RFC7_ORIENT_EASTMED,INFRA_MANAGER_DATA,1,2025-02-17
2024-08,SE,SE_RAIL_OP008,SEST368,CYST368,5576.38,2004.65,83.94,10.57,308,136.55,34.816,50.45,524.48,0,0,RFC8_NORTH_SEA_BALTIC,OPERATOR_REPORTING,0,2025-05-24
2024-09,CY,CY_RAIL_OP009,CYST369,GRST369,3370.01,2761.28,84.06,12.59,9,106.18,89.204,83.84,2628.09,0,1,RFC9_RHINE_DANUBE,EUROSTAT_RAIL,1,2025-11-27
2024-10,FR,FR_RAIL_OP010,FRST370,MTST370,2423.4,4264.67,94.57,13.24,159,140.53,86.791,99.36,343.03,1,0,RFC10_ALPINE_WEST_BALKANS,ERA_PERFORMANCE_REPORT,0,2024-02-04
2024-11,IT,IT_RAIL_OP011,ITST371,ESST371,1742.7,4538.77,94.77,8.14,508,124.93,47.537,55.99,3601.25,1,0,RFC1_RHINE_ALPINE,INFRA_MANAGER_DATA,1,2025-11-24
2024-12,NL,NL_RAIL_OP012,NLST372,CZST372,1902.07,1067.15,86.54,1.63,86,118.63,64.158,94.82,1087.33,1,1,RFC2_NSEA_MED,OPERATOR_REPORTING,1,2025-09-05
2025-01,SI,SI_RAIL_OP013,SIST373,HUST373,2040.92,1001.0,96.26,8.1,580,142.99,75.465,57.9,2171.55,0,1,RFC3_SCAND_MED,EUROSTAT_RAIL,1,2024-08-06
2025-02,BG,BG_RAIL_OP014,BGST374,NLST374,4568.41,3577.6,81.24,12.59,390,131.99,4.666,90.99,998.71,1,1,RFC4_ATLANTIC,ERA_PERFORMANCE_REPORT,1,2025-02-26
2025-03,EE,EE_RAIL_OP015,EEST375,SEST375,5243.43,5178.92,92.93,13.37,541,97.66,37.557,66.09,9625.6,1,1,RFC5_BALTIC_ADRIATIC,INFRA_MANAGER_DATA,1,2024-10-09
2025-04,HU,HU_RAIL_OP016,HUST376,DKST376,4261.48,3501.3,74.14,13.88,1045,113.25,74.872,90.46,3492.39,1,0,RFC6_MEDITERRANEAN,OPERATOR_REPORTING,1,2024-08-24
2025-05,LU,LU_RAIL_OP017,LUST377,IEST377,5502.89,2803.95,82.26,10.25,53,100.77,109.717,44.84,1667.38,1,1,RFC7_ORIENT_EASTMED,EUROSTAT_RAIL,1,2024-10-08
2025-06,RO,RO_RAIL_OP018,ROST378,PLST378,2098.23,1048.3,95.98,7.23,56,103.12,122.523,31.27,4821.36,1,0,RFC8_NORTH_SEA_BALTIC,ERA_PERFORMANCE_REPORT,1,2024-08-20
2025-07,AT,AT_RAIL_OP019,ATST379,ATST379,625.19,2259.52,73.45,6.06,814,91.94,64.449,96.26,5382.46,0,1,RFC9_RHINE_DANUBE,INFRA_MANAGER_DATA,1,2025-05-20
2025-08,CZ,CZ_RAIL_OP020,CZST380,EEST380,195.28,1855.55,76.46,2.77,366,86.17,41.988,46.55,769.9,1,0,RFC10_ALPINE_WEST_BALKANS,OPERATOR_REPORTING,1,2025-02-11
2025-09,DE,DE_RAIL_OP021,DEST381,ITST381,2377.95,3089.67,76.39,21.51,259,116.72,76.762,96.28,2289.9,0,0,RFC1_RHINE_ALPINE,EUROSTAT_RAIL,1,2025-12-17
2025-10,LV,LV_RAIL_OP022,LVST382,PTST382,3735.36,3556.94,89.04,2.07,54,133.04,77.097,99.3,8369.16,1,0,RFC2_NSEA_MED,ERA_PERFORMANCE_REPORT,1,2025-01-26
2025-11,PL,PL_RAIL_OP023,PLST383,BEST383,4713.14,455.61,70.33,3.47,672,123.62,37.329,31.1,2198.15,1,0,RFC3_SCAND_MED,INFRA_MANAGER_DATA,1,2024-09-29
2025-12,ES,ES_RAIL_OP024,ESST384,FIST384,2005.3,1840.35,88.16,11.88,434,106.48,31.223,35.33,2731.22,1,0,RFC4_ATLANTIC,OPERATOR_REPORTING,1,2025-07-21
2026-01,HR,HR_RAIL_OP025,HRST385,LVST385,4219.23,2155.42,76.28,4.49,147,127.23,50.37,60.92,2043.2,0,0,RFC5_BALTIC_ADRIATIC,EUROSTAT_RAIL,1,2024-07-28
2026-02,FI,FI_RAIL_OP026,FIST386,ROST386,561.4,4506.84,70.1,15.59,848,109.4,98.842,55.12,2099.49,1,0,RFC6_MEDITERRANEAN,ERA_PERFORMANCE_REPORT,1,2024-04-24
2026-03,IE,IE_RAIL_OP027,IEST387,BGST387,4042.0,1862.05,76.4,7.31,114,122.35,67.886,48.41,5317.79,1,0,RFC7_ORIENT_EASTMED,INFRA_MANAGER_DATA,1,2025-06-24
2026-04,MT,MT_RAIL_OP028,MTST388,FRST388,1903.86,4052.18,85.58,9.2,430,134.87,132.236,50.68,5910.19,1,0,RFC8_NORTH_SEA_BALTIC,OPERATOR_REPORTING,1,2024-04-08
2026-05,SK,SK_RAIL_OP029,SKST389,LTST389,5438.48,4873.68,92.77,12.53,275,100.99,16.062,83.88,9610.72,0,0,RFC9_RHINE_DANUBE,EUROSTAT_RAIL,1,2024-05-29
2026-06,BE,BE_RAIL_OP030,BEST390,SKST390,3621.46,2252.38,76.33,7.46,618,123.62,2.156,39.2,5894.83,0,0,RFC10_ALPINE_WEST_BALKANS,ERA_PERFORMANCE_REPORT,1,2026-01-16
2026-07,DK,DK_RAIL_OP031,DKST391,HRST391,1641.1,4075.89,84.55,9.64,651,112.7,108.429,59.27,6143.97,1,1,RFC1_RHINE_ALPINE,INFRA_MANAGER_DATA,1,2026-01-19
2026-08,GR,GR_RAIL_OP032,GRST392,DEST392,5621.06,2394.48,75.66,22.25,400,95.07,53.69,92.82,2388.9,1,0,RFC2_NSEA_MED,OPERATOR_REPORTING,1,2025-10-11
2026-09,LT,LT_RAIL_OP033,LTST393,LUST393,302.49,5301.12,85.19,12.89,614,136.49,73.586,99.24,4367.3,0,0,RFC3_SCAND_MED,EUROSTAT_RAIL,1,2024-10-05
2026-10,PT,PT_RAIL_OP034,PTST394,SIST394,3999.47,2971.54,88.05,2.95,492,89.61,77.687,33.56,2320.93,1,0,RFC4_ATLANTIC,ERA_PERFORMANCE_REPORT,1,2025-09-09
2026-11,SE,SE_RAIL_OP035,SEST395,CYST395,5064.63,2301.46,86.1,7.93,23,96.2,20.499,62.69,5295.41,1,1,RFC5_BALTIC_ADRIATIC,INFRA_MANAGER_DATA,1,2025-12-13
2026-12,CY,CY_RAIL_OP036,CYST396,GRST396,4151.34,4074.05,96.95,9.65,403,105.67,104.098,48.3,6721.27,1,1,RFC6_MEDITERRANEAN,OPERATOR_REPORTING,1,2024-04-10
2016-01,FR,FR_RAIL_OP037,FRST397,MTST397,6074.5,1018.01,79.66,10.28,114,107.73,85.851,95.5,6288.63,1,0,RFC7_ORIENT_EASTMED,EUROSTAT_RAIL,1,2024-12-26
2016-02,IT,IT_RAIL_OP038,ITST398,ESST398,3979.02,4167.41,85.62,10.63,127,120.39,1.233,64.84,3942.5,1,0,RFC8_NORTH_SEA_BALTIC,ERA_PERFORMANCE_REPORT,1,2025-01-15
2016-03,NL,NL_RAIL_OP039,NLST399,CZST399,3102.97,1391.42,69.17,7.16,588,136.84,93.666,35.87,3440.62,1,0,RFC9_RHINE_DANUBE,INFRA_MANAGER_DATA,1,2025-09-02
2016-04,SI,SI_RAIL_OP040,SIST400,HUST400,1000.22,2336.01,72.19,16.07,1015,88.47,45.017,58.25,677.38,1,0,RFC10_ALPINE_WEST_BALKANS,OPERATOR_REPORTING,1,2024-05-25
2016-05,BG,BG_RAIL_OP041,BGST401,NLST401,483.45,906.89,78.72,1.84,176,121.2,120.521,71.12,7269.39,1,0,RFC1_RHINE_ALPINE,EUROSTAT_RAIL,1,2025-05-22
2016-06,EE,EE_RAIL_OP042,EEST402,SEST402,1499.9,2815.81,80.35,14.04,303,98.82,82.571,85.93,1374.45,0,1,RFC2_NSEA_MED,ERA_PERFORMANCE_REPORT,1,2025-06-13
2016-07,HU,HU_RAIL_OP043,HUST403,DKST403,1799.21,1759.52,83.24,14.27,294,85.92,84.682,63.98,8813.87,0,1,RFC3_SCAND_MED,INFRA_MANAGER_DATA,1,2024-12-01
2016-08,LU,LU_RAIL_OP044,LUST404,IEST404,2445.14,3749.62,84.77,10.17,68,134.68,71.224,64.78,3955.11,1,0,RFC4_ATLANTIC,OPERATOR_REPORTING,1,2024-07-25
2016-09,RO,RO_RAIL_OP045,ROST405,PLST405,4600.31,1064.27,92.14,9.95,16,103.92,86.03,83.64,9032.93,1,0,RFC5_BALTIC_ADRIATIC,EUROSTAT_RAIL,1,2024-07-25
2016-10,AT,AT_RAIL_OP046,ATST406,ATST406,3581.3,4967.54,98.06,5.53,346,87.55,27.37,46.9,3530.69,0,0,RFC6_MEDITERRANEAN,ERA_PERFORMANCE_REPORT,1,2026-01-15
2016-11,CZ,CZ_RAIL_OP047,CZST407,EEST407,5772.93,2796.54,85.48,3.56,160,96.64,92.681,45.79,2366.09,1,0,RFC7_ORIENT_EASTMED,INFRA_MANAGER_DATA,1,2025-08-25
2016-12,DE,DE_RAIL_OP048,DEST408,ITST408,1221.14,2500.36,97.93,4.52,88,135.09,15.409,79.28,3242.76,1,0,RFC8_NORTH_SEA_BALTIC,OPERATOR_REPORTING,1,2025-04-29
2017-01,LV,LV_RAIL_OP049,LVST409,PTST409,2432.76,2367.29,86.5,3.53,424,101.47,136.76,91.22,9602.75,1,0,RFC9_RHINE_DANUBE,EUROSTAT_RAIL,1,2024-05-24
2017-02,PL,PL_RAIL_OP050,PLST410,BEST410,2616.13,2302.93,92.15,6.39,541,97.89,88.201,86.77,9541.91,1,0,RFC10_ALPINE_WEST_BALKANS,ERA_PERFORMANCE_REPORT,1,2024-11-27
2017-03,ES,ES_RAIL_OP051,ESST411,FIST411,173.55,1012.38,86.16,8.43,645,144.88,82.311,97.38,4076.23,1,0,RFC1_RHINE_ALPINE,INFRA_MANAGER_DATA,1,2025-12-02
2017-04,HR,HR_RAIL_OP052,HRST412,LVST412,1501.41,3153.86,72.54,2.46,989,97.29,71.07,57.16,130.84,1,0,RFC2_NSEA_MED,OPERATOR_REPORTING,1,2024-07-15
2017-05,FI,FI_RAIL_OP053,FIST413,ROST413,4851.15,2306.41,88.54,5.33,399,121.27,30.053,61.22,936.14,0,0,RFC3_SCAND_MED,EUROSTAT_RAIL,1,2025-06-22
2017-06,IE,IE_RAIL_OP054,IEST414,BGST414,5791.7,1468.4,90.77,9.16,274,121.3,72.248,65.0,8523.64,1,0,RFC4_ATLANTIC,ERA_PERFORMANCE_REPORT,1,2025-07-26
2017-07,MT,MT_RAIL_OP055,MTST415,FRST415,870.19,3495.71,79.74,1.23,650,113.82,125.756,79.91,1356.58,1,1,RFC5_BALTIC_ADRIATIC,INFRA_MANAGER_DATA,1,2025-01-10
2017-08,SK,SK_RAIL_OP056,SKST416,LTST416,145.91,5400.47,90.29,3.97,670,121.37,88.963,77.79,6030.58,1,1,RFC6_MEDITERRANEAN,OPERATOR_REPORTING,1,2024-11-19
2017-09,BE,BE_RAIL_OP057,BEST417,SKST417,3762.37,1754.51,95.09,4.23,455,120.62,84.094,83.6,3285.19,1,1,RFC7_ORIENT_EASTMED,EUROSTAT_RAIL,1,2024-10-04
2017-10,DK,DK_RAIL_OP058,DKST418,HRST418,4852.78,96.2,78.82,3.62,484,98.91,26.555,66.14,9698.29,1,0,RFC8_NORTH_SEA_BALTIC,ERA_PERFORMANCE_REPORT,1,2025-06-24
2017-11,GR,GR_RAIL_OP059,GRST419,DEST419,2370.65,5702.73,93.38,4.18,667,100.1,38.645,85.45,746.09,1,1,RFC9_RHINE_DANUBE,INFRA_MANAGER_DATA,1,2024-12-30
2017-12,LT,LT_RAIL_OP060,LTST420,LUST420,1914.21,459.44,83.57,10.4,432,130.17,109.965,90.18,5962.25,1,0,RFC10_ALPINE_WEST_BALKANS,OPERATOR_REPORTING,1,2024-01-28
2018-01,PT,PT_RAIL_OP001,PTST421,SIST421,2572.29,4483.8,88.86,4.01,148,124.37,83.476,60.45,6608.36,1,1,RFC1_RHINE_ALPINE,EUROSTAT_RAIL,1,2025-12-13
2018-02,SE,SE_RAIL_OP002,SEST422,CYST422,2068.96,4141.97,89.87,13.69,66,110.37,33.76,65.09,3042.7,0,0,RFC2_NSEA_MED,ERA_PERFORMANCE_REPORT,1,2025-09-15
2018-03,CY,CY_RAIL_OP003,CYST423,GRST423,1085.85,1899.64,72.57,10.52,239,102.48,89.558,43.64,3150.87,1,0,RFC3_SCAND_MED,INFRA_MANAGER_DATA,1,2026-01-14
2018-04,FR,FR_RAIL_OP004,FRST424,MTST424,4380.17,2672.38,86.33,10.79,127,140.92,77.421,48.56,6002.97,1,0,RFC4_ATLANTIC,OPERATOR_REPORTING,1,2025-04-22
2018-05,IT,IT_RAIL_OP005,ITST425,ESST425,617.24,1173.2,80.68,3.0,342,96.47,30.662,74.01,8159.07,1,0,RFC5_BALTIC_ADRIATIC,EUROSTAT_RAIL,1,2024-03-10
2018-06,NL,NL_RAIL_OP006,NLST426,CZST426,394.66,3891.26,76.34,4.77,169,125.45,61.179,71.3,8119.59,1,0,RFC6_MEDITERRANEAN,ERA_PERFORMANCE_REPORT,1,2025-04-09
2018-07,SI,SI_RAIL_OP007,SIST427,HUST427,6336.96,3390.42,87.41,11.38,43,98.62,64.444,84.98,6675.86,1,0,RFC7_ORIENT_EASTMED,INFRA_MANAGER_DATA,1,2025-09-04
2018-08,BG,BG_RAIL_OP008,BGST428,NLST428,3042.76,2970.24,68.3,21.23,760,95.14,7.061,41.22,6242.69,1,0,RFC8_NORTH_SEA_BALTIC,OPERATOR_REPORTING,1,2024-05-22
2018-09,EE,EE_RAIL_OP009,EEST429,SEST429,5383.72,2602.63,91.69,2.71,163,102.51,34.671,57.08,3053.98,0,0,RFC9_RHINE_DANUBE,EUROSTAT_RAIL,1,2025-09-22
2018-10,HU,HU_RAIL_OP010,HUST430,DKST430,2510.64,3515.59,94.22,7.12,631,98.2,23.804,76.01,4953.51,0,0,RFC10_ALPINE_WEST_BALKANS,ERA_PERFORMANCE_REPORT,1,2024-10-08
2018-11,LU,LU_RAIL_OP011,LUST431,IEST431,4618.65,1025.33,84.51,10.53,8,121.46,108.48,62.86,4772.85,0,0,RFC1_RHINE_ALPINE,INFRA_MANAGER_DATA,1,2024-01-04
2018-12,RO,RO_RAIL_OP012,ROST432,PLST432,3468.32,1926.42,85.26,5.75,384,129.75,125.168,83.43,4727.62,1,1,RFC2_NSEA_MED,OPERATOR_REPORTING,1,2024-02-25
2019-01,AT,AT_RAIL_OP013,ATST433,ATST433,543.8,3720.57,77.39,18.49,531,96.47,11.945,95.35,9148.51,0,1,RFC3_SCAND_MED,EUROSTAT_RAIL,1,2024-08-14
2019-02,CZ,CZ_RAIL_OP014,CZST434,EEST434,2417.5,537.88,79.26,4.54,319,92.51,88.231,48.9,4360.81,1,0,RFC4_ATLANTIC,ERA_PERFORMANCE_REPORT,1,2025-12-28
2019-03,DE,DE_RAIL_OP015,DEST435,ITST435,2534.49,2399.18,68.78,15.59,857,141.89,17.448,54.65,1731.73,0,1,RFC5_BALTIC_ADRIATIC,INFRA_MANAGER_DATA,1,2024-04-10
2019-04,LV,LV_RAIL_OP016,LVST436,PTST436,1816.89,917.99,89.59,12.02,424,96.27,59.037,91.58,1175.62,1,1,RFC6_MEDITERRANEAN,OPERATOR_REPORTING,1,2025-05-30
2019-05,PL,PL_RAIL_OP017,PLST437,BEST437,4265.7,3478.39,83.07,8.02,531,122.52,148.208,85.62,4959.8,1,0,RFC7_ORIENT_EASTMED,EUROSTAT_RAIL,1,2025-07-08
2019-06,ES,ES_RAIL_OP018,ESST438,FIST438,1381.09,946.91,92.38,6.45,570,115.67,48.387,82.27,8923.2,1,0,RFC8_NORTH_SEA_BALTIC,ERA_PERFORMANCE_REPORT,1,2025-12-14
2019-07,HR,HR_RAIL_OP019,HRST439,LVST439,3812.86,3531.18,82.17,1.1,80,122.74,37.544,66.11,7312.68,1,1,RFC9_RHINE_DANUBE,INFRA_MANAGER_DATA,1,2024-07-11
2019-08,FI,FI_RAIL_OP020,FIST440,ROST440,2039.64,3246.94,93.25,3.68,464,132.25,18.078,88.08,5670.97,1,0,RFC10_ALPINE_WEST_BALKANS,OPERATOR_REPORTING,1,2025-05-08
2019-09,IE,IE_RAIL_OP021,IEST441,BGST441,6136.2,1724.4,84.74,12.5,36,123.58,4.912,87.56,6088.4,1,0,RFC1_RHINE_ALPINE,EUROSTAT_RAIL,1,2024-12-24
2019-10,MT,MT_RAIL_OP022,MTST442,FRST442,3326.21,2523.03,72.46,13.43,299,93.22,55.834,47.32,3519.18,1,1,RFC2_NSEA_MED,ERA_PERFORMANCE_REPORT,1,2024-03-25
2019-11,SK,SK_RAIL_OP023,SKST443,LTST443,3959.8,1416.36,73.1,7.86,586,114.93,70.098,46.63,302.24,0,0,RFC3_SCAND_MED,INFRA_MANAGER_DATA,1,2024-05-11
2019-12,BE,BE_RAIL_OP024,BEST444,SKST444,116.91,865.92,83.55,10.17,14,109.63,49.291,32.11,2795.07,0,0,RFC4_ATLANTIC,OPERATOR_REPORTING,1,2025-10-11
2020-01,DK,DK_RAIL_OP025,DKST445,HRST445,1237.05,4186.55,81.02,7.65,427,96.93,33.061,65.33,983.89,0,0,RFC5_BALTIC_ADRIATIC,EUROSTAT_RAIL,1,2025-08-08
2020-02,GR,GR_RAIL_OP026,GRST446,DEST446,5210.73,4020.78,81.61,11.07,231,120.83,8.443,30.21,5442.07,0,0,RFC6_MEDITERRANEAN,ERA_PERFORMANCE_REPORT,1,2025-08-04
2020-03,LT,LT_RAIL_OP027,LTST447,LUST447,3355.64,925.82,87.58,1.23,495,96.21,2.61,70.52,7351.7,1,0,RFC7_ORIENT_EASTMED,INFRA_MANAGER_DATA,1,2025-03-15
2020-04,PT,PT_RAIL_OP028,PTST448,SIST448,5542.11,4797.12,87.95,14.25,55,89.94,14.052,34.98,789.43,1,1,RFC8_NORTH_SEA_BALTIC,OPERATOR_REPORTING,1,2025-05-23
2020-05,SE,SE_RAIL_OP029,SEST449,CYST449,489.44,4241.28,82.44,5.2,135,99.4,36.858,65.86,6353.45,0,0,RFC9_RHINE_DANUBE,EUROSTAT_RAIL,1,2024-09-08
2020-06,CY,CY_RAIL_OP030,CYST450,GRST450,1157.0,1891.17,86.82,1.73,139,101.96,36.03,45.59,1987.48,1,0,RFC10_ALPINE_WEST_BALKANS,ERA_PERFORMANCE_REPORT,1,2026-02-09
2020-07,FR,FR_RAIL_OP031,FRST001,MTST451,1310.25,1669.36,93.07,0.51,251,107.63,50.737,51.82,3195.8,1,0,RFC1_RHINE_ALPINE,INFRA_MANAGER_DATA,1,2024-05-11
2020-08,IT,IT_RAIL_OP032,ITST002,ESST452,3596.12,3482.15,81.45,4.87,358,119.19,55.357,34.93,83.91,1,1,RFC2_NSEA_MED,OPERATOR_REPORTING,0,2024-12-05
2020-09,NL,NL_RAIL_OP033,NLST003,CZST453,4699.02,1113.64,78.55,11.66,58,138.12,85.48,65.35,2714.79,1,0,RFC3_SCAND_MED,EUROSTAT_RAIL,1,2025-07-19
2020-10,SI,SI_RAIL_OP034,SIST004,HUST454,3305.78,4918.15,98.02,12.79,298,112.63,109.779,72.48,7603.98,1,0,RFC4_ATLANTIC,ERA_PERFORMANCE_REPORT,1,2025-07-16
2020-11,BG,BG_RAIL_OP035,BGST005,NLST455,4356.39,3446.36,87.22,7.6,542,93.04,31.355,82.34,2990.6,1,0,RFC5_BALTIC_ADRIATIC,INFRA_MANAGER_DATA,1,2024-01-10
2020-12,EE,EE_RAIL_OP036,EEST006,SEST456,1511.17,633.01,97.53,10.78,160,102.93,62.789,30.99,5960.68,0,0,RFC6_MEDITERRANEAN,OPERATOR_REPORTING,1,2025-02-06
2021-01,HU,HU_RAIL_OP037,HUST007,DKST457,5461.54,125.07,89.3,8.7,610,92.78,23.169,82.05,2113.84,0,0,RFC7_ORIENT_EASTMED,EUROSTAT_RAIL,1,2025-09-09
2021-02,LU,LU_RAIL_OP038,LUST008,IEST458,4478.7,1170.23,88.36,1.62,21,124.22,89.307,44.93,3201.17,0,0,RFC8_NORTH_SEA_BALTIC,ERA_PERFORMANCE_REPORT,1,2025-11-13
2021-03,RO,RO_RAIL_OP039,ROST009,PLST459,1983.14,3873.71,88.65,4.89,466,92.0,23.826,42.03,1506.31,1,0,RFC9_RHINE_DANUBE,INFRA_MANAGER_DATA,1,2024-12-09
2021-04,AT,AT_RAIL_OP040,ATST010,ATST460,1928.86,915.68,76.62,22.9,556,121.37,62.907,38.64,5505.57,0,0,RFC10_ALPINE_WEST_BALKANS,OPERATOR_REPORTING,1,2024-12-08
2021-05,CZ,CZ_RAIL_OP041,CZST011,EEST461,3140.22,4157.93,84.88,7.62,643,143.17,72.332,41.14,2969.59,1,0,RFC1_RHINE_ALPINE,EUROSTAT_RAIL,1,2025-07-06
2021-06,DE,DE_RAIL_OP042,DEST012,ITST462,2356.48,4253.6,87.25,11.4,377,105.66,91.738,77.23,6069.68,0,0,RFC2_NSEA_MED,ERA_PERFORMANCE_REPORT,1,2024-11-15
2021-07,LV,LV_RAIL_OP043,LVST013,PTST463,2920.35,497.61,84.88,10.87,148,130.22,3.766,81.84,5389.66,1,1,RFC3_SCAND_MED,INFRA_MANAGER_DATA,1,2024-11-15
2021-08,PL,PL_RAIL_OP044,PLST014,BEST464,1768.85,2220.46,73.06,14.66,338,122.43,26.726,78.47,1252.93,1,0,RFC4_ATLANTIC,OPERATOR_REPORTING,1,2024-06-04
2021-09,ES,ES_RAIL_OP045,ESST015,FIST465,4706.75,2152.43,96.85,6.24,555,108.35,60.625,52.21,6772.41,1,0,RFC5_BALTIC_ADRIATIC,EUROSTAT_RAIL,1,2024-01-25
2021-10,HR,HR_RAIL_OP046,HRST016,LVST466,945.94,1511.58,86.82,10.27,511,108.55,4.043,88.96,1042.28,1,0,RFC6_MEDITERRANEAN,ERA_PERFORMANCE_REPORT,1,2024-10-23
2021-11,FI,FI_RAIL_OP047,FIST017,ROST467,984.94,6197.08,83.65,0.43,176,117.07,86.813,76.67,5596.41,1,0,RFC7_ORIENT_EASTMED,INFRA_MANAGER_DATA,1,2025-03-09
2021-12,IE,IE_RAIL_OP048,IEST018,BGST468,7010.71,72.78,71.86,14.78,928,115.88,46.181,99.55,6461.17,0,0,RFC8_NORTH_SEA_BALTIC,OPERATOR_REPORTING,1,2024-11-14
2022-01,MT,MT_RAIL_OP049,MTST019,FRST469,4851.09,1109.21,88.77,5.5,355,143.63,39.244,70.59,4467.64,1,0,RFC9_RHINE_DANUBE,EUROSTAT_RAIL,1,2025-01-09
2022-02,SK,SK_RAIL_OP050,SKST020,LTST470,398.71,2774.49,84.13,13.29,587,125.76,74.06,94.76,3676.98,0,0,RFC10_ALPINE_WEST_BALKANS,ERA_PERFORMANCE_REPORT,1,2024-04-10
2022-03,BE,BE_RAIL_OP051,BEST021,SKST001,2215.89,761.24,82.36,10.27,574,135.02,67.388,43.12,5968.77,0,1,RFC1_RHINE_ALPINE,INFRA_MANAGER_DATA,1,2024-05-30
2022-04,DK,DK_RAIL_OP052,DKST022,HRST002,520.16,1410.9,95.95,10.98,29,130.47,61.043,47.9,6237.44,1,1,RFC2_NSEA_MED,OPERATOR_REPORTING,1,2025-10-04
2022-05,GR,GR_RAIL_OP053,GRST023,DEST003,1254.13,1122.52,72.3,9.07,398,139.12,12.723,79.71,8714.77,1,1,RFC3_SCAND_MED,EUROSTAT_RAIL,1,2024-11-24
2022-06,LT,LT_RAIL_OP054,LTST024,LUST004,855.39,277.89,77.34,13.41,360,144.95,95.578,57.17,1184.28,1,0,RFC4_ATLANTIC,ERA_PERFORMANCE_REPORT,0,2024-07-22
2022-07,PT,PT_RAIL_OP055,PTST025,SIST005,5106.16,3105.17,90.9,7.18,152,143.25,28.809,37.77,3678.72,1,0,RFC5_BALTIC_ADRIATIC,INFRA_MANAGER_DATA,1,2025-11-24
2022-08,SE,SE_RAIL_OP056,SEST026,CYST006,5674.29,3056.1,86.82,2.96,115,111.42,82.945,37.25,6525.1,1,1,RFC6_MEDITERRANEAN,OPERATOR_REPORTING,1,2025-09-24
2022-09,CY,CY_RAIL_OP057,CYST027,GRST007,777.77,1110.28,82.89,8.51,127,131.77,95.403,37.44,897.34,0,0,RFC7_ORIENT_EASTMED,EUROSTAT_RAIL,1,2024-04-22
2022-10,FR,FR_RAIL_OP058,FRST028,MTST008,2702.14,877.57,92.42,1.26,368,122.1,77.949,31.73,649.19,1,0,RFC8_NORTH_SEA_BALTIC,ERA_PERFORMANCE_REPORT,1,2025-09-14
2022-11,IT,IT_RAIL_OP059,ITST029,ESST009,1444.99,4915.55,77.49,3.36,312,111.86,24.775,79.43,1322.39,1,0,RFC9_RHINE_DANUBE,INFRA_MANAGER_DATA,1,2024-02-26
2022-12,NL,NL_RAIL_OP060,NLST030,CZST010,3921.56,943.4,68.24,5.15,749,116.39,61.895,70.09,8246.67,1,0,RFC10_ALPINE_WEST_BALKANS,OPERATOR_REPORTING,1,2024-04-28
2023-01,SI,SI_RAIL_OP001,SIST031,HUST011,5269.14,1443.06,80.96,6.61,654,133.91,85.5,75.82,6690.39,1,0,RFC1_RHINE_ALPINE,EUROSTAT_RAIL,1,2024-12-27
2023-02,BG,BG_RAIL_OP002,BGST032,NLST012,3588.41,4479.79,93.84,9.67,93,110.17,4.132,47.08,545.54,0,0,RFC2_NSEA_MED,ERA_PERFORMANCE_REPORT,1,2024-07-19
2023-03,EE,EE_RAIL_OP003,EEST033,SEST013,1069.64,636.02,69.43,14.43,984,134.76,56.557,54.46,305.23,1,0,RFC3_SCAND_MED,INFRA_MANAGER_DATA,1,2025-07-27
2023-04,HU,HU_RAIL_OP004,HUST034,DKST014,1806.95,4178.2,75.66,7.61,267,92.45,101.138,72.77,947.96,1,0,RFC4_ATLANTIC,OPERATOR_REPORTING,1,2024-11-10
2023-05,LU,LU_RAIL_OP005,LUST035,IEST015,6990.83,2177.35,85.31,13.09,500,122.97,6.973,55.25,4562.85,1,0,RFC5_BALTIC_ADRIATIC,EUROSTAT_RAIL,1,2025-07-09
2023-06,RO,RO_RAIL_OP006,ROST036,PLST016,2687.67,4314.26,91.46,10.93,652,139.3,79.616,52.73,5936.16,1,0,RFC6_MEDITERRANEAN,ERA_PERFORMANCE_REPORT,1,2024-05-18
2023-07,AT,AT_RAIL_OP007,ATST037,ATST017,1882.0,340.95,77.67,7.9,428,105.01,87.169,94.94,7148.55,0,0,RFC7_ORIENT_EASTMED,INFRA_MANAGER_DATA,1,2024-10-04
2023-08,CZ,CZ_RAIL_OP008,CZST038,EEST018,2216.38,1633.57,95.94,1.83,144,104.05,80.569,64.89,9236.1,1,1,RFC8_NORTH_SEA_BALTIC,OPERATOR_REPORTING,0,2025-04-22
2023-09,DE,DE_RAIL_OP009,DEST039,ITST019,1894.67,275.26,87.83,4.87,583,144.36,29.396,57.89,6566.96,0,0,RFC9_RHINE_DANUBE,EUROSTAT_RAIL,0,2026-01-10
2023-10,LV,LV_RAIL_OP010,LVST040,PTST020,1377.57,131.92,71.65,2.57,969,97.25,39.005,40.54,4575.28,1,1,RFC10_ALPINE_WEST_BALKANS,ERA_PERFORMANCE_REPORT,1,2024-12-12
2023-11,PL,PL_RAIL_OP011,PLST041,BEST021,2979.11,129.96,76.75,7.4,95,88.06,64.224,77.91,3016.93,1,0,RFC1_RHINE_ALPINE,INFRA_MANAGER_DATA,1,2024-05-17
2023-12,ES,ES_RAIL_OP012,ESST042,FIST022,3320.84,4440.4,81.59,13.09,299,100.07,5.943,97.95,5300.81,1,1,RFC2_NSEA_MED,OPERATOR_REPORTING,1,2025-02-12
2024-01,HR,HR_RAIL_OP013,HRST043,LVST023,4690.78,2243.27,76.24,7.5,556,131.03,103.031,38.49,4606.63,1,0,RFC3_SCAND_MED,EUROSTAT_RAIL,1,2024-01-17
2024-02,FI,FI_RAIL_OP014,FIST044,ROST024,4981.42,3752.55,77.84,23.21,43,87.05,58.428,37.72,6483.61,1,1,RFC4_ATLANTIC,ERA_PERFORMANCE_REPORT,1,2026-01-03
2024-03,IE,IE_RAIL_OP015,IEST045,BGST025,2424.22,2291.45,97.83,14.29,616,131.86,61.421,99.59,390.58,1,0,RFC5_BALTIC_ADRIATIC,INFRA_MANAGER_DATA,1,2026-02-13
2024-04,MT,MT_RAIL_OP016,MTST046,FRST026,389.79,2631.97,69.89,4.87,221,143.12,87.965,88.11,743.66,1,0,RFC6_MEDITERRANEAN,OPERATOR_REPORTING,1,2024-04-25
2024-05,SK,SK_RAIL_OP017,SKST047,LTST027,7058.63,1475.04,71.59,18.89,794,111.45,73.233,64.14,3854.59,1,0,RFC7_ORIENT_EASTMED,EUROSTAT_RAIL,1,2024-04-13
2024-06,BE,BE_RAIL_OP018,BEST048,SKST028,1827.1,1275.74,94.67,0.82,217,132.55,153.503,88.81,10028.58,0,0,RFC8_NORTH_SEA_BALTIC,ERA_PERFORMANCE_REPORT,1,2025-12-11
2024-07,DK,DK_RAIL_OP019,DKST049,HRST029,3727.75,4388.81,75.08,2.64,247,122.84,104.873,47.57,5790.02,1,0,RFC9_RHINE_DANUBE,INFRA_MANAGER_DATA,1,2024-06-26
2024-08,GR,GR_RAIL_OP020,GRST050,DEST030,188.48,5297.84,77.56,13.98,99,97.47,37.396,86.72,4691.23,0,0,RFC10_ALPINE_WEST_BALKANS,OPERATOR_REPORTING,1,2025-07-09
2024-09,LT,LT_RAIL_OP021,LTST051,LUST031,751.1,1717.9,70.84,3.47,664,105.82,29.878,80.56,3821.69,0,0,RFC1_RHINE_ALPINE,EUROSTAT_RAIL,1,2024-12-02
2024-10,PT,PT_RAIL_OP022,PTST052,SIST032,1696.48,3061.86,91.23,6.31,376,113.5,50.098,62.6,6399.57,1,0,RFC2_NSEA_MED,ERA_PERFORMANCE_REPORT,1,2024-02-15
2024-11,SE,SE_RAIL_OP023,SEST053,CYST033,5271.45,4657.92,82.64,4.13,115,137.95,25.484,99.22,5744.43,1,1,RFC3_SCAND_MED,INFRA_MANAGER_DATA,1,2024-09-10
2024-12,CY,CY_RAIL_OP024,CYST054,GRST034,619.52,1191.01,96.9,5.5,83,113.63,3.077,88.27,7585.46,1,0,RFC4_ATLANTIC,OPERATOR_REPORTING,1,2026-01-20
2025-01,FR,FR_RAIL_OP025,FRST055,MTST035,863.63,3797.66,93.3,4.39,136,118.91,74.272,82.53,8943.05,1,0,RFC5_BALTIC_ADRIATIC,EUROSTAT_RAIL,1,2025-05-06
2025-02,IT,IT_RAIL_OP026,ITST056,ESST036,3651.82,1259.22,88.76,6.47,312,104.95,158.737,86.34,2754.42,0,0,RFC6_MEDITERRANEAN,ERA_PERFORMANCE_REPORT,1,2025-03-12
2025-03,NL,NL_RAIL_OP027,NLST057,CZST037,785.05,1184.02,76.34,1.24,50,141.13,70.387,49.44,4263.0,0,0,RFC7_ORIENT_EASTMED,INFRA_MANAGER_DATA,1,2024-04-15
2025-04,SI,SI_RAIL_OP028,SIST058,HUST038,3630.25,1325.87,96.23,10.13,666,92.47,48.732,51.84,5303.87,1,0,RFC8_NORTH_SEA_BALTIC,OPERATOR_REPORTING,1,2025-12-22
2025-05,BG,BG_RAIL_OP029,BGST059,NLST039,3218.47,5298.07,75.59,7.79,341,119.36,51.314,41.81,4865.25,0,0,RFC9_RHINE_DANUBE,EUROSTAT_RAIL,1,2024-10-16
2025-06,EE,EE_RAIL_OP030,EEST060,SEST040,2591.6,4739.38,88.82,6.25,258,100.93,50.528,82.01,1692.93,1,0,RFC10_ALPINE_WEST_BALKANS,ERA_PERFORMANCE_REPORT,1,2024-06-09
2025-07,HU,HU_RAIL_OP031,HUST061,DKST041,873.08,2639.67,89.17,11.82,566,93.31,48.585,52.56,4091.86,1,1,RFC1_RHINE_ALPINE,INFRA_MANAGER_DATA,1,2026-02-06
2025-08,LU,LU_RAIL_OP032,LUST062,IEST042,411.48,1626.89,79.35,5.22,482,125.76,67.764,72.3,3268.42,0,0,RFC2_NSEA_MED,OPERATOR_REPORTING,1,2024-07-10
2025-09,RO,RO_RAIL_OP033,ROST063,PLST043,1026.64,3756.59,72.45,8.88,1052,121.57,106.862,96.67,10151.02,1,0,RFC3_SCAND_MED,EUROSTAT_RAIL,1,2024-10-13
2025-10,AT,AT_RAIL_OP034,ATST064,ATST044,2619.71,4524.09,83.14,3.26,115,92.88,20.586,74.81,7735.14,0,0,RFC4_ATLANTIC,ERA_PERFORMANCE_REPORT,1,2025-09-24
2025-11,CZ,CZ_RAIL_OP035,CZST065,EEST045,499.38,2525.91,71.17,5.5,166,103.74,68.573,66.82,9893.45,0,0,RFC5_BALTIC_ADRIATIC,INFRA_MANAGER_DATA,1,2025-06-05
2025-12,DE,DE_RAIL_OP036,DEST066,ITST046,2812.03,3925.08,82.99,10.5,74,92.32,78.142,71.84,6516.82,1,1,RFC6_MEDITERRANEAN,OPERATOR_REPORTING,1,2025-05-29
2026-01,LV,LV_RAIL_OP037,LVST067,PTST047,1391.66,1640.08,73.89,11.49,760,121.16,75.876,89.03,8706.47,0,0,RFC7_ORIENT_EASTMED,EUROSTAT_RAIL,1,2025-08-03
2026-02,PL,PL_RAIL_OP038,PLST068,BEST048,3714.85,3698.07,96.34,5.0,580,107.63,12.16,53.4,6385.69,0,0,RFC8_NORTH_SEA_BALTIC,ERA_PERFORMANCE_REPORT,1,2024-07-02
2026-03,ES,ES_RAIL_OP039,ESST069,FIST049,916.03,4892.27,81.16,0.8,508,134.01,42.266,51.18,857.5,1,0,RFC9_RHINE_DANUBE,INFRA_MANAGER_DATA,1,2025-10-28
2026-04,HR,HR_RAIL_OP040,HRST070,LVST050,868.93,914.24,74.81,16.68,624,126.07,101.854,33.22,1673.37,0,0,RFC10_ALPINE_WEST_BALKANS,OPERATOR_REPORTING,1,2024-03-08
2026-05,FI,FI_RAIL_OP041,FIST071,ROST051,1833.52,3437.47,70.87,18.96,638,143.44,11.729,81.01,8462.41,0,1,RFC1_RHINE_ALPINE,EUROSTAT_RAIL,1,2026-01-17
2026-06,IE,IE_RAIL_OP042,IEST072,BGST052,1650.91,3516.73,87.2,4.3,49,119.27,131.656,45.14,5941.99,0,0,RFC2_NSEA_MED,ERA_PERFORMANCE_REPORT,1,2025-07-04
2026-07,MT,MT_RAIL_OP043,MTST073,FRST053,3014.98,1510.31,97.33,9.57,372,129.24,14.236,79.22,4561.68,0,0,RFC3_SCAND_MED,INFRA_MANAGER_DATA,1,2024-07-30
2026-08,SK,SK_RAIL_OP044,SKST074,LTST054,3598.49,1824.41,78.82,4.91,244,86.04,46.591,91.03,1424.12,1,1,RFC4_ATLANTIC,OPERATOR_REPORTING,1,2024-10-17
2026-09,BE,BE_RAIL_OP045,BEST075,SKST055,1107.82,4132.04,80.61,14.23,210,91.82,59.738,63.33,3171.72,1,0,RFC5_BALTIC_ADRIATIC,EUROSTAT_RAIL,1,2024-02-10
2026-10,DK,DK_RAIL_OP046,DKST076,HRST056,2755.13,2338.16,68.54,16.03,410,110.15,82.204,32.26,1439.0,1,0,RFC6_MEDITERRANEAN,ERA_PERFORMANCE_REPORT,1,2025-06-17
2026-11,GR,GR_RAIL_OP047,GRST077,DEST057,4843.32,2258.86,75.8,20.31,476,138.79,104.185,96.99,4012.56,1,1,RFC7_ORIENT_EASTMED,INFRA_MANAGER_DATA,1,2025-09-26
2026-12,LT,LT_RAIL_OP048,LTST078,LUST058,539.13,2657.79,90.01,2.53,657,124.06,103.564,30.15,609.04,0,1,RFC8_NORTH_SEA_BALTIC,OPERATOR_REPORTING,1,2024-06-27
2016-01,PT,PT_RAIL_OP049,PTST079,SIST059,1231.74,356.73,94.63,6.27,459,144.71,76.728,40.72,497.34,0,0,RFC9_RHINE_DANUBE,EUROSTAT_RAIL,1,2026-01-12
2016-02,SE,SE_RAIL_OP050,SEST080,CYST060,525.52,4315.0,96.01,6.18,659,125.27,72.896,74.02,1531.19,0,1,RFC10_ALPINE_WEST_BALKANS,ERA_PERFORMANCE_REPORT,1,2024-09-08
2016-03,CY,CY_RAIL_OP051,CYST081,GRST061,557.29,3290.16,91.95,9.42,419,85.71,23.349,57.74,3708.86,0,0,RFC1_RHINE_ALPINE,INFRA_MANAGER_DATA,1,2025-11-09
2016-04,FR,FR_RAIL_OP052,FRST082,MTST062,1680.56,3527.92,81.6,5.87,199,106.27,126.017,74.0,5352.29,1,0,RFC2_NSEA_MED,OPERATOR_REPORTING,1,2024-12-03
2016-05,IT,IT_RAIL_OP053,ITST083,ESST063,3367.25,4606.0,89.8,2.71,383,97.21,122.107,67.98,6793.9,0,1,RFC3_SCAND_MED,EUROSTAT_RAIL,1,2024-09-25
2016-06,NL,NL_RAIL_OP054,NLST084,CZST064,269.87,581.02,86.36,5.32,255,130.58,44.447,60.06,8489.29,1,0,RFC4_ATLANTIC,ERA_PERFORMANCE_REPORT,1,2024-08-22
2016-07,SI,SI_RAIL_OP055,SIST085,HUST065,4360.05,1437.25,78.29,5.31,183,125.35,56.899,96.11,3392.09,1,0,RFC5_BALTIC_ADRIATIC,INFRA_MANAGER_DATA,1,2025-11-03
2016-08,BG,BG_RAIL_OP056,BGST086,NLST066,1116.05,1403.99,78.02,12.9,17,138.01,124.293,72.71,6098.58,1,1,RFC6_MEDITERRANEAN,OPERATOR_REPORTING,1,2024-10-25
2016-09,EE,EE_RAIL_OP057,EEST087,SEST067,3771.22,2688.29,88.65,8.99,526,87.65,72.343,36.22,5478.61,1,0,RFC7_ORIENT_EASTMED,EUROSTAT_RAIL,1,2025-10-22
2016-10,HU,HU_RAIL_OP058,HUST088,DKST068,888.14,1406.6,84.16,3.71,183,122.77,90.146,35.8,884.49,1,0,RFC8_NORTH_SEA_BALTIC,ERA_PERFORMANCE_REPORT,1,2025-12-22
2016-11,LU,LU_RAIL_OP059,LUST089,IEST069,2074.13,3049.86,87.95,3.3,161,133.79,18.843,78.71,9142.15,1,0,RFC9_RHINE_DANUBE,INFRA_MANAGER_DATA,1,2025-08-01
2016-12,RO,RO_RAIL_OP060,ROST090,PLST070,2683.89,5365.1,86.29,12.57,504,119.72,29.781,60.52,6953.06,1,1,RFC10_ALPINE_WEST_BALKANS,OPERATOR_REPORTING,1,2025-07-25
2017-01,AT,AT_RAIL_OP001,ATST091,ATST071,3052.69,2031.39,75.2,23.29,307,89.85,104.311,60.8,4014.86,0,0,RFC1_RHINE_ALPINE,EUROSTAT_RAIL,1,2024-08-29
2017-02,CZ,CZ_RAIL_OP002,CZST092,EEST072,2867.58,3771.44,79.93,10.27,471,107.85,91.44,49.83,345.4,1,0,RFC2_NSEA_MED,ERA_PERFORMANCE_REPORT,1,2025-09-22
2017-03,DE,DE_RAIL_OP003,DEST093,ITST073,6540.2,1795.37,97.88,7.72,592,143.36,85.293,98.95,8821.23,1,0,RFC3_SCAND_MED,INFRA_MANAGER_DATA,1,2025-07-14
2017-04,LV,LV_RAIL_OP004,LVST094,PTST074,1559.4,457.88,72.0,20.71,1010,93.19,119.264,33.58,6076.79,1,0,RFC4_ATLANTIC,OPERATOR_REPORTING,1,2025-08-11
2017-05,PL,PL_RAIL_OP005,PLST095,BEST075,4918.04,698.32,78.63,2.18,372,138.42,83.991,85.97,3605.0,0,1,RFC5_BALTIC_ADRIATIC,EUROSTAT_RAIL,1,2025-05-25
2017-06,ES,ES_RAIL_OP006,ESST096,FIST076,515.88,1995.61,95.91,5.57,232,86.89,54.231,89.69,5675.35,1,0,RFC6_MEDITERRANEAN,ERA_PERFORMANCE_REPORT,1,2024-08-31
2017-07,HR,HR_RAIL_OP007,HRST097,LVST077,2938.0,760.4,89.06,7.69,414,134.98,13.312,59.68,863.73,1,0,RFC7_ORIENT_EASTMED,INFRA_MANAGER_DATA,1,2025-08-06
2017-08,FI,FI_RAIL_OP008,FIST098,ROST078,4688.97,5173.05,68.26,19.99,1070,98.08,63.593,82.58,2233.82,1,0,RFC8_NORTH_SEA_BALTIC,OPERATOR_REPORTING,1,2025-08-31
2017-09,IE,IE_RAIL_OP009,IEST099,BGST079,1917.18,2555.15,74.21,5.95,558,125.44,111.832,39.94,3538.67,0,0,RFC9_RHINE_DANUBE,EUROSTAT_RAIL,1,2025-01-25
2017-10,MT,MT_RAIL_OP010,MTST100,FRST080,1535.79,1458.73,73.18,2.97,400,139.61,94.097,46.54,5363.85,0,0,RFC10_ALPINE_WEST_BALKANS,ERA_PERFORMANCE_REPORT,1,2025-04-21
2017-11,SK,SK_RAIL_OP011,SKST101,LTST081,3118.68,1252.04,78.38,2.31,633,111.55,46.569,60.69,7091.9,1,0,RFC1_RHINE_ALPINE,INFRA_MANAGER_DATA,1,2025-01-17
2017-12,BE,BE_RAIL_OP012,BEST102,SKST082,3298.29,985.72,74.33,13.92,1111,104.29,64.414,90.83,2392.41,1,0,RFC2_NSEA_MED,OPERATOR_REPORTING,1,2025-05-01
2018-01,DK,DK_RAIL_OP013,DKST103,HRST083,2066.49,4197.37,74.28,14.7,850,103.56,8.141,56.24,6113.08,1,0,RFC3_SCAND_MED,EUROSTAT_RAIL,0,2024-12-24
2018-02,GR,GR_RAIL_OP014,GRST104,DEST084,1659.28,2578.79,85.32,5.71,655,97.29,13.207,67.92,6647.91,1,0,RFC4_ATLANTIC,ERA_PERFORMANCE_REPORT,1,2025-01-20
2018-03,LT,LT_RAIL_OP015,LTST105,LUST085,2094.01,810.54,96.82,8.35,407,99.45,18.142,30.22,4560.91,1,0,RFC5_BALTIC_ADRIATIC,INFRA_MANAGER_DATA,0,2025-10-01
2018-04,PT,PT_RAIL_OP016,PTST106,SIST086,5638.86,2284.83,68.78,11.5,738,130.52,130.253,60.87,1455.38,1,1,RFC6_MEDITERRANEAN,OPERATOR_REPORTING,0,2025-04-15
2018-05,SE,SE_RAIL_OP017,SEST107,CYST087,262.37,74.35,89.15,4.7,121,133.97,95.536,57.38,296.71,1,0,RFC7_ORIENT_EASTMED,EUROSTAT_RAIL,1,2024-10-01
2018-06,CY,CY_RAIL_OP018,CYST108,GRST088,110.12,1066.87,84.96,11.27,477,85.43,33.757,66.33,7425.74,1,0,RFC8_NORTH_SEA_BALTIC,ERA_PERFORMANCE_REPORT,0,2024-11-20
2018-07,FR,FR_RAIL_OP019,FRST109,MTST089,4498.85,898.16,73.81,22.64,69,142.3,123.859,57.49,2991.04,1,0,RFC9_RHINE_DANUBE,INFRA_MANAGER_DATA,1,2025-06-17
2018-08,IT,IT_RAIL_OP020,ITST110,ESST090,2635.92,3737.69,97.29,2.12,207,136.52,51.872,72.16,5667.88,1,1,RFC10_ALPINE_WEST_BALKANS,OPERATOR_REPORTING,1,2024-05-05
2018-09,NL,NL_RAIL_OP021,NLST111,CZST091,3891.54,5182.71,84.71,7.39,612,97.61,76.62,32.03,459.54,1,1,RFC1_RHINE_ALPINE,EUROSTAT_RAIL,1,2024-05-29
2018-10,SI,SI_RAIL_OP022,SIST112,HUST092,2413.39,2764.94,92.75,14.35,432,93.36,55.072,88.56,4643.51,1,0,RFC2_NSEA_MED,ERA_PERFORMANCE_REPORT,1,2025-06-02
2018-11,BG,BG_RAIL_OP023,BGST113,NLST093,2423.67,3541.41,72.74,9.04,455,93.83,87.632,80.18,2320.39,0,0,RFC3_SCAND_MED,INFRA_MANAGER_DATA,1,2024-01-07
2018-12,EE,EE_RAIL_OP024,EEST114,SEST094,3167.6,4209.97,84.02,12.22,480,109.94,1.905,47.79,690.44,0,0,RFC4_ATLANTIC,OPERATOR_REPORTING,1,2024-04-20
2019-01,HU,HU_RAIL_OP025,HUST115,DKST095,5502.47,2814.27,70.43,12.37,1010,119.35,11.086,69.05,1367.56,1,0,RFC5_BALTIC_ADRIATIC,EUROSTAT_RAIL,1,2024-08-08
2019-02,LU,LU_RAIL_OP026,LUST116,IEST096,2985.28,5953.4,69.47,17.9,748,128.34,27.641,38.13,1403.18,0,0,RFC6_MEDITERRANEAN,ERA_PERFORMANCE_REPORT,1,2024-11-01
2019-03,RO,RO_RAIL_OP027,ROST117,PLST097,572.73,679.1,80.88,2.09,500,130.81,65.583,38.09,204.29,1,0,RFC7_ORIENT_EASTMED,INFRA_MANAGER_DATA,1,2025-02-16
2019-04,AT,AT_RAIL_OP028,ATST118,ATST098,20.7,940.2,97.93,14.2,187,121.28,145.972,31.73,5486.26,0,1,RFC8_NORTH_SEA_BALTIC,OPERATOR_REPORTING,1,2025-12-20
2019-05,CZ,CZ_RAIL_OP029,CZST119,EEST099,1206.43,3573.33,91.28,3.52,322,128.05,156.707,51.34,4447.39,1,1,RFC9_RHINE_DANUBE,EUROSTAT_RAIL,1,2024-04-23
2019-06,DE,DE_RAIL_OP030,DEST120,ITST100,4947.95,2374.02,92.53,5.37,274,91.81,20.473,64.63,1564.77,1,1,RFC10_ALPINE_WEST_BALKANS,ERA_PERFORMANCE_REPORT,1,2024-11-05
2019-07,LV,LV_RAIL_OP031,LVST121,PTST101,1449.05,4811.68,77.13,17.82,283,126.92,117.513,33.14,1541.31,1,1,RFC1_RHINE_ALPINE,INFRA_MANAGER_DATA,1,2024-04-27
2019-08,PL,PL_RAIL_OP032,PLST122,BEST102,4026.37,4640.14,87.68,13.9,622,125.75,59.186,38.99,6133.02,1,0,RFC2_NSEA_MED,OPERATOR_REPORTING,1,2025-06-18
2019-09,ES,ES_RAIL_OP033,ESST123,FIST103,4172.89,1184.25,92.17,6.38,537,114.17,72.263,95.8,2527.43,1,0,RFC3_SCAND_MED,EUROSTAT_RAIL,1,2024-12-08
2019-10,HR,HR_RAIL_OP034,HRST124,LVST104,5488.89,364.73,77.61,13.98,597,99.05,51.172,73.74,5612.02,1,0,RFC4_ATLANTIC,ERA_PERFORMANCE_REPORT,1,2025-06-12
2019-11,FI,FI_RAIL_OP035,FIST125,ROST105,845.32,1538.07,80.35,1.83,46,85.65,2.822,38.21,6224.12,0,0,RFC5_BALTIC_ADRIATIC,INFRA_MANAGER_DATA,1,2024-08-03
2019-12,IE,IE_RAIL_OP036,IEST126,BGST106,3763.31,2014.17,97.66,6.18,62,119.76,7.116,77.48,9661.97,0,0,RFC6_MEDITERRANEAN,OPERATOR_REPORTING,1,2024-03-27
2020-01,MT,MT_RAIL_OP037,MTST127,FRST107,4805.85,4120.43,79.45,3.57,395,111.57,19.942,31.49,4292.18,1,0,RFC7_ORIENT_EASTMED,EUROSTAT_RAIL,1,2024-01-13
2020-02,SK,SK_RAIL_OP038,SKST128,LTST108,1459.09,1756.36,96.25,4.18,95,143.63,13.964,62.54,3507.41,0,0,RFC8_NORTH_SEA_BALTIC,ERA_PERFORMANCE_REPORT,1,2025-08-02
2020-03,BE,BE_RAIL_OP039,BEST129,SKST109,3846.75,2189.37,95.21,1.33,620,100.59,64.749,55.57,4359.64,1,0,RFC9_RHINE_DANUBE,INFRA_MANAGER_DATA,1,2025-10-28
2020-04,DK,DK_RAIL_OP040,DKST130,HRST110,3611.96,2342.9,84.26,11.11,614,143.87,59.366,44.61,1583.1,1,1,RFC10_ALPINE_WEST_BALKANS,OPERATOR_REPORTING,1,2025-10-10
2020-05,GR,GR_RAIL_OP041,GRST131,DEST111,1140.84,890.54,82.97,13.63,93,92.52,107.872,75.83,5324.98,1,0,RFC1_RHINE_ALPINE,EUROSTAT_RAIL,1,2025-03-10
2020-06,LT,LT_RAIL_OP042,LTST132,LUST112,18.26,3439.02,92.08,5.15,498,140.32,95.654,88.99,6223.28,0,1,RFC2_NSEA_MED,ERA_PERFORMANCE_REPORT,1,2024-04-21
2020-07,PT,PT_RAIL_OP043,PTST133,SIST113,5148.58,3160.28,69.07,10.47,117,135.44,36.216,74.95,7252.49,0,0,RFC3_SCAND_MED,INFRA_MANAGER_DATA,1,2025-08-12
2020-08,SE,SE_RAIL_OP044,SEST134,CYST114,1790.08,924.49,68.16,2.99,970,119.3,72.459,84.23,1262.19,1,0,RFC4_ATLANTIC,OPERATOR_REPORTING,1,2024-02-28
2020-09,CY,CY_RAIL_OP045,CYST135,GRST115,3067.47,3263.79,96.9,3.14,259,119.65,3.222,88.12,6548.97,1,0,RFC5_BALTIC_ADRIATIC,EUROSTAT_RAIL,1,2024-06-20
2020-10,FR,FR_RAIL_OP046,FRST136,MTST116,4487.82,332.03,71.85,12.14,620,129.92,17.502,35.89,1917.58,0,0,RFC6_MEDITERRANEAN,ERA_PERFORMANCE_REPORT,1,2025-05-06
2020-11,IT,IT_RAIL_OP047,ITST137,ESST117,5713.71,5338.3,88.13,6.89,580,118.91,23.254,86.51,7033.34,0,0,RFC7_ORIENT_EASTMED,INFRA_MANAGER_DATA,1,2024-12-09
2020-12,NL,NL_RAIL_OP048,NLST138,CZST118,5554.91,969.21,74.86,22.88,495,90.94,94.263,89.82,6107.64,0,0,RFC8_NORTH_SEA_BALTIC,OPERATOR_REPORTING,1,2025-08-02
2021-01,SI,SI_RAIL_OP049,SIST139,HUST119,1409.96,450.45,71.27,17.9,387,119.13,73.501,67.64,4142.68,0,0,RFC9_RHINE_DANUBE,EUROSTAT_RAIL,1,2025-12-17
2021-02,BG,BG_RAIL_OP050,BGST140,NLST120,6730.74,3407.1,94.18,8.82,202,141.48,131.02,89.44,4363.56,1,0,RFC10_ALPINE_WEST_BALKANS,ERA_PERFORMANCE_REPORT,1,2025-03-31
2021-03,EE,EE_RAIL_OP051,EEST141,SEST121,3825.61,2331.93,68.03,20.81,76,139.02,2.329,46.26,398.96,1,0,RFC1_RHINE_ALPINE,INFRA_MANAGER_DATA,1,2025-07-06
2021-04,HU,HU_RAIL_OP052,HUST142,DKST122,2632.29,905.39,90.47,8.75,658,103.64,52.8,30.19,6675.42,1,0,RFC2_NSEA_MED,OPERATOR_REPORTING,1,2024-12-30
2021-05,LU,LU_RAIL_OP053,LUST143,IEST123,1680.57,588.25,94.8,10.19,75,91.82,45.051,59.47,876.04,1,0,RFC3_SCAND_MED,EUROSTAT_RAIL,1,2024-10-14
2021-06,RO,RO_RAIL_OP054,ROST144,PLST124,1929.64,3174.76,79.5,1.1,55,101.73,5.671,71.27,443.88,1,0,RFC4_ATLANTIC,ERA_PERFORMANCE_REPORT,1,2025-03-24
2021-07,AT,AT_RAIL_OP055,ATST145,ATST125,4015.24,473.53,80.56,5.81,406,136.83,67.415,60.45,4594.11,0,0,RFC5_BALTIC_ADRIATIC,INFRA_MANAGER_DATA,1,2025-05-11
2021-08,CZ,CZ_RAIL_OP056,CZST146,EEST126,2588.14,2694.25,72.48,21.32,471,114.49,109.091,48.42,5080.23,1,0,RFC6_MEDITERRANEAN,OPERATOR_REPORTING,1,2024-08-10
2021-09,DE,DE_RAIL_OP057,DEST147,ITST127,6676.64,1829.8,69.37,19.44,466,121.81,32.733,51.53,3217.61,1,0,RFC7_ORIENT_EASTMED,EUROSTAT_RAIL,1,2024-05-15
2021-10,LV,LV_RAIL_OP058,LVST148,PTST128,4368.82,75.77,96.83,6.97,301,115.05,28.121,36.95,6179.6,1,0,RFC8_NORTH_SEA_BALTIC,ERA_PERFORMANCE_REPORT,1,2024-04-09
2021-11,PL,PL_RAIL_OP059,PLST149,BEST129,548.56,2294.69,80.61,1.32,665,140.71,85.214,58.5,1818.58,1,0,RFC9_RHINE_DANUBE,INFRA_MANAGER_DATA,1,2024-04-18
2021-12,ES,ES_RAIL_OP060,ESST150,FIST130,4401.37,1604.92,79.44,11.87,85,88.86,78.578,95.67,2863.19,1,0,RFC10_ALPINE_WEST_BALKANS,OPERATOR_REPORTING,1,2025-10-02
2022-01,HR,HR_RAIL_OP001,HRST151,LVST131,6967.55,3105.12,75.33,15.23,43,121.77,125.133,86.12,10174.07,0,0,RFC1_RHINE_ALPINE,EUROSTAT_RAIL,1,2025-03-06
2022-02,FI,FI_RAIL_OP002,FIST152,ROST132,4951.78,391.34,87.1,8.88,89,85.18,113.268,52.52,6477.09,1,1,RFC2_NSEA_MED,ERA_PERFORMANCE_REPORT,1,2025-06-13
2022-03,IE,IE_RAIL_OP003,IEST153,BGST133,4393.69,3780.11,98.38,8.36,532,93.28,10.303,54.14,6729.85,0,0,RFC3_SCAND_MED,INFRA_MANAGER_DATA,1,2025-03-19
2022-04,MT,MT_RAIL_OP004,MTST154,FRST134,517.35,1609.6,88.02,0.41,415,142.82,65.162,99.46,9031.6,1,0,RFC4_ATLANTIC,OPERATOR_REPORTING,1,2024-07-30
2022-05,SK,SK_RAIL_OP005,SKST155,LTST135,2654.55,3321.93,83.66,10.68,121,96.39,42.963,49.09,3737.92,1,0,RFC5_BALTIC_ADRIATIC,EUROSTAT_RAIL,1,2025-12-27
2022-06,BE,BE_RAIL_OP006,BEST156,SKST136,902.44,3584.87,71.64,2.88,432,117.09,13.454,45.63,6177.75,1,0,RFC6_MEDITERRANEAN,ERA_PERFORMANCE_REPORT,1,2024-09-19
2022-07,DK,DK_RAIL_OP007,DKST157,HRST137,1212.63,1459.85,75.4,2.7,362,132.25,64.723,37.44,2025.56,0,1,RFC7_ORIENT_EASTMED,INFRA_MANAGER_DATA,1,2025-12-12
2022-08,GR,GR_RAIL_OP008,GRST158,DEST138,1574.15,4521.34,79.7,14.05,443,115.65,99.972,90.66,355.68,1,0,RFC8_NORTH_SEA_BALTIC,OPERATOR_REPORTING,1,2024-03-16
2022-09,LT,LT_RAIL_OP009,LTST159,LUST139,3153.38,1064.32,85.14,7.16,380,104.43,74.684,80.55,4395.11,0,0,RFC9_RHINE_DANUBE,EUROSTAT_RAIL,1,2026-02-03
2022-10,PT,PT_RAIL_OP010,PTST160,SIST140,5075.65,4020.64,72.33,22.0,439,116.78,106.86,86.35,7391.57,0,1,RFC10_ALPINE_WEST_BALKANS,ERA_PERFORMANCE_REPORT,1,2026-01-09
2022-11,SE,SE_RAIL_OP011,SEST161,CYST141,5228.02,177.19,80.36,12.92,523,120.82,74.235,42.5,1282.34,1,0,RFC1_RHINE_ALPINE,INFRA_MANAGER_DATA,1,2024-10-13
2022-12,CY,CY_RAIL_OP012,CYST162,GRST142,5108.99,3491.8,84.49,9.92,515,91.59,79.391,51.99,3344.39,1,1,RFC2_NSEA_MED,OPERATOR_REPORTING,1,2024-10-14
2023-01,FR,FR_RAIL_OP013,FRST163,MTST143,3710.02,912.65,97.86,7.13,501,118.09,123.427,40.68,1113.13,0,0,RFC3_SCAND_MED,EUROSTAT_RAIL,1,2024-11-22
2023-02,IT,IT_RAIL_OP014,ITST164,ESST144,1077.42,2012.38,68.42,19.67,687,120.28,83.01,79.96,5976.71,1,1,RFC4_ATLANTIC,ERA_PERFORMANCE_REPORT,1,2025-09-05
2023-03,NL,NL_RAIL_OP015,NLST165,CZST145,2366.41,1474.98,87.66,2.79,342,126.83,81.186,72.33,8200.23,0,0,RFC5_BALTIC_ADRIATIC,INFRA_MANAGER_DATA,1,2024-09-02
2023-04,SI,SI_RAIL_OP016,SIST166,HUST146,1558.58,3499.09,94.44,5.8,347,86.51,112.258,63.12,5338.16,0,0,RFC6_MEDITERRANEAN,OPERATOR_REPORTING,1,2024-03-24
2023-05,BG,BG_RAIL_OP017,BGST167,NLST147,3226.31,3031.44,82.86,10.63,226,87.13,1.811,58.51,4604.39,0,1,RFC7_ORIENT_EASTMED,EUROSTAT_RAIL,1,2024-04-22
2023-06,EE,EE_RAIL_OP018,EEST168,SEST148,741.7,284.42,95.34,11.75,401,136.24,32.215,60.33,751.87,1,0,RFC8_NORTH_SEA_BALTIC,ERA_PERFORMANCE_REPORT,1,2025-11-12
2023-07,HU,HU_RAIL_OP019,HUST169,DKST149,2117.39,929.49,90.26,2.88,562,130.56,40.423,49.74,4098.82,0,0,RFC9_RHINE_DANUBE,INFRA_MANAGER_DATA,1,2025-04-04
2023-08,LU,LU_RAIL_OP020,LUST170,IEST150,5736.1,3951.12,76.63,19.25,441,144.88,40.665,70.99,3374.27,1,0,RFC10_ALPINE_WEST_BALKANS,OPERATOR_REPORTING,1,2025-03-11
2023-09,RO,RO_RAIL_OP021,ROST171,PLST151,372.36,2244.02,95.39,1.48,260,99.46,3.625,78.86,461.51,0,0,RFC1_RHINE_ALPINE,EUROSTAT_RAIL,1,2025-01-19
2023-10,AT,AT_RAIL_OP022,ATST172,ATST152,1455.9,2384.51,91.39,3.25,662,90.88,93.947,42.02,2019.17,0,0,RFC2_NSEA_MED,ERA_PERFORMANCE_REPORT,1,2024-05-06
2023-11,CZ,CZ_RAIL_OP023,CZST173,EEST153,5143.24,2348.66,93.61,2.24,31,99.93,20.355,54.23,49.28,1,1,RFC3_SCAND_MED,INFRA_MANAGER_DATA,1,2024-02-02
2023-12,DE,DE_RAIL_OP024,DEST174,ITST154,1409.52,2480.46,95.58,14.0,174,133.21,105.617,61.11,1267.84,0,0,RFC4_ATLANTIC,OPERATOR_REPORTING,1,2024-08-11
2024-01,LV,LV_RAIL_OP025,LVST175,PTST155,2378.45,5510.49,82.52,6.52,217,107.64,79.897,62.59,2789.77,1,1,RFC5_BALTIC_ADRIATIC,EUROSTAT_RAIL,1,2024-02-26
2024-02,PL,PL_RAIL_OP026,PLST176,BEST156,316.43,647.69,92.04,6.9,449,104.17,95.023,99.32,3395.96,0,0,RFC6_MEDITERRANEAN,ERA_PERFORMANCE_REPORT,1,2024-04-24
2024-03,ES,ES_RAIL_OP027,ESST177,FIST157,5835.43,218.69,87.54,12.66,622,94.91,101.929,47.19,2440.64,0,0,RFC7_ORIENT_EASTMED,INFRA_MANAGER_DATA,1,2024-11-24
2024-04,HR,HR_RAIL_OP028,HRST178,LVST158,1406.85,4397.21,87.72,9.86,155,85.02,78.661,96.95,6370.42,0,0,RFC8_NORTH_SEA_BALTIC,OPERATOR_REPORTING,1,2024-12-12
2024-05,FI,FI_RAIL_OP029,FIST179,ROST159,4473.53,4067.66,97.99,12.44,489,116.77,7.983,74.09,2626.77,1,0,RFC9_RHINE_DANUBE,EUROSTAT_RAIL,1,2024-05-09
2024-06,IE,IE_RAIL_OP030,IEST180,BGST160,3627.46,120.99,76.87,21.03,535,123.31,90.696,99.53,1113.32,1,0,RFC10_ALPINE_WEST_BALKANS,ERA_PERFORMANCE_REPORT,1,2026-02-25
2024-07,MT,MT_RAIL_OP031,MTST181,FRST161,1909.97,1493.82,74.66,15.65,585,117.81,49.408,64.66,9989.22,1,0,RFC1_RHINE_ALPINE,INFRA_MANAGER_DATA,1,2025-11-22
2024-08,SK,SK_RAIL_OP032,SKST182,LTST162,3465.29,3331.77,89.9,1.54,597,135.11,48.343,90.59,4136.23,1,0,RFC2_NSEA_MED,OPERATOR_REPORTING,1,2024-10-17
2024-09,BE,BE_RAIL_OP033,BEST183,SKST163,437.23,1916.54,93.21,12.18,4,103.53,74.52,63.57,1997.44,0,0,RFC3_SCAND_MED,EUROSTAT_RAIL,1,2024-05-16
2024-10,DK,DK_RAIL_OP034,DKST184,HRST164,3421.45,366.75,76.05,15.47,615,89.92,27.206,48.66,256.12,1,0,RFC4_ATLANTIC,ERA_PERFORMANCE_REPORT,1,2024-09-25
2024-11,GR,GR_RAIL_OP035,GRST185,DEST165,434.35,1012.19,94.04,13.75,328,107.63,73.076,51.85,4408.98,0,0,RFC5_BALTIC_ADRIATIC,INFRA_MANAGER_DATA,1,2024-07-14
2024-12,LT,LT_RAIL_OP036,LTST186,LUST166,1044.04,3945.98,81.66,4.56,411,130.69,35.125,82.52,6988.21,1,0,RFC6_MEDITERRANEAN,OPERATOR_REPORTING,1,2025-03-25
2025-01,PT,PT_RAIL_OP037,PTST187,SIST167,5316.19,2535.19,79.18,5.73,442,118.87,79.893,44.47,1742.67,1,0,RFC7_ORIENT_EASTMED,EUROSTAT_RAIL,1,2025-12-20
2025-02,SE,SE_RAIL_OP038,SEST188,CYST168,4589.31,3015.67,76.52,17.24,469,90.73,54.472,94.8,7394.66,1,1,RFC8_NORTH_SEA_BALTIC,ERA_PERFORMANCE_REPORT,1,2024-01-16
2025-03,CY,CY_RAIL_OP039,CYST189,GRST169,2048.03,3897.22,98.34,12.98,491,122.74,105.925,65.12,1802.81,0,0,RFC9_RHINE_DANUBE,INFRA_MANAGER_DATA,1,2024-06-17
2025-04,FR,FR_RAIL_OP040,FRST190,MTST170,1589.4,2839.11,84.29,3.47,44,87.64,57.451,46.6,5728.31,1,0,RFC10_ALPINE_WEST_BALKANS,OPERATOR_REPORTING,1,2025-01-10
2025-05,IT,IT_RAIL_OP041,ITST191,ESST171,2231.33,4815.03,96.31,11.23,553,105.45,28.953,75.33,9852.85,1,0,RFC1_RHINE_ALPINE,EUROSTAT_RAIL,1,2026-01-29
2025-06,NL,NL_RAIL_OP042,NLST192,CZST172,3769.04,1251.37,86.0,0.65,277,122.93,5.65,62.71,5012.9,1,1,RFC2_NSEA_MED,ERA_PERFORMANCE_REPORT,1,2025-09-10
2025-07,SI,SI_RAIL_OP043,SIST193,HUST173,152.86,3986.67,68.89,21.11,485,98.5,25.662,47.3,1013.63,1,0,RFC3_SCAND_MED,INFRA_MANAGER_DATA,1,2025-07-12
2025-08,BG,BG_RAIL_OP044,BGST194,NLST174,1721.04,2306.85,69.04,15.38,281,109.78,53.878,98.84,4479.34,1,0,RFC4_ATLANTIC,OPERATOR_REPORTING,1,2024-08-14
2025-09,EE,EE_RAIL_OP045,EEST195,SEST175,1982.46,1982.42,95.76,6.3,369,130.17,30.789,49.21,3312.14,1,0,RFC5_BALTIC_ADRIATIC,EUROSTAT_RAIL,1,2025-08-30
2025-10,HU,HU_RAIL_OP046,HUST196,DKST176,3466.24,3754.73,95.79,11.96,33,106.49,134.322,68.41,7593.3,1,1,RFC6_MEDITERRANEAN,ERA_PERFORMANCE_REPORT,1,2025-05-04
2025-11,LU,LU_RAIL_OP047,LUST197,IEST177,3286.74,1146.15,72.85,6.46,483,129.57,54.046,38.8,542.37,1,0,RFC7_ORIENT_EASTMED,INFRA_MANAGER_DATA,1,2026-01-05
2025-12,RO,RO_RAIL_OP048,ROST198,PLST178,2063.41,2014.72,91.68,2.53,276,102.78,46.557,71.25,661.36,1,0,RFC8_NORTH_SEA_BALTIC,OPERATOR_REPORTING,1,2024-11-30
2026-01,AT,AT_RAIL_OP049,ATST199,ATST179,816.35,421.37,82.35,9.37,329,141.59,111.402,79.85,840.19,0,0,RFC9_RHINE_DANUBE,EUROSTAT_RAIL,1,2025-12-26
2026-02,CZ,CZ_RAIL_OP050,CZST200,EEST180,3633.43,432.27,91.58,0.49,121,90.66,16.877,97.46,4741.2,0,1,RFC10_ALPINE_WEST_BALKANS,ERA_PERFORMANCE_REPORT,0,2025-08-03
2026-03,DE,DE_RAIL_OP051,DEST201,ITST181,3700.91,76.08,81.56,8.25,515,116.83,134.93,58.69,6313.32,0,1,RFC1_RHINE_ALPINE,INFRA_MANAGER_DATA,1,2026-01-30
2026-04,LV,LV_RAIL_OP052,LVST202,PTST182,2217.51,3406.38,77.4,14.93,47,113.7,14.07,66.01,1650.53,1,1,RFC2_NSEA_MED,OPERATOR_REPORTING,1,2025-04-04
2026-05,PL,PL_RAIL_OP053,PLST203,BEST183,2739.05,361.12,75.89,6.91,613,120.17,31.516,58.94,172.45,1,0,RFC3_SCAND_MED,EUROSTAT_RAIL,1,2024-02-11
2026-06,ES,ES_RAIL_OP054,ESST204,FIST184,5720.25,584.01,76.0,0.68,599,85.93,17.647,42.01,5590.56,1,0,RFC4_ATLANTIC,ERA_PERFORMANCE_REPORT,1,2024-10-18
2026-07,HR,HR_RAIL_OP055,HRST205,LVST185,4253.29,2936.11,82.13,9.3,444,89.4,24.248,99.75,6668.98,0,0,RFC5_BALTIC_ADRIATIC,INFRA_MANAGER_DATA,1,2024-11-04
2026-08,FI,FI_RAIL_OP056,FIST206,ROST186,4920.61,959.02,91.84,10.67,172,110.77,100.094,64.44,8414.56,1,1,RFC6_MEDITERRANEAN,OPERATOR_REPORTING,1,2024-02-01
2026-09,IE,IE_RAIL_OP057,IEST207,BGST187,2980.98,2666.38,80.49,1.39,475,132.95,11.621,60.5,7895.73,1,0,RFC7_ORIENT_EASTMED,EUROSTAT_RAIL,1,2024-01-26
2026-10,MT,MT_RAIL_OP058,MTST208,FRST188,1343.87,958.52,87.9,13.17,40,125.86,40.346,53.35,553.84,0,0,RFC8_NORTH_SEA_BALTIC,ERA_PERFORMANCE_REPORT,0,2024-10-28
2026-11,SK,SK_RAIL_OP059,SKST209,LTST189,3458.14,4422.36,88.87,8.95,127,101.64,43.917,46.64,6672.31,1,0,RFC9_RHINE_DANUBE,INFRA_MANAGER_DATA,1,2024-08-26
2026-12,BE,BE_RAIL_OP060,BEST210,SKST190,4515.58,5494.54,96.32,2.05,467,141.49,58.776,94.12,6176.21,1,0,RFC10_ALPINE_WEST_BALKANS,OPERATOR_REPORTING,1,2024-07-13
2016-01,DK,DK_RAIL_OP001,DKST211,HRST191,440.42,2734.13,84.39,4.43,217,134.92,23.896,78.32,5050.23,0,0,RFC1_RHINE_ALPINE,EUROSTAT_RAIL,1,2024-12-03
2016-02,GR,GR_RAIL_OP002,GRST212,DEST192,419.25,3892.16,71.08,11.81,1105,131.11,78.187,54.96,3997.01,1,0,RFC2_NSEA_MED,ERA_PERFORMANCE_REPORT,1,2025-04-11
2016-03,LT,LT_RAIL_OP003,LTST213,LUST193,3704.04,310.04,79.23,14.27,588,128.3,40.713,93.2,954.85,0,0,RFC3_SCAND_MED,INFRA_MANAGER_DATA,1,2024-06-29
2016-04,PT,PT_RAIL_OP004,PTST214,SIST194,1948.74,2201.23,88.25,8.68,263,121.71,102.699,54.27,3336.0,1,0,RFC4_ATLANTIC,OPERATOR_REPORTING,1,2025-03-01
2016-05,SE,SE_RAIL_OP005,SEST215,CYST195,3511.77,3186.41,77.49,10.28,648,86.05,76.605,84.29,8262.68,1,0,RFC5_BALTIC_ADRIATIC,EUROSTAT_RAIL,1,2024-08-14
2016-06,CY,CY_RAIL_OP006,CYST216,GRST196,687.48,545.36,74.93,11.75,1092,118.22,124.621,47.33,3817.6,1,1,RFC6_MEDITERRANEAN,ERA_PERFORMANCE_REPORT,1,2024-05-30
2016-07,FR,FR_RAIL_OP007,FRST217,MTST197,2518.89,3968.53,83.14,9.78,429,128.25,144.112,87.51,1071.83,0,0,RFC7_ORIENT_EASTMED,INFRA_MANAGER_DATA,1,2025-04-16
2016-08,IT,IT_RAIL_OP008,ITST218,ESST198,5792.41,2348.9,78.1,13.79,132,92.31,108.1,69.1,917.29,1,0,RFC8_NORTH_SEA_BALTIC,OPERATOR_REPORTING,1,2024-09-17
2016-09,NL,NL_RAIL_OP009,NLST219,CZST199,266.78,6.58,92.55,3.0,412,133.73,28.552,79.17,2905.09,0,0,RFC9_RHINE_DANUBE,EUROSTAT_RAIL,1,2025-01-20
2016-10,SI,SI_RAIL_OP010,SIST220,HUST200,3663.36,5259.85,96.09,2.71,155,111.49,18.898,95.9,2479.44,1,1,RFC10_ALPINE_WEST_BALKANS,ERA_PERFORMANCE_REPORT,1,2024-08-31
2016-11,BG,BG_RAIL_OP011,BGST221,NLST201,5332.55,4927.91,80.5,4.37,630,106.11,35.314,94.63,5759.35,1,0,RFC1_RHINE_ALPINE,INFRA_MANAGER_DATA,1,2024-09-12
2016-12,EE,EE_RAIL_OP012,EEST222,SEST202,4765.58,563.44,79.93,10.92,226,96.97,27.214,44.33,27.2,1,0,RFC2_NSEA_MED,OPERATOR_REPORTING,1,2024-12-11
2017-01,HU,HU_RAIL_OP013,HUST223,DKST203,389.9,2069.54,95.65,1.55,451,107.67,43.351,59.19,3889.62,0,0,RFC3_SCAND_MED,EUROSTAT_RAIL,1,2024-03-30
2017-02,LU,LU_RAIL_OP014,LUST224,IEST204,6188.8,398.27,90.94,13.53,453,112.8,33.565,43.75,1244.5,1,0,RFC4_ATLANTIC,ERA_PERFORMANCE_REPORT,1,2025-06-10
2017-03,RO,RO_RAIL_OP015,ROST225,PLST205,1250.15,1008.06,88.13,2.36,185,137.29,37.883,72.09,9025.17,0,0,RFC5_BALTIC_ADRIATIC,INFRA_MANAGER_DATA,1,2025-01-22
2017-04,AT,AT_RAIL_OP016,ATST226,ATST206,462.05,3010.9,84.42,4.55,142,142.2,25.18,30.84,1002.67,0,0,RFC6_MEDITERRANEAN,OPERATOR_REPORTING,1,2024-09-09
2017-05,CZ,CZ_RAIL_OP017,CZST227,EEST207,3421.28,4932.29,84.53,10.29,433,104.01,75.134,43.31,3729.03,1,1,RFC7_ORIENT_EASTMED,EUROSTAT_RAIL,0,2026-02-15
2017-06,DE,DE_RAIL_OP018,DEST228,ITST208,2646.4,1036.66,83.09,3.53,456,122.64,39.328,72.11,6932.87,1,0,RFC8_NORTH_SEA_BALTIC,ERA_PERFORMANCE_REPORT,1,2024-08-14
2017-07,LV,LV_RAIL_OP019,LVST229,PTST209,2227.69,3870.36,91.75,4.36,538,135.0,23.011,38.45,3664.17,1,0,RFC9_RHINE_DANUBE,INFRA_MANAGER_DATA,1,2024-09-28
2017-08,PL,PL_RAIL_OP020,PLST230,BEST210,3907.63,3533.32,89.79,6.69,82,105.02,122.426,45.6,4157.56,1,1,RFC10_ALPINE_WEST_BALKANS,OPERATOR_REPORTING,1,2024-11-29
2017-09,ES,ES_RAIL_OP021,ESST231,FIST211,377.13,3479.61,96.81,5.1,541,141.56,68.435,72.8,3023.4,1,0,RFC1_RHINE_ALPINE,EUROSTAT_RAIL,1,2024-01-05
2017-10,HR,HR_RAIL_OP022,HRST232,LVST212,1124.14,1910.52,73.4,18.49,361,91.67,17.063,40.73,2259.93,0,0,RFC2_NSEA_MED,ERA_PERFORMANCE_REPORT,1,2024-02-02
2017-11,FI,FI_RAIL_OP023,FIST233,ROST213,796.67,1320.24,87.99,12.08,534,138.15,72.623,63.39,3327.57,1,0,RFC3_SCAND_MED,INFRA_MANAGER_DATA,1,2025-11-27
2017-12,IE,IE_RAIL_OP024,IEST234,BGST214,189.77,1912.73,83.98,3.75,206,95.56,46.865,99.89,9806.77,1,1,RFC4_ATLANTIC,OPERATOR_REPORTING,1,2025-09-22
2018-01,MT,MT_RAIL_OP025,MTST235,FRST215,1232.88,3686.75,70.5,21.19,49,134.69,33.925,74.6,5913.16,1,0,RFC5_BALTIC_ADRIATIC,EUROSTAT_RAIL,1,2025-10-25
2018-02,SK,SK_RAIL_OP026,SKST236,LTST216,2002.32,4250.04,94.45,8.83,283,109.84,16.641,91.83,7681.81,1,0,RFC6_MEDITERRANEAN,ERA_PERFORMANCE_REPORT,1,2025-07-08
2018-03,BE,BE_RAIL_OP027,BEST237,SKST217,2494.77,219.19,76.99,21.49,157,138.58,47.088,84.04,6166.25,0,0,RFC7_ORIENT_EASTMED,INFRA_MANAGER_DATA,1,2024-05-03
2018-04,DK,DK_RAIL_OP028,DKST238,HRST218,257.08,3460.18,87.16,5.32,257,96.1,1.118,33.15,4318.39,1,0,RFC8_NORTH_SEA_BALTIC,OPERATOR_REPORTING,1,2024-07-04
2018-05,GR,GR_RAIL_OP029,GRST239,DEST219,4361.16,1220.09,90.68,0.58,599,118.47,42.452,51.16,1396.3,1,0,RFC9_RHINE_DANUBE,EUROSTAT_RAIL,1,2024-02-11
2018-06,LT,LT_RAIL_OP030,LTST240,LUST220,2854.52,4402.67,94.2,4.81,355,113.27,111.202,49.27,1296.95,1,1,RFC10_ALPINE_WEST_BALKANS,ERA_PERFORMANCE_REPORT,1,2025-01-08
2018-07,PT,PT_RAIL_OP031,PTST241,SIST221,3070.8,5751.57,74.81,21.14,935,130.43,133.402,88.57,1537.66,1,1,RFC1_RHINE_ALPINE,INFRA_MANAGER_DATA,1,2024-08-28
2018-08,SE,SE_RAIL_OP032,SEST242,CYST222,4663.19,1039.49,69.3,15.1,607,140.6,25.098,46.54,3056.5,1,0,RFC2_NSEA_MED,OPERATOR_REPORTING,1,2024-07-09
2018-09,CY,CY_RAIL_OP033,CYST243,GRST223,3891.17,270.09,87.33,11.37,152,97.3,7.192,45.81,4688.71,0,0,RFC3_SCAND_MED,EUROSTAT_RAIL,1,2024-06-27
2018-10,FR,FR_RAIL_OP034,FRST244,MTST224,691.19,4271.86,68.59,15.4,1026,119.37,44.826,36.43,6193.73,1,0,RFC4_ATLANTIC,ERA_PERFORMANCE_REPORT,1,2026-01-29
2018-11,IT,IT_RAIL_OP035,ITST245,ESST225,5159.69,2154.64,69.6,9.81,19,125.97,61.57,95.44,8204.24,0,1,RFC5_BALTIC_ADRIATIC,INFRA_MANAGER_DATA,1,2024-07-18
2018-12,NL,NL_RAIL_OP036,NLST246,CZST226,4295.09,2589.99,89.85,10.19,80,134.88,14.979,37.22,5228.28,0,0,RFC6_MEDITERRANEAN,OPERATOR_REPORTING,1,2024-08-09
2019-01,SI,SI_RAIL_OP037,SIST247,HUST227,3986.83,584.48,83.71,10.16,545,99.59,12.056,39.63,6050.65,1,0,RFC7_ORIENT_EASTMED,EUROSTAT_RAIL,1,2025-11-12
2019-02,BG,BG_RAIL_OP038,BGST248,NLST228,2392.5,62.36,73.12,15.82,1065,122.78,88.202,68.01,3065.88,0,0,RFC8_NORTH_SEA_BALTIC,ERA_PERFORMANCE_REPORT,1,2024-08-10
2019-03,EE,EE_RAIL_OP039,EEST249,SEST229,1137.07,4215.43,73.78,16.51,147,144.68,13.87,49.71,4749.16,1,0,RFC9_RHINE_DANUBE,INFRA_MANAGER_DATA,1,2024-05-01
2019-04,HU,HU_RAIL_OP040,HUST250,DKST230,667.63,4954.53,94.22,8.73,400,125.37,6.535,85.78,8553.73,0,0,RFC10_ALPINE_WEST_BALKANS,OPERATOR_REPORTING,1,2024-06-27
2019-05,LU,LU_RAIL_OP041,LUST251,IEST231,2040.66,2549.95,74.96,21.31,366,112.54,67.397,88.22,6388.6,0,0,RFC1_RHINE_ALPINE,EUROSTAT_RAIL,1,2024-01-23
2019-06,RO,RO_RAIL_OP042,ROST252,PLST232,524.36,2819.98,82.4,8.4,512,120.04,120.904,47.42,6415.02,1,1,RFC2_NSEA_MED,ERA_PERFORMANCE_REPORT,1,2025-10-19
2019-07,AT,AT_RAIL_OP043,ATST253,ATST233,3844.36,1739.7,83.02,5.14,198,92.89,2.899,61.83,7929.6,1,0,RFC3_SCAND_MED,INFRA_MANAGER_DATA,1,2024-05-02
2019-08,CZ,CZ_RAIL_OP044,CZST254,EEST234,3765.58,3893.57,79.31,3.71,196,96.03,97.565,62.24,3336.17,0,0,RFC4_ATLANTIC,OPERATOR_REPORTING,1,2024-04-17
2019-09,DE,DE_RAIL_OP045,DEST255,ITST235,311.72,4653.14,74.97,11.95,896,115.04,85.445,91.52,467.06,0,0,RFC5_BALTIC_ADRIATIC,EUROSTAT_RAIL,1,2026-02-04
2019-10,LV,LV_RAIL_OP046,LVST256,PTST236,1600.71,3894.94,91.43,1.22,313,95.38,44.883,68.56,6750.4,0,0,RFC6_MEDITERRANEAN,ERA_PERFORMANCE_REPORT,1,2025-11-02
2019-11,PL,PL_RAIL_OP047,PLST257,BEST237,4505.46,934.8,94.37,2.1,648,144.56,140.388,34.61,2102.21,1,1,RFC7_ORIENT_EASTMED,INFRA_MANAGER_DATA,1,2024-06-18
2019-12,ES,ES_RAIL_OP048,ESST258,FIST238,5447.38,1534.35,73.43,22.73,1036,132.06,12.861,52.81,1035.52,1,0,RFC8_NORTH_SEA_BALTIC,OPERATOR_REPORTING,1,2025-02-04
2020-01,HR,HR_RAIL_OP049,HRST259,LVST239,3771.64,808.67,68.62,1.24,959,137.5,90.32,87.55,98.72,1,0,RFC9_RHINE_DANUBE,EUROSTAT_RAIL,1,2025-03-06
2020-02,FI,FI_RAIL_OP050,FIST260,ROST240,1238.0,2933.45,95.22,12.27,326,86.48,28.277,56.94,6589.12,0,0,RFC10_ALPINE_WEST_BALKANS,ERA_PERFORMANCE_REPORT,1,2025-08-20
2020-03,IE,IE_RAIL_OP051,IEST261,BGST241,3868.4,1444.59,93.48,3.1,591,89.83,115.821,75.78,7642.69,1,0,RFC1_RHINE_ALPINE,INFRA_MANAGER_DATA,0,2024-05-11
2020-04,MT,MT_RAIL_OP052,MTST262,FRST242,5939.27,1122.3,78.37,9.12,73,141.02,35.376,73.89,5955.62,1,0,RFC2_NSEA_MED,OPERATOR_REPORTING,1,2024-02-09
2020-05,SK,SK_RAIL_OP053,SKST263,LTST243,4859.68,3909.02,90.32,8.72,108,141.55,66.999,75.46,2100.33,0,1,RFC3_SCAND_MED,EUROSTAT_RAIL,1,2024-06-05
2020-06,BE,BE_RAIL_OP054,BEST264,SKST244,3573.94,4018.26,68.19,4.48,1034,117.54,66.993,73.78,9552.96,0,0,RFC4_ATLANTIC,ERA_PERFORMANCE_REPORT,1,2025-11-01
2020-07,DK,DK_RAIL_OP055,DKST265,HRST245,7347.15,3444.65,96.5,8.85,36,101.01,55.794,76.12,2653.15,0,0,RFC5_BALTIC_ADRIATIC,INFRA_MANAGER_DATA,1,2025-10-06
2020-08,GR,GR_RAIL_OP056,GRST266,DEST246,1867.23,2171.51,77.81,3.09,179,89.19,27.594,55.14,2870.39,0,0,RFC6_MEDITERRANEAN,OPERATOR_REPORTING,1,2025-04-12
2020-09,LT,LT_RAIL_OP057,LTST267,LUST247,4015.34,5170.04,82.43,11.88,250,108.15,100.837,33.24,6026.07,1,0,RFC7_ORIENT_EASTMED,EUROSTAT_RAIL,1,2024-04-21
2020-10,PT,PT_RAIL_OP058,PTST268,SIST248,4643.17,3274.79,97.22,8.93,462,137.41,126.607,52.64,5506.77,1,0,RFC8_NORTH_SEA_BALTIC,ERA_PERFORMANCE_REPORT,1,2024-01-22
2020-11,SE,SE_RAIL_OP059,SEST269,CYST249,3383.27,1728.46,93.99,6.42,57,139.69,29.942,37.3,3967.98,0,0,RFC9_RHINE_DANUBE,INFRA_MANAGER_DATA,1,2024-03-12
2020-12,CY,CY_RAIL_OP060,CYST270,GRST250,1072.37,4617.74,90.03,13.86,438,121.63,51.316,30.59,830.25,0,0,RFC10_ALPINE_WEST_BALKANS,OPERATOR_REPORTING,1,2025-04-28
2021-01,FR,FR_RAIL_OP001,FRST271,MTST251,4627.45,2275.58,81.98,2.89,194,126.39,51.576,96.28,7052.77,1,0,RFC1_RHINE_ALPINE,EUROSTAT_RAIL,1,2024-07-15
2021-02,IT,IT_RAIL_OP002,ITST272,ESST252,1329.48,857.24,83.75,1.18,130,137.71,61.703,73.67,21.55,1,0,RFC2_NSEA_MED,ERA_PERFORMANCE_REPORT,1,2024-01-10
2021-03,NL,NL_RAIL_OP003,NLST273,CZST253,6227.09,958.66,90.3,4.75,528,132.27,129.382,51.85,2451.28,0,0,RFC3_SCAND_MED,INFRA_MANAGER_DATA,1,2025-03-10
2021-04,SI,SI_RAIL_OP004,SIST274,HUST254,3163.71,2137.23,89.59,2.0,618,95.89,76.301,48.48,2215.05,1,0,RFC4_ATLANTIC,OPERATOR_REPORTING,1,2025-08-26
2021-05,BG,BG_RAIL_OP005,BGST275,NLST255,5221.11,2707.54,71.99,12.23,583,124.03,133.62,36.41,321.27,0,0,RFC5_BALTIC_ADRIATIC,EUROSTAT_RAIL,1,2024-07-28
2021-06,EE,EE_RAIL_OP006,EEST276,SEST256,3402.2,1652.84,96.16,9.78,331,85.17,54.436,96.49,8989.84,1,0,RFC6_MEDITERRANEAN,ERA_PERFORMANCE_REPORT,1,2026-01-03
2021-07,HU,HU_RAIL_OP007,HUST277,DKST257,1567.81,3503.46,81.72,8.38,417,105.42,90.648,38.0,2926.27,1,0,RFC7_ORIENT_EASTMED,INFRA_MANAGER_DATA,1,2025-09-14
2021-08,LU,LU_RAIL_OP008,LUST278,IEST258,1695.77,4529.88,73.27,19.7,49,128.86,113.707,34.72,2885.79,1,0,RFC8_NORTH_SEA_BALTIC,OPERATOR_REPORTING,0,2024-08-08
2021-09,RO,RO_RAIL_OP009,ROST279,PLST259,934.91,3418.34,95.49,14.25,277,97.04,92.748,82.1,8287.88,1,1,RFC9_RHINE_DANUBE,EUROSTAT_RAIL,1,2024-12-01
2021-10,AT,AT_RAIL_OP010,ATST280,ATST260,3002.67,3123.01,77.18,6.92,170,104.77,58.091,98.87,6718.31,0,0,RFC10_ALPINE_WEST_BALKANS,ERA_PERFORMANCE_REPORT,1,2025-10-19
2021-11,CZ,CZ_RAIL_OP011,CZST281,EEST261,5388.06,1651.54,98.03,3.82,153,88.57,84.399,97.33,126.44,0,0,RFC1_RHINE_ALPINE,INFRA_MANAGER_DATA,1,2025-11-03
2021-12,DE,DE_RAIL_OP012,DEST282,ITST262,408.94,2817.98,83.79,4.95,24,112.42,138.505,79.64,5106.31,1,1,RFC2_NSEA_MED,OPERATOR_REPORTING,1,2025-12-12
2022-01,LV,LV_RAIL_OP013,LVST283,PTST263,2927.02,2770.52,74.38,14.79,12,86.79,62.943,91.75,7973.33,0,0,RFC3_SCAND_MED,EUROSTAT_RAIL,1,2024-01-19
2022-02,PL,PL_RAIL_OP014,PLST284,BEST264,2617.62,3788.14,83.01,7.24,465,124.07,2.706,69.2,8440.75,0,0,RFC4_ATLANTIC,ERA_PERFORMANCE_REPORT,1,2024-03-11
2022-03,ES,ES_RAIL_OP015,ESST285,FIST265,4337.87,2037.63,83.22,6.0,660,103.29,11.993,59.56,6646.07,0,0,RFC5_BALTIC_ADRIATIC,INFRA_MANAGER_DATA,1,2024-03-09
2022-04,HR,HR_RAIL_OP016,HRST286,LVST266,1314.1,1001.69,97.97,4.74,552,144.02,89.295,86.94,1232.66,0,0,RFC6_MEDITERRANEAN,OPERATOR_REPORTING,1,2026-02-09
2022-05,FI,FI_RAIL_OP017,FIST287,ROST267,608.58,3858.55,90.44,8.6,448,97.78,98.187,64.71,2007.01,1,0,RFC7_ORIENT_EASTMED,EUROSTAT_RAIL,1,2024-10-10
2022-06,IE,IE_RAIL_OP018,IEST288,BGST268,5875.96,1847.45,72.71,2.14,677,88.59,75.743,57.51,4477.01,1,0,RFC8_NORTH_SEA_BALTIC,ERA_PERFORMANCE_REPORT,1,2024-10-01
2022-07,MT,MT_RAIL_OP019,MTST289,FRST269,1504.0,2107.97,68.75,18.58,1020,127.31,113.986,51.74,1710.24,1,0,RFC9_RHINE_DANUBE,INFRA_MANAGER_DATA,0,2024-07-28
2022-08,SK,SK_RAIL_OP020,SKST290,LTST270,169.73,514.26,98.27,14.21,360,98.12,90.098,89.29,5704.73,0,1,RFC10_ALPINE_WEST_BALKANS,OPERATOR_REPORTING,1,2025-04-15
2022-09,BE,BE_RAIL_OP021,BEST291,SKST271,3080.34,94.8,79.08,10.5,135,92.05,87.919,65.33,9103.69,1,0,RFC1_RHINE_ALPINE,EUROSTAT_RAIL,1,2025-12-24
2022-10,DK,DK_RAIL_OP022,DKST292,HRST272,3018.37,5897.44,96.33,12.47,427,87.95,11.495,93.9,2463.81,1,1,RFC2_NSEA_MED,ERA_PERFORMANCE_REPORT,0,2024-08-27
2022-11,GR,GR_RAIL_OP023,GRST293,DEST273,2449.96,374.42,70.47,17.06,878,99.4,92.736,88.47,9612.57,0,0,RFC3_SCAND_MED,INFRA_MANAGER_DATA,1,2024-04-14
2022-12,LT,LT_RAIL_OP024,LTST294,LUST274,3313.77,4521.55,91.84,1.6,20,105.44,80.852,75.21,885.71,1,0,RFC4_ATLANTIC,OPERATOR_REPORTING,1,2025-02-14
2023-01,PT,PT_RAIL_OP025,PTST295,SIST275,2007.75,2455.37,88.29,3.66,126,137.58,47.572,40.06,2036.04,1,0,RFC5_BALTIC_ADRIATIC,EUROSTAT_RAIL,1,2025-11-23
2023-02,SE,SE_RAIL_OP026,SEST296,CYST276,231.13,4353.15,94.03,1.39,365,135.33,94.491,80.29,720.4,1,0,RFC6_MEDITERRANEAN,ERA_PERFORMANCE_REPORT,1,2025-12-22
2023-03,CY,CY_RAIL_OP027,CYST297,GRST277,1796.8,514.23,95.94,12.92,306,141.77,38.612,95.28,8540.7,1,0,RFC7_ORIENT_EASTMED,INFRA_MANAGER_DATA,1,2024-01-21
2023-04,FR,FR_RAIL_OP028,FRST298,MTST278,4475.29,1589.37,73.61,12.09,367,126.94,73.607,75.35,9343.12,1,0,RFC8_NORTH_SEA_BALTIC,OPERATOR_REPORTING,1,2025-06-06
2023-05,IT,IT_RAIL_OP029,ITST299,ESST279,3481.48,3162.17,89.16,4.2,394,143.18,8.372,92.67,3654.9,0,1,RFC9_RHINE_DANUBE,EUROSTAT_RAIL,1,2025-06-02
2023-06,NL,NL_RAIL_OP030,NLST300,CZST280,6215.43,761.81,84.59,7.14,97,101.79,71.946,30.27,1518.94,1,0,RFC10_ALPINE_WEST_BALKANS,ERA_PERFORMANCE_REPORT,1,2024-07-11
2023-07,SI,SI_RAIL_OP031,SIST301,HUST281,3974.32,3228.23,73.25,1.96,13,98.76,62.974,81.27,9232.52,1,0,RFC1_RHINE_ALPINE,INFRA_MANAGER_DATA,0,2024-08-14
2023-08,BG,BG_RAIL_OP032,BGST302,NLST282,3705.77,1600.02,69.29,13.85,539,139.73,77.478,99.18,1581.19,1,0,RFC2_NSEA_MED,OPERATOR_REPORTING,1,2024-02-29
2023-09,EE,EE_RAIL_OP033,EEST303,SEST283,3662.14,426.34,90.38,11.77,626,104.38,123.428,72.79,3562.79,1,0,RFC3_SCAND_MED,EUROSTAT_RAIL,1,2024-12-12
2023-10,HU,HU_RAIL_OP034,HUST304,DKST284,4109.31,3126.71,81.3,9.54,2,121.95,38.552,87.92,6439.92,1,0,RFC4_ATLANTIC,ERA_PERFORMANCE_REPORT,1,2024-08-18
2023-11,LU,LU_RAIL_OP035,LUST305,IEST285,6024.09,290.22,80.07,2.24,672,124.05,131.881,76.46,410.51,0,0,RFC5_BALTIC_ADRIATIC,INFRA_MANAGER_DATA,1,2025-12-02
2023-12,RO,RO_RAIL_OP036,ROST306,PLST286,1883.04,3923.05,80.32,11.36,197,100.86,44.05,37.27,5509.89,1,0,RFC6_MEDITERRANEAN,OPERATOR_REPORTING,1,2024-12-25
2024-01,AT,AT_RAIL_OP037,ATST307,ATST287,4378.37,4747.56,77.89,6.01,566,140.09,15.508,37.27,5601.85,0,0,RFC7_ORIENT_EASTMED,EUROSTAT_RAIL,1,2024-04-14
2024-02,CZ,CZ_RAIL_OP038,CZST308,EEST288,5691.52,5908.03,87.89,2.67,399,143.96,149.169,98.97,1673.84,0,0,RFC8_NORTH_SEA_BALTIC,ERA_PERFORMANCE_REPORT,1,2024-07-08
2024-03,DE,DE_RAIL_OP039,DEST309,ITST289,1758.07,250.61,90.6,2.35,367,101.21,45.059,74.16,8729.86,1,0,RFC9_RHINE_DANUBE,INFRA_MANAGER_DATA,1,2024-11-17
2024-04,LV,LV_RAIL_OP040,LVST310,PTST290,991.11,2471.6,83.78,6.07,565,85.23,44.21,84.69,2919.35,0,0,RFC10_ALPINE_WEST_BALKANS,OPERATOR_REPORTING,1,2025-11-16
2024-05,PL,PL_RAIL_OP041,PLST311,BEST291,1201.27,4235.43,80.03,7.31,296,120.08,12.553,79.96,102.19,1,0,RFC1_RHINE_ALPINE,EUROSTAT_RAIL,0,2026-02-11
2024-06,ES,ES_RAIL_OP042,ESST312,FIST292,623.98,3309.18,97.54,10.48,336,130.88,46.819,43.72,1876.6,1,0,RFC2_NSEA_MED,ERA_PERFORMANCE_REPORT,1,2024-07-22
2024-07,HR,HR_RAIL_OP043,HRST313,LVST293,1720.77,3952.3,89.19,6.79,303,88.4,32.498,89.99,2333.55,1,0,RFC3_SCAND_MED,INFRA_MANAGER_DATA,1,2025-03-25
2024-08,FI,FI_RAIL_OP044,FIST314,ROST294,72.48,1380.94,73.9,10.87,665,121.71,14.007,74.24,2373.33,0,0,RFC4_ATLANTIC,OPERATOR_REPORTING,0,2024-07-01
2024-09,IE,IE_RAIL_OP045,IEST315,BGST295,5624.69,554.76,87.69,8.99,526,138.17,20.993,40.06,537.33,1,0,RFC5_BALTIC_ADRIATIC,EUROSTAT_RAIL,1,2024-04-02
2024-10,MT,MT_RAIL_OP046,MTST316,FRST296,6064.89,807.54,72.93,3.22,544,128.06,12.713,86.01,743.67,1,0,RFC6_MEDITERRANEAN,ERA_PERFORMANCE_REPORT,1,2024-09-30
2024-11,SK,SK_RAIL_OP047,SKST317,LTST297,1838.57,2953.77,73.95,9.21,971,109.68,63.325,60.32,7819.61,0,0,RFC7_ORIENT_EASTMED,INFRA_MANAGER_DATA,1,2025-03-04
2024-12,BE,BE_RAIL_OP048,BEST318,SKST298,3280.1,2907.02,82.81,2.72,119,118.14,15.513,96.47,3930.48,1,0,RFC8_NORTH_SEA_BALTIC,OPERATOR_REPORTING,1,2025-07-25
2025-01,DK,DK_RAIL_OP049,DKST319,HRST299,5197.38,1039.1,95.12,4.37,478,100.89,38.263,43.03,3860.14,1,0,RFC9_RHINE_DANUBE,EUROSTAT_RAIL,1,2025-02-01
2025-02,GR,GR_RAIL_OP050,GRST320,DEST300,3599.76,2736.08,75.32,8.59,380,130.69,81.138,36.11,4709.19,1,0,RFC10_ALPINE_WEST_BALKANS,ERA_PERFORMANCE_REPORT,1,2024-01-10
2025-03,LT,LT_RAIL_OP051,LTST321,LUST301,7292.92,1878.43,72.13,9.55,549,94.4,137.066,68.04,9083.37,0,1,RFC1_RHINE_ALPINE,INFRA_MANAGER_DATA,1,2026-01-19
2025-04,PT,PT_RAIL_OP052,PTST322,SIST302,192.74,3835.85,76.73,3.9,244,89.27,53.005,79.71,5792.31,0,0,RFC2_NSEA_MED,OPERATOR_REPORTING,1,2025-02-06
2025-05,SE,SE_RAIL_OP053,SEST323,CYST303,3533.68,1789.45,88.84,5.1,89,93.91,27.077,63.7,4873.56,0,0,RFC3_SCAND_MED,EUROSTAT_RAIL,1,2024-10-16
2025-06,CY,CY_RAIL_OP054,CYST324,GRST304,3022.58,3180.64,86.59,8.63,60,88.95,90.329,94.26,4424.1,0,1,RFC4_ATLANTIC,ERA_PERFORMANCE_REPORT,1,2025-04-25
2025-07,FR,FR_RAIL_OP055,FRST325,MTST305,322.83,2457.96,74.02,22.49,153,105.9,5.947,79.35,1948.94,1,0,RFC5_BALTIC_ADRIATIC,INFRA_MANAGER_DATA,1,2024-06-05
2025-08,IT,IT_RAIL_OP056,ITST326,ESST306,2486.95,2523.97,90.49,2.09,298,136.38,132.78,56.26,5805.49,1,0,RFC6_MEDITERRANEAN,OPERATOR_REPORTING,1,2025-08-04
2025-09,NL,NL_RAIL_OP057,NLST327,CZST307,218.49,369.53,71.24,8.63,861,86.75,66.553,34.16,561.44,1,0,RFC7_ORIENT_EASTMED,EUROSTAT_RAIL,1,2024-02-14
2025-10,SI,SI_RAIL_OP058,SIST328,HUST308,2089.94,1830.27,98.03,6.15,0,118.33,27.981,86.36,6607.57,1,0,RFC8_NORTH_SEA_BALTIC,ERA_PERFORMANCE_REPORT,0,2025-01-10
2025-11,BG,BG_RAIL_OP059,BGST329,NLST309,3827.14,6345.94,87.54,7.21,424,138.03,75.856,50.37,46.02,1,1,RFC9_RHINE_DANUBE,INFRA_MANAGER_DATA,1,2025-06-17
2025-12,EE,EE_RAIL_OP060,EEST330,SEST310,2936.94,2730.68,86.26,10.83,180,88.09,78.722,58.24,3861.03,0,0,RFC10_ALPINE_WEST_BALKANS,OPERATOR_REPORTING,1,2024-11-07
2026-01,HU,HU_RAIL_OP001,HUST331,DKST311,2645.32,4200.39,76.58,21.74,339,98.58,101.137,40.07,1451.43,1,0,RFC1_RHINE_ALPINE,EUROSTAT_RAIL,0,2024-05-15
2026-02,LU,LU_RAIL_OP002,LUST332,IEST312,3800.83,5882.79,94.99,3.15,433,98.84,20.359,93.1,6092.08,1,0,RFC2_NSEA_MED,ERA_PERFORMANCE_REPORT,1,2024-01-13
2026-03,RO,RO_RAIL_OP003,ROST333,PLST313,2892.53,2346.89,94.41,14.29,156,121.12,21.283,63.68,9792.17,1,0,RFC3_SCAND_MED,INFRA_MANAGER_DATA,1,2025-08-22
2026-04,AT,AT_RAIL_OP004,ATST334,ATST314,953.3,4183.25,79.76,10.9,47,92.78,34.508,39.39,307.06,0,0,RFC4_ATLANTIC,OPERATOR_REPORTING,1,2025-07-04
2026-05,CZ,CZ_RAIL_OP005,CZST335,EEST315,5576.91,624.15,89.6,1.37,561,114.02,81.598,75.18,3684.05,1,0,RFC5_BALTIC_ADRIATIC,EUROSTAT_RAIL,1,2024-11-04
2026-06,DE,DE_RAIL_OP006,DEST336,ITST316,3437.5,526.05,69.13,5.78,943,135.2,85.996,62.62,1922.69,1,1,RFC6_MEDITERRANEAN,ERA_PERFORMANCE_REPORT,1,2025-02-17
2026-07,LV,LV_RAIL_OP007,LVST337,PTST317,4684.51,2352.47,68.67,15.02,507,139.57,14.839,76.49,2655.09,1,0,RFC7_ORIENT_EASTMED,INFRA_MANAGER_DATA,1,2026-01-28
2026-08,PL,PL_RAIL_OP008,PLST338,BEST318,1749.67,657.58,74.8,19.02,682,86.41,45.912,56.16,4968.43,1,0,RFC8_NORTH_SEA_BALTIC,OPERATOR_REPORTING,1,2024-05-11
2026-09,ES,ES_RAIL_OP009,ESST339,FIST319,6735.25,3079.37,89.34,11.56,604,125.94,1.805,98.29,5158.06,1,0,RFC9_RHINE_DANUBE,EUROSTAT_RAIL,1,2025-05-12
2026-10,HR,HR_RAIL_OP010,HRST340,LVST320,3335.9,676.68,84.77,4.52,292,112.15,76.697,57.23,5072.63,0,1,RFC10_ALPINE_WEST_BALKANS,ERA_PERFORMANCE_REPORT,1,2024-04-01
2026-11,FI,FI_RAIL_OP011,FIST341,ROST321,3034.2,4530.03,85.27,3.74,188,131.73,108.665,63.62,2090.47,1,0,RFC1_RHINE_ALPINE,INFRA_MANAGER_DATA,1,2025-08-06
2026-12,IE,IE_RAIL_OP012,IEST342,BGST322,1916.2,3612.16,93.78,8.05,254,99.87,14.214,79.22,1633.79,1,0,RFC2_NSEA_MED,OPERATOR_REPORTING,1,2024-10-03
2016-01,MT,MT_RAIL_OP013,MTST343,FRST323,371.6,2384.31,89.78,5.76,409,112.55,70.98,86.71,181.78,1,0,RFC3_SCAND_MED,EUROSTAT_RAIL,1,2026-01-21
2016-02,SK,SK_RAIL_OP014,SKST344,LTST324,3792.71,2452.41,93.01,0.45,442,113.79,90.301,32.85,5424.6,0,0,RFC4_ATLANTIC,ERA_PERFORMANCE_REPORT,1,2024-10-03
2016-03,BE,BE_RAIL_OP015,BEST345,SKST325,1077.31,160.87,91.81,1.58,332,107.57,59.591,47.1,5821.31,1,0,RFC5_BALTIC_ADRIATIC,INFRA_MANAGER_DATA,1,2024-09-02
2016-04,DK,DK_RAIL_OP016,DKST346,HRST326,457.65,5078.3,90.69,11.2,203,125.56,5.958,31.64,392.55,0,0,RFC6_MEDITERRANEAN,OPERATOR_REPORTING,1,2024-03-18
2016-05,GR,GR_RAIL_OP017,GRST347,DEST327,2999.63,4712.02,98.36,12.91,3,139.09,68.262,74.25,8973.64,1,1,RFC7_ORIENT_EASTMED,EUROSTAT_RAIL,1,2025-09-28
2016-06,LT,LT_RAIL_OP018,LTST348,LUST328,555.04,738.71,81.59,3.21,445,119.07,80.202,37.76,863.3,0,1,RFC8_NORTH_SEA_BALTIC,ERA_PERFORMANCE_REPORT,1,2025-03-27
2016-07,PT,PT_RAIL_OP019,PTST349,SIST329,1152.04,489.02,96.76,6.98,142,143.84,24.34,89.14,7784.0,1,0,RFC9_RHINE_DANUBE,INFRA_MANAGER_DATA,1,2024-04-04
2016-08,SE,SE_RAIL_OP020,SEST350,CYST330,3017.14,2140.47,79.62,9.72,636,93.32,41.304,89.56,3656.71,1,1,RFC10_ALPINE_WEST_BALKANS,OPERATOR_REPORTING,1,2024-09-07
2016-09,CY,CY_RAIL_OP021,CYST351,GRST331,1171.62,684.06,84.26,9.33,563,92.73,8.871,65.01,9841.75,0,0,RFC1_RHINE_ALPINE,EUROSTAT_RAIL,1,2026-01-03
2016-10,FR,FR_RAIL_OP022,FRST352,MTST332,1891.85,3307.1,96.03,9.26,13,121.31,88.825,69.94,7041.23,0,0,RFC2_NSEA_MED,ERA_PERFORMANCE_REPORT,1,2025-02-02
2016-11,IT,IT_RAIL_OP023,ITST353,ESST333,408.51,1558.34,74.64,8.07,471,141.95,81.846,30.26,1462.77,1,0,RFC3_SCAND_MED,INFRA_MANAGER_DATA,1,2026-02-08
2016-12,NL,NL_RAIL_OP024,NLST354,CZST334,3831.77,2030.96,94.28,5.43,277,116.57,15.207,41.44,3330.97,1,1,RFC4_ATLANTIC,OPERATOR_REPORTING,1,2024-11-23
2017-01,SI,SI_RAIL_OP025,SIST355,HUST335,3486.43,1820.34,84.43,14.18,384,105.63,40.24,37.21,6597.42,1,0,RFC5_BALTIC_ADRIATIC,EUROSTAT_RAIL,1,2024-09-30
2017-02,BG,BG_RAIL_OP026,BGST356,NLST336,3174.66,977.75,87.99,6.22,88,115.89,49.014,97.05,8011.0,1,0,RFC6_MEDITERRANEAN,ERA_PERFORMANCE_REPORT,0,2024-03-19
2017-03,EE,EE_RAIL_OP027,EEST357,SEST337,1972.03,3558.06,87.56,3.95,557,142.28,2.197,60.31,5367.32,0,1,RFC7_ORIENT_EASTMED,INFRA_MANAGER_DATA,1,2025-03-05
2017-04,HU,HU_RAIL_OP028,HUST358,DKST338,7158.23,2022.16,79.8,10.16,428,129.32,55.688,79.82,5856.18,1,0,RFC8_NORTH_SEA_BALTIC,OPERATOR_REPORTING,1,2024-06-29
2017-05,LU,LU_RAIL_OP029,LUST359,IEST339,1945.48,1807.0,76.18,14.76,117,144.11,31.673,38.16,942.7,1,0,RFC9_RHINE_DANUBE,EUROSTAT_RAIL,1,2024-12-28
2017-06,RO,RO_RAIL_OP030,ROST360,PLST340,349.62,506.84,80.6,2.75,525,104.0,71.227,78.86,10054.58,1,0,RFC10_ALPINE_WEST_BALKANS,ERA_PERFORMANCE_REPORT,1,2025-06-12
2017-07,AT,AT_RAIL_OP031,ATST361,ATST341,4978.16,280.15,70.5,8.73,870,101.72,9.064,37.07,4984.31,0,0,RFC1_RHINE_ALPINE,INFRA_MANAGER_DATA,1,2024-10-27
2017-08,CZ,CZ_RAIL_OP032,CZST362,EEST342,1427.42,2143.23,91.66,9.86,364,87.11,17.169,80.44,2681.58,0,0,RFC2_NSEA_MED,OPERATOR_REPORTING,1,2024-04-13
2017-09,DE,DE_RAIL_OP033,DEST363,ITST343,3825.16,1576.1,83.4,6.04,259,142.52,85.087,86.79,831.87,1,0,RFC3_SCAND_MED,EUROSTAT_RAIL,1,2025-09-06
2017-10,LV,LV_RAIL_OP034,LVST364,PTST344,475.26,222.46,96.73,1.3,113,105.56,25.356,35.18,5556.72,1,0,RFC4_ATLANTIC,ERA_PERFORMANCE_REPORT,1,2026-02-13
2017-11,PL,PL_RAIL_OP035,PLST365,BEST345,2100.25,5485.15,93.45,2.2,473,108.24,76.748,79.0,3505.79,1,0,RFC5_BALTIC_ADRIATIC,INFRA_MANAGER_DATA,1,2025-07-24
2017-12,ES,ES_RAIL_OP036,ESST366,FIST346,2195.35,240.62,87.26,3.34,574,112.9,112.423,66.63,7284.59,0,0,RFC6_MEDITERRANEAN,OPERATOR_REPORTING,1,2025-11-04
2018-01,HR,HR_RAIL_OP037,HRST367,LVST347,4825.1,6158.65,79.23,9.46,507,128.22,93.073,34.17,4798.68,0,0,RFC7_ORIENT_EASTMED,EUROSTAT_RAIL,1,2025-01-05
2018-02,FI,FI_RAIL_OP038,FIST368,ROST348,2677.95,4247.48,70.41,8.57,677,131.84,3.41,93.34,7087.99,0,1,RFC8_NORTH_SEA_BALTIC,ERA_PERFORMANCE_REPORT,1,2025-02-17
2018-03,IE,IE_RAIL_OP039,IEST369,BGST349,1190.39,1574.53,74.26,2.36,806,142.38,89.597,53.74,4144.5,1,0,RFC9_RHINE_DANUBE,INFRA_MANAGER_DATA,1,2025-06-19
2018-04,MT,MT_RAIL_OP040,MTST370,FRST350,1359.63,3045.72,91.42,14.24,104,102.17,135.678,36.09,3124.73,0,1,RFC10_ALPINE_WEST_BALKANS,OPERATOR_REPORTING,1,2025-07-23
2018-05,SK,SK_RAIL_OP041,SKST371,LTST351,4792.71,3396.08,71.26,16.39,691,92.52,108.978,46.52,4927.34,1,1,RFC1_RHINE_ALPINE,EUROSTAT_RAIL,1,2025-08-25
2018-06,BE,BE_RAIL_OP042,BEST372,SKST352,3771.48,178.41,94.77,8.79,13,134.46,97.338,58.65,2017.73,0,1,RFC2_NSEA_MED,ERA_PERFORMANCE_REPORT,1,2025-12-28
2018-07,DK,DK_RAIL_OP043,DKST373,HRST353,592.86,3059.7,83.33,1.94,428,123.42,9.04,93.83,2001.42,0,0,RFC3_SCAND_MED,INFRA_MANAGER_DATA,1,2025-04-24
2018-08,GR,GR_RAIL_OP044,GRST374,DEST354,114.39,380.18,72.68,17.79,696,94.25,2.299,60.54,5129.62,1,0,RFC4_ATLANTIC,OPERATOR_REPORTING,1,2025-05-08
2018-09,LT,LT_RAIL_OP045,LTST375,LUST355,3347.93,2651.88,87.49,5.19,45,87.12,23.905,36.2,4492.68,1,0,RFC5_BALTIC_ADRIATIC,EUROSTAT_RAIL,1,2024-01-24
2018-10,PT,PT_RAIL_OP046,PTST376,SIST356,3979.6,2166.61,72.15,14.7,767,134.72,5.324,81.7,944.6,1,0,RFC6_MEDITERRANEAN,ERA_PERFORMANCE_REPORT,1,2024-07-17
2018-11,SE,SE_RAIL_OP047,SEST377,CYST357,448.31,1708.59,95.58,12.36,653,117.1,33.73,58.25,5779.69,1,0,RFC7_ORIENT_EASTMED,INFRA_MANAGER_DATA,1,2024-12-28
2018-12,CY,CY_RAIL_OP048,CYST378,GRST358,2717.37,3845.1,81.99,6.42,557,114.79,83.188,59.55,3014.63,1,0,RFC8_NORTH_SEA_BALTIC,OPERATOR_REPORTING,1,2025-12-07
2019-01,FR,FR_RAIL_OP049,FRST379,MTST359,2608.99,2029.91,93.19,10.54,417,134.03,22.183,68.01,9684.65,1,0,RFC9_RHINE_DANUBE,EUROSTAT_RAIL,1,2024-07-12
2019-02,IT,IT_RAIL_OP050,ITST380,ESST360,4972.22,4018.81,81.73,0.72,623,132.41,53.838,68.32,5652.8,1,0,RFC10_ALPINE_WEST_BALKANS,ERA_PERFORMANCE_REPORT,1,2025-01-26
2019-03,NL,NL_RAIL_OP051,NLST381,CZST361,1489.53,2620.83,72.47,18.22,696,122.34,15.817,61.61,8633.89,1,0,RFC1_RHINE_ALPINE,INFRA_MANAGER_DATA,1,2025-04-15
2019-04,SI,SI_RAIL_OP052,SIST382,HUST362,4789.25,1565.31,76.14,8.99,467,100.49,44.454,54.22,4574.47,1,1,RFC2_NSEA_MED,OPERATOR_REPORTING,1,2025-02-24
2019-05,BG,BG_RAIL_OP053,BGST383,NLST363,2538.67,1809.66,82.23,4.76,323,125.25,124.201,96.13,2445.4,1,1,RFC3_SCAND_MED,EUROSTAT_RAIL,1,2024-04-08
2019-06,EE,EE_RAIL_OP054,EEST384,SEST364,1249.3,3157.12,91.71,2.21,592,107.02,63.128,49.38,949.78,1,0,RFC4_ATLANTIC,ERA_PERFORMANCE_REPORT,1,2024-06-22
2019-07,HU,HU_RAIL_OP055,HUST385,DKST365,2819.62,45.27,70.3,19.93,400,94.34,86.738,79.36,1257.26,1,0,RFC5_BALTIC_ADRIATIC,INFRA_MANAGER_DATA,1,2024-09-29
2019-08,LU,LU_RAIL_OP056,LUST386,IEST366,4424.8,3731.73,89.75,6.36,523,117.95,91.177,73.38,4280.61,1,0,RFC6_MEDITERRANEAN,OPERATOR_REPORTING,1,2025-03-04
2019-09,RO,RO_RAIL_OP057,ROST387,PLST367,3738.6,151.49,69.43,10.89,414,135.4,94.678,34.37,2569.38,0,1,RFC7_ORIENT_EASTMED,EUROSTAT_RAIL,1,2026-01-19
2019-10,AT,AT_RAIL_OP058,ATST388,ATST368,4807.21,2443.94,69.01,19.19,937,121.6,81.022,77.03,3034.21,0,0,RFC8_NORTH_SEA_BALTIC,ERA_PERFORMANCE_REPORT,1,2024-08-29
2019-11,CZ,CZ_RAIL_OP059,CZST389,EEST369,5110.52,755.84,85.14,7.4,483,113.62,99.608,84.57,626.63,1,0,RFC9_RHINE_DANUBE,INFRA_MANAGER_DATA,1,2026-01-25
2019-12,DE,DE_RAIL_OP060,DEST390,ITST370,3554.15,1463.18,70.49,21.97,781,119.89,15.525,46.81,1326.45,1,0,RFC10_ALPINE_WEST_BALKANS,OPERATOR_REPORTING,1,2024-02-16
2020-01,LV,LV_RAIL_OP001,LVST391,PTST371,1508.05,1535.07,88.08,1.73,537,101.09,6.261,31.15,1853.5,1,0,RFC1_RHINE_ALPINE,EUROSTAT_RAIL,1,2025-07-13
2020-02,PL,PL_RAIL_OP002,PLST392,BEST372,3310.1,38.82,78.24,12.8,93,139.84,69.817,41.17,3061.25,1,0,RFC2_NSEA_MED,ERA_PERFORMANCE_REPORT,1,2025-01-20
2020-03,ES,ES_RAIL_OP003,ESST393,FIST373,5939.71,1009.07,80.23,0.74,198,93.59,3.965,30.8,2121.81,1,0,RFC3_SCAND_MED,INFRA_MANAGER_DATA,1,2025-02-05
2020-04,HR,HR_RAIL_OP004,HRST394,LVST374,3675.95,2403.99,83.46,7.8,435,99.88,52.775,41.99,3357.43,1,0,RFC4_ATLANTIC,OPERATOR_REPORTING,1,2026-02-12
2020-05,FI,FI_RAIL_OP005,FIST395,ROST375,3264.21,2683.99,82.75,7.76,267,142.07,29.901,42.69,4511.99,1,0,RFC5_BALTIC_ADRIATIC,EUROSTAT_RAIL,1,2025-01-29
2020-06,IE,IE_RAIL_OP006,IEST396,BGST376,1182.67,5278.35,80.41,6.23,612,102.12,84.008,96.51,3349.14,0,0,RFC6_MEDITERRANEAN,ERA_PERFORMANCE_REPORT,1,2024-11-15
2020-07,MT,MT_RAIL_OP007,MTST397,FRST377,5829.13,41.89,91.97,3.75,104,104.13,117.052,77.35,3418.1,1,0,RFC7_ORIENT_EASTMED,INFRA_MANAGER_DATA,1,2025-01-29
2020-08,SK,SK_RAIL_OP008,SKST398,LTST378,5142.41,2990.97,77.99,2.37,374,87.69,145.813,60.91,142.44,1,1,RFC8_NORTH_SEA_BALTIC,OPERATOR_REPORTING,1,2026-01-18
2020-09,BE,BE_RAIL_OP009,BEST399,SKST379,1804.07,5014.53,82.03,1.68,64,90.16,55.996,46.06,5507.31,1,0,RFC9_RHINE_DANUBE,EUROSTAT_RAIL,1,2024-05-15
2020-10,DK,DK_RAIL_OP010,DKST400,HRST380,942.17,817.54,88.81,7.47,495,109.93,32.257,98.19,2779.4,1,0,RFC10_ALPINE_WEST_BALKANS,ERA_PERFORMANCE_REPORT,1,2025-07-26
2020-11,GR,GR_RAIL_OP011,GRST401,DEST381,4982.95,3907.72,87.54,11.12,630,128.66,11.948,92.12,5675.0,1,1,RFC1_RHINE_ALPINE,INFRA_MANAGER_DATA,1,2025-09-29
2020-12,LT,LT_RAIL_OP012,LTST402,LUST382,2874.95,4066.67,85.55,8.93,660,143.41,112.112,34.68,1794.26,0,0,RFC2_NSEA_MED,OPERATOR_REPORTING,1,2025-12-02
2021-01,PT,PT_RAIL_OP013,PTST403,SIST383,1918.9,889.11,68.47,7.0,539,102.93,62.529,50.76,2910.91,1,0,RFC3_SCAND_MED,EUROSTAT_RAIL,1,2024-09-20
2021-02,SE,SE_RAIL_OP014,SEST404,CYST384,2633.88,942.29,77.8,16.84,263,106.16,79.358,94.28,938.37,1,1,RFC4_ATLANTIC,ERA_PERFORMANCE_REPORT,1,2025-04-13
2021-03,CY,CY_RAIL_OP015,CYST405,GRST385,1063.1,2503.49,91.8,12.62,362,116.98,87.112,99.71,4635.21,0,1,RFC5_BALTIC_ADRIATIC,INFRA_MANAGER_DATA,1,2025-11-02
2021-04,FR,FR_RAIL_OP016,FRST406,MTST386,4930.9,3213.05,70.91,19.29,1035,135.64,99.13,37.23,5385.84,1,0,RFC6_MEDITERRANEAN,OPERATOR_REPORTING,1,2024-10-01
2021-05,IT,IT_RAIL_OP017,ITST407,ESST387,2379.44,2405.9,78.86,1.13,179,87.86,70.603,37.2,4463.78,1,0,RFC7_ORIENT_EASTMED,EUROSTAT_RAIL,1,2024-08-23
2021-06,NL,NL_RAIL_OP018,NLST408,CZST388,4285.43,3220.42,86.63,13.95,22,108.44,77.989,66.43,7715.56,0,1,RFC8_NORTH_SEA_BALTIC,ERA_PERFORMANCE_REPORT,1,2024-12-15
2021-07,SI,SI_RAIL_OP019,SIST409,HUST389,3612.01,1204.19,83.64,14.0,529,139.35,37.464,89.54,8260.26,1,0,RFC9_RHINE_DANUBE,INFRA_MANAGER_DATA,1,2024-11-01
2021-08,BG,BG_RAIL_OP020,BGST410,NLST390,3100.87,1686.3,76.92,18.25,392,107.16,70.037,81.33,1369.88,1,0,RFC10_ALPINE_WEST_BALKANS,OPERATOR_REPORTING,1,2024-09-04
2021-09,EE,EE_RAIL_OP021,EEST411,SEST391,6217.77,4168.64,84.03,1.23,81,113.97,115.98,36.23,6366.57,1,0,RFC1_RHINE_ALPINE,EUROSTAT_RAIL,1,2024-03-19
2021-10,HU,HU_RAIL_OP022,HUST412,DKST392,3290.18,3237.9,87.93,3.51,646,112.31,93.908,86.6,7991.24,1,0,RFC2_NSEA_MED,ERA_PERFORMANCE_REPORT,1,2025-07-28
2021-11,LU,LU_RAIL_OP023,LUST413,IEST393,4012.66,3392.95,95.58,7.32,432,113.47,65.831,91.0,8148.67,1,1,RFC3_SCAND_MED,INFRA_MANAGER_DATA,1,2024-05-26
2021-12,RO,RO_RAIL_OP024,ROST414,PLST394,7232.82,1490.23,91.72,7.93,52,129.71,37.475,30.07,2000.45,1,0,RFC4_ATLANTIC,OPERATOR_REPORTING,1,2024-09-01
2022-01,AT,AT_RAIL_OP025,ATST415,ATST395,1665.92,3776.69,88.3,0.49,201,88.84,26.209,44.91,2130.4,0,0,RFC5_BALTIC_ADRIATIC,EUROSTAT_RAIL,1,2024-01-06
2022-02,CZ,CZ_RAIL_OP026,CZST416,EEST396,2358.76,751.52,79.13,9.83,212,141.61,79.722,85.49,9461.37,1,1,RFC6_MEDITERRANEAN,ERA_PERFORMANCE_REPORT,1,2024-10-01
2022-03,DE,DE_RAIL_OP027,DEST417,ITST397,2558.61,1768.35,86.5,6.24,659,90.78,100.132,75.56,4783.66,1,0,RFC7_ORIENT_EASTMED,INFRA_MANAGER_DATA,1,2025-10-25
2022-04,LV,LV_RAIL_OP028,LVST418,PTST398,4049.79,1104.43,87.81,8.74,417,87.77,65.773,68.21,6184.35,1,0,RFC8_NORTH_SEA_BALTIC,OPERATOR_REPORTING,1,2025-02-20
2022-05,PL,PL_RAIL_OP029,PLST419,BEST399,2563.58,1136.1,80.53,11.87,75,138.28,94.8,76.8,925.12,1,0,RFC9_RHINE_DANUBE,EUROSTAT_RAIL,1,2025-02-20
2022-06,ES,ES_RAIL_OP030,ESST420,FIST400,1922.97,1727.52,97.36,5.5,48,88.37,134.167,33.61,1037.1,1,1,RFC10_ALPINE_WEST_BALKANS,ERA_PERFORMANCE_REPORT,1,2024-10-17
2022-07,HR,HR_RAIL_OP031,HRST421,LVST401,5243.8,593.8,83.22,13.49,413,107.73,105.735,55.87,4342.16,0,1,RFC1_RHINE_ALPINE,INFRA_MANAGER_DATA,1,2025-01-29
2022-08,FI,FI_RAIL_OP032,FIST422,ROST402,768.2,1713.13,78.03,7.7,288,134.15,73.35,57.33,476.81,1,0,RFC2_NSEA_MED,OPERATOR_REPORTING,1,2025-06-03
2022-09,IE,IE_RAIL_OP033,IEST423,BGST403,164.06,2945.97,83.61,7.66,32,132.42,80.582,79.55,7183.29,1,0,RFC3_SCAND_MED,EUROSTAT_RAIL,1,2025-09-26
2022-10,MT,MT_RAIL_OP034,MTST424,FRST404,307.63,2762.69,72.59,5.83,881,94.31,125.992,95.16,5701.19,1,1,RFC4_ATLANTIC,ERA_PERFORMANCE_REPORT,1,2024-07-27
2022-11,SK,SK_RAIL_OP035,SKST425,LTST405,424.69,3008.29,76.85,8.07,42,125.34,2.009,71.89,1612.54,0,1,RFC5_BALTIC_ADRIATIC,INFRA_MANAGER_DATA,1,2024-08-27
2022-12,BE,BE_RAIL_OP036,BEST426,SKST406,1566.86,1467.44,90.44,2.7,524,114.02,76.711,61.56,8642.25,0,1,RFC6_MEDITERRANEAN,OPERATOR_REPORTING,1,2024-05-03
2023-01,DK,DK_RAIL_OP037,DKST427,HRST407,2697.09,2957.85,78.77,12.54,249,87.46,116.99,65.12,5113.98,1,1,RFC7_ORIENT_EASTMED,EUROSTAT_RAIL,1,2024-01-19
2023-02,GR,GR_RAIL_OP038,GRST428,DEST408,3974.1,149.88,75.31,12.47,484,115.21,31.65,38.08,228.98,0,0,RFC8_NORTH_SEA_BALTIC,ERA_PERFORMANCE_REPORT,1,2025-05-10
2023-03,LT,LT_RAIL_OP039,LTST429,LUST409,508.6,5263.57,78.51,13.9,376,128.76,15.11,95.99,7497.39,1,0,RFC9_RHINE_DANUBE,INFRA_MANAGER_DATA,1,2025-04-10
2023-04,PT,PT_RAIL_OP040,PTST430,SIST410,1910.03,2275.52,81.19,8.11,300,94.77,124.157,48.15,4049.92,0,1,RFC10_ALPINE_WEST_BALKANS,OPERATOR_REPORTING,1,2025-10-28
2023-05,SE,SE_RAIL_OP041,SEST431,CYST411,4646.76,984.72,69.42,15.56,528,111.08,24.916,75.36,5002.45,0,0,RFC1_RHINE_ALPINE,EUROSTAT_RAIL,1,2024-07-18
2023-06,CY,CY_RAIL_OP042,CYST432,GRST412,1156.61,2103.29,73.26,17.69,348,93.2,86.075,83.01,3625.4,0,0,RFC2_NSEA_MED,ERA_PERFORMANCE_REPORT,1,2024-06-15
2023-07,FR,FR_RAIL_OP043,FRST433,MTST413,4681.57,4981.85,98.16,10.59,249,140.66,60.46,99.31,159.92,1,0,RFC3_SCAND_MED,INFRA_MANAGER_DATA,1,2025-01-25
2023-08,IT,IT_RAIL_OP044,ITST434,ESST414,1792.21,3187.56,91.1,13.02,113,138.75,77.723,30.74,4024.59,0,0,RFC4_ATLANTIC,OPERATOR_REPORTING,1,2025-01-20
2023-09,NL,NL_RAIL_OP045,NLST435,CZST415,2932.7,5013.21,76.6,22.86,104,128.15,82.849,56.15,324.68,0,0,RFC5_BALTIC_ADRIATIC,EUROSTAT_RAIL,1,2026-01-29
2023-10,SI,SI_RAIL_OP046,SIST436,HUST416,5331.63,4092.68,77.22,2.12,60,138.54,102.404,92.17,8313.57,0,1,RFC6_MEDITERRANEAN,ERA_PERFORMANCE_REPORT,1,2025-02-12
2023-11,BG,BG_RAIL_OP047,BGST437,NLST417,939.22,5263.4,79.73,6.21,299,142.22,89.261,51.28,3149.65,0,0,RFC7_ORIENT_EASTMED,INFRA_MANAGER_DATA,1,2024-04-02
2023-12,EE,EE_RAIL_OP048,EEST438,SEST418,247.4,1841.93,78.04,1.2,421,92.61,18.654,54.55,647.29,0,0,RFC8_NORTH_SEA_BALTIC,OPERATOR_REPORTING,1,2024-09-21
2024-01,HU,HU_RAIL_OP049,HUST439,DKST419,4251.54,1074.22,85.56,7.03,37,103.55,26.439,52.59,3892.98,1,0,RFC9_RHINE_DANUBE,EUROSTAT_RAIL,1,2025-11-27
2024-02,LU,LU_RAIL_OP050,LUST440,IEST420,4524.41,1473.37,76.74,14.03,24,90.66,86.22,52.92,2552.09,0,0,RFC10_ALPINE_WEST_BALKANS,ERA_PERFORMANCE_REPORT,1,2024-04-24
2024-03,RO,RO_RAIL_OP051,ROST441,PLST421,4307.87,1631.89,77.5,2.85,296,126.98,53.82,55.45,4660.64,0,0,RFC1_RHINE_ALPINE,INFRA_MANAGER_DATA,1,2024-09-30
2024-04,AT,AT_RAIL_OP052,ATST442,ATST422,5223.39,3715.36,71.97,9.02,157,121.99,22.653,46.62,3288.01,0,0,RFC2_NSEA_MED,OPERATOR_REPORTING,1,2024-10-09
2024-05,CZ,CZ_RAIL_OP053,CZST443,EEST423,3087.11,402.99,77.98,6.1,105,141.55,57.986,63.39,3695.95,1,0,RFC3_SCAND_MED,EUROSTAT_RAIL,1,2025-12-16
2024-06,DE,DE_RAIL_OP054,DEST444,ITST424,334.15,3023.53,89.06,7.84,352,87.03,106.624,81.94,8806.11,1,0,RFC4_ATLANTIC,ERA_PERFORMANCE_REPORT,1,2024-09-30
2024-07,LV,LV_RAIL_OP055,LVST445,PTST425,1538.5,196.77,87.92,1.35,504,109.74,118.409,98.95,9630.52,1,0,RFC5_BALTIC_ADRIATIC,INFRA_MANAGER_DATA,0,2025-08-22
2024-08,PL,PL_RAIL_OP056,PLST446,BEST426,2311.81,1905.68,81.71,10.02,220,92.38,51.372,38.4,6795.72,0,0,RFC6_MEDITERRANEAN,OPERATOR_REPORTING,1,2025-11-17
2024-09,ES,ES_RAIL_OP057,ESST447,FIST427,5033.19,4201.44,92.28,14.24,416,88.5,7.126,80.71,5403.49,1,0,RFC7_ORIENT_EASTMED,EUROSTAT_RAIL,1,2025-02-26
2024-10,HR,HR_RAIL_OP058,HRST448,LVST428,5656.32,2450.19,92.31,6.62,235,143.46,71.157,73.25,3261.3,0,0,RFC8_NORTH_SEA_BALTIC,ERA_PERFORMANCE_REPORT,0,2025-04-17
2024-11,FI,FI_RAIL_OP059,FIST449,ROST429,4854.23,1572.55,82.52,9.59,661,120.35,89.061,37.68,11.97,0,0,RFC9_RHINE_DANUBE,INFRA_MANAGER_DATA,1,2025-05-08
2024-12,IE,IE_RAIL_OP060,IEST450,BGST430,2813.85,2105.83,85.71,12.87,353,90.31,90.094,35.85,2550.71,1,1,RFC10_ALPINE_WEST_BALKANS,OPERATOR_REPORTING,1,2024-09-02
2025-01,MT,MT_RAIL_OP001,MTST001,FRST431,2856.47,3074.15,73.84,21.67,191,113.69,69.827,51.2,5605.3,1,0,RFC1_RHINE_ALPINE,EUROSTAT_RAIL,1,2025-01-22
2025-02,SK,SK_RAIL_OP002,SKST002,LTST432,5338.52,2882.19,95.03,4.41,619,116.79,56.081,86.38,9309.03,1,1,RFC2_NSEA_MED,ERA_PERFORMANCE_REPORT,1,2025-09-25
2025-03,BE,BE_RAIL_OP003,BEST003,SKST433,466.69,2051.94,72.86,22.94,141,92.44,25.611,41.32,4092.22,0,0,RFC3_SCAND_MED,INFRA_MANAGER_DATA,1,2025-03-28
2025-04,DK,DK_RAIL_OP004,DKST004,HRST434,1546.29,2260.93,72.2,15.46,277,138.8,27.017,31.49,726.33,1,0,RFC4_ATLANTIC,OPERATOR_REPORTING,1,2024-02-16
2025-05,GR,GR_RAIL_OP005,GRST005,DEST435,694.38,3368.56,93.27,2.68,376,107.94,150.876,94.38,9705.61,1,0,RFC5_BALTIC_ADRIATIC,EUROSTAT_RAIL,1,2024-03-16
2025-06,LT,LT_RAIL_OP006,LTST006,LUST436,4780.95,2802.63,86.1,12.04,470,115.09,100.962,45.86,5811.49,0,1,RFC6_MEDITERRANEAN,ERA_PERFORMANCE_REPORT,1,2025-10-22
2025-07,PT,PT_RAIL_OP007,PTST007,SIST437,5119.98,374.13,93.73,11.83,592,104.15,24.627,55.6,1887.38,0,0,RFC7_ORIENT_EASTMED,INFRA_MANAGER_DATA,1,2024-10-24
2025-08,SE,SE_RAIL_OP008,SEST008,CYST438,1269.53,1037.49,85.49,9.2,324,91.29,64.054,91.63,3775.46,1,0,RFC8_NORTH_SEA_BALTIC,OPERATOR_REPORTING,1,2024-04-09
2025-09,CY,CY_RAIL_OP009,CYST009,GRST439,4286.95,1350.04,68.4,6.98,651,99.95,89.747,32.48,5822.56,1,0,RFC9_RHINE_DANUBE,EUROSTAT_RAIL,1,2024-12-07
2025-10,FR,FR_RAIL_OP010,FRST010,MTST440,1821.22,2666.09,84.76,8.06,270,142.27,106.976,68.34,4690.0,0,0,RFC10_ALPINE_WEST_BALKANS,ERA_PERFORMANCE_REPORT,1,2026-02-11
2025-11,IT,IT_RAIL_OP011,ITST011,ESST441,5615.21,3705.69,84.01,12.03,86,123.96,19.567,64.0,131.76,0,0,RFC1_RHINE_ALPINE,INFRA_MANAGER_DATA,1,2025-01-30
2025-12,NL,NL_RAIL_OP012,NLST012,CZST442,4742.75,1293.92,98.2,12.36,62,137.26,72.89,37.73,404.0,1,0,RFC2_NSEA_MED,OPERATOR_REPORTING,1,2025-03-12
2026-01,SI,SI_RAIL_OP013,SIST013,HUST443,542.03,134.69,94.36,14.32,312,134.65,5.751,53.96,6159.9,1,0,RFC3_SCAND_MED,EUROSTAT_RAIL,1,2024-06-03
2026-02,BG,BG_RAIL_OP014,BGST014,NLST444,6711.32,4590.23,76.45,8.37,616,120.22,117.656,71.22,6352.91,1,0,RFC4_ATLANTIC,ERA_PERFORMANCE_REPORT,1,2025-07-22
2026-03,EE,EE_RAIL_OP015,EEST015,SEST445,4598.53,890.18,85.89,13.47,206,142.28,68.536,44.67,5614.19,0,0,RFC5_BALTIC_ADRIATIC,INFRA_MANAGER_DATA,1,2024-09-19
2026-04,HU,HU_RAIL_OP016,HUST016,DKST446,545.3,2915.19,69.65,5.94,962,140.73,32.096,82.77,7680.86,1,0,RFC6_MEDITERRANEAN,OPERATOR_REPORTING,1,2025-10-20
2026-05,LU,LU_RAIL_OP017,LUST017,IEST447,5545.17,1907.22,83.79,2.78,138,143.62,87.497,89.81,3647.64,0,0,RFC7_ORIENT_EASTMED,EUROSTAT_RAIL,1,2024-06-28
2026-06,RO,RO_RAIL_OP018,ROST018,PLST448,4455.48,4364.02,83.54,3.63,318,139.11,16.828,56.4,3525.71,1,0,RFC8_NORTH_SEA_BALTIC,ERA_PERFORMANCE_REPORT,1,2024-11-11
2026-07,AT,AT_RAIL_OP019,ATST019,ATST449,5340.48,1819.7,91.78,8.33,624,132.36,100.746,52.59,1697.43,0,0,RFC9_RHINE_DANUBE,INFRA_MANAGER_DATA,1,2024-03-17
2026-08,CZ,CZ_RAIL_OP020,CZST020,EEST450,5399.52,204.17,80.75,1.13,52,95.93,59.175,50.37,3703.93,1,0,RFC10_ALPINE_WEST_BALKANS,OPERATOR_REPORTING,1,2024-06-14
2026-09,DE,DE_RAIL_OP021,DEST021,ITST451,6410.85,4074.14,79.4,10.04,80,87.41,104.574,81.76,7213.38,0,0,RFC1_RHINE_ALPINE,EUROSTAT_RAIL,1,2025-05-26
2026-10,LV,LV_RAIL_OP022,LVST022,PTST452,883.94,4561.9,86.5,11.44,103,130.88,29.192,50.83,6292.29,1,0,RFC2_NSEA_MED,ERA_PERFORMANCE_REPORT,1,2025-03-07
2026-11,PL,PL_RAIL_OP023,PLST023,BEST453,5368.06,2522.55,83.86,6.85,186,104.17,126.391,49.2,1196.32,0,0,RFC3_SCAND_MED,INFRA_MANAGER_DATA,1,2025-02-26
2026-12,ES,ES_RAIL_OP024,ESST024,FIST454,2891.12,1393.49,82.73,2.43,493,120.43,51.709,44.24,2874.76,1,1,RFC4_ATLANTIC,OPERATOR_REPORTING,1,2025-02-09
2016-01,HR,HR_RAIL_OP025,HRST025,LVST455,492.17,1437.01,98.06,3.88,193,94.59,83.395,71.93,7183.31,1,0,RFC5_BALTIC_ADRIATIC,EUROSTAT_RAIL,1,2024-02-03
2016-02,FI,FI_RAIL_OP026,FIST026,ROST456,3349.24,580.8,75.08,15.46,370,109.5,18.028,68.31,4248.95,0,0,RFC6_MEDITERRANEAN,ERA_PERFORMANCE_REPORT,1,2024-06-24
2016-03,IE,IE_RAIL_OP027,IEST027,BGST457,539.81,3427.24,84.89,3.65,655,139.3,68.36,39.4,4217.21,1,1,RFC7_ORIENT_EASTMED,INFRA_MANAGER_DATA,1,2026-01-16
2016-04,MT,MT_RAIL_OP028,MTST028,FRST458,2327.32,4230.0,90.85,3.53,138,107.95,59.894,54.1,1635.0,1,0,RFC8_NORTH_SEA_BALTIC,OPERATOR_REPORTING,1,2025-09-03
2016-05,SK,SK_RAIL_OP029,SKST029,LTST459,2860.26,1252.87,89.53,4.49,23,128.81,55.908,93.14,9749.14,0,0,RFC9_RHINE_DANUBE,EUROSTAT_RAIL,1,2025-03-04
2016-06,BE,BE_RAIL_OP030,BEST030,SKST460,4419.81,2279.59,76.35,2.66,579,105.6,81.742,54.08,6738.6,0,0,RFC10_ALPINE_WEST_BALKANS,ERA_PERFORMANCE_REPORT,1,2025-11-22
2016-07,DK,DK_RAIL_OP031,DKST031,HRST461,4389.47,2235.8,74.23,22.67,124,114.35,108.136,64.3,5931.19,1,1,RFC1_RHINE_ALPINE,INFRA_MANAGER_DATA,1,2025-10-07
2016-08,GR,GR_RAIL_OP032,GRST032,DEST462,1653.06,485.82,96.26,10.7,375,130.87,18.92,68.49,1449.31,1,0,RFC2_NSEA_MED,OPERATOR_REPORTING,1,2024-07-31
2016-09,LT,LT_RAIL_OP033,LTST033,LUST463,6472.93,2717.58,91.37,12.29,492,128.94,15.615,49.18,820.05,1,0,RFC3_SCAND_MED,EUROSTAT_RAIL,1,2025-12-03
2016-10,PT,PT_RAIL_OP034,PTST034,SIST464,177.25,396.12,69.51,10.67,1068,116.21,67.134,90.26,3973.63,1,0,RFC4_ATLANTIC,ERA_PERFORMANCE_REPORT,1,2025-09-17
2016-11,SE,SE_RAIL_OP035,SEST035,CYST465,2462.89,2375.24,77.6,21.57,503,111.22,49.38,64.08,9820.22,1,0,RFC5_BALTIC_ADRIATIC,INFRA_MANAGER_DATA,1,2024-08-11
2016-12,CY,CY_RAIL_OP036,CYST036,GRST466,304.6,2394.08,74.99,5.06,340,88.64,15.84,73.93,479.7,1,0,RFC6_MEDITERRANEAN,OPERATOR_REPORTING,1,2025-01-04
2017-01,FR,FR_RAIL_OP037,FRST037,MTST467,2457.36,1240.92,92.78,7.9,95,122.94,111.277,30.19,1969.86,0,0,RFC7_ORIENT_EASTMED,EUROSTAT_RAIL,1,2024-08-17
2017-02,IT,IT_RAIL_OP038,ITST038,ESST468,1383.49,6238.57,73.32,15.92,846,92.43,68.288,52.27,1850.96,0,0,RFC8_NORTH_SEA_BALTIC,ERA_PERFORMANCE_REPORT,1,2024-09-15
2017-03,NL,NL_RAIL_OP039,NLST039,CZST469,433.28,2628.43,68.79,7.24,646,85.82,54.788,58.32,5184.77,0,0,RFC9_RHINE_DANUBE,INFRA_MANAGER_DATA,1,2025-04-10
2017-04,SI,SI_RAIL_OP040,SIST040,HUST470,6950.54,4078.79,74.71,14.7,929,143.16,65.755,61.84,7384.63,0,0,RFC10_ALPINE_WEST_BALKANS,OPERATOR_REPORTING,1,2024-08-10
2017-05,BG,BG_RAIL_OP041,BGST041,NLST001,2702.05,25.99,92.85,6.69,601,136.16,138.199,94.78,8330.65,0,0,RFC1_RHINE_ALPINE,EUROSTAT_RAIL,1,2024-06-20
2017-06,EE,EE_RAIL_OP042,EEST042,SEST002,4100.33,4456.77,94.14,8.98,292,88.72,114.632,60.92,1868.79,1,0,RFC2_NSEA_MED,ERA_PERFORMANCE_REPORT,1,2025-06-11
2017-07,HU,HU_RAIL_OP043,HUST043,DKST003,5101.56,847.17,82.75,7.52,258,99.4,63.973,63.06,2774.32,1,1,RFC3_SCAND_MED,INFRA_MANAGER_DATA,1,2024-10-05
2017-08,LU,LU_RAIL_OP044,LUST044,IEST004,3355.99,2813.0,92.29,13.81,369,128.99,17.77,56.33,3762.16,1,0,RFC4_ATLANTIC,OPERATOR_REPORTING,1,2024-12-11
2017-09,RO,RO_RAIL_OP045,ROST045,PLST005,2767.64,1177.8,87.86,9.93,93,97.05,28.29,67.53,9883.4,1,0,RFC5_BALTIC_ADRIATIC,EUROSTAT_RAIL,1,2024-10-11
2017-10,AT,AT_RAIL_OP046,ATST046,ATST006,558.86,1905.53,77.56,7.33,640,93.35,37.649,33.16,5052.25,0,0,RFC6_MEDITERRANEAN,ERA_PERFORMANCE_REPORT,1,2024-01-21
2017-11,CZ,CZ_RAIL_OP047,CZST047,EEST007,1063.88,4604.24,95.99,13.32,10,98.4,55.623,77.13,4855.04,1,0,RFC7_ORIENT_EASTMED,INFRA_MANAGER_DATA,1,2024-02-09
2017-12,DE,DE_RAIL_OP048,DEST048,ITST008,969.68,1725.53,75.4,7.39,661,119.91,65.304,81.86,2950.24,1,1,RFC8_NORTH_SEA_BALTIC,OPERATOR_REPORTING,1,2025-11-04
2018-01,LV,LV_RAIL_OP049,LVST049,PTST009,4612.97,1682.92,88.51,8.23,194,129.66,136.621,56.9,6772.24,0,1,RFC9_RHINE_DANUBE,EUROSTAT_RAIL,1,2024-05-12
2018-02,PL,PL_RAIL_OP050,PLST050,BEST010,5463.37,758.85,96.13,3.65,476,129.34,18.834,53.2,762.03,1,1,RFC10_ALPINE_WEST_BALKANS,ERA_PERFORMANCE_REPORT,1,2024-10-14
2018-03,ES,ES_RAIL_OP051,ESST051,FIST011,551.8,3400.05,70.63,7.27,663,125.49,74.614,88.74,5690.11,0,1,RFC1_RHINE_ALPINE,INFRA_MANAGER_DATA,1,2025-07-29
2018-04,HR,HR_RAIL_OP052,HRST052,LVST012,1823.08,575.55,71.08,4.47,1124,108.71,101.29,75.63,2080.67,1,1,RFC2_NSEA_MED,OPERATOR_REPORTING,1,2024-09-21
2018-05,FI,FI_RAIL_OP053,FIST053,ROST013,4969.39,950.55,86.65,2.01,286,85.58,76.603,80.78,8770.02,1,1,RFC3_SCAND_MED,EUROSTAT_RAIL,1,2024-01-15
2018-06,IE,IE_RAIL_OP054,IEST054,BGST014,1453.14,680.74,74.42,12.58,896,140.8,6.317,78.96,3630.43,1,0,RFC4_ATLANTIC,ERA_PERFORMANCE_REPORT,1,2024-03-17
2018-07,MT,MT_RAIL_OP055,MTST055,FRST015,2845.49,1704.84,79.63,10.47,256,142.91,39.201,42.39,4377.81,1,0,RFC5_BALTIC_ADRIATIC,INFRA_MANAGER_DATA,1,2025-03-12
2018-08,SK,SK_RAIL_OP056,SKST056,LTST016,586.65,4095.07,96.91,3.0,297,102.33,72.8,48.78,6507.2,0,1,RFC6_MEDITERRANEAN,OPERATOR_REPORTING,1,2024-02-02
2018-09,BE,BE_RAIL_OP057,BEST057,SKST017,1764.92,1108.69,81.5,13.48,33,126.07,92.171,65.57,3534.67,0,1,RFC7_ORIENT_EASTMED,EUROSTAT_RAIL,1,2025-05-22
2018-10,DK,DK_RAIL_OP058,DKST058,HRST018,2059.82,3851.41,77.67,23.3,561,139.93,25.993,65.56,1187.81,1,1,RFC8_NORTH_SEA_BALTIC,ERA_PERFORMANCE_REPORT,1,2025-01-30
2018-11,GR,GR_RAIL_OP059,GRST059,DEST019,5959.76,2571.02,73.81,10.38,803,98.81,134.15,65.27,2147.24,1,0,RFC9_RHINE_DANUBE,INFRA_MANAGER_DATA,1,2024-03-30
2018-12,LT,LT_RAIL_OP060,LTST060,LUST020,3753.22,1409.58,75.55,15.66,142,136.84,56.981,53.4,4921.57,1,0,RFC10_ALPINE_WEST_BALKANS,OPERATOR_REPORTING,1,2025-12-21
2019-01,PT,PT_RAIL_OP001,PTST061,SIST021,3258.7,3349.08,73.04,22.08,724,139.97,28.267,55.16,5053.65,1,0,RFC1_RHINE_ALPINE,EUROSTAT_RAIL,1,2024-07-03
2019-02,SE,SE_RAIL_OP002,SEST062,CYST022,4713.47,4654.6,98.09,3.35,13,121.0,94.442,96.39,7575.93,1,0,RFC2_NSEA_MED,ERA_PERFORMANCE_REPORT,1,2024-02-19
2019-03,CY,CY_RAIL_OP003,CYST063,GRST023,1807.93,12.33,96.2,10.14,224,141.67,93.949,83.99,8553.36,1,0,RFC3_SCAND_MED,INFRA_MANAGER_DATA,1,2024-03-08
2019-04,FR,FR_RAIL_OP004,FRST064,MTST024,4352.08,3888.69,93.24,10.04,43,112.21,83.842,47.43,5530.41,1,0,RFC4_ATLANTIC,OPERATOR_REPORTING,1,2025-05-25
2019-05,IT,IT_RAIL_OP005,ITST065,ESST025,3555.86,51.94,85.65,5.19,507,89.89,142.971,83.07,6728.48,0,0,RFC5_BALTIC_ADRIATIC,EUROSTAT_RAIL,1,2025-01-19
2019-06,NL,NL_RAIL_OP006,NLST066,CZST026,5136.88,3640.03,76.51,17.7,109,143.85,110.944,62.49,324.48,1,0,RFC6_MEDITERRANEAN,ERA_PERFORMANCE_REPORT,1,2025-09-04
2019-07,SI,SI_RAIL_OP007,SIST067,HUST027,1032.28,25.55,87.43,4.37,89,142.6,64.024,38.33,2032.61,1,1,RFC7_ORIENT_EASTMED,INFRA_MANAGER_DATA,1,2024-05-05
2019-08,BG,BG_RAIL_OP008,BGST068,NLST028,1077.02,3609.55,94.35,11.93,365,117.61,102.694,43.9,5199.8,1,0,RFC8_NORTH_SEA_BALTIC,OPERATOR_REPORTING,0,2024-08-19
2019-09,EE,EE_RAIL_OP009,EEST069,SEST029,224.77,280.69,75.99,19.05,530,119.87,45.527,77.51,8354.07,1,1,RFC9_RHINE_DANUBE,EUROSTAT_RAIL,1,2025-12-19
2019-10,HU,HU_RAIL_OP010,HUST070,DKST030,3678.23,3160.67,95.95,8.18,118,142.66,87.565,82.55,4395.24,1,0,RFC10_ALPINE_WEST_BALKANS,ERA_PERFORMANCE_REPORT,1,2025-03-19
2019-11,LU,LU_RAIL_OP011,LUST071,IEST031,2979.87,5115.39,69.21,7.53,918,129.98,61.106,97.59,2592.43,0,0,RFC1_RHINE_ALPINE,INFRA_MANAGER_DATA,1,2025-09-07
2019-12,RO,RO_RAIL_OP012,ROST072,PLST032,708.54,4230.41,80.38,9.38,118,136.56,110.279,78.3,8850.51,1,0,RFC2_NSEA_MED,OPERATOR_REPORTING,1,2024-01-20
2020-01,AT,AT_RAIL_OP013,ATST073,ATST033,3601.32,2219.44,70.37,10.48,874,107.4,66.854,40.96,3029.65,0,0,RFC3_SCAND_MED,EUROSTAT_RAIL,1,2024-06-03
2020-02,CZ,CZ_RAIL_OP014,CZST074,EEST034,2879.66,3581.09,87.22,2.44,438,87.73,63.52,44.93,266.26,1,0,RFC4_ATLANTIC,ERA_PERFORMANCE_REPORT,1,2024-09-10
2020-03,DE,DE_RAIL_OP015,DEST075,ITST035,1853.2,14.01,85.25,9.97,257,115.23,103.12,65.85,7774.63,0,0,RFC5_BALTIC_ADRIATIC,INFRA_MANAGER_DATA,1,2025-06-07
2020-04,LV,LV_RAIL_OP016,LVST076,PTST036,2083.87,2358.79,93.92,7.55,457,116.6,41.258,39.27,3242.79,1,0,RFC6_MEDITERRANEAN,OPERATOR_REPORTING,1,2025-08-26
2020-05,PL,PL_RAIL_OP017,PLST077,BEST037,2891.29,1522.08,81.79,2.71,309,85.7,34.652,33.15,2481.54,1,0,RFC7_ORIENT_EASTMED,EUROSTAT_RAIL,1,2025-11-11
2020-06,ES,ES_RAIL_OP018,ESST078,FIST038,3074.76,3187.21,81.18,9.65,298,133.6,106.341,89.14,410.65,1,0,RFC8_NORTH_SEA_BALTIC,ERA_PERFORMANCE_REPORT,1,2026-02-23
2020-07,HR,HR_RAIL_OP019,HRST079,LVST039,1205.77,1229.2,97.34,9.88,600,100.05,10.943,78.9,2145.32,1,0,RFC9_RHINE_DANUBE,INFRA_MANAGER_DATA,1,2024-07-15
2020-08,FI,FI_RAIL_OP020,FIST080,ROST040,3398.14,2278.47,90.95,11.1,128,138.66,130.773,79.78,392.69,0,1,RFC10_ALPINE_WEST_BALKANS,OPERATOR_REPORTING,1,2025-10-06
2020-09,IE,IE_RAIL_OP021,IEST081,BGST041,913.39,2792.67,83.87,12.17,656,103.56,1.012,57.75,4061.22,1,0,RFC1_RHINE_ALPINE,EUROSTAT_RAIL,1,2024-01-28
2020-10,MT,MT_RAIL_OP022,MTST082,FRST042,564.07,3986.84,84.84,8.28,574,85.51,106.103,72.65,3623.89,1,0,RFC2_NSEA_MED,ERA_PERFORMANCE_REPORT,1,2025-05-08
2020-11,SK,SK_RAIL_OP023,SKST083,LTST043,6383.45,4663.91,71.74,15.38,100,127.58,95.471,56.85,37.88,1,0,RFC3_SCAND_MED,INFRA_MANAGER_DATA,1,2024-01-22
2020-12,BE,BE_RAIL_OP024,BEST084,SKST044,2893.34,3641.53,68.26,13.57,602,140.49,47.036,97.37,8272.59,0,0,RFC4_ATLANTIC,OPERATOR_REPORTING,1,2025-07-19
2021-01,DK,DK_RAIL_OP025,DKST085,HRST045,333.48,4163.95,71.53,15.33,132,114.11,112.833,81.1,6605.82,1,0,RFC5_BALTIC_ADRIATIC,EUROSTAT_RAIL,1,2025-03-05
2021-02,GR,GR_RAIL_OP026,GRST086,DEST046,4635.53,309.85,84.16,12.77,615,104.32,4.479,44.17,4811.09,1,0,RFC6_MEDITERRANEAN,ERA_PERFORMANCE_REPORT,1,2024-07-05
2021-03,LT,LT_RAIL_OP027,LTST087,LUST047,1460.64,5428.25,95.26,3.9,544,112.01,14.533,92.29,3272.29,1,0,RFC7_ORIENT_EASTMED,INFRA_MANAGER_DATA,1,2024-10-13
2021-04,PT,PT_RAIL_OP028,PTST088,SIST048,1600.77,768.35,86.32,5.04,337,123.18,46.644,82.96,3537.31,0,0,RFC8_NORTH_SEA_BALTIC,OPERATOR_REPORTING,1,2025-09-18
2021-05,SE,SE_RAIL_OP029,SEST089,CYST049,4360.95,1836.85,97.2,1.25,338,126.27,33.381,49.92,6326.1,1,0,RFC9_RHINE_DANUBE,EUROSTAT_RAIL,1,2025-02-25
2021-06,CY,CY_RAIL_OP030,CYST090,GRST050,3686.34,2638.0,89.29,2.79,269,115.26,72.451,39.65,6734.48,1,0,RFC10_ALPINE_WEST_BALKANS,ERA_PERFORMANCE_REPORT,1,2024-03-13
2021-07,FR,FR_RAIL_OP031,FRST091,MTST051,2038.08,5113.04,71.19,7.49,424,111.79,15.054,68.45,2614.37,0,1,RFC1_RHINE_ALPINE,INFRA_MANAGER_DATA,1,2024-03-21
2021-08,IT,IT_RAIL_OP032,ITST092,ESST052,1893.51,2046.75,74.02,1.61,1113,130.41,68.787,83.34,9.05,1,1,RFC2_NSEA_MED,OPERATOR_REPORTING,1,2024-01-29
2021-09,NL,NL_RAIL_OP033,NLST093,CZST053,4428.09,4710.45,69.5,14.42,726,144.02,75.989,47.24,2980.77,0,0,RFC3_SCAND_MED,EUROSTAT_RAIL,1,2024-01-09
2021-10,SI,SI_RAIL_OP034,SIST094,HUST054,4527.93,3787.21,91.99,12.99,568,90.48,97.315,50.89,4924.84,0,0,RFC4_ATLANTIC,ERA_PERFORMANCE_REPORT,1,2024-05-19
2021-11,BG,BG_RAIL_OP035,BGST095,NLST055,1127.87,2645.43,69.2,14.55,374,136.36,7.925,53.27,6425.62,0,0,RFC5_BALTIC_ADRIATIC,INFRA_MANAGER_DATA,1,2025-06-29
2021-12,EE,EE_RAIL_OP036,EEST096,SEST056,400.75,864.23,94.45,14.07,1,132.42,20.791,54.16,4822.74,0,1,RFC6_MEDITERRANEAN,OPERATOR_REPORTING,1,2024-10-29
2022-01,HU,HU_RAIL_OP037,HUST097,DKST057,1914.72,3629.69,89.03,7.12,44,95.08,43.104,76.99,9503.05,1,1,RFC7_ORIENT_EASTMED,EUROSTAT_RAIL,1,2024-08-11
2022-02,LU,LU_RAIL_OP038,LUST098,IEST058,1016.52,2118.15,83.16,8.93,15,97.81,70.251,95.55,1174.64,1,0,RFC8_NORTH_SEA_BALTIC,ERA_PERFORMANCE_REPORT,1,2025-02-22
2022-03,RO,RO_RAIL_OP039,ROST099,PLST059,2206.39,1178.34,79.82,7.18,641,130.27,138.007,68.06,4436.59,0,0,RFC9_RHINE_DANUBE,INFRA_MANAGER_DATA,1,2024-02-19
2022-04,AT,AT_RAIL_OP040,ATST100,ATST060,935.55,2379.69,81.56,13.31,640,130.08,141.377,99.62,2319.26,0,0,RFC10_ALPINE_WEST_BALKANS,OPERATOR_REPORTING,1,2025-07-03
2022-05,CZ,CZ_RAIL_OP041,CZST101,EEST061,1199.23,3764.16,73.92,19.22,263,126.25,77.434,31.97,3548.81,1,0,RFC1_RHINE_ALPINE,EUROSTAT_RAIL,1,2026-01-02
2022-06,DE,DE_RAIL_OP042,DEST102,ITST062,712.13,2823.79,97.79,0.77,222,109.66,39.496,93.02,4018.28,0,1,RFC2_NSEA_MED,ERA_PERFORMANCE_REPORT,1,2024-11-26
2022-07,LV,LV_RAIL_OP043,LVST103,PTST063,3406.31,1110.14,79.04,14.12,657,135.22,20.817,78.62,1229.09,1,0,RFC3_SCAND_MED,INFRA_MANAGER_DATA,1,2026-01-01
2022-08,PL,PL_RAIL_OP044,PLST104,BEST064,193.64,2025.35,81.01,12.54,223,118.78,92.37,99.71,8145.07,1,0,RFC4_ATLANTIC,OPERATOR_REPORTING,1,2024-05-02
2022-09,ES,ES_RAIL_OP045,ESST105,FIST065,5181.86,3594.89,68.72,14.89,1046,133.26,34.074,41.45,4712.2,1,1,RFC5_BALTIC_ADRIATIC,EUROSTAT_RAIL,1,2025-09-22
2022-10,HR,HR_RAIL_OP046,HRST106,LVST066,3625.01,2169.61,76.69,1.78,436,132.54,49.21,85.9,2304.42,1,0,RFC6_MEDITERRANEAN,ERA_PERFORMANCE_REPORT,1,2024-09-05
2022-11,FI,FI_RAIL_OP047,FIST107,ROST067,3576.74,1274.37,78.37,9.64,373,130.75,52.185,57.26,6784.73,0,0,RFC7_ORIENT_EASTMED,INFRA_MANAGER_DATA,1,2024-12-31
2022-12,IE,IE_RAIL_OP048,IEST108,BGST068,250.51,1239.33,96.53,5.33,435,127.4,54.733,56.04,3103.37,1,0,RFC8_NORTH_SEA_BALTIC,OPERATOR_REPORTING,1,2024-12-19
2023-01,MT,MT_RAIL_OP049,MTST109,FRST069,3652.96,429.87,80.07,11.29,135,130.92,50.68,60.66,6543.16,1,0,RFC9_RHINE_DANUBE,EUROSTAT_RAIL,1,2025-05-15
2023-02,SK,SK_RAIL_OP050,SKST110,LTST070,3924.92,2547.01,75.61,2.35,115,95.18,94.86,63.33,9682.16,1,0,RFC10_ALPINE_WEST_BALKANS,ERA_PERFORMANCE_REPORT,1,2024-08-25
2023-03,BE,BE_RAIL_OP051,BEST111,SKST071,223.44,1505.69,80.78,10.21,617,111.9,90.203,74.99,4369.32,1,1,RFC1_RHINE_ALPINE,INFRA_MANAGER_DATA,1,2024-09-15
2023-04,DK,DK_RAIL_OP052,DKST112,HRST072,4512.86,2587.56,77.17,15.26,243,137.66,29.891,99.91,888.48,1,0,RFC2_NSEA_MED,OPERATOR_REPORTING,1,2026-02-05
2023-05,GR,GR_RAIL_OP053,GRST113,DEST073,6378.52,752.26,68.87,19.74,956,95.69,75.72,57.92,3630.89,0,0,RFC3_SCAND_MED,EUROSTAT_RAIL,1,2025-12-05
2023-06,LT,LT_RAIL_OP054,LTST114,LUST074,819.24,1919.62,93.42,7.23,4,92.58,100.057,66.6,5928.14,1,0,RFC4_ATLANTIC,ERA_PERFORMANCE_REPORT,1,2024-03-14
2023-07,PT,PT_RAIL_OP055,PTST115,SIST075,2413.57,3399.71,94.22,10.69,407,85.92,56.637,63.97,7502.83,1,0,RFC5_BALTIC_ADRIATIC,INFRA_MANAGER_DATA,1,2024-02-18
2023-08,SE,SE_RAIL_OP056,SEST116,CYST076,1376.56,2314.46,86.11,13.23,557,93.84,79.652,86.91,6916.59,1,0,RFC6_MEDITERRANEAN,OPERATOR_REPORTING,1,2025-05-05
2023-09,CY,CY_RAIL_OP057,CYST117,GRST077,1582.7,2983.99,82.52,8.5,536,103.62,44.182,78.65,6689.77,0,0,RFC7_ORIENT_EASTMED,EUROSTAT_RAIL,1,2024-01-15
2023-10,FR,FR_RAIL_OP058,FRST118,MTST078,4373.95,4589.75,72.18,0.68,797,108.83,60.644,67.7,2031.63,1,0,RFC8_NORTH_SEA_BALTIC,ERA_PERFORMANCE_REPORT,1,2024-06-24
2023-11,IT,IT_RAIL_OP059,ITST119,ESST079,2310.26,1406.91,72.33,2.5,348,113.88,26.625,33.15,2618.66,0,0,RFC9_RHINE_DANUBE,INFRA_MANAGER_DATA,1,2025-04-22
2023-12,NL,NL_RAIL_OP060,NLST120,CZST080,3293.38,156.28,75.27,15.72,307,108.52,123.848,98.83,546.1,0,0,RFC10_ALPINE_WEST_BALKANS,OPERATOR_REPORTING,1,2025-05-14
2024-01,SI,SI_RAIL_OP001,SIST121,HUST081,3809.54,4068.85,87.9,9.25,562,86.69,49.77,32.4,3066.61,1,0,RFC1_RHINE_ALPINE,EUROSTAT_RAIL,1,2025-02-03
2024-02,BG,BG_RAIL_OP002,BGST122,NLST082,2585.51,469.55,91.86,9.11,300,90.72,92.739,79.64,218.05,0,1,RFC2_NSEA_MED,ERA_PERFORMANCE_REPORT,1,2024-01-14
2024-03,EE,EE_RAIL_OP003,EEST123,SEST083,2048.73,5.77,81.67,5.89,307,103.59,15.194,66.21,3252.22,1,0,RFC3_SCAND_MED,INFRA_MANAGER_DATA,1,2024-10-09
2024-04,HU,HU_RAIL_OP004,HUST124,DKST084,2055.88,1384.7,98.01,13.67,161,102.67,110.986,60.82,9758.89,1,1,RFC4_ATLANTIC,OPERATOR_REPORTING,1,2025-05-07
2024-05,LU,LU_RAIL_OP005,LUST125,IEST085,934.42,2200.26,82.29,1.02,577,144.9,111.338,91.42,4028.55,1,0,RFC5_BALTIC_ADRIATIC,EUROSTAT_RAIL,1,2025-10-11
2024-06,RO,RO_RAIL_OP006,ROST126,PLST086,3303.39,2718.85,83.93,5.18,487,88.6,70.533,81.07,5972.45,0,0,RFC6_MEDITERRANEAN,ERA_PERFORMANCE_REPORT,1,2025-09-02
2024-07,AT,AT_RAIL_OP007,ATST127,ATST087,563.48,3082.25,85.41,8.39,9,87.37,42.115,86.79,8414.39,0,1,RFC7_ORIENT_EASTMED,INFRA_MANAGER_DATA,1,2024-08-30
2024-08,CZ,CZ_RAIL_OP008,CZST128,EEST088,3943.91,1918.29,80.78,1.46,550,90.64,15.653,74.19,5461.75,1,0,RFC8_NORTH_SEA_BALTIC,OPERATOR_REPORTING,1,2024-11-17
2024-09,DE,DE_RAIL_OP009,DEST129,ITST089,1547.53,291.61,92.56,10.58,401,115.04,35.329,84.51,6004.66,1,0,RFC9_RHINE_DANUBE,EUROSTAT_RAIL,0,2025-11-20
2024-10,LV,LV_RAIL_OP010,LVST130,PTST090,912.71,5219.24,96.07,1.41,63,100.43,37.612,89.79,1380.88,1,0,RFC10_ALPINE_WEST_BALKANS,ERA_PERFORMANCE_REPORT,1,2024-08-07
2024-11,PL,PL_RAIL_OP011,PLST131,BEST091,1171.46,1242.26,85.79,2.15,651,139.89,123.193,33.98,1530.82,0,0,RFC1_RHINE_ALPINE,INFRA_MANAGER_DATA,1,2026-02-06
2024-12,ES,ES_RAIL_OP012,ESST132,FIST092,4197.5,3464.23,73.91,17.66,535,140.81,97.694,94.74,5338.84,1,0,RFC2_NSEA_MED,OPERATOR_REPORTING,1,2026-02-13
2025-01,HR,HR_RAIL_OP013,HRST133,LVST093,958.59,3342.36,80.89,12.58,392,105.2,79.16,48.92,2160.21,1,0,RFC3_SCAND_MED,EUROSTAT_RAIL,1,2025-09-09
2025-02,FI,FI_RAIL_OP014,FIST134,ROST094,1121.64,1686.68,87.55,9.91,289,109.78,74.623,66.85,3737.23,0,0,RFC4_ATLANTIC,ERA_PERFORMANCE_REPORT,1,2024-02-29
2025-03,IE,IE_RAIL_OP015,IEST135,BGST095,5361.62,2603.45,97.78,4.07,364,105.68,99.447,30.28,3542.84,0,1,RFC5_BALTIC_ADRIATIC,INFRA_MANAGER_DATA,1,2025-02-01
2025-04,MT,MT_RAIL_OP016,MTST136,FRST096,1597.72,1185.5,74.25,7.04,1016,126.03,27.272,71.31,9704.96,1,0,RFC6_MEDITERRANEAN,OPERATOR_REPORTING,1,2025-06-22
2025-05,SK,SK_RAIL_OP017,SKST137,LTST097,1729.36,703.85,72.32,1.53,3,89.92,102.158,70.78,1428.3,0,1,RFC7_ORIENT_EASTMED,EUROSTAT_RAIL,1,2024-04-22
2025-06,BE,BE_RAIL_OP018,BEST138,SKST098,6402.88,4404.35,92.99,4.79,372,92.64,57.871,52.21,525.71,0,0,RFC8_NORTH_SEA_BALTIC,ERA_PERFORMANCE_REPORT,1,2025-03-14
2025-07,DK,DK_RAIL_OP019,DKST139,HRST099,1931.91,590.05,80.47,8.93,91,99.17,9.548,56.62,4701.8,1,0,RFC9_RHINE_DANUBE,INFRA_MANAGER_DATA,1,2025-09-23
2025-08,GR,GR_RAIL_OP020,GRST140,DEST100,2989.51,1366.67,92.14,12.51,109,120.66,32.64,68.86,4769.24,0,0,RFC10_ALPINE_WEST_BALKANS,OPERATOR_REPORTING,1,2025-12-05
2025-09,LT,LT_RAIL_OP021,LTST141,LUST101,6085.36,3479.04,88.16,11.59,73,104.01,43.528,66.22,8463.81,1,1,RFC1_RHINE_ALPINE,EUROSTAT_RAIL,1,2025-04-20
2025-10,PT,PT_RAIL_OP022,PTST142,SIST102,4439.71,3894.33,72.38,1.47,797,129.6,71.244,81.94,360.16,1,1,RFC2_NSEA_MED,ERA_PERFORMANCE_REPORT,1,2026-02-07
2025-11,SE,SE_RAIL_OP023,SEST143,CYST103,663.03,2493.36,95.62,9.17,550,135.67,88.078,57.88,2470.46,1,1,RFC3_SCAND_MED,INFRA_MANAGER_DATA,1,2024-01-09
2025-12,CY,CY_RAIL_OP024,CYST144,GRST104,4660.78,4928.37,82.76,1.2,163,116.73,147.178,65.07,1912.37,1,0,RFC4_ATLANTIC,OPERATOR_REPORTING,1,2025-09-14
2026-01,FR,FR_RAIL_OP025,FRST145,MTST105,3800.23,3173.76,69.63,16.38,253,99.19,102.746,42.76,915.55,1,0,RFC5_BALTIC_ADRIATIC,EUROSTAT_RAIL,1,2025-08-01
2026-02,IT,IT_RAIL_OP026,ITST146,ESST106,3848.84,130.9,73.53,18.16,1026,102.0,90.559,42.36,4790.06,0,1,RFC6_MEDITERRANEAN,ERA_PERFORMANCE_REPORT,1,2025-08-09
2026-03,NL,NL_RAIL_OP027,NLST147,CZST107,48.81,3593.63,76.51,22.18,292,109.21,84.49,96.4,4559.4,1,0,RFC7_ORIENT_EASTMED,INFRA_MANAGER_DATA,1,2024-01-18
2026-04,SI,SI_RAIL_OP028,SIST148,HUST108,4244.57,1514.61,85.08,11.03,131,139.91,54.569,86.27,7893.83,0,1,RFC8_NORTH_SEA_BALTIC,OPERATOR_REPORTING,1,2024-02-29
2026-05,BG,BG_RAIL_OP029,BGST149,NLST109,650.44,4033.65,85.93,7.82,257,140.99,37.787,47.23,4971.01,1,1,RFC9_RHINE_DANUBE,EUROSTAT_RAIL,1,2024-06-05
2026-06,EE,EE_RAIL_OP030,EEST150,SEST110,1697.3,387.52,93.18,3.07,156,111.15,112.337,65.42,6095.88,1,0,RFC10_ALPINE_WEST_BALKANS,ERA_PERFORMANCE_REPORT,1,2024-06-26
2026-07,HU,HU_RAIL_OP031,HUST151,DKST111,972.07,4460.53,89.79,4.91,383,88.47,15.224,52.03,2518.63,1,1,RFC1_RHINE_ALPINE,INFRA_MANAGER_DATA,1,2024-01-13
2026-08,LU,LU_RAIL_OP032,LUST152,IEST112,4682.37,510.01,78.53,4.2,538,133.41,54.522,98.7,1674.71,0,0,RFC2_NSEA_MED,OPERATOR_REPORTING,1,2025-02-13
2026-09,RO,RO_RAIL_OP033,ROST153,PLST113,528.76,3626.96,72.28,5.38,908,97.46,69.36,86.6,1399.76,0,0,RFC3_SCAND_MED,EUROSTAT_RAIL,1,2025-12-09
2026-10,AT,AT_RAIL_OP034,ATST154,ATST114,788.93,1167.81,70.85,22.25,1057,114.98,80.314,93.38,3676.32,0,0,RFC4_ATLANTIC,ERA_PERFORMANCE_REPORT,0,2026-02-04
2026-11,CZ,CZ_RAIL_OP035,CZST155,EEST115,985.15,753.01,70.55,23.32,1002,133.15,65.392,97.65,5210.46,1,0,RFC5_BALTIC_ADRIATIC,INFRA_MANAGER_DATA,1,2024-12-30
2026-12,DE,DE_RAIL_OP036,DEST156,ITST116,2358.95,4216.69,84.04,1.66,548,123.59,35.063,34.21,3195.03,1,0,RFC6_MEDITERRANEAN,OPERATOR_REPORTING,1,2025-10-23
2016-01,LV,LV_RAIL_OP037,LVST157,PTST117,4734.82,870.93,95.46,4.46,112,127.8,80.064,95.46,9181.59,1,0,RFC7_ORIENT_EASTMED,EUROSTAT_RAIL,1,2024-01-25
2016-02,PL,PL_RAIL_OP038,PLST158,BEST118,5271.68,3547.55,82.05,14.24,497,129.22,32.46,48.65,5124.25,0,0,RFC8_NORTH_SEA_BALTIC,ERA_PERFORMANCE_REPORT,1,2024-05-05
2016-03,ES,ES_RAIL_OP039,ESST159,FIST119,4139.59,1471.86,77.74,22.36,189,122.23,86.123,62.48,7947.75,0,0,RFC9_RHINE_DANUBE,INFRA_MANAGER_DATA,1,2025-02-04
2016-04,HR,HR_RAIL_OP040,HRST160,LVST120,1596.6,3208.4,78.1,6.03,656,139.51,22.047,59.51,1703.32,1,1,RFC10_ALPINE_WEST_BALKANS,OPERATOR_REPORTING,1,2025-10-21
2016-05,FI,FI_RAIL_OP041,FIST161,ROST121,4249.5,1916.38,83.17,6.66,627,133.88,6.716,42.57,1456.71,0,0,RFC1_RHINE_ALPINE,EUROSTAT_RAIL,1,2024-03-05
2016-06,IE,IE_RAIL_OP042,IEST162,BGST122,743.99,1648.27,97.48,8.47,656,121.26,14.833,32.79,3854.04,1,1,RFC2_NSEA_MED,ERA_PERFORMANCE_REPORT,1,2024-02-29
2016-07,MT,MT_RAIL_OP043,MTST163,FRST123,1281.93,4660.6,92.21,8.24,115,137.73,5.017,60.34,676.44,1,0,RFC3_SCAND_MED,INFRA_MANAGER_DATA,1,2024-04-05
2016-08,SK,SK_RAIL_OP044,SKST164,LTST124,685.65,4391.39,75.65,21.98,284,100.02,59.98,41.36,987.54,0,0,RFC4_ATLANTIC,OPERATOR_REPORTING,1,2025-03-12
2016-09,BE,BE_RAIL_OP045,BEST165,SKST125,3057.18,271.84,88.16,5.88,339,137.18,53.535,36.74,2592.71,0,0,RFC5_BALTIC_ADRIATIC,EUROSTAT_RAIL,1,2024-11-02
2016-10,DK,DK_RAIL_OP046,DKST166,HRST126,556.29,4727.06,84.06,13.27,377,102.74,21.271,71.15,1046.37,1,0,RFC6_MEDITERRANEAN,ERA_PERFORMANCE_REPORT,1,2024-09-08
2016-11,GR,GR_RAIL_OP047,GRST167,DEST127,126.15,3083.63,91.97,0.96,115,120.27,138.627,69.96,9634.35,1,0,RFC7_ORIENT_EASTMED,INFRA_MANAGER_DATA,1,2024-11-25
2016-12,LT,LT_RAIL_OP048,LTST168,LUST128,3368.98,719.85,70.44,1.61,896,87.31,6.483,40.31,3149.97,0,0,RFC8_NORTH_SEA_BALTIC,OPERATOR_REPORTING,1,2025-02-28
2017-01,PT,PT_RAIL_OP049,PTST169,SIST129,3698.54,4255.39,91.1,13.43,451,139.28,52.545,71.95,8249.34,1,0,RFC9_RHINE_DANUBE,EUROSTAT_RAIL,1,2025-05-09
2017-02,SE,SE_RAIL_OP050,SEST170,CYST130,1047.71,6172.66,72.05,13.98,312,108.46,97.43,60.56,6154.37,1,1,RFC10_ALPINE_WEST_BALKANS,ERA_PERFORMANCE_REPORT,0,2025-06-22
2017-03,CY,CY_RAIL_OP051,CYST171,GRST131,635.69,1702.99,97.96,1.8,89,144.85,33.642,44.67,1596.23,0,0,RFC1_RHINE_ALPINE,INFRA_MANAGER_DATA,1,2025-05-27
2017-04,FR,FR_RAIL_OP052,FRST172,MTST132,3822.06,437.16,76.83,16.07,457,100.91,26.413,86.34,133.65,1,0,RFC2_NSEA_MED,OPERATOR_REPORTING,1,2025-08-06
2017-05,IT,IT_RAIL_OP053,ITST173,ESST133,3287.2,6331.61,80.85,10.8,661,132.41,20.926,30.37,2915.54,0,0,RFC3_SCAND_MED,EUROSTAT_RAIL,1,2024-07-29
2017-06,NL,NL_RAIL_OP054,NLST174,CZST134,3749.95,1408.19,92.42,9.05,178,102.86,49.55,64.54,3012.5,1,1,RFC4_ATLANTIC,ERA_PERFORMANCE_REPORT,1,2024-10-23
2017-07,SI,SI_RAIL_OP055,SIST175,HUST135,2411.27,1273.43,68.58,17.09,438,129.4,79.839,80.04,7139.32,0,1,RFC5_BALTIC_ADRIATIC,INFRA_MANAGER_DATA,1,2024-09-02
2017-08,BG,BG_RAIL_OP056,BGST176,NLST136,5264.51,3557.26,74.99,6.35,348,105.11,74.445,92.96,855.73,0,0,RFC6_MEDITERRANEAN,OPERATOR_REPORTING,1,2025-07-16
2017-09,EE,EE_RAIL_OP057,EEST177,SEST137,513.04,6362.23,76.23,7.6,56,132.13,20.609,96.48,5783.08,1,0,RFC7_ORIENT_EASTMED,EUROSTAT_RAIL,1,2025-01-07
2017-10,HU,HU_RAIL_OP058,HUST178,DKST138,6065.31,2456.61,95.77,10.13,470,140.61,79.748,65.76,9844.63,1,0,RFC8_NORTH_SEA_BALTIC,ERA_PERFORMANCE_REPORT,1,2025-10-31
2017-11,LU,LU_RAIL_OP059,LUST179,IEST139,2211.32,3538.37,82.06,12.79,232,91.54,84.599,70.23,4071.55,0,0,RFC9_RHINE_DANUBE,INFRA_MANAGER_DATA,1,2025-11-19
2017-12,RO,RO_RAIL_OP060,ROST180,PLST140,6207.06,677.22,71.83,2.62,631,123.84,93.262,65.59,1994.23,0,0,RFC10_ALPINE_WEST_BALKANS,OPERATOR_REPORTING,1,2025-03-12
2018-01,AT,AT_RAIL_OP001,ATST181,ATST141,1449.91,1494.57,92.44,2.26,602,114.47,75.651,78.56,7332.89,0,0,RFC1_RHINE_ALPINE,EUROSTAT_RAIL,1,2024-07-09
2018-02,CZ,CZ_RAIL_OP002,CZST182,EEST142,4849.39,3637.18,74.91,22.76,362,144.43,36.513,51.97,687.98,0,0,RFC2_NSEA_MED,ERA_PERFORMANCE_REPORT,1,2025-08-12
2018-03,DE,DE_RAIL_OP003,DEST183,ITST143,4346.75,3525.05,91.99,0.43,590,92.06,29.406,42.05,27.56,1,0,RFC3_SCAND_MED,INFRA_MANAGER_DATA,1,2024-04-21
2018-04,LV,LV_RAIL_OP004,LVST184,PTST144,4158.7,3382.09,94.13,11.58,600,111.01,77.395,34.7,4323.43,1,0,RFC4_ATLANTIC,OPERATOR_REPORTING,1,2025-04-10
2018-05,PL,PL_RAIL_OP005,PLST185,BEST145,4077.57,2254.48,69.47,19.67,581,86.78,7.798,49.55,3911.99,1,0,RFC5_BALTIC_ADRIATIC,EUROSTAT_RAIL,1,2024-03-18
2018-06,ES,ES_RAIL_OP006,ESST186,FIST146,4485.51,137.38,92.2,1.27,383,133.65,98.74,64.22,1221.82,0,0,RFC6_MEDITERRANEAN,ERA_PERFORMANCE_REPORT,1,2024-06-24
2018-07,HR,HR_RAIL_OP007,HRST187,LVST147,1032.61,5805.78,87.49,7.18,170,101.51,35.245,59.17,113.55,0,0,RFC7_ORIENT_EASTMED,INFRA_MANAGER_DATA,1,2025-10-30
2018-08,FI,FI_RAIL_OP008,FIST188,ROST148,159.88,1904.39,93.94,2.0,55,132.63,82.267,82.93,788.02,0,0,RFC8_NORTH_SEA_BALTIC,OPERATOR_REPORTING,1,2024-10-14
2018-09,IE,IE_RAIL_OP009,IEST189,BGST149,5415.06,884.81,75.73,20.35,25,118.44,3.736,85.08,6768.7,1,0,RFC9_RHINE_DANUBE,EUROSTAT_RAIL,1,2024-08-23
2018-10,MT,MT_RAIL_OP010,MTST190,FRST150,4332.39,2096.52,79.0,12.69,352,131.78,87.363,68.09,3075.53,1,0,RFC10_ALPINE_WEST_BALKANS,ERA_PERFORMANCE_REPORT,1,2025-06-15
2018-11,SK,SK_RAIL_OP011,SKST191,LTST151,2708.13,4448.95,95.26,13.27,32,123.93,89.311,41.22,4001.82,0,0,RFC1_RHINE_ALPINE,INFRA_MANAGER_DATA,1,2025-09-09
2018-12,BE,BE_RAIL_OP012,BEST192,SKST152,490.64,78.4,88.04,1.98,597,109.21,52.64,35.36,3871.25,0,0,RFC2_NSEA_MED,OPERATOR_REPORTING,1,2026-02-20
2019-01,DK,DK_RAIL_OP013,DKST193,HRST153,4133.86,4846.29,73.84,9.1,1052,107.05,19.768,92.57,4687.05,0,0,RFC3_SCAND_MED,EUROSTAT_RAIL,1,2025-11-20
2019-02,GR,GR_RAIL_OP014,GRST194,DEST154,3590.43,4505.22,81.67,5.09,163,114.72,55.573,37.64,116.11,0,0,RFC4_ATLANTIC,ERA_PERFORMANCE_REPORT,1,2026-01-20
2019-03,LT,LT_RAIL_OP015,LTST195,LUST155,4754.39,5366.47,76.72,2.37,638,127.33,125.419,89.89,9458.51,1,0,RFC5_BALTIC_ADRIATIC,INFRA_MANAGER_DATA,1,2024-01-10
2019-04,PT,PT_RAIL_OP016,PTST196,SIST156,1940.97,2966.47,91.9,2.75,538,90.82,86.003,41.91,3702.79,1,0,RFC6_MEDITERRANEAN,OPERATOR_REPORTING,1,2025-10-04
2019-05,SE,SE_RAIL_OP017,SEST197,CYST157,3500.02,4461.25,75.67,10.03,601,95.02,29.511,55.94,6342.95,0,0,RFC7_ORIENT_EASTMED,EUROSTAT_RAIL,1,2025-07-21
2019-06,CY,CY_RAIL_OP018,CYST198,GRST158,2116.51,4447.25,79.47,0.75,52,137.05,3.423,87.08,9357.29,1,0,RFC8_NORTH_SEA_BALTIC,ERA_PERFORMANCE_REPORT,1,2025-02-14
2019-07,FR,FR_RAIL_OP019,FRST199,MTST159,3979.88,3142.83,76.53,3.8,605,120.99,103.453,90.92,6846.77,1,0,RFC9_RHINE_DANUBE,INFRA_MANAGER_DATA,1,2024-10-15
2019-08,IT,IT_RAIL_OP020,ITST200,ESST160,1369.41,1090.93,94.26,3.75,422,86.61,69.685,68.43,10189.56,0,1,RFC10_ALPINE_WEST_BALKANS,OPERATOR_REPORTING,1,2024-05-31
2019-09,NL,NL_RAIL_OP021,NLST201,CZST161,125.22,2156.93,89.0,5.6,607,98.11,46.627,85.02,8791.63,1,0,RFC1_RHINE_ALPINE,EUROSTAT_RAIL,1,2025-10-01
2019-10,SI,SI_RAIL_OP022,SIST202,HUST162,1490.67,3130.14,82.78,12.24,553,98.71,79.957,84.46,3304.04,0,0,RFC2_NSEA_MED,ERA_PERFORMANCE_REPORT,1,2025-03-06
2019-11,BG,BG_RAIL_OP023,BGST203,NLST163,1223.68,2201.43,87.77,12.68,58,138.25,137.439,85.92,2118.55,1,0,RFC3_SCAND_MED,INFRA_MANAGER_DATA,1,2024-03-15
2019-12,EE,EE_RAIL_OP024,EEST204,SEST164,4297.69,565.46,95.52,11.55,590,111.77,13.479,89.93,8761.3,1,0,RFC4_ATLANTIC,OPERATOR_REPORTING,0,2024-05-08
2020-01,HU,HU_RAIL_OP025,HUST205,DKST165,3086.55,2307.7,97.65,11.26,514,100.46,60.412,84.43,6786.73,0,0,RFC5_BALTIC_ADRIATIC,EUROSTAT_RAIL,1,2025-02-22
2020-02,LU,LU_RAIL_OP026,LUST206,IEST166,3065.98,4310.31,93.5,2.42,174,100.75,10.489,32.26,5705.57,1,0,RFC6_MEDITERRANEAN,ERA_PERFORMANCE_REPORT,1,2025-05-15
2020-03,RO,RO_RAIL_OP027,ROST207,PLST167,2687.26,823.92,68.17,7.31,840,105.64,71.289,55.09,1789.31,1,0,RFC7_ORIENT_EASTMED,INFRA_MANAGER_DATA,1,2026-02-23
2020-04,AT,AT_RAIL_OP028,ATST208,ATST168,5191.67,3323.19,83.51,7.85,180,117.5,69.583,91.67,4383.39,0,1,RFC8_NORTH_SEA_BALTIC,OPERATOR_REPORTING,0,2025-04-12
2020-05,CZ,CZ_RAIL_OP029,CZST209,EEST169,771.74,4230.28,85.79,6.61,69,137.96,83.965,36.75,4862.41,1,0,RFC9_RHINE_DANUBE,EUROSTAT_RAIL,1,2026-01-06
2020-06,DE,DE_RAIL_OP030,DEST210,ITST170,800.14,4953.92,77.84,7.26,334,89.86,109.805,93.72,10183.47,0,0,RFC10_ALPINE_WEST_BALKANS,ERA_PERFORMANCE_REPORT,1,2024-09-23
2020-07,LV,LV_RAIL_OP031,LVST211,PTST171,4427.72,2373.89,83.17,13.38,600,116.51,70.539,63.91,9177.07,1,0,RFC1_RHINE_ALPINE,INFRA_MANAGER_DATA,0,2024-05-02
2020-08,PL,PL_RAIL_OP032,PLST212,BEST172,1363.72,3946.54,73.61,9.65,797,122.67,67.475,40.51,1917.96,0,0,RFC2_NSEA_MED,OPERATOR_REPORTING,1,2024-12-16
2020-09,ES,ES_RAIL_OP033,ESST213,FIST173,3456.27,4099.82,69.16,2.12,879,133.94,70.491,36.45,907.49,1,0,RFC3_SCAND_MED,EUROSTAT_RAIL,1,2025-10-02
2020-10,HR,HR_RAIL_OP034,HRST214,LVST174,4271.3,3662.91,69.59,21.01,66,142.9,39.619,52.4,978.67,0,0,RFC4_ATLANTIC,ERA_PERFORMANCE_REPORT,1,2024-12-19
2020-11,FI,FI_RAIL_OP035,FIST215,ROST175,1661.92,5192.75,69.31,8.64,507,138.54,26.025,69.05,7729.76,1,0,RFC5_BALTIC_ADRIATIC,INFRA_MANAGER_DATA,1,2024-03-26
2020-12,IE,IE_RAIL_OP036,IEST216,BGST176,2037.56,1654.28,89.26,10.74,160,115.34,34.191,32.48,3701.89,0,0,RFC6_MEDITERRANEAN,OPERATOR_REPORTING,1,2025-08-04
2021-01,MT,MT_RAIL_OP037,MTST217,FRST177,4926.53,5462.16,96.86,2.88,65,144.17,61.87,92.84,671.33,1,0,RFC7_ORIENT_EASTMED,EUROSTAT_RAIL,1,2024-12-01
2021-02,SK,SK_RAIL_OP038,SKST218,LTST178,375.97,3127.43,97.42,4.57,167,116.03,42.794,41.39,1892.61,1,1,RFC8_NORTH_SEA_BALTIC,ERA_PERFORMANCE_REPORT,1,2024-10-03
2021-03,BE,BE_RAIL_OP039,BEST219,SKST179,378.02,2160.33,81.26,13.05,155,135.6,12.861,64.82,8292.35,1,0,RFC9_RHINE_DANUBE,INFRA_MANAGER_DATA,1,2025-09-08
2021-04,DK,DK_RAIL_OP040,DKST220,HRST180,4987.64,3292.59,80.04,5.65,558,105.95,135.709,41.62,571.1,1,0,RFC10_ALPINE_WEST_BALKANS,OPERATOR_REPORTING,1,2024-07-01
2021-05,GR,GR_RAIL_OP041,GRST221,DEST181,4877.57,2315.03,81.26,10.83,499,86.12,6.533,73.23,8707.58,1,0,RFC1_RHINE_ALPINE,EUROSTAT_RAIL,1,2024-06-17
2021-06,LT,LT_RAIL_OP042,LTST222,LUST182,995.16,2612.63,77.57,5.93,301,119.3,111.744,91.84,8864.35,1,0,RFC2_NSEA_MED,ERA_PERFORMANCE_REPORT,1,2024-12-27
2021-07,PT,PT_RAIL_OP043,PTST223,SIST183,2705.02,2523.25,76.44,10.83,57,120.74,59.98,55.0,3890.3,0,1,RFC3_SCAND_MED,INFRA_MANAGER_DATA,1,2025-12-05
2021-08,SE,SE_RAIL_OP044,SEST224,CYST184,3814.24,2858.38,86.24,1.46,673,92.21,88.995,84.08,4921.89,1,0,RFC4_ATLANTIC,OPERATOR_REPORTING,1,2025-08-26
2021-09,CY,CY_RAIL_OP045,CYST225,GRST185,3581.22,1572.46,85.5,2.94,62,89.65,71.474,31.78,3914.45,1,0,RFC5_BALTIC_ADRIATIC,EUROSTAT_RAIL,1,2025-03-11
2021-10,FR,FR_RAIL_OP046,FRST226,MTST186,1143.98,2570.12,72.0,13.67,1022,115.08,2.788,64.81,5701.67,1,1,RFC6_MEDITERRANEAN,ERA_PERFORMANCE_REPORT,1,2024-05-10
2021-11,IT,IT_RAIL_OP047,ITST227,ESST187,4669.16,1356.76,74.8,13.4,348,103.04,47.625,61.57,2456.9,1,0,RFC7_ORIENT_EASTMED,INFRA_MANAGER_DATA,1,2026-02-19
2021-12,NL,NL_RAIL_OP048,NLST228,CZST188,1158.42,4785.28,87.87,1.89,523,118.14,26.851,73.61,3402.35,1,0,RFC8_NORTH_SEA_BALTIC,OPERATOR_REPORTING,1,2025-03-15
2022-01,SI,SI_RAIL_OP049,SIST229,HUST189,1735.72,4018.27,87.13,7.37,617,139.25,102.533,46.48,5055.13,0,0,RFC9_RHINE_DANUBE,EUROSTAT_RAIL,1,2025-11-19
2022-02,BG,BG_RAIL_OP050,BGST230,NLST190,1962.09,1457.68,87.19,0.91,576,90.92,138.295,47.32,1908.03,1,1,RFC10_ALPINE_WEST_BALKANS,ERA_PERFORMANCE_REPORT,1,2025-02-14
2022-03,EE,EE_RAIL_OP051,EEST231,SEST191,688.87,4344.69,90.18,4.19,620,135.8,44.119,52.42,1225.9,0,0,RFC1_RHINE_ALPINE,INFRA_MANAGER_DATA,1,2024-06-04
2022-04,HU,HU_RAIL_OP052,HUST232,DKST192,107.83,3893.29,78.35,11.81,261,103.99,77.457,73.2,6277.99,1,0,RFC2_NSEA_MED,OPERATOR_REPORTING,1,2024-03-29
2022-05,LU,LU_RAIL_OP053,LUST233,IEST193,2588.09,4153.87,81.04,10.85,559,144.27,52.857,56.33,5893.37,1,0,RFC3_SCAND_MED,EUROSTAT_RAIL,1,2025-09-06
2022-06,RO,RO_RAIL_OP054,ROST234,PLST194,379.11,661.86,88.45,12.39,318,135.52,14.631,57.18,3378.61,1,0,RFC4_ATLANTIC,ERA_PERFORMANCE_REPORT,1,2025-07-15
2022-07,AT,AT_RAIL_OP055,ATST235,ATST195,1381.66,1436.01,77.29,16.91,367,101.04,118.381,31.04,2174.63,0,1,RFC5_BALTIC_ADRIATIC,INFRA_MANAGER_DATA,1,2024-08-16
2022-08,CZ,CZ_RAIL_OP056,CZST236,EEST196,1694.35,2810.15,93.19,13.76,654,113.06,35.373,52.85,5700.55,1,1,RFC6_MEDITERRANEAN,OPERATOR_REPORTING,1,2024-05-27
2022-09,DE,DE_RAIL_OP057,DEST237,ITST197,4718.17,2353.79,68.55,7.39,562,85.67,51.459,72.2,8374.35,1,1,RFC7_ORIENT_EASTMED,EUROSTAT_RAIL,1,2025-11-08
2022-10,LV,LV_RAIL_OP058,LVST238,PTST198,2180.64,3358.37,97.99,14.35,535,138.14,4.488,60.37,2172.58,1,0,RFC8_NORTH_SEA_BALTIC,ERA_PERFORMANCE_REPORT,1,2025-12-15
2022-11,PL,PL_RAIL_OP059,PLST239,BEST199,2718.77,3774.15,79.96,12.92,654,90.32,100.479,58.9,3518.31,1,0,RFC9_RHINE_DANUBE,INFRA_MANAGER_DATA,1,2025-02-20
2022-12,ES,ES_RAIL_OP060,ESST240,FIST200,1017.76,719.45,90.89,1.98,255,140.95,41.741,69.45,8298.52,1,0,RFC10_ALPINE_WEST_BALKANS,OPERATOR_REPORTING,1,2025-08-03
2023-01,HR,HR_RAIL_OP001,HRST241,LVST201,2723.06,637.85,79.94,13.44,134,133.68,89.093,38.51,52.33,1,0,RFC1_RHINE_ALPINE,EUROSTAT_RAIL,0,2025-02-07
2023-02,FI,FI_RAIL_OP002,FIST242,ROST202,6120.04,5579.8,92.72,9.92,185,142.22,100.704,80.6,5806.02,1,0,RFC2_NSEA_MED,ERA_PERFORMANCE_REPORT,1,2026-01-25
2023-03,IE,IE_RAIL_OP003,IEST243,BGST203,2769.84,338.42,83.08,7.92,377,112.6,80.528,75.64,5022.31,1,0,RFC3_SCAND_MED,INFRA_MANAGER_DATA,1,2024-09-25
2023-04,MT,MT_RAIL_OP004,MTST244,FRST204,5886.69,3383.9,80.65,14.19,404,97.55,55.678,76.93,1817.12,0,0,RFC4_ATLANTIC,OPERATOR_REPORTING,1,2025-09-21
2023-05,SK,SK_RAIL_OP005,SKST245,LTST205,194.38,378.78,78.11,6.53,289,96.73,114.609,67.02,7368.55,0,0,RFC5_BALTIC_ADRIATIC,EUROSTAT_RAIL,1,2024-11-13
2023-06,BE,BE_RAIL_OP006,BEST246,SKST206,4623.15,792.79,68.8,8.78,51,92.95,22.05,32.26,3759.47,0,0,RFC6_MEDITERRANEAN,ERA_PERFORMANCE_REPORT,0,2024-06-17
2023-07,DK,DK_RAIL_OP007,DKST247,HRST207,2718.83,229.79,92.22,4.76,230,142.47,32.261,66.71,409.22,1,0,RFC7_ORIENT_EASTMED,INFRA_MANAGER_DATA,1,2025-07-28
2023-08,GR,GR_RAIL_OP008,GRST248,DEST208,4715.34,2541.45,75.63,11.48,191,88.33,109.969,73.63,3245.16,0,0,RFC8_NORTH_SEA_BALTIC,OPERATOR_REPORTING,1,2025-04-01
2023-09,LT,LT_RAIL_OP009,LTST249,LUST209,2153.54,3452.88,78.14,2.98,644,103.01,23.769,82.25,9387.13,0,0,RFC9_RHINE_DANUBE,EUROSTAT_RAIL,1,2025-12-15
2023-10,PT,PT_RAIL_OP010,PTST250,SIST210,3844.19,5327.33,82.34,6.94,320,115.4,39.209,56.84,6664.63,1,0,RFC10_ALPINE_WEST_BALKANS,ERA_PERFORMANCE_REPORT,1,2024-02-15
2023-11,SE,SE_RAIL_OP011,SEST251,CYST211,3018.92,586.88,74.44,5.88,625,136.31,60.805,31.27,4451.05,0,0,RFC1_RHINE_ALPINE,INFRA_MANAGER_DATA,1,2024-12-04
2023-12,CY,CY_RAIL_OP012,CYST252,GRST212,2472.32,138.55,94.49,10.14,294,88.63,7.198,84.53,6994.25,1,1,RFC2_NSEA_MED,OPERATOR_REPORTING,1,2024-10-09
2024-01,FR,FR_RAIL_OP013,FRST253,MTST213,5224.53,692.48,81.85,5.82,651,91.79,65.778,80.91,8769.14,1,0,RFC3_SCAND_MED,EUROSTAT_RAIL,1,2025-11-13
2024-02,IT,IT_RAIL_OP014,ITST254,ESST214,1523.45,77.11,84.28,4.07,477,113.09,14.822,73.55,4260.59,1,0,RFC4_ATLANTIC,ERA_PERFORMANCE_REPORT,1,2024-11-21
2024-03,NL,NL_RAIL_OP015,NLST255,CZST215,2332.13,444.62,83.16,13.25,388,127.53,92.881,80.12,5250.25,0,0,RFC5_BALTIC_ADRIATIC,INFRA_MANAGER_DATA,1,2024-10-19
2024-04,SI,SI_RAIL_OP016,SIST256,HUST216,3104.74,4683.58,92.63,4.11,59,128.26,21.355,85.74,4735.54,1,0,RFC6_MEDITERRANEAN,OPERATOR_REPORTING,1,2025-03-10
2024-05,BG,BG_RAIL_OP017,BGST257,NLST217,6645.22,1727.58,88.75,0.91,456,127.97,12.987,88.23,5899.01,0,0,RFC7_ORIENT_EASTMED,EUROSTAT_RAIL,1,2024-09-17
2024-06,EE,EE_RAIL_OP018,EEST258,SEST218,2022.86,877.46,77.74,13.49,68,143.46,3.792,94.54,5197.61,0,0,RFC8_NORTH_SEA_BALTIC,ERA_PERFORMANCE_REPORT,1,2025-12-28
2024-07,HU,HU_RAIL_OP019,HUST259,DKST219,3729.99,4026.84,73.79,14.3,520,103.61,70.407,67.23,7994.52,0,0,RFC9_RHINE_DANUBE,INFRA_MANAGER_DATA,1,2026-01-08
2024-08,LU,LU_RAIL_OP020,LUST260,IEST220,1953.09,3544.75,83.13,3.85,254,142.37,148.393,82.48,9387.77,1,1,RFC10_ALPINE_WEST_BALKANS,OPERATOR_REPORTING,1,2024-08-21
2024-09,RO,RO_RAIL_OP021,ROST261,PLST221,5140.57,338.67,90.31,0.4,389,112.18,113.35,69.24,6409.07,1,0,RFC1_RHINE_ALPINE,EUROSTAT_RAIL,1,2024-11-06
2024-10,AT,AT_RAIL_OP022,ATST262,ATST222,3198.52,4506.1,89.89,12.15,290,112.46,23.832,79.32,9716.73,0,0,RFC2_NSEA_MED,ERA_PERFORMANCE_REPORT,1,2026-02-13
2024-11,CZ,CZ_RAIL_OP023,CZST263,EEST223,982.38,86.28,88.45,11.58,369,92.57,2.121,85.41,5419.51,1,1,RFC3_SCAND_MED,INFRA_MANAGER_DATA,1,2026-01-02
2024-12,DE,DE_RAIL_OP024,DEST264,ITST224,1678.08,4612.91,97.61,4.86,500,106.77,104.526,72.5,1386.78,1,1,RFC4_ATLANTIC,OPERATOR_REPORTING,1,2024-10-20
2025-01,LV,LV_RAIL_OP025,LVST265,PTST225,1307.37,3159.57,83.6,12.37,466,107.49,19.858,34.96,2632.56,1,0,RFC5_BALTIC_ADRIATIC,EUROSTAT_RAIL,1,2024-11-29
2025-02,PL,PL_RAIL_OP026,PLST266,BEST226,5201.1,241.7,75.85,13.11,87,134.97,64.952,43.8,2354.57,1,0,RFC6_MEDITERRANEAN,ERA_PERFORMANCE_REPORT,1,2025-03-06
2025-03,ES,ES_RAIL_OP027,ESST267,FIST227,5262.04,3790.39,86.19,12.81,464,136.62,44.498,94.15,6189.38,1,0,RFC7_ORIENT_EASTMED,INFRA_MANAGER_DATA,1,2024-08-03
2025-04,HR,HR_RAIL_OP028,HRST268,LVST228,5194.54,3135.77,85.1,5.99,164,119.88,4.041,30.07,58.05,1,0,RFC8_NORTH_SEA_BALTIC,OPERATOR_REPORTING,1,2024-05-13
2025-05,FI,FI_RAIL_OP029,FIST269,ROST229,5298.51,908.8,92.9,11.64,295,103.07,74.417,36.59,1411.71,1,0,RFC9_RHINE_DANUBE,EUROSTAT_RAIL,1,2024-11-02
2025-06,IE,IE_RAIL_OP030,IEST270,BGST230,4798.55,374.79,86.82,5.49,591,109.47,27.255,38.43,3845.81,1,0,RFC10_ALPINE_WEST_BALKANS,ERA_PERFORMANCE_REPORT,1,2024-03-30
2025-07,MT,MT_RAIL_OP031,MTST271,FRST231,2652.3,1491.94,88.87,7.65,672,88.95,15.558,61.78,9837.98,0,0,RFC1_RHINE_ALPINE,INFRA_MANAGER_DATA,1,2025-09-29
2025-08,SK,SK_RAIL_OP032,SKST272,LTST232,1914.05,4095.7,74.03,14.07,256,133.39,43.006,54.74,3667.55,1,0,RFC2_NSEA_MED,OPERATOR_REPORTING,1,2024-11-26
2025-09,BE,BE_RAIL_OP033,BEST273,SKST233,5111.72,2844.41,91.22,1.57,449,137.43,57.648,44.79,223.43,1,0,RFC3_SCAND_MED,EUROSTAT_RAIL,1,2025-03-01
2025-10,DK,DK_RAIL_OP034,DKST274,HRST234,2343.22,1252.84,69.2,6.31,959,112.58,108.792,39.73,63.4,1,1,RFC4_ATLANTIC,ERA_PERFORMANCE_REPORT,1,2025-07-11
2025-11,GR,GR_RAIL_OP035,GRST275,DEST235,1650.78,3402.52,76.54,19.3,33,89.27,83.52,99.27,1293.81,1,1,RFC5_BALTIC_ADRIATIC,INFRA_MANAGER_DATA,1,2024-06-14
2025-12,LT,LT_RAIL_OP036,LTST276,LUST236,2279.36,1472.42,77.11,20.28,656,137.24,30.903,83.28,555.83,1,0,RFC6_MEDITERRANEAN,OPERATOR_REPORTING,1,2026-01-11
2026-01,PT,PT_RAIL_OP037,PTST277,SIST237,494.04,2054.26,70.75,10.39,1028,98.9,127.594,67.97,9722.81,0,0,RFC7_ORIENT_EASTMED,EUROSTAT_RAIL,1,2025-10-12
2026-02,SE,SE_RAIL_OP038,SEST278,CYST238,3778.1,1620.42,92.67,2.47,428,137.16,105.953,85.32,5901.89,1,0,RFC8_NORTH_SEA_BALTIC,ERA_PERFORMANCE_REPORT,1,2025-03-01
2026-03,CY,CY_RAIL_OP039,CYST279,GRST239,3098.25,3069.21,72.57,5.77,765,88.62,49.369,89.8,9523.75,1,0,RFC9_RHINE_DANUBE,INFRA_MANAGER_DATA,1,2024-11-30
2026-04,FR,FR_RAIL_OP040,FRST280,MTST240,4130.14,2413.37,70.3,11.1,129,106.41,94.253,37.47,4858.83,1,0,RFC10_ALPINE_WEST_BALKANS,OPERATOR_REPORTING,1,2025-11-04
2026-05,IT,IT_RAIL_OP041,ITST281,ESST241,1534.09,1842.58,86.47,8.07,120,89.34,26.804,78.49,816.04,1,0,RFC1_RHINE_ALPINE,EUROSTAT_RAIL,1,2024-06-21
2026-06,NL,NL_RAIL_OP042,NLST282,CZST242,3395.13,4561.49,80.77,0.81,366,135.43,18.447,92.64,5838.53,1,0,RFC2_NSEA_MED,ERA_PERFORMANCE_REPORT,0,2025-03-06
2026-07,SI,SI_RAIL_OP043,SIST283,HUST243,2447.2,4182.22,68.67,2.82,934,119.48,116.653,36.48,5614.67,0,1,RFC3_SCAND_MED,INFRA_MANAGER_DATA,1,2024-03-15
2026-08,BG,BG_RAIL_OP044,BGST284,NLST244,3865.45,3241.14,88.25,1.16,595,143.79,96.806,38.92,4320.64,1,0,RFC4_ATLANTIC,OPERATOR_REPORTING,1,2026-01-26
2026-09,EE,EE_RAIL_OP045,EEST285,SEST245,3955.78,82.08,78.85,12.07,611,91.58,41.298,36.02,6070.03,0,1,RFC5_BALTIC_ADRIATIC,EUROSTAT_RAIL,1,2024-12-31
2026-10,HU,HU_RAIL_OP046,HUST286,DKST246,4144.31,349.16,85.66,9.49,534,92.72,3.638,74.61,3196.72,1,0,RFC6_MEDITERRANEAN,ERA_PERFORMANCE_REPORT,1,2024-04-05
2026-11,LU,LU_RAIL_OP047,LUST287,IEST247,3056.84,1398.61,83.46,11.06,258,124.13,42.011,41.83,2349.25,0,1,RFC7_ORIENT_EASTMED,INFRA_MANAGER_DATA,1,2025-04-20
2026-12,RO,RO_RAIL_OP048,ROST288,PLST248,3001.83,3745.4,86.55,5.61,208,93.88,21.382,78.77,2397.42,1,1,RFC8_NORTH_SEA_BALTIC,OPERATOR_REPORTING,1,2025-12-21
2016-01,AT,AT_RAIL_OP049,ATST289,ATST249,5273.78,1438.78,76.99,23.35,526,125.22,107.622,79.37,21.01,0,0,RFC9_RHINE_DANUBE,EUROSTAT_RAIL,1,2025-11-28
2016-02,CZ,CZ_RAIL_OP050,CZST290,EEST250,2479.79,4424.76,70.41,2.59,451,122.53,5.752,52.03,183.94,0,0,RFC10_ALPINE_WEST_BALKANS,ERA_PERFORMANCE_REPORT,1,2024-07-29
2016-03,DE,DE_RAIL_OP051,DEST291,ITST251,2865.67,1872.1,85.8,0.58,262,106.92,69.226,31.22,833.39,1,0,RFC1_RHINE_ALPINE,INFRA_MANAGER_DATA,1,2024-08-29
2016-04,LV,LV_RAIL_OP052,LVST292,PTST252,2858.15,2708.05,95.36,4.61,92,128.98,151.924,39.9,5694.97,1,0,RFC2_NSEA_MED,OPERATOR_REPORTING,1,2024-08-26
2016-05,PL,PL_RAIL_OP053,PLST293,BEST253,2771.81,2107.63,68.56,19.9,167,92.15,15.114,54.47,2071.58,1,0,RFC3_SCAND_MED,EUROSTAT_RAIL,1,2026-01-20
2016-06,ES,ES_RAIL_OP054,ESST294,FIST254,3760.65,3655.86,82.26,2.66,456,106.2,12.087,59.92,1347.66,1,0,RFC4_ATLANTIC,ERA_PERFORMANCE_REPORT,1,2024-07-23
2016-07,HR,HR_RAIL_OP055,HRST295,LVST255,547.72,4427.14,97.93,10.89,659,85.32,94.254,60.78,5910.77,1,0,RFC5_BALTIC_ADRIATIC,INFRA_MANAGER_DATA,1,2025-10-19
2016-08,FI,FI_RAIL_OP056,FIST296,ROST256,4585.42,3364.67,77.75,10.0,561,124.71,91.27,73.36,2479.18,1,1,RFC6_MEDITERRANEAN,OPERATOR_REPORTING,1,2025-04-02
2016-09,IE,IE_RAIL_OP057,IEST297,BGST257,1694.41,1352.12,93.84,11.76,125,89.8,51.625,95.19,7205.91,1,0,RFC7_ORIENT_EASTMED,EUROSTAT_RAIL,1,2025-09-14
2016-10,MT,MT_RAIL_OP058,MTST298,FRST258,3384.36,825.63,69.18,20.35,1060,116.98,49.836,59.12,1401.34,0,1,RFC8_NORTH_SEA_BALTIC,ERA_PERFORMANCE_REPORT,1,2024-02-12
2016-11,SK,SK_RAIL_OP059,SKST299,LTST259,3786.07,2784.93,85.67,2.09,84,90.02,21.536,95.62,8861.37,1,0,RFC9_RHINE_DANUBE,INFRA_MANAGER_DATA,1,2025-03-09
2016-12,BE,BE_RAIL_OP060,BEST300,SKST260,3099.96,1273.67,77.6,0.81,240,88.15,60.677,94.36,6953.11,1,1,RFC10_ALPINE_WEST_BALKANS,OPERATOR_REPORTING,1,2025-09-19
2017-01,DK,DK_RAIL_OP001,DKST301,HRST261,3633.7,3441.48,73.5,22.41,837,131.39,19.76,89.46,7933.42,0,0,RFC1_RHINE_ALPINE,EUROSTAT_RAIL,1,2024-09-22
2017-02,GR,GR_RAIL_OP002,GRST302,DEST262,2681.9,74.99,87.18,14.09,82,133.1,146.408,71.42,7347.77,1,0,RFC2_NSEA_MED,ERA_PERFORMANCE_REPORT,1,2025-06-01
2017-03,LT,LT_RAIL_OP003,LTST303,LUST263,9.62,4713.25,74.04,14.41,915,104.95,19.253,92.59,3637.95,1,0,RFC3_SCAND_MED,INFRA_MANAGER_DATA,1,2025-12-01
2017-04,PT,PT_RAIL_OP004,PTST304,SIST264,438.67,4617.39,79.71,12.95,571,125.51,122.675,48.6,2330.9,1,0,RFC4_ATLANTIC,OPERATOR_REPORTING,1,2025-01-13
2017-05,SE,SE_RAIL_OP005,SEST305,CYST265,3828.96,1814.7,96.04,2.83,173,138.59,7.881,89.62,246.93,1,0,RFC5_BALTIC_ADRIATIC,EUROSTAT_RAIL,1,2024-04-09
2017-06,CY,CY_RAIL_OP006,CYST306,GRST266,2322.48,2183.16,89.94,9.48,4,135.19,70.675,96.64,2378.87,1,0,RFC6_MEDITERRANEAN,ERA_PERFORMANCE_REPORT,1,2025-04-10
2017-07,FR,FR_RAIL_OP007,FRST307,MTST267,1910.75,1063.28,71.19,21.8,747,130.0,119.473,60.84,2321.71,1,0,RFC7_ORIENT_EASTMED,INFRA_MANAGER_DATA,1,2026-02-25
2017-08,IT,IT_RAIL_OP008,ITST308,ESST268,1036.52,4955.82,85.55,2.15,325,91.84,51.428,93.84,5851.59,1,0,RFC8_NORTH_SEA_BALTIC,OPERATOR_REPORTING,1,2024-07-29
2017-09,NL,NL_RAIL_OP009,NLST309,CZST269,2688.96,1664.09,70.9,6.74,669,102.58,15.53,87.99,9088.18,1,0,RFC9_RHINE_DANUBE,EUROSTAT_RAIL,1,2025-09-04
2017-10,SI,SI_RAIL_OP010,SIST310,HUST270,862.27,1014.01,81.42,1.22,566,139.85,96.374,85.33,680.37,1,1,RFC10_ALPINE_WEST_BALKANS,ERA_PERFORMANCE_REPORT,1,2025-09-25
2017-11,BG,BG_RAIL_OP011,BGST311,NLST271,465.06,2492.47,89.41,7.75,119,105.29,128.745,84.92,3879.57,1,0,RFC1_RHINE_ALPINE,INFRA_MANAGER_DATA,1,2024-04-14
2017-12,EE,EE_RAIL_OP012,EEST312,SEST272,1476.66,3771.57,97.84,4.21,578,85.37,119.711,66.99,2385.98,1,0,RFC2_NSEA_MED,OPERATOR_REPORTING,1,2024-01-12
2018-01,HU,HU_RAIL_OP013,HUST313,DKST273,3474.62,3707.56,90.26,5.55,570,120.8,17.377,61.11,4736.9,1,0,RFC3_SCAND_MED,EUROSTAT_RAIL,1,2024-03-14
2018-02,LU,LU_RAIL_OP014,LUST314,IEST274,3722.84,189.64,78.3,5.04,481,94.81,40.626,34.89,4184.49,1,0,RFC4_ATLANTIC,ERA_PERFORMANCE_REPORT,1,2024-03-21
2018-03,RO,RO_RAIL_OP015,ROST315,PLST275,5438.19,2530.7,68.84,12.06,135,88.41,23.278,71.53,3644.64,1,0,RFC5_BALTIC_ADRIATIC,INFRA_MANAGER_DATA,1,2025-12-24
2018-04,AT,AT_RAIL_OP016,ATST316,ATST276,3008.0,940.72,72.69,19.8,179,114.89,36.498,77.0,2681.58,0,0,RFC6_MEDITERRANEAN,OPERATOR_REPORTING,1,2024-05-18
2018-05,CZ,CZ_RAIL_OP017,CZST317,EEST277,4103.52,4889.23,94.93,2.66,329,94.96,28.156,98.86,4634.29,0,0,RFC7_ORIENT_EASTMED,EUROSTAT_RAIL,1,2025-06-04
2018-06,DE,DE_RAIL_OP018,DEST318,ITST278,4494.96,546.32,98.06,2.96,569,120.47,29.9,79.24,2496.14,1,0,RFC8_NORTH_SEA_BALTIC,ERA_PERFORMANCE_REPORT,1,2024-03-20
2018-07,LV,LV_RAIL_OP019,LVST319,PTST279,2685.52,1848.22,68.37,5.35,925,104.43,102.003,72.99,137.75,0,1,RFC9_RHINE_DANUBE,INFRA_MANAGER_DATA,1,2024-09-20
2018-08,PL,PL_RAIL_OP020,PLST320,BEST280,2458.99,4800.1,75.45,19.35,26,88.6,61.913,87.29,3494.81,0,0,RFC10_ALPINE_WEST_BALKANS,OPERATOR_REPORTING,1,2025-04-09
2018-09,ES,ES_RAIL_OP021,ESST321,FIST281,1353.5,4387.77,90.75,10.09,192,117.03,15.923,43.81,2257.47,1,0,RFC1_RHINE_ALPINE,EUROSTAT_RAIL,1,2024-01-06
2018-10,HR,HR_RAIL_OP022,HRST322,LVST282,1885.08,2255.41,70.91,16.81,402,136.57,7.839,97.1,8016.54,1,0,RFC2_NSEA_MED,ERA_PERFORMANCE_REPORT,1,2026-01-09
2018-11,FI,FI_RAIL_OP023,FIST323,ROST283,1341.25,4316.61,73.09,21.54,666,137.92,44.033,70.35,8581.95,1,0,RFC3_SCAND_MED,INFRA_MANAGER_DATA,1,2024-02-25
2018-12,IE,IE_RAIL_OP024,IEST324,BGST284,3101.01,2445.02,89.08,2.44,56,127.46,65.79,41.79,3376.3,1,0,RFC4_ATLANTIC,OPERATOR_REPORTING,1,2024-02-12
2019-01,MT,MT_RAIL_OP025,MTST325,FRST285,4180.15,1516.11,80.55,10.38,654,96.22,113.682,55.93,2620.02,1,0,RFC5_BALTIC_ADRIATIC,EUROSTAT_RAIL,1,2025-11-13
2019-02,SK,SK_RAIL_OP026,SKST326,LTST286,1629.08,3740.72,95.38,4.28,571,102.53,44.177,67.15,4787.81,1,0,RFC6_MEDITERRANEAN,ERA_PERFORMANCE_REPORT,1,2025-04-19
2019-03,BE,BE_RAIL_OP027,BEST327,SKST287,6443.37,2424.47,97.77,2.56,223,117.5,103.675,89.77,5417.7,1,0,RFC7_ORIENT_EASTMED,INFRA_MANAGER_DATA,1,2025-12-26
2019-04,DK,DK_RAIL_OP028,DKST328,HRST288,1313.23,2787.82,70.86,8.78,212,107.72,47.178,89.43,4062.46,1,0,RFC8_NORTH_SEA_BALTIC,OPERATOR_REPORTING,1,2025-12-09
2019-05,GR,GR_RAIL_OP029,GRST329,DEST289,4587.15,912.38,95.44,11.3,524,136.59,103.811,31.18,1980.62,1,0,RFC9_RHINE_DANUBE,EUROSTAT_RAIL,1,2025-02-24
2019-06,LT,LT_RAIL_OP030,LTST330,LUST290,3341.99,2843.51,76.22,7.16,161,140.77,100.657,80.97,972.27,1,0,RFC10_ALPINE_WEST_BALKANS,ERA_PERFORMANCE_REPORT,1,2026-02-07
2019-07,PT,PT_RAIL_OP031,PTST331,SIST291,171.97,4902.12,78.17,2.58,234,125.89,134.89,71.43,9494.3,1,0,RFC1_RHINE_ALPINE,INFRA_MANAGER_DATA,1,2024-03-03
2019-08,SE,SE_RAIL_OP032,SEST332,CYST292,7196.4,3361.04,94.0,8.45,47,95.64,87.978,33.91,2065.61,0,1,RFC2_NSEA_MED,OPERATOR_REPORTING,1,2025-01-11
2019-09,CY,CY_RAIL_OP033,CYST333,GRST293,352.37,1076.65,83.1,11.78,641,130.58,46.862,87.04,7243.79,0,0,RFC3_SCAND_MED,EUROSTAT_RAIL,1,2024-09-10
2019-10,FR,FR_RAIL_OP034,FRST334,MTST294,363.86,2198.26,84.17,4.84,627,98.15,86.005,55.14,2141.2,0,1,RFC4_ATLANTIC,ERA_PERFORMANCE_REPORT,1,2024-05-19
2019-11,IT,IT_RAIL_OP035,ITST335,ESST295,1554.36,1891.36,96.42,1.92,22,120.9,21.859,37.84,335.8,1,0,RFC5_BALTIC_ADRIATIC,INFRA_MANAGER_DATA,1,2025-04-05
2019-12,NL,NL_RAIL_OP036,NLST336,CZST296,2444.24,1089.91,90.72,10.91,55,123.24,138.465,86.04,6894.56,1,0,RFC6_MEDITERRANEAN,OPERATOR_REPORTING,1,2024-06-06
2020-01,SI,SI_RAIL_OP037,SIST337,HUST297,4089.96,2666.03,70.3,0.78,278,87.93,8.112,78.4,7593.43,1,0,RFC7_ORIENT_EASTMED,EUROSTAT_RAIL,0,2025-01-10
2020-02,BG,BG_RAIL_OP038,BGST338,NLST298,2970.24,527.27,95.29,2.15,577,119.49,56.534,69.66,9797.2,0,0,RFC8_NORTH_SEA_BALTIC,ERA_PERFORMANCE_REPORT,1,2025-07-13
2020-03,EE,EE_RAIL_OP039,EEST339,SEST299,2109.36,2128.49,78.25,7.63,589,144.04,21.162,91.66,3109.32,1,0,RFC9_RHINE_DANUBE,INFRA_MANAGER_DATA,1,2024-09-27
2020-04,HU,HU_RAIL_OP040,HUST340,DKST300,2740.39,1159.93,77.45,1.14,309,114.14,12.949,86.73,2211.61,1,0,RFC10_ALPINE_WEST_BALKANS,OPERATOR_REPORTING,1,2024-12-08
2020-05,LU,LU_RAIL_OP041,LUST341,IEST301,4951.08,2178.88,72.12,20.16,373,133.3,70.148,45.04,141.03,1,0,RFC1_RHINE_ALPINE,EUROSTAT_RAIL,1,2024-12-20
2020-06,RO,RO_RAIL_OP042,ROST342,PLST302,1439.61,782.71,85.75,9.07,57,119.34,11.117,74.62,1307.22,1,0,RFC2_NSEA_MED,ERA_PERFORMANCE_REPORT,1,2024-05-20
2020-07,AT,AT_RAIL_OP043,ATST343,ATST303,1089.46,1366.22,87.45,6.81,661,106.7,91.341,85.57,6198.9,0,0,RFC3_SCAND_MED,INFRA_MANAGER_DATA,1,2024-09-12
2020-08,CZ,CZ_RAIL_OP044,CZST344,EEST304,3991.42,57.59,72.2,13.43,1006,109.35,97.069,40.68,2487.8,1,0,RFC4_ATLANTIC,OPERATOR_REPORTING,1,2025-12-01
2020-09,DE,DE_RAIL_OP045,DEST345,ITST305,6987.98,1257.94,76.97,20.17,301,130.02,86.9,91.55,5349.54,1,0,RFC5_BALTIC_ADRIATIC,EUROSTAT_RAIL,1,2024-03-14
2020-10,LV,LV_RAIL_OP046,LVST346,PTST306,2418.27,1130.22,98.06,1.1,295,110.65,80.871,62.13,6691.49,1,0,RFC6_MEDITERRANEAN,ERA_PERFORMANCE_REPORT,1,2026-01-09
2020-11,PL,PL_RAIL_OP047,PLST347,BEST307,2771.64,1076.41,83.75,13.68,116,113.54,8.13,96.17,2024.03,1,0,RFC7_ORIENT_EASTMED,INFRA_MANAGER_DATA,0,2025-02-12
2020-12,ES,ES_RAIL_OP048,ESST348,FIST308,1481.65,953.34,88.84,8.49,25,142.71,46.185,66.57,3889.19,0,0,RFC8_NORTH_SEA_BALTIC,OPERATOR_REPORTING,1,2025-02-20
2021-01,HR,HR_RAIL_OP049,HRST349,LVST309,2420.03,4303.1,85.18,5.86,355,114.79,27.742,57.11,1821.49,1,1,RFC9_RHINE_DANUBE,EUROSTAT_RAIL,1,2024-11-28
2021-02,FI,FI_RAIL_OP050,FIST350,ROST310,2963.37,1959.22,73.04,5.0,679,123.27,7.368,92.23,3095.98,1,0,RFC10_ALPINE_WEST_BALKANS,ERA_PERFORMANCE_REPORT,1,2024-03-28
2021-03,IE,IE_RAIL_OP051,IEST351,BGST311,1240.73,1082.65,71.23,17.59,236,142.54,107.13,63.23,4277.14,1,0,RFC1_RHINE_ALPINE,INFRA_MANAGER_DATA,1,2024-06-18
2021-04,MT,MT_RAIL_OP052,MTST352,FRST312,2721.61,1927.07,72.74,20.35,69,113.88,74.253,61.46,4197.75,1,0,RFC2_NSEA_MED,OPERATOR_REPORTING,1,2025-02-12
2021-05,SK,SK_RAIL_OP053,SKST353,LTST313,4157.79,2000.36,74.35,6.28,692,116.25,84.005,50.22,2870.43,0,0,RFC3_SCAND_MED,EUROSTAT_RAIL,1,2025-09-28
2021-06,BE,BE_RAIL_OP054,BEST354,SKST314,949.4,2559.91,80.62,12.87,394,107.5,36.832,33.08,1134.35,1,0,RFC4_ATLANTIC,ERA_PERFORMANCE_REPORT,1,2024-09-07
2021-07,DK,DK_RAIL_OP055,DKST355,HRST315,3365.37,269.65,82.17,12.36,163,135.2,104.111,50.75,288.73,0,0,RFC5_BALTIC_ADRIATIC,INFRA_MANAGER_DATA,1,2025-04-17
2021-08,GR,GR_RAIL_OP056,GRST356,DEST316,5501.27,5062.01,89.6,9.23,246,144.69,17.825,91.33,8325.62,1,1,RFC6_MEDITERRANEAN,OPERATOR_REPORTING,1,2025-09-11
2021-09,LT,LT_RAIL_OP057,LTST357,LUST317,3679.73,1059.91,97.31,9.01,528,103.76,35.014,67.46,7018.28,0,0,RFC7_ORIENT_EASTMED,EUROSTAT_RAIL,1,2025-04-17
2021-10,PT,PT_RAIL_OP058,PTST358,SIST318,2254.45,1796.51,96.56,10.32,502,103.16,1.904,89.16,4867.26,0,1,RFC8_NORTH_SEA_BALTIC,ERA_PERFORMANCE_REPORT,1,2024-12-01
2021-11,SE,SE_RAIL_OP059,SEST359,CYST319,569.98,1105.73,95.45,1.24,422,124.05,123.75,80.63,1620.32,1,1,RFC9_RHINE_DANUBE,INFRA_MANAGER_DATA,1,2024-01-11
2021-12,CY,CY_RAIL_OP060,CYST360,GRST320,5919.56,2631.09,90.79,11.49,629,114.99,60.763,55.81,1139.75,1,0,RFC10_ALPINE_WEST_BALKANS,OPERATOR_REPORTING,1,2025-11-18
2022-01,FR,FR_RAIL_OP001,FRST361,MTST321,3675.81,1105.54,75.47,22.24,399,114.5,39.68,66.31,6522.74,1,0,RFC1_RHINE_ALPINE,EUROSTAT_RAIL,1,2024-12-13
2022-02,IT,IT_RAIL_OP002,ITST362,ESST322,1183.22,6348.94,90.98,5.42,520,143.28,64.387,73.42,6998.67,1,0,RFC2_NSEA_MED,ERA_PERFORMANCE_REPORT,1,2025-02-01
2022-03,NL,NL_RAIL_OP003,NLST363,CZST323,42.71,5115.17,76.26,2.15,654,100.83,18.923,76.77,6092.57,1,0,RFC3_SCAND_MED,INFRA_MANAGER_DATA,1,2024-07-11
2022-04,SI,SI_RAIL_OP004,SIST364,HUST324,1573.22,1791.23,98.47,12.17,553,107.67,75.792,39.16,6475.63,1,0,RFC4_ATLANTIC,OPERATOR_REPORTING,1,2024-06-17
2022-05,BG,BG_RAIL_OP005,BGST365,NLST325,4677.68,1616.12,83.91,9.34,590,131.18,44.454,43.56,6112.78,1,0,RFC5_BALTIC_ADRIATIC,EUROSTAT_RAIL,1,2025-03-06
2022-06,EE,EE_RAIL_OP006,EEST366,SEST326,5069.48,4109.43,97.05,2.01,387,88.25,135.087,71.52,9051.08,1,0,RFC6_MEDITERRANEAN,ERA_PERFORMANCE_REPORT,1,2024-02-13
2022-07,HU,HU_RAIL_OP007,HUST367,DKST327,2987.12,1822.27,78.54,7.6,243,87.83,91.435,95.8,7403.72,1,0,RFC7_ORIENT_EASTMED,INFRA_MANAGER_DATA,1,2024-12-18
2022-08,LU,LU_RAIL_OP008,LUST368,IEST328,2724.62,80.55,75.96,8.54,512,98.1,53.943,62.28,3071.43,0,0,RFC8_NORTH_SEA_BALTIC,OPERATOR_REPORTING,1,2026-02-09
2022-09,RO,RO_RAIL_OP009,ROST369,PLST329,2752.8,3072.18,92.89,8.68,68,117.79,39.048,82.51,4806.66,1,1,RFC9_RHINE_DANUBE,EUROSTAT_RAIL,1,2024-01-30
2022-10,AT,AT_RAIL_OP010,ATST370,ATST330,2387.57,3165.73,86.71,13.99,553,100.95,56.671,31.42,3063.88,1,0,RFC10_ALPINE_WEST_BALKANS,ERA_PERFORMANCE_REPORT,1,2024-05-31
2022-11,CZ,CZ_RAIL_OP011,CZST371,EEST331,723.53,1404.31,77.41,16.38,447,104.56,75.131,46.52,5966.55,0,0,RFC1_RHINE_ALPINE,INFRA_MANAGER_DATA,1,2025-10-17
2022-12,DE,DE_RAIL_OP012,DEST372,ITST332,2036.56,1029.19,93.48,4.16,458,116.59,3.444,54.03,1522.05,1,0,RFC2_NSEA_MED,OPERATOR_REPORTING,1,2025-03-21
2023-01,LV,LV_RAIL_OP013,LVST373,PTST333,950.46,2396.68,94.17,3.81,660,106.98,91.186,39.71,2581.11,1,0,RFC3_SCAND_MED,EUROSTAT_RAIL,1,2024-05-11
2023-02,PL,PL_RAIL_OP014,PLST374,BEST334,4284.74,1152.88,73.64,10.01,866,90.74,70.286,47.33,1546.47,1,0,RFC4_ATLANTIC,ERA_PERFORMANCE_REPORT,1,2024-08-08
2023-03,ES,ES_RAIL_OP015,ESST375,FIST335,3919.14,4379.04,85.17,10.21,13,120.56,7.173,75.78,3184.81,1,0,RFC5_BALTIC_ADRIATIC,INFRA_MANAGER_DATA,1,2024-12-27
2023-04,HR,HR_RAIL_OP016,HRST376,LVST336,3950.72,4008.49,80.6,2.36,340,97.88,49.732,69.74,6999.01,1,0,RFC6_MEDITERRANEAN,OPERATOR_REPORTING,0,2025-01-30
2023-05,FI,FI_RAIL_OP017,FIST377,ROST337,5135.8,3688.14,74.41,5.65,566,132.93,42.318,99.27,949.67,1,0,RFC7_ORIENT_EASTMED,EUROSTAT_RAIL,1,2024-03-25
2023-06,IE,IE_RAIL_OP018,IEST378,BGST338,4210.5,2508.71,97.41,10.17,257,144.58,94.557,46.92,4636.19,1,1,RFC8_NORTH_SEA_BALTIC,ERA_PERFORMANCE_REPORT,1,2024-06-29
2023-07,MT,MT_RAIL_OP019,MTST379,FRST339,3552.95,5681.32,79.38,12.95,487,112.21,26.184,75.1,8321.45,0,1,RFC9_RHINE_DANUBE,INFRA_MANAGER_DATA,1,2025-10-27
2023-08,SK,SK_RAIL_OP020,SKST380,LTST340,3792.32,1721.18,94.27,7.54,131,111.74,69.459,46.53,1663.19,1,0,RFC10_ALPINE_WEST_BALKANS,OPERATOR_REPORTING,1,2025-12-29
2023-09,BE,BE_RAIL_OP021,BEST381,SKST341,117.07,3103.98,98.28,14.06,134,91.26,43.84,80.76,4626.29,1,0,RFC1_RHINE_ALPINE,EUROSTAT_RAIL,1,2024-06-25
2023-10,DK,DK_RAIL_OP022,DKST382,HRST342,1480.14,1580.91,79.97,12.57,589,99.82,108.397,59.8,4454.33,1,0,RFC2_NSEA_MED,ERA_PERFORMANCE_REPORT,1,2026-02-11
2023-11,GR,GR_RAIL_OP023,GRST383,DEST343,3049.92,1948.77,94.58,7.36,324,112.5,13.277,83.58,1825.11,1,0,RFC3_SCAND_MED,INFRA_MANAGER_DATA,0,2024-07-06
2023-12,LT,LT_RAIL_OP024,LTST384,LUST344,1557.73,305.75,76.49,17.11,629,98.61,40.114,54.93,4250.02,1,0,RFC4_ATLANTIC,OPERATOR_REPORTING,1,2024-10-17
2024-01,PT,PT_RAIL_OP025,PTST385,SIST345,1244.61,1246.5,96.86,3.37,228,101.76,37.347,97.74,5438.33,1,0,RFC5_BALTIC_ADRIATIC,EUROSTAT_RAIL,1,2025-11-24
2024-02,SE,SE_RAIL_OP026,SEST386,CYST346,6328.89,1368.28,71.88,22.7,530,123.19,66.467,41.91,1893.59,0,0,RFC6_MEDITERRANEAN,ERA_PERFORMANCE_REPORT,1,2025-01-25
2024-03,CY,CY_RAIL_OP027,CYST387,GRST347,3928.18,106.75,86.99,9.86,368,127.29,41.961,81.02,930.61,1,1,RFC7_ORIENT_EASTMED,INFRA_MANAGER_DATA,1,2024-11-26
2024-04,FR,FR_RAIL_OP028,FRST388,MTST348,276.3,2834.31,68.21,3.28,289,105.45,87.561,44.59,4091.6,0,0,RFC8_NORTH_SEA_BALTIC,OPERATOR_REPORTING,1,2026-02-05
2024-05,IT,IT_RAIL_OP029,ITST389,ESST349,1238.69,963.93,72.31,9.2,536,127.67,102.538,76.7,1660.34,0,1,RFC9_RHINE_DANUBE,EUROSTAT_RAIL,1,2025-06-22
2024-06,NL,NL_RAIL_OP030,NLST390,CZST350,1843.09,3659.89,69.64,14.23,139,110.5,102.992,66.32,8545.15,0,0,RFC10_ALPINE_WEST_BALKANS,ERA_PERFORMANCE_REPORT,1,2025-01-01
2024-07,SI,SI_RAIL_OP031,SIST391,HUST351,1292.92,2436.47,90.31,0.97,514,111.9,46.444,99.07,9474.81,1,0,RFC1_RHINE_ALPINE,INFRA_MANAGER_DATA,1,2024-08-01
2024-08,BG,BG_RAIL_OP032,BGST392,NLST352,2902.62,401.84,78.52,8.46,648,131.16,148.593,69.4,7489.93,0,0,RFC2_NSEA_MED,OPERATOR_REPORTING,1,2025-02-04
2024-09,EE,EE_RAIL_OP033,EEST393,SEST353,2442.61,1325.74,68.63,1.28,368,117.07,68.011,92.68,8346.36,1,0,RFC3_SCAND_MED,EUROSTAT_RAIL,1,2025-05-09
2024-10,HU,HU_RAIL_OP034,HUST394,DKST354,18.54,283.26,86.8,1.94,644,95.63,92.977,39.04,5057.28,0,1,RFC4_ATLANTIC,ERA_PERFORMANCE_REPORT,1,2024-03-16
2024-11,LU,LU_RAIL_OP035,LUST395,IEST355,3755.54,54.78,70.89,1.28,100,90.86,29.239,48.01,566.38,1,0,RFC5_BALTIC_ADRIATIC,INFRA_MANAGER_DATA,1,2024-02-14
2024-12,RO,RO_RAIL_OP036,ROST396,PLST356,1176.1,2791.51,94.91,11.65,437,97.83,43.198,43.94,35.18,0,0,RFC6_MEDITERRANEAN,OPERATOR_REPORTING,1,2025-07-16
2025-01,AT,AT_RAIL_OP037,ATST397,ATST357,1499.86,3301.1,90.82,3.3,328,125.11,129.745,62.04,6705.95,1,1,RFC7_ORIENT_EASTMED,EUROSTAT_RAIL,1,2025-06-22
2025-02,CZ,CZ_RAIL_OP038,CZST398,EEST358,2291.57,4544.07,68.5,22.13,707,103.09,30.539,96.33,8075.31,1,0,RFC8_NORTH_SEA_BALTIC,ERA_PERFORMANCE_REPORT,1,2024-04-23
2025-03,DE,DE_RAIL_OP039,DEST399,ITST359,387.93,4286.24,69.1,20.46,475,89.29,94.028,58.52,2300.13,0,1,RFC9_RHINE_DANUBE,INFRA_MANAGER_DATA,1,2025-03-04
2025-04,LV,LV_RAIL_OP040,LVST400,PTST360,2966.83,685.84,94.67,5.73,375,113.39,49.016,97.26,2953.44,0,0,RFC10_ALPINE_WEST_BALKANS,OPERATOR_REPORTING,1,2025-05-03
2025-05,PL,PL_RAIL_OP041,PLST401,BEST361,7024.71,2315.51,75.85,16.19,162,99.08,104.462,31.15,2167.26,1,0,RFC1_RHINE_ALPINE,EUROSTAT_RAIL,1,2025-01-26
2025-06,ES,ES_RAIL_OP042,ESST402,FIST362,456.78,1484.69,82.97,2.7,438,105.91,20.325,39.79,1236.05,1,0,RFC2_NSEA_MED,ERA_PERFORMANCE_REPORT,1,2024-06-25
2025-07,HR,HR_RAIL_OP043,HRST403,LVST363,2546.29,5225.09,92.55,3.76,625,110.14,70.31,32.11,173.61,0,0,RFC3_SCAND_MED,INFRA_MANAGER_DATA,1,2024-12-30
2025-08,FI,FI_RAIL_OP044,FIST404,ROST364,1664.15,1089.79,87.92,11.36,340,140.83,39.686,33.3,6615.1,1,0,RFC4_ATLANTIC,OPERATOR_REPORTING,1,2024-06-30
2025-09,IE,IE_RAIL_OP045,IEST405,BGST365,5651.89,3556.74,90.08,4.66,206,121.64,32.26,77.13,571.8,1,0,RFC5_BALTIC_ADRIATIC,EUROSTAT_RAIL,1,2024-09-28
2025-10,MT,MT_RAIL_OP046,MTST406,FRST366,842.81,1653.57,69.94,10.56,302,118.8,138.573,68.63,619.5,1,0,RFC6_MEDITERRANEAN,ERA_PERFORMANCE_REPORT,1,2024-07-29
2025-11,SK,SK_RAIL_OP047,SKST407,LTST367,3450.78,3498.28,86.54,13.27,372,94.22,18.245,72.53,6988.18,1,0,RFC7_ORIENT_EASTMED,INFRA_MANAGER_DATA,1,2024-10-24
2025-12,BE,BE_RAIL_OP048,BEST408,SKST368,4007.23,3257.79,76.67,12.74,347,111.44,2.805,90.65,2804.92,1,0,RFC8_NORTH_SEA_BALTIC,OPERATOR_REPORTING,1,2025-09-29
2026-01,DK,DK_RAIL_OP049,DKST409,HRST369,4272.66,580.28,77.18,13.68,471,110.06,47.797,44.65,6042.55,1,0,RFC9_RHINE_DANUBE,EUROSTAT_RAIL,1,2025-11-06
2026-02,GR,GR_RAIL_OP050,GRST410,DEST370,4359.12,4795.7,69.64,8.98,927,93.58,112.424,96.4,7185.21,1,0,RFC10_ALPINE_WEST_BALKANS,ERA_PERFORMANCE_REPORT,1,2025-11-19
2026-03,LT,LT_RAIL_OP051,LTST411,LUST371,5595.15,5500.48,93.64,10.09,231,143.28,23.631,57.23,1013.04,0,0,RFC1_RHINE_ALPINE,INFRA_MANAGER_DATA,1,2025-07-26
2026-04,PT,PT_RAIL_OP052,PTST412,SIST372,3379.06,1738.37,83.6,2.37,249,95.82,104.867,87.37,1653.07,0,0,RFC2_NSEA_MED,OPERATOR_REPORTING,1,2025-06-08
2026-05,SE,SE_RAIL_OP053,SEST413,CYST373,1128.25,1874.46,71.59,4.99,11,105.88,53.497,38.88,3769.85,1,0,RFC3_SCAND_MED,EUROSTAT_RAIL,1,2025-04-17
2026-06,CY,CY_RAIL_OP054,CYST414,GRST374,359.42,1124.35,78.97,10.76,353,105.17,76.789,90.27,8094.67,1,0,RFC4_ATLANTIC,ERA_PERFORMANCE_REPORT,1,2025-10-10
2026-07,FR,FR_RAIL_OP055,FRST415,MTST375,810.06,709.57,77.33,22.11,532,102.69,68.075,43.26,2275.1,0,0,RFC5_BALTIC_ADRIATIC,INFRA_MANAGER_DATA,1,2024-06-12
2026-08,IT,IT_RAIL_OP056,ITST416,ESST376,5637.71,4001.57,94.93,9.49,86,126.3,57.962,97.5,65.19,1,1,RFC6_MEDITERRANEAN,OPERATOR_REPORTING,1,2026-02-02
2026-09,NL,NL_RAIL_OP057,NLST417,CZST377,2560.05,1370.02,83.74,4.37,327,109.39,66.048,45.92,6740.74,1,0,RFC7_ORIENT_EASTMED,EUROSTAT_RAIL,1,2025-01-29
2026-10,SI,SI_RAIL_OP058,SIST418,HUST378,5311.26,1989.13,74.81,1.84,696,96.88,68.107,64.31,9921.7,1,0,RFC8_NORTH_SEA_BALTIC,ERA_PERFORMANCE_REPORT,1,2024-12-26
2026-11,BG,BG_RAIL_OP059,BGST419,NLST379,1644.91,1902.09,94.48,6.03,527,113.12,96.807,40.32,1181.75,0,0,RFC9_RHINE_DANUBE,INFRA_MANAGER_DATA,1,2025-10-16
2026-12,EE,EE_RAIL_OP060,EEST420,SEST380,1059.83,1800.94,68.78,14.65,290,116.84,115.666,49.15,3479.49,1,1,RFC10_ALPINE_WEST_BALKANS,OPERATOR_REPORTING,1,2025-12-29
2016-01,HU,HU_RAIL_OP001,HUST421,DKST381,3389.33,2402.81,74.79,0.7,301,129.49,92.938,68.56,6945.08,1,0,RFC1_RHINE_ALPINE,EUROSTAT_RAIL,1,2025-08-24
2016-02,LU,LU_RAIL_OP002,LUST422,IEST382,1616.21,3111.01,86.47,3.38,644,89.32,79.855,74.79,1997.26,1,0,RFC2_NSEA_MED,ERA_PERFORMANCE_REPORT,1,2024-01-19
2016-03,RO,RO_RAIL_OP003,ROST423,PLST383,423.36,5807.54,71.64,2.1,1099,100.69,23.819,81.21,4073.13,1,0,RFC3_SCAND_MED,INFRA_MANAGER_DATA,0,2025-03-18
2016-04,AT,AT_RAIL_OP004,ATST424,ATST384,3493.84,1064.16,73.54,19.16,1057,121.74,38.638,55.95,3555.65,0,0,RFC4_ATLANTIC,OPERATOR_REPORTING,1,2025-12-13
2016-05,CZ,CZ_RAIL_OP005,CZST425,EEST385,4030.73,3250.03,71.17,17.29,563,87.43,32.432,64.09,4853.12,0,0,RFC5_BALTIC_ADRIATIC,EUROSTAT_RAIL,1,2025-12-30
2016-06,DE,DE_RAIL_OP006,DEST426,ITST386,603.97,4460.88,92.6,13.33,503,130.13,28.128,75.93,6434.78,1,0,RFC6_MEDITERRANEAN,ERA_PERFORMANCE_REPORT,1,2024-05-04
2016-07,LV,LV_RAIL_OP007,LVST427,PTST387,1677.33,205.79,95.21,4.02,133,133.21,60.894,72.64,3479.61,1,0,RFC7_ORIENT_EASTMED,INFRA_MANAGER_DATA,1,2024-01-11
2016-08,PL,PL_RAIL_OP008,PLST428,BEST388,3356.43,3411.02,72.95,4.32,931,134.88,75.09,95.39,7075.3,0,1,RFC8_NORTH_SEA_BALTIC,OPERATOR_REPORTING,1,2025-06-14
2016-09,ES,ES_RAIL_OP009,ESST429,FIST389,721.47,5328.17,83.98,4.67,79,137.47,143.951,80.55,5974.85,0,0,RFC9_RHINE_DANUBE,EUROSTAT_RAIL,1,2025-09-23
2016-10,HR,HR_RAIL_OP010,HRST430,LVST390,1247.18,846.68,77.28,8.81,363,119.32,13.079,44.1,2260.91,1,1,RFC10_ALPINE_WEST_BALKANS,ERA_PERFORMANCE_REPORT,1,2024-10-06
2016-11,FI,FI_RAIL_OP011,FIST431,ROST391,992.51,4195.94,97.09,0.48,283,141.03,146.603,89.18,2624.7,0,0,RFC1_RHINE_ALPINE,INFRA_MANAGER_DATA,1,2025-04-11
2016-12,IE,IE_RAIL_OP012,IEST432,BGST392,1664.06,2047.83,76.15,14.26,260,97.37,9.894,70.55,4278.49,1,0,RFC2_NSEA_MED,OPERATOR_REPORTING,0,2025-03-19
2017-01,MT,MT_RAIL_OP013,MTST433,FRST393,5872.77,3920.14,96.54,13.47,646,95.69,11.02,32.66,5427.01,1,1,RFC3_SCAND_MED,EUROSTAT_RAIL,1,2025-11-23
2017-02,SK,SK_RAIL_OP014,SKST434,LTST394,477.08,5891.18,89.91,12.29,253,92.75,30.658,55.16,1571.42,1,1,RFC4_ATLANTIC,ERA_PERFORMANCE_REPORT,1,2024-08-10
2017-03,BE,BE_RAIL_OP015,BEST435,SKST395,3740.2,1901.95,91.74,4.51,501,101.21,48.845,62.03,5339.23,1,1,RFC5_BALTIC_ADRIATIC,INFRA_MANAGER_DATA,1,2024-10-03
2017-04,DK,DK_RAIL_OP016,DKST436,HRST396,4693.53,3582.37,86.31,5.78,166,121.3,7.964,50.31,3717.32,1,0,RFC6_MEDITERRANEAN,OPERATOR_REPORTING,1,2025-05-28
2017-05,GR,GR_RAIL_OP017,GRST437,DEST397,4700.62,455.08,77.14,20.45,499,116.13,29.75,45.85,3638.74,1,1,RFC7_ORIENT_EASTMED,EUROSTAT_RAIL,1,2026-01-25
2017-06,LT,LT_RAIL_OP018,LTST438,LUST398,1373.39,1579.56,76.4,18.86,278,125.85,32.706,63.93,6689.4,1,1,RFC8_NORTH_SEA_BALTIC,ERA_PERFORMANCE_REPORT,1,2025-04-27
2017-07,PT,PT_RAIL_OP019,PTST439,SIST399,5335.4,487.62,68.19,17.25,953,123.42,115.336,93.3,6886.61,0,0,RFC9_RHINE_DANUBE,INFRA_MANAGER_DATA,1,2024-02-09
2017-08,SE,SE_RAIL_OP020,SEST440,CYST400,1550.96,5702.65,96.95,6.67,65,120.43,62.053,73.09,4436.98,1,0,RFC10_ALPINE_WEST_BALKANS,OPERATOR_REPORTING,1,2024-07-07
2017-09,CY,CY_RAIL_OP021,CYST441,GRST401,3795.02,3476.61,83.74,4.64,107,137.61,102.349,45.21,4923.88,0,0,RFC1_RHINE_ALPINE,EUROSTAT_RAIL,1,2024-11-11
2017-10,FR,FR_RAIL_OP022,FRST442,MTST402,3198.61,2984.27,76.06,5.68,289,89.53,66.811,57.11,5240.06,0,0,RFC2_NSEA_MED,ERA_PERFORMANCE_REPORT,1,2024-11-28
2017-11,IT,IT_RAIL_OP023,ITST443,ESST403,1882.25,1224.14,82.93,0.78,137,108.69,51.274,55.37,3735.1,0,0,RFC3_SCAND_MED,INFRA_MANAGER_DATA,1,2025-09-07
2017-12,NL,NL_RAIL_OP024,NLST444,CZST404,474.67,1400.92,89.57,11.11,438,140.95,108.55,53.72,586.5,1,1,RFC4_ATLANTIC,OPERATOR_REPORTING,1,2024-05-23
2018-01,SI,SI_RAIL_OP025,SIST445,HUST405,3768.5,3631.45,77.19,5.51,344,132.66,64.214,37.5,6133.51,1,0,RFC5_BALTIC_ADRIATIC,EUROSTAT_RAIL,1,2025-10-24
2018-02,BG,BG_RAIL_OP026,BGST446,NLST406,4922.07,3116.85,87.64,12.63,197,124.53,0.792,81.34,1257.93,0,1,RFC6_MEDITERRANEAN,ERA_PERFORMANCE_REPORT,0,2025-06-17
2018-03,EE,EE_RAIL_OP027,EEST447,SEST407,3048.98,4815.43,76.89,3.95,333,114.35,39.336,73.71,5283.24,0,0,RFC7_ORIENT_EASTMED,INFRA_MANAGER_DATA,1,2024-12-01
2018-04,HU,HU_RAIL_OP028,HUST448,DKST408,15.49,635.86,95.21,2.21,283,113.41,10.493,40.73,125.64,1,0,RFC8_NORTH_SEA_BALTIC,OPERATOR_REPORTING,1,2024-02-29
2018-05,LU,LU_RAIL_OP029,LUST449,IEST409,2472.63,4114.96,78.08,5.97,353,120.03,32.849,56.16,6191.31,1,0,RFC9_RHINE_DANUBE,EUROSTAT_RAIL,0,2025-02-06
2018-06,RO,RO_RAIL_OP030,ROST450,PLST410,1197.23,3615.81,73.89,18.98,936,104.5,73.535,35.99,6626.59,1,1,RFC10_ALPINE_WEST_BALKANS,ERA_PERFORMANCE_REPORT,1,2025-05-17
2018-07,AT,AT_RAIL_OP031,ATST001,ATST411,4301.16,4748.69,88.2,13.02,540,142.9,79.396,48.22,4250.29,0,0,RFC1_RHINE_ALPINE,INFRA_MANAGER_DATA,1,2025-07-27
2018-08,CZ,CZ_RAIL_OP032,CZST002,EEST412,3995.54,514.87,74.93,10.73,372,113.49,10.662,60.58,2254.21,1,0,RFC2_NSEA_MED,OPERATOR_REPORTING,1,2026-01-10
2018-09,DE,DE_RAIL_OP033,DEST003,ITST413,3154.19,3051.56,72.13,7.17,877,117.81,35.366,95.42,8529.88,1,0,RFC3_SCAND_MED,EUROSTAT_RAIL,1,2025-05-23
2018-10,LV,LV_RAIL_OP034,LVST004,PTST414,3727.77,1127.36,98.01,9.75,602,134.9,142.118,59.77,5862.32,1,0,RFC4_ATLANTIC,ERA_PERFORMANCE_REPORT,1,2025-05-25
2018-11,PL,PL_RAIL_OP035,PLST005,BEST415,132.73,1567.31,97.28,8.71,647,119.8,19.791,62.54,8084.43,0,1,RFC5_BALTIC_ADRIATIC,INFRA_MANAGER_DATA,1,2025-07-31
2018-12,ES,ES_RAIL_OP036,ESST006,FIST416,3975.78,2133.94,86.08,10.01,75,108.79,28.665,49.17,6733.07,1,0,RFC6_MEDITERRANEAN,OPERATOR_REPORTING,1,2025-08-07
2019-01,HR,HR_RAIL_OP037,HRST007,LVST417,4167.88,3070.12,73.74,6.66,593,139.78,98.537,95.39,5444.03,1,0,RFC7_ORIENT_EASTMED,EUROSTAT_RAIL,1,2024-04-23
2019-02,FI,FI_RAIL_OP038,FIST008,ROST418,3721.82,1508.43,94.73,1.27,660,94.69,29.172,92.65,4676.9,0,1,RFC8_NORTH_SEA_BALTIC,ERA_PERFORMANCE_REPORT,1,2025-09-05
2019-03,IE,IE_RAIL_OP039,IEST009,BGST419,199.43,4522.5,72.1,16.51,53,137.13,27.201,60.06,1353.53,0,0,RFC9_RHINE_DANUBE,INFRA_MANAGER_DATA,1,2025-02-05
2019-04,MT,MT_RAIL_OP040,MTST010,FRST420,2482.8,191.7,87.66,6.88,503,85.5,15.886,91.31,4626.06,0,1,RFC10_ALPINE_WEST_BALKANS,OPERATOR_REPORTING,1,2025-07-05
2019-05,SK,SK_RAIL_OP041,SKST011,LTST421,5159.62,1528.99,74.38,23.07,386,123.45,70.141,54.63,1960.22,1,1,RFC1_RHINE_ALPINE,EUROSTAT_RAIL,1,2026-02-12
2019-06,BE,BE_RAIL_OP042,BEST012,SKST422,1587.74,3197.05,69.66,8.93,729,120.87,85.919,30.36,426.74,1,0,RFC2_NSEA_MED,ERA_PERFORMANCE_REPORT,1,2024-11-06
2019-07,DK,DK_RAIL_OP043,DKST013,HRST423,4198.74,2490.45,82.78,5.85,663,98.78,142.048,70.13,6607.38,1,0,RFC3_SCAND_MED,INFRA_MANAGER_DATA,1,2025-01-10
2019-08,GR,GR_RAIL_OP044,GRST014,DEST424,1782.84,4711.54,88.48,7.98,44,140.61,38.937,38.5,2749.69,1,0,RFC4_ATLANTIC,OPERATOR_REPORTING,1,2024-01-03
2019-09,LT,LT_RAIL_OP045,LTST015,LUST425,1399.49,386.35,87.27,7.98,354,122.38,92.376,79.83,8258.12,1,0,RFC5_BALTIC_ADRIATIC,EUROSTAT_RAIL,1,2024-04-27
2019-10,PT,PT_RAIL_OP046,PTST016,SIST426,1668.92,2646.75,70.17,19.63,125,123.13,50.282,72.44,5043.1,0,0,RFC6_MEDITERRANEAN,ERA_PERFORMANCE_REPORT,1,2026-02-09
2019-11,SE,SE_RAIL_OP047,SEST017,CYST427,1057.89,515.02,70.57,19.32,275,95.17,71.249,95.01,7893.01,1,0,RFC7_ORIENT_EASTMED,INFRA_MANAGER_DATA,1,2024-04-21
2019-12,CY,CY_RAIL_OP048,CYST018,GRST428,612.91,2088.03,92.11,4.21,196,133.91,119.363,88.9,4955.37,1,1,RFC8_NORTH_SEA_BALTIC,OPERATOR_REPORTING,1,2024-07-03
2020-01,FR,FR_RAIL_OP049,FRST019,MTST429,3044.4,945.13,88.97,10.84,660,114.92,26.355,51.28,1913.17,0,0,RFC9_RHINE_DANUBE,EUROSTAT_RAIL,1,2024-04-28
2020-02,IT,IT_RAIL_OP050,ITST020,ESST430,5959.09,4614.25,96.02,3.66,361,126.66,57.494,61.21,9473.42,1,0,RFC10_ALPINE_WEST_BALKANS,ERA_PERFORMANCE_REPORT,1,2025-07-10
2020-03,NL,NL_RAIL_OP051,NLST021,CZST431,2533.65,4453.77,82.19,9.17,266,98.49,1.237,43.97,1784.74,0,0,RFC1_RHINE_ALPINE,INFRA_MANAGER_DATA,1,2025-03-19
2020-04,SI,SI_RAIL_OP052,SIST022,HUST432,4321.97,921.46,93.88,2.51,164,141.21,61.612,65.56,6764.02,0,0,RFC2_NSEA_MED,OPERATOR_REPORTING,1,2024-09-29
2020-05,BG,BG_RAIL_OP053,BGST023,NLST433,1089.44,737.63,75.27,5.98,440,135.72,114.6,85.77,7371.37,0,0,RFC3_SCAND_MED,EUROSTAT_RAIL,1,2024-08-21
2020-06,EE,EE_RAIL_OP054,EEST024,SEST434,850.69,3131.05,74.13,1.7,1113,114.53,115.656,43.27,2504.82,1,0,RFC4_ATLANTIC,ERA_PERFORMANCE_REPORT,1,2024-05-23
2020-07,HU,HU_RAIL_OP055,HUST025,DKST435,210.41,1807.18,92.25,6.96,375,86.48,26.894,32.64,1556.81,0,0,RFC5_BALTIC_ADRIATIC,INFRA_MANAGER_DATA,1,2025-07-13
2020-08,LU,LU_RAIL_OP056,LUST026,IEST436,3815.98,3113.83,94.38,8.76,27,140.34,22.021,46.6,562.8,1,0,RFC6_MEDITERRANEAN,OPERATOR_REPORTING,0,2024-09-09
2020-09,RO,RO_RAIL_OP057,ROST027,PLST437,3008.16,541.86,93.58,8.32,33,133.98,2.655,85.89,1488.26,1,1,RFC7_ORIENT_EASTMED,EUROSTAT_RAIL,1,2025-09-24
2020-10,AT,AT_RAIL_OP058,ATST028,ATST438,4169.97,4813.93,69.62,11.82,962,89.73,25.654,81.0,631.55,0,0,RFC8_NORTH_SEA_BALTIC,ERA_PERFORMANCE_REPORT,1,2024-09-28
2020-11,CZ,CZ_RAIL_OP059,CZST029,EEST439,3282.29,3924.4,79.49,8.19,205,102.99,35.213,54.04,991.94,1,0,RFC9_RHINE_DANUBE,INFRA_MANAGER_DATA,1,2024-08-13
2020-12,DE,DE_RAIL_OP060,DEST030,ITST440,5113.34,2258.0,76.96,17.24,500,141.62,114.477,92.74,6017.52,1,1,RFC10_ALPINE_WEST_BALKANS,OPERATOR_REPORTING,1,2024-10-31
2021-01,LV,LV_RAIL_OP001,LVST031,PTST441,2606.03,45.84,95.92,11.91,370,133.66,63.142,72.15,4908.58,1,0,RFC1_RHINE_ALPINE,EUROSTAT_RAIL,1,2026-01-15
2021-02,PL,PL_RAIL_OP002,PLST032,BEST442,2286.54,886.7,69.94,8.46,1003,93.88,119.345,59.25,5792.63,1,1,RFC2_NSEA_MED,ERA_PERFORMANCE_REPORT,0,2025-05-06
2021-03,ES,ES_RAIL_OP003,ESST033,FIST443,1203.16,1453.11,90.89,5.63,70,87.48,122.191,94.69,8412.8,1,0,RFC3_SCAND_MED,INFRA_MANAGER_DATA,1,2025-05-06
2021-04,HR,HR_RAIL_OP004,HRST034,LVST444,4729.27,1250.98,84.29,6.73,63,96.07,4.64,74.87,9776.3,0,1,RFC4_ATLANTIC,OPERATOR_REPORTING,1,2024-09-27
2021-05,FI,FI_RAIL_OP005,FIST035,ROST445,3922.04,2913.15,70.2,21.53,608,99.12,70.2,86.07,8983.5,1,0,RFC5_BALTIC_ADRIATIC,EUROSTAT_RAIL,1,2026-01-30
2021-06,IE,IE_RAIL_OP006,IEST036,BGST446,887.97,452.92,78.52,10.13,672,91.47,3.592,92.56,1358.49,1,0,RFC6_MEDITERRANEAN,ERA_PERFORMANCE_REPORT,1,2024-06-25
2021-07,MT,MT_RAIL_OP007,MTST037,FRST447,1134.71,1139.65,96.34,10.36,318,86.39,81.662,87.48,9916.16,1,0,RFC7_ORIENT_EASTMED,INFRA_MANAGER_DATA,0,2024-03-18
2021-08,SK,SK_RAIL_OP008,SKST038,LTST448,5421.25,755.53,82.22,8.34,349,107.48,8.18,82.08,778.52,0,0,RFC8_NORTH_SEA_BALTIC,OPERATOR_REPORTING,1,2024-12-02
2021-09,BE,BE_RAIL_OP009,BEST039,SKST449,1726.12,2084.73,92.91,8.51,52,136.41,116.809,39.95,447.64,1,0,RFC9_RHINE_DANUBE,EUROSTAT_RAIL,1,2024-05-25
2021-10,DK,DK_RAIL_OP010,DKST040,HRST450,3742.19,1663.11,86.24,1.1,327,91.06,55.869,39.41,4045.38,1,0,RFC10_ALPINE_WEST_BALKANS,ERA_PERFORMANCE_REPORT,1,2025-05-25
2021-11,GR,GR_RAIL_OP011,GRST041,DEST451,3043.71,2667.84,76.53,13.27,100,144.51,47.027,69.61,9857.37,0,0,RFC1_RHINE_ALPINE,INFRA_MANAGER_DATA,1,2024-11-29
2021-12,LT,LT_RAIL_OP012,LTST042,LUST452,3866.71,2163.95,98.29,13.08,574,105.46,104.987,72.32,2488.87,1,0,RFC2_NSEA_MED,OPERATOR_REPORTING,1,2024-10-10
2022-01,PT,PT_RAIL_OP013,PTST043,SIST453,5757.72,5465.0,83.33,8.39,37,100.96,94.815,77.16,7385.7,1,1,RFC3_SCAND_MED,EUROSTAT_RAIL,1,2025-03-15
2022-02,SE,SE_RAIL_OP014,SEST044,CYST454,1854.08,3749.01,87.72,8.34,440,113.02,90.731,49.86,5118.8,0,0,RFC4_ATLANTIC,ERA_PERFORMANCE_REPORT,1,2025-05-20
2022-03,CY,CY_RAIL_OP015,CYST045,GRST455,7359.83,1588.55,76.48,22.12,479,122.5,29.562,41.72,1986.78,1,0,RFC5_BALTIC_ADRIATIC,INFRA_MANAGER_DATA,1,2024-11-09
2022-04,FR,FR_RAIL_OP016,FRST046,MTST456,3589.41,4171.42,68.89,2.11,636,91.42,60.023,96.87,693.41,0,0,RFC6_MEDITERRANEAN,OPERATOR_REPORTING,1,2024-09-15
2022-05,IT,IT_RAIL_OP017,ITST047,ESST457,3157.54,3885.93,94.03,0.9,474,124.37,68.882,70.02,9230.61,1,0,RFC7_ORIENT_EASTMED,EUROSTAT_RAIL,1,2024-07-13
2022-06,NL,NL_RAIL_OP018,NLST048,CZST458,1747.15,301.03,97.0,2.2,380,119.43,3.379,51.75,1367.28,0,0,RFC8_NORTH_SEA_BALTIC,ERA_PERFORMANCE_REPORT,1,2024-10-30
2022-07,SI,SI_RAIL_OP019,SIST049,HUST459,3669.03,3452.16,80.29,11.79,659,127.24,38.38,30.1,2331.56,1,0,RFC9_RHINE_DANUBE,INFRA_MANAGER_DATA,1,2024-12-13
2022-08,BG,BG_RAIL_OP020,BGST050,NLST460,4715.43,1692.97,68.87,5.48,561,144.56,121.886,41.79,2814.74,0,1,RFC10_ALPINE_WEST_BALKANS,OPERATOR_REPORTING,1,2024-03-10
2022-09,EE,EE_RAIL_OP021,EEST051,SEST461,5412.25,1836.01,80.18,8.56,474,142.74,83.101,51.83,5881.55,0,0,RFC1_RHINE_ALPINE,EUROSTAT_RAIL,1,2025-04-01
2022-10,HU,HU_RAIL_OP022,HUST052,DKST462,855.37,4378.06,88.57,9.82,149,93.37,19.215,88.81,5902.39,1,1,RFC2_NSEA_MED,ERA_PERFORMANCE_REPORT,1,2024-11-08
2022-11,LU,LU_RAIL_OP023,LUST053,IEST463,3938.1,5169.76,84.79,0.62,385,121.83,60.84,47.61,5099.04,1,1,RFC3_SCAND_MED,INFRA_MANAGER_DATA,1,2025-10-22
2022-12,RO,RO_RAIL_OP024,ROST054,PLST464,4399.35,4989.06,79.58,8.93,348,125.11,21.178,58.26,6410.34,1,0,RFC4_ATLANTIC,OPERATOR_REPORTING,1,2024-07-01
2023-01,AT,AT_RAIL_OP025,ATST055,ATST465,3037.92,1347.38,92.63,13.04,419,88.44,62.622,65.3,1700.18,1,1,RFC5_BALTIC_ADRIATIC,EUROSTAT_RAIL,1,2025-06-19
2023-02,CZ,CZ_RAIL_OP026,CZST056,EEST466,3615.06,4088.93,78.6,6.3,413,103.16,92.087,55.69,1434.34,1,0,RFC6_MEDITERRANEAN,ERA_PERFORMANCE_REPORT,1,2024-08-10
2023-03,DE,DE_RAIL_OP027,DEST057,ITST467,3542.41,3217.08,73.93,19.74,857,118.26,3.375,98.61,8578.79,0,1,RFC7_ORIENT_EASTMED,INFRA_MANAGER_DATA,1,2025-10-10
2023-04,LV,LV_RAIL_OP028,LVST058,PTST468,1116.21,2794.3,70.39,19.03,278,97.03,99.43,62.72,3945.08,0,0,RFC8_NORTH_SEA_BALTIC,OPERATOR_REPORTING,1,2024-10-24
2023-05,PL,PL_RAIL_OP029,PLST059,BEST469,3353.91,2674.34,86.45,10.43,496,137.82,59.726,57.62,3900.13,0,0,RFC9_RHINE_DANUBE,EUROSTAT_RAIL,1,2024-10-14
2023-06,ES,ES_RAIL_OP030,ESST060,FIST470,2784.8,2336.76,70.27,17.61,939,129.11,60.421,97.93,4590.81,0,1,RFC10_ALPINE_WEST_BALKANS,ERA_PERFORMANCE_REPORT,1,2025-12-12
2023-07,HR,HR_RAIL_OP031,HRST061,LVST001,1958.37,3917.2,95.69,7.85,622,123.45,64.369,99.65,548.92,1,0,RFC1_RHINE_ALPINE,INFRA_MANAGER_DATA,1,2024-11-14
2023-08,FI,FI_RAIL_OP032,FIST062,ROST002,4324.9,2614.21,76.69,6.68,455,128.4,130.139,68.11,5697.85,1,0,RFC2_NSEA_MED,OPERATOR_REPORTING,0,2025-01-01
2023-09,IE,IE_RAIL_OP033,IEST063,BGST003,6397.75,1844.87,77.35,5.39,286,96.44,10.135,94.66,7006.74,1,0,RFC3_SCAND_MED,EUROSTAT_RAIL,1,2025-06-24
2023-10,MT,MT_RAIL_OP034,MTST064,FRST004,4917.99,2649.38,80.48,5.8,128,91.83,74.329,79.31,8435.49,1,0,RFC4_ATLANTIC,ERA_PERFORMANCE_REPORT,1,2026-01-14
2023-11,SK,SK_RAIL_OP035,SKST065,LTST005,2591.89,1455.3,87.29,2.9,371,124.44,3.163,34.7,1450.47,1,0,RFC5_BALTIC_ADRIATIC,INFRA_MANAGER_DATA,1,2024-10-22
2023-12,BE,BE_RAIL_OP036,BEST066,SKST006,4237.71,1793.63,95.18,0.89,33,144.23,12.232,65.22,9386.86,0,0,RFC6_MEDITERRANEAN,OPERATOR_REPORTING,1,2025-08-31
2024-01,DK,DK_RAIL_OP037,DKST067,HRST007,2142.29,299.74,70.06,16.94,862,138.25,98.291,57.59,6497.11,1,0,RFC7_ORIENT_EASTMED,EUROSTAT_RAIL,1,2025-02-18
2024-02,GR,GR_RAIL_OP038,GRST068,DEST008,1840.31,1960.18,94.85,4.62,407,89.6,131.467,54.66,2755.37,1,0,RFC8_NORTH_SEA_BALTIC,ERA_PERFORMANCE_REPORT,1,2024-03-22
2024-03,LT,LT_RAIL_OP039,LTST069,LUST009,2175.93,1382.35,96.08,0.96,146,124.69,50.887,42.05,615.39,1,1,RFC9_RHINE_DANUBE,INFRA_MANAGER_DATA,1,2025-10-31
2024-04,PT,PT_RAIL_OP040,PTST070,SIST010,741.35,3675.73,80.97,7.05,427,120.0,123.523,98.36,6185.69,0,1,RFC10_ALPINE_WEST_BALKANS,OPERATOR_REPORTING,1,2024-09-18
2024-05,SE,SE_RAIL_OP041,SEST071,CYST011,2677.98,2443.28,75.47,12.98,110,108.23,111.777,39.13,6376.97,1,1,RFC1_RHINE_ALPINE,EUROSTAT_RAIL,1,2025-12-22
2024-06,CY,CY_RAIL_OP042,CYST072,GRST012,2879.56,2282.82,69.34,21.34,119,132.39,36.257,34.91,5870.17,1,0,RFC2_NSEA_MED,ERA_PERFORMANCE_REPORT,1,2024-04-16
2024-07,FR,FR_RAIL_OP043,FRST073,MTST013,3865.8,2076.48,77.03,6.72,67,91.25,56.736,79.91,215.7,1,0,RFC3_SCAND_MED,INFRA_MANAGER_DATA,1,2024-01-27
2024-08,IT,IT_RAIL_OP044,ITST074,ESST014,3546.91,2188.28,90.4,0.86,585,93.87,44.165,87.64,8785.07,0,1,RFC4_ATLANTIC,OPERATOR_REPORTING,1,2025-03-27
2024-09,NL,NL_RAIL_OP045,NLST075,CZST015,3433.79,852.54,84.91,1.28,596,143.13,42.255,74.98,4923.36,1,0,RFC5_BALTIC_ADRIATIC,EUROSTAT_RAIL,1,2025-05-04
2024-10,SI,SI_RAIL_OP046,SIST076,HUST016,858.3,5005.02,80.39,13.52,312,91.94,37.437,48.82,2987.31,1,0,RFC6_MEDITERRANEAN,ERA_PERFORMANCE_REPORT,1,2026-01-01
2024-11,BG,BG_RAIL_OP047,BGST077,NLST017,238.93,2236.54,96.75,13.34,602,140.45,28.193,82.7,1763.27,1,1,RFC7_ORIENT_EASTMED,INFRA_MANAGER_DATA,1,2025-03-30
2024-12,EE,EE_RAIL_OP048,EEST078,SEST018,3383.55,784.93,91.01,7.03,246,95.63,98.616,81.98,2140.23,1,0,RFC8_NORTH_SEA_BALTIC,OPERATOR_REPORTING,1,2024-11-03
2025-01,HU,HU_RAIL_OP049,HUST079,DKST019,5279.11,1640.16,84.04,11.22,577,110.76,87.631,55.99,3330.92,1,0,RFC9_RHINE_DANUBE,EUROSTAT_RAIL,1,2024-10-10
2025-02,LU,LU_RAIL_OP050,LUST080,IEST020,783.66,4221.05,98.45,10.54,160,117.75,142.64,67.15,1360.74,1,0,RFC10_ALPINE_WEST_BALKANS,ERA_PERFORMANCE_REPORT,1,2026-01-27
2025-03,RO,RO_RAIL_OP051,ROST081,PLST021,5159.25,302.93,79.95,11.61,411,138.21,114.014,57.69,4489.02,0,0,RFC1_RHINE_ALPINE,INFRA_MANAGER_DATA,1,2025-12-26
2025-04,AT,AT_RAIL_OP052,ATST082,ATST022,3892.14,4607.39,88.13,13.9,58,130.16,15.452,61.12,1094.76,0,0,RFC2_NSEA_MED,OPERATOR_REPORTING,1,2025-08-31
2025-05,CZ,CZ_RAIL_OP053,CZST083,EEST023,5601.15,831.19,93.6,2.14,246,118.41,63.454,60.64,7160.62,1,0,RFC3_SCAND_MED,EUROSTAT_RAIL,1,2025-06-09
2025-06,DE,DE_RAIL_OP054,DEST084,ITST024,3796.89,4354.26,91.1,13.44,26,113.91,8.321,73.12,8108.35,1,0,RFC4_ATLANTIC,ERA_PERFORMANCE_REPORT,0,2024-10-19
2025-07,LV,LV_RAIL_OP055,LVST085,PTST025,6158.1,3070.04,74.64,1.8,74,134.95,65.862,94.39,6995.99,1,0,RFC5_BALTIC_ADRIATIC,INFRA_MANAGER_DATA,1,2024-12-18
2025-08,PL,PL_RAIL_OP056,PLST086,BEST026,495.69,5112.65,90.91,4.12,148,123.68,82.478,68.3,446.29,1,1,RFC6_MEDITERRANEAN,OPERATOR_REPORTING,1,2025-08-02
2025-09,ES,ES_RAIL_OP057,ESST087,FIST027,911.49,2146.6,73.13,1.22,82,117.09,29.011,44.04,1462.36,1,0,RFC7_ORIENT_EASTMED,EUROSTAT_RAIL,1,2025-10-12
2025-10,HR,HR_RAIL_OP058,HRST088,LVST028,3477.29,2720.78,72.42,2.3,180,120.16,126.863,43.01,3441.29,1,0,RFC8_NORTH_SEA_BALTIC,ERA_PERFORMANCE_REPORT,0,2024-03-08
2025-11,FI,FI_RAIL_OP059,FIST089,ROST029,920.32,2734.0,95.13,6.61,497,88.59,41.977,92.04,3872.4,0,0,RFC9_RHINE_DANUBE,INFRA_MANAGER_DATA,1,2025-04-20
2025-12,IE,IE_RAIL_OP060,IEST090,BGST030,2030.94,1555.31,95.65,2.4,664,138.25,42.909,35.8,2653.57,1,0,RFC10_ALPINE_WEST_BALKANS,OPERATOR_REPORTING,1,2025-11-10
2026-01,MT,MT_RAIL_OP001,MTST091,FRST031,2399.65,2051.02,73.02,18.26,805,130.24,38.7,42.5,5165.35,1,0,RFC1_RHINE_ALPINE,EUROSTAT_RAIL,1,2025-06-13
2026-02,SK,SK_RAIL_OP002,SKST092,LTST032,724.33,3756.11,77.58,16.39,183,126.87,33.604,50.09,3284.57,1,0,RFC2_NSEA_MED,ERA_PERFORMANCE_REPORT,1,2025-12-28
2026-03,BE,BE_RAIL_OP003,BEST093,SKST033,44.03,2288.3,93.82,11.43,25,95.99,78.594,58.38,3617.35,0,1,RFC3_SCAND_MED,INFRA_MANAGER_DATA,1,2025-07-29
2026-04,DK,DK_RAIL_OP004,DKST094,HRST034,704.79,5030.86,95.67,14.16,191,141.4,78.697,56.92,4168.32,1,0,RFC4_ATLANTIC,OPERATOR_REPORTING,1,2026-02-18
2026-05,GR,GR_RAIL_OP005,GRST095,DEST035,1349.58,2733.25,86.69,5.34,53,136.65,11.626,63.34,9618.09,1,1,RFC5_BALTIC_ADRIATIC,EUROSTAT_RAIL,1,2024-07-26
2026-06,LT,LT_RAIL_OP006,LTST096,LUST036,126.08,2543.37,91.86,4.96,53,122.44,117.173,74.78,776.03,1,0,RFC6_MEDITERRANEAN,ERA_PERFORMANCE_REPORT,1,2024-05-08
2026-07,PT,PT_RAIL_OP007,PTST097,SIST037,3108.89,3312.14,77.97,21.7,459,137.36,102.79,66.16,9288.96,1,0,RFC7_ORIENT_EASTMED,INFRA_MANAGER_DATA,1,2025-11-14
2026-08,SE,SE_RAIL_OP008,SEST098,CYST038,1762.91,1004.88,75.07,19.71,126,89.62,29.564,64.28,5031.03,1,0,RFC8_NORTH_SEA_BALTIC,OPERATOR_REPORTING,1,2026-02-15
2026-09,CY,CY_RAIL_OP009,CYST099,GRST039,3498.84,4366.92,83.14,2.3,160,104.43,31.549,71.84,4514.24,1,1,RFC9_RHINE_DANUBE,EUROSTAT_RAIL,1,2024-02-17
2026-10,FR,FR_RAIL_OP010,FRST100,MTST040,2473.58,3010.14,81.33,13.08,57,128.22,40.548,50.33,6029.5,0,1,RFC10_ALPINE_WEST_BALKANS,ERA_PERFORMANCE_REPORT,1,2024-12-05
2026-11,IT,IT_RAIL_OP011,ITST101,ESST041,178.84,2575.82,72.58,13.38,482,104.55,37.529,56.98,4757.6,1,1,RFC1_RHINE_ALPINE,INFRA_MANAGER_DATA,1,2024-05-17
2026-12,NL,NL_RAIL_OP012,NLST102,CZST042,613.83,3280.09,74.74,22.65,672,110.92,33.507,69.14,6217.53,1,0,RFC2_NSEA_MED,OPERATOR_REPORTING,1,2024-11-06
2016-01,SI,SI_RAIL_OP013,SIST103,HUST043,3098.31,4316.6,77.29,18.99,584,104.63,76.082,95.89,1394.37,0,0,RFC3_SCAND_MED,EUROSTAT_RAIL,1,2024-10-17
2016-02,BG,BG_RAIL_OP014,BGST104,NLST044,5782.5,3740.09,92.69,5.39,242,129.74,63.242,50.54,3890.08,1,0,RFC4_ATLANTIC,ERA_PERFORMANCE_REPORT,1,2024-10-17
2016-03,EE,EE_RAIL_OP015,EEST105,SEST045,234.76,1060.68,73.59,3.35,558,138.4,21.779,95.74,8731.57,1,0,RFC5_BALTIC_ADRIATIC,INFRA_MANAGER_DATA,1,2025-07-23
2016-04,HU,HU_RAIL_OP016,HUST106,DKST046,1176.01,536.73,83.31,5.91,309,90.75,28.661,48.79,1452.73,0,0,RFC6_MEDITERRANEAN,OPERATOR_REPORTING,1,2025-09-20
2016-05,LU,LU_RAIL_OP017,LUST107,IEST047,4133.22,2905.24,73.37,15.88,312,109.87,41.159,48.88,672.92,1,0,RFC7_ORIENT_EASTMED,EUROSTAT_RAIL,1,2024-07-29
2016-06,RO,RO_RAIL_OP018,ROST108,PLST048,3546.02,3759.24,71.6,1.14,1089,139.08,13.474,31.63,3305.0,1,0,RFC8_NORTH_SEA_BALTIC,ERA_PERFORMANCE_REPORT,1,2025-12-13
2016-07,AT,AT_RAIL_OP019,ATST109,ATST049,2594.49,4135.27,85.8,1.51,420,142.88,25.109,37.64,3957.53,0,0,RFC9_RHINE_DANUBE,INFRA_MANAGER_DATA,1,2025-10-08
2016-08,CZ,CZ_RAIL_OP020,CZST110,EEST050,1739.19,5060.65,72.67,10.21,204,113.13,44.743,35.74,1180.75,1,0,RFC10_ALPINE_WEST_BALKANS,OPERATOR_REPORTING,1,2025-08-05
2016-09,DE,DE_RAIL_OP021,DEST111,ITST051,943.63,326.0,87.02,0.4,39,88.41,8.153,74.86,8276.89,1,0,RFC1_RHINE_ALPINE,EUROSTAT_RAIL,1,2025-03-30
2016-10,LV,LV_RAIL_OP022,LVST112,PTST052,3124.01,2582.72,70.17,16.85,603,103.1,51.837,70.25,6092.37,0,0,RFC2_NSEA_MED,ERA_PERFORMANCE_REPORT,1,2026-02-21
2016-11,PL,PL_RAIL_OP023,PLST113,BEST053,3382.82,1927.36,83.51,11.97,540,94.84,10.937,32.85,6261.6,1,0,RFC3_SCAND_MED,INFRA_MANAGER_DATA,1,2025-12-08
2016-12,ES,ES_RAIL_OP024,ESST114,FIST054,4802.53,2386.72,80.24,12.96,152,121.15,55.788,62.01,9735.18,0,0,RFC4_ATLANTIC,OPERATOR_REPORTING,1,2025-12-10
2017-01,HR,HR_RAIL_OP025,HRST115,LVST055,1629.9,676.94,89.8,8.4,457,90.19,20.426,41.06,4558.32,1,1,RFC5_BALTIC_ADRIATIC,EUROSTAT_RAIL,1,2024-12-07
2017-02,FI,FI_RAIL_OP026,FIST116,ROST056,370.56,32.2,90.79,0.79,267,89.54,110.117,85.32,6154.0,0,0,RFC6_MEDITERRANEAN,ERA_PERFORMANCE_REPORT,1,2025-06-23
2017-03,IE,IE_RAIL_OP027,IEST117,BGST057,133.61,231.04,89.26,10.76,542,123.43,114.951,51.06,784.02,1,0,RFC7_ORIENT_EASTMED,INFRA_MANAGER_DATA,1,2024-03-02
2017-04,MT,MT_RAIL_OP028,MTST118,FRST058,2149.14,2297.17,89.84,10.96,401,109.79,45.162,86.36,1020.99,0,1,RFC8_NORTH_SEA_BALTIC,OPERATOR_REPORTING,1,2026-02-08
2017-05,SK,SK_RAIL_OP029,SKST119,LTST059,3973.06,1775.97,95.58,7.28,364,107.73,107.67,83.18,6749.08,1,0,RFC9_RHINE_DANUBE,EUROSTAT_RAIL,1,2025-11-02
2017-06,BE,BE_RAIL_OP030,BEST120,SKST060,5099.85,2585.76,97.12,14.39,482,105.19,94.879,95.97,1777.15,0,1,RFC10_ALPINE_WEST_BALKANS,ERA_PERFORMANCE_REPORT,1,2024-09-07
2017-07,DK,DK_RAIL_OP031,DKST121,HRST061,608.18,133.32,96.81,8.16,428,126.79,62.849,75.36,9975.13,1,0,RFC1_RHINE_ALPINE,INFRA_MANAGER_DATA,1,2025-11-25
2017-08,GR,GR_RAIL_OP032,GRST122,DEST062,4422.08,3106.08,92.25,9.06,484,121.14,76.764,30.08,6671.57,0,0,RFC2_NSEA_MED,OPERATOR_REPORTING,1,2025-08-02
2017-09,LT,LT_RAIL_OP033,LTST123,LUST063,342.73,826.45,94.19,0.73,67,127.43,43.772,30.56,5762.9,0,0,RFC3_SCAND_MED,EUROSTAT_RAIL,1,2024-09-14
2017-10,PT,PT_RAIL_OP034,PTST124,SIST064,3048.3,4295.44,74.5,3.73,790,112.55,98.124,32.11,4287.62,1,0,RFC4_ATLANTIC,ERA_PERFORMANCE_REPORT,1,2024-10-26
2017-11,SE,SE_RAIL_OP035,SEST125,CYST065,2083.36,2068.1,77.96,21.01,291,120.2,70.64,54.7,458.07,1,1,RFC5_BALTIC_ADRIATIC,INFRA_MANAGER_DATA,1,2025-11-21
2017-12,CY,CY_RAIL_OP036,CYST126,GRST066,2210.67,3259.18,78.5,0.4,583,92.84,49.219,60.67,3831.54,1,0,RFC6_MEDITERRANEAN,OPERATOR_REPORTING,1,2025-08-21
2018-01,FR,FR_RAIL_OP037,FRST127,MTST067,5314.56,2941.51,83.81,1.53,653,98.12,110.104,86.1,1771.1,0,0,RFC7_ORIENT_EASTMED,EUROSTAT_RAIL,1,2024-08-19
2018-02,IT,IT_RAIL_OP038,ITST128,ESST068,2148.68,3557.74,84.77,7.22,34,116.03,56.974,45.54,3921.19,1,0,RFC8_NORTH_SEA_BALTIC,ERA_PERFORMANCE_REPORT,1,2025-02-28
2018-03,NL,NL_RAIL_OP039,NLST129,CZST069,2781.92,2457.25,80.21,13.14,74,106.81,105.639,32.83,65.52,1,1,RFC9_RHINE_DANUBE,INFRA_MANAGER_DATA,1,2024-05-20
2018-04,SI,SI_RAIL_OP040,SIST130,HUST070,462.17,1861.57,98.31,4.58,253,87.17,119.957,39.07,895.45,0,1,RFC10_ALPINE_WEST_BALKANS,OPERATOR_REPORTING,1,2024-02-21
2018-05,BG,BG_RAIL_OP041,BGST131,NLST071,99.87,1586.0,74.31,4.65,104,109.91,103.846,79.5,783.84,0,0,RFC1_RHINE_ALPINE,EUROSTAT_RAIL,1,2025-01-11
2018-06,EE,EE_RAIL_OP042,EEST132,SEST072,2544.14,390.32,81.81,13.11,66,110.58,14.375,94.68,8898.72,0,0,RFC2_NSEA_MED,ERA_PERFORMANCE_REPORT,1,2024-12-08
2018-07,HU,HU_RAIL_OP043,HUST133,DKST073,2779.65,5787.33,72.86,3.59,587,90.56,58.057,91.29,3629.06,1,1,RFC3_SCAND_MED,INFRA_MANAGER_DATA,1,2025-05-21
2018-08,LU,LU_RAIL_OP044,LUST134,IEST074,1945.71,489.15,76.07,21.61,637,102.79,16.927,32.5,4826.75,1,0,RFC4_ATLANTIC,OPERATOR_REPORTING,1,2024-06-27
2018-09,RO,RO_RAIL_OP045,ROST135,PLST075,4493.46,4108.63,82.5,6.89,126,110.69,59.797,34.0,6645.22,1,0,RFC5_BALTIC_ADRIATIC,EUROSTAT_RAIL,1,2024-11-21
2018-10,AT,AT_RAIL_OP046,ATST136,ATST076,6060.9,3038.59,69.53,18.08,928,88.75,28.55,78.14,5221.13,1,1,RFC6_MEDITERRANEAN,ERA_PERFORMANCE_REPORT,1,2025-08-27
2018-11,CZ,CZ_RAIL_OP047,CZST137,EEST077,4881.39,2602.21,76.05,2.36,369,137.9,64.238,35.13,5786.52,1,0,RFC7_ORIENT_EASTMED,INFRA_MANAGER_DATA,1,2025-04-20
2018-12,DE,DE_RAIL_OP048,DEST138,ITST078,6875.96,29.34,93.01,10.56,244,115.23,13.819,45.0,3206.47,0,1,RFC8_NORTH_SEA_BALTIC,OPERATOR_REPORTING,0,2026-02-25
2019-01,LV,LV_RAIL_OP049,LVST139,PTST079,4415.67,2005.03,96.8,2.78,152,120.15,2.498,58.98,3870.35,1,1,RFC9_RHINE_DANUBE,EUROSTAT_RAIL,1,2024-10-30
2019-02,PL,PL_RAIL_OP050,PLST140,BEST080,4209.48,2587.31,78.83,9.22,516,139.18,17.552,88.94,5971.03,1,0,RFC10_ALPINE_WEST_BALKANS,ERA_PERFORMANCE_REPORT,1,2025-09-17
2019-03,ES,ES_RAIL_OP051,ESST141,FIST081,2767.96,1269.49,79.57,4.69,477,134.67,95.257,97.53,6889.16,0,1,RFC1_RHINE_ALPINE,INFRA_MANAGER_DATA,1,2025-10-11
2019-04,HR,HR_RAIL_OP052,HRST142,LVST082,3203.36,2827.58,84.73,7.49,466,127.16,3.037,72.63,8729.98,1,0,RFC2_NSEA_MED,OPERATOR_REPORTING,1,2026-02-17
2019-05,FI,FI_RAIL_OP053,FIST143,ROST083,1207.87,3135.92,77.39,16.13,533,111.57,153.976,95.97,9612.32,1,1,RFC3_SCAND_MED,EUROSTAT_RAIL,1,2024-01-18
2019-06,IE,IE_RAIL_OP054,IEST144,BGST084,5691.9,4053.41,86.52,5.67,329,138.6,35.746,97.43,3374.94,1,1,RFC4_ATLANTIC,ERA_PERFORMANCE_REPORT,1,2025-08-19
2019-07,MT,MT_RAIL_OP055,MTST145,FRST085,1181.59,2615.18,79.87,2.34,158,117.2,84.906,72.21,5915.7,0,0,RFC5_BALTIC_ADRIATIC,INFRA_MANAGER_DATA,1,2024-05-27
2019-08,SK,SK_RAIL_OP056,SKST146,LTST086,2086.77,2486.46,93.34,14.01,210,128.93,8.185,84.95,4320.83,1,1,RFC6_MEDITERRANEAN,OPERATOR_REPORTING,1,2024-12-18
2019-09,BE,BE_RAIL_OP057,BEST147,SKST087,229.32,2305.48,74.12,11.68,804,108.94,59.553,62.81,4443.04,0,0,RFC7_ORIENT_EASTMED,EUROSTAT_RAIL,1,2024-05-31
2019-10,DK,DK_RAIL_OP058,DKST148,HRST088,4317.34,969.04,83.64,2.81,179,130.38,48.153,87.93,5046.23,1,1,RFC8_NORTH_SEA_BALTIC,ERA_PERFORMANCE_REPORT,1,2025-08-27
2019-11,GR,GR_RAIL_OP059,GRST149,DEST089,5542.35,4016.61,76.21,7.51,573,122.87,30.482,33.64,6788.14,1,0,RFC9_RHINE_DANUBE,INFRA_MANAGER_DATA,1,2024-01-16
2019-12,LT,LT_RAIL_OP060,LTST150,LUST090,222.97,1938.19,70.53,22.87,727,109.86,140.003,49.72,2064.66,1,0,RFC10_ALPINE_WEST_BALKANS,OPERATOR_REPORTING,1,2024-04-27
2020-01,PT,PT_RAIL_OP001,PTST151,SIST091,2871.25,2295.88,73.2,11.53,808,95.6,47.259,85.41,3880.54,1,0,RFC1_RHINE_ALPINE,EUROSTAT_RAIL,1,2024-09-06
2020-02,SE,SE_RAIL_OP002,SEST152,CYST092,4698.24,1657.35,74.13,7.25,685,134.41,15.791,70.91,1730.72,1,0,RFC2_NSEA_MED,ERA_PERFORMANCE_REPORT,1,2024-12-28
2020-03,CY,CY_RAIL_OP003,CYST153,GRST093,3854.49,3273.68,98.02,11.07,161,110.25,72.821,40.01,3579.24,1,0,RFC3_SCAND_MED,INFRA_MANAGER_DATA,1,2024-02-11
2020-04,FR,FR_RAIL_OP004,FRST154,MTST094,927.18,1822.03,88.02,8.43,591,139.96,52.859,44.28,766.48,1,1,RFC4_ATLANTIC,OPERATOR_REPORTING,1,2025-02-07
2020-05,IT,IT_RAIL_OP005,ITST155,ESST095,4162.36,1798.53,75.29,18.67,350,110.02,1.751,90.03,7156.87,1,0,RFC5_BALTIC_ADRIATIC,EUROSTAT_RAIL,1,2024-03-12
2020-06,NL,NL_RAIL_OP006,NLST156,CZST096,3631.73,2824.19,89.28,9.94,1,87.09,95.439,59.88,3575.63,1,0,RFC6_MEDITERRANEAN,ERA_PERFORMANCE_REPORT,1,2024-05-14
2020-07,SI,SI_RAIL_OP007,SIST157,HUST097,2134.87,4623.8,73.53,20.06,1076,130.86,7.307,88.12,4241.33,1,0,RFC7_ORIENT_EASTMED,INFRA_MANAGER_DATA,1,2024-11-23
2020-08,BG,BG_RAIL_OP008,BGST158,NLST098,2831.25,5415.09,69.94,12.67,685,140.2,122.055,47.96,1348.46,0,0,RFC8_NORTH_SEA_BALTIC,OPERATOR_REPORTING,1,2024-08-02
2020-09,EE,EE_RAIL_OP009,EEST159,SEST099,642.77,1279.98,72.05,21.72,594,123.2,73.113,85.14,2628.61,1,0,RFC9_RHINE_DANUBE,EUROSTAT_RAIL,1,2025-02-01
2020-10,HU,HU_RAIL_OP010,HUST160,DKST100,2963.4,1010.98,88.41,11.57,414,97.16,62.075,46.55,2342.86,1,0,RFC10_ALPINE_WEST_BALKANS,ERA_PERFORMANCE_REPORT,1,2025-10-20
2020-11,LU,LU_RAIL_OP011,LUST161,IEST101,3857.0,2614.1,90.17,4.1,387,99.73,75.204,64.71,500.85,1,0,RFC1_RHINE_ALPINE,INFRA_MANAGER_DATA,1,2024-02-16
2020-12,RO,RO_RAIL_OP012,ROST162,PLST102,4677.71,4327.57,98.09,10.68,133,118.7,109.717,63.66,5673.21,1,0,RFC2_NSEA_MED,OPERATOR_REPORTING,1,2025-12-17
2021-01,AT,AT_RAIL_OP013,ATST163,ATST103,3970.38,1896.26,80.46,3.48,495,129.73,124.551,60.48,9505.51,0,1,RFC3_SCAND_MED,EUROSTAT_RAIL,1,2026-02-14
2021-02,CZ,CZ_RAIL_OP014,CZST164,EEST104,1885.64,4458.76,88.52,4.54,458,106.96,60.738,98.3,4827.54,1,0,RFC4_ATLANTIC,ERA_PERFORMANCE_REPORT,0,2025-12-20
2021-03,DE,DE_RAIL_OP015,DEST165,ITST105,1184.88,3158.65,74.19,10.1,34,132.31,104.277,79.62,6250.64,1,0,RFC5_BALTIC_ADRIATIC,INFRA_MANAGER_DATA,1,2024-06-13
2021-04,LV,LV_RAIL_OP016,LVST166,PTST106,3312.69,3287.1,96.84,9.98,216,106.19,30.007,75.77,3782.85,1,1,RFC6_MEDITERRANEAN,OPERATOR_REPORTING,1,2026-01-05
2021-05,PL,PL_RAIL_OP017,PLST167,BEST107,1839.59,1820.87,78.78,1.94,296,101.15,8.034,51.5,6603.02,1,0,RFC7_ORIENT_EASTMED,EUROSTAT_RAIL,0,2024-03-29
2021-06,ES,ES_RAIL_OP018,ESST168,FIST108,933.06,21.21,70.48,10.29,557,119.61,17.39,96.08,8328.83,0,0,RFC8_NORTH_SEA_BALTIC,ERA_PERFORMANCE_REPORT,1,2024-03-02
2021-07,HR,HR_RAIL_OP019,HRST169,LVST109,4453.57,749.49,71.36,7.79,573,108.56,61.605,87.86,390.02,1,0,RFC9_RHINE_DANUBE,INFRA_MANAGER_DATA,1,2024-11-07
2021-08,FI,FI_RAIL_OP020,FIST170,ROST110,711.4,4087.89,86.45,4.15,401,86.84,66.167,84.61,5210.92,1,0,RFC10_ALPINE_WEST_BALKANS,OPERATOR_REPORTING,1,2025-10-15
2021-09,IE,IE_RAIL_OP021,IEST171,BGST111,489.14,4182.34,78.48,6.14,571,142.4,130.081,90.05,9187.01,0,0,RFC1_RHINE_ALPINE,EUROSTAT_RAIL,0,2025-06-17
2021-10,MT,MT_RAIL_OP022,MTST172,FRST112,3364.51,168.14,90.91,2.27,376,129.14,54.681,30.32,4011.34,1,0,RFC2_NSEA_MED,ERA_PERFORMANCE_REPORT,1,2026-02-04
2021-11,SK,SK_RAIL_OP023,SKST173,LTST113,666.64,4418.55,81.23,11.58,128,111.21,5.566,70.49,7892.96,0,0,RFC3_SCAND_MED,INFRA_MANAGER_DATA,1,2025-11-15
2021-12,BE,BE_RAIL_OP024,BEST174,SKST114,695.59,2062.35,83.03,10.03,216,94.39,70.453,37.66,5069.84,1,0,RFC4_ATLANTIC,OPERATOR_REPORTING,1,2024-05-24
2022-01,DK,DK_RAIL_OP025,DKST175,HRST115,5384.33,1342.63,92.81,4.84,539,110.12,83.471,59.37,2471.47,1,0,RFC5_BALTIC_ADRIATIC,EUROSTAT_RAIL,1,2024-04-04
2022-02,GR,GR_RAIL_OP026,GRST176,DEST116,4078.24,3940.27,76.5,14.6,172,108.83,56.331,92.77,5410.03,1,0,RFC6_MEDITERRANEAN,ERA_PERFORMANCE_REPORT,1,2024-06-01
2022-03,LT,LT_RAIL_OP027,LTST177,LUST117,4364.73,1638.85,76.99,20.65,545,101.87,101.333,72.56,2016.55,1,0,RFC7_ORIENT_EASTMED,INFRA_MANAGER_DATA,1,2025-09-05
2022-04,PT,PT_RAIL_OP028,PTST178,SIST118,1718.08,3261.89,95.65,12.26,335,95.76,144.571,56.42,2904.58,1,0,RFC8_NORTH_SEA_BALTIC,OPERATOR_REPORTING,1,2025-07-21
2022-05,SE,SE_RAIL_OP029,SEST179,CYST119,5460.54,44.81,68.22,22.41,1055,120.6,23.452,37.56,558.78,1,0,RFC9_RHINE_DANUBE,EUROSTAT_RAIL,1,2025-08-24
2022-06,CY,CY_RAIL_OP030,CYST180,GRST120,1744.27,3758.83,69.53,5.33,39,86.13,35.764,73.81,9018.1,1,0,RFC10_ALPINE_WEST_BALKANS,ERA_PERFORMANCE_REPORT,1,2024-06-17
2022-07,FR,FR_RAIL_OP031,FRST181,MTST121,3325.31,4311.14,97.45,9.45,499,116.81,31.595,99.98,4377.67,0,0,RFC1_RHINE_ALPINE,INFRA_MANAGER_DATA,1,2025-12-26
2022-08,IT,IT_RAIL_OP032,ITST182,ESST122,6674.59,3840.59,87.87,6.53,368,142.92,131.805,37.11,2144.9,1,0,RFC2_NSEA_MED,OPERATOR_REPORTING,0,2026-01-26
2022-09,NL,NL_RAIL_OP033,NLST183,CZST123,5087.75,2019.91,87.23,8.24,70,109.06,70.015,37.35,5202.68,1,0,RFC3_SCAND_MED,EUROSTAT_RAIL,1,2024-02-10
2022-10,SI,SI_RAIL_OP034,SIST184,HUST124,3711.0,5685.43,73.63,17.98,505,102.91,153.305,74.8,5916.04,1,0,RFC4_ATLANTIC,ERA_PERFORMANCE_REPORT,1,2024-05-29
2022-11,BG,BG_RAIL_OP035,BGST185,NLST125,7065.01,1586.3,92.79,0.67,265,144.28,45.099,44.54,5185.49,0,1,RFC5_BALTIC_ADRIATIC,INFRA_MANAGER_DATA,1,2025-07-10
2022-12,EE,EE_RAIL_OP036,EEST186,SEST126,3225.2,1727.78,96.92,13.52,612,126.25,92.345,51.44,3740.44,1,0,RFC6_MEDITERRANEAN,OPERATOR_REPORTING,1,2025-12-12
2023-01,HU,HU_RAIL_OP037,HUST187,DKST127,1990.29,2525.52,93.65,11.51,336,114.06,68.558,71.46,6273.75,0,0,RFC7_ORIENT_EASTMED,EUROSTAT_RAIL,1,2024-04-21
2023-02,LU,LU_RAIL_OP038,LUST188,IEST128,4918.07,5421.75,93.32,9.91,115,141.89,69.128,99.28,66.8,1,0,RFC8_NORTH_SEA_BALTIC,ERA_PERFORMANCE_REPORT,1,2026-01-24
2023-03,RO,RO_RAIL_OP039,ROST189,PLST129,2060.32,2643.74,95.95,10.14,239,118.1,59.911,57.83,3267.45,1,0,RFC9_RHINE_DANUBE,INFRA_MANAGER_DATA,1,2025-12-14
2023-04,AT,AT_RAIL_OP040,ATST190,ATST130,4780.03,3327.42,95.5,0.52,594,124.61,138.563,48.09,4920.79,0,0,RFC10_ALPINE_WEST_BALKANS,OPERATOR_REPORTING,1,2025-01-31
2023-05,CZ,CZ_RAIL_OP041,CZST191,EEST131,6361.79,3511.78,68.57,4.09,305,119.13,19.898,48.65,53.97,0,1,RFC1_RHINE_ALPINE,EUROSTAT_RAIL,1,2024-02-06
2023-06,DE,DE_RAIL_OP042,DEST192,ITST132,3516.1,5467.18,82.53,12.21,429,108.19,26.469,42.39,3746.14,1,0,RFC2_NSEA_MED,ERA_PERFORMANCE_REPORT,1,2024-02-16
2023-07,LV,LV_RAIL_OP043,LVST193,PTST133,3689.36,2003.08,73.56,20.67,481,111.73,23.845,63.81,8811.02,1,0,RFC3_SCAND_MED,INFRA_MANAGER_DATA,1,2025-09-15
2023-08,PL,PL_RAIL_OP044,PLST194,BEST134,3474.75,1561.7,94.69,1.76,79,141.15,103.615,63.82,4296.97,1,0,RFC4_ATLANTIC,OPERATOR_REPORTING,0,2025-02-07
2023-09,ES,ES_RAIL_OP045,ESST195,FIST135,5595.97,264.55,83.55,3.02,41,95.57,42.064,45.32,1606.42,0,0,RFC5_BALTIC_ADRIATIC,EUROSTAT_RAIL,1,2024-08-26
2023-10,HR,HR_RAIL_OP046,HRST196,LVST136,2410.98,4506.07,86.71,13.72,54,102.01,19.616,52.45,4533.08,1,0,RFC6_MEDITERRANEAN,ERA_PERFORMANCE_REPORT,1,2025-10-19
2023-11,FI,FI_RAIL_OP047,FIST197,ROST137,434.87,40.88,89.05,10.01,248,114.08,117.659,88.87,6799.24,0,0,RFC7_ORIENT_EASTMED,INFRA_MANAGER_DATA,1,2024-05-28
2023-12,IE,IE_RAIL_OP048,IEST198,BGST138,3922.98,3077.44,81.14,6.44,326,108.74,10.694,91.31,1295.94,1,0,RFC8_NORTH_SEA_BALTIC,OPERATOR_REPORTING,1,2024-07-08
2024-01,MT,MT_RAIL_OP049,MTST199,FRST139,6741.79,4966.37,97.11,1.23,608,89.59,33.292,74.62,4791.65,1,0,RFC9_RHINE_DANUBE,EUROSTAT_RAIL,1,2024-03-13
2024-02,SK,SK_RAIL_OP050,SKST200,LTST140,3127.75,3263.08,92.52,5.44,105,92.81,20.859,32.13,3038.39,1,0,RFC10_ALPINE_WEST_BALKANS,ERA_PERFORMANCE_REPORT,1,2025-02-15
2024-03,BE,BE_RAIL_OP051,BEST201,SKST141,1794.54,3743.89,78.35,5.26,563,98.46,105.279,74.81,3780.63,1,0,RFC1_RHINE_ALPINE,INFRA_MANAGER_DATA,1,2024-09-10
2024-04,DK,DK_RAIL_OP052,DKST202,HRST142,900.56,4281.75,82.44,2.84,243,93.62,77.659,94.96,203.56,0,0,RFC2_NSEA_MED,OPERATOR_REPORTING,1,2026-01-16
2024-05,GR,GR_RAIL_OP053,GRST203,DEST143,3452.38,4721.61,85.18,1.9,387,96.12,66.141,53.34,2148.28,1,0,RFC3_SCAND_MED,EUROSTAT_RAIL,1,2026-01-03
2024-06,LT,LT_RAIL_OP054,LTST204,LUST144,674.1,2231.55,93.7,0.85,329,118.84,43.252,31.91,2211.32,1,1,RFC4_ATLANTIC,ERA_PERFORMANCE_REPORT,1,2024-02-22
2024-07,PT,PT_RAIL_OP055,PTST205,SIST145,1403.91,3790.76,87.36,0.62,341,114.91,98.887,58.43,2738.62,1,0,RFC5_BALTIC_ADRIATIC,INFRA_MANAGER_DATA,1,2024-08-08
2024-08,SE,SE_RAIL_OP056,SEST206,CYST146,3421.97,223.4,92.98,14.4,174,95.08,14.676,96.73,4043.76,0,0,RFC6_MEDITERRANEAN,OPERATOR_REPORTING,1,2024-07-30
2024-09,CY,CY_RAIL_OP057,CYST207,GRST147,1375.04,424.76,72.84,17.9,687,119.21,65.071,59.04,4688.43,1,0,RFC7_ORIENT_EASTMED,EUROSTAT_RAIL,1,2026-02-15
2024-10,FR,FR_RAIL_OP058,FRST208,MTST148,1251.64,2526.4,89.94,8.84,175,86.19,3.135,84.02,10112.66,0,0,RFC8_NORTH_SEA_BALTIC,ERA_PERFORMANCE_REPORT,1,2024-07-31
2024-11,IT,IT_RAIL_OP059,ITST209,ESST149,2503.7,4909.12,85.34,10.8,477,92.18,143.847,80.91,1752.46,1,0,RFC9_RHINE_DANUBE,INFRA_MANAGER_DATA,1,2025-11-08
2024-12,NL,NL_RAIL_OP060,NLST210,CZST150,2072.37,3526.25,89.24,7.04,559,144.27,11.065,31.04,1165.52,1,0,RFC10_ALPINE_WEST_BALKANS,OPERATOR_REPORTING,1,2025-12-15
2025-01,SI,SI_RAIL_OP001,SIST211,HUST151,3102.31,810.67,78.7,1.89,82,89.94,71.264,47.24,3097.62,0,0,RFC1_RHINE_ALPINE,EUROSTAT_RAIL,1,2025-02-05
2025-02,BG,BG_RAIL_OP002,BGST212,NLST152,4949.62,2768.97,73.24,18.48,479,136.71,57.562,75.15,1748.84,0,0,RFC2_NSEA_MED,ERA_PERFORMANCE_REPORT,1,2024-01-02
2025-03,EE,EE_RAIL_OP003,EEST213,SEST153,3863.19,5826.61,68.23,6.47,827,134.74,38.179,99.18,5577.61,1,0,RFC3_SCAND_MED,INFRA_MANAGER_DATA,1,2025-04-24
2025-04,HU,HU_RAIL_OP004,HUST214,DKST154,80.71,2597.2,91.83,14.19,350,129.94,2.241,38.36,3992.76,0,0,RFC4_ATLANTIC,OPERATOR_REPORTING,1,2024-12-18
2025-05,LU,LU_RAIL_OP005,LUST215,IEST155,968.28,1272.44,95.35,13.44,400,113.29,11.178,49.89,1107.04,1,0,RFC5_BALTIC_ADRIATIC,EUROSTAT_RAIL,1,2025-10-27
2025-06,RO,RO_RAIL_OP006,ROST216,PLST156,1173.56,1331.81,89.92,0.83,320,105.49,103.596,88.28,6248.02,1,0,RFC6_MEDITERRANEAN,ERA_PERFORMANCE_REPORT,1,2025-05-22
2025-07,AT,AT_RAIL_OP007,ATST217,ATST157,2829.04,1630.5,73.51,18.19,563,88.76,72.614,38.84,4158.74,0,1,RFC7_ORIENT_EASTMED,INFRA_MANAGER_DATA,1,2024-11-26
2025-08,CZ,CZ_RAIL_OP008,CZST218,EEST158,2309.72,422.76,81.9,9.67,603,109.8,69.222,63.08,2568.66,0,0,RFC8_NORTH_SEA_BALTIC,OPERATOR_REPORTING,1,2025-05-09
2025-09,DE,DE_RAIL_OP009,DEST219,ITST159,175.1,3470.25,94.7,8.77,492,135.44,103.746,65.15,2130.53,1,0,RFC9_RHINE_DANUBE,EUROSTAT_RAIL,1,2025-08-16
2025-10,LV,LV_RAIL_OP010,LVST220,PTST160,2877.19,1868.19,73.13,7.71,1120,89.13,2.297,41.25,3464.42,1,0,RFC10_ALPINE_WEST_BALKANS,ERA_PERFORMANCE_REPORT,1,2024-05-23
2025-11,PL,PL_RAIL_OP011,PLST221,BEST161,6374.61,2253.18,72.59,14.99,575,108.5,61.833,35.62,244.71,1,0,RFC1_RHINE_ALPINE,INFRA_MANAGER_DATA,1,2025-05-14
2025-12,ES,ES_RAIL_OP012,ESST222,FIST162,6019.13,1131.3,94.3,6.16,167,128.68,91.663,75.21,8457.44,1,0,RFC2_NSEA_MED,OPERATOR_REPORTING,1,2026-01-03
2026-01,HR,HR_RAIL_OP013,HRST223,LVST163,5696.46,4567.43,78.59,4.41,94,128.42,53.725,44.19,4397.68,1,0,RFC3_SCAND_MED,EUROSTAT_RAIL,1,2025-01-17
2026-02,FI,FI_RAIL_OP014,FIST224,ROST164,1276.15,2831.22,73.34,3.43,1070,134.32,33.171,86.56,1229.07,1,0,RFC4_ATLANTIC,ERA_PERFORMANCE_REPORT,1,2026-02-11
2026-03,IE,IE_RAIL_OP015,IEST225,BGST165,1677.77,239.86,85.43,13.07,541,88.65,23.618,89.18,9109.82,1,1,RFC5_BALTIC_ADRIATIC,INFRA_MANAGER_DATA,1,2024-06-20
2026-04,MT,MT_RAIL_OP016,MTST226,FRST166,3466.21,2094.05,80.39,12.89,511,131.31,37.33,42.61,4463.86,1,0,RFC6_MEDITERRANEAN,OPERATOR_REPORTING,1,2024-04-14
2026-05,SK,SK_RAIL_OP017,SKST227,LTST167,1366.52,3856.87,71.62,14.59,912,114.31,106.694,48.2,6336.9,1,0,RFC7_ORIENT_EASTMED,EUROSTAT_RAIL,1,2025-06-06
2026-06,BE,BE_RAIL_OP018,BEST228,SKST168,5521.64,3628.23,68.35,11.97,562,119.01,43.469,56.21,4553.73,1,0,RFC8_NORTH_SEA_BALTIC,ERA_PERFORMANCE_REPORT,1,2025-02-13
2026-07,DK,DK_RAIL_OP019,DKST229,HRST169,1343.22,224.24,81.55,13.87,535,94.94,89.857,46.69,5397.68,0,0,RFC9_RHINE_DANUBE,INFRA_MANAGER_DATA,1,2024-04-21
2026-08,GR,GR_RAIL_OP020,GRST230,DEST170,1417.84,2190.94,70.19,18.4,113,134.96,141.987,37.1,6185.79,0,0,RFC10_ALPINE_WEST_BALKANS,OPERATOR_REPORTING,0,2025-10-08
2026-09,LT,LT_RAIL_OP021,LTST231,LUST171,3046.13,29.19,79.26,5.8,615,124.6,42.169,37.42,6000.15,1,0,RFC1_RHINE_ALPINE,EUROSTAT_RAIL,1,2024-03-24
2026-10,PT,PT_RAIL_OP022,PTST232,SIST172,378.66,4603.23,68.71,8.22,1008,127.14,107.585,54.46,4027.64,0,0,RFC2_NSEA_MED,ERA_PERFORMANCE_REPORT,1,2025-10-13
2026-11,SE,SE_RAIL_OP023,SEST233,CYST173,828.78,1536.47,85.66,3.36,42,130.51,54.235,54.66,3388.0,0,1,RFC3_SCAND_MED,INFRA_MANAGER_DATA,1,2024-11-08
2026-12,CY,CY_RAIL_OP024,CYST234,GRST174,2312.63,1743.48,72.76,3.63,271,106.9,29.007,87.76,10095.68,1,0,RFC4_ATLANTIC,OPERATOR_REPORTING,1,2024-12-05
2016-01,FR,FR_RAIL_OP025,FRST235,MTST175,2835.54,1210.24,89.77,4.89,206,137.41,48.148,51.91,2952.25,1,0,RFC5_BALTIC_ADRIATIC,EUROSTAT_RAIL,1,2025-05-12
2016-02,IT,IT_RAIL_OP026,ITST236,ESST176,747.39,3736.1,91.59,7.93,383,113.16,17.777,60.02,5542.83,0,0,RFC6_MEDITERRANEAN,ERA_PERFORMANCE_REPORT,1,2025-09-01
2016-03,NL,NL_RAIL_OP027,NLST237,CZST177,3495.05,2983.98,96.36,9.26,475,90.26,76.963,41.92,6110.17,1,0,RFC7_ORIENT_EASTMED,INFRA_MANAGER_DATA,1,2025-10-31
2016-04,SI,SI_RAIL_OP028,SIST238,HUST178,5708.72,5054.02,89.78,3.48,195,140.39,32.111,98.37,984.84,1,1,RFC8_NORTH_SEA_BALTIC,OPERATOR_REPORTING,1,2024-02-20
2016-05,BG,BG_RAIL_OP029,BGST239,NLST179,3234.01,551.35,86.09,12.1,454,110.54,94.264,75.73,204.02,0,0,RFC9_RHINE_DANUBE,EUROSTAT_RAIL,1,2024-01-05
2016-06,EE,EE_RAIL_OP030,EEST240,SEST180,1306.6,6032.18,91.27,4.39,268,113.45,79.29,49.07,1125.7,0,0,RFC10_ALPINE_WEST_BALKANS,ERA_PERFORMANCE_REPORT,1,2024-07-21
2016-07,HU,HU_RAIL_OP031,HUST241,DKST181,3357.25,2245.66,73.93,13.87,377,102.4,32.692,53.4,6137.35,1,0,RFC1_RHINE_ALPINE,INFRA_MANAGER_DATA,1,2024-01-27
2016-08,LU,LU_RAIL_OP032,LUST242,IEST182,5787.26,5018.21,71.79,3.59,252,115.79,109.124,80.14,7686.57,1,0,RFC2_NSEA_MED,OPERATOR_REPORTING,1,2025-12-18
2016-09,RO,RO_RAIL_OP033,ROST243,PLST183,626.05,4748.28,82.47,0.82,208,132.6,17.796,44.16,6234.54,1,1,RFC3_SCAND_MED,EUROSTAT_RAIL,1,2026-02-22
2016-10,AT,AT_RAIL_OP034,ATST244,ATST184,406.19,3120.32,76.39,7.55,408,140.56,68.428,64.98,327.01,0,0,RFC4_ATLANTIC,ERA_PERFORMANCE_REPORT,1,2025-08-24
2016-11,CZ,CZ_RAIL_OP035,CZST245,EEST185,1310.37,5051.61,95.45,1.33,665,134.66,10.928,61.91,2973.47,1,0,RFC5_BALTIC_ADRIATIC,INFRA_MANAGER_DATA,1,2024-02-08
2016-12,DE,DE_RAIL_OP036,DEST246,ITST186,2722.5,829.17,97.95,7.57,310,136.29,5.771,51.04,5851.15,0,0,RFC6_MEDITERRANEAN,OPERATOR_REPORTING,1,2025-11-04
2017-01,LV,LV_RAIL_OP037,LVST247,PTST187,1485.73,883.17,76.53,2.29,0,107.21,54.403,45.56,6116.59,1,0,RFC7_ORIENT_EASTMED,EUROSTAT_RAIL,1,2025-01-09
2017-02,PL,PL_RAIL_OP038,PLST248,BEST188,4588.18,1629.64,89.38,0.6,127,124.1,64.343,50.05,304.92,1,0,RFC8_NORTH_SEA_BALTIC,ERA_PERFORMANCE_REPORT,1,2026-02-13
2017-03,ES,ES_RAIL_OP039,ESST249,FIST189,3549.71,3026.13,69.21,18.0,214,141.78,72.01,97.78,7052.96,1,0,RFC9_RHINE_DANUBE,INFRA_MANAGER_DATA,0,2024-11-30
2017-04,HR,HR_RAIL_OP040,HRST250,LVST190,2122.12,2356.43,92.05,2.26,413,135.3,35.954,72.26,122.01,1,0,RFC10_ALPINE_WEST_BALKANS,OPERATOR_REPORTING,0,2025-04-01
2017-05,FI,FI_RAIL_OP041,FIST251,ROST191,3898.69,702.47,83.97,2.69,309,104.61,104.115,96.51,1344.11,0,0,RFC1_RHINE_ALPINE,EUROSTAT_RAIL,0,2024-10-19
2017-06,IE,IE_RAIL_OP042,IEST252,BGST192,6681.65,3060.22,78.2,12.98,634,123.88,58.883,36.27,2334.04,1,0,RFC2_NSEA_MED,ERA_PERFORMANCE_REPORT,1,2024-03-25
2017-07,MT,MT_RAIL_OP043,MTST253,FRST193,1460.66,4418.61,73.22,7.9,76,143.69,18.372,88.02,7504.75,1,1,RFC3_SCAND_MED,INFRA_MANAGER_DATA,1,2024-12-25
2017-08,SK,SK_RAIL_OP044,SKST254,LTST194,4602.34,624.17,93.98,9.91,641,114.57,92.782,30.57,649.83,1,0,RFC4_ATLANTIC,OPERATOR_REPORTING,1,2025-10-28
2017-09,BE,BE_RAIL_OP045,BEST255,SKST195,1372.77,427.72,73.44,16.06,580,118.41,51.248,78.37,7039.94,1,0,RFC5_BALTIC_ADRIATIC,EUROSTAT_RAIL,1,2024-07-09
2017-10,DK,DK_RAIL_OP046,DKST256,HRST196,1260.56,3387.04,69.95,2.21,39,133.97,71.085,99.0,8825.05,1,0,RFC6_MEDITERRANEAN,ERA_PERFORMANCE_REPORT,1,2025-08-29
2017-11,GR,GR_RAIL_OP047,GRST257,DEST197,888.43,1385.55,74.55,18.09,1013,134.63,97.477,67.38,9817.66,1,0,RFC7_ORIENT_EASTMED,INFRA_MANAGER_DATA,1,2025-06-07
2017-12,LT,LT_RAIL_OP048,LTST258,LUST198,1298.56,4057.05,97.16,9.13,433,141.65,85.686,35.94,1747.49,1,0,RFC8_NORTH_SEA_BALTIC,OPERATOR_REPORTING,1,2025-08-21
2018-01,PT,PT_RAIL_OP049,PTST259,SIST199,4239.72,2580.53,77.59,12.68,550,105.39,42.006,66.33,2008.5,1,1,RFC9_RHINE_DANUBE,EUROSTAT_RAIL,1,2024-05-12
2018-02,SE,SE_RAIL_OP050,SEST260,CYST200,4575.64,556.84,77.25,2.83,39,88.26,11.924,80.26,1729.02,0,0,RFC10_ALPINE_WEST_BALKANS,ERA_PERFORMANCE_REPORT,1,2025-12-19
2018-03,CY,CY_RAIL_OP051,CYST261,GRST201,5595.63,2484.68,68.17,8.46,628,114.73,71.734,31.6,6261.16,1,0,RFC1_RHINE_ALPINE,INFRA_MANAGER_DATA,1,2024-11-05
2018-04,FR,FR_RAIL_OP052,FRST262,MTST202,2857.86,4076.23,76.16,6.07,378,91.53,40.022,94.69,6171.17,1,0,RFC2_NSEA_MED,OPERATOR_REPORTING,1,2024-02-26
2018-05,IT,IT_RAIL_OP053,ITST263,ESST203,4485.43,2836.21,93.84,9.13,605,91.52,81.647,51.37,3966.31,1,0,RFC3_SCAND_MED,EUROSTAT_RAIL,1,2024-02-16
2018-06,NL,NL_RAIL_OP054,NLST264,CZST204,1479.16,3788.28,79.5,9.87,74,105.74,48.286,86.89,5188.76,1,1,RFC4_ATLANTIC,ERA_PERFORMANCE_REPORT,1,2025-07-14
2018-07,SI,SI_RAIL_OP055,SIST265,HUST205,4596.86,2913.46,89.52,13.86,609,87.16,41.906,63.3,5886.22,0,1,RFC5_BALTIC_ADRIATIC,INFRA_MANAGER_DATA,1,2026-01-24
2018-08,BG,BG_RAIL_OP056,BGST266,NLST206,2292.59,2735.89,96.84,1.9,20,132.04,59.636,67.52,5288.73,1,0,RFC6_MEDITERRANEAN,OPERATOR_REPORTING,1,2025-07-28
2018-09,EE,EE_RAIL_OP057,EEST267,SEST207,3656.79,2121.82,93.47,7.89,658,92.16,54.206,39.12,4083.63,1,0,RFC7_ORIENT_EASTMED,EUROSTAT_RAIL,1,2024-10-31
2018-10,HU,HU_RAIL_OP058,HUST268,DKST208,5899.94,107.0,85.09,10.86,127,89.18,36.939,97.7,924.19,0,0,RFC8_NORTH_SEA_BALTIC,ERA_PERFORMANCE_REPORT,1,2024-10-05
2018-11,LU,LU_RAIL_OP059,LUST269,IEST209,669.37,5254.32,88.38,13.74,430,102.78,54.443,58.38,4020.42,0,1,RFC9_RHINE_DANUBE,INFRA_MANAGER_DATA,1,2024-10-07
2018-12,RO,RO_RAIL_OP060,ROST270,PLST210,6453.14,1559.31,97.75,12.28,211,135.82,22.773,97.7,6718.86,1,0,RFC10_ALPINE_WEST_BALKANS,OPERATOR_REPORTING,0,2024-05-05
2019-01,AT,AT_RAIL_OP001,ATST271,ATST211,2104.98,5780.64,95.5,6.35,393,100.65,19.221,44.61,4101.75,0,0,RFC1_RHINE_ALPINE,EUROSTAT_RAIL,1,2025-01-21
2019-02,CZ,CZ_RAIL_OP002,CZST272,EEST212,6204.93,2774.46,71.94,12.45,109,139.89,141.848,69.34,4877.36,0,0,RFC2_NSEA_MED,ERA_PERFORMANCE_REPORT,0,2025-04-15
2019-03,DE,DE_RAIL_OP003,DEST273,ITST213,6766.7,3226.3,69.7,4.82,951,142.27,16.431,56.97,6575.41,1,0,RFC3_SCAND_MED,INFRA_MANAGER_DATA,1,2024-06-24
2019-04,LV,LV_RAIL_OP004,LVST274,PTST214,3958.45,3953.51,74.21,23.32,1073,113.76,69.558,62.17,2862.87,1,0,RFC4_ATLANTIC,OPERATOR_REPORTING,1,2025-09-23
2019-05,PL,PL_RAIL_OP005,PLST275,BEST215,1214.8,163.4,74.63,12.45,192,87.67,58.04,86.04,7055.0,1,0,RFC5_BALTIC_ADRIATIC,EUROSTAT_RAIL,1,2024-10-04
2019-06,ES,ES_RAIL_OP006,ESST276,FIST216,748.09,3218.25,84.24,4.74,603,113.94,22.658,86.44,8509.03,0,1,RFC6_MEDITERRANEAN,ERA_PERFORMANCE_REPORT,1,2025-04-11
2019-07,HR,HR_RAIL_OP007,HRST277,LVST217,1774.5,3873.94,84.94,2.33,103,104.65,19.102,73.75,8553.29,1,1,RFC7_ORIENT_EASTMED,INFRA_MANAGER_DATA,1,2024-04-12
2019-08,FI,FI_RAIL_OP008,FIST278,ROST218,5211.4,5850.74,95.84,2.59,335,122.55,87.237,43.56,3896.26,0,0,RFC8_NORTH_SEA_BALTIC,OPERATOR_REPORTING,0,2025-01-08
2019-09,IE,IE_RAIL_OP009,IEST279,BGST219,162.58,4306.42,88.47,11.35,509,94.28,102.784,61.47,6106.96,1,0,RFC9_RHINE_DANUBE,EUROSTAT_RAIL,1,2025-06-10
2019-10,MT,MT_RAIL_OP010,MTST280,FRST220,3192.45,328.8,89.34,2.7,331,110.21,134.811,84.38,1531.23,1,0,RFC10_ALPINE_WEST_BALKANS,ERA_PERFORMANCE_REPORT,1,2024-11-18
2019-11,SK,SK_RAIL_OP011,SKST281,LTST221,1975.77,3058.62,87.22,1.64,513,141.29,105.192,77.27,6104.36,1,0,RFC1_RHINE_ALPINE,INFRA_MANAGER_DATA,1,2025-01-27
2019-12,BE,BE_RAIL_OP012,BEST282,SKST222,466.47,2796.02,73.75,6.38,1034,122.83,138.203,96.64,2868.82,1,0,RFC2_NSEA_MED,OPERATOR_REPORTING,1,2025-10-28
2020-01,DK,DK_RAIL_OP013,DKST283,HRST223,2399.08,3376.14,77.62,18.29,172,97.51,34.834,98.82,3405.96,0,0,RFC3_SCAND_MED,EUROSTAT_RAIL,1,2025-04-19
2020-02,GR,GR_RAIL_OP014,GRST284,DEST224,2638.88,1220.61,78.32,1.79,622,117.47,74.89,52.03,5511.09,0,0,RFC4_ATLANTIC,ERA_PERFORMANCE_REPORT,1,2025-09-11
2020-03,LT,LT_RAIL_OP015,LTST285,LUST225,1254.95,2629.76,80.62,3.79,324,95.5,15.458,93.42,6527.66,1,0,RFC5_BALTIC_ADRIATIC,INFRA_MANAGER_DATA,1,2025-01-02
2020-04,PT,PT_RAIL_OP016,PTST286,SIST226,4020.95,3767.67,96.05,12.87,152,98.13,97.784,58.92,2790.88,1,0,RFC6_MEDITERRANEAN,OPERATOR_REPORTING,1,2024-01-22
2020-05,SE,SE_RAIL_OP017,SEST287,CYST227,5267.07,2396.27,68.85,22.51,532,105.73,144.837,81.72,9453.73,1,0,RFC7_ORIENT_EASTMED,EUROSTAT_RAIL,1,2025-06-20
2020-06,CY,CY_RAIL_OP018,CYST288,GRST228,1960.75,1045.29,75.16,15.79,363,137.97,105.757,69.82,9745.17,1,1,RFC8_NORTH_SEA_BALTIC,ERA_PERFORMANCE_REPORT,1,2024-07-23
2020-07,FR,FR_RAIL_OP019,FRST289,MTST229,6700.46,3110.94,75.09,2.36,46,97.0,17.684,96.9,1944.16,0,1,RFC9_RHINE_DANUBE,INFRA_MANAGER_DATA,1,2026-02-13
2020-08,IT,IT_RAIL_OP020,ITST290,ESST230,374.56,2352.29,98.0,11.16,53,136.18,13.783,63.46,5321.42,1,0,RFC10_ALPINE_WEST_BALKANS,OPERATOR_REPORTING,1,2024-09-11
2020-09,NL,NL_RAIL_OP021,NLST291,CZST231,955.53,1798.83,70.54,17.74,657,130.99,109.772,59.23,4250.73,0,0,RFC1_RHINE_ALPINE,EUROSTAT_RAIL,1,2024-11-05
2020-10,SI,SI_RAIL_OP022,SIST292,HUST232,3378.55,2632.47,83.19,10.5,107,111.49,16.712,73.53,9753.39,1,0,RFC2_NSEA_MED,ERA_PERFORMANCE_REPORT,1,2024-05-08
2020-11,BG,BG_RAIL_OP023,BGST293,NLST233,586.03,613.16,88.42,3.99,114,126.54,51.951,51.13,4176.79,1,0,RFC3_SCAND_MED,INFRA_MANAGER_DATA,1,2025-02-04
2020-12,EE,EE_RAIL_OP024,EEST294,SEST234,4554.28,2527.23,96.31,3.14,466,137.4,110.882,41.43,333.23,1,0,RFC4_ATLANTIC,OPERATOR_REPORTING,1,2024-09-05
2021-01,HU,HU_RAIL_OP025,HUST295,DKST235,2317.41,1118.76,74.74,16.1,713,142.9,109.719,85.07,4614.27,1,0,RFC5_BALTIC_ADRIATIC,EUROSTAT_RAIL,1,2026-01-02
2021-02,LU,LU_RAIL_OP026,LUST296,IEST236,363.99,1809.74,88.26,8.93,574,102.55,14.854,34.92,6721.67,1,0,RFC6_MEDITERRANEAN,ERA_PERFORMANCE_REPORT,1,2024-08-02
2021-03,RO,RO_RAIL_OP027,ROST297,PLST237,590.69,4679.63,79.69,12.39,35,136.09,60.807,59.16,3773.15,1,0,RFC7_ORIENT_EASTMED,INFRA_MANAGER_DATA,1,2024-11-26
2021-04,AT,AT_RAIL_OP028,ATST298,ATST238,1135.38,666.45,96.56,13.39,551,137.2,42.278,66.63,5438.56,0,0,RFC8_NORTH_SEA_BALTIC,OPERATOR_REPORTING,1,2025-07-24
2021-05,CZ,CZ_RAIL_OP029,CZST299,EEST239,4320.51,4749.05,71.26,1.41,948,137.85,5.766,84.05,6939.47,1,0,RFC9_RHINE_DANUBE,EUROSTAT_RAIL,1,2025-11-03
2021-06,DE,DE_RAIL_OP030,DEST300,ITST240,5024.53,3777.84,79.73,8.11,544,122.01,30.548,38.02,246.71,1,0,RFC10_ALPINE_WEST_BALKANS,ERA_PERFORMANCE_REPORT,1,2025-07-05
2021-07,LV,LV_RAIL_OP031,LVST301,PTST241,2382.65,2618.76,77.71,16.49,177,126.11,96.869,48.23,191.44,1,0,RFC1_RHINE_ALPINE,INFRA_MANAGER_DATA,0,2024-10-03
2021-08,PL,PL_RAIL_OP032,PLST302,BEST242,885.24,1950.43,68.05,12.32,455,91.9,90.934,67.8,6306.08,1,0,RFC2_NSEA_MED,OPERATOR_REPORTING,1,2025-01-30
2021-09,ES,ES_RAIL_OP033,ESST303,FIST243,466.69,5783.31,86.98,3.29,182,112.94,1.58,72.19,1279.79,0,1,RFC3_SCAND_MED,EUROSTAT_RAIL,1,2025-06-03
2021-10,HR,HR_RAIL_OP034,HRST304,LVST244,4245.86,4921.26,93.5,12.6,582,128.4,92.73,57.28,960.35,1,0,RFC4_ATLANTIC,ERA_PERFORMANCE_REPORT,1,2024-01-04
2021-11,FI,FI_RAIL_OP035,FIST305,ROST245,4451.11,1286.04,75.6,2.85,617,99.73,81.781,55.31,180.96,1,0,RFC5_BALTIC_ADRIATIC,INFRA_MANAGER_DATA,1,2024-09-28
2021-12,IE,IE_RAIL_OP036,IEST306,BGST246,5312.42,4432.16,70.05,4.7,39,126.59,75.129,36.29,1325.61,1,0,RFC6_MEDITERRANEAN,OPERATOR_REPORTING,1,2025-02-14
2022-01,MT,MT_RAIL_OP037,MTST307,FRST247,3782.94,2013.83,96.51,1.64,552,137.03,19.423,44.08,6340.41,1,0,RFC7_ORIENT_EASTMED,EUROSTAT_RAIL,1,2025-03-08
2022-02,SK,SK_RAIL_OP038,SKST308,LTST248,2410.99,2270.96,87.09,11.27,192,85.56,102.268,69.25,4452.81,1,0,RFC8_NORTH_SEA_BALTIC,ERA_PERFORMANCE_REPORT,1,2025-05-18
2022-03,BE,BE_RAIL_OP039,BEST309,SKST249,1308.28,2089.25,74.48,1.92,5,132.65,1.841,96.6,300.57,1,0,RFC9_RHINE_DANUBE,INFRA_MANAGER_DATA,1,2025-07-09
2022-04,DK,DK_RAIL_OP040,DKST310,HRST250,1417.91,1406.48,78.59,4.36,502,118.06,70.885,92.38,5499.94,1,1,RFC10_ALPINE_WEST_BALKANS,OPERATOR_REPORTING,1,2025-01-16
2022-05,GR,GR_RAIL_OP041,GRST311,DEST251,6095.36,3391.83,78.59,6.89,653,119.06,68.861,37.21,6318.25,0,0,RFC1_RHINE_ALPINE,EUROSTAT_RAIL,1,2024-09-10
2022-06,LT,LT_RAIL_OP042,LTST312,LUST252,4397.82,1478.62,78.39,3.61,670,130.61,72.955,50.3,5378.03,0,1,RFC2_NSEA_MED,ERA_PERFORMANCE_REPORT,1,2025-11-20
2022-07,PT,PT_RAIL_OP043,PTST313,SIST253,119.16,288.88,92.46,2.58,60,129.35,29.121,34.71,5308.38,1,0,RFC3_SCAND_MED,INFRA_MANAGER_DATA,1,2024-07-02
2022-08,SE,SE_RAIL_OP044,SEST314,CYST254,374.06,214.48,90.33,13.08,352,90.71,44.857,80.91,5869.52,1,0,RFC4_ATLANTIC,OPERATOR_REPORTING,1,2024-01-04
2022-09,CY,CY_RAIL_OP045,CYST315,GRST255,689.07,4043.1,86.16,2.23,661,104.45,14.604,88.33,5870.25,1,0,RFC5_BALTIC_ADRIATIC,EUROSTAT_RAIL,1,2025-09-16
2022-10,FR,FR_RAIL_OP046,FRST316,MTST256,6217.09,1747.61,87.23,11.1,634,128.26,66.027,66.76,3432.94,0,0,RFC6_MEDITERRANEAN,ERA_PERFORMANCE_REPORT,1,2025-03-30
2022-11,IT,IT_RAIL_OP047,ITST317,ESST257,2949.13,558.9,97.5,4.16,205,89.13,49.375,30.7,1004.69,0,0,RFC7_ORIENT_EASTMED,INFRA_MANAGER_DATA,1,2024-10-22
2022-12,NL,NL_RAIL_OP048,NLST318,CZST258,3497.5,3372.73,93.48,7.19,464,86.58,112.746,31.26,3483.04,1,0,RFC8_NORTH_SEA_BALTIC,OPERATOR_REPORTING,1,2025-03-14
2023-01,SI,SI_RAIL_OP049,SIST319,HUST259,6311.34,2513.7,73.83,11.22,964,98.82,19.334,44.27,4310.77,1,0,RFC9_RHINE_DANUBE,EUROSTAT_RAIL,1,2024-06-01
2023-02,BG,BG_RAIL_OP050,BGST320,NLST260,4882.88,1483.9,74.27,11.43,921,114.75,22.882,69.94,5945.18,1,0,RFC10_ALPINE_WEST_BALKANS,ERA_PERFORMANCE_REPORT,1,2025-07-12
2023-03,EE,EE_RAIL_OP051,EEST321,SEST261,2376.03,1144.14,93.52,13.47,23,125.12,24.125,32.32,2149.78,1,0,RFC1_RHINE_ALPINE,INFRA_MANAGER_DATA,1,2025-04-02
2023-04,HU,HU_RAIL_OP052,HUST322,DKST262,4287.3,1681.02,91.4,6.71,549,126.9,73.664,46.26,5447.74,1,0,RFC2_NSEA_MED,OPERATOR_REPORTING,1,2024-11-16
2023-05,LU,LU_RAIL_OP053,LUST323,IEST263,3573.16,2451.83,93.71,3.98,212,86.79,96.924,85.83,5856.17,1,0,RFC3_SCAND_MED,EUROSTAT_RAIL,1,2024-12-04
2023-06,RO,RO_RAIL_OP054,ROST324,PLST264,2147.7,2439.82,90.12,8.27,449,137.84,14.435,48.46,1417.88,1,0,RFC4_ATLANTIC,ERA_PERFORMANCE_REPORT,1,2025-07-17
2023-07,AT,AT_RAIL_OP055,ATST325,ATST265,2730.23,4559.48,79.88,4.88,600,110.98,101.96,34.21,2271.47,0,0,RFC5_BALTIC_ADRIATIC,INFRA_MANAGER_DATA,1,2025-03-17
2023-08,CZ,CZ_RAIL_OP056,CZST326,EEST266,1300.91,2720.85,68.54,18.69,385,129.96,8.919,98.96,4255.85,1,0,RFC6_MEDITERRANEAN,OPERATOR_REPORTING,1,2025-09-08
2023-09,DE,DE_RAIL_OP057,DEST327,ITST267,918.79,1240.42,73.69,10.13,520,120.66,69.501,98.93,6782.69,1,0,RFC7_ORIENT_EASTMED,EUROSTAT_RAIL,1,2024-08-06
2023-10,LV,LV_RAIL_OP058,LVST328,PTST268,4061.88,5464.49,72.72,17.24,278,98.11,127.197,36.77,4655.74,1,1,RFC8_NORTH_SEA_BALTIC,ERA_PERFORMANCE_REPORT,1,2025-10-28
2023-11,PL,PL_RAIL_OP059,PLST329,BEST269,824.92,2163.98,83.34,4.45,18,142.25,124.501,62.5,6873.39,0,1,RFC9_RHINE_DANUBE,INFRA_MANAGER_DATA,1,2025-06-02
2023-12,ES,ES_RAIL_OP060,ESST330,FIST270,1014.58,1516.09,96.87,4.29,497,99.52,46.819,60.65,8327.45,1,0,RFC10_ALPINE_WEST_BALKANS,OPERATOR_REPORTING,1,2025-10-24
2024-01,HR,HR_RAIL_OP001,HRST331,LVST271,3702.83,5546.21,83.88,3.67,250,144.99,39.169,50.16,6087.15,0,1,RFC1_RHINE_ALPINE,EUROSTAT_RAIL,1,2026-02-12
2024-02,FI,FI_RAIL_OP002,FIST332,ROST272,2901.49,4130.34,72.27,4.92,694,128.38,105.205,98.99,4497.91,1,0,RFC2_NSEA_MED,ERA_PERFORMANCE_REPORT,1,2024-05-14
2024-03,IE,IE_RAIL_OP003,IEST333,BGST273,1036.8,2700.52,92.67,1.47,568,112.75,104.666,54.26,4279.66,1,1,RFC3_SCAND_MED,INFRA_MANAGER_DATA,1,2025-07-06
2024-04,MT,MT_RAIL_OP004,MTST334,FRST274,425.33,627.2,84.4,3.02,63,117.91,66.305,99.41,1765.47,0,1,RFC4_ATLANTIC,OPERATOR_REPORTING,0,2025-11-20
2024-05,SK,SK_RAIL_OP005,SKST335,LTST275,2600.12,3120.76,90.99,10.4,559,89.42,77.472,92.55,855.31,1,0,RFC5_BALTIC_ADRIATIC,EUROSTAT_RAIL,1,2024-10-05
2024-06,BE,BE_RAIL_OP006,BEST336,SKST276,1092.21,1224.33,88.36,6.53,326,113.38,64.478,54.8,3390.93,1,0,RFC6_MEDITERRANEAN,ERA_PERFORMANCE_REPORT,1,2025-01-31
2024-07,DK,DK_RAIL_OP007,DKST337,HRST277,2284.04,2659.0,69.53,10.83,298,143.59,105.933,96.87,9169.12,0,1,RFC7_ORIENT_EASTMED,INFRA_MANAGER_DATA,1,2025-03-07
2024-08,GR,GR_RAIL_OP008,GRST338,DEST278,3020.63,4578.45,98.26,6.26,181,115.55,13.67,88.42,5245.73,0,0,RFC8_NORTH_SEA_BALTIC,OPERATOR_REPORTING,1,2024-02-12
2024-09,LT,LT_RAIL_OP009,LTST339,LUST279,2656.48,3164.51,88.33,5.06,355,123.93,0.993,38.67,2093.14,0,1,RFC9_RHINE_DANUBE,EUROSTAT_RAIL,1,2025-08-12
2024-10,PT,PT_RAIL_OP010,PTST340,SIST280,2933.78,5715.88,86.78,3.05,490,132.3,121.114,54.15,1981.12,1,1,RFC10_ALPINE_WEST_BALKANS,ERA_PERFORMANCE_REPORT,1,2024-05-30
2024-11,SE,SE_RAIL_OP011,SEST341,CYST281,3084.23,1182.15,69.79,7.88,293,108.96,62.554,94.32,2136.86,1,0,RFC1_RHINE_ALPINE,INFRA_MANAGER_DATA,1,2024-08-19
2024-12,CY,CY_RAIL_OP012,CYST342,GRST282,3691.56,2563.73,79.1,5.55,544,91.63,42.112,99.4,6487.93,1,0,RFC2_NSEA_MED,OPERATOR_REPORTING,1,2025-08-18
2025-01,FR,FR_RAIL_OP013,FRST343,MTST283,3655.33,3532.6,90.49,1.75,326,97.41,46.223,47.9,4203.23,0,0,RFC3_SCAND_MED,EUROSTAT_RAIL,1,2025-08-17
2025-02,IT,IT_RAIL_OP014,ITST344,ESST284,2283.9,4775.94,88.13,12.43,12,108.25,69.051,32.09,3422.64,1,0,RFC4_ATLANTIC,ERA_PERFORMANCE_REPORT,1,2024-08-02
2025-03,NL,NL_RAIL_OP015,NLST345,CZST285,48.4,237.61,94.74,6.82,192,131.25,36.996,40.74,5652.97,0,0,RFC5_BALTIC_ADRIATIC,INFRA_MANAGER_DATA,1,2025-04-27
2025-04,SI,SI_RAIL_OP016,SIST346,HUST286,971.63,1639.39,83.27,3.55,517,114.22,79.567,36.57,6632.88,1,0,RFC6_MEDITERRANEAN,OPERATOR_REPORTING,1,2025-09-01
2025-05,BG,BG_RAIL_OP017,BGST347,NLST287,920.17,3808.02,74.19,9.21,888,132.83,27.586,79.2,1338.07,1,1,RFC7_ORIENT_EASTMED,EUROSTAT_RAIL,1,2025-12-11
2025-06,EE,EE_RAIL_OP018,EEST348,SEST288,2150.54,4424.12,84.05,3.48,286,100.64,35.687,64.94,1714.47,1,0,RFC8_NORTH_SEA_BALTIC,ERA_PERFORMANCE_REPORT,1,2025-01-19
2025-07,HU,HU_RAIL_OP019,HUST349,DKST289,3378.28,3947.47,68.45,18.54,1059,124.57,72.322,94.53,9456.59,1,0,RFC9_RHINE_DANUBE,INFRA_MANAGER_DATA,1,2024-08-05
2025-08,LU,LU_RAIL_OP020,LUST350,IEST290,5619.22,3077.86,69.96,18.34,489,98.94,53.046,64.88,7559.25,1,0,RFC10_ALPINE_WEST_BALKANS,OPERATOR_REPORTING,1,2025-04-02
2025-09,RO,RO_RAIL_OP021,ROST351,PLST291,3708.97,1164.43,94.9,10.18,102,122.1,89.129,80.9,10066.66,1,0,RFC1_RHINE_ALPINE,EUROSTAT_RAIL,1,2024-03-23
2025-10,AT,AT_RAIL_OP022,ATST352,ATST292,6182.59,2682.59,72.79,8.2,1019,96.39,121.195,67.77,2888.16,1,1,RFC2_NSEA_MED,ERA_PERFORMANCE_REPORT,1,2025-05-22
2025-11,CZ,CZ_RAIL_OP023,CZST353,EEST293,2361.79,3259.6,76.1,17.07,395,136.82,86.333,48.16,926.66,1,0,RFC3_SCAND_MED,INFRA_MANAGER_DATA,1,2025-12-18
2025-12,DE,DE_RAIL_OP024,DEST354,ITST294,1467.06,2811.42,86.32,8.42,294,130.37,74.149,40.47,6016.61,0,0,RFC4_ATLANTIC,OPERATOR_REPORTING,1,2025-02-17
2026-01,LV,LV_RAIL_OP025,LVST355,PTST295,3042.14,428.75,70.26,7.29,254,106.45,101.081,97.93,4355.36,0,0,RFC5_BALTIC_ADRIATIC,EUROSTAT_RAIL,1,2024-10-24
2026-02,PL,PL_RAIL_OP026,PLST356,BEST296,5017.17,3565.12,74.43,14.39,406,102.23,85.645,56.62,1110.11,1,0,RFC6_MEDITERRANEAN,ERA_PERFORMANCE_REPORT,1,2025-06-04
2026-03,ES,ES_RAIL_OP027,ESST357,FIST297,4003.19,683.82,74.2,8.36,44,138.55,71.966,49.08,3930.22,0,0,RFC7_ORIENT_EASTMED,INFRA_MANAGER_DATA,1,2024-02-25
2026-04,HR,HR_RAIL_OP028,HRST358,LVST298,1392.57,755.12,74.97,10.38,97,100.97,89.078,97.37,8519.15,0,1,RFC8_NORTH_SEA_BALTIC,OPERATOR_REPORTING,1,2025-03-27
2026-05,FI,FI_RAIL_OP029,FIST359,ROST299,3646.92,1356.07,70.69,9.1,993,130.12,7.05,45.44,5911.51,0,0,RFC9_RHINE_DANUBE,EUROSTAT_RAIL,1,2025-01-12
2026-06,IE,IE_RAIL_OP030,IEST360,BGST300,3119.51,2185.1,79.91,12.68,471,129.07,2.82,42.74,2409.41,0,0,RFC10_ALPINE_WEST_BALKANS,ERA_PERFORMANCE_REPORT,1,2025-02-14
2026-07,MT,MT_RAIL_OP031,MTST361,FRST301,2211.99,2190.19,84.27,8.57,268,114.1,39.145,52.22,6555.77,1,0,RFC1_RHINE_ALPINE,INFRA_MANAGER_DATA,1,2024-09-01
2026-08,SK,SK_RAIL_OP032,SKST362,LTST302,1655.79,296.73,75.69,10.64,76,137.56,64.326,99.26,7541.6,0,0,RFC2_NSEA_MED,OPERATOR_REPORTING,1,2024-11-25
2026-09,BE,BE_RAIL_OP033,BEST363,SKST303,4752.4,3770.48,71.75,13.8,675,143.54,88.218,95.16,2564.36,1,1,RFC3_SCAND_MED,EUROSTAT_RAIL,1,2024-07-18
2026-10,DK,DK_RAIL_OP034,DKST364,HRST304,2249.27,2399.75,87.21,10.48,622,96.79,120.107,83.52,1725.55,1,0,RFC4_ATLANTIC,ERA_PERFORMANCE_REPORT,1,2024-04-20
2026-11,GR,GR_RAIL_OP035,GRST365,DEST305,5078.16,2728.5,83.61,8.79,269,131.41,44.106,52.14,218.79,1,0,RFC5_BALTIC_ADRIATIC,INFRA_MANAGER_DATA,1,2024-08-24
2026-12,LT,LT_RAIL_OP036,LTST366,LUST306,5112.48,3028.66,82.22,10.09,20,100.91,46.155,89.31,644.43,1,0,RFC6_MEDITERRANEAN,OPERATOR_REPORTING,1,2024-11-27
2016-01,PT,PT_RAIL_OP037,PTST367,SIST307,946.14,472.92,83.55,6.49,322,141.07,135.847,57.64,921.09,1,0,RFC7_ORIENT_EASTMED,EUROSTAT_RAIL,1,2024-10-11
2016-02,SE,SE_RAIL_OP038,SEST368,CYST308,4344.27,746.82,68.04,21.77,501,95.89,53.595,64.27,9820.51,1,0,RFC8_NORTH_SEA_BALTIC,ERA_PERFORMANCE_REPORT,1,2024-04-04
2016-03,CY,CY_RAIL_OP039,CYST369,GRST309,3091.69,212.58,81.33,5.4,112,95.76,77.901,50.51,3531.68,0,0,RFC9_RHINE_DANUBE,INFRA_MANAGER_DATA,1,2025-11-27
2016-04,FR,FR_RAIL_OP040,FRST370,MTST310,4690.55,1369.18,84.36,1.85,30,121.84,89.104,64.63,7939.96,1,1,RFC10_ALPINE_WEST_BALKANS,OPERATOR_REPORTING,1,2024-03-07
2016-05,IT,IT_RAIL_OP041,ITST371,ESST311,2157.54,4787.24,86.98,13.13,515,143.59,7.737,97.93,4175.31,1,0,RFC1_RHINE_ALPINE,EUROSTAT_RAIL,1,2025-11-18
2016-06,NL,NL_RAIL_OP042,NLST372,CZST312,3329.64,4819.61,70.18,18.94,946,144.43,50.27,33.54,890.59,1,1,RFC2_NSEA_MED,ERA_PERFORMANCE_REPORT,1,2025-03-07
2016-07,SI,SI_RAIL_OP043,SIST373,HUST313,280.48,2526.49,84.37,11.77,555,120.23,75.025,48.25,4514.36,1,0,RFC3_SCAND_MED,INFRA_MANAGER_DATA,1,2025-02-04
2016-08,BG,BG_RAIL_OP044,BGST374,NLST314,5561.81,358.1,77.71,11.66,40,110.36,75.26,83.3,3388.36,0,0,RFC4_ATLANTIC,OPERATOR_REPORTING,1,2025-03-28
2016-09,EE,EE_RAIL_OP045,EEST375,SEST315,4841.09,5165.18,84.4,8.24,442,117.02,15.776,51.09,159.82,1,0,RFC5_BALTIC_ADRIATIC,EUROSTAT_RAIL,1,2025-03-30
2016-10,HU,HU_RAIL_OP046,HUST376,DKST316,4192.85,4682.13,80.1,1.17,293,117.1,58.564,39.9,4886.7,1,0,RFC6_MEDITERRANEAN,ERA_PERFORMANCE_REPORT,1,2024-12-22
2016-11,LU,LU_RAIL_OP047,LUST377,IEST317,21.32,3133.49,88.82,0.91,412,121.07,30.35,40.76,871.47,1,0,RFC7_ORIENT_EASTMED,INFRA_MANAGER_DATA,1,2024-12-21
2016-12,RO,RO_RAIL_OP048,ROST378,PLST318,3718.81,1590.11,75.46,1.37,622,113.26,120.729,32.49,2397.44,1,0,RFC8_NORTH_SEA_BALTIC,OPERATOR_REPORTING,1,2024-08-27
2017-01,AT,AT_RAIL_OP049,ATST379,ATST319,1179.3,1904.13,72.58,15.52,442,121.18,76.25,52.1,3981.56,0,0,RFC9_RHINE_DANUBE,EUROSTAT_RAIL,1,2024-12-30
2017-02,CZ,CZ_RAIL_OP050,CZST380,EEST320,3796.49,2488.68,84.83,8.02,576,137.12,39.373,34.72,1471.3,0,0,RFC10_ALPINE_WEST_BALKANS,ERA_PERFORMANCE_REPORT,1,2024-07-03
2017-03,DE,DE_RAIL_OP051,DEST381,ITST321,1258.81,3134.63,82.14,14.07,8,129.2,67.401,32.34,1282.66,1,1,RFC1_RHINE_ALPINE,INFRA_MANAGER_DATA,1,2024-11-24
2017-04,LV,LV_RAIL_OP052,LVST382,PTST322,5865.97,2453.37,90.92,14.29,88,107.19,40.247,61.48,970.99,0,0,RFC2_NSEA_MED,OPERATOR_REPORTING,1,2025-08-22
2017-05,PL,PL_RAIL_OP053,PLST383,BEST323,2954.78,3378.85,93.12,6.2,202,137.95,17.151,92.65,9600.38,1,0,RFC3_SCAND_MED,EUROSTAT_RAIL,1,2025-10-17
2017-06,ES,ES_RAIL_OP054,ESST384,FIST324,4125.85,3776.47,75.49,21.06,260,88.97,22.93,74.75,4472.96,1,0,RFC4_ATLANTIC,ERA_PERFORMANCE_REPORT,1,2024-03-10
2017-07,HR,HR_RAIL_OP055,HRST385,LVST325,1647.28,2811.31,69.85,1.7,349,126.61,107.895,68.63,5351.44,1,0,RFC5_BALTIC_ADRIATIC,INFRA_MANAGER_DATA,1,2024-05-11
2017-08,FI,FI_RAIL_OP056,FIST386,ROST326,3362.64,1381.14,84.76,2.21,660,114.48,25.724,37.37,5263.47,1,0,RFC6_MEDITERRANEAN,OPERATOR_REPORTING,1,2024-01-08
2017-09,IE,IE_RAIL_OP057,IEST387,BGST327,2104.36,1463.35,90.29,8.76,290,135.32,14.889,66.9,1977.89,1,0,RFC7_ORIENT_EASTMED,EUROSTAT_RAIL,1,2024-09-06
2017-10,MT,MT_RAIL_OP058,MTST388,FRST328,4980.19,17.58,96.16,12.8,111,91.51,11.995,35.64,1667.54,0,1,RFC8_NORTH_SEA_BALTIC,ERA_PERFORMANCE_REPORT,1,2025-06-20
2017-11,SK,SK_RAIL_OP059,SKST389,LTST329,3668.35,2979.72,80.1,12.32,670,110.87,65.527,66.74,7648.21,1,0,RFC9_RHINE_DANUBE,INFRA_MANAGER_DATA,1,2025-10-20
2017-12,BE,BE_RAIL_OP060,BEST390,SKST330,2148.59,4749.96,91.77,2.84,259,126.56,105.234,91.27,2556.35,1,0,RFC10_ALPINE_WEST_BALKANS,OPERATOR_REPORTING,1,2024-09-10
2018-01,DK,DK_RAIL_OP001,DKST391,HRST331,1868.45,61.67,82.37,5.72,548,92.64,116.544,95.53,3857.64,1,0,RFC1_RHINE_ALPINE,EUROSTAT_RAIL,1,2024-01-24
2018-02,GR,GR_RAIL_OP002,GRST392,DEST332,3468.43,3471.18,78.26,0.86,16,99.22,0.951,55.07,560.66,0,1,RFC2_NSEA_MED,ERA_PERFORMANCE_REPORT,1,2024-07-19
2018-03,LT,LT_RAIL_OP003,LTST393,LUST333,1362.22,300.09,79.48,9.49,611,91.29,89.676,67.0,2343.88,1,0,RFC3_SCAND_MED,INFRA_MANAGER_DATA,1,2024-06-26
2018-04,PT,PT_RAIL_OP004,PTST394,SIST334,2201.64,34.48,70.05,10.68,804,131.35,44.969,58.45,37.24,0,0,RFC4_ATLANTIC,OPERATOR_REPORTING,1,2024-10-26
2018-05,SE,SE_RAIL_OP005,SEST395,CYST335,1449.57,1731.18,75.74,3.31,92,136.72,9.686,36.94,5025.97,1,0,RFC5_BALTIC_ADRIATIC,EUROSTAT_RAIL,1,2024-10-29
2018-06,CY,CY_RAIL_OP006,CYST396,GRST336,2519.54,906.51,71.26,7.22,1114,128.23,26.587,97.16,7380.64,1,0,RFC6_MEDITERRANEAN,ERA_PERFORMANCE_REPORT,0,2024-08-14
2018-07,FR,FR_RAIL_OP007,FRST397,MTST337,4253.8,971.64,70.77,6.65,894,143.5,123.316,86.68,3648.45,1,0,RFC7_ORIENT_EASTMED,INFRA_MANAGER_DATA,1,2024-05-09
2018-08,IT,IT_RAIL_OP008,ITST398,ESST338,1139.52,4482.17,76.01,6.31,307,88.55,75.322,57.75,519.66,1,0,RFC8_NORTH_SEA_BALTIC,OPERATOR_REPORTING,1,2025-02-15
2018-09,NL,NL_RAIL_OP009,NLST399,CZST339,4801.95,3745.82,93.79,11.5,263,139.27,62.696,64.7,697.77,0,0,RFC9_RHINE_DANUBE,EUROSTAT_RAIL,1,2024-04-23
2018-10,SI,SI_RAIL_OP010,SIST400,HUST340,1370.28,2779.43,81.52,13.04,89,87.16,51.82,76.19,5037.88,1,0,RFC10_ALPINE_WEST_BALKANS,ERA_PERFORMANCE_REPORT,1,2026-01-21
2018-11,BG,BG_RAIL_OP011,BGST401,NLST341,362.03,192.67,94.77,11.77,394,104.6,3.453,58.51,596.69,1,0,RFC1_RHINE_ALPINE,INFRA_MANAGER_DATA,1,2025-12-10
2018-12,EE,EE_RAIL_OP012,EEST402,SEST342,824.36,2357.18,82.85,6.83,656,109.16,33.607,89.03,10045.32,1,0,RFC2_NSEA_MED,OPERATOR_REPORTING,1,2024-11-15
2019-01,HU,HU_RAIL_OP013,HUST403,DKST343,2801.71,462.36,95.11,3.23,389,92.57,5.789,40.93,2745.77,1,0,RFC3_SCAND_MED,EUROSTAT_RAIL,1,2024-04-12
2019-02,LU,LU_RAIL_OP014,LUST404,IEST344,2966.83,569.54,82.01,10.16,380,96.05,83.818,95.4,8252.14,1,1,RFC4_ATLANTIC,ERA_PERFORMANCE_REPORT,1,2024-09-25
2019-03,RO,RO_RAIL_OP015,ROST405,PLST345,916.34,3466.32,81.93,6.2,137,89.52,20.443,30.9,778.93,1,1,RFC5_BALTIC_ADRIATIC,INFRA_MANAGER_DATA,1,2025-10-09
2019-04,AT,AT_RAIL_OP016,ATST406,ATST346,531.4,3490.47,91.25,6.11,71,88.63,49.943,39.13,5926.7,0,0,RFC6_MEDITERRANEAN,OPERATOR_REPORTING,1,2025-02-27
2019-05,CZ,CZ_RAIL_OP017,CZST407,EEST347,1328.28,806.24,93.63,4.78,402,102.23,36.886,82.9,9146.54,0,0,RFC7_ORIENT_EASTMED,EUROSTAT_RAIL,1,2025-05-30
2019-06,DE,DE_RAIL_OP018,DEST408,ITST348,870.89,1616.27,68.68,13.31,878,93.91,93.324,79.74,2967.68,1,0,RFC8_NORTH_SEA_BALTIC,ERA_PERFORMANCE_REPORT,1,2025-05-11
2019-07,LV,LV_RAIL_OP019,LVST409,PTST349,7203.09,4395.07,97.59,1.3,224,104.82,23.338,36.27,6769.02,1,1,RFC9_RHINE_DANUBE,INFRA_MANAGER_DATA,1,2024-05-06
2019-08,PL,PL_RAIL_OP020,PLST410,BEST350,2994.64,1440.51,86.53,3.66,256,120.92,124.093,49.54,4955.67,0,0,RFC10_ALPINE_WEST_BALKANS,OPERATOR_REPORTING,1,2024-02-29
2019-09,ES,ES_RAIL_OP021,ESST411,FIST351,2333.49,5218.55,96.24,9.95,79,117.47,117.347,87.88,2016.89,1,0,RFC1_RHINE_ALPINE,EUROSTAT_RAIL,1,2024-11-19
2019-10,HR,HR_RAIL_OP022,HRST412,LVST352,5117.64,581.04,85.95,8.91,275,142.35,33.135,96.32,272.22,0,0,RFC2_NSEA_MED,ERA_PERFORMANCE_REPORT,1,2024-06-18
2019-11,FI,FI_RAIL_OP023,FIST413,ROST353,2673.12,2308.37,90.82,13.47,29,115.62,48.731,44.03,550.71,0,0,RFC3_SCAND_MED,INFRA_MANAGER_DATA,1,2025-12-19
2019-12,IE,IE_RAIL_OP024,IEST414,BGST354,2894.78,202.42,86.1,8.61,422,136.04,108.511,43.54,2971.57,1,0,RFC4_ATLANTIC,OPERATOR_REPORTING,1,2024-07-28
2020-01,MT,MT_RAIL_OP025,MTST415,FRST355,4630.17,2974.48,90.9,13.68,59,85.03,86.999,65.27,7841.77,0,1,RFC5_BALTIC_ADRIATIC,EUROSTAT_RAIL,1,2024-04-22
2020-02,SK,SK_RAIL_OP026,SKST416,LTST356,2196.43,3553.37,90.54,13.9,397,101.98,88.323,49.77,5888.46,1,0,RFC6_MEDITERRANEAN,ERA_PERFORMANCE_REPORT,1,2024-01-15
2020-03,BE,BE_RAIL_OP027,BEST417,SKST357,1444.32,4705.08,68.87,6.72,192,89.83,86.744,61.8,8174.06,1,0,RFC7_ORIENT_EASTMED,INFRA_MANAGER_DATA,1,2025-02-20
2020-04,DK,DK_RAIL_OP028,DKST418,HRST358,6063.79,4035.15,81.95,7.84,657,92.63,59.972,99.86,5996.91,0,0,RFC8_NORTH_SEA_BALTIC,OPERATOR_REPORTING,1,2024-10-21
2020-05,GR,GR_RAIL_OP029,GRST419,DEST359,5575.41,558.64,76.92,12.96,625,96.37,80.519,57.53,1322.61,1,0,RFC9_RHINE_DANUBE,EUROSTAT_RAIL,1,2025-07-05
2020-06,LT,LT_RAIL_OP030,LTST420,LUST360,1236.43,1497.6,83.89,2.7,209,118.48,31.775,54.96,1291.78,1,0,RFC10_ALPINE_WEST_BALKANS,ERA_PERFORMANCE_REPORT,1,2025-09-09
2020-07,PT,PT_RAIL_OP031,PTST421,SIST361,3374.97,532.42,85.87,11.24,242,86.72,125.306,38.36,433.69,1,0,RFC1_RHINE_ALPINE,INFRA_MANAGER_DATA,1,2025-02-28
2020-08,SE,SE_RAIL_OP032,SEST422,CYST362,618.42,775.15,81.76,4.49,111,116.72,44.157,36.84,2351.77,1,0,RFC2_NSEA_MED,OPERATOR_REPORTING,1,2026-02-09
2020-09,CY,CY_RAIL_OP033,CYST423,GRST363,1404.71,2455.08,79.2,13.04,259,127.22,78.316,63.68,2061.1,0,1,RFC3_SCAND_MED,EUROSTAT_RAIL,0,2024-12-18
2020-10,FR,FR_RAIL_OP034,FRST424,MTST364,5878.96,5630.0,68.59,10.92,178,110.84,21.595,82.94,10059.25,1,0,RFC4_ATLANTIC,ERA_PERFORMANCE_REPORT,1,2025-04-21
2020-11,IT,IT_RAIL_OP035,ITST425,ESST365,2516.54,3761.17,89.57,10.41,66,88.52,6.035,33.65,2809.83,1,0,RFC5_BALTIC_ADRIATIC,INFRA_MANAGER_DATA,1,2025-05-21
2020-12,NL,NL_RAIL_OP036,NLST426,CZST366,1567.14,861.83,68.59,7.04,48,112.43,102.263,39.72,4790.84,1,1,RFC6_MEDITERRANEAN,OPERATOR_REPORTING,1,2024-02-14
2021-01,SI,SI_RAIL_OP037,SIST427,HUST367,694.53,4510.11,75.14,18.59,275,140.87,97.732,94.23,4119.78,1,0,RFC7_ORIENT_EASTMED,EUROSTAT_RAIL,1,2024-07-15
2021-02,BG,BG_RAIL_OP038,BGST428,NLST368,1078.74,3491.08,84.99,11.44,101,135.65,21.239,91.56,8375.68,0,0,RFC8_NORTH_SEA_BALTIC,ERA_PERFORMANCE_REPORT,1,2025-02-27
2021-03,EE,EE_RAIL_OP039,EEST429,SEST369,2450.84,3090.11,75.65,19.91,540,131.45,31.021,96.19,6970.98,0,0,RFC9_RHINE_DANUBE,INFRA_MANAGER_DATA,1,2025-02-10
2021-04,HU,HU_RAIL_OP040,HUST430,DKST370,3287.14,4190.05,84.07,6.95,300,127.61,120.843,35.48,1730.62,1,0,RFC10_ALPINE_WEST_BALKANS,OPERATOR_REPORTING,0,2024-12-16
2021-05,LU,LU_RAIL_OP041,LUST431,IEST371,4531.1,2608.77,72.18,10.82,944,91.31,70.364,59.87,2963.0,1,0,RFC1_RHINE_ALPINE,EUROSTAT_RAIL,1,2025-11-11
2021-06,RO,RO_RAIL_OP042,ROST432,PLST372,6293.84,4137.08,83.58,5.62,325,110.07,55.147,34.37,23.05,1,1,RFC2_NSEA_MED,ERA_PERFORMANCE_REPORT,1,2025-10-21
2021-07,AT,AT_RAIL_OP043,ATST433,ATST373,1107.55,3476.72,93.29,12.15,332,103.96,85.249,53.57,5508.63,0,0,RFC3_SCAND_MED,INFRA_MANAGER_DATA,1,2024-09-02
2021-08,CZ,CZ_RAIL_OP044,CZST434,EEST374,468.9,351.07,87.66,13.17,58,115.95,114.053,55.48,3767.56,0,0,RFC4_ATLANTIC,OPERATOR_REPORTING,1,2025-10-30
2021-09,DE,DE_RAIL_OP045,DEST435,ITST375,385.75,999.37,69.35,16.22,767,144.73,3.997,43.78,4644.67,1,1,RFC5_BALTIC_ADRIATIC,EUROSTAT_RAIL,1,2025-10-02
2021-10,LV,LV_RAIL_OP046,LVST436,PTST376,480.63,195.98,95.83,11.92,39,112.07,89.784,93.81,3304.45,1,0,RFC6_MEDITERRANEAN,ERA_PERFORMANCE_REPORT,1,2024-05-20
2021-11,PL,PL_RAIL_OP047,PLST437,BEST377,2298.86,2345.18,80.44,11.84,64,113.28,70.754,72.76,3180.08,1,0,RFC7_ORIENT_EASTMED,INFRA_MANAGER_DATA,1,2024-09-27
2021-12,ES,ES_RAIL_OP048,ESST438,FIST378,2499.84,2060.67,94.53,0.43,56,86.48,137.666,58.19,36.83,0,1,RFC8_NORTH_SEA_BALTIC,OPERATOR_REPORTING,1,2024-04-18
2022-01,HR,HR_RAIL_OP049,HRST439,LVST379,1154.42,4960.9,93.38,10.42,578,122.92,53.839,52.25,5648.29,1,0,RFC9_RHINE_DANUBE,EUROSTAT_RAIL,1,2024-06-03
2022-02,FI,FI_RAIL_OP050,FIST440,ROST380,3514.69,2952.02,94.31,8.36,16,130.46,98.92,78.13,4831.96,1,0,RFC10_ALPINE_WEST_BALKANS,ERA_PERFORMANCE_REPORT,1,2025-07-08
2022-03,IE,IE_RAIL_OP051,IEST441,BGST381,4226.9,527.91,87.36,5.35,622,98.67,97.344,91.66,6141.98,1,0,RFC1_RHINE_ALPINE,INFRA_MANAGER_DATA,1,2024-06-03
2022-04,MT,MT_RAIL_OP052,MTST442,FRST382,1580.56,2995.99,82.89,10.24,246,105.91,47.531,35.55,1017.63,1,0,RFC2_NSEA_MED,OPERATOR_REPORTING,1,2024-05-26
2022-05,SK,SK_RAIL_OP053,SKST443,LTST383,5130.76,1474.23,77.15,17.5,580,96.67,119.724,59.21,606.16,1,0,RFC3_SCAND_MED,EUROSTAT_RAIL,1,2025-05-23
2022-06,BE,BE_RAIL_OP054,BEST444,SKST384,3106.07,3991.76,94.42,14.25,577,114.02,10.408,36.36,584.72,1,0,RFC4_ATLANTIC,ERA_PERFORMANCE_REPORT,1,2025-05-08
2022-07,DK,DK_RAIL_OP055,DKST445,HRST385,4655.38,3864.44,80.7,9.33,389,139.19,70.0,90.98,6083.08,1,1,RFC5_BALTIC_ADRIATIC,INFRA_MANAGER_DATA,1,2024-10-16
2022-08,GR,GR_RAIL_OP056,GRST446,DEST386,3831.84,771.29,83.16,4.19,667,91.54,82.299,62.78,8632.31,0,0,RFC6_MEDITERRANEAN,OPERATOR_REPORTING,1,2025-07-05
2022-09,LT,LT_RAIL_OP057,LTST447,LUST387,6295.01,3755.19,86.92,5.58,136,123.99,126.402,72.99,8952.38,0,0,RFC7_ORIENT_EASTMED,EUROSTAT_RAIL,1,2025-06-10
2022-10,PT,PT_RAIL_OP058,PTST448,SIST388,4323.69,1360.17,78.55,2.87,233,95.21,88.096,80.15,405.68,1,0,RFC8_NORTH_SEA_BALTIC,ERA_PERFORMANCE_REPORT,1,2024-06-06
2022-11,SE,SE_RAIL_OP059,SEST449,CYST389,3557.78,1023.99,90.01,8.88,7,139.05,62.401,82.98,7016.61,0,0,RFC9_RHINE_DANUBE,INFRA_MANAGER_DATA,1,2024-12-28
2022-12,CY,CY_RAIL_OP060,CYST450,GRST390,5976.48,888.59,94.26,1.58,490,99.78,29.986,92.8,9521.2,1,0,RFC10_ALPINE_WEST_BALKANS,OPERATOR_REPORTING,1,2024-03-27
2023-01,FR,FR_RAIL_OP001,FRST001,MTST391,521.07,4036.95,87.59,13.09,560,96.4,34.314,49.39,5319.17,1,0,RFC1_RHINE_ALPINE,EUROSTAT_RAIL,1,2024-03-22
2023-02,IT,IT_RAIL_OP002,ITST002,ESST392,4339.36,2641.73,71.19,15.46,806,102.45,62.969,49.87,2816.62,1,0,RFC2_NSEA_MED,ERA_PERFORMANCE_REPORT,1,2024-10-17
2023-03,NL,NL_RAIL_OP003,NLST003,CZST393,1720.57,2063.19,80.67,3.65,165,109.21,55.659,76.38,2145.38,1,0,RFC3_SCAND_MED,INFRA_MANAGER_DATA,0,2024-09-27
2023-04,SI,SI_RAIL_OP004,SIST004,HUST394,3109.52,4013.68,74.13,19.36,1044,119.78,51.043,47.49,3981.57,1,0,RFC4_ATLANTIC,OPERATOR_REPORTING,1,2024-12-28
2023-05,BG,BG_RAIL_OP005,BGST005,NLST395,2511.61,740.1,81.79,1.17,210,127.5,72.591,98.34,5591.1,1,0,RFC5_BALTIC_ADRIATIC,EUROSTAT_RAIL,1,2025-12-07
2023-06,EE,EE_RAIL_OP006,EEST006,SEST396,2450.97,1687.47,91.35,12.63,444,114.11,70.252,92.18,8433.71,1,0,RFC6_MEDITERRANEAN,ERA_PERFORMANCE_REPORT,1,2024-01-04
2023-07,HU,HU_RAIL_OP007,HUST007,DKST397,2972.92,920.25,83.49,9.71,283,127.23,79.113,58.47,3250.24,0,0,RFC7_ORIENT_EASTMED,INFRA_MANAGER_DATA,1,2025-03-25
2023-08,LU,LU_RAIL_OP008,LUST008,IEST398,2158.19,725.92,82.09,11.86,561,115.88,36.005,40.92,3563.75,0,0,RFC8_NORTH_SEA_BALTIC,OPERATOR_REPORTING,1,2024-02-18
2023-09,RO,RO_RAIL_OP009,ROST009,PLST399,4206.45,3166.01,93.74,1.7,232,118.14,64.449,85.99,8069.1,1,0,RFC9_RHINE_DANUBE,EUROSTAT_RAIL,1,2024-11-18
2023-10,AT,AT_RAIL_OP010,ATST010,ATST400,4306.35,3493.26,85.55,9.23,586,94.11,101.347,96.77,2562.82,0,0,RFC10_ALPINE_WEST_BALKANS,ERA_PERFORMANCE_REPORT,1,2024-01-05
2023-11,CZ,CZ_RAIL_OP011,CZST011,EEST401,3855.82,4050.86,86.31,10.31,629,97.66,35.456,56.49,5077.52,1,0,RFC1_RHINE_ALPINE,INFRA_MANAGER_DATA,0,2025-07-02
2023-12,DE,DE_RAIL_OP012,DEST012,ITST402,4991.96,687.16,86.62,11.44,614,115.8,62.844,76.02,8907.83,0,0,RFC2_NSEA_MED,OPERATOR_REPORTING,1,2024-03-19
2024-01,LV,LV_RAIL_OP013,LVST013,PTST403,3623.59,1581.29,91.41,4.59,525,121.67,112.17,52.01,6505.69,1,0,RFC3_SCAND_MED,EUROSTAT_RAIL,1,2024-12-18
2024-02,PL,PL_RAIL_OP014,PLST014,BEST404,4067.72,1658.94,88.07,5.37,215,85.39,70.714,95.24,5124.61,1,0,RFC4_ATLANTIC,ERA_PERFORMANCE_REPORT,1,2025-08-26
2024-03,ES,ES_RAIL_OP015,ESST015,FIST405,4195.22,5310.83,89.01,10.67,279,93.1,54.745,45.25,6539.24,0,0,RFC5_BALTIC_ADRIATIC,INFRA_MANAGER_DATA,1,2025-09-09
2024-04,HR,HR_RAIL_OP016,HRST016,LVST406,303.54,2026.1,82.63,4.35,37,135.7,5.059,54.11,4543.6,0,0,RFC6_MEDITERRANEAN,OPERATOR_REPORTING,1,2024-12-03
2024-05,FI,FI_RAIL_OP017,FIST017,ROST407,5217.39,2016.98,87.73,6.5,609,125.46,39.393,63.96,8729.9,1,0,RFC7_ORIENT_EASTMED,EUROSTAT_RAIL,1,2024-11-26
2024-06,IE,IE_RAIL_OP018,IEST018,BGST408,4279.78,2404.88,97.14,6.65,131,133.76,119.464,54.59,3566.14,0,0,RFC8_NORTH_SEA_BALTIC,ERA_PERFORMANCE_REPORT,1,2025-01-26
2024-07,MT,MT_RAIL_OP019,MTST019,FRST409,1499.84,3216.94,70.76,22.0,673,132.4,102.408,76.83,4473.86,0,0,RFC9_RHINE_DANUBE,INFRA_MANAGER_DATA,1,2025-10-22
2024-08,SK,SK_RAIL_OP020,SKST020,LTST410,2666.61,1262.57,73.18,22.23,667,127.75,6.348,97.14,9309.64,0,0,RFC10_ALPINE_WEST_BALKANS,OPERATOR_REPORTING,1,2024-04-15
2024-09,BE,BE_RAIL_OP021,BEST021,SKST411,1127.97,1362.2,93.81,14.35,478,94.57,5.681,33.23,2345.05,1,1,RFC1_RHINE_ALPINE,EUROSTAT_RAIL,1,2024-09-11
2024-10,DK,DK_RAIL_OP022,DKST022,HRST412,4769.24,2217.79,70.6,17.72,157,117.53,32.597,54.16,5435.09,0,0,RFC2_NSEA_MED,ERA_PERFORMANCE_REPORT,1,2024-08-27
2024-11,GR,GR_RAIL_OP023,GRST023,DEST413,3272.8,5230.07,95.92,6.12,94,87.5,49.423,37.17,332.98,0,1,RFC3_SCAND_MED,INFRA_MANAGER_DATA,1,2025-06-06
2024-12,LT,LT_RAIL_OP024,LTST024,LUST414,2741.97,3457.7,71.95,10.72,857,95.47,77.007,62.52,5027.4,0,1,RFC4_ATLANTIC,OPERATOR_REPORTING,0,2025-07-17
2025-01,PT,PT_RAIL_OP025,PTST025,SIST415,2640.78,3162.73,91.78,12.57,597,88.54,10.45,81.23,3945.02,0,0,RFC5_BALTIC_ADRIATIC,EUROSTAT_RAIL,1,2024-07-12
2025-02,SE,SE_RAIL_OP026,SEST026,CYST416,735.15,527.86,81.36,8.48,117,88.76,77.337,88.79,3274.32,0,1,RFC6_MEDITERRANEAN,ERA_PERFORMANCE_REPORT,1,2024-05-27
2025-03,CY,CY_RAIL_OP027,CYST027,GRST417,280.08,3747.43,75.11,15.69,495,96.92,58.703,87.39,5988.89,1,0,RFC7_ORIENT_EASTMED,INFRA_MANAGER_DATA,1,2025-12-08
2025-04,FR,FR_RAIL_OP028,FRST028,MTST418,2143.38,5352.29,70.62,11.05,967,114.23,130.283,39.05,2982.7,1,1,RFC8_NORTH_SEA_BALTIC,OPERATOR_REPORTING,1,2025-02-16
2025-05,IT,IT_RAIL_OP029,ITST029,ESST419,74.82,3511.66,83.27,6.09,532,111.51,31.094,70.44,1743.13,0,1,RFC9_RHINE_DANUBE,EUROSTAT_RAIL,1,2024-09-03
2025-06,NL,NL_RAIL_OP030,NLST030,CZST420,2095.43,1063.38,88.18,12.18,400,126.58,23.017,84.55,5746.3,1,0,RFC10_ALPINE_WEST_BALKANS,ERA_PERFORMANCE_REPORT,1,2024-02-07
2025-07,SI,SI_RAIL_OP031,SIST031,HUST421,4923.48,2680.65,88.67,4.1,204,135.14,104.533,91.21,5065.89,1,0,RFC1_RHINE_ALPINE,INFRA_MANAGER_DATA,1,2025-07-20
2025-08,BG,BG_RAIL_OP032,BGST032,NLST422,1884.33,4508.15,93.54,6.31,222,144.48,82.538,66.39,6919.2,1,0,RFC2_NSEA_MED,OPERATOR_REPORTING,1,2025-01-11
2025-09,EE,EE_RAIL_OP033,EEST033,SEST423,5870.79,2654.75,89.51,8.58,184,105.77,69.433,40.65,1723.98,1,1,RFC3_SCAND_MED,EUROSTAT_RAIL,1,2025-07-29
2025-10,HU,HU_RAIL_OP034,HUST034,DKST424,681.73,1198.57,72.94,1.99,565,127.62,74.533,84.1,9022.73,1,0,RFC4_ATLANTIC,ERA_PERFORMANCE_REPORT,1,2025-06-10
2025-11,LU,LU_RAIL_OP035,LUST035,IEST425,4826.53,2292.95,74.21,12.59,512,121.99,69.865,38.56,6458.53,0,0,RFC5_BALTIC_ADRIATIC,INFRA_MANAGER_DATA,1,2025-03-02
2025-12,RO,RO_RAIL_OP036,ROST036,PLST426,2207.47,1132.97,90.86,3.54,625,90.69,47.458,33.02,3178.21,0,0,RFC6_MEDITERRANEAN,OPERATOR_REPORTING,1,2024-07-01
2026-01,AT,AT_RAIL_OP037,ATST037,ATST427,1307.26,3596.78,87.73,9.82,450,104.47,57.125,57.2,957.62,0,0,RFC7_ORIENT_EASTMED,EUROSTAT_RAIL,1,2024-01-21
2026-02,CZ,CZ_RAIL_OP038,CZST038,EEST428,38.35,4032.27,76.46,19.38,88,131.93,83.91,53.94,6096.3,1,0,RFC8_NORTH_SEA_BALTIC,ERA_PERFORMANCE_REPORT,1,2025-12-04
2026-03,DE,DE_RAIL_OP039,DEST039,ITST429,5595.71,2252.46,80.78,8.92,393,97.4,6.567,83.87,9985.23,1,0,RFC9_RHINE_DANUBE,INFRA_MANAGER_DATA,1,2024-06-18
2026-04,LV,LV_RAIL_OP040,LVST040,PTST430,1198.96,3473.5,77.15,14.85,598,112.6,92.384,90.02,5535.48,0,0,RFC10_ALPINE_WEST_BALKANS,OPERATOR_REPORTING,1,2025-05-13
2026-05,PL,PL_RAIL_OP041,PLST041,BEST431,1486.76,5251.02,75.07,19.91,593,90.35,86.224,79.27,1973.25,1,0,RFC1_RHINE_ALPINE,EUROSTAT_RAIL,1,2025-12-29
2026-06,ES,ES_RAIL_OP042,ESST042,FIST432,6503.9,1385.45,83.0,10.19,25,101.49,87.083,75.16,123.91,1,0,RFC2_NSEA_MED,ERA_PERFORMANCE_REPORT,1,2025-07-06
2026-07,HR,HR_RAIL_OP043,HRST043,LVST433,186.09,308.53,74.24,3.88,703,111.75,52.523,33.19,5807.04,1,1,RFC3_SCAND_MED,INFRA_MANAGER_DATA,1,2024-11-15
2026-08,FI,FI_RAIL_OP044,FIST044,ROST434,3184.73,2559.98,86.29,7.35,101,131.11,12.745,44.04,6183.59,1,0,RFC4_ATLANTIC,OPERATOR_REPORTING,1,2024-11-22
2026-09,IE,IE_RAIL_OP045,IEST045,BGST435,3050.62,3367.53,98.48,13.36,417,126.6,88.121,67.18,902.89,1,1,RFC5_BALTIC_ADRIATIC,EUROSTAT_RAIL,1,2025-08-15
2026-10,MT,MT_RAIL_OP046,MTST046,FRST436,449.41,2814.53,79.27,1.38,669,99.69,19.279,44.73,3338.58,1,1,RFC6_MEDITERRANEAN,ERA_PERFORMANCE_REPORT,1,2024-07-10
2026-11,SK,SK_RAIL_OP047,SKST047,LTST437,2247.78,2610.32,77.96,5.32,524,121.69,77.631,76.21,6606.41,1,0,RFC7_ORIENT_EASTMED,INFRA_MANAGER_DATA,1,2025-07-07
2026-12,BE,BE_RAIL_OP048,BEST048,SKST438,3035.62,2458.76,87.68,7.81,527,104.45,113.725,47.77,2513.29,0,0,RFC8_NORTH_SEA_BALTIC,OPERATOR_REPORTING,1,2024-10-30
2016-01,DK,DK_RAIL_OP049,DKST049,HRST439,5682.27,2832.98,94.35,9.75,106,108.7,113.523,51.75,4438.22,1,1,RFC9_RHINE_DANUBE,EUROSTAT_RAIL,1,2025-12-09
2016-02,GR,GR_RAIL_OP050,GRST050,DEST440,3952.62,3878.96,86.69,8.99,139,138.09,50.799,35.67,6223.86,1,0,RFC10_ALPINE_WEST_BALKANS,ERA_PERFORMANCE_REPORT,1,2025-07-02
2016-03,LT,LT_RAIL_OP051,LTST051,LUST441,97.02,4242.64,81.47,3.1,166,132.51,53.212,48.7,742.72,1,0,RFC1_RHINE_ALPINE,INFRA_MANAGER_DATA,1,2025-04-06
2016-04,PT,PT_RAIL_OP052,PTST052,SIST442,3004.55,3275.4,89.84,1.55,381,90.95,113.398,44.84,1279.16,1,0,RFC2_NSEA_MED,OPERATOR_REPORTING,1,2025-03-15
2016-05,SE,SE_RAIL_OP053,SEST053,CYST443,131.67,1843.36,81.57,5.35,611,131.31,72.301,30.46,1465.02,1,1,RFC3_SCAND_MED,EUROSTAT_RAIL,1,2026-01-11
2016-06,CY,CY_RAIL_OP054,CYST054,GRST444,4282.15,3952.37,87.38,11.25,53,109.43,54.12,45.35,5798.0,1,0,RFC4_ATLANTIC,ERA_PERFORMANCE_REPORT,1,2025-07-22
2016-07,FR,FR_RAIL_OP055,FRST055,MTST445,460.01,3304.83,70.73,16.17,340,112.9,37.865,64.38,513.82,0,1,RFC5_BALTIC_ADRIATIC,INFRA_MANAGER_DATA,1,2024-10-17
2016-08,IT,IT_RAIL_OP056,ITST056,ESST446,245.18,3670.95,80.95,11.45,436,87.08,93.407,36.76,6287.18,1,1,RFC6_MEDITERRANEAN,OPERATOR_REPORTING,1,2024-08-10
2016-09,NL,NL_RAIL_OP057,NLST057,CZST447,6035.42,3260.64,81.92,4.85,361,122.79,1.074,32.36,3996.18,1,0,RFC7_ORIENT_EASTMED,EUROSTAT_RAIL,1,2025-08-03
2016-10,SI,SI_RAIL_OP058,SIST058,HUST448,6427.36,1033.38,68.45,8.27,264,125.44,75.559,34.9,2175.53,0,1,RFC8_NORTH_SEA_BALTIC,ERA_PERFORMANCE_REPORT,1,2026-01-10
2016-11,BG,BG_RAIL_OP059,BGST059,NLST449,4352.88,2616.41,75.84,4.72,306,131.64,107.723,63.51,5661.93,1,0,RFC9_RHINE_DANUBE,INFRA_MANAGER_DATA,0,2025-09-07
2016-12,EE,EE_RAIL_OP060,EEST060,SEST450,2720.78,1575.32,86.74,1.7,543,126.86,106.481,47.98,6480.09,1,0,RFC10_ALPINE_WEST_BALKANS,OPERATOR_REPORTING,1,2024-03-04
2017-01,HU,HU_RAIL_OP001,HUST061,DKST451,2377.08,5696.6,72.22,23.06,150,87.73,12.285,75.68,5865.99,1,0,RFC1_RHINE_ALPINE,EUROSTAT_RAIL,1,2025-11-11
2017-02,LU,LU_RAIL_OP002,LUST062,IEST452,3522.61,204.5,84.37,5.13,230,114.41,32.689,52.81,3110.99,1,0,RFC2_NSEA_MED,ERA_PERFORMANCE_REPORT,1,2024-04-15
2017-03,RO,RO_RAIL_OP003,ROST063,PLST453,4634.99,1336.55,94.07,2.12,643,109.69,24.471,92.56,8033.26,0,0,RFC3_SCAND_MED,INFRA_MANAGER_DATA,1,2026-01-16
2017-04,AT,AT_RAIL_OP004,ATST064,ATST454,2867.66,2672.69,86.38,6.23,467,112.77,89.991,78.69,4359.15,0,0,RFC4_ATLANTIC,OPERATOR_REPORTING,1,2025-09-21
2017-05,CZ,CZ_RAIL_OP005,CZST065,EEST455,3284.65,1974.47,86.36,8.82,78,92.33,87.585,40.65,3953.6,1,0,RFC5_BALTIC_ADRIATIC,EUROSTAT_RAIL,1,2024-11-04
2017-06,DE,DE_RAIL_OP006,DEST066,ITST456,2772.45,2614.9,96.18,13.8,505,89.15,21.169,61.83,8300.73,1,0,RFC6_MEDITERRANEAN,ERA_PERFORMANCE_REPORT,1,2026-01-25
2017-07,LV,LV_RAIL_OP007,LVST067,PTST457,2482.57,1833.71,97.17,11.37,95,114.8,6.966,83.9,9948.1,0,0,RFC7_ORIENT_EASTMED,INFRA_MANAGER_DATA,1,2024-12-21
2017-08,PL,PL_RAIL_OP008,PLST068,BEST458,5014.0,421.67,80.58,6.88,386,103.08,82.32,63.57,3890.96,1,0,RFC8_NORTH_SEA_BALTIC,OPERATOR_REPORTING,1,2025-04-18
2017-09,ES,ES_RAIL_OP009,ESST069,FIST459,6273.46,1890.6,94.24,1.72,342,87.18,76.681,84.68,1697.73,1,1,RFC9_RHINE_DANUBE,EUROSTAT_RAIL,1,2025-08-02
2017-10,HR,HR_RAIL_OP010,HRST070,LVST460,2295.04,1535.21,68.39,20.28,81,133.4,59.4,39.94,3984.35,1,1,RFC10_ALPINE_WEST_BALKANS,ERA_PERFORMANCE_REPORT,1,2025-07-07
2017-11,FI,FI_RAIL_OP011,FIST071,ROST461,2924.64,4412.96,91.84,4.9,277,126.76,129.803,77.8,9913.9,0,0,RFC1_RHINE_ALPINE,INFRA_MANAGER_DATA,1,2025-03-07
2017-12,IE,IE_RAIL_OP012,IEST072,BGST462,528.87,1408.38,75.76,14.77,563,108.86,48.584,91.53,2343.53,1,0,RFC2_NSEA_MED,OPERATOR_REPORTING,1,2025-03-23
2018-01,MT,MT_RAIL_OP013,MTST073,FRST463,3272.74,5966.74,72.71,3.4,920,134.79,42.236,64.41,8453.45,1,0,RFC3_SCAND_MED,EUROSTAT_RAIL,1,2024-08-18
2018-02,SK,SK_RAIL_OP014,SKST074,LTST464,4084.65,4490.97,86.81,11.21,48,123.49,114.964,96.81,5597.16,0,0,RFC4_ATLANTIC,ERA_PERFORMANCE_REPORT,1,2025-01-25
2018-03,BE,BE_RAIL_OP015,BEST075,SKST465,3509.29,5672.92,74.69,21.0,1048,141.14,31.75,63.39,3613.05,0,0,RFC5_BALTIC_ADRIATIC,INFRA_MANAGER_DATA,0,2024-02-15
2018-04,DK,DK_RAIL_OP016,DKST076,HRST466,2119.58,3457.75,88.63,1.85,480,135.94,92.184,38.61,6297.35,1,0,RFC6_MEDITERRANEAN,OPERATOR_REPORTING,1,2026-02-19
2018-05,GR,GR_RAIL_OP017,GRST077,DEST467,3097.18,4058.99,79.49,12.85,665,89.16,111.454,39.29,6497.42,1,0,RFC7_ORIENT_EASTMED,EUROSTAT_RAIL,1,2024-07-10
2018-06,LT,LT_RAIL_OP018,LTST078,LUST468,2878.54,758.11,80.24,2.0,97,120.45,81.47,38.65,4420.9,1,0,RFC8_NORTH_SEA_BALTIC,ERA_PERFORMANCE_REPORT,0,2024-08-10
2018-07,PT,PT_RAIL_OP019,PTST079,SIST469,5342.02,448.04,89.28,12.31,299,141.56,74.218,54.48,5269.92,0,0,RFC9_RHINE_DANUBE,INFRA_MANAGER_DATA,0,2025-09-24
2018-08,SE,SE_RAIL_OP020,SEST080,CYST470,4589.34,1813.19,90.14,6.97,547,133.92,17.846,32.69,0.84,1,0,RFC10_ALPINE_WEST_BALKANS,OPERATOR_REPORTING,0,2025-06-04
2018-09,CY,CY_RAIL_OP021,CYST081,GRST001,2587.29,848.55,69.14,3.31,375,110.08,72.823,64.36,4441.74,1,0,RFC1_RHINE_ALPINE,EUROSTAT_RAIL,1,2025-09-10
2018-10,FR,FR_RAIL_OP022,FRST082,MTST002,4758.38,3243.05,93.83,2.35,153,106.19,129.235,71.29,3123.63,1,0,RFC2_NSEA_MED,ERA_PERFORMANCE_REPORT,1,2024-07-12
2018-11,IT,IT_RAIL_OP023,ITST083,ESST003,1605.87,1910.2,73.29,11.35,574,137.69,72.862,80.44,2751.17,1,0,RFC3_SCAND_MED,INFRA_MANAGER_DATA,1,2024-03-23
2018-12,NL,NL_RAIL_OP024,NLST084,CZST004,2507.29,446.45,90.29,7.87,156,144.16,18.579,78.24,4492.05,1,0,RFC4_ATLANTIC,OPERATOR_REPORTING,1,2024-02-01
2019-01,SI,SI_RAIL_OP025,SIST085,HUST005,2208.43,4496.2,77.18,15.26,141,97.72,4.263,38.72,2999.29,1,0,RFC5_BALTIC_ADRIATIC,EUROSTAT_RAIL,1,2024-03-17
2019-02,BG,BG_RAIL_OP026,BGST086,NLST006,4940.56,4530.03,97.13,1.57,522,108.86,114.387,85.53,4020.12,1,0,RFC6_MEDITERRANEAN,ERA_PERFORMANCE_REPORT,1,2024-04-07
2019-03,EE,EE_RAIL_OP027,EEST087,SEST007,6812.35,5662.17,88.47,2.23,520,111.71,120.431,36.97,3573.68,0,0,RFC7_ORIENT_EASTMED,INFRA_MANAGER_DATA,1,2024-06-06
2019-04,HU,HU_RAIL_OP028,HUST088,DKST008,5604.97,2106.67,71.2,17.76,399,102.42,46.722,50.37,3384.33,1,0,RFC8_NORTH_SEA_BALTIC,OPERATOR_REPORTING,1,2024-11-25
2019-05,LU,LU_RAIL_OP029,LUST089,IEST009,3228.12,2390.18,76.68,18.52,57,105.34,89.221,30.29,3964.16,1,1,RFC9_RHINE_DANUBE,EUROSTAT_RAIL,1,2024-04-03
2019-06,RO,RO_RAIL_OP030,ROST090,PLST010,2438.02,5080.89,95.72,6.11,513,92.1,58.149,65.21,3089.71,0,0,RFC10_ALPINE_WEST_BALKANS,ERA_PERFORMANCE_REPORT,1,2024-10-28
2019-07,AT,AT_RAIL_OP031,ATST091,ATST011,2936.13,3720.55,88.0,2.11,197,123.01,6.922,77.65,3908.83,0,0,RFC1_RHINE_ALPINE,INFRA_MANAGER_DATA,1,2025-04-09
2019-08,CZ,CZ_RAIL_OP032,CZST092,EEST012,309.54,3094.83,87.54,1.54,345,122.99,105.21,57.14,6522.97,1,0,RFC2_NSEA_MED,OPERATOR_REPORTING,0,2024-10-05
2019-09,DE,DE_RAIL_OP033,DEST093,ITST013,2182.46,744.05,86.98,10.17,281,120.08,3.007,60.44,8623.23,0,0,RFC3_SCAND_MED,EUROSTAT_RAIL,1,2024-02-28
2019-10,LV,LV_RAIL_OP034,LVST094,PTST014,5407.59,4330.2,83.61,6.35,499,136.97,1.506,47.68,424.54,0,0,RFC4_ATLANTIC,ERA_PERFORMANCE_REPORT,1,2024-06-28
2019-11,PL,PL_RAIL_OP035,PLST095,BEST015,4589.83,3280.49,74.22,20.58,604,102.27,74.271,41.74,6292.31,1,0,RFC5_BALTIC_ADRIATIC,INFRA_MANAGER_DATA,1,2024-09-12
2019-12,ES,ES_RAIL_OP036,ESST096,FIST016,1654.51,4002.47,80.17,5.58,381,118.1,85.895,58.6,6397.2,1,1,RFC6_MEDITERRANEAN,OPERATOR_REPORTING,1,2026-02-16
2020-01,HR,HR_RAIL_OP037,HRST097,LVST017,3250.12,336.26,79.82,4.57,159,120.1,121.07,60.29,163.34,1,0,RFC7_ORIENT_EASTMED,EUROSTAT_RAIL,1,2024-01-27
2020-02,FI,FI_RAIL_OP038,FIST098,ROST018,4973.34,107.13,72.46,3.08,892,129.52,47.792,92.31,2354.88,1,1,RFC8_NORTH_SEA_BALTIC,ERA_PERFORMANCE_REPORT,1,2025-01-19
2020-03,IE,IE_RAIL_OP039,IEST099,BGST019,1948.29,1634.72,75.35,3.72,190,113.42,49.966,71.66,3357.39,1,0,RFC9_RHINE_DANUBE,INFRA_MANAGER_DATA,1,2025-11-01
2020-04,MT,MT_RAIL_OP040,MTST100,FRST020,2053.32,1262.73,76.08,13.05,140,116.85,87.719,63.03,2871.97,1,0,RFC10_ALPINE_WEST_BALKANS,OPERATOR_REPORTING,1,2024-07-01
2020-05,SK,SK_RAIL_OP041,SKST101,LTST021,394.37,2969.17,96.23,13.79,352,113.19,5.264,51.22,5350.33,1,0,RFC1_RHINE_ALPINE,EUROSTAT_RAIL,1,2025-07-25
2020-06,BE,BE_RAIL_OP042,BEST102,SKST022,2735.59,4170.04,96.33,2.1,207,140.56,5.566,71.43,949.98,1,0,RFC2_NSEA_MED,ERA_PERFORMANCE_REPORT,1,2024-05-18
2020-07,DK,DK_RAIL_OP043,DKST103,HRST023,1938.6,5229.75,82.34,5.41,414,126.29,2.9,72.57,959.97,1,1,RFC3_SCAND_MED,INFRA_MANAGER_DATA,1,2025-11-30
2020-08,GR,GR_RAIL_OP044,GRST104,DEST024,4278.93,1553.34,70.61,16.94,800,138.69,124.236,32.42,5150.79,0,0,RFC4_ATLANTIC,OPERATOR_REPORTING,1,2024-11-14
2020-09,LT,LT_RAIL_OP045,LTST105,LUST025,784.55,540.83,92.34,12.77,565,94.45,38.444,54.84,2565.43,1,0,RFC5_BALTIC_ADRIATIC,EUROSTAT_RAIL,1,2025-05-13
2020-10,PT,PT_RAIL_OP046,PTST106,SIST026,5176.43,1496.4,76.79,8.55,327,110.76,25.444,66.52,2062.86,1,0,RFC6_MEDITERRANEAN,ERA_PERFORMANCE_REPORT,1,2024-05-27
2020-11,SE,SE_RAIL_OP047,SEST107,CYST027,3132.71,468.88,89.7,0.53,486,92.89,106.073,46.27,2608.85,1,0,RFC7_ORIENT_EASTMED,INFRA_MANAGER_DATA,1,2024-02-06
2020-12,CY,CY_RAIL_OP048,CYST108,GRST028,1200.46,5286.75,92.94,11.69,539,112.21,90.691,84.61,4875.84,0,0,RFC8_NORTH_SEA_BALTIC,OPERATOR_REPORTING,1,2025-10-20
2021-01,FR,FR_RAIL_OP049,FRST109,MTST029,2453.79,3304.41,96.69,13.11,272,115.4,47.427,49.01,5694.29,1,0,RFC9_RHINE_DANUBE,EUROSTAT_RAIL,1,2024-03-06
2021-02,IT,IT_RAIL_OP050,ITST110,ESST030,4521.21,6168.1,93.06,11.14,516,99.71,26.668,42.59,5302.73,0,1,RFC10_ALPINE_WEST_BALKANS,ERA_PERFORMANCE_REPORT,1,2025-01-18
2021-03,NL,NL_RAIL_OP051,NLST111,CZST031,5894.8,2115.38,88.68,13.99,161,90.38,37.863,30.67,3617.6,1,1,RFC1_RHINE_ALPINE,INFRA_MANAGER_DATA,1,2024-10-31
2021-04,SI,SI_RAIL_OP052,SIST112,HUST032,548.54,808.52,87.94,0.54,265,118.11,129.18,39.88,1062.11,1,1,RFC2_NSEA_MED,OPERATOR_REPORTING,1,2024-03-31
2021-05,BG,BG_RAIL_OP053,BGST113,NLST033,4546.12,3236.16,96.34,4.82,516,90.66,69.659,72.46,6677.44,1,0,RFC3_SCAND_MED,EUROSTAT_RAIL,1,2026-02-16
2021-06,EE,EE_RAIL_OP054,EEST114,SEST034,66.31,3259.14,89.57,6.17,196,112.81,141.938,95.06,4903.18,1,0,RFC4_ATLANTIC,ERA_PERFORMANCE_REPORT,1,2025-07-31
2021-07,HU,HU_RAIL_OP055,HUST115,DKST035,3254.62,3542.3,89.26,11.32,144,100.37,16.55,78.18,2522.85,1,0,RFC5_BALTIC_ADRIATIC,INFRA_MANAGER_DATA,1,2024-03-20
2021-08,LU,LU_RAIL_OP056,LUST116,IEST036,3339.23,2299.93,85.62,4.26,192,87.94,50.851,56.06,2108.4,1,0,RFC6_MEDITERRANEAN,OPERATOR_REPORTING,1,2025-04-24
2021-09,RO,RO_RAIL_OP057,ROST117,PLST037,3857.2,4239.36,68.7,21.73,24,89.61,42.472,67.53,77.67,1,0,RFC7_ORIENT_EASTMED,EUROSTAT_RAIL,1,2024-12-13
2021-10,AT,AT_RAIL_OP058,ATST118,ATST038,744.06,1748.8,94.61,12.53,313,97.29,133.726,40.27,2310.9,0,0,RFC8_NORTH_SEA_BALTIC,ERA_PERFORMANCE_REPORT,1,2024-01-21
2021-11,CZ,CZ_RAIL_OP059,CZST119,EEST039,1636.04,1752.86,92.44,13.05,91,105.91,65.566,50.84,718.57,1,0,RFC9_RHINE_DANUBE,INFRA_MANAGER_DATA,1,2025-02-28
2021-12,DE,DE_RAIL_OP060,DEST120,ITST040,6146.16,3825.07,68.81,18.71,1115,144.23,32.872,42.19,4688.7,1,1,RFC10_ALPINE_WEST_BALKANS,OPERATOR_REPORTING,0,2024-01-23
2022-01,LV,LV_RAIL_OP001,LVST121,PTST041,942.79,2634.63,85.68,4.37,334,111.45,8.65,99.8,5357.02,1,0,RFC1_RHINE_ALPINE,EUROSTAT_RAIL,1,2025-12-23
2022-02,PL,PL_RAIL_OP002,PLST122,BEST042,1104.97,3052.87,73.88,19.61,901,96.12,35.205,98.74,3264.51,0,0,RFC2_NSEA_MED,ERA_PERFORMANCE_REPORT,1,2024-06-07
2022-03,ES,ES_RAIL_OP003,ESST123,FIST043,145.5,334.25,80.46,1.91,370,92.74,57.802,65.43,2947.72,1,0,RFC3_SCAND_MED,INFRA_MANAGER_DATA,1,2025-09-04
2022-04,HR,HR_RAIL_OP004,HRST124,LVST044,1573.19,193.1,78.24,5.19,365,102.71,58.548,47.77,2987.65,0,0,RFC4_ATLANTIC,OPERATOR_REPORTING,1,2024-06-04
2022-05,FI,FI_RAIL_OP005,FIST125,ROST045,4598.8,2234.34,88.0,2.71,200,139.25,28.09,36.75,3158.32,1,0,RFC5_BALTIC_ADRIATIC,EUROSTAT_RAIL,1,2024-01-02
2022-06,IE,IE_RAIL_OP006,IEST126,BGST046,356.84,834.05,93.42,3.59,576,87.07,106.585,37.29,4960.87,1,0,RFC6_MEDITERRANEAN,ERA_PERFORMANCE_REPORT,1,2025-07-24
2022-07,MT,MT_RAIL_OP007,MTST127,FRST047,5224.3,6226.78,85.76,10.02,469,103.04,125.054,68.22,776.05,0,1,RFC7_ORIENT_EASTMED,INFRA_MANAGER_DATA,1,2025-12-23
2022-08,SK,SK_RAIL_OP008,SKST128,LTST048,3173.26,2901.22,89.65,3.5,666,121.74,23.784,76.77,8608.84,0,0,RFC8_NORTH_SEA_BALTIC,OPERATOR_REPORTING,1,2024-05-14
2022-09,BE,BE_RAIL_OP009,BEST129,SKST049,4597.71,1956.9,96.28,14.28,286,92.1,67.337,89.28,1646.94,1,0,RFC9_RHINE_DANUBE,EUROSTAT_RAIL,1,2026-01-26
2022-10,DK,DK_RAIL_OP010,DKST130,HRST050,3124.39,3573.38,89.25,9.32,176,98.75,48.445,41.15,5774.11,1,0,RFC10_ALPINE_WEST_BALKANS,ERA_PERFORMANCE_REPORT,1,2024-06-17
2022-11,GR,GR_RAIL_OP011,GRST131,DEST051,3465.22,1548.23,69.91,3.86,662,121.99,51.743,82.73,4748.9,0,0,RFC1_RHINE_ALPINE,INFRA_MANAGER_DATA,1,2024-02-17
2022-12,LT,LT_RAIL_OP012,LTST132,LUST052,2565.93,985.08,73.87,8.35,1119,119.71,92.348,45.87,4444.65,1,0,RFC2_NSEA_MED,OPERATOR_REPORTING,0,2024-11-24
2023-01,PT,PT_RAIL_OP013,PTST133,SIST053,2383.46,4941.72,76.16,1.03,534,97.76,6.163,40.76,6296.88,1,0,RFC3_SCAND_MED,EUROSTAT_RAIL,1,2024-06-06
2023-02,SE,SE_RAIL_OP014,SEST134,CYST054,2098.44,2388.02,70.1,15.8,938,118.76,111.531,63.73,5985.78,0,0,RFC4_ATLANTIC,ERA_PERFORMANCE_REPORT,1,2025-09-12
2023-03,CY,CY_RAIL_OP015,CYST135,GRST055,1469.04,4276.29,93.13,2.34,121,90.23,54.832,65.93,2534.65,1,0,RFC5_BALTIC_ADRIATIC,INFRA_MANAGER_DATA,1,2025-12-31
2023-04,FR,FR_RAIL_OP016,FRST136,MTST056,5988.05,616.3,77.6,10.55,353,103.7,36.839,51.03,5541.68,1,0,RFC6_MEDITERRANEAN,OPERATOR_REPORTING,1,2024-06-07
2023-05,IT,IT_RAIL_OP017,ITST137,ESST057,2669.36,900.7,68.96,14.66,563,142.09,25.634,36.95,2381.1,0,1,RFC7_ORIENT_EASTMED,EUROSTAT_RAIL,1,2025-04-12
2023-06,NL,NL_RAIL_OP018,NLST138,CZST058,3793.6,3717.75,73.61,18.45,704,95.43,108.953,99.49,6918.33,0,0,RFC8_NORTH_SEA_BALTIC,ERA_PERFORMANCE_REPORT,1,2024-08-29
2023-07,SI,SI_RAIL_OP019,SIST139,HUST059,2449.9,1647.94,70.97,5.83,280,123.05,125.162,57.31,28.42,1,0,RFC9_RHINE_DANUBE,INFRA_MANAGER_DATA,1,2024-09-25
2023-08,BG,BG_RAIL_OP020,BGST140,NLST060,2455.63,3925.98,70.94,14.23,231,107.24,130.998,84.14,2767.13,1,0,RFC10_ALPINE_WEST_BALKANS,OPERATOR_REPORTING,1,2024-06-11
2023-09,EE,EE_RAIL_OP021,EEST141,SEST061,1828.85,1281.39,72.93,8.74,551,98.64,82.614,90.74,2658.9,1,1,RFC1_RHINE_ALPINE,EUROSTAT_RAIL,1,2025-06-28
2023-10,HU,HU_RAIL_OP022,HUST142,DKST062,2854.0,2645.83,87.19,13.82,402,136.3,47.58,88.34,4757.23,1,0,RFC2_NSEA_MED,ERA_PERFORMANCE_REPORT,1,2024-09-24
2023-11,LU,LU_RAIL_OP023,LUST143,IEST063,4492.38,1367.98,87.33,12.11,152,144.86,10.677,30.01,4694.96,1,0,RFC3_SCAND_MED,INFRA_MANAGER_DATA,1,2024-11-04
2023-12,RO,RO_RAIL_OP024,ROST144,PLST064,3474.35,4173.53,95.34,8.73,292,121.0,56.083,86.54,895.68,1,0,RFC4_ATLANTIC,OPERATOR_REPORTING,1,2025-06-06
2024-01,AT,AT_RAIL_OP025,ATST145,ATST065,118.31,2093.92,74.77,1.18,1111,117.18,64.843,40.87,6256.79,0,0,RFC5_BALTIC_ADRIATIC,EUROSTAT_RAIL,0,2025-11-04
2024-02,CZ,CZ_RAIL_OP026,CZST146,EEST066,518.76,2827.17,71.12,10.84,790,137.12,140.358,44.39,3260.22,1,0,RFC6_MEDITERRANEAN,ERA_PERFORMANCE_REPORT,1,2025-01-18
2024-03,DE,DE_RAIL_OP027,DEST147,ITST067,2808.23,1970.34,70.85,1.29,834,103.96,74.961,61.25,6003.35,1,1,RFC7_ORIENT_EASTMED,INFRA_MANAGER_DATA,1,2024-04-20
2024-04,LV,LV_RAIL_OP028,LVST148,PTST068,1355.85,4739.1,78.68,9.17,90,99.33,60.868,75.15,9592.97,0,0,RFC8_NORTH_SEA_BALTIC,OPERATOR_REPORTING,1,2024-02-05
2024-05,PL,PL_RAIL_OP029,PLST149,BEST069,1576.86,3037.4,86.27,2.01,597,139.43,30.685,56.51,342.03,1,0,RFC9_RHINE_DANUBE,EUROSTAT_RAIL,1,2025-08-08
2024-06,ES,ES_RAIL_OP030,ESST150,FIST070,829.73,3944.32,93.32,0.54,296,93.27,8.311,79.22,8020.6,1,0,RFC10_ALPINE_WEST_BALKANS,ERA_PERFORMANCE_REPORT,1,2024-03-28
2024-07,HR,HR_RAIL_OP031,HRST151,LVST071,788.03,4400.66,92.21,9.79,595,123.09,96.143,49.96,5705.49,1,0,RFC1_RHINE_ALPINE,INFRA_MANAGER_DATA,1,2025-09-16
2024-08,FI,FI_RAIL_OP032,FIST152,ROST072,230.05,1442.79,71.17,21.63,375,119.5,73.175,79.02,6077.76,1,0,RFC2_NSEA_MED,OPERATOR_REPORTING,1,2025-07-15
2024-09,IE,IE_RAIL_OP033,IEST153,BGST073,2115.98,4754.89,81.13,11.81,329,98.83,124.462,78.13,6687.64,1,0,RFC3_SCAND_MED,EUROSTAT_RAIL,1,2024-08-22
2024-10,MT,MT_RAIL_OP034,MTST154,FRST074,905.15,1979.99,83.77,1.09,459,118.29,1.443,55.65,5045.65,1,0,RFC4_ATLANTIC,ERA_PERFORMANCE_REPORT,1,2025-12-03
2024-11,SK,SK_RAIL_OP035,SKST155,LTST075,5244.3,1741.02,94.18,5.1,557,135.2,29.092,76.62,2210.68,1,0,RFC5_BALTIC_ADRIATIC,INFRA_MANAGER_DATA,1,2025-12-20
2024-12,BE,BE_RAIL_OP036,BEST156,SKST076,6085.85,4121.1,91.32,3.06,154,120.2,122.997,57.34,6198.9,1,0,RFC6_MEDITERRANEAN,OPERATOR_REPORTING,1,2025-03-17
2025-01,DK,DK_RAIL_OP037,DKST157,HRST077,3494.46,1898.79,92.78,9.21,350,137.85,134.547,36.0,319.23,1,0,RFC7_ORIENT_EASTMED,EUROSTAT_RAIL,1,2024-11-03
2025-02,GR,GR_RAIL_OP038,GRST158,DEST078,1070.6,3035.39,77.02,3.21,61,129.22,30.205,67.68,1308.77,1,1,RFC8_NORTH_SEA_BALTIC,ERA_PERFORMANCE_REPORT,1,2025-11-04
2025-03,LT,LT_RAIL_OP039,LTST159,LUST079,3241.09,3226.26,83.48,10.76,267,139.38,95.894,57.97,6176.9,1,0,RFC9_RHINE_DANUBE,INFRA_MANAGER_DATA,1,2024-10-06
2025-04,PT,PT_RAIL_OP040,PTST160,SIST080,2965.53,5429.18,72.98,20.22,790,89.01,9.203,43.62,1207.33,0,0,RFC10_ALPINE_WEST_BALKANS,OPERATOR_REPORTING,1,2024-11-15
2025-05,SE,SE_RAIL_OP041,SEST161,CYST081,4947.73,4417.24,96.43,2.57,550,128.98,89.983,30.13,1803.91,1,0,RFC1_RHINE_ALPINE,EUROSTAT_RAIL,1,2025-04-15
2025-06,CY,CY_RAIL_OP042,CYST162,GRST082,4415.74,705.65,92.95,2.11,465,92.46,6.277,74.71,7892.72,1,0,RFC2_NSEA_MED,ERA_PERFORMANCE_REPORT,1,2024-01-22
2025-07,FR,FR_RAIL_OP043,FRST163,MTST083,3579.49,3356.33,94.25,9.37,548,110.01,119.066,46.37,1342.23,0,0,RFC3_SCAND_MED,INFRA_MANAGER_DATA,1,2025-12-27
2025-08,IT,IT_RAIL_OP044,ITST164,ESST084,3046.51,499.37,74.66,5.57,704,133.21,59.861,39.61,3904.86,1,0,RFC4_ATLANTIC,OPERATOR_REPORTING,1,2025-01-23
2025-09,NL,NL_RAIL_OP045,NLST165,CZST085,2051.18,4070.03,85.3,2.34,117,99.65,79.487,50.56,5370.15,1,0,RFC5_BALTIC_ADRIATIC,EUROSTAT_RAIL,1,2025-09-09
2025-10,SI,SI_RAIL_OP046,SIST166,HUST086,336.16,4005.03,72.59,6.17,121,91.37,63.065,69.63,10016.28,1,0,RFC6_MEDITERRANEAN,ERA_PERFORMANCE_REPORT,1,2025-04-26
2025-11,BG,BG_RAIL_OP047,BGST167,NLST087,344.15,6465.13,84.04,3.49,310,126.36,81.455,44.99,2641.9,0,0,RFC7_ORIENT_EASTMED,INFRA_MANAGER_DATA,1,2025-03-02
2025-12,EE,EE_RAIL_OP048,EEST168,SEST088,2584.44,2480.38,74.82,8.14,296,124.67,54.823,45.01,899.2,0,0,RFC8_NORTH_SEA_BALTIC,OPERATOR_REPORTING,1,2025-04-29
2026-01,HU,HU_RAIL_OP049,HUST169,DKST089,2668.22,5155.33,86.95,10.54,393,132.47,132.642,46.84,1493.23,1,0,RFC9_RHINE_DANUBE,EUROSTAT_RAIL,1,2025-02-15
2026-02,LU,LU_RAIL_OP050,LUST170,IEST090,1258.08,2303.67,73.51,21.22,799,107.54,94.575,62.71,9980.2,1,0,RFC10_ALPINE_WEST_BALKANS,ERA_PERFORMANCE_REPORT,0,2025-09-15
2026-03,RO,RO_RAIL_OP051,ROST171,PLST091,5217.67,731.31,95.26,8.92,107,136.72,91.648,54.49,5931.62,1,0,RFC1_RHINE_ALPINE,INFRA_MANAGER_DATA,1,2024-06-27
2026-04,AT,AT_RAIL_OP052,ATST172,ATST092,2019.03,3874.54,86.82,14.18,69,103.31,81.927,53.65,4989.07,0,0,RFC2_NSEA_MED,OPERATOR_REPORTING,1,2025-09-19
2026-05,CZ,CZ_RAIL_OP053,CZST173,EEST093,5074.68,2483.22,74.4,11.35,443,143.64,105.259,46.32,1928.82,1,0,RFC3_SCAND_MED,EUROSTAT_RAIL,1,2024-06-20
2026-06,DE,DE_RAIL_OP054,DEST174,ITST094,921.09,3400.7,69.85,8.81,700,91.81,146.103,89.03,7718.9,0,0,RFC4_ATLANTIC,ERA_PERFORMANCE_REPORT,1,2025-04-30
2026-07,LV,LV_RAIL_OP055,LVST175,PTST095,1235.37,2505.4,76.36,21.16,562,144.98,41.229,69.47,4051.33,1,1,RFC5_BALTIC_ADRIATIC,INFRA_MANAGER_DATA,1,2025-03-30
2026-08,PL,PL_RAIL_OP056,PLST176,BEST096,106.8,3318.67,91.93,10.6,229,140.02,31.343,34.53,5566.84,0,0,RFC6_MEDITERRANEAN,OPERATOR_REPORTING,1,2024-04-05
2026-09,ES,ES_RAIL_OP057,ESST177,FIST097,3645.46,4667.17,87.73,8.01,154,138.94,69.866,98.92,8998.54,1,0,RFC7_ORIENT_EASTMED,EUROSTAT_RAIL,1,2025-01-28
2026-10,HR,HR_RAIL_OP058,HRST178,LVST098,1727.86,862.39,79.26,12.25,343,134.36,69.958,81.1,5045.61,0,0,RFC8_NORTH_SEA_BALTIC,ERA_PERFORMANCE_REPORT,0,2024-09-22
2026-11,FI,FI_RAIL_OP059,FIST179,ROST099,2612.09,1609.98,78.8,5.93,116,94.94,34.016,81.06,188.15,0,1,RFC9_RHINE_DANUBE,INFRA_MANAGER_DATA,1,2025-08-19
2026-12,IE,IE_RAIL_OP060,IEST180,BGST100,4191.62,1189.74,78.04,13.57,411,102.2,75.343,73.43,7478.66,1,1,RFC10_ALPINE_WEST_BALKANS,OPERATOR_REPORTING,1,2026-01-10
2016-01,MT,MT_RAIL_OP001,MTST181,FRST101,1559.68,1911.42,75.68,12.61,635,106.42,11.425,73.58,10119.85,1,0,RFC1_RHINE_ALPINE,EUROSTAT_RAIL,1,2025-01-03
2016-02,SK,SK_RAIL_OP002,SKST182,LTST102,2575.6,2369.2,86.97,9.74,145,129.64,53.634,58.55,3790.94,1,0,RFC2_NSEA_MED,ERA_PERFORMANCE_REPORT,1,2025-08-01
2016-03,BE,BE_RAIL_OP003,BEST183,SKST103,3392.08,1433.82,76.07,1.04,334,95.44,1.551,83.52,8624.16,0,0,RFC3_SCAND_MED,INFRA_MANAGER_DATA,1,2025-02-06
2016-04,DK,DK_RAIL_OP004,DKST184,HRST104,1819.79,111.17,74.52,11.14,285,95.16,64.729,36.3,3361.45,1,0,RFC4_ATLANTIC,OPERATOR_REPORTING,1,2025-04-10
2016-05,GR,GR_RAIL_OP005,GRST185,DEST105,1598.6,674.06,93.96,7.77,257,101.79,30.888,92.11,1987.04,0,1,RFC5_BALTIC_ADRIATIC,EUROSTAT_RAIL,1,2024-04-29
2016-06,LT,LT_RAIL_OP006,LTST186,LUST106,2355.41,3632.47,84.19,4.24,210,103.24,61.236,68.58,1847.22,1,0,RFC6_MEDITERRANEAN,ERA_PERFORMANCE_REPORT,1,2024-08-30
2016-07,PT,PT_RAIL_OP007,PTST187,SIST107,87.78,1395.99,82.62,1.1,309,109.7,58.491,68.49,8193.51,0,0,RFC7_ORIENT_EASTMED,INFRA_MANAGER_DATA,1,2025-10-03
2016-08,SE,SE_RAIL_OP008,SEST188,CYST108,3709.04,3326.16,84.53,0.54,362,127.86,31.51,96.24,6085.92,1,1,RFC8_NORTH_SEA_BALTIC,OPERATOR_REPORTING,1,2024-01-16
2016-09,CY,CY_RAIL_OP009,CYST189,GRST109,2131.36,2752.94,88.16,11.07,33,127.38,68.693,33.69,877.19,1,0,RFC9_RHINE_DANUBE,EUROSTAT_RAIL,1,2024-01-24
2016-10,FR,FR_RAIL_OP010,FRST190,MTST110,2324.07,3035.76,93.74,8.77,511,97.37,85.655,91.76,6798.37,1,0,RFC10_ALPINE_WEST_BALKANS,ERA_PERFORMANCE_REPORT,1,2025-11-07
2016-11,IT,IT_RAIL_OP011,ITST191,ESST111,651.22,937.64,88.31,2.11,538,101.28,66.235,66.84,7608.61,0,1,RFC1_RHINE_ALPINE,INFRA_MANAGER_DATA,1,2025-09-17
2016-12,NL,NL_RAIL_OP012,NLST192,CZST112,726.12,1785.34,85.14,1.74,26,99.69,50.714,73.5,2632.22,1,1,RFC2_NSEA_MED,OPERATOR_REPORTING,1,2024-12-11
2017-01,SI,SI_RAIL_OP013,SIST193,HUST113,3853.42,190.9,83.72,4.5,379,87.99,11.584,90.55,1805.03,1,0,RFC3_SCAND_MED,EUROSTAT_RAIL,1,2025-02-09
2017-02,BG,BG_RAIL_OP014,BGST194,NLST114,3799.68,4324.77,77.65,3.85,109,129.81,45.438,66.9,5024.07,1,0,RFC4_ATLANTIC,ERA_PERFORMANCE_REPORT,1,2025-04-28
2017-03,EE,EE_RAIL_OP015,EEST195,SEST115,3376.69,4699.55,93.03,2.82,485,144.63,108.817,83.02,4841.76,0,0,RFC5_BALTIC_ADRIATIC,INFRA_MANAGER_DATA,1,2025-09-29
2017-04,HU,HU_RAIL_OP016,HUST196,DKST116,1669.35,4516.01,95.69,6.79,446,87.65,91.926,90.59,10071.89,1,0,RFC6_MEDITERRANEAN,OPERATOR_REPORTING,1,2024-01-25
2017-05,LU,LU_RAIL_OP017,LUST197,IEST117,1811.37,4428.69,73.28,15.59,589,114.99,59.292,58.7,607.57,0,1,RFC7_ORIENT_EASTMED,EUROSTAT_RAIL,1,2025-09-27
2017-06,RO,RO_RAIL_OP018,ROST198,PLST118,1895.55,2153.97,84.36,5.64,566,99.09,66.849,97.58,8425.62,0,1,RFC8_NORTH_SEA_BALTIC,ERA_PERFORMANCE_REPORT,0,2024-05-07
2017-07,AT,AT_RAIL_OP019,ATST199,ATST119,1019.42,1111.73,88.19,10.51,502,142.87,160.446,83.48,7267.47,0,0,RFC9_RHINE_DANUBE,INFRA_MANAGER_DATA,1,2025-03-09
2017-08,CZ,CZ_RAIL_OP020,CZST200,EEST120,4342.62,5226.1,72.65,7.07,899,107.36,135.207,56.25,2497.87,1,0,RFC10_ALPINE_WEST_BALKANS,OPERATOR_REPORTING,1,2025-02-16
