care_costs_billing_year,care_costs_drg_code,care_costs_allowed_amount_avg,care_costs_paid_amount_avg,care_costs_patient_responsibility_avg,care_costs_charge_amount_avg,care_costs_cost_to_charge_ratio,care_costs_denial_rate_pct,care_costs_prior_auth_required_flag,care_costs_appeal_overturn_rate,care_costs_collection_rate_pct,care_costs_charity_care_share_pct,care_costs_bad_debt_share_pct,care_costs_price_transparency_file_flag,care_costs_shoppable_service_code,care_costs_site_of_care_shift_index,care_costs_contracted_rate_index,care_costs_out_of_network_rate_index,care_costs_surprise_bill_incidence_rate,care_costs_inflation_adjustment_base
2019,DRG839,124769.52,91681.98,33087.54,328786.76,0.233,29.14,Y,16.78,73.6,0.51,12.31,N,SHOP-870,15.64,0.599,1.467,0.114,CPI_Urban
2018,DRG593,64004.81,61189.58,2815.23,111566.57,0.444,11.93,N,85.83,56.6,10.86,6.17,Y,SHOP-177,25.1,0.94,1.554,3.314,CPI_Rural
2023,DRG102,21890.94,20659.47,1231.47,27822.0,0.501,25.47,Y,68.43,57.22,3.14,17.61,Y,SHOP-873,17.65,1.225,2.155,2.069,CPI_Rural
2023,DRG506,173983.93,132803.95,41179.98,435168.51,0.689,7.54,N,4.12,72.03,9.38,5.93,Y,SHOP-960,29.29,0.685,1.909,5.687,CPI_Rural
2025,DRG341,119576.82,109286.46,10290.36,148118.43,0.753,4.17,Y,77.88,39.05,14.89,7.79,Y,SHOP-547,68.32,1.494,1.717,3.897,WPI
2018,DRG129,103773.97,80537.46,23236.51,237330.94,0.249,2.56,Y,10.32,98.64,12.27,13.41,Y,SHOP-308,1.21,1.094,1.945,1.523,WPI
2024,DRG225,220435.7,202256.67,18179.03,267188.1,1.093,11.31,Y,72.43,83.71,10.62,10.77,Y,SHOP-173,76.31,0.521,1.281,1.981,WPI
2017,DRG557,185698.54,120627.87,65070.67,396585.56,0.197,8.56,N,9.21,73.0,9.15,3.87,Y,SHOP-667,78.24,1.279,1.73,0.288,CPI_Rural
2020,DRG135,131452.95,109073.39,22379.56,345553.0,0.707,17.18,N,12.36,81.24,11.5,9.01,Y,SHOP-220,56.76,1.371,2.002,6.235,CPI_Rural
2018,DRG171,212948.75,142703.42,70245.33,305763.62,0.941,27.16,Y,25.37,74.61,4.1,2.44,Y,SHOP-270,34.73,0.514,1.333,5.051,GDP_Deflator
2021,DRG560,186103.95,160594.88,25509.07,357318.74,0.428,20.87,Y,70.86,69.16,1.5,7.66,N,SHOP-427,52.72,0.697,1.771,6.275,GDP_Deflator
2017,DRG327,234457.88,168665.95,65791.93,478190.7,0.967,31.78,Y,69.91,53.37,19.36,11.63,N,SHOP-453,67.21,1.235,1.006,1.42,WPI
2023,DRG871,9124.22,7553.71,1570.51,10831.2,0.923,28.41,Y,31.95,77.26,18.1,3.62,N,SHOP-510,40.93,0.607,0.97,2.771,CPI_Rural
2017,DRG309,169991.89,153854.94,16136.95,425655.57,0.825,6.01,N,66.44,87.93,6.65,17.15,Y,SHOP-120,78.86,1.298,1.98,0.19,GDP_Deflator
2023,DRG637,143550.29,127767.99,15782.3,217779.76,1.096,5.55,N,64.21,89.86,10.72,3.09,Y,SHOP-256,49.31,0.621,1.084,3.427,GDP_Deflator
2023,DRG130,197583.73,173788.69,23795.04,284106.97,0.865,20.87,N,51.21,62.37,18.41,7.62,N,SHOP-483,83.38,1.271,1.891,7.567,WPI
2020,DRG930,135987.18,94060.38,41926.8,164702.21,0.306,17.13,N,76.71,81.48,18.55,16.11,N,SHOP-219,59.41,1.42,1.319,0.219,WPI
2016,DRG884,71686.39,50550.67,21135.72,133539.55,0.589,2.6,N,43.6,61.13,18.5,19.77,Y,SHOP-525,19.88,0.758,0.821,1.834,GDP_Deflator
2020,DRG810,56138.64,43721.06,12417.58,120342.01,0.485,12.0,N,25.09,57.04,17.03,13.72,Y,SHOP-496,16.5,1.236,1.827,5.673,GDP_Deflator
2023,DRG545,131409.51,97746.82,33662.69,172143.36,1.094,9.01,N,75.9,80.59,6.71,24.51,N,SHOP-844,23.08,0.657,1.556,7.568,GDP_Deflator
2023,DRG925,48793.6,36908.42,11885.18,104054.19,0.757,14.19,Y,38.78,85.36,4.43,21.02,Y,SHOP-592,39.2,0.596,0.811,5.105,CPI_Urban
2020,DRG194,150978.19,88877.57,62100.62,270399.31,0.903,19.69,N,27.1,36.59,16.64,5.97,N,SHOP-984,19.99,0.525,1.972,1.959,CPI_Urban
2020,DRG697,58286.51,34101.57,24184.94,61310.54,0.635,18.99,N,78.67,61.97,19.34,17.11,N,SHOP-525,59.93,1.104,1.719,2.897,WPI
2025,DRG699,139838.65,122671.63,17167.02,296224.94,0.767,34.31,N,53.44,86.67,15.41,12.32,N,SHOP-259,66.92,1.294,1.26,2.158,GDP_Deflator
2020,DRG809,156443.42,114874.8,41568.62,285023.92,0.965,14.61,Y,51.6,82.89,1.59,23.28,N,SHOP-565,31.33,0.545,1.421,0.239,CPI_Rural
2021,DRG820,106891.26,65819.68,41071.58,239582.83,0.177,34.98,N,33.6,55.47,15.83,18.9,N,SHOP-268,98.21,0.984,1.266,5.025,CPI_Rural
2021,DRG083,90203.36,85891.27,4312.09,100276.2,0.344,30.54,Y,54.62,41.34,10.55,13.13,N,SHOP-555,75.18,1.207,0.883,0.972,CPI_Urban
2019,DRG861,50725.35,43044.4,7680.95,56020.48,1.033,25.49,Y,29.24,89.4,2.53,19.45,Y,SHOP-845,35.52,1.231,1.622,1.608,WPI
2018,DRG378,177145.58,162094.28,15051.3,188431.2,0.609,20.83,N,84.08,97.43,0.37,13.02,N,SHOP-293,28.12,0.694,1.265,1.852,WPI
2019,DRG864,226270.79,204679.39,21591.4,540665.16,0.372,18.76,N,72.71,39.0,1.11,1.62,N,SHOP-214,19.44,1.111,1.33,2.964,WPI
2021,DRG940,153295.07,106035.51,47259.56,225689.2,0.57,18.74,Y,67.7,49.6,13.75,15.49,Y,SHOP-719,83.27,0.636,1.834,2.738,WPI
2021,DRG804,163292.5,94051.07,69241.43,237946.98,0.883,25.28,N,74.31,70.63,14.35,0.11,Y,SHOP-530,37.95,1.193,0.86,0.705,WPI
2021,DRG824,152663.33,119564.75,33098.58,387863.94,0.745,6.65,N,35.66,83.03,0.63,13.72,N,SHOP-839,14.39,0.56,1.348,0.293,WPI
2025,DRG222,206628.64,124212.91,82415.73,217798.55,1.077,11.85,Y,76.91,49.83,14.09,6.42,Y,SHOP-369,87.23,0.536,1.166,7.669,CPI_Urban
2016,DRG395,127914.27,89814.84,38099.43,230754.55,1.087,12.71,Y,87.67,88.57,7.35,14.57,N,SHOP-328,14.87,0.836,1.41,6.299,WPI
2016,DRG375,222004.27,201608.75,20395.52,273039.12,0.98,27.75,N,27.08,58.42,17.75,3.81,N,SHOP-318,89.51,1.156,1.064,0.38,CPI_Urban
2019,DRG925,106252.3,89700.57,16551.73,271029.42,1.032,9.93,N,47.74,93.74,14.21,5.26,Y,SHOP-723,25.19,1.209,1.789,4.073,CPI_Rural
2020,DRG739,231802.33,141579.67,90222.66,326175.36,0.721,30.92,Y,21.69,97.66,12.77,14.36,Y,SHOP-688,70.98,0.598,2.004,6.767,WPI
2024,DRG571,7650.85,5744.99,1905.86,12758.25,1.069,24.79,Y,67.01,97.47,1.84,8.49,N,SHOP-184,62.22,1.481,0.926,1.259,CPI_Rural
2018,DRG474,121597.61,84147.42,37450.19,192551.73,1.065,13.09,Y,73.69,41.1,7.88,20.65,N,SHOP-334,10.44,0.721,1.781,4.643,CPI_Rural
2021,DRG239,62834.96,43100.67,19734.29,133711.78,0.251,24.35,N,6.28,51.45,12.27,1.74,Y,SHOP-822,89.03,1.457,1.921,7.486,CPI_Rural
2016,DRG395,61460.76,38399.15,23061.61,82337.63,0.846,14.08,Y,56.85,47.55,18.81,5.45,N,SHOP-371,30.23,0.865,0.917,0.812,GDP_Deflator
2018,DRG995,204132.65,143022.25,61110.4,378044.58,0.72,27.23,N,47.77,85.04,8.99,3.99,N,SHOP-236,92.59,1.14,1.037,7.401,CPI_Rural
2022,DRG890,190326.62,121791.29,68535.33,450642.69,0.606,7.24,N,73.37,71.32,1.07,14.23,N,SHOP-339,18.49,0.698,0.965,2.283,CPI_Urban
2020,DRG848,192265.82,147054.44,45211.38,499276.7,0.88,34.36,N,85.55,51.1,9.9,2.54,Y,SHOP-425,30.97,1.347,1.96,2.338,CPI_Urban
2019,DRG335,116934.91,86691.44,30243.47,296064.97,0.785,29.67,N,7.92,84.18,12.65,11.55,Y,SHOP-383,63.39,1.382,1.909,3.534,CPI_Urban
2018,DRG397,44167.59,31793.28,12374.31,76653.07,0.725,30.66,Y,81.74,88.36,19.65,11.37,Y,SHOP-154,52.92,0.832,1.129,0.973,GDP_Deflator
2021,DRG090,126489.67,89993.46,36496.21,212986.18,1.076,34.04,Y,44.12,44.92,1.03,11.53,Y,SHOP-789,73.27,1.013,1.929,0.903,CPI_Rural
2021,DRG266,232913.09,136016.72,96896.37,427719.19,0.198,27.58,N,18.55,64.31,7.96,20.85,Y,SHOP-381,7.57,0.745,1.312,5.407,CPI_Rural
2018,DRG233,99334.31,89741.98,9592.33,245044.86,0.338,31.94,Y,65.17,64.92,13.41,10.39,Y,SHOP-339,90.48,0.614,0.89,0.767,GDP_Deflator
2024,DRG200,135230.2,116959.77,18270.43,357889.85,0.936,34.36,Y,41.44,65.53,14.47,24.51,N,SHOP-673,48.05,0.519,1.068,6.153,WPI
2019,DRG404,160400.95,123037.52,37363.43,343244.93,0.203,23.79,Y,10.04,55.25,10.74,12.4,N,SHOP-374,28.81,1.186,1.533,5.39,GDP_Deflator
2022,DRG539,7388.24,4591.18,2797.06,16893.66,0.879,24.79,Y,77.48,51.42,4.88,19.37,N,SHOP-103,14.9,0.532,1.2,3.028,CPI_Rural
2021,DRG606,37899.99,27446.76,10453.23,96504.34,1.184,23.56,Y,4.37,42.98,8.45,15.61,N,SHOP-242,88.54,0.591,0.922,3.569,WPI
2022,DRG008,186350.57,168258.1,18092.47,495077.99,0.665,25.07,N,13.84,38.91,8.61,9.69,N,SHOP-322,22.09,1.194,1.354,2.354,CPI_Urban
2019,DRG812,240710.54,229036.45,11674.09,393488.88,0.305,34.05,Y,72.35,87.01,8.9,18.33,N,SHOP-352,32.59,0.734,2.032,5.418,CPI_Urban
2020,DRG726,64431.44,40554.36,23877.08,79023.37,0.79,3.33,N,4.75,54.75,19.17,15.66,N,SHOP-118,75.81,0.857,1.506,0.143,CPI_Urban
2023,DRG168,28729.5,24047.0,4682.5,63781.0,0.364,28.25,Y,81.73,56.56,0.13,7.94,Y,SHOP-884,20.66,0.844,1.171,2.919,WPI
2016,DRG163,220283.36,152239.72,68043.64,386833.33,0.696,27.26,Y,64.5,49.74,4.62,13.45,N,SHOP-565,22.34,0.631,1.722,2.809,CPI_Rural
2021,DRG825,208877.67,114956.69,93920.98,427474.25,0.956,1.74,Y,81.72,81.05,15.43,23.18,N,SHOP-904,85.08,0.633,1.92,6.267,CPI_Rural
2021,DRG274,180369.58,164326.01,16043.57,477455.63,0.169,24.07,N,87.59,61.57,12.69,19.18,Y,SHOP-520,52.64,0.842,1.126,7.144,WPI
2016,DRG775,129213.9,74310.76,54903.14,320115.31,0.914,21.47,N,43.18,37.6,8.35,7.28,N,SHOP-714,61.07,0.663,1.392,0.354,CPI_Urban
2016,DRG103,70354.55,68724.21,1630.34,114373.29,1.015,6.61,Y,37.56,72.09,5.58,6.39,Y,SHOP-286,90.6,0.709,2.189,6.684,CPI_Urban
2018,DRG970,166150.03,123771.46,42378.57,193932.98,1.05,6.46,N,77.38,61.29,8.65,20.79,N,SHOP-935,93.9,1.059,1.71,0.186,CPI_Rural
2024,DRG165,159898.2,147841.23,12056.97,185971.19,0.412,2.16,N,23.31,44.84,0.81,17.36,Y,SHOP-898,98.89,0.951,1.1,2.629,WPI
2021,DRG244,56168.2,44493.26,11674.94,75581.02,0.891,26.73,N,8.41,43.3,5.92,21.89,N,SHOP-823,60.1,1.06,1.607,5.201,GDP_Deflator
2019,DRG059,47599.75,40137.42,7462.33,69148.33,0.325,0.7,Y,57.97,42.01,10.88,18.87,Y,SHOP-876,31.7,0.966,1.803,5.809,GDP_Deflator
2025,DRG012,62992.4,50248.48,12743.92,93221.87,1.048,23.7,N,55.07,89.98,13.69,10.91,Y,SHOP-244,36.58,0.595,1.442,7.386,GDP_Deflator
2017,DRG896,102538.14,71416.51,31121.63,276114.2,0.681,2.35,Y,16.52,72.29,9.31,13.56,N,SHOP-249,89.41,1.255,1.317,5.424,CPI_Urban
2018,DRG827,237712.37,164148.72,73563.65,390805.82,0.583,25.42,Y,7.4,77.6,13.43,6.41,Y,SHOP-710,60.1,0.873,1.811,6.235,CPI_Urban
2021,DRG201,168436.29,132849.78,35586.51,378731.6,1.176,10.29,Y,6.67,68.76,4.56,15.03,N,SHOP-768,36.44,1.295,0.839,5.579,WPI
2019,DRG384,62589.61,54578.97,8010.64,139054.3,1.137,8.31,Y,27.79,94.21,15.16,11.02,N,SHOP-830,71.99,1.394,1.533,2.511,GDP_Deflator
2020,DRG478,29497.28,21110.11,8387.17,66762.89,0.398,20.25,N,5.74,47.36,16.4,2.04,N,SHOP-721,97.13,1.149,2.176,7.088,WPI
2020,DRG749,60846.93,37697.38,23149.55,124101.6,1.052,24.59,N,15.41,45.89,2.94,19.44,N,SHOP-208,28.89,1.437,1.33,4.604,GDP_Deflator
2016,DRG795,39616.66,27212.49,12404.17,109745.16,0.216,3.88,Y,42.0,89.78,15.32,1.29,N,SHOP-618,85.17,1.001,1.688,5.13,GDP_Deflator
2019,DRG365,120942.17,91894.92,29047.25,164107.9,0.363,31.99,Y,0.3,54.08,15.46,24.05,N,SHOP-350,36.44,1.387,1.233,6.917,GDP_Deflator
2023,DRG353,42387.08,40757.99,1629.09,61858.92,1.091,6.6,N,31.0,44.35,18.42,8.6,Y,SHOP-558,36.08,0.72,2.199,2.029,CPI_Urban
2021,DRG387,70021.54,60285.38,9736.16,194536.89,1.027,9.01,Y,83.34,71.75,10.97,23.44,N,SHOP-811,82.4,1.119,1.048,5.061,WPI
2017,DRG519,226592.62,177527.16,49065.46,480592.19,0.3,1.75,Y,38.86,70.27,15.26,3.02,Y,SHOP-298,86.82,0.808,1.664,6.403,GDP_Deflator
2016,DRG810,8763.35,5095.76,3667.59,23519.2,1.046,24.54,Y,51.26,35.01,1.09,21.25,Y,SHOP-633,93.14,1.477,1.714,7.367,WPI
2016,DRG249,130340.06,87620.68,42719.38,349195.79,0.899,8.52,N,61.26,74.32,7.01,20.47,Y,SHOP-306,91.88,0.925,2.078,0.747,WPI
2018,DRG146,248990.02,225431.42,23558.6,447251.27,0.247,18.4,N,23.89,61.45,0.05,1.37,Y,SHOP-996,71.44,1.319,1.62,1.246,WPI
2016,DRG271,34698.29,22560.02,12138.27,79196.54,0.219,19.65,Y,66.55,55.63,10.21,17.11,Y,SHOP-896,82.19,0.893,1.318,6.244,GDP_Deflator
2017,DRG326,46853.8,34707.8,12146.0,115507.19,0.979,19.68,Y,22.1,97.33,19.12,1.13,Y,SHOP-347,57.55,1.21,1.563,0.771,CPI_Urban
2024,DRG115,16041.82,11656.42,4385.4,25311.32,1.007,20.58,Y,69.79,76.26,4.98,2.61,N,SHOP-144,93.0,1.223,2.157,4.734,WPI
2016,DRG649,28418.4,23768.71,4649.69,39048.81,1.072,15.8,N,14.22,41.38,14.93,11.14,N,SHOP-131,78.64,1.26,1.291,1.844,GDP_Deflator
2020,DRG467,210026.41,161673.08,48353.33,449781.19,0.483,24.1,N,11.64,93.35,19.67,14.93,Y,SHOP-328,81.9,1.291,2.037,6.313,WPI
2020,DRG978,175572.96,171080.33,4492.63,198655.36,0.919,29.31,N,50.16,45.28,19.33,6.66,N,SHOP-416,63.55,1.177,1.525,3.254,CPI_Urban
2019,DRG144,170183.47,110518.94,59664.53,293326.04,0.815,6.62,N,14.08,65.55,3.69,18.57,Y,SHOP-237,73.38,1.355,1.55,7.673,WPI
2020,DRG813,32606.05,27211.1,5394.95,56803.41,0.39,3.59,Y,83.84,40.28,3.74,10.19,N,SHOP-426,13.59,0.688,1.316,6.276,CPI_Urban
2022,DRG685,226919.66,211583.57,15336.09,388089.5,0.909,16.03,N,26.64,56.86,8.78,22.85,N,SHOP-995,87.23,1.42,1.128,5.601,CPI_Rural
2016,DRG793,38546.69,25237.29,13309.4,92567.77,0.846,1.84,N,55.82,56.32,7.17,16.37,Y,SHOP-641,33.3,0.899,1.216,0.532,WPI
2022,DRG720,118660.76,69831.63,48829.13,245758.84,0.439,32.99,N,11.21,75.09,18.7,1.09,Y,SHOP-720,56.81,0.876,1.912,1.258,WPI
2024,DRG490,3766.76,3107.02,659.74,9989.23,0.215,28.85,Y,16.66,58.08,15.19,20.11,Y,SHOP-691,51.42,0.716,0.841,4.823,GDP_Deflator
2025,DRG558,60079.03,43589.31,16489.72,92878.19,1.023,12.74,N,63.89,92.77,0.23,11.48,N,SHOP-500,89.39,0.783,1.561,1.87,CPI_Rural
2021,DRG411,245344.02,200205.98,45138.04,295669.22,0.629,32.8,N,63.63,64.14,5.59,5.31,N,SHOP-142,77.98,0.953,1.516,1.373,WPI
2017,DRG778,31506.26,27268.82,4237.44,76549.31,0.218,30.85,N,12.25,59.23,15.26,12.84,N,SHOP-620,34.82,0.927,0.82,0.933,CPI_Rural
2021,DRG909,83108.15,74787.27,8320.88,176558.77,0.274,14.7,Y,0.4,55.72,1.03,18.37,Y,SHOP-742,81.92,0.813,1.083,4.04,GDP_Deflator
2022,DRG288,104010.28,65266.09,38744.19,198831.48,0.457,24.56,N,25.28,47.34,16.74,18.86,Y,SHOP-208,50.22,1.194,1.044,1.559,CPI_Urban
2020,DRG143,200350.02,152047.08,48302.94,419013.24,1.138,1.71,Y,40.07,81.91,5.76,17.57,Y,SHOP-291,11.01,0.841,2.168,2.443,WPI
2019,DRG037,18019.2,17303.85,715.35,19881.02,0.421,3.58,N,67.75,77.92,8.25,11.54,Y,SHOP-442,18.87,1.114,1.48,3.666,WPI
2017,DRG038,73933.46,57322.0,16611.46,194440.29,0.684,18.86,Y,53.6,38.38,12.3,23.86,Y,SHOP-614,30.24,0.919,2.08,6.947,GDP_Deflator
2018,DRG721,52755.05,39577.34,13177.71,70947.32,0.722,5.69,N,33.38,97.47,6.83,1.08,N,SHOP-563,89.6,1.074,2.029,1.185,GDP_Deflator
2024,DRG395,194552.06,189670.17,4881.89,445756.46,0.681,30.61,N,4.85,52.72,15.08,16.62,N,SHOP-440,37.5,0.893,2.139,4.053,CPI_Rural
2016,DRG246,193798.57,137011.91,56786.66,392531.59,0.968,26.04,Y,64.41,42.94,7.0,20.42,Y,SHOP-508,54.87,0.937,1.89,2.312,WPI
2021,DRG853,194224.09,176021.92,18202.17,392515.7,0.825,0.13,Y,66.6,72.82,16.96,4.77,Y,SHOP-539,6.98,0.68,1.062,3.804,WPI
2023,DRG067,15109.41,11410.94,3698.47,16440.67,0.49,20.22,Y,52.56,57.09,17.86,13.89,Y,SHOP-255,45.5,0.665,0.806,3.01,GDP_Deflator
2022,DRG291,68510.24,64376.79,4133.45,187499.85,1.14,14.52,N,0.01,92.11,3.79,24.7,Y,SHOP-432,69.89,0.647,1.038,5.453,WPI
2016,DRG638,125714.51,107182.33,18532.18,323033.86,0.42,24.63,Y,79.93,56.71,1.5,23.62,Y,SHOP-787,68.71,1.222,1.559,0.278,GDP_Deflator
2023,DRG971,37823.68,25304.37,12519.31,97992.44,0.39,32.36,Y,13.99,81.5,6.03,9.77,N,SHOP-398,35.04,0.665,1.161,7.476,WPI
2023,DRG129,49617.38,33402.46,16214.92,87714.8,0.432,33.76,Y,26.36,79.8,16.44,3.74,N,SHOP-977,12.83,0.61,1.042,2.588,CPI_Urban
2025,DRG215,165775.1,117274.39,48500.71,460476.67,0.66,1.62,N,85.19,84.69,11.72,4.42,Y,SHOP-995,54.84,0.938,1.458,6.054,GDP_Deflator
2022,DRG721,219536.89,187408.53,32128.36,594186.17,0.709,9.04,Y,12.68,72.48,8.16,23.6,N,SHOP-256,32.52,0.587,0.974,5.251,GDP_Deflator
2020,DRG765,9290.4,7392.37,1898.03,21504.02,1.036,7.68,N,62.65,45.29,19.65,13.22,N,SHOP-908,43.47,0.851,1.363,1.625,CPI_Rural
2023,DRG472,133105.46,74302.18,58803.28,226676.63,0.831,0.46,N,88.95,38.18,12.77,23.85,Y,SHOP-343,34.47,0.735,1.12,6.008,GDP_Deflator
2023,DRG323,13250.5,7574.54,5675.96,14528.69,1.126,13.13,N,4.26,87.25,6.95,23.45,N,SHOP-494,15.05,0.628,1.235,6.383,WPI
2017,DRG476,1470.67,939.76,530.91,2588.86,0.422,1.55,Y,18.79,41.72,4.02,20.09,N,SHOP-617,26.32,1.381,1.667,2.455,WPI
2018,DRG797,45493.71,33919.54,11574.17,63914.36,0.77,20.76,Y,15.27,92.59,11.13,15.08,Y,SHOP-814,55.62,1.145,2.159,7.73,GDP_Deflator
2020,DRG641,133536.49,120171.39,13365.1,255276.9,0.584,20.47,Y,55.61,75.23,13.63,23.4,Y,SHOP-639,75.5,0.59,2.101,1.414,CPI_Rural
2022,DRG838,231313.32,157114.54,74198.78,251406.71,0.42,27.49,N,9.88,83.65,16.97,0.32,N,SHOP-979,3.96,0.712,1.816,0.807,CPI_Rural
2018,DRG562,67980.11,63259.88,4720.23,150848.29,0.203,1.58,N,16.87,69.93,1.91,7.04,N,SHOP-571,58.17,1.097,0.823,1.805,CPI_Urban
2020,DRG690,90310.67,69384.74,20925.93,137436.64,0.986,30.73,Y,75.72,49.81,19.31,6.57,Y,SHOP-869,21.37,1.259,2.133,3.162,CPI_Urban
2019,DRG450,182760.28,173805.79,8954.49,218794.72,0.709,25.47,Y,39.31,78.88,14.9,24.19,Y,SHOP-592,24.11,1.395,1.554,1.935,WPI
2023,DRG494,42052.58,36875.23,5177.35,51879.47,0.693,6.83,Y,31.39,39.85,14.45,5.17,Y,SHOP-871,32.24,0.622,1.107,3.247,CPI_Urban
2016,DRG950,142029.61,130376.94,11652.67,236609.82,1.18,6.96,N,37.59,68.5,19.28,7.2,N,SHOP-705,4.68,1.322,1.671,6.808,WPI
2016,DRG242,155169.21,118392.99,36776.22,395540.34,0.445,28.76,Y,45.66,98.3,1.24,7.0,Y,SHOP-914,7.08,1.036,0.903,6.179,GDP_Deflator
2021,DRG638,185569.24,120343.74,65225.5,356662.24,1.107,26.25,Y,37.16,61.29,14.94,0.31,N,SHOP-384,85.0,0.504,1.256,2.534,WPI
2023,DRG716,158670.68,106461.2,52209.48,341549.81,0.292,8.0,Y,29.29,45.92,6.13,15.46,Y,SHOP-766,3.65,0.532,1.945,3.75,CPI_Rural
2020,DRG287,12473.26,9702.69,2770.57,33378.37,1.026,9.63,Y,46.45,78.03,14.39,11.23,Y,SHOP-947,75.81,1.293,0.969,3.493,WPI
2018,DRG866,185868.68,104433.21,81435.47,321486.6,0.773,30.05,N,43.43,81.35,9.39,13.68,Y,SHOP-244,87.06,0.943,1.906,7.772,CPI_Urban
2017,DRG927,22872.73,20330.57,2542.16,51235.57,0.38,27.77,Y,83.76,88.87,17.5,8.55,Y,SHOP-842,62.12,0.783,0.911,3.275,GDP_Deflator
2025,DRG887,143522.27,131282.23,12240.04,328176.79,0.685,11.32,Y,11.58,53.89,17.64,17.24,N,SHOP-430,50.69,1.011,1.897,3.599,CPI_Rural
2017,DRG994,200115.69,178361.72,21753.97,230591.81,0.468,2.95,Y,29.59,91.63,7.27,20.19,Y,SHOP-769,65.23,1.152,1.343,2.184,WPI
2022,DRG388,93303.75,58110.48,35193.27,155745.92,0.692,13.32,Y,6.26,89.48,17.76,5.72,Y,SHOP-524,67.1,0.7,1.613,2.51,GDP_Deflator
2025,DRG418,65092.42,39821.04,25271.38,115681.36,0.969,12.18,N,21.39,73.67,1.71,12.13,Y,SHOP-876,57.99,0.604,2.091,7.405,GDP_Deflator
2019,DRG522,123451.33,86455.13,36996.2,210327.53,1.196,22.56,N,58.98,54.19,15.37,0.8,Y,SHOP-642,24.95,0.775,1.014,6.651,GDP_Deflator
2018,DRG266,173030.19,102318.0,70712.19,216528.89,0.901,21.66,Y,6.17,73.03,10.08,8.34,N,SHOP-236,1.17,0.848,1.824,2.247,WPI
2016,DRG643,237552.78,146311.31,91241.47,311415.63,0.869,13.15,N,36.28,65.73,9.13,24.83,N,SHOP-991,32.64,0.97,1.96,6.724,WPI
2020,DRG347,59187.05,52343.83,6843.22,82215.85,0.727,3.59,Y,8.78,61.6,0.96,6.35,Y,SHOP-246,81.8,1.265,0.939,7.544,CPI_Rural
2020,DRG286,229289.69,126554.63,102735.06,497801.43,1.13,8.61,N,8.38,88.21,0.14,13.71,N,SHOP-833,22.05,1.477,1.493,7.766,CPI_Rural
2024,DRG169,167694.21,163311.26,4382.95,200356.42,0.378,14.77,N,37.24,69.9,8.09,23.11,Y,SHOP-208,46.33,1.498,2.078,0.546,WPI
2016,DRG830,226889.79,145013.8,81875.99,566992.17,1.125,33.04,N,38.88,43.09,4.16,8.19,Y,SHOP-347,12.02,1.161,1.122,4.682,CPI_Rural
2021,DRG301,53218.88,40640.84,12578.04,146362.78,0.626,2.19,Y,11.02,36.04,5.68,4.27,N,SHOP-647,8.26,1.171,0.909,3.978,WPI
2019,DRG847,24028.79,22364.7,1664.09,31647.11,0.157,27.99,Y,54.59,75.34,0.59,13.95,Y,SHOP-427,63.46,0.737,1.694,7.917,CPI_Rural
2020,DRG838,95741.49,55101.88,40639.61,242076.67,0.179,32.43,N,72.62,95.64,8.28,10.3,Y,SHOP-789,54.79,0.669,0.947,0.855,GDP_Deflator
2023,DRG147,194500.05,157071.77,37428.28,465150.04,0.649,26.66,N,86.45,75.59,8.52,6.29,Y,SHOP-100,80.11,1.213,0.852,3.075,CPI_Rural
2017,DRG796,206409.09,127881.85,78527.24,304323.75,0.722,33.4,N,59.38,70.46,7.68,6.05,N,SHOP-973,74.32,1.041,2.043,2.077,CPI_Rural
2017,DRG623,221279.38,177688.89,43590.49,321527.68,0.489,21.13,N,3.06,95.55,17.61,19.87,N,SHOP-172,41.78,0.901,1.667,5.579,WPI
2023,DRG765,47624.28,33588.53,14035.75,60005.74,0.226,22.05,N,21.03,87.95,6.08,10.71,N,SHOP-241,45.22,1.205,1.232,0.026,CPI_Rural
2016,DRG119,139289.43,120674.54,18614.89,313144.64,1.137,13.14,N,27.14,95.64,9.0,0.8,N,SHOP-966,5.75,1.189,1.891,3.043,WPI
2016,DRG220,172737.81,143727.67,29010.14,423886.33,1.096,29.85,Y,85.2,38.6,17.82,18.89,Y,SHOP-443,47.16,1.384,1.303,7.901,GDP_Deflator
2022,DRG902,119765.89,88896.48,30869.41,254210.84,1.144,10.39,N,69.02,72.25,19.08,24.84,Y,SHOP-350,61.51,0.801,1.651,0.594,CPI_Rural
2022,DRG596,189273.67,168344.41,20929.26,286372.14,0.546,17.9,Y,1.39,91.14,10.25,11.64,Y,SHOP-764,59.88,1.033,1.79,7.767,CPI_Rural
2024,DRG165,37306.43,23353.79,13952.64,64414.58,0.66,19.3,N,23.56,45.93,18.45,4.61,N,SHOP-350,72.81,0.651,1.987,2.35,CPI_Rural
2025,DRG061,131590.47,123464.97,8125.5,303977.9,0.561,8.3,N,69.36,94.94,9.06,17.39,Y,SHOP-140,0.69,1.154,1.88,0.832,WPI
2020,DRG251,173118.8,130688.9,42429.9,473514.83,0.905,21.71,Y,88.32,67.44,10.64,12.51,Y,SHOP-889,14.17,1.129,0.848,4.242,WPI
2020,DRG576,25520.62,23347.05,2173.57,42606.19,0.786,32.32,N,38.4,98.42,4.17,7.39,Y,SHOP-178,63.75,1.031,1.117,7.666,GDP_Deflator
2020,DRG334,69207.62,52465.97,16741.65,148095.02,0.933,22.52,Y,72.41,71.79,7.61,5.55,Y,SHOP-794,19.47,0.97,1.89,3.633,CPI_Urban
2024,DRG899,224152.76,139121.96,85030.8,472198.78,0.836,23.12,Y,39.26,88.26,3.2,3.13,Y,SHOP-910,60.17,1.235,1.223,1.408,CPI_Urban
2020,DRG416,26413.68,24365.8,2047.88,38593.79,0.341,23.89,N,89.46,89.64,8.64,5.64,Y,SHOP-674,32.0,0.525,1.354,4.828,CPI_Urban
2021,DRG811,204497.73,175076.08,29421.65,485765.4,1.089,33.24,N,19.69,91.22,9.32,1.05,N,SHOP-358,82.77,0.978,1.744,2.807,CPI_Urban
2017,DRG546,160497.89,140092.05,20405.84,405257.25,0.371,6.25,N,64.72,65.17,10.55,12.49,Y,SHOP-113,42.51,1.179,1.361,3.641,GDP_Deflator
2017,DRG950,37942.06,22953.5,14988.56,66391.7,0.48,32.2,Y,45.04,81.56,0.27,23.9,N,SHOP-790,54.1,1.156,0.807,6.275,CPI_Rural
2019,DRG901,217365.63,147465.48,69900.15,305003.65,0.923,27.03,Y,48.11,56.24,12.81,13.05,N,SHOP-824,96.5,0.652,1.891,3.139,CPI_Rural
2021,DRG633,44475.88,40020.84,4455.04,61098.78,0.209,7.91,Y,61.82,80.08,16.76,1.26,N,SHOP-514,7.72,1.49,1.651,3.545,GDP_Deflator
2018,DRG476,15769.52,10477.56,5291.96,22058.6,1.136,21.06,Y,84.51,93.62,13.82,12.75,Y,SHOP-371,96.4,1.372,2.045,6.101,CPI_Urban
2017,DRG472,217147.41,176173.86,40973.55,230282.37,1.161,8.28,N,9.95,98.99,5.73,4.29,Y,SHOP-139,45.91,1.179,1.504,1.531,CPI_Urban
2017,DRG267,239562.68,198759.98,40802.7,451146.83,0.584,34.36,N,88.41,43.63,16.08,2.15,N,SHOP-788,52.68,1.482,2.152,0.988,CPI_Rural
2021,DRG447,214842.42,205439.47,9402.95,237728.72,0.882,19.64,Y,54.69,36.66,10.52,24.75,Y,SHOP-924,49.94,1.14,1.02,3.87,CPI_Urban
2022,DRG135,93007.31,56499.87,36507.44,192990.44,0.661,2.25,N,30.79,92.41,2.2,19.13,N,SHOP-477,92.34,0.703,1.734,4.686,WPI
2022,DRG260,48285.53,44399.29,3886.24,125439.18,0.201,31.59,N,65.37,35.33,2.55,9.83,Y,SHOP-155,75.15,0.807,1.186,5.895,GDP_Deflator
2019,DRG910,144821.11,113353.72,31467.39,375281.89,0.502,17.11,N,72.85,72.51,15.74,14.56,Y,SHOP-183,75.53,0.722,1.036,2.672,GDP_Deflator
2022,DRG110,247218.18,151464.45,95753.73,424878.02,0.335,13.25,N,68.75,71.91,8.45,23.15,N,SHOP-943,95.96,0.654,1.107,3.954,GDP_Deflator
2018,DRG294,96463.04,59980.53,36482.51,269974.45,0.258,18.19,N,71.56,44.65,17.88,11.83,N,SHOP-185,31.0,0.922,2.047,1.09,GDP_Deflator
2022,DRG049,42793.4,30205.79,12587.61,89391.55,0.277,27.23,Y,26.41,75.28,4.59,17.34,N,SHOP-433,0.28,1.42,0.863,6.94,GDP_Deflator
2018,DRG108,41813.82,36756.34,5057.48,57528.46,0.212,24.7,Y,38.65,40.62,0.13,16.27,N,SHOP-413,68.19,0.57,1.667,1.782,CPI_Rural
2016,DRG423,29714.83,21380.46,8334.37,81003.39,0.439,21.44,N,44.01,74.2,18.26,9.13,Y,SHOP-915,20.51,0.833,1.661,7.804,CPI_Urban
2020,DRG365,26003.55,17974.87,8028.68,31088.39,1.194,28.31,N,9.71,72.71,6.57,5.5,N,SHOP-802,42.87,0.966,1.387,0.748,CPI_Rural
2025,DRG104,40369.84,35676.46,4693.38,69438.97,0.557,20.5,N,81.35,43.65,1.07,14.43,Y,SHOP-462,9.95,0.746,1.611,4.074,GDP_Deflator
2018,DRG687,177110.78,147566.96,29543.82,208686.01,0.588,1.33,N,85.91,37.7,11.97,19.07,Y,SHOP-544,69.24,1.354,1.739,0.329,WPI
2020,DRG460,170324.17,126232.38,44091.79,399711.85,0.477,27.4,Y,15.6,83.81,12.89,23.65,Y,SHOP-320,36.37,0.718,2.094,4.964,CPI_Rural
2020,DRG260,37046.02,31657.25,5388.77,68781.84,0.555,0.25,N,3.51,63.96,8.28,17.02,Y,SHOP-615,66.5,0.788,1.329,4.31,WPI
2023,DRG724,55364.56,34992.72,20371.84,148116.05,0.17,9.58,Y,17.53,94.45,2.6,1.28,Y,SHOP-466,54.03,1.447,1.178,7.937,GDP_Deflator
2018,DRG127,169482.76,115979.3,53503.46,342226.45,0.71,13.0,N,85.46,52.46,3.6,0.53,N,SHOP-198,75.16,1.401,1.523,5.397,CPI_Urban
2017,DRG769,142822.12,129722.55,13099.57,355108.95,0.829,0.18,Y,27.24,97.55,7.15,1.5,N,SHOP-365,5.92,0.578,1.611,2.998,WPI
2022,DRG507,62383.14,45463.87,16919.27,88872.17,0.654,26.61,N,34.71,90.16,6.61,2.22,Y,SHOP-107,52.62,1.045,2.162,4.227,CPI_Rural
2019,DRG315,2347.25,1540.18,807.07,3603.52,0.284,2.04,Y,12.07,94.42,5.06,19.77,Y,SHOP-434,55.8,0.578,1.3,5.568,CPI_Urban
2017,DRG237,110610.64,89918.16,20692.48,276539.13,0.686,12.82,Y,20.22,73.42,5.51,18.13,N,SHOP-882,80.6,1.133,2.103,0.486,CPI_Rural
2025,DRG145,149630.35,99229.32,50401.03,241780.79,0.62,9.87,N,64.96,79.71,15.8,4.86,Y,SHOP-496,40.9,1.0,1.853,4.441,CPI_Urban
2019,DRG778,73080.13,63072.87,10007.26,103260.51,1.175,21.44,Y,61.41,65.14,19.31,22.24,N,SHOP-234,20.69,0.708,1.776,5.409,CPI_Rural
2021,DRG835,72688.6,58971.47,13717.13,178629.97,0.553,8.01,N,32.28,97.02,19.28,12.34,Y,SHOP-230,3.3,0.714,1.199,2.57,GDP_Deflator
2025,DRG354,120031.8,98176.42,21855.38,197065.27,0.224,14.92,Y,58.46,73.52,8.68,1.54,N,SHOP-293,33.94,1.424,0.846,2.041,CPI_Rural
2016,DRG503,233120.58,130764.62,102355.96,623487.68,1.046,22.66,N,14.66,93.05,2.92,11.02,Y,SHOP-385,53.72,1.48,1.443,7.871,CPI_Rural
2019,DRG896,96468.68,64905.3,31563.38,131486.34,0.393,27.75,N,7.39,56.47,2.82,7.41,N,SHOP-324,47.99,0.884,1.857,7.072,GDP_Deflator
2025,DRG653,78225.95,74859.79,3366.16,203514.81,0.283,29.04,Y,40.6,38.34,2.9,13.61,N,SHOP-620,54.07,1.291,1.086,4.934,CPI_Rural
2025,DRG391,100722.54,84150.74,16571.8,179183.37,0.161,2.65,Y,27.63,75.08,0.05,12.96,Y,SHOP-346,9.06,0.645,2.023,2.27,CPI_Urban
2018,DRG392,10072.91,6200.63,3872.28,11012.52,0.82,20.88,Y,87.36,53.26,12.13,16.9,Y,SHOP-947,10.25,0.897,1.583,4.285,GDP_Deflator
2019,DRG832,192896.75,187002.39,5894.36,308683.15,0.174,13.82,Y,3.02,64.9,11.04,17.33,N,SHOP-183,35.58,1.415,1.81,6.346,CPI_Urban
2021,DRG898,60149.56,43450.75,16698.81,129485.06,0.897,9.91,N,34.96,72.43,3.18,2.86,N,SHOP-208,80.89,0.94,0.892,4.764,WPI
2016,DRG110,118951.42,66158.21,52793.21,295018.21,1.036,10.15,Y,88.62,67.48,18.74,21.78,N,SHOP-652,31.27,0.616,2.182,7.688,GDP_Deflator
2020,DRG452,194644.51,121443.07,73201.44,232873.99,0.337,15.23,N,23.11,70.76,17.02,18.82,N,SHOP-635,99.26,1.061,1.324,1.749,CPI_Urban
2020,DRG336,102819.98,80830.32,21989.66,121854.15,0.398,32.63,N,65.96,74.6,3.26,21.42,N,SHOP-853,37.99,1.378,1.141,5.554,WPI
2023,DRG058,141504.75,131726.77,9777.98,325494.55,0.612,6.18,N,30.09,72.35,1.8,18.1,N,SHOP-989,37.75,0.809,0.854,1.079,CPI_Rural
2023,DRG733,229252.19,137785.42,91466.77,409373.42,1.108,0.61,N,65.07,52.42,5.46,6.15,Y,SHOP-735,9.42,1.026,1.708,1.58,CPI_Rural
2024,DRG290,17930.96,15982.58,1948.38,39312.6,0.578,4.04,Y,13.55,74.36,19.61,20.58,N,SHOP-163,30.57,0.929,1.276,0.096,CPI_Rural
2016,DRG409,110327.54,75308.74,35018.8,161886.02,0.792,34.37,N,6.48,40.37,6.54,0.7,Y,SHOP-253,82.06,1.304,1.494,5.298,CPI_Urban
2020,DRG142,43704.52,28513.1,15191.42,113251.49,1.154,25.81,N,62.14,51.21,0.62,22.37,N,SHOP-225,59.04,1.408,1.593,1.805,GDP_Deflator
2025,DRG804,113029.68,103313.83,9715.85,281321.7,0.828,18.37,N,68.4,35.32,18.39,13.35,N,SHOP-108,80.11,0.562,2.152,1.174,CPI_Rural
2023,DRG042,81077.86,63643.75,17434.11,98165.64,1.099,10.54,Y,27.97,97.17,4.84,0.54,N,SHOP-547,64.05,1.045,1.798,4.312,GDP_Deflator
2023,DRG008,233755.86,182321.06,51434.8,511716.45,0.92,20.22,Y,80.97,83.62,6.37,4.28,Y,SHOP-100,26.35,0.619,1.87,2.829,WPI
2017,DRG115,12431.84,12036.62,395.22,23263.5,0.334,3.5,Y,66.88,72.17,18.61,24.73,Y,SHOP-929,28.93,1.447,2.16,2.884,WPI
2024,DRG909,164848.76,126439.83,38408.93,210711.47,1.098,11.71,Y,53.6,50.0,3.82,0.08,Y,SHOP-433,58.87,1.321,2.033,4.846,GDP_Deflator
2021,DRG257,219261.74,175311.75,43949.99,375257.15,1.038,33.29,Y,65.56,41.15,9.58,9.58,N,SHOP-930,97.34,1.286,1.514,4.588,WPI
2020,DRG308,215391.32,156226.98,59164.34,583759.63,0.976,23.06,N,64.01,76.53,15.32,18.32,N,SHOP-498,21.38,0.523,1.777,2.379,WPI
2018,DRG242,109817.73,104212.47,5605.26,212964.24,1.187,6.38,N,71.18,47.25,15.71,6.42,Y,SHOP-501,80.76,0.951,2.142,2.828,CPI_Urban
2025,DRG724,214170.34,124068.28,90102.06,427379.12,0.606,14.37,Y,13.02,84.06,13.62,13.34,Y,SHOP-529,57.38,1.465,1.123,0.999,CPI_Rural
2020,DRG163,170792.36,111836.13,58956.23,181030.2,1.111,34.86,N,27.78,82.38,6.32,1.58,N,SHOP-253,81.86,0.56,1.439,3.632,CPI_Rural
2023,DRG876,25483.02,15096.47,10386.55,51518.32,0.815,28.26,N,30.79,72.96,3.51,20.65,Y,SHOP-863,89.02,1.354,0.839,7.298,GDP_Deflator
2025,DRG776,117029.39,111411.86,5617.53,211948.33,0.28,10.05,Y,80.5,66.96,12.47,17.46,N,SHOP-544,92.9,1.43,1.216,7.052,CPI_Rural
2016,DRG859,246454.5,215759.43,30695.07,296722.89,0.331,12.96,N,73.73,64.86,6.72,24.2,N,SHOP-415,23.33,0.832,1.893,6.748,CPI_Rural
2020,DRG506,9021.14,7031.85,1989.29,13925.0,0.444,6.13,N,62.52,86.81,4.0,10.19,Y,SHOP-670,51.71,0.539,1.76,7.986,GDP_Deflator
2025,DRG940,26208.03,16143.75,10064.28,28410.61,1.115,11.49,N,11.83,71.85,19.83,23.43,N,SHOP-294,67.46,0.568,1.83,6.432,GDP_Deflator
2023,DRG825,148825.45,88913.31,59912.14,255575.93,0.445,14.37,N,65.81,56.58,16.19,12.1,N,SHOP-228,48.35,1.067,1.793,3.184,GDP_Deflator
2019,DRG053,154206.03,136688.62,17517.41,246597.19,0.396,1.02,N,85.78,42.43,6.62,3.04,Y,SHOP-701,19.28,1.032,1.784,0.104,CPI_Urban
2024,DRG320,233072.91,208286.98,24785.93,465632.61,0.974,3.15,N,22.8,36.5,11.24,7.83,N,SHOP-278,41.85,1.494,1.389,3.272,CPI_Rural
2020,DRG721,226685.71,154534.27,72151.44,291948.07,1.091,30.01,N,18.05,47.63,16.5,3.91,Y,SHOP-541,36.59,0.77,1.364,7.039,CPI_Urban
2022,DRG235,155676.87,152560.28,3116.59,322592.84,0.648,30.06,Y,41.79,48.21,16.31,18.12,Y,SHOP-202,29.18,0.645,1.147,4.88,GDP_Deflator
2016,DRG717,123103.31,86388.48,36714.83,174066.08,0.672,21.14,Y,59.18,87.08,4.41,4.82,Y,SHOP-116,93.59,0.987,2.019,5.882,CPI_Urban
2022,DRG462,192551.75,185360.87,7190.88,436210.71,0.777,12.42,Y,33.09,78.82,9.82,20.76,N,SHOP-692,65.19,0.509,1.108,6.322,GDP_Deflator
2023,DRG219,207057.09,116014.11,91042.98,559442.38,0.305,20.81,N,57.83,47.12,10.2,19.15,Y,SHOP-648,92.41,1.293,1.006,1.123,WPI
2025,DRG182,208302.32,194932.72,13369.6,267566.68,1.012,15.88,Y,5.17,59.28,19.71,16.67,Y,SHOP-457,57.81,0.585,1.062,7.035,GDP_Deflator
2022,DRG068,226211.72,215808.97,10402.75,627856.42,0.216,16.54,Y,15.18,41.65,1.85,17.98,Y,SHOP-267,74.33,0.987,1.122,2.807,WPI
2025,DRG320,168734.81,124782.3,43952.51,383275.46,0.436,30.27,Y,39.02,85.86,15.99,0.7,Y,SHOP-163,11.43,1.362,1.744,4.564,CPI_Urban
2020,DRG008,21436.21,19183.78,2252.43,36310.77,0.437,5.69,Y,5.01,93.44,6.93,8.61,Y,SHOP-587,51.38,1.424,1.275,0.388,CPI_Rural
2018,DRG395,140508.46,82231.85,58276.61,199993.77,1.118,34.23,Y,57.75,81.62,8.26,23.65,Y,SHOP-466,80.8,0.956,1.529,3.137,GDP_Deflator
2021,DRG007,125468.43,114568.9,10899.53,283045.41,0.669,17.51,N,13.41,40.37,18.74,19.93,N,SHOP-618,3.5,0.57,1.506,7.372,GDP_Deflator
2025,DRG612,24613.86,22627.24,1986.62,66942.14,1.159,6.27,N,37.98,61.04,19.12,3.7,Y,SHOP-855,59.41,0.522,1.592,1.359,WPI
2023,DRG956,64947.79,41265.2,23682.59,127171.06,0.735,4.98,N,73.26,73.04,8.97,18.67,N,SHOP-164,11.94,1.428,1.706,0.778,CPI_Rural
2024,DRG040,51025.34,49602.95,1422.39,137254.98,0.805,34.55,Y,14.95,64.25,7.46,12.81,N,SHOP-294,91.95,1.219,0.853,7.49,GDP_Deflator
2020,DRG168,206696.91,199261.24,7435.67,362733.72,0.476,2.32,N,0.98,84.8,17.15,20.06,Y,SHOP-379,7.48,1.247,1.308,4.736,GDP_Deflator
2024,DRG845,245963.91,198436.73,47527.18,313364.94,0.897,10.71,N,24.79,43.91,13.8,18.7,Y,SHOP-389,48.73,1.01,1.741,7.824,WPI
2024,DRG411,109238.61,69716.42,39522.19,238357.18,0.284,2.01,Y,46.25,50.2,14.91,8.65,N,SHOP-187,51.92,0.728,0.869,4.749,CPI_Urban
2018,DRG044,57085.67,47436.02,9649.65,89003.07,0.508,12.74,N,36.78,97.67,17.8,7.07,Y,SHOP-560,94.43,1.174,1.13,7.559,CPI_Rural
2024,DRG997,237038.09,226813.52,10224.57,581619.85,0.281,29.91,Y,26.1,75.94,9.77,22.64,Y,SHOP-361,85.86,0.861,1.277,3.47,CPI_Urban
2024,DRG066,108710.21,88001.95,20708.26,292557.74,0.267,28.97,Y,78.47,51.54,17.54,14.91,N,SHOP-467,50.61,1.339,0.921,4.188,CPI_Rural
2023,DRG987,248561.65,225277.67,23283.98,580809.56,1.088,5.52,Y,34.33,64.85,4.75,10.9,N,SHOP-427,32.65,0.901,1.702,0.997,WPI
2017,DRG637,50467.15,45400.47,5066.68,74034.74,0.795,31.22,Y,24.73,69.95,12.93,3.84,Y,SHOP-523,67.36,1.049,1.458,4.368,CPI_Rural
2016,DRG979,152134.58,138099.1,14035.48,303042.67,0.224,23.36,N,67.2,89.44,14.87,13.84,Y,SHOP-967,19.02,1.438,1.518,3.027,CPI_Rural
2024,DRG530,156184.53,102420.88,53763.65,360394.23,0.976,10.98,Y,20.53,97.75,6.37,16.81,N,SHOP-143,88.67,1.057,1.497,2.688,GDP_Deflator
2019,DRG513,210763.24,184421.81,26341.43,336408.9,0.538,26.31,N,77.29,52.63,4.39,2.76,Y,SHOP-728,71.8,1.026,1.477,1.611,CPI_Rural
2022,DRG283,112288.64,78267.73,34020.91,188463.43,0.896,24.37,Y,26.46,40.45,8.12,6.86,N,SHOP-346,63.07,1.295,1.06,2.948,CPI_Rural
2022,DRG440,183205.56,114213.7,68991.86,212570.94,1.187,11.18,N,50.08,79.58,13.18,18.42,Y,SHOP-338,57.4,0.533,1.888,6.732,WPI
2017,DRG654,169097.9,103394.82,65703.08,366436.41,0.326,30.78,N,53.7,95.21,3.4,14.59,N,SHOP-280,79.17,1.262,1.575,7.007,GDP_Deflator
2019,DRG535,200904.57,174526.03,26378.54,237489.65,0.493,3.59,Y,45.97,41.41,19.87,10.16,N,SHOP-687,44.29,1.478,1.905,6.007,CPI_Rural
2019,DRG090,54847.52,48890.41,5957.11,130903.75,1.146,29.67,N,0.89,90.82,18.81,19.35,N,SHOP-304,13.22,0.597,1.921,6.245,CPI_Rural
2017,DRG620,228459.77,149040.49,79419.28,515763.69,0.263,17.45,N,10.23,38.82,17.31,6.23,Y,SHOP-550,90.27,0.553,1.752,4.278,WPI
2016,DRG796,11177.74,7806.76,3370.98,21170.99,0.369,28.15,N,80.06,85.52,9.44,16.1,N,SHOP-581,43.61,0.623,1.318,0.653,GDP_Deflator
2021,DRG945,151571.28,92655.59,58915.69,358985.44,0.345,24.04,N,83.18,56.31,10.22,16.77,N,SHOP-459,32.31,0.527,2.133,5.795,CPI_Rural
2022,DRG961,95262.32,76632.3,18630.02,190076.53,1.145,14.36,Y,68.77,64.07,8.75,23.66,Y,SHOP-342,77.88,0.67,1.601,6.202,CPI_Rural
2020,DRG546,59906.76,54034.46,5872.3,132142.06,0.913,0.0,Y,47.49,83.04,5.36,0.71,Y,SHOP-211,56.91,0.562,1.863,2.042,CPI_Rural
2024,DRG712,171686.51,158222.04,13464.47,437014.05,0.271,3.78,N,14.68,80.61,17.45,20.92,N,SHOP-556,35.1,0.57,1.189,1.992,CPI_Rural
2018,DRG219,159816.74,128465.21,31351.53,279992.96,1.155,22.64,Y,50.97,76.51,1.96,16.46,N,SHOP-989,1.54,1.326,2.124,4.859,CPI_Urban
2019,DRG900,85807.53,68781.21,17026.32,150959.01,0.464,22.13,N,68.42,58.91,5.74,13.89,Y,SHOP-679,11.75,0.779,0.939,4.721,GDP_Deflator
2025,DRG117,224039.94,183319.7,40720.24,438138.02,0.385,12.19,Y,0.17,72.76,6.23,7.54,Y,SHOP-952,42.09,1.387,2.157,2.942,CPI_Urban
2016,DRG485,29127.34,16304.04,12823.3,47173.62,0.716,10.18,N,34.54,93.98,8.14,15.36,N,SHOP-146,47.33,0.876,1.563,7.352,CPI_Rural
2023,DRG564,86028.72,75481.81,10546.91,210001.02,0.318,29.95,Y,79.15,56.13,2.13,3.65,N,SHOP-119,1.33,0.527,1.649,6.554,CPI_Urban
2018,DRG848,234675.35,146052.6,88622.75,316548.99,0.99,12.51,Y,8.56,71.35,0.83,23.27,N,SHOP-731,94.36,0.553,2.193,6.491,CPI_Urban
2016,DRG508,154418.04,121528.33,32889.71,392114.79,0.287,2.0,N,12.86,50.38,14.88,2.85,Y,SHOP-995,72.82,1.492,1.601,0.141,WPI
2017,DRG157,62554.77,57306.36,5248.41,71680.24,0.709,3.07,Y,84.11,69.06,2.42,19.4,N,SHOP-735,76.91,0.869,1.207,7.811,WPI
2023,DRG063,139449.76,80954.79,58494.97,266348.54,0.555,30.54,N,15.12,65.13,4.84,10.56,Y,SHOP-103,42.99,0.777,1.574,5.708,CPI_Urban
2021,DRG514,149082.97,120117.26,28965.71,326237.33,0.65,18.58,Y,44.41,71.7,0.35,11.15,N,SHOP-674,80.9,0.705,1.379,2.402,GDP_Deflator
2022,DRG289,134733.32,76129.34,58603.98,216926.24,0.654,11.65,N,66.69,50.54,18.95,9.35,N,SHOP-537,78.44,0.894,2.004,1.991,CPI_Urban
2019,DRG159,12335.42,9828.35,2507.07,19471.01,1.198,3.25,Y,63.33,54.13,9.91,0.07,Y,SHOP-949,75.55,0.635,1.785,0.959,CPI_Urban
2025,DRG391,217830.35,121376.63,96453.72,579875.22,0.481,0.09,N,57.88,45.82,17.45,23.08,N,SHOP-421,2.65,0.851,1.711,1.751,CPI_Rural
2019,DRG726,32387.22,22828.69,9558.53,75980.43,0.895,30.51,Y,56.48,90.05,1.25,19.72,N,SHOP-815,36.45,1.458,1.735,1.393,WPI
2020,DRG202,229335.07,219061.04,10274.03,467022.72,0.313,20.97,N,33.37,78.66,1.8,1.24,N,SHOP-568,47.9,1.307,0.89,1.494,CPI_Rural
2023,DRG788,238004.85,219574.95,18429.9,565846.66,0.834,11.52,Y,0.96,47.78,8.14,15.62,N,SHOP-470,68.03,0.925,2.074,7.028,GDP_Deflator
2016,DRG444,18728.97,17651.62,1077.35,35754.65,0.345,8.59,N,74.76,81.59,10.9,15.5,Y,SHOP-670,36.06,0.662,1.235,3.054,CPI_Urban
2023,DRG683,9138.8,6582.89,2555.91,24201.99,0.272,15.81,N,48.92,64.07,2.48,16.14,N,SHOP-450,1.51,1.256,1.69,4.23,CPI_Urban
2024,DRG049,44819.25,38127.2,6692.05,122263.9,0.589,25.58,Y,88.4,91.28,10.31,21.0,N,SHOP-245,20.78,1.095,1.499,5.56,WPI
2017,DRG298,150519.98,138476.78,12043.2,309738.05,0.714,2.56,Y,1.73,68.09,17.28,4.63,N,SHOP-126,30.98,0.788,1.838,1.226,CPI_Rural
2022,DRG968,29946.01,21620.77,8325.24,34957.85,1.085,22.38,N,87.12,67.06,6.68,4.63,N,SHOP-615,78.98,0.558,0.816,0.273,CPI_Rural
2025,DRG382,51855.49,37077.08,14778.41,60300.43,0.646,13.9,Y,61.48,63.34,13.7,14.13,N,SHOP-577,91.55,0.746,2.006,7.389,CPI_Urban
2020,DRG106,248616.85,178900.76,69716.09,321859.42,0.459,15.35,Y,47.48,40.45,16.24,20.82,Y,SHOP-880,42.58,1.104,2.136,1.81,GDP_Deflator
2020,DRG593,194871.27,119356.12,75515.15,221213.65,0.259,9.97,Y,4.29,87.31,4.99,3.66,Y,SHOP-445,19.05,0.935,0.991,3.818,CPI_Rural
2017,DRG325,131377.6,89714.26,41663.34,332174.53,0.904,24.11,N,3.67,77.62,1.56,4.01,N,SHOP-850,92.04,1.24,0.877,7.825,WPI
2020,DRG207,233758.86,129646.02,104112.84,290121.13,0.821,5.39,Y,20.61,97.14,13.47,11.02,Y,SHOP-918,14.19,0.828,1.587,4.287,GDP_Deflator
2016,DRG440,108615.89,65524.05,43091.84,226130.47,0.465,16.35,N,89.03,90.52,16.25,3.89,Y,SHOP-576,2.76,1.454,2.101,3.704,GDP_Deflator
2025,DRG656,15695.18,11496.16,4199.02,21492.72,0.955,11.8,Y,53.54,92.17,11.09,1.76,Y,SHOP-748,0.48,0.791,2.107,0.08,CPI_Urban
2023,DRG971,6131.86,4537.48,1594.38,9777.89,0.362,30.11,N,1.53,65.1,10.97,5.73,Y,SHOP-797,85.99,0.68,2.103,3.169,WPI
2016,DRG107,2976.76,2787.51,189.25,4559.72,0.558,5.58,Y,6.56,59.67,18.45,18.06,N,SHOP-836,63.31,1.301,1.226,3.959,CPI_Urban
2016,DRG567,225801.46,151066.19,74735.27,452684.66,0.162,22.66,N,63.04,87.45,17.44,16.99,N,SHOP-311,3.1,1.348,0.891,0.693,WPI
2022,DRG056,155216.07,94875.96,60340.11,229972.8,1.191,3.62,N,48.58,71.54,14.25,6.04,Y,SHOP-201,45.63,1.433,1.114,2.683,GDP_Deflator
2018,DRG223,244587.1,169230.6,75356.5,431596.84,0.542,30.05,N,32.48,72.39,2.53,15.15,N,SHOP-614,48.04,0.53,2.102,2.977,WPI
2022,DRG867,178414.7,101702.48,76712.22,300051.9,0.564,6.05,N,16.3,61.74,1.66,8.53,Y,SHOP-801,92.7,1.451,1.039,6.642,GDP_Deflator
2025,DRG817,101516.88,58207.45,43309.43,128891.45,0.909,1.9,N,79.21,44.26,11.88,11.17,N,SHOP-873,33.14,1.186,1.656,6.142,WPI
2023,DRG203,31598.34,22523.3,9075.04,77636.03,0.369,23.18,Y,36.32,91.76,8.88,9.59,N,SHOP-229,12.19,0.679,1.972,5.17,CPI_Urban
2020,DRG389,66408.91,39470.01,26938.9,157362.47,1.12,20.65,Y,63.99,42.2,3.55,23.61,N,SHOP-574,26.59,0.645,1.711,6.302,GDP_Deflator
2017,DRG670,80081.44,64025.38,16056.06,135946.38,1.057,30.45,N,26.26,85.19,11.53,8.38,N,SHOP-551,55.5,1.176,1.099,7.427,CPI_Rural
2025,DRG800,173124.49,157074.91,16049.58,271220.55,0.326,30.41,Y,89.44,95.4,5.75,0.61,N,SHOP-381,22.45,0.906,1.297,3.63,CPI_Urban
2016,DRG167,75135.11,44831.75,30303.36,138118.53,0.447,11.22,N,68.53,51.48,12.37,9.03,Y,SHOP-956,29.0,0.582,1.872,5.537,CPI_Rural
2023,DRG442,242019.25,135399.41,106619.84,417683.43,0.602,23.28,N,16.06,75.35,12.73,19.74,N,SHOP-426,34.66,0.739,2.03,4.433,GDP_Deflator
2016,DRG584,53594.34,39071.95,14522.39,76434.99,1.047,34.37,Y,78.47,82.28,19.41,17.98,N,SHOP-570,19.44,1.198,1.484,6.638,WPI
2022,DRG686,47968.05,41089.46,6878.59,58034.25,1.183,29.15,Y,47.79,73.13,10.01,17.28,Y,SHOP-968,65.77,1.424,0.917,0.765,CPI_Rural
2024,DRG414,214256.56,186856.28,27400.28,375814.52,0.901,14.43,Y,0.48,36.88,19.76,1.6,Y,SHOP-236,91.17,0.698,1.317,7.576,GDP_Deflator
2020,DRG177,110007.34,104974.58,5032.76,244708.56,0.61,17.72,Y,27.91,52.72,6.88,1.47,Y,SHOP-135,95.25,1.41,2.177,2.124,CPI_Rural
2016,DRG781,206981.19,178750.2,28230.99,511717.47,0.16,18.64,N,7.26,74.49,14.79,15.64,Y,SHOP-647,36.6,0.759,1.562,2.318,CPI_Urban
2017,DRG047,101155.01,61853.92,39301.09,281094.19,0.869,22.84,N,61.57,40.93,11.49,12.28,N,SHOP-325,80.53,0.796,0.904,3.557,CPI_Rural
2019,DRG778,39850.4,36905.91,2944.49,105434.95,1.093,28.92,N,82.32,51.7,11.06,6.98,Y,SHOP-288,97.73,1.123,2.117,7.736,GDP_Deflator
2025,DRG444,27641.16,22872.49,4768.67,63050.5,1.096,2.11,Y,3.61,84.59,0.05,9.95,N,SHOP-130,84.92,0.601,1.608,3.786,WPI
2018,DRG949,86974.0,63247.6,23726.4,174441.33,0.648,17.47,Y,37.54,58.34,11.25,1.5,Y,SHOP-440,32.52,1.345,1.458,1.491,WPI
2016,DRG203,136376.32,119278.25,17098.07,179577.63,1.194,29.14,Y,83.83,44.84,14.11,16.59,Y,SHOP-532,99.4,1.313,1.368,1.472,GDP_Deflator
2020,DRG639,151463.44,98468.51,52994.93,206856.73,0.642,23.36,Y,18.27,71.38,16.93,15.3,Y,SHOP-792,26.73,1.009,1.377,2.229,GDP_Deflator
2019,DRG397,32073.24,30132.01,1941.23,44504.24,1.145,24.49,Y,44.58,83.64,3.25,14.65,N,SHOP-951,91.91,1.223,0.965,6.107,GDP_Deflator
2023,DRG416,67279.38,58582.83,8696.55,115135.35,0.253,10.75,Y,41.06,67.62,15.46,11.43,Y,SHOP-512,73.52,1.288,0.965,7.253,WPI
2018,DRG310,234657.95,186944.32,47713.63,494819.41,1.185,14.44,Y,69.48,83.4,16.75,12.04,Y,SHOP-155,30.57,0.547,2.117,1.269,CPI_Rural
2018,DRG698,192615.97,126822.29,65793.68,480613.12,0.938,2.72,Y,4.5,48.96,7.75,20.48,Y,SHOP-430,72.73,0.85,1.221,7.821,GDP_Deflator
2020,DRG827,100924.65,86436.87,14487.78,134313.19,0.493,5.64,N,75.12,96.13,0.91,7.6,Y,SHOP-103,86.66,0.589,2.031,5.197,GDP_Deflator
2021,DRG633,224280.23,156460.95,67819.28,269530.75,1.036,11.33,Y,74.09,94.43,5.15,10.63,N,SHOP-210,13.54,1.248,1.314,7.307,GDP_Deflator
2017,DRG746,189218.92,111369.64,77849.28,307664.14,0.357,26.22,Y,84.81,98.12,5.81,20.0,Y,SHOP-621,14.52,1.068,2.137,6.755,WPI
2017,DRG555,238126.51,232822.51,5304.0,411811.56,0.214,22.17,Y,78.52,57.08,5.83,14.21,Y,SHOP-354,98.52,1.027,1.506,1.378,CPI_Rural
2024,DRG551,15273.56,13118.66,2154.9,29487.12,0.747,7.03,Y,5.56,38.4,6.72,6.97,N,SHOP-821,72.37,1.439,1.729,0.314,CPI_Urban
2019,DRG729,6017.66,5869.2,148.46,16443.61,0.525,11.4,N,59.56,93.62,1.13,17.54,Y,SHOP-665,82.95,0.649,1.383,4.689,CPI_Urban
2017,DRG172,165587.58,160665.46,4922.12,269254.57,0.522,0.65,Y,66.75,92.72,18.63,1.97,N,SHOP-272,11.86,0.944,1.314,7.621,WPI
2020,DRG913,220117.32,138548.29,81569.03,587849.28,1.095,9.93,N,74.84,68.77,0.29,16.29,Y,SHOP-114,35.59,0.916,1.581,7.575,CPI_Urban
2016,DRG856,138523.8,104097.8,34426.0,216611.33,1.105,17.05,N,4.03,75.27,3.11,8.47,N,SHOP-501,32.07,1.152,2.019,3.434,GDP_Deflator
2023,DRG275,189403.5,185269.27,4134.23,351663.74,0.948,14.43,Y,87.65,93.73,12.01,19.74,Y,SHOP-386,30.95,0.776,1.244,4.935,WPI
2020,DRG088,74161.06,42058.95,32102.11,146290.81,1.113,23.55,N,52.41,40.07,18.3,7.27,N,SHOP-684,93.22,1.22,1.846,6.896,CPI_Rural
2023,DRG346,217215.68,194921.41,22294.27,461687.4,0.972,24.46,N,37.66,88.38,7.75,9.29,Y,SHOP-229,70.85,0.537,1.753,2.819,WPI
2018,DRG658,37331.67,32900.81,4430.86,39933.61,1.079,10.98,N,6.59,55.58,17.86,8.48,N,SHOP-952,91.78,0.921,1.404,7.563,WPI
2025,DRG309,39960.98,23239.34,16721.64,111385.31,1.108,24.25,Y,40.95,57.5,16.89,18.15,N,SHOP-705,43.82,1.383,0.925,3.058,WPI
2022,DRG639,233389.54,211485.46,21904.08,401361.84,1.124,27.9,Y,36.88,81.79,10.0,17.61,N,SHOP-212,41.96,0.819,1.457,3.363,CPI_Urban
2023,DRG571,248188.52,191275.42,56913.1,564882.76,0.374,0.38,N,70.98,96.67,2.75,7.05,N,SHOP-851,33.16,1.053,0.823,1.47,WPI
2022,DRG021,246609.81,155135.48,91474.33,323091.32,0.489,2.19,Y,2.55,49.58,12.73,4.86,N,SHOP-270,55.58,1.183,1.171,4.277,GDP_Deflator
2024,DRG216,98241.83,79694.88,18546.95,208276.1,0.746,21.03,N,33.69,35.83,14.93,19.9,N,SHOP-254,60.85,0.956,1.154,5.548,GDP_Deflator
2020,DRG468,133875.01,73884.75,59990.26,320166.58,0.646,30.75,Y,6.32,63.45,4.44,24.17,Y,SHOP-815,64.06,0.585,1.727,6.407,GDP_Deflator
2020,DRG713,107333.09,67138.42,40194.67,289596.93,0.751,23.62,Y,3.41,86.44,6.3,20.99,Y,SHOP-101,38.39,1.262,2.026,7.498,CPI_Urban
2025,DRG297,19556.92,14231.06,5325.86,27126.9,1.026,34.58,Y,40.33,77.89,4.46,20.92,N,SHOP-716,62.24,0.936,1.613,6.007,WPI
2018,DRG612,63588.36,37115.0,26473.36,176237.77,0.796,18.19,N,24.1,71.23,0.39,24.2,Y,SHOP-522,35.87,1.469,1.221,5.252,WPI
2020,DRG431,120440.86,88914.27,31526.59,204960.47,0.446,16.41,Y,68.83,93.63,15.08,22.48,N,SHOP-544,96.36,0.653,1.006,6.791,WPI
2020,DRG753,149006.97,119313.32,29693.65,221928.69,0.591,11.65,Y,50.28,51.92,18.12,3.89,N,SHOP-406,16.88,0.719,1.295,0.431,WPI
2022,DRG498,106285.04,68178.64,38106.4,247005.88,0.676,32.45,Y,16.77,90.14,18.13,19.14,Y,SHOP-281,82.27,1.472,1.403,7.313,GDP_Deflator
2020,DRG838,78985.83,69685.59,9300.24,168081.91,1.078,11.9,N,7.33,38.22,11.36,7.68,N,SHOP-460,62.97,1.314,1.266,6.941,CPI_Urban
2024,DRG465,83093.08,80745.47,2347.61,117708.79,0.479,11.14,Y,16.44,94.53,4.69,2.25,Y,SHOP-162,72.96,0.61,2.135,1.077,CPI_Rural
2022,DRG340,90562.53,85288.31,5274.22,165953.68,0.614,11.7,N,58.37,58.91,3.84,7.75,Y,SHOP-817,58.03,0.506,1.065,5.461,CPI_Urban
2021,DRG766,41036.81,33494.58,7542.23,68669.07,0.333,23.3,Y,16.8,57.26,7.1,24.19,N,SHOP-731,69.55,0.822,0.955,0.431,CPI_Rural
2023,DRG199,37364.7,32273.7,5091.0,41788.04,0.674,13.37,N,35.56,77.64,1.86,21.61,N,SHOP-849,74.09,1.268,1.544,4.26,CPI_Urban
2016,DRG555,238224.56,210710.42,27514.14,253666.39,0.384,13.1,N,83.62,91.24,3.85,9.48,Y,SHOP-690,50.37,0.669,0.892,1.957,WPI
2020,DRG218,229278.19,136998.9,92279.29,540281.49,1.199,24.09,N,36.65,57.2,4.68,8.97,Y,SHOP-531,4.32,1.338,1.913,0.577,CPI_Rural
2021,DRG634,112183.74,70891.71,41292.03,226367.41,0.511,5.17,N,51.74,72.34,1.93,14.73,N,SHOP-109,72.96,1.175,1.077,0.815,CPI_Rural
2020,DRG450,228681.09,140071.49,88609.6,402750.47,0.68,1.3,Y,27.98,67.44,18.02,20.53,Y,SHOP-868,90.63,0.829,1.492,4.369,CPI_Rural
2016,DRG446,19925.36,11530.27,8395.09,51878.04,0.363,14.82,N,13.9,77.51,9.8,5.4,N,SHOP-475,45.65,0.745,2.109,4.444,GDP_Deflator
2024,DRG001,171683.55,147043.3,24640.25,297448.24,0.214,3.39,N,74.06,94.98,7.57,19.45,N,SHOP-838,44.68,0.939,1.016,3.477,GDP_Deflator
2024,DRG964,249889.09,235210.51,14678.58,285166.86,0.495,7.46,N,57.84,38.77,4.79,7.56,Y,SHOP-967,62.0,1.098,1.88,2.017,GDP_Deflator
2016,DRG329,75638.85,67566.39,8072.46,168753.01,0.75,32.5,N,19.67,69.41,3.81,17.14,N,SHOP-503,34.74,0.831,1.259,5.305,WPI
2024,DRG832,170231.93,121995.15,48236.78,290976.66,1.106,1.12,N,71.36,37.59,4.99,14.47,Y,SHOP-110,60.69,1.365,0.845,2.306,GDP_Deflator
2024,DRG765,149161.13,128278.04,20883.09,294972.31,0.307,21.19,N,58.12,62.02,19.28,23.24,N,SHOP-782,13.27,0.913,1.654,4.549,CPI_Urban
2017,DRG231,236091.38,157162.29,78929.09,460202.78,0.943,26.38,Y,42.54,67.51,14.18,10.59,N,SHOP-802,3.17,0.823,1.929,5.555,GDP_Deflator
2018,DRG603,215491.43,189456.02,26035.41,294596.99,1.019,9.75,N,8.31,96.17,8.78,9.76,N,SHOP-706,53.26,0.7,1.813,7.02,WPI
2019,DRG603,70263.16,41768.69,28494.47,106244.55,1.051,27.0,N,24.45,95.79,12.36,9.38,N,SHOP-549,31.67,1.146,1.039,5.028,GDP_Deflator
2025,DRG401,223155.87,178047.26,45108.61,374162.91,0.565,0.54,Y,39.92,93.51,8.52,2.61,N,SHOP-534,21.8,1.298,1.756,2.949,WPI
2019,DRG298,184578.99,151232.58,33346.41,370731.32,0.444,24.79,Y,25.83,60.34,0.9,18.54,N,SHOP-594,41.82,0.629,1.168,0.298,GDP_Deflator
2020,DRG191,204662.99,126205.25,78457.74,393068.18,0.319,15.04,Y,72.13,80.4,18.36,15.87,Y,SHOP-633,34.08,0.68,1.708,3.294,GDP_Deflator
2021,DRG223,206144.04,190866.62,15277.42,548213.7,0.2,21.21,Y,75.02,50.9,0.92,18.99,N,SHOP-227,0.74,0.57,1.271,0.211,GDP_Deflator
2019,DRG020,86305.27,71899.52,14405.75,133528.2,0.2,16.82,N,63.55,98.41,14.97,23.64,N,SHOP-580,45.01,0.595,1.025,4.997,CPI_Urban
2016,DRG272,186818.06,180575.41,6242.65,376613.58,0.506,14.11,Y,36.37,81.82,1.63,6.37,N,SHOP-454,36.53,0.883,1.17,5.576,CPI_Urban
2022,DRG330,81142.78,71908.76,9234.02,137498.62,0.348,13.44,N,28.19,96.38,17.09,20.58,Y,SHOP-322,82.68,0.897,1.879,6.163,CPI_Urban
2019,DRG519,226513.69,142309.44,84204.25,526851.74,0.161,26.64,Y,64.97,35.12,5.22,17.19,Y,SHOP-529,55.25,1.443,1.429,7.115,CPI_Rural
2024,DRG433,119226.63,80592.24,38634.39,142183.52,0.22,32.14,N,48.67,82.76,3.16,19.39,Y,SHOP-440,62.1,0.865,1.55,3.798,CPI_Rural
2024,DRG208,75363.44,46372.52,28990.92,169971.44,1.177,5.9,Y,4.18,43.7,10.7,20.15,Y,SHOP-170,14.25,1.178,2.035,7.942,CPI_Urban
2016,DRG952,20495.25,19324.22,1171.03,52172.71,1.063,23.02,N,84.46,75.54,18.17,7.72,Y,SHOP-500,2.51,1.49,1.081,2.147,WPI
2016,DRG970,196291.66,161651.54,34640.12,314888.99,0.208,9.54,N,72.8,91.34,17.32,14.01,Y,SHOP-303,25.61,0.666,1.953,4.881,GDP_Deflator
2024,DRG029,172096.51,124804.22,47292.29,414222.62,1.049,19.19,Y,78.99,86.67,2.21,14.88,N,SHOP-465,35.17,1.223,2.007,4.212,CPI_Rural
2024,DRG095,3869.86,2427.24,1442.62,9565.2,0.768,18.45,N,29.65,73.7,12.63,20.88,N,SHOP-573,58.58,1.5,1.612,6.542,CPI_Rural
2019,DRG154,91948.07,80245.11,11702.96,179684.17,1.096,1.31,N,88.83,63.23,3.01,15.9,Y,SHOP-223,97.38,1.151,1.962,1.978,CPI_Urban
2023,DRG850,221083.89,143318.07,77765.82,618494.09,0.169,18.47,Y,55.15,74.95,8.92,0.13,N,SHOP-583,47.81,0.734,1.851,0.34,CPI_Urban
2024,DRG649,149946.51,95281.57,54664.94,261606.39,0.376,34.69,Y,70.96,85.79,15.76,15.31,Y,SHOP-167,37.48,0.504,0.85,4.356,CPI_Rural
2020,DRG769,17219.39,11253.21,5966.18,46927.34,0.387,14.37,Y,15.9,90.1,7.6,24.0,N,SHOP-426,83.53,1.175,2.185,3.213,WPI
2021,DRG655,74424.99,56912.74,17512.25,207928.97,0.975,14.56,Y,0.92,83.31,11.42,5.26,N,SHOP-305,0.67,1.203,2.042,0.407,CPI_Urban
2017,DRG567,7419.99,6078.29,1341.7,17203.82,0.344,32.63,Y,3.47,54.13,1.79,16.0,N,SHOP-909,51.04,0.508,1.542,1.416,WPI
2024,DRG875,179124.4,145540.65,33583.75,278016.8,1.017,23.59,N,85.51,74.6,5.21,9.82,N,SHOP-672,45.42,0.805,1.735,0.442,CPI_Rural
2016,DRG518,154876.06,138387.23,16488.83,229476.62,0.231,16.18,Y,80.88,75.94,9.28,10.2,Y,SHOP-324,26.72,1.328,1.476,2.388,WPI
2023,DRG158,90968.07,60334.59,30633.48,239220.8,0.264,20.31,Y,22.02,45.94,1.72,2.23,N,SHOP-511,87.65,1.372,1.075,4.121,WPI
2020,DRG174,134521.45,98325.65,36195.8,176490.25,0.893,29.44,Y,54.77,95.67,7.04,0.71,Y,SHOP-123,5.53,1.188,1.389,3.565,CPI_Rural
2024,DRG566,214785.8,197212.44,17573.36,494774.28,0.205,27.48,Y,6.83,75.82,9.86,7.94,N,SHOP-746,65.02,0.808,1.967,1.274,CPI_Rural
2017,DRG497,27883.05,26720.19,1162.86,67871.76,0.445,25.86,Y,25.87,54.82,7.58,8.62,Y,SHOP-243,54.91,0.7,1.962,6.716,GDP_Deflator
2020,DRG637,21031.24,16701.17,4330.07,35815.35,0.512,3.37,Y,49.4,41.0,10.9,11.53,N,SHOP-507,99.08,0.622,2.153,3.045,CPI_Rural
2017,DRG500,235873.61,132323.07,103550.54,307704.35,0.786,9.59,N,62.86,49.94,3.9,23.14,Y,SHOP-482,38.02,0.894,1.322,2.083,CPI_Rural
2022,DRG263,92162.47,67167.59,24994.88,115264.2,0.241,20.43,N,21.72,58.95,8.94,22.1,N,SHOP-358,8.57,0.921,1.491,2.388,CPI_Rural
2023,DRG410,224389.78,128960.47,95429.31,559911.9,0.873,5.15,Y,2.97,45.15,18.13,22.96,N,SHOP-271,50.06,0.667,1.515,6.326,WPI
2024,DRG442,213917.25,163279.08,50638.17,451579.93,0.345,26.38,Y,22.58,46.22,4.06,5.64,Y,SHOP-624,85.0,1.122,1.077,5.756,WPI
2023,DRG342,117388.48,80632.5,36755.98,273317.14,0.667,24.54,N,85.51,73.64,9.15,2.39,Y,SHOP-673,50.02,1.263,2.057,0.407,CPI_Rural
2018,DRG404,79342.29,59446.08,19896.21,135046.8,0.632,18.36,N,49.84,84.18,12.99,15.05,N,SHOP-229,91.54,0.807,1.342,1.049,CPI_Urban
2023,DRG781,242556.8,145224.44,97332.36,638121.57,0.852,7.11,Y,5.87,75.02,14.9,6.77,N,SHOP-447,76.81,1.452,1.546,5.807,CPI_Rural
2020,DRG599,105772.48,73535.87,32236.61,243414.88,0.764,21.49,N,18.39,79.27,18.67,15.91,Y,SHOP-659,54.28,0.726,2.126,5.351,WPI
2024,DRG765,222778.09,213787.03,8991.06,501932.99,0.207,28.15,Y,61.09,73.33,8.86,13.48,Y,SHOP-441,42.83,1.383,1.741,3.971,CPI_Rural
2022,DRG422,239885.97,154782.8,85103.17,430438.18,0.736,29.51,Y,82.28,90.86,2.67,24.96,N,SHOP-403,8.06,0.859,1.009,4.828,GDP_Deflator
2016,DRG851,32059.9,23090.64,8969.26,71596.77,1.177,11.85,Y,75.04,89.61,9.17,14.18,Y,SHOP-368,14.57,0.663,0.922,7.897,CPI_Urban
2025,DRG592,182316.4,150912.85,31403.55,325854.31,0.473,32.41,N,7.09,44.55,13.62,22.15,Y,SHOP-352,18.98,1.1,1.731,1.841,CPI_Rural
2024,DRG361,131589.22,110588.51,21000.71,179324.95,0.59,25.82,Y,13.79,98.75,1.42,13.58,N,SHOP-396,98.82,0.626,1.848,3.622,WPI
2022,DRG989,99861.53,87551.79,12309.74,118374.17,0.999,27.77,Y,26.71,91.89,16.9,4.94,Y,SHOP-733,28.36,1.4,1.893,0.498,CPI_Rural
2024,DRG029,158589.23,112153.33,46435.9,322244.62,1.038,3.73,Y,21.15,39.28,7.53,19.59,Y,SHOP-773,50.72,1.245,2.063,1.142,CPI_Urban
2020,DRG742,173668.36,135142.04,38526.32,223806.75,0.171,18.82,Y,6.39,77.87,19.84,19.8,Y,SHOP-968,97.0,1.204,0.928,5.404,WPI
2016,DRG369,112903.59,68029.69,44873.9,180335.26,0.525,31.35,Y,29.73,94.02,5.4,24.69,Y,SHOP-801,60.75,1.382,1.767,2.831,WPI
2024,DRG358,71363.74,67981.77,3381.97,123702.35,0.408,14.98,Y,13.93,45.55,9.82,2.51,N,SHOP-403,17.33,1.043,2.059,5.958,CPI_Rural
2016,DRG452,219002.66,171607.08,47395.58,419974.51,0.652,32.78,N,75.73,75.82,13.18,18.61,Y,SHOP-422,5.01,1.089,1.458,7.831,GDP_Deflator
2024,DRG536,210795.98,192239.49,18556.49,454148.56,0.688,5.26,Y,11.04,73.23,0.27,12.44,N,SHOP-514,6.87,0.706,1.887,7.733,GDP_Deflator
2022,DRG797,234942.31,175424.86,59517.45,433123.4,0.576,25.22,N,40.55,79.98,19.49,22.56,N,SHOP-675,21.03,1.077,0.96,0.334,CPI_Rural
2017,DRG253,146906.44,86495.12,60411.32,339736.25,0.769,7.1,Y,74.07,76.76,0.26,3.46,Y,SHOP-846,9.43,1.268,0.852,0.362,GDP_Deflator
2019,DRG019,163509.65,158154.98,5354.67,409323.12,0.597,31.34,Y,44.52,50.88,18.71,0.24,N,SHOP-278,61.24,1.317,1.04,1.155,CPI_Rural
2019,DRG730,18525.32,10726.74,7798.58,26355.98,0.521,0.59,N,79.93,66.14,14.74,0.8,N,SHOP-574,53.88,1.415,0.904,6.54,CPI_Urban
2023,DRG180,242677.05,149622.71,93054.34,304052.76,1.138,17.48,N,9.7,58.32,4.12,7.54,N,SHOP-194,87.82,0.508,1.847,7.037,CPI_Rural
2017,DRG281,184986.72,151985.57,33001.15,428627.74,0.392,1.45,N,48.81,58.51,13.07,11.44,N,SHOP-760,37.22,1.179,1.788,4.897,CPI_Rural
2025,DRG401,172325.9,135056.28,37269.62,256881.33,0.396,1.79,N,84.44,57.16,15.98,10.59,N,SHOP-296,0.52,1.314,1.18,2.851,CPI_Rural
2025,DRG795,193009.59,137399.21,55610.38,526810.95,0.207,13.41,Y,43.49,85.95,5.35,23.84,N,SHOP-637,69.93,0.632,1.81,2.599,WPI
2021,DRG712,197407.98,144116.53,53291.45,441280.51,0.807,0.78,Y,84.0,92.83,9.56,4.54,Y,SHOP-675,17.26,1.467,1.547,6.949,GDP_Deflator
2023,DRG857,150315.77,98146.59,52169.18,187705.85,0.819,24.14,Y,31.03,58.53,14.47,9.26,N,SHOP-404,1.18,0.86,2.163,1.108,CPI_Rural
2025,DRG203,47506.16,42530.09,4976.07,80894.48,0.632,28.35,N,17.46,89.97,0.68,23.0,N,SHOP-599,2.39,1.38,0.961,6.588,CPI_Urban
2020,DRG326,118691.61,97553.72,21137.89,167460.08,0.555,4.82,N,4.22,43.1,7.48,5.98,Y,SHOP-757,58.36,1.229,1.114,0.434,GDP_Deflator
2016,DRG861,141377.38,135817.42,5559.96,286925.09,0.469,4.86,N,38.78,84.79,2.6,1.89,N,SHOP-655,6.06,0.8,1.484,2.824,GDP_Deflator
2021,DRG805,11874.25,7165.65,4708.6,17872.72,0.734,3.78,Y,8.26,67.25,10.9,5.43,Y,SHOP-719,79.5,0.867,1.057,0.084,CPI_Rural
2020,DRG535,54045.32,38629.17,15416.15,87476.31,0.742,2.09,Y,67.0,86.13,14.37,23.68,N,SHOP-991,38.29,0.883,0.835,2.217,CPI_Urban
2017,DRG043,203112.51,135584.63,67527.88,535498.92,0.405,20.18,N,86.18,45.84,1.42,3.16,Y,SHOP-269,84.46,1.414,1.025,4.118,WPI
2019,DRG236,220509.67,132368.54,88141.13,381994.4,0.982,14.09,Y,79.41,47.21,11.38,24.94,N,SHOP-997,23.69,1.1,1.706,0.306,CPI_Urban
2025,DRG468,41837.52,36599.0,5238.52,50541.98,0.525,32.4,Y,58.49,53.67,4.65,10.39,Y,SHOP-950,97.31,0.526,2.109,7.795,WPI
2017,DRG741,75824.31,42385.63,33438.68,141734.4,0.627,22.75,Y,28.07,86.51,18.23,18.25,N,SHOP-834,25.57,0.657,2.063,6.367,GDP_Deflator
2019,DRG106,209598.02,157973.86,51624.16,482704.45,0.708,8.16,N,59.97,79.68,5.62,13.82,N,SHOP-340,45.25,1.173,1.293,4.801,WPI
2024,DRG470,181926.23,121414.4,60511.83,374423.4,0.23,8.86,Y,45.63,45.21,3.57,10.4,Y,SHOP-495,68.04,0.651,2.185,7.037,CPI_Rural
2019,DRG089,47219.78,32332.91,14886.87,84632.12,0.294,16.13,Y,21.45,55.4,12.49,8.71,Y,SHOP-272,26.89,0.904,1.128,6.409,CPI_Rural
2020,DRG570,115558.5,65092.27,50466.23,161698.78,0.151,1.53,N,66.49,56.41,3.45,13.82,Y,SHOP-959,41.19,1.489,0.809,4.023,GDP_Deflator
2022,DRG604,78467.92,47417.04,31050.88,214595.92,1.025,31.65,N,42.21,76.69,15.26,6.62,Y,SHOP-206,12.16,1.435,1.277,4.501,CPI_Urban
2023,DRG616,227336.31,202787.68,24548.63,333280.74,0.814,25.68,N,58.62,87.83,6.15,12.5,N,SHOP-803,28.91,0.636,0.897,1.052,CPI_Rural
2025,DRG286,80992.82,58440.66,22552.16,125577.42,0.502,2.01,Y,6.67,56.59,18.33,22.1,Y,SHOP-373,52.4,0.967,2.014,0.367,WPI
2024,DRG403,17705.82,9920.37,7785.45,29886.12,0.183,26.67,Y,42.98,58.72,19.36,21.57,Y,SHOP-445,36.98,0.885,1.661,3.719,GDP_Deflator
2025,DRG387,67544.91,49602.33,17942.58,117118.83,0.712,5.72,Y,60.03,93.59,2.01,23.13,N,SHOP-520,99.26,1.153,1.621,0.799,WPI
2025,DRG344,64075.3,54154.27,9921.03,168304.71,0.166,11.66,Y,24.32,39.06,2.92,17.83,N,SHOP-154,77.2,0.622,1.359,1.585,CPI_Rural
2018,DRG101,26274.92,16453.83,9821.09,67177.6,0.71,33.26,Y,25.47,82.52,10.94,12.51,N,SHOP-359,6.45,0.877,1.339,5.432,GDP_Deflator
2025,DRG846,186231.73,113301.13,72930.6,488359.99,0.212,11.82,N,49.75,63.0,13.91,19.83,Y,SHOP-824,94.45,0.815,2.031,3.555,WPI
2018,DRG943,202884.86,155896.48,46988.38,487713.98,0.618,26.45,Y,88.51,62.58,9.74,15.21,Y,SHOP-184,27.12,1.412,1.412,1.872,CPI_Urban
2019,DRG092,99136.71,85934.74,13201.97,137061.41,0.756,2.07,Y,67.99,37.08,1.82,1.68,Y,SHOP-239,42.59,0.838,1.565,1.739,CPI_Rural
2024,DRG484,184624.12,153273.95,31350.17,215500.48,0.701,6.46,N,20.98,93.36,9.36,13.72,Y,SHOP-407,62.86,0.979,1.926,6.838,GDP_Deflator
2021,DRG551,48323.15,44155.27,4167.88,107877.04,0.928,0.07,N,59.62,46.01,9.93,0.36,N,SHOP-154,41.69,1.2,1.003,3.958,GDP_Deflator
2019,DRG358,243442.57,145257.48,98185.09,476139.28,0.767,4.34,N,32.47,69.45,8.72,21.71,N,SHOP-760,62.54,1.026,1.456,5.861,CPI_Rural
2023,DRG697,64172.75,47863.84,16308.91,158729.79,1.075,8.89,N,23.9,72.47,0.87,23.86,N,SHOP-279,86.85,1.155,1.222,7.73,CPI_Rural
2019,DRG415,55072.14,49531.12,5541.02,136750.3,0.723,31.95,Y,64.2,91.78,6.68,16.63,Y,SHOP-973,48.96,1.068,1.813,1.396,CPI_Rural
2022,DRG529,81042.2,49318.63,31723.57,95975.96,0.383,17.34,Y,32.79,69.55,18.75,1.48,Y,SHOP-850,74.46,0.904,0.863,5.834,CPI_Urban
2019,DRG058,4236.1,3555.11,680.99,11523.59,0.565,27.85,Y,74.94,73.66,13.13,2.15,Y,SHOP-297,72.48,1.001,1.395,6.436,WPI
2024,DRG649,151493.39,106320.53,45172.86,207725.36,0.223,20.98,N,81.61,77.52,5.8,5.35,Y,SHOP-346,90.33,0.962,0.914,2.635,WPI
2021,DRG332,179257.81,141718.01,37539.8,374079.72,0.241,8.02,Y,25.55,86.39,15.09,12.46,Y,SHOP-664,35.26,0.87,1.836,0.863,CPI_Urban
2025,DRG498,212681.34,153344.24,59337.1,491652.84,0.828,9.83,Y,70.59,89.71,17.36,9.66,Y,SHOP-303,64.25,1.289,1.293,6.102,GDP_Deflator
2025,DRG749,176701.31,158041.96,18659.35,486132.61,1.014,14.11,Y,70.11,56.8,14.34,6.09,Y,SHOP-609,16.43,1.281,1.011,3.854,CPI_Urban
2019,DRG186,144732.71,107231.97,37500.74,209103.48,0.786,17.81,Y,68.28,59.77,9.4,5.78,N,SHOP-872,80.47,0.67,2.139,4.04,CPI_Rural
2017,DRG746,143931.3,140352.99,3578.31,223802.87,0.921,30.87,Y,54.04,65.56,14.67,7.96,N,SHOP-772,7.62,0.915,1.206,0.148,GDP_Deflator
2020,DRG438,175632.91,129501.07,46131.84,202359.11,0.892,1.93,N,1.65,61.47,6.73,2.98,Y,SHOP-443,20.92,1.302,2.005,1.206,WPI
2016,DRG310,20105.87,11320.78,8785.09,23817.7,0.358,4.56,Y,28.34,74.06,2.84,11.19,N,SHOP-230,42.06,1.327,1.27,1.885,CPI_Urban
2025,DRG044,51523.79,47100.45,4423.34,97382.32,1.056,3.66,Y,48.88,81.08,5.77,24.56,N,SHOP-669,44.68,0.942,2.123,7.332,GDP_Deflator
2022,DRG520,198483.82,148533.77,49950.05,300710.15,0.216,1.77,N,21.16,68.8,10.29,16.23,Y,SHOP-596,29.35,1.092,1.906,6.397,WPI
2022,DRG728,68796.46,53835.24,14961.22,168522.51,0.908,19.35,Y,24.22,68.19,3.67,20.38,Y,SHOP-718,8.86,1.453,1.941,0.85,CPI_Rural
2018,DRG463,37009.06,35571.42,1437.64,94268.41,1.069,17.36,Y,59.84,68.31,8.25,5.05,N,SHOP-407,68.71,0.734,1.913,4.698,CPI_Rural
2023,DRG815,145024.35,83740.12,61284.23,241565.75,1.063,0.37,N,32.79,88.46,3.94,22.79,Y,SHOP-794,95.47,0.656,1.016,3.359,GDP_Deflator
2022,DRG976,231060.92,143778.45,87282.47,269845.92,1.006,12.22,Y,77.0,50.47,5.34,18.52,Y,SHOP-904,93.0,0.814,0.921,0.479,CPI_Urban
2024,DRG141,84350.72,75379.26,8971.46,122567.62,1.18,18.0,Y,3.08,40.94,19.15,19.04,N,SHOP-663,39.17,0.588,0.806,5.231,WPI
2019,DRG278,154535.69,102668.66,51867.03,170490.34,0.461,3.68,Y,63.02,94.61,2.24,11.91,N,SHOP-467,36.3,1.47,1.429,2.111,GDP_Deflator
2022,DRG093,216489.08,209170.25,7318.83,426868.4,0.908,25.35,Y,38.08,37.76,5.64,1.24,Y,SHOP-915,36.6,0.892,2.127,1.793,CPI_Rural
2019,DRG775,52795.66,40034.14,12761.52,115620.29,0.151,8.69,N,24.58,67.88,16.87,10.34,Y,SHOP-385,63.61,0.746,1.441,4.264,WPI
2018,DRG940,167086.79,158166.06,8920.73,464768.79,1.105,32.57,Y,41.26,68.8,0.88,9.66,Y,SHOP-702,99.94,0.803,1.109,4.974,GDP_Deflator
2020,DRG207,73300.53,48215.92,25084.61,138695.44,1.148,20.23,N,31.47,41.54,19.41,8.16,Y,SHOP-689,76.61,0.809,1.665,5.146,CPI_Urban
2022,DRG717,50096.61,38300.72,11795.89,58209.42,0.678,15.9,Y,16.73,85.04,10.27,21.0,N,SHOP-248,32.86,1.329,1.429,6.651,CPI_Urban
2022,DRG804,233235.97,162816.29,70419.68,362031.29,0.427,34.13,Y,38.41,88.7,5.76,15.22,N,SHOP-525,38.06,0.812,1.808,1.574,CPI_Rural
2022,DRG468,34535.96,20806.37,13729.59,54707.13,0.161,34.3,Y,64.1,68.65,15.06,20.26,Y,SHOP-500,6.0,1.353,1.71,4.336,GDP_Deflator
2020,DRG271,75592.75,46158.55,29434.2,169580.84,1.072,24.94,Y,0.01,83.1,8.73,3.84,N,SHOP-538,69.13,1.177,1.54,2.175,GDP_Deflator
2022,DRG134,152029.8,131602.76,20427.04,191713.43,1.062,12.89,Y,48.87,81.97,0.12,1.93,Y,SHOP-664,84.65,1.096,1.612,6.609,CPI_Rural
2016,DRG744,94192.73,78275.42,15917.31,257411.22,0.471,11.01,N,34.08,88.74,8.56,0.05,Y,SHOP-634,15.49,0.604,1.437,3.44,GDP_Deflator
2022,DRG532,122138.34,103663.45,18474.89,299308.3,0.982,27.08,N,89.57,91.76,0.05,3.42,N,SHOP-696,50.44,1.106,1.082,0.976,CPI_Rural
2025,DRG551,236081.02,180276.16,55804.86,271920.25,0.422,4.1,Y,1.38,77.66,9.55,2.64,N,SHOP-623,95.82,1.256,1.624,6.11,CPI_Urban
2021,DRG456,964.64,886.67,77.97,1075.85,0.997,8.69,N,51.47,71.43,7.25,12.77,N,SHOP-833,21.39,1.225,1.989,0.441,CPI_Urban
2021,DRG503,163898.84,152075.31,11823.53,263807.79,0.163,16.04,Y,47.68,50.83,10.3,11.01,Y,SHOP-941,52.57,0.96,1.575,2.201,GDP_Deflator
2020,DRG355,181206.52,120513.86,60692.66,192114.81,0.287,0.74,Y,87.97,42.25,2.97,8.78,Y,SHOP-760,49.64,0.505,0.922,0.292,WPI
2020,DRG697,204796.54,123691.4,81105.14,338934.54,0.514,30.46,N,9.1,96.06,1.03,12.22,N,SHOP-844,35.93,0.812,1.403,7.811,WPI
2017,DRG126,171061.92,120389.52,50672.4,469718.2,0.329,4.58,N,2.22,86.31,8.04,17.17,Y,SHOP-225,90.01,1.403,2.159,2.709,GDP_Deflator
2025,DRG658,20480.48,17947.74,2532.74,37472.91,0.819,18.58,N,66.67,43.02,3.86,1.99,N,SHOP-643,98.52,0.639,2.023,4.765,CPI_Rural
2025,DRG203,52538.43,41704.61,10833.82,86271.83,0.276,13.03,N,72.8,83.39,13.05,12.27,Y,SHOP-446,65.97,0.838,1.797,6.495,GDP_Deflator
2025,DRG863,33880.75,19698.45,14182.3,77140.75,1.143,13.33,N,28.55,73.95,4.82,0.99,N,SHOP-748,53.11,0.586,1.799,5.202,CPI_Rural
2018,DRG071,195506.71,148015.42,47491.29,244421.96,0.478,26.86,N,79.57,93.05,4.43,14.68,Y,SHOP-804,70.02,1.348,1.856,5.106,WPI
2018,DRG082,100358.81,87571.23,12787.58,264315.11,1.103,20.31,Y,49.4,46.72,10.09,5.25,Y,SHOP-550,30.24,1.033,1.597,6.126,WPI
2020,DRG113,198447.96,167779.71,30668.25,542737.24,0.544,13.53,N,48.88,79.35,11.29,19.23,Y,SHOP-933,8.56,1.188,2.185,7.96,CPI_Urban
2017,DRG646,150337.35,147112.08,3225.27,194205.25,0.905,22.96,N,56.74,41.35,15.87,4.39,Y,SHOP-767,14.33,1.492,0.981,7.014,GDP_Deflator
2023,DRG180,142471.87,134889.47,7582.4,315131.42,0.371,11.61,N,15.92,69.46,18.32,1.85,Y,SHOP-321,41.06,0.514,1.046,5.288,CPI_Urban
2024,DRG791,135808.15,103258.12,32550.03,268015.0,0.499,9.89,N,56.68,67.75,3.01,3.5,Y,SHOP-705,88.14,0.785,1.755,3.099,CPI_Urban
2025,DRG501,25445.14,16420.84,9024.3,34043.48,0.545,15.07,N,63.15,69.27,10.81,8.9,Y,SHOP-295,17.17,1.129,1.287,7.508,WPI
2025,DRG178,201549.57,181478.26,20071.31,533350.08,1.151,14.27,N,18.77,53.23,1.62,5.52,N,SHOP-390,69.67,0.939,0.857,4.072,CPI_Urban
2021,DRG170,197362.37,190434.67,6927.7,539502.7,0.153,32.24,Y,6.44,78.96,18.63,9.78,Y,SHOP-391,61.41,0.899,1.774,6.644,CPI_Rural
2025,DRG285,188472.62,112452.67,76019.95,429879.21,0.897,22.98,N,72.81,63.64,9.96,24.12,Y,SHOP-610,98.55,1.26,1.164,0.586,CPI_Rural
2018,DRG823,131070.53,79053.0,52017.53,361242.16,1.006,20.32,N,71.07,93.32,6.72,4.29,Y,SHOP-578,77.54,1.441,1.098,4.157,WPI
2023,DRG969,156373.56,86293.13,70080.43,193272.21,0.405,0.93,N,7.5,92.89,10.77,8.69,Y,SHOP-546,77.1,1.003,1.439,3.526,CPI_Urban
2020,DRG880,164508.5,121612.03,42896.47,412780.68,0.972,24.68,Y,54.37,93.45,8.55,2.67,Y,SHOP-686,48.54,1.258,1.748,6.805,CPI_Urban
2016,DRG097,182241.76,138244.21,43997.55,337968.64,0.82,21.94,N,74.62,45.79,7.0,9.7,Y,SHOP-107,94.76,1.158,1.342,3.558,CPI_Urban
2025,DRG385,226522.39,208676.33,17846.06,563250.08,0.179,15.96,N,74.54,36.01,10.64,17.68,N,SHOP-513,94.83,0.654,1.361,3.788,GDP_Deflator
2016,DRG392,49995.45,35805.82,14189.63,73049.38,0.611,33.09,N,87.85,46.08,1.88,9.35,N,SHOP-675,15.35,0.84,1.823,2.435,GDP_Deflator
2024,DRG788,117512.32,69649.54,47862.78,129823.38,0.864,2.19,N,82.25,84.98,8.21,10.21,Y,SHOP-915,76.99,0.906,0.987,5.817,CPI_Rural
2022,DRG658,3518.97,2721.31,797.66,6942.48,0.219,20.2,Y,65.22,79.76,11.19,3.0,N,SHOP-709,97.48,1.34,1.669,5.501,CPI_Urban
2017,DRG713,195505.83,184319.61,11186.22,524723.35,0.787,12.31,Y,62.76,60.28,10.26,8.92,N,SHOP-830,8.03,0.509,1.648,1.995,CPI_Urban
2019,DRG946,109384.41,92893.9,16490.51,198666.15,1.164,1.57,Y,36.94,68.56,16.72,24.17,Y,SHOP-282,36.11,0.658,1.751,4.779,CPI_Urban
2020,DRG052,219001.53,213572.44,5429.09,308345.14,0.791,23.93,Y,17.87,58.04,12.23,3.94,Y,SHOP-935,7.26,0.658,1.709,6.316,CPI_Urban
2017,DRG241,153373.33,109662.43,43710.9,277445.56,0.619,29.49,Y,26.62,48.44,3.04,16.43,Y,SHOP-880,1.12,0.585,2.098,5.861,GDP_Deflator
2023,DRG821,17598.05,15477.61,2120.44,43061.39,0.783,8.69,Y,40.11,81.4,14.93,7.84,Y,SHOP-544,70.85,0.578,0.88,0.877,CPI_Rural
2021,DRG311,166729.01,102236.42,64492.59,204684.52,0.291,2.07,Y,84.57,72.39,9.12,17.68,N,SHOP-338,32.21,0.973,1.366,5.874,GDP_Deflator
2020,DRG374,13262.96,10463.91,2799.05,24601.74,0.33,32.82,Y,27.45,91.01,14.65,5.84,N,SHOP-262,37.63,0.724,1.866,1.746,CPI_Urban
2025,DRG854,84914.95,72945.23,11969.72,208334.68,0.711,23.04,Y,69.23,95.27,8.14,4.1,Y,SHOP-352,63.88,1.186,1.876,1.145,WPI
2016,DRG127,27677.18,22305.39,5371.79,72900.22,1.149,8.48,N,70.69,42.88,13.65,20.01,N,SHOP-849,85.64,1.464,1.998,2.184,CPI_Rural
2021,DRG576,50677.4,35806.69,14870.71,71897.32,0.888,22.12,N,11.89,77.64,3.96,24.81,N,SHOP-150,76.97,0.72,1.387,7.407,CPI_Urban
2020,DRG635,25559.83,16531.55,9028.28,31897.58,0.873,15.63,N,15.04,46.32,7.93,7.76,Y,SHOP-606,80.81,1.42,1.258,3.512,WPI
2022,DRG806,212804.82,161365.16,51439.66,249760.89,0.166,28.07,Y,8.08,94.6,5.68,12.8,Y,SHOP-985,5.45,1.477,1.016,5.36,WPI
2025,DRG377,55277.68,40545.51,14732.17,85337.01,0.658,6.44,Y,3.69,62.27,12.75,8.18,N,SHOP-984,91.5,1.079,1.692,6.995,CPI_Urban
2018,DRG233,50710.7,43887.97,6822.73,126204.16,1.065,12.28,N,36.63,87.14,1.22,4.88,Y,SHOP-972,83.66,1.313,1.2,1.785,WPI
2022,DRG303,193892.71,157096.69,36796.02,281726.06,1.026,18.44,N,16.71,37.82,1.86,14.18,N,SHOP-394,78.12,1.409,1.412,0.594,CPI_Rural
2023,DRG347,130249.43,82007.39,48242.04,248939.91,0.387,30.34,N,56.18,86.49,9.28,17.58,N,SHOP-123,44.02,0.532,2.086,5.169,CPI_Rural
2022,DRG827,231493.74,207278.48,24215.26,554544.53,0.701,33.15,N,17.69,44.97,1.6,17.79,Y,SHOP-190,79.4,0.689,1.08,4.928,CPI_Rural
2024,DRG981,187086.56,126259.42,60827.14,230266.72,0.278,21.37,Y,8.33,95.84,6.63,4.97,N,SHOP-656,40.55,0.532,2.043,7.743,CPI_Urban
2023,DRG021,8017.7,6269.38,1748.32,20814.99,0.99,9.47,Y,9.79,72.54,0.1,11.48,Y,SHOP-164,3.94,1.417,1.075,0.41,CPI_Urban
2024,DRG361,57318.08,46111.67,11206.41,70849.44,0.494,13.29,N,9.97,73.39,14.32,15.73,N,SHOP-144,33.8,1.352,1.936,4.3,WPI
2017,DRG018,191470.63,120714.26,70756.37,343997.83,0.778,11.3,Y,60.64,74.8,4.84,12.9,N,SHOP-120,1.41,0.953,1.645,4.994,CPI_Rural
2024,DRG595,72714.38,67980.96,4733.42,173541.14,0.371,28.28,Y,52.43,93.33,4.5,0.01,Y,SHOP-825,78.05,1.267,1.82,3.78,WPI
2020,DRG624,126303.95,105194.34,21109.61,214501.98,0.321,15.26,N,46.45,35.32,13.2,9.44,N,SHOP-584,62.3,1.386,1.12,7.089,CPI_Urban
2021,DRG855,77610.22,60706.92,16903.3,92107.84,0.184,10.38,Y,31.79,90.77,11.42,17.16,Y,SHOP-226,52.18,1.116,1.008,5.286,WPI
2021,DRG493,225005.61,145375.72,79629.89,308831.34,0.331,4.21,Y,61.38,86.43,2.98,15.57,N,SHOP-216,60.55,0.691,2.172,0.031,CPI_Rural
2021,DRG295,161756.18,157762.72,3993.46,425103.44,1.081,23.95,N,83.53,76.53,3.76,9.79,Y,SHOP-665,64.81,1.241,1.092,3.356,CPI_Urban
2022,DRG607,213726.65,152664.21,61062.44,278571.53,0.153,15.0,N,53.87,78.31,0.04,2.65,Y,SHOP-373,15.43,1.439,1.454,3.608,CPI_Urban
2024,DRG245,15918.03,10369.05,5548.98,28067.17,0.19,11.14,N,68.96,67.0,9.36,1.22,Y,SHOP-102,44.38,0.963,1.9,2.748,CPI_Rural
2020,DRG893,45465.12,34990.62,10474.5,71205.0,0.777,10.41,Y,61.24,72.86,16.04,22.6,N,SHOP-755,63.1,0.743,1.554,5.699,WPI
2022,DRG893,136768.14,131911.6,4856.54,304100.21,0.413,34.88,Y,41.72,52.91,13.44,12.67,N,SHOP-388,48.33,0.745,1.44,3.409,CPI_Urban
2022,DRG741,20710.13,15518.11,5192.02,53306.4,0.289,31.11,N,24.77,81.14,13.51,17.57,Y,SHOP-369,73.72,0.752,1.86,6.913,CPI_Urban
2022,DRG460,171811.3,98870.29,72941.01,398643.14,0.429,0.72,N,38.75,57.59,9.7,12.98,Y,SHOP-639,87.22,0.65,1.734,5.088,CPI_Urban
2017,DRG064,94670.01,63300.42,31369.59,107509.22,0.395,17.5,Y,28.04,56.57,14.26,2.58,N,SHOP-182,0.58,0.677,1.756,2.708,WPI
2018,DRG222,185083.95,164367.0,20716.95,204440.38,0.625,15.86,N,83.01,68.31,0.88,9.93,N,SHOP-908,84.35,1.36,1.1,0.482,CPI_Urban
2023,DRG377,71860.15,46677.56,25182.59,201098.36,1.053,34.01,Y,45.06,98.48,2.83,15.19,N,SHOP-743,59.0,0.769,1.145,5.284,CPI_Urban
2024,DRG721,125745.32,70514.96,55230.36,209508.09,0.399,30.38,Y,40.3,43.49,7.8,23.88,Y,SHOP-226,59.08,1.4,1.735,2.924,CPI_Urban
2019,DRG497,96664.48,85116.6,11547.88,255468.9,0.781,11.42,Y,88.41,57.08,9.5,0.97,Y,SHOP-139,46.85,1.155,0.963,1.45,WPI
2022,DRG126,36982.14,32571.75,4410.39,47943.91,0.482,33.33,N,48.28,50.78,10.48,10.86,N,SHOP-287,12.91,1.215,0.931,4.675,CPI_Urban
2025,DRG141,204005.32,150490.48,53514.84,343532.63,1.052,1.8,Y,54.34,68.83,3.09,3.22,Y,SHOP-489,72.15,0.973,1.289,3.557,WPI
2025,DRG936,15317.08,13925.44,1391.64,42295.07,0.7,22.88,N,15.51,77.12,18.59,13.04,N,SHOP-460,12.13,1.049,1.662,1.244,CPI_Rural
2019,DRG311,108675.03,62731.29,45943.74,167117.77,0.865,28.62,N,16.14,93.13,6.0,15.0,Y,SHOP-523,43.58,0.891,1.27,0.085,WPI
2019,DRG135,110953.65,102333.77,8619.88,125776.62,0.181,13.44,Y,21.21,82.06,4.59,5.5,Y,SHOP-379,2.53,0.652,1.009,2.991,CPI_Urban
2022,DRG151,124162.25,95973.79,28188.46,191274.74,0.255,2.22,N,62.2,62.79,13.85,24.44,N,SHOP-804,9.53,1.072,2.137,0.309,WPI
2018,DRG970,227667.18,198308.95,29358.23,395738.21,0.847,34.36,Y,34.36,98.06,14.54,6.54,Y,SHOP-747,71.32,1.283,0.822,4.713,CPI_Rural
2024,DRG920,127712.83,79098.03,48614.8,277729.71,0.535,12.54,N,89.92,68.21,1.86,4.73,N,SHOP-511,98.81,0.609,1.296,5.697,CPI_Rural
2019,DRG147,201351.33,115472.54,85878.79,267635.25,0.687,20.53,N,74.39,83.62,0.69,20.11,Y,SHOP-677,47.12,1.332,1.338,4.5,CPI_Urban
2025,DRG138,219774.25,129159.4,90614.85,509610.14,0.469,17.63,N,29.15,65.22,0.64,16.59,N,SHOP-360,67.65,1.302,0.909,0.93,WPI
2022,DRG639,213014.69,175714.6,37300.09,358639.18,1.195,13.52,Y,14.37,79.69,19.97,13.54,N,SHOP-105,26.6,0.75,1.183,5.541,CPI_Urban
2019,DRG720,10753.26,7063.88,3689.38,18731.38,0.788,30.39,Y,40.88,96.53,14.36,15.51,N,SHOP-457,8.2,1.18,1.281,1.004,CPI_Rural
2016,DRG596,166141.07,131742.06,34399.01,399756.68,0.829,3.18,Y,64.18,68.7,17.86,4.24,N,SHOP-739,57.57,1.039,1.248,1.854,CPI_Urban
2018,DRG067,162847.59,143550.14,19297.45,429950.01,0.348,20.13,N,14.85,81.16,13.53,12.19,N,SHOP-226,33.29,1.461,1.859,3.806,GDP_Deflator
2018,DRG696,202176.78,195072.32,7104.46,328129.96,0.508,0.04,N,6.02,94.03,2.7,5.59,N,SHOP-487,71.89,0.883,1.808,0.087,CPI_Rural
2021,DRG715,99905.72,59708.05,40197.67,146170.07,1.068,20.29,N,49.24,80.1,3.24,8.56,Y,SHOP-511,25.73,0.7,0.912,0.049,CPI_Rural
2023,DRG066,177908.31,107623.83,70284.48,319274.25,0.19,34.65,N,34.66,60.46,10.34,11.14,Y,SHOP-489,6.96,0.525,1.222,3.138,CPI_Urban
2016,DRG312,125635.44,110480.43,15155.01,136801.77,0.554,31.23,Y,28.02,76.59,1.97,15.56,Y,SHOP-403,54.75,1.089,0.931,7.682,GDP_Deflator
2017,DRG533,167445.23,151860.27,15584.96,272206.88,0.897,9.49,Y,72.83,97.22,1.29,18.79,Y,SHOP-549,72.53,0.79,1.572,0.917,CPI_Rural
2018,DRG612,53129.61,32696.83,20432.78,74713.31,0.358,18.5,Y,89.15,90.57,18.14,7.66,N,SHOP-993,55.54,0.514,0.841,2.082,GDP_Deflator
2017,DRG216,147105.43,131099.91,16005.52,383266.52,0.168,10.93,Y,23.06,40.97,11.91,8.13,Y,SHOP-279,84.22,1.298,1.075,2.646,WPI
2022,DRG931,174539.73,141612.43,32927.3,459789.5,0.333,2.3,Y,57.21,80.1,9.23,19.2,N,SHOP-404,25.74,1.056,1.024,5.035,CPI_Urban
2021,DRG168,80204.43,47918.35,32286.08,145042.8,1.13,30.93,N,6.47,42.79,6.84,22.93,Y,SHOP-214,71.76,1.107,1.359,0.644,GDP_Deflator
2024,DRG889,62803.23,44624.88,18178.35,145755.86,0.207,16.08,N,46.09,91.23,9.59,20.72,N,SHOP-533,79.79,1.184,1.875,0.995,WPI
2023,DRG438,235509.92,129719.64,105790.28,516455.3,0.896,12.51,N,84.11,96.6,2.72,8.5,N,SHOP-705,33.28,1.381,2.068,0.97,WPI
2019,DRG254,216732.51,122356.76,94375.75,316179.91,0.922,14.1,Y,59.46,75.7,10.85,22.52,N,SHOP-950,63.62,0.867,0.938,0.677,GDP_Deflator
2019,DRG931,248642.49,154652.8,93989.69,653900.13,0.863,6.66,N,32.22,68.15,19.44,16.86,N,SHOP-926,75.12,1.049,1.775,7.372,CPI_Urban
2025,DRG692,131319.8,110363.06,20956.74,300733.41,0.549,0.8,N,48.74,76.9,13.14,8.78,N,SHOP-740,29.68,0.948,1.036,7.166,CPI_Urban
2020,DRG281,11855.95,9834.09,2021.86,32461.4,1.049,8.2,Y,23.19,57.03,9.1,20.48,Y,SHOP-271,52.41,0.835,1.364,3.287,WPI
2017,DRG401,124422.11,106291.15,18130.96,207148.52,0.167,31.09,Y,80.52,94.74,10.97,18.65,Y,SHOP-351,16.85,1.074,0.999,7.116,CPI_Urban
2020,DRG583,99036.97,56106.42,42930.55,137416.28,1.002,21.24,N,7.36,60.55,10.51,22.06,N,SHOP-874,95.29,0.639,0.89,3.679,GDP_Deflator
2023,DRG755,173243.27,129686.45,43556.82,350539.48,0.558,29.66,Y,26.56,80.94,9.52,10.95,N,SHOP-309,10.48,1.059,1.694,1.542,WPI
2018,DRG084,157917.02,148030.77,9886.25,247943.27,0.849,21.38,N,51.21,52.3,0.43,3.81,N,SHOP-155,15.37,1.165,1.204,7.333,GDP_Deflator
2021,DRG969,86722.65,71174.87,15547.78,221789.11,0.738,8.88,N,50.88,93.07,0.85,24.86,N,SHOP-860,59.46,0.979,1.403,0.932,CPI_Rural
2017,DRG899,221610.97,188129.0,33481.97,477506.21,0.2,10.05,Y,38.06,87.53,13.22,15.94,Y,SHOP-681,96.11,0.847,2.174,4.291,GDP_Deflator
2023,DRG066,23642.81,21185.27,2457.54,37586.74,0.433,24.1,Y,15.53,95.36,9.72,22.9,N,SHOP-261,3.96,0.605,1.793,2.553,CPI_Rural
2025,DRG760,7348.57,5423.25,1925.32,10038.2,0.42,26.67,N,73.71,76.43,18.15,6.95,Y,SHOP-361,1.06,0.547,1.136,1.443,GDP_Deflator
2022,DRG741,238190.76,161753.21,76437.55,487796.61,1.0,20.03,N,58.81,40.18,12.81,24.92,Y,SHOP-131,23.71,0.655,1.433,0.03,CPI_Urban
2020,DRG868,183094.55,119284.02,63810.53,468624.34,0.963,12.83,Y,71.23,72.23,5.14,7.08,Y,SHOP-270,26.59,1.164,0.906,0.418,GDP_Deflator
2016,DRG892,115348.9,90293.65,25055.25,133118.49,0.351,11.67,Y,44.94,87.0,9.7,21.99,Y,SHOP-994,1.57,1.214,1.363,4.841,CPI_Rural
2017,DRG531,44160.86,26715.96,17444.9,86927.88,0.248,3.59,N,32.55,62.54,5.37,1.38,N,SHOP-471,28.31,1.134,1.489,2.684,WPI
2016,DRG880,80141.49,59716.34,20425.15,195782.34,1.135,21.21,N,41.25,70.92,8.0,22.62,N,SHOP-969,81.26,0.581,1.859,6.714,CPI_Urban
2021,DRG181,244369.74,149681.81,94687.93,358280.99,0.996,19.16,N,49.06,63.59,9.09,4.64,Y,SHOP-950,69.71,1.009,1.337,7.847,CPI_Urban
2024,DRG555,28366.84,24074.58,4292.26,38610.01,0.222,20.09,N,56.91,43.26,3.05,9.64,N,SHOP-376,3.51,0.539,2.096,6.12,GDP_Deflator
2016,DRG880,22539.55,17500.45,5039.1,49085.39,1.041,16.27,N,30.01,97.44,5.51,13.79,N,SHOP-807,15.35,1.117,1.649,7.951,GDP_Deflator
2021,DRG033,226672.86,138656.65,88016.21,343510.13,0.51,30.34,Y,22.15,58.39,9.65,13.5,N,SHOP-730,30.76,1.31,1.683,0.621,CPI_Rural
2016,DRG898,158536.54,142296.1,16240.44,429396.71,0.539,12.77,Y,88.35,46.39,8.73,21.21,Y,SHOP-638,82.82,0.661,1.132,7.426,CPI_Urban
2021,DRG679,32651.14,25041.51,7609.63,86213.98,0.997,14.27,Y,40.6,37.49,16.9,6.08,Y,SHOP-442,21.61,0.876,1.305,4.038,GDP_Deflator
2021,DRG909,215264.26,119858.18,95406.08,372907.19,0.349,31.95,N,54.89,53.48,10.66,24.23,Y,SHOP-219,68.68,1.088,1.181,4.459,WPI
2021,DRG310,128820.15,123840.26,4979.89,183343.81,1.151,23.92,N,64.42,41.56,4.06,14.45,Y,SHOP-479,28.37,0.948,1.992,6.205,CPI_Rural
2024,DRG274,200701.46,161856.88,38844.58,504543.4,0.827,22.3,N,10.68,43.99,1.61,16.69,Y,SHOP-270,63.98,0.539,1.7,0.708,WPI
2016,DRG736,232318.59,150910.08,81408.51,305856.23,0.987,13.29,Y,0.12,82.94,13.83,13.24,Y,SHOP-346,49.27,1.297,0.888,4.649,GDP_Deflator
2024,DRG199,228530.69,160680.51,67850.18,279303.84,0.689,30.07,N,74.31,82.25,5.51,21.13,Y,SHOP-488,90.64,1.047,1.005,7.496,GDP_Deflator
2017,DRG994,4164.72,4016.98,147.74,10770.75,0.325,14.74,N,47.21,93.6,19.0,1.88,Y,SHOP-593,25.47,0.692,0.811,1.004,CPI_Urban
2023,DRG730,212679.13,198642.87,14036.26,425794.33,0.373,18.54,N,19.19,95.51,14.06,12.74,Y,SHOP-259,98.36,1.059,2.03,2.688,CPI_Rural
2018,DRG310,235815.29,217639.35,18175.94,440025.85,1.047,17.1,N,59.57,89.45,15.36,1.33,Y,SHOP-729,76.19,1.004,1.235,2.646,CPI_Rural
2017,DRG031,247413.94,240111.07,7302.87,618267.94,0.659,9.76,N,78.37,65.2,19.11,11.48,Y,SHOP-219,83.42,1.049,1.289,4.976,CPI_Urban
2022,DRG125,1088.92,634.53,454.39,2266.16,1.069,21.15,Y,27.29,40.22,13.04,16.88,Y,SHOP-956,13.71,1.483,1.524,6.497,GDP_Deflator
2022,DRG150,22499.39,19168.25,3331.14,41332.52,1.05,23.71,N,22.47,65.43,0.25,4.07,N,SHOP-799,96.19,1.484,1.005,0.626,GDP_Deflator
2018,DRG009,103427.04,74357.62,29069.42,200175.45,0.78,21.35,Y,28.16,46.66,11.67,14.66,N,SHOP-502,19.2,0.5,1.527,5.461,CPI_Rural
2016,DRG968,158521.04,127945.02,30576.02,256881.01,0.704,17.81,N,5.2,63.13,1.32,20.24,N,SHOP-830,82.43,0.955,1.899,6.975,GDP_Deflator
2023,DRG913,230383.55,136209.04,94174.51,515030.08,0.503,33.05,Y,74.16,86.94,7.57,13.87,N,SHOP-615,37.19,1.075,1.382,3.739,GDP_Deflator
2022,DRG258,157076.76,138602.43,18474.33,361414.21,0.823,25.14,N,10.5,74.79,12.79,15.44,Y,SHOP-866,78.38,1.387,1.479,7.125,CPI_Rural
2023,DRG301,73234.35,53174.15,20060.2,135198.73,0.488,14.87,Y,3.06,53.9,14.37,0.82,N,SHOP-387,45.42,1.135,1.376,6.38,CPI_Rural
2020,DRG298,89001.62,67161.8,21839.82,124563.02,0.772,27.62,N,33.56,52.88,9.88,17.25,N,SHOP-854,6.85,1.294,2.014,3.719,WPI
2021,DRG974,113428.3,92796.76,20631.54,184054.54,1.176,15.84,Y,80.67,53.3,11.81,24.59,N,SHOP-243,76.51,1.202,1.262,1.61,CPI_Rural
2016,DRG061,82143.88,66102.74,16041.14,203779.09,1.003,18.56,N,51.51,42.28,7.12,9.6,N,SHOP-776,11.92,0.696,1.96,2.529,WPI
2019,DRG239,173802.19,107903.9,65898.29,261639.83,0.219,26.07,N,13.73,53.54,0.7,20.34,N,SHOP-265,97.59,1.371,1.592,0.23,CPI_Rural
2019,DRG032,142430.3,84197.7,58232.6,192229.56,0.182,9.03,N,4.34,98.47,9.32,5.71,N,SHOP-140,3.57,1.026,1.432,1.523,CPI_Rural
2021,DRG998,21324.38,15536.98,5787.4,47730.1,0.746,23.09,Y,27.7,58.21,12.76,4.69,Y,SHOP-192,98.72,0.644,1.702,0.965,CPI_Rural
2020,DRG028,2776.61,2698.43,78.18,6427.92,1.081,7.9,N,21.44,57.92,17.3,24.25,N,SHOP-861,6.93,0.799,1.149,1.555,CPI_Rural
2018,DRG893,50906.29,42762.52,8143.77,58536.14,0.95,4.52,Y,35.17,44.54,17.46,2.67,Y,SHOP-683,78.47,0.944,0.931,5.58,CPI_Rural
2024,DRG237,127673.27,82806.92,44866.35,175090.45,1.052,27.43,N,76.01,43.15,16.14,6.72,N,SHOP-148,82.07,1.41,2.137,1.111,CPI_Urban
2021,DRG771,80672.99,47957.21,32715.78,209193.02,0.873,15.66,N,69.0,93.02,15.2,18.96,N,SHOP-283,38.18,1.165,0.927,2.307,CPI_Rural
2018,DRG668,181929.42,155565.72,26363.7,493728.63,0.729,13.18,Y,29.43,89.45,3.26,15.89,Y,SHOP-833,41.17,1.056,1.581,1.337,GDP_Deflator
2017,DRG788,76099.24,70926.08,5173.16,103742.55,1.0,29.76,N,65.43,87.21,14.44,15.21,Y,SHOP-774,44.25,0.988,1.539,1.761,CPI_Urban
2025,DRG196,11421.96,9511.94,1910.02,25392.11,1.049,29.11,N,24.37,97.36,6.04,5.11,N,SHOP-138,96.71,0.625,2.023,3.79,CPI_Rural
2021,DRG457,222723.4,126812.33,95911.07,577328.33,0.344,34.58,N,26.17,52.34,15.27,20.27,N,SHOP-774,23.36,0.852,0.976,0.024,GDP_Deflator
2019,DRG939,114971.74,77130.42,37841.32,274836.4,0.585,21.79,Y,19.71,41.11,5.9,4.14,N,SHOP-988,84.15,1.498,1.543,5.538,CPI_Urban
2024,DRG806,183069.95,107863.17,75206.78,265408.69,0.618,5.63,Y,79.59,59.59,17.15,5.95,N,SHOP-657,93.92,0.645,0.924,4.017,CPI_Rural
2017,DRG767,21613.98,12128.59,9485.39,36608.27,0.825,22.95,Y,63.56,36.66,18.43,23.39,N,SHOP-501,6.24,1.051,1.436,4.384,GDP_Deflator
2022,DRG893,33132.81,28024.27,5108.54,55360.74,1.103,28.14,Y,29.01,77.37,18.41,15.31,Y,SHOP-529,93.26,1.396,1.609,6.608,WPI
2016,DRG506,50506.19,45277.36,5228.83,120299.42,1.009,24.06,N,19.98,57.44,18.7,0.85,N,SHOP-153,72.96,0.992,0.838,7.819,WPI
2022,DRG544,191012.18,167934.48,23077.7,380622.45,1.113,4.08,N,42.59,94.21,16.14,7.21,Y,SHOP-995,18.34,1.488,1.989,1.588,CPI_Urban
2020,DRG219,136164.27,108174.9,27989.37,347863.79,0.955,24.88,N,17.12,65.2,1.89,4.43,Y,SHOP-414,29.57,0.728,1.116,5.613,GDP_Deflator
2018,DRG631,210481.63,197889.01,12592.62,402044.98,0.911,30.82,Y,38.93,53.47,10.16,10.63,N,SHOP-844,64.73,0.855,1.211,2.193,CPI_Rural
2023,DRG807,112759.26,101749.56,11009.7,233414.83,0.306,20.32,N,60.86,96.07,11.53,7.38,Y,SHOP-520,70.67,0.89,1.414,6.585,GDP_Deflator
2022,DRG190,137762.22,79112.91,58649.31,266083.68,0.798,18.69,Y,10.14,48.15,3.21,9.1,Y,SHOP-404,40.89,0.512,1.498,4.214,CPI_Rural
2020,DRG453,237662.16,141136.93,96525.23,420148.6,1.002,25.72,Y,17.12,51.92,14.71,4.92,Y,SHOP-250,73.14,1.096,1.769,2.156,GDP_Deflator
2025,DRG024,79891.38,47896.85,31994.53,132126.21,0.954,13.81,Y,78.52,80.39,18.67,1.56,N,SHOP-648,63.32,0.54,1.977,1.112,CPI_Urban
2024,DRG225,13451.12,10406.35,3044.77,30859.37,0.2,3.16,Y,70.26,45.16,8.33,7.83,N,SHOP-561,20.93,1.024,1.111,3.336,CPI_Urban
2022,DRG082,215911.15,165128.49,50782.66,396865.23,0.718,30.5,Y,61.03,96.22,5.53,1.39,Y,SHOP-877,83.95,1.387,1.902,2.001,WPI
2018,DRG176,115773.76,85582.2,30191.56,138581.18,1.181,3.18,N,50.3,57.57,11.61,21.65,Y,SHOP-434,88.18,1.274,1.025,7.886,WPI
2019,DRG843,71236.08,57638.67,13597.41,157695.63,0.822,6.1,Y,25.47,97.34,17.88,12.23,N,SHOP-961,27.89,0.943,1.834,2.604,GDP_Deflator
2018,DRG905,233178.63,174714.31,58464.32,534435.23,0.194,5.03,N,67.44,89.46,12.37,4.35,Y,SHOP-630,77.6,0.64,1.846,4.699,CPI_Urban
2023,DRG929,122654.34,119959.98,2694.36,179383.13,0.253,0.79,N,10.56,36.71,3.91,7.02,N,SHOP-611,92.19,0.921,2.071,1.016,WPI
2017,DRG985,245459.29,238166.19,7293.1,561605.65,0.873,15.89,Y,1.57,92.94,15.03,13.58,Y,SHOP-553,10.53,1.384,1.311,6.212,GDP_Deflator
2022,DRG170,237642.22,178365.33,59276.89,348158.44,0.798,34.48,Y,9.79,58.35,14.69,8.92,N,SHOP-745,31.18,1.086,1.733,3.699,GDP_Deflator
2024,DRG155,131751.85,112541.89,19209.96,217022.99,0.232,0.65,Y,6.07,45.82,14.82,24.72,N,SHOP-534,97.48,0.519,1.776,2.55,WPI
2018,DRG849,8938.67,5749.95,3188.72,10657.04,0.95,24.68,N,41.97,83.31,14.48,3.85,Y,SHOP-209,49.97,1.474,1.502,6.199,CPI_Rural
2016,DRG862,156187.85,92186.85,64001.0,412048.84,0.441,29.04,N,34.54,81.74,18.14,21.1,N,SHOP-182,31.67,1.239,1.411,7.582,CPI_Urban
2019,DRG471,200807.38,183043.33,17764.05,530850.71,0.662,21.47,Y,77.29,90.33,6.46,10.83,Y,SHOP-145,52.63,1.453,1.768,2.095,WPI
2019,DRG118,66475.18,50227.37,16247.81,104215.32,1.168,16.03,N,0.23,60.12,5.68,24.77,Y,SHOP-373,65.96,1.08,2.066,0.301,WPI
2024,DRG449,90565.24,75410.98,15154.26,145581.21,0.659,19.55,Y,75.34,75.81,1.94,2.33,Y,SHOP-830,10.76,1.272,1.854,3.209,GDP_Deflator
2017,DRG708,100885.61,74655.64,26229.97,172572.47,1.035,28.12,Y,30.21,73.5,9.71,16.28,Y,SHOP-298,63.06,1.364,1.464,4.837,CPI_Urban
2025,DRG360,30254.46,25264.54,4989.92,55376.12,0.605,33.23,Y,62.46,67.85,6.08,4.77,Y,SHOP-739,68.23,1.171,1.644,5.547,CPI_Rural
2020,DRG861,128002.93,120747.65,7255.28,162913.96,0.158,22.17,Y,9.57,86.24,8.6,9.25,Y,SHOP-639,79.12,1.018,2.107,3.929,CPI_Rural
2022,DRG199,226394.19,194126.2,32267.99,323660.14,0.612,26.65,Y,6.24,59.58,5.49,19.04,N,SHOP-405,8.26,1.249,0.814,7.927,CPI_Rural
2018,DRG386,84574.01,67711.82,16862.19,197361.44,0.206,19.67,Y,32.09,85.3,12.99,3.87,N,SHOP-783,78.66,0.519,1.327,7.26,WPI
2021,DRG405,131638.4,106372.74,25265.66,332783.36,0.51,10.03,N,81.5,46.99,13.64,12.64,N,SHOP-556,33.24,0.6,2.153,7.318,CPI_Rural
2018,DRG619,72231.62,68598.69,3632.93,172558.19,0.813,7.49,N,31.67,92.27,9.38,24.39,N,SHOP-849,96.86,0.939,2.175,0.559,WPI
2021,DRG730,55920.58,50919.48,5001.1,142474.2,0.8,31.58,N,45.0,86.77,12.84,1.36,N,SHOP-514,9.84,1.489,1.232,5.851,CPI_Urban
2025,DRG042,8707.18,4966.04,3741.14,12610.22,0.403,12.39,Y,51.87,48.77,12.11,9.59,N,SHOP-190,64.39,0.945,2.072,4.146,WPI
2020,DRG992,130522.49,79238.08,51284.41,171504.16,0.971,30.71,N,18.5,77.08,0.93,11.5,N,SHOP-846,89.18,1.153,1.468,2.381,CPI_Rural
2016,DRG790,50437.34,32718.01,17719.33,94819.77,1.04,4.08,N,5.63,45.13,8.71,14.75,Y,SHOP-283,90.39,0.606,1.938,3.411,GDP_Deflator
2019,DRG271,97928.59,59225.8,38702.79,111366.81,0.53,31.75,N,22.19,70.18,1.26,21.87,N,SHOP-370,70.65,0.583,1.279,6.003,WPI
2020,DRG973,69863.28,46262.52,23600.76,116023.26,1.082,15.37,N,36.82,81.14,2.51,9.24,N,SHOP-877,98.95,0.767,1.76,7.943,CPI_Urban
2018,DRG062,127366.03,89826.79,37539.24,153988.87,1.06,2.19,N,18.03,96.53,2.05,24.83,Y,SHOP-229,38.69,1.359,2.169,0.948,CPI_Rural
2021,DRG998,162273.67,121768.13,40505.54,249499.06,0.264,20.57,N,69.32,61.15,15.31,3.07,N,SHOP-197,92.19,0.613,1.088,7.918,CPI_Urban
2025,DRG776,75369.19,71806.66,3562.53,172204.72,0.359,22.7,Y,6.11,73.94,12.18,15.7,N,SHOP-379,92.01,0.92,1.88,3.799,CPI_Urban
2024,DRG570,195263.39,156684.28,38579.11,284602.08,0.444,6.87,Y,3.6,56.5,2.94,3.5,N,SHOP-502,52.55,0.557,1.397,2.922,WPI
2020,DRG240,234459.01,164803.89,69655.12,471302.5,0.159,14.04,Y,69.47,92.39,8.81,14.97,Y,SHOP-126,17.13,0.907,0.964,1.304,WPI
2025,DRG518,151357.47,107933.83,43423.64,168914.64,0.405,19.53,Y,72.66,42.07,8.39,16.74,N,SHOP-777,51.57,1.055,1.386,7.842,WPI
2023,DRG261,109079.47,98800.97,10278.5,122234.49,1.036,3.9,Y,58.63,41.53,0.96,14.94,N,SHOP-737,6.41,1.11,1.655,0.896,CPI_Urban
2019,DRG849,88323.94,82894.1,5429.84,203316.29,1.047,9.59,N,29.9,38.43,11.22,16.62,N,SHOP-883,20.57,0.726,1.236,6.282,GDP_Deflator
2023,DRG765,126062.49,69378.13,56684.36,172361.07,1.028,11.95,N,30.86,76.56,5.58,17.6,Y,SHOP-242,50.14,1.251,0.987,5.442,GDP_Deflator
2017,DRG222,126718.23,112463.88,14254.35,264397.33,0.515,3.21,Y,9.38,46.97,8.53,6.25,N,SHOP-380,7.58,0.555,1.444,7.866,CPI_Urban
2025,DRG398,228499.8,170455.47,58044.33,619246.36,1.121,32.89,N,64.7,83.59,3.68,11.65,Y,SHOP-259,7.42,1.028,1.165,0.701,CPI_Rural
2016,DRG195,76369.77,46245.74,30124.03,118726.85,1.125,21.03,Y,75.97,94.55,18.12,4.94,Y,SHOP-650,19.29,0.52,1.24,3.819,CPI_Urban
2016,DRG311,140734.26,112277.4,28456.86,279232.6,0.825,27.04,N,29.36,71.65,9.8,11.12,Y,SHOP-267,81.05,1.344,1.731,1.82,CPI_Urban
2019,DRG475,136741.27,116412.82,20328.45,183951.25,0.859,7.72,Y,83.39,50.23,7.4,17.66,N,SHOP-728,37.59,1.115,1.637,2.704,CPI_Rural
2020,DRG010,88118.29,58679.29,29439.0,186356.55,0.595,32.3,N,89.13,43.45,4.45,6.14,Y,SHOP-586,41.57,0.828,0.936,6.829,CPI_Rural
2023,DRG890,128826.54,75815.13,53011.41,247589.84,0.77,3.08,N,66.65,60.96,6.62,4.34,Y,SHOP-954,41.65,0.846,1.554,3.065,CPI_Rural
2016,DRG422,30990.32,28011.57,2978.75,68633.74,0.895,3.56,N,47.55,42.35,4.59,11.1,Y,SHOP-672,61.47,0.773,0.906,5.107,CPI_Urban
2017,DRG067,203118.64,190645.94,12472.7,249655.06,0.586,7.73,N,18.83,66.87,16.4,2.51,N,SHOP-148,65.16,1.135,1.792,3.464,WPI
2018,DRG833,168685.94,116459.51,52226.43,393557.62,0.759,21.83,N,22.98,94.04,1.4,0.04,Y,SHOP-497,76.82,1.034,1.055,4.764,CPI_Rural
2019,DRG274,220139.14,121150.81,98988.33,616316.47,0.553,9.72,N,73.67,73.31,19.02,20.43,N,SHOP-375,86.69,1.394,2.06,7.568,WPI
2020,DRG223,21775.42,20152.64,1622.78,53898.89,0.738,19.68,N,80.59,93.72,3.51,12.46,N,SHOP-617,8.94,1.211,1.566,4.182,GDP_Deflator
2024,DRG106,126067.97,123052.17,3015.8,224898.13,1.112,15.95,N,19.1,61.62,1.14,12.74,N,SHOP-379,86.33,1.094,2.139,7.993,CPI_Urban
2023,DRG536,33177.72,31726.2,1451.52,55005.75,0.83,9.11,N,57.9,55.17,16.37,8.13,N,SHOP-176,57.74,0.883,1.216,3.149,GDP_Deflator
2022,DRG017,237091.19,211805.8,25285.39,535703.97,0.644,10.43,Y,65.14,79.87,12.42,22.49,N,SHOP-254,63.53,1.054,0.977,7.938,CPI_Urban
2019,DRG256,36236.11,27089.03,9147.08,46080.6,0.657,26.56,Y,50.61,35.82,6.49,11.04,Y,SHOP-622,19.79,1.335,1.803,4.047,CPI_Urban
2019,DRG631,29494.5,27351.52,2142.98,31797.28,0.949,22.64,N,1.33,75.02,15.36,14.27,Y,SHOP-932,77.42,1.216,1.206,5.439,WPI
2022,DRG698,213151.45,176684.91,36466.54,584314.89,0.77,20.68,N,72.32,39.56,8.3,7.89,Y,SHOP-409,35.98,0.685,1.831,4.681,CPI_Rural
2020,DRG172,28289.71,20531.24,7758.47,34565.64,0.947,29.44,Y,79.43,85.65,9.92,20.33,Y,SHOP-974,83.31,1.388,1.733,7.623,CPI_Urban
2017,DRG772,220346.35,158088.46,62257.89,321383.23,0.899,32.89,Y,34.31,67.41,14.37,12.82,Y,SHOP-134,33.1,0.877,0.963,5.042,CPI_Rural
2018,DRG640,96384.95,65177.46,31207.49,158056.4,0.225,29.86,Y,60.13,63.67,12.45,15.88,Y,SHOP-806,22.74,1.271,1.059,3.401,GDP_Deflator
2016,DRG400,95510.31,91966.69,3543.62,211713.1,0.538,30.05,N,72.66,86.0,2.09,6.24,Y,SHOP-572,90.9,1.449,1.132,2.031,WPI
2018,DRG111,131289.81,93773.74,37516.07,331394.76,0.638,21.34,N,18.05,64.95,10.08,2.3,Y,SHOP-292,36.84,1.25,1.475,0.828,WPI
2022,DRG318,17640.38,12663.85,4976.53,42167.45,1.18,3.15,N,72.51,66.61,15.22,7.82,N,SHOP-759,68.67,1.46,1.985,4.188,GDP_Deflator
2020,DRG723,86460.95,48341.27,38119.68,186731.84,0.966,18.33,Y,26.77,98.98,10.21,16.94,Y,SHOP-683,56.0,1.462,1.213,1.895,CPI_Rural
2018,DRG013,71068.92,58135.57,12933.35,140444.62,0.223,32.7,N,74.08,85.51,19.96,3.04,Y,SHOP-851,66.66,1.134,1.38,1.742,WPI
2016,DRG954,33517.65,28952.92,4564.73,66468.85,0.461,3.2,N,76.29,56.05,12.37,19.74,Y,SHOP-667,21.19,1.48,2.12,7.044,GDP_Deflator
2020,DRG618,83698.97,77801.42,5897.55,96714.05,0.68,27.72,Y,73.95,56.76,3.45,24.86,N,SHOP-324,8.41,0.501,0.967,4.03,CPI_Urban
2022,DRG627,63600.57,37660.12,25940.45,120390.14,0.859,10.99,N,10.06,36.5,14.11,9.91,Y,SHOP-272,75.74,1.104,1.66,6.493,GDP_Deflator
2020,DRG657,241881.14,186070.4,55810.74,522771.62,0.675,23.3,Y,41.3,87.24,3.43,17.18,N,SHOP-837,94.69,0.719,1.584,1.616,WPI
2025,DRG410,66470.13,50955.48,15514.65,163342.94,0.955,33.5,Y,15.67,62.81,0.87,19.2,Y,SHOP-655,97.62,1.118,2.094,0.182,GDP_Deflator
2020,DRG043,36118.21,29427.07,6691.14,95140.18,0.363,33.16,Y,57.9,89.24,13.83,22.62,Y,SHOP-459,5.86,1.292,1.478,6.633,WPI
2016,DRG982,84121.98,46333.12,37788.86,203564.16,1.179,30.66,Y,15.8,69.12,0.72,7.96,Y,SHOP-893,88.06,1.208,1.947,0.961,CPI_Rural
2016,DRG668,137597.18,89271.02,48326.16,182507.82,0.181,8.85,N,88.48,80.88,15.18,23.39,N,SHOP-773,90.8,1.068,1.774,2.756,CPI_Rural
2024,DRG736,152375.21,85702.74,66672.47,392313.25,0.408,24.3,Y,22.71,76.97,8.8,8.48,Y,SHOP-573,69.54,0.802,1.807,1.415,WPI
2023,DRG982,184320.43,110209.35,74111.08,435575.64,0.809,21.19,Y,13.49,84.94,9.68,0.5,N,SHOP-347,62.2,1.193,1.499,3.816,WPI
2025,DRG928,41413.73,38311.84,3101.89,109396.53,0.589,7.56,N,84.65,85.39,19.91,1.78,Y,SHOP-306,40.21,0.519,0.846,3.011,CPI_Urban
2022,DRG527,240780.27,143101.66,97678.61,300403.81,0.643,23.62,N,83.32,75.76,13.57,23.4,Y,SHOP-180,14.86,0.769,1.495,6.196,WPI
2024,DRG675,110716.02,63826.07,46889.95,240876.08,0.323,11.04,N,20.28,71.43,13.93,13.33,Y,SHOP-286,77.32,0.834,1.101,1.423,GDP_Deflator
2016,DRG038,102959.92,96996.35,5963.57,189851.71,1.158,20.18,N,48.58,92.6,11.62,22.92,N,SHOP-949,26.57,1.488,1.363,6.757,GDP_Deflator
2020,DRG029,214657.3,173977.92,40679.38,228367.93,0.791,11.84,N,15.54,88.08,6.74,24.92,N,SHOP-971,26.11,0.649,1.874,0.12,CPI_Rural
2025,DRG061,182607.42,173601.12,9006.3,283097.96,1.045,7.53,Y,46.95,56.51,18.19,5.6,Y,SHOP-394,46.5,0.501,1.976,2.547,CPI_Urban
2025,DRG083,210449.34,121498.57,88950.77,290576.82,0.65,29.49,Y,13.98,42.47,9.04,3.22,N,SHOP-928,83.85,1.413,0.969,1.975,CPI_Rural
2025,DRG160,63764.85,49272.61,14492.24,124233.25,0.687,24.67,N,65.63,69.4,12.05,5.19,Y,SHOP-989,27.22,0.708,2.112,1.723,CPI_Rural
2022,DRG594,184026.22,165058.84,18967.38,411735.81,0.297,20.58,N,5.38,67.9,20.0,18.33,N,SHOP-570,71.04,0.961,0.881,0.298,GDP_Deflator
2024,DRG397,92741.42,88379.65,4361.77,245103.51,1.079,17.59,Y,28.92,75.04,17.1,21.72,N,SHOP-709,36.05,1.23,1.843,3.179,WPI
2016,DRG745,170446.76,103776.88,66669.88,298668.27,0.615,16.3,N,89.71,83.62,4.82,21.28,N,SHOP-667,38.41,1.14,1.368,7.594,WPI
2017,DRG487,28989.97,19684.53,9305.44,33856.22,1.104,0.56,Y,4.99,62.09,17.79,5.7,Y,SHOP-225,75.02,1.476,1.166,2.485,WPI
2019,DRG858,31845.18,29780.39,2064.79,85748.65,1.059,16.67,N,4.95,51.25,12.44,8.75,Y,SHOP-908,51.15,1.348,1.635,2.064,WPI
2025,DRG146,180304.08,142937.25,37366.83,383096.84,0.833,28.32,Y,85.17,90.22,5.3,8.68,N,SHOP-877,30.76,1.186,1.761,1.889,CPI_Urban
2017,DRG283,238288.82,131803.22,106485.6,534185.74,0.294,5.97,N,37.06,48.01,7.26,2.43,Y,SHOP-513,67.07,0.516,0.872,6.269,CPI_Urban
2019,DRG725,140970.43,109562.97,31407.46,338214.77,0.589,1.28,Y,8.17,61.28,18.46,22.74,Y,SHOP-849,41.59,1.263,1.336,6.833,CPI_Urban
2022,DRG995,22486.27,15617.69,6868.58,23916.34,0.42,34.72,N,3.49,66.55,18.12,19.22,Y,SHOP-590,10.33,1.05,2.179,3.311,GDP_Deflator
2019,DRG874,69390.13,54230.64,15159.49,153465.32,0.56,32.31,Y,52.11,62.9,13.49,14.55,N,SHOP-836,29.48,0.574,1.589,5.546,CPI_Rural
2019,DRG959,239182.2,159225.22,79956.98,660010.66,0.498,12.87,Y,33.74,39.74,10.38,5.31,Y,SHOP-731,51.76,1.307,1.699,1.002,CPI_Urban
2017,DRG584,245866.73,173457.77,72408.96,318470.17,0.51,15.09,N,62.12,48.61,19.2,1.41,N,SHOP-326,43.18,1.478,1.911,7.407,GDP_Deflator
2017,DRG300,171258.76,95303.33,75955.43,419953.37,0.441,30.0,Y,68.29,85.76,2.5,5.35,N,SHOP-632,14.43,0.505,1.973,7.661,CPI_Rural
2025,DRG516,239975.78,150164.36,89811.42,540505.32,0.828,29.64,N,87.12,79.59,12.6,0.27,N,SHOP-793,16.22,1.411,1.026,3.017,CPI_Urban
2017,DRG627,170080.1,106845.4,63234.7,373450.47,0.96,18.53,N,88.32,98.38,7.45,11.14,N,SHOP-276,19.72,0.691,1.957,4.422,GDP_Deflator
2019,DRG681,248471.37,142382.91,106088.46,409020.58,0.576,12.92,N,80.78,98.24,3.78,23.99,N,SHOP-381,10.28,1.193,1.916,7.704,CPI_Rural
2024,DRG620,211790.6,160795.06,50995.54,231209.13,0.82,7.38,Y,57.98,84.23,13.58,17.62,Y,SHOP-430,40.55,0.79,1.464,5.819,GDP_Deflator
2016,DRG261,80047.71,64935.07,15112.64,195874.75,0.289,30.33,Y,73.83,95.24,9.59,13.14,N,SHOP-892,50.12,1.301,0.846,1.06,CPI_Rural
2025,DRG334,154132.61,133505.89,20626.72,245827.87,0.228,15.69,N,29.77,39.26,17.12,15.4,Y,SHOP-774,9.99,0.747,1.343,2.629,CPI_Urban
2018,DRG251,91834.47,87230.38,4604.09,232793.95,0.977,24.68,N,45.81,71.07,8.52,19.9,N,SHOP-479,35.7,0.554,1.674,2.976,WPI
2021,DRG550,215416.19,173451.81,41964.38,234790.84,0.544,11.17,Y,3.54,67.77,10.49,10.85,N,SHOP-477,77.41,1.088,1.416,7.902,CPI_Urban
2018,DRG346,179425.08,154402.13,25022.95,340210.84,0.427,34.0,N,82.21,67.67,16.12,10.78,N,SHOP-699,41.08,1.052,1.023,3.02,WPI
2024,DRG440,111187.09,98586.56,12600.53,119071.92,0.548,9.96,N,88.96,69.55,4.5,11.2,Y,SHOP-912,33.61,1.053,0.832,1.168,GDP_Deflator
2018,DRG320,228369.99,176248.7,52121.29,468594.35,0.822,32.63,N,32.92,46.85,0.1,6.14,N,SHOP-249,4.1,1.455,1.747,4.801,GDP_Deflator
2023,DRG448,177382.47,157552.46,19830.01,428785.95,0.741,4.82,N,16.21,43.08,0.11,9.97,Y,SHOP-970,85.45,1.027,1.07,7.983,CPI_Rural
2023,DRG563,139383.95,123100.74,16283.21,335835.23,0.646,17.31,Y,88.21,55.0,6.47,7.78,N,SHOP-676,56.41,1.133,1.253,4.564,GDP_Deflator
2021,DRG053,52809.0,46922.91,5886.09,66414.68,0.245,20.96,N,33.01,63.88,7.14,13.09,Y,SHOP-181,15.94,1.006,0.846,2.032,GDP_Deflator
2016,DRG504,218427.26,124533.79,93893.47,246133.41,0.75,12.6,Y,60.18,87.49,19.62,11.88,N,SHOP-262,58.5,0.566,1.107,2.329,CPI_Rural
2018,DRG032,201830.17,171750.67,30079.5,339982.05,0.765,7.38,Y,32.75,93.83,17.01,0.5,N,SHOP-710,74.18,0.568,1.851,1.31,CPI_Rural
2022,DRG401,147767.63,97757.71,50009.92,343963.16,1.154,33.8,Y,46.11,85.2,4.24,23.52,Y,SHOP-773,65.09,1.069,1.525,1.494,WPI
2018,DRG079,100184.67,79199.98,20984.69,143071.78,1.093,11.26,N,75.19,87.27,11.06,22.67,N,SHOP-908,59.47,0.786,1.725,1.728,GDP_Deflator
2017,DRG234,43380.91,32731.3,10649.61,111480.27,0.947,19.71,N,23.26,46.16,19.55,11.68,Y,SHOP-822,72.3,1.454,1.435,5.411,GDP_Deflator
2022,DRG146,227906.06,194331.6,33574.46,326747.72,0.629,24.01,N,78.73,41.08,5.53,7.56,N,SHOP-239,44.8,1.133,1.954,7.577,CPI_Urban
2019,DRG520,122722.92,116871.99,5850.93,338272.24,0.154,25.62,N,3.85,66.85,13.54,19.59,Y,SHOP-799,40.91,0.674,0.886,6.184,WPI
2020,DRG474,193304.82,169548.55,23756.27,339265.0,0.642,1.88,N,16.96,96.91,17.59,19.93,Y,SHOP-855,94.08,1.177,1.973,2.507,GDP_Deflator
2021,DRG064,127486.01,88699.64,38786.37,223466.32,0.509,13.83,N,41.79,40.92,13.21,22.48,N,SHOP-830,51.23,0.696,1.658,6.584,CPI_Rural
2023,DRG695,137092.32,78459.2,58633.12,343177.58,0.586,18.25,N,22.76,70.56,16.91,9.41,N,SHOP-893,90.9,0.695,1.996,3.578,WPI
2017,DRG295,72277.71,42313.08,29964.63,134570.82,1.141,12.18,Y,35.12,42.56,9.31,20.91,N,SHOP-506,91.41,0.797,1.881,3.019,GDP_Deflator
2019,DRG308,96765.76,65552.4,31213.36,127415.86,0.518,14.27,Y,50.31,87.88,11.12,12.03,N,SHOP-475,88.63,0.928,1.364,7.855,GDP_Deflator
2016,DRG615,1121.27,1077.06,44.21,2667.56,0.318,18.85,Y,18.22,67.36,12.0,4.33,Y,SHOP-706,87.06,1.491,0.947,3.363,WPI
2018,DRG960,56552.17,37388.19,19163.98,127031.88,1.057,20.89,Y,28.61,42.86,11.98,16.86,N,SHOP-131,60.6,0.504,0.825,7.128,GDP_Deflator
2018,DRG072,148350.88,98623.88,49727.0,333406.59,0.775,22.38,Y,10.52,63.19,10.34,22.87,N,SHOP-280,30.98,1.455,1.335,5.135,GDP_Deflator
2019,DRG518,180081.34,129323.96,50757.38,333673.22,0.273,19.51,Y,32.75,72.31,9.76,4.22,Y,SHOP-536,42.07,0.88,2.144,6.703,GDP_Deflator
2019,DRG462,145458.84,80802.63,64656.21,369029.3,1.003,30.07,N,58.84,93.0,4.16,1.47,Y,SHOP-316,61.88,0.847,1.368,7.059,GDP_Deflator
2020,DRG253,52522.23,41531.15,10991.08,67551.57,0.97,14.09,N,35.07,95.56,9.92,13.34,Y,SHOP-297,60.35,0.738,1.679,6.84,GDP_Deflator
2021,DRG036,33669.4,29196.96,4472.44,57624.98,0.918,22.78,Y,64.18,42.73,9.39,8.56,Y,SHOP-793,22.1,0.842,1.988,2.991,CPI_Rural
2016,DRG860,92141.76,77146.24,14995.52,153166.7,0.771,11.59,Y,55.34,78.15,0.61,22.14,Y,SHOP-127,19.22,0.839,2.006,3.142,CPI_Rural
2018,DRG401,28660.85,25032.5,3628.35,66192.45,1.053,1.95,N,20.5,72.34,14.56,4.53,N,SHOP-871,0.12,0.946,1.725,1.332,WPI
2023,DRG504,149493.56,102983.09,46510.47,303378.19,0.507,8.16,N,43.33,64.84,6.1,14.19,N,SHOP-737,96.24,1.016,2.111,4.072,WPI
2022,DRG261,49497.14,41517.11,7980.03,88293.79,0.253,5.15,Y,62.52,56.07,13.81,17.38,Y,SHOP-423,64.52,0.633,0.974,0.426,WPI
2025,DRG471,185806.72,141281.89,44524.83,272143.21,0.558,4.47,Y,23.61,40.79,18.89,17.11,Y,SHOP-298,51.26,0.942,2.075,7.588,CPI_Urban
2019,DRG129,180297.71,154929.27,25368.44,337469.37,0.711,18.1,Y,52.74,49.27,15.15,21.8,N,SHOP-176,66.75,1.486,1.327,6.689,CPI_Urban
2020,DRG719,114344.08,109553.44,4790.64,272386.36,0.814,20.87,N,81.68,60.92,19.71,11.83,Y,SHOP-464,31.12,0.789,1.436,6.618,CPI_Urban
2025,DRG919,147055.93,90720.59,56335.34,218872.43,0.936,11.09,N,24.31,47.82,4.31,7.66,N,SHOP-490,89.64,1.124,1.69,4.063,CPI_Urban
2016,DRG315,147855.26,99823.68,48031.58,328312.76,1.055,22.03,Y,79.21,63.72,1.97,14.75,Y,SHOP-546,54.27,1.153,1.132,3.336,GDP_Deflator
2021,DRG718,6288.2,5397.57,890.63,13997.48,0.872,21.45,N,11.82,66.88,19.74,16.17,Y,SHOP-576,66.63,1.335,1.261,3.864,CPI_Rural
2023,DRG341,119099.55,111109.15,7990.4,259857.62,0.855,20.72,N,74.53,90.48,1.95,18.42,N,SHOP-345,24.94,1.05,1.29,3.856,GDP_Deflator
2018,DRG625,63976.31,49073.76,14902.55,85622.64,0.698,32.54,N,40.92,68.75,3.33,22.23,Y,SHOP-562,81.5,0.575,1.77,6.976,GDP_Deflator
2019,DRG476,184535.2,141979.97,42555.23,480361.71,0.342,26.1,Y,52.55,82.34,3.43,3.75,Y,SHOP-272,37.63,1.392,1.302,7.626,GDP_Deflator
2019,DRG790,188283.55,148674.98,39608.57,517327.15,0.513,28.56,N,38.57,78.51,18.11,6.31,Y,SHOP-506,62.36,0.985,1.991,2.449,CPI_Urban
2020,DRG863,23292.34,13193.06,10099.28,53802.56,1.062,20.21,Y,11.93,78.95,16.14,23.66,Y,SHOP-806,61.86,0.904,1.592,1.882,GDP_Deflator
2019,DRG458,156454.07,133156.1,23297.97,182578.75,0.699,9.99,Y,27.3,55.98,0.64,2.42,N,SHOP-172,72.02,1.168,2.035,7.711,CPI_Rural
2024,DRG431,141630.97,136906.32,4724.65,182553.02,0.975,30.2,Y,33.93,43.94,17.46,17.85,Y,SHOP-475,61.21,0.693,1.198,7.866,WPI
2021,DRG636,42371.97,35647.79,6724.18,92398.81,0.985,15.24,Y,57.28,64.81,15.96,5.67,N,SHOP-564,54.03,1.419,1.743,2.797,CPI_Rural
2021,DRG335,141134.34,97132.83,44001.51,155380.43,0.345,23.5,N,15.49,49.89,2.79,4.45,Y,SHOP-201,26.76,1.395,1.617,4.148,CPI_Urban
2019,DRG530,52445.85,32503.34,19942.51,143102.03,1.15,5.75,Y,16.68,59.55,3.16,10.34,N,SHOP-682,18.22,1.176,1.854,5.985,GDP_Deflator
2018,DRG731,44776.42,31618.71,13157.71,47905.44,1.198,2.85,Y,59.4,91.3,13.07,22.55,Y,SHOP-387,6.49,1.142,0.922,7.635,CPI_Urban
2024,DRG602,48920.47,37582.53,11337.94,96107.75,0.927,14.57,Y,57.93,70.79,16.13,10.72,Y,SHOP-625,64.1,1.047,1.511,0.054,CPI_Rural
2019,DRG080,34885.86,29058.66,5827.2,63816.89,0.521,0.98,Y,61.89,37.6,4.83,17.63,N,SHOP-898,69.88,1.179,1.736,5.268,WPI
2022,DRG927,58088.38,43808.24,14280.14,143667.61,1.04,8.54,N,7.48,91.83,10.83,19.47,N,SHOP-113,14.34,1.352,1.241,3.846,CPI_Rural
2017,DRG965,8931.17,5707.91,3223.26,18371.71,1.086,30.5,N,62.47,89.88,17.92,15.88,Y,SHOP-757,51.86,1.276,1.006,2.176,CPI_Urban
2020,DRG574,47130.71,29816.12,17314.59,128256.11,0.36,33.61,N,56.02,92.7,15.33,22.5,N,SHOP-550,29.33,0.999,1.884,2.687,CPI_Urban
2022,DRG026,227766.8,196144.8,31622.0,435014.97,0.254,15.22,Y,61.13,63.39,15.97,7.54,N,SHOP-425,41.98,1.134,1.208,3.688,CPI_Urban
2024,DRG521,84892.09,65034.55,19857.54,137143.85,0.83,10.22,Y,87.49,49.29,11.84,7.95,N,SHOP-560,98.7,1.407,1.054,1.493,GDP_Deflator
2016,DRG165,174638.97,158039.24,16599.73,300486.11,0.455,24.9,N,76.29,57.41,0.48,9.87,N,SHOP-924,83.28,0.997,0.941,2.585,WPI
2016,DRG835,185151.92,129057.96,56093.96,401591.9,0.874,16.98,N,3.19,90.62,6.85,16.35,N,SHOP-973,94.36,1.458,1.042,4.951,GDP_Deflator
2016,DRG555,39072.31,32227.87,6844.44,43018.35,0.345,20.54,N,53.21,71.64,8.84,4.19,N,SHOP-217,81.51,1.13,1.535,0.41,GDP_Deflator
2021,DRG568,237170.3,213853.57,23316.73,519113.14,0.818,31.38,Y,74.35,70.27,6.6,10.81,Y,SHOP-764,9.18,1.338,1.593,2.433,CPI_Rural
2022,DRG620,25202.23,16965.15,8237.08,35173.9,0.231,11.72,N,75.93,64.32,4.08,7.05,Y,SHOP-718,90.74,1.43,1.921,1.589,GDP_Deflator
2025,DRG585,11069.2,10352.43,716.77,13971.22,0.175,17.74,Y,45.75,93.39,8.75,17.64,Y,SHOP-694,3.49,0.52,1.563,4.153,WPI
2019,DRG867,217688.97,190482.55,27206.42,387050.88,0.206,16.3,Y,6.78,95.55,6.95,12.79,N,SHOP-846,77.51,0.834,1.933,5.548,CPI_Urban
2020,DRG826,130180.83,97337.13,32843.7,235035.14,0.713,30.9,N,45.9,49.13,7.85,2.58,N,SHOP-137,98.13,0.807,1.658,1.664,CPI_Rural
2022,DRG665,59852.26,51982.27,7869.99,150066.74,0.606,0.71,N,68.17,54.21,2.21,20.98,Y,SHOP-692,85.72,0.638,2.11,1.386,WPI
2025,DRG915,107806.16,64329.6,43476.56,180835.88,0.48,24.44,Y,8.76,41.42,1.3,16.04,N,SHOP-838,85.72,1.056,1.413,3.18,CPI_Rural
2017,DRG742,3785.37,2422.37,1363.0,6149.05,0.436,20.31,N,22.88,89.08,11.0,20.84,N,SHOP-498,83.82,1.282,1.381,3.425,GDP_Deflator
2023,DRG313,87276.66,73674.71,13601.95,132498.12,0.274,27.15,N,36.22,51.09,6.58,23.86,N,SHOP-327,34.85,0.615,1.445,5.308,GDP_Deflator
2022,DRG839,142752.86,85964.7,56788.16,271684.58,0.434,26.98,N,62.45,60.61,7.91,7.98,N,SHOP-451,45.65,0.534,1.963,3.663,WPI
2022,DRG428,194510.38,163749.93,30760.45,486110.26,0.293,7.78,N,4.95,48.98,17.12,22.36,N,SHOP-603,27.27,1.456,2.016,7.535,GDP_Deflator
2017,DRG090,133123.9,97077.09,36046.81,217063.07,0.883,17.75,N,25.54,71.44,10.14,1.53,Y,SHOP-438,89.18,1.141,2.194,2.103,WPI
2025,DRG300,235734.6,152317.52,83417.08,545392.31,0.336,6.88,N,17.55,63.38,18.58,20.47,N,SHOP-812,45.2,1.007,1.195,6.79,CPI_Urban
2017,DRG733,195569.1,142247.75,53321.35,454604.12,0.417,19.24,Y,19.09,51.3,3.96,15.08,N,SHOP-231,41.43,0.904,1.475,6.492,CPI_Urban
2025,DRG952,7240.13,6572.85,667.28,19779.37,0.608,30.68,Y,87.92,79.7,1.91,1.48,N,SHOP-252,92.55,1.353,1.654,2.288,CPI_Rural
2017,DRG755,97167.48,80389.16,16778.32,205785.34,0.242,16.91,N,86.73,97.49,5.98,9.75,Y,SHOP-322,88.25,1.138,1.312,0.848,GDP_Deflator
2024,DRG481,119660.3,116367.53,3292.77,321397.46,0.661,23.15,N,12.55,38.28,16.98,9.25,N,SHOP-206,13.71,0.961,1.725,2.632,CPI_Urban
2022,DRG377,76970.98,60469.97,16501.01,153067.78,0.179,22.14,Y,89.34,69.42,18.16,18.65,N,SHOP-268,18.91,1.137,1.996,3.225,WPI
2019,DRG472,88984.93,64271.02,24713.91,94922.68,0.974,6.27,Y,31.88,75.86,4.87,20.34,Y,SHOP-266,90.25,0.562,1.903,2.785,CPI_Urban
2018,DRG157,30946.83,23198.91,7747.92,65057.9,0.193,14.39,Y,9.31,44.52,1.73,23.3,Y,SHOP-978,41.21,0.892,1.735,5.876,GDP_Deflator
2020,DRG892,78432.06,62742.29,15689.77,154077.41,0.684,21.98,N,35.64,61.65,10.11,18.5,Y,SHOP-462,84.75,1.382,1.662,1.117,CPI_Urban
2018,DRG969,198694.11,151273.06,47421.05,330226.18,0.512,32.86,N,44.95,74.01,5.1,19.97,N,SHOP-518,19.5,0.856,2.048,6.576,GDP_Deflator
2020,DRG256,101136.75,98142.56,2994.19,238284.71,0.382,33.58,N,38.06,92.16,15.17,7.59,Y,SHOP-406,82.4,1.425,2.111,0.316,CPI_Rural
2024,DRG752,35219.07,31004.58,4214.49,58195.04,0.27,15.89,N,86.52,38.36,2.21,20.99,Y,SHOP-681,81.99,1.403,0.893,4.733,CPI_Urban
2017,DRG077,204456.16,163599.69,40856.47,322661.44,0.411,6.95,N,42.27,75.55,3.93,9.55,N,SHOP-332,84.29,1.31,1.399,0.163,CPI_Rural
2022,DRG513,95438.01,90666.32,4771.69,132218.84,0.691,20.09,Y,88.77,37.55,14.21,4.95,Y,SHOP-892,21.3,0.887,1.366,4.395,WPI
2019,DRG364,91865.78,65799.02,26066.76,143903.76,0.194,8.71,Y,26.24,36.97,12.25,20.73,Y,SHOP-326,13.91,0.926,1.469,6.34,WPI
2022,DRG996,195612.75,183766.62,11846.13,294193.75,0.386,12.08,Y,40.4,91.84,11.88,11.33,Y,SHOP-342,69.64,0.79,1.688,4.653,CPI_Rural
2021,DRG948,72971.9,42909.66,30062.24,103721.15,1.028,16.15,N,48.71,95.2,10.66,23.8,N,SHOP-955,55.66,0.853,1.01,2.051,WPI
2020,DRG790,51806.13,39951.56,11854.57,118878.18,0.557,16.35,Y,66.65,79.33,11.01,9.63,N,SHOP-874,33.44,0.717,2.175,1.331,CPI_Rural
2023,DRG182,173735.7,103835.81,69899.89,257851.37,0.944,3.37,N,22.03,36.95,9.6,23.64,N,SHOP-936,32.63,1.241,0.878,1.754,CPI_Urban
2025,DRG099,45067.86,43236.32,1831.54,117339.88,1.174,8.05,N,35.24,48.96,6.41,10.03,Y,SHOP-296,71.39,0.768,1.607,0.609,CPI_Rural
2021,DRG766,100393.06,63178.73,37214.33,189362.7,1.041,28.05,Y,49.18,89.03,4.45,23.61,Y,SHOP-888,44.51,0.95,1.592,0.382,CPI_Rural
2024,DRG957,178130.2,136898.09,41232.11,236463.34,0.66,2.52,N,61.92,94.78,1.15,9.88,Y,SHOP-429,72.47,1.154,1.811,2.468,GDP_Deflator
2025,DRG146,192204.65,155212.04,36992.61,415788.33,1.078,31.38,Y,24.89,72.11,15.27,13.49,Y,SHOP-429,38.65,0.657,1.538,4.413,CPI_Urban
2017,DRG717,134277.4,82577.76,51699.64,296974.69,0.304,13.92,N,68.79,80.44,13.38,1.95,N,SHOP-189,31.6,0.796,2.124,5.024,CPI_Rural
2025,DRG912,95585.14,92241.68,3343.46,211595.09,0.238,7.95,Y,14.75,45.64,19.64,7.99,N,SHOP-656,40.1,0.568,2.071,2.001,CPI_Rural
2022,DRG681,220262.88,138168.91,82093.97,252172.08,0.193,4.72,Y,29.1,82.84,17.65,19.68,Y,SHOP-455,40.62,0.664,1.236,5.893,CPI_Rural
2020,DRG667,21146.85,18850.72,2296.13,22678.2,0.818,22.01,Y,36.93,85.83,10.99,0.26,N,SHOP-450,62.67,1.041,1.187,4.643,WPI
2024,DRG623,129191.13,83370.27,45820.86,243936.92,0.969,19.29,N,44.2,41.5,17.1,0.85,N,SHOP-376,78.56,0.708,1.499,5.398,GDP_Deflator
2022,DRG173,171027.28,150437.95,20589.33,290745.08,0.212,33.02,N,34.96,91.51,16.19,8.04,N,SHOP-657,83.48,1.361,1.792,3.73,CPI_Urban
2020,DRG878,188931.53,107532.92,81398.61,250187.6,0.611,32.53,Y,15.61,67.36,1.47,17.01,Y,SHOP-115,33.85,1.122,1.738,1.77,WPI
2019,DRG798,12318.49,11005.4,1313.09,30864.53,0.455,0.92,N,27.71,51.02,0.52,18.84,Y,SHOP-242,99.82,1.233,0.939,3.845,CPI_Rural
2016,DRG818,55324.26,51606.17,3718.09,106451.03,0.164,11.14,Y,56.15,35.33,15.96,10.64,Y,SHOP-996,16.11,0.517,1.53,3.543,CPI_Urban
2024,DRG527,168715.49,137651.12,31064.37,236249.79,0.994,13.57,N,81.74,46.34,8.69,19.19,Y,SHOP-432,71.85,0.508,1.171,2.179,WPI
2021,DRG248,237151.81,164843.2,72308.61,321879.46,0.158,31.96,Y,3.8,41.78,15.33,20.02,Y,SHOP-953,0.09,0.556,1.163,5.466,WPI
2016,DRG326,109169.13,86078.66,23090.47,244940.97,0.399,21.98,Y,50.18,95.24,15.92,7.2,N,SHOP-512,80.5,1.126,1.99,0.48,WPI
2021,DRG580,107244.55,79803.57,27440.98,229046.97,0.972,18.78,Y,49.49,86.26,17.11,18.8,Y,SHOP-285,46.01,0.546,1.871,5.388,WPI
2018,DRG804,68282.23,50996.36,17285.87,145274.79,0.922,15.72,Y,33.31,52.5,18.28,24.28,N,SHOP-290,19.72,0.711,2.133,7.423,GDP_Deflator
2024,DRG314,228998.35,147065.0,81933.35,347652.97,0.443,4.85,Y,12.48,80.74,9.62,11.89,Y,SHOP-976,93.96,0.939,1.518,5.093,GDP_Deflator
2022,DRG504,40573.5,27022.92,13550.58,96901.56,1.121,3.81,Y,60.35,69.68,16.0,16.96,N,SHOP-471,4.24,1.094,0.813,2.499,CPI_Urban
2025,DRG623,191279.81,108764.43,82515.38,280654.05,0.944,24.08,Y,74.07,94.1,0.79,10.07,Y,SHOP-526,50.44,0.553,2.082,4.057,CPI_Rural
2021,DRG248,42510.09,38239.11,4270.98,84996.33,0.769,15.98,N,58.6,59.26,9.77,17.68,N,SHOP-894,87.23,1.342,1.051,0.952,CPI_Urban
2016,DRG119,173813.44,111050.76,62762.68,368195.62,0.454,32.85,Y,77.18,38.15,13.34,11.19,Y,SHOP-559,82.07,0.56,1.615,2.904,GDP_Deflator
2024,DRG837,190938.31,174829.52,16108.79,522762.76,1.083,31.2,N,26.3,76.86,18.42,16.42,N,SHOP-760,94.42,0.778,1.265,1.137,WPI
2021,DRG803,41778.49,38309.95,3468.54,52184.62,0.847,6.43,N,0.11,82.01,6.15,14.63,N,SHOP-290,52.92,0.739,1.306,3.877,GDP_Deflator
2016,DRG231,220116.06,179441.66,40674.4,237821.2,0.695,14.44,Y,44.53,55.7,0.41,17.91,Y,SHOP-228,59.15,0.572,1.324,3.536,WPI
2021,DRG319,124069.93,93379.96,30689.97,255369.66,1.156,2.36,N,15.99,78.15,6.06,19.77,Y,SHOP-481,5.93,0.97,1.72,4.398,WPI
2021,DRG071,7523.28,4643.95,2879.33,8207.2,0.754,12.4,N,71.52,35.32,2.83,22.27,Y,SHOP-195,93.21,0.526,1.412,5.342,CPI_Urban
2019,DRG108,167718.74,94813.44,72905.3,294061.44,0.609,32.35,Y,69.33,60.84,1.66,10.05,N,SHOP-527,2.17,0.665,1.062,6.374,WPI
2017,DRG165,88143.65,80955.59,7188.06,234294.72,0.44,17.65,Y,89.44,91.47,1.41,24.65,N,SHOP-277,69.56,0.704,2.099,5.17,CPI_Urban
2018,DRG835,181134.66,137959.68,43174.98,373453.25,0.22,21.17,N,54.18,43.56,3.26,6.78,N,SHOP-137,55.52,1.481,1.27,0.078,CPI_Rural
2023,DRG768,109858.64,86584.64,23274.0,307360.23,1.011,33.02,N,33.07,97.82,8.63,21.35,N,SHOP-554,81.84,0.725,1.709,4.439,WPI
2023,DRG624,126407.23,115548.01,10859.22,164839.41,0.257,17.59,N,83.57,81.3,16.46,11.57,N,SHOP-782,26.19,1.395,1.306,1.034,GDP_Deflator
2024,DRG530,15716.3,9298.86,6417.44,23223.66,1.194,16.39,N,55.18,64.78,13.54,20.1,N,SHOP-536,83.26,0.598,0.901,6.994,CPI_Rural
2024,DRG185,54307.6,45121.02,9186.58,80921.05,0.817,17.42,Y,32.8,89.55,7.13,20.83,N,SHOP-472,42.67,0.898,1.6,7.485,CPI_Urban
2017,DRG077,115246.79,75273.96,39972.83,225918.11,1.105,15.9,N,64.94,50.97,8.97,19.79,Y,SHOP-831,19.56,1.091,1.036,0.164,GDP_Deflator
2019,DRG935,149005.72,94136.23,54869.49,308610.72,0.827,5.13,Y,20.8,37.03,10.44,4.63,Y,SHOP-659,49.8,1.151,1.263,7.441,WPI
2024,DRG785,176924.95,97344.1,79580.85,360598.19,0.657,20.15,Y,14.2,84.34,13.73,13.33,Y,SHOP-631,67.13,0.655,1.862,1.904,CPI_Urban
2020,DRG108,21454.04,17609.12,3844.92,23196.43,0.364,11.35,N,87.05,54.1,2.19,8.68,N,SHOP-245,27.84,1.455,1.302,7.612,CPI_Urban
2021,DRG453,126012.83,81992.71,44020.12,184450.92,0.935,14.53,N,84.83,53.03,3.33,20.91,N,SHOP-846,29.02,0.807,1.534,2.627,CPI_Urban
2020,DRG024,70327.9,45313.39,25014.51,191094.81,0.646,12.97,Y,59.02,61.39,2.74,18.55,Y,SHOP-226,40.14,1.017,1.009,0.334,CPI_Urban
2016,DRG100,125129.49,111903.36,13226.13,146633.89,1.169,0.21,Y,56.12,96.66,8.96,10.57,N,SHOP-690,76.11,0.617,1.377,3.771,GDP_Deflator
2022,DRG839,215160.14,125200.38,89959.76,488746.84,0.526,11.88,N,74.44,53.13,5.56,7.08,N,SHOP-572,48.13,1.339,1.152,1.66,CPI_Urban
2017,DRG478,45161.5,44066.36,1095.14,104499.97,0.184,4.02,Y,46.3,55.99,10.83,13.28,N,SHOP-264,47.65,1.087,1.824,4.006,CPI_Rural
2016,DRG666,43765.37,30161.82,13603.55,80847.82,0.295,9.88,N,19.71,94.22,8.97,1.35,N,SHOP-126,83.77,0.894,1.651,1.778,GDP_Deflator
2022,DRG886,53537.54,35747.11,17790.43,121686.3,0.34,10.16,Y,46.02,82.79,19.41,1.12,N,SHOP-981,85.41,0.757,1.554,3.314,CPI_Urban
2021,DRG401,197562.58,116675.98,80886.6,439595.46,0.224,27.35,N,51.61,89.57,8.99,6.04,N,SHOP-922,3.8,1.113,0.83,6.002,GDP_Deflator
2024,DRG473,239859.49,141533.02,98326.47,560906.96,0.371,22.8,Y,29.28,81.71,0.78,21.34,N,SHOP-584,67.52,0.524,1.475,4.788,CPI_Urban
2023,DRG185,112811.71,99970.13,12841.58,292038.98,0.299,28.62,Y,56.27,36.31,14.86,18.66,N,SHOP-126,22.61,1.118,0.945,0.325,CPI_Rural
2023,DRG773,58711.47,36052.16,22659.31,137394.79,0.223,11.13,N,69.51,64.49,19.15,9.67,Y,SHOP-997,65.96,1.356,0.995,4.405,CPI_Urban
2022,DRG005,161924.42,128267.01,33657.41,314949.94,0.517,31.41,N,68.13,92.83,6.71,13.7,N,SHOP-170,92.93,0.801,1.877,2.209,CPI_Urban
2023,DRG333,92088.77,63343.4,28745.37,247466.68,0.47,14.76,Y,54.61,36.53,12.45,24.18,N,SHOP-492,12.43,1.031,2.077,6.934,CPI_Rural
2024,DRG282,108675.04,67696.96,40978.08,143862.29,0.401,8.81,Y,6.54,87.09,18.67,7.09,Y,SHOP-752,20.34,0.651,1.609,7.663,CPI_Urban
2024,DRG036,87474.24,67172.19,20302.05,221768.63,0.179,24.55,N,47.2,86.03,14.21,24.54,Y,SHOP-693,28.02,1.058,1.283,2.527,WPI
2016,DRG424,84876.67,64127.6,20749.07,209729.23,0.751,13.19,Y,20.76,35.38,9.51,10.88,Y,SHOP-856,54.91,1.476,1.513,5.482,WPI
2024,DRG391,246997.51,198240.93,48756.58,603729.36,0.2,6.89,Y,72.7,93.88,6.73,23.75,Y,SHOP-554,24.85,0.689,1.259,2.009,GDP_Deflator
2016,DRG861,107783.59,66327.33,41456.26,159642.36,0.398,31.62,N,22.09,82.57,17.79,3.64,Y,SHOP-331,39.84,1.39,1.593,1.739,CPI_Urban
2017,DRG040,51081.93,36322.52,14759.41,84096.51,0.576,28.09,N,58.71,36.45,7.1,1.62,Y,SHOP-671,30.52,0.706,1.759,3.543,GDP_Deflator
2022,DRG556,29671.53,20163.01,9508.52,53882.06,0.172,12.21,N,55.92,81.94,8.52,1.44,Y,SHOP-219,94.75,0.671,0.927,4.994,CPI_Rural
2018,DRG573,73891.58,45147.8,28743.78,98798.72,0.635,17.34,N,15.51,61.8,12.24,17.52,Y,SHOP-891,17.0,1.236,2.046,1.594,WPI
2022,DRG447,54327.48,39899.81,14427.67,77284.04,1.127,5.98,N,1.07,91.51,12.53,23.44,N,SHOP-676,30.78,0.503,1.33,7.469,GDP_Deflator
2020,DRG208,97342.0,94858.03,2483.97,204049.61,1.193,15.66,N,20.39,40.0,4.26,5.79,N,SHOP-557,92.62,0.951,1.094,5.882,CPI_Rural
2025,DRG228,58463.19,39503.56,18959.63,163594.72,0.666,1.36,Y,73.48,79.79,6.48,5.67,N,SHOP-756,92.69,0.619,1.378,4.667,CPI_Urban
2020,DRG598,236164.56,224361.65,11802.91,486555.01,0.321,14.7,N,81.02,43.95,19.64,9.13,Y,SHOP-790,6.92,0.66,2.068,6.283,CPI_Rural
2016,DRG741,90639.62,71935.84,18703.78,139213.36,0.245,19.99,Y,83.24,51.13,2.07,12.05,N,SHOP-829,93.08,0.939,0.831,0.307,CPI_Urban
2018,DRG188,22468.83,14807.7,7661.13,37121.79,0.584,4.9,Y,31.01,81.91,14.72,1.1,N,SHOP-350,21.96,1.424,2.191,0.718,GDP_Deflator
2024,DRG085,136109.27,99979.92,36129.35,314735.96,0.672,9.76,Y,89.71,63.28,16.65,7.45,Y,SHOP-463,26.54,0.756,1.486,2.758,CPI_Urban
2025,DRG743,98097.18,94890.21,3206.97,257954.75,0.682,10.32,Y,37.9,42.35,13.32,14.73,Y,SHOP-205,33.63,0.843,1.091,6.749,WPI
2017,DRG513,5324.5,3215.73,2108.77,8467.64,0.601,26.45,N,55.52,51.82,14.6,7.9,Y,SHOP-485,65.83,1.487,2.107,6.057,CPI_Rural
2025,DRG687,138488.36,94130.43,44357.93,192021.82,0.97,7.79,Y,20.84,54.98,12.55,0.23,N,SHOP-971,16.89,0.785,1.725,1.209,CPI_Urban
2025,DRG161,181921.8,106126.74,75795.06,241962.27,0.993,16.07,Y,25.16,57.9,1.88,14.46,Y,SHOP-186,27.52,0.955,1.589,3.827,CPI_Rural
2023,DRG731,177890.11,103426.38,74463.73,408852.12,0.218,32.48,N,58.25,54.34,12.77,15.27,N,SHOP-194,55.34,0.866,2.097,1.348,CPI_Urban
2024,DRG310,90409.55,86932.09,3477.46,198893.71,0.419,1.94,Y,6.66,37.53,18.21,1.88,Y,SHOP-632,78.39,1.144,1.452,2.03,WPI
2017,DRG768,74733.13,58965.67,15767.46,114284.32,0.954,24.44,N,4.34,60.57,4.05,11.5,Y,SHOP-814,36.92,1.333,0.988,1.523,CPI_Urban
2024,DRG154,234828.66,188259.36,46569.3,287165.99,0.644,15.46,Y,41.88,55.31,13.61,17.82,Y,SHOP-914,61.08,1.371,0.84,6.515,CPI_Rural
2025,DRG520,207544.14,123056.35,84487.79,404979.16,0.295,16.28,N,13.79,69.7,5.59,6.73,N,SHOP-227,21.84,0.918,1.647,3.813,CPI_Urban
2018,DRG108,217507.64,169984.01,47523.63,485203.39,0.588,25.36,Y,85.22,60.38,1.4,11.08,N,SHOP-113,4.19,0.891,1.371,0.486,GDP_Deflator
2023,DRG066,76598.7,69598.52,7000.18,135934.92,1.063,22.56,N,19.87,80.26,13.94,20.23,Y,SHOP-267,70.82,1.458,1.783,7.614,WPI
2017,DRG410,184986.27,104598.73,80387.54,253521.77,0.175,24.67,Y,34.98,40.85,18.14,1.25,N,SHOP-545,18.19,1.153,1.145,2.535,CPI_Urban
2019,DRG248,42499.76,23885.68,18614.08,103340.27,0.181,26.1,N,83.59,49.25,6.81,4.4,N,SHOP-235,78.18,0.791,1.889,5.689,WPI
2020,DRG638,55717.93,38081.07,17636.86,116130.65,1.074,18.23,N,14.45,90.7,14.6,6.45,N,SHOP-714,46.87,1.115,1.542,2.839,CPI_Urban
2017,DRG135,155871.3,135593.47,20277.83,302086.04,0.348,6.19,N,2.63,37.94,14.66,15.09,N,SHOP-379,11.3,0.643,1.473,1.617,CPI_Rural
2017,DRG634,198511.5,181964.46,16547.04,490605.79,0.288,15.47,N,41.76,65.05,3.0,2.09,N,SHOP-339,60.5,1.06,1.958,6.463,CPI_Rural
2020,DRG637,247956.84,147172.31,100784.53,396655.91,0.264,14.96,N,71.35,55.08,1.55,19.47,Y,SHOP-885,43.79,1.23,1.761,2.707,CPI_Rural
2019,DRG515,248558.15,181632.76,66925.39,445131.72,0.974,2.5,N,39.17,52.35,12.93,12.76,Y,SHOP-818,42.22,1.42,0.968,3.387,GDP_Deflator
2023,DRG863,130756.74,122459.65,8297.09,307147.57,0.929,1.24,N,87.32,56.37,0.48,12.95,Y,SHOP-120,23.41,1.489,1.138,1.754,GDP_Deflator
2017,DRG605,40828.11,31204.53,9623.58,71244.43,0.366,20.32,N,44.11,57.44,4.34,16.59,N,SHOP-363,88.45,0.85,1.235,6.2,WPI
2023,DRG291,162801.7,102505.05,60296.65,273685.13,0.212,9.42,N,29.39,43.09,15.83,3.06,Y,SHOP-524,36.91,1.405,1.736,0.922,CPI_Rural
2016,DRG547,110159.64,65646.54,44513.1,201767.05,1.112,25.37,Y,45.71,51.93,19.22,12.9,Y,SHOP-986,83.46,1.225,1.034,7.083,GDP_Deflator
2023,DRG827,171153.19,154618.8,16534.39,379894.69,1.163,34.05,Y,32.74,94.8,4.23,6.57,Y,SHOP-943,49.48,1.198,1.393,6.606,WPI
2019,DRG496,133464.18,111730.87,21733.31,298788.6,1.017,23.19,Y,23.51,40.82,12.29,8.31,Y,SHOP-597,62.37,1.427,1.268,4.075,CPI_Rural
2022,DRG122,153735.76,85390.88,68344.88,367079.92,1.17,13.29,N,81.27,68.08,5.75,4.67,Y,SHOP-770,23.96,0.606,1.155,5.096,CPI_Rural
2024,DRG990,171699.94,139891.56,31808.38,278596.91,0.775,10.49,N,38.19,70.35,3.8,13.82,Y,SHOP-710,25.78,1.228,1.55,4.101,CPI_Urban
2024,DRG527,35000.81,23203.32,11797.49,89546.36,0.216,0.87,N,74.33,53.23,16.45,9.75,N,SHOP-887,35.51,0.559,0.983,2.263,CPI_Urban
2016,DRG127,119861.76,93814.72,26047.04,305006.07,0.962,25.02,N,45.41,90.55,19.24,18.67,N,SHOP-495,90.84,0.723,2.141,0.437,CPI_Urban
2021,DRG494,103863.48,57627.97,46235.51,204534.09,1.069,20.28,N,65.84,41.54,8.51,0.62,N,SHOP-875,36.16,0.526,0.971,2.943,WPI
2019,DRG354,58492.34,36147.14,22345.2,151965.75,0.618,14.86,Y,20.63,52.15,6.62,12.73,Y,SHOP-914,50.49,0.677,1.801,7.265,WPI
2019,DRG613,228312.66,207963.08,20349.58,421988.57,0.429,6.64,N,89.23,55.68,7.64,4.13,N,SHOP-742,87.5,1.243,2.154,3.988,CPI_Rural
2025,DRG044,201428.18,173087.36,28340.82,266534.48,0.693,16.87,N,57.5,97.45,19.47,17.5,Y,SHOP-122,66.91,0.952,1.411,6.425,GDP_Deflator
2022,DRG473,207687.69,176831.52,30856.17,432161.32,0.776,0.71,Y,17.56,36.52,16.16,13.46,N,SHOP-374,59.62,0.544,1.602,6.004,CPI_Rural
2018,DRG707,102245.15,59714.55,42530.6,273324.14,1.066,18.21,N,87.9,36.37,2.15,6.57,N,SHOP-377,10.14,1.259,1.492,6.093,WPI
2024,DRG580,180001.35,145857.16,34144.19,397214.38,0.943,7.66,N,14.32,51.73,13.44,8.14,N,SHOP-677,12.77,1.161,1.911,7.812,CPI_Urban
2020,DRG602,80352.92,45764.91,34588.01,208516.64,0.355,28.88,N,85.35,43.69,13.33,18.46,N,SHOP-215,87.71,0.829,1.28,1.357,CPI_Urban
2021,DRG355,119046.02,68694.63,50351.39,313758.62,0.563,28.08,N,69.35,82.8,4.64,10.01,Y,SHOP-427,75.45,0.972,2.08,5.266,CPI_Urban
2018,DRG722,153528.12,124945.2,28582.92,162471.66,0.828,19.59,Y,8.48,97.38,6.7,9.8,N,SHOP-735,14.71,0.77,1.245,0.26,GDP_Deflator
2017,DRG050,232015.18,216489.34,15525.84,323221.93,0.571,26.52,Y,67.51,52.54,2.61,5.08,Y,SHOP-660,9.43,1.151,2.036,4.881,GDP_Deflator
2022,DRG796,67391.5,62346.0,5045.5,116636.16,0.883,3.54,N,60.91,97.35,16.6,1.04,Y,SHOP-377,94.55,0.664,1.64,5.928,WPI
2018,DRG529,187783.35,103938.23,83845.12,357440.88,0.858,15.09,Y,1.24,37.34,17.66,3.05,N,SHOP-622,5.22,0.577,1.24,7.762,WPI
2023,DRG641,170717.22,101999.12,68718.1,355834.47,0.226,4.34,N,61.89,80.4,19.56,23.41,Y,SHOP-702,82.69,1.447,2.01,3.307,GDP_Deflator
2017,DRG024,119349.53,82149.31,37200.22,236005.45,0.296,15.35,N,8.24,35.57,12.85,9.45,Y,SHOP-584,44.8,1.343,1.872,4.71,GDP_Deflator
2016,DRG466,249236.85,175790.48,73446.37,677971.05,0.633,20.31,N,59.26,39.11,10.35,8.98,Y,SHOP-566,35.16,1.335,1.682,2.273,CPI_Rural
2022,DRG169,89393.67,81484.36,7909.31,242790.03,0.872,6.08,Y,35.66,36.04,10.04,21.31,Y,SHOP-827,50.86,0.942,0.839,4.304,WPI
2025,DRG822,42013.57,25528.41,16485.16,73133.07,1.052,9.45,Y,30.38,66.49,6.6,14.08,Y,SHOP-779,77.96,1.067,0.915,4.805,WPI
2025,DRG868,227945.26,205395.7,22549.56,590927.53,0.426,22.64,N,28.06,72.22,14.36,21.87,Y,SHOP-962,76.11,0.515,1.211,6.237,GDP_Deflator
2017,DRG018,78963.48,57736.34,21227.14,89594.5,0.354,9.68,Y,23.75,80.73,1.75,3.24,N,SHOP-868,93.15,1.311,1.276,3.259,GDP_Deflator
2018,DRG492,249831.64,174856.53,74975.11,587679.99,0.393,34.44,N,88.24,46.38,7.8,21.06,Y,SHOP-597,12.61,1.388,2.19,1.437,CPI_Rural
2021,DRG547,185376.76,104341.48,81035.28,294497.58,1.04,2.44,Y,6.82,97.05,6.15,21.37,N,SHOP-576,29.52,1.125,1.277,3.903,CPI_Urban
2021,DRG669,38986.44,36296.67,2689.77,60853.44,0.32,5.6,N,75.45,98.62,12.62,21.68,Y,SHOP-740,37.81,0.554,2.142,0.014,WPI
2018,DRG429,10544.96,6995.16,3549.8,13582.27,0.688,17.06,N,63.95,71.89,8.4,5.83,Y,SHOP-907,71.75,1.122,0.819,4.518,CPI_Rural
2019,DRG079,175308.79,135559.78,39749.01,195494.37,0.985,15.41,Y,28.36,39.81,12.72,2.66,N,SHOP-811,34.38,1.106,1.485,3.218,CPI_Urban
2025,DRG883,4676.88,4360.64,316.24,11455.64,0.166,32.6,Y,4.54,92.54,15.87,0.31,N,SHOP-221,71.44,0.978,1.61,6.387,CPI_Rural
2017,DRG090,155473.93,116703.96,38769.97,302793.0,0.491,30.95,N,9.66,81.76,17.26,17.3,Y,SHOP-794,92.86,0.546,1.814,7.662,CPI_Rural
2016,DRG299,136757.28,90335.41,46421.87,286799.19,0.281,27.23,N,71.09,81.8,18.51,14.56,N,SHOP-594,85.33,1.427,1.668,2.021,CPI_Urban
2023,DRG287,67376.15,39397.56,27978.59,174153.34,0.863,33.5,N,78.17,78.17,15.58,6.65,N,SHOP-829,26.87,1.226,0.967,5.431,GDP_Deflator
2018,DRG352,230482.47,189319.61,41162.86,522374.85,1.195,34.68,N,27.24,48.57,10.92,8.75,Y,SHOP-191,42.07,1.178,1.42,2.164,GDP_Deflator
2018,DRG056,60444.42,45724.1,14720.32,74922.27,1.188,30.21,N,85.64,38.73,13.44,12.83,Y,SHOP-494,21.46,1.115,0.831,4.868,WPI
2023,DRG121,182450.29,138260.12,44190.17,198851.22,0.309,17.05,Y,3.42,90.13,14.73,8.63,Y,SHOP-301,46.77,1.071,1.122,7.209,GDP_Deflator
2016,DRG057,186732.9,166426.7,20306.2,426201.78,1.188,19.42,N,39.4,76.28,5.92,11.83,N,SHOP-846,36.74,0.996,1.454,2.832,GDP_Deflator
2025,DRG902,25161.05,24436.28,724.77,69709.02,0.773,21.5,N,58.08,57.75,17.41,23.64,Y,SHOP-227,67.24,0.933,1.547,5.128,CPI_Rural
2022,DRG270,122056.9,114910.49,7146.41,137466.27,0.985,13.53,N,21.63,93.05,4.7,7.28,Y,SHOP-666,58.08,1.193,0.961,1.331,CPI_Rural
2022,DRG140,22838.63,15721.23,7117.4,55151.32,0.566,11.28,Y,71.45,68.57,14.09,3.71,Y,SHOP-783,34.17,0.713,1.307,4.789,WPI
2018,DRG917,77901.8,66012.56,11889.24,139657.93,0.726,33.47,Y,57.52,96.94,1.83,14.13,Y,SHOP-503,46.08,0.752,1.577,2.841,WPI
2021,DRG946,134316.4,127777.78,6538.62,288255.8,0.64,13.12,N,88.78,62.58,7.32,12.37,Y,SHOP-406,89.15,1.492,1.711,2.888,GDP_Deflator
2020,DRG951,49314.02,27292.49,22021.53,103650.22,0.389,29.64,N,51.46,83.08,16.69,13.1,Y,SHOP-746,26.29,0.936,1.473,0.274,CPI_Rural
2018,DRG045,39678.91,34755.32,4923.59,94682.7,0.503,31.5,N,75.74,73.53,19.3,13.8,N,SHOP-301,10.22,1.17,1.879,4.231,CPI_Urban
2018,DRG867,105188.04,59623.67,45564.37,284783.93,0.639,29.7,N,25.32,52.47,14.11,18.56,Y,SHOP-752,96.18,0.952,1.589,3.583,CPI_Urban
2021,DRG567,59939.63,37527.79,22411.84,140979.15,0.319,20.29,Y,30.6,93.51,16.92,21.69,Y,SHOP-400,85.82,1.495,1.389,6.518,CPI_Rural
2022,DRG074,30381.69,24096.92,6284.77,59800.71,0.394,12.12,N,3.78,77.43,13.84,16.71,Y,SHOP-817,79.98,0.695,1.678,6.26,WPI
2022,DRG809,116021.79,75119.12,40902.67,127525.22,0.343,33.05,N,9.9,49.5,10.89,22.4,Y,SHOP-352,95.33,0.834,1.817,1.706,GDP_Deflator
2022,DRG875,22261.35,14763.94,7497.41,62007.21,1.152,21.4,Y,30.84,43.25,10.85,20.1,N,SHOP-966,32.23,0.993,0.98,6.975,GDP_Deflator
2019,DRG810,248083.96,186909.3,61174.66,511758.13,1.108,0.21,N,80.21,66.79,11.27,13.64,N,SHOP-638,52.62,1.027,0.961,3.08,CPI_Urban
2022,DRG067,71832.41,48171.33,23661.08,168586.05,1.11,30.65,Y,49.53,61.62,8.79,12.16,Y,SHOP-138,40.89,1.262,1.421,7.765,CPI_Urban
2023,DRG869,4082.8,2990.32,1092.48,11138.24,1.117,26.27,N,71.3,91.94,1.6,9.02,Y,SHOP-784,89.36,1.367,1.437,3.289,GDP_Deflator
2024,DRG372,6013.11,3659.07,2354.04,8193.08,0.328,9.06,Y,20.86,42.98,12.41,21.02,Y,SHOP-950,25.28,1.279,1.284,2.658,CPI_Urban
2022,DRG831,155087.94,90052.73,65035.21,387759.34,1.047,31.65,Y,36.43,62.17,1.21,13.69,N,SHOP-489,53.75,0.597,1.344,4.492,CPI_Rural
2017,DRG833,100568.97,93395.69,7173.28,161605.73,0.165,0.35,Y,0.26,63.26,12.45,23.73,N,SHOP-239,4.61,0.874,1.157,4.695,GDP_Deflator
2020,DRG210,31432.01,21918.69,9513.32,86476.35,0.361,8.87,N,87.64,37.02,0.26,10.65,Y,SHOP-904,94.86,1.25,0.928,6.647,CPI_Rural
2025,DRG350,205539.53,197950.2,7589.33,382737.97,0.409,5.81,N,2.63,55.84,2.45,10.24,N,SHOP-341,67.9,1.213,1.063,7.377,GDP_Deflator
2023,DRG538,16281.2,12814.45,3466.75,37791.39,0.328,7.66,Y,14.77,90.67,5.88,13.37,N,SHOP-376,83.46,0.856,1.515,2.033,GDP_Deflator
2022,DRG925,189293.53,141045.7,48247.83,448898.76,0.588,27.92,N,41.73,95.37,8.08,5.26,Y,SHOP-524,66.81,0.686,1.683,6.925,GDP_Deflator
2024,DRG104,224787.33,174341.94,50445.39,236948.35,1.04,7.39,N,53.92,79.08,7.99,9.79,N,SHOP-132,52.18,1.278,1.689,7.079,WPI
2025,DRG876,76790.47,64819.38,11971.09,112229.67,0.405,26.4,Y,51.52,97.73,14.51,19.61,N,SHOP-618,43.53,0.746,1.616,4.56,CPI_Rural
2025,DRG450,206403.3,159611.45,46791.85,328003.22,0.719,9.2,N,66.63,83.05,4.41,20.64,Y,SHOP-258,82.02,1.161,0.922,0.554,CPI_Urban
2021,DRG411,20248.27,17414.0,2834.27,51620.54,0.665,17.18,Y,48.24,75.11,19.83,12.57,Y,SHOP-770,16.74,0.585,1.961,2.45,CPI_Rural
2024,DRG277,179807.78,150450.25,29357.53,435314.01,0.199,24.56,Y,76.31,90.82,14.08,18.45,Y,SHOP-280,33.45,0.97,0.821,0.224,GDP_Deflator
2020,DRG670,51887.04,40577.63,11309.41,81911.41,0.672,30.88,Y,59.58,50.64,2.31,24.28,N,SHOP-734,77.69,0.885,0.865,5.018,WPI
2019,DRG688,218306.37,151707.67,66598.7,355740.22,0.587,13.51,N,23.44,61.33,10.09,23.04,N,SHOP-511,15.71,0.754,1.064,6.718,WPI
2020,DRG806,149926.6,124806.78,25119.82,212638.34,0.791,34.92,Y,31.06,83.97,16.44,21.2,Y,SHOP-719,73.6,0.961,1.272,1.118,CPI_Urban
2017,DRG897,114766.1,101977.99,12788.11,194547.89,0.398,24.12,N,9.05,62.55,7.88,11.39,Y,SHOP-343,32.96,0.856,1.177,2.087,WPI
2018,DRG352,241907.41,209236.35,32671.06,601792.28,0.989,21.84,Y,56.26,57.96,12.17,6.53,N,SHOP-209,33.91,1.472,1.907,6.177,GDP_Deflator
2019,DRG025,88349.37,76612.0,11737.37,209459.37,0.154,17.45,Y,17.63,57.21,2.24,20.89,N,SHOP-893,14.74,0.953,1.766,1.134,CPI_Rural
2021,DRG568,190246.38,168289.99,21956.39,250206.61,0.575,6.76,N,39.61,64.8,15.6,17.74,Y,SHOP-485,8.55,1.472,1.136,0.959,CPI_Urban
2018,DRG255,165953.63,127126.13,38827.5,259600.12,0.524,13.74,Y,54.58,91.92,0.58,5.14,Y,SHOP-400,24.96,0.533,1.147,1.292,CPI_Rural
2016,DRG487,223758.96,141340.87,82418.09,454015.44,0.586,20.08,N,72.45,88.38,17.2,3.81,Y,SHOP-516,42.34,0.542,1.686,5.256,WPI
2022,DRG145,201383.09,157175.21,44207.88,444054.22,0.292,21.47,N,2.97,83.29,14.22,22.27,Y,SHOP-272,8.32,0.64,1.111,1.635,WPI
2016,DRG220,48356.16,44679.86,3676.3,97848.0,0.245,28.75,N,83.29,84.61,19.27,15.82,Y,SHOP-106,52.83,0.704,1.805,2.872,CPI_Urban
2016,DRG179,19787.8,12312.48,7475.32,42297.34,1.019,13.77,N,33.56,82.09,18.85,16.47,N,SHOP-795,99.49,1.279,1.561,4.1,GDP_Deflator
2022,DRG876,94018.36,76619.84,17398.52,236879.98,1.029,34.31,Y,42.41,41.14,16.38,23.9,N,SHOP-747,24.68,1.185,1.224,3.029,CPI_Rural
2023,DRG749,74117.56,66960.91,7156.65,200077.74,0.229,34.83,Y,82.23,56.59,1.9,24.18,N,SHOP-443,93.85,1.086,2.187,5.171,CPI_Rural
2021,DRG073,201299.86,113359.87,87939.99,238914.11,0.843,25.4,N,43.79,91.94,7.24,11.14,Y,SHOP-604,2.57,1.432,1.169,0.23,WPI
2022,DRG655,79233.88,46165.85,33068.03,172061.13,1.09,21.39,Y,47.46,70.78,19.04,19.16,Y,SHOP-859,21.92,1.338,1.642,4.197,CPI_Urban
2024,DRG830,157651.51,145592.42,12059.09,222419.81,0.266,14.51,Y,2.68,89.9,5.76,1.86,N,SHOP-933,63.82,0.752,1.402,2.94,WPI
2020,DRG691,64887.76,39161.42,25726.34,157782.54,1.11,6.67,N,75.22,93.2,10.63,6.87,N,SHOP-560,3.43,1.033,1.885,2.333,CPI_Urban
2017,DRG755,176364.71,164576.39,11788.32,244474.98,1.144,22.49,N,32.78,70.49,0.04,10.84,N,SHOP-484,44.37,0.77,1.504,7.078,WPI
2018,DRG621,85999.49,76730.14,9269.35,220073.81,0.727,15.94,N,1.33,98.66,2.39,0.39,N,SHOP-676,95.56,0.629,2.128,2.479,CPI_Rural
2017,DRG077,112642.06,104843.79,7798.27,165454.08,0.404,17.8,Y,58.4,70.64,17.06,1.12,Y,SHOP-500,68.95,1.204,1.684,1.17,CPI_Urban
2018,DRG218,68539.02,58049.01,10490.01,146625.59,0.16,30.1,Y,35.2,73.04,3.63,18.81,Y,SHOP-323,54.6,1.144,1.663,6.624,CPI_Urban
2022,DRG426,179605.68,123598.31,56007.37,364658.8,0.678,32.98,Y,87.27,88.3,13.42,19.37,Y,SHOP-307,86.93,0.521,1.667,1.355,CPI_Urban
2018,DRG931,55550.6,49032.42,6518.18,150279.78,1.001,31.54,Y,85.41,55.35,14.64,17.28,Y,SHOP-286,41.57,1.44,1.459,0.099,CPI_Urban
2021,DRG312,226649.55,209446.03,17203.52,545835.52,1.068,14.01,N,51.98,45.66,18.89,6.61,Y,SHOP-995,15.06,0.597,0.929,0.521,WPI
2022,DRG392,136860.65,133846.87,3013.78,169362.49,0.568,12.28,N,3.75,40.8,2.75,9.85,Y,SHOP-953,56.6,1.253,2.1,1.607,CPI_Rural
2024,DRG995,15704.94,12266.08,3438.86,27531.58,1.074,26.01,Y,29.52,46.42,2.74,0.79,Y,SHOP-767,95.6,0.702,1.765,7.516,CPI_Urban
2019,DRG005,177566.28,150685.5,26880.78,258886.9,0.504,31.92,Y,52.84,62.27,5.19,10.59,N,SHOP-557,32.65,0.606,1.93,1.589,CPI_Urban
2025,DRG597,78670.35,48777.29,29893.06,176834.79,0.454,31.87,Y,45.82,75.97,14.43,22.47,N,SHOP-199,88.3,0.623,1.041,5.631,GDP_Deflator
2023,DRG804,160660.55,123380.97,37279.58,300664.95,0.744,27.3,Y,1.21,80.05,7.04,18.85,N,SHOP-800,85.61,1.187,0.895,3.862,GDP_Deflator
2017,DRG207,120021.09,68686.65,51334.44,234014.49,0.248,31.08,Y,73.08,80.53,12.01,4.8,N,SHOP-665,90.46,1.21,1.934,1.865,CPI_Urban
2022,DRG437,74879.47,46831.92,28047.55,149581.91,0.539,25.04,Y,5.08,98.13,7.27,16.0,N,SHOP-910,13.03,0.822,1.48,7.591,GDP_Deflator
2024,DRG435,84471.89,69471.07,15000.82,109652.42,0.571,19.78,N,50.12,88.33,13.52,18.79,N,SHOP-370,9.73,0.501,2.163,4.326,CPI_Urban
2022,DRG286,191917.35,114916.96,77000.39,442330.61,0.386,5.66,N,66.94,72.94,4.02,8.8,N,SHOP-186,9.67,1.187,1.389,4.74,CPI_Rural
2020,DRG660,131287.43,106467.75,24819.68,144166.25,0.447,21.0,Y,63.6,53.37,2.46,6.88,Y,SHOP-906,58.89,1.256,1.225,2.655,GDP_Deflator
2019,DRG606,228143.77,137902.02,90241.75,260366.61,0.463,29.44,N,15.98,43.29,7.3,22.4,N,SHOP-142,40.24,0.622,1.634,2.583,CPI_Rural
2018,DRG487,38078.81,33718.36,4360.45,80550.72,0.296,0.56,N,6.85,47.03,12.41,15.5,Y,SHOP-806,17.4,1.068,1.782,4.767,CPI_Urban
2016,DRG400,7843.9,4572.64,3271.26,21512.08,0.158,2.26,Y,29.67,43.31,19.96,16.73,N,SHOP-582,52.34,1.058,1.107,1.399,CPI_Rural
2021,DRG829,23600.83,14530.15,9070.68,34489.43,0.288,10.3,N,19.6,67.58,13.49,12.88,N,SHOP-776,73.23,0.508,1.303,5.382,WPI
2022,DRG568,183022.67,115807.74,67214.93,376921.79,1.047,16.43,N,8.11,82.17,0.69,7.58,N,SHOP-734,60.94,1.086,1.908,1.785,GDP_Deflator
2017,DRG787,11571.04,9503.84,2067.2,20794.5,0.633,0.42,Y,17.49,56.01,6.57,19.21,Y,SHOP-225,32.69,0.648,0.854,7.45,CPI_Urban
2024,DRG191,75830.1,53626.61,22203.49,104745.37,0.619,31.83,Y,12.33,98.42,12.76,18.89,Y,SHOP-705,8.72,0.602,0.828,1.738,GDP_Deflator
2018,DRG734,24829.39,14042.69,10786.7,62323.89,0.189,21.11,N,58.25,96.7,2.63,14.62,Y,SHOP-588,75.17,1.177,1.783,6.244,CPI_Urban
2018,DRG672,179634.29,157971.48,21662.81,242294.23,1.12,8.17,N,41.29,85.4,9.14,1.29,Y,SHOP-554,68.93,0.876,1.824,6.242,GDP_Deflator
2021,DRG821,26035.69,15512.16,10523.53,66888.56,0.489,20.82,Y,22.73,41.29,11.11,9.6,N,SHOP-281,90.73,1.185,1.583,4.896,CPI_Urban
2022,DRG606,100556.13,64610.59,35945.54,158903.63,0.527,16.65,N,23.61,39.98,14.62,21.22,N,SHOP-644,27.56,1.011,1.806,7.648,CPI_Urban
2018,DRG342,234587.99,131439.65,103148.34,644222.75,0.517,34.67,N,40.19,55.12,7.6,12.26,N,SHOP-131,33.76,1.22,2.056,2.222,GDP_Deflator
2019,DRG438,43664.92,40594.47,3070.45,121463.35,0.745,34.87,N,6.39,52.81,9.14,19.04,N,SHOP-684,18.58,0.991,1.754,7.245,CPI_Urban
2017,DRG616,146231.69,112228.13,34003.56,164557.64,0.76,27.98,N,81.18,97.08,13.65,17.36,Y,SHOP-101,4.22,0.958,1.147,0.936,GDP_Deflator
2021,DRG373,165414.48,92362.86,73051.62,175703.01,0.904,17.35,Y,31.18,63.33,7.87,13.28,Y,SHOP-683,17.7,0.637,1.589,6.717,CPI_Rural
2021,DRG927,223952.29,206654.84,17297.45,559416.29,0.178,17.01,Y,71.18,63.67,2.33,9.47,Y,SHOP-880,67.47,1.44,1.948,0.776,WPI
2021,DRG773,41607.86,25340.03,16267.83,85406.72,0.465,16.8,N,85.86,68.91,15.46,9.23,N,SHOP-555,68.24,0.616,1.097,7.458,WPI
2025,DRG325,70322.46,50594.71,19727.75,165170.24,0.263,29.65,Y,28.72,85.6,14.93,9.19,N,SHOP-766,28.54,0.717,1.21,5.281,CPI_Urban
2019,DRG084,170262.75,125933.98,44328.77,250496.08,0.397,30.59,N,65.32,97.4,3.87,20.6,Y,SHOP-596,79.55,1.21,0.974,5.459,GDP_Deflator
2019,DRG964,173478.08,126906.86,46571.22,320995.87,0.866,29.66,N,25.82,78.96,1.58,19.45,Y,SHOP-645,21.97,1.485,1.751,4.362,WPI
2018,DRG456,55755.8,31469.85,24285.95,137831.59,1.198,25.68,N,12.98,60.13,8.99,2.48,Y,SHOP-701,43.42,1.417,1.343,3.603,GDP_Deflator
2021,DRG347,19752.13,17471.98,2280.15,54654.12,0.226,22.69,N,62.64,65.07,18.73,21.86,Y,SHOP-877,49.29,1.177,1.662,4.61,CPI_Rural
2021,DRG787,162342.88,112806.2,49536.68,412487.06,0.16,12.21,N,56.41,67.86,13.66,13.26,N,SHOP-113,31.58,1.347,2.055,3.451,CPI_Rural
2019,DRG392,123938.79,70692.53,53246.26,160019.16,1.168,7.73,N,49.48,78.79,16.26,20.14,N,SHOP-137,69.31,0.81,2.142,2.297,GDP_Deflator
2016,DRG841,212812.48,129734.88,83077.6,511755.71,1.049,22.76,Y,16.59,95.75,19.1,4.63,N,SHOP-283,99.83,0.706,1.02,5.267,WPI
2024,DRG348,15351.4,12454.18,2897.22,21760.68,1.053,26.41,N,20.17,97.84,4.41,0.63,Y,SHOP-140,13.18,0.604,1.913,5.171,CPI_Rural
2019,DRG407,163157.81,149701.73,13456.08,337668.12,1.041,31.72,N,83.67,69.44,11.75,12.73,N,SHOP-696,92.9,1.383,0.943,3.464,CPI_Urban
2020,DRG369,58921.46,52220.72,6700.74,133815.68,0.562,9.7,Y,10.47,63.79,13.84,2.34,N,SHOP-985,66.59,1.004,1.714,5.34,WPI
2018,DRG195,161174.62,148801.23,12373.39,451018.06,1.093,3.5,Y,49.84,53.65,11.03,10.06,N,SHOP-133,29.29,1.086,2.048,1.989,WPI
2018,DRG007,193916.9,159972.65,33944.25,501848.12,0.39,23.54,Y,60.48,51.19,1.98,13.38,Y,SHOP-944,9.08,0.645,1.153,3.38,WPI
2021,DRG217,139743.17,134101.32,5641.85,274965.1,0.621,27.52,N,62.18,44.62,19.5,12.12,N,SHOP-934,35.14,0.695,0.87,2.655,WPI
2016,DRG255,11990.32,7513.25,4477.07,22630.19,1.134,21.78,Y,46.2,47.63,3.55,0.07,Y,SHOP-235,8.64,1.441,1.776,3.609,CPI_Rural
2018,DRG482,233951.5,210711.24,23240.26,347149.11,0.299,0.39,Y,13.1,54.74,8.34,5.0,N,SHOP-355,15.65,1.207,1.083,2.356,GDP_Deflator
2022,DRG872,207631.44,165699.59,41931.85,420263.94,0.172,32.19,N,54.88,51.43,4.17,5.49,Y,SHOP-400,14.47,0.996,2.13,7.55,GDP_Deflator
2022,DRG444,11542.49,10747.02,795.47,20396.31,0.516,1.82,Y,28.02,94.67,4.12,18.77,N,SHOP-288,79.33,0.627,1.218,5.656,CPI_Urban
2023,DRG056,182889.32,151775.31,31114.01,491747.29,0.317,13.47,Y,24.89,93.36,4.54,11.66,N,SHOP-759,57.27,0.924,1.321,1.382,CPI_Rural
2017,DRG431,159498.03,134437.86,25060.17,372215.52,0.224,13.71,Y,20.65,57.17,9.18,17.98,N,SHOP-876,13.39,0.653,2.093,7.219,GDP_Deflator
2017,DRG901,52104.64,49194.83,2909.81,120274.26,0.195,5.96,N,10.29,97.7,2.4,2.41,Y,SHOP-444,0.31,0.571,1.766,2.458,CPI_Urban
2024,DRG356,174820.07,107451.97,67368.1,417516.71,0.723,18.08,N,40.92,78.97,16.62,10.96,Y,SHOP-129,86.66,0.629,0.859,7.54,CPI_Urban
2020,DRG069,94127.57,77354.69,16772.88,242729.84,0.212,31.42,N,41.22,77.51,4.12,8.31,Y,SHOP-340,17.87,0.848,2.066,0.197,CPI_Urban
2022,DRG146,135670.84,75247.47,60423.37,245362.63,1.061,33.7,Y,20.84,49.0,14.52,16.84,Y,SHOP-464,25.36,0.563,0.943,1.129,CPI_Urban
2023,DRG817,127357.52,101153.8,26203.72,296572.26,1.133,27.21,Y,62.87,45.89,8.29,18.34,N,SHOP-600,96.81,1.177,1.963,6.656,WPI
2023,DRG031,34357.86,21858.24,12499.62,54287.31,0.492,13.36,Y,16.21,41.39,10.41,23.13,Y,SHOP-577,48.27,0.535,0.866,1.83,WPI
2017,DRG134,107928.12,95284.57,12643.55,301091.59,1.149,7.2,N,50.74,83.73,10.23,12.01,Y,SHOP-120,90.05,0.748,1.591,4.932,WPI
2021,DRG647,217840.0,152709.93,65130.07,410735.98,0.946,3.58,Y,33.63,90.56,15.15,24.33,N,SHOP-413,17.37,0.992,1.038,3.44,CPI_Urban
2022,DRG555,49022.11,46428.47,2593.64,93124.26,0.346,3.21,N,54.37,45.32,1.84,22.19,N,SHOP-807,12.4,0.8,1.466,7.594,WPI
2024,DRG900,122155.55,75385.62,46769.93,325882.86,0.499,20.53,N,84.23,86.47,13.54,2.29,Y,SHOP-351,24.7,0.943,1.048,6.577,CPI_Urban
2017,DRG056,27167.13,20627.48,6539.65,47464.71,0.331,9.7,Y,27.99,71.58,0.62,10.79,N,SHOP-997,14.66,0.754,2.005,6.373,GDP_Deflator
2022,DRG224,110965.65,76093.36,34872.29,203236.25,1.181,26.7,Y,47.56,84.74,11.77,7.15,Y,SHOP-498,22.52,1.143,2.16,7.642,CPI_Urban
2024,DRG188,204658.74,128852.49,75806.25,222776.0,0.159,2.22,N,2.86,86.99,19.74,24.54,Y,SHOP-496,83.08,1.083,1.712,4.193,CPI_Rural
2024,DRG761,237070.01,182251.26,54818.75,319641.47,0.318,10.16,Y,17.64,52.76,12.81,3.13,N,SHOP-449,0.6,0.833,1.43,1.835,WPI
2018,DRG257,115608.64,101633.77,13974.87,123345.28,0.241,27.95,Y,58.29,67.4,19.13,11.3,N,SHOP-601,26.96,0.816,2.134,7.841,WPI
2019,DRG234,220579.79,165671.07,54908.72,384647.08,0.886,26.83,N,38.84,80.03,1.25,17.22,Y,SHOP-832,44.54,1.128,1.107,6.14,WPI
2024,DRG373,99603.58,90845.52,8758.06,240085.42,0.944,6.63,Y,73.81,57.43,17.97,9.85,Y,SHOP-381,56.71,0.836,1.351,7.189,CPI_Rural
2018,DRG628,164234.57,125689.35,38545.22,319969.7,0.252,21.39,N,79.91,62.12,10.58,17.4,N,SHOP-937,5.99,1.241,1.194,3.917,WPI
2019,DRG131,218651.41,194844.94,23806.47,475641.51,0.969,31.66,Y,76.72,62.59,10.68,17.7,Y,SHOP-238,3.65,0.597,1.346,1.106,CPI_Rural
2024,DRG739,68636.66,56356.0,12280.66,154596.56,0.789,30.4,N,23.89,41.49,17.31,3.81,N,SHOP-944,97.32,1.141,1.465,5.58,CPI_Rural
2023,DRG514,128394.97,120294.64,8100.33,230862.07,0.94,27.14,N,71.92,51.57,9.37,0.06,N,SHOP-454,79.89,0.641,0.956,3.327,GDP_Deflator
2020,DRG063,24322.0,19624.57,4697.43,55011.85,1.195,8.98,N,9.06,70.88,1.53,24.23,Y,SHOP-196,13.28,0.808,1.763,2.297,WPI
2018,DRG866,186002.74,179633.2,6369.54,508183.95,0.863,22.33,N,48.84,87.39,4.58,15.52,N,SHOP-962,32.35,0.973,1.255,0.55,CPI_Rural
2019,DRG163,204458.74,130912.75,73545.99,311372.57,0.861,24.37,N,7.5,41.38,6.12,12.12,Y,SHOP-410,11.05,1.246,1.836,4.554,WPI
2024,DRG437,109958.25,97124.63,12833.62,253703.81,0.261,31.9,Y,45.83,36.42,16.23,21.49,Y,SHOP-515,8.7,1.474,1.354,6.123,WPI
2024,DRG113,211227.6,149772.28,61455.32,501695.71,0.667,7.0,Y,16.67,41.63,13.7,14.99,Y,SHOP-833,90.94,1.02,0.99,2.128,CPI_Urban
2019,DRG417,10143.29,5677.55,4465.74,11874.25,0.716,6.72,N,49.74,67.76,11.44,22.18,Y,SHOP-726,60.86,1.221,0.859,6.842,GDP_Deflator
2021,DRG425,73723.2,64253.39,9469.81,104003.47,1.16,14.14,N,63.2,45.63,12.79,12.47,N,SHOP-584,12.41,1.318,2.153,4.712,GDP_Deflator
2017,DRG663,100514.7,81827.01,18687.69,163021.88,0.799,3.14,N,56.41,40.55,1.11,21.06,N,SHOP-368,70.35,0.514,1.424,2.513,CPI_Urban
2022,DRG958,194030.12,179082.78,14947.34,370078.79,0.255,27.65,N,14.69,51.3,13.06,4.89,Y,SHOP-332,18.91,0.845,1.1,4.734,GDP_Deflator
2025,DRG964,154220.66,93425.32,60795.34,177392.13,0.174,11.26,Y,27.12,88.92,10.96,15.77,N,SHOP-163,82.09,0.675,1.994,0.262,WPI
2017,DRG681,243717.52,207703.33,36014.19,426771.37,0.709,6.32,Y,78.89,39.91,14.21,3.81,N,SHOP-923,9.75,1.386,1.097,2.936,CPI_Rural
2019,DRG375,219849.36,203382.23,16467.13,432463.8,0.32,25.5,N,84.38,40.0,11.72,1.7,N,SHOP-623,84.24,0.675,1.223,7.751,CPI_Urban
2018,DRG732,9453.48,7616.18,1837.3,17189.78,0.407,13.52,N,86.0,57.03,17.72,11.84,Y,SHOP-325,32.61,1.394,1.56,2.796,CPI_Urban
2022,DRG051,99028.25,74780.7,24247.55,118581.88,0.703,21.96,Y,46.44,93.53,14.88,7.98,Y,SHOP-739,34.89,1.011,1.447,7.006,CPI_Rural
2022,DRG890,71466.17,49519.06,21947.11,159890.75,0.331,29.47,N,86.8,69.21,18.65,0.33,Y,SHOP-285,31.66,0.856,2.07,1.174,CPI_Urban
2017,DRG864,27029.97,18220.74,8809.23,44531.54,0.186,17.2,N,41.35,37.37,19.99,6.55,N,SHOP-387,57.56,0.779,2.123,2.432,CPI_Rural
2016,DRG632,80465.42,62012.05,18453.37,213864.88,0.18,11.71,Y,79.09,66.01,0.99,8.34,Y,SHOP-833,37.38,0.772,1.564,5.824,GDP_Deflator
2025,DRG403,241746.76,204156.85,37589.91,658910.94,0.394,16.47,Y,14.19,58.64,3.39,13.34,Y,SHOP-842,36.73,0.788,1.237,0.171,CPI_Urban
2022,DRG094,97569.24,56852.72,40716.52,137705.59,1.082,18.18,Y,9.79,35.43,6.09,19.89,Y,SHOP-859,70.17,0.758,1.533,2.952,GDP_Deflator
2016,DRG902,87439.97,51890.27,35549.7,118408.41,1.192,12.72,Y,37.97,63.6,10.4,10.12,N,SHOP-749,61.0,0.615,1.576,0.461,CPI_Urban
2022,DRG742,78471.09,47040.54,31430.55,180112.21,0.826,12.64,Y,22.94,57.94,1.39,12.36,Y,SHOP-930,14.7,1.127,1.856,1.551,CPI_Urban
2016,DRG817,136279.25,87869.45,48409.8,368504.48,0.94,9.76,Y,5.81,57.05,8.27,10.93,Y,SHOP-966,95.81,1.479,1.267,4.032,WPI
2024,DRG553,1320.71,910.67,410.04,1911.8,0.699,16.6,Y,44.06,94.53,11.08,6.67,Y,SHOP-218,79.47,1.022,1.227,7.958,WPI
2025,DRG585,186122.44,175712.6,10409.84,300341.3,0.628,10.5,Y,12.78,93.04,2.72,18.55,Y,SHOP-679,62.04,0.521,1.332,7.45,CPI_Rural
2020,DRG632,27026.94,23677.95,3348.99,70449.49,0.285,14.19,N,13.34,67.15,1.7,21.71,Y,SHOP-879,4.59,0.734,1.031,7.144,GDP_Deflator
2019,DRG524,230771.73,156302.61,74469.12,494739.56,0.355,17.16,Y,15.42,52.62,3.19,14.78,N,SHOP-217,70.51,0.688,0.837,7.431,WPI
2016,DRG044,133604.3,116058.56,17545.74,318627.55,0.195,31.62,N,22.76,91.3,7.39,20.41,N,SHOP-265,56.31,1.177,1.296,3.941,WPI
2019,DRG505,97054.89,60072.9,36981.99,235764.18,0.997,18.04,N,68.47,83.89,7.22,8.18,Y,SHOP-865,73.62,0.754,1.216,5.224,GDP_Deflator
2019,DRG317,4886.99,4585.32,301.67,8165.95,0.629,15.98,N,12.36,46.26,17.02,2.51,Y,SHOP-751,72.44,1.122,0.946,7.197,CPI_Urban
2018,DRG931,135180.95,112865.77,22315.18,185313.54,1.002,33.66,Y,41.76,67.5,9.04,21.8,Y,SHOP-190,81.35,0.721,1.157,1.981,WPI
2017,DRG881,13305.62,10809.57,2496.05,20051.76,0.361,33.69,Y,81.68,65.34,11.86,4.15,N,SHOP-821,90.31,1.008,1.971,2.95,CPI_Rural
2021,DRG415,217670.6,165542.82,52127.78,602156.57,1.014,21.75,Y,26.04,61.08,6.6,10.86,N,SHOP-467,77.3,1.195,2.163,1.149,WPI
2021,DRG838,16284.03,15586.02,698.01,39493.41,1.11,2.05,N,66.72,71.2,16.63,8.74,N,SHOP-916,48.83,1.297,2.059,2.391,WPI
2021,DRG901,200567.19,132442.11,68125.08,504901.8,0.829,3.58,Y,50.5,87.84,5.39,6.94,N,SHOP-130,90.56,0.544,0.835,1.372,CPI_Urban
2017,DRG698,71610.61,56134.23,15476.38,129504.31,0.917,13.38,Y,82.4,81.05,16.66,12.17,N,SHOP-832,9.73,0.811,1.205,7.948,CPI_Rural
2020,DRG312,43469.11,34768.71,8700.4,80044.12,0.316,6.59,Y,22.13,35.85,8.27,5.02,Y,SHOP-482,29.9,1.5,1.086,7.153,CPI_Rural
2021,DRG420,233850.03,141044.27,92805.76,508492.25,0.481,28.04,Y,7.35,43.95,13.31,3.99,Y,SHOP-786,69.16,0.958,1.658,5.728,GDP_Deflator
2020,DRG300,196127.88,168541.72,27586.16,388407.06,0.233,33.99,N,27.52,86.59,1.91,20.17,Y,SHOP-167,43.88,1.464,1.116,6.261,GDP_Deflator
2022,DRG842,220452.85,193896.98,26555.87,420250.66,1.03,10.78,N,39.79,79.76,18.04,6.31,Y,SHOP-138,62.05,0.653,1.805,0.294,CPI_Rural
2019,DRG557,74125.64,72603.85,1521.79,122341.89,0.196,26.81,Y,54.68,44.84,3.49,14.3,Y,SHOP-428,95.14,1.468,1.698,6.031,WPI
2023,DRG758,32423.97,19313.91,13110.06,59255.08,0.607,2.99,N,88.4,65.92,9.9,16.12,Y,SHOP-733,16.21,1.096,2.06,2.244,GDP_Deflator
2019,DRG557,218170.77,172349.09,45821.68,504142.05,0.85,32.64,Y,48.51,87.91,9.82,19.21,N,SHOP-938,95.26,0.719,2.116,5.387,WPI
2017,DRG807,119411.26,73281.73,46129.53,192248.01,1.192,8.41,N,50.14,87.2,15.91,1.13,Y,SHOP-450,44.64,0.806,1.86,5.654,CPI_Urban
2023,DRG400,58606.45,41042.39,17564.06,144467.03,0.537,31.41,Y,81.15,87.81,10.12,13.71,N,SHOP-476,4.99,0.738,1.03,2.429,CPI_Rural
2025,DRG029,175651.42,101262.3,74389.12,245769.39,0.443,16.8,Y,76.15,92.07,13.72,9.38,Y,SHOP-794,69.07,1.036,1.955,3.11,CPI_Rural
2019,DRG483,30626.59,27137.19,3489.4,34559.72,0.575,11.4,Y,27.7,67.4,6.12,9.83,N,SHOP-956,1.17,1.006,1.094,7.132,WPI
2021,DRG731,107519.92,76833.96,30685.96,218326.37,0.351,4.77,Y,22.88,58.86,17.81,1.41,N,SHOP-166,61.56,1.079,0.804,2.52,CPI_Urban
2023,DRG702,179120.22,119279.28,59840.94,463831.11,1.078,34.44,Y,28.13,82.37,3.29,17.67,N,SHOP-355,3.55,0.969,1.259,4.262,WPI
2020,DRG400,8362.73,6124.32,2238.41,18300.56,1.188,5.95,N,85.1,51.34,16.25,20.82,N,SHOP-823,21.88,1.22,1.304,4.297,CPI_Rural
2022,DRG717,130663.25,103257.46,27405.79,348258.93,1.1,21.43,N,63.92,43.66,16.43,19.96,N,SHOP-354,96.0,1.297,2.165,0.365,CPI_Urban
2017,DRG496,28337.09,26604.23,1732.86,38904.68,0.491,10.48,Y,59.09,73.91,1.68,17.36,N,SHOP-401,11.58,0.943,1.1,6.741,CPI_Urban
2022,DRG642,97174.23,80523.02,16651.21,104425.25,1.055,26.03,N,26.1,39.3,17.61,23.32,Y,SHOP-146,90.07,1.484,1.072,4.439,GDP_Deflator
2023,DRG421,245672.46,232783.76,12888.7,565590.64,0.3,4.96,Y,40.36,90.67,2.54,17.3,N,SHOP-834,95.6,1.123,1.604,3.19,CPI_Rural
2024,DRG374,112106.61,98249.97,13856.64,221526.38,0.322,2.61,N,67.12,90.46,12.08,1.2,N,SHOP-879,85.0,1.439,1.891,7.137,GDP_Deflator
2023,DRG299,210369.03,177528.81,32840.22,447099.7,0.505,29.61,N,59.55,82.65,17.97,10.33,N,SHOP-580,21.61,0.56,1.984,3.372,CPI_Rural
2016,DRG251,169759.68,157293.87,12465.81,452408.38,0.712,5.7,N,57.66,83.62,15.02,15.99,Y,SHOP-803,34.25,1.033,1.665,7.556,CPI_Rural
2024,DRG264,87765.76,63448.63,24317.13,170966.07,0.328,3.65,N,44.47,35.85,5.74,13.64,Y,SHOP-582,55.54,0.631,1.067,5.113,GDP_Deflator
2018,DRG261,39563.72,22459.61,17104.11,44738.28,0.935,27.61,Y,66.73,66.66,18.22,16.23,N,SHOP-221,86.92,1.035,1.331,0.36,WPI
2016,DRG213,133407.53,129412.89,3994.64,189353.69,0.394,28.35,N,16.21,71.27,5.03,20.68,Y,SHOP-728,78.11,1.395,1.934,2.93,CPI_Rural
2016,DRG499,86406.51,73800.19,12606.32,184048.17,1.164,23.72,N,19.37,79.98,3.03,5.67,N,SHOP-149,44.58,0.753,1.102,4.741,CPI_Urban
2019,DRG024,127427.19,80831.98,46595.21,200140.83,1.086,1.72,N,35.48,66.62,10.21,6.92,Y,SHOP-845,77.28,0.831,1.641,1.073,WPI
2017,DRG962,196597.07,181128.08,15468.99,270998.3,0.262,4.27,Y,37.2,47.66,18.51,12.33,N,SHOP-436,73.5,0.516,1.976,2.589,WPI
2021,DRG240,76422.27,67500.47,8921.8,115090.6,0.213,19.76,Y,50.54,85.61,7.88,6.53,N,SHOP-988,51.07,1.278,0.874,7.251,GDP_Deflator
2019,DRG061,103915.22,87269.48,16645.74,232495.56,0.477,7.77,N,74.21,86.76,11.81,12.82,N,SHOP-737,42.75,1.243,1.671,4.672,CPI_Urban
2020,DRG941,201053.3,139166.6,61886.7,316656.66,0.747,5.02,N,83.68,85.24,8.55,0.53,Y,SHOP-151,18.3,0.883,1.363,2.371,CPI_Rural
2022,DRG634,80714.66,68056.7,12657.96,210159.58,1.161,9.38,Y,41.13,90.63,17.64,4.1,Y,SHOP-945,47.12,0.594,1.862,7.807,GDP_Deflator
2016,DRG746,88087.22,75240.21,12847.01,242820.6,0.64,8.73,Y,78.07,96.34,12.99,2.67,Y,SHOP-277,1.36,0.676,0.903,3.958,GDP_Deflator
2017,DRG029,21231.09,20337.26,893.83,34788.58,0.708,7.79,N,87.12,66.05,8.32,9.12,Y,SHOP-102,20.75,1.004,0.871,0.868,CPI_Rural
2018,DRG591,115104.91,64115.52,50989.39,249493.88,0.75,29.19,Y,3.59,96.32,16.55,11.14,Y,SHOP-643,53.07,1.014,1.681,7.17,WPI
2024,DRG086,101941.26,91984.97,9956.29,136532.09,1.194,18.1,N,32.74,44.95,15.52,13.67,Y,SHOP-953,61.16,0.743,1.922,0.958,CPI_Urban
2024,DRG733,63178.35,45612.69,17565.66,90082.59,0.302,1.62,N,25.77,43.53,2.78,14.85,N,SHOP-647,5.56,0.633,1.545,1.302,CPI_Rural
2021,DRG929,98697.62,81173.81,17523.81,109282.94,1.097,16.74,Y,69.22,89.12,12.16,0.39,Y,SHOP-960,26.95,1.192,1.562,3.677,GDP_Deflator
2016,DRG007,43738.65,33893.25,9845.4,114243.72,1.186,12.17,N,45.6,85.06,16.59,7.43,N,SHOP-940,84.45,1.339,1.503,0.046,CPI_Urban
2021,DRG834,41754.12,28150.65,13603.47,76765.77,0.869,21.22,N,27.82,93.44,12.58,4.87,Y,SHOP-727,28.68,0.923,1.029,6.814,GDP_Deflator
2023,DRG700,186417.88,132866.2,53551.68,448250.46,0.984,34.17,Y,84.96,95.28,1.11,1.78,N,SHOP-803,67.8,1.301,1.997,2.559,CPI_Urban
2022,DRG820,187727.2,173271.29,14455.91,456751.95,0.622,25.31,Y,40.6,61.07,18.25,5.0,N,SHOP-954,53.32,1.291,1.051,7.782,CPI_Rural
2024,DRG714,129924.69,90699.66,39225.03,226583.97,0.436,11.54,N,88.06,83.25,12.76,7.66,Y,SHOP-296,9.47,0.662,1.438,0.531,GDP_Deflator
2017,DRG452,53656.85,47196.34,6460.51,60241.29,0.368,22.71,N,87.89,71.79,14.07,12.97,N,SHOP-718,78.25,0.899,2.037,0.294,WPI
2024,DRG935,95872.78,91365.5,4507.28,220150.83,0.557,17.11,N,23.81,47.68,15.65,3.96,Y,SHOP-398,81.57,0.583,1.171,6.81,WPI
2024,DRG965,97100.61,54124.28,42976.33,261632.12,0.401,3.23,Y,35.9,94.51,2.23,18.0,Y,SHOP-113,61.95,0.55,1.267,3.617,WPI
2020,DRG569,183631.83,124450.02,59181.81,207097.38,0.547,31.7,N,51.89,51.73,17.82,13.47,Y,SHOP-816,75.76,0.705,0.829,3.695,CPI_Rural
2019,DRG556,32311.0,24321.33,7989.67,88569.43,0.463,33.0,N,26.44,88.35,9.68,9.87,N,SHOP-138,84.1,0.982,2.109,5.979,GDP_Deflator
2025,DRG478,111454.52,69087.5,42367.02,257203.92,1.151,4.47,Y,33.98,68.49,16.14,12.74,Y,SHOP-448,53.04,0.765,1.716,6.518,GDP_Deflator
2024,DRG165,246303.64,176536.97,69766.67,535926.57,0.462,28.73,Y,84.83,49.92,12.67,9.18,N,SHOP-326,25.85,1.191,1.954,5.044,CPI_Rural
2020,DRG323,128382.88,82536.6,45846.28,192994.9,0.208,34.76,Y,49.45,39.48,12.69,22.26,N,SHOP-764,26.59,1.32,1.585,4.521,WPI
2020,DRG410,46669.67,27065.16,19604.51,61449.31,0.605,5.67,Y,34.51,80.75,15.51,22.32,N,SHOP-617,18.33,0.525,1.941,6.436,WPI
2022,DRG677,196119.19,138781.77,57337.42,390782.8,0.743,23.94,N,44.63,54.75,15.08,7.69,Y,SHOP-573,3.82,0.823,1.341,4.92,WPI
2025,DRG732,7138.2,4971.28,2166.92,7743.96,1.087,24.94,Y,49.2,88.89,5.09,8.04,Y,SHOP-570,57.68,0.819,1.338,2.773,WPI
2018,DRG508,154310.22,97219.31,57090.91,375186.58,0.591,3.18,N,72.23,93.24,15.24,10.24,Y,SHOP-591,43.34,1.384,0.826,7.972,CPI_Urban
2022,DRG408,141603.14,120810.76,20792.38,298599.51,0.318,12.34,Y,23.31,79.23,5.64,6.78,Y,SHOP-688,91.63,1.065,1.286,4.415,WPI
2017,DRG698,201066.58,182320.32,18746.26,515262.23,0.578,17.25,N,33.56,87.84,0.85,1.94,Y,SHOP-386,53.27,0.998,1.304,7.575,CPI_Rural
2021,DRG856,58628.83,35883.34,22745.49,128167.41,0.473,11.58,Y,85.86,93.64,3.78,4.01,Y,SHOP-108,24.82,1.233,1.576,5.411,WPI
2019,DRG543,223059.77,149581.89,73477.88,375598.65,0.245,4.04,Y,80.31,67.78,0.96,20.43,N,SHOP-841,77.03,0.718,1.66,5.364,CPI_Rural
2017,DRG322,55390.71,36367.83,19022.88,126057.63,0.498,10.92,Y,65.84,37.87,14.89,16.86,Y,SHOP-539,30.7,0.5,2.133,1.767,GDP_Deflator
2025,DRG508,235425.9,217386.65,18039.25,255298.85,0.639,8.97,N,35.1,41.74,3.33,12.66,N,SHOP-654,4.83,1.219,1.095,1.125,GDP_Deflator
2021,DRG886,108451.1,70868.92,37582.18,153906.99,0.676,30.2,N,17.92,73.69,0.95,12.98,N,SHOP-137,23.87,1.166,1.459,7.793,GDP_Deflator
2019,DRG311,46819.23,44451.82,2367.41,110672.34,1.196,31.3,Y,68.51,55.89,18.9,23.14,Y,SHOP-778,32.27,1.367,1.93,5.103,WPI
2018,DRG489,226245.35,146971.92,79273.43,569526.48,0.446,12.77,Y,25.57,51.44,17.68,20.79,N,SHOP-157,82.27,1.439,1.232,7.799,GDP_Deflator
2018,DRG072,166224.33,115951.1,50273.23,251185.98,0.293,27.95,Y,14.71,82.01,4.31,5.7,N,SHOP-394,95.47,0.522,1.871,6.52,GDP_Deflator
2024,DRG339,199740.68,179589.95,20150.73,541460.18,0.869,5.92,Y,23.04,62.59,5.18,19.0,N,SHOP-262,84.15,1.423,1.509,1.432,GDP_Deflator
2019,DRG787,87570.41,52743.33,34827.08,144349.13,1.02,17.95,Y,88.08,65.87,14.22,16.47,N,SHOP-775,85.89,1.145,1.055,4.945,GDP_Deflator
2017,DRG174,204666.31,112606.3,92060.01,253418.39,0.521,30.17,N,25.18,93.95,10.86,6.84,N,SHOP-813,58.99,1.081,1.029,1.863,CPI_Rural
2022,DRG740,3045.62,2585.7,459.92,7326.22,0.922,0.04,N,59.06,58.64,14.09,17.11,Y,SHOP-139,47.4,0.598,1.522,5.86,CPI_Rural
2016,DRG528,146661.67,94410.18,52251.49,282016.78,0.481,15.92,Y,67.34,41.88,13.99,0.77,Y,SHOP-916,91.67,0.5,1.158,1.596,GDP_Deflator
2022,DRG973,28022.74,23360.8,4661.94,45223.61,0.707,28.85,Y,9.69,61.17,17.65,6.06,Y,SHOP-556,75.01,0.859,0.902,3.056,WPI
2020,DRG687,125193.95,71453.78,53740.17,162722.16,0.484,1.98,N,24.01,49.01,3.79,4.87,N,SHOP-544,97.21,0.93,2.131,7.182,CPI_Rural
2016,DRG015,13009.87,8161.22,4848.65,34112.59,0.86,7.48,Y,31.52,73.2,15.06,13.49,N,SHOP-362,58.52,0.851,2.154,0.143,CPI_Rural
2016,DRG912,125844.5,78669.86,47174.64,164809.54,0.192,31.14,N,62.77,37.16,16.35,0.88,N,SHOP-384,7.61,1.345,1.837,2.318,GDP_Deflator
2019,DRG275,241512.43,134932.91,106579.52,392689.34,0.49,18.5,N,33.08,94.83,15.21,11.49,Y,SHOP-170,39.43,0.782,1.094,0.962,CPI_Urban
2016,DRG043,79505.36,66882.94,12622.42,98138.24,0.989,10.04,Y,60.12,89.81,16.26,14.75,Y,SHOP-816,77.81,0.613,1.235,4.254,CPI_Urban
2016,DRG657,71369.56,51472.2,19897.36,103463.95,0.297,0.25,N,13.99,82.33,12.56,12.82,Y,SHOP-741,28.63,0.668,1.69,4.428,WPI
2025,DRG610,184320.42,121068.07,63252.35,449374.28,1.016,26.34,Y,87.47,42.82,17.51,15.13,N,SHOP-287,29.57,0.662,2.194,1.55,CPI_Rural
2017,DRG894,126573.53,87803.23,38770.3,136528.49,0.201,13.97,Y,73.86,79.5,2.98,22.79,Y,SHOP-485,94.62,0.944,1.88,3.9,CPI_Rural
2022,DRG050,196215.85,141329.68,54886.17,214117.36,0.91,4.87,Y,51.45,63.08,19.9,14.48,Y,SHOP-463,89.06,1.311,1.971,0.069,CPI_Rural
2019,DRG588,186203.73,103997.57,82206.16,213731.58,1.162,33.03,Y,59.81,73.19,11.44,1.47,N,SHOP-597,22.87,0.705,2.196,4.841,GDP_Deflator
2022,DRG743,86814.0,48341.32,38472.68,179464.08,0.369,26.13,N,62.25,93.12,9.96,0.19,N,SHOP-274,31.39,1.359,0.919,7.679,WPI
2023,DRG124,51268.46,35762.15,15506.31,138470.64,0.709,2.0,N,26.84,83.92,6.87,4.63,N,SHOP-492,74.82,0.69,1.474,6.695,WPI
2016,DRG628,176226.19,107498.63,68727.56,445657.1,0.393,14.63,Y,62.21,82.82,15.09,2.75,N,SHOP-183,3.55,0.582,2.042,2.016,GDP_Deflator
2025,DRG119,135014.03,116939.46,18074.57,261730.94,0.678,12.04,Y,82.56,53.41,14.25,18.12,N,SHOP-529,5.79,1.153,1.433,3.237,CPI_Urban
2022,DRG648,222057.89,155025.25,67032.64,445011.46,0.259,14.47,Y,43.93,59.25,8.07,5.52,N,SHOP-277,63.3,0.552,0.874,7.217,WPI
2017,DRG628,70817.71,52425.49,18392.22,77378.03,0.325,9.14,N,52.02,39.14,12.56,9.92,N,SHOP-354,72.4,0.566,2.028,0.293,CPI_Rural
2025,DRG548,237056.76,202264.94,34791.82,645771.32,0.799,12.02,N,25.35,49.2,9.77,22.56,Y,SHOP-901,99.46,0.502,2.077,3.074,WPI
2016,DRG213,25224.66,15308.36,9916.3,64920.56,1.179,32.15,N,13.26,51.79,4.52,2.6,Y,SHOP-216,84.1,0.627,1.847,7.086,WPI
2020,DRG699,3156.47,2334.89,821.58,4170.77,0.647,27.58,Y,48.94,66.2,9.67,22.0,Y,SHOP-239,17.95,1.496,1.61,3.391,GDP_Deflator
2021,DRG238,92565.72,56527.95,36037.77,173522.11,0.494,9.11,N,72.56,81.58,7.97,4.79,N,SHOP-698,12.74,0.536,1.436,5.079,CPI_Rural
2018,DRG129,104482.53,98072.49,6410.04,196768.82,0.212,26.78,Y,65.32,52.73,14.43,18.4,N,SHOP-260,73.58,0.661,1.155,0.987,GDP_Deflator
2018,DRG977,129506.49,73161.0,56345.49,343113.53,0.404,7.34,N,86.27,73.76,5.6,24.15,Y,SHOP-348,84.44,1.452,1.231,0.021,WPI
2025,DRG685,49232.19,38421.48,10810.71,128888.16,1.099,26.1,Y,51.04,66.21,18.0,24.01,Y,SHOP-879,87.45,1.117,1.426,1.53,CPI_Urban
2017,DRG927,219386.41,203692.8,15693.61,235498.83,0.952,34.61,Y,36.88,49.93,8.58,23.23,Y,SHOP-279,36.4,0.86,1.642,3.379,CPI_Urban
2023,DRG016,9208.79,7760.25,1448.54,10578.06,0.817,33.85,N,68.42,51.69,9.56,23.95,N,SHOP-708,57.64,0.965,1.42,5.975,CPI_Urban
2023,DRG985,86781.15,53580.12,33201.03,239242.45,0.756,9.96,Y,19.99,77.96,8.21,17.87,N,SHOP-261,21.44,0.594,1.917,3.736,GDP_Deflator
2020,DRG179,58105.47,39094.59,19010.88,75699.16,0.316,6.24,Y,78.65,69.03,14.7,16.74,Y,SHOP-466,13.54,1.095,1.807,0.376,CPI_Rural
2019,DRG404,158252.28,118477.74,39774.54,331755.84,0.267,2.75,N,86.99,35.17,10.67,18.97,Y,SHOP-922,14.08,0.737,1.924,0.349,WPI
2022,DRG445,123315.05,99982.59,23332.46,260722.8,0.868,1.55,N,4.4,71.17,15.34,21.26,N,SHOP-704,12.6,1.335,1.605,6.645,CPI_Urban
2021,DRG743,243423.49,186552.39,56871.1,646006.29,0.86,24.9,N,89.53,69.92,1.16,21.22,N,SHOP-429,77.52,1.172,1.053,0.365,GDP_Deflator
2022,DRG549,12197.05,7275.52,4921.53,30350.72,0.233,12.94,N,66.13,62.89,2.17,9.52,N,SHOP-197,5.12,1.228,1.725,5.683,CPI_Urban
2023,DRG682,155726.03,87341.79,68384.24,182646.06,0.985,25.17,Y,33.73,66.98,2.0,10.18,Y,SHOP-230,48.7,0.798,1.264,2.009,GDP_Deflator
2020,DRG196,112524.41,62524.34,50000.07,191840.55,0.818,26.83,Y,6.17,45.97,18.08,9.95,Y,SHOP-472,77.48,0.745,1.092,6.999,CPI_Urban
2021,DRG556,36809.88,25494.49,11315.39,53129.86,0.477,10.96,N,52.5,46.9,15.82,5.82,Y,SHOP-664,73.37,0.542,1.081,3.016,WPI
2025,DRG200,97713.09,60297.56,37415.53,136534.1,0.75,23.58,Y,73.4,38.29,4.76,10.36,Y,SHOP-236,81.42,1.268,1.951,1.593,CPI_Rural
2021,DRG292,74005.43,42407.47,31597.96,142689.34,0.166,18.22,Y,18.83,41.09,9.03,10.03,Y,SHOP-742,19.11,1.172,1.472,5.868,GDP_Deflator
2017,DRG059,97009.19,77687.39,19321.8,149876.43,0.596,7.37,Y,51.72,87.44,16.19,3.37,N,SHOP-780,34.99,0.913,1.919,5.923,GDP_Deflator
2025,DRG471,184823.51,126806.65,58016.86,431077.95,0.58,28.83,Y,71.95,60.73,11.37,8.05,N,SHOP-777,78.49,0.738,1.675,3.163,WPI
2022,DRG885,184575.06,123219.96,61355.1,494634.76,0.948,26.13,Y,76.31,88.25,13.82,5.67,N,SHOP-679,41.31,1.175,2.097,0.417,GDP_Deflator
2018,DRG344,215491.09,209117.34,6373.75,407052.31,0.986,33.52,Y,0.9,40.43,10.44,14.59,N,SHOP-990,2.41,0.965,1.194,3.325,CPI_Urban
2025,DRG245,232385.85,153106.72,79279.13,329911.13,0.928,3.77,Y,46.1,56.85,0.44,12.35,Y,SHOP-149,96.04,0.919,0.967,5.104,WPI
2023,DRG725,127630.63,79016.03,48614.6,261074.4,0.747,6.74,N,75.94,57.14,17.87,0.95,N,SHOP-947,77.6,1.23,1.2,3.111,CPI_Urban
2019,DRG301,86915.7,73111.91,13803.79,110953.97,1.05,25.56,N,5.15,40.61,7.63,16.63,Y,SHOP-501,84.99,0.673,1.298,1.278,GDP_Deflator
2020,DRG918,148536.61,123205.59,25331.02,198538.5,0.751,33.82,Y,67.23,37.87,19.03,5.01,N,SHOP-830,44.0,0.654,1.062,5.762,CPI_Rural
2024,DRG865,127621.53,90426.27,37195.26,325402.73,1.188,31.5,N,46.99,74.8,12.49,4.23,Y,SHOP-551,83.17,0.501,1.122,2.061,WPI
2024,DRG532,155298.6,132621.41,22677.19,307603.64,0.315,22.06,Y,5.16,58.41,10.45,15.62,Y,SHOP-505,68.16,0.799,2.197,6.754,WPI
2024,DRG070,72666.21,66267.87,6398.34,119288.85,0.261,11.88,Y,64.09,44.01,2.01,16.0,N,SHOP-287,36.72,0.5,1.336,0.985,CPI_Rural
2022,DRG120,246591.58,182305.96,64285.62,303232.14,0.469,19.25,N,33.97,55.23,12.78,9.39,Y,SHOP-692,57.67,0.656,1.997,6.652,GDP_Deflator
2022,DRG868,157666.4,115063.62,42602.78,274334.64,0.525,34.15,N,66.88,71.76,7.12,24.68,Y,SHOP-290,70.14,1.338,1.661,3.382,CPI_Rural
2022,DRG424,66045.69,50096.54,15949.15,120905.45,0.933,10.84,N,0.43,57.43,3.26,23.91,N,SHOP-173,94.32,0.617,1.557,3.437,WPI
2023,DRG826,91768.91,79571.89,12197.02,252116.87,0.183,8.64,N,60.69,44.82,11.81,18.06,N,SHOP-895,18.31,1.159,1.072,0.008,CPI_Urban
2022,DRG118,93850.78,84913.75,8937.03,224814.58,1.051,28.6,N,15.15,78.15,10.23,19.04,Y,SHOP-143,13.93,1.281,1.16,4.534,GDP_Deflator
2023,DRG830,226486.14,188666.6,37819.54,606678.27,0.584,31.62,Y,29.53,73.6,3.24,17.03,N,SHOP-936,12.74,1.086,1.475,0.842,WPI
2021,DRG881,129701.18,107449.02,22252.16,323736.86,1.145,23.0,N,20.53,52.85,15.86,4.28,Y,SHOP-815,84.34,0.672,2.134,0.451,GDP_Deflator
2018,DRG573,45447.0,32559.83,12887.17,123453.95,1.196,24.18,Y,67.2,46.75,3.28,3.53,N,SHOP-885,10.69,0.65,1.119,0.222,GDP_Deflator
2019,DRG154,143665.72,88816.27,54849.45,225935.02,0.215,16.16,Y,1.04,41.32,17.18,1.31,Y,SHOP-997,97.93,0.914,1.363,5.085,GDP_Deflator
2024,DRG359,156371.51,95094.98,61276.53,367417.35,0.523,16.45,Y,89.73,78.24,11.46,7.38,Y,SHOP-271,11.09,0.872,2.005,4.199,CPI_Urban
2018,DRG231,234837.46,216488.71,18348.75,364911.62,0.686,4.99,Y,47.93,82.42,14.87,16.24,N,SHOP-909,63.59,0.791,1.325,6.988,CPI_Urban
2023,DRG509,197419.72,108926.95,88492.77,492370.27,0.329,27.15,Y,78.1,42.47,15.67,8.71,Y,SHOP-836,57.6,1.115,1.568,5.164,CPI_Urban
2020,DRG766,191976.8,151927.18,40049.62,232033.22,0.176,15.22,N,63.1,71.09,13.08,16.52,N,SHOP-529,21.6,0.968,1.152,1.379,WPI
2017,DRG057,222122.56,168480.48,53642.08,462131.1,0.719,1.4,N,38.88,45.43,8.27,11.77,N,SHOP-978,33.48,0.996,1.5,6.244,CPI_Rural
2020,DRG619,126043.07,72555.1,53487.97,328649.65,0.36,28.12,N,66.51,70.04,14.18,19.85,N,SHOP-303,1.58,1.372,1.815,2.968,WPI
2024,DRG181,9068.38,7384.5,1683.88,15919.3,0.909,21.56,N,65.39,47.51,18.33,23.95,Y,SHOP-839,97.37,1.034,2.022,7.981,GDP_Deflator
2021,DRG997,150212.04,142046.47,8165.57,286201.88,0.523,30.85,N,79.97,48.83,15.6,15.15,N,SHOP-442,89.88,0.733,2.174,2.315,CPI_Urban
2017,DRG060,73165.54,48176.85,24988.69,190906.28,0.675,29.15,Y,76.37,41.95,4.22,24.99,Y,SHOP-706,98.03,1.41,1.608,0.789,GDP_Deflator
2019,DRG190,189693.17,132323.2,57369.97,257900.04,0.923,2.59,N,84.3,41.18,3.74,13.68,Y,SHOP-155,85.93,0.612,1.603,7.534,CPI_Rural
2017,DRG202,136022.05,108006.21,28015.84,198944.17,1.057,4.06,N,46.77,46.41,8.66,4.21,Y,SHOP-770,89.45,1.267,2.17,1.668,WPI
2020,DRG070,81266.32,60725.45,20540.87,129045.39,0.266,14.26,Y,20.11,77.98,13.37,9.82,Y,SHOP-700,83.97,1.03,1.275,4.411,WPI
2020,DRG535,148463.08,125723.8,22739.28,221564.32,0.156,9.67,Y,17.57,46.8,6.35,23.24,N,SHOP-430,19.81,1.208,1.173,3.546,CPI_Rural
2017,DRG613,3287.22,2090.29,1196.93,7575.56,0.372,27.48,N,60.67,78.86,1.41,6.68,N,SHOP-884,45.54,0.811,2.191,1.782,GDP_Deflator
2016,DRG104,189967.65,118192.57,71775.08,383945.55,0.65,2.73,N,52.47,75.46,4.03,6.09,Y,SHOP-641,90.46,1.201,1.385,2.011,WPI
2025,DRG493,106614.62,100151.71,6462.91,175731.95,0.935,8.34,N,49.73,88.04,12.81,22.55,N,SHOP-680,17.81,0.796,2.192,6.324,CPI_Rural
2023,DRG618,246105.45,151774.24,94331.21,527567.1,0.499,11.73,Y,48.13,35.98,1.11,0.8,N,SHOP-544,9.62,1.489,1.433,0.937,CPI_Rural
2019,DRG461,89709.45,83382.69,6326.76,215655.01,0.467,4.93,Y,60.9,75.82,19.61,4.34,Y,SHOP-420,44.2,1.317,1.165,3.214,WPI
2020,DRG922,248999.62,223286.78,25712.84,617509.27,0.609,0.48,N,44.26,76.78,7.31,22.89,Y,SHOP-441,98.16,0.591,1.836,5.818,CPI_Urban
2017,DRG383,193023.56,141253.38,51770.18,452887.75,0.948,22.24,Y,20.72,54.44,12.39,1.96,Y,SHOP-715,0.48,0.503,1.273,4.406,GDP_Deflator
2016,DRG716,101042.72,68683.66,32359.06,179446.57,0.488,9.3,Y,37.99,80.88,18.69,24.18,N,SHOP-653,21.47,0.715,1.167,4.776,CPI_Urban
2020,DRG178,164949.07,116104.34,48844.73,385264.03,0.596,29.89,Y,86.16,36.91,17.09,4.7,Y,SHOP-800,58.17,0.634,1.064,2.792,WPI
2021,DRG722,228366.17,138827.99,89538.18,249393.85,0.45,33.8,N,71.2,55.88,5.01,1.38,N,SHOP-812,17.22,0.825,1.804,4.408,GDP_Deflator
2019,DRG071,228357.59,200575.55,27782.04,571341.34,0.957,10.23,N,31.31,72.75,13.77,12.84,Y,SHOP-577,14.49,0.559,1.079,2.524,GDP_Deflator
2017,DRG962,189060.08,128942.98,60117.1,374038.73,0.876,4.92,N,23.61,94.04,4.9,21.25,N,SHOP-653,33.76,0.872,1.001,5.203,CPI_Rural
2020,DRG338,27951.91,23199.58,4752.33,57802.99,0.564,32.25,N,5.02,46.8,3.0,11.6,Y,SHOP-311,34.32,1.156,0.999,7.982,GDP_Deflator
2022,DRG501,126465.1,71917.66,54547.44,322343.8,1.124,11.19,Y,13.0,92.81,19.48,15.36,N,SHOP-784,36.55,0.541,1.353,1.506,CPI_Urban
2021,DRG286,162915.97,97758.3,65157.67,380244.81,1.036,21.06,Y,79.06,50.08,0.58,9.57,Y,SHOP-307,91.74,1.449,0.83,1.444,GDP_Deflator
2025,DRG399,211696.78,202697.07,8999.71,227748.8,0.551,25.86,N,7.16,95.48,17.77,7.79,N,SHOP-855,91.06,0.798,1.001,5.836,GDP_Deflator
2025,DRG707,155760.15,104376.42,51383.73,326441.1,0.673,31.05,Y,63.21,97.65,2.66,2.77,N,SHOP-930,38.91,1.141,1.691,1.747,GDP_Deflator
2019,DRG123,130209.05,94989.18,35219.87,282774.92,1.088,22.07,Y,55.58,38.17,3.56,12.09,N,SHOP-439,47.86,0.799,1.856,4.685,GDP_Deflator
2022,DRG700,69165.09,57754.39,11410.7,140121.64,1.088,1.37,Y,84.2,54.26,11.41,23.68,Y,SHOP-523,47.91,0.872,1.832,5.148,GDP_Deflator
2023,DRG641,104472.56,57944.91,46527.65,143113.92,0.303,4.55,Y,46.85,96.09,5.05,2.37,Y,SHOP-692,78.42,0.739,1.896,1.36,CPI_Urban
2023,DRG688,94757.82,72750.47,22007.35,113004.3,1.046,7.05,N,40.89,67.66,17.8,13.61,N,SHOP-348,7.21,1.349,1.991,1.692,CPI_Urban
2019,DRG961,173161.98,137677.39,35484.59,414139.76,1.017,29.59,Y,25.25,35.09,1.93,24.57,N,SHOP-334,19.13,0.784,1.508,2.219,WPI
2017,DRG597,195613.14,138157.14,57456.0,464348.09,0.238,27.58,N,25.61,88.72,3.25,2.23,Y,SHOP-604,51.45,0.834,0.932,1.812,CPI_Urban
2023,DRG932,234328.42,139189.4,95139.02,634294.6,0.438,9.61,N,38.22,41.51,8.92,15.7,Y,SHOP-159,39.37,1.168,2.043,6.413,CPI_Rural
2017,DRG948,99926.17,59913.09,40013.08,219186.02,0.797,26.98,Y,30.26,76.17,6.99,22.56,Y,SHOP-184,48.73,0.566,1.28,7.057,CPI_Rural
2020,DRG577,109125.54,100660.91,8464.63,259015.89,0.288,22.0,Y,54.77,83.79,5.46,8.54,N,SHOP-261,40.78,0.639,1.525,5.612,CPI_Urban
2020,DRG388,347.81,272.9,74.91,598.6,0.392,33.59,Y,69.41,66.42,9.42,19.78,Y,SHOP-824,77.19,0.636,1.624,6.413,WPI
2025,DRG903,227410.35,192674.61,34735.74,445702.2,0.746,14.18,N,76.46,36.13,13.73,19.77,Y,SHOP-544,69.02,1.421,1.46,1.015,CPI_Rural
2020,DRG632,130078.09,92915.79,37162.3,319536.53,0.624,29.42,Y,28.94,42.64,18.19,9.54,N,SHOP-162,46.46,0.555,1.844,0.571,GDP_Deflator
2025,DRG137,214715.09,205036.59,9678.5,543772.58,0.872,33.51,Y,80.57,88.64,14.41,10.03,Y,SHOP-113,53.55,0.63,1.935,6.758,WPI
2017,DRG933,70358.74,60134.7,10224.04,124264.4,0.921,28.48,N,88.66,35.29,14.28,3.85,Y,SHOP-151,99.62,0.689,1.46,0.038,GDP_Deflator
2020,DRG070,172068.21,135381.85,36686.36,333761.32,0.82,3.27,N,72.9,38.92,0.85,3.1,N,SHOP-556,80.89,1.132,2.001,5.909,WPI
2020,DRG479,154021.36,90823.53,63197.83,371952.43,0.969,0.44,N,13.1,41.56,9.11,15.49,N,SHOP-861,83.35,0.606,0.87,6.009,GDP_Deflator
2016,DRG701,59281.39,50217.12,9064.27,156453.68,0.518,4.87,N,57.98,38.05,19.74,7.43,N,SHOP-991,8.53,1.476,1.267,4.959,WPI
2020,DRG327,216339.19,158788.94,57550.25,352224.35,0.996,23.05,N,51.1,92.34,4.98,22.37,N,SHOP-221,39.97,1.427,1.781,3.202,CPI_Urban
2019,DRG158,181254.72,99779.24,81475.48,321354.89,1.106,19.08,N,12.51,37.02,9.23,2.93,N,SHOP-194,5.2,1.068,0.994,0.579,CPI_Urban
2016,DRG254,24620.21,20926.25,3693.96,51742.32,0.737,10.32,N,13.54,95.39,7.61,16.92,N,SHOP-499,16.0,0.594,1.813,1.241,CPI_Rural
2022,DRG366,63940.69,38792.9,25147.79,143079.59,1.197,19.39,N,64.53,66.36,9.81,7.88,Y,SHOP-898,75.81,1.048,1.856,7.274,CPI_Rural
2018,DRG364,144215.12,130398.94,13816.18,174013.62,0.319,5.95,N,52.18,78.69,19.9,1.27,N,SHOP-916,73.84,0.646,1.453,0.878,WPI
2022,DRG189,175575.21,99818.16,75757.05,480369.54,0.624,14.56,Y,33.47,91.85,13.21,11.89,Y,SHOP-995,30.86,1.365,1.425,5.635,CPI_Rural
2020,DRG386,164788.34,145643.15,19145.19,335343.84,0.868,28.02,N,83.48,68.79,10.6,14.94,N,SHOP-134,30.79,1.136,1.59,1.138,WPI
2020,DRG967,24821.0,20853.13,3967.87,56538.42,0.625,21.67,Y,70.38,92.5,13.21,7.36,Y,SHOP-402,81.98,0.999,1.334,7.564,WPI
2016,DRG749,174439.69,137405.56,37034.13,422527.97,0.537,9.42,N,47.93,59.12,11.33,4.17,N,SHOP-736,89.73,1.462,1.506,7.253,WPI
2016,DRG367,217839.94,164671.95,53167.99,340963.32,0.918,10.77,N,58.07,42.41,0.17,8.45,Y,SHOP-767,50.22,0.715,1.514,5.58,WPI
2019,DRG468,194968.47,174257.56,20710.91,472400.92,0.224,34.79,Y,12.13,48.34,8.62,14.9,N,SHOP-983,91.95,0.795,1.448,4.227,CPI_Urban
2021,DRG210,224016.4,209527.63,14488.77,466034.5,0.443,31.11,Y,31.76,57.68,8.78,2.97,Y,SHOP-508,58.47,1.281,1.098,6.209,CPI_Rural
2024,DRG692,188062.84,181023.26,7039.58,249745.98,0.329,0.79,N,76.48,91.84,10.23,3.54,N,SHOP-348,84.04,0.814,2.175,4.758,CPI_Urban
2025,DRG189,6050.41,4727.54,1322.87,14111.33,1.041,3.68,N,52.92,67.06,12.39,15.7,N,SHOP-759,43.37,0.754,1.33,3.226,CPI_Rural
2017,DRG381,138573.54,118068.2,20505.34,298674.39,0.925,10.63,Y,11.86,94.17,12.11,22.87,N,SHOP-243,90.24,1.167,1.357,6.092,CPI_Rural
2018,DRG225,143217.39,126161.75,17055.64,394395.25,0.695,30.81,Y,64.73,82.59,16.87,0.42,N,SHOP-744,92.02,1.292,1.06,7.993,CPI_Rural
2020,DRG012,23671.82,21934.24,1737.58,58491.64,0.684,18.19,N,31.92,75.42,19.4,4.99,N,SHOP-416,34.94,1.05,1.835,4.509,GDP_Deflator
2017,DRG254,158013.63,131418.85,26594.78,327121.35,0.624,11.04,N,59.61,47.03,13.66,12.6,N,SHOP-622,14.08,0.986,2.008,1.756,GDP_Deflator
2024,DRG829,44883.5,43629.93,1253.57,83470.64,0.656,1.46,Y,87.06,87.23,1.69,1.59,N,SHOP-265,70.01,0.781,1.623,0.039,GDP_Deflator
2017,DRG256,67997.6,49461.25,18536.35,112445.7,0.717,16.06,N,36.94,45.62,13.44,17.4,Y,SHOP-853,33.72,0.953,1.919,2.512,WPI
2018,DRG312,155257.48,85752.86,69504.62,397459.76,0.672,19.17,Y,50.76,86.76,12.08,22.54,N,SHOP-581,69.77,1.373,1.435,0.694,WPI
2019,DRG217,81679.42,71496.38,10183.04,179574.46,0.159,17.01,N,65.95,77.12,4.74,8.36,Y,SHOP-472,88.44,1.107,0.891,2.444,WPI
2025,DRG209,110227.17,65596.96,44630.21,232172.45,0.263,4.84,N,43.17,56.98,13.56,15.82,Y,SHOP-907,69.54,0.708,1.816,4.926,WPI
2025,DRG601,41386.47,40465.28,921.19,82937.32,0.805,9.61,N,49.29,84.57,8.11,3.58,N,SHOP-339,80.22,0.75,1.16,7.123,WPI
2025,DRG131,151056.2,97100.52,53955.68,372388.65,1.171,14.25,N,19.17,51.93,4.09,8.57,N,SHOP-500,91.12,1.188,1.578,6.324,CPI_Urban
2023,DRG694,39053.59,22154.14,16899.45,62962.58,0.557,10.04,Y,85.01,41.01,12.8,13.82,N,SHOP-913,37.64,0.706,1.261,4.07,WPI
2020,DRG577,11315.21,8622.79,2692.42,28222.8,0.733,7.28,Y,47.34,50.49,17.62,6.78,Y,SHOP-664,45.0,0.843,1.97,5.055,CPI_Urban
2025,DRG067,146515.12,88117.35,58397.77,359258.05,0.473,0.96,N,81.26,60.5,11.18,18.19,N,SHOP-953,34.14,0.602,1.69,4.029,WPI
2018,DRG089,171369.06,128445.66,42923.4,224842.46,0.881,30.24,N,89.38,94.02,17.24,4.63,Y,SHOP-615,5.32,1.43,1.885,7.03,GDP_Deflator
2024,DRG273,117769.73,78969.16,38800.57,175769.46,0.207,9.9,N,82.37,83.24,18.61,24.94,Y,SHOP-856,93.52,0.578,1.015,1.917,CPI_Rural
2025,DRG302,109133.79,67548.84,41584.95,211438.33,1.018,12.6,Y,86.93,88.6,7.52,0.55,N,SHOP-852,88.27,0.878,2.095,2.034,GDP_Deflator
2021,DRG642,81072.78,77883.52,3189.26,179541.59,0.781,11.17,Y,29.67,77.63,2.93,5.47,N,SHOP-981,93.93,0.716,1.788,2.427,CPI_Rural
2018,DRG757,62069.79,41691.15,20378.64,98846.76,0.526,12.23,N,69.73,37.62,12.75,22.42,Y,SHOP-408,62.68,0.804,0.807,5.512,CPI_Urban
2024,DRG341,25100.44,14011.59,11088.85,69621.95,0.226,24.94,N,80.33,72.17,11.5,21.68,Y,SHOP-106,93.91,0.905,0.983,3.954,GDP_Deflator
2020,DRG875,202328.7,115907.11,86421.59,266488.79,0.369,2.11,N,1.26,62.55,4.73,20.51,N,SHOP-120,73.89,1.038,1.545,2.504,GDP_Deflator
2025,DRG038,212410.92,186113.87,26297.05,451096.61,0.209,2.36,Y,62.55,80.2,0.03,14.38,N,SHOP-799,57.8,0.685,2.15,3.314,CPI_Rural
2020,DRG129,20207.01,14716.2,5490.81,31672.69,0.502,12.58,N,17.33,88.87,3.6,21.57,Y,SHOP-177,85.79,0.758,0.959,2.915,CPI_Urban
2023,DRG723,41816.45,39172.47,2643.98,87244.59,0.783,31.0,N,80.76,76.03,0.31,6.36,Y,SHOP-100,26.58,1.302,1.948,0.354,CPI_Urban
2022,DRG227,234005.95,205880.96,28124.99,315063.87,0.987,5.9,Y,56.96,50.39,15.79,9.14,Y,SHOP-497,39.81,0.509,2.07,6.272,CPI_Rural
2019,DRG185,39486.83,31675.46,7811.37,102525.05,1.16,25.25,N,30.22,76.71,9.3,12.63,Y,SHOP-235,61.07,0.562,1.367,4.042,CPI_Urban
2016,DRG281,139408.68,109228.18,30180.5,341661.18,0.155,23.08,N,3.95,37.77,11.94,4.55,N,SHOP-111,11.1,0.584,1.432,2.771,GDP_Deflator
2025,DRG855,181578.09,163384.06,18194.03,223311.17,0.172,32.89,N,56.61,78.25,2.33,7.24,N,SHOP-829,90.88,1.396,2.098,6.769,CPI_Urban
2018,DRG639,90250.99,73877.15,16373.84,161169.66,0.293,14.85,Y,34.98,75.65,6.09,22.01,N,SHOP-130,17.48,0.834,1.79,1.424,CPI_Rural
2021,DRG800,27673.55,20081.35,7592.2,53000.13,0.787,13.89,N,43.08,45.98,5.95,24.68,Y,SHOP-803,17.81,1.264,1.435,7.489,WPI
2018,DRG462,221098.28,215016.51,6081.77,313902.58,1.193,15.31,Y,27.21,56.14,2.82,3.1,N,SHOP-627,83.54,0.802,1.517,4.312,CPI_Rural
2016,DRG426,153000.23,110847.29,42152.94,383690.74,0.474,26.63,N,27.55,95.06,14.84,15.85,N,SHOP-950,94.53,0.922,1.059,4.075,WPI
2025,DRG322,17689.37,12485.79,5203.58,29939.41,1.126,11.12,N,86.37,52.58,16.91,16.19,Y,SHOP-550,15.94,0.818,1.349,2.567,GDP_Deflator
2018,DRG525,138645.27,115482.3,23162.97,205282.63,0.516,23.0,Y,10.25,76.86,4.47,18.22,N,SHOP-572,30.81,1.238,1.124,2.695,CPI_Urban
2021,DRG172,67319.5,40061.82,27257.68,144725.27,1.13,9.12,Y,49.37,42.49,0.54,17.36,N,SHOP-324,27.42,1.026,1.598,6.698,GDP_Deflator
2016,DRG026,213699.19,175736.35,37962.84,318375.31,0.385,0.29,Y,77.83,52.05,4.07,6.44,Y,SHOP-442,36.05,0.669,2.136,3.945,CPI_Rural
2019,DRG980,46623.27,27734.84,18888.43,53685.39,0.739,13.59,N,33.87,63.41,19.9,4.45,Y,SHOP-561,90.05,0.598,2.168,5.287,GDP_Deflator
2025,DRG898,217985.63,170825.71,47159.92,524896.47,0.585,5.09,Y,89.02,74.29,17.34,23.79,N,SHOP-416,22.1,1.123,1.282,3.425,GDP_Deflator
2024,DRG454,154193.11,104600.77,49592.34,214089.74,0.309,20.7,Y,65.5,77.31,10.11,12.33,Y,SHOP-102,95.13,1.129,1.917,3.817,CPI_Urban
2017,DRG767,123385.65,83973.6,39412.05,288808.54,0.219,33.93,Y,33.51,71.27,17.62,22.07,Y,SHOP-716,41.02,0.856,1.783,4.245,WPI
2025,DRG046,144304.76,128165.57,16139.19,337965.05,0.735,9.41,Y,65.55,56.7,3.32,2.74,N,SHOP-533,8.54,1.171,1.065,7.303,CPI_Urban
2018,DRG324,133025.05,121251.24,11773.81,233536.28,0.22,2.21,Y,27.39,48.51,1.21,15.11,N,SHOP-247,3.85,0.718,1.461,7.316,GDP_Deflator
2023,DRG840,95625.96,54773.2,40852.76,149739.34,1.063,15.57,N,58.62,80.63,13.83,21.53,Y,SHOP-551,22.93,1.275,1.883,0.836,WPI
2017,DRG633,131082.82,126642.48,4440.34,200026.92,0.496,5.74,Y,43.92,51.13,5.25,7.43,N,SHOP-880,43.48,0.871,0.836,7.582,GDP_Deflator
2020,DRG511,168152.65,137975.56,30177.09,372568.86,0.609,15.9,Y,44.45,75.93,14.01,21.27,N,SHOP-847,41.94,0.917,1.715,5.065,GDP_Deflator
2023,DRG852,161834.47,154832.43,7002.04,291838.84,1.178,19.48,N,58.37,57.41,0.02,1.21,N,SHOP-787,99.95,0.5,1.999,7.039,CPI_Urban
2022,DRG800,2223.65,1849.46,374.19,4730.21,0.992,22.85,N,52.26,59.93,6.51,19.04,Y,SHOP-255,14.92,1.247,2.12,4.199,CPI_Urban
2019,DRG739,186651.6,175437.55,11214.05,350895.67,0.501,22.93,N,82.28,78.87,13.02,0.36,Y,SHOP-165,65.94,0.632,1.577,3.873,WPI
2019,DRG883,127821.41,97892.18,29929.23,338776.79,1.139,2.29,N,80.27,55.04,8.79,15.42,N,SHOP-986,3.14,0.898,0.853,1.559,CPI_Urban
2023,DRG393,73429.31,48058.69,25370.62,167477.27,0.617,26.47,Y,57.19,54.37,17.49,6.45,N,SHOP-622,47.36,1.168,1.98,1.13,CPI_Urban
2017,DRG300,187608.98,167624.7,19984.28,363112.37,0.972,28.6,N,52.43,37.23,2.28,1.24,N,SHOP-381,79.75,1.293,1.629,6.742,GDP_Deflator
2022,DRG883,56228.6,54601.03,1627.57,77177.47,0.792,30.86,N,15.5,54.49,13.05,5.98,N,SHOP-376,52.72,0.856,1.485,4.987,CPI_Urban
2021,DRG942,97060.66,86087.12,10973.54,261717.36,0.722,24.86,Y,37.47,35.62,2.7,13.78,N,SHOP-965,46.18,1.224,1.817,1.489,CPI_Rural
2019,DRG148,118854.02,78862.0,39992.02,156525.92,1.136,6.3,N,31.33,81.12,12.05,22.78,N,SHOP-348,7.22,0.817,1.239,0.645,CPI_Rural
2020,DRG499,5141.33,4097.84,1043.49,10042.72,0.657,31.13,Y,4.52,83.28,3.48,24.88,Y,SHOP-725,27.85,1.044,1.26,6.624,GDP_Deflator
2019,DRG547,97201.5,90708.13,6493.37,194602.6,0.805,1.18,N,47.6,95.44,17.07,21.27,Y,SHOP-492,20.2,0.952,1.249,6.701,CPI_Urban
2025,DRG341,180922.64,163263.45,17659.19,328688.88,0.845,26.74,N,58.89,44.69,14.23,20.86,Y,SHOP-998,4.05,0.66,1.651,4.727,CPI_Rural
2020,DRG377,161300.17,100280.12,61020.05,302302.21,0.343,32.26,Y,4.08,42.53,8.33,22.73,Y,SHOP-625,67.53,0.727,0.988,7.142,CPI_Rural
2024,DRG679,202855.26,197219.49,5635.77,425300.77,0.809,31.74,Y,33.9,48.77,1.91,6.62,N,SHOP-874,99.53,1.101,1.409,1.576,GDP_Deflator
2020,DRG732,131327.96,108762.53,22565.43,310317.56,0.269,19.28,N,27.51,42.41,9.13,22.09,N,SHOP-849,71.59,1.019,1.716,1.29,CPI_Urban
2025,DRG498,1980.12,1746.61,233.51,5396.37,0.174,8.1,Y,83.64,65.59,5.95,4.87,Y,SHOP-318,20.21,1.127,1.054,6.469,CPI_Rural
2017,DRG493,162332.25,123015.1,39317.15,320744.67,0.315,11.77,Y,4.21,40.98,15.94,1.98,Y,SHOP-459,31.23,0.574,1.636,1.572,CPI_Urban
2019,DRG355,26228.62,18896.19,7332.43,40621.38,0.468,15.14,Y,58.71,56.85,13.65,6.42,N,SHOP-303,83.19,0.587,1.511,3.296,CPI_Urban
2016,DRG205,6363.34,6065.73,297.61,14627.95,0.606,20.89,N,44.46,83.49,12.78,4.57,Y,SHOP-692,18.47,1.199,1.979,6.435,GDP_Deflator
2025,DRG933,123760.79,100839.11,22921.68,321598.53,0.886,24.5,N,56.51,68.91,9.77,12.15,N,SHOP-710,71.0,1.111,1.387,1.462,CPI_Urban
2020,DRG823,210086.37,157626.1,52460.27,505225.42,0.528,7.21,Y,4.69,51.32,18.36,4.86,Y,SHOP-194,86.05,0.754,1.278,3.685,CPI_Urban
2019,DRG081,91565.33,72432.7,19132.63,97829.4,1.162,13.65,Y,36.43,37.18,6.66,16.19,Y,SHOP-496,32.53,0.59,1.551,6.08,WPI
2020,DRG153,10623.98,9062.58,1561.4,17469.41,1.145,18.88,N,51.16,51.37,15.89,4.04,N,SHOP-616,44.07,0.977,1.775,7.611,CPI_Rural
2024,DRG031,52978.26,49288.47,3689.79,89433.31,0.573,11.93,Y,8.21,69.34,16.8,21.73,Y,SHOP-503,23.96,1.102,1.239,0.688,CPI_Rural
2020,DRG805,144846.17,112991.0,31855.17,204909.34,0.208,11.18,N,79.37,46.51,11.97,13.43,N,SHOP-289,47.93,0.908,1.35,3.236,WPI
2021,DRG861,75409.57,45504.62,29904.95,130234.68,0.564,11.06,Y,4.21,80.09,8.7,17.84,Y,SHOP-877,84.83,0.642,1.321,3.806,GDP_Deflator
2025,DRG408,6123.44,4461.34,1662.1,7292.17,0.291,10.81,N,36.93,94.77,0.94,18.2,Y,SHOP-995,90.87,0.896,1.089,3.033,WPI
2016,DRG901,104944.89,74621.73,30323.16,147729.01,0.66,30.01,N,20.89,73.02,9.47,7.05,N,SHOP-286,27.19,1.035,1.873,7.868,CPI_Urban
2022,DRG794,191697.1,155946.84,35750.26,206151.52,0.532,33.15,Y,40.58,75.77,14.18,9.03,Y,SHOP-985,41.93,0.698,1.132,6.427,GDP_Deflator
2023,DRG141,24385.63,20344.51,4041.12,62287.9,1.046,22.4,N,63.62,53.01,14.07,16.99,Y,SHOP-328,54.96,1.003,1.465,5.623,CPI_Rural
2021,DRG465,170858.34,118307.93,52550.41,376314.2,0.544,21.98,N,51.67,95.92,17.78,8.1,N,SHOP-669,30.7,1.332,2.153,7.276,WPI
2019,DRG013,149804.29,138049.62,11754.67,245032.55,0.22,30.59,Y,4.21,82.35,10.31,4.01,Y,SHOP-335,23.71,1.475,1.236,2.981,CPI_Rural
2025,DRG638,199030.52,174361.74,24668.78,361761.26,0.565,27.5,Y,12.95,62.78,9.69,24.38,Y,SHOP-403,49.66,1.431,1.774,3.552,CPI_Urban
2025,DRG477,25004.83,18971.56,6033.27,61079.32,0.842,33.68,N,73.01,67.55,18.61,9.23,N,SHOP-696,32.79,0.912,1.545,0.084,GDP_Deflator
2024,DRG935,179534.38,125109.92,54424.46,432103.32,0.772,23.61,N,66.05,92.17,7.88,2.45,Y,SHOP-882,79.64,0.597,1.822,1.347,WPI
2016,DRG879,248154.85,173702.13,74452.72,507494.54,0.284,30.56,Y,56.67,94.01,8.79,18.68,N,SHOP-892,47.03,1.284,1.025,7.884,GDP_Deflator
2024,DRG869,16112.91,12750.25,3362.66,23149.82,0.741,11.75,Y,12.62,71.0,0.36,18.1,Y,SHOP-242,12.73,0.668,0.9,6.26,CPI_Urban
2024,DRG651,47174.33,31820.94,15353.39,93042.67,0.387,28.95,Y,4.97,43.97,9.94,15.89,N,SHOP-331,13.27,0.823,1.114,6.436,CPI_Urban
2023,DRG674,246888.37,231040.8,15847.57,539907.33,0.185,4.68,N,45.34,63.16,12.18,14.95,Y,SHOP-548,69.79,0.992,1.167,2.264,WPI
2016,DRG098,87181.28,66182.11,20999.17,149890.31,0.788,22.48,Y,62.63,35.75,0.83,9.84,N,SHOP-696,36.79,0.743,1.984,1.075,CPI_Rural
2016,DRG649,44305.24,27223.07,17082.17,83129.34,0.694,22.26,N,88.56,96.16,14.27,10.76,N,SHOP-261,79.64,1.108,1.971,7.274,WPI
2022,DRG207,119190.07,66558.64,52631.43,215107.23,0.732,23.67,N,54.79,55.27,8.85,14.85,N,SHOP-353,52.32,1.433,2.074,7.069,GDP_Deflator
2018,DRG638,109455.58,67041.52,42414.06,291677.47,0.206,12.91,N,20.43,50.92,6.63,22.34,Y,SHOP-462,88.47,1.403,1.0,0.333,GDP_Deflator
2017,DRG467,79796.77,65081.04,14715.73,167413.87,0.678,27.05,Y,8.57,77.84,16.76,11.03,Y,SHOP-847,59.69,0.599,1.51,2.511,GDP_Deflator
2025,DRG293,231285.82,129557.84,101727.98,552063.97,0.29,12.71,N,44.63,46.6,8.09,13.16,Y,SHOP-350,69.77,0.601,1.152,4.578,CPI_Urban
2025,DRG785,23534.52,18711.1,4823.42,65275.5,0.995,10.65,N,58.39,85.67,4.03,12.38,N,SHOP-354,18.74,0.619,0.892,7.668,GDP_Deflator
2024,DRG671,233583.49,207301.62,26281.87,317610.71,0.737,11.29,N,65.47,90.03,18.84,14.68,N,SHOP-806,83.51,0.913,1.589,4.412,WPI
2017,DRG922,35615.24,32703.28,2911.96,89024.49,1.122,28.28,N,47.32,45.2,3.16,8.35,Y,SHOP-895,37.44,0.575,1.881,1.617,GDP_Deflator
2021,DRG397,173375.49,137751.66,35623.83,281641.2,0.777,25.29,N,67.61,38.16,6.46,24.82,N,SHOP-235,82.06,1.495,1.317,5.378,CPI_Urban
2022,DRG084,210714.58,177549.68,33164.9,238962.69,0.309,9.81,Y,62.48,66.96,18.34,19.41,Y,SHOP-422,78.34,1.049,2.082,3.348,CPI_Urban
2022,DRG818,4737.3,2731.01,2006.29,8491.77,0.402,21.63,N,29.37,47.83,1.09,4.41,Y,SHOP-905,95.07,1.131,1.429,3.016,CPI_Rural
2017,DRG769,83742.65,77268.31,6474.34,98743.8,0.738,25.6,Y,61.84,37.04,18.98,13.33,Y,SHOP-281,3.21,0.667,2.036,0.55,GDP_Deflator
2018,DRG928,162061.82,101728.67,60333.15,222199.15,1.041,33.19,N,9.67,46.21,3.25,9.05,N,SHOP-997,88.27,1.236,1.314,3.621,GDP_Deflator
2018,DRG229,145482.85,133081.49,12401.36,240425.19,0.517,12.05,Y,23.28,63.02,4.15,18.67,Y,SHOP-549,68.47,0.856,1.664,3.101,CPI_Urban
2020,DRG932,90676.28,51116.75,39559.53,129419.99,0.945,7.04,N,37.96,71.67,5.49,17.57,N,SHOP-109,76.67,1.087,1.483,7.307,CPI_Rural
2019,DRG514,141771.11,108019.61,33751.5,223332.63,0.517,20.74,N,50.52,38.37,14.63,19.1,Y,SHOP-160,14.38,1.27,1.151,2.24,CPI_Rural
2016,DRG404,63655.4,56775.99,6879.41,145763.16,0.609,23.41,Y,50.39,47.88,2.4,1.64,Y,SHOP-901,38.84,0.973,0.991,0.12,WPI
2021,DRG220,14838.12,10309.46,4528.66,27542.83,0.438,7.06,Y,88.38,67.7,3.48,4.21,N,SHOP-320,47.48,0.546,1.099,4.108,WPI
2017,DRG803,217555.53,197307.01,20248.52,458138.38,0.526,34.21,Y,78.42,79.98,11.95,0.9,Y,SHOP-253,9.98,0.883,1.514,3.707,WPI
2022,DRG109,155091.59,93638.14,61453.45,233246.27,0.371,23.03,Y,16.35,67.13,0.92,7.69,N,SHOP-165,74.3,1.401,0.838,0.623,CPI_Urban
2022,DRG044,87991.35,75597.9,12393.45,139689.11,0.897,7.5,Y,44.2,92.4,9.19,18.61,Y,SHOP-353,2.24,0.516,1.617,0.474,GDP_Deflator
2020,DRG691,122001.72,112586.18,9415.54,290720.0,1.121,8.12,N,85.01,95.92,9.25,12.1,Y,SHOP-685,66.47,0.839,1.261,7.915,GDP_Deflator
2023,DRG620,29051.79,22865.65,6186.14,42355.85,1.06,24.11,N,47.61,87.39,18.03,5.86,Y,SHOP-978,1.47,1.131,1.458,3.822,CPI_Rural
2017,DRG406,214733.61,189101.06,25632.55,233669.74,1.19,29.78,Y,7.7,64.6,7.51,12.14,N,SHOP-773,93.18,0.811,0.824,7.974,GDP_Deflator
2022,DRG140,191852.55,121239.8,70612.75,464768.38,0.444,25.61,N,2.54,97.65,5.2,21.54,Y,SHOP-330,57.83,0.649,1.197,2.677,GDP_Deflator
2023,DRG101,193452.02,168148.31,25303.71,265998.79,1.15,27.24,N,7.29,46.24,11.8,24.2,Y,SHOP-349,17.29,1.308,1.744,7.668,WPI
2022,DRG994,23825.29,14141.84,9683.45,61760.97,0.993,31.22,Y,77.28,93.34,12.47,6.03,N,SHOP-242,82.93,0.992,1.255,6.243,GDP_Deflator
2018,DRG916,75353.81,58938.18,16415.63,107043.28,0.953,14.43,Y,68.11,76.62,13.54,17.04,Y,SHOP-120,39.28,0.923,1.878,7.367,CPI_Rural
2019,DRG514,13096.67,11173.8,1922.87,35322.89,1.04,3.15,N,76.05,66.17,15.25,18.33,Y,SHOP-112,17.7,1.104,1.559,0.126,CPI_Urban
2022,DRG138,230470.09,132599.3,97870.79,513158.01,0.276,9.43,N,3.14,81.76,15.38,23.09,N,SHOP-398,58.12,0.853,1.078,2.681,GDP_Deflator
2025,DRG868,242376.28,185332.51,57043.77,291628.17,0.624,29.15,N,12.56,49.84,17.61,15.38,N,SHOP-712,76.5,1.269,1.953,0.196,CPI_Rural
2022,DRG813,206362.52,195011.31,11351.21,559161.47,0.943,18.09,N,85.86,92.54,18.85,6.79,N,SHOP-640,81.25,0.75,1.337,1.477,CPI_Rural
2022,DRG848,191002.77,148724.26,42278.51,460917.18,0.948,31.48,N,67.49,37.41,1.81,2.38,N,SHOP-870,33.4,1.13,1.06,0.131,CPI_Rural
2025,DRG605,226932.12,146594.99,80337.13,254134.49,1.179,16.06,Y,34.94,40.19,0.21,7.21,Y,SHOP-733,54.62,0.978,1.691,7.308,WPI
2020,DRG512,13446.73,9349.2,4097.53,31464.99,0.197,32.13,N,40.9,36.46,11.85,14.68,N,SHOP-878,79.89,1.208,1.84,0.892,WPI
2016,DRG852,221796.91,139650.69,82146.22,620552.49,1.093,13.91,N,39.78,40.1,10.1,20.82,Y,SHOP-541,28.85,0.798,1.298,0.985,WPI
2016,DRG683,137569.23,94527.88,43041.35,367753.59,0.723,1.68,N,41.57,85.25,16.11,5.53,Y,SHOP-634,51.94,1.418,1.929,5.013,WPI
2018,DRG546,204864.02,173203.23,31660.79,278346.61,0.447,3.83,Y,62.8,94.13,3.75,12.5,Y,SHOP-926,79.0,1.217,1.435,2.258,CPI_Rural
2025,DRG985,104299.98,68398.79,35901.19,115455.24,0.163,0.1,N,35.87,47.16,15.7,8.12,N,SHOP-852,66.28,0.854,2.032,2.452,CPI_Rural
2025,DRG559,93793.72,88847.11,4946.61,200857.07,1.135,28.76,N,57.4,62.03,7.23,17.68,Y,SHOP-726,91.98,0.792,0.817,7.869,GDP_Deflator
2021,DRG089,238561.74,184677.21,53884.53,571184.04,0.788,29.96,N,76.55,93.55,5.95,19.01,Y,SHOP-814,22.25,1.401,1.231,3.072,GDP_Deflator
2020,DRG199,129848.41,98435.72,31412.69,255476.98,0.949,15.3,Y,63.43,78.99,15.63,20.87,N,SHOP-979,96.37,0.907,1.641,0.754,GDP_Deflator
2017,DRG621,194589.66,180502.49,14087.17,299056.57,0.566,9.31,N,70.32,59.19,16.75,20.23,Y,SHOP-933,44.05,1.471,0.808,6.084,GDP_Deflator
2016,DRG394,48689.79,40506.06,8183.73,83199.75,0.964,11.07,N,24.74,58.47,16.77,9.3,N,SHOP-618,53.89,1.057,1.507,0.172,CPI_Urban
2017,DRG513,77931.07,49069.98,28861.09,140891.24,0.329,31.6,Y,27.49,91.39,2.83,4.34,Y,SHOP-685,71.47,1.42,2.042,7.293,CPI_Urban
2024,DRG272,157006.44,149868.83,7137.61,427755.54,0.171,2.05,Y,26.3,36.66,16.18,13.92,Y,SHOP-382,54.42,0.908,1.629,1.698,CPI_Rural
2018,DRG102,96937.74,74865.21,22072.53,251197.22,1.007,32.81,N,87.78,92.03,9.84,16.87,Y,SHOP-979,15.72,0.511,0.827,1.345,WPI
2020,DRG608,133802.6,129830.6,3972.0,290940.7,0.693,23.55,Y,66.01,86.17,10.97,18.86,N,SHOP-387,29.65,1.193,2.148,1.791,WPI
2018,DRG975,183820.07,116441.5,67378.57,367952.94,1.166,15.09,Y,29.57,40.38,9.69,20.76,N,SHOP-101,60.25,0.723,0.937,3.222,GDP_Deflator
2023,DRG413,216939.76,183427.82,33511.94,506765.23,0.411,3.35,N,8.27,82.41,3.37,7.89,Y,SHOP-964,28.25,1.206,1.95,5.907,GDP_Deflator
2023,DRG730,63343.9,45761.93,17581.97,162861.55,0.739,23.7,Y,54.63,83.67,12.68,3.57,N,SHOP-370,1.85,1.028,1.06,4.732,CPI_Rural
2020,DRG787,112409.97,78232.92,34177.05,232849.14,0.516,20.36,N,79.1,56.48,4.37,19.73,Y,SHOP-626,61.94,0.775,1.62,1.787,CPI_Urban
2022,DRG445,153740.5,134546.46,19194.04,328000.33,0.675,17.77,Y,84.31,55.14,15.34,23.72,N,SHOP-214,71.76,1.187,2.0,6.986,CPI_Urban
2018,DRG469,14631.69,11697.41,2934.28,38720.53,0.42,9.46,N,72.41,40.94,15.05,18.42,N,SHOP-255,16.32,1.224,1.451,0.856,CPI_Urban
2019,DRG243,32044.97,24002.11,8042.86,77104.05,0.701,4.66,Y,26.61,89.13,18.53,12.77,Y,SHOP-984,41.0,0.51,1.846,7.005,CPI_Rural
2020,DRG448,46559.36,37587.86,8971.5,70258.78,0.308,31.47,Y,3.38,51.5,8.85,23.1,N,SHOP-297,30.71,1.044,2.099,4.891,CPI_Rural
2020,DRG212,220164.18,184224.95,35939.23,404756.01,0.844,13.05,N,86.38,56.11,12.51,21.83,N,SHOP-606,66.92,1.267,1.121,1.406,WPI
2016,DRG594,112052.22,94407.03,17645.19,159172.34,1.122,1.59,Y,80.9,75.73,13.2,22.84,Y,SHOP-241,20.06,0.742,2.14,2.775,WPI
2022,DRG458,21544.27,19582.83,1961.44,59140.31,0.671,15.89,N,86.53,78.37,6.45,23.25,N,SHOP-220,51.71,0.53,1.362,0.983,CPI_Rural
2021,DRG697,96583.91,58723.07,37860.84,248813.85,0.939,22.0,N,26.21,42.15,19.45,24.86,Y,SHOP-832,3.75,0.777,1.881,1.982,WPI
2020,DRG788,117049.31,82233.77,34815.54,215778.05,0.883,30.78,N,50.26,62.86,11.46,4.62,Y,SHOP-523,32.4,1.237,1.584,5.741,CPI_Rural
2021,DRG093,42383.72,37290.66,5093.06,49823.3,1.039,21.44,Y,87.26,98.19,16.08,12.05,Y,SHOP-946,26.67,1.412,2.198,4.477,CPI_Urban
2018,DRG267,169641.7,123901.83,45739.87,256940.19,0.209,19.67,N,77.29,41.08,0.87,24.44,N,SHOP-351,21.4,1.104,1.981,3.034,WPI
2016,DRG542,193565.45,138141.72,55423.73,365743.69,1.119,7.97,Y,21.2,66.6,7.07,15.96,N,SHOP-265,86.43,1.013,1.461,3.239,CPI_Urban
2025,DRG652,217324.36,171258.23,46066.13,424938.45,0.795,2.45,Y,35.28,36.63,2.07,2.04,Y,SHOP-687,25.13,1.336,0.978,2.077,WPI
2017,DRG137,192946.69,179219.33,13727.36,212819.09,0.162,7.1,Y,80.42,86.41,7.45,4.45,Y,SHOP-704,38.61,0.796,1.289,3.892,CPI_Rural
2021,DRG171,45456.28,39035.96,6420.32,102865.59,0.165,28.73,N,17.33,79.71,19.47,4.4,N,SHOP-634,72.68,0.57,1.609,4.577,GDP_Deflator
2019,DRG870,95599.59,58905.55,36694.04,154101.0,0.737,30.44,N,40.09,46.34,14.27,1.72,N,SHOP-675,10.1,0.801,1.031,4.843,CPI_Urban
2022,DRG597,179574.24,170487.98,9086.26,220134.73,0.772,28.59,N,43.87,72.08,10.38,3.52,N,SHOP-214,26.11,0.936,1.58,3.396,CPI_Urban
2018,DRG565,43209.76,32420.42,10789.34,47713.9,0.233,32.18,N,72.36,55.33,16.8,6.79,N,SHOP-717,57.84,0.93,1.258,5.148,CPI_Rural
2025,DRG535,52991.31,46779.18,6212.13,89674.2,0.485,5.38,N,31.31,40.32,9.28,13.71,Y,SHOP-869,22.82,0.987,1.861,3.38,CPI_Urban
2024,DRG415,162711.83,101761.77,60950.06,181175.5,0.31,22.35,Y,61.77,48.54,16.88,23.83,N,SHOP-321,21.51,0.539,0.904,1.985,GDP_Deflator
2018,DRG523,125462.14,71082.95,54379.19,159433.26,0.176,7.28,N,47.8,71.39,0.93,18.11,Y,SHOP-961,67.1,0.834,2.163,0.201,GDP_Deflator
2017,DRG623,114544.32,95364.46,19179.86,170960.82,0.435,24.99,Y,68.4,66.91,2.84,16.06,Y,SHOP-656,0.97,1.331,0.964,7.705,CPI_Rural
2024,DRG207,32960.78,28646.06,4314.72,85524.79,1.003,1.41,Y,67.02,45.31,19.82,3.11,N,SHOP-874,20.92,1.279,1.817,4.14,GDP_Deflator
2024,DRG109,7422.58,5363.39,2059.19,13090.05,1.001,12.99,Y,55.18,61.87,2.68,14.0,Y,SHOP-389,50.37,0.606,1.634,3.557,CPI_Urban
2024,DRG538,49414.27,31488.02,17926.25,116023.09,0.551,8.94,N,1.18,48.2,8.21,19.3,Y,SHOP-353,44.29,0.612,1.149,6.746,CPI_Rural
2024,DRG668,205345.41,160864.59,44480.82,262353.43,0.292,14.27,Y,73.0,65.21,12.65,16.37,N,SHOP-637,84.17,1.226,1.573,0.814,GDP_Deflator
2020,DRG149,217319.92,203849.89,13470.03,311172.71,0.756,8.74,Y,27.77,90.74,15.08,15.64,Y,SHOP-816,96.58,0.973,0.954,4.389,WPI
2019,DRG250,116848.16,80794.88,36053.28,147129.1,1.143,8.57,Y,38.77,52.01,9.23,24.64,N,SHOP-908,91.9,1.07,2.117,3.311,CPI_Rural
2024,DRG583,114216.19,74629.04,39587.15,128235.89,0.276,28.06,N,76.52,67.64,12.08,18.36,N,SHOP-405,65.36,1.198,1.067,7.792,CPI_Rural
2025,DRG968,59681.45,40247.66,19433.79,89580.64,0.289,1.48,N,48.76,53.64,2.83,23.54,Y,SHOP-241,59.47,0.517,1.486,3.071,CPI_Urban
2023,DRG991,227412.53,205379.59,22032.94,502154.42,0.251,29.95,N,20.07,50.92,14.3,13.8,Y,SHOP-528,76.87,1.491,1.195,4.978,CPI_Rural
2020,DRG977,154763.2,144887.21,9875.99,317939.07,1.174,11.59,Y,10.44,42.89,11.04,10.06,Y,SHOP-380,83.67,0.966,1.164,7.355,GDP_Deflator
2023,DRG890,86141.5,66849.69,19291.81,166182.46,0.388,24.26,N,80.89,45.29,18.48,4.41,N,SHOP-629,54.88,1.059,1.412,5.111,CPI_Urban
2016,DRG505,138511.79,131460.64,7051.15,270230.67,0.712,4.2,N,25.61,87.92,12.41,15.2,N,SHOP-401,69.97,1.104,0.884,4.394,GDP_Deflator
2020,DRG745,62945.91,34624.58,28321.33,96575.33,0.62,6.98,Y,14.13,55.51,9.26,21.03,N,SHOP-465,1.66,0.875,1.889,6.252,CPI_Rural
2018,DRG815,121200.71,75047.78,46152.93,198262.42,1.031,10.93,N,74.56,72.78,8.09,5.96,Y,SHOP-290,70.46,0.832,1.281,5.089,CPI_Rural
2024,DRG047,6594.26,5953.71,640.55,8857.34,0.791,29.08,Y,57.34,94.67,14.09,12.76,Y,SHOP-380,11.52,0.78,1.286,2.716,CPI_Urban
2016,DRG427,130361.8,108258.81,22102.99,252820.65,0.661,2.11,N,44.97,43.42,11.26,0.63,N,SHOP-115,85.2,1.244,1.097,5.687,CPI_Urban
2022,DRG891,125557.62,89603.32,35954.3,171688.55,0.189,7.09,N,13.88,72.79,10.62,15.97,N,SHOP-152,43.65,0.864,1.28,6.465,CPI_Urban
2016,DRG304,77841.26,51595.6,26245.66,167307.16,0.543,11.88,Y,82.33,97.42,16.47,18.7,N,SHOP-488,27.53,1.164,1.627,2.298,CPI_Rural
2024,DRG778,201153.41,160599.88,40553.53,320683.79,0.871,22.93,Y,45.36,52.91,18.24,14.26,Y,SHOP-189,77.62,0.585,1.016,1.188,WPI
2025,DRG367,109858.31,98699.42,11158.89,172168.46,0.927,19.31,Y,51.95,83.53,19.84,18.2,N,SHOP-906,36.64,1.015,0.997,4.603,CPI_Rural
2019,DRG670,78005.22,54685.85,23319.37,85989.7,0.585,1.4,Y,50.29,75.58,15.03,14.92,N,SHOP-116,70.75,0.873,1.229,5.17,WPI
2022,DRG242,188751.9,143973.63,44778.27,336298.91,0.362,9.61,N,38.7,47.99,15.59,14.72,Y,SHOP-791,5.91,0.693,1.095,3.056,CPI_Rural
2025,DRG992,4554.09,3592.27,961.82,8160.01,0.751,33.09,Y,28.15,69.97,8.12,10.08,Y,SHOP-936,20.76,1.032,2.127,2.723,GDP_Deflator
2019,DRG318,218854.59,183105.84,35748.75,478661.16,0.92,25.95,N,58.41,85.76,8.72,12.81,Y,SHOP-520,54.97,1.158,1.561,0.07,CPI_Rural
2025,DRG374,85369.71,47880.17,37489.54,158658.09,0.527,32.75,N,13.1,81.23,16.03,23.8,Y,SHOP-137,31.8,0.805,1.741,4.91,WPI
2022,DRG888,112754.23,76609.04,36145.19,248391.93,0.279,32.3,N,69.24,46.95,1.03,12.97,Y,SHOP-680,3.78,0.735,1.832,7.533,WPI
2016,DRG208,245753.23,146822.01,98931.22,597723.86,0.795,30.35,N,2.33,76.11,8.68,12.73,Y,SHOP-439,67.59,0.598,2.09,4.226,GDP_Deflator
2017,DRG085,44785.86,42903.46,1882.4,66171.73,0.274,31.73,N,55.69,63.83,7.57,3.8,Y,SHOP-663,77.09,0.955,1.674,7.327,CPI_Urban
2021,DRG372,12609.61,8188.86,4420.75,30571.75,0.764,3.71,Y,64.11,98.64,14.6,11.12,N,SHOP-938,99.62,0.838,1.523,5.672,CPI_Rural
2023,DRG515,64370.94,46099.43,18271.51,162794.22,0.56,5.08,N,14.84,76.62,2.98,13.59,N,SHOP-632,92.97,0.955,0.841,7.155,WPI
2021,DRG618,2986.29,1788.42,1197.87,4969.13,0.582,6.48,N,75.17,94.09,19.46,14.67,N,SHOP-886,56.4,1.129,1.104,2.494,CPI_Urban
2020,DRG541,31145.64,29747.03,1398.61,73137.4,0.345,5.65,N,65.48,46.1,18.72,2.75,N,SHOP-727,42.14,0.561,1.973,6.603,CPI_Urban
2024,DRG799,167719.59,111107.71,56611.88,378783.8,0.976,24.7,Y,46.98,98.56,8.88,13.94,N,SHOP-180,97.38,1.023,2.068,5.24,GDP_Deflator
2021,DRG185,123932.69,96631.11,27301.58,228229.14,0.801,29.22,N,44.76,97.69,6.71,7.39,Y,SHOP-682,51.47,0.851,2.145,4.853,CPI_Urban
2024,DRG237,225112.86,180626.78,44486.08,360926.21,0.481,30.95,N,82.21,74.34,16.18,16.26,N,SHOP-430,63.81,0.718,1.431,6.968,CPI_Urban
2024,DRG744,138008.28,110443.04,27565.24,280878.62,0.234,2.43,Y,8.14,64.34,1.76,19.84,N,SHOP-438,43.34,1.105,0.892,0.893,WPI
2017,DRG844,92006.9,79597.53,12409.37,196471.39,1.139,19.53,N,68.74,88.92,19.68,6.13,Y,SHOP-125,59.9,0.58,1.867,4.899,GDP_Deflator
2017,DRG458,29272.63,25691.15,3581.48,67462.54,0.363,20.43,N,20.08,62.63,0.97,4.43,Y,SHOP-996,57.49,0.543,1.06,0.627,WPI
2021,DRG537,32310.89,23085.27,9225.62,75554.06,0.819,25.78,Y,62.29,91.35,3.57,6.39,N,SHOP-956,85.7,1.486,1.732,7.897,GDP_Deflator
2016,DRG426,5607.35,3630.02,1977.33,7738.74,0.69,8.28,Y,1.91,74.86,8.1,5.32,Y,SHOP-134,51.07,0.732,1.528,1.256,GDP_Deflator
2023,DRG773,115853.62,110103.36,5750.26,242515.03,0.528,15.2,Y,75.55,77.61,13.66,11.48,Y,SHOP-839,37.42,0.703,1.403,5.164,CPI_Rural
2020,DRG225,136330.54,103513.7,32816.84,352439.27,1.13,11.4,Y,19.34,88.81,7.09,21.63,Y,SHOP-506,67.08,1.023,1.747,5.173,GDP_Deflator
2019,DRG939,2595.89,2363.38,232.51,5582.11,0.36,34.3,N,12.16,72.76,9.38,8.89,N,SHOP-888,5.11,0.889,1.337,2.06,CPI_Urban
2020,DRG775,123274.67,112234.4,11040.27,209327.22,0.255,25.25,Y,48.91,74.55,8.52,22.38,N,SHOP-991,13.37,0.57,1.738,6.49,CPI_Urban
2016,DRG824,21436.57,12704.46,8732.11,53062.46,1.127,25.27,Y,59.16,54.76,0.09,3.85,Y,SHOP-430,5.67,1.412,1.519,4.801,GDP_Deflator
2017,DRG899,111004.7,72121.73,38882.97,226527.5,0.649,26.9,N,73.51,48.38,13.98,14.26,Y,SHOP-936,27.68,1.215,1.599,7.337,CPI_Urban
2016,DRG757,41462.43,29778.42,11684.01,76094.93,0.221,33.26,N,2.53,59.58,8.69,1.24,Y,SHOP-611,36.02,1.376,0.931,7.726,CPI_Rural
2016,DRG408,96000.33,55105.89,40894.44,151854.56,0.755,20.26,Y,82.55,53.68,15.34,12.92,Y,SHOP-782,14.99,0.731,0.889,3.962,GDP_Deflator
2020,DRG792,149042.27,145863.2,3179.07,199721.38,0.794,28.17,Y,23.7,68.97,7.01,4.35,N,SHOP-869,29.45,1.006,1.971,5.066,GDP_Deflator
2017,DRG317,95091.2,84409.83,10681.37,169368.37,0.859,12.98,Y,5.81,45.0,7.97,24.52,Y,SHOP-499,18.32,1.242,1.974,5.183,GDP_Deflator
2017,DRG233,193666.18,150417.37,43248.81,448055.09,0.963,1.66,Y,67.29,88.81,17.47,9.97,Y,SHOP-275,19.35,0.805,1.038,5.757,WPI
2019,DRG539,128314.16,83499.83,44814.33,258906.09,0.65,8.32,Y,22.58,52.57,7.46,22.56,N,SHOP-225,66.58,1.243,1.179,3.526,CPI_Urban
2024,DRG171,218740.37,183102.1,35638.27,352061.7,0.698,3.16,Y,31.18,51.84,4.2,20.55,N,SHOP-714,86.25,1.024,1.603,2.891,CPI_Urban
2017,DRG656,77448.86,46077.93,31370.93,154534.72,1.144,8.33,N,49.58,48.71,8.2,20.78,N,SHOP-799,83.17,1.244,1.247,1.749,GDP_Deflator
2018,DRG017,234296.19,143435.41,90860.78,547511.85,0.765,3.07,Y,3.36,88.6,0.23,21.16,N,SHOP-515,41.41,0.85,2.143,7.188,WPI
2025,DRG162,146117.22,137675.55,8441.67,282144.63,0.695,14.26,Y,73.89,82.18,5.86,2.56,Y,SHOP-444,44.94,0.852,1.504,3.438,WPI
2021,DRG253,211603.36,202555.84,9047.52,565748.29,0.614,34.3,Y,37.69,42.71,18.41,13.04,N,SHOP-745,51.05,1.435,1.826,6.038,GDP_Deflator
2018,DRG875,69248.23,59008.17,10240.06,133781.63,0.75,11.08,Y,85.56,61.17,12.58,3.41,N,SHOP-474,75.14,0.685,1.67,5.31,GDP_Deflator
2024,DRG266,204841.58,191406.38,13435.2,282836.49,1.131,15.4,Y,23.03,97.04,13.69,19.76,Y,SHOP-854,22.84,0.507,1.012,1.223,GDP_Deflator
2018,DRG435,31782.35,26960.3,4822.05,65477.84,1.075,16.75,Y,36.81,79.09,10.26,18.04,Y,SHOP-122,88.88,1.211,1.001,4.664,WPI
2023,DRG327,8559.78,7386.97,1172.81,15145.6,1.175,23.59,Y,31.25,64.99,14.11,1.64,Y,SHOP-416,77.41,1.461,1.142,6.02,CPI_Urban
2021,DRG418,105954.27,86618.75,19335.52,123574.8,0.54,28.8,Y,42.01,57.44,19.88,20.38,Y,SHOP-553,19.82,1.09,2.088,4.165,CPI_Urban
2023,DRG284,190176.94,136864.92,53312.02,290872.91,1.122,15.59,Y,56.43,93.81,17.17,6.16,Y,SHOP-866,9.14,0.695,1.212,2.831,CPI_Urban
2016,DRG197,18271.39,14661.75,3609.64,43956.35,1.067,32.79,Y,62.83,46.42,17.61,0.68,Y,SHOP-733,12.01,0.935,1.861,3.671,GDP_Deflator
2020,DRG725,112711.38,79606.15,33105.23,127924.67,0.674,19.2,Y,25.69,73.04,11.8,18.79,N,SHOP-333,0.13,1.175,1.776,7.695,CPI_Rural
2018,DRG912,169868.87,115742.78,54126.09,420044.81,0.908,34.22,Y,19.07,96.73,3.48,20.91,Y,SHOP-250,26.72,1.282,1.703,7.071,CPI_Urban
2022,DRG294,241004.85,182472.66,58532.19,575653.05,1.148,29.93,N,49.18,89.29,6.91,3.93,N,SHOP-259,64.08,0.631,1.601,7.389,GDP_Deflator
2025,DRG942,188896.45,124836.95,64059.5,218778.63,0.654,32.87,N,15.98,36.95,16.34,5.62,N,SHOP-671,82.99,1.098,0.979,6.323,CPI_Rural
2023,DRG712,67456.53,37583.68,29872.85,142387.08,0.186,24.05,Y,58.07,60.78,5.52,4.91,N,SHOP-344,98.53,0.551,2.152,6.477,GDP_Deflator
2024,DRG770,12441.8,11024.17,1417.63,18880.07,0.738,2.46,N,13.99,37.1,1.11,1.04,Y,SHOP-480,22.32,1.057,2.024,0.336,CPI_Rural
2021,DRG159,179126.3,146556.97,32569.33,389445.55,0.511,15.48,Y,62.93,38.79,12.63,20.73,Y,SHOP-948,78.0,0.685,2.045,1.68,CPI_Rural
2025,DRG240,165383.66,161397.1,3986.56,176926.4,0.66,13.04,Y,21.12,84.1,17.25,11.69,Y,SHOP-764,88.62,1.262,1.243,6.259,WPI
2021,DRG894,221027.16,136261.64,84765.52,333390.26,0.582,32.4,Y,7.8,96.45,9.12,12.87,N,SHOP-252,83.21,0.695,0.839,4.167,GDP_Deflator
2020,DRG029,211431.64,156556.52,54875.12,585757.99,0.496,3.77,Y,81.61,41.29,6.07,19.82,N,SHOP-129,21.9,1.1,2.123,7.386,CPI_Rural
2024,DRG383,17971.62,16658.87,1312.75,47048.54,1.023,12.32,Y,81.7,76.12,0.48,22.38,Y,SHOP-585,14.72,0.54,2.088,7.538,CPI_Rural
2022,DRG439,108911.75,64391.4,44520.35,177237.07,0.814,31.56,N,54.49,55.66,2.89,8.45,Y,SHOP-860,45.46,0.836,1.776,2.981,CPI_Rural
2019,DRG223,178029.63,110169.55,67860.08,405671.51,0.697,18.99,N,10.54,93.45,19.01,20.95,Y,SHOP-350,57.58,1.019,1.245,2.748,WPI
2023,DRG466,195563.96,184309.81,11254.15,472366.65,0.62,14.31,Y,49.61,93.71,4.49,8.34,Y,SHOP-433,51.54,0.735,1.534,1.653,CPI_Rural
2024,DRG017,38889.59,35302.76,3586.83,101683.83,0.897,26.84,Y,75.7,56.89,12.07,2.21,N,SHOP-705,55.22,1.034,1.686,3.313,GDP_Deflator
2017,DRG588,67693.97,46926.1,20767.87,168456.25,0.305,18.12,Y,13.73,69.51,14.86,8.31,Y,SHOP-446,87.96,0.917,1.812,1.336,WPI
2016,DRG089,176435.02,162697.69,13737.33,222657.39,1.117,8.07,N,87.77,36.95,8.09,3.57,Y,SHOP-821,58.17,0.526,1.633,5.731,GDP_Deflator
2017,DRG837,227091.85,204109.79,22982.06,458664.05,0.727,12.39,Y,70.93,42.34,12.05,21.81,Y,SHOP-379,3.76,1.064,0.818,5.535,CPI_Rural
2024,DRG115,18925.04,11782.31,7142.73,43019.9,1.183,15.78,N,51.07,57.67,5.48,8.26,N,SHOP-111,64.04,1.019,0.879,0.773,CPI_Urban
2025,DRG815,18374.13,11691.99,6682.14,30243.93,0.719,12.55,N,39.75,80.55,15.59,12.07,Y,SHOP-398,68.41,1.448,2.089,2.219,GDP_Deflator
2019,DRG544,174277.51,138389.67,35887.84,340586.42,0.591,10.8,N,60.41,96.44,8.21,24.9,N,SHOP-149,73.64,1.037,1.8,7.38,WPI
2022,DRG363,226327.39,184694.34,41633.05,255791.46,0.386,30.4,Y,68.23,40.78,17.5,7.4,N,SHOP-988,60.5,0.672,0.883,4.889,CPI_Rural
2019,DRG062,53294.67,31490.86,21803.81,102610.88,0.902,13.18,Y,38.19,73.86,11.11,1.85,N,SHOP-693,14.93,1.18,1.717,2.063,GDP_Deflator
2019,DRG941,36341.4,23988.25,12353.15,75166.78,0.911,29.85,Y,28.96,72.17,19.14,24.72,N,SHOP-735,99.46,0.803,1.886,0.852,GDP_Deflator
2018,DRG352,213393.11,119793.33,93599.78,538164.04,0.5,24.75,N,64.05,40.06,2.17,11.01,Y,SHOP-181,78.99,0.838,1.31,5.077,GDP_Deflator
2017,DRG550,188984.19,180593.57,8390.62,386282.85,0.379,18.55,Y,14.17,61.15,17.29,5.95,N,SHOP-173,51.25,0.976,1.211,5.553,GDP_Deflator
2018,DRG452,91440.99,67559.98,23881.01,149436.37,0.226,14.86,Y,72.96,71.83,16.47,13.04,Y,SHOP-561,14.91,1.393,1.872,7.39,WPI
2018,DRG753,231509.47,225128.21,6381.26,550759.62,0.425,31.64,Y,17.41,98.24,9.49,12.75,Y,SHOP-257,24.08,0.594,1.894,6.226,CPI_Urban
2020,DRG136,188912.92,153591.76,35321.16,327907.1,0.423,16.07,Y,54.24,35.63,5.89,1.18,N,SHOP-256,69.95,0.607,1.744,2.708,GDP_Deflator
2021,DRG663,30216.28,26212.35,4003.93,71061.8,1.131,8.76,Y,23.26,68.46,13.59,4.84,Y,SHOP-550,43.29,1.469,0.89,5.774,CPI_Rural
2025,DRG131,206027.99,182844.66,23183.33,238285.8,0.636,6.93,N,22.57,97.68,0.86,21.14,Y,SHOP-445,84.64,1.462,2.022,5.522,CPI_Rural
2025,DRG858,36665.51,34948.53,1716.98,87383.69,0.996,12.52,N,83.12,50.91,1.87,16.98,Y,SHOP-640,86.67,0.735,1.622,4.911,WPI
2022,DRG206,130819.59,123427.74,7391.85,262335.39,1.009,16.94,Y,59.03,79.69,5.33,6.67,Y,SHOP-901,3.58,1.073,1.978,2.247,WPI
2020,DRG047,208041.35,148989.23,59052.12,237866.4,0.718,31.79,N,2.75,95.14,15.18,9.94,N,SHOP-233,41.3,1.127,2.084,2.611,WPI
2023,DRG377,117771.58,73753.76,44017.82,271657.07,0.678,28.92,Y,17.53,74.62,16.24,8.36,Y,SHOP-913,44.68,0.554,1.153,0.475,GDP_Deflator
2023,DRG590,8024.87,6572.98,1451.89,15535.04,0.257,6.13,N,53.05,35.31,8.13,17.3,N,SHOP-275,61.09,1.105,0.908,0.52,CPI_Urban
2022,DRG420,78835.12,59682.8,19152.32,130893.86,0.897,27.38,Y,54.72,73.53,17.62,3.17,N,SHOP-658,69.31,1.008,1.215,6.137,CPI_Rural
2023,DRG171,50166.04,29131.42,21034.62,121751.02,1.046,29.64,Y,87.25,52.15,10.12,22.69,N,SHOP-482,58.23,0.921,1.528,1.453,CPI_Rural
2021,DRG027,118634.57,94797.54,23837.03,247229.12,0.949,26.68,N,60.67,86.03,3.53,11.82,N,SHOP-954,20.35,0.703,1.04,2.916,WPI
2018,DRG806,37715.03,22650.09,15064.94,70533.31,0.679,18.36,Y,49.6,38.83,10.05,0.29,N,SHOP-665,60.38,0.814,2.014,7.823,CPI_Urban
2018,DRG582,129663.32,78399.4,51263.92,238409.87,0.611,6.63,N,14.98,86.52,3.75,14.34,Y,SHOP-469,73.43,0.759,2.17,6.23,GDP_Deflator
2022,DRG138,75062.87,50860.36,24202.51,82917.47,0.385,18.64,Y,79.57,90.45,16.88,1.1,Y,SHOP-425,83.99,1.284,1.229,3.459,GDP_Deflator
2023,DRG140,84184.72,53733.74,30450.98,198475.07,1.128,9.08,N,85.17,60.93,0.33,19.48,Y,SHOP-595,7.92,1.408,1.464,7.199,CPI_Rural
2016,DRG123,128398.66,71117.64,57281.02,154605.17,0.8,32.62,N,32.43,61.2,14.43,1.49,Y,SHOP-977,49.42,1.356,1.442,2.214,GDP_Deflator
2019,DRG895,58376.09,48579.69,9796.4,106570.55,0.539,8.97,N,28.97,50.37,10.41,9.17,N,SHOP-530,49.93,1.399,2.084,3.392,CPI_Urban
2020,DRG982,130685.05,99989.07,30695.98,219836.28,0.776,1.57,Y,72.02,41.8,17.48,10.63,N,SHOP-491,47.86,1.026,1.466,3.011,WPI
2021,DRG312,144984.42,102501.71,42482.71,396838.7,0.891,33.93,N,75.79,89.41,11.8,8.29,Y,SHOP-165,49.45,1.474,1.952,6.286,CPI_Urban
2025,DRG126,79282.06,62109.62,17172.44,139415.86,1.008,3.83,Y,29.96,94.88,14.91,7.88,Y,SHOP-752,8.78,1.483,1.93,0.134,WPI
2021,DRG655,216902.42,192455.89,24446.53,238944.93,1.195,0.78,N,37.23,51.05,5.02,18.75,Y,SHOP-135,5.48,1.375,1.979,3.73,CPI_Urban
2025,DRG408,150039.59,83314.82,66724.77,307695.21,0.644,9.65,N,85.31,54.26,14.29,18.99,N,SHOP-564,32.25,0.51,1.87,2.246,CPI_Urban
2017,DRG553,81760.01,76163.3,5596.71,180718.01,0.369,20.73,N,64.89,60.16,15.19,6.12,Y,SHOP-381,22.15,1.402,1.642,1.967,CPI_Rural
2024,DRG162,60584.6,41887.16,18697.44,165267.82,0.487,9.94,N,19.29,75.33,12.64,3.31,N,SHOP-668,74.9,1.289,1.838,0.771,CPI_Urban
2021,DRG278,135571.72,104035.47,31536.25,364372.47,0.762,21.16,N,37.46,49.76,17.88,18.73,N,SHOP-860,83.14,0.801,1.932,0.154,GDP_Deflator
2016,DRG855,151859.39,135140.46,16718.93,186205.99,0.629,23.21,N,46.63,55.87,12.72,15.71,Y,SHOP-525,90.67,0.736,2.166,4.846,WPI
2017,DRG541,34494.8,24650.14,9844.66,91345.18,0.368,26.63,N,47.17,91.89,19.13,21.81,Y,SHOP-133,94.58,1.449,1.468,7.049,CPI_Rural
2017,DRG916,118271.94,88250.23,30021.71,205943.7,1.086,20.74,N,6.18,46.34,5.28,0.19,Y,SHOP-524,61.99,1.315,1.053,2.873,CPI_Rural
2023,DRG916,169238.79,114265.37,54973.42,425537.33,0.767,26.82,N,47.52,80.83,14.01,18.68,N,SHOP-177,66.21,0.773,1.431,7.323,WPI
2021,DRG457,96818.42,87316.4,9502.02,179309.75,0.394,16.69,Y,38.32,64.62,13.54,10.67,N,SHOP-758,68.04,1.297,1.747,2.012,GDP_Deflator
2025,DRG345,249979.39,166154.49,83824.9,436735.08,0.815,31.73,Y,34.35,64.87,6.63,8.82,N,SHOP-326,47.66,0.719,1.959,3.149,GDP_Deflator
2023,DRG042,22196.09,20660.95,1535.14,25287.86,0.571,0.0,N,7.1,36.48,0.27,18.51,Y,SHOP-829,33.87,1.04,1.621,6.387,GDP_Deflator
2023,DRG529,9993.93,5787.19,4206.74,11963.62,0.599,0.83,N,71.41,68.85,17.58,21.48,N,SHOP-874,19.69,0.8,0.95,4.712,CPI_Rural
2022,DRG426,225353.42,145187.14,80166.28,439154.6,0.782,28.08,N,16.79,64.31,7.85,24.81,Y,SHOP-441,23.21,1.321,1.268,2.707,GDP_Deflator
2018,DRG900,42947.94,23646.64,19301.3,110242.4,0.609,11.63,Y,31.48,61.74,9.96,17.86,N,SHOP-323,7.29,1.483,2.168,6.128,CPI_Rural
2017,DRG029,88371.58,55193.55,33178.03,243723.55,0.357,7.84,N,21.75,57.34,15.56,11.77,N,SHOP-800,25.26,1.419,1.263,7.42,GDP_Deflator
2021,DRG252,69636.48,45252.21,24384.27,184989.81,0.357,20.69,Y,38.5,55.92,17.79,3.38,N,SHOP-344,56.64,1.165,1.209,5.763,GDP_Deflator
2021,DRG001,63899.74,43231.21,20668.53,148918.45,0.715,10.03,Y,0.97,68.39,2.06,21.67,Y,SHOP-943,54.1,1.214,2.051,5.016,CPI_Rural
2019,DRG105,36835.85,28482.65,8353.2,47768.98,0.606,18.95,Y,48.15,74.95,14.43,8.43,N,SHOP-657,50.93,1.189,1.624,2.324,WPI
2020,DRG049,1228.85,920.94,307.91,1442.62,0.681,26.76,N,67.36,51.72,17.83,17.39,N,SHOP-479,40.79,1.013,0.812,4.206,WPI
2016,DRG055,86275.16,65451.11,20824.05,96820.26,0.896,14.73,Y,5.07,86.75,5.4,4.9,N,SHOP-469,93.27,0.615,1.112,0.98,CPI_Urban
2017,DRG584,121020.6,115547.58,5473.02,331028.97,0.165,23.26,Y,29.42,82.17,5.88,17.76,N,SHOP-243,28.18,0.93,1.79,4.401,WPI
2025,DRG699,62224.97,43536.25,18688.72,103310.83,0.456,21.76,N,31.12,48.28,11.83,17.31,Y,SHOP-230,30.85,1.334,1.373,2.695,CPI_Rural
2025,DRG951,115095.91,88971.96,26123.95,142083.7,0.599,34.86,N,43.27,68.81,13.3,19.01,N,SHOP-856,40.5,0.678,1.43,0.187,WPI
2025,DRG224,103492.68,68184.11,35308.57,210367.23,0.325,15.4,N,40.94,96.3,14.61,19.79,N,SHOP-408,20.44,1.364,1.368,1.179,GDP_Deflator
2024,DRG537,197593.69,183048.27,14545.42,389678.75,0.718,30.54,N,68.71,92.71,12.84,5.68,N,SHOP-565,25.99,1.101,1.571,5.218,CPI_Urban
2019,DRG695,108437.42,106024.82,2412.6,229468.66,0.721,8.98,Y,20.44,65.05,15.05,22.21,Y,SHOP-977,59.45,0.558,2.099,1.783,WPI
2022,DRG463,228091.41,180183.33,47908.08,443332.9,0.596,2.29,N,43.73,58.92,1.38,14.65,N,SHOP-357,88.64,1.065,1.059,1.664,CPI_Urban
2022,DRG273,77065.4,63301.77,13763.63,193623.49,1.094,25.58,N,36.4,63.04,18.24,6.86,N,SHOP-791,54.04,0.608,0.876,6.518,CPI_Rural
2022,DRG831,227494.44,174667.15,52827.29,355412.75,0.315,22.38,Y,60.91,91.78,4.27,24.54,N,SHOP-989,45.54,1.008,0.885,7.761,GDP_Deflator
2024,DRG138,54156.83,44054.01,10102.82,80843.89,0.225,27.9,N,11.43,86.54,12.33,16.11,Y,SHOP-162,45.62,0.531,0.887,0.32,CPI_Rural
2024,DRG103,32287.44,21592.12,10695.32,35475.76,0.756,15.06,Y,47.07,94.26,17.7,14.72,N,SHOP-331,40.13,1.379,0.834,0.811,WPI
2018,DRG392,59118.56,57327.78,1790.78,146453.29,0.728,28.78,N,32.3,52.32,11.36,0.94,Y,SHOP-779,92.23,0.573,1.782,0.984,GDP_Deflator
2018,DRG980,128986.99,84153.33,44833.66,323967.6,0.522,25.51,Y,83.12,80.06,4.98,19.53,Y,SHOP-683,91.31,0.912,1.393,0.747,CPI_Rural
2025,DRG317,28663.88,15939.59,12724.29,57616.16,0.578,27.39,N,18.42,81.01,5.72,5.16,N,SHOP-251,61.12,1.407,1.424,4.365,GDP_Deflator
2024,DRG590,140212.11,107377.89,32834.22,181330.97,0.99,10.73,Y,4.62,67.16,5.62,18.33,N,SHOP-737,32.25,0.8,0.995,1.242,CPI_Rural
2022,DRG862,29317.5,28116.15,1201.35,65432.83,0.305,16.65,N,53.42,64.8,13.04,20.07,Y,SHOP-177,18.78,1.498,1.45,1.927,CPI_Urban
2020,DRG800,126453.09,106034.31,20418.78,237363.89,0.532,23.45,N,64.87,97.35,12.4,16.32,Y,SHOP-243,15.32,0.717,2.084,3.794,WPI
2022,DRG814,18487.82,16180.89,2306.93,22523.18,0.771,2.01,N,52.82,62.25,10.14,20.2,N,SHOP-135,8.61,0.754,1.037,6.8,WPI
2025,DRG714,127313.11,107884.42,19428.69,253679.9,0.321,18.15,Y,21.98,37.82,4.05,16.78,Y,SHOP-348,5.23,0.984,1.18,2.45,CPI_Rural
2017,DRG413,51558.41,40147.22,11411.19,69599.47,0.305,30.42,Y,85.18,78.58,7.16,1.52,Y,SHOP-355,3.84,1.067,1.982,3.878,GDP_Deflator
2022,DRG837,37980.24,29848.68,8131.56,60883.02,0.326,24.05,Y,51.47,61.77,17.17,23.52,N,SHOP-414,24.13,0.589,2.021,5.617,CPI_Urban
2023,DRG834,178900.86,114199.44,64701.42,234009.82,0.699,4.95,N,39.12,63.75,7.46,5.62,Y,SHOP-519,31.15,0.957,1.785,1.902,WPI
2019,DRG454,216053.64,162427.25,53626.39,600181.48,1.136,31.26,N,41.92,59.88,12.12,1.21,Y,SHOP-132,22.23,0.961,1.759,4.155,CPI_Rural
2022,DRG126,228349.51,217302.89,11046.62,307756.66,0.773,31.62,Y,64.41,41.72,2.8,18.84,Y,SHOP-604,90.12,0.841,1.144,4.483,CPI_Rural
2022,DRG295,52430.06,34591.56,17838.5,58282.11,0.416,16.59,N,67.0,53.69,5.54,16.58,Y,SHOP-206,35.23,1.156,1.187,7.34,CPI_Urban
2020,DRG149,219347.39,159924.59,59422.8,545955.24,1.187,20.33,N,8.02,54.08,15.62,3.28,Y,SHOP-948,5.08,0.746,1.535,4.605,CPI_Rural
2022,DRG701,31489.17,23526.27,7962.9,43158.22,0.206,32.91,Y,7.2,79.16,15.4,4.64,N,SHOP-427,91.29,1.027,0.854,3.97,GDP_Deflator
2022,DRG115,243843.69,145959.41,97884.28,302205.84,0.683,1.02,N,79.83,90.82,9.18,13.26,Y,SHOP-550,86.34,1.488,1.613,5.289,WPI
2018,DRG239,245118.98,178152.88,66966.1,538500.54,0.997,22.35,N,33.89,80.08,10.82,1.58,Y,SHOP-201,85.38,1.017,1.476,0.003,CPI_Urban
2024,DRG960,34270.44,27461.84,6808.6,95565.36,1.053,6.16,N,29.2,75.7,7.0,1.54,N,SHOP-650,79.63,0.82,1.424,7.009,GDP_Deflator
2016,DRG229,116583.18,88233.51,28349.67,205664.77,0.934,6.41,Y,88.48,51.04,9.04,8.93,N,SHOP-668,72.78,1.461,1.677,7.711,CPI_Rural
2025,DRG560,2396.3,2055.31,340.99,5144.73,0.999,28.05,Y,83.28,63.16,4.45,19.8,N,SHOP-408,0.28,1.296,1.338,2.576,CPI_Urban
2022,DRG752,247024.5,235301.37,11723.13,266323.04,0.429,24.4,Y,70.71,71.45,11.66,8.39,N,SHOP-194,10.1,1.37,1.282,0.218,WPI
2024,DRG919,210211.8,133032.68,77179.12,534361.71,0.541,1.39,Y,82.41,44.35,11.31,2.05,Y,SHOP-982,40.07,1.083,1.745,1.298,WPI
2018,DRG908,19248.49,13972.74,5275.75,24871.13,1.078,27.82,N,37.92,50.07,13.68,7.1,N,SHOP-327,84.06,0.973,1.063,2.042,CPI_Urban
2021,DRG960,14915.05,10192.56,4722.49,41029.42,0.729,27.92,N,80.97,71.8,17.01,21.83,N,SHOP-675,92.66,0.878,1.177,5.617,CPI_Rural
2021,DRG857,215795.63,119675.17,96120.46,598550.99,0.164,14.78,N,25.3,55.22,5.31,12.78,Y,SHOP-427,53.13,1.365,1.876,6.638,WPI
2017,DRG398,22597.22,19303.88,3293.34,35182.59,0.221,19.65,N,33.25,53.49,14.42,19.52,Y,SHOP-863,39.69,1.146,2.062,6.108,CPI_Rural
2019,DRG431,59806.29,49924.12,9882.17,147403.62,0.457,33.5,Y,73.91,38.78,13.29,8.52,N,SHOP-533,60.37,1.459,2.099,2.99,CPI_Rural
2022,DRG982,148812.03,141427.92,7384.11,386225.91,1.143,24.54,N,86.1,81.7,4.92,6.1,N,SHOP-468,12.68,1.224,1.762,3.373,CPI_Urban
2020,DRG572,92175.3,73236.1,18939.2,102853.75,1.147,18.16,N,53.23,37.71,5.2,14.06,N,SHOP-518,55.7,1.309,1.162,0.907,GDP_Deflator
2023,DRG485,227347.0,133148.96,94198.04,261886.6,0.734,34.46,Y,80.62,78.07,19.47,19.62,N,SHOP-528,31.77,0.5,1.944,7.804,WPI
2022,DRG335,218539.25,208088.42,10450.83,575724.98,0.313,7.17,Y,3.9,91.51,15.51,21.08,N,SHOP-876,14.34,1.044,0.805,4.709,CPI_Rural
2019,DRG067,117075.56,98999.95,18075.61,240415.89,1.015,19.17,N,83.71,67.49,7.4,24.25,Y,SHOP-889,13.81,0.961,1.945,2.197,CPI_Urban
2017,DRG663,14248.42,12687.21,1561.21,30877.24,1.142,31.65,N,59.61,35.52,15.81,16.72,Y,SHOP-709,48.6,1.106,2.034,3.813,WPI
2016,DRG235,719.55,486.86,232.69,1832.08,0.575,27.27,N,61.15,62.51,8.32,8.03,N,SHOP-574,11.78,1.275,2.047,6.856,GDP_Deflator
2018,DRG553,85745.08,63468.61,22276.47,110388.11,0.918,0.09,N,31.89,71.58,17.51,18.09,Y,SHOP-347,14.92,0.533,1.771,2.51,GDP_Deflator
2021,DRG483,2733.6,2144.1,589.5,6441.91,0.445,8.47,N,7.36,79.2,12.3,2.09,N,SHOP-538,86.15,0.643,1.18,2.853,GDP_Deflator
2022,DRG534,247614.21,152956.45,94657.76,650856.82,1.147,27.74,Y,43.17,96.18,10.57,18.5,Y,SHOP-571,85.6,1.205,1.589,6.287,CPI_Urban
2018,DRG059,169868.86,148678.47,21190.39,461081.9,0.518,7.61,N,82.12,80.69,8.04,5.52,N,SHOP-288,49.74,1.135,1.839,0.48,CPI_Rural
2020,DRG259,26595.8,18700.93,7894.87,58155.22,0.953,15.7,N,89.14,93.78,4.83,24.49,N,SHOP-641,7.06,1.136,0.867,1.796,CPI_Urban
2021,DRG650,95328.24,71048.77,24279.47,124624.64,0.18,20.55,Y,3.9,42.94,7.9,1.62,Y,SHOP-188,83.53,0.863,2.105,7.143,GDP_Deflator
2019,DRG311,73444.28,41327.71,32116.57,140362.28,1.095,27.5,Y,57.66,49.33,6.2,18.43,N,SHOP-813,95.06,0.574,2.1,1.169,GDP_Deflator
2018,DRG782,91198.84,58738.35,32460.49,120539.81,0.674,2.11,Y,66.88,42.82,7.93,9.89,N,SHOP-871,82.93,0.756,1.564,5.012,GDP_Deflator
2024,DRG020,209595.26,165218.35,44376.91,279018.34,0.963,26.44,Y,79.95,93.84,1.1,11.79,Y,SHOP-368,87.04,0.976,1.858,3.712,GDP_Deflator
2023,DRG577,244733.15,176228.9,68504.25,290983.54,0.384,32.79,N,6.64,57.57,9.57,13.74,Y,SHOP-577,96.59,1.273,1.554,6.3,GDP_Deflator
2018,DRG879,152131.98,106332.69,45799.29,168711.04,0.26,27.95,N,0.48,84.89,11.72,10.42,Y,SHOP-982,79.75,0.634,0.885,6.129,CPI_Rural
2023,DRG790,228550.17,172120.66,56429.51,414528.73,1.192,30.22,Y,80.87,75.26,6.84,18.27,Y,SHOP-203,73.58,1.358,2.042,0.332,CPI_Urban
2021,DRG933,127516.0,106836.89,20679.11,148502.8,0.257,13.8,Y,50.88,76.75,16.58,9.53,Y,SHOP-445,38.17,1.076,1.438,0.005,GDP_Deflator
2023,DRG405,93516.61,54311.83,39204.78,224481.44,0.588,0.66,Y,12.74,90.46,4.75,2.03,Y,SHOP-116,17.82,1.486,1.67,3.103,WPI
2021,DRG193,181809.03,113377.87,68431.16,310250.88,0.354,21.65,N,11.13,97.53,2.09,1.1,N,SHOP-695,91.96,0.552,1.267,0.962,WPI
2018,DRG432,230194.12,206879.93,23314.19,262832.7,0.43,11.75,N,84.51,76.09,3.51,20.63,Y,SHOP-712,94.03,1.215,2.124,2.797,CPI_Rural
2019,DRG745,240377.63,220979.63,19398.0,313814.6,1.108,28.07,N,0.76,56.22,7.74,3.53,Y,SHOP-123,82.64,0.776,1.981,3.918,CPI_Rural
2018,DRG276,125720.88,109986.69,15734.19,245801.41,0.677,20.36,Y,25.92,96.12,15.44,4.58,Y,SHOP-237,24.81,1.068,1.906,0.527,WPI
2022,DRG201,244157.39,168867.22,75290.17,664896.56,0.947,3.66,N,40.12,37.33,4.31,8.0,N,SHOP-877,72.42,1.02,1.558,3.305,CPI_Urban
2024,DRG788,129130.23,93086.57,36043.66,173109.83,0.729,6.03,N,16.46,64.71,12.23,14.91,Y,SHOP-255,76.27,0.754,1.123,4.29,CPI_Urban
2022,DRG498,16359.65,14931.8,1427.85,30298.32,1.062,14.77,N,17.83,77.14,2.16,16.14,N,SHOP-165,33.06,1.007,1.045,3.962,WPI
2016,DRG435,244744.5,220074.67,24669.83,468437.1,0.181,28.67,Y,67.4,55.89,1.04,20.75,Y,SHOP-170,69.94,1.092,0.917,2.297,GDP_Deflator
2018,DRG872,47527.85,37061.61,10466.24,69605.05,0.924,31.92,N,72.48,88.6,12.75,0.61,N,SHOP-136,61.62,1.039,1.886,6.796,CPI_Rural
2021,DRG710,8564.26,6757.31,1806.95,11554.8,0.579,4.5,N,78.32,78.62,0.32,14.87,Y,SHOP-899,79.7,0.824,1.39,7.111,CPI_Urban
2017,DRG783,36542.59,29823.16,6719.43,76277.55,0.696,20.56,N,60.69,47.96,15.35,16.44,N,SHOP-123,79.68,1.323,1.109,6.169,CPI_Urban
2016,DRG116,2978.38,1717.39,1260.99,8323.53,0.407,32.41,N,47.52,97.36,1.19,0.92,N,SHOP-556,97.78,0.857,1.551,4.823,CPI_Rural
2018,DRG522,240125.68,158733.77,81391.91,468142.57,0.429,29.73,Y,68.27,84.78,2.94,22.71,N,SHOP-687,69.1,0.512,1.263,6.438,CPI_Rural
2017,DRG597,190611.04,130697.73,59913.31,303293.0,1.099,28.22,N,55.33,45.87,9.22,8.64,Y,SHOP-747,85.06,0.815,1.442,2.032,WPI
2021,DRG804,217910.42,198808.03,19102.39,307545.56,0.424,18.14,N,58.1,78.93,9.37,17.59,Y,SHOP-278,41.77,1.457,1.475,1.324,CPI_Urban
2023,DRG156,43411.01,29071.0,14340.01,67973.96,0.907,6.12,N,42.17,55.98,8.49,10.41,Y,SHOP-387,56.56,0.629,2.033,3.928,CPI_Urban
2023,DRG001,40832.06,36414.67,4417.39,57959.32,0.6,33.53,Y,70.11,63.45,3.4,17.87,N,SHOP-370,35.99,1.257,2.114,7.157,CPI_Rural
2021,DRG638,240889.63,227376.01,13513.62,318296.96,0.542,12.09,N,61.65,68.91,7.75,8.02,N,SHOP-679,55.51,1.442,1.751,6.645,CPI_Rural
2020,DRG817,248374.78,163255.01,85119.77,663117.98,0.329,8.16,Y,17.37,45.89,19.77,22.31,N,SHOP-147,93.6,0.832,0.883,7.333,GDP_Deflator
2017,DRG908,3590.56,3001.99,588.57,7103.49,0.506,11.52,N,4.1,40.64,2.76,7.85,Y,SHOP-863,84.5,1.139,1.274,5.211,GDP_Deflator
2017,DRG291,61145.63,39342.28,21803.35,69479.83,0.795,7.5,Y,81.38,80.47,11.06,22.51,Y,SHOP-497,39.92,0.65,1.563,4.429,CPI_Urban
2019,DRG508,17860.42,10245.91,7614.51,22467.47,0.354,13.48,N,88.29,88.73,6.56,10.15,N,SHOP-794,65.66,1.327,1.63,1.016,CPI_Rural
2025,DRG674,134884.92,118141.03,16743.89,356211.04,1.069,4.92,Y,73.71,64.96,3.33,7.79,Y,SHOP-812,24.02,0.967,1.521,2.087,CPI_Urban
2021,DRG980,229919.72,175234.51,54685.21,477035.21,0.572,14.88,N,11.69,52.36,3.39,17.25,Y,SHOP-261,66.89,1.309,0.839,1.311,CPI_Rural
2020,DRG653,10412.06,7469.12,2942.94,17337.54,0.553,3.97,Y,72.39,37.3,10.32,18.91,N,SHOP-257,86.47,0.629,1.242,7.224,CPI_Urban
2025,DRG825,86428.16,60037.44,26390.72,241290.64,0.954,15.8,N,29.77,91.66,8.67,23.82,Y,SHOP-834,41.17,1.22,2.127,6.013,GDP_Deflator
2022,DRG523,39897.89,30934.4,8963.49,87339.67,0.562,10.42,Y,38.19,89.18,11.61,19.27,Y,SHOP-380,72.11,0.503,2.171,3.811,CPI_Urban
2019,DRG819,112320.93,99517.29,12803.64,297570.83,0.237,29.48,Y,65.66,44.82,14.14,11.53,N,SHOP-916,7.8,1.049,1.658,2.647,WPI
2017,DRG233,239133.94,215191.65,23942.29,324273.59,0.337,21.62,Y,6.76,75.03,5.37,14.99,Y,SHOP-949,26.95,1.477,1.598,2.822,CPI_Rural
2021,DRG668,16723.26,15765.24,958.02,19343.48,0.695,4.03,N,85.24,71.74,5.39,9.02,N,SHOP-224,19.27,0.751,2.131,4.374,WPI
2016,DRG951,24930.15,20427.95,4502.2,63536.41,0.357,11.86,N,12.11,94.76,16.51,20.8,Y,SHOP-474,53.3,1.398,1.109,0.667,CPI_Rural
2023,DRG059,111761.73,70964.73,40797.0,291933.71,1.171,34.67,N,81.96,40.33,11.0,21.62,Y,SHOP-180,6.38,1.293,0.889,2.972,CPI_Rural
2020,DRG166,237313.01,133066.97,104246.04,356391.56,0.833,26.53,N,15.11,98.43,14.21,9.58,Y,SHOP-488,10.88,0.776,1.666,7.141,WPI
2018,DRG162,218471.15,176960.27,41510.88,517549.36,0.191,34.96,N,15.95,90.66,19.36,6.16,Y,SHOP-628,71.11,0.811,1.883,1.494,CPI_Rural
2022,DRG509,77244.47,46736.87,30507.6,143692.28,0.87,0.29,Y,51.79,37.57,5.2,17.88,N,SHOP-396,4.11,0.961,2.124,7.407,CPI_Rural
2022,DRG437,12598.08,7226.38,5371.7,31933.13,0.946,12.02,Y,44.15,94.34,7.94,21.8,N,SHOP-425,72.54,0.954,1.092,5.804,GDP_Deflator
2019,DRG623,173244.95,159933.8,13311.15,238086.87,0.151,34.38,N,79.13,36.98,11.73,4.05,Y,SHOP-165,5.3,0.751,1.128,3.414,CPI_Urban
2016,DRG139,83356.78,59809.03,23547.75,232005.87,0.634,33.75,N,35.08,38.59,6.49,10.66,Y,SHOP-456,2.32,1.05,1.91,7.53,WPI
2017,DRG906,59916.77,44761.12,15155.65,141333.77,0.511,24.9,N,9.74,85.5,15.42,9.19,N,SHOP-831,54.16,1.045,1.331,4.236,CPI_Urban
2025,DRG202,81324.12,45078.97,36245.15,145245.09,0.162,11.89,Y,83.68,46.47,17.58,7.95,Y,SHOP-830,95.38,0.841,2.048,1.291,CPI_Urban
2025,DRG965,196980.25,132038.06,64942.19,392660.97,0.295,26.82,N,78.51,91.47,7.67,21.02,Y,SHOP-446,30.96,0.507,1.935,2.936,CPI_Urban
2021,DRG866,178661.59,127286.37,51375.22,465449.08,0.804,12.03,N,19.26,43.27,1.87,17.64,N,SHOP-911,94.98,1.1,1.228,3.041,WPI
2016,DRG177,200054.84,166062.47,33992.37,530638.06,1.074,14.21,Y,58.91,65.83,1.03,15.52,N,SHOP-425,88.34,0.563,0.955,2.583,WPI
2025,DRG023,65144.81,63763.64,1381.17,113804.29,0.43,27.0,Y,83.66,65.19,9.5,15.11,Y,SHOP-260,2.41,1.491,2.021,2.465,CPI_Urban
2025,DRG705,199128.53,156099.19,43029.34,234875.17,0.247,33.55,N,3.92,65.26,3.0,6.99,N,SHOP-444,19.28,1.376,1.583,7.741,CPI_Rural
2025,DRG799,105631.64,68740.27,36891.37,205450.65,1.102,12.72,Y,45.21,77.41,2.73,11.57,N,SHOP-180,32.23,0.691,1.744,6.694,GDP_Deflator
2016,DRG608,87927.9,63360.22,24567.68,196232.96,1.156,3.63,Y,54.04,64.49,13.09,0.88,N,SHOP-641,97.66,0.782,1.052,4.629,GDP_Deflator
2019,DRG591,193060.81,118861.41,74199.4,320956.21,0.422,32.58,N,77.66,39.42,16.92,11.62,N,SHOP-564,15.8,1.109,1.749,4.645,CPI_Urban
2024,DRG673,152682.14,132400.2,20281.94,314279.04,0.954,7.48,N,35.24,57.93,17.61,16.39,Y,SHOP-883,10.11,1.196,1.694,0.152,CPI_Urban
2017,DRG169,186851.02,123425.04,63425.98,277912.26,0.297,23.56,Y,42.87,68.88,17.92,9.44,Y,SHOP-149,80.88,0.565,2.152,5.522,CPI_Urban
2021,DRG567,227912.92,130778.0,97134.92,425368.47,0.466,25.28,N,20.31,79.2,1.05,4.38,N,SHOP-122,16.99,1.456,2.078,7.687,CPI_Rural
2025,DRG231,64613.25,44311.2,20302.05,83467.43,0.202,0.87,Y,59.23,60.97,15.39,6.12,Y,SHOP-702,93.38,1.084,1.105,7.945,GDP_Deflator
2018,DRG674,211541.68,159058.5,52483.18,311103.69,0.561,29.11,N,64.17,94.24,13.57,9.95,N,SHOP-390,98.41,1.195,1.118,0.708,WPI
2024,DRG994,221684.87,176611.85,45073.02,437153.14,0.471,32.22,Y,10.44,66.53,7.48,2.33,N,SHOP-980,78.7,0.994,1.767,5.177,CPI_Rural
2021,DRG674,89373.14,80883.47,8489.67,148947.39,0.537,16.81,Y,11.94,45.26,6.43,18.87,Y,SHOP-815,67.05,0.528,1.535,5.137,WPI
2021,DRG546,239990.4,171505.34,68485.06,285682.87,1.114,19.42,N,27.86,79.61,9.78,4.41,Y,SHOP-509,74.55,0.693,1.699,4.248,WPI
2021,DRG031,226841.56,168656.35,58185.21,565304.86,0.995,10.97,Y,87.56,45.04,1.6,15.47,N,SHOP-958,57.12,0.942,0.968,3.847,CPI_Rural
2020,DRG921,80434.21,65407.84,15026.37,179134.54,0.672,6.84,Y,25.67,60.3,12.54,18.99,N,SHOP-723,82.46,0.883,1.47,7.672,WPI
2021,DRG121,121134.36,114234.74,6899.62,252990.4,0.618,6.07,Y,62.15,76.22,17.66,15.82,N,SHOP-804,51.52,1.233,1.04,4.054,GDP_Deflator
2024,DRG420,185453.03,102641.09,82811.94,428423.89,0.455,34.67,N,16.55,91.83,19.84,7.14,Y,SHOP-798,10.31,1.34,2.005,7.761,CPI_Urban
2022,DRG408,56337.28,31210.37,25126.91,124138.96,0.697,1.84,Y,61.81,78.95,3.74,23.86,N,SHOP-779,29.5,1.039,1.813,1.788,GDP_Deflator
2021,DRG522,33048.18,21534.15,11514.03,49302.81,0.765,16.46,Y,83.53,72.15,8.05,4.92,Y,SHOP-248,4.61,0.59,1.345,6.292,CPI_Rural
2025,DRG099,78020.56,45305.85,32714.71,159405.61,0.798,24.07,N,8.97,85.86,9.22,3.58,N,SHOP-605,89.1,1.469,0.946,4.234,CPI_Rural
2022,DRG642,225091.6,187087.25,38004.35,411695.97,0.929,25.87,Y,3.71,55.34,2.38,11.56,Y,SHOP-165,5.67,0.704,1.882,3.231,WPI
2025,DRG406,24866.8,16943.64,7923.16,58757.41,0.509,6.64,N,25.29,67.42,3.11,9.65,N,SHOP-191,99.59,0.929,1.404,6.395,CPI_Rural
2016,DRG768,248551.36,168533.78,80017.58,280924.69,0.5,20.98,N,46.32,73.55,7.82,17.09,Y,SHOP-856,7.81,1.499,1.599,7.95,CPI_Rural
2017,DRG260,3094.69,2029.26,1065.43,3287.98,0.906,3.1,Y,78.96,93.77,15.06,20.65,N,SHOP-470,48.1,0.777,1.059,2.287,WPI
2022,DRG228,119946.77,100356.66,19590.11,143944.81,0.621,11.01,N,64.93,82.92,18.55,11.04,Y,SHOP-295,4.89,1.317,1.386,2.539,WPI
2017,DRG939,8700.8,7438.46,1262.34,14391.33,0.559,33.6,N,49.71,52.83,0.78,9.28,Y,SHOP-595,65.99,1.334,0.883,0.421,GDP_Deflator
2019,DRG839,1490.02,983.75,506.27,3847.04,0.963,25.57,N,19.44,69.61,11.95,8.49,Y,SHOP-827,65.32,1.492,0.863,2.794,WPI
2023,DRG765,75273.68,65430.27,9843.41,156058.26,1.096,5.5,N,21.29,51.44,10.53,16.39,Y,SHOP-404,29.76,1.051,1.725,1.888,CPI_Urban
2017,DRG216,238591.9,208415.53,30176.37,553970.44,0.542,3.99,Y,23.8,48.13,14.31,11.57,Y,SHOP-168,93.0,1.072,0.994,2.104,CPI_Rural
2017,DRG095,34814.45,28599.08,6215.37,93373.26,0.495,22.69,Y,25.41,68.43,9.33,0.75,Y,SHOP-403,82.66,1.043,2.119,1.706,WPI
2023,DRG377,73557.32,53854.75,19702.57,78919.98,0.385,33.14,Y,25.85,74.55,3.42,23.81,Y,SHOP-735,9.93,0.742,1.061,6.801,WPI
2022,DRG654,187564.43,166273.79,21290.64,351343.79,0.68,1.16,N,88.96,70.05,1.87,18.96,Y,SHOP-303,51.04,1.486,1.867,0.341,CPI_Urban
2020,DRG848,161990.14,116052.51,45937.63,425735.36,0.867,5.05,N,46.85,62.34,3.97,2.27,Y,SHOP-872,14.47,1.212,1.606,3.883,CPI_Urban
2017,DRG782,223042.35,188132.2,34910.15,508624.59,0.882,3.95,N,12.83,83.47,10.89,6.08,Y,SHOP-940,88.46,0.649,1.89,6.16,CPI_Urban
2017,DRG974,149246.71,88501.49,60745.22,410014.64,0.64,27.17,Y,55.03,68.72,2.67,18.78,N,SHOP-387,65.39,1.132,0.962,7.151,GDP_Deflator
2023,DRG577,172391.94,142781.76,29610.18,329415.41,0.962,25.44,Y,61.38,51.87,6.66,7.22,N,SHOP-572,6.54,0.677,1.682,3.227,CPI_Rural
2024,DRG645,72064.63,46204.17,25860.46,141992.45,1.024,6.03,N,79.11,89.16,4.01,3.73,Y,SHOP-971,56.56,1.326,1.098,3.706,CPI_Urban
2017,DRG132,119088.81,101846.87,17241.94,126778.94,1.121,31.64,N,3.16,85.96,2.65,3.05,Y,SHOP-409,29.53,0.92,1.097,2.304,CPI_Urban
2025,DRG087,118969.19,71477.19,47492.0,250598.24,1.033,15.64,Y,26.38,68.32,16.23,13.75,Y,SHOP-792,62.84,0.756,1.965,2.454,CPI_Urban
2024,DRG421,172169.26,115684.86,56484.4,447912.73,1.125,19.89,N,73.12,90.72,11.77,23.01,Y,SHOP-176,47.89,1.044,1.971,1.285,GDP_Deflator
2019,DRG677,117990.01,72612.65,45377.36,136295.79,0.946,17.64,Y,67.85,45.43,19.15,9.36,N,SHOP-973,34.44,1.44,1.064,6.001,CPI_Rural
2025,DRG353,169940.08,145989.4,23950.68,289156.92,0.463,26.68,Y,19.53,37.7,2.84,9.69,N,SHOP-573,43.9,0.501,1.325,3.693,CPI_Urban
2023,DRG957,190833.52,158922.58,31910.94,436752.58,0.54,29.58,Y,11.05,94.94,6.54,6.69,N,SHOP-372,69.27,0.812,1.729,7.312,CPI_Urban
2022,DRG169,232179.88,141887.61,90292.27,245912.84,0.316,3.67,Y,15.27,63.24,8.32,22.38,N,SHOP-827,43.2,0.903,1.395,7.5,CPI_Urban
2019,DRG767,1481.23,1164.29,316.94,3250.54,0.385,24.03,Y,51.52,94.5,15.92,0.34,Y,SHOP-701,13.29,1.031,2.029,0.455,CPI_Rural
2023,DRG166,80489.38,61821.8,18667.58,201443.46,0.295,21.61,Y,12.47,48.71,3.07,16.98,Y,SHOP-128,83.36,0.716,1.147,4.383,CPI_Urban
2025,DRG886,147021.71,141762.36,5259.35,297655.29,1.187,31.6,Y,32.75,85.07,15.63,1.93,N,SHOP-490,52.62,1.047,1.299,0.273,CPI_Rural
2024,DRG540,85809.81,51652.2,34157.61,98076.31,0.319,17.2,Y,66.52,89.61,17.31,14.78,N,SHOP-447,91.3,1.287,1.994,3.106,WPI
2019,DRG196,2217.29,1569.58,647.71,5096.78,0.2,18.32,N,59.17,51.84,2.46,17.08,N,SHOP-202,1.03,0.932,0.806,5.788,WPI
2022,DRG998,212176.91,179349.12,32827.79,434262.49,0.363,33.82,Y,4.92,44.55,14.43,3.17,N,SHOP-152,88.25,0.845,2.189,1.732,GDP_Deflator
2023,DRG641,103732.65,99282.22,4450.43,289594.96,0.922,32.34,N,31.36,70.65,3.39,13.79,Y,SHOP-141,57.22,1.076,1.511,3.201,GDP_Deflator
2023,DRG262,243453.78,231425.01,12028.77,456068.45,0.333,18.16,N,75.08,39.05,14.31,13.98,Y,SHOP-200,91.64,0.714,1.292,5.609,GDP_Deflator
2020,DRG960,190444.69,172164.0,18280.69,488763.19,1.076,11.76,Y,87.5,45.57,7.54,21.21,N,SHOP-128,53.39,1.332,1.035,4.54,WPI
2023,DRG168,184795.61,110211.09,74584.52,272071.77,0.256,14.08,N,85.44,56.94,14.52,19.05,Y,SHOP-728,0.1,0.776,1.386,0.928,CPI_Rural
2017,DRG113,64363.38,46344.41,18018.97,171731.5,0.826,22.69,Y,32.86,35.2,11.82,16.67,N,SHOP-790,22.66,1.231,0.862,2.674,WPI
2020,DRG634,79561.4,58180.38,21381.02,149067.21,0.613,27.34,Y,6.1,55.44,12.01,17.61,N,SHOP-780,4.67,0.544,1.862,0.204,CPI_Rural
2017,DRG752,31503.81,23569.77,7934.04,84073.46,0.797,17.6,Y,47.69,74.24,12.49,4.32,Y,SHOP-786,37.94,1.307,1.462,7.366,CPI_Urban
2017,DRG533,61025.46,45218.75,15806.71,89307.86,0.771,12.38,Y,48.4,76.65,4.39,12.49,Y,SHOP-813,8.42,1.375,1.428,1.27,WPI
2016,DRG224,195807.77,118281.11,77526.66,285932.28,0.635,9.2,Y,46.36,95.08,2.43,22.45,N,SHOP-164,95.23,0.972,1.579,1.022,WPI
2023,DRG123,169692.14,106651.22,63040.92,424514.21,0.66,22.43,N,43.3,36.05,18.02,24.56,N,SHOP-679,49.79,0.587,1.792,6.35,WPI
2017,DRG907,153117.41,108852.3,44265.11,297767.9,0.882,16.98,N,84.21,52.82,0.21,16.1,N,SHOP-742,91.79,1.469,1.375,2.515,WPI
2025,DRG608,2614.54,2064.79,549.75,4938.59,0.38,15.62,N,78.19,92.55,1.78,13.24,N,SHOP-103,55.79,1.29,1.414,0.872,WPI
2020,DRG792,157052.82,110710.1,46342.72,363598.93,0.31,2.34,N,20.1,54.33,3.97,22.68,N,SHOP-425,4.51,1.233,0.884,0.46,WPI
2020,DRG358,65706.56,47882.5,17824.06,97857.54,1.052,11.24,Y,82.43,67.67,14.8,15.6,Y,SHOP-748,7.33,1.431,1.093,7.852,GDP_Deflator
2019,DRG213,240284.1,211057.44,29226.66,339154.12,0.199,20.99,Y,48.99,62.82,11.22,16.37,N,SHOP-170,53.88,0.654,1.546,6.209,CPI_Rural
2016,DRG182,192200.83,160524.43,31676.4,269096.25,0.657,9.69,N,7.36,57.21,13.84,20.49,N,SHOP-329,37.99,1.0,0.837,7.896,CPI_Urban
2019,DRG386,109155.65,60587.28,48568.37,213083.74,0.182,15.16,N,15.21,67.43,6.75,18.85,Y,SHOP-922,30.31,1.455,2.137,7.394,GDP_Deflator
2016,DRG077,173010.58,117888.05,55122.53,470290.21,0.99,18.35,N,19.55,95.13,4.89,20.53,N,SHOP-456,32.26,1.154,2.076,4.64,CPI_Urban
2016,DRG845,47832.77,26919.88,20912.89,111304.97,0.751,21.26,N,7.05,81.37,4.71,20.99,N,SHOP-319,59.88,1.255,0.844,7.998,GDP_Deflator
2022,DRG083,169967.56,152824.84,17142.72,205308.26,0.513,9.32,N,74.08,45.51,5.15,22.67,N,SHOP-692,69.86,0.967,0.822,7.245,CPI_Urban
2020,DRG218,7961.15,6959.89,1001.26,16189.09,0.204,18.29,N,57.4,63.25,18.74,2.06,Y,SHOP-643,42.05,0.952,1.482,6.96,CPI_Urban
2024,DRG581,75775.54,70863.13,4912.41,83014.04,0.895,22.3,N,16.33,82.86,5.9,20.34,N,SHOP-718,71.93,1.455,1.599,2.112,CPI_Urban
2022,DRG285,241770.8,223380.77,18390.03,560538.13,0.835,19.57,Y,64.48,35.53,2.16,15.74,N,SHOP-409,43.5,0.549,1.095,6.584,GDP_Deflator
2024,DRG442,114069.69,84938.44,29131.25,259781.42,0.155,33.34,N,78.5,84.86,7.07,2.03,N,SHOP-248,0.18,0.55,1.043,7.972,CPI_Rural
2024,DRG871,180603.45,129037.07,51566.38,268779.42,1.013,12.66,N,84.63,72.77,8.59,7.37,N,SHOP-750,27.7,1.124,1.687,4.179,WPI
2018,DRG975,80241.77,49740.36,30501.41,90033.49,1.075,26.61,N,64.62,79.47,17.91,16.34,Y,SHOP-217,69.61,0.917,1.561,7.982,CPI_Rural
2017,DRG333,239953.56,175652.34,64301.22,507858.17,0.65,1.66,N,66.59,88.01,9.87,7.6,N,SHOP-169,96.49,0.686,2.162,1.248,CPI_Urban
2021,DRG977,106338.52,67023.91,39314.61,130435.06,1.119,20.74,N,69.36,35.07,11.43,12.68,Y,SHOP-637,53.02,1.167,2.061,7.109,GDP_Deflator
2019,DRG503,200568.36,168550.53,32017.83,444685.54,0.8,6.91,Y,58.57,80.69,1.55,21.61,N,SHOP-816,69.79,1.416,1.967,2.717,WPI
2018,DRG711,20953.71,18117.52,2836.19,45673.93,0.247,31.85,Y,67.58,44.65,4.51,19.6,N,SHOP-817,41.5,0.776,2.027,4.43,GDP_Deflator
2019,DRG454,239155.08,151230.81,87924.27,522995.21,0.311,15.25,Y,30.74,39.53,17.38,21.14,Y,SHOP-902,92.67,1.207,1.814,5.285,GDP_Deflator
2019,DRG452,53085.25,49158.42,3926.83,148608.34,0.838,12.48,N,17.12,59.79,17.55,11.88,Y,SHOP-369,49.7,1.469,2.115,3.395,CPI_Urban
2016,DRG955,38769.92,30066.72,8703.2,76021.66,1.191,34.65,Y,64.2,81.77,5.28,15.48,Y,SHOP-464,38.41,0.922,1.125,6.503,CPI_Rural
2022,DRG780,17664.55,13103.24,4561.31,19404.75,0.633,10.81,Y,21.12,73.87,13.42,19.24,Y,SHOP-902,74.38,1.074,1.637,7.94,CPI_Urban
2020,DRG109,53119.38,47020.5,6098.88,70428.35,0.5,31.93,N,88.37,45.8,15.13,24.64,N,SHOP-490,92.71,0.815,1.047,5.658,GDP_Deflator
2019,DRG213,171254.69,112465.55,58789.14,381826.5,0.369,24.35,Y,70.18,78.41,2.66,13.36,Y,SHOP-400,77.62,1.156,1.536,5.35,GDP_Deflator
2024,DRG398,191759.78,168367.96,23391.82,438346.39,0.787,10.31,Y,45.77,41.04,10.06,8.65,Y,SHOP-394,97.64,1.342,1.61,2.658,CPI_Rural
2022,DRG546,123848.06,96819.92,27028.14,308307.78,1.14,8.75,Y,2.25,41.3,15.79,8.15,N,SHOP-265,55.08,1.234,1.86,7.821,CPI_Urban
2020,DRG851,21245.47,20762.99,482.48,41551.25,0.318,17.12,N,36.8,50.8,14.11,10.81,Y,SHOP-289,79.08,1.407,1.374,2.952,CPI_Urban
2024,DRG887,183295.31,148071.24,35224.07,325731.58,1.082,0.42,N,11.34,42.32,0.75,13.42,Y,SHOP-140,34.35,1.469,1.347,6.031,GDP_Deflator
2023,DRG635,160487.84,139279.33,21208.51,300999.62,0.928,1.85,Y,19.08,67.8,10.34,11.21,N,SHOP-603,10.7,1.094,1.899,1.618,CPI_Rural
2019,DRG597,52756.49,40086.32,12670.17,111826.97,0.702,13.02,N,11.38,98.51,15.31,1.93,Y,SHOP-617,69.24,1.354,1.586,3.922,GDP_Deflator
2024,DRG852,108364.89,64420.86,43944.03,256547.21,0.711,17.94,N,27.71,55.12,6.13,16.71,N,SHOP-555,14.34,0.954,1.739,4.194,GDP_Deflator
2020,DRG467,43869.06,29391.54,14477.52,67598.07,0.414,6.81,N,67.4,49.76,8.43,12.72,Y,SHOP-671,52.28,0.516,2.133,1.307,GDP_Deflator
2020,DRG742,88032.82,56703.5,31329.32,148263.65,0.532,29.47,N,65.25,60.5,19.1,0.87,Y,SHOP-884,1.5,0.514,2.179,3.313,WPI
2016,DRG039,72440.09,69514.84,2925.25,178778.07,0.898,0.91,N,9.47,79.18,5.96,13.36,Y,SHOP-446,85.95,1.426,1.148,5.738,CPI_Urban
2024,DRG222,200270.57,115634.15,84636.42,442868.31,0.859,15.19,Y,3.97,93.89,14.73,1.18,N,SHOP-176,99.29,1.064,1.202,3.217,CPI_Rural
2016,DRG904,178896.05,99654.91,79241.14,400293.77,0.332,17.97,N,26.15,38.71,2.83,19.19,N,SHOP-576,90.41,1.12,1.223,5.673,WPI
2021,DRG616,43858.33,36364.44,7493.89,94964.26,1.13,5.13,Y,37.64,35.59,11.7,15.83,N,SHOP-932,96.67,0.932,1.571,1.426,GDP_Deflator
2017,DRG994,168178.53,152350.56,15827.97,352889.52,0.399,18.28,N,10.46,79.25,6.69,22.13,Y,SHOP-996,73.43,1.231,0.836,3.332,CPI_Rural
2025,DRG576,109338.17,102188.91,7149.26,136248.7,0.875,28.15,Y,63.28,80.52,19.65,5.67,Y,SHOP-672,44.03,0.949,1.04,1.858,GDP_Deflator
2024,DRG985,183851.85,153321.91,30529.94,464471.54,0.24,27.18,Y,37.64,52.33,1.09,3.75,N,SHOP-170,34.93,1.051,1.413,6.445,CPI_Urban
2021,DRG718,222624.06,140985.7,81638.36,450959.51,0.599,33.86,N,45.51,94.26,18.51,4.49,N,SHOP-420,9.93,0.79,0.957,3.306,GDP_Deflator
2024,DRG789,95471.19,59741.9,35729.29,167586.54,1.013,7.17,N,38.51,46.08,9.55,2.45,Y,SHOP-524,65.5,1.353,2.046,1.236,CPI_Urban
2019,DRG153,229452.16,129600.76,99851.4,525258.92,0.531,0.11,N,14.68,74.12,8.18,5.23,Y,SHOP-471,90.51,0.728,1.115,2.497,CPI_Rural
2024,DRG839,85535.27,68258.47,17276.8,237623.62,0.48,2.86,N,76.06,73.26,8.26,7.14,N,SHOP-567,2.81,0.617,1.779,4.571,WPI
2020,DRG311,15467.4,9829.77,5637.63,38878.49,0.951,29.2,Y,82.03,51.25,1.09,5.52,Y,SHOP-577,83.06,1.404,1.531,5.716,GDP_Deflator
2019,DRG600,106681.19,72597.09,34084.1,124511.86,1.119,2.78,Y,66.64,52.48,18.42,12.3,Y,SHOP-916,4.41,1.31,1.04,3.738,CPI_Rural
2023,DRG537,220851.33,154004.36,66846.97,239376.74,1.005,5.79,N,31.29,96.18,19.55,6.39,N,SHOP-815,21.03,0.889,1.882,3.248,CPI_Urban
2024,DRG326,225705.47,198119.78,27585.69,601607.43,0.642,4.09,Y,39.63,78.84,4.12,23.61,N,SHOP-866,73.99,1.196,2.013,7.014,CPI_Rural
2017,DRG038,28419.48,16229.56,12189.92,40274.65,0.302,30.2,Y,42.82,77.79,8.24,23.5,Y,SHOP-473,0.84,0.828,1.947,4.775,WPI
2022,DRG110,103173.55,65253.24,37920.31,119729.66,0.6,14.21,N,49.08,93.94,9.21,10.2,N,SHOP-295,34.48,0.591,1.574,5.415,CPI_Rural
2025,DRG259,87580.08,74580.38,12999.7,203898.06,0.547,27.84,N,18.19,90.0,3.41,22.89,N,SHOP-375,38.96,0.943,1.067,7.028,WPI
2019,DRG485,148426.2,126694.69,21731.51,343269.01,0.515,32.97,N,71.58,79.64,8.78,9.85,N,SHOP-550,10.35,0.647,1.995,4.757,GDP_Deflator
2018,DRG976,96958.56,72299.57,24658.99,160112.12,0.98,30.5,N,52.38,76.23,3.57,24.53,N,SHOP-903,35.96,0.885,1.163,3.619,CPI_Urban
2022,DRG957,228636.18,186339.21,42296.97,536171.62,0.465,20.29,Y,32.26,50.65,16.07,22.69,Y,SHOP-149,30.46,0.658,2.141,6.094,GDP_Deflator
2016,DRG398,62899.71,55822.86,7076.85,117685.43,0.604,20.84,Y,57.62,68.36,16.32,14.07,N,SHOP-945,97.51,1.199,1.341,7.331,CPI_Urban
2019,DRG733,156622.29,116312.94,40309.35,391423.86,0.638,17.95,N,18.11,83.19,17.23,22.59,N,SHOP-528,52.01,1.198,0.909,1.665,CPI_Rural
2017,DRG483,59632.08,45449.01,14183.07,123373.83,0.479,7.21,Y,77.41,67.73,6.88,15.34,Y,SHOP-444,57.55,0.831,1.086,2.697,CPI_Urban
2024,DRG098,184533.41,108171.86,76361.55,427300.01,1.164,2.55,N,27.34,44.74,18.64,11.08,N,SHOP-219,24.49,0.656,1.004,0.242,GDP_Deflator
2016,DRG230,113941.4,81009.53,32931.87,221392.54,0.361,19.31,N,1.03,53.06,17.6,12.81,N,SHOP-719,94.35,1.283,1.288,7.344,GDP_Deflator
2018,DRG696,117878.27,89952.51,27925.76,238847.24,0.802,26.32,N,55.38,46.58,7.86,16.48,Y,SHOP-704,24.51,1.096,1.05,7.515,GDP_Deflator
2025,DRG135,221773.91,210698.47,11075.44,498420.6,0.92,18.67,Y,81.21,89.12,0.06,13.36,N,SHOP-904,67.07,0.659,1.776,7.683,GDP_Deflator
2017,DRG853,181161.03,168519.88,12641.15,239882.44,0.501,34.78,Y,86.0,63.78,14.34,23.47,N,SHOP-124,96.32,1.233,1.582,5.552,CPI_Urban
2017,DRG714,56472.42,52102.9,4369.52,134737.0,1.145,8.0,N,48.3,52.43,11.51,13.99,Y,SHOP-898,78.76,0.793,1.133,6.737,GDP_Deflator
2023,DRG663,191750.21,160764.34,30985.87,292362.35,1.075,30.85,N,42.97,39.86,15.15,14.63,Y,SHOP-396,99.72,1.049,1.387,0.579,CPI_Urban
2016,DRG897,66303.23,57744.15,8559.08,69702.15,0.569,4.81,Y,55.92,90.68,8.8,10.38,N,SHOP-348,82.26,0.624,1.192,5.705,CPI_Rural
2019,DRG490,193144.58,147393.61,45750.97,238256.5,0.882,6.24,N,39.3,49.96,16.41,15.9,Y,SHOP-778,14.52,1.274,1.049,2.008,CPI_Rural
2024,DRG907,129355.09,80732.21,48622.88,156834.66,0.621,22.62,N,6.87,66.98,9.79,18.54,Y,SHOP-314,70.53,0.89,2.067,7.484,WPI
2022,DRG281,7070.39,5064.85,2005.54,10221.23,0.785,17.09,Y,16.7,89.56,15.67,12.09,N,SHOP-588,66.33,1.212,2.078,1.979,WPI
2018,DRG588,240704.77,179578.41,61126.36,362878.44,0.558,4.76,N,62.53,79.72,7.89,15.83,Y,SHOP-570,62.03,0.873,1.911,6.044,GDP_Deflator
2016,DRG476,52767.28,41170.88,11596.4,119508.6,0.232,10.49,N,65.17,55.16,7.4,21.09,Y,SHOP-693,36.79,1.489,1.046,6.774,CPI_Urban
2016,DRG405,12214.94,11793.85,421.09,29707.13,0.507,20.66,Y,35.06,53.1,1.99,0.98,Y,SHOP-791,71.29,0.655,1.463,0.724,GDP_Deflator
2024,DRG543,129382.18,93284.2,36097.98,328779.09,1.155,10.04,Y,67.86,51.56,1.02,7.78,Y,SHOP-151,79.28,1.375,1.382,1.674,CPI_Rural
2019,DRG993,248233.17,200060.31,48172.86,547324.56,0.535,6.14,Y,67.75,67.7,0.07,10.83,N,SHOP-571,6.59,1.053,1.751,7.543,WPI
2017,DRG465,112950.19,63179.2,49770.99,188935.08,1.184,6.76,Y,72.5,37.68,14.54,8.92,Y,SHOP-206,16.14,1.111,1.533,3.438,WPI
2019,DRG226,120613.02,103802.35,16810.67,290427.8,1.107,17.93,Y,24.44,92.04,13.09,22.91,N,SHOP-600,96.62,0.702,2.093,6.403,GDP_Deflator
2020,DRG795,76008.57,55341.8,20666.77,148515.13,0.693,32.51,Y,11.69,73.22,15.89,18.82,Y,SHOP-122,56.63,0.8,1.532,2.643,CPI_Rural
2018,DRG361,140539.09,80744.78,59794.31,281008.0,0.155,0.05,N,34.1,50.91,4.43,14.68,Y,SHOP-839,73.36,1.423,1.131,5.901,CPI_Urban
2018,DRG586,146621.62,134881.91,11739.71,340905.93,0.809,8.81,Y,61.88,96.14,10.36,0.86,N,SHOP-916,81.27,0.958,1.953,5.711,GDP_Deflator
2022,DRG602,236640.05,194977.22,41662.83,372708.44,0.433,10.42,Y,44.54,55.46,2.06,3.34,Y,SHOP-827,3.87,0.551,1.252,6.679,CPI_Urban
2025,DRG996,111083.14,62661.03,48422.11,304590.41,0.183,12.98,Y,15.99,69.77,7.07,4.35,N,SHOP-570,44.55,0.534,1.554,3.86,CPI_Urban
2024,DRG793,127273.81,82285.87,44987.94,209652.39,0.751,1.09,N,89.97,60.48,14.72,17.26,N,SHOP-790,27.21,1.051,0.826,4.442,CPI_Rural
2023,DRG688,178939.96,144970.75,33969.21,303779.85,0.449,19.11,N,68.38,36.96,8.44,3.61,Y,SHOP-906,59.6,0.567,1.606,1.808,CPI_Rural
2019,DRG014,26112.7,24269.5,1843.2,34511.94,0.922,21.78,N,8.22,39.59,4.46,8.4,N,SHOP-478,84.9,0.829,0.868,6.613,CPI_Urban
2024,DRG717,141034.9,119272.56,21762.34,336750.08,0.821,9.52,N,21.72,82.79,9.69,1.6,Y,SHOP-295,57.4,0.924,1.927,4.022,CPI_Rural
2024,DRG635,6353.58,6052.29,301.29,10248.39,0.426,0.21,Y,78.94,82.33,3.67,16.65,N,SHOP-694,97.3,1.055,1.408,5.758,CPI_Urban
2019,DRG932,76572.14,65732.73,10839.41,90724.03,0.204,8.26,Y,52.5,87.27,9.19,5.34,Y,SHOP-538,62.93,0.925,0.913,4.864,CPI_Rural
2023,DRG388,229088.16,186193.46,42894.7,553022.4,0.302,2.64,Y,46.99,83.47,2.35,10.82,Y,SHOP-830,24.35,0.583,1.22,1.46,GDP_Deflator
2023,DRG179,184715.06,105609.99,79105.07,513263.91,0.821,17.21,Y,24.59,56.44,11.64,6.39,Y,SHOP-638,94.07,1.345,1.866,2.387,CPI_Urban
2023,DRG697,92789.6,55215.22,37574.38,254675.2,0.184,29.04,N,69.34,42.75,17.14,4.26,N,SHOP-797,29.68,1.423,1.264,1.639,CPI_Urban
2022,DRG955,117048.96,89470.22,27578.74,166190.51,1.196,23.11,Y,75.54,66.36,6.33,5.12,N,SHOP-678,39.82,1.485,1.208,2.536,CPI_Urban
2019,DRG340,32968.5,22360.83,10607.67,88745.44,0.34,13.34,N,78.44,65.85,7.53,12.65,N,SHOP-302,3.5,0.765,1.626,1.429,CPI_Urban
2022,DRG189,92347.67,65586.83,26760.84,230447.37,0.288,31.01,N,66.97,75.55,5.55,11.49,N,SHOP-484,38.35,0.863,1.643,7.916,WPI
2024,DRG670,212125.49,125867.3,86258.19,343243.98,0.225,34.42,Y,48.94,86.3,10.92,13.94,N,SHOP-993,86.1,1.259,1.617,4.7,CPI_Rural
2019,DRG953,81937.87,71624.43,10313.44,96181.83,1.049,0.99,Y,8.25,49.81,11.69,19.25,Y,SHOP-405,14.05,0.636,1.164,3.309,GDP_Deflator
2020,DRG116,121216.75,78270.57,42946.18,209679.66,0.242,18.51,Y,19.75,80.63,16.81,18.0,N,SHOP-704,36.82,0.533,2.093,7.778,CPI_Rural
2020,DRG252,46728.33,39905.56,6822.77,61520.04,0.151,34.04,Y,3.46,46.94,14.0,4.2,N,SHOP-111,52.14,0.897,2.186,3.481,CPI_Rural
2021,DRG824,59950.97,41607.66,18343.31,134508.4,0.382,14.59,N,77.57,95.46,5.4,12.79,N,SHOP-649,18.78,1.031,1.733,6.806,GDP_Deflator
2020,DRG463,19060.4,16045.6,3014.8,26390.29,0.471,10.53,N,46.87,74.19,12.46,4.69,Y,SHOP-419,83.69,0.784,1.486,2.301,GDP_Deflator
2016,DRG376,196042.06,127240.23,68801.83,237351.11,0.896,29.33,N,20.53,56.58,5.28,2.22,Y,SHOP-427,1.66,0.653,1.741,3.258,GDP_Deflator
2023,DRG632,176985.09,105517.66,71467.43,196362.75,0.274,6.26,Y,86.73,81.16,8.72,24.27,Y,SHOP-590,10.87,0.578,2.011,1.278,CPI_Urban
2017,DRG431,230271.21,191741.1,38530.11,259466.97,1.055,7.5,Y,74.85,58.32,14.98,9.42,N,SHOP-569,67.61,0.88,1.942,7.2,WPI
2018,DRG962,10973.49,7624.92,3348.57,26442.38,0.204,14.47,Y,87.92,73.09,4.3,1.09,N,SHOP-554,14.37,0.602,2.115,1.638,CPI_Rural
2018,DRG261,167561.16,124460.87,43100.29,223098.25,0.16,25.35,N,49.18,78.34,15.19,7.68,N,SHOP-238,6.08,0.998,1.965,7.924,WPI
2020,DRG244,131031.35,124584.44,6446.91,238711.44,0.707,5.35,Y,29.75,52.92,1.75,14.04,N,SHOP-952,16.96,1.257,1.267,7.324,CPI_Urban
2016,DRG381,71031.67,57364.61,13667.06,99723.26,0.25,18.59,N,62.6,36.76,16.74,2.01,Y,SHOP-336,22.11,0.911,0.834,5.398,GDP_Deflator
2016,DRG564,177472.16,147885.59,29586.57,405604.53,0.596,8.38,N,44.67,89.55,10.15,8.43,Y,SHOP-158,16.17,0.634,1.061,1.757,CPI_Urban
2018,DRG300,21538.63,16803.26,4735.37,53572.38,0.236,6.77,Y,87.37,78.36,8.96,12.42,N,SHOP-925,82.0,0.984,1.7,1.403,CPI_Rural
2022,DRG436,244049.22,210546.58,33502.64,397946.1,0.542,9.72,N,59.82,72.56,13.18,2.39,Y,SHOP-412,37.02,0.667,2.185,7.496,CPI_Rural
2016,DRG971,81354.02,54099.94,27254.08,138194.78,0.509,22.79,N,34.41,93.04,17.89,0.92,N,SHOP-968,12.67,1.21,1.605,1.57,WPI
2020,DRG365,101982.92,70936.92,31046.0,221727.02,0.155,10.33,Y,15.97,96.43,1.75,19.54,Y,SHOP-385,28.92,1.435,1.237,3.902,GDP_Deflator
2024,DRG878,138702.43,124570.23,14132.2,273261.84,0.756,32.42,N,71.01,46.92,16.11,16.56,N,SHOP-145,30.91,1.188,1.656,7.006,CPI_Urban
2024,DRG478,153773.15,91377.64,62395.51,340386.87,0.698,6.32,N,23.86,61.64,13.55,20.05,Y,SHOP-107,75.47,1.219,1.272,6.6,GDP_Deflator
2022,DRG004,211749.69,206340.21,5409.48,223545.72,0.582,9.53,N,30.14,56.27,14.86,3.35,Y,SHOP-917,62.01,0.712,1.178,1.645,GDP_Deflator
2016,DRG398,133474.64,78047.96,55426.68,169572.88,0.634,5.43,Y,5.61,85.79,15.76,8.28,N,SHOP-895,69.74,1.093,1.424,0.648,CPI_Urban
2020,DRG391,141935.13,92697.95,49237.18,151814.03,1.136,21.33,Y,56.85,36.0,11.88,23.27,Y,SHOP-335,95.68,1.105,1.727,7.08,GDP_Deflator
2018,DRG210,88781.58,64279.69,24501.89,119375.97,0.744,26.76,Y,32.07,58.09,17.51,2.65,Y,SHOP-124,45.4,1.024,2.033,4.424,GDP_Deflator
2022,DRG634,169063.64,158000.2,11063.44,398585.42,0.683,32.23,N,7.89,80.25,11.51,19.42,Y,SHOP-221,69.69,1.449,1.296,7.922,CPI_Urban
2021,DRG140,60561.11,38646.77,21914.34,73314.07,0.26,15.44,Y,51.85,50.96,0.85,17.19,N,SHOP-805,74.23,0.902,0.859,5.16,CPI_Rural
2025,DRG861,98899.8,71528.83,27370.97,110570.11,0.438,9.31,N,74.62,43.96,19.17,21.04,Y,SHOP-971,0.44,1.143,2.126,4.363,GDP_Deflator
2025,DRG792,14445.03,12792.23,1652.8,26315.8,1.019,8.05,Y,2.26,83.65,5.67,2.84,N,SHOP-779,0.66,0.765,1.83,3.893,WPI
2025,DRG225,247791.01,186359.73,61431.28,469141.61,0.299,18.34,Y,15.13,67.83,7.78,13.34,N,SHOP-460,59.05,0.964,1.899,1.001,CPI_Urban
2024,DRG191,148485.5,108619.43,39866.07,203046.27,0.837,13.39,N,33.54,98.81,15.89,17.6,N,SHOP-320,94.81,1.214,1.164,1.004,GDP_Deflator
2025,DRG495,119463.98,104142.59,15321.39,221600.28,0.395,27.24,N,65.15,47.65,18.32,9.19,N,SHOP-513,28.22,0.916,0.885,5.303,WPI
2020,DRG882,249064.79,225737.18,23327.61,600296.19,0.195,7.75,Y,44.97,80.08,19.7,10.0,N,SHOP-511,10.58,1.4,1.189,4.979,WPI
2022,DRG810,53804.16,44043.69,9760.47,87342.9,0.185,1.95,Y,81.47,38.99,19.71,0.96,N,SHOP-121,46.54,0.531,1.327,0.312,CPI_Rural
2022,DRG181,65370.37,62444.81,2925.56,179875.02,1.069,28.53,Y,38.86,67.28,9.19,0.96,Y,SHOP-987,97.9,0.625,1.937,5.104,CPI_Urban
2016,DRG622,156840.36,137362.83,19477.53,377585.51,1.105,26.82,Y,74.92,94.58,2.38,21.16,Y,SHOP-837,76.12,1.165,1.187,4.648,WPI
2017,DRG925,178562.65,142990.92,35571.73,334903.4,1.057,30.22,Y,36.95,47.78,12.48,7.4,Y,SHOP-933,47.08,0.957,1.202,2.896,CPI_Urban
2021,DRG088,179332.29,99787.28,79545.01,196381.72,0.386,34.29,Y,16.36,78.76,9.38,9.36,N,SHOP-501,22.83,1.391,2.041,5.072,GDP_Deflator
2025,DRG441,214362.72,187469.67,26893.05,367929.74,0.184,0.36,Y,76.89,41.17,15.31,9.66,Y,SHOP-489,13.98,1.111,1.404,4.905,GDP_Deflator
2018,DRG557,122474.89,71764.01,50710.88,294028.4,0.174,10.82,Y,8.45,50.75,1.14,4.87,N,SHOP-187,66.55,0.945,1.705,3.193,CPI_Rural
2016,DRG662,40157.72,22702.62,17455.1,96442.79,0.326,2.64,Y,53.66,66.39,3.89,6.06,N,SHOP-846,25.42,0.813,2.017,6.33,CPI_Rural
2024,DRG771,11564.73,11231.47,333.26,29575.24,0.954,32.64,N,41.85,78.15,10.17,16.16,Y,SHOP-852,84.01,0.818,2.096,7.14,CPI_Urban
2020,DRG021,96264.29,86303.79,9960.5,226680.69,1.007,28.1,N,17.63,95.36,0.89,2.68,Y,SHOP-705,89.3,0.84,1.294,1.954,WPI
2023,DRG507,42264.88,24576.16,17688.72,109915.2,1.174,34.99,N,12.63,67.17,6.31,4.88,Y,SHOP-996,75.22,0.929,1.704,7.055,WPI
2019,DRG659,212604.71,139314.15,73290.56,564727.88,0.207,21.65,Y,60.44,64.2,1.51,6.91,N,SHOP-674,54.29,0.886,1.658,6.583,WPI
2023,DRG139,57910.26,34976.56,22933.7,129200.71,0.547,29.88,N,35.89,35.89,14.66,21.79,N,SHOP-679,36.99,0.621,2.112,5.206,WPI
2017,DRG199,3734.22,3342.97,391.25,10053.36,0.173,27.2,N,27.61,64.99,15.21,16.07,Y,SHOP-692,38.69,1.23,1.306,2.88,WPI
2021,DRG645,215628.91,120868.5,94760.41,267865.48,0.431,20.91,Y,82.11,73.68,6.31,6.76,N,SHOP-151,36.13,0.697,0.855,4.742,CPI_Rural
2024,DRG710,149178.9,145731.04,3447.86,407345.37,0.816,23.9,Y,78.47,94.4,7.09,16.88,N,SHOP-306,52.29,1.39,0.919,6.048,WPI
2020,DRG464,232184.62,151157.96,81026.66,307616.97,1.086,30.6,Y,87.27,68.36,10.6,5.54,Y,SHOP-703,6.56,0.929,0.858,6.591,WPI
2021,DRG866,87338.14,66042.7,21295.44,151407.81,0.273,25.2,Y,62.37,35.14,12.27,16.85,Y,SHOP-203,52.29,0.626,1.148,7.582,WPI
2020,DRG706,110054.27,68328.28,41725.99,258235.07,0.228,18.39,N,2.77,90.73,14.5,4.67,Y,SHOP-173,24.03,0.522,1.316,6.647,CPI_Rural
2017,DRG592,234739.67,225186.27,9553.4,337591.55,0.235,4.08,N,55.34,51.39,4.6,20.42,Y,SHOP-525,0.03,1.2,0.923,2.524,CPI_Rural
2018,DRG728,242227.7,149348.67,92879.03,350622.86,0.484,20.86,Y,39.65,43.11,11.18,13.97,N,SHOP-594,9.33,1.052,1.559,6.744,GDP_Deflator
2019,DRG829,94556.49,73198.72,21357.77,167454.84,0.767,6.1,N,0.54,93.29,3.55,17.29,N,SHOP-194,43.88,1.49,1.332,7.266,CPI_Urban
2022,DRG331,92496.87,61840.75,30656.12,177391.26,1.003,5.35,Y,43.52,60.72,5.04,1.58,Y,SHOP-653,70.26,1.096,1.161,7.473,GDP_Deflator
2016,DRG854,165554.67,110278.09,55276.58,244762.81,0.696,9.49,N,69.16,88.44,14.48,23.07,N,SHOP-933,92.54,1.099,1.596,5.374,GDP_Deflator
2023,DRG577,178724.53,126076.38,52648.15,462824.42,1.145,27.49,Y,69.87,38.15,15.87,15.26,Y,SHOP-399,65.47,1.101,1.293,0.228,CPI_Urban
2017,DRG183,199663.27,116669.26,82994.01,476837.24,1.095,14.78,Y,20.23,51.32,2.86,24.43,N,SHOP-378,57.69,0.749,1.455,5.731,GDP_Deflator
2025,DRG293,201849.86,144047.49,57802.37,553604.29,0.633,6.95,Y,38.83,96.07,17.13,5.81,N,SHOP-737,94.63,1.119,1.925,4.85,WPI
2023,DRG463,237016.4,157539.75,79476.65,502270.03,0.226,7.88,N,5.67,93.92,7.21,5.49,N,SHOP-641,39.05,1.488,1.623,2.909,CPI_Urban
2020,DRG980,166348.32,155578.07,10770.25,413335.54,0.495,18.4,N,79.32,59.41,11.16,0.5,Y,SHOP-598,56.64,0.628,1.941,0.74,CPI_Rural
2022,DRG959,62240.11,45263.79,16976.32,125080.96,0.971,24.86,N,77.59,83.58,7.85,8.26,N,SHOP-572,96.13,0.867,1.63,0.445,CPI_Urban
2017,DRG702,124676.32,78582.15,46094.17,285126.51,0.52,29.79,N,80.32,55.05,9.1,5.89,N,SHOP-700,56.34,1.111,2.138,3.155,CPI_Urban
2023,DRG904,195400.92,140948.35,54452.57,225159.51,1.001,33.01,Y,70.66,46.12,10.26,23.84,N,SHOP-553,30.51,1.222,1.05,1.335,WPI
2023,DRG309,96194.92,73674.49,22520.43,112849.65,0.526,16.49,Y,17.88,88.47,14.72,3.32,Y,SHOP-582,65.67,1.464,1.874,7.069,WPI
2018,DRG548,108391.91,95153.17,13238.74,288417.13,0.203,16.71,Y,70.44,92.25,8.88,8.93,Y,SHOP-810,9.01,0.534,1.543,3.496,CPI_Rural
2020,DRG013,93921.16,82607.87,11313.29,242210.44,0.225,24.26,N,80.88,50.81,8.53,14.25,N,SHOP-658,22.01,1.256,1.897,3.099,GDP_Deflator
2023,DRG186,212303.04,206168.05,6134.99,582532.9,0.625,22.23,Y,33.84,98.41,2.24,1.85,Y,SHOP-875,68.75,1.318,1.343,7.071,GDP_Deflator
2023,DRG280,238809.53,204292.72,34516.81,458238.01,0.94,22.74,Y,11.96,73.14,11.25,3.8,Y,SHOP-424,49.94,1.274,1.839,1.341,CPI_Urban
2019,DRG749,218173.78,212656.84,5516.94,229396.14,0.564,0.75,Y,30.82,95.57,15.35,5.47,N,SHOP-644,91.54,1.036,2.063,3.517,CPI_Rural
2021,DRG526,91752.01,86343.67,5408.34,134775.86,0.446,21.28,Y,50.25,65.71,18.72,6.86,N,SHOP-709,82.59,1.491,0.852,5.609,CPI_Rural
2021,DRG229,40525.4,37545.8,2979.6,93159.74,0.495,4.12,N,86.13,98.97,2.83,10.66,Y,SHOP-796,68.14,0.572,1.964,2.383,WPI
2025,DRG322,190918.39,183340.22,7578.17,497128.52,1.111,8.1,Y,44.84,71.67,7.25,1.13,N,SHOP-926,47.69,0.975,1.265,7.48,CPI_Urban
2021,DRG762,116511.77,68301.38,48210.39,269384.27,0.466,22.65,Y,67.56,36.34,17.81,5.29,N,SHOP-557,69.85,1.027,1.778,3.446,CPI_Urban
2022,DRG709,106430.81,68168.45,38262.36,270970.34,1.138,19.71,Y,32.99,71.69,9.13,16.03,Y,SHOP-282,54.05,0.71,1.71,5.238,GDP_Deflator
2021,DRG640,71879.97,69133.37,2746.6,165675.55,0.217,5.64,N,23.08,85.75,4.94,11.52,Y,SHOP-443,61.84,1.424,1.005,4.495,GDP_Deflator
2024,DRG812,81722.84,73379.75,8343.09,174743.35,0.251,18.51,Y,46.46,91.22,13.37,20.99,N,SHOP-561,75.68,0.991,1.586,1.922,WPI
2019,DRG725,217724.94,161046.96,56677.98,460750.6,1.111,8.56,N,70.6,68.93,14.13,10.89,N,SHOP-438,29.11,1.028,1.875,1.094,CPI_Urban
2021,DRG767,47002.31,27868.42,19133.89,124945.99,1.018,32.16,Y,7.56,60.63,9.79,23.81,N,SHOP-232,18.49,1.31,1.949,3.367,CPI_Urban
2023,DRG212,195792.31,132498.08,63294.23,305105.88,0.207,10.67,N,49.65,37.32,11.33,21.06,Y,SHOP-950,87.73,1.143,1.33,5.205,CPI_Urban
2019,DRG712,81261.46,54075.76,27185.7,114149.66,0.166,13.9,N,64.49,76.76,15.34,19.01,Y,SHOP-354,53.87,0.646,1.809,2.729,CPI_Rural
2022,DRG269,189453.69,140541.96,48911.73,230772.06,1.093,26.62,Y,20.79,36.34,4.86,12.24,Y,SHOP-426,14.7,1.191,0.811,0.518,GDP_Deflator
2024,DRG815,77212.75,62287.92,14924.83,144432.77,0.437,4.9,N,77.79,64.91,10.04,8.38,Y,SHOP-271,6.89,0.72,2.001,3.394,CPI_Urban
2019,DRG940,48471.45,38803.44,9668.01,112162.01,1.012,7.63,Y,77.27,48.14,19.54,19.07,Y,SHOP-845,81.1,0.691,1.441,4.132,WPI
2017,DRG375,191400.73,146507.85,44892.88,228985.33,1.164,7.05,Y,19.72,50.38,4.8,23.1,Y,SHOP-115,46.63,0.787,1.671,7.74,CPI_Urban
2023,DRG287,117097.56,81524.85,35572.71,303796.17,0.61,34.3,Y,1.86,52.35,3.12,19.06,N,SHOP-620,82.27,0.703,1.183,2.312,GDP_Deflator
2024,DRG723,16678.03,14663.79,2014.24,37451.57,0.434,24.31,Y,48.52,58.0,6.62,18.87,Y,SHOP-765,45.62,0.994,1.546,0.104,GDP_Deflator
2023,DRG594,241076.87,234589.65,6487.22,598044.24,1.166,21.63,N,88.05,40.82,17.75,11.14,N,SHOP-366,26.21,1.131,1.364,1.144,CPI_Rural
2021,DRG781,61301.95,35303.62,25998.33,75546.34,0.603,29.93,N,81.71,40.57,4.24,8.82,N,SHOP-819,63.99,1.498,1.042,1.031,GDP_Deflator
2020,DRG278,155253.1,85532.64,69720.46,414624.25,0.59,24.53,Y,82.9,65.94,2.16,9.47,Y,SHOP-860,7.78,0.831,1.12,0.829,CPI_Rural
2023,DRG369,6932.49,6486.38,446.11,18620.42,0.894,2.05,N,5.74,92.68,15.59,3.3,N,SHOP-632,32.48,1.065,2.133,0.127,CPI_Urban
2019,DRG658,185043.97,139888.16,45155.81,210440.78,0.917,27.41,Y,78.09,72.88,19.58,9.01,Y,SHOP-144,45.02,1.016,1.854,7.091,CPI_Rural
2021,DRG228,11755.29,6970.96,4784.33,31012.73,0.729,17.33,Y,46.26,54.57,0.27,22.8,N,SHOP-467,32.2,0.99,0.835,0.742,WPI
2022,DRG556,955.84,845.03,110.81,1211.53,0.399,12.21,N,67.81,35.27,7.16,21.36,N,SHOP-547,83.3,0.964,0.986,3.039,GDP_Deflator
2020,DRG162,138381.44,110598.75,27782.69,248317.3,0.78,13.56,N,61.68,74.73,15.77,22.59,Y,SHOP-885,36.54,0.919,2.141,3.342,CPI_Rural
2017,DRG906,229450.17,218579.27,10870.9,583995.34,1.002,16.48,Y,62.96,36.15,14.77,11.61,N,SHOP-936,2.44,0.813,1.242,0.162,CPI_Rural
2021,DRG871,94805.67,62466.38,32339.29,211596.59,0.315,22.93,Y,83.35,81.15,17.08,22.55,Y,SHOP-995,45.21,0.986,2.141,2.186,GDP_Deflator
2024,DRG531,11971.01,7212.14,4758.87,25093.21,0.899,5.12,N,80.81,86.9,17.93,11.25,N,SHOP-458,5.68,0.589,1.443,5.966,GDP_Deflator
2018,DRG226,72278.76,46776.42,25502.34,150995.8,0.683,10.74,Y,67.95,47.47,16.39,21.36,N,SHOP-997,62.44,0.66,1.305,5.788,CPI_Rural
2016,DRG664,172025.19,120698.91,51326.28,241080.29,0.258,28.43,N,74.85,48.04,2.25,5.62,N,SHOP-486,81.58,1.421,1.107,0.062,CPI_Rural
2016,DRG099,112992.1,70840.11,42151.99,202133.57,1.187,14.86,N,48.98,52.64,4.55,5.44,N,SHOP-660,29.41,0.674,2.111,7.218,GDP_Deflator
2022,DRG742,129588.83,107645.8,21943.03,164946.22,0.923,34.98,N,5.05,68.37,19.12,5.78,N,SHOP-411,64.04,1.029,1.06,3.779,GDP_Deflator
2019,DRG362,55447.2,44359.57,11087.63,62542.17,0.332,34.74,Y,39.95,45.15,14.65,11.23,N,SHOP-278,50.31,1.192,1.681,2.308,CPI_Rural
2018,DRG631,177795.71,145204.32,32591.39,222221.23,0.694,18.73,Y,60.64,87.24,4.29,7.25,Y,SHOP-764,20.53,1.19,1.168,3.324,CPI_Rural
2025,DRG035,173007.07,117138.66,55868.41,451616.13,1.181,5.18,Y,32.53,58.59,6.59,23.21,N,SHOP-235,60.92,1.19,1.167,2.707,CPI_Rural
2016,DRG086,111984.12,88108.33,23875.79,291693.91,0.927,26.67,Y,55.45,58.72,1.87,19.37,N,SHOP-115,25.56,1.011,1.649,4.954,GDP_Deflator
2019,DRG353,32680.68,19972.77,12707.91,78821.79,0.318,5.34,Y,66.88,70.84,13.65,5.33,Y,SHOP-929,72.88,0.716,1.257,7.422,CPI_Rural
2019,DRG096,124846.8,85931.87,38914.93,198902.97,0.452,13.75,Y,36.71,81.68,7.64,13.06,N,SHOP-246,12.01,0.7,2.153,5.202,CPI_Urban
2016,DRG102,240339.27,167894.27,72445.0,447092.38,0.634,28.53,N,70.96,81.1,6.41,6.23,N,SHOP-421,2.56,0.54,1.006,1.181,CPI_Urban
2017,DRG943,189326.93,148425.77,40901.16,469639.86,0.63,27.32,N,77.69,90.38,15.05,2.01,N,SHOP-169,2.25,1.148,1.948,6.921,WPI
2017,DRG048,41759.78,36470.39,5289.39,116672.81,0.73,17.89,Y,32.49,50.85,1.09,10.84,N,SHOP-435,7.7,1.356,0.8,7.237,WPI
2019,DRG532,184843.68,153558.95,31284.73,479644.58,0.825,21.23,N,69.13,80.32,3.16,4.13,Y,SHOP-307,79.88,0.964,1.03,5.517,CPI_Rural
2022,DRG043,76987.63,45618.37,31369.26,194464.41,0.458,17.32,Y,46.93,49.49,15.93,17.45,N,SHOP-866,53.87,1.385,1.603,3.865,CPI_Urban
2016,DRG221,7360.44,6779.34,581.1,18290.72,0.463,9.58,Y,46.21,43.57,6.42,9.26,N,SHOP-240,88.4,0.514,1.895,1.467,CPI_Urban
2025,DRG371,123315.91,89531.56,33784.35,133403.39,0.336,25.74,Y,48.13,91.55,15.54,5.11,Y,SHOP-131,91.43,0.767,1.292,3.843,CPI_Urban
2025,DRG297,1087.32,1015.88,71.44,2759.84,0.207,10.47,N,16.83,65.8,16.71,16.08,N,SHOP-458,18.38,1.101,0.802,2.84,CPI_Urban
2017,DRG493,51213.3,44729.59,6483.71,137993.61,0.2,1.44,N,73.06,49.47,1.16,17.74,Y,SHOP-164,91.02,1.308,1.136,0.808,CPI_Urban
2024,DRG462,244608.27,155196.48,89411.79,568821.02,0.346,9.94,N,11.5,80.29,9.19,14.72,Y,SHOP-378,17.3,1.121,1.943,1.076,CPI_Rural
2023,DRG658,176882.57,100762.43,76120.14,316353.81,0.785,17.78,Y,37.69,38.96,8.93,6.21,Y,SHOP-237,86.34,0.855,2.113,3.225,GDP_Deflator
2022,DRG753,242529.65,172516.36,70013.29,581166.87,0.799,20.26,Y,50.64,89.58,13.25,6.22,N,SHOP-403,48.24,1.469,1.714,2.201,CPI_Rural
2024,DRG599,8330.26,7055.33,1274.93,12470.66,0.819,10.58,N,77.33,57.44,18.25,17.67,Y,SHOP-639,48.56,0.669,1.556,5.571,CPI_Urban
2023,DRG431,231129.4,136131.15,94998.25,416755.22,0.974,32.62,Y,75.43,81.65,17.22,8.15,Y,SHOP-310,28.34,1.054,1.246,4.927,GDP_Deflator
2024,DRG459,29492.34,25620.68,3871.66,46999.46,0.724,14.06,Y,1.08,88.8,11.19,17.73,N,SHOP-259,38.4,1.451,1.228,1.605,CPI_Urban
2018,DRG181,158217.78,92575.36,65642.42,421720.75,0.4,29.96,N,40.9,54.06,9.69,20.57,Y,SHOP-283,31.75,1.423,1.218,7.349,WPI
2019,DRG817,37276.86,22183.96,15092.9,62861.74,0.649,30.08,N,51.76,61.35,0.32,8.02,Y,SHOP-428,28.89,0.616,0.99,4.03,GDP_Deflator
2021,DRG825,187601.66,180451.74,7149.92,221595.05,0.347,32.14,N,7.13,55.93,16.18,0.2,N,SHOP-194,31.58,1.281,1.253,1.208,WPI
2019,DRG843,201049.49,127394.94,73654.55,327094.22,0.203,5.06,Y,7.99,96.82,10.34,23.28,N,SHOP-960,91.43,0.64,1.604,0.078,WPI
2017,DRG226,238226.18,134284.03,103942.15,262892.99,0.589,34.55,Y,22.3,85.92,14.36,18.78,Y,SHOP-545,68.48,1.232,1.712,4.652,WPI
2018,DRG990,198981.23,135554.55,63426.68,241689.84,0.633,31.09,Y,56.32,44.26,3.79,23.02,Y,SHOP-145,80.51,1.282,1.976,1.08,WPI
2018,DRG583,228461.61,130969.29,97492.32,551971.51,0.421,1.11,N,65.03,73.16,19.3,2.88,N,SHOP-418,31.58,0.854,1.99,5.878,CPI_Urban
2022,DRG504,131394.15,75550.57,55843.58,215294.46,0.638,32.18,N,33.12,84.6,0.49,0.85,Y,SHOP-357,56.52,0.886,2.1,1.007,WPI
2017,DRG614,52907.87,39846.9,13060.97,89807.6,0.417,26.32,Y,26.34,56.51,15.75,13.92,Y,SHOP-334,74.43,0.702,1.713,0.5,GDP_Deflator
2022,DRG125,206090.1,158159.36,47930.74,340593.64,0.363,23.36,N,40.84,69.65,7.91,3.21,N,SHOP-831,88.75,0.924,2.082,2.163,WPI
2021,DRG407,94542.43,60559.59,33982.84,137554.55,0.427,21.23,N,42.19,98.48,2.58,5.59,N,SHOP-625,52.68,0.791,1.776,2.699,GDP_Deflator
2025,DRG655,65629.68,58153.61,7476.07,143591.2,0.712,31.91,N,83.54,81.84,0.78,20.14,N,SHOP-809,12.36,1.367,1.476,3.112,CPI_Rural
2018,DRG553,70815.05,46752.05,24063.0,75208.61,0.838,32.63,Y,79.4,80.76,2.75,18.02,Y,SHOP-837,50.23,1.483,2.162,0.814,CPI_Urban
2017,DRG447,215290.38,194325.94,20964.44,558925.83,0.636,18.49,Y,52.29,59.42,13.31,16.41,N,SHOP-392,72.02,1.057,1.21,0.649,CPI_Rural
2019,DRG207,157576.45,121972.07,35604.38,418191.83,0.969,21.15,N,67.42,88.59,15.21,14.69,N,SHOP-612,92.03,0.844,1.961,4.451,WPI
2018,DRG147,13722.61,8516.03,5206.58,27350.24,0.476,30.28,N,5.23,60.47,5.86,1.73,N,SHOP-577,96.12,1.036,2.105,4.146,WPI
2025,DRG518,155762.33,97287.5,58474.83,284359.24,1.187,34.48,N,21.76,96.4,4.82,4.59,N,SHOP-234,96.55,1.428,0.832,3.55,CPI_Urban
2022,DRG779,247984.05,174595.68,73388.37,461157.64,0.604,25.29,N,10.32,47.26,1.63,3.48,Y,SHOP-696,50.91,1.267,2.113,1.349,CPI_Urban
2017,DRG064,131768.31,101747.62,30020.69,227192.14,0.741,0.11,N,18.86,35.79,19.18,2.98,Y,SHOP-910,82.05,1.209,1.195,2.079,CPI_Urban
2016,DRG439,29926.48,28885.36,1041.12,62124.83,0.319,26.49,Y,36.55,71.52,13.06,5.37,Y,SHOP-890,53.04,1.33,2.014,7.534,CPI_Rural
2022,DRG053,189066.67,139889.72,49176.95,460598.16,1.143,33.71,N,48.97,86.92,15.55,12.47,N,SHOP-674,12.77,1.088,1.323,3.136,CPI_Urban
2016,DRG786,14189.73,10123.63,4066.1,30384.1,1.048,9.15,Y,37.46,43.24,2.84,0.43,Y,SHOP-337,55.72,1.297,0.987,5.096,CPI_Rural
2024,DRG772,175925.27,113973.46,61951.81,272363.05,0.407,33.51,Y,87.41,46.89,10.53,4.96,Y,SHOP-641,64.64,1.107,1.693,6.233,WPI
2025,DRG528,222418.04,161115.95,61302.09,577649.91,0.344,5.73,Y,84.01,70.58,0.51,23.93,N,SHOP-557,24.18,0.688,2.09,3.41,WPI
2021,DRG280,53942.3,39061.32,14880.98,129500.59,0.241,7.81,Y,25.53,73.21,15.03,18.49,Y,SHOP-740,48.07,1.098,1.212,1.271,CPI_Urban
2025,DRG481,64707.71,50997.42,13710.29,141524.97,0.319,21.41,N,51.31,62.56,4.74,6.03,N,SHOP-498,72.87,1.165,1.55,0.835,WPI
2023,DRG087,96727.26,89448.7,7278.56,252266.84,1.092,29.92,N,14.16,52.84,14.54,3.59,N,SHOP-514,71.75,1.423,1.31,7.487,WPI
2016,DRG270,80379.76,71571.02,8808.74,94114.54,1.059,20.09,N,76.24,74.54,14.08,15.45,Y,SHOP-526,10.88,0.606,1.059,7.865,CPI_Rural
2024,DRG828,45350.57,37344.76,8005.81,122705.32,0.968,27.94,N,16.68,84.09,3.92,21.77,Y,SHOP-353,86.53,1.428,1.782,7.13,WPI
2019,DRG198,142189.62,82860.12,59329.5,386142.72,0.485,25.55,Y,51.24,46.35,10.32,7.61,Y,SHOP-647,55.17,0.675,2.122,5.313,GDP_Deflator
2025,DRG916,212838.98,133401.99,79436.99,282759.84,0.7,16.54,N,49.04,78.08,11.71,18.59,N,SHOP-527,70.38,0.844,1.705,0.351,CPI_Urban
2020,DRG461,161800.07,128373.67,33426.4,172918.96,1.069,33.82,Y,14.82,41.03,0.1,6.7,N,SHOP-216,50.37,0.51,1.137,4.24,WPI
2024,DRG480,181603.53,149608.14,31995.39,221841.44,1.163,11.56,N,55.76,43.73,18.43,16.49,Y,SHOP-564,1.24,0.708,2.039,5.133,WPI
2025,DRG468,134340.9,125937.54,8403.36,315568.01,0.279,34.9,N,14.49,88.05,18.16,23.29,N,SHOP-319,90.86,0.738,2.088,6.021,WPI
2018,DRG986,52247.74,44954.74,7293.0,83357.75,0.962,30.29,Y,70.07,42.57,12.62,19.4,Y,SHOP-608,33.01,0.916,2.188,3.294,CPI_Urban
2018,DRG595,114501.35,97461.89,17039.46,319130.77,0.816,30.99,Y,51.31,77.79,18.93,24.75,Y,SHOP-806,35.08,1.128,1.525,5.015,CPI_Urban
2024,DRG205,231709.57,208773.85,22935.72,294113.78,0.216,10.4,N,52.87,90.34,7.92,2.57,N,SHOP-318,7.97,0.967,0.867,4.462,WPI
2021,DRG474,161806.53,119115.61,42690.92,258046.76,0.615,5.92,N,42.74,74.65,0.52,13.6,Y,SHOP-473,38.81,0.557,1.892,6.967,WPI
2025,DRG750,136961.34,103739.92,33221.42,345987.96,0.421,34.89,N,62.61,55.59,2.46,21.56,N,SHOP-509,25.28,1.258,1.847,2.815,WPI
2024,DRG194,68630.68,63703.56,4927.12,100132.06,0.911,6.25,Y,75.48,89.74,6.26,23.12,Y,SHOP-622,66.01,1.076,1.987,5.981,GDP_Deflator
2025,DRG420,5381.38,5247.29,134.09,11943.21,0.526,21.64,Y,82.76,88.64,11.65,18.48,N,SHOP-867,87.51,1.279,1.917,1.037,WPI
2025,DRG011,14673.68,11866.46,2807.22,40104.87,0.249,4.91,N,80.93,76.62,13.26,23.41,N,SHOP-461,52.33,0.745,1.02,7.58,CPI_Rural
