qol_infra_inspection_date,qol_infra_asset_type_code,qol_infra_asset_id_hash,qol_infra_condition_rating,qol_infra_work_order_count,qol_infra_mean_time_to_repair_days,qol_infra_preventive_maintenance_pct,qol_infra_pothole_reports_count,qol_infra_street_sweeping_completion_pct,qol_infra_water_main_break_count,qol_infra_sewer_overflow_count,qol_infra_signal_outage_minutes,qol_infra_graffiti_removal_days_avg,qol_infra_snow_plow_cycle_hours,qol_infra_leaf_pickup_completion_pct,qol_infra_permit_backlog_days,qol_infra_capital_project_status_code,qol_infra_service_request_backlog,qol_infra_operational_cost_inr,qol_infra_resident_report_accuracy_score
2020-02-03,DRAIN,efe3006a4ee01ccd,5,304,127,68.63,2180,6.65,169,9,19892,21.08,11.54,36.24,131,PLANNED,21230,26813859,46.0
2021-06-15,SIGNAL,1a76ebb17121faa7,3,240,70,38.9,5415,73.14,188,223,12403,31.7,55.55,8.32,269,IN_PROGRESS,24571,38265527,55.3
2019-12-31,SEWER,4d7e4264820e3035,5,323,20,94.08,3082,71.24,255,13,1931,13.3,61.47,5.47,89,IN_PROGRESS,12639,14670158,97.2
2024-04-16,DRAIN,9b77ee370a6ac75d,3,232,83,41.07,4563,22.68,95,146,7131,31.56,32.91,5.15,348,CANCELLED,2029,37654453,42.7
2022-11-02,DRAIN,cb09d3361c875a06,2,138,102,90.75,2881,71.99,220,109,8003,14.96,52.23,31.41,284,CANCELLED,12997,28836411,25.2
2021-08-18,PARK,bf0bd794ea8a5a89,1,95,1,60.22,3094,73.14,191,86,15881,21.22,20.7,46.26,36,PLANNED,14954,15625889,32.7
2024-09-20,ROAD,c66d691db3ee006b,4,59,64,91.43,4559,97.64,23,227,9681,17.46,50.34,89.69,261,PLANNED,7730,54229841,84.7
2023-12-29,SEWER,86e43006afdb637e,4,479,96,46.4,76,91.8,65,10,17469,43.69,50.21,88.55,185,IN_PROGRESS,11620,34472924,73.3
2022-10-30,BUILD,1b1c49d337763aa3,2,232,137,6.69,3277,42.42,0,60,13159,52.41,52.85,43.07,84,CANCELLED,6775,74258322,47.5
2019-08-22,ROAD,9b1730e01688f70d,1,296,119,19.87,192,83.31,160,171,4143,3.4,1.6,1.79,330,CANCELLED,3681,17506991,69.3
2019-06-29,SEWER,ff510cf11f14e853,3,337,107,28.2,1749,58.1,217,58,9623,52.07,10.99,61.49,47,CANCELLED,16671,43333179,2.6
2019-08-27,PARK,419c07136fd66c32,5,271,114,48.78,32,31.52,391,198,1935,15.73,20.12,17.83,155,IN_PROGRESS,14361,67972435,98.1
2021-06-02,BRIDGE,5d1eb837a12de76e,4,81,45,84.33,1073,69.51,193,93,17890,10.37,40.99,56.02,153,CANCELLED,1853,42611717,11.7
2023-02-13,SIGNAL,43add11ce16827b7,2,94,135,59.43,1149,13.46,210,192,10079,26.85,66.58,93.21,311,PLANNED,19826,28057013,13.6
2023-07-30,WATER,fd9a0cc9c4824feb,5,65,33,76.81,3349,34.57,227,234,18094,42.06,15.51,49.19,151,COMPLETED,4934,18472572,42.9
2025-11-16,LIGHT,0c3e6cb688b45aef,1,319,13,33.91,2086,56.79,397,3,1210,51.46,14.34,93.3,222,ON_HOLD,6959,6721346,0.4
2025-04-11,WATER,a5186977ad23c7b6,4,498,92,53.41,2707,25.28,189,50,8042,31.72,64.45,67.67,19,IN_PROGRESS,13071,64176138,41.9
2025-11-02,LIGHT,245e92c0e393fba8,2,324,66,70.93,2818,37.94,84,41,6928,31.52,14.48,87.94,40,PLANNED,22823,35558272,86.3
2023-04-25,DRAIN,8fced9ea54de7189,3,382,68,15.35,4887,49.15,394,63,18592,20.58,0.82,81.2,310,COMPLETED,8896,47059446,25.7
2020-11-22,DRAIN,8fe842a2599b74fd,2,265,98,69.96,4615,98.57,371,30,6580,4.99,8.04,54.46,135,ON_HOLD,16317,34768693,43.4
2023-06-28,LIGHT,68f0c999f758dd97,1,28,35,1.48,5677,51.41,344,91,10311,34.2,55.37,39.78,113,CANCELLED,8,52610827,68.3
2022-12-05,SIGNAL,01720d877dd9507c,1,35,115,40.38,3584,43.55,344,102,8138,17.31,22.26,33.12,311,PLANNED,20840,4721379,46.6
2025-02-13,BRIDGE,9831fd94d3ff32c7,1,365,12,19.13,5480,94.9,149,45,15640,3.1,69.27,58.1,88,CANCELLED,23435,66878677,75.6
2023-10-11,DRAIN,684bfcce58ca2fc5,1,461,7,4.22,1088,33.22,81,22,8947,11.14,70.91,94.01,80,COMPLETED,5451,52691244,15.7
2020-06-03,DRAIN,ea474623fb54ed92,4,357,179,5.24,4857,44.79,80,238,4349,5.76,31.52,41.07,252,CANCELLED,671,22996111,22.0
2020-07-27,SIGNAL,5e4c8cf15e327a1c,5,199,68,48.15,4652,51.85,87,111,14947,3.09,40.73,67.53,89,CANCELLED,24020,1734160,99.6
2021-07-11,LIGHT,3f0f610228e5a4e3,3,256,117,21.06,4627,29.79,371,220,14802,19.91,55.82,54.89,98,CANCELLED,21609,51353538,87.3
2024-08-18,SEWER,6da5101b36b9c856,2,181,49,3.51,1725,47.16,43,124,1298,21.14,53.55,70.69,326,PLANNED,7374,68931738,9.8
2021-07-20,ROAD,0049145786a4f191,4,72,117,94.58,5763,19.8,116,246,13758,22.91,13.1,55.66,147,IN_PROGRESS,18403,36444568,1.4
2024-02-22,SIGNAL,db9452217193ec4f,1,21,88,19.74,5123,52.74,19,239,12743,41.63,11.48,77.58,133,PLANNED,5603,20537673,56.0
2024-01-24,SEWER,83ef0af6f2e01e49,1,444,163,86.89,4216,47.06,323,121,2748,34.25,5.57,14.07,28,PLANNED,8945,4692406,92.6
2025-05-10,PARK,b34f75669291e401,4,161,41,29.35,2619,59.72,2,103,3468,19.42,7.31,81.99,213,ON_HOLD,7244,36498963,82.3
2019-02-20,BRIDGE,018240060f8cd5cd,5,359,165,54.03,2037,89.79,144,242,17540,13.37,59.8,40.4,306,ON_HOLD,24849,58439269,60.0
2021-03-01,WATER,416505b5b044641d,3,437,15,83.83,5178,15.45,152,153,19135,24.76,45.85,88.81,224,ON_HOLD,3719,1032239,40.4
2019-09-08,LIGHT,82052ea7c8d8647b,5,37,54,25.9,4010,49.26,91,187,12381,48.17,46.25,88.87,214,IN_PROGRESS,14867,9874537,92.4
2019-05-26,SIGNAL,d1b7b4eb2ded3a87,4,228,41,65.46,3674,4.74,33,190,12552,6.42,38.02,57.56,182,PLANNED,17496,15562177,16.1
2023-09-15,OTHER,8416a1093f92f987,4,242,162,82.64,2180,73.32,128,84,19610,5.9,53.47,62.68,129,IN_PROGRESS,8324,15630589,2.3
2022-04-06,BUILD,2512a93179e960e2,4,217,167,10.25,1031,56.63,159,126,8600,0.12,11.73,18.39,351,IN_PROGRESS,16291,46763060,81.0
2021-03-07,WATER,00bf05ae6aa4c078,2,87,142,22.78,5172,56.0,230,63,2926,23.05,41.17,5.38,213,COMPLETED,2861,28894906,56.4
2025-07-01,PARK,cfc73e479700fd46,1,409,74,80.35,328,95.94,91,103,1826,10.35,19.5,89.28,230,ON_HOLD,24402,71281814,13.7
2021-01-06,BUILD,31913fc1585ca019,5,192,113,91.34,2945,82.72,12,7,14962,22.53,55.76,25.84,356,IN_PROGRESS,17464,70634904,29.6
2024-02-11,LIGHT,49787a8e38c82040,3,190,117,21.17,2373,91.95,174,91,796,58.41,22.76,52.76,287,PLANNED,2729,3794594,82.9
2024-12-19,SEWER,378e1f594a991000,3,481,11,0.65,5884,91.96,236,209,2763,48.47,22.03,37.16,305,PLANNED,14971,45237350,13.3
2021-11-24,LIGHT,0e1e5871b58bcb3e,3,442,39,89.12,3484,40.29,399,25,18034,19.55,50.57,9.74,287,COMPLETED,20022,38163907,35.5
2019-08-18,SIGNAL,6a72876e959f45e9,4,82,147,28.36,5128,85.1,363,45,9901,4.7,19.97,51.34,357,PLANNED,9340,28955640,27.3
2020-11-30,SEWER,c4b5777e34084d49,1,340,143,36.84,5939,76.18,5,147,15672,28.15,69.04,3.99,135,CANCELLED,5363,6433877,31.5
2021-09-01,LIGHT,c0f0407fbad593eb,1,99,145,14.44,1117,80.61,34,29,4273,32.16,69.36,62.98,4,IN_PROGRESS,600,6931204,36.8
2022-07-05,BRIDGE,a120304754d83620,1,283,83,87.85,3309,4.73,260,64,1484,3.14,19.47,62.39,66,COMPLETED,17717,69835914,78.0
2022-12-30,BRIDGE,29edffdd682bf0a4,2,270,18,43.11,102,61.59,385,55,9295,39.62,14.0,19.25,96,IN_PROGRESS,11581,49779235,83.4
2021-04-17,SIGNAL,328a6590db6cbba0,5,355,120,97.32,1873,93.43,131,25,11636,44.74,43.88,36.02,200,IN_PROGRESS,16723,36760324,18.9
2024-12-25,SEWER,14a297ca86034f2e,3,140,32,47.38,3684,74.88,49,139,18194,32.54,28.78,3.55,24,CANCELLED,23826,73652569,1.3
2021-04-21,BUILD,0fb23df93d58b1c7,3,417,134,91.04,243,55.49,384,248,494,52.74,33.4,42.17,96,ON_HOLD,23458,14938773,17.1
2021-05-18,OTHER,e1697bb8ce244e99,2,161,167,52.92,5317,28.38,112,141,11019,32.4,55.83,97.97,165,COMPLETED,8410,44183708,14.2
2023-08-01,OTHER,c3ab290c322a49f5,2,445,102,91.73,5841,68.41,348,155,12996,36.33,0.15,43.66,86,COMPLETED,16506,44498893,67.1
2020-04-27,LIGHT,bd76a3631d8f4f29,3,357,131,45.85,25,30.59,196,96,13791,43.17,15.83,51.22,333,IN_PROGRESS,3129,58018123,66.1
2023-08-31,WATER,d35fe49e66563816,1,135,87,7.02,2564,62.56,343,53,6615,20.41,40.43,14.17,243,CANCELLED,12417,52924138,37.2
2023-03-25,BRIDGE,c0cce0e1f70a6d8f,4,216,58,71.98,311,83.48,281,89,2507,31.4,8.0,34.72,347,PLANNED,3671,71114946,34.0
2024-08-22,ROAD,23f8a3728850ae85,5,75,94,14.12,5358,87.77,21,64,19605,57.66,17.41,4.97,62,PLANNED,12137,60743217,79.7
2020-12-28,WATER,f4d870367f6001ad,4,426,31,24.68,5885,17.39,85,165,19812,45.59,39.87,83.02,266,IN_PROGRESS,14668,59756695,76.2
2021-11-01,PARK,39cc1a4080344e28,3,262,82,17.19,2594,66.86,366,123,12455,14.04,61.71,87.06,256,CANCELLED,20630,20532175,23.2
2021-09-21,DRAIN,37dacba905806284,4,351,8,61.91,5050,31.52,46,57,8900,28.58,62.8,98.38,356,COMPLETED,21052,27705968,40.9
2025-03-15,PARK,c2b4eeb51e70b9bb,1,157,112,40.59,5479,17.73,77,46,874,6.26,7.24,77.72,13,CANCELLED,23580,10325479,65.2
2021-04-03,BRIDGE,aac596711082c33d,3,181,116,17.49,815,3.2,359,185,1761,56.69,28.38,15.8,22,CANCELLED,10330,26025631,95.2
2024-01-20,SIGNAL,13ea559895efd31f,4,226,33,43.71,2163,2.36,141,62,7742,57.46,64.64,11.33,67,CANCELLED,1841,34963807,60.2
2019-12-29,ROAD,0e00168f4a323354,4,365,172,73.27,5511,32.37,233,229,5406,43.89,39.21,12.17,167,PLANNED,18804,65595773,7.8
2020-09-28,BUILD,08a3366dfc8f6d78,4,395,162,46.05,2102,12.1,304,89,15738,17.58,26.86,90.31,166,ON_HOLD,5752,4244188,60.1
2024-10-23,LIGHT,1f2a7cce3d5ad3cc,3,129,152,65.09,1090,29.98,325,53,9278,45.39,25.09,17.43,342,PLANNED,76,70957256,90.4
2021-11-03,SIGNAL,fcfa7e508dfee9d1,3,199,96,35.51,2637,21.82,227,170,6466,10.98,59.09,11.9,53,COMPLETED,11204,47936180,63.2
2023-08-02,WATER,4007ed4fca4ff8d4,5,85,63,35.63,4041,28.16,306,81,19738,34.34,70.38,52.08,328,COMPLETED,10085,21820552,25.7
2022-04-05,ROAD,1c04f77a78038133,4,392,144,83.53,4590,94.98,351,191,4649,36.63,35.78,16.5,153,ON_HOLD,15270,18729494,58.2
2019-05-01,BUILD,dff5912e7d616ce3,1,368,67,38.69,2674,33.58,330,42,671,10.63,5.2,67.15,357,IN_PROGRESS,11239,53640247,23.3
2025-05-29,BUILD,318e3044c6f03cda,4,342,92,51.06,2974,5.08,228,90,3272,4.24,67.93,79.9,61,PLANNED,15155,35174557,12.1
2023-08-12,SIGNAL,066f253c876631df,5,253,0,44.97,4925,89.66,322,59,14505,8.69,67.92,80.41,293,CANCELLED,4767,53293773,64.9
2024-01-30,OTHER,f66ed76ebb41c600,2,57,164,19.18,5072,58.13,111,69,847,57.6,62.81,82.23,131,IN_PROGRESS,20416,17856189,66.8
2019-08-08,WATER,20e7ef9e6d0e3f1d,5,2,109,8.85,726,24.67,364,31,12417,31.22,68.42,53.21,57,ON_HOLD,20388,23500577,80.0
2020-07-11,WATER,c4d23b5b9387c25c,5,446,44,40.1,5841,21.38,120,61,4103,15.49,44.64,60.51,220,CANCELLED,8918,9280125,46.1
2019-12-26,BUILD,e8bdaf5984980fe9,4,28,41,5.32,310,54.07,230,237,10390,2.32,21.86,70.9,244,PLANNED,21108,2549536,95.1
2025-09-25,OTHER,cf0348b92bceaac5,3,466,164,6.79,741,76.93,63,195,4944,2.92,9.15,64.95,154,ON_HOLD,342,40116094,36.5
2020-01-20,BRIDGE,50bf056092f31c87,2,124,73,60.67,2574,45.97,329,218,18757,46.28,39.21,54.21,18,PLANNED,10089,22026582,50.7
2020-10-09,DRAIN,1b3a774587cf7766,4,114,139,52.62,2029,97.99,274,38,10857,37.13,53.07,51.42,145,ON_HOLD,11974,1135747,95.0
2019-04-16,SIGNAL,63e0ad14c4967fc7,1,385,178,55.2,2850,77.05,194,56,16669,25.9,64.92,54.62,197,IN_PROGRESS,20700,32452175,60.3
2023-07-12,ROAD,99a688d703c3740f,3,402,74,14.46,3492,48.68,121,75,3935,46.67,69.22,99.42,297,IN_PROGRESS,2645,17732553,97.7
2023-02-28,OTHER,b378cddf028f4c65,4,55,25,43.06,2205,63.21,293,27,11026,40.9,2.08,54.89,230,PLANNED,7179,751593,25.8
2021-10-03,DRAIN,4806689fdd4b2d23,4,448,7,5.37,1190,29.12,333,64,9906,15.99,2.84,99.04,228,COMPLETED,18725,67466095,65.8
2025-12-07,DRAIN,5db85e0f0e4fc8b3,5,49,55,76.39,3983,32.42,38,41,13930,56.32,9.9,78.0,128,CANCELLED,6940,4035530,44.3
2020-06-25,WATER,60728e45204be53c,2,90,159,53.61,4341,34.5,387,167,1305,50.73,1.51,54.59,151,IN_PROGRESS,6515,36082738,11.0
2025-05-20,BRIDGE,a2eecdc32dc7d702,5,104,111,26.95,4377,79.26,138,77,13728,50.42,6.67,41.0,23,CANCELLED,24373,65546938,37.5
2019-03-10,WATER,3e06722bfc9d568e,4,377,125,93.13,3347,53.41,268,14,4297,5.02,49.71,55.36,58,ON_HOLD,19854,33895702,19.5
2022-12-09,BUILD,58350c00854dad06,5,100,179,86.6,697,70.62,22,209,15299,32.65,64.24,81.99,169,CANCELLED,11894,9585062,34.4
2024-03-16,PARK,d6d4005b7c7f7773,3,134,6,63.19,2854,87.66,339,224,5136,44.16,49.88,86.67,271,IN_PROGRESS,9346,70180363,26.9
2024-06-09,BUILD,c0a81eeb32fcfd02,1,335,44,72.71,589,65.87,217,77,13303,45.31,3.14,78.04,14,IN_PROGRESS,8789,28558296,86.9
2019-12-17,SIGNAL,1d8cc21f292fab34,2,56,76,34.54,1285,98.95,159,217,13041,19.43,38.37,37.78,179,COMPLETED,14024,7793159,83.8
2024-09-29,LIGHT,be142a8da31f8389,3,240,49,36.32,2294,96.28,226,150,12387,56.39,13.35,72.46,134,COMPLETED,2612,59996768,66.1
2021-05-29,BUILD,df6463c4d8c85e4b,2,446,22,83.7,5583,79.15,185,167,11670,12.01,19.57,96.42,200,COMPLETED,24139,15853254,55.0
2024-07-05,DRAIN,48735a171737421d,5,84,107,97.21,1415,55.97,126,199,9726,26.41,33.06,35.93,78,IN_PROGRESS,3850,6192482,97.4
2022-09-15,SEWER,7665d725593b35ba,5,71,91,8.37,842,28.93,263,234,9854,56.2,18.31,86.65,231,PLANNED,13393,21249504,85.4
2021-10-30,LIGHT,c79e0b8dfc295c99,2,206,118,1.92,153,91.02,263,165,8400,28.08,28.27,55.09,219,PLANNED,9855,59886191,27.5
2023-08-02,OTHER,69f46d117604ce49,3,153,22,56.0,2469,39.07,229,151,6196,37.07,12.14,88.13,274,CANCELLED,4071,73768210,4.5
2021-03-31,SEWER,06a094d80dae0e33,1,28,24,59.14,1981,15.2,196,160,757,1.54,21.22,68.99,363,CANCELLED,9098,17184817,28.6
2022-03-31,SEWER,cc0d89324f0ed735,5,253,72,17.73,4926,47.52,266,202,6047,16.98,57.01,64.38,58,PLANNED,8297,54710973,37.8
2024-01-12,DRAIN,d9a625ec4423d85b,5,112,152,11.27,5083,39.47,304,52,10834,19.31,55.14,18.87,105,PLANNED,6083,71047454,64.8
2019-09-01,SEWER,4d618156ee289eba,5,16,31,63.93,1740,4.4,398,212,7950,20.46,20.46,92.15,160,PLANNED,1643,6281334,50.8
2024-09-24,ROAD,12f0bdb2720f0c68,5,324,96,98.37,5141,40.84,107,32,9321,29.07,19.76,73.73,311,ON_HOLD,22501,5615809,85.9
2020-09-09,DRAIN,05edc3738354371a,3,368,70,87.58,1226,86.27,191,150,8685,25.13,64.18,16.43,140,CANCELLED,2071,679162,81.7
2019-04-06,SEWER,bf7f5b9a2cc6ef12,3,492,133,5.17,1693,6.75,41,187,13430,8.48,70.99,89.65,298,ON_HOLD,4574,43391197,31.4
2025-06-04,BRIDGE,5b506c427d6aed8e,1,147,117,56.18,5327,75.88,241,222,5984,52.38,28.44,99.21,297,IN_PROGRESS,20183,32387676,66.8
2024-07-25,BUILD,ae17d5ec487e83c3,4,167,29,62.94,5204,31.1,303,182,15996,3.39,69.26,90.36,10,IN_PROGRESS,14815,21804783,2.6
2022-11-30,OTHER,78170352efe9110f,3,311,108,49.71,1304,97.07,243,227,13945,24.81,50.82,32.37,355,CANCELLED,16323,33920407,95.7
2025-07-05,BRIDGE,cf7b0e3334c4fdde,5,83,169,14.28,3291,2.97,394,134,11449,57.04,35.86,44.65,358,IN_PROGRESS,19412,70420225,18.6
2024-07-22,BRIDGE,ae04ef7321f0ea51,5,401,172,42.32,5308,72.95,400,233,9647,58.27,14.79,7.59,102,COMPLETED,24094,12203729,65.3
2022-04-15,SEWER,f142d1f31a45f5e6,2,370,0,71.31,1771,26.64,350,156,19088,40.23,63.21,4.72,224,PLANNED,22161,26325397,10.3
2025-12-10,DRAIN,38b808b238b7c6fe,4,133,107,33.63,755,84.73,209,151,6567,31.17,47.58,72.28,44,COMPLETED,2899,48092460,84.1
2022-08-30,LIGHT,d21bc4f7fe8c2349,1,435,46,97.14,627,14.9,0,152,19438,42.01,16.06,33.77,241,COMPLETED,17824,24942056,71.3
2024-02-21,PARK,3d44d79545e089b0,2,356,148,49.67,4779,87.7,98,71,10711,43.21,29.29,37.63,26,COMPLETED,15634,374731,82.9
2019-02-14,ROAD,4a0eb127b663a06c,2,108,163,55.82,2826,21.6,396,47,12080,5.13,25.21,54.12,285,PLANNED,8173,6314451,65.9
2022-07-20,ROAD,be0f05e6f1edad3a,5,471,39,91.81,131,24.47,226,218,12359,7.78,14.38,43.47,41,COMPLETED,8132,48015942,15.8
2022-04-15,LIGHT,f4b77630e8eacc27,1,304,170,75.22,114,53.04,386,209,17103,58.18,65.74,65.25,16,PLANNED,15281,56358688,9.4
2020-08-01,SEWER,2972ff166301398b,4,70,175,26.12,240,69.68,211,98,7826,11.5,49.06,0.43,330,IN_PROGRESS,21986,35218220,8.4
2025-05-09,SEWER,171f8becfe6ebc24,3,467,130,2.01,4274,52.34,93,50,3242,44.03,46.6,33.5,294,CANCELLED,7937,41451149,84.4
2020-07-16,BRIDGE,f577544861c37bfb,3,421,150,56.17,582,16.91,7,37,14694,7.68,10.27,37.69,304,IN_PROGRESS,13376,55750295,32.6
2020-10-07,PARK,70bfb8e1c79ecbc4,4,371,178,46.08,3855,39.46,339,41,3499,29.35,51.24,55.69,69,IN_PROGRESS,16607,45252361,11.8
2025-09-19,SIGNAL,07f1dcb894ced444,1,420,157,88.66,2354,25.37,146,119,12401,54.05,31.74,74.95,99,COMPLETED,119,48403188,51.9
2025-05-24,SEWER,147a443da84edcd1,3,131,137,42.91,4558,36.0,348,49,18754,19.71,28.77,13.42,205,PLANNED,23341,51608298,16.9
2023-02-28,BRIDGE,9db1916c36d70e4a,2,97,19,64.26,231,22.52,187,201,203,51.48,4.71,39.87,160,CANCELLED,17941,7802179,34.0
2020-11-17,DRAIN,54b9bbef05a9086f,5,141,144,60.7,202,50.53,348,66,19781,57.58,23.68,31.26,5,PLANNED,17167,8370386,51.5
2022-04-27,BUILD,f2ab282a9b1cc1b9,3,219,87,33.6,4121,86.31,279,64,5769,30.89,70.47,31.98,62,PLANNED,19847,46128414,28.9
2022-12-24,DRAIN,e9eb4d2c6557ff81,2,308,16,31.12,3863,5.94,37,22,17327,19.15,70.91,40.74,324,IN_PROGRESS,5127,66944235,70.6
2024-02-28,WATER,463f090d59e1185c,5,280,67,0.04,5999,25.94,16,226,14092,20.62,69.94,47.26,354,COMPLETED,7479,61474602,7.5
2019-09-23,BRIDGE,0a185c0fdc8967b1,2,350,40,99.34,213,87.08,323,52,8457,29.95,9.1,91.45,156,COMPLETED,2811,11807979,54.2
2024-04-03,SEWER,437073fe8917e332,5,98,19,47.8,3280,79.91,159,85,13545,8.52,13.01,49.15,142,COMPLETED,18655,12259799,47.2
2021-10-05,ROAD,298e8e853db97c68,1,88,167,55.32,1312,74.53,152,51,6832,34.94,3.95,81.59,8,IN_PROGRESS,2539,74200143,37.9
2021-06-06,PARK,6f753820e79072ea,1,457,46,86.33,4388,58.71,34,160,6440,12.03,68.69,96.28,296,PLANNED,17524,2001542,44.0
2025-04-20,PARK,9c23b309d1fd8a56,1,252,111,5.29,1844,8.44,250,62,18123,29.0,38.24,24.28,197,ON_HOLD,20115,36446905,65.5
2020-10-17,BRIDGE,1e1a5d1b9c9f9a2e,1,423,126,20.33,5093,3.82,392,20,10740,8.17,62.02,59.21,2,ON_HOLD,18697,18329122,14.3
2025-03-08,PARK,885019afdd8d97b8,2,236,135,92.25,3776,70.65,26,144,10906,50.71,36.53,37.21,225,CANCELLED,15863,46920917,16.1
2022-11-22,BRIDGE,3295af3264c12038,2,380,59,54.33,222,41.49,370,146,9626,26.68,11.15,33.6,302,IN_PROGRESS,4992,48463606,80.3
2024-02-21,SEWER,f31e3a3b4157185e,2,218,156,94.24,4298,97.58,83,65,17553,39.57,2.78,56.59,199,ON_HOLD,1881,43526244,79.3
2020-03-29,SEWER,08f2003c2eab23ed,1,198,12,44.29,1293,5.21,83,133,20,58.54,36.06,21.64,210,PLANNED,23402,60253536,41.3
2023-08-02,OTHER,40fd6257f9a4ab18,5,193,128,75.75,2072,74.23,294,152,13318,32.66,31.52,40.15,46,CANCELLED,699,12784974,4.7
2019-06-11,ROAD,6aedc6bd30b78c11,5,131,21,49.07,1563,92.58,177,93,1771,57.96,30.54,69.88,247,ON_HOLD,8489,29496041,97.9
2021-09-07,ROAD,eba672f617296008,2,73,63,48.65,1616,95.5,80,247,19072,8.46,35.28,29.47,245,PLANNED,21659,27411297,43.4
2022-11-19,OTHER,8db5e260601ea4cd,3,251,171,9.22,5730,77.59,108,145,15321,38.92,8.47,0.52,250,COMPLETED,11042,53328036,10.5
2025-01-11,BUILD,167512a97a2c3db9,2,345,87,42.81,4719,20.14,226,209,3361,8.9,20.99,99.35,69,CANCELLED,5501,66561038,71.7
2020-11-13,WATER,5f8b7b5f29e11e9e,1,447,159,20.03,5445,40.63,287,166,15644,49.41,54.66,93.14,269,PLANNED,17943,4207409,12.7
2025-09-22,BUILD,d00e309ca7644283,5,188,112,60.44,5626,96.4,147,93,11014,47.17,57.84,94.66,20,PLANNED,20417,10687594,49.9
2022-08-02,WATER,9df89e32f6eb2474,5,293,113,84.07,4512,52.08,335,95,508,44.44,1.66,11.17,313,PLANNED,15968,24102017,0.0
2020-04-08,OTHER,0815ccc02222b56d,4,38,12,83.09,2668,72.35,41,197,3706,48.25,37.18,25.86,20,PLANNED,8317,60223738,96.1
2024-01-06,SEWER,72888b9cf92d5d74,4,58,10,0.23,1113,95.63,306,75,19210,54.13,52.01,76.53,101,COMPLETED,2317,52460830,31.1
2025-03-23,DRAIN,4d00bded6b63d496,3,85,138,22.0,2829,82.8,325,13,7338,48.91,3.4,68.67,274,CANCELLED,10981,9905086,3.2
2023-07-20,SEWER,e0c28adb6de8f9ee,5,350,23,21.13,4674,34.53,161,61,4275,9.14,24.46,33.18,256,CANCELLED,13385,54396030,6.9
2022-11-18,OTHER,4f5b2b88c33d925d,5,22,120,36.37,4747,55.23,131,108,14216,8.68,9.1,18.29,289,PLANNED,4527,57433486,48.3
2020-11-10,OTHER,54c9a4939a59c127,4,237,36,40.45,5943,32.45,347,15,5834,15.58,7.23,10.15,317,PLANNED,9548,62048282,78.1
2024-01-26,PARK,1b70a0af2158c278,4,282,137,83.31,2953,32.24,149,133,11424,32.33,1.72,52.68,48,CANCELLED,5145,24764154,28.4
2019-04-11,OTHER,c3777ad94bc84377,2,342,33,54.11,2867,21.23,351,238,8049,12.04,3.67,95.59,12,CANCELLED,1454,6820246,53.8
2019-04-28,LIGHT,164a41cb06a96c12,4,451,56,98.52,4538,74.59,377,136,9448,24.8,23.53,9.46,336,ON_HOLD,3542,3663710,15.3
2021-07-05,SEWER,2fef6460797308a5,1,153,45,16.07,982,28.24,144,224,16071,25.44,41.21,78.46,365,ON_HOLD,22787,52745121,84.8
2019-11-14,SEWER,4097184a5175655b,2,295,52,8.24,5349,13.33,184,203,12481,30.81,54.21,20.24,356,ON_HOLD,6664,66636129,11.5
2021-02-18,PARK,b3e65e7deb6732cd,4,194,70,34.83,2100,2.98,171,40,11104,25.05,40.33,75.25,302,IN_PROGRESS,3783,61386230,32.8
2025-04-24,SIGNAL,a57a8280355cf5ee,2,414,86,68.87,1768,71.05,394,200,338,33.57,53.54,83.17,273,COMPLETED,14038,12188116,39.5
2022-08-08,LIGHT,69eeca6abfb6c66b,4,235,165,97.18,4764,55.04,346,206,17479,20.93,20.2,79.07,280,PLANNED,24910,49229067,18.2
2021-09-14,ROAD,1b93334ec13df1b1,2,411,15,27.08,3547,3.25,394,92,14270,48.18,33.65,89.92,104,COMPLETED,22748,72164343,34.4
2020-03-18,OTHER,026dcf0ea9c3b595,4,454,26,3.65,5684,58.77,26,147,13908,8.81,14.78,18.09,244,CANCELLED,18937,48669671,57.8
2021-11-14,DRAIN,718be57ce8d04b49,2,144,1,97.71,2959,18.71,278,87,18895,45.79,20.29,95.32,203,PLANNED,13074,38854204,83.4
2021-10-11,BUILD,47583a6d30b500f1,4,495,69,84.9,1908,87.26,76,151,16115,1.28,13.82,74.68,35,IN_PROGRESS,21722,64312188,15.1
2023-01-21,BUILD,4b016e6e7ad493d3,1,332,62,0.07,2368,14.49,273,214,13857,14.67,34.44,65.88,247,ON_HOLD,11066,32498334,99.2
2025-01-24,WATER,19d614d090c5eb22,4,472,20,49.49,3668,98.92,243,227,12618,17.22,25.41,69.24,354,ON_HOLD,2791,20174219,98.2
2023-06-26,DRAIN,52dd0b874d36d443,2,361,124,90.1,5351,89.46,322,164,17207,22.03,12.55,60.2,146,IN_PROGRESS,17337,39879055,91.4
2022-07-05,LIGHT,ff1e0a4f109e23c3,5,80,13,83.44,5567,35.98,216,49,8969,59.41,36.54,14.49,30,ON_HOLD,13426,66094829,95.0
2024-09-06,WATER,21dd2df95dd71670,5,280,95,58.52,1692,97.52,255,154,6465,10.52,21.24,48.36,95,COMPLETED,24160,1465161,52.2
2020-09-15,BUILD,c4317b2591af3e6b,4,188,3,19.14,5739,95.44,383,20,13730,45.5,28.95,42.19,101,ON_HOLD,21304,56407878,85.3
2022-02-22,OTHER,eab5232f7adc7a30,2,188,38,89.21,4342,39.85,339,144,12291,3.9,30.23,82.87,20,CANCELLED,22833,60561286,75.8
2021-09-22,ROAD,2ae1842c22fcc46d,2,143,71,12.43,3555,19.11,142,9,11762,30.0,42.1,96.7,136,CANCELLED,10554,58549852,49.7
2020-07-24,SIGNAL,eb69ec260113fea7,1,5,120,63.11,707,54.25,254,102,18862,24.79,29.45,75.05,77,PLANNED,8725,64763824,28.8
2021-01-03,WATER,625a4a6d5d1a200d,5,310,10,30.22,1794,68.9,225,13,13021,19.84,66.32,20.31,157,ON_HOLD,7349,23667039,43.4
2020-01-31,DRAIN,6aea484200ae0a58,5,412,165,81.18,4741,49.65,5,5,8531,50.08,50.2,95.69,63,PLANNED,2796,38686674,83.0
2020-01-21,BUILD,53061af81a8e40b1,4,259,20,96.48,3385,76.53,348,10,3588,27.09,2.57,85.2,157,IN_PROGRESS,12464,36622692,19.8
2020-08-29,SIGNAL,28f8edf3f7d14427,5,168,179,30.99,2669,21.87,385,105,1515,16.11,25.35,70.96,146,ON_HOLD,19621,27211767,24.9
2024-12-22,OTHER,02a6adfb120104ac,5,394,40,5.74,3506,67.41,165,161,10908,2.5,5.96,56.02,1,IN_PROGRESS,12869,48485769,14.0
2020-01-05,LIGHT,1e4c95fd73c7963c,3,92,170,38.5,5370,39.41,87,82,9872,34.22,64.71,73.23,40,IN_PROGRESS,12513,73141892,80.0
2019-01-31,SIGNAL,fdc77ebbb86d89a0,5,107,50,29.61,4779,83.03,135,53,2855,7.79,29.62,26.99,325,CANCELLED,623,66851586,29.4
2020-12-03,BRIDGE,720236444c97ceaf,3,426,74,9.68,2363,43.7,245,19,1329,49.85,48.12,63.37,39,ON_HOLD,14987,66423281,92.7
2022-02-23,ROAD,c7694552ee9569f2,3,321,119,40.61,4871,10.42,4,106,45,44.94,15.11,30.18,41,PLANNED,2132,47972963,44.6
2023-05-25,PARK,80919a21699229d5,1,152,102,54.91,3842,54.25,388,17,13499,19.85,45.85,95.97,66,ON_HOLD,2636,34572218,46.2
2021-11-12,ROAD,65345ac2be370f4a,2,455,158,91.02,4628,85.53,80,248,4604,55.67,31.25,19.02,227,PLANNED,12276,11575392,55.3
2024-03-31,LIGHT,ba038aaa292d6b56,3,188,129,42.3,1987,42.33,89,141,5544,55.54,59.24,63.09,333,IN_PROGRESS,7948,47395401,91.0
2024-01-26,SIGNAL,5c77c7067ecf9938,2,410,111,89.46,2262,86.67,329,13,16104,34.41,53.8,5.6,158,IN_PROGRESS,16618,73835395,43.0
2024-07-20,BRIDGE,af5dc02d97ec29b3,5,257,12,12.06,1314,10.11,350,175,6180,30.17,41.92,45.3,69,CANCELLED,6363,25792223,48.8
2022-07-12,PARK,136ce3872fd75a46,4,110,9,5.15,2220,6.64,69,218,4060,57.16,28.99,55.91,81,CANCELLED,21262,39586001,1.1
2020-04-02,ROAD,92189e7da31dc493,5,3,20,20.19,5206,53.39,242,133,8069,8.38,68.08,39.1,226,PLANNED,24535,24649908,61.4
2021-05-19,DRAIN,6c80606671a74e2c,5,457,110,44.11,3075,16.33,187,166,9000,56.53,44.97,46.37,150,IN_PROGRESS,1176,32944968,47.8
2025-08-02,BUILD,431ac7548f28c1ed,1,273,51,30.78,4159,53.76,47,45,19878,58.19,24.79,94.08,263,PLANNED,18048,30875163,74.3
2021-07-02,LIGHT,29011908b65e1ebc,4,431,73,13.95,4985,1.16,349,234,7928,22.28,55.59,85.63,362,CANCELLED,260,36859541,62.0
2023-11-16,BUILD,58fbf2f53fb96e23,1,32,55,23.2,4079,20.45,93,163,13962,50.44,14.6,25.72,289,IN_PROGRESS,23978,11458421,44.7
2019-05-20,PARK,800feaea37ede1d3,1,384,179,22.04,4063,29.1,15,5,9183,33.04,41.07,91.67,46,IN_PROGRESS,18790,25284884,55.3
2025-08-13,ROAD,df8948f0f1332675,3,297,8,66.37,2654,43.78,365,8,890,56.43,32.16,63.05,307,ON_HOLD,24255,24147689,50.3
2023-08-14,LIGHT,1ad2d82284fbfbe3,2,188,25,76.96,17,81.39,37,35,12274,23.42,3.76,34.74,62,PLANNED,22249,70661054,89.2
2023-08-19,LIGHT,65dad4dcf2342d03,4,27,94,37.94,1330,84.82,65,184,8748,45.4,37.9,0.01,143,IN_PROGRESS,2948,38079284,31.2
2019-07-27,SEWER,d4715e4f7c39ffe2,4,494,24,58.45,3460,88.02,12,114,16490,55.46,24.73,31.07,71,PLANNED,6392,42478682,16.6
2024-06-29,LIGHT,69084b80a41c2b50,5,432,59,18.1,637,13.98,121,27,11604,40.66,32.09,87.25,32,CANCELLED,14537,34459019,0.1
2020-03-18,PARK,2fb32ac2c07ffa2e,5,41,92,36.78,5611,5.97,94,164,16377,56.72,39.32,88.76,127,CANCELLED,13729,19052995,5.1
2025-05-10,WATER,9fdbb7090f48080e,5,424,141,69.41,1270,88.9,10,34,9674,13.42,61.97,57.97,197,IN_PROGRESS,23050,13115036,6.1
2024-06-10,WATER,86a797dbdc6c800e,5,244,61,95.13,4614,13.01,374,111,1621,47.36,50.57,58.92,4,IN_PROGRESS,10440,21717545,16.4
2022-05-26,PARK,76110dfb589a406c,3,104,117,84.3,5712,93.21,104,241,795,43.84,22.69,86.54,45,PLANNED,24646,13338359,51.0
2022-05-03,WATER,8d98a735ad4efda1,1,174,85,45.4,2039,30.17,37,185,13132,8.36,11.1,98.77,266,ON_HOLD,1364,1229734,99.4
2020-01-28,PARK,0bb181de3fc4ce23,1,352,36,96.53,1530,92.06,158,165,14234,29.32,58.67,31.34,48,IN_PROGRESS,11459,29193525,69.2
2026-01-31,SIGNAL,02e9840677d4d488,3,61,18,94.72,1874,94.07,14,18,778,13.05,43.61,56.26,351,IN_PROGRESS,3911,29318146,50.3
2021-09-23,DRAIN,494cf9a7cfbeca6e,5,78,51,78.26,5168,12.88,116,13,19478,47.24,57.35,48.61,90,COMPLETED,20778,61237638,70.5
2024-02-19,ROAD,70fb097b20e39210,2,253,176,47.94,2444,68.74,339,219,6766,5.35,41.3,43.97,76,COMPLETED,6155,29829343,29.4
2021-05-02,SEWER,08958836021da9cf,4,336,167,37.12,4474,82.45,74,59,4314,16.43,10.51,92.17,151,IN_PROGRESS,22899,23042872,80.7
2022-10-29,BRIDGE,7210bed371290295,5,74,172,80.19,5902,12.84,378,132,14565,59.51,43.54,86.18,323,ON_HOLD,23656,58028419,83.5
2019-08-28,SIGNAL,a84c38c4678d77c0,4,167,168,93.96,186,4.37,138,27,7694,21.72,41.3,98.31,255,IN_PROGRESS,7821,25209941,62.6
2025-08-01,SEWER,7f8dc740c45834bd,2,387,92,26.51,2437,66.39,24,64,18705,34.77,49.1,52.02,4,PLANNED,5259,20002904,44.1
2022-07-13,SEWER,aa643500fa06f656,4,466,62,51.38,2670,67.32,373,34,12551,17.99,12.34,73.26,248,COMPLETED,5443,54675370,31.4
2024-06-24,LIGHT,b3e8315c0049007b,4,56,10,45.99,3541,8.6,128,224,3450,4.88,12.92,86.79,123,ON_HOLD,9294,33006311,27.2
2021-11-22,DRAIN,a5d3eef48f2439f5,5,40,128,36.36,4579,39.9,36,207,4273,29.04,70.51,26.2,8,ON_HOLD,2377,18620693,86.5
2020-04-28,LIGHT,5b6db8855a3b1d98,3,270,89,77.22,2923,87.63,27,62,3150,11.17,1.41,5.84,217,CANCELLED,21846,37666441,88.7
2022-08-23,PARK,8a0bcc4cfec1e1af,2,48,106,10.57,1888,63.73,166,236,10484,12.79,31.01,95.84,110,CANCELLED,18393,55345958,61.2
2024-01-20,LIGHT,3e772b6b226c59d6,3,484,19,87.54,1742,56.73,238,97,3976,1.74,15.32,30.36,235,PLANNED,16946,30092663,37.1
2020-03-18,DRAIN,40a8e7d94682eee1,1,217,79,55.81,3459,43.94,33,187,10504,24.89,35.26,92.95,239,ON_HOLD,8239,54600361,26.8
2025-01-10,WATER,44bbcc20e3f5d7e4,4,174,156,40.51,5583,13.93,350,27,6482,13.48,30.62,23.68,226,CANCELLED,13074,50887260,84.9
2022-03-26,SIGNAL,9a78b5878a3f3d51,2,129,34,13.61,583,0.68,224,187,5642,12.62,15.52,84.42,8,PLANNED,9249,16814156,60.3
2020-02-11,DRAIN,2169a2bab0fb2e2c,4,195,106,36.05,387,68.28,112,73,9774,57.88,23.13,56.27,89,CANCELLED,21351,45987926,98.9
2021-05-05,PARK,b2ac4a375fbe9ada,4,149,140,4.05,306,57.19,160,185,19587,10.68,53.36,49.11,55,ON_HOLD,21314,4997791,85.4
2024-01-18,LIGHT,4a551149588490c7,3,210,89,10.93,312,59.56,320,115,421,48.77,40.39,16.9,80,COMPLETED,6245,57325811,14.1
2019-11-03,OTHER,7705513f9a276676,2,149,90,96.8,1226,70.58,73,100,18825,3.53,46.67,62.12,55,CANCELLED,8425,52817354,92.8
2026-01-04,DRAIN,c6e065409f6c53dc,2,244,105,24.83,4144,71.62,54,126,19143,14.42,18.46,68.47,200,COMPLETED,17092,55612727,63.8
2019-07-15,OTHER,a39c25d85fc81e8c,2,401,76,43.28,5833,84.94,191,92,386,27.39,66.02,76.49,247,IN_PROGRESS,12727,59183815,88.3
2022-12-31,SIGNAL,9487c270a7f3ffc6,1,86,15,76.33,5989,47.25,355,195,631,26.1,65.71,53.35,216,PLANNED,14235,42960870,72.7
2023-12-29,PARK,813bca4756a41c2b,5,393,42,11.08,3237,77.32,314,122,19392,3.24,5.44,45.15,242,PLANNED,12261,7044108,66.6
2024-03-29,BUILD,7547a46a40b08e21,3,83,131,34.82,3429,69.88,361,126,9623,26.23,16.6,19.65,220,CANCELLED,5949,74623511,52.0
2023-12-19,SEWER,c0102d29c2479606,1,375,80,91.65,3718,77.67,9,82,13489,21.65,53.77,61.02,50,ON_HOLD,20584,38230114,5.9
2023-04-01,PARK,d3edb476fdbe5847,4,37,67,99.28,5359,20.71,193,66,11040,44.56,30.21,49.23,310,PLANNED,15681,52907768,95.4
2024-05-25,LIGHT,ac3f73ca322e50bc,2,303,83,52.93,28,15.09,8,132,13900,0.36,66.6,60.57,79,CANCELLED,6637,4039296,93.4
2026-01-17,LIGHT,7e3f265431092339,3,141,50,55.1,3264,10.97,133,216,14979,11.31,14.92,37.51,288,PLANNED,2109,40941209,2.2
2021-08-13,SIGNAL,4ee4b5e9eba3d101,4,466,176,89.23,2673,48.41,212,96,18336,33.36,24.23,41.75,207,CANCELLED,13692,66742927,96.7
2019-02-06,SIGNAL,e2d097f90455a934,1,108,133,78.88,656,24.73,306,189,5632,9.86,18.95,51.93,55,COMPLETED,4283,62350313,76.5
2020-04-26,LIGHT,7eb300422668b902,3,58,35,26.18,4065,38.89,149,22,6623,41.2,49.51,71.32,74,COMPLETED,17941,32434662,74.1
2022-03-21,SIGNAL,562ca38da58b2da8,5,32,155,86.96,4312,18.11,177,150,6271,8.9,3.59,82.51,39,CANCELLED,15508,20041105,8.2
2022-01-04,WATER,26785bbc8f66d973,4,360,166,17.18,667,82.21,108,238,13947,31.87,12.2,3.04,325,IN_PROGRESS,17017,32842423,79.0
2021-01-29,PARK,bb667e7e7a8abe2a,3,231,109,61.28,3547,45.25,3,234,3585,5.19,71.05,56.85,24,COMPLETED,18626,7099190,90.9
2024-03-10,WATER,37cca4036b0fba14,5,484,32,85.04,2166,22.48,145,122,4136,16.28,37.06,38.29,153,CANCELLED,23923,46082652,27.6
2024-11-24,OTHER,f0804d0ac9e61f0c,5,83,16,41.89,2495,25.03,324,41,2833,13.87,58.57,91.82,75,ON_HOLD,2364,35101466,10.0
2023-02-01,PARK,13b558c6bc92f161,1,183,164,25.74,5623,13.43,166,175,15091,23.48,66.83,52.15,145,CANCELLED,19693,50003741,76.9
2023-06-07,ROAD,659faf26ad33a438,2,117,18,30.56,3130,84.96,337,94,4265,22.13,16.02,42.76,225,ON_HOLD,3079,24006724,96.8
2024-03-07,SIGNAL,18ef37b2ececc40f,1,450,6,7.08,3757,21.92,247,220,2462,47.79,31.26,99.28,13,IN_PROGRESS,14520,74731033,17.8
2024-06-08,PARK,a06046bfdeea70c2,5,249,117,41.5,1524,94.07,266,90,2360,20.44,69.13,75.65,337,CANCELLED,4285,57683180,46.6
2023-10-26,OTHER,174ed86300ce7074,4,293,7,17.53,2693,35.87,44,139,17706,38.22,52.82,18.05,293,ON_HOLD,9322,69066375,63.1
2020-12-05,BRIDGE,b87d8ad2978cbdc0,3,496,116,92.32,166,89.76,324,84,7412,26.38,59.71,19.94,257,COMPLETED,23095,28764031,87.0
2019-02-09,BRIDGE,768078008c364307,3,452,159,29.44,3862,38.72,208,223,11880,12.12,71.32,51.96,209,IN_PROGRESS,21134,37959893,2.0
2025-10-18,BUILD,c12f6acf946b10dd,1,177,160,15.54,2844,75.91,143,182,16620,55.31,31.59,61.38,363,COMPLETED,8517,72760495,15.2
2022-08-02,WATER,da8ec4df2aeed7e2,3,399,164,73.9,1348,57.71,48,150,11610,57.01,24.43,63.21,257,PLANNED,11329,66250659,69.9
2021-05-14,SIGNAL,90dc5e9a472089c6,4,352,37,11.2,3024,78.19,67,32,3734,39.42,33.17,72.66,112,CANCELLED,11217,72960847,4.4
2024-03-11,OTHER,19c55900b5114b4d,4,418,115,10.2,5066,67.03,68,74,9046,22.57,8.39,89.19,50,ON_HOLD,19050,479782,59.4
2023-12-31,DRAIN,f0e94153feeb8368,2,229,158,74.5,4082,88.35,396,101,5052,34.54,63.13,93.07,150,IN_PROGRESS,15242,73053770,46.5
2021-09-16,SIGNAL,06f804e5e19e6a53,3,190,109,91.54,152,74.5,12,249,1722,50.38,19.59,41.62,298,IN_PROGRESS,5494,68317820,43.3
2021-03-11,SEWER,3f5e3d4c9332d115,1,178,137,23.9,3086,7.97,51,8,7890,55.63,0.9,60.3,175,IN_PROGRESS,20077,74745592,46.4
2023-04-05,ROAD,2ef898262340250e,2,362,126,75.2,2471,65.74,377,172,7076,35.89,58.36,59.85,69,PLANNED,22946,47815359,26.1
2024-01-05,SEWER,65d7656a5de34b15,3,191,44,38.39,2801,46.69,232,184,3183,37.71,46.63,32.51,134,COMPLETED,15220,69560108,46.3
2024-08-30,OTHER,a8c5857869c0f256,2,111,115,15.8,3042,50.66,103,95,8803,41.98,14.58,44.97,236,PLANNED,13625,71795069,54.8
2023-02-27,BRIDGE,d5172ff20bb153bc,5,248,53,99.02,4020,8.29,236,106,325,34.47,53.48,24.04,360,COMPLETED,19469,29692283,0.9
2022-06-19,OTHER,1cf4ce1187f42c8b,5,417,180,70.7,1620,89.31,373,211,9379,4.5,61.76,16.54,157,IN_PROGRESS,7891,9602201,95.1
2019-03-21,PARK,25596030eeacf743,4,128,82,99.36,3912,7.15,8,209,11244,35.06,51.59,0.53,146,COMPLETED,24162,48815455,87.9
2025-01-17,PARK,4543a66fe3a7efa3,4,76,69,4.89,927,23.22,146,51,4013,8.49,8.83,96.99,322,IN_PROGRESS,2500,71483176,32.1
2020-03-06,WATER,cfec8ae6a53bb58f,2,397,145,85.45,3733,10.96,224,206,17719,45.68,1.48,17.09,48,PLANNED,24465,11591500,50.9
2020-10-02,DRAIN,9ed3eb657bf6c9da,5,225,108,20.67,4042,83.98,302,45,2166,51.96,8.76,77.52,307,COMPLETED,12508,10118172,81.0
2024-01-29,SEWER,33b6dffe149a616d,5,386,24,21.53,2605,14.18,259,221,4993,55.1,28.77,77.91,305,IN_PROGRESS,9272,3385951,28.3
2025-11-19,BUILD,9cde9c305aa314bf,3,473,117,24.82,2288,90.22,49,44,11686,11.64,51.69,93.4,2,COMPLETED,9959,41172335,12.8
2020-12-08,ROAD,047eda8fb938f935,2,483,142,8.2,5907,72.43,46,165,13405,6.32,36.94,83.46,108,CANCELLED,20257,87301,13.5
2019-01-10,SEWER,cdb3b18c50ff326a,2,141,122,55.32,4548,35.63,196,104,11263,29.63,4.49,95.13,273,PLANNED,18423,37708929,41.2
2020-02-12,BRIDGE,7cf21564e904be7c,2,178,96,46.09,5400,53.16,345,17,8680,57.93,71.43,2.61,277,IN_PROGRESS,1076,29810281,90.4
2022-01-12,BRIDGE,defbd638a4e003a9,5,440,75,25.55,1047,78.54,20,183,16450,23.94,24.43,46.83,75,CANCELLED,1545,9482653,72.9
2019-08-12,BUILD,f9f289ab32f71c7f,4,75,98,60.3,39,56.08,75,243,16290,18.31,14.72,53.68,79,CANCELLED,11342,74092119,98.4
2021-12-21,LIGHT,91da42fdbeeafbe1,4,456,126,60.61,5582,61.9,318,152,2747,0.66,54.01,76.21,43,COMPLETED,19627,31686436,49.6
2022-12-09,OTHER,0ce0b2b01e826064,5,6,27,47.21,3969,65.3,265,236,8562,51.5,21.01,86.09,20,CANCELLED,3399,2446207,53.5
2020-09-16,PARK,f4c28ab4bf3fc9d0,2,455,97,87.48,3024,96.8,281,64,7570,23.46,68.26,89.59,149,CANCELLED,11843,30218345,52.2
2019-12-06,BRIDGE,8ec004e2be38a948,1,155,141,81.46,5293,85.83,269,61,12512,33.35,26.19,72.27,359,IN_PROGRESS,2725,31914872,12.9
2024-01-22,BRIDGE,476f32a74bc124f1,5,205,105,43.54,3412,72.15,63,78,962,44.71,15.02,10.25,50,COMPLETED,1758,35620611,28.6
2024-08-17,SIGNAL,b4862a58a59fb55a,5,375,72,34.29,5669,7.05,255,64,17532,31.32,43.16,10.07,52,IN_PROGRESS,23587,57306154,40.1
2025-06-12,SIGNAL,ee60be1c03bab7d2,1,292,104,58.14,2638,67.97,343,145,17467,13.75,24.82,95.42,163,CANCELLED,5265,31584629,24.9
2021-12-05,BRIDGE,9b8aef8dc00a5c3c,5,473,67,30.62,4007,28.31,367,199,10647,37.51,49.77,38.4,68,IN_PROGRESS,21828,71256366,62.6
2020-03-01,SIGNAL,ae94801cd29afcbd,2,401,16,96.26,1568,1.54,330,234,2929,39.5,37.15,44.15,210,COMPLETED,7437,35731003,30.8
2024-01-17,DRAIN,db02f1a5a80a2158,3,147,106,67.7,250,66.74,210,156,8793,10.75,43.33,42.13,363,ON_HOLD,11305,69415437,46.8
2019-08-02,SEWER,811aef1a62325f9c,1,418,162,72.02,2536,67.48,180,24,9269,46.67,37.27,37.33,83,ON_HOLD,16902,8043942,96.1
2020-07-09,LIGHT,52a93907be7223ec,1,126,48,56.46,2575,27.29,194,160,4826,46.72,28.56,48.11,187,ON_HOLD,22092,14674201,77.4
2024-04-02,BUILD,52faae064a5c1a17,2,244,178,83.58,818,30.1,344,222,19869,56.55,59.65,27.73,346,PLANNED,9785,61996853,67.0
2019-11-14,WATER,53c4ba75e7fbc0d3,5,248,121,68.48,2450,79.94,193,27,17091,20.39,23.16,62.73,30,IN_PROGRESS,7069,1131778,21.1
2026-02-08,SEWER,04be4faa6a65a244,4,185,79,97.1,1935,4.68,56,174,8397,16.95,8.16,83.78,41,COMPLETED,4644,22657382,43.7
2020-12-16,WATER,602ab4f46ddd3793,4,308,178,87.17,3048,15.89,77,19,11694,43.71,47.1,95.36,68,IN_PROGRESS,20466,74253952,69.1
2024-04-18,DRAIN,765e010f0783423e,5,210,126,96.84,2189,87.37,235,239,18824,45.32,36.04,31.86,248,COMPLETED,17536,73428218,9.7
2021-02-02,PARK,862513cf72d3f880,2,176,81,50.37,392,46.11,366,170,7654,2.68,3.93,57.96,65,ON_HOLD,23304,29010780,32.0
2022-09-03,BUILD,d8e4c819f05dddea,5,63,98,25.92,3968,84.81,136,117,14573,56.25,32.0,96.35,10,COMPLETED,20509,48762024,47.7
2019-12-06,PARK,af58a267eedccc8a,2,75,144,17.12,2857,18.01,77,124,15956,14.72,17.98,68.17,11,PLANNED,1276,1998884,96.8
2021-04-09,SEWER,ac879916e45b9c26,3,462,172,97.18,1129,70.9,276,171,3730,4.78,49.76,72.61,341,COMPLETED,12039,46118581,82.6
2019-12-05,PARK,7967100b87c9f1ed,5,375,73,42.87,3247,17.3,267,200,4855,23.47,49.47,12.66,337,CANCELLED,12065,50208607,21.0
2019-01-02,ROAD,366127c0f736f49a,5,354,50,59.75,1335,70.96,216,98,5734,52.53,54.93,81.91,288,CANCELLED,19872,55969204,25.8
2021-02-08,PARK,7d7ba6d5460f55bf,5,234,24,8.75,1719,3.14,49,146,19055,50.93,30.81,18.74,173,COMPLETED,19158,23635890,5.4
2025-11-01,ROAD,83c90e8b715cfdcc,5,250,128,40.81,3573,43.94,75,158,13075,28.86,71.23,98.52,169,ON_HOLD,16484,43631258,23.4
2022-10-05,SIGNAL,0d9cead966dc0778,3,358,126,23.5,4904,93.94,203,5,3818,24.17,34.13,21.83,80,COMPLETED,13419,14654972,39.6
2025-01-13,PARK,62d0f21069c7fb21,2,261,89,91.62,153,65.79,380,167,6403,3.84,33.3,25.99,141,CANCELLED,13563,7958353,61.8
2020-07-28,BUILD,c3839cfac981317e,5,405,73,33.38,3709,66.51,21,196,21,12.23,12.8,6.69,205,CANCELLED,12772,42625380,1.4
2021-05-20,SEWER,fd5b4c217e60de23,3,285,6,21.39,4720,79.29,211,79,18741,53.5,24.21,21.19,286,COMPLETED,10515,41944686,57.6
2025-10-21,SEWER,a909798543c1eff2,3,123,104,37.04,4381,58.98,226,2,11607,21.4,69.77,62.6,272,ON_HOLD,2842,17938287,11.0
2020-03-23,PARK,be4e150296e967a6,5,129,4,7.25,2584,3.27,242,87,19506,40.2,62.16,5.88,133,COMPLETED,5660,72212691,94.4
2023-12-13,ROAD,34fb8e9b692ebca0,5,406,160,89.31,4831,91.48,82,147,12725,29.71,37.22,97.43,314,COMPLETED,22814,34663583,9.0
2022-10-23,LIGHT,e3baa3431af7ae9c,1,490,150,39.54,1935,17.18,27,110,138,28.77,8.53,42.88,147,COMPLETED,23323,29215951,68.7
2020-04-11,WATER,44d4c98a1fe1d60d,1,354,140,87.17,3779,41.03,310,32,14454,37.19,12.36,17.21,151,COMPLETED,4879,66039474,65.7
2023-03-26,WATER,f4ebc55453e86b32,5,75,111,98.95,255,35.25,263,211,9281,45.33,19.94,56.52,237,CANCELLED,21417,58634618,32.8
2023-04-09,BUILD,dff1a1fbd2ba01b5,4,246,10,23.95,3818,39.46,267,208,15372,27.43,14.87,72.93,8,PLANNED,21187,51250007,87.6
2023-04-29,PARK,4d31509e67ae25fe,2,453,43,16.45,4645,15.35,276,19,15306,48.05,39.03,40.71,328,CANCELLED,20897,50944216,86.9
2022-10-14,OTHER,c13226032bd793ca,4,472,91,1.97,4931,63.61,227,71,8525,23.82,9.51,1.81,102,PLANNED,1620,20876965,52.5
2021-05-30,DRAIN,00f4da744774a344,4,274,172,23.64,2182,61.6,41,33,5184,22.18,27.42,50.05,123,COMPLETED,17379,14902164,45.6
2021-06-29,WATER,ca0c7b4b2212ce6f,2,101,27,2.22,1470,85.87,256,169,19090,3.36,60.38,2.51,296,COMPLETED,18374,52348494,2.2
2022-10-12,WATER,131954358aeec3cd,1,19,149,2.82,1124,54.7,58,157,17970,24.1,14.89,96.66,280,PLANNED,21909,62446243,26.5
2024-08-04,SIGNAL,fe49e164374d7ac5,3,383,64,64.59,1404,8.77,49,149,4152,20.31,62.18,87.36,10,COMPLETED,1356,71806577,92.4
2025-11-07,LIGHT,0d4bbe24420d59fb,1,20,15,78.83,3741,18.4,41,175,15503,9.02,40.75,7.66,132,IN_PROGRESS,1769,30176961,77.0
2020-06-14,BRIDGE,85ce502ecc6ff075,1,452,94,44.0,4309,74.37,13,14,17285,28.9,61.42,1.44,34,ON_HOLD,15109,61300084,33.2
2024-04-20,LIGHT,bb9b7d15460d5171,3,311,146,24.31,4505,98.12,119,185,1723,18.61,35.84,59.38,289,COMPLETED,40,32615132,34.1
2022-01-25,SIGNAL,832b0a5f45df5cbe,3,173,153,38.07,2825,64.92,37,219,4701,32.71,15.79,64.02,328,COMPLETED,16969,17856395,83.6
2024-01-14,SIGNAL,937fe86202af88cd,3,29,80,65.78,3090,83.41,193,241,9498,29.01,66.92,41.66,302,PLANNED,7245,4167888,83.3
2025-02-10,BRIDGE,1d6a510a5d663f4c,5,421,19,23.2,1327,80.97,234,49,1866,0.58,67.41,34.05,57,PLANNED,4699,42543130,64.7
2024-07-30,BUILD,2e12335d2468d329,3,168,119,19.93,5200,76.5,370,197,433,40.46,12.61,4.04,327,PLANNED,81,17690591,30.2
2020-10-15,LIGHT,ad310c43560740e4,5,100,47,87.69,69,91.71,195,138,6237,55.97,63.62,22.63,127,IN_PROGRESS,14664,53785327,81.3
2019-07-03,DRAIN,b4aa04c83cda5132,2,87,117,98.25,859,93.87,332,57,15967,38.82,28.95,37.47,141,PLANNED,13004,57687044,29.7
2020-09-05,ROAD,ef5452cfbee2b3f8,3,46,56,48.91,2809,21.93,43,75,10198,42.03,66.02,93.12,151,IN_PROGRESS,4010,46488307,6.9
2020-05-30,SEWER,a14d6ebf5843d716,5,354,45,19.88,5992,49.79,73,165,16924,31.76,18.09,95.39,143,PLANNED,9606,40659191,16.6
2023-05-16,OTHER,c340946dad575198,2,397,122,88.14,5877,24.77,309,73,8517,0.44,51.84,22.41,299,IN_PROGRESS,9010,47652483,19.1
2022-11-02,SEWER,3a05e1fb3c367ca1,1,379,38,38.93,4936,9.34,350,228,10352,1.35,31.02,96.99,225,IN_PROGRESS,5299,43018564,42.7
2020-10-27,BRIDGE,4217c2c61ffed8b2,1,222,132,51.22,3152,84.3,38,160,19597,31.63,30.81,31.44,91,PLANNED,11226,54722975,48.6
2020-08-05,OTHER,d33b9636b0fd3069,3,377,23,77.62,717,74.43,96,131,3967,3.06,69.74,49.29,55,IN_PROGRESS,12009,420031,0.6
2023-02-08,BRIDGE,cda971f6b86cbaac,5,445,137,49.71,4038,99.48,117,17,16497,23.57,37.15,6.0,131,ON_HOLD,5853,48583854,89.4
2021-04-21,LIGHT,9f8bbb5ba47ee0dd,1,168,159,12.34,3089,5.23,312,211,4609,8.09,11.82,76.23,143,IN_PROGRESS,12538,66543926,69.2
2025-09-02,OTHER,3a591589f05bab8d,1,203,78,73.46,4183,1.64,274,158,2210,5.1,21.69,92.54,164,CANCELLED,19607,51410568,75.4
2019-04-19,DRAIN,19fb5ea78e64e90d,5,493,172,48.48,2262,51.24,379,11,17288,8.98,54.51,95.85,108,IN_PROGRESS,13649,9357280,32.8
2023-11-23,SIGNAL,16caf1d7af279b8c,2,262,132,69.95,1667,4.71,117,137,5425,45.25,63.67,36.26,148,PLANNED,21400,26748599,75.6
2019-03-27,OTHER,b59ec38f2b38d12c,3,291,10,6.36,4259,9.74,33,59,503,14.64,38.18,4.59,266,PLANNED,16195,71820306,0.6
2025-08-12,SIGNAL,6db27c061cbee8e0,2,157,112,56.44,2740,73.91,72,180,8520,24.55,30.24,14.97,339,CANCELLED,4915,70325581,95.2
2023-03-27,PARK,c7ec4e86368014f3,3,170,103,53.52,4913,60.84,280,59,17746,55.02,9.75,91.76,32,COMPLETED,22633,22421084,13.0
2025-07-02,SEWER,cf8e71ce84849468,4,85,31,65.35,2727,21.8,267,35,18539,55.55,14.36,48.05,351,PLANNED,19374,34477178,21.6
2022-10-25,OTHER,c92b3f7d46c8241a,4,27,41,77.91,3226,2.49,303,195,18090,15.68,38.76,59.31,19,IN_PROGRESS,1942,6895634,59.7
2022-08-05,DRAIN,057f9f18a1ec729c,1,441,143,55.6,5088,8.87,124,207,4044,6.14,55.06,70.1,217,ON_HOLD,24719,62389059,18.8
2025-05-04,OTHER,68b968cc25f08845,3,480,50,85.27,517,4.7,82,228,17339,22.02,55.43,65.23,143,PLANNED,16839,63058203,8.7
2022-11-03,OTHER,cbfa6fca66a5378f,2,83,100,38.87,4867,11.14,379,159,1089,15.57,12.18,71.54,101,PLANNED,13689,23431236,36.5
2023-08-07,LIGHT,31dc788d240c00be,2,220,174,56.86,2375,79.78,91,3,10429,37.01,55.69,66.35,227,CANCELLED,10124,2132661,50.8
2025-07-28,PARK,50cd08560af40ebc,3,106,76,88.33,3233,90.29,172,3,14242,26.95,71.33,36.52,306,ON_HOLD,14462,20440008,29.9
2025-10-24,DRAIN,399c77fcea780a3c,3,32,145,68.82,4174,76.6,155,224,17744,4.62,54.99,71.37,189,CANCELLED,6572,51830157,90.1
2019-02-26,LIGHT,17057bc7be9ab904,5,203,113,75.78,4415,93.53,150,40,5171,56.0,56.95,73.13,165,PLANNED,22615,27287909,18.0
2021-07-11,PARK,53930c015d5569d1,3,427,9,26.81,2038,31.98,91,133,1945,33.5,7.6,67.63,356,COMPLETED,7002,20091351,86.5
2020-05-07,DRAIN,e4137a96f768fbb7,1,341,32,59.44,4880,9.6,235,189,4636,21.06,64.77,99.7,109,COMPLETED,22634,7122440,56.4
2024-02-03,LIGHT,f6a25e9fe66aa868,4,48,124,29.1,994,65.34,369,76,43,32.16,26.65,36.37,102,COMPLETED,6539,52419894,54.4
2025-06-09,WATER,c086e87b821c4661,5,45,112,64.29,3795,86.09,126,66,6084,37.23,65.19,74.7,145,COMPLETED,21582,27223207,31.8
2020-02-12,WATER,e79930e0efe8243b,4,54,70,8.89,4887,77.85,71,68,11743,55.11,8.7,52.73,324,CANCELLED,3120,45496057,75.6
2021-05-24,SIGNAL,01bbeb26e0e0fa56,2,232,67,55.47,5337,16.77,324,98,5607,14.86,1.57,77.79,213,CANCELLED,10572,48310415,66.9
2019-01-28,BUILD,13c57048df2a81f4,4,495,53,12.45,447,5.98,159,85,12655,58.23,29.22,14.19,348,COMPLETED,13756,63828900,43.2
2024-10-22,BRIDGE,2764da695f7517e7,3,149,78,11.39,986,80.77,207,63,10521,26.37,59.01,26.04,361,COMPLETED,12799,42741343,71.2
2023-03-19,OTHER,748b34efc22655ae,3,338,75,24.69,5943,30.46,156,91,8353,5.04,21.5,85.19,246,ON_HOLD,6434,30977943,42.4
2024-10-28,LIGHT,8c8459e212e1a637,1,292,78,36.1,1180,61.12,173,220,19629,44.14,64.82,56.2,179,IN_PROGRESS,17057,17803054,1.6
2023-10-07,DRAIN,a468b03f1dc0419b,4,378,55,38.77,1178,13.21,52,61,10130,16.41,46.1,2.35,212,ON_HOLD,1450,73774960,81.2
2025-11-16,BRIDGE,7d763d2962b609cc,1,349,102,0.69,2464,2.95,218,41,15181,45.5,8.12,83.04,359,IN_PROGRESS,12236,4346000,52.7
2020-12-15,BRIDGE,5a38de39c7c5d75c,2,72,108,94.51,2759,94.23,69,131,19080,11.93,11.07,40.44,154,CANCELLED,507,12665436,82.1
2021-04-14,OTHER,326a7a24a15a28f5,2,462,101,81.52,5729,3.94,226,129,4941,28.19,45.12,4.94,360,COMPLETED,21773,74542021,83.3
2022-03-11,LIGHT,ff2aa4dce43cf2ff,2,352,102,71.97,4375,97.46,173,34,5275,27.79,57.47,4.26,240,PLANNED,20670,56015024,7.4
2019-03-05,BRIDGE,c82bc397ce705e56,3,75,16,47.13,1496,40.06,195,29,3548,43.74,55.59,23.29,19,ON_HOLD,6686,61194852,85.9
2024-01-18,WATER,e8e0c0a971d76ddd,5,84,7,45.84,5474,4.37,293,42,989,47.21,59.3,58.81,98,COMPLETED,15019,40479958,61.8
2020-12-15,SEWER,16f1163d93996afe,5,365,85,71.51,2495,37.46,63,225,822,39.38,8.71,51.12,362,ON_HOLD,3136,33436966,57.2
2021-08-28,SIGNAL,06c3a6c90146ac9f,4,105,160,7.6,5811,77.4,207,144,3801,11.18,29.92,71.34,12,ON_HOLD,4083,48025397,0.7
2023-11-22,SIGNAL,c218bb9ae7762e40,3,476,93,67.89,2241,43.55,64,172,18125,54.68,61.07,82.8,77,CANCELLED,5300,28984490,1.1
2020-07-01,SIGNAL,87b4a17c4a0713ef,2,121,153,81.83,3692,70.22,36,22,8171,5.31,18.95,27.31,80,CANCELLED,4747,63480233,73.9
2020-06-03,ROAD,45062c346ba8995e,3,20,32,30.13,73,78.24,205,103,18817,13.91,16.22,33.24,245,CANCELLED,17964,9401674,92.8
2019-05-23,SEWER,5a409b141151bfa7,5,97,33,21.06,3270,91.05,225,146,17812,30.46,39.09,77.86,7,PLANNED,17418,21004696,80.4
2019-01-09,SEWER,40f79bda091fe2cd,3,164,5,17.02,813,22.15,145,165,12858,14.21,0.09,89.4,142,COMPLETED,9340,73576144,38.5
2023-09-09,BRIDGE,a948858acd67b25b,4,306,149,29.84,3,87.47,181,235,12379,33.46,18.36,2.79,251,CANCELLED,13439,25025697,7.0
2024-05-21,SEWER,a0091b61b24103a2,2,496,28,89.98,5559,51.87,311,169,286,44.44,21.0,37.66,336,COMPLETED,9762,19144651,37.8
2022-02-10,BRIDGE,c60965f317dc45e3,5,488,122,3.81,896,99.02,375,143,353,11.66,21.83,57.23,299,COMPLETED,4442,17423500,52.8
2020-03-11,ROAD,fb6c5b23982e1207,1,44,72,48.06,3583,50.59,341,126,8555,45.16,24.17,70.1,44,PLANNED,21444,14461601,49.8
2023-01-15,SIGNAL,a728c1cb6a470537,2,169,167,75.12,3952,22.6,77,249,14200,13.49,62.82,11.79,163,IN_PROGRESS,7427,70255041,88.5
2024-09-19,PARK,94079b0028d6ec7b,2,164,49,16.41,1242,36.45,192,64,18059,57.43,6.06,80.25,173,IN_PROGRESS,20688,45286367,33.0
2019-04-19,SIGNAL,00b698e615a24c04,5,290,104,57.24,198,29.55,63,30,17536,48.27,41.09,38.12,343,CANCELLED,6344,59526577,84.3
2019-09-04,LIGHT,7e9474b46da4c8d3,5,100,76,74.63,4525,85.66,309,199,8916,57.54,27.48,44.69,116,COMPLETED,5805,61563856,26.1
2020-06-26,BUILD,0c89aecd3fda2e70,3,282,153,85.91,989,28.23,160,90,6742,1.93,24.81,41.43,294,CANCELLED,21208,28869692,76.8
2021-01-14,LIGHT,8baf9816bbedafe3,4,319,21,60.25,4391,86.95,64,126,15394,19.76,22.21,67.85,149,COMPLETED,9243,10622974,95.2
2024-04-20,BUILD,fbeb7a34f8c75065,5,460,48,64.36,532,39.07,226,177,5246,35.92,50.51,52.02,142,ON_HOLD,4879,20632253,61.7
2024-08-13,LIGHT,6bb79c9fa8db1330,4,302,32,23.25,5124,23.81,352,168,4832,30.17,26.0,6.17,36,COMPLETED,6090,26673707,37.3
2019-04-30,SIGNAL,75230658a49ec681,4,199,175,68.94,970,31.45,222,2,19251,13.13,71.42,25.5,55,ON_HOLD,4369,518365,31.2
2025-12-22,SIGNAL,b8f2471f160f04cc,5,484,180,34.99,1272,39.96,31,228,1838,21.29,37.74,65.87,255,IN_PROGRESS,2108,48984027,60.7
2023-07-02,DRAIN,a88b000bdec79529,1,489,83,59.54,4629,78.39,119,162,12061,43.82,70.3,26.05,255,IN_PROGRESS,21397,60168206,34.3
2023-11-23,LIGHT,0c59dfe410b85a8d,1,103,20,88.16,4633,44.54,253,57,10720,43.81,43.39,57.02,359,PLANNED,15049,57476519,89.6
2021-05-31,BUILD,6f69fa852ce42996,1,121,113,59.59,1248,22.85,350,203,18529,7.04,2.38,36.63,239,IN_PROGRESS,24868,22802037,84.3
2019-10-05,SEWER,bd43100ad4dd2b0a,3,304,96,20.78,2004,69.67,344,61,18568,19.41,40.44,40.62,167,IN_PROGRESS,2556,51079136,44.8
2020-08-31,BRIDGE,8da0f05c5220356e,3,359,108,45.0,2179,40.95,68,137,4004,9.51,9.19,62.12,189,ON_HOLD,24864,64680203,97.6
2023-11-22,OTHER,a269292081587644,4,176,71,23.29,3336,5.08,252,13,15511,40.46,31.92,42.53,214,CANCELLED,20205,6351172,76.7
2025-02-05,OTHER,802bd3998fce4c37,5,143,86,73.69,2788,53.67,338,165,4223,4.85,50.33,25.49,74,ON_HOLD,6387,35785376,54.0
2022-07-18,DRAIN,bd7dec8f3fbbc20d,2,16,104,89.46,5218,45.53,172,43,9021,0.83,64.96,3.57,243,IN_PROGRESS,17355,31211186,24.3
2022-01-23,SIGNAL,e56f9d4e4728a86d,1,112,57,37.01,2833,18.52,241,144,11010,25.68,33.1,62.91,232,IN_PROGRESS,13304,47765430,89.3
2023-10-30,LIGHT,2a09c636ef173c8e,4,48,144,49.8,73,83.31,123,68,15376,10.23,45.48,30.35,202,IN_PROGRESS,15445,33073263,8.6
2024-02-01,SIGNAL,ace68882eb7b9dc1,3,152,23,38.32,4167,39.46,227,184,10452,56.79,27.14,91.48,345,PLANNED,19948,38686119,28.2
2022-04-21,BUILD,0cdb8c7d6793f41b,3,458,50,66.55,3190,26.94,165,218,12800,24.44,29.31,32.8,221,IN_PROGRESS,8726,10554001,75.8
2021-04-14,SIGNAL,6f3de4740cc46606,5,293,49,22.73,1574,98.79,111,98,5825,39.2,0.84,71.38,289,PLANNED,16896,63223861,73.2
2024-06-10,ROAD,fd4bddfe7b1cd398,4,63,155,83.32,4689,6.3,397,21,1042,33.72,12.79,16.41,31,CANCELLED,3085,16165809,47.4
2023-12-23,SIGNAL,488c9e63bfe9dae2,1,196,117,33.43,3010,23.66,142,186,7480,48.76,58.25,95.42,338,IN_PROGRESS,16489,44697671,41.8
2024-08-08,BRIDGE,6b70e77e2d82c1ed,4,380,160,16.73,3506,88.15,193,53,14464,15.66,35.07,30.13,299,PLANNED,4947,48231374,40.3
2020-05-12,ROAD,6be03d285b391d0c,1,69,136,54.67,5030,14.31,252,36,12569,41.08,34.0,90.32,201,CANCELLED,7935,30868334,66.4
2022-07-31,SIGNAL,7383db62d864830f,1,76,147,17.77,1093,48.28,114,177,16300,59.04,16.41,62.25,342,COMPLETED,10633,34444217,43.7
2021-04-25,BRIDGE,629382177d252902,2,478,30,53.53,5607,82.72,297,153,7819,52.12,1.34,1.8,24,COMPLETED,501,55985106,79.5
2020-03-19,LIGHT,d1f7b842bb0c1fd7,5,375,135,73.03,583,53.67,107,151,3541,13.65,7.8,46.6,19,IN_PROGRESS,7476,11228483,91.5
2025-12-15,ROAD,a793a1a607837d67,3,71,161,70.29,4705,43.74,207,249,5126,0.71,6.75,56.88,236,ON_HOLD,20583,49538226,3.0
2023-05-25,BRIDGE,793b269cfb4b1bb3,5,230,40,45.06,1271,55.21,55,201,17248,36.66,51.69,22.07,227,PLANNED,28,14313894,43.1
2023-08-22,DRAIN,aa7634224d1ccc97,4,101,53,20.0,3467,9.37,146,35,4237,58.15,32.78,81.1,36,COMPLETED,23931,48586106,49.3
2021-09-06,BRIDGE,935875c8dd875163,4,332,180,87.02,1,47.39,175,247,12648,47.43,62.42,52.6,107,PLANNED,8230,30705469,13.4
2019-07-07,OTHER,41e4b77e71e4bb47,1,76,146,4.65,2565,72.44,192,203,17612,22.58,24.78,32.93,355,PLANNED,18000,63040343,79.4
2025-08-01,WATER,4990b48fb15f5912,2,46,156,63.89,3824,74.12,226,68,5519,50.65,37.64,50.74,31,IN_PROGRESS,16876,58715938,70.1
2025-10-17,OTHER,d04079e971c36940,1,198,19,94.48,775,34.11,246,83,16614,39.09,65.99,25.48,150,ON_HOLD,11734,64993688,77.7
2025-01-06,DRAIN,2c082eac377c55a1,5,468,157,51.03,3504,37.88,42,92,16528,41.9,2.16,13.68,272,IN_PROGRESS,2297,48887699,44.4
2023-09-06,DRAIN,3c7f9b5150c923d7,5,53,26,29.41,3543,80.07,371,166,19000,43.62,44.46,29.96,59,CANCELLED,23965,33483223,9.4
2022-11-29,PARK,be667f7dc37134db,1,185,45,59.24,3866,79.3,218,52,15433,44.14,52.01,50.72,119,CANCELLED,19272,22925876,93.3
2019-01-22,OTHER,4ff9da61c40d4f82,4,15,43,13.84,5697,65.6,130,184,3824,33.43,38.66,60.26,111,CANCELLED,22183,16092716,42.2
2024-05-19,SEWER,cfcd37d9f8e43eca,2,475,23,77.29,192,15.64,233,125,3776,4.24,35.93,42.51,228,CANCELLED,642,63736282,13.5
2019-05-20,PARK,2165f6913cee9430,4,354,152,91.25,1798,37.59,372,156,3274,26.38,17.94,31.51,126,COMPLETED,21275,4200390,15.3
2026-01-06,BRIDGE,0ab23f448b1b0513,4,94,121,55.12,2625,76.64,191,230,1666,15.52,15.79,87.54,261,ON_HOLD,23020,60259315,94.1
2023-06-11,OTHER,e32b6f374dc5110e,1,51,8,71.2,4419,80.17,133,42,17207,9.67,41.08,83.47,145,COMPLETED,6685,47661583,26.2
2023-05-12,SIGNAL,3cb65c1bd14cbb19,4,338,102,85.56,5104,70.18,49,107,11086,53.04,42.86,96.02,333,CANCELLED,1162,28051524,59.3
2020-10-18,OTHER,f45c5683383e8359,4,47,160,4.3,1993,95.32,120,243,17390,57.81,37.3,36.37,267,PLANNED,24278,8991918,66.1
2019-04-23,OTHER,a7884740d6770d56,3,253,89,5.59,5930,61.8,372,198,6141,7.99,49.47,83.18,133,PLANNED,19345,8512328,57.7
2020-09-27,SEWER,4ace29720f432023,3,314,174,0.38,4926,1.17,175,61,5218,0.47,8.28,42.5,165,IN_PROGRESS,12121,50879044,9.5
2026-01-03,SIGNAL,4fab1309488c9f0a,4,489,3,15.76,4018,41.69,197,54,17965,23.99,66.18,90.89,287,PLANNED,24953,22093888,49.9
2020-02-08,WATER,3a63ac0f92329592,2,372,129,14.12,1068,43.9,299,125,7350,55.56,8.18,23.84,334,IN_PROGRESS,3509,9087175,81.3
2025-07-30,WATER,c5dc0499eb2c32ce,3,362,128,17.08,1227,95.38,191,164,18870,22.13,6.22,63.63,199,CANCELLED,6072,41305046,91.3
2025-10-21,DRAIN,835b23da4edb0d4f,2,70,56,76.3,5428,53.46,112,176,5109,7.05,46.3,16.01,161,IN_PROGRESS,24244,54043538,66.8
2025-04-08,ROAD,19db22fe2dae776d,5,320,39,61.73,4745,5.96,124,202,16434,55.86,53.19,15.73,35,COMPLETED,16154,32002404,56.2
2024-02-26,BRIDGE,263702be25f7d7ae,2,454,114,3.49,2082,76.85,281,239,16969,55.53,15.29,11.82,70,CANCELLED,1667,33042360,9.1
2019-09-26,BRIDGE,c99ebfa155d7e700,3,351,94,27.47,4589,56.43,54,154,14863,41.07,36.65,28.73,304,ON_HOLD,22357,5460093,19.7
2025-03-01,ROAD,94b092586df8f02c,3,196,80,54.89,5777,0.91,211,141,985,36.07,54.68,12.8,29,IN_PROGRESS,8468,21257111,73.1
2025-02-14,SIGNAL,e5a6cb879f35899f,4,337,103,54.27,1304,95.29,184,74,15264,3.64,59.1,57.26,174,ON_HOLD,19917,54722974,0.1
2023-11-07,BRIDGE,56af00a371a59d69,5,206,157,36.58,4911,16.52,69,33,4277,59.32,69.55,99.66,133,PLANNED,18085,52004499,95.9
2020-06-29,SEWER,38ce47db3565c9f7,1,133,63,48.07,3111,35.9,9,81,6301,54.02,7.74,95.06,99,ON_HOLD,7694,61841689,67.8
2019-06-20,OTHER,8ffeda563b8485ef,3,137,23,20.31,3137,16.11,148,180,8388,19.83,60.27,20.89,135,IN_PROGRESS,15132,64665037,60.9
2021-09-17,PARK,ed40c2ec9a0096f2,3,280,48,12.45,2531,44.02,245,20,9295,24.33,10.02,69.93,72,PLANNED,4266,32762284,64.9
2022-10-15,BUILD,1e3588980770e6cf,1,311,1,11.97,359,32.37,159,42,15309,3.75,33.32,92.01,124,IN_PROGRESS,291,44603211,99.7
2024-02-26,WATER,84d7c4cef070bb97,2,461,31,67.62,3811,0.18,51,25,4608,47.56,19.27,49.8,138,ON_HOLD,19005,2274942,0.7
2019-02-18,WATER,d2e98e610e393bcb,3,165,54,92.74,4915,58.22,83,145,17601,34.13,8.59,60.23,139,PLANNED,7560,61420920,79.6
2020-02-02,ROAD,ed7f9f984f18cf16,5,261,111,30.02,1359,45.28,159,24,18309,37.55,0.92,63.24,36,IN_PROGRESS,14267,72220118,28.7
2019-02-27,SIGNAL,ce3e3daf77b34d9a,2,274,72,85.56,5772,1.48,181,92,18192,11.53,0.96,53.84,103,CANCELLED,24935,72850719,60.4
2019-08-15,OTHER,964d7f3d4393c6ae,4,303,154,52.4,2514,19.52,303,226,13170,48.64,0.31,95.96,208,ON_HOLD,18277,69464690,85.5
2022-02-13,BRIDGE,90f77fafe317bae7,4,35,143,44.68,4401,38.97,136,79,17421,55.05,12.3,89.22,181,PLANNED,7682,9121734,59.1
2023-05-09,BRIDGE,814550bedde64c3e,2,193,111,35.73,2904,38.18,216,241,157,9.48,56.54,58.61,72,ON_HOLD,18223,66304737,71.7
2021-05-10,PARK,1c8db015b044083f,3,109,123,16.02,2926,37.35,31,25,15410,7.0,13.62,18.58,140,ON_HOLD,17710,71851396,11.8
2020-11-01,BUILD,5198bbac6f7ba100,4,351,81,57.33,2014,92.78,192,136,1249,12.72,17.53,82.11,187,CANCELLED,3218,53457087,6.3
2020-04-17,BRIDGE,bccc638d64d5b69d,4,118,166,64.55,273,35.84,328,28,11293,9.21,23.87,71.24,285,COMPLETED,13991,36471580,64.7
2025-03-25,DRAIN,647427c106636034,4,220,161,57.89,545,51.33,246,53,15898,50.91,5.32,88.73,31,CANCELLED,17792,45466258,8.2
2023-03-23,ROAD,d1282183294a73d4,4,441,107,21.49,77,42.08,327,229,10209,48.86,56.31,33.1,361,COMPLETED,1000,44997990,72.9
2020-01-11,LIGHT,0ea703a206c90ccc,1,395,45,8.76,2598,30.63,129,73,266,28.13,65.04,74.68,246,CANCELLED,19463,46892984,67.4
2022-07-03,SIGNAL,4d4b4b91652cc959,3,299,21,23.69,4305,35.82,135,184,5023,48.73,28.57,63.3,148,PLANNED,14659,15550962,27.6
2023-03-25,DRAIN,48dff2d4ffa4b87b,2,436,176,48.43,5591,77.46,116,160,9139,48.18,2.39,5.63,208,IN_PROGRESS,14176,4435094,64.3
2023-12-05,OTHER,fccf333b6adda424,1,270,162,71.48,1737,7.28,218,212,3854,25.77,27.21,82.25,285,CANCELLED,23887,53949061,18.5
2023-04-04,ROAD,d1c53d3844ce0b24,4,45,116,54.22,2993,19.89,250,140,12311,2.51,59.64,56.83,188,ON_HOLD,18024,33306998,19.5
2019-02-06,OTHER,9c3e7e1523975e8c,4,336,68,90.9,54,74.6,267,166,16418,35.5,54.59,82.06,46,PLANNED,15441,36547857,83.1
2025-10-28,WATER,a1d1266ca1abcf41,2,240,50,29.83,3696,79.02,121,224,1585,53.3,42.47,29.53,143,COMPLETED,6118,16861006,13.4
2020-06-07,BUILD,36fc6da914f916fe,1,278,62,11.84,5585,14.85,254,157,18797,53.66,38.66,71.64,158,COMPLETED,2308,68198668,29.0
2025-07-22,SIGNAL,bf1f83217f616596,1,441,98,24.92,528,77.42,47,30,4856,14.44,34.15,50.4,307,IN_PROGRESS,13404,16901515,53.5
2019-10-26,OTHER,20179714bd095c7d,2,409,109,83.0,5864,26.31,234,162,6908,44.41,17.73,55.57,229,COMPLETED,1261,53697980,86.2
2022-11-14,BRIDGE,85765abca0dff1d7,4,307,82,7.36,4224,45.48,299,161,18570,55.58,70.02,80.92,51,PLANNED,15548,48944702,31.5
2021-10-18,BRIDGE,a2c33ca8e36c3b8e,5,313,180,76.6,3929,12.37,393,184,19914,45.32,49.32,41.78,107,ON_HOLD,6402,23795492,15.4
2023-09-10,PARK,13425df639e7c98b,2,74,70,80.35,1829,58.59,219,56,11618,19.35,67.56,42.63,92,ON_HOLD,2124,69181579,52.3
2024-10-23,LIGHT,71c399fccf3122e1,1,319,156,73.24,4379,67.36,37,104,13143,8.81,19.8,13.23,349,PLANNED,17312,56197693,30.3
2020-07-14,WATER,dcc9054ad0ef155b,5,108,108,10.32,1957,5.72,79,200,7159,18.08,57.95,23.49,199,ON_HOLD,19461,20654777,58.3
2024-06-13,PARK,d296660d05b4d6f7,3,47,165,29.25,4560,62.49,296,247,14071,20.04,26.42,9.55,231,COMPLETED,5985,58591111,9.9
2021-07-19,SIGNAL,8332e74cf6e819de,4,341,15,89.42,4214,97.33,285,196,3759,3.91,29.18,91.08,63,COMPLETED,17058,64135688,66.8
2024-08-01,BUILD,56811df9cb3bb024,1,196,0,9.18,1291,47.12,152,24,15950,27.85,55.68,8.59,115,PLANNED,16503,72721064,90.8
2022-09-04,BRIDGE,8b89d3cd90dad21b,4,205,88,40.43,2912,93.42,80,239,14996,38.14,16.48,49.18,76,PLANNED,21725,26304816,53.9
2022-06-03,LIGHT,33728db5f05f2170,5,127,105,63.2,1030,43.52,259,158,2248,39.77,63.81,91.49,67,ON_HOLD,4551,28200671,28.0
2023-11-08,LIGHT,605af448009b63b3,4,335,31,32.59,3189,2.82,170,55,16348,42.92,46.83,40.45,7,PLANNED,23980,19361238,84.3
2024-11-18,PARK,1d63232d0fa2ed9b,4,130,91,5.78,225,84.21,388,96,8084,34.12,16.1,24.5,22,CANCELLED,11287,72836337,41.5
2024-02-24,ROAD,86a096b1f78907d6,5,284,142,78.01,2145,1.06,361,241,19626,17.83,68.31,69.88,17,CANCELLED,17250,42620846,5.4
2020-07-13,BRIDGE,8d0bf35681f3eaff,5,182,34,71.39,1648,78.04,266,240,6485,12.78,44.86,66.8,92,COMPLETED,3620,53700354,89.9
2023-08-20,ROAD,ed96fd715347bc6b,3,457,42,5.45,5035,39.43,364,246,7587,58.67,42.53,54.08,31,IN_PROGRESS,649,2117866,11.1
2022-08-09,BUILD,750afd8febd5b322,4,451,172,94.85,1733,46.93,211,237,17690,0.49,65.1,56.44,320,ON_HOLD,18603,67896618,54.7
2020-09-03,OTHER,79a44896a68983f1,2,183,54,70.5,3944,83.04,95,162,14438,6.96,28.97,7.72,15,COMPLETED,16356,67405687,39.3
2019-04-11,BRIDGE,a104e9dd181f24b0,3,199,25,74.81,1795,65.93,202,193,11146,14.34,12.37,64.92,117,PLANNED,19875,35893451,35.2
2021-11-21,SEWER,cef1487f94a03ff7,4,393,57,91.92,1725,85.23,269,17,4004,42.36,61.36,5.46,50,ON_HOLD,13241,21258123,14.2
2021-06-11,BUILD,52981f1c714659a9,1,364,156,11.71,4351,78.74,159,174,10294,23.55,71.84,97.51,163,IN_PROGRESS,5642,19090029,67.2
2024-08-16,SIGNAL,855836846a3130bc,5,76,17,35.41,5956,50.19,44,100,2614,48.86,4.38,64.67,339,COMPLETED,6205,48208966,26.8
2020-05-08,BRIDGE,84f15573e3a25848,1,268,15,48.11,4925,93.97,118,205,15867,53.43,14.09,80.24,152,PLANNED,24693,3438145,30.6
2023-08-14,ROAD,36d4ad35b7dd4a23,5,79,86,87.5,3091,77.71,251,151,3083,56.63,66.26,44.93,2,CANCELLED,24260,34040830,12.1
2024-12-24,SEWER,9ff6dc967d479059,5,347,34,44.18,2222,46.29,355,163,18762,50.59,4.03,52.31,5,IN_PROGRESS,21133,39262091,29.4
2024-04-27,SIGNAL,b72f82c436629be6,2,84,28,0.88,4136,16.83,229,204,1084,39.04,55.84,32.25,77,CANCELLED,20168,37506868,90.8
2021-04-06,ROAD,e657fa43d107adfa,5,18,162,59.74,2934,80.7,121,156,4822,4.86,32.59,69.73,212,CANCELLED,7704,63742548,28.9
2022-04-28,PARK,080639686366a1af,4,163,18,98.93,3676,64.91,344,241,11670,24.95,45.5,70.58,238,PLANNED,19723,41880743,14.2
2024-04-04,SEWER,642137672737534d,1,168,172,96.96,2994,29.01,150,163,14128,22.79,2.96,46.22,2,PLANNED,8497,11078144,4.2
2021-08-04,BRIDGE,c5320c288070048e,2,269,84,88.57,850,84.05,134,152,5314,7.91,10.65,87.94,227,PLANNED,8399,54452752,95.8
2020-10-06,WATER,e67702a514fd7a3b,3,483,106,61.91,1692,46.81,254,94,18966,23.34,49.95,69.97,2,COMPLETED,3247,29809998,84.4
2023-04-09,SIGNAL,751c0dde9de3fe24,1,413,7,80.45,5939,27.3,309,36,67,19.06,10.3,7.01,196,CANCELLED,12490,45967388,88.0
2025-03-11,SIGNAL,faa0b29a02593997,1,82,39,10.62,5010,41.59,248,20,14191,23.64,61.82,2.19,147,COMPLETED,6418,6456904,90.1
2020-09-09,BRIDGE,805652baef36d216,2,485,45,64.76,339,31.77,229,168,17475,8.71,55.92,11.57,72,COMPLETED,4579,30666481,95.3
2025-11-20,SEWER,70ebd9f4579aa097,3,309,107,85.67,4443,47.08,362,68,10531,45.95,16.78,2.82,357,COMPLETED,1154,64513588,68.6
2019-12-11,BUILD,f5bb2318270c1ecc,5,183,30,81.04,2556,37.83,344,176,13002,10.76,9.38,26.91,199,IN_PROGRESS,22346,64363988,20.5
2019-10-20,PARK,4d7e25373cdbf287,2,497,86,80.78,5354,83.13,230,22,3916,54.24,43.48,4.26,134,IN_PROGRESS,17850,71722648,56.7
2023-07-29,OTHER,a97d715b78020d7e,3,395,170,57.38,4521,69.8,207,211,18410,2.06,5.13,27.81,305,CANCELLED,24278,15585502,22.5
2025-03-07,WATER,726a45ebb47114d0,2,52,108,45.49,428,25.49,79,158,8122,35.96,59.87,5.13,117,PLANNED,293,23283632,0.3
2025-08-05,SIGNAL,5dae9e7dea950f09,4,277,32,33.0,3306,23.53,283,10,4583,36.65,59.43,3.0,10,COMPLETED,15940,25928517,5.9
2019-03-24,LIGHT,0fd8cdde09da2c09,1,87,137,66.49,789,53.69,372,180,1431,53.43,2.72,44.65,166,CANCELLED,14787,15358134,12.4
2020-07-08,SIGNAL,90d5a0e8e691c813,3,336,4,77.7,2526,88.59,193,187,13534,22.99,47.33,76.97,139,PLANNED,23199,59632745,1.1
2023-09-15,SIGNAL,89bd0d9592eb92ef,1,384,32,87.65,1295,77.85,200,9,11930,5.8,63.14,75.01,297,ON_HOLD,24857,73304547,10.6
2025-08-02,OTHER,08192f11f6936aab,2,17,52,55.49,4319,20.92,142,151,14906,46.08,28.76,84.22,354,CANCELLED,3416,15808616,4.1
2023-07-14,BRIDGE,deb20892eda8b4d8,3,106,127,8.03,2921,29.41,8,132,9669,8.2,31.15,27.84,232,IN_PROGRESS,22730,62262873,93.1
2022-01-27,BRIDGE,2cebe3d746295da8,5,310,84,3.68,5028,42.98,46,96,3957,10.9,44.22,4.81,99,CANCELLED,14109,43641228,94.2
2023-12-23,BRIDGE,c6ca86fd3ce19238,1,466,0,76.07,256,44.67,321,85,19315,41.48,65.31,59.21,272,ON_HOLD,3031,65036713,57.0
2023-12-30,LIGHT,aef91a7df2c94928,3,63,57,57.79,3915,44.29,67,43,3438,18.07,43.13,68.4,271,CANCELLED,4831,28880359,70.1
2019-08-22,BUILD,f4f88733c7c79613,1,38,131,12.1,3800,71.73,33,186,14367,21.29,10.19,56.62,230,COMPLETED,22130,16802142,50.7
2025-12-02,BRIDGE,cef6ffc106df4304,5,391,33,36.34,3171,53.21,320,138,7633,26.77,52.86,30.62,347,ON_HOLD,995,63651285,10.4
2025-11-02,SEWER,4ca16bba52948e4d,4,451,16,81.99,4596,71.58,262,1,7107,48.69,5.93,70.22,182,IN_PROGRESS,24287,69600522,37.0
2021-07-02,OTHER,7068b772ff6dd775,1,103,54,95.5,1960,88.94,221,41,10005,25.21,48.76,30.94,262,COMPLETED,12203,9199863,19.7
2022-03-21,SEWER,0bbc6c796813ac7d,1,465,106,37.07,2160,25.38,285,23,12444,19.0,46.02,37.46,160,COMPLETED,2631,18801337,52.4
2022-07-03,ROAD,a56364350280daee,1,185,41,25.66,4088,9.88,59,92,10494,55.77,57.53,34.17,177,ON_HOLD,17629,20815286,62.4
2021-01-22,BRIDGE,8e8d62a4acbb39a0,1,241,63,93.25,5615,52.83,331,129,13854,19.64,35.25,18.72,303,COMPLETED,4756,58983619,68.9
2019-12-28,PARK,65d906d6a57c4387,5,125,88,29.21,2835,51.8,400,214,8560,27.28,12.88,15.7,314,IN_PROGRESS,22896,12259895,10.2
2024-04-04,BRIDGE,7870d92151ddf985,2,259,77,22.05,280,70.12,187,160,2157,54.08,61.37,8.24,217,PLANNED,9970,47560209,74.3
2022-09-02,WATER,2e40c0d68a590c83,5,77,66,94.29,2106,32.71,200,123,3789,42.66,41.34,14.72,13,CANCELLED,8454,34740164,77.8
2025-07-29,OTHER,34d76fdb31ea327e,4,309,16,21.41,2650,76.32,292,10,12331,7.61,11.06,81.59,282,ON_HOLD,7722,31982147,60.8
2021-11-22,DRAIN,33cd7a19427e268e,1,68,109,5.59,535,86.95,71,64,12318,30.26,68.29,81.47,211,COMPLETED,7399,50412926,74.9
2024-07-22,DRAIN,357c35249b82bef9,1,472,7,42.34,4458,94.95,234,222,3374,54.29,12.6,5.85,60,CANCELLED,2815,13732400,90.4
2024-01-24,BRIDGE,6b3963d88d174745,2,204,45,19.56,1003,99.42,165,59,18375,33.24,24.24,23.36,61,PLANNED,18611,16004769,87.4
2022-11-25,WATER,4912584ed0769f46,2,491,58,27.6,3865,89.52,190,64,11316,7.71,68.69,1.23,2,COMPLETED,11478,48124493,84.6
2024-11-19,WATER,d9d25f0214bfd324,2,308,114,46.06,179,0.44,317,129,16323,14.8,71.04,41.46,214,PLANNED,15396,69282452,23.2
2025-03-27,BRIDGE,adcc9bcef439df96,2,495,67,15.42,5673,12.85,59,218,19398,6.04,13.92,17.05,27,ON_HOLD,4815,70724060,92.3
2024-09-22,LIGHT,4f2187f54dc267c4,1,311,101,52.78,2226,87.9,364,176,11655,41.41,23.96,5.64,341,CANCELLED,17151,26628043,55.3
2025-03-27,PARK,ceb7efb440e27dbb,1,139,75,68.84,5737,60.46,86,107,7774,32.89,29.13,20.14,183,PLANNED,1347,5781996,57.6
2024-12-07,LIGHT,24a385d0668991d7,1,187,158,97.68,196,20.69,345,23,2275,0.98,70.91,92.07,78,CANCELLED,24528,17762248,69.0
2022-12-18,PARK,daa88509d86336e0,2,101,176,33.65,916,94.74,364,129,15677,30.68,60.35,11.92,220,ON_HOLD,5343,44870106,46.7
2025-02-17,BRIDGE,48dbc39841ba324c,2,117,106,13.59,1425,2.91,53,156,10321,39.09,60.63,8.5,324,CANCELLED,20217,63735804,46.7
2025-03-30,ROAD,f457c313d7c83cac,1,64,96,92.8,5726,29.36,325,233,8226,0.27,35.61,55.43,167,CANCELLED,4988,44898476,61.1
2020-03-17,DRAIN,c750a7b8b15404cc,5,196,58,33.77,5465,31.07,258,120,14150,14.16,58.35,19.28,95,IN_PROGRESS,19073,8459886,16.7
2020-08-09,SIGNAL,3a0b8684f8e3477f,1,481,38,89.96,2142,52.76,56,189,10877,14.86,7.07,46.39,41,IN_PROGRESS,1954,36735626,90.0
2024-05-08,DRAIN,7e4468db77fe5ff7,5,133,168,36.8,1134,46.58,3,199,6524,5.87,64.84,93.4,155,COMPLETED,2636,63673703,48.7
2021-08-13,DRAIN,f4690a905ed7fa34,2,78,4,65.62,4683,51.74,379,147,5572,37.8,10.06,26.75,105,PLANNED,6075,18289413,52.1
2025-09-21,BRIDGE,5e84447044ddb851,5,112,157,42.73,5518,21.42,114,46,4521,56.88,9.02,46.59,101,IN_PROGRESS,3348,4239408,21.2
2025-01-29,SIGNAL,0890d72ea8b72959,2,195,178,87.85,332,67.94,56,68,15249,30.95,54.12,48.33,131,PLANNED,17111,70915823,86.0
2020-04-23,ROAD,769f4be7d18c0339,2,187,30,48.09,3777,12.98,29,231,16229,31.06,11.69,59.86,37,ON_HOLD,19929,65612939,34.9
2020-10-29,ROAD,acf17e777318f180,2,489,42,34.4,5740,59.23,323,144,18452,51.18,3.73,36.56,30,ON_HOLD,1067,48855959,31.5
2022-02-19,LIGHT,0de591d9b980c46a,4,215,41,23.77,1626,65.6,30,74,17501,55.26,49.83,24.24,175,ON_HOLD,13104,10702454,8.1
2024-08-22,PARK,aa8e84349aea6821,5,399,9,69.08,2631,41.22,8,237,17197,7.68,27.31,55.69,254,IN_PROGRESS,165,49879809,9.6
2022-12-12,SEWER,b9c6fe52da4c81f1,4,271,33,36.48,2950,50.76,56,120,4222,35.24,47.55,60.86,37,CANCELLED,4681,761634,1.3
2023-08-27,PARK,e91d4f7a3ca2d6e3,2,30,59,91.75,1703,62.97,366,189,10972,43.22,10.93,67.66,213,CANCELLED,13182,40381904,16.3
2019-05-08,WATER,0ed089a0cf8a6d6f,5,439,38,61.59,2737,3.46,245,60,13066,3.63,6.99,11.03,349,IN_PROGRESS,3872,33191982,91.9
2019-08-11,WATER,98373dc628aa0c46,1,124,83,79.51,2068,14.81,149,8,7116,47.96,34.97,70.81,158,PLANNED,13556,47452282,83.3
2019-01-23,OTHER,359355899983bffd,2,439,94,97.35,3037,62.38,151,180,17938,44.44,11.26,63.38,305,COMPLETED,9594,19283226,48.4
2019-01-12,OTHER,d48a22a6d1790cd3,5,406,96,90.23,5946,16.2,400,120,3051,22.32,12.62,15.87,48,IN_PROGRESS,18414,67891451,74.9
2023-01-28,BRIDGE,26b4e78876867820,4,385,110,91.6,15,5.32,386,221,17580,8.71,59.1,32.61,288,CANCELLED,8988,67621045,18.3
2021-06-26,WATER,b62c353117e9ff7f,3,394,165,57.6,3604,57.94,102,70,15590,28.04,8.67,11.25,16,IN_PROGRESS,20808,30296689,68.0
2023-11-03,BRIDGE,433befb99db15e1d,4,99,6,22.89,5780,8.48,0,77,14678,54.63,56.83,7.42,166,ON_HOLD,23875,23549997,23.2
2020-01-29,BRIDGE,8d468bab50b02eda,3,170,76,14.92,5882,51.04,58,185,15006,33.64,38.59,1.88,203,ON_HOLD,21346,57195638,44.5
2023-02-16,ROAD,20a8ca80224bda30,3,37,1,47.06,1959,11.59,185,162,8112,21.29,36.65,89.7,92,COMPLETED,22549,9470386,23.0
2023-04-25,SIGNAL,9cec3ec24ea197f2,3,433,90,54.99,3368,19.66,97,207,13426,14.88,14.8,9.13,144,CANCELLED,16869,23844429,58.0
2024-04-12,WATER,ba6d3ee03673bc34,2,289,119,47.66,2361,29.9,253,36,8584,40.99,11.79,24.08,80,PLANNED,23163,17402930,54.4
2020-09-12,BRIDGE,e942598e276a6d1a,1,445,115,5.5,564,54.33,186,6,13779,11.65,27.89,72.0,30,ON_HOLD,12856,28868103,72.0
2019-04-06,OTHER,7622c155f5da86da,2,124,56,25.66,13,1.36,378,212,8288,37.51,18.1,43.45,159,ON_HOLD,20865,11384003,25.6
2021-05-12,PARK,f0209821c8e5ae98,3,315,55,25.61,761,56.41,132,237,9395,25.35,18.27,91.83,313,ON_HOLD,19613,36167009,87.2
2025-01-20,BRIDGE,fbce34d849863faa,5,214,46,84.28,5277,84.36,57,189,15272,33.21,57.94,9.25,44,ON_HOLD,422,7932691,31.2
2023-01-21,SEWER,d00c6f2a50836adf,3,457,135,7.11,1439,6.06,233,173,9807,43.32,21.81,47.0,147,COMPLETED,17234,21262019,64.1
2022-04-09,BRIDGE,7821af236ec2aed3,4,58,40,45.14,5513,19.33,400,115,14349,6.8,13.79,42.92,3,PLANNED,7385,3796126,21.7
2025-07-16,SEWER,ec49c4c27024e76b,5,456,136,33.4,2069,87.14,3,170,5789,20.51,49.0,17.54,329,COMPLETED,13582,11751947,16.1
2020-03-31,OTHER,d41f34a3010b33e6,5,499,76,83.69,4309,74.0,18,173,4555,8.64,35.69,94.76,230,ON_HOLD,10140,23819565,42.4
2023-12-07,OTHER,8a3ecb6537960b61,2,133,155,85.37,4321,48.74,209,160,11145,7.31,14.02,26.87,204,ON_HOLD,5327,46808115,3.2
2024-09-09,SIGNAL,410936aed4c947aa,5,174,159,35.67,5626,58.08,105,220,8336,49.35,23.16,54.85,47,PLANNED,23026,10486620,71.9
2020-08-08,PARK,f422daa3b7d369f3,4,374,58,10.85,3273,56.05,241,216,3360,32.98,18.02,11.26,184,ON_HOLD,17363,10859698,4.6
2025-12-20,ROAD,d7bbb16f66053a0e,5,464,99,37.48,2000,84.97,131,82,11249,6.13,17.54,26.57,270,CANCELLED,8432,62267726,47.9
2019-04-17,ROAD,4fd2e454cbc33db9,2,80,85,65.94,5855,28.25,162,107,5406,13.04,20.22,65.62,72,CANCELLED,22964,10662931,52.3
2024-04-13,BRIDGE,23e344703e191104,2,332,24,13.98,4633,95.34,31,154,16304,59.9,67.59,16.3,285,ON_HOLD,17056,45343226,82.0
2025-06-30,SEWER,3fce42e7fd1ae6f4,5,224,28,32.68,3162,82.06,95,104,7638,24.1,2.43,31.75,28,CANCELLED,8426,57666304,95.9
2025-02-12,LIGHT,9090008b73adc590,4,222,27,17.75,3911,16.32,32,54,5457,42.31,48.89,97.52,136,IN_PROGRESS,14555,72943478,0.8
2025-04-20,SEWER,bce3542772f0fdeb,3,371,160,42.97,3470,37.02,315,171,17662,9.27,33.31,92.53,297,CANCELLED,6650,35631004,48.3
2023-09-24,SIGNAL,7101dc549e0f3ced,1,117,45,71.36,2149,12.05,365,135,14622,54.82,24.76,39.94,153,IN_PROGRESS,206,74570483,90.4
2019-10-09,DRAIN,dc75c7a9fb8e6cb7,1,448,108,68.23,3284,34.44,162,5,4742,26.6,69.38,60.72,252,PLANNED,24582,68061828,39.3
2022-04-07,SIGNAL,0847bfdbfade79bb,5,11,153,43.58,2229,66.46,161,222,5745,35.75,33.68,29.49,54,COMPLETED,4833,12080625,12.2
2025-09-03,ROAD,10315793643f37bd,5,117,149,46.22,3638,77.36,226,64,2387,47.99,59.27,0.67,74,CANCELLED,526,39553665,41.5
2025-04-04,LIGHT,7ac15c064b2cb06c,3,214,164,95.86,2757,46.61,127,223,8261,39.24,8.2,1.09,32,IN_PROGRESS,9195,28736028,17.4
2019-05-11,DRAIN,46a690ef875b28c4,3,469,71,71.51,3906,35.3,257,32,11814,16.47,16.21,37.96,90,ON_HOLD,13625,22030255,95.4
2023-05-06,LIGHT,04d0d6a695cb56e8,3,217,99,10.83,5118,51.83,390,129,8866,42.68,66.24,68.11,325,COMPLETED,15943,16015446,8.1
2021-10-21,WATER,eeeba8bfa8117cf6,2,85,31,4.84,4710,79.67,359,92,233,46.64,8.25,29.06,197,IN_PROGRESS,10342,43048643,38.4
2019-06-06,WATER,6667dd679bdc1b98,3,405,18,25.31,1207,21.43,150,22,9401,15.81,44.84,91.84,352,CANCELLED,18316,7411134,39.0
2019-07-15,LIGHT,a9dea6a3cf384f71,1,112,3,3.06,3981,37.16,126,196,3920,12.83,57.49,8.12,194,CANCELLED,11624,30288584,86.6
2022-03-12,BUILD,616f809b69b7ef8b,1,116,81,23.73,5226,41.2,195,12,1802,16.3,44.23,77.35,274,ON_HOLD,15453,44460473,28.3
2025-07-26,WATER,2d3e345a3f889b68,4,484,161,99.16,1889,1.38,112,165,6100,8.83,49.35,29.25,11,ON_HOLD,6515,20007723,60.1
2019-03-10,BRIDGE,b8aab45ef25fb30a,4,300,38,32.91,1929,24.47,65,134,11457,6.38,32.19,97.05,79,ON_HOLD,330,21420372,26.6
2022-12-30,LIGHT,b4de6f7f4469da1d,2,498,159,20.69,3149,10.45,149,140,17776,2.4,51.82,96.35,140,PLANNED,22065,34841293,70.3
2020-08-16,BRIDGE,e8ebaa5ae917c417,1,381,152,20.74,2048,72.73,175,144,16858,0.26,28.8,80.55,329,PLANNED,183,61108081,31.8
2024-10-06,WATER,47347984f29ec252,1,468,16,90.93,2193,87.13,132,97,16402,31.45,21.99,67.9,151,IN_PROGRESS,3428,16680738,83.4
2021-01-22,PARK,7be33f1448127ee8,5,423,63,2.84,5648,65.16,107,16,3202,52.72,62.35,0.6,130,CANCELLED,19307,50838454,37.8
2024-04-20,LIGHT,6216f3b59e193158,2,176,114,41.02,3259,48.07,251,188,2628,36.25,0.62,54.74,191,PLANNED,24267,46604051,37.9
2020-02-22,PARK,d0c9e7012b668e49,2,97,26,37.04,4393,22.22,2,119,18959,18.58,49.41,17.74,294,PLANNED,21724,15949330,56.9
2022-04-14,SIGNAL,14c7b9f69e2b4d9c,5,463,101,66.02,3844,97.36,274,45,6748,32.02,45.69,41.04,337,CANCELLED,7821,24965801,96.5
2023-11-18,DRAIN,a256bc92a6caf74f,1,442,24,84.64,2292,98.51,161,10,2527,4.8,49.17,44.57,61,COMPLETED,830,72858880,20.2
2023-11-27,LIGHT,76f9e7e9c2173606,1,425,68,29.46,1319,9.26,71,24,10061,18.86,43.13,18.9,149,ON_HOLD,14434,17636611,8.5
2019-12-25,OTHER,d31915fba107339f,3,404,2,83.52,196,15.81,100,5,7478,16.0,11.51,92.11,298,COMPLETED,24652,56912620,3.3
2022-03-12,LIGHT,794d1cedd3d6b811,1,440,158,90.36,2448,23.35,120,129,4651,27.86,3.05,38.84,91,PLANNED,21666,43750706,13.6
2022-10-21,SEWER,e24b31fc22f6da09,5,249,61,40.07,5998,31.54,111,194,8508,9.57,61.0,60.89,283,COMPLETED,22474,51075424,90.7
2023-01-15,ROAD,e6989f89640c91e0,4,208,157,26.98,5106,18.38,351,180,10081,21.95,43.19,62.03,71,CANCELLED,4589,14342653,21.1
2021-03-16,BUILD,528472c91e25e061,5,152,86,9.77,2619,92.37,329,24,5557,42.87,44.09,22.83,5,ON_HOLD,5992,48974300,18.5
2020-03-10,OTHER,864462baf2bbb0ff,2,446,164,99.87,1302,52.68,74,188,8088,52.56,18.61,64.42,181,IN_PROGRESS,7905,10615970,97.6
2019-08-07,DRAIN,7d3e2da7296ea7e4,4,483,42,38.58,2316,16.77,205,80,19914,5.06,16.87,32.13,124,COMPLETED,1886,64460676,49.9
2025-04-11,SIGNAL,83da9e52780d4d29,2,478,150,23.05,4875,46.44,80,93,16637,4.37,62.55,69.99,290,COMPLETED,20544,45082569,17.4
2024-08-03,DRAIN,5b3f68cec62e5faa,5,484,49,24.23,621,83.78,127,206,15258,34.34,51.3,29.11,295,IN_PROGRESS,13169,18841005,36.2
2026-02-11,ROAD,5f444a33bf9c1cc6,5,70,41,21.16,3358,84.38,189,40,19324,39.48,4.41,21.94,155,PLANNED,12874,63168238,33.4
2019-05-21,SIGNAL,d7d415b1ca31993b,2,255,75,10.1,2212,20.38,103,10,717,46.42,29.87,14.33,212,COMPLETED,16486,54810279,90.0
2025-11-27,DRAIN,88c4854f93ef5080,3,197,81,68.4,1892,56.59,182,1,17095,47.88,8.67,62.86,295,PLANNED,4448,57458675,60.9
2022-10-18,SEWER,d83983ee54df3cd3,4,12,171,83.94,3770,82.72,6,204,3430,46.24,5.69,10.54,118,CANCELLED,20102,30239888,48.9
2020-03-11,WATER,0280036c0fe972a1,4,140,120,35.31,3129,36.42,350,25,2227,45.59,25.34,31.15,73,COMPLETED,16963,62231858,91.6
2019-09-09,BRIDGE,237f93b42df49854,3,225,166,40.37,3679,80.15,277,153,18359,1.72,57.59,48.23,207,ON_HOLD,23880,2189793,68.7
2019-03-29,BUILD,f20175c8f4459c1c,4,148,3,22.24,2778,47.98,339,29,8431,56.6,10.28,58.11,293,COMPLETED,17040,4651739,42.5
2019-09-24,OTHER,e88e84ad66315048,2,181,142,93.54,2088,62.29,296,229,17335,44.9,17.77,34.24,306,IN_PROGRESS,13460,44635361,49.3
2024-02-07,PARK,6883a1411fafb371,5,495,91,32.38,4261,24.22,324,74,6324,51.64,40.42,44.2,72,PLANNED,10151,16153347,83.0
2021-03-23,BRIDGE,9bcbfef58a8226ac,1,140,146,32.85,5134,41.88,179,155,9421,41.63,29.32,59.75,291,CANCELLED,2464,50106742,78.5
2019-12-06,PARK,b8360e456b9ed109,2,315,63,33.45,5755,75.56,373,104,12621,54.6,13.05,24.55,158,ON_HOLD,12058,69110727,98.7
2020-02-18,ROAD,203c7ee4e364918e,4,311,107,95.33,2938,62.79,158,219,17131,33.29,55.58,40.7,50,ON_HOLD,1824,41625017,82.4
2024-10-22,SEWER,ddc21119fcffd73f,4,391,179,72.58,5804,15.58,362,31,4640,37.56,3.16,69.03,81,COMPLETED,24860,2479818,15.2
2024-05-25,BRIDGE,a9fda553755f45a1,1,0,46,71.51,2368,59.1,213,139,15322,8.33,8.92,1.12,364,IN_PROGRESS,19438,12133507,66.0
2021-07-14,LIGHT,ceb5c359b9682352,3,177,173,84.82,2701,66.36,390,72,3878,35.5,39.34,97.29,77,PLANNED,17653,52754546,70.7
2023-01-30,LIGHT,f7676b8564520351,1,371,40,91.37,1555,27.69,166,180,17330,29.16,64.98,6.34,19,CANCELLED,7560,12944728,44.9
2022-12-31,LIGHT,39b1e2d3e41ebcc2,2,169,30,74.45,5784,25.86,287,90,2640,49.57,68.07,29.98,176,PLANNED,21311,16399482,93.9
2021-05-27,PARK,5c1aa410b949c33c,5,311,75,77.88,5559,33.13,43,23,13802,3.05,34.93,50.22,155,ON_HOLD,18274,32195506,92.2
2020-06-18,SEWER,8e83b484808019cf,1,294,117,18.76,1986,94.07,205,219,9803,18.12,41.36,8.85,139,PLANNED,4801,47175352,50.9
2023-06-04,BRIDGE,bee2b4c3e87931cb,5,121,16,99.35,1149,65.09,60,152,19060,36.94,43.22,56.88,178,PLANNED,23728,2540566,45.7
2026-01-25,SEWER,c4e61b730b7f7ff8,5,330,127,36.73,1169,5.18,282,134,15880,47.63,48.56,77.57,272,CANCELLED,19171,15872914,36.2
2025-02-20,ROAD,fbb3819a5fd549fa,2,29,43,72.19,2227,41.77,126,123,15752,19.0,28.71,64.31,342,PLANNED,13254,56123014,51.4
2025-07-05,LIGHT,58300405fd112a16,4,146,51,83.28,5401,12.12,248,122,16095,15.93,50.73,78.83,365,IN_PROGRESS,4085,61834272,47.8
2025-05-24,WATER,05b341ec27fbe290,4,454,134,98.67,1541,20.16,162,13,5473,50.76,5.15,96.42,81,CANCELLED,22719,37047733,60.5
2022-12-15,SEWER,28f9575cde464d4a,2,246,167,67.79,2276,69.85,225,170,17868,57.88,10.37,75.49,51,PLANNED,7199,14531600,63.4
2022-09-22,BUILD,db41b7a01c663957,3,298,72,21.47,1277,23.03,247,69,2176,5.18,3.92,21.36,128,IN_PROGRESS,11959,59791046,5.5
2025-08-27,OTHER,a487583d4215dd25,1,42,38,15.28,4362,32.64,136,135,9653,49.35,31.81,81.12,332,IN_PROGRESS,13773,33364754,45.0
2020-10-28,SEWER,3ec392efbcd5cf63,2,490,31,65.07,5442,97.96,332,133,11204,9.83,15.6,51.55,68,ON_HOLD,8391,59748138,25.7
2025-10-07,WATER,8e136bf83fb3658f,4,435,73,1.48,3940,19.43,17,238,5253,5.42,56.24,71.1,363,CANCELLED,4206,10733122,85.1
2022-09-25,ROAD,5db6d5a83f29aee5,3,249,162,74.3,1544,81.34,46,87,5201,32.56,16.75,20.23,29,ON_HOLD,21981,42766516,88.3
2021-06-22,WATER,a77f411082fb4f59,1,280,40,28.62,2198,30.77,398,38,532,36.23,15.29,94.34,99,IN_PROGRESS,22949,21433127,12.8
2019-12-21,BUILD,2b00720081cc7cfc,2,212,76,31.46,1157,14.73,173,150,7702,32.05,27.27,15.12,40,ON_HOLD,9068,58885225,37.3
2020-02-13,WATER,515501b8c06b83d6,4,474,83,95.88,2995,35.73,106,23,124,27.23,15.96,78.55,223,PLANNED,5223,25035851,37.9
2023-11-09,ROAD,5d26285bf8e6dc24,2,107,27,46.3,1433,33.7,345,12,11816,27.73,52.11,73.57,277,IN_PROGRESS,20937,72929288,77.1
2023-11-17,ROAD,6747ad5ad0cdd784,1,187,9,36.3,3122,39.99,340,46,15352,4.62,15.37,92.83,216,ON_HOLD,23688,36535093,89.5
2023-10-07,SEWER,509fd5e208c63adb,2,89,166,49.02,1903,67.34,184,104,7966,55.04,45.36,82.79,149,CANCELLED,24109,29077911,71.6
2023-08-12,LIGHT,c93bdbeb6899782e,3,87,87,30.2,3324,20.09,206,211,7179,44.7,68.31,61.14,144,PLANNED,2207,55776165,82.4
2023-01-23,WATER,b064295324c81c78,5,377,36,29.48,1551,11.81,88,42,17491,4.7,38.32,50.51,251,ON_HOLD,13710,12642614,47.3
2024-01-31,ROAD,d536e2ca62afca12,4,499,129,58.31,4181,50.54,229,174,9623,9.19,57.72,89.13,204,IN_PROGRESS,19784,20875564,30.7
2024-08-06,PARK,f73aafabc98ade3a,3,486,140,96.57,224,72.43,290,189,8706,5.14,48.34,46.21,243,CANCELLED,15105,49036180,24.8
2021-10-06,DRAIN,c037df9edef49fb3,4,94,74,75.55,255,69.84,297,137,11013,26.08,51.84,22.01,132,PLANNED,583,59976903,69.1
2023-09-16,BRIDGE,f391e1d3f9f4d87d,5,242,147,64.01,3105,6.21,40,124,6906,6.6,61.5,89.13,62,COMPLETED,7993,20453122,69.3
2023-03-30,LIGHT,0d80c3088893928e,5,149,123,96.98,1593,41.2,157,17,498,26.65,67.63,89.66,287,CANCELLED,12565,45322822,9.4
2023-12-11,OTHER,e2065e71f4750d9b,3,129,123,13.38,1558,45.82,70,207,16522,24.81,38.14,86.95,223,PLANNED,360,74035139,9.0
2021-11-26,BRIDGE,0117727da9efe1d5,4,85,35,14.2,1449,59.81,71,199,14295,35.54,0.74,35.07,198,CANCELLED,7114,48712545,17.5
2022-05-26,SEWER,22ac4e2073096b54,4,429,140,35.57,3458,69.92,21,34,3114,39.47,24.77,97.07,323,CANCELLED,6089,8604868,94.8
2021-03-21,ROAD,326bd3f1c65e464d,5,420,146,92.33,5072,61.84,116,82,7744,0.88,1.6,1.74,84,CANCELLED,23046,69255203,78.9
2021-01-19,SIGNAL,6d18911d21b89fd7,5,155,93,72.51,2495,77.78,210,180,19682,37.39,20.51,64.52,217,COMPLETED,17901,57471311,42.3
2021-12-26,ROAD,065c4f368ab176e3,4,46,169,88.2,2994,36.34,35,170,2188,16.45,22.23,88.25,110,PLANNED,3443,16943749,91.4
2025-05-04,BRIDGE,ab1b9365d2bd58ae,2,409,125,94.53,3464,55.84,142,225,5922,59.73,51.17,76.24,363,COMPLETED,1651,469239,63.3
2025-04-10,PARK,79eb0a00f03112a5,4,239,54,14.9,805,17.99,347,15,10156,2.99,38.49,47.31,335,PLANNED,24491,44999714,7.2
2022-05-11,BRIDGE,8fe17012f4263dad,3,205,108,9.69,2227,40.89,61,155,30,1.35,46.2,26.67,199,COMPLETED,15301,25382468,23.2
2022-01-17,DRAIN,987d2d96ebb2fa10,3,460,138,13.84,3446,55.09,393,90,16453,8.58,71.33,85.2,269,PLANNED,19321,12283233,12.0
2019-04-04,LIGHT,16151672e7a89e92,3,71,35,74.66,2205,70.9,381,234,17389,15.36,67.98,74.24,35,CANCELLED,20946,63965055,32.7
2025-01-23,WATER,a3bf889ae49e6451,3,421,149,39.9,4085,98.27,74,90,18721,4.59,23.63,0.89,269,PLANNED,7779,68001038,14.3
2025-04-10,WATER,44aadbb088a3c355,4,109,141,16.13,5043,9.8,25,36,6025,59.92,15.18,41.17,33,ON_HOLD,23109,21242153,99.1
2020-08-27,OTHER,5c27985253dd3d2e,3,272,107,66.55,5522,27.64,394,87,15600,23.31,68.66,6.0,226,CANCELLED,7002,12553858,84.6
2022-05-23,BUILD,5020b99c09b5fc11,1,346,121,6.85,2750,47.79,373,116,19036,10.79,19.69,77.87,6,ON_HOLD,13884,69082704,98.7
2024-08-22,PARK,7b6d55d989aae6b4,1,484,26,30.48,437,2.6,243,83,12884,50.83,33.8,64.31,300,CANCELLED,2708,16600385,55.7
2020-05-16,BUILD,b2983a1841744e40,2,380,160,78.09,3786,7.59,207,118,117,58.83,18.24,18.63,290,ON_HOLD,7540,9549309,7.9
2021-03-17,BRIDGE,6f3a9c2ba7c30d1d,3,366,0,68.99,3686,49.8,254,205,8063,18.8,62.18,52.93,88,CANCELLED,3020,4674658,76.7
2019-01-19,OTHER,36307479b39e0428,2,249,178,21.86,982,20.57,184,35,6544,38.14,24.96,39.7,231,COMPLETED,10808,32954923,48.6
2022-02-03,DRAIN,1d09e277ca35f910,4,80,27,25.21,449,89.02,212,168,5506,15.22,20.15,76.92,34,PLANNED,6064,38964447,53.0
2021-02-08,BUILD,0f578f7b67bdfa56,5,120,48,69.98,5441,89.38,75,65,4508,32.85,53.05,67.35,340,IN_PROGRESS,2002,47991967,80.3
2023-08-20,PARK,f8b80782255be82b,1,251,82,79.62,3032,2.53,89,138,12806,31.56,57.4,21.65,129,COMPLETED,16034,27407471,83.9
2022-04-29,SEWER,7e03c78a9a6c2aa1,5,26,122,1.47,930,19.61,131,241,5753,13.55,51.36,45.6,196,COMPLETED,11931,71800476,28.9
2019-02-22,LIGHT,8d9f8c91216e0ae0,4,267,98,68.36,4381,16.21,351,57,4613,6.97,64.49,58.05,11,COMPLETED,22903,5063461,26.9
2020-04-04,PARK,2c0072d0e0994d15,2,156,60,56.77,4036,99.64,49,54,1912,20.48,46.79,90.14,128,COMPLETED,14546,36362776,83.7
2020-01-28,DRAIN,b21207fe901082b3,4,291,171,13.69,1134,32.02,283,39,1770,46.76,43.14,30.53,32,ON_HOLD,2052,284912,68.5
2023-04-14,PARK,d073a59a0cc77cfa,1,258,145,15.84,727,7.1,200,139,10426,26.67,34.36,77.75,251,ON_HOLD,11266,23510212,5.2
2022-03-17,SIGNAL,655656af1ee86768,1,362,79,56.33,865,99.91,135,142,4236,24.08,30.15,50.01,166,ON_HOLD,12787,71333427,92.4
2023-06-04,WATER,50da64c5e438e450,5,152,104,17.42,5381,67.77,276,155,6471,15.86,7.74,9.05,203,COMPLETED,8836,66786790,0.8
2024-12-24,DRAIN,fb73f2fe99613de4,4,412,164,12.92,2138,34.95,387,194,5498,25.75,62.99,1.3,65,PLANNED,11315,24737330,98.1
2025-04-21,DRAIN,84af8de909f3e595,2,73,81,26.1,313,52.61,185,30,18595,6.74,65.05,3.58,135,PLANNED,10455,55394709,9.7
2024-05-05,PARK,d11359b7f441d7e4,3,393,76,72.43,1876,17.11,335,59,15629,52.01,11.26,79.21,186,PLANNED,23237,20343495,33.7
2023-06-21,LIGHT,3491b619abb8d67a,3,7,121,78.34,4303,97.32,179,144,7408,14.12,37.33,12.66,348,IN_PROGRESS,10570,25055867,33.5
2020-05-02,BUILD,e3321b89cbec58e4,2,223,34,43.41,2524,99.8,300,231,15701,52.17,55.9,50.73,319,PLANNED,22257,57007128,0.2
2024-05-10,OTHER,09cfd21c557e65a5,2,263,141,16.1,1859,81.4,160,88,10141,31.99,38.88,38.62,158,CANCELLED,5038,39132078,45.6
2022-12-12,BUILD,8b2ddb6e8cc5ad27,5,498,47,11.34,3397,17.14,37,24,3280,42.45,31.49,51.96,187,ON_HOLD,23919,1348867,85.6
2022-05-31,DRAIN,ba8b6bf823022578,1,80,108,9.54,3631,96.59,371,59,7119,46.26,7.62,2.67,332,COMPLETED,14233,13506140,8.7
2024-05-13,LIGHT,1d9a91147c6cb72b,2,270,22,58.33,1812,40.08,209,154,16113,28.93,71.35,39.86,166,COMPLETED,10523,2275390,97.1
2026-02-06,ROAD,a1c72d005d1affc1,2,124,41,74.13,5948,15.42,368,64,16298,43.98,9.6,33.11,190,ON_HOLD,13629,48188211,28.1
2022-03-30,OTHER,9a7b1d604111140d,5,289,149,72.03,3417,51.91,356,12,18600,10.32,68.51,95.67,101,ON_HOLD,5224,32153414,89.8
2025-06-26,LIGHT,9b1cfc54d0d061f7,3,263,1,38.19,3371,51.14,165,114,18723,44.03,59.33,52.52,310,PLANNED,24839,37458141,51.2
2025-04-03,OTHER,41c930ad49172efa,4,77,61,97.59,124,9.83,175,34,19738,30.59,27.44,74.2,234,CANCELLED,19982,46836744,79.0
2019-09-04,SEWER,9ba95c329a5fcd9c,1,423,149,93.54,1167,75.08,91,213,13900,46.38,29.18,87.68,255,IN_PROGRESS,23148,19646542,14.7
2025-06-16,BRIDGE,f81df66ff7a311a8,3,470,159,42.94,4711,61.53,144,74,808,58.1,26.12,2.04,274,IN_PROGRESS,600,47061666,84.4
2023-05-28,DRAIN,57c56f79e5adfc96,1,148,3,82.43,849,94.96,333,122,13459,59.65,43.15,60.36,344,ON_HOLD,15261,20750551,67.3
2022-09-12,BUILD,a205b5bba6707434,4,371,37,65.23,5397,23.06,203,92,5341,50.73,55.04,13.98,176,ON_HOLD,693,58782086,9.7
2022-07-09,DRAIN,f333885e283186f5,1,496,103,97.73,382,81.13,372,106,14970,57.58,35.18,14.72,27,ON_HOLD,21421,70296332,3.7
2024-01-24,OTHER,4227ab4b5c82c146,4,228,69,98.24,1045,57.52,338,93,976,15.7,31.94,52.66,111,IN_PROGRESS,12619,1893643,13.4
2020-03-18,PARK,ee42cf49bd971716,1,208,29,84.61,4699,79.04,124,87,2314,11.51,39.14,59.94,101,CANCELLED,12302,7414944,86.7
2020-02-15,OTHER,96e1d7aeb92058d6,5,479,119,52.47,2854,13.81,319,27,1509,18.58,48.76,14.96,154,CANCELLED,8832,5836294,0.2
2019-01-09,BUILD,d5aa846ab9bc2a5e,2,166,5,69.74,2671,26.75,197,63,19591,47.31,56.28,89.71,27,PLANNED,22455,73939224,55.1
2021-06-01,OTHER,5dc1ed4b62ec19de,2,290,134,95.85,3766,69.01,306,243,17718,53.71,58.0,88.55,263,ON_HOLD,6356,34853900,44.9
2022-11-21,ROAD,907017f08081f9a5,4,96,58,46.61,2871,8.32,355,167,10120,28.77,42.27,71.46,117,IN_PROGRESS,13543,21302448,94.8
2020-07-07,SIGNAL,b0da26250280f495,2,401,146,63.67,5714,81.73,59,126,11617,21.82,61.23,12.72,346,ON_HOLD,11586,57922454,34.5
2022-06-20,LIGHT,7697edbd1ec76e0b,2,258,106,3.1,5728,92.9,225,97,16599,36.32,27.46,26.06,198,ON_HOLD,20844,64903915,1.3
2024-10-26,ROAD,7b76345b35f68cf6,2,190,68,10.85,5426,94.0,305,63,12398,15.54,49.6,89.07,364,IN_PROGRESS,18994,21593218,53.4
2021-03-16,WATER,b3e71779824fb37c,5,343,38,51.49,5606,6.27,35,66,5855,6.77,4.28,74.45,168,CANCELLED,17134,55133110,8.7
2021-09-02,PARK,3059e6aaa92b3632,4,141,87,44.35,1990,61.11,24,134,6167,6.82,29.32,48.85,265,PLANNED,12892,53163611,57.0
2022-05-07,WATER,1edbabfc2f5d9a69,4,412,49,33.42,104,56.23,248,221,14744,0.43,15.75,87.07,118,PLANNED,14264,64013783,79.0
2021-10-26,DRAIN,1d8c7fe6288726f6,5,24,57,16.63,3785,75.68,399,98,15318,49.99,65.07,6.44,191,CANCELLED,12091,61257467,54.2
2020-01-03,SEWER,a94f5d77b90f2297,3,266,87,49.74,1567,18.49,180,50,9575,56.14,53.91,22.29,114,COMPLETED,1823,27857107,16.0
2025-07-19,PARK,94deb8ac358e3a7e,4,107,122,33.5,704,19.8,211,54,4107,25.89,12.7,82.95,29,COMPLETED,17864,62463744,85.5
2023-10-20,LIGHT,f57380131b19ab0b,3,401,81,68.92,2585,33.19,173,228,3573,10.04,59.69,70.7,205,IN_PROGRESS,5180,46548048,66.4
2025-06-02,LIGHT,77c9256b7933f66d,3,465,9,44.97,2033,92.35,314,97,13432,49.74,16.29,62.75,3,ON_HOLD,11608,16568707,27.2
2025-03-11,LIGHT,ecc54d0d81495d1c,5,155,60,69.62,3879,21.39,216,145,1134,23.71,27.5,94.66,225,CANCELLED,14846,61249393,24.1
2021-08-06,OTHER,11e7c8c494b4ae9a,2,22,69,8.33,126,78.74,199,202,1415,37.35,2.72,99.17,90,PLANNED,627,54977871,54.5
2021-01-31,ROAD,20fb3df6d6c994ad,1,263,11,80.76,3810,36.92,120,149,12871,57.8,66.93,56.32,117,IN_PROGRESS,972,35938940,22.9
2023-02-13,WATER,30da3c53e1e83dd3,3,360,47,85.11,2010,43.55,46,166,500,4.93,54.83,24.11,178,CANCELLED,18408,19234898,1.7
2020-01-03,ROAD,d1845738a7451ce1,4,126,3,4.59,918,61.12,400,220,15243,57.07,42.02,94.7,361,PLANNED,13316,20223561,51.6
2023-08-17,SIGNAL,c0cd4b99ae06376f,4,468,98,5.85,5577,3.64,97,235,18111,19.23,7.54,75.95,5,COMPLETED,11265,30645694,35.3
2019-01-19,PARK,7535e753873d526c,1,498,141,77.78,4088,19.36,340,142,8014,48.36,27.43,77.46,169,COMPLETED,1138,62446692,68.3
2019-07-29,OTHER,028b93a14fde544e,4,59,126,48.0,5508,28.08,159,41,3014,13.67,16.61,51.26,365,COMPLETED,3243,45498506,47.4
2020-11-19,PARK,8763d03b78d25ce5,4,209,23,39.26,4147,22.53,203,43,9798,16.0,52.91,7.75,180,ON_HOLD,7229,11285085,22.3
2023-07-04,SEWER,74e7ae8bcaff2545,5,492,86,56.55,1761,0.77,180,56,16733,0.06,46.04,70.52,145,CANCELLED,8552,55434397,47.6
2023-03-22,DRAIN,e3203ff72bb698cd,4,405,107,9.16,4849,10.83,311,31,5068,44.15,43.67,87.29,303,ON_HOLD,16426,74590251,21.5
2021-02-25,PARK,334f02470711ad0b,1,146,8,85.3,1377,12.26,122,240,12937,26.26,61.39,49.26,86,PLANNED,8008,69150013,3.8
2025-01-23,SIGNAL,45ac3158986f6a48,4,103,178,87.69,1516,53.77,16,26,16418,17.8,61.55,86.72,363,CANCELLED,3517,66259773,19.9
2019-01-15,BRIDGE,6674845cbdf22e30,3,268,74,32.87,4890,41.26,74,137,6434,53.26,49.62,25.63,137,CANCELLED,9647,50033835,41.7
2026-01-12,SIGNAL,c198fb5b4624f9e6,4,491,171,29.36,2578,9.59,61,194,9516,47.16,46.42,29.27,64,PLANNED,12871,70618591,52.3
2022-07-03,SEWER,9045cf62e7a6635b,4,282,47,20.94,852,20.74,43,131,8833,52.0,48.69,26.46,306,COMPLETED,9090,73756700,63.8
2023-01-20,OTHER,1df76e1dd6a14c3e,5,193,36,16.13,2800,6.29,229,66,686,46.68,42.8,34.94,186,PLANNED,24074,35326036,53.0
2021-10-16,ROAD,e466cb9b769fa2df,4,120,33,42.89,1531,99.06,27,95,250,36.57,13.42,79.11,188,IN_PROGRESS,21673,8506844,99.3
2022-09-11,SIGNAL,7715871dbd1e1c5c,2,428,17,47.76,2529,67.53,315,9,7745,42.2,37.98,31.91,62,IN_PROGRESS,22718,36648728,77.0
2021-12-21,WATER,12eefd9083f2e191,1,156,164,37.64,3944,42.28,44,110,4162,21.86,23.89,84.5,288,ON_HOLD,16749,5484413,16.2
2021-02-11,SIGNAL,d6a506cde97609dd,3,299,62,19.74,5273,53.37,155,27,16948,46.16,7.93,77.87,172,ON_HOLD,2057,32563514,61.3
2021-02-13,DRAIN,655f979ab77123ef,1,442,65,89.9,726,89.1,235,130,18732,10.49,53.48,67.44,169,PLANNED,6067,65003457,48.3
2021-02-16,BRIDGE,6175ec5ab0ede21b,3,241,22,9.59,5904,49.74,351,25,18652,17.09,13.76,55.8,232,COMPLETED,11005,44596307,27.6
2021-10-05,WATER,56afb96fc9e78478,5,57,11,35.64,5602,6.69,264,2,16317,12.16,7.85,40.66,137,IN_PROGRESS,3365,43283404,0.9
2019-06-14,PARK,235a677a69a08e86,1,290,145,31.01,3597,38.14,121,212,11709,18.22,53.95,98.27,161,CANCELLED,7993,70862224,7.9
2025-02-25,SEWER,8ec77c4c32a561b0,1,27,101,39.52,172,22.03,186,189,13216,53.7,35.36,54.74,204,CANCELLED,491,53303967,78.6
2025-06-29,BUILD,a860c8aaa02f1ec5,4,78,94,74.94,4085,52.09,97,194,17951,42.42,0.69,32.49,115,ON_HOLD,17894,23196559,1.3
2020-07-26,DRAIN,0223bd4d5b5c2dd9,4,72,161,89.24,3204,35.86,220,223,2109,9.07,51.68,33.15,93,COMPLETED,19247,74751111,91.9
2022-07-31,ROAD,76f4525bd94582cb,1,301,173,94.55,1375,57.51,303,31,12816,58.58,25.26,59.51,136,COMPLETED,22593,61803319,23.9
2024-07-10,ROAD,43df5cb153820995,4,444,0,84.85,5266,53.77,313,187,2905,27.27,50.28,40.61,274,COMPLETED,10007,49358343,76.2
2022-11-16,DRAIN,41bf8f9aa5e4862e,4,209,60,76.61,3738,34.94,208,240,19746,19.83,16.18,76.49,36,ON_HOLD,266,110155,84.6
2021-12-11,OTHER,c5725d83c358f82d,5,146,77,59.92,1626,70.24,298,182,8676,51.91,12.01,67.02,29,COMPLETED,347,63096151,40.7
2021-04-20,OTHER,743ea22f6c5a3c40,4,259,56,98.17,5981,39.61,304,230,19159,0.66,25.37,82.4,172,COMPLETED,21287,55610875,61.7
2023-01-29,PARK,e38a390b08bb6006,3,320,117,85.35,5970,97.94,329,8,18587,1.57,30.3,81.96,23,ON_HOLD,9890,1785700,44.1
2024-05-18,DRAIN,5696f999ac44f178,2,177,120,8.79,2033,20.53,373,238,12228,4.89,0.8,23.6,260,COMPLETED,20009,1626862,1.4
2023-08-08,ROAD,03fff213b03caa5d,4,13,55,87.98,1774,3.69,50,62,18389,36.51,69.98,18.6,203,ON_HOLD,16740,2374563,78.7
2021-02-19,WATER,b613642eba317e92,5,90,30,24.21,631,99.16,56,85,16030,8.5,17.14,66.07,209,CANCELLED,17145,38925545,35.5
2019-10-02,BRIDGE,aee70bd25624c973,5,488,97,52.98,1,12.76,141,237,8032,3.97,62.74,68.64,240,ON_HOLD,11446,64856545,60.0
2023-04-14,DRAIN,f7c5567fd2279526,3,149,72,34.28,4828,49.4,323,95,15373,50.94,24.75,49.22,12,COMPLETED,5566,64563261,84.5
2020-10-23,DRAIN,325c966456c04b9a,3,436,85,29.89,1390,99.17,367,250,12237,9.8,18.8,38.33,315,IN_PROGRESS,8771,26888131,51.4
2025-11-18,PARK,bc1a077721311871,1,322,107,28.8,4019,48.14,47,101,11026,41.79,37.44,78.42,296,CANCELLED,22102,14646136,35.3
2019-09-21,PARK,20dd95cc8749352a,4,172,163,32.88,2461,74.41,265,81,12436,4.23,19.39,49.11,96,CANCELLED,8926,20344603,72.0
2023-03-21,DRAIN,5e49d831cb7dba8a,2,276,31,48.91,5551,40.66,151,48,12370,43.47,17.86,83.46,346,COMPLETED,16858,68986240,87.8
2021-06-21,SIGNAL,5d239ee1c62cf8b8,5,138,155,12.7,2385,1.25,334,6,8127,35.33,44.41,21.74,187,ON_HOLD,11690,63817551,55.7
2026-02-14,SEWER,cd6fc1ba1ae4a70d,1,89,32,13.34,4312,82.37,72,58,10840,15.66,44.04,24.78,113,ON_HOLD,6093,59974339,19.3
2024-02-26,WATER,158b8f43934e3087,2,161,17,40.37,2863,5.94,180,221,5222,25.23,31.0,69.48,228,PLANNED,16961,38686038,25.9
2020-07-26,BUILD,721a155329b15612,3,383,101,11.07,5366,76.68,286,210,18671,35.77,60.79,88.09,263,PLANNED,2521,68413551,72.4
2020-06-24,BUILD,6ca474592f9d425b,5,447,103,57.56,3178,40.47,222,64,10320,41.79,57.86,24.27,54,CANCELLED,4529,63689401,27.3
2022-02-08,SEWER,e378a15d3752d1f4,3,321,95,80.3,5756,53.12,21,181,16183,51.52,52.8,74.06,90,ON_HOLD,5412,33694049,63.4
2021-07-03,LIGHT,06d43d5da39fc45b,3,6,92,79.43,2762,20.05,259,126,6205,53.06,70.37,16.56,20,IN_PROGRESS,14,47721296,57.5
2022-07-04,SEWER,f2b2516404c55bbf,3,99,121,73.48,1156,51.45,198,205,8159,54.34,10.9,24.52,195,PLANNED,7623,71212462,58.4
2022-04-01,WATER,c505ddb0450fd210,4,119,41,12.76,5109,58.38,255,134,11398,16.46,69.05,16.11,212,ON_HOLD,14124,23291811,34.4
2025-04-16,SEWER,8b466750be793f78,2,482,28,15.28,365,86.51,17,155,16669,10.39,53.27,76.2,280,IN_PROGRESS,20288,22032372,0.8
2024-05-20,OTHER,a1e6b1cba5d6459d,3,15,67,66.16,133,9.6,398,6,8038,13.6,4.67,54.16,49,IN_PROGRESS,21110,3627373,24.0
2023-11-11,DRAIN,316c6cd2d736c2be,2,286,108,58.86,457,19.77,179,168,10040,53.83,66.58,89.24,204,IN_PROGRESS,16311,642666,89.9
2020-07-20,BRIDGE,4b0785866fbb24c8,2,92,25,5.8,5605,40.2,79,186,13225,56.03,63.64,28.18,219,COMPLETED,20611,17987050,29.5
2021-09-29,OTHER,6334fd8389f247be,5,411,8,13.4,2295,76.41,308,50,2990,34.15,24.98,53.41,154,CANCELLED,3128,30683080,69.3
2020-12-08,BRIDGE,2a0a704059ef3460,3,221,169,47.79,1432,96.43,226,176,9378,20.74,31.16,13.53,187,CANCELLED,9350,21240351,37.2
2020-04-15,OTHER,eedf26d36f33cdb2,3,298,44,18.11,5297,99.28,158,31,8228,21.61,45.67,62.91,97,ON_HOLD,18909,20185935,47.2
2019-07-10,LIGHT,6d9876b1b42ac8ed,5,6,174,4.67,5127,50.52,303,153,3370,15.66,33.34,55.04,260,IN_PROGRESS,5578,12792912,59.8
2019-07-25,BRIDGE,4343031f9c592682,1,105,150,95.75,2904,71.61,330,76,11064,2.46,20.03,78.14,232,PLANNED,22176,42426865,3.0
2023-05-09,BRIDGE,65c96fdd86705e69,2,461,56,38.15,1797,92.01,195,44,19974,49.93,36.48,15.79,128,COMPLETED,10250,45632088,37.7
2024-01-23,SIGNAL,347c8afc70701173,3,247,29,30.21,2533,82.92,278,228,17864,31.46,69.9,69.49,331,ON_HOLD,5442,49459944,24.1
2019-12-03,OTHER,69b0fd0fa3e361c6,3,231,148,77.03,5741,83.96,12,227,9613,2.49,11.12,65.34,300,PLANNED,18008,74199219,60.9
2023-02-07,LIGHT,a774b6bf2d4cae45,1,473,171,33.57,1238,42.96,92,43,339,8.66,52.48,54.71,257,CANCELLED,6407,17403211,99.6
2025-05-01,DRAIN,c21d93d8dab4ae67,2,182,1,55.13,3411,21.1,340,113,3070,44.41,64.79,4.83,77,ON_HOLD,7844,44718914,34.5
2021-03-09,BRIDGE,cae1704887d7a5db,4,497,54,46.57,3200,55.94,91,221,4120,42.59,45.89,76.18,113,COMPLETED,6595,2345746,64.4
2022-06-15,ROAD,a7c9737a3ba6ea7f,2,258,41,45.01,4908,73.71,354,209,12545,53.65,11.17,38.39,47,PLANNED,19440,53050138,85.0
2019-02-19,LIGHT,c38c1e3522b1c1ce,1,160,45,77.62,2961,90.73,254,127,16831,58.11,1.15,60.62,232,ON_HOLD,24895,43858591,42.1
2024-07-13,DRAIN,722bce77bf5d41b8,5,230,130,34.91,3917,98.88,278,51,9107,33.74,23.88,84.57,161,PLANNED,23925,51596015,85.5
2023-09-02,OTHER,f987d0c62e6d8bf9,4,225,70,93.06,3229,97.93,398,197,7855,45.13,3.45,69.32,127,CANCELLED,15469,51136880,48.8
2023-11-20,BUILD,15bdca655d13ea0a,2,24,86,41.69,715,94.35,249,159,18710,9.91,17.75,37.79,31,COMPLETED,7370,60752191,9.1
2022-08-04,BRIDGE,f803c0e03623ca82,1,208,42,95.02,5119,61.01,122,52,18766,22.49,17.02,71.92,109,CANCELLED,20255,30909123,20.1
2023-01-20,BUILD,27a73189afa1a777,2,417,56,23.17,1273,12.05,394,132,279,16.92,43.47,90.14,116,PLANNED,11466,36477545,19.3
2023-11-13,BRIDGE,6f12a7d34ff2caa9,2,314,73,68.65,2371,40.21,33,77,13400,35.88,0.94,29.38,340,CANCELLED,4733,2776172,67.7
2023-02-12,SEWER,e7281fee1fcde8f8,5,386,48,9.66,3941,26.84,300,113,3533,53.46,17.18,59.89,51,ON_HOLD,3670,16639337,97.3
2021-10-26,OTHER,1b3edb187812237b,5,182,42,79.98,3815,3.74,238,166,11494,12.79,4.5,86.29,219,COMPLETED,9891,42659216,8.8
2019-08-02,BUILD,77f3c6f14bc51a07,3,28,149,35.38,3835,28.28,377,207,16350,34.94,52.79,47.52,267,IN_PROGRESS,20185,47542587,51.2
2021-04-13,ROAD,5b28253108a70cff,2,275,156,61.73,1304,3.69,11,7,17342,40.98,5.75,36.73,221,COMPLETED,1179,46703070,47.6
2020-10-06,DRAIN,0dfe82d666b5ca4e,1,397,0,39.51,2955,36.03,150,192,12736,6.2,50.24,6.6,228,ON_HOLD,747,68965419,76.1
2023-08-27,DRAIN,f35469f5bec6b59b,4,447,98,74.71,4109,84.68,383,168,13172,43.56,12.26,16.65,70,CANCELLED,24390,29264625,7.4
2021-01-03,WATER,7e18364af032cc53,3,290,133,23.8,5105,52.84,188,146,11298,28.82,49.35,94.41,322,PLANNED,644,29541144,20.0
2021-10-09,SEWER,3aa333d6f0fbba3a,4,419,85,41.15,4184,63.65,340,154,284,58.96,21.35,82.51,268,COMPLETED,19501,3251668,55.4
2022-09-15,BRIDGE,267ff41701fbcc56,2,335,152,22.9,1177,89.26,60,115,19859,30.0,42.47,37.41,94,CANCELLED,10640,4929294,92.9
2020-10-17,BUILD,30a1d2b869f2eaca,2,436,59,85.0,5730,56.33,387,174,6390,22.47,42.44,66.95,10,CANCELLED,16320,33091151,89.9
2023-01-13,WATER,1452272e9274daaa,2,329,112,52.46,1353,68.64,368,157,14872,29.9,33.73,12.23,150,ON_HOLD,8329,40040845,64.3
2024-02-07,LIGHT,9efe256f9e4b5edb,5,426,125,80.14,4641,24.37,385,142,9608,23.18,25.6,79.79,345,ON_HOLD,499,72037762,29.8
2024-04-11,PARK,5169b773b2c3f2b3,2,402,151,88.5,3837,51.42,70,227,12079,24.07,58.21,22.08,57,COMPLETED,8734,68938912,64.9
2019-07-05,LIGHT,061f8f22c32899cd,1,105,72,28.48,3879,69.46,19,72,3667,6.95,26.88,73.96,168,CANCELLED,16714,12263115,31.7
2021-08-23,ROAD,7c63e7af6d996658,3,473,60,62.39,1346,26.66,171,192,5832,26.74,50.44,24.49,23,ON_HOLD,421,1678058,58.4
2022-10-10,DRAIN,7899c936f4a7532f,3,474,8,13.8,901,52.55,48,235,15306,34.12,9.34,70.13,18,ON_HOLD,13898,71592874,56.2
2022-01-12,DRAIN,8bc7d00d3650d443,3,383,160,85.16,4328,4.67,96,113,11586,22.48,43.2,45.83,306,CANCELLED,17625,19767355,36.5
2025-09-25,PARK,286a4ed70c758f67,1,31,64,18.39,1047,46.43,240,93,3576,12.61,32.04,54.76,116,ON_HOLD,18241,41968090,92.4
2022-09-24,SIGNAL,75f3d396bc278979,5,208,50,17.54,2061,74.44,349,89,10143,7.2,67.59,11.73,157,CANCELLED,1272,53196538,82.6
2024-05-30,WATER,ee9deff0140bc113,4,458,49,74.65,285,54.49,165,236,10306,6.71,49.27,98.58,62,ON_HOLD,23580,18838790,52.1
2020-09-07,DRAIN,9975785d3e81bfa6,4,374,34,0.46,5108,87.64,226,181,12866,13.17,48.13,87.13,237,CANCELLED,18661,39301761,80.3
2023-03-30,WATER,93a14faad4c1c822,2,463,104,46.76,3275,31.48,191,187,5972,49.81,53.53,55.99,148,ON_HOLD,259,67785542,1.0
2022-07-10,SIGNAL,28439966fb99d614,1,141,163,93.52,746,92.91,324,203,7550,26.27,35.36,7.23,153,COMPLETED,21312,40621488,14.8
2022-12-04,WATER,9cd1fa04a79d21d0,2,49,173,59.66,1806,48.58,199,1,12381,15.64,49.7,55.57,72,CANCELLED,1141,12426284,91.5
2021-02-06,DRAIN,6731ec69e7adced7,1,185,124,70.71,5507,25.16,164,178,8638,10.21,58.78,52.65,231,ON_HOLD,11455,14031730,92.1
2019-03-26,BUILD,f9f42ebe6acbb471,1,225,91,52.53,1154,52.4,228,201,15183,42.0,70.38,88.58,229,COMPLETED,20171,23996523,48.3
2025-02-15,LIGHT,7fac593dd70f26a8,1,61,65,85.38,923,69.76,265,128,12847,8.47,22.69,4.7,29,IN_PROGRESS,2476,13532053,18.0
2020-07-28,BUILD,2d7c92043aa0570d,1,164,48,89.36,324,9.32,312,222,3521,31.61,43.97,93.56,275,PLANNED,1264,47053457,67.7
2023-12-10,PARK,f96e880d057bc0f6,5,458,143,70.72,5268,36.11,43,59,8778,43.95,13.94,51.69,91,CANCELLED,9766,54628758,45.1
2021-02-03,LIGHT,323c293681246a55,4,449,77,72.3,4081,32.96,129,171,11184,31.15,36.22,35.82,108,PLANNED,814,24619174,22.3
2022-02-28,LIGHT,f0a05817870890e0,5,331,104,8.96,5517,57.3,182,181,2823,50.07,58.77,48.64,220,ON_HOLD,6493,11911757,51.0
2024-06-25,WATER,e305da6859719c68,2,363,168,61.23,3857,90.59,315,197,1577,26.24,69.62,96.07,39,IN_PROGRESS,10249,37875918,23.7
2019-05-20,LIGHT,beb21463c1c9d508,2,497,37,7.61,4250,52.06,263,214,14695,15.34,41.52,57.09,88,COMPLETED,21110,51772923,83.7
2024-08-21,SEWER,e3d4d02a807168a7,2,293,16,79.63,1764,97.03,193,38,6226,16.77,43.17,71.05,341,IN_PROGRESS,17960,53419159,67.8
2020-05-10,WATER,5079bc3adaee402f,4,318,156,60.01,5777,15.85,300,101,13492,6.4,20.76,6.76,221,IN_PROGRESS,16053,33530154,13.4
2025-08-20,DRAIN,89e94cc078a5d2e5,4,320,18,91.94,1831,4.9,243,160,2808,22.29,63.35,71.37,158,ON_HOLD,11431,33031592,0.0
2020-10-26,DRAIN,8fab43cd390238e1,4,498,104,98.86,5581,23.62,121,6,2562,42.05,48.67,22.08,321,CANCELLED,9546,14771912,26.6
2023-06-11,BUILD,af8452826331ae44,3,247,88,60.21,3926,14.07,51,202,16627,20.88,66.69,58.75,80,CANCELLED,1076,68914826,41.5
2023-03-16,ROAD,bec6b8bcb06bbef1,2,427,149,23.91,4827,58.75,50,101,11403,50.81,46.2,85.1,96,ON_HOLD,20826,39587767,66.9
2024-09-16,OTHER,6eca8516b449f2f3,4,200,60,43.97,125,79.02,291,227,19850,42.52,1.94,29.26,15,IN_PROGRESS,2853,55158170,95.3
2019-04-09,OTHER,ecc5f4d7cc96de0f,2,162,20,73.24,5776,4.26,282,93,7500,15.62,47.48,83.44,33,COMPLETED,21129,57241353,91.2
2020-06-08,WATER,a83926d9aac18149,2,59,1,2.83,4888,18.47,126,83,1232,45.0,2.14,31.52,361,IN_PROGRESS,21773,71557959,40.8
2020-02-27,WATER,90283b4b4fa77c57,5,162,155,69.46,4744,33.12,89,84,19395,11.48,38.66,15.78,200,CANCELLED,14783,30977626,87.1
2021-05-09,WATER,b6ebc0c324b9c30e,3,338,125,56.01,189,97.27,163,188,10319,9.08,0.71,14.46,364,COMPLETED,24175,54869799,15.5
2020-01-02,ROAD,1d6cd7823d8c73ee,3,417,24,92.2,5751,36.95,389,104,2094,13.15,12.61,41.6,326,COMPLETED,19072,30189816,40.3
2025-03-02,LIGHT,de1f87f51b830ad4,1,83,144,98.21,1323,92.21,128,10,8583,55.97,31.84,22.0,51,IN_PROGRESS,6951,35002955,98.9
2025-09-28,BRIDGE,262144c73dfa4c8b,4,327,163,58.78,1454,80.77,186,9,3055,20.55,54.78,10.57,58,CANCELLED,11610,54319320,10.1
2022-10-07,SIGNAL,fcbb20f9fbc7a4cd,4,401,151,18.34,3005,89.43,239,5,16134,30.69,24.59,22.3,306,COMPLETED,16915,44952076,30.7
2022-08-15,SEWER,062806aaeb56d379,4,412,18,1.51,4602,12.4,145,3,13166,42.86,10.19,4.38,117,CANCELLED,4759,34004686,17.6
2020-02-04,SEWER,cfb5802788375a7d,1,169,81,79.75,2741,51.84,248,127,6340,25.37,5.6,68.03,134,ON_HOLD,20469,2675507,53.7
2024-08-05,BRIDGE,e1ccc9cd5f4c70f5,3,316,146,21.21,3134,67.68,5,233,5813,56.82,69.1,87.65,120,IN_PROGRESS,15931,41820396,26.6
2023-11-03,LIGHT,16767c29fbd193fc,2,182,17,5.06,4172,1.01,9,100,638,19.81,9.65,57.73,363,CANCELLED,13735,28800055,40.5
2023-06-15,BRIDGE,172eeb12e78ec405,2,336,64,58.14,2940,10.46,314,47,921,58.66,62.16,41.06,284,COMPLETED,17164,35423289,56.7
2020-01-10,SIGNAL,a617e86e72e78a0e,1,361,68,51.98,637,60.26,353,10,1013,47.42,35.02,0.82,123,COMPLETED,9152,24033665,12.7
2021-12-28,BUILD,9cf8eb17302dc875,5,120,20,91.93,170,65.38,189,210,16058,39.27,61.56,82.95,229,CANCELLED,5487,32856256,53.9
2023-12-07,PARK,5f11e8918496f7be,1,305,125,51.78,4468,40.57,121,14,6815,21.14,60.4,4.7,122,IN_PROGRESS,18600,35787713,2.6
2020-06-18,SEWER,c3b072eb74ed5856,2,91,167,67.85,5053,41.07,194,167,1714,29.23,63.75,38.09,88,CANCELLED,14711,30820547,65.0
2019-09-23,WATER,4938589ea8fcd774,5,100,156,50.01,1837,55.54,375,90,7172,34.7,56.67,32.71,189,ON_HOLD,17835,68228116,34.7
2022-09-05,ROAD,f93e29c876a49fd4,1,41,6,38.32,4238,31.16,247,139,19681,42.56,13.16,69.69,165,COMPLETED,15802,3980090,89.9
2023-07-22,LIGHT,dfee9a8e45d04e75,3,371,69,71.29,3242,93.58,291,151,4408,44.12,25.14,9.77,297,CANCELLED,13696,74294179,57.7
2025-12-02,DRAIN,dbf85f18c572d005,1,249,174,80.48,2985,11.09,2,120,1731,22.5,22.88,1.52,33,CANCELLED,24568,53572377,0.8
2022-05-25,DRAIN,0d3fd8d630a40f4b,1,478,28,53.65,767,29.47,42,36,7706,49.19,50.73,96.95,183,ON_HOLD,15247,74052633,52.5
2024-06-21,DRAIN,39b8c94272288ebe,3,120,82,74.35,2515,77.04,262,241,19257,18.88,15.94,41.44,89,IN_PROGRESS,17599,43881463,17.7
2020-08-28,SIGNAL,ee15e4a4e294ed43,1,434,107,97.06,2154,6.41,223,34,10552,26.57,20.91,13.82,80,COMPLETED,21806,4332737,41.0
2024-10-31,BUILD,2aa1aaa2f2053a8f,3,413,54,21.35,1095,68.83,97,193,19071,42.25,42.97,50.62,312,IN_PROGRESS,3443,33891626,46.2
2022-04-19,PARK,066e7d55406ccce1,3,480,88,3.07,5837,69.1,11,188,9198,5.59,36.41,93.51,94,PLANNED,21893,6005843,66.5
2022-08-04,SEWER,29c3fdbdce8d83f5,3,241,66,96.04,1842,99.96,236,12,18860,4.0,13.19,65.88,156,COMPLETED,14729,22826822,83.8
2023-10-02,LIGHT,49762ec18739ae0d,3,138,113,2.5,820,80.08,23,77,5200,43.77,56.48,73.0,235,PLANNED,3619,5901138,28.6
2021-03-10,PARK,2ad83932034a9098,3,438,55,25.79,527,47.19,106,153,19274,14.6,67.8,66.34,240,PLANNED,2754,37686579,52.3
2024-07-26,PARK,2c7e014d44702621,3,2,30,28.96,3741,62.64,310,79,16060,29.83,69.69,55.55,231,CANCELLED,12223,24252532,48.5
2025-11-17,LIGHT,51d7986883d2a7f7,1,45,153,17.22,9,54.56,83,97,10918,17.8,48.92,21.07,105,IN_PROGRESS,13014,36963667,98.7
2022-11-04,PARK,8540c2d8108bc7b0,2,413,17,34.58,5697,96.55,251,122,3856,49.17,46.63,71.78,164,PLANNED,13907,8085600,34.5
2021-06-04,LIGHT,462a378d5baee9f4,1,315,72,96.45,1770,11.34,221,111,1136,20.91,10.23,84.16,312,IN_PROGRESS,20717,14990739,64.7
2021-07-24,ROAD,19f29d539e991ca2,2,467,121,28.27,3978,60.77,397,174,11563,4.58,8.7,61.23,118,ON_HOLD,843,38872065,30.2
2022-09-20,DRAIN,dd630fd923414f20,4,203,139,65.81,5779,38.51,212,41,8260,16.22,20.66,22.92,100,ON_HOLD,2273,19776485,56.5
2025-12-03,WATER,7312aeabad6b72db,2,364,170,61.61,4284,97.07,98,175,15830,42.26,57.58,68.44,205,IN_PROGRESS,22302,7470335,20.8
2023-03-30,ROAD,d8184c8822e1c81b,1,299,176,71.93,4995,69.42,361,248,3511,29.78,6.45,57.51,91,ON_HOLD,82,52556733,44.0
2022-08-13,BRIDGE,11ecd384de6d97e2,1,219,164,43.01,1047,35.9,111,92,14299,10.83,5.35,0.41,221,IN_PROGRESS,7125,60499922,96.2
2020-08-28,BRIDGE,85b7e329175437cb,1,150,175,94.66,1716,11.27,161,87,8344,39.6,5.82,61.17,95,COMPLETED,204,30316115,97.6
2019-08-17,OTHER,6dce42df50e9f973,2,164,96,30.99,383,94.69,134,178,14416,23.87,31.92,59.89,309,PLANNED,3549,42254966,54.8
2020-12-02,DRAIN,b49feff6dfb53196,3,498,134,16.48,1874,55.93,127,106,14493,21.09,12.57,21.94,26,PLANNED,6060,22587484,33.3
2020-07-28,SIGNAL,784f89faf663471a,3,126,111,89.17,3298,25.87,82,188,10176,59.38,25.71,69.49,44,IN_PROGRESS,10352,48182832,9.5
2019-12-22,WATER,2e6fef1adc4fc467,1,284,127,91.31,1986,97.47,310,224,7651,38.06,71.25,58.76,92,CANCELLED,22567,22860220,79.1
2022-11-06,OTHER,192ec8fb17fb1a08,2,3,100,50.43,1736,79.53,381,54,13210,3.38,24.35,56.69,144,CANCELLED,681,12264698,29.8
2026-01-27,PARK,061cefd724933ee8,2,132,4,96.72,4179,45.7,130,182,6688,30.12,28.03,71.36,336,PLANNED,19062,19188328,6.2
2019-11-11,SIGNAL,7afe73b7e5431112,1,37,100,97.85,2748,24.79,53,230,3200,59.57,60.22,56.63,193,IN_PROGRESS,19519,56076690,35.7
2023-08-13,SIGNAL,95e2b1b51fc9153e,3,106,20,26.39,2766,88.48,57,169,18756,48.59,19.93,5.39,66,PLANNED,19451,38871558,62.9
2026-01-11,ROAD,af0ec028886913b8,5,115,25,19.59,4247,61.9,46,23,19502,42.28,68.33,59.02,14,IN_PROGRESS,4937,41436188,68.2
2022-04-07,PARK,bf2497f40a31fd14,5,359,7,47.73,14,63.21,305,241,10062,31.95,41.03,68.79,272,CANCELLED,2044,27794694,9.7
2024-03-19,BRIDGE,9400ba16ab57ce24,3,154,146,5.97,2042,72.5,144,139,10692,11.94,33.49,7.95,321,PLANNED,198,61007579,40.0
2021-11-13,DRAIN,509c480e8ec20855,5,155,36,77.55,5503,13.41,103,57,2877,20.43,50.12,80.25,124,COMPLETED,11734,68879178,5.0
2025-06-01,OTHER,847a05c0fffb9faa,2,462,94,34.82,1917,75.76,7,131,11968,59.34,46.36,23.9,28,CANCELLED,9259,63879285,3.4
2025-11-12,ROAD,cb380f6c534fbc82,3,436,36,52.4,1954,89.75,200,144,12091,14.72,0.09,72.87,332,CANCELLED,18386,13931894,74.7
2022-07-15,OTHER,f5981c367d4a7e3e,1,421,90,11.1,411,94.89,61,45,6963,16.61,36.8,75.74,291,IN_PROGRESS,20429,5860326,75.4
2024-07-16,WATER,8471a00af27879b4,1,415,118,26.5,1198,99.21,45,116,19706,5.83,17.96,85.88,161,ON_HOLD,11440,13205739,61.0
2020-12-13,PARK,691b7b7e93994575,2,354,132,65.24,5784,89.29,23,246,7410,44.4,9.87,85.66,94,PLANNED,3906,25502696,90.9
2019-09-03,OTHER,1446d974ce80fa3e,2,141,108,79.3,4318,6.34,53,31,3364,24.87,58.39,70.55,151,ON_HOLD,23456,22765673,22.4
2019-12-22,SEWER,b014b188a93432bb,1,343,15,21.62,1476,45.55,343,245,15707,54.01,28.46,86.57,183,CANCELLED,217,64533071,1.9
2024-10-09,PARK,013c015ea550b3a0,5,312,92,11.25,1335,74.9,316,46,11215,8.43,35.69,23.05,32,IN_PROGRESS,10167,4013366,74.3
2022-07-26,DRAIN,55967a63bec7acac,4,43,168,67.05,3466,85.51,337,250,8572,54.79,63.57,32.88,207,CANCELLED,22312,63012735,76.7
2023-12-16,LIGHT,8fb7b33d26e1790f,1,99,166,63.71,2819,29.91,333,127,13435,8.04,31.97,72.72,337,PLANNED,14705,73257990,24.9
2022-09-25,BUILD,8fff3c127fe93a76,3,399,64,54.04,4341,12.89,349,179,14948,39.13,44.35,58.47,59,CANCELLED,23353,55093781,35.9
2020-02-28,BUILD,ead55024cde29b22,5,293,9,58.92,1729,32.33,192,205,10836,59.68,54.29,74.3,303,CANCELLED,3776,24512942,48.9
2022-07-22,BUILD,4bf1f722ad5b72c4,1,335,9,93.08,145,8.66,100,131,11719,9.62,8.24,90.24,121,PLANNED,23337,58236936,66.0
2019-07-28,PARK,d6a37e4af8994da0,3,98,176,69.9,5557,18.71,109,128,483,10.8,15.1,54.45,286,COMPLETED,11174,5248441,70.4
2019-04-09,ROAD,7ed05c89d2ee129b,2,400,118,4.38,3204,0.04,215,187,18049,41.58,25.07,98.5,278,COMPLETED,9762,34481434,61.5
2022-02-27,LIGHT,499e9e595ebb568e,2,27,135,30.94,3597,90.2,136,101,12552,44.31,49.35,85.7,300,ON_HOLD,6906,39613741,99.5
2021-02-03,ROAD,054cc19c70dacbc8,5,320,14,73.98,3281,76.93,271,90,5723,15.41,31.28,11.64,348,ON_HOLD,24128,25991456,76.4
2025-01-01,DRAIN,97d473c320abbf62,3,155,65,11.06,1662,36.4,80,52,11218,13.86,60.71,61.4,259,ON_HOLD,7049,22632194,75.0
2019-09-10,SEWER,7b2adb969c4b6ff6,5,207,147,35.28,5434,89.34,27,230,2481,16.65,50.02,91.83,21,PLANNED,1658,54383334,44.8
2022-10-01,OTHER,58374c314f958eeb,2,179,16,49.58,1661,89.48,71,122,3667,53.85,65.4,97.64,161,ON_HOLD,23593,20249703,86.0
2024-09-24,WATER,347b548d7bcbbd76,1,237,157,60.12,4203,85.84,164,132,1298,12.18,39.24,14.11,160,PLANNED,194,3408611,93.2
2021-05-03,LIGHT,43082b51eb18b126,1,69,113,14.57,5710,46.04,193,115,1014,57.68,47.16,92.97,343,CANCELLED,13300,21141662,71.3
2024-04-16,LIGHT,0dbc041027caa7a9,5,138,33,39.35,2230,35.69,26,233,10525,43.56,41.73,81.65,284,IN_PROGRESS,15179,4711267,16.4
2026-01-30,BRIDGE,37ea18e75f287403,4,267,1,60.59,460,86.61,170,153,12513,39.27,27.52,34.75,165,COMPLETED,24174,60807675,90.0
2020-05-11,WATER,48ae35da89b673a0,4,391,155,52.58,5978,26.32,107,97,19039,31.82,30.23,57.09,128,IN_PROGRESS,19340,13239945,87.6
2022-02-09,DRAIN,28661f08dd864f84,1,319,92,52.47,5251,83.33,333,108,655,45.86,34.67,57.48,193,COMPLETED,2776,49918656,18.6
2021-03-05,ROAD,f4c8242cc2a73f48,4,121,73,49.39,2566,84.6,78,0,7365,25.68,29.68,28.21,96,ON_HOLD,2448,62018934,17.4
2024-03-14,SEWER,e1270d75a1ccbf49,1,451,43,32.31,2920,74.19,265,236,13038,32.16,47.66,24.58,112,PLANNED,8339,61873989,36.5
2024-01-12,SEWER,91ec91e82b4d1e5d,4,133,50,18.53,5156,40.36,6,211,6468,32.29,60.52,45.77,91,PLANNED,17636,34401471,78.4
2023-02-07,LIGHT,b21a016f1761d571,5,488,153,70.48,3731,11.98,247,196,10916,28.37,25.53,43.52,138,ON_HOLD,1412,6155424,51.5
2021-05-25,BUILD,6e7296b9c4c12641,3,298,35,41.62,4790,49.01,211,100,7565,4.73,27.31,58.49,100,COMPLETED,3979,32186788,31.5
2025-05-14,BUILD,12ee5d300cf60ae7,5,495,131,0.54,5789,46.4,31,85,18679,34.86,29.79,79.53,164,COMPLETED,1947,25752146,55.2
2021-07-19,SIGNAL,8cad0dddf441f751,4,41,159,91.03,3748,92.05,10,109,2944,56.31,67.41,25.51,144,PLANNED,78,41829725,33.4
2021-11-27,SEWER,8a61eaf506ab717c,4,202,112,57.46,3346,10.21,329,9,5513,44.34,23.85,71.56,198,ON_HOLD,18383,9333045,70.3
2019-11-17,LIGHT,6ce3574ec25a482e,3,155,86,7.0,2968,29.13,21,152,9,18.39,28.04,44.07,274,PLANNED,23105,33499428,58.3
2019-11-15,LIGHT,2c4f381da8ebc00b,1,290,37,16.18,1079,4.45,245,26,14673,36.84,11.93,36.21,181,ON_HOLD,7856,48595446,44.5
2022-10-23,DRAIN,8b6278ab8e7ff83f,4,177,159,2.79,2378,91.89,280,123,16436,23.48,55.63,9.74,285,ON_HOLD,18819,60960275,18.1
2024-04-17,PARK,174b2ccfd3d81604,4,488,114,17.26,761,74.96,368,93,13181,30.1,55.83,93.01,284,COMPLETED,9644,41934978,49.8
2025-10-13,BRIDGE,9d4f94215386c56e,4,216,150,64.07,2647,81.28,103,118,9765,33.47,26.15,96.01,91,COMPLETED,14076,43792431,16.4
2019-09-22,LIGHT,d6907337eb965586,3,404,24,62.61,4739,86.79,309,123,2332,7.53,19.71,14.35,70,IN_PROGRESS,4031,59694267,61.6
2021-06-03,BRIDGE,338987f52c997940,5,115,117,12.41,5386,52.22,350,98,14243,34.45,11.62,17.37,293,COMPLETED,6972,31943526,75.3
2019-02-28,LIGHT,78a8e125f31015d5,4,351,21,72.64,5790,78.07,157,245,593,30.2,44.95,51.55,193,CANCELLED,11702,46830804,9.2
2025-07-17,SIGNAL,b5e1640fcaff111f,5,333,152,38.96,5919,77.04,50,7,2093,12.31,70.64,46.51,224,PLANNED,16956,71735852,33.6
2025-08-06,PARK,18388c82d907d756,1,226,132,95.27,5155,12.34,110,205,9798,41.08,71.44,82.54,136,PLANNED,22421,31688781,75.8
2023-11-24,PARK,239127afce389e8f,1,206,96,61.87,899,4.86,148,132,11722,4.95,54.54,30.54,93,CANCELLED,18885,21401111,13.8
2019-04-05,WATER,eff06fda9a3d037f,3,175,72,86.83,4152,47.14,42,226,9897,34.13,40.6,72.26,158,CANCELLED,13857,30575039,53.3
2019-10-28,SIGNAL,0d3721ae33b7d4ed,4,131,130,35.17,3898,4.3,205,99,10917,13.33,50.81,63.51,256,ON_HOLD,14511,17460974,8.6
2021-08-31,DRAIN,f6bdf2f54aad5fc2,2,16,76,8.53,677,91.76,312,155,12619,29.24,54.66,24.36,261,PLANNED,15057,31046607,81.9
2019-03-17,LIGHT,366165bb9037824d,3,262,85,26.27,1,39.72,26,119,1432,31.49,57.36,33.35,176,ON_HOLD,6896,4340359,25.6
2023-01-09,SIGNAL,12b30f7d9e3c3846,2,280,112,31.93,4341,78.38,85,58,4875,5.21,39.01,69.94,205,COMPLETED,19541,67048015,81.9
2023-06-26,OTHER,ca509d9fe04430c8,5,153,45,50.67,2654,89.61,149,155,14902,14.67,19.7,40.4,316,COMPLETED,18532,73581208,71.9
2022-10-19,WATER,1ee8e71094d67aa7,5,142,11,70.84,4832,26.99,35,94,83,26.26,60.68,70.38,84,COMPLETED,2357,32052724,67.3
2025-01-27,LIGHT,cbf087424a3d31ea,2,402,160,50.53,4228,84.16,385,197,8446,45.73,51.62,71.59,33,COMPLETED,4454,72530428,37.0
2025-06-13,ROAD,42a2e7b5d4339ec6,4,84,152,93.94,645,68.31,319,215,4464,1.0,24.44,91.06,147,ON_HOLD,16052,10831215,42.5
2022-08-14,OTHER,b81bb010a33f8b8d,1,79,141,25.52,4699,47.4,331,209,17141,49.33,23.43,60.05,16,COMPLETED,24498,32783116,40.8
2020-10-17,SIGNAL,55995c308cd09787,4,81,6,60.0,839,12.15,140,197,15373,22.8,70.78,36.82,86,PLANNED,7280,12708470,1.0
2024-07-28,DRAIN,47d12d5d0b2a0612,3,44,3,89.76,3545,19.28,370,59,19990,38.85,5.19,80.53,325,COMPLETED,3623,26727323,76.0
2023-11-20,LIGHT,56b6d94061640d3a,5,153,58,36.47,4800,47.5,35,133,2425,49.1,7.71,27.95,87,CANCELLED,9064,26818671,56.3
2025-07-27,WATER,867dcc6a9063ac31,5,332,84,0.25,3595,98.16,189,11,18020,30.97,56.39,27.4,303,PLANNED,17148,5388949,33.2
2020-10-04,WATER,4c7fcd1df8da2df3,4,150,67,20.39,912,66.72,103,148,4574,2.37,17.51,75.58,97,CANCELLED,8697,54400538,43.2
2020-03-18,BRIDGE,ac6be60f65ccca79,3,38,70,25.47,3118,58.65,70,157,15834,36.05,4.92,44.04,137,PLANNED,4839,65516665,2.2
2022-06-22,WATER,82083677cfb541d6,4,17,75,44.57,3429,91.4,272,144,7758,24.88,29.23,46.8,78,PLANNED,16057,10014716,43.2
2024-11-16,SEWER,2bcf0f282c560c70,1,260,159,74.43,1289,60.48,346,76,11962,12.6,43.28,21.97,333,ON_HOLD,15057,10988802,53.0
2023-10-23,LIGHT,2bd0c54845ac98aa,1,270,40,28.01,1826,26.49,35,165,6931,38.27,37.48,22.89,258,COMPLETED,5601,7377247,33.5
2025-02-18,OTHER,8cf661ae4fbd62f6,2,62,57,99.91,4324,69.79,250,171,3505,44.79,51.76,4.23,20,PLANNED,18583,34378111,34.1
2021-11-08,OTHER,add71c0fd3a1bf0f,4,202,88,42.33,1614,64.66,237,234,5760,3.26,25.4,82.39,222,IN_PROGRESS,18231,53619865,44.5
2020-11-25,BRIDGE,f4c6a203564975c7,5,345,63,5.01,5103,18.78,392,108,12351,4.05,44.79,72.27,196,ON_HOLD,5477,1495005,22.8
2021-07-02,LIGHT,de7049bb91426ec4,3,151,17,7.0,4833,34.98,245,77,3329,36.99,31.39,79.86,98,COMPLETED,13403,27307752,67.7
2024-07-11,DRAIN,dee2f5e0c5dad865,1,21,60,61.25,1181,4.81,87,59,1799,55.66,54.9,43.31,76,CANCELLED,13879,24972200,18.1
2024-07-01,WATER,689597adc3e2ce4b,4,133,143,57.8,2940,45.91,370,85,4879,23.46,0.64,63.75,146,CANCELLED,20182,731395,78.0
2023-06-02,LIGHT,23462da4d7eafb1f,4,378,170,46.43,3780,50.06,153,201,7465,22.48,69.73,75.11,273,COMPLETED,19345,56120390,96.3
2020-10-15,LIGHT,ffcc2037676b9320,1,387,67,39.18,2444,50.33,383,165,11967,5.16,42.1,55.17,155,ON_HOLD,1359,47153134,90.3
2024-10-04,SEWER,b850c91f52f5fdb8,5,183,68,5.86,212,30.3,332,242,4530,53.4,41.28,73.94,190,PLANNED,18317,1113750,53.9
2022-09-15,ROAD,85c1004f24a436b0,1,441,166,21.38,4652,51.81,380,122,12727,59.78,17.62,85.12,178,IN_PROGRESS,4955,47100861,3.0
2020-06-14,BRIDGE,11da5a54059adbbe,4,10,117,12.45,3376,88.61,145,160,18096,51.79,31.8,95.78,361,CANCELLED,5681,51721566,82.6
2021-07-22,PARK,6335b63970bc9ece,4,382,125,4.42,4315,54.65,133,29,5828,9.95,18.04,42.05,365,CANCELLED,10742,33130682,40.7
2024-12-02,DRAIN,1af848e66d7deb4a,3,314,21,88.79,4111,79.01,245,205,9333,52.9,46.54,25.83,344,ON_HOLD,14732,43549078,44.3
2024-11-13,SIGNAL,2f98a10cf21963ce,5,118,79,55.3,3948,65.64,216,163,5987,39.61,25.51,50.94,249,COMPLETED,7658,53276184,64.1
2020-05-20,SEWER,2cdaeed083e4863f,4,386,15,98.14,98,26.04,187,79,7396,35.52,65.65,56.06,284,CANCELLED,6558,58380301,71.6
2026-01-29,SIGNAL,55204ed1b55c9557,5,254,4,65.26,4104,29.71,220,190,11578,34.33,57.87,26.07,190,COMPLETED,8204,63747170,42.6
2021-07-14,SEWER,3934500203bbdb89,5,159,73,29.14,300,52.83,234,232,14633,4.32,3.27,57.11,52,PLANNED,7279,3784709,83.8
2021-07-07,WATER,8c51ebaeceb6f8af,5,430,137,21.35,2908,56.43,125,34,14991,39.07,34.54,62.44,77,PLANNED,18565,58303076,63.0
2023-07-13,BRIDGE,f918b1f55b69ea27,3,115,94,4.95,3513,45.46,87,223,2303,35.68,41.31,5.14,42,IN_PROGRESS,21928,73777259,70.9
2024-03-17,BRIDGE,0c4080c1c69d928e,4,261,125,85.37,3763,14.65,3,67,4822,24.36,16.97,7.42,163,PLANNED,20866,6957364,42.5
2024-12-07,LIGHT,64f8703cef35883a,2,190,92,53.93,3960,92.72,33,42,13411,54.66,63.83,45.09,315,ON_HOLD,7360,27050932,30.9
2022-06-05,DRAIN,f6693f299988cebd,4,78,134,17.96,4291,55.87,19,8,19781,14.05,34.73,30.52,320,CANCELLED,13995,48442039,20.0
2024-01-10,BUILD,8fc3bc0d0d6db35a,1,374,75,38.61,4439,75.48,76,162,2550,6.33,25.04,74.4,363,ON_HOLD,15668,36632650,31.9
2021-06-06,SIGNAL,d104858254cc2db8,4,179,175,17.86,2452,22.76,134,201,17940,4.01,37.43,88.61,184,IN_PROGRESS,18092,25105004,2.1
2021-06-21,WATER,0a5b8c5158678b90,2,141,35,72.26,5028,56.27,339,5,12767,39.2,16.8,10.62,61,ON_HOLD,1088,289749,72.2
2023-10-28,BUILD,7735ef28c073cdda,4,265,9,79.85,1587,25.07,89,97,16602,40.84,26.79,60.29,150,IN_PROGRESS,20009,38488621,41.5
2023-10-27,DRAIN,ca0fb0b0af62f58d,1,309,70,8.87,119,85.68,104,165,9522,54.43,33.55,77.56,273,IN_PROGRESS,20800,33807836,43.4
2022-05-12,WATER,ae8b7fb844d9572f,4,462,111,39.54,2560,71.17,394,176,18330,46.48,49.16,48.03,238,IN_PROGRESS,2021,48002806,50.0
2023-02-21,BRIDGE,1bed665fa1f28577,2,127,114,42.71,5301,78.83,237,69,4085,41.9,25.09,12.92,213,PLANNED,4090,2638603,3.7
2025-06-03,LIGHT,9ebb74960271e749,3,105,56,4.98,3764,99.27,164,119,3905,41.29,54.25,36.39,178,CANCELLED,9763,66774125,44.5
2024-06-10,OTHER,628f6b37191a809b,5,80,40,61.81,2731,29.87,42,72,6064,18.38,35.91,39.62,191,ON_HOLD,10867,33671219,22.3
2024-09-22,BRIDGE,723ebed0e06c578b,2,349,154,54.71,2789,25.91,188,213,9488,40.03,7.78,6.46,23,CANCELLED,8037,6009814,40.5
2019-03-04,WATER,df7f755f831da82f,1,489,52,64.27,933,86.01,19,216,18489,32.52,9.9,43.72,277,CANCELLED,4426,66614388,17.6
2022-03-11,DRAIN,b44b182fe8057068,5,184,110,44.31,1665,23.66,254,128,18951,59.59,10.21,73.88,27,PLANNED,6022,4341067,4.3
2021-05-27,SIGNAL,eae932e4cad0f59c,1,406,10,95.1,4337,72.11,68,98,14909,22.41,18.15,47.06,204,COMPLETED,10297,63853078,57.8
2020-05-06,BRIDGE,037aa50658589fa5,4,4,43,95.21,332,0.99,257,109,14947,46.5,14.16,32.83,91,CANCELLED,5681,16580123,74.2
2025-04-20,PARK,2ce86c5407a6317a,4,260,9,23.61,4804,78.48,53,45,585,1.32,42.52,54.56,87,COMPLETED,5523,62179348,89.0
2023-07-30,OTHER,4d4e1a69d26e5e6f,1,413,160,20.83,3515,74.25,98,55,6570,55.66,48.74,1.47,32,PLANNED,18951,68847756,56.2
2022-02-02,WATER,b2ab1a2f107e1c78,5,20,60,11.07,3386,23.29,118,60,9533,28.2,43.78,63.88,101,ON_HOLD,903,46135478,59.0
2022-06-15,DRAIN,2c85da5d0458a67f,2,438,62,74.65,5740,3.24,276,242,16059,36.67,28.19,97.31,176,COMPLETED,2440,47559413,75.3
2024-10-24,BRIDGE,ca6ca8eaefac0b02,5,27,178,1.72,4617,53.59,198,250,7831,35.82,66.06,51.1,161,CANCELLED,21861,43042177,11.0
2020-03-25,LIGHT,a5838c1af939c1bc,5,174,99,63.59,5869,92.32,327,97,14094,12.11,7.09,97.12,143,IN_PROGRESS,17526,38423413,51.4
2025-10-26,BUILD,aab7273e3f813c31,3,49,128,49.32,1181,65.68,251,128,1564,38.25,2.38,60.28,125,CANCELLED,22433,4345101,58.8
2021-04-09,WATER,831af606e9cebbcf,5,499,65,47.28,1161,47.29,147,82,16889,41.61,0.17,73.89,320,IN_PROGRESS,18143,14080557,19.6
2022-08-09,PARK,a77edfb2b46935be,2,281,79,99.7,1076,87.13,276,19,15613,26.53,37.25,3.28,249,CANCELLED,6132,22964987,89.8
2023-04-18,ROAD,56ae667d95773aa6,1,308,151,6.49,734,94.0,212,97,18085,31.06,35.23,70.91,300,PLANNED,1366,21281303,50.5
2024-02-18,BUILD,c63845818746575b,5,81,136,35.38,5030,73.22,134,179,12613,22.35,4.72,27.42,165,IN_PROGRESS,624,74284750,91.2
2021-06-08,SIGNAL,688878b8d0c9b6a3,2,319,114,86.32,3811,91.0,299,44,14476,42.38,58.94,38.88,23,IN_PROGRESS,11736,7132820,34.2
2024-06-20,WATER,f697d66dd66e257e,4,100,117,66.51,2935,50.04,200,26,14879,13.51,57.29,86.39,301,ON_HOLD,3130,25960014,51.5
2025-04-07,SEWER,1a8d56653a8ed968,3,313,38,86.87,3773,91.16,370,242,19672,23.14,56.73,82.86,264,ON_HOLD,18982,21925805,20.9
2021-01-25,BUILD,11f0a29d1090dcfa,3,160,22,94.52,1676,97.21,117,75,3316,43.29,24.18,10.53,52,ON_HOLD,7286,29149593,21.5
2020-08-06,DRAIN,83e35f0516caa80a,3,295,61,91.28,5572,3.01,218,161,8098,9.01,46.76,48.62,148,ON_HOLD,20859,64256881,53.1
2020-04-30,SEWER,d75b7dd3bf69bdd0,1,82,144,22.82,2074,1.95,294,53,10953,28.79,16.12,31.46,291,CANCELLED,3601,50176084,19.4
2020-04-14,SIGNAL,759aae060188f531,4,381,115,62.89,5852,48.24,225,144,821,16.51,38.52,55.02,363,IN_PROGRESS,3078,59441125,83.8
2025-07-19,SIGNAL,cffbc7523c9ac358,4,126,37,4.12,1713,49.1,291,29,8805,22.84,42.62,34.12,308,CANCELLED,8623,11475150,28.9
2024-10-04,BUILD,adffb46a41c3b48f,3,279,43,83.39,930,60.52,91,48,132,58.41,70.29,49.74,70,PLANNED,3438,53847120,38.4
2019-10-05,BUILD,c7ea36a599d92dc3,5,302,90,67.17,876,35.61,225,163,15444,17.62,0.88,60.6,113,IN_PROGRESS,15429,37919676,87.5
2024-02-27,OTHER,eeb4a1049ce95e5d,2,329,66,3.07,3345,43.36,199,187,6004,2.74,3.43,69.49,312,CANCELLED,19526,69152821,85.0
2024-04-17,WATER,a615d6bbed8c79af,4,467,39,23.98,1993,32.61,159,19,8669,29.64,47.87,92.25,302,IN_PROGRESS,14599,41934744,95.2
2022-05-16,OTHER,b7fb46c3fb8b336b,5,241,132,36.99,4745,37.53,300,246,10483,12.01,16.22,98.36,251,CANCELLED,13605,66848240,28.1
2020-12-29,LIGHT,3a05d7af6a268039,5,10,84,99.98,2514,60.47,193,197,5069,3.76,48.79,74.28,275,CANCELLED,14713,862999,72.8
2019-10-19,ROAD,be280c8617985f2a,4,5,75,34.44,3358,14.96,149,156,5266,59.22,64.78,55.84,291,PLANNED,2435,16482782,15.1
2023-10-15,DRAIN,768ce950f399db0f,4,220,153,79.36,5215,65.87,80,3,15315,56.02,51.23,14.04,242,PLANNED,16306,41537508,33.9
2020-02-14,OTHER,25614623d22999b5,4,123,22,34.94,1689,85.04,183,235,16450,4.5,25.93,69.77,183,ON_HOLD,7432,45370022,28.1
2023-04-12,SEWER,eaea39e9e94f9151,4,200,111,13.43,5527,47.28,377,248,16203,38.45,21.58,44.82,7,CANCELLED,12850,54151843,38.0
2020-04-09,PARK,fa45c11b021e5253,3,133,63,20.16,3215,80.69,211,15,12540,26.11,10.44,2.76,240,CANCELLED,13315,55065891,99.8
2025-04-29,ROAD,06d46178352ba415,2,74,170,32.23,1349,31.48,241,51,4823,12.7,49.57,36.83,6,COMPLETED,15008,51683441,25.9
2021-08-12,BUILD,8572d49e620801bc,4,470,96,42.14,2687,21.74,13,189,11400,3.76,18.82,59.95,358,ON_HOLD,15783,73702602,12.7
2020-05-08,SIGNAL,47928c30d3f0a21c,3,4,109,65.72,2271,17.13,188,15,15840,0.94,21.75,1.71,348,COMPLETED,14876,1100854,1.5
2024-09-14,SEWER,00a1266c21fe9923,1,112,156,35.22,5227,73.88,364,214,4265,19.08,53.69,84.34,261,COMPLETED,9152,67851536,30.2
2021-09-17,SIGNAL,1686f44687a844e5,3,218,15,13.09,4594,63.43,253,39,480,3.49,25.9,70.19,53,COMPLETED,12775,42413931,60.4
2021-02-02,DRAIN,7e286df9dd60d66e,4,388,12,83.69,954,35.61,391,72,4609,17.85,61.52,48.83,102,PLANNED,15319,44947693,43.8
2023-01-17,WATER,10ebe26f47446d49,5,74,148,4.79,686,92.75,63,139,9637,15.5,52.63,8.53,282,COMPLETED,11551,27007512,37.6
2025-06-05,PARK,cecd4da097e5927a,1,121,54,48.23,3371,78.02,331,161,3290,51.38,32.31,95.61,47,COMPLETED,10679,3316547,58.9
2021-04-12,BRIDGE,a8ab83f774c8b233,5,202,148,27.6,1640,83.85,48,230,7098,5.85,60.94,32.93,49,IN_PROGRESS,11004,34229921,96.5
2019-08-03,LIGHT,a8b40851ea8a6b6c,2,147,171,40.41,624,0.86,164,187,15693,57.9,23.78,52.09,237,CANCELLED,16503,51614794,66.6
2020-04-09,WATER,385de462d36add1c,3,312,151,26.73,187,44.18,170,214,12683,53.86,49.1,61.9,330,ON_HOLD,23032,27008155,35.1
2021-04-19,LIGHT,91551224993f4d49,4,304,155,66.54,2517,71.22,47,217,12542,30.06,44.27,41.94,191,ON_HOLD,13315,60599064,11.7
2020-03-21,PARK,c665c648faea24bc,2,431,20,5.29,2457,0.48,46,32,19668,48.33,29.32,68.41,156,IN_PROGRESS,1939,72290007,94.2
2021-03-20,LIGHT,f6ef0f9de4852c9b,2,420,61,67.95,3158,61.64,237,35,14824,34.28,40.41,77.53,5,CANCELLED,24910,66864999,17.8
2020-09-09,BUILD,69640c2d1c3f4231,1,311,138,6.67,3808,35.01,60,65,12787,0.35,8.41,49.12,201,PLANNED,24384,57358593,14.6
2023-02-14,LIGHT,d1961dd83952062b,5,116,64,62.22,3909,29.81,190,107,2636,52.24,4.02,4.61,301,IN_PROGRESS,1750,4384493,53.1
2025-12-23,BRIDGE,e5fe72ae840a7fb6,1,358,180,61.63,2538,62.99,396,42,3147,14.92,57.86,8.42,356,PLANNED,23043,5688956,50.1
2025-12-27,SIGNAL,f9b25540acf0ac52,2,411,132,82.38,2666,25.13,362,80,6674,1.12,31.72,43.72,270,COMPLETED,24636,46009712,87.3
2019-07-27,SEWER,06ed68d0b5fa04a9,1,285,37,2.3,1617,61.74,110,159,16611,57.26,3.14,7.75,283,IN_PROGRESS,24180,66370342,35.4
2021-12-08,DRAIN,7869db87a690ea23,5,473,80,76.58,2084,22.44,27,222,17185,25.69,6.17,36.18,336,PLANNED,17166,32433302,66.9
2023-03-05,SIGNAL,c64dc222c1aa6b1b,4,189,94,84.65,2669,86.3,266,33,15204,40.0,64.88,86.6,47,COMPLETED,5523,56444855,0.9
2019-08-14,OTHER,94c9ecb263e85f35,4,372,159,29.45,2820,64.63,13,57,7726,9.39,12.87,98.77,224,COMPLETED,11538,23405142,95.3
2022-03-08,SEWER,aa55b03735b94270,3,324,160,56.75,5011,24.78,335,72,6212,4.1,32.97,41.95,81,IN_PROGRESS,10193,2381268,73.3
2025-11-12,LIGHT,9ee042fac8266a5a,1,233,128,22.85,2210,53.61,85,133,4096,58.17,58.47,80.93,93,CANCELLED,17154,64888662,25.8
2025-05-02,LIGHT,6f7ac78295d6fcd2,3,26,114,88.39,5589,82.94,383,51,1081,53.05,17.1,71.39,342,IN_PROGRESS,16409,4841998,8.7
2024-10-23,WATER,0ae8993a639e7c83,1,204,42,64.96,4911,3.78,244,226,17809,57.33,29.37,98.16,198,COMPLETED,12113,66908085,80.2
2021-04-28,BUILD,4b57a8552be33669,1,277,33,99.43,997,64.7,55,190,10755,44.64,24.23,72.5,5,COMPLETED,21992,32208885,63.2
2021-03-13,BRIDGE,46e2e79f161557ec,4,83,143,78.46,3686,88.24,263,42,15081,18.3,14.47,15.87,334,ON_HOLD,9329,23892614,24.7
2024-09-04,BRIDGE,0a2fd63da7e571ac,3,248,106,10.09,1919,92.25,95,73,15779,13.89,48.29,34.71,263,PLANNED,9560,1010089,94.9
2020-06-30,DRAIN,fe6776255a9a0b8d,1,143,168,28.87,754,87.1,102,81,10419,2.29,2.13,69.72,109,COMPLETED,7124,69618767,60.6
2020-10-06,BUILD,a6df2e14faab5daa,5,85,138,38.01,5803,16.48,114,180,14363,10.4,45.05,31.6,91,COMPLETED,5240,28387054,64.2
2025-09-04,SEWER,f89f30423cdc6b2d,4,368,165,68.0,1877,13.36,36,191,918,55.67,3.22,91.62,138,IN_PROGRESS,7469,4204634,92.2
2021-04-26,OTHER,9aade102ab6dcc6e,5,179,90,17.68,4920,15.52,166,17,18829,1.71,50.59,28.04,348,ON_HOLD,24988,27275609,54.1
2023-05-14,ROAD,39b25dadaffee57f,2,341,23,40.65,2228,94.76,115,221,15844,24.49,39.4,98.71,270,PLANNED,8499,52606695,44.2
2020-09-10,SIGNAL,04f4a1b8c0e20802,1,190,105,9.24,542,57.45,89,236,1911,22.85,0.36,35.95,326,COMPLETED,22444,1720931,43.0
2022-07-08,OTHER,543674f7124cc2ce,3,322,170,47.66,4849,74.44,254,28,5293,43.71,2.17,19.03,85,COMPLETED,3927,38718230,46.5
2026-02-12,SIGNAL,2b5a406822d0b91e,3,198,141,54.39,2688,39.46,60,122,10178,8.54,37.44,93.05,28,CANCELLED,2596,38338808,89.4
2024-12-15,ROAD,0b61f3c05678cf03,2,25,99,58.52,5359,8.51,188,24,12762,21.21,45.59,77.6,355,PLANNED,16293,5037729,39.9
2020-09-11,PARK,f66975c86090ff44,1,310,154,67.3,3194,21.68,171,78,9669,12.6,46.8,43.0,39,IN_PROGRESS,24368,46286234,41.9
2025-06-14,SIGNAL,ed961cef0f6ddd4e,4,422,29,73.11,3350,49.27,244,235,16414,46.77,46.78,88.07,302,ON_HOLD,15459,23587710,63.2
2019-02-16,PARK,2aa41c2b42b75393,1,55,65,18.08,135,39.84,320,30,8651,17.8,5.55,22.35,178,ON_HOLD,21642,16716467,93.4
2021-07-23,ROAD,97d653fcaf0dc10c,5,3,7,41.87,2487,54.2,363,77,1731,32.09,42.72,1.99,177,COMPLETED,18049,2409050,48.7
2021-01-11,ROAD,d1943dd1b0a11aaf,5,45,68,64.26,2615,47.88,155,239,16599,7.94,27.07,33.75,51,CANCELLED,6966,1715867,97.4
2022-12-04,BUILD,6a82063b4feca800,5,447,144,92.69,1727,87.93,392,146,12602,34.12,30.58,1.75,346,IN_PROGRESS,8716,28791002,82.9
2022-06-23,LIGHT,f0b2612844e76c70,5,61,135,79.43,4617,66.29,238,23,16527,20.29,16.64,68.64,129,CANCELLED,13729,74297655,54.6
2023-04-21,SIGNAL,88fd7ed67cf0ed63,3,378,93,50.28,2554,3.52,270,61,5286,26.78,60.8,41.83,151,PLANNED,20764,60965624,17.8
2025-03-16,PARK,14491bafa5379113,5,429,18,36.23,5751,35.81,219,121,18289,16.86,4.6,73.59,296,CANCELLED,3747,18329352,19.0
2021-03-25,BRIDGE,a633e0787c873b19,3,164,12,21.68,5401,6.24,247,92,3417,14.62,5.57,7.45,316,CANCELLED,3641,30852879,34.3
2024-10-04,SIGNAL,a6a096db741a3d0e,4,426,106,12.85,4747,91.24,144,64,4806,17.72,46.26,33.02,97,CANCELLED,2427,14072177,18.4
2020-02-03,OTHER,e76c0ca69950b471,4,200,47,66.1,3674,55.54,74,103,5333,59.29,33.97,23.16,194,PLANNED,14565,19779314,56.9
2024-06-18,WATER,7d200cdf86be12ce,3,13,55,3.15,1856,89.22,172,42,9158,50.36,7.71,94.9,292,PLANNED,7700,68842567,81.4
2024-10-04,PARK,78d2b436a94b8301,5,227,113,88.85,910,79.4,331,8,10832,0.44,12.35,12.51,327,ON_HOLD,20352,52928434,80.9
2022-02-18,LIGHT,b69b066c777fa0a3,4,273,90,29.28,1957,0.04,255,135,12134,7.64,40.45,41.36,39,CANCELLED,5674,70672570,80.4
2022-01-11,LIGHT,dfc351e37443905b,1,240,16,38.97,4545,1.06,181,124,5378,8.38,45.03,54.72,243,IN_PROGRESS,12122,56195716,55.5
2021-05-28,SEWER,423faa920282b5cc,3,457,17,78.79,3748,48.57,125,20,18950,35.81,46.58,60.53,24,CANCELLED,2314,41005337,49.3
2020-09-27,BUILD,b2282f9d50dadf96,2,319,27,47.62,4108,19.67,308,165,4011,28.46,62.85,59.64,351,COMPLETED,7530,56196804,21.5
2023-01-11,BUILD,d23fd19f9ce1bf49,1,393,177,14.98,1086,48.24,138,43,9426,42.86,21.77,10.23,158,PLANNED,7546,53747098,22.5
2019-11-20,ROAD,c41e7d0d9ad30257,1,5,35,9.74,5070,39.76,382,216,11058,38.85,14.55,19.67,294,PLANNED,18051,10759078,30.3
2022-04-21,WATER,bd05a89c29a4086d,5,25,75,2.31,2942,69.95,273,121,7479,58.32,55.09,73.77,148,ON_HOLD,17094,2996437,24.2
2021-08-07,BRIDGE,5214ca58dfe14b1c,2,136,60,76.57,1073,65.01,84,73,11846,51.79,69.48,69.63,14,CANCELLED,16986,40542034,86.2
2022-11-26,BRIDGE,db18b3f381d68e51,4,462,143,32.15,1828,82.36,286,105,5525,0.05,14.16,37.84,207,IN_PROGRESS,2141,3421663,0.4
2019-11-09,OTHER,c2fc90fa803be6d9,2,420,11,76.65,2627,75.45,352,243,7716,18.0,21.99,24.17,211,CANCELLED,4614,72849854,45.1
2024-06-13,WATER,20ca2498a53828ca,4,304,153,3.94,1058,60.45,298,52,3307,40.8,11.82,69.46,329,ON_HOLD,15426,48335287,7.5
2019-09-05,OTHER,82c3095670c9d886,5,241,34,20.36,382,88.26,244,222,16058,28.37,1.33,36.53,324,ON_HOLD,15249,42192276,4.8
2022-02-12,WATER,c296bbbf58b41f39,3,248,130,87.78,5741,57.95,207,106,13074,22.09,21.08,83.99,309,COMPLETED,18988,72999512,63.7
2022-01-30,OTHER,f7876674d423eaa4,5,493,18,19.42,1651,70.8,150,18,13112,26.43,5.28,37.9,219,ON_HOLD,5150,71254083,61.1
2021-01-19,OTHER,2957087e33491ee5,4,410,161,1.05,895,54.67,340,70,12541,0.64,35.64,87.91,287,ON_HOLD,22266,51146445,48.7
2022-08-29,BUILD,c299d7cf90c4eee7,5,440,100,92.57,2215,7.34,89,233,3776,1.88,57.76,61.52,130,CANCELLED,24121,67671116,5.3
2025-03-19,BUILD,282e9c9e164b55cc,4,464,9,62.95,5374,40.88,278,94,912,20.57,37.5,92.96,164,COMPLETED,16011,50287890,27.7
2024-08-13,OTHER,b02b35114dcf4f71,1,235,120,34.17,3231,84.15,369,248,7599,39.49,26.51,67.68,17,ON_HOLD,6207,48120204,18.3
2021-11-10,BRIDGE,1271bf22446c81bb,1,32,118,70.52,2501,82.57,197,90,13311,29.32,29.01,47.78,232,PLANNED,13587,13449326,32.4
2023-06-17,LIGHT,2d054ca42b26c78a,4,366,127,41.4,4717,78.0,152,221,11344,7.42,41.61,74.4,21,ON_HOLD,17192,14282437,88.2
2020-06-21,DRAIN,5c79e534d7c07506,1,81,113,31.27,3031,41.76,170,103,2116,27.39,34.42,35.28,298,COMPLETED,11126,47374514,28.0
2025-08-21,OTHER,49b8122fa5bf5086,1,52,109,99.72,2752,3.5,340,145,3482,42.65,71.01,94.42,310,ON_HOLD,11998,67988905,25.0
2025-06-21,ROAD,26bb468c684e1ed8,5,247,69,90.71,663,84.35,82,1,14893,55.75,51.35,18.92,282,CANCELLED,1908,25203298,54.7
2021-12-15,BRIDGE,3536a3b3eb5dfa4b,4,390,102,56.22,4770,34.47,165,71,11113,56.99,32.93,22.79,275,ON_HOLD,2042,57477236,23.5
2026-01-31,OTHER,446936eaa9eddaf1,3,158,1,21.99,5180,58.6,62,124,3890,31.55,55.1,44.68,163,CANCELLED,12630,36509453,43.5
2020-09-28,SEWER,7b80c395d06eb509,2,0,45,78.15,4909,87.61,325,151,13849,32.69,61.87,6.48,186,PLANNED,5459,2498737,50.8
2019-02-10,OTHER,14d9e5098688b296,5,388,151,51.55,3709,2.06,46,45,6639,17.35,67.48,67.83,30,COMPLETED,18736,69247908,21.7
2024-12-05,WATER,eea07c377fae5a31,5,279,39,85.72,4873,89.75,63,224,17021,35.84,59.32,89.45,51,CANCELLED,10385,15670740,74.2
2019-03-17,OTHER,f5952f0d8cc24359,3,287,43,35.37,4225,33.3,7,57,562,27.13,65.93,85.27,150,COMPLETED,3349,5599889,51.7
2020-02-11,WATER,2d4066c365c8b2ce,3,97,179,44.88,2471,81.29,40,78,9221,11.33,38.95,89.29,26,IN_PROGRESS,2958,9295739,24.7
2020-09-11,ROAD,a073356b9c3ea7ea,5,355,13,97.86,4870,53.41,180,214,2046,37.14,43.08,36.83,271,CANCELLED,1995,30164345,89.8
2022-02-14,DRAIN,0620f1df5058fa7b,2,305,161,10.41,5978,42.85,3,32,13365,14.59,27.18,65.19,160,IN_PROGRESS,16582,39281199,65.3
2023-01-13,ROAD,5c524eb95f7177d4,4,22,131,45.63,1450,21.4,288,140,2246,9.32,56.22,52.24,345,COMPLETED,5029,14353020,90.0
2020-07-24,LIGHT,b70bb77657671e55,4,263,38,82.92,2119,88.14,194,200,2,55.17,18.45,3.94,280,COMPLETED,5055,8024732,83.9
2020-08-02,WATER,03df44e5ecfb9ca1,3,372,73,31.87,2131,37.02,359,54,9603,45.07,34.67,21.0,353,COMPLETED,11876,52785763,74.8
2021-07-24,SEWER,1b0f5faa27ebb203,5,46,1,29.96,182,67.16,248,40,19633,20.3,4.9,96.57,241,COMPLETED,13531,18715158,60.3
2022-12-09,BUILD,030c06424189b485,5,150,78,71.49,1620,78.01,178,88,1704,19.08,33.6,5.98,142,CANCELLED,20469,7080895,23.3
2025-01-20,BRIDGE,6c6eaf015603c44e,2,10,90,23.76,3827,61.22,378,70,9180,30.3,18.7,80.55,130,PLANNED,20283,68492922,69.7
2022-06-19,WATER,150461df1cb44fc9,1,0,15,10.54,4440,45.99,135,71,16473,26.64,49.54,82.75,19,CANCELLED,7141,51113373,38.0
2019-04-21,SEWER,9b453baaed6b90b5,2,155,97,48.01,3166,0.07,156,236,6071,53.53,50.77,2.27,123,CANCELLED,3699,7188449,35.5
2023-07-15,LIGHT,01b830aa0409a9c4,1,411,85,99.92,3428,62.73,308,239,3222,38.55,54.0,84.78,14,COMPLETED,10272,52221092,12.6
2019-11-20,BUILD,5485877c44c6150e,2,421,105,45.45,3604,44.5,257,46,6947,54.77,15.03,93.36,40,COMPLETED,14086,67107204,12.9
2019-11-15,LIGHT,f01c5ddbf9f1bea9,1,316,31,69.01,3540,22.21,357,141,4119,6.0,63.3,87.92,264,IN_PROGRESS,14576,74903199,4.2
2024-01-10,BRIDGE,6f5f39b3c89f790b,5,443,107,66.29,2382,75.72,143,120,19868,31.17,31.57,5.59,184,CANCELLED,18799,10423146,42.4
2022-10-23,LIGHT,24fc052e0d45c6e1,2,405,160,5.84,4955,44.89,293,48,11551,28.08,50.02,74.45,26,CANCELLED,10521,64669319,5.4
2020-11-29,LIGHT,96292b3707a5f535,1,366,11,61.52,3979,9.26,325,95,19058,10.27,37.36,74.12,116,ON_HOLD,8828,38169763,44.6
2020-07-07,OTHER,135cc49a925394f2,2,71,25,58.77,4783,37.69,63,136,4317,8.77,48.41,5.21,139,COMPLETED,4028,51689016,19.2
2021-07-28,SEWER,7178c50b90f669e2,3,113,71,68.12,2331,69.84,192,80,8715,45.65,7.51,56.29,194,IN_PROGRESS,6103,46904901,95.1
2019-10-28,SIGNAL,68e4593aabac8004,3,223,85,42.69,1018,46.45,240,207,10913,13.35,41.61,98.6,180,CANCELLED,12429,27064759,71.3
2023-02-18,SIGNAL,f54ac5aacf8afac2,2,199,154,54.13,3710,75.67,104,18,7737,52.07,15.71,43.08,207,IN_PROGRESS,16078,64940959,69.9
2020-03-05,SIGNAL,3979407641eddb4c,3,334,35,17.33,2861,47.06,384,117,10712,0.39,37.87,90.76,150,ON_HOLD,21656,32219973,62.3
2025-03-20,SEWER,63f1dc85f7598003,4,37,33,76.18,57,7.38,291,100,8736,26.59,64.45,86.93,8,COMPLETED,21249,29989341,61.0
2022-07-27,LIGHT,42022e13f9a64fcd,5,153,103,46.45,4893,59.91,229,188,311,3.56,6.05,0.29,275,COMPLETED,12058,49340784,2.2
2025-12-16,LIGHT,96eaeb8b25e943d3,3,386,14,96.77,4277,87.33,17,221,10249,47.1,68.35,88.72,327,CANCELLED,3163,896775,8.2
2022-10-28,SIGNAL,5df09e011f920814,1,473,56,88.32,3345,37.66,72,97,16040,14.36,55.63,35.63,278,ON_HOLD,7938,5924630,37.7
2023-09-21,DRAIN,860e35b8ab8fccb3,2,418,27,62.87,395,48.43,298,219,18328,2.32,30.51,44.66,86,CANCELLED,23192,60705120,45.3
2020-03-17,BUILD,fbc6a0d1d3f18fe5,5,43,51,76.56,1715,91.3,28,207,15812,43.46,23.72,35.77,71,COMPLETED,4132,31010203,88.0
2024-03-13,PARK,29a378fd9ad1cd53,2,355,71,40.89,3900,20.01,388,168,2880,36.38,10.82,49.6,176,ON_HOLD,4095,21730686,91.2
2020-04-09,WATER,1e0f2e28f8b21b25,4,142,141,92.29,2956,84.84,339,48,439,44.56,10.33,67.68,188,ON_HOLD,16910,33455440,11.4
2023-05-04,ROAD,0523ea0b1d86cb41,5,13,25,25.88,401,91.85,215,33,3396,12.91,68.4,66.19,224,ON_HOLD,17282,1462306,38.2
2025-04-03,DRAIN,ca55dde313b792a7,5,233,86,45.47,651,97.37,72,204,929,16.55,63.43,62.43,122,ON_HOLD,11181,35108837,84.4
2023-04-21,BRIDGE,2030a247f720eefa,4,479,81,70.96,257,77.7,171,90,1038,4.63,50.12,26.17,155,ON_HOLD,13243,35127912,91.9
2025-05-01,BRIDGE,2cb51b1062540901,1,257,124,14.51,3938,86.26,342,106,7986,39.08,20.21,22.58,145,IN_PROGRESS,6764,64692647,30.9
2026-01-02,SEWER,dad30a3bf78b8cad,1,34,155,24.87,1640,82.16,203,89,9471,58.8,32.77,94.46,148,CANCELLED,17262,67982502,30.4
2020-07-28,SIGNAL,8660881a9b7a422a,1,279,25,33.97,3600,79.82,229,33,16658,7.43,20.21,58.77,81,CANCELLED,21592,4921734,91.4
2019-10-27,SIGNAL,2b7439eccc4afcb5,4,280,51,3.65,2151,17.31,133,165,18957,56.18,37.75,61.55,329,IN_PROGRESS,12013,43846235,19.1
2020-01-24,DRAIN,24904826533c151f,2,46,39,70.15,2032,24.44,327,0,17833,34.83,16.78,25.56,68,CANCELLED,14718,26725164,54.9
2020-11-11,OTHER,1369b7c5cfef16be,2,279,90,60.19,3514,7.44,20,164,6415,28.79,46.9,16.15,270,IN_PROGRESS,21372,62797919,83.3
2023-06-09,SEWER,7abe3bf05ced45ff,3,209,20,15.47,5881,35.38,14,17,4674,16.31,68.32,93.51,349,PLANNED,19953,9179287,64.3
2023-12-12,BUILD,fe1b5f27e72dacba,4,13,55,44.21,4882,90.91,284,227,19760,2.08,46.37,65.38,129,IN_PROGRESS,4653,57006156,35.2
2023-08-18,SEWER,8afaedb5183872b1,5,118,63,22.75,1109,49.06,334,170,6679,49.36,39.42,60.02,350,PLANNED,7066,37531040,26.3
2020-09-05,DRAIN,56171a2869fa2017,5,138,162,26.32,347,90.13,13,222,3290,36.12,44.48,26.73,193,COMPLETED,3754,16419051,63.0
2024-10-08,LIGHT,74ccd8c981e937a9,1,240,82,50.47,3007,29.71,288,183,5282,25.64,67.63,98.25,81,COMPLETED,3097,62499981,83.8
2021-08-04,DRAIN,a028c7408f42a6a9,1,325,35,51.18,5412,95.09,225,235,15384,28.21,66.75,4.52,34,IN_PROGRESS,18852,5805373,69.1
2019-12-16,ROAD,00951b6ef34005e2,1,412,136,18.78,527,42.33,379,51,13667,3.89,4.67,73.49,275,CANCELLED,14426,28822111,81.2
2020-08-29,WATER,2f03671bb8e3f0de,2,330,32,47.32,4477,12.93,313,3,5816,55.99,11.25,65.12,53,COMPLETED,6838,30049384,82.6
2025-01-07,BRIDGE,1398e2b2ff517f1f,5,453,134,96.2,134,96.46,80,98,4710,56.84,53.01,74.36,251,COMPLETED,1524,32928394,72.8
2024-03-08,SEWER,8aeef48a30350544,4,461,172,92.24,1267,55.82,325,121,11902,59.3,5.62,12.5,181,ON_HOLD,1569,48072201,32.6
2022-05-29,LIGHT,b747fe0c60d73263,1,405,9,49.77,4777,20.26,203,13,11000,52.53,43.3,37.6,25,ON_HOLD,7544,10061892,36.6
2022-06-07,ROAD,f5114ede9b4be105,3,253,16,76.66,2508,86.57,198,236,4167,6.9,15.84,96.47,264,PLANNED,23803,30155435,76.3
2019-06-23,OTHER,a2865ed04bd586fe,3,26,36,33.71,161,76.91,20,191,19362,0.31,17.25,53.24,11,IN_PROGRESS,3293,53606082,22.5
2024-03-14,BUILD,91273777a53f4f8a,1,55,142,18.9,4943,85.47,213,160,482,1.55,34.49,5.36,101,PLANNED,6568,38533790,20.4
2022-12-15,WATER,46a7fff42624aaea,4,203,171,90.81,5166,67.77,43,219,15723,7.24,42.05,35.62,92,COMPLETED,7116,16079874,99.6
2023-05-25,WATER,2afba1d67c80580e,3,224,83,14.98,1217,34.25,19,32,5286,53.99,55.45,5.91,165,PLANNED,22767,32198787,76.1
2022-05-09,PARK,91380025c4d16cbb,1,458,54,91.11,1518,64.06,84,185,15505,32.32,53.96,42.42,240,COMPLETED,14598,21080823,3.0
2019-11-29,WATER,3e2651ae53f61c81,4,218,126,92.67,4476,78.84,251,49,6139,19.0,43.83,37.03,116,ON_HOLD,5794,53345070,62.5
2021-11-14,ROAD,433cdb07bf2abaad,4,59,19,36.68,4901,19.78,194,85,10165,43.01,71.68,86.84,68,PLANNED,16033,54127230,43.6
2021-01-20,SIGNAL,3737f65c2c7d305e,3,233,101,94.62,3151,44.94,98,62,17448,38.23,40.98,25.23,61,CANCELLED,289,17887938,49.7
2022-12-16,OTHER,db304b220a8b93bc,2,98,66,33.66,2356,13.75,341,70,4740,38.26,27.41,96.97,263,PLANNED,19285,44978639,14.1
2019-10-13,LIGHT,66dbdda46c6f5b05,5,358,109,74.44,4023,88.2,387,181,5262,35.51,15.29,69.29,17,ON_HOLD,23335,17325754,77.3
2025-10-10,BRIDGE,47e77dc45d383bcf,1,468,164,0.55,273,90.25,295,93,2114,38.59,17.69,94.63,324,CANCELLED,20959,65678464,95.4
2023-05-13,BUILD,40d1d61dfa954e0b,5,170,72,95.61,5529,80.35,122,203,5476,34.68,68.09,46.37,28,COMPLETED,20083,32891350,42.8
2024-03-04,WATER,09dcaec84e0183cb,5,12,167,4.94,3123,43.61,11,124,7977,50.92,10.21,74.88,128,CANCELLED,7394,56203641,72.3
2020-05-14,BRIDGE,6b88182929699086,3,156,129,75.15,2501,30.63,168,55,10669,51.55,51.72,9.09,101,ON_HOLD,13097,13979939,57.6
2022-03-17,SEWER,7bb9dc71fba49448,2,17,168,33.05,1073,48.21,392,8,3125,42.7,45.47,60.66,302,PLANNED,11643,26421196,74.2
2020-11-20,LIGHT,568411c8443dbd60,3,343,11,35.75,1723,34.71,323,131,17327,25.92,71.02,9.83,329,IN_PROGRESS,21545,5410141,99.4
2022-11-12,BRIDGE,507cef5944d772d6,2,41,7,3.99,1147,4.82,26,44,7957,26.69,12.15,4.53,27,ON_HOLD,8714,50484387,99.0
2019-09-23,WATER,ea0a6aae2adbe5da,2,500,130,29.62,4259,79.35,168,217,2924,40.21,29.81,35.99,320,PLANNED,5481,60687076,54.6
2023-03-08,LIGHT,f9b4d3d92342472e,5,430,155,91.16,437,65.42,146,190,16820,1.27,69.82,68.11,201,ON_HOLD,4470,31674266,37.3
2020-05-02,OTHER,26e01f8070703b1e,2,366,24,14.79,3920,21.23,86,144,10836,10.22,68.25,7.79,150,IN_PROGRESS,3856,18154890,44.5
2019-06-30,WATER,baf2657efebbe12b,2,438,60,58.41,2380,32.42,109,17,353,55.66,34.16,81.08,274,CANCELLED,1161,61078385,66.5
2024-07-22,PARK,7cd120f6478d5425,2,143,102,71.03,2784,9.42,74,138,16973,21.92,27.65,56.34,306,COMPLETED,23258,31786799,69.2
2024-12-01,BUILD,7630b63b8c73285b,2,73,70,26.86,1047,23.23,92,151,2598,9.59,23.18,74.76,331,ON_HOLD,24824,57948001,96.2
2025-12-08,DRAIN,ff5dbe7e315f2902,1,181,131,13.13,5734,84.77,380,241,3646,54.76,50.78,76.57,285,COMPLETED,13484,42308346,62.2
2022-02-09,DRAIN,7c0d9bd4c7193b6e,5,56,28,81.94,4974,14.16,114,8,7888,35.21,33.16,66.66,344,IN_PROGRESS,2037,46005424,65.3
2025-11-25,WATER,3dc1730f095666b8,2,412,168,94.01,560,76.57,177,4,16548,5.29,9.86,40.17,277,COMPLETED,13888,15332483,66.4
2023-10-04,LIGHT,4f831dbcd2c9934c,3,122,107,87.75,4992,30.74,52,211,7794,8.44,54.98,85.8,234,IN_PROGRESS,21514,34677063,76.4
2022-01-29,ROAD,2f62fe8f63db1bd6,3,8,87,9.71,4630,70.12,365,129,10777,34.47,11.16,97.27,295,ON_HOLD,18022,35132795,26.5
2020-10-16,PARK,1d5df3f29beb0c73,3,17,28,16.46,1077,2.83,204,196,14077,37.2,25.19,70.05,243,IN_PROGRESS,5357,45906756,84.1
2024-12-03,BRIDGE,614f251730c2fc82,5,355,103,55.57,3041,89.84,73,52,13496,34.76,67.52,81.88,212,ON_HOLD,7808,37379935,81.6
2025-12-27,LIGHT,682ce76d4629c322,3,425,147,86.21,3572,29.44,77,74,17657,30.51,15.09,3.81,162,ON_HOLD,1560,55869329,84.6
2021-03-30,OTHER,7316eac31607c03d,4,154,15,14.55,2380,60.55,92,146,10761,43.93,6.68,84.64,97,CANCELLED,20729,6610035,36.5
2019-04-27,ROAD,82480ccbaf874ff9,2,13,135,34.32,5152,61.23,264,23,15903,40.21,58.86,88.17,261,ON_HOLD,15889,20889927,36.8
2023-04-23,LIGHT,36c0bb4e23eab205,1,483,150,95.79,4219,78.72,39,212,4011,28.58,0.99,54.61,199,IN_PROGRESS,10975,44314095,99.9
2019-01-22,ROAD,16dfaa4c689d2865,3,137,64,18.67,4139,64.46,362,100,17526,14.86,58.7,59.72,126,PLANNED,7349,1659854,23.4
2023-03-28,BRIDGE,fe1e69ff64fe0851,3,470,141,82.35,1864,25.85,121,73,1133,10.71,17.96,8.96,102,ON_HOLD,912,45021470,0.8
2024-08-26,WATER,6954815b219f6f4f,5,298,75,51.32,846,79.0,18,164,4422,6.98,36.99,45.96,74,COMPLETED,8098,71169622,31.8
2023-06-02,BUILD,c4ebc44ed1d58bf3,4,245,85,5.53,2327,64.97,295,200,9363,10.77,53.49,55.29,79,ON_HOLD,24165,41899922,12.3
2021-02-17,DRAIN,40369be6b6e03f8d,4,60,84,32.08,4719,61.05,123,128,5349,39.75,31.92,57.68,68,ON_HOLD,18674,67102836,90.5
2024-04-10,LIGHT,9b10eadff45fcf3b,3,393,116,24.76,2419,38.04,245,83,77,2.86,45.27,17.79,285,CANCELLED,4112,59386535,1.1
2021-04-03,SEWER,49c917d5be7e0d79,2,252,50,0.9,1425,57.59,300,73,991,55.35,23.57,41.33,273,IN_PROGRESS,23983,55314807,92.1
2023-10-27,WATER,7e971b9d2b534dd8,4,487,17,22.57,3400,98.36,273,146,8529,4.02,43.05,66.04,231,COMPLETED,15900,48650645,10.8
2022-10-19,WATER,9946864565a8820a,1,56,11,74.2,3152,94.96,72,132,15368,57.51,47.16,60.29,212,COMPLETED,13197,44468442,3.8
2023-12-13,OTHER,d6f2ffaaeda764a8,1,253,114,33.34,5959,37.57,175,52,7070,10.33,59.8,66.11,123,ON_HOLD,5596,13659857,92.7
2025-01-19,PARK,f13ca283c375f670,5,81,1,0.17,2882,79.71,378,11,5939,16.68,51.2,63.54,73,CANCELLED,13984,34442207,23.9
2019-11-24,BRIDGE,9a9c02ac5d5bc0f7,4,489,114,46.59,4930,55.87,345,103,9623,26.03,48.06,44.35,239,CANCELLED,13470,65423780,5.4
2025-12-21,SEWER,6452ab28861a91ea,4,473,105,43.03,1806,97.76,118,203,16248,47.49,26.37,0.48,348,IN_PROGRESS,24518,2614248,15.8
2025-08-01,OTHER,ad70841547347578,5,228,121,15.35,4850,41.51,82,224,14176,48.93,24.89,41.43,173,PLANNED,5416,21521700,61.0
2021-04-17,BUILD,fb862a1a46102f04,2,451,169,96.97,2265,2.75,274,177,4715,6.65,66.07,10.78,248,COMPLETED,21261,49646124,73.6
2021-11-11,BUILD,831768d4e886db59,2,33,110,17.69,3920,46.56,366,152,8172,4.96,50.89,44.56,325,ON_HOLD,12419,62263244,67.9
2021-02-10,DRAIN,6e92bb4e99f4a514,3,451,148,74.38,3673,95.15,154,139,4067,4.17,71.32,63.46,145,CANCELLED,20714,49868373,39.2
2025-10-17,DRAIN,2f2ea3d9fd70600f,1,352,144,78.44,5999,76.83,271,20,6186,1.9,14.96,93.1,173,PLANNED,8663,55508485,53.1
2021-06-05,BUILD,9469fabf3734e4ab,4,132,66,4.79,2013,1.71,24,161,7194,13.97,14.46,68.39,231,CANCELLED,20846,39145276,14.2
2021-01-29,SEWER,65a2721b158e0635,1,411,25,40.8,4873,29.25,58,167,5335,41.0,41.15,82.58,128,CANCELLED,7148,13408348,13.8
2022-02-14,BUILD,c82a7f875080fb22,5,146,56,41.46,3959,50.94,220,86,828,30.56,46.37,35.35,261,IN_PROGRESS,15293,58072230,76.9
2020-07-25,WATER,a95c8d0f94da031d,1,221,21,1.3,596,26.33,383,178,8370,39.6,8.93,18.65,149,ON_HOLD,11939,2580486,82.0
2024-11-02,BUILD,d9e3a971e2b74e4b,5,385,21,66.71,3888,67.4,184,3,15223,15.88,1.4,16.02,161,COMPLETED,18732,52108085,5.9
2021-02-25,DRAIN,a76c3f154886ae88,3,237,171,52.5,236,69.4,60,117,3100,14.48,48.92,69.3,241,IN_PROGRESS,8517,13485614,98.6
2025-01-01,OTHER,ed9667f964ffe810,2,438,18,2.54,3368,34.19,97,249,2050,38.85,6.97,50.47,245,COMPLETED,18681,14555992,43.8
2021-11-13,DRAIN,775c01c1328ab221,4,49,94,77.01,5380,23.61,321,136,281,50.58,9.88,85.79,147,CANCELLED,24309,71912001,80.9
2022-03-05,BRIDGE,98ef11f5cf7840c6,4,275,167,17.88,2391,32.16,271,148,499,18.0,55.54,51.49,276,PLANNED,18091,57264032,21.8
2020-01-30,BRIDGE,fce4cfb4078ab5c0,1,251,166,91.48,3411,57.69,87,199,13537,4.7,10.66,28.03,8,IN_PROGRESS,14098,17896057,45.6
2025-10-26,BUILD,bd6afdee8fbe7938,3,177,121,34.05,949,93.12,68,172,6095,28.89,71.72,0.25,36,COMPLETED,6545,63321862,70.9
2024-12-16,BRIDGE,c5044c640e2bcd55,5,427,50,25.12,2669,14.69,246,47,6805,22.55,14.9,19.65,270,CANCELLED,16100,29129305,14.2
2025-02-16,ROAD,352b9b2f80603652,2,239,0,27.39,3965,15.24,106,248,4625,10.04,5.75,20.49,289,CANCELLED,24363,45869852,81.2
2021-07-22,BRIDGE,c55997ebb9cb4e0e,1,18,101,32.07,4438,43.48,98,199,1245,23.85,45.41,49.74,30,ON_HOLD,13229,46514622,51.4
2019-12-04,ROAD,2184d5d1cd1ae6ff,1,498,120,20.12,2122,31.66,92,159,15727,34.42,60.47,39.8,47,COMPLETED,9276,28724354,94.5
2022-05-16,SIGNAL,fc67e21cf09b1179,5,82,81,40.37,5785,38.05,251,36,7179,18.53,28.37,44.63,328,PLANNED,16523,42179846,50.4
2025-11-02,SEWER,aeffe7ecac4dbd92,3,500,94,76.04,2236,12.29,160,62,16776,15.64,62.68,28.6,10,CANCELLED,20317,35324712,38.0
2019-12-11,DRAIN,4557291846bd58eb,4,428,166,32.48,1226,80.35,20,37,11780,11.24,36.53,8.36,13,PLANNED,11061,52159608,57.9
2022-05-13,PARK,f972a8426f9fbb81,2,88,49,7.29,1163,2.42,158,130,8993,25.44,65.92,83.52,284,ON_HOLD,8654,64177172,35.2
2023-07-04,DRAIN,0bdaa4f894768514,2,217,160,79.33,4674,54.64,208,40,19573,28.44,37.53,18.74,194,CANCELLED,9593,24223826,21.6
2022-02-17,ROAD,9e72f356b1115bcb,4,219,43,4.13,2491,13.45,166,51,9146,57.4,58.52,95.73,199,PLANNED,8743,15512652,63.6
2023-08-12,BRIDGE,e567ba40d696fd61,4,196,66,24.96,5569,92.96,44,148,1717,54.45,53.27,62.64,197,PLANNED,7024,66935077,68.0
2021-02-07,SIGNAL,624da0f2c97c544a,3,439,147,89.62,2286,47.06,317,99,2041,36.52,15.12,81.31,250,COMPLETED,20391,47455087,30.2
2020-07-12,WATER,c3fb154822eb67df,3,352,18,9.57,4063,52.24,78,221,18617,5.25,56.92,46.62,246,IN_PROGRESS,13417,47523649,20.4
2019-11-16,PARK,ffd40ab079ab062c,3,325,11,23.15,3791,63.43,399,84,3811,3.98,33.27,9.36,153,ON_HOLD,18695,47999445,56.9
2020-03-11,PARK,8bc0c957b6a7895e,4,449,100,50.19,1408,92.62,364,134,6992,22.05,71.13,81.8,294,COMPLETED,24736,54661102,34.4
2022-02-28,PARK,7a221baeb3b89848,5,6,46,29.62,2618,40.64,321,230,5533,7.38,38.26,71.97,4,COMPLETED,8870,34951072,33.6
2025-10-30,DRAIN,194e33a4a3026f13,3,422,45,98.92,617,85.83,132,250,449,41.56,18.66,13.77,347,CANCELLED,18337,62508999,90.1
2020-10-12,WATER,53015ab7729fb035,4,14,18,83.58,3142,55.49,337,116,4878,2.77,52.76,41.34,300,ON_HOLD,16157,48605842,40.0
2020-02-24,DRAIN,6add8bb45fd59d94,1,64,14,76.52,4738,89.5,91,80,6207,35.36,7.98,21.88,79,IN_PROGRESS,5405,34736284,89.0
2019-02-12,BUILD,404b797342125c20,4,157,27,4.41,3004,18.81,306,243,9275,47.18,36.19,47.68,191,COMPLETED,5177,12471076,17.2
2020-11-07,BUILD,62015ea08a316ad5,4,192,80,15.78,2939,76.45,248,27,12029,9.72,16.12,48.29,39,IN_PROGRESS,24614,60285071,31.9
2020-10-31,SEWER,2266fd4c84498217,4,258,140,57.37,5919,60.17,50,85,3550,55.75,69.71,52.73,183,PLANNED,3436,35866533,94.0
2024-11-23,ROAD,85d3799faded3047,5,362,60,49.34,66,34.27,146,26,10015,30.13,59.83,66.03,339,ON_HOLD,4583,50580560,82.2
2026-01-20,BRIDGE,b815b49405c231b1,1,53,126,13.07,3884,36.24,179,30,1094,57.95,31.59,33.03,108,CANCELLED,13747,73992313,96.9
2020-10-04,PARK,6e67e95c7a79a4b7,3,499,35,34.83,3757,29.69,151,143,2336,45.04,71.61,90.77,194,CANCELLED,13657,40490031,52.9
2025-02-09,PARK,708a9b5105c178c0,2,14,134,36.29,3091,23.63,193,185,19460,19.17,17.85,67.12,23,IN_PROGRESS,2746,23041619,99.0
2019-08-30,SEWER,3a59926ba9be5c45,3,289,154,93.79,2518,95.31,163,102,19071,21.19,29.93,42.1,362,COMPLETED,2327,10605466,79.2
2019-11-20,LIGHT,5293b9c36b3404f4,1,212,45,13.73,4463,61.4,42,70,1974,56.7,31.83,16.13,323,IN_PROGRESS,24407,823392,97.3
2019-09-02,SIGNAL,85eb23540792bf81,4,174,97,78.85,2147,20.32,270,11,18174,27.71,57.46,74.06,183,IN_PROGRESS,16520,65297847,81.2
2021-01-09,DRAIN,62cca79b5134a602,5,225,67,27.51,1907,8.84,227,72,17327,0.85,34.32,15.06,330,PLANNED,11337,51297578,94.8
2025-09-18,PARK,6bf01d278f92294d,4,386,168,17.57,130,25.8,3,69,11469,58.19,28.42,71.25,174,CANCELLED,8708,9322434,42.2
2019-08-31,ROAD,d5d22276abf2b7d1,5,375,60,7.74,2114,3.37,266,34,13755,17.01,39.64,25.38,219,IN_PROGRESS,591,6952243,37.3
2021-06-13,SEWER,3f0a6a22b91cf8ba,4,315,8,70.52,3303,18.85,338,151,546,22.74,46.15,23.8,111,PLANNED,5329,12523494,11.4
2023-10-12,DRAIN,bf9ab67578f87978,5,134,122,52.86,5331,69.63,191,4,15061,54.16,29.15,63.81,196,CANCELLED,15110,11373293,20.8
2020-10-04,ROAD,5de2c42c2796a89e,4,451,2,56.74,1860,47.92,283,107,7836,15.17,18.06,49.51,349,COMPLETED,7454,3353367,40.0
2019-05-11,OTHER,275d13478d0c50d6,1,205,166,7.06,4520,11.94,171,224,17425,39.91,0.07,65.18,35,PLANNED,11420,30859176,76.4
2024-05-03,SEWER,89ff02b8f7a0f7b0,4,294,0,50.16,4676,99.08,32,167,17942,13.59,12.99,48.93,297,PLANNED,23856,21666659,53.5
2025-06-24,PARK,06de716a5a2346e8,2,6,38,18.33,5806,78.37,308,80,16514,22.25,54.73,40.67,332,COMPLETED,963,34265072,74.0
2025-06-11,SEWER,b8d8de0aabc86e5e,2,444,151,17.11,4219,7.52,46,103,2222,53.31,44.73,67.35,93,CANCELLED,1280,49386723,2.5
2025-12-07,SEWER,63c6c88fafc3ad9f,1,188,133,31.4,687,15.94,114,200,11289,22.62,31.06,25.94,4,PLANNED,8736,21344325,96.7
2021-04-27,WATER,098bd0258fe4db62,3,441,18,22.45,3967,12.45,272,165,15336,37.62,66.88,38.79,75,CANCELLED,15049,45481027,96.0
2021-09-20,SIGNAL,5f1ce21264c53569,3,428,177,98.76,2725,23.17,367,109,2500,16.59,69.08,92.0,213,IN_PROGRESS,13960,66045000,48.9
2019-11-14,OTHER,9c799a778fa6b86c,1,388,130,1.31,1102,44.78,119,50,17117,16.31,60.48,81.73,347,ON_HOLD,17628,73623093,14.4
2022-06-21,OTHER,2c9964a2a594f165,4,294,173,49.72,4866,38.07,218,183,977,8.96,7.48,9.76,99,CANCELLED,18448,33447777,79.1
2022-10-21,LIGHT,d04e43e54e3b34ab,2,362,175,54.91,4068,60.94,58,25,4719,16.77,62.74,18.16,5,IN_PROGRESS,688,45286326,0.2
2024-09-07,SIGNAL,b5093ec7e880d090,4,332,88,15.73,864,70.55,38,104,4334,22.28,66.23,70.62,270,IN_PROGRESS,5048,33564026,63.8
2020-04-24,BUILD,a325fc6340f5a0b5,5,257,8,19.1,5549,59.81,295,161,15168,59.13,58.07,40.5,180,IN_PROGRESS,15739,3630482,44.8
2019-03-01,PARK,97d81f1cb482330f,2,367,76,4.07,1227,91.1,183,159,609,59.67,39.13,49.87,163,ON_HOLD,19313,64720597,45.0
2023-08-25,SIGNAL,f86f6aebcbdf3047,5,14,80,2.61,4665,61.71,219,146,3346,8.24,44.98,11.95,73,PLANNED,4592,14080671,60.1
2025-05-25,BUILD,f97dfdaf8b67adb7,2,65,146,24.88,4122,23.87,323,143,666,37.76,62.04,50.34,192,CANCELLED,1995,11036795,49.8
2020-10-24,WATER,d9959127de92f8da,4,58,175,90.72,1738,60.61,384,233,17203,34.51,8.28,60.23,118,COMPLETED,17312,71111416,43.9
2022-09-17,BUILD,6e83737138d694db,5,346,155,77.22,861,14.14,14,179,4476,33.4,8.68,58.55,80,COMPLETED,16742,19925101,93.1
2024-06-09,ROAD,d322fd8ae235829e,5,259,121,66.31,1180,58.96,356,58,2214,22.82,27.17,39.01,153,ON_HOLD,5607,31600627,64.7
2025-07-13,PARK,4be4f7aa8922f18e,1,190,143,41.4,2131,76.71,251,3,15398,40.44,29.69,84.04,249,CANCELLED,2592,18869520,89.1
2022-12-25,LIGHT,f000961d6e11c238,1,499,78,23.66,4988,96.14,178,77,19180,27.06,58.06,58.42,174,COMPLETED,19998,59367494,2.5
2024-11-15,PARK,680a2dbdfcde772e,1,500,125,24.97,18,68.06,127,131,1581,52.92,26.7,91.99,131,IN_PROGRESS,14283,74307139,42.9
2020-12-05,SIGNAL,7a47bc906ea08565,2,78,2,80.61,1879,34.07,224,190,6938,9.72,2.48,87.52,25,COMPLETED,2943,38795109,2.0
2022-12-18,WATER,a0847900cb27ffef,5,307,11,65.39,5996,87.36,352,162,5906,10.36,60.01,41.87,229,CANCELLED,19836,10144909,88.3
2022-11-09,BRIDGE,d8043b20760d9b27,3,307,141,61.92,3651,27.8,169,27,2196,35.02,17.01,37.95,98,IN_PROGRESS,23442,71964624,88.1
2021-09-16,SEWER,b395ad037eebd36d,4,330,3,53.76,3152,69.6,33,231,16128,41.67,9.82,72.99,302,ON_HOLD,22985,24979393,92.5
2023-10-15,WATER,2e73cdd9dd40f1f0,3,412,59,43.96,5051,72.65,194,17,14201,25.27,16.97,8.2,219,COMPLETED,18210,57125191,60.5
2023-02-09,ROAD,4b825a3498fc3023,3,116,37,1.71,4681,77.43,120,199,13765,16.64,67.32,71.48,7,CANCELLED,14011,68500604,89.3
2021-12-27,PARK,1f16a683d599879b,5,162,38,35.44,5188,12.94,174,89,8665,48.26,4.89,43.5,111,COMPLETED,8378,28843432,51.1
2020-03-02,BUILD,75366c88c344f20b,2,463,78,1.94,1555,80.77,230,117,6418,41.0,32.73,92.79,285,CANCELLED,23889,70330425,11.7
2021-03-14,WATER,f087c1a8768bcb62,2,24,166,96.71,3825,89.84,165,205,3992,17.8,50.11,41.0,73,COMPLETED,22634,15165906,4.0
2023-07-22,SEWER,ce59056d46b12991,3,313,144,83.33,1849,12.87,273,16,5499,33.04,70.69,58.51,187,ON_HOLD,1138,57823026,71.9
2020-05-04,SEWER,046981734d8de5fc,1,82,51,18.05,4338,3.18,91,51,4887,43.7,26.18,44.36,40,ON_HOLD,8675,66692797,94.1
2022-12-06,DRAIN,85bfcc98569fb483,2,111,13,76.32,1146,50.56,349,157,4096,35.94,33.22,30.22,213,COMPLETED,2048,44844115,8.9
2025-02-27,LIGHT,f83d9808ef7aec1a,3,114,147,85.81,4860,24.8,251,82,17003,4.65,20.82,62.84,321,PLANNED,9541,51194482,88.6
2021-09-22,BUILD,19f22983e74a8189,4,468,88,70.21,4560,45.67,378,209,16301,23.84,51.14,69.53,309,IN_PROGRESS,22067,807157,85.2
2023-12-28,ROAD,1991de8a6dec7ceb,2,325,171,7.03,4170,96.17,94,93,10452,9.35,14.45,43.57,31,ON_HOLD,16255,65527857,29.2
2024-09-07,PARK,b40ab8d302014f2c,3,366,27,51.81,3190,39.3,357,147,7166,40.69,58.17,62.36,317,CANCELLED,4230,14078464,92.9
2024-05-13,OTHER,35b1a4c030ffb5a2,3,85,152,68.38,608,22.15,128,180,12027,58.72,68.06,71.14,195,PLANNED,16289,53442282,75.0
2022-04-25,DRAIN,b72e1487c70d6c29,4,6,102,91.18,2482,16.01,50,173,9265,58.7,63.82,64.31,136,IN_PROGRESS,15080,62854529,90.5
2021-09-30,OTHER,6795acecfe6f5cba,3,410,156,32.35,4702,73.39,220,213,17094,45.94,30.31,68.4,31,CANCELLED,7111,66273041,73.5
2020-10-12,SEWER,0b5f3d15d3f51e80,2,168,164,34.92,5279,68.35,258,246,19940,48.35,12.95,55.06,4,COMPLETED,24836,74477214,64.6
2024-02-21,SEWER,97f6f4db9da4336a,3,335,25,26.97,79,87.6,258,211,5569,35.98,12.96,52.95,30,ON_HOLD,24003,21325412,64.4
2020-03-02,SIGNAL,b9aeac509028b315,5,478,72,8.76,5076,84.97,7,237,15419,47.86,56.23,47.08,97,PLANNED,20915,23500790,80.6
2024-03-25,SEWER,1e8d2f32b5b51b46,5,481,149,85.42,4998,34.94,276,239,13223,55.03,65.32,91.42,83,IN_PROGRESS,3583,7847619,76.3
2021-09-28,DRAIN,b6cca7f24fff9c78,5,68,163,22.81,1454,29.04,307,125,12100,41.72,17.55,61.32,51,COMPLETED,1479,10443894,8.0
2023-06-23,SEWER,a20ac8813fb713a2,2,307,109,93.69,4696,91.33,133,16,11387,54.28,24.9,76.6,311,CANCELLED,9201,60962832,92.5
2024-10-18,SEWER,2ccad4345011b89e,5,286,145,97.1,3942,70.82,130,28,14374,42.28,34.88,40.47,121,COMPLETED,9703,46236551,76.0
2021-12-16,SEWER,756a112b7a0f9de1,4,9,19,33.95,2668,57.19,350,101,11384,14.34,29.91,15.27,284,CANCELLED,2683,63588147,46.9
2021-06-08,LIGHT,7e85f18b7829e981,3,306,123,43.46,386,26.62,106,101,6808,18.19,2.73,99.19,195,ON_HOLD,13338,48099299,40.0
2022-03-13,PARK,437c6a6b62c5c151,3,432,74,73.26,912,64.82,57,208,15955,39.99,60.67,39.81,120,COMPLETED,16837,31365883,41.9
2019-09-17,BUILD,81aafea3bd8153d5,2,246,136,3.44,134,17.27,257,37,13275,12.96,16.6,49.94,76,ON_HOLD,14950,22206269,83.7
2025-09-16,SIGNAL,e4f02820bb824e11,1,262,0,14.36,4549,52.16,27,103,7164,52.13,12.72,38.0,56,ON_HOLD,19465,30288766,3.3
2022-09-01,LIGHT,9c1fb5532686c11f,3,43,47,62.48,4404,25.44,156,86,1331,41.71,35.84,57.31,48,CANCELLED,22454,36667604,76.7
2023-10-11,BRIDGE,5e994a023aa52971,2,404,151,81.97,1701,44.3,161,173,2302,25.52,13.09,10.94,208,COMPLETED,17439,27233166,56.3
2023-07-18,DRAIN,a1609c53ce2d2e86,4,73,27,60.28,4262,48.04,326,185,646,2.14,33.56,49.57,333,COMPLETED,22327,49340333,92.3
2024-08-13,LIGHT,eac65eb563ac252e,1,455,67,76.96,1928,11.22,109,166,5059,20.84,20.91,30.19,125,IN_PROGRESS,6303,29170941,13.4
2021-02-06,LIGHT,ab154275eb758caa,2,29,43,6.75,2109,54.34,8,202,9674,51.13,60.88,24.51,203,ON_HOLD,11785,70559668,47.4
2022-06-08,PARK,980b3c60425cdce4,3,409,162,11.39,5100,82.52,157,20,14746,50.2,12.61,5.33,213,PLANNED,20462,14004300,64.9
2019-04-11,OTHER,85cc85895f6bd770,3,295,151,91.15,5793,72.08,26,196,793,20.81,42.18,7.93,76,IN_PROGRESS,18985,41808962,32.4
2025-02-09,WATER,c6625248bd8bb81f,4,330,68,80.34,2959,55.31,94,228,4139,15.85,10.27,22.88,31,PLANNED,10738,64182050,61.1
2019-01-23,SIGNAL,9d93468ead40b741,4,372,166,12.71,2674,80.49,268,177,1501,50.16,32.8,83.09,359,CANCELLED,15031,4961783,49.6
2023-10-02,OTHER,c7b9af684e2476eb,1,19,121,46.7,901,81.39,313,173,5650,59.89,44.57,65.06,358,CANCELLED,13800,68712928,79.9
2025-06-11,PARK,134e10cac69fe1ba,3,18,155,37.91,3769,83.15,348,136,10286,59.38,4.46,73.06,186,ON_HOLD,11051,25544024,5.7
2019-09-12,WATER,c20ae1d4c3ee78a6,5,331,55,72.45,2843,83.77,163,142,17160,19.21,29.21,78.6,289,IN_PROGRESS,2222,45409477,0.7
2026-02-20,LIGHT,7a9c58e085d3170b,1,22,28,47.37,2899,62.02,249,37,8212,56.72,54.85,68.85,301,IN_PROGRESS,18267,74297685,58.4
2019-03-04,PARK,641dfb76a8c6b7aa,5,267,117,47.83,4344,52.65,183,85,5272,56.36,48.34,54.1,140,CANCELLED,10367,72130879,29.1
2025-06-18,SEWER,b7279005e9ba81b2,3,19,50,11.29,4121,64.5,262,179,1737,57.43,52.8,4.79,51,COMPLETED,18576,68427429,45.3
2024-07-09,BUILD,a94ef435adba47d7,5,37,92,7.67,3821,8.81,16,151,9337,37.39,22.1,19.83,208,ON_HOLD,1593,35347176,41.1
2022-04-08,SIGNAL,2472e3cea2fc971c,5,478,1,27.08,1988,25.73,54,44,10699,29.61,58.35,10.34,159,COMPLETED,12032,38987118,73.8
2023-11-18,BRIDGE,5c82fdc1c78596d8,2,54,74,63.64,3434,42.61,71,231,15406,12.16,6.6,61.3,25,COMPLETED,2674,35606602,3.4
2019-06-14,WATER,7b68df89c2c14211,5,351,103,19.15,767,43.54,20,127,18304,7.14,6.75,82.33,203,ON_HOLD,22560,39833164,37.1
2025-11-14,WATER,8ccf76360d865665,4,48,120,22.27,1104,17.58,21,182,11085,7.7,41.65,17.13,262,IN_PROGRESS,11422,22300245,26.4
2023-12-15,BUILD,3d65b1f7e5b287a1,2,93,166,23.22,5670,6.39,229,100,11919,33.52,59.67,71.08,39,COMPLETED,17423,7479508,55.8
2024-09-26,WATER,664c544916fc7b0a,3,183,33,84.65,4717,75.11,309,207,9706,22.56,48.42,73.04,9,CANCELLED,3613,69236939,97.5
2019-01-10,ROAD,f1f1b6163b5b4f47,3,59,44,39.44,4272,54.67,87,179,12110,37.99,38.5,22.13,190,CANCELLED,18469,47249777,55.0
2022-10-14,ROAD,c1515a0216805acc,2,292,149,14.89,1384,11.73,83,95,6498,57.53,14.71,34.84,211,PLANNED,21276,34220151,35.9
2019-02-10,ROAD,84388977b6efa584,1,330,95,85.02,3450,37.25,304,231,11900,31.35,26.09,63.23,262,PLANNED,21779,38801886,50.4
2025-10-22,PARK,f2f5f38d3816b200,1,258,0,11.07,551,59.93,130,59,19769,13.49,30.86,0.44,331,IN_PROGRESS,22487,29981005,2.5
2022-05-17,SEWER,2a89d2274d8332bc,1,451,156,91.6,4866,77.71,329,11,235,12.11,34.87,84.47,18,PLANNED,14352,47165172,1.3
2021-07-15,WATER,bc5d58ddbf9b2cb3,2,487,41,74.5,2911,59.38,371,150,1573,14.13,54.52,49.89,197,PLANNED,12005,56509639,72.5
2022-08-24,SEWER,429838efe3f21367,4,285,154,2.05,2734,80.26,97,239,6138,15.28,70.62,39.13,255,CANCELLED,2267,5872487,1.7
2024-10-22,BRIDGE,167fec8502830481,1,238,84,48.57,3129,46.73,362,3,766,43.98,24.01,3.56,18,ON_HOLD,6255,28331414,30.7
2023-12-04,ROAD,b6255c12865a4c91,2,170,79,13.42,4854,67.24,12,84,7257,50.45,42.08,14.0,269,CANCELLED,22498,12829667,2.4
2023-06-15,OTHER,8447e9a35eb4a719,1,357,156,29.15,4910,46.13,398,215,461,31.11,62.23,87.59,165,COMPLETED,10801,14154937,66.8
2021-08-29,BRIDGE,e7d4e0438f8c7300,3,150,149,2.92,2707,1.5,259,223,8740,46.94,10.24,32.44,216,PLANNED,10355,14667411,84.9
2025-01-19,ROAD,1a49696e9b192c62,5,69,49,98.83,5687,74.76,280,21,5135,9.02,14.71,54.46,289,CANCELLED,23579,67110877,0.5
2026-01-10,BUILD,b317391ececb0e42,3,477,110,52.06,3759,41.73,386,46,2705,9.54,12.42,65.43,301,COMPLETED,9443,61425615,27.1
2021-08-27,ROAD,58c0e5931a8f7dab,4,180,124,7.93,970,9.52,279,159,6755,31.48,41.37,94.03,183,PLANNED,4069,34387166,36.2
2025-01-11,BUILD,ff27d081be23695d,2,444,128,66.09,5122,60.84,276,154,2456,7.29,34.94,59.51,298,ON_HOLD,11341,8469531,47.0
2025-12-16,BUILD,ea566f6e70c6cd6c,3,14,174,58.24,1341,41.32,342,248,6852,18.51,64.0,90.45,356,ON_HOLD,4532,754722,38.3
2023-11-09,ROAD,991ec5c7e19021f5,3,215,62,55.16,1692,31.04,330,47,18346,12.71,52.85,77.27,150,CANCELLED,8085,73085445,23.4
2019-03-31,PARK,51395063b453e593,3,385,36,88.58,2198,29.75,389,31,10876,47.56,10.22,63.09,148,IN_PROGRESS,16413,59096539,70.6
2020-12-03,DRAIN,173d8ac834552e55,1,237,21,86.82,4070,92.62,118,243,14853,36.8,12.83,12.6,104,PLANNED,5860,11128448,48.5
2022-09-25,BUILD,e9c14795d4deaae3,1,284,144,3.43,1807,82.12,32,16,16762,49.57,36.7,88.9,318,IN_PROGRESS,18491,73510853,73.2
2020-09-26,SEWER,460c4722d09803ab,5,67,97,37.84,3223,27.95,149,193,3672,3.37,31.86,23.39,355,IN_PROGRESS,15096,50509598,63.6
2021-06-24,OTHER,77968889c5560400,1,5,20,10.29,4004,94.24,59,131,2761,29.19,54.61,11.2,183,CANCELLED,16601,20553939,51.6
2022-10-24,SIGNAL,5e30ad3743768045,5,10,89,40.39,1197,98.34,113,26,19878,29.38,28.85,74.74,150,ON_HOLD,5157,36268458,50.2
2025-12-10,SIGNAL,9e67466dcab33a39,1,199,148,53.92,2540,59.8,218,8,15945,0.61,0.41,51.63,317,COMPLETED,10487,58901295,5.6
2023-07-24,DRAIN,20fcb5ec5f74e3bb,1,156,57,40.87,3887,11.34,292,183,2518,41.56,8.22,28.18,192,ON_HOLD,20887,68060307,63.8
2026-02-24,PARK,e6498130bcfffc68,3,52,101,24.68,772,14.19,361,84,7602,14.62,11.23,59.13,304,COMPLETED,24424,46817207,35.6
2025-09-27,OTHER,921cdf4af57b0ba7,4,111,72,62.81,4538,90.45,190,8,17979,31.59,53.02,2.99,2,IN_PROGRESS,20160,56008563,88.1
2021-02-26,SEWER,133ac86e2c35d9ef,2,388,104,23.7,4033,25.69,367,213,9430,26.32,21.93,97.85,167,ON_HOLD,73,4535146,12.0
2020-07-29,DRAIN,67d2fc7c9adc41d5,1,383,27,28.52,3217,67.29,227,237,13276,0.6,44.69,39.85,310,PLANNED,3774,49205793,98.7
2021-07-09,DRAIN,9a524e43006add6a,4,20,6,75.69,3464,23.64,16,168,8706,39.11,48.68,99.21,293,COMPLETED,486,28436523,11.8
2019-11-02,PARK,946928a1d9f1857a,1,434,151,5.76,1013,25.8,78,173,14954,35.09,52.01,76.16,336,COMPLETED,2702,57398890,5.6
2025-03-20,BUILD,ccb5dea566c03215,1,367,22,77.16,2860,87.05,118,177,13403,16.94,28.87,5.39,32,COMPLETED,280,69357775,93.3
2025-01-21,ROAD,daa0e824f260482e,1,450,174,76.74,4605,72.68,264,154,721,21.4,5.27,63.76,242,PLANNED,18605,68737017,75.1
2020-06-22,WATER,77d44e848a5e5217,2,291,178,49.14,5650,86.0,48,186,14604,3.41,18.78,52.14,44,PLANNED,13330,16454152,18.4
2019-03-04,BRIDGE,acd2e3f7f030092e,5,397,21,92.35,1033,88.13,236,58,7167,39.61,29.32,4.89,315,COMPLETED,18816,43469839,42.5
2021-06-02,LIGHT,165162ebe005437d,1,215,0,3.77,285,29.31,366,120,12397,54.14,39.85,92.82,343,CANCELLED,24166,35387090,86.1
2019-10-26,DRAIN,ee068063026ac908,3,97,92,19.24,4805,71.42,284,188,2630,47.67,57.39,71.49,309,CANCELLED,8585,32540621,56.6
2019-06-12,ROAD,f962fef471e58916,3,269,148,88.76,2426,2.46,88,118,7066,42.54,13.72,47.01,176,IN_PROGRESS,15051,16913993,4.4
2023-05-30,SEWER,8547968d0d092035,1,223,114,65.0,3243,15.14,21,85,7779,55.43,55.45,54.54,237,CANCELLED,22613,34319861,78.1
2025-03-22,BRIDGE,ebfda35c7be0392a,2,417,169,23.76,5216,10.8,266,113,15673,17.03,21.74,90.91,336,ON_HOLD,17511,45340920,25.1
2025-01-17,ROAD,a2ae7f927d6e3a74,2,194,159,64.03,2168,15.03,296,67,12542,55.03,46.1,43.4,92,PLANNED,15609,61468840,61.1
2024-02-15,SIGNAL,9a35d4cb195200b4,2,405,179,30.83,295,70.98,343,34,11174,38.08,55.65,16.56,168,CANCELLED,11128,44434789,12.1
2019-04-27,OTHER,a214615ccd6d7e62,1,222,180,0.36,4749,50.25,392,36,6726,43.44,21.21,49.88,85,PLANNED,948,28924671,50.1
2021-08-10,WATER,3468b3d069d63c5f,5,325,155,47.96,1248,33.96,220,186,3685,39.49,12.5,97.63,360,ON_HOLD,23674,36489648,67.4
2023-11-29,ROAD,dba1e2424737f8ce,4,158,74,73.8,1761,82.81,39,72,16594,38.92,71.69,31.41,152,IN_PROGRESS,4882,61599415,51.5
2024-08-28,OTHER,bf83c22b2104c877,1,332,116,78.93,4869,0.18,366,169,2371,30.39,12.7,10.3,218,IN_PROGRESS,19393,36862221,72.3
2020-01-01,PARK,668cc5dfb111d4a6,4,149,145,47.51,798,29.86,100,207,4610,8.48,67.62,58.81,74,PLANNED,24396,42294300,91.6
2021-09-20,SIGNAL,de4390deba9c2b66,3,160,21,86.98,5074,2.94,122,204,2944,56.06,21.99,22.23,254,IN_PROGRESS,24326,54526712,88.1
2022-08-23,OTHER,5b896f0a14a1ae60,5,426,34,7.5,2122,25.44,214,210,3109,43.17,20.37,56.07,198,IN_PROGRESS,4946,1287300,98.4
2024-12-26,OTHER,ef9d0c5d31195242,5,295,11,88.44,3409,99.3,196,224,17536,23.58,70.91,56.75,111,COMPLETED,4952,30683684,72.0
2026-01-09,BUILD,d7e8aca9db252984,1,47,139,41.47,5928,87.84,111,20,19999,0.32,71.72,16.76,257,ON_HOLD,17303,14212532,5.6
2024-08-18,PARK,96e4c2f8596aae4e,5,161,74,52.54,4035,26.55,386,29,12991,43.21,64.86,3.26,187,IN_PROGRESS,18219,16770636,35.6
2020-09-28,DRAIN,a17495c53634f72a,3,422,68,9.87,5336,16.1,257,109,14283,46.02,31.1,61.62,74,CANCELLED,10228,65453535,51.3
2020-12-05,LIGHT,ef4aa1e32bcba40f,1,320,47,87.82,1986,47.24,283,128,3398,56.55,38.32,53.87,19,PLANNED,18262,1319524,88.7
2024-12-01,DRAIN,abfe581623d85e48,2,342,4,42.35,3442,54.87,186,161,14452,41.38,4.92,18.66,188,COMPLETED,5617,52119335,84.0
2023-01-24,SEWER,69ca3a82a00327f8,5,400,39,91.8,5769,62.0,364,28,5102,46.44,44.23,82.59,97,PLANNED,1729,58537707,89.4
2021-12-14,LIGHT,4a4c1aa1db061a21,5,405,23,21.92,3203,25.79,143,215,15080,53.14,16.6,98.59,186,CANCELLED,15117,30319999,8.4
2025-08-09,OTHER,0f896af1ae1ba9b8,5,152,173,93.14,2755,99.13,330,62,13237,2.97,59.69,40.06,313,CANCELLED,14625,38896560,94.1
2019-11-24,PARK,ffd4b8f5993a7cb4,5,490,17,3.87,5032,73.93,331,88,7269,55.1,4.73,64.73,345,ON_HOLD,14602,23921808,30.3
2022-03-25,ROAD,2d2b698babd40f28,5,121,51,76.93,756,52.18,162,51,6129,52.35,42.98,18.06,13,ON_HOLD,19354,58212215,97.0
2023-05-15,BRIDGE,f9c964288216d843,4,349,3,52.94,3273,82.86,315,83,4501,55.37,51.08,3.89,241,COMPLETED,21568,15040342,22.7
2024-02-13,SEWER,2b2f0429892a947f,2,254,42,31.98,3780,64.82,320,129,3068,44.62,30.63,60.79,191,ON_HOLD,22991,47825091,52.4
2023-10-15,BUILD,87a3b8e08c9d825f,2,208,143,95.48,3560,55.18,35,215,13825,38.62,54.64,78.31,335,COMPLETED,3019,35006205,29.1
2021-11-04,PARK,d5fe338b1cd98169,4,396,125,28.14,2072,29.97,319,249,8462,12.41,28.01,71.79,128,IN_PROGRESS,2981,15954355,13.6
2021-12-14,OTHER,7fe8bfd0aadd3e76,2,422,177,19.64,4592,12.68,385,25,4444,31.91,53.76,2.49,170,COMPLETED,7843,33788787,59.6
2020-03-14,DRAIN,dd62127edeb2af5f,2,177,40,92.48,4666,15.93,58,227,246,19.58,36.98,19.44,305,CANCELLED,3064,15643563,92.9
2020-05-14,SIGNAL,570a6424ac4e5f0f,3,75,31,6.13,319,9.59,320,38,14636,58.64,28.1,68.25,267,IN_PROGRESS,694,53942106,89.2
2024-08-10,DRAIN,82e4f40870480dde,5,333,177,83.87,2883,46.85,227,157,17573,7.44,35.15,27.73,154,PLANNED,23750,38274808,80.2
2022-10-31,SIGNAL,a6b5586d13d6663b,3,266,149,23.84,3065,67.42,177,204,8406,59.18,0.62,82.17,128,IN_PROGRESS,2602,36727678,47.1
2020-09-19,PARK,cf0a29b741f5ba8e,1,311,31,21.6,4828,30.65,379,210,14797,31.85,50.26,8.07,168,IN_PROGRESS,9782,38311758,66.5
2021-11-13,PARK,73c59c60465026b4,4,433,166,67.13,4265,79.74,371,235,2009,2.9,15.2,76.76,25,ON_HOLD,1529,466978,54.3
2025-04-01,LIGHT,1b4b4eb4eafcac54,1,297,178,56.54,4143,20.34,86,48,6092,59.98,59.48,13.44,224,PLANNED,19763,71025680,96.8
2021-06-27,DRAIN,759d486f080334f0,5,469,86,15.88,2215,92.46,288,15,9502,46.48,55.82,55.01,149,PLANNED,15429,59605192,1.9
2021-01-29,SIGNAL,277ea80888159a1e,2,364,15,28.8,4802,97.51,255,59,8011,20.55,40.14,89.9,156,COMPLETED,22627,60719233,95.6
2019-05-07,LIGHT,46babe40930eb551,3,358,108,39.72,2622,29.08,191,84,6685,13.99,13.32,46.22,118,ON_HOLD,641,37365193,19.0
2020-05-08,DRAIN,984b77b67e6ab45d,2,198,56,79.73,1381,14.01,101,47,6111,0.65,33.8,39.99,220,IN_PROGRESS,19945,1348738,16.8
2026-02-02,DRAIN,6c3f3978d54da4b6,4,49,10,71.46,779,5.13,60,56,13475,39.01,67.9,76.0,310,IN_PROGRESS,23747,39350517,82.1
2024-08-18,PARK,ca5f4a5fe2289aff,1,125,42,5.93,2796,81.34,239,231,16956,5.47,57.55,34.66,321,COMPLETED,19128,9216649,63.1
2024-01-10,BUILD,ad9feee21d9c27e1,5,14,13,16.38,1621,37.84,298,192,15455,57.73,61.66,97.45,346,CANCELLED,24072,32383881,33.7
2021-10-19,BUILD,fac80dd4ed1db1ed,4,103,4,5.68,2701,70.01,257,213,9525,12.59,33.23,27.43,196,COMPLETED,10190,38092342,12.5
2019-02-04,DRAIN,2bfbb2253fc3f86d,5,410,81,81.04,2291,70.18,332,125,3153,46.3,59.19,15.04,180,PLANNED,22983,22750646,86.4
2022-05-03,DRAIN,e29f40d1d2bc6f7c,3,65,133,29.99,859,63.15,227,227,10295,41.66,30.55,75.28,177,ON_HOLD,3712,62009992,85.3
2023-03-07,BUILD,09f2eefe099583e0,4,195,45,70.07,5968,73.25,176,126,14034,38.49,26.83,5.47,328,PLANNED,7117,37422282,74.7
2022-04-29,OTHER,04da2595e626a083,5,428,52,35.56,4955,58.27,388,222,6817,10.38,61.89,9.72,59,CANCELLED,11116,62671986,50.7
2022-09-16,LIGHT,dcafc24ace9165d1,1,423,138,88.81,5918,86.38,207,185,10283,12.32,39.16,16.3,25,COMPLETED,7623,63402902,50.7
2024-03-10,ROAD,26c4a16226ea9a12,1,480,51,91.78,2285,6.31,291,101,12795,34.87,58.92,53.76,291,ON_HOLD,3828,13715891,79.2
2021-10-29,PARK,e6b4fe0c5f874710,2,435,152,20.79,4362,43.45,282,121,6594,33.71,61.97,38.16,173,COMPLETED,15201,15244781,61.7
2019-10-19,DRAIN,67a7e5e45e21b2e9,1,444,159,61.66,3358,94.05,55,23,6635,57.74,39.66,17.68,67,CANCELLED,9420,23030430,36.1
2020-05-19,SEWER,f54b04b933ff5fa6,1,277,145,85.2,5870,70.63,230,159,3124,48.87,62.28,78.42,6,CANCELLED,13465,39270123,30.6
2025-01-06,BUILD,b42e966d9b26026f,3,470,17,65.64,3349,53.27,167,89,1119,48.93,66.19,47.47,276,IN_PROGRESS,19680,21841843,63.8
2023-07-15,PARK,60576fd374864ce2,1,241,92,82.87,3222,58.84,280,21,3959,40.19,44.58,23.68,236,IN_PROGRESS,3468,21083705,45.3
2021-01-18,WATER,d9908457d0663c4d,5,327,49,89.23,1910,98.67,48,153,1050,13.05,39.42,56.86,168,ON_HOLD,4021,9936513,94.8
2019-05-02,SIGNAL,434f4feb312920d3,3,113,46,87.1,4824,73.31,370,145,13824,3.63,36.01,16.32,289,ON_HOLD,20337,32139104,73.4
2020-03-17,BRIDGE,29057fdfaa7184e8,3,138,26,29.43,2158,29.15,102,112,15734,30.97,21.4,71.4,248,IN_PROGRESS,24174,35129445,58.4
2023-12-18,DRAIN,fe6e3d24b995ff6d,1,376,122,9.81,4338,89.85,69,67,18860,10.57,49.84,53.26,94,IN_PROGRESS,5359,39053648,16.6
2023-12-13,PARK,27b02b618730c51a,2,152,51,83.64,5658,85.71,302,213,10584,21.43,23.45,80.99,159,ON_HOLD,7935,58158022,44.4
2019-11-04,PARK,4d159497b2c5f05d,2,482,8,16.2,3119,15.02,320,78,10054,12.09,15.9,42.77,290,ON_HOLD,22841,53047294,40.2
2024-01-30,BRIDGE,f388060c1cbc1975,4,432,18,88.28,1162,97.76,239,93,12552,6.25,4.24,22.47,149,PLANNED,4694,43971801,7.4
2021-03-17,LIGHT,af327687f629e246,4,133,23,31.94,3547,34.13,63,177,15923,2.45,23.69,15.8,240,ON_HOLD,16721,10002628,31.0
2020-12-07,SEWER,534953f62de847b5,2,293,6,23.2,5096,66.37,305,175,10433,55.28,44.2,5.14,360,COMPLETED,18390,48239882,47.7
2024-12-26,OTHER,de374d6451a4650d,3,441,7,28.63,4315,45.96,128,103,14656,52.08,37.56,27.11,93,CANCELLED,4564,48179838,50.0
2025-12-05,SEWER,567bede80fc33ccd,3,262,95,62.65,5863,41.9,12,229,19126,3.09,61.8,23.26,122,COMPLETED,13714,11306880,6.5
2024-09-22,DRAIN,24a33ec90249ab9d,3,268,84,72.35,885,95.52,10,80,1743,4.62,7.24,27.06,268,IN_PROGRESS,11149,1616733,90.8
2019-03-01,SIGNAL,3f174994a959896a,2,3,124,58.97,2320,46.37,277,241,9634,29.81,10.81,18.56,247,PLANNED,7637,32896837,84.7
2023-08-07,PARK,35f8bbb87c5cd12e,2,177,114,57.51,3444,65.24,278,14,11389,43.36,52.3,14.93,218,ON_HOLD,644,4776278,62.8
2024-09-19,OTHER,1fc55fda844243b8,2,186,111,85.17,3907,46.9,192,241,19906,25.59,20.06,80.97,90,COMPLETED,21378,58537581,2.9
2019-03-31,LIGHT,c8e09d9f95b261a3,5,226,104,17.32,2278,77.67,147,114,3662,57.9,65.61,35.71,8,COMPLETED,16097,19691264,65.9
2023-09-28,LIGHT,3217b2bf15d0991a,1,179,177,42.76,2582,21.86,316,204,10476,20.31,11.36,87.81,12,COMPLETED,10515,73560664,55.3
2026-02-12,OTHER,d20111b4bc49266e,4,117,109,52.23,1990,30.52,307,198,6829,34.63,36.73,45.31,288,IN_PROGRESS,10085,31284802,79.0
2022-03-08,SIGNAL,2f97dcb2faa1aa06,4,223,38,81.85,2380,70.07,180,30,13006,52.45,61.93,98.33,333,ON_HOLD,12799,2962419,91.4
2020-06-05,OTHER,33a7de4ba28cd0f5,4,47,164,91.83,551,86.61,199,31,10197,19.23,12.83,76.21,204,IN_PROGRESS,14484,31076903,3.0
2019-05-21,BRIDGE,67f834b795dc8834,3,25,77,3.79,1097,63.8,266,3,3444,28.15,8.78,0.08,323,ON_HOLD,21688,23446090,31.0
2024-09-13,WATER,a2cf03586e104da5,4,442,165,31.32,557,36.07,58,68,4882,18.18,21.15,23.94,293,COMPLETED,10993,47611616,72.5
2024-06-07,LIGHT,9118b19a8f1557fa,1,76,46,14.73,923,71.34,134,161,9064,54.64,67.84,16.25,91,ON_HOLD,4277,1020826,75.3
2023-12-14,BRIDGE,6ad617f7f1a52abe,3,27,147,89.1,2478,68.24,290,155,581,10.79,9.48,70.84,176,CANCELLED,14516,44182586,28.8
2024-11-20,SEWER,023ae68930d5ab55,2,232,4,33.08,4757,18.22,0,143,12836,15.73,26.71,29.97,18,ON_HOLD,1367,28562664,6.8
2019-04-08,PARK,f6e0eb4b9b8d622f,3,158,126,21.77,944,54.97,65,52,16984,53.26,39.1,71.26,241,ON_HOLD,7388,73994413,27.7
2025-05-04,PARK,1b3d447f0add2b6c,2,67,145,17.03,2622,67.17,239,168,14236,4.99,18.86,83.13,11,ON_HOLD,9339,4559983,82.1
2021-07-01,DRAIN,3e8254994cac7f6c,3,348,87,20.98,677,53.74,33,157,2716,13.05,43.42,80.25,176,CANCELLED,13978,64822606,16.1
2025-05-18,SEWER,e4da1b9347686c46,3,287,42,50.88,1223,36.05,93,112,642,27.35,55.4,38.04,3,CANCELLED,14096,7437629,97.4
2019-06-24,BUILD,949301ef7260d7a5,2,499,72,93.33,5662,12.68,195,91,19930,6.12,42.76,23.9,339,IN_PROGRESS,14147,66075661,99.8
2023-01-29,BUILD,b37ecb2506006d36,5,241,133,79.64,5647,85.09,150,246,13986,38.79,50.22,4.47,165,PLANNED,18892,59873845,29.9
2021-11-28,BRIDGE,7f7854273b5462ce,3,467,159,20.27,3411,84.92,350,195,18051,1.25,55.37,2.41,97,IN_PROGRESS,17940,14974249,58.4
2024-08-07,BRIDGE,431781a8109b533e,5,38,36,70.8,2592,38.25,101,84,5579,29.23,8.57,99.4,263,ON_HOLD,643,55315767,30.3
2025-03-10,DRAIN,ffb76681c492f7cc,2,477,146,6.07,4360,27.55,182,68,9169,57.82,65.31,8.31,120,COMPLETED,9240,5216551,66.5
2025-12-16,BRIDGE,63ac8e925da1b1bd,5,206,120,83.74,4690,82.78,164,53,18439,52.18,19.79,3.44,106,IN_PROGRESS,18183,46755802,9.0
2025-05-07,SIGNAL,dea71cd4c7455295,3,239,113,93.03,5787,86.61,186,223,18498,46.01,32.98,42.54,349,IN_PROGRESS,22906,40802519,48.1
2023-06-26,SIGNAL,4ab6981757d12458,4,312,91,57.4,1564,79.57,21,65,17128,43.49,34.83,77.97,267,IN_PROGRESS,180,12564995,46.8
2023-08-18,PARK,46037ad041f46cb9,4,160,89,51.08,4175,25.77,94,163,17214,43.48,70.57,82.69,157,COMPLETED,4476,65055978,30.5
2019-08-06,DRAIN,7f10e368445f4cce,1,476,21,27.23,2345,22.23,181,207,13959,25.28,42.61,10.83,9,COMPLETED,4255,18440406,56.5
2025-05-09,OTHER,f6137722a3c29b80,2,155,117,79.63,3064,89.79,143,84,17765,6.26,61.89,57.61,259,COMPLETED,18811,64768574,29.0
2024-01-03,OTHER,385e4d828ef301ae,1,137,121,62.32,1791,23.0,184,86,19023,51.23,41.24,6.39,31,COMPLETED,5302,56235836,37.8
2021-12-28,BUILD,58639870d5e78a36,3,95,128,41.01,3952,85.1,211,134,1940,48.42,57.26,95.61,115,CANCELLED,12182,69311490,89.8
2025-06-25,PARK,e1de69d69d60b2ca,5,485,50,48.97,2831,55.52,90,22,1041,11.08,0.14,30.06,301,CANCELLED,4055,48291796,3.4
2025-05-10,ROAD,352cd437124a0093,2,42,68,10.8,4128,69.88,39,25,4362,55.27,21.32,97.66,172,ON_HOLD,2735,66879490,72.1
2022-02-18,BUILD,f4e7e88959c90dd5,2,351,158,0.55,3253,46.59,280,230,17467,13.84,60.45,10.95,335,CANCELLED,9946,3264503,5.4
2023-02-09,DRAIN,36de537b65aa3b9e,3,286,120,27.4,5286,34.1,118,101,10275,23.82,30.54,61.66,313,PLANNED,12073,69940223,66.6
2023-12-21,SEWER,b39e45f18b3b2653,5,458,72,79.09,839,10.55,235,131,15855,29.67,61.54,84.5,343,ON_HOLD,10425,31796440,73.6
2020-08-24,WATER,c33a9be25facd7da,4,456,38,49.68,5281,63.86,214,104,10505,52.05,20.43,37.82,251,CANCELLED,8453,72974639,47.2
2019-05-22,ROAD,dea9b7fa65f6ee9f,3,245,132,49.68,2485,9.42,308,104,15232,27.63,52.42,4.14,43,CANCELLED,9248,27568142,46.9
2021-02-14,PARK,5ec0a8cc176abdfd,1,141,164,15.6,4135,88.24,31,112,17663,52.93,30.42,62.65,22,ON_HOLD,5049,16144021,61.0
2023-04-22,PARK,ad75fb60ff131995,1,242,48,29.26,1455,6.53,181,133,14069,53.87,51.0,25.67,307,PLANNED,5784,60315585,96.0
2024-09-01,ROAD,37ca27ea8b91a0fb,3,324,146,23.62,5045,61.23,241,132,17782,11.14,56.61,56.23,100,PLANNED,9952,65478965,96.5
2021-10-15,SIGNAL,13328f3b243a14f4,4,192,44,34.59,5122,74.27,79,178,17521,1.68,35.23,4.52,60,IN_PROGRESS,24349,55277377,13.1
2020-03-31,BUILD,be3104552dfcd359,2,289,25,41.24,1156,95.63,399,234,6754,6.07,63.3,8.25,109,CANCELLED,20129,13426089,97.9
2020-07-12,BUILD,ae8b7c9e5bf1efd6,1,335,73,65.53,747,2.06,362,3,7288,39.75,66.8,89.13,59,CANCELLED,22591,11756669,56.7
2021-09-07,OTHER,6fe074bc3316269a,1,145,137,18.94,1761,26.23,3,243,9255,44.56,13.88,53.98,50,IN_PROGRESS,11915,42241515,12.1
2021-08-02,BRIDGE,ab558286ca9cd330,5,416,163,26.42,2343,0.81,359,156,13976,26.44,38.98,10.97,219,ON_HOLD,7175,3090698,68.8
2022-11-28,PARK,330f54e49ab31d11,3,419,47,1.58,5815,55.03,35,186,11825,21.59,54.15,59.55,343,COMPLETED,19803,71816439,52.9
2022-07-25,OTHER,ed686c670f19abd9,2,114,155,89.12,411,58.01,265,25,6812,35.91,50.27,51.41,281,CANCELLED,3834,50824704,85.9
2019-10-31,WATER,1f47c7df7d810ab6,4,57,117,91.93,4159,72.26,66,112,2742,15.39,57.62,86.17,203,ON_HOLD,10643,16550904,11.0
2023-05-18,ROAD,ee53387931a0cecc,2,190,72,36.93,1027,41.64,19,89,5622,5.89,2.65,99.65,178,COMPLETED,17539,14599257,59.0
2021-11-24,DRAIN,f8ccdcd73eb10e97,4,344,34,49.13,5831,39.02,98,28,2186,23.78,1.94,18.37,53,ON_HOLD,18714,53555358,7.8
2024-04-08,PARK,c744734dddf1b5e4,1,235,17,17.7,740,64.76,373,30,15286,49.11,13.99,32.73,319,PLANNED,1893,38645329,9.5
2024-09-14,DRAIN,ddbfb2fb326637be,4,402,175,99.71,5237,38.79,320,142,4609,38.73,24.69,89.01,196,IN_PROGRESS,14582,37000919,66.0
2022-08-31,LIGHT,5bda4d13ef0a3503,1,494,117,50.35,924,56.02,396,99,4554,54.19,67.76,39.09,248,ON_HOLD,5444,65196593,36.2
2021-04-27,LIGHT,3b0c9c1b3ab6f64b,1,100,113,0.59,1582,94.11,33,96,2546,27.11,45.52,25.6,226,COMPLETED,21737,64484550,99.9
2019-07-15,SEWER,69c7d9e0696f13d6,2,180,6,45.98,2888,97.72,366,223,17914,10.13,27.03,13.01,153,CANCELLED,563,41630076,1.3
2019-06-11,BRIDGE,f22132e5a7016901,4,101,101,36.31,732,25.97,26,113,2163,25.0,22.99,64.57,191,ON_HOLD,15853,8107764,91.3
2019-12-02,BRIDGE,c6bafb4260c2da7a,5,411,33,89.59,5095,33.53,115,18,3119,4.24,0.57,5.2,60,PLANNED,12003,4988756,53.2
2022-09-19,BRIDGE,eb3d9a6db1ca3960,4,270,161,21.1,2722,43.78,391,173,17799,13.11,17.88,30.37,351,COMPLETED,11047,6975619,82.2
2023-12-15,LIGHT,aa68230d6d17464b,1,252,58,16.68,4297,85.4,78,172,6972,3.47,52.98,50.95,208,PLANNED,22776,65271815,84.8
2021-12-14,SIGNAL,e99d84d871bd80c8,5,431,159,44.21,3472,69.67,267,246,18973,54.68,61.29,10.89,290,PLANNED,23381,41775341,36.9
2022-02-03,DRAIN,ae76171ee880f054,3,352,163,55.75,5924,14.87,31,46,8668,52.06,64.94,52.31,290,PLANNED,18170,12368382,29.8
2023-08-04,LIGHT,653c1b9dcd86f715,4,360,112,80.27,3367,26.59,26,223,8650,0.36,33.71,73.22,209,PLANNED,21775,698394,0.6
2023-07-25,WATER,f39d87475dae63c7,2,32,157,74.49,2939,50.45,378,119,658,25.34,10.96,0.15,202,IN_PROGRESS,17472,56730454,71.8
2025-05-25,BUILD,739ce3c62271e7d4,2,189,148,30.61,1638,17.29,162,28,9249,36.03,6.52,52.22,199,IN_PROGRESS,773,49278649,26.2
2019-11-05,BUILD,ec35f6728d635002,1,240,5,63.27,3746,21.83,275,88,13433,43.47,27.99,42.24,29,IN_PROGRESS,5716,57518049,3.8
2019-05-29,LIGHT,58627617674cc190,2,192,78,58.29,5651,70.24,2,42,7870,20.49,66.11,92.68,298,CANCELLED,7552,62811676,98.2
2019-05-24,PARK,25acacd6bec4df38,2,218,85,59.73,2831,67.86,399,36,10181,12.58,17.43,49.25,256,COMPLETED,4383,4738172,0.0
2023-08-04,SEWER,ec6212b7d4b68d09,5,427,22,65.99,397,62.99,288,112,18106,23.69,36.21,61.38,135,COMPLETED,21553,48466326,59.2
2022-11-18,WATER,14e500b34d8301d7,5,57,55,37.94,1182,62.07,301,53,5716,37.43,31.73,94.56,178,IN_PROGRESS,2525,10579158,40.0
2019-11-12,PARK,90f17af1beab830c,2,146,180,33.29,722,13.62,119,102,17043,9.5,11.63,91.46,287,COMPLETED,21182,63309897,76.2
2023-09-02,ROAD,e687432cbd70caa2,1,275,57,2.98,3847,41.76,382,247,2864,7.93,8.64,72.68,10,CANCELLED,14540,47361812,29.4
2024-09-01,SEWER,36879a2cb1482c46,5,494,180,82.25,5059,73.93,107,19,5648,6.85,53.57,73.35,69,COMPLETED,16359,14368010,33.6
2022-09-01,OTHER,52075246152777b3,1,235,3,65.74,1502,32.83,247,190,16001,52.16,64.96,20.42,223,COMPLETED,4998,56780315,42.0
2019-11-18,PARK,2ccd5f04d9ca497d,1,258,50,15.96,4621,29.95,319,151,4001,26.52,69.34,44.75,114,PLANNED,5492,27570501,17.0
2024-11-29,SEWER,24d098cdbd2451a4,5,69,145,57.69,5082,98.56,167,145,3108,17.18,17.63,78.32,61,IN_PROGRESS,6178,6731577,51.8
2024-07-09,SIGNAL,260b87c9bca1ee15,2,192,10,40.14,753,40.08,95,178,10216,20.94,64.07,83.35,226,PLANNED,13298,26977934,92.2
2025-01-16,OTHER,68649a8da2d66555,3,392,64,12.38,2519,90.69,84,206,9177,55.73,45.91,27.13,311,PLANNED,17228,32628655,63.2
2025-09-21,BUILD,a6a5bd1d2435c9c9,2,197,174,20.69,921,50.72,207,132,11700,24.6,12.04,87.52,255,IN_PROGRESS,5985,4689585,15.8
2024-12-02,LIGHT,3fb185cfe00826f2,2,165,88,43.87,3779,17.85,205,123,1715,18.37,51.63,52.36,74,ON_HOLD,10323,63266607,25.4
2024-07-30,SEWER,d7ff4b559eba35a1,4,140,68,39.64,5672,96.15,360,227,4253,26.57,50.92,92.38,71,COMPLETED,9946,6967957,76.4
2021-09-26,DRAIN,5f5361fad8221fc3,2,277,25,79.07,5731,2.9,283,10,12477,33.24,5.43,39.55,242,ON_HOLD,17489,12797952,73.0
2020-07-24,BRIDGE,ce04ec25187c2140,3,169,73,40.23,1999,80.37,209,170,2746,37.9,65.15,23.98,217,CANCELLED,20974,55891966,56.4
2019-12-24,LIGHT,6c9ed1ff773ebc7f,5,247,99,59.52,1126,34.98,166,131,13883,57.55,62.97,7.72,168,CANCELLED,5974,3366651,54.3
2025-02-18,PARK,0b3f3488093fb052,2,107,71,84.86,5438,89.81,2,167,5641,11.73,37.61,1.93,41,CANCELLED,9485,21029582,86.7
2024-03-11,PARK,bda44867fe1744a9,5,198,63,41.72,2662,43.74,204,231,18351,5.83,55.57,15.57,300,CANCELLED,17406,36572506,43.2
2019-06-21,DRAIN,26149357579b1d16,1,362,52,63.77,4110,27.14,251,12,9431,45.04,62.19,34.51,161,ON_HOLD,3509,17335889,9.2
2023-09-21,LIGHT,954739d13beecaae,5,192,155,96.58,4759,82.28,307,192,11834,2.73,18.24,79.31,47,COMPLETED,12969,73858266,14.7
2022-12-10,OTHER,1bf77f85d11d8c70,5,433,136,65.84,4848,5.37,64,59,18209,39.62,3.12,23.83,283,IN_PROGRESS,713,57318924,92.8
2023-04-08,SIGNAL,b63e0bd260ad72df,1,494,128,75.42,2651,71.88,92,38,10598,7.76,21.65,42.34,24,CANCELLED,13103,43147631,78.9
2024-04-14,OTHER,6ac211bad5843e55,2,24,163,36.36,2359,55.96,169,86,3160,5.21,70.17,91.85,155,PLANNED,535,14101391,69.3
2025-05-07,WATER,db1f06c7dd78f3dc,5,42,175,55.94,5707,97.04,87,192,17803,6.59,27.74,8.91,191,ON_HOLD,8997,22471850,58.1
2020-07-14,DRAIN,bf008c14b34cfd20,4,299,151,80.09,2757,85.0,340,161,5093,34.93,67.12,20.65,224,IN_PROGRESS,3608,30002126,77.2
2019-12-30,SIGNAL,e357a4fd24547469,1,53,15,91.69,2305,26.99,381,241,2727,55.08,44.98,16.16,167,PLANNED,20714,14346269,81.8
2020-12-31,WATER,4a64fff1258ca1f3,1,198,138,60.3,5563,6.35,281,121,10857,12.9,5.55,33.69,188,ON_HOLD,3759,38026405,20.6
2026-02-09,WATER,1bd09d4a061dbac3,2,213,148,29.0,3397,86.55,135,45,11191,48.68,70.11,19.08,75,CANCELLED,1733,20522403,6.7
2024-07-03,PARK,67d10d0cbd04fabd,3,292,43,35.41,592,40.38,37,242,314,49.4,29.87,35.87,280,COMPLETED,4704,22820050,13.8
2022-08-09,OTHER,1eff542e44d99611,5,472,78,88.38,2722,38.88,18,77,7079,40.88,27.35,56.15,212,IN_PROGRESS,17038,71690637,81.8
2020-02-15,OTHER,c3f4329b2896b9bd,1,428,164,71.31,3131,21.67,104,91,19283,1.12,15.56,18.41,269,COMPLETED,1946,66456391,54.7
2022-01-30,PARK,a6889cc167d96d4f,4,382,52,80.58,4203,66.61,245,124,12046,41.62,21.72,39.02,60,IN_PROGRESS,14558,29672205,53.5
2021-03-23,BRIDGE,49fd7e25b50f1237,2,50,3,11.9,3260,82.05,253,44,1454,47.1,10.53,18.26,127,CANCELLED,15448,74369969,12.7
2020-01-16,WATER,8625ca12303ea9c5,3,103,20,95.82,2110,53.94,315,135,4455,20.27,48.66,29.43,282,CANCELLED,15725,8100431,51.9
2023-04-27,WATER,345b6ea4b61809f4,5,55,36,65.82,1898,26.05,87,237,9683,59.43,39.8,89.61,17,COMPLETED,13612,50605323,82.4
2025-07-16,SIGNAL,efd3b52e9268546a,2,361,98,9.92,4587,54.96,61,176,15480,51.24,68.27,99.57,237,IN_PROGRESS,10836,60455458,99.2
2025-08-14,WATER,0694d3baaf742c02,2,322,174,56.47,4369,22.98,212,131,8091,4.82,54.07,5.49,49,ON_HOLD,22408,25384757,11.8
2025-08-13,BRIDGE,5716dfcdf816f2ca,4,226,94,30.77,1879,20.41,180,235,19450,24.42,13.55,37.72,14,CANCELLED,11429,39339345,12.6
2023-04-10,ROAD,34491689c405ac81,4,206,111,19.97,3399,57.42,111,153,9705,32.81,32.89,20.82,63,ON_HOLD,16017,28841173,31.8
2022-05-13,ROAD,e8d4051131659fd5,5,344,129,40.06,3376,8.11,82,233,444,42.64,13.09,49.31,336,COMPLETED,14361,53966707,92.6
2024-02-03,WATER,980b765308beb91c,3,435,87,27.27,322,93.21,16,80,12935,58.55,35.42,53.78,273,IN_PROGRESS,20959,16981541,97.3
2025-01-13,PARK,9e7093b5d418825d,4,290,145,76.44,3374,17.88,350,198,3154,55.06,62.08,69.56,323,CANCELLED,2569,70844491,71.6
2026-02-05,BUILD,a9e28e0b266e6642,3,43,57,19.91,1879,16.04,43,127,4536,17.93,3.31,38.68,244,COMPLETED,5515,7031571,49.0
2023-12-11,PARK,6147f7d556cd12ea,2,474,18,10.24,1981,9.46,94,211,10666,39.15,49.56,24.49,259,COMPLETED,6633,67530477,62.8
2020-08-12,PARK,e4356322cff38b47,5,465,4,55.33,4514,10.8,107,243,8972,10.54,50.17,78.71,55,COMPLETED,22054,4505035,72.0
2025-03-27,BRIDGE,9b238cea16f416dd,2,126,121,30.9,818,21.35,130,5,18768,56.81,17.75,52.6,358,IN_PROGRESS,21994,22173190,53.9
2023-05-26,DRAIN,36f11f02049679e5,4,288,54,81.27,80,23.6,257,31,14902,59.66,52.47,1.86,105,CANCELLED,9110,23290738,4.4
2020-04-10,ROAD,b7cba9724c311e42,1,254,26,88.64,197,94.95,100,125,13989,25.56,53.76,32.21,309,IN_PROGRESS,13179,41117029,71.4
2021-05-07,SIGNAL,2cac6e2b40cd4c23,2,169,103,4.53,2306,82.35,261,208,18692,58.54,53.76,57.36,100,PLANNED,13070,23185486,87.3
2023-09-09,SIGNAL,b2c55dc72618fc20,1,395,32,92.49,724,23.25,378,182,9230,48.34,55.41,80.72,19,IN_PROGRESS,17761,53233443,82.3
2023-01-18,BUILD,c983320fb970b173,1,340,157,51.91,1560,52.74,0,31,7460,4.82,14.04,68.88,151,ON_HOLD,13718,61343270,20.8
2021-08-25,WATER,32d3baa9eb6b2397,4,3,76,73.67,3188,18.02,383,31,7849,52.78,9.19,13.26,346,COMPLETED,23808,5749139,8.6
2021-05-12,OTHER,f6b134cf8116762f,5,177,12,29.19,815,55.16,334,46,16591,31.69,52.6,64.09,263,COMPLETED,7288,18828976,31.6
2020-01-21,BUILD,f376087905ec0a7f,5,35,83,7.38,3393,48.72,54,17,4552,27.01,71.36,38.82,8,CANCELLED,21611,42971518,51.4
2022-05-16,DRAIN,378d1791a5ca5529,3,88,9,6.65,1350,82.06,289,9,5511,52.92,10.75,83.45,248,CANCELLED,4357,34637835,82.2
2019-11-25,DRAIN,7f5bb52a6608de0d,3,123,135,11.14,4704,63.72,98,70,3325,32.51,65.69,98.4,333,ON_HOLD,11138,44145820,19.9
2023-07-17,BUILD,b2fa374baa79d374,4,141,102,38.3,2485,46.92,99,31,13454,20.0,8.48,96.44,344,ON_HOLD,17319,37183484,40.3
2024-01-15,BUILD,97473b1b42f3c40d,4,145,60,22.57,1132,0.68,159,53,5846,53.16,65.53,25.51,159,PLANNED,20958,71242941,41.3
2025-04-17,BRIDGE,d9b0b763ffa63cbd,5,458,137,55.86,708,27.8,271,140,18566,30.33,60.51,81.84,305,CANCELLED,5250,56600434,31.7
2021-01-25,SEWER,adbd9dc1ec4f779c,1,438,150,35.58,3029,7.34,225,172,109,30.19,20.94,21.78,279,COMPLETED,13821,18465972,91.1
2022-09-16,DRAIN,0751f156c5679b8d,3,442,163,92.36,2776,75.72,400,90,966,13.32,13.71,62.65,344,IN_PROGRESS,7235,48948456,4.7
2023-07-31,SIGNAL,15ada759c0327be2,1,333,120,68.54,2015,55.95,380,177,9930,50.26,23.59,13.19,93,PLANNED,24119,21828866,83.5
2020-12-07,BRIDGE,d7b733d9f50967b2,2,293,176,50.65,5974,99.9,304,226,7978,34.13,35.14,94.68,84,ON_HOLD,13904,22576814,53.7
2025-01-20,LIGHT,b79e822542ba41ec,1,264,21,5.27,3231,50.04,45,97,2066,14.53,37.72,87.03,85,PLANNED,12932,68186458,8.4
2022-09-25,BRIDGE,b7a6093542c8da39,4,431,27,26.7,128,74.75,96,33,2103,9.27,55.62,16.49,283,PLANNED,2959,44978463,83.9
2025-12-29,SEWER,2268a642d7aeaef8,5,257,123,99.29,5714,29.99,218,230,257,36.11,28.78,7.76,29,IN_PROGRESS,9357,39299934,7.6
2024-02-07,OTHER,ea34956eed022c17,3,13,180,4.81,3891,1.71,115,50,2160,51.67,33.96,5.68,129,ON_HOLD,4823,13101872,69.3
2025-08-27,OTHER,2ee3042292056628,2,376,38,85.71,4180,51.88,137,202,13887,17.27,66.12,49.64,342,COMPLETED,16374,58022773,20.4
2024-07-02,WATER,3f97a8187429dc92,2,107,38,7.61,72,44.0,125,61,17580,12.81,55.91,11.34,358,CANCELLED,24077,53404660,7.3
2024-08-06,WATER,75609c8ec8a9ab29,3,182,136,16.63,5238,34.53,176,50,3477,4.41,53.54,7.05,108,IN_PROGRESS,14434,66540360,72.5
2020-06-29,SEWER,ade91085cce88d2d,2,484,171,64.72,2345,45.67,160,196,18928,56.47,12.27,7.09,41,PLANNED,19013,11923984,19.3
2023-11-04,OTHER,14aae8e646ffaee8,1,195,96,0.91,4327,60.23,27,120,15383,35.87,28.64,20.76,63,ON_HOLD,19043,53162736,39.1
2019-04-08,BUILD,f7f15873134c6ffc,3,161,51,11.85,2004,5.63,287,83,19877,21.53,33.34,20.18,273,ON_HOLD,9029,21690393,32.2
2020-05-20,OTHER,368dc610ecc6907a,1,33,161,1.59,4264,5.16,66,30,6430,1.11,25.58,95.19,111,CANCELLED,24254,51945534,31.4
2022-05-16,WATER,5d18da7226e28996,4,129,128,87.04,1501,80.74,346,157,19746,2.11,10.28,35.91,52,ON_HOLD,19990,60067884,50.7
2021-09-26,SIGNAL,9fdc3f578773eb98,4,337,75,83.0,3132,80.34,244,199,18845,23.34,38.08,53.44,101,ON_HOLD,1817,6911729,54.2
2025-08-25,OTHER,4fefa8b866f9e772,4,0,173,36.29,2693,43.17,183,25,16828,45.61,58.6,96.87,302,ON_HOLD,8213,32418770,19.8
2025-06-27,BUILD,0a23b4370e78e40c,5,479,20,51.49,978,34.87,357,45,88,20.05,33.31,88.3,166,PLANNED,16627,46745480,85.8
2022-01-05,WATER,7e117454f8a8a856,2,109,99,80.7,791,59.99,137,23,1422,49.67,61.97,74.51,270,COMPLETED,15785,18276724,24.4
2025-01-20,ROAD,a09f8cd73f723bda,5,99,34,48.59,4595,81.36,215,218,16217,42.25,23.46,2.56,338,ON_HOLD,23168,20127473,18.0
2022-02-01,WATER,691cf87b8542caa2,5,285,138,39.46,4710,91.46,51,64,19771,23.76,6.49,1.45,289,IN_PROGRESS,14472,55632249,88.7
2023-11-09,SEWER,926888fae77e68a7,1,148,92,8.07,2535,42.93,373,104,8922,28.98,60.67,54.7,211,IN_PROGRESS,18053,70465278,12.1
2020-09-07,LIGHT,d9cc4acb9ce9d104,2,70,77,56.96,5020,62.67,242,222,7397,1.85,34.59,25.63,175,IN_PROGRESS,13862,42830409,90.2
2019-10-29,PARK,d1f0a12dde56d3e0,1,30,70,70.92,2418,73.81,185,148,8985,34.38,69.89,61.1,305,COMPLETED,1025,48904125,88.3
2020-11-18,WATER,5b5d01e343cfbd65,4,397,69,10.35,2758,84.64,161,9,5305,11.57,42.62,90.82,289,CANCELLED,652,53023785,96.0
2021-04-12,SIGNAL,99451f09e26fb77c,3,198,86,8.65,3250,65.81,1,180,18564,49.5,69.02,65.44,206,COMPLETED,19679,79138,4.4
2019-10-20,PARK,78c22285ce6387f1,2,79,129,29.28,80,14.17,279,154,6726,17.11,61.39,14.2,229,COMPLETED,21554,54568668,85.2
2025-11-18,DRAIN,1c7410cc8a41d68c,5,296,71,60.2,2527,63.06,349,6,2628,20.95,65.68,79.67,343,PLANNED,15936,38512136,90.4
2021-11-12,PARK,d690cfb4b2339b99,4,481,29,12.8,3343,45.67,223,100,14476,55.23,3.93,94.93,166,CANCELLED,12198,29433401,99.4
2022-07-13,SIGNAL,680075982f238ef3,4,211,141,77.39,4072,11.43,69,157,18320,50.16,24.45,40.7,299,ON_HOLD,13721,5512595,24.8
2020-01-02,BRIDGE,117126b73433339f,3,200,170,19.96,5738,60.02,4,53,14839,8.91,59.19,3.58,347,COMPLETED,11407,38002887,81.2
2021-06-03,LIGHT,a45e4e5b9c04c70e,2,233,15,1.17,2337,89.1,354,0,6299,46.04,18.92,62.7,364,CANCELLED,18673,73291004,67.9
2019-06-24,ROAD,2244ab0d8e60807d,2,289,134,28.26,2734,50.85,100,27,10424,32.42,61.81,46.18,332,PLANNED,21920,47946935,19.5
2020-04-05,BRIDGE,393bf1185cc9e34c,4,136,26,46.41,1041,9.45,334,83,4545,29.17,43.14,4.58,54,ON_HOLD,6556,8798825,74.6
2023-03-19,DRAIN,347ab6da4b6102d1,2,426,47,99.15,46,54.95,199,180,2835,57.81,69.24,95.3,251,CANCELLED,5064,8685285,84.2
2025-10-24,PARK,c232b0abb2098433,2,37,36,5.89,721,26.0,157,231,12665,19.58,8.71,95.95,158,IN_PROGRESS,9056,1166333,60.2
2019-02-28,PARK,c51581a52ac75e53,5,313,59,34.05,1069,59.68,355,92,9040,48.27,6.89,7.32,137,IN_PROGRESS,22076,47864709,62.1
2020-02-26,BRIDGE,17c308d51469fb23,2,237,78,45.12,5244,18.57,220,80,16009,35.03,33.41,74.34,130,ON_HOLD,11379,58765080,96.5
2022-12-10,LIGHT,2d9bfd153af1d900,4,402,10,35.13,111,21.84,150,131,2975,21.56,51.83,44.77,188,ON_HOLD,24856,73085833,0.0
2023-11-02,LIGHT,8049c9ef76c8e8c4,5,450,35,49.62,1796,55.71,269,8,3162,57.54,5.31,15.84,141,CANCELLED,9746,18739320,7.5
2026-01-23,OTHER,a78e2c8781b4d14e,5,79,157,62.58,4794,24.43,364,198,17224,29.25,26.51,6.96,224,IN_PROGRESS,9044,74806756,98.2
2021-06-09,OTHER,679de252a6eb5c9d,2,65,146,7.31,2904,97.84,195,116,206,46.52,16.96,22.94,171,COMPLETED,3421,39484219,42.0
2021-03-10,LIGHT,d603ef2bbf33ff96,2,372,48,15.6,2833,96.85,263,214,19395,40.54,29.85,99.06,98,PLANNED,4591,12049918,79.1
2022-05-27,ROAD,62d865390c9b0fe3,5,49,113,10.64,1350,55.86,62,57,12050,41.25,56.14,40.36,359,PLANNED,10268,6598302,60.8
2023-04-02,BRIDGE,1ac96cc327dcc5b1,5,349,90,97.5,5709,47.19,288,225,6934,1.28,22.43,32.41,252,PLANNED,22009,63258751,54.5
2021-09-28,DRAIN,c35c6d2c9bb1ce3e,1,433,180,98.67,1880,58.59,323,100,12805,46.65,21.45,47.56,310,IN_PROGRESS,19943,25989980,5.4
2025-09-24,BRIDGE,eece5cac01c340f9,3,335,164,51.43,1462,46.25,124,148,16434,42.08,11.31,34.16,304,COMPLETED,9105,61854559,64.0
2024-08-24,ROAD,657ee978ac8d4a15,5,107,43,21.83,864,60.23,82,21,4486,22.92,19.2,3.77,317,COMPLETED,3201,73773937,29.8
2025-01-28,SEWER,deb27ce9a07196bd,1,225,92,84.91,4572,53.02,178,10,9963,26.92,15.36,21.61,160,IN_PROGRESS,13038,41153726,44.9
2021-08-12,SIGNAL,c38cdd99206023f3,1,338,45,66.09,814,99.28,148,143,16162,54.27,30.3,75.02,291,IN_PROGRESS,7152,72170846,38.8
2020-04-23,SIGNAL,6862da0be25bbcc3,2,64,155,35.94,5943,90.47,222,240,8962,32.12,45.21,19.1,330,PLANNED,4940,17526770,9.6
2019-03-10,LIGHT,7b39207b2462d3fa,2,219,139,41.21,4974,54.29,57,118,16612,59.21,24.98,0.27,248,ON_HOLD,7515,47549824,24.7
2021-04-28,DRAIN,03cc00616335ee69,1,309,93,64.81,5295,23.26,147,151,8553,27.04,26.39,60.67,349,ON_HOLD,23130,70362113,4.0
2025-07-10,WATER,ea7313ebcbbd867a,2,117,57,90.81,3348,72.24,278,38,7216,7.25,14.78,27.0,275,PLANNED,10793,1079283,49.4
2025-10-13,PARK,891eb97fdf21b7fb,2,263,117,81.83,1464,13.31,54,159,13959,35.82,49.28,61.71,157,ON_HOLD,9569,28959553,32.4
2020-06-17,SEWER,01a045055a598ddb,4,58,77,98.99,5567,0.28,106,216,18413,58.82,31.66,96.6,304,COMPLETED,5185,53616467,97.3
2024-08-04,DRAIN,a669bd0f537227db,1,494,169,48.11,3854,45.88,120,215,7386,41.96,46.66,58.01,265,PLANNED,7148,19878659,79.3
2025-10-01,ROAD,b805c42779f74c17,4,379,100,48.81,44,33.42,192,187,9701,42.54,39.82,63.95,39,IN_PROGRESS,19794,62007429,58.7
2023-05-08,BRIDGE,412160687a2ffb50,3,311,43,51.68,2638,72.27,26,78,698,2.72,24.74,93.24,239,PLANNED,7356,5212201,78.6
2022-05-07,WATER,50c3e76083c1e1e8,2,101,139,48.76,2371,62.15,246,110,7289,36.01,59.78,23.57,123,CANCELLED,11243,57110443,43.4
2022-01-01,SEWER,810752d9de5b8253,4,45,150,97.26,4230,19.78,306,18,10894,25.92,17.29,93.32,65,CANCELLED,9967,59278775,50.7
2022-12-03,BRIDGE,bc53fa609b48d69e,3,324,94,15.74,3078,14.45,395,50,10656,23.92,61.47,72.51,177,PLANNED,6699,59028058,8.8
2025-05-25,ROAD,ca55fcf3de2f36e8,4,487,162,55.63,433,58.75,91,200,10173,35.12,9.55,47.64,35,ON_HOLD,9383,41817932,12.6
2022-07-24,DRAIN,3863b10f8285303e,4,473,126,55.0,2108,13.25,280,45,6178,27.21,16.52,54.96,14,COMPLETED,18140,41192355,89.8
2023-07-01,WATER,87c795394f3a9c08,5,377,68,22.37,2955,54.78,111,20,12390,47.49,21.43,59.18,6,COMPLETED,3232,35350609,16.3
2024-11-18,DRAIN,94b8e0af8f70527b,1,7,58,70.01,5131,84.03,109,64,18948,7.99,41.44,98.77,110,IN_PROGRESS,7313,32065910,77.8
2025-04-21,PARK,7b4100d71015b277,4,458,32,26.64,5644,13.76,321,180,9088,28.4,22.21,32.92,192,PLANNED,2251,10295950,90.2
2023-04-19,DRAIN,30e41eff6aeccc5f,4,434,45,14.12,3908,41.87,181,13,8424,30.79,66.21,11.3,39,PLANNED,12473,59269796,53.7
2024-11-24,LIGHT,faa013f15d71e462,3,255,169,73.25,2421,33.6,134,95,10950,5.15,52.4,82.69,360,ON_HOLD,5488,6753933,53.3
2022-04-23,SIGNAL,e00f26745d7d6968,3,406,68,96.23,2831,69.1,99,166,17216,57.14,9.08,63.0,115,IN_PROGRESS,1821,33193078,46.7
2024-09-11,PARK,84b9d4c815b1f0fb,1,365,57,42.33,4309,33.16,6,226,10676,30.16,10.55,16.0,313,IN_PROGRESS,23669,12027122,44.8
2021-06-09,WATER,1bd2ed0bde9ce531,4,257,78,31.37,4902,11.29,239,50,13915,37.66,58.4,9.94,230,PLANNED,7586,36564626,36.2
2024-11-23,BUILD,75f1d0c21dd718ef,4,291,34,45.09,2679,46.29,324,80,13912,52.17,34.74,68.95,331,CANCELLED,13163,20337252,11.1
2023-03-23,ROAD,bda37d968e3b5be4,5,142,36,7.61,1080,24.48,219,198,18396,45.27,0.29,41.33,322,CANCELLED,21966,71085706,15.6
2020-06-23,WATER,e6ae4995aa25227a,4,168,1,63.18,4283,37.06,305,209,7264,42.39,38.9,95.94,262,COMPLETED,22259,48542933,65.1
2020-02-11,LIGHT,21434ed4e7cbebe5,3,232,20,6.99,5387,63.52,167,179,2033,18.85,10.67,55.59,332,IN_PROGRESS,16566,1756266,39.5
2021-08-06,WATER,278d35c143e18c60,2,109,82,27.94,3368,1.85,40,223,12306,52.67,48.79,22.38,60,COMPLETED,423,10267725,47.4
2022-08-03,OTHER,74bb040e4f6b8f31,4,358,176,58.02,2378,85.32,264,153,4704,34.28,51.87,66.85,114,COMPLETED,6080,40800442,98.9
2020-11-02,SEWER,492622bf9c59138f,3,423,121,82.29,2308,42.72,195,54,9921,5.31,24.74,36.57,99,PLANNED,21211,71699541,19.2
2021-07-02,DRAIN,c56dc98a3104aee0,1,417,38,93.64,1483,79.3,15,92,17378,9.44,34.17,33.46,188,IN_PROGRESS,8852,42966935,49.7
2020-10-31,DRAIN,295a96d399f74671,4,331,126,89.65,2705,50.34,259,170,9810,4.77,1.28,7.46,311,CANCELLED,21260,63285428,35.5
2023-05-02,PARK,0a2bd7493a260a75,3,37,87,12.24,4282,17.31,359,126,18240,23.52,45.08,6.52,62,ON_HOLD,19124,35802114,3.0
2019-09-07,PARK,6c2f50fe88cac8c3,3,250,3,85.11,1174,55.48,325,175,2284,52.77,34.05,56.91,341,ON_HOLD,11432,71669153,25.1
2023-12-12,WATER,fd175594e031e6fd,5,104,56,29.75,142,7.42,191,239,15786,24.98,50.55,29.69,123,IN_PROGRESS,6757,73194076,85.2
2023-05-25,SIGNAL,d23e5d49ad6c558d,5,63,16,91.11,3535,7.04,136,117,1346,59.55,39.49,67.48,115,PLANNED,84,1887707,25.4
2026-01-23,SEWER,492d6bc537178cea,4,470,148,21.2,4867,55.09,159,46,7987,34.29,18.59,36.77,293,CANCELLED,13909,45398816,2.3
2021-10-30,OTHER,1d5f09997a273e4f,1,158,4,52.23,2824,7.93,17,100,9549,47.98,32.89,96.25,124,CANCELLED,24983,38156672,6.1
2021-07-29,OTHER,398169fadc888455,5,181,52,29.41,2995,47.0,168,113,5739,36.32,30.35,11.12,92,ON_HOLD,8761,66318365,1.8
2024-08-12,ROAD,04822162b925836b,4,480,161,18.53,2151,92.93,177,200,6066,52.72,27.43,53.08,357,ON_HOLD,5059,32114896,77.6
2022-03-22,SEWER,79e1c53e0e514713,3,265,138,50.64,5068,56.09,207,34,13104,40.95,34.54,82.81,192,CANCELLED,13187,32705479,11.7
2025-02-18,OTHER,fc7f578174ec9b51,1,8,140,93.0,3183,47.23,87,184,2300,20.86,7.28,13.71,253,CANCELLED,601,12892766,57.1
2023-04-23,SEWER,71cff7f42b5f064b,2,408,98,42.07,2122,41.25,51,215,3360,28.07,14.88,45.51,295,COMPLETED,7756,4621024,80.1
2021-08-15,SIGNAL,fec5b4e0cc8e5c87,1,388,6,49.23,4739,16.17,171,111,16145,16.54,71.65,60.43,93,PLANNED,130,16558616,20.9
2025-11-12,SEWER,0aac682f94b49988,2,72,0,84.64,5849,82.61,303,62,2454,42.75,5.86,76.65,63,COMPLETED,5628,59600392,40.6
2020-06-12,PARK,a91e29023bd00d2e,5,354,58,18.28,5044,77.94,356,222,6507,17.21,67.75,82.56,184,PLANNED,6721,34894638,98.7
2025-09-06,SEWER,9eec8a39e385ccff,4,177,148,33.61,5714,78.6,189,121,6858,26.56,36.92,77.0,97,COMPLETED,9889,47656337,55.7
2024-09-16,OTHER,6db5c48223b96829,3,227,23,31.42,2013,33.77,239,194,5592,49.65,7.7,2.57,121,PLANNED,4463,3027910,90.0
2024-07-04,BUILD,619e8a10e479f9c0,3,216,71,93.13,4279,50.48,85,4,2165,13.73,61.08,51.59,76,PLANNED,11488,55115733,71.7
2019-05-10,LIGHT,9b0ed5c6642e10fc,3,424,64,99.44,1730,95.73,9,235,4193,22.37,69.17,55.56,225,ON_HOLD,24461,4202278,16.8
2020-02-22,WATER,b813add6f5314860,5,80,95,56.17,224,57.12,397,5,4506,5.64,25.75,1.39,91,COMPLETED,22537,9555522,14.0
2026-02-10,OTHER,ab1128abfdda99c8,5,345,98,17.45,4248,89.04,203,55,861,10.54,48.81,40.82,302,COMPLETED,19149,70897946,0.8
2020-07-10,LIGHT,763059868d52f759,4,402,84,74.02,2045,47.18,62,240,6007,9.37,16.78,82.69,175,CANCELLED,11930,68996148,95.6
2022-11-11,WATER,ad9c205ff8c29c6e,2,432,173,21.36,1123,89.06,232,245,8719,40.83,53.18,10.23,150,COMPLETED,12260,15182863,50.8
2023-12-12,DRAIN,ef256dd3db9457c3,4,79,85,55.18,5152,58.97,270,238,15695,34.58,17.42,18.24,70,PLANNED,8907,55592689,34.6
2025-12-21,OTHER,796e0688166b0f67,1,253,110,72.43,860,72.93,146,48,18452,34.03,48.99,27.84,158,PLANNED,843,8178371,50.7
2021-04-27,ROAD,3aa06f631169066b,3,267,89,72.28,5007,34.53,137,111,6277,39.53,22.45,76.91,153,ON_HOLD,12256,10301336,3.4
2025-11-30,SEWER,cf2df9588791f621,2,336,27,32.7,578,74.63,135,96,7846,47.96,2.81,74.6,141,PLANNED,11596,54524693,28.4
2020-09-11,ROAD,a117aada9071e1df,5,179,57,73.07,540,49.01,40,141,690,28.69,55.75,72.55,189,COMPLETED,3768,6023799,84.4
2021-07-03,BUILD,b61abef32eeb660d,2,146,15,94.59,2802,5.26,393,148,3024,50.21,32.69,71.85,124,ON_HOLD,6582,68409899,15.7
2024-04-27,BUILD,4060bc0597758502,1,242,102,79.96,5563,30.59,236,152,7630,35.49,59.65,3.94,49,COMPLETED,22247,74023156,23.3
2023-07-06,PARK,ecac3b6d93482846,3,103,114,54.69,4332,47.4,130,72,16746,1.99,19.16,56.63,227,COMPLETED,8527,68014202,11.7
2023-04-11,DRAIN,76045695e548b128,2,331,53,87.9,3110,17.87,10,42,10529,22.67,0.55,90.99,353,CANCELLED,3811,74178449,14.7
2020-06-15,BUILD,dc75bfe061c60255,2,416,134,21.17,4803,27.57,0,71,16555,34.41,50.24,37.8,19,CANCELLED,22968,35943434,31.9
2021-05-18,WATER,37d804a09a074759,4,49,127,83.92,3096,39.53,299,59,14500,19.26,26.34,35.12,249,ON_HOLD,217,21076842,28.4
2022-06-06,DRAIN,7cf0c50b1d7a2b70,4,310,5,60.36,1920,19.14,89,51,7533,6.05,5.87,56.44,156,ON_HOLD,7028,22720332,69.3
2024-04-24,DRAIN,dcb56da0e8e13e19,5,232,38,49.34,5436,97.36,399,26,3891,38.99,1.7,11.06,23,CANCELLED,20117,57441313,11.0
2025-08-21,SEWER,1ca3182627dac18b,3,1,27,70.47,5189,33.31,175,189,9683,25.28,39.41,93.58,61,IN_PROGRESS,24628,25090152,20.4
2023-07-31,BUILD,52a15e9f278c6627,3,70,136,35.75,1736,91.51,318,142,14487,12.48,48.14,24.51,292,ON_HOLD,1245,47572545,49.4
2022-12-11,PARK,1b9a4f9e102188b1,5,133,166,84.92,597,14.3,44,160,11034,58.35,16.35,22.76,125,CANCELLED,6637,50706748,66.4
2025-11-25,DRAIN,66f894726b2cc8a4,2,271,23,23.35,5415,27.57,34,190,14628,29.61,13.56,39.71,179,ON_HOLD,6755,20503511,41.2
2019-04-19,PARK,02ab1ca3d0317ab0,5,247,1,30.67,154,69.81,320,120,19325,19.46,16.04,12.36,144,IN_PROGRESS,20214,73617747,82.1
2025-12-18,ROAD,ab51229f7a634c03,3,202,41,44.3,1790,26.09,96,239,15495,40.84,13.48,94.11,50,IN_PROGRESS,17938,65084632,59.5
2022-07-15,DRAIN,3c09bd1cad7811c5,3,438,61,40.42,83,25.49,39,125,365,57.6,19.85,18.96,176,COMPLETED,24693,46292601,95.0
2021-09-12,DRAIN,15f8aac56ce94706,5,228,169,13.76,4629,66.7,369,186,10282,19.19,61.06,22.72,233,COMPLETED,10666,3536808,92.5
2025-01-11,OTHER,69812e4deb7372e8,3,410,106,14.64,3584,24.31,153,246,7415,21.03,62.81,23.91,93,CANCELLED,8547,30010216,97.6
2020-06-25,ROAD,a6f87cefb9067e97,2,415,9,90.24,1908,20.75,291,88,3482,40.12,18.3,44.02,157,ON_HOLD,5227,9825401,4.5
2026-01-02,WATER,ffaca53f34dec239,3,452,177,48.07,2938,73.17,129,187,19107,36.41,48.17,53.59,301,PLANNED,7859,70960626,97.2
2023-05-31,ROAD,0acba972cdfaedef,5,32,52,52.49,2677,76.84,365,239,5262,29.36,69.7,94.13,9,IN_PROGRESS,15686,61003225,80.5
2024-03-13,ROAD,f28361180889fdf2,2,3,102,61.9,4835,75.31,245,231,12313,19.11,41.41,78.4,324,IN_PROGRESS,18640,28371311,14.9
2020-11-28,BRIDGE,382c5c1202bcbc7e,5,336,6,41.38,5913,64.61,240,166,2960,27.22,20.36,68.39,246,ON_HOLD,24957,59373050,26.9
2020-02-07,BUILD,cf54c2949eb55bad,2,373,132,52.27,3441,62.09,55,249,14897,22.05,57.12,46.33,24,CANCELLED,7484,19724174,19.8
2024-05-18,SIGNAL,dc04ee0d7fd8a0f5,3,17,24,41.35,3275,42.23,151,36,19928,44.24,34.29,60.61,53,IN_PROGRESS,12978,50964559,51.1
2025-06-17,LIGHT,7e745398a9e4afae,1,380,153,29.99,3483,9.7,238,247,13852,21.49,48.05,0.33,322,IN_PROGRESS,22879,67870786,61.2
2023-01-26,SIGNAL,d52150dc4e96131a,4,431,152,24.61,3732,17.08,51,136,4848,49.97,10.62,42.28,285,PLANNED,7881,18015275,66.6
2021-07-25,ROAD,9e6377be13f73834,2,243,47,17.98,2168,54.68,144,182,8063,48.93,5.9,16.58,251,ON_HOLD,12671,13699731,79.1
2020-04-27,PARK,9f522db2f2eafd58,1,387,62,68.52,5553,97.23,52,182,4264,24.39,63.93,72.6,352,ON_HOLD,13784,55036884,34.4
2022-12-07,BUILD,c0516f1c337b1ab9,3,327,54,29.79,4457,41.9,341,116,4412,10.76,1.21,45.72,153,PLANNED,6815,45229742,75.7
2019-01-30,SIGNAL,7c9186c4a293617c,2,158,157,48.86,2312,60.49,30,7,15799,43.06,49.18,30.41,93,CANCELLED,20374,17918070,83.7
2021-07-06,DRAIN,e869b19ffdb7824e,3,116,131,18.37,5870,13.68,139,250,8452,5.37,70.73,46.72,132,COMPLETED,12390,45414922,58.9
2022-03-28,BRIDGE,4770d59cfd9b61f8,3,169,76,55.46,5227,84.84,188,5,12016,15.36,70.83,5.44,190,CANCELLED,12304,67178745,87.8
2020-06-01,LIGHT,fa3eda18f97c5f66,3,69,55,67.47,4251,21.27,44,96,10585,52.08,12.49,91.14,215,PLANNED,11832,54834699,48.8
2019-03-25,BRIDGE,3d766a6e498d5125,3,482,49,24.71,1787,86.37,384,236,18584,30.61,31.79,68.64,168,CANCELLED,11738,44724384,58.2
2023-08-29,WATER,fcdfd0d3d338eb69,4,119,94,60.23,3374,12.09,249,106,18463,22.69,10.5,78.75,252,ON_HOLD,1914,58158531,35.4
2025-06-14,WATER,93673edd72538cf2,4,161,130,53.82,2858,32.74,125,1,6034,37.04,21.93,79.8,206,ON_HOLD,13676,36599700,87.0
2022-03-22,DRAIN,124591dc3e14120a,3,14,79,9.91,2425,73.65,226,218,374,49.8,56.02,25.74,111,CANCELLED,11254,13870149,36.5
2023-10-08,DRAIN,c08dc8e8e1c7fce6,3,7,95,4.35,997,67.02,21,153,19398,18.59,13.82,62.0,249,IN_PROGRESS,22267,42400699,58.2
2021-08-30,BUILD,5e4573a78789792c,4,331,121,65.09,3869,37.66,359,164,6002,12.14,59.35,73.61,24,PLANNED,9380,67773911,30.7
2023-02-01,ROAD,504c3b53eb74874a,3,427,59,50.92,2840,46.43,251,132,2512,45.08,7.3,16.28,191,PLANNED,20724,15161246,28.8
2023-10-31,SEWER,130b8ae7f30ec7de,1,107,2,61.42,4262,71.59,23,205,378,40.78,61.83,94.15,269,PLANNED,18315,74590274,22.6
2025-01-29,BRIDGE,c070029423ba8fe4,2,36,3,94.87,2128,40.83,119,15,10690,22.37,0.97,93.86,171,ON_HOLD,15802,61473062,1.7
2023-10-23,PARK,3425fc1fca5dc6b1,5,113,72,33.25,3578,57.23,210,3,6695,23.44,4.15,89.27,333,IN_PROGRESS,1971,61285468,5.5
2023-03-19,WATER,a5ac825b1f4131d0,3,46,175,41.65,1324,85.4,34,81,14414,5.59,13.06,57.65,342,PLANNED,2248,8320985,96.6
2024-11-24,BUILD,295e5f5af4487703,1,44,11,36.2,385,70.22,144,186,6406,13.3,60.16,80.95,201,COMPLETED,4924,4226060,15.7
2023-11-02,SEWER,859af930fdb6cb9d,4,384,105,2.1,3230,93.92,380,108,13865,58.57,4.65,94.08,160,ON_HOLD,10508,71293175,92.0
2023-05-28,SEWER,bf7c6fe630cc5c47,3,491,87,14.88,1296,38.21,345,250,18687,47.96,52.43,41.55,178,COMPLETED,14658,8183925,92.6
2023-08-23,LIGHT,7ec8d5217ecc2c7a,1,337,74,31.1,1479,25.64,307,81,2100,29.21,47.64,52.98,197,ON_HOLD,5314,67014399,10.3
2019-08-18,DRAIN,9f81ba763e358e89,1,175,71,25.66,5899,57.76,264,226,22,15.91,64.46,18.8,186,CANCELLED,6686,68614446,7.4
2022-12-22,LIGHT,133c37529f4c0520,2,248,124,51.77,5667,53.95,221,182,4035,13.83,34.59,87.81,156,PLANNED,22904,18422080,5.7
2021-06-16,BUILD,0cf188adbd9dd8b9,5,42,40,66.29,5459,99.01,287,219,5947,48.32,11.08,70.33,144,PLANNED,18554,29993748,61.3
2024-05-10,WATER,d85b09e4269e21aa,5,27,106,29.91,594,24.03,18,46,15633,40.93,66.67,49.38,247,IN_PROGRESS,24895,51587373,93.9
2022-07-11,BUILD,94ddb59001f5a77e,2,295,142,50.03,2399,64.35,57,139,13941,52.53,39.42,45.07,323,PLANNED,15871,25194989,14.1
2024-12-24,PARK,bab60d1f8aeae6dd,5,2,99,16.54,2435,13.86,228,86,1674,50.96,49.44,19.07,297,PLANNED,22408,13151569,61.6
2023-01-22,BRIDGE,95edb4c6970ae24f,1,83,66,94.33,4462,86.72,274,189,13339,46.22,17.52,67.0,363,ON_HOLD,10647,49572527,64.3
2020-12-09,SIGNAL,ca335236c5de1ac0,4,282,151,56.76,126,28.85,275,8,19006,3.66,30.88,99.13,356,ON_HOLD,16514,14921736,0.9
2020-06-04,DRAIN,1633a510d31cb6e4,1,396,72,33.75,5970,84.73,373,181,16848,25.4,54.18,68.65,316,CANCELLED,21287,38579589,2.5
2023-01-15,BRIDGE,32699d7b4d7dfc5d,5,33,132,41.33,3150,10.98,9,222,5978,34.03,43.24,50.53,83,PLANNED,19828,31697756,30.7
2025-04-17,LIGHT,e771d9853a24627e,5,199,52,6.2,479,32.02,373,242,10913,57.87,36.91,43.08,232,IN_PROGRESS,16525,56608337,40.3
2019-02-19,SIGNAL,590d13a5ca0e9838,4,391,80,31.48,2666,77.88,98,152,19539,3.09,29.31,20.3,24,CANCELLED,19914,6062628,51.8
2025-11-04,SIGNAL,0dbfd4e533d0fff9,1,318,173,89.62,5395,56.82,252,90,10849,11.5,57.36,89.34,195,CANCELLED,6222,52995058,11.8
2019-02-02,SEWER,7be651fe88c2befb,3,177,127,10.03,3730,44.2,353,124,18170,21.92,37.69,93.53,229,COMPLETED,12835,2391206,31.3
2025-05-31,LIGHT,c258b4dea3298b9d,3,306,82,82.14,1242,72.19,127,194,3229,40.68,0.53,39.83,173,CANCELLED,4230,69381983,74.2
2025-04-14,BRIDGE,841034fd1d3e1675,3,418,107,21.15,1549,22.24,179,90,5766,9.95,26.12,57.97,174,IN_PROGRESS,5277,20460639,24.3
2023-05-23,BUILD,bcde6dbb6d325d1f,1,346,58,67.6,3863,51.68,56,9,19678,24.2,20.43,66.84,112,IN_PROGRESS,3433,13334549,22.8
2021-02-08,WATER,4ed4e03dbc09e25c,2,214,99,84.92,4887,3.65,68,72,9607,26.88,58.91,25.16,232,PLANNED,10457,65500720,50.2
2021-05-22,PARK,9ff0b9b9f3a8973a,3,253,105,6.69,2574,90.87,265,62,17607,19.0,9.33,91.61,59,PLANNED,5042,29096666,11.8
2021-08-12,SEWER,423d8fad42fdad46,1,65,91,58.74,4045,91.07,262,99,13271,45.54,0.18,43.63,269,CANCELLED,991,8491433,93.5
2020-12-06,LIGHT,1ad16e132f34c9f3,2,365,33,58.18,5242,8.07,378,47,15944,45.11,15.08,94.22,267,PLANNED,10504,32301785,72.3
2020-03-21,LIGHT,5a7c01d547fe90da,4,156,86,64.51,2165,62.92,211,11,19843,12.2,52.87,38.17,2,PLANNED,24230,72648943,69.3
2023-08-26,PARK,41be768e5856f6cc,2,73,148,52.33,3343,95.81,174,98,9890,33.92,59.68,15.95,72,ON_HOLD,2781,28333414,44.6
2025-10-02,DRAIN,3fcde86308bdba1d,3,230,86,17.89,3992,93.92,262,243,10082,40.29,71.52,43.6,264,IN_PROGRESS,2353,13589717,42.6
2023-07-16,BUILD,b85a6d3ee57090b9,2,136,131,63.11,3216,54.82,316,171,9097,24.74,21.13,27.81,322,IN_PROGRESS,22549,4171376,80.1
2023-02-26,PARK,8811f26e3ecb8fbe,4,292,147,74.88,926,89.36,298,35,17899,18.78,35.74,17.68,295,COMPLETED,2853,16271748,6.9
2025-08-07,ROAD,4fec36daa29515e7,1,452,62,0.75,3644,85.86,13,154,12680,8.37,53.29,37.49,288,IN_PROGRESS,6076,51305592,56.8
2020-08-07,SIGNAL,672e7cb5aac36822,2,452,12,83.2,4347,27.95,32,132,8035,46.96,62.07,81.38,95,PLANNED,242,12409365,38.1
2024-10-31,ROAD,58d5e9f8e4521e6a,1,14,18,42.95,2156,48.62,3,9,5766,44.12,36.07,86.93,119,IN_PROGRESS,19890,7465512,78.1
2021-07-21,BUILD,f5f5b9878a4d8f20,4,430,8,89.58,2866,77.8,292,180,2828,11.13,44.26,19.13,220,COMPLETED,15729,24393662,5.9
2021-01-23,LIGHT,e4d20fb84bcb8623,2,404,92,48.01,479,80.11,242,59,11969,48.58,52.66,74.57,3,COMPLETED,9765,49488079,64.1
2022-03-22,DRAIN,1f687ec9c566f3ef,1,170,45,7.73,577,97.98,315,91,16206,41.07,66.14,36.85,340,CANCELLED,23042,4010765,65.9
2023-02-02,DRAIN,e669860845613372,1,134,129,43.37,2196,69.25,172,228,5741,36.12,61.1,79.11,305,CANCELLED,11449,65683032,50.3
2022-10-10,WATER,52c57eb07cdf5ff5,4,336,47,50.55,2389,72.71,121,44,5201,24.41,21.11,68.66,225,COMPLETED,1452,37223404,76.9
2025-07-13,DRAIN,f6e83a70454548a7,4,108,9,9.42,2936,33.47,112,225,8679,29.99,2.37,25.52,303,CANCELLED,2799,18015541,47.6
2022-02-19,OTHER,9465178e6d001a05,1,409,28,69.63,3059,34.3,112,7,5656,19.96,9.68,27.85,95,PLANNED,19902,42544537,62.5
2022-01-04,PARK,f8cd2a24061b2678,5,430,37,62.61,1569,4.42,316,103,19209,44.1,67.34,55.76,198,IN_PROGRESS,1871,18308883,28.2
2025-07-27,SEWER,235292b2d4d10757,1,180,68,61.67,3567,95.2,352,1,15029,53.54,21.1,21.66,60,ON_HOLD,12879,65630211,77.7
2021-06-26,SIGNAL,e2cc0c9be859ae9c,4,350,39,56.43,3603,4.89,307,209,9106,14.65,34.33,33.08,139,ON_HOLD,18618,35033597,92.9
2021-05-15,PARK,bd74408961262694,5,363,55,61.98,72,2.58,176,75,6710,8.87,27.64,27.62,80,ON_HOLD,22457,16721591,29.2
2019-12-21,LIGHT,5faedd469ba4f8ba,1,152,113,90.27,1690,36.93,227,122,16459,58.35,1.85,49.52,302,COMPLETED,14122,37530016,63.7
2021-05-16,SIGNAL,d2736b04a7bd42dd,5,291,13,96.54,3013,77.37,370,152,2645,5.1,13.81,38.06,91,IN_PROGRESS,12887,69885684,51.9
2022-04-03,DRAIN,eefe4d15987cc54b,3,299,27,47.57,1490,99.73,95,68,19524,37.2,0.93,30.46,225,IN_PROGRESS,16524,3307108,56.9
2025-06-25,WATER,cd165626bcbd548e,3,95,130,30.42,5338,47.79,138,65,6001,22.88,56.11,63.52,91,CANCELLED,21830,63051317,91.6
2023-02-14,DRAIN,0e9de1f12bc8b471,2,389,1,51.3,4556,34.07,151,132,17481,16.32,66.76,13.08,224,IN_PROGRESS,19634,19892159,40.9
2025-11-14,DRAIN,7ddf451635f4b952,1,406,57,72.5,2255,91.66,358,18,180,38.31,54.61,17.79,5,IN_PROGRESS,18876,71732282,52.2
2025-05-17,BRIDGE,ce71dd65f6b0834d,4,222,165,38.32,3561,36.83,116,4,16144,58.17,20.43,69.43,61,COMPLETED,23056,65480101,24.1
2022-05-20,LIGHT,f14e2f90fbe06b55,5,436,76,60.18,5088,37.27,30,188,9914,57.9,13.84,30.93,299,COMPLETED,5957,20255921,84.1
2024-06-08,DRAIN,abe9019a0ea83de1,2,2,43,82.71,4721,18.39,352,42,18054,5.53,27.52,0.42,262,CANCELLED,12632,48446623,98.9
2020-01-10,LIGHT,3ab4419fa757b163,4,459,152,28.74,1056,68.68,134,146,1072,46.65,49.76,9.69,62,IN_PROGRESS,14679,36693417,33.0
2019-10-07,BRIDGE,46d88184592d7b62,1,32,129,84.36,3180,14.36,192,208,2374,38.42,45.8,74.35,93,ON_HOLD,24217,25017201,55.9
2024-10-03,BRIDGE,cdabe98577788c4d,4,69,36,64.7,1213,64.74,134,238,10452,18.25,10.73,3.32,294,ON_HOLD,17348,25435066,15.0
2025-01-24,DRAIN,6a811ba6a1f8d91f,1,432,5,22.96,5282,95.49,165,164,15016,24.15,20.17,45.65,307,PLANNED,19738,36263176,87.9
2021-04-22,WATER,a1f7106bef41fbcc,1,295,113,91.38,1096,53.39,338,132,10408,41.17,36.52,64.95,40,ON_HOLD,17361,8853510,86.8
2025-01-15,OTHER,2d73cde21379bf62,5,301,141,87.84,2357,63.14,331,5,9574,13.93,28.83,70.33,172,PLANNED,15210,65504738,22.2
2023-11-08,SEWER,78f2f54aacb6e3a4,3,120,175,30.79,2088,49.66,7,15,5462,37.57,14.82,85.14,54,ON_HOLD,7526,20778714,72.0
2026-01-29,WATER,2d468a72625f8350,3,420,14,42.88,1065,63.99,108,226,15058,39.08,30.76,46.12,162,PLANNED,2463,30666905,19.0
2023-12-21,SEWER,e08476d0dbca96b8,1,483,120,48.87,3401,44.41,160,48,19384,32.11,53.01,21.5,156,ON_HOLD,24223,26091829,22.0
2022-03-06,PARK,f300afe8a86ef20f,4,161,12,18.96,4779,63.94,305,136,1518,14.57,37.48,67.32,42,CANCELLED,227,50777965,71.5
2022-11-23,ROAD,558b2166a04a2195,3,114,127,97.07,543,54.84,6,233,12682,34.84,29.85,14.45,135,ON_HOLD,9394,55657936,82.4
2021-07-13,SIGNAL,79ef58cb062b8b63,4,349,174,67.41,99,30.0,279,166,19784,33.85,55.35,25.31,264,IN_PROGRESS,12947,8961392,38.9
2022-10-11,ROAD,6bbafb6eba81b13d,2,464,12,17.88,3107,52.59,369,140,15468,42.45,22.08,99.95,231,COMPLETED,4546,16332420,79.9
2022-05-13,BRIDGE,efc41237820c708d,5,43,133,64.71,1752,44.83,222,76,1622,32.87,59.85,73.13,309,CANCELLED,24217,61811547,46.8
2024-07-10,BUILD,328775865c3d33c4,4,227,106,54.65,363,5.28,389,237,11197,21.7,24.25,77.09,139,IN_PROGRESS,21059,56359351,84.3
2023-03-17,DRAIN,e17f4353ca57aabc,2,323,61,30.77,49,80.07,200,82,18795,33.19,47.72,74.46,163,COMPLETED,17785,4409522,33.5
2019-01-08,DRAIN,85b417c3eb034894,2,95,71,24.9,3790,49.3,10,84,1465,32.68,7.13,58.7,195,IN_PROGRESS,10112,48314909,62.1
2020-11-30,DRAIN,a4e7236cf355c7b5,3,414,67,0.92,4600,38.55,369,137,5723,54.46,63.48,18.14,138,PLANNED,4257,26152626,90.6
2022-02-24,ROAD,6635072653d45dfe,2,115,84,16.05,510,12.25,292,205,4893,3.45,24.56,62.15,357,IN_PROGRESS,18220,62275853,13.9
2022-05-26,WATER,e3cb9eb94530e3b5,4,228,100,92.08,3407,43.2,85,4,14440,38.84,24.33,31.92,346,IN_PROGRESS,12348,63389883,83.3
2021-12-07,PARK,1e94b703bff33838,3,50,117,53.11,1707,16.79,347,158,17271,47.56,14.97,92.21,7,ON_HOLD,23517,41169799,79.7
2020-04-03,DRAIN,6e9afc425c15d71d,3,349,112,85.35,629,65.85,215,88,17731,36.55,11.52,40.41,284,CANCELLED,21737,48696343,85.5
2021-10-05,OTHER,167a7fe7df925297,1,454,114,27.96,3949,67.98,50,202,16401,35.28,18.73,88.4,77,ON_HOLD,11309,42198217,29.5
2019-01-10,DRAIN,3bc88e51e7734761,5,480,133,23.09,3703,2.19,278,183,9116,21.97,49.6,53.69,217,PLANNED,22247,34392641,5.7
2020-01-21,DRAIN,4c6b42c85fe4f8b5,1,52,109,17.68,3400,82.97,53,199,7898,29.38,64.92,73.78,354,IN_PROGRESS,17635,46199565,17.3
2020-11-19,BRIDGE,e2698770cc5a43c0,2,392,118,38.94,657,48.77,101,232,18846,44.41,18.78,61.84,165,IN_PROGRESS,14202,50928055,9.0
2019-03-31,DRAIN,c56d72eefe2faf36,2,424,27,25.87,4974,67.19,201,113,15037,13.93,34.45,11.86,310,ON_HOLD,10995,56895189,32.4
2025-05-20,DRAIN,4d1524d5c7ec56ed,2,104,148,14.16,1661,90.22,62,234,2446,18.42,33.62,34.21,61,PLANNED,4820,34369777,67.3
2020-03-03,BRIDGE,4c3c3afc241f4d93,5,54,160,32.73,2539,17.64,259,149,1769,29.93,36.88,21.77,57,PLANNED,19368,13385896,37.9
2024-12-11,WATER,c3fe984ef442a9ac,3,176,79,48.71,3314,37.23,17,18,4614,35.23,69.05,57.15,28,CANCELLED,480,41362835,57.5
2025-10-26,PARK,bacbffc02d2d4a4e,5,381,53,67.22,3084,66.84,362,35,10440,23.72,47.65,56.71,60,COMPLETED,19163,63769407,24.9
2023-10-03,BRIDGE,3b38c3a761b55f2b,3,173,4,64.18,3399,83.41,165,92,8610,48.69,48.53,18.91,95,PLANNED,8395,50637332,8.4
2020-01-10,PARK,553dfa049be6a6bb,2,162,35,74.57,1756,4.9,369,111,17114,58.79,12.25,38.88,353,COMPLETED,12938,40593966,14.8
2024-04-27,WATER,c8495004d4c75be3,2,211,64,47.74,3413,25.79,286,204,2537,58.42,51.78,14.96,188,ON_HOLD,11019,52229483,26.6
2020-03-23,SEWER,9fe893b0359f1b91,2,430,37,88.62,5160,96.74,375,69,11468,8.37,28.74,73.23,231,IN_PROGRESS,15380,14338814,45.7
2022-10-22,SIGNAL,1478eea35b6898f5,5,299,171,68.81,314,27.95,47,15,7349,36.68,39.12,41.93,91,ON_HOLD,4284,27406331,25.4
2020-04-14,BRIDGE,b4625500872aef22,2,285,109,89.02,5912,96.24,155,242,5025,24.51,23.91,25.38,311,IN_PROGRESS,16600,29005828,18.2
2020-01-06,ROAD,c4aea91cb98c9f0f,3,442,177,58.51,5464,99.8,335,1,874,18.1,27.68,50.3,30,CANCELLED,11548,7944747,87.2
2025-09-29,OTHER,c3294feb40da03c3,4,403,67,22.84,3654,82.25,257,170,5609,49.8,19.94,29.03,56,CANCELLED,14534,31286295,96.4
2019-01-07,SEWER,a4206dd33b119f9e,5,276,101,5.88,1251,94.65,299,241,5334,18.53,15.56,15.31,281,ON_HOLD,15816,31440139,30.1
2025-03-10,BRIDGE,cb004e9218bf8e33,5,146,144,7.26,3036,99.87,114,31,13304,40.65,22.74,11.04,61,COMPLETED,10474,33361726,56.1
2020-12-18,BUILD,7cc5c108e0d29423,2,326,17,57.21,183,77.56,367,62,4567,15.13,25.07,93.38,104,COMPLETED,10022,38664773,99.3
2021-09-11,ROAD,7c67ace7d5652f33,5,485,115,51.83,1211,79.34,85,194,14753,36.49,36.51,13.84,292,PLANNED,4660,49166837,85.8
2021-11-15,SIGNAL,c3bb61e57a844af0,4,111,91,53.77,3059,20.65,55,248,16477,59.49,33.65,73.08,53,COMPLETED,14898,34476559,30.8
2024-01-30,WATER,cb237f84995a682e,4,133,17,59.96,4164,66.1,379,65,2658,57.03,13.25,42.0,360,COMPLETED,10098,21219435,71.0
2021-10-18,SEWER,bd84a45d7f93daaa,1,288,50,82.35,1595,27.03,14,177,14791,41.71,9.85,35.07,258,CANCELLED,24367,66458184,43.4
2022-11-15,SEWER,adbea231d8cc86bf,5,440,120,12.01,3655,19.99,0,59,7907,10.03,65.4,62.7,266,CANCELLED,6908,58876746,57.6
2019-09-21,ROAD,a6d36cfe8e4e16b3,4,426,102,85.38,5777,65.56,7,232,9836,28.58,35.78,33.35,222,COMPLETED,15423,38812684,98.3
2019-11-08,LIGHT,662461ee61bd5a47,3,147,20,31.31,520,74.66,327,206,5966,51.08,44.69,12.27,154,COMPLETED,16029,30833164,73.5
2021-02-18,BUILD,31dd266d540dc8d5,4,277,30,53.32,4486,78.43,312,76,270,45.25,10.72,13.49,172,COMPLETED,18379,55677835,12.3
2025-09-28,LIGHT,7ac4dbc10165e7d0,5,327,0,14.46,5374,62.92,213,96,15807,52.91,43.47,85.6,195,CANCELLED,10870,73412176,67.9
2025-03-19,BUILD,85918130ef8dff45,3,186,63,16.0,2389,42.79,308,51,9096,22.24,49.09,1.8,284,ON_HOLD,7061,58658767,57.5
2021-12-08,PARK,36a39be12bc887d0,3,340,87,29.04,2748,86.93,166,116,4713,3.71,63.14,5.1,220,ON_HOLD,11127,14171883,25.2
2023-01-23,WATER,fa54487d75a4f976,4,64,80,87.61,5269,22.57,218,87,10730,14.63,23.45,64.49,291,PLANNED,22773,33589363,69.3
2023-10-15,LIGHT,4bc101726cb58045,2,326,116,50.18,29,15.98,108,79,600,43.95,52.77,9.86,175,CANCELLED,16046,24905484,34.4
2024-04-23,SEWER,eead9e782d054b3c,2,493,150,94.11,4739,29.14,171,14,13927,38.01,58.45,6.97,209,PLANNED,4093,62870117,23.0
2025-09-09,SIGNAL,4acb1890cb25f97d,2,195,154,72.56,3367,74.21,135,242,19192,37.87,26.31,98.22,238,PLANNED,12567,54361502,12.1
2021-07-11,BRIDGE,2b9fd21fbb2c83b7,5,89,6,39.81,1450,62.12,347,220,11445,54.45,32.07,1.83,111,CANCELLED,13484,59710563,82.7
2023-03-23,LIGHT,ee9a8b93543f9e49,3,255,23,96.17,2864,57.98,15,181,14491,41.39,8.51,37.81,163,CANCELLED,22712,16069891,24.5
2024-04-02,SEWER,99601c85e091a325,2,20,12,66.08,1349,83.72,19,215,15200,59.88,70.68,47.89,188,IN_PROGRESS,1502,30606074,19.4
2023-11-22,DRAIN,7b0307c555e3b51d,1,24,55,88.23,4284,53.07,164,150,7003,59.13,65.71,6.35,295,IN_PROGRESS,1254,1661590,48.7
2024-02-24,SEWER,ba86f3dd83bf8e5d,1,340,30,85.85,2415,98.13,318,36,4375,50.28,18.63,5.92,182,ON_HOLD,1293,5688519,65.0
2023-11-23,BUILD,499f55a6a64d6ec0,2,315,167,78.16,5614,59.98,247,23,8100,3.36,51.16,74.64,19,PLANNED,13556,2191039,2.5
2025-11-18,SEWER,b2f62b49c6264f62,3,220,164,18.14,5995,77.62,64,115,3467,8.05,32.47,55.99,244,CANCELLED,14371,64314804,11.6
2025-01-12,PARK,359b0703b71c2433,4,363,180,21.46,4889,18.38,367,241,14426,17.74,67.16,86.36,224,ON_HOLD,22673,8383496,31.4
2022-07-07,WATER,0b56630c3920fbbf,2,52,82,91.21,1960,94.82,341,22,12006,38.91,56.72,18.01,311,IN_PROGRESS,12322,40398119,81.3
2025-01-20,SEWER,eab7279f473f2d32,2,287,87,77.18,1002,60.86,181,223,5399,56.82,27.1,35.89,328,CANCELLED,10051,51901304,26.4
2023-03-20,LIGHT,15bf2e20bbc7b735,5,181,88,81.13,2458,4.24,333,40,19553,26.04,71.78,16.26,300,ON_HOLD,5685,29907606,35.2
2025-01-10,OTHER,af8746e0457ec1bd,5,385,32,38.21,2594,87.64,329,73,15789,56.68,38.68,75.26,263,PLANNED,19382,59133965,30.4
2022-03-23,LIGHT,0ce4313188991506,3,14,176,51.11,2379,42.84,235,123,3724,54.75,71.71,41.13,97,CANCELLED,1497,64235477,15.3
2019-12-29,OTHER,438517388d11bae6,3,198,92,22.88,3143,38.28,259,243,15013,37.19,22.15,61.9,107,IN_PROGRESS,2717,50162607,60.8
2020-08-02,OTHER,aae783b4972256ee,3,123,11,3.11,2300,56.07,339,240,8537,33.51,41.17,69.22,33,IN_PROGRESS,8344,35041778,92.5
2020-01-15,BRIDGE,2f233e3fef49ffc4,2,24,161,33.72,5937,7.22,348,123,14292,15.17,10.8,36.87,47,CANCELLED,20756,21941468,57.2
2023-07-03,SIGNAL,5f6f2ce62c94975c,5,400,119,7.33,5573,95.36,223,48,696,53.4,65.97,39.94,112,IN_PROGRESS,4211,35176118,99.6
2021-12-15,BRIDGE,ea644e87289c3758,4,116,143,62.61,3576,34.0,13,87,10255,22.36,27.29,46.31,149,PLANNED,164,20147740,8.2
2025-02-21,DRAIN,ad69cb24323cd0a8,5,166,51,5.89,2822,27.89,150,63,14695,18.19,11.03,21.09,59,PLANNED,16712,41561222,59.1
2025-01-31,SEWER,a7c3c19e2a02debe,2,265,25,60.17,231,65.32,358,101,7371,24.75,66.65,95.86,250,CANCELLED,2120,24926811,60.3
2019-07-15,SEWER,40ac20f45b511048,4,96,68,28.37,3346,38.13,376,39,5119,37.81,59.09,51.21,134,PLANNED,21195,12879774,81.2
2019-07-22,BUILD,f271f80288bc9ad4,2,430,157,93.85,1698,15.56,398,199,6954,16.78,58.7,91.86,265,COMPLETED,15567,29853072,15.9
2021-04-15,ROAD,87ae8d3adee8f258,4,57,136,19.27,4204,11.1,53,207,4337,53.56,14.09,64.11,53,ON_HOLD,23764,49082685,17.5
2020-10-21,OTHER,75abd62fa00017e0,1,57,127,55.24,3386,78.2,159,5,13834,1.43,53.6,26.43,138,IN_PROGRESS,21896,8509821,25.3
2019-08-01,WATER,4729792e749d04f3,2,83,67,96.72,2099,65.37,196,131,4659,30.08,24.65,79.63,281,ON_HOLD,17811,44872315,44.9
2019-05-24,WATER,1cd6c35739585484,3,155,37,78.49,536,60.49,232,157,17444,43.81,65.67,59.03,44,ON_HOLD,11088,55247036,98.8
2025-06-01,ROAD,4f057456ff3f9268,5,459,8,35.62,756,47.0,188,213,7519,28.88,11.88,91.24,122,PLANNED,22890,414675,78.6
2021-08-28,WATER,c92b7ad41424cc35,4,159,161,45.15,484,39.72,63,47,10987,17.8,65.94,71.78,276,CANCELLED,3145,8710457,17.5
2024-05-23,WATER,3a98d90d16381350,1,301,80,14.83,5023,71.35,101,104,6283,12.77,19.91,61.02,100,PLANNED,2848,25082946,11.6
2023-01-31,BUILD,9e7c8aaf3bbc8759,4,366,158,11.36,1386,97.61,46,101,14598,8.02,54.22,93.09,279,ON_HOLD,16133,7119724,96.8
2020-12-23,DRAIN,9456cd9842ceb1dc,2,300,153,35.71,1449,18.08,77,34,19215,32.65,24.83,45.44,185,ON_HOLD,7030,36592645,43.1
2024-09-13,PARK,aad11a4593e049d7,3,455,173,25.5,189,44.07,249,96,13167,30.28,22.19,37.49,115,CANCELLED,13386,9088102,74.6
2025-04-21,DRAIN,5201192460d3ffa0,2,444,16,18.23,2732,26.12,34,123,15997,32.24,55.56,0.62,337,ON_HOLD,23508,5441499,75.0
2024-11-11,SIGNAL,c9c300bcf068406e,3,433,133,32.4,1453,93.26,286,220,4418,18.11,71.92,33.72,8,ON_HOLD,3206,32061894,4.5
2020-09-07,WATER,b707832fd055c1dc,3,486,120,73.53,1881,1.59,215,71,4479,26.78,32.7,76.43,248,IN_PROGRESS,11730,61244395,33.0
2025-03-12,PARK,678e5b39f194fdf5,2,492,30,76.16,5362,37.66,202,4,13502,42.2,4.64,98.7,86,COMPLETED,8462,5173647,95.1
2021-12-06,LIGHT,d4ff666135082d0e,2,229,149,31.79,5633,12.14,221,107,7048,46.22,62.26,67.01,201,IN_PROGRESS,15921,26249357,74.7
2022-04-26,BUILD,dfd302df368c2448,3,427,140,86.9,5085,32.22,176,190,1474,40.06,10.21,42.63,114,CANCELLED,16185,521127,22.0
2025-02-09,LIGHT,73abb320e61b5ab8,3,165,153,81.1,5181,34.92,140,106,18352,51.27,8.24,55.11,250,IN_PROGRESS,22079,65042497,87.2
2024-06-30,OTHER,b74c9aada978f789,4,497,121,43.95,140,47.85,383,144,14655,34.28,61.43,65.56,87,IN_PROGRESS,590,15524028,83.5
2021-10-03,PARK,4dea02cd575e5de2,1,68,109,45.93,5366,42.93,373,241,15886,28.82,71.34,63.07,282,ON_HOLD,20940,11023712,20.8
2025-03-01,SIGNAL,be1df3c1357d4f15,1,15,79,11.11,2282,48.25,60,1,19479,42.86,11.76,36.93,356,IN_PROGRESS,21103,40084185,78.2
2025-10-18,WATER,db9b622342a5a682,5,392,110,3.56,1151,5.75,11,82,14332,52.59,46.99,39.61,270,PLANNED,9174,62881078,70.1
2024-02-04,OTHER,4a4a6745d9ec3017,2,239,60,6.81,5457,71.04,212,96,7690,30.37,70.35,53.25,300,COMPLETED,13314,42444860,55.1
2019-07-21,OTHER,ee418772150cc25b,1,500,132,57.21,1730,4.78,363,12,15014,48.05,67.52,89.77,101,PLANNED,24034,33603471,21.9
2022-04-25,WATER,3d69a7c1cfe3b593,2,285,72,43.04,4617,76.41,156,77,12155,0.49,11.16,19.27,43,CANCELLED,23490,5653392,66.1
2020-12-27,LIGHT,c46d3252c3544cfc,4,459,34,77.16,4992,89.56,382,131,17713,15.21,22.4,25.65,194,CANCELLED,10098,44210903,40.9
2024-04-28,SEWER,bfddcc24f2dc7c8f,3,494,109,94.21,1085,89.69,309,26,4988,15.68,31.79,22.03,62,CANCELLED,11172,11633120,75.8
2020-07-06,DRAIN,c0112599b93c6acb,2,266,61,95.04,17,2.75,343,90,18066,41.04,50.48,53.69,295,COMPLETED,2484,57686075,14.5
2019-02-08,WATER,6e5450c149c3222b,2,216,131,60.95,698,80.48,65,183,17390,3.33,21.95,92.95,59,ON_HOLD,19855,60159815,98.0
2024-10-04,DRAIN,70a33015227161cb,4,344,40,90.49,4883,65.24,303,135,9257,37.06,1.98,80.73,145,IN_PROGRESS,4967,55973011,83.3
2019-11-17,LIGHT,85abfee5afc3eab6,2,84,114,93.18,504,50.19,245,172,2911,47.0,16.35,98.8,187,ON_HOLD,5735,58627972,67.8
2019-05-20,WATER,a3f1b6e527757095,2,421,132,12.51,580,44.1,346,77,2151,7.67,57.35,42.96,217,PLANNED,22872,64850958,44.9
2024-02-25,LIGHT,0d0ecb774dac0e3a,4,126,94,17.89,687,76.66,130,152,14728,13.34,50.83,27.05,64,COMPLETED,5118,32180154,13.7
2020-12-21,ROAD,497eb7801165ffd5,4,103,91,2.86,3711,93.66,123,116,8871,40.26,23.24,4.73,364,ON_HOLD,8365,64694285,31.3
2023-02-16,SEWER,d6180a2286a819db,3,115,121,14.97,1785,32.8,46,47,19937,10.97,68.2,22.4,201,IN_PROGRESS,22891,3484912,61.0
2025-08-27,DRAIN,09c734d571a2b462,5,431,89,95.73,4110,81.6,61,180,3033,25.64,69.29,20.13,271,ON_HOLD,8937,47645393,48.1
2022-10-04,SIGNAL,7ae8b30622d2f885,4,342,42,43.02,5067,6.65,278,69,9766,25.92,65.46,66.51,250,PLANNED,20579,22875646,2.2
2022-08-11,ROAD,1626d55ed15d317f,4,242,51,76.76,4707,43.06,377,245,16084,59.7,23.34,34.4,201,PLANNED,18511,12329813,36.3
2024-03-09,PARK,03fd8b176291abdd,4,83,23,27.63,2994,42.34,398,169,3022,32.41,34.12,45.36,280,COMPLETED,12419,74887006,49.0
2023-06-29,PARK,d09217b91db1f353,4,471,139,73.5,4770,52.73,29,36,12963,52.74,11.69,34.05,197,IN_PROGRESS,13922,61670286,18.3
2020-05-11,PARK,ac6c70b21bf42d88,5,498,166,24.17,248,52.53,317,220,5189,43.46,45.81,39.65,45,COMPLETED,7597,13026064,65.8
2020-09-25,PARK,a07c736c0004853f,5,464,80,70.24,3405,81.92,304,38,12591,27.21,8.39,28.09,27,ON_HOLD,16760,73926753,32.3
2019-06-29,BUILD,dea68e0da9b07bbd,4,140,50,1.06,562,27.95,130,156,10224,12.69,24.77,30.27,130,COMPLETED,20336,7659455,11.3
2019-12-13,DRAIN,fa457e1893d0b41a,5,7,98,15.53,5315,16.37,392,63,10529,55.44,48.8,50.56,342,COMPLETED,20368,43611738,33.1
2024-11-27,OTHER,dec4252c86c1ada4,4,213,20,7.47,3686,77.63,145,151,15423,20.84,30.99,60.52,166,IN_PROGRESS,9455,25912017,18.9
2023-10-02,WATER,8e6a232e2542b00f,2,366,150,79.64,377,39.21,337,87,3532,2.57,69.73,2.32,274,COMPLETED,4167,2318626,63.4
2025-09-19,DRAIN,49a872a2ebd42bb4,5,461,103,75.56,1331,65.86,23,54,4168,14.18,43.71,25.58,122,PLANNED,3540,26057743,73.1
2022-05-31,SIGNAL,6ff152f7a626f3e3,2,345,161,23.47,5439,28.79,213,235,18801,40.8,29.32,81.15,167,PLANNED,23575,46329430,5.4
2022-02-02,LIGHT,a2342b4e28345185,3,252,17,96.19,2637,87.0,39,42,13830,50.32,21.97,26.01,19,ON_HOLD,4769,50013589,79.9
2024-10-05,DRAIN,284005a46a3234bf,4,217,84,86.27,2022,98.81,161,89,2981,45.13,64.41,5.06,146,PLANNED,20400,74551253,92.3
2025-12-28,LIGHT,039d48ebba063df6,3,4,178,39.88,1397,27.34,183,136,12476,48.92,38.28,94.15,155,IN_PROGRESS,939,5364060,68.9
2024-07-18,PARK,50ed7c11faec8483,1,190,93,24.56,4072,5.6,155,51,17748,45.04,61.64,29.53,45,IN_PROGRESS,11441,49596448,30.8
2022-12-17,DRAIN,14d0d6f09fd3de89,1,259,24,13.08,4735,9.39,133,11,19074,24.55,40.27,43.81,333,CANCELLED,22472,1062658,30.4
2022-03-30,DRAIN,47b38e281e1be4e9,3,135,138,52.83,5373,28.32,321,71,6850,31.08,12.71,5.37,28,ON_HOLD,13731,32330975,74.3
2020-05-10,OTHER,3c92aed69c7161c8,5,42,82,17.82,687,38.08,233,84,11463,21.6,9.95,73.03,352,CANCELLED,22341,56937851,44.5
2021-09-18,BRIDGE,cc4c7333bc53907d,4,77,98,40.91,3831,12.85,60,216,12260,50.84,27.21,70.11,350,PLANNED,4680,22791431,24.3
2022-11-17,PARK,6e3cabe9cc99c467,2,395,0,7.35,3126,83.06,353,43,14690,2.03,19.9,4.9,269,IN_PROGRESS,11914,8960046,4.1
2021-03-20,OTHER,50ca368bcadbed85,4,433,147,72.14,3563,97.57,332,109,18714,0.41,55.92,48.08,303,COMPLETED,15871,66494559,35.5
2021-12-24,WATER,71a7fb8055070e2e,2,427,44,45.61,5529,30.81,259,85,18949,19.85,19.87,67.8,162,PLANNED,10513,9117296,90.6
2021-04-23,DRAIN,24fbc6889a7f214c,1,238,154,40.46,1297,86.21,242,112,19054,10.74,27.52,24.73,309,ON_HOLD,3466,23638866,78.9
2020-09-10,SEWER,8dd671cfe1e644c3,4,323,143,60.07,2586,45.43,80,3,13225,10.47,35.8,64.09,100,IN_PROGRESS,8101,60590618,40.3
2021-06-03,PARK,bd70644cc559e9e3,2,217,45,40.02,516,2.54,280,46,15838,59.88,30.13,17.14,142,CANCELLED,18752,17782308,63.0
2021-11-29,BUILD,4200ab9aa7a82326,3,137,132,68.97,3633,20.45,317,112,7136,5.35,66.21,61.35,334,ON_HOLD,11310,68967440,16.5
2024-06-27,SIGNAL,35e50f3ee41d75cb,2,221,119,17.11,4838,36.64,192,140,10880,13.48,57.23,88.29,84,ON_HOLD,648,21951802,93.8
2025-09-01,SEWER,42b156891dff8fa2,4,347,42,9.03,5384,77.32,269,166,6247,52.25,16.23,49.41,40,PLANNED,6972,45111410,71.7
2025-05-26,ROAD,e35a5b38630fd394,5,151,49,66.44,4925,3.01,116,238,2802,43.67,39.64,99.02,62,COMPLETED,21045,11313662,46.6
2023-12-22,OTHER,c442291d7dc4096f,2,442,31,63.76,4672,77.94,193,43,7365,20.86,62.25,49.75,172,CANCELLED,17556,7840428,50.2
2022-11-23,BRIDGE,92f2e698214e3265,1,387,70,62.41,2839,44.95,81,155,13740,6.77,40.09,74.02,18,IN_PROGRESS,2535,74267496,56.1
2020-06-28,ROAD,562a4812e2ed8ece,1,344,147,28.17,4234,96.9,250,130,9218,11.08,56.45,10.94,12,ON_HOLD,6431,29421272,15.8
2021-12-07,ROAD,4ce0603ebab9ee67,4,20,35,92.24,2174,1.69,119,104,3186,49.02,67.76,18.8,137,COMPLETED,24518,58065246,8.5
2020-06-14,DRAIN,09f164d9c835af2f,3,189,169,45.86,1286,65.13,207,34,9456,14.37,14.4,38.92,167,ON_HOLD,8781,9136245,86.1
2021-08-04,OTHER,6ccd0ed60e462db8,3,136,12,50.91,1571,54.21,196,133,3358,37.56,56.72,48.99,54,COMPLETED,11137,22340529,99.0
2023-05-06,SEWER,d964414df10c3b2a,5,345,148,74.96,1836,27.69,293,237,16903,23.6,25.77,23.21,207,PLANNED,12695,45464480,6.7
2022-01-28,ROAD,deebdfcb31f3f353,5,84,20,54.41,2528,32.0,388,156,13003,9.07,70.07,23.02,12,IN_PROGRESS,7948,69695208,40.6
2022-06-25,WATER,3a6eb222d25fdc55,1,466,18,80.66,2316,47.63,334,65,6973,47.27,42.32,8.13,188,ON_HOLD,17110,23576960,69.2
2019-10-24,DRAIN,00d10bd09a8f0650,5,391,159,60.06,2223,55.08,78,209,10413,4.53,3.29,92.2,336,COMPLETED,2604,31112463,27.3
2021-07-19,DRAIN,6f89e721e651c7a9,1,78,85,80.38,62,25.81,220,238,7097,47.51,17.13,58.26,162,ON_HOLD,17615,72506087,37.2
2020-05-08,PARK,2a195bf68feecd0e,4,219,23,44.38,5292,80.75,244,20,7373,52.58,41.79,96.19,98,COMPLETED,5674,6715028,98.0
2021-02-02,BRIDGE,4453df68d538f73b,2,440,113,40.22,5354,28.93,21,248,3056,41.84,29.53,31.82,262,ON_HOLD,12419,30638959,13.6
2026-01-08,DRAIN,ee07655bfd91d998,2,453,85,61.08,2564,94.01,117,127,10739,28.76,58.83,62.61,310,CANCELLED,15657,54348900,6.3
2023-06-22,PARK,ddbd701881a32367,3,399,4,69.97,1463,26.32,277,44,4827,11.5,36.76,6.51,57,IN_PROGRESS,15468,34614151,44.4
2021-09-22,LIGHT,7531733a7f53115b,4,73,112,86.25,358,83.87,262,120,6042,0.13,44.26,24.49,122,COMPLETED,11336,72707742,68.3
2022-12-03,LIGHT,418b8810e24dff23,1,345,44,83.63,5840,29.85,342,101,5336,27.74,5.93,67.16,145,IN_PROGRESS,5969,30770778,88.2
2024-11-28,BRIDGE,538e82a53b598a11,3,128,13,66.4,2153,94.03,18,178,16229,0.12,4.56,37.71,327,PLANNED,4601,69352205,17.2
2023-06-09,SIGNAL,6faa269eec4fb169,2,373,149,79.18,1133,70.0,109,222,3454,0.3,71.22,20.3,95,COMPLETED,11168,13320166,45.2
2020-05-23,BRIDGE,e1997b1842968e59,5,205,120,77.26,473,36.22,51,97,13332,40.01,51.73,81.74,264,ON_HOLD,20923,14270488,9.5
2025-01-09,SEWER,877128a1dea7b3a4,3,280,137,55.19,405,1.2,106,239,13003,57.66,24.63,99.15,228,ON_HOLD,8491,39827501,66.3
2025-11-19,OTHER,c2f85eef49b35725,2,9,7,45.63,2809,31.43,343,52,4936,50.84,2.01,73.79,239,PLANNED,18486,21262108,41.8
2020-09-25,WATER,13037257acd64b26,3,341,55,56.76,3704,88.03,154,106,16425,30.01,15.65,13.79,94,PLANNED,9055,65510003,5.6
2026-01-31,DRAIN,30b4dfcaf0c24b12,1,226,90,38.6,4426,91.68,90,147,15084,23.81,12.16,92.03,336,ON_HOLD,5361,29312195,53.1
2024-08-24,BUILD,45c5043f18db7f1d,1,364,53,35.93,3799,53.16,136,183,7583,48.09,39.75,28.91,233,COMPLETED,10522,71860131,72.0
2023-07-13,OTHER,ef577335bd46661e,1,326,149,86.83,750,40.16,283,203,18066,56.74,14.68,81.09,292,IN_PROGRESS,8068,74510624,59.2
2022-02-13,BUILD,45094eeb30f4f836,1,144,151,51.79,1554,77.35,196,201,7064,45.95,23.85,44.13,106,PLANNED,19308,47758039,50.6
2022-07-03,PARK,0537a2c58316e81c,1,135,115,6.46,2063,66.05,0,18,9392,4.9,8.41,70.66,74,CANCELLED,19015,46492309,83.3
2019-12-12,PARK,ea2e534621416948,1,80,57,13.67,2304,26.78,115,191,8774,18.07,10.8,77.82,190,CANCELLED,21777,71347592,49.7
2020-06-19,BRIDGE,404578f5c86a8c8c,3,83,88,54.53,1989,35.45,66,237,19176,57.66,53.41,0.76,2,CANCELLED,14270,24871154,98.7
2025-08-30,SEWER,41efd79bb12936ba,1,150,141,13.07,3911,23.41,235,234,12300,0.16,26.5,98.37,201,COMPLETED,20463,31743472,63.7
2021-02-20,SIGNAL,1fc8f1b5cc9b376a,3,284,53,29.08,5399,41.47,360,138,6563,15.8,6.43,59.19,224,PLANNED,8868,12219780,94.2
2021-05-31,PARK,e6d90d1b8cc473ce,1,374,121,38.96,2254,62.75,64,50,13831,40.04,4.82,84.34,184,PLANNED,19574,9609809,11.5
2020-09-12,BUILD,10424778999ca1c9,4,309,139,30.84,1841,30.7,348,193,18593,25.43,29.25,53.93,221,CANCELLED,7316,40690265,30.7
2024-04-08,BUILD,da5eaaeb3c8a7328,3,259,87,97.98,5840,67.74,221,195,19906,22.12,38.64,99.9,318,CANCELLED,1016,24670177,20.4
2022-01-28,OTHER,b7bcd5f331eb445a,1,424,105,99.99,4341,22.73,296,52,11271,3.0,24.89,71.79,84,IN_PROGRESS,10585,39947864,56.9
2021-08-11,DRAIN,7e7f4420da3a431f,3,309,15,43.06,1346,2.89,309,184,19695,53.09,59.73,85.56,181,COMPLETED,13421,38112202,83.0
2023-06-03,WATER,8857882850c7c777,4,209,76,43.15,2841,35.44,52,88,19484,16.36,48.15,62.23,356,IN_PROGRESS,1423,67789349,83.3
2024-12-22,SEWER,27e52e965f3b73af,2,444,153,82.55,4135,5.25,322,13,19974,23.96,59.35,80.49,266,IN_PROGRESS,10084,67700660,37.7
2024-04-28,WATER,f438f74548271f04,2,296,98,72.74,818,11.76,319,108,18404,50.6,59.07,22.57,75,PLANNED,13605,69981236,19.5
2022-10-13,PARK,20617aca1de95c75,1,328,136,36.7,422,97.27,394,106,3522,11.55,15.18,70.67,287,PLANNED,13126,32852944,52.4
2020-01-26,PARK,90ac87fa42363cb2,4,148,116,53.85,1946,36.77,172,241,49,12.02,7.06,37.71,172,IN_PROGRESS,13886,60928419,26.2
2024-10-27,WATER,557e04373425a409,2,36,142,42.34,2114,31.91,138,83,16502,7.66,4.25,99.86,213,CANCELLED,23454,48828148,66.8
2024-03-04,SIGNAL,c2d118d6fe938f67,2,415,85,80.51,1227,65.97,181,180,10690,24.96,33.93,34.77,17,ON_HOLD,14020,12475243,53.1
2021-05-15,DRAIN,3eff210eb62426b8,2,411,2,77.53,5372,45.25,29,50,8737,14.06,61.45,64.33,56,PLANNED,66,4027244,0.2
2023-12-15,PARK,54354f98a2bb8e51,2,264,47,8.13,2105,21.31,328,78,8321,16.08,34.97,68.1,102,CANCELLED,9975,36139553,86.8
2022-02-18,PARK,ba9931d2871cb50e,2,18,166,33.24,3173,66.52,151,56,17382,39.04,14.83,55.58,105,CANCELLED,19779,45140420,60.9
2025-12-30,LIGHT,4549522cea97f8c9,5,465,5,36.01,2273,15.68,295,168,17161,29.01,3.72,97.92,109,ON_HOLD,10458,56075830,98.9
2022-09-14,BUILD,72d6b38739462dee,5,60,123,38.07,4528,53.38,316,87,19741,24.92,57.5,60.77,247,COMPLETED,19269,33647148,10.3
2022-02-17,ROAD,0f7b2d394cd9495f,4,330,69,19.1,4442,74.88,334,172,4453,54.67,4.46,70.91,278,CANCELLED,9054,65233765,56.6
2019-05-01,OTHER,6c91f5da86d139c8,5,404,41,20.89,1855,31.76,338,166,6070,51.22,61.03,90.2,251,CANCELLED,7839,38144467,4.8
2022-10-15,PARK,5586306ef6a7c4da,5,124,172,10.64,2644,95.75,240,99,5979,10.64,4.98,32.73,120,PLANNED,2282,72618927,96.2
2023-01-01,PARK,4110f5f9a400ec7a,3,323,61,69.8,1804,90.81,199,35,16174,9.69,30.87,0.63,73,IN_PROGRESS,17972,7106306,9.0
2025-01-28,WATER,a5df07117d89287f,4,463,13,75.99,5863,97.46,228,83,14586,30.99,5.51,37.9,76,CANCELLED,575,23070854,87.7
2020-12-26,OTHER,3e8f47d8c602c948,2,457,91,25.45,3634,84.41,115,225,9802,17.42,52.16,63.84,267,CANCELLED,18410,26373750,51.9
2026-01-25,DRAIN,d98dbd5d035da7ae,2,18,167,58.86,4537,43.01,8,106,2715,40.64,2.45,34.15,95,PLANNED,10518,9583445,74.5
2023-02-10,OTHER,c0433d5ce97c38cd,5,1,26,77.02,1158,72.33,92,40,6313,49.24,14.24,49.77,75,PLANNED,22215,67413046,98.3
2019-03-06,SIGNAL,c59122d4ed62173b,3,9,66,40.08,2020,52.66,330,197,2373,35.18,34.74,85.46,242,CANCELLED,15240,34440470,86.8
2023-04-12,LIGHT,4d8503d939555568,1,117,22,78.43,2169,27.95,188,112,10539,1.42,33.85,63.57,357,COMPLETED,12655,28137598,17.5
2023-09-12,SIGNAL,ea8e0f279d089e83,5,208,124,24.69,3479,71.82,1,224,13170,16.32,23.33,45.98,320,COMPLETED,8362,32604516,63.8
2021-08-24,BRIDGE,2ee4bddd021ef764,2,81,162,74.13,2494,64.1,131,82,2225,32.81,63.82,5.37,359,CANCELLED,8487,55537030,78.0
2019-08-25,OTHER,1f7f91597750d623,3,29,86,48.82,5674,28.69,249,202,13454,5.83,71.05,79.1,62,COMPLETED,3594,70309317,56.3
2022-04-23,ROAD,6fa03666d16dfba8,4,93,64,40.31,1260,3.63,376,78,10301,24.29,45.19,82.56,22,IN_PROGRESS,23641,19247014,83.5
2021-02-14,SIGNAL,13cd2b61f1f676b3,4,97,122,39.64,4897,62.96,295,98,19177,18.14,64.82,72.44,54,COMPLETED,22115,47284283,36.6
2024-05-12,WATER,a4c586baaa3c1dec,2,59,20,12.44,5712,61.19,180,175,15044,9.34,35.63,1.44,186,CANCELLED,11826,9758858,0.2
2021-10-25,OTHER,81d56b0c1035544f,5,321,134,99.37,3881,45.13,147,161,4481,51.08,21.39,57.63,240,COMPLETED,9383,37386319,0.5
2022-05-17,ROAD,90e6524be49e465a,5,318,177,24.09,5731,61.38,73,212,18397,29.79,18.34,2.45,82,COMPLETED,13020,60905621,16.4
2021-02-18,LIGHT,aadf8dfe79b10628,3,109,150,32.41,85,34.03,372,126,17866,58.68,35.81,65.35,11,IN_PROGRESS,11374,24727614,2.2
2023-06-15,ROAD,4aa0a59e39ecdd9a,2,445,166,69.63,4122,43.93,333,170,5951,0.06,64.63,83.92,209,COMPLETED,19497,42290306,62.6
2025-09-30,SIGNAL,01d6837530d658ad,5,200,10,91.57,3747,1.03,373,90,13101,17.1,18.46,65.14,45,ON_HOLD,13269,35127020,71.4
2023-08-23,ROAD,ee20eaaac9f233cf,5,369,29,36.69,784,27.6,240,118,18986,10.33,17.54,3.02,44,ON_HOLD,23091,8919595,12.9
2023-04-13,SIGNAL,1ae989cc0a7d729c,5,242,94,53.52,5717,4.22,188,130,12787,24.41,41.72,30.05,113,ON_HOLD,15634,8971878,84.6
2022-03-18,SIGNAL,48056f3ea5c0c564,5,78,42,55.45,968,47.66,329,190,9564,42.2,46.08,0.2,255,COMPLETED,6087,72889035,58.2
2019-02-16,DRAIN,8b7ac98a38b7d584,2,464,169,42.48,269,45.23,73,101,8374,23.58,29.76,8.89,285,IN_PROGRESS,21418,57161175,82.0
2019-04-25,WATER,c0eead561338c2a7,5,435,102,49.82,2283,68.62,207,168,2799,27.54,2.24,2.83,259,ON_HOLD,17606,12414096,11.9
2020-12-31,BRIDGE,94a1ff4d11b8c880,4,372,139,2.51,4175,86.85,296,103,3578,46.34,51.48,1.6,170,ON_HOLD,10087,4956661,20.9
2025-02-16,SIGNAL,c14254403219109f,4,137,27,94.32,1297,88.33,44,80,17915,6.59,5.42,79.45,68,COMPLETED,19158,5243417,99.1
2019-02-24,OTHER,fb9f7bc4c757dc77,4,423,43,63.26,1202,81.6,338,80,2069,21.01,67.03,22.79,74,PLANNED,5833,41160235,7.2
2020-09-05,SEWER,be9e4b69381b4811,4,9,24,72.1,3544,14.15,21,185,8914,41.84,46.6,49.61,74,COMPLETED,16699,39759752,87.7
2020-03-21,SEWER,b649d0a4d6063593,5,161,49,94.2,2038,87.9,39,191,1611,40.17,55.99,85.99,35,COMPLETED,3438,11670548,7.6
2026-01-02,BRIDGE,dd4d23cf376ee30b,2,492,82,5.98,5859,71.58,53,37,1906,34.72,1.49,8.86,364,CANCELLED,15391,30959004,76.8
2023-06-09,LIGHT,fb916e2705449fde,1,494,110,95.84,4791,45.1,370,55,5255,2.69,44.4,4.43,362,PLANNED,18097,26220206,81.1
2020-02-04,BUILD,25dfa8a0b8e055b1,5,389,112,70.24,1489,69.15,271,208,18280,53.85,20.77,58.44,238,IN_PROGRESS,21303,51423361,29.4
2022-02-21,DRAIN,d5ef6b4cfe34aaac,3,273,144,98.42,2891,75.45,127,13,11578,10.4,14.79,82.0,7,ON_HOLD,5067,8612779,14.5
2025-06-20,BUILD,b498b71620497198,5,57,111,91.71,1964,86.87,242,162,8886,3.49,11.03,63.44,343,COMPLETED,12088,5768338,4.3
2024-06-14,WATER,05990567f1b06c25,4,26,141,86.79,2539,49.48,230,131,12244,31.97,26.46,71.12,266,CANCELLED,7826,30685990,33.9
2019-02-19,OTHER,0a4f90d5241a0e66,1,217,175,35.46,4660,81.81,290,178,10382,57.03,70.22,26.13,169,PLANNED,14185,12101845,54.9
2023-11-24,WATER,ff62c9b7e358c9db,4,311,61,57.97,2369,61.87,57,154,11159,34.1,70.24,32.62,344,IN_PROGRESS,10178,69547312,34.6
2019-02-15,SEWER,fc2c749120a34d87,5,467,111,87.86,5408,11.33,199,59,8559,11.33,70.85,5.16,163,PLANNED,12485,65592873,61.0
2025-01-02,SEWER,a4bdba2dbc1f0577,2,268,175,37.79,3458,34.38,22,77,16436,22.65,34.2,74.96,285,PLANNED,12206,61115314,20.4
2021-03-29,BRIDGE,0da65588cd1e1f62,2,170,155,82.24,2996,62.82,55,190,5850,28.38,39.37,31.47,304,PLANNED,11852,10150904,72.4
2023-11-11,LIGHT,b30e540db893f61a,4,406,10,49.25,932,77.67,264,87,14462,12.3,49.63,83.5,290,IN_PROGRESS,21663,45514424,16.6
2022-12-15,SIGNAL,16d054e3ee29f362,2,264,85,61.46,512,38.56,351,173,7046,55.24,14.44,50.16,259,ON_HOLD,3864,1729378,76.8
2019-12-13,BRIDGE,328b13ab2c93c275,3,79,27,31.81,4526,1.14,241,177,14352,21.92,68.15,97.94,24,CANCELLED,2528,39728915,77.5
2022-12-01,PARK,b448cfa802ef4bee,3,455,87,6.05,657,59.19,8,244,12838,50.13,29.15,52.84,120,PLANNED,3806,60089342,6.0
2019-02-16,ROAD,1dab3d6b0e264605,3,55,7,15.33,3655,32.74,171,159,15776,29.07,56.46,16.54,91,IN_PROGRESS,4140,2966499,21.1
2025-05-09,LIGHT,cfaaaf1ed85d8751,4,13,15,6.95,4824,2.35,325,19,14298,54.14,50.45,27.28,334,COMPLETED,24091,15663234,36.8
2020-12-12,OTHER,39a5b83a99ea35dd,1,386,124,45.32,2631,11.5,214,70,10012,14.19,68.66,13.89,83,COMPLETED,5304,52851557,98.7
2020-12-14,WATER,7ac19457b1bc5a19,3,213,13,35.43,2079,88.42,292,9,15465,29.47,4.43,6.26,326,COMPLETED,6537,29852437,77.6
2024-05-09,OTHER,197d3cb1b5b0cd39,4,321,127,23.68,1489,76.19,8,206,18632,43.13,7.64,28.84,182,CANCELLED,8700,44437519,50.7
2022-04-20,LIGHT,e76e6fd216b4c602,3,307,43,58.72,5125,94.21,290,175,17288,13.07,18.14,2.54,250,ON_HOLD,13833,8214517,59.9
2025-08-03,WATER,c9eed2c57167f68a,4,142,104,51.74,1615,60.97,280,94,4097,27.59,2.45,16.85,295,ON_HOLD,5259,8576072,65.1
2019-03-11,DRAIN,27c1da4b158c9f0a,1,210,140,19.13,2800,11.3,246,26,9351,47.4,33.15,54.97,227,ON_HOLD,15953,62362689,36.1
2023-10-23,ROAD,ac771b35f7cef2fe,1,108,162,21.68,5503,83.23,175,102,19970,54.97,67.23,17.23,351,COMPLETED,14094,68777593,94.2
2024-06-26,ROAD,6d796663bee70ccd,3,165,109,32.07,2010,97.75,399,175,12766,41.4,35.54,41.76,347,IN_PROGRESS,7632,9550441,44.2
2023-07-06,OTHER,8be2b6323b76dec1,5,114,116,27.77,3584,5.71,101,135,17312,7.12,26.5,52.63,148,IN_PROGRESS,8981,6071750,70.7
2026-02-21,SEWER,b3086388a44fbcd4,5,350,114,72.0,1733,96.16,367,183,17635,13.52,31.9,99.38,297,IN_PROGRESS,21568,59947566,16.6
2024-09-05,SEWER,9f5ab7056ef2245b,1,138,116,45.54,2626,20.82,311,146,15930,30.59,52.39,46.37,70,ON_HOLD,16997,37513575,17.8
2019-08-15,PARK,81dd53b8f59ebe27,2,437,12,73.79,5529,26.53,147,99,16525,11.09,19.09,41.76,228,CANCELLED,6857,32830074,70.4
2020-01-18,ROAD,5c6a1debd64f8deb,4,402,86,72.81,4167,23.82,9,120,13539,9.37,54.1,62.95,227,PLANNED,1937,58234005,82.5
2025-07-09,BRIDGE,5d8b9b6592a35e97,2,403,74,31.3,1433,58.89,2,93,8219,33.65,30.63,11.97,36,IN_PROGRESS,6474,52919969,24.0
2022-05-13,WATER,b99b5faf09fa4ea6,3,493,164,92.79,1783,77.67,275,30,18432,23.47,10.31,21.68,45,CANCELLED,1160,10771876,63.4
2019-03-10,ROAD,7b84f797ded0aa38,3,241,131,75.03,5064,1.75,366,18,12830,26.52,55.95,51.55,333,IN_PROGRESS,3292,46974468,64.1
2023-02-24,SIGNAL,53734a8edf36f9c1,4,264,63,15.5,2551,72.43,30,112,4813,39.0,26.46,7.3,136,CANCELLED,23051,42100682,32.3
