travel_dom_travel_month,travel_dom_destination_dma_code,travel_dom_origin_dma_code,travel_dom_trip_purpose_code,travel_dom_party_size_avg,travel_dom_nights_stayed_avg,travel_dom_lodging_type_code,travel_dom_spend_total_inr,travel_dom_spend_lodging_inr,travel_dom_spend_food_inr,travel_dom_spend_transport_inr,travel_dom_attraction_ticket_spend_inr,travel_dom_booking_channel_code,travel_dom_lead_time_days,travel_dom_cancellation_rate_pct,travel_dom_occupancy_rate_pct,travel_dom_adr_average_daily_rate,travel_dom_revpar_inr,travel_dom_seasonality_cluster,travel_dom_event_driven_demand_flag
2025-01,DMA0479,DMA0136,LEISURE,6.2,11.9,HOTEL,55060,152232,97077,145714,48159,AGENT,157,42.76,26.35,7111,2868,WINTER,1
2024-05,DMA0401,DMA0173,EDUCATION,5.7,1.4,HOTEL,203477,38400,97223,29489,53106,AGENT,137,18.81,88.64,9170,24174,WINTER,0
2024-10,DMA0163,DMA0367,LEISURE,2.5,4.4,DHARAMSHALA,164996,95663,22603,120719,9244,GOV_PORTAL,14,42.87,74.46,10244,3462,FESTIVE,1
2022-02,DMA0314,DMA0190,VFR,1.7,3.3,HOMESTAY,111181,9507,26534,139710,6494,DIRECT,140,15.23,81.61,1027,10156,WINTER,0
2020-05,DMA0541,DMA0695,EDUCATION,4.3,12.6,HOSTEL,164937,183693,33284,25076,14164,OTA,116,15.65,93.39,31501,15584,SHOULDER,1
2025-01,DMA0447,DMA0603,EDUCATION,2.5,6.6,HOSTEL,252536,181959,34859,30210,40113,GOV_PORTAL,57,31.81,95.51,2150,16214,SUMMER,1
2019-11,DMA0373,DMA0422,LEISURE,2.1,8.1,GUESTHOUSE,82701,109970,9048,67818,23241,GOV_PORTAL,85,4.36,95.15,3070,2240,FESTIVE,1
2023-05,DMA0627,DMA0194,PILGRIMAGE,4.5,4.1,SERVICED_APT,262157,196198,67661,131706,55464,CORPORATE,102,18.58,41.03,25373,11219,SHOULDER,1
2020-06,DMA0210,DMA0527,BUSINESS,5.1,2.7,HOSTEL,92426,47639,77170,31058,58148,GOV_PORTAL,22,17.12,86.43,29568,9084,MONSOON,0
2019-07,DMA0047,DMA0779,LEISURE,3.9,8.8,GUESTHOUSE,314899,26638,23817,101021,14637,DIRECT,52,1.59,94.78,1494,11762,WINTER,0
2021-11,DMA0330,DMA0169,PILGRIMAGE,2.8,4.7,RESORT,9836,133848,52994,36882,2569,GOV_PORTAL,33,14.07,75.09,17850,9633,WINTER,0
2022-08,DMA0271,DMA0591,MEDICAL,3.8,13.1,HOMESTAY,344568,15474,92575,139391,2787,AGENT,44,17.93,75.84,24243,13239,SUMMER,0
2024-11,DMA0120,DMA0457,LEISURE,4.3,7.2,SERVICED_APT,35523,3152,54046,25109,6107,AGENT,159,2.61,88.97,5091,25024,SHOULDER,0
2022-03,DMA0313,DMA0219,BUSINESS,1.3,2.8,GUESTHOUSE,242191,75342,53486,78808,49619,GOV_PORTAL,180,0.91,42.43,5168,14164,SHOULDER,0
2019-11,DMA0647,DMA0746,BUSINESS,3.4,1.3,HOMESTAY,81291,33982,65321,103556,54422,OTA,101,26.99,34.97,3245,26032,WINTER,1
2019-10,DMA0102,DMA0421,VFR,4.3,4.0,HOTEL,16349,147148,40740,7960,27007,CORPORATE,158,9.26,54.08,9468,2966,WINTER,1
2025-04,DMA0206,DMA0115,MEDICAL,1.7,5.2,HOMESTAY,259734,10859,80060,7596,52227,GOV_PORTAL,171,16.32,94.09,17530,19258,SHOULDER,0
2019-09,DMA0218,DMA0501,MEDICAL,3.5,3.7,HOMESTAY,213192,78456,12648,11002,25273,DIRECT,78,3.6,24.72,3703,7234,SHOULDER,1
2019-08,DMA0274,DMA0013,BUSINESS,2.9,5.8,HOMESTAY,283666,82470,25337,21487,15543,OTA,75,4.54,54.52,28419,15845,MONSOON,0
2022-12,DMA0338,DMA0149,PILGRIMAGE,5.8,12.4,HOTEL,218110,156725,79905,145040,53886,DIRECT,98,6.95,73.88,9737,3195,WINTER,1
2020-09,DMA0774,DMA0267,BUSINESS,3.7,1.6,SERVICED_APT,11514,36379,82264,89020,52016,DIRECT,152,1.34,70.8,9452,10630,WINTER,0
2025-08,DMA0697,DMA0460,LEISURE,3.3,11.4,HOSTEL,293365,133568,97043,43492,27417,CORPORATE,9,34.31,83.17,31425,19643,SHOULDER,0
2019-06,DMA0041,DMA0014,VFR,2.3,6.5,GUESTHOUSE,264391,42091,89453,59458,21611,CORPORATE,32,40.78,41.03,2393,11881,SUMMER,0
2023-11,DMA0588,DMA0250,EDUCATION,6.3,12.8,RESORT,157388,35822,6084,97399,9002,AGENT,121,23.5,38.25,9659,15850,SHOULDER,0
2024-08,DMA0051,DMA0420,LEISURE,6.3,9.7,HOMESTAY,272653,105434,55680,134269,32725,DIRECT,56,36.74,84.54,12310,18064,WINTER,0
2020-11,DMA0573,DMA0397,MEDICAL,3.0,3.1,HOMESTAY,42581,45764,82591,58739,19501,GOV_PORTAL,169,6.1,84.41,1571,4892,MONSOON,0
2025-01,DMA0094,DMA0699,LEISURE,6.1,13.5,GUESTHOUSE,9367,17874,47710,107388,56219,DIRECT,51,20.22,39.41,19359,1305,WINTER,1
2025-03,DMA0019,DMA0581,MEDICAL,4.4,3.0,GUESTHOUSE,209758,127657,84730,85155,45188,AGENT,126,6.43,54.34,1733,4646,FESTIVE,0
2021-11,DMA0533,DMA0277,VFR,5.3,5.4,DHARAMSHALA,160879,146174,1297,10181,31379,DIRECT,62,44.79,55.23,32064,7947,WINTER,0
2019-12,DMA0592,DMA0353,MEDICAL,1.5,13.7,HOTEL,192915,167290,11695,74626,55464,CORPORATE,107,2.62,60.04,14292,22718,WINTER,1
2024-11,DMA0583,DMA0108,VFR,1.1,3.8,GUESTHOUSE,36176,53817,50284,43988,1489,AGENT,142,19.98,85.24,27959,12958,WINTER,0
2023-09,DMA0054,DMA0192,PILGRIMAGE,3.8,9.2,HOTEL,121994,161872,25182,146903,45023,OTA,135,5.05,67.06,25857,26523,SHOULDER,1
2021-05,DMA0538,DMA0081,PILGRIMAGE,1.4,13.7,HOSTEL,46557,970,25131,67571,42814,DIRECT,165,3.09,60.42,17928,22695,SUMMER,0
2024-07,DMA0681,DMA0449,VFR,5.9,10.0,HOTEL,158402,23360,48935,101838,1752,DIRECT,27,33.07,42.58,10742,4608,WINTER,1
2024-01,DMA0396,DMA0435,BUSINESS,5.5,9.6,HOMESTAY,285139,163433,73014,95436,24885,CORPORATE,71,3.61,23.15,8011,14639,WINTER,0
2024-01,DMA0005,DMA0197,VFR,4.9,9.1,RESORT,199336,61336,97364,84430,2603,OTA,87,1.08,91.61,34996,8041,WINTER,1
2021-06,DMA0026,DMA0332,MEDICAL,1.2,8.2,HOMESTAY,336312,35775,29548,48345,54012,DIRECT,1,42.73,75.86,31301,7455,WINTER,0
2021-03,DMA0166,DMA0025,PILGRIMAGE,3.5,13.3,HOTEL,329486,127472,74326,148362,44967,DIRECT,130,8.31,25.8,33797,7154,WINTER,0
2021-06,DMA0082,DMA0793,EDUCATION,1.4,8.1,SERVICED_APT,125957,57151,38428,37460,13699,OTA,24,38.0,43.21,32048,10335,MONSOON,1
2023-07,DMA0262,DMA0140,PILGRIMAGE,6.1,9.6,DHARAMSHALA,121077,48878,93589,85524,58700,CORPORATE,161,42.88,70.47,7738,27743,SHOULDER,1
2020-11,DMA0257,DMA0011,VFR,4.4,10.6,HOMESTAY,268689,60854,4595,94584,50329,GOV_PORTAL,163,33.84,36.31,15196,9502,SHOULDER,1
2022-01,DMA0587,DMA0606,BUSINESS,1.9,7.9,DHARAMSHALA,273957,169943,5325,34263,3968,OTA,179,4.67,28.2,34225,2278,WINTER,0
2021-02,DMA0126,DMA0304,VFR,4.1,12.5,HOSTEL,168595,16232,68830,145946,23757,CORPORATE,18,7.67,62.92,24182,6898,MONSOON,0
2021-12,DMA0592,DMA0337,MEDICAL,1.7,1.3,DHARAMSHALA,53788,50884,61550,61919,50485,DIRECT,92,8.06,45.67,7238,2070,FESTIVE,1
2024-03,DMA0346,DMA0387,MEDICAL,1.8,6.1,SERVICED_APT,261405,31997,24640,52732,11644,OTA,179,29.43,84.56,8260,11031,FESTIVE,1
2022-01,DMA0423,DMA0177,LEISURE,1.4,9.0,DHARAMSHALA,189062,61056,7750,35696,22607,CORPORATE,29,8.08,94.16,11902,18573,MONSOON,0
2023-03,DMA0049,DMA0559,BUSINESS,5.8,1.2,HOSTEL,236754,77871,74100,23512,50465,DIRECT,138,1.35,65.84,14463,19971,FESTIVE,1
2024-08,DMA0082,DMA0658,PILGRIMAGE,4.0,13.2,DHARAMSHALA,220316,97546,83162,33442,24068,AGENT,8,20.64,75.61,4252,23809,SHOULDER,0
2025-06,DMA0484,DMA0513,EDUCATION,2.8,11.7,SERVICED_APT,29343,114449,27909,7401,59742,CORPORATE,116,26.51,96.71,3826,18796,FESTIVE,0
2024-03,DMA0037,DMA0582,MEDICAL,1.0,3.8,RESORT,201566,175723,2022,116087,56946,CORPORATE,100,20.72,37.62,19566,21931,WINTER,0
2022-01,DMA0225,DMA0226,MEDICAL,3.6,5.3,SERVICED_APT,173619,187696,88614,5744,49137,CORPORATE,97,22.01,90.58,33116,26925,SUMMER,0
2021-07,DMA0257,DMA0645,BUSINESS,3.8,9.8,RESORT,107282,113423,28167,128729,9552,DIRECT,147,20.56,63.63,12422,21545,MONSOON,0
2025-06,DMA0731,DMA0515,VFR,2.9,5.4,HOSTEL,92379,163466,8410,148923,6360,GOV_PORTAL,3,11.94,34.64,18312,21276,SUMMER,1
2021-01,DMA0293,DMA0602,LEISURE,3.7,12.1,HOSTEL,317228,144824,62870,75207,48155,GOV_PORTAL,68,43.02,42.56,32611,568,MONSOON,0
2025-01,DMA0214,DMA0744,EDUCATION,1.6,4.2,DHARAMSHALA,208246,196388,42178,78052,56464,AGENT,180,37.71,73.67,17877,2684,MONSOON,1
2021-01,DMA0275,DMA0454,MEDICAL,6.1,11.6,HOMESTAY,262772,131985,58141,50986,36327,OTA,67,14.53,91.91,25600,11808,MONSOON,1
2022-10,DMA0511,DMA0779,LEISURE,2.4,7.0,HOSTEL,37654,78524,46776,7394,37141,AGENT,137,1.79,29.28,16186,4284,SHOULDER,0
2021-06,DMA0461,DMA0296,PILGRIMAGE,6.2,6.9,HOTEL,20399,161635,54645,47566,12627,OTA,107,38.61,69.86,9999,3441,SHOULDER,0
2020-08,DMA0165,DMA0102,LEISURE,3.7,3.2,HOMESTAY,290818,879,94112,77501,3629,OTA,65,33.4,49.4,29858,12652,MONSOON,1
2020-11,DMA0626,DMA0064,MEDICAL,5.7,13.8,SERVICED_APT,335175,157077,17612,134521,48040,AGENT,125,3.66,45.09,25313,19148,WINTER,0
2019-01,DMA0568,DMA0592,EDUCATION,4.2,5.5,GUESTHOUSE,219537,108599,52957,61750,5584,AGENT,137,31.41,34.04,8664,20356,FESTIVE,1
2020-03,DMA0731,DMA0724,VFR,5.6,3.7,SERVICED_APT,134527,127041,15934,76598,17581,CORPORATE,46,20.37,89.28,15395,20985,WINTER,1
2020-09,DMA0084,DMA0084,EDUCATION,1.1,1.4,RESORT,312678,147189,55016,91580,10627,DIRECT,65,5.87,48.41,26963,10646,SHOULDER,1
2021-06,DMA0282,DMA0474,MEDICAL,2.0,7.4,RESORT,163025,17699,61306,106092,30090,GOV_PORTAL,110,32.61,54.58,14176,20189,MONSOON,1
2019-11,DMA0174,DMA0314,PILGRIMAGE,2.9,1.4,RESORT,6469,159723,88021,25533,17465,OTA,151,16.01,36.18,26269,18739,SHOULDER,1
2023-04,DMA0675,DMA0227,LEISURE,2.6,6.9,HOMESTAY,246419,5052,59760,48985,39053,OTA,173,40.97,67.41,7726,10527,FESTIVE,0
2021-06,DMA0480,DMA0744,VFR,6.2,12.7,HOSTEL,96114,148875,94780,25188,53023,CORPORATE,135,1.93,54.34,9047,25246,SUMMER,1
2019-09,DMA0534,DMA0256,EDUCATION,3.2,7.5,HOTEL,61790,57217,81305,1404,37107,GOV_PORTAL,11,42.18,35.05,22892,9015,SUMMER,0
2024-09,DMA0142,DMA0237,VFR,6.3,1.6,GUESTHOUSE,278477,16190,11434,129185,5242,DIRECT,129,3.96,44.22,22305,16214,WINTER,1
2022-11,DMA0413,DMA0490,EDUCATION,4.6,4.4,RESORT,158378,36955,84637,55524,7021,CORPORATE,136,1.63,50.51,9420,25853,MONSOON,1
2021-10,DMA0186,DMA0665,LEISURE,5.6,1.6,SERVICED_APT,79253,95505,46595,1181,42192,DIRECT,70,26.18,26.0,1998,23100,SHOULDER,1
2021-09,DMA0159,DMA0286,LEISURE,3.2,12.5,HOMESTAY,265223,153547,42727,112855,13166,OTA,156,27.48,24.05,8038,11849,WINTER,1
2024-05,DMA0785,DMA0680,LEISURE,2.0,4.1,HOTEL,112336,175509,68442,141002,22515,GOV_PORTAL,95,8.89,97.41,10817,5946,WINTER,1
2023-03,DMA0663,DMA0537,PILGRIMAGE,1.3,1.8,HOSTEL,14388,186932,79028,19934,32154,OTA,83,39.42,92.36,12192,13141,WINTER,1
2025-07,DMA0571,DMA0010,VFR,4.6,13.5,GUESTHOUSE,143147,134381,45224,93416,762,CORPORATE,150,36.09,66.27,32858,14224,FESTIVE,1
2021-07,DMA0420,DMA0365,MEDICAL,6.3,7.3,SERVICED_APT,163798,61276,75212,41066,42797,DIRECT,78,12.72,39.09,14221,25958,WINTER,1
2023-08,DMA0601,DMA0313,PILGRIMAGE,1.7,6.3,RESORT,238069,43883,68338,46677,2517,DIRECT,32,19.94,38.13,2305,25167,MONSOON,1
2025-04,DMA0466,DMA0675,LEISURE,5.2,13.1,HOSTEL,270880,5537,30338,108280,17511,OTA,143,35.25,54.36,2323,22578,FESTIVE,0
2024-11,DMA0130,DMA0283,LEISURE,3.0,7.9,HOMESTAY,101349,86057,1618,117753,30849,CORPORATE,136,37.5,50.12,26093,14518,SUMMER,1
2022-09,DMA0602,DMA0252,EDUCATION,6.5,4.7,RESORT,70182,41813,50583,36833,36414,GOV_PORTAL,107,35.83,77.18,23508,2325,SUMMER,1
2021-09,DMA0378,DMA0574,MEDICAL,5.8,11.3,HOMESTAY,156476,54452,71356,8593,34408,AGENT,163,12.06,51.75,30622,1945,SUMMER,1
2023-03,DMA0268,DMA0720,EDUCATION,2.3,4.5,HOSTEL,27063,161069,58808,10739,50125,CORPORATE,159,34.44,94.52,34807,23966,MONSOON,1
2019-05,DMA0752,DMA0413,MEDICAL,5.2,6.8,GUESTHOUSE,251924,128168,35494,129932,11254,GOV_PORTAL,174,28.47,39.73,6010,16795,MONSOON,1
2022-02,DMA0778,DMA0355,MEDICAL,5.0,11.4,RESORT,349995,72949,36377,75578,58924,GOV_PORTAL,113,23.68,22.08,20044,13743,FESTIVE,1
2019-05,DMA0733,DMA0149,BUSINESS,5.2,13.1,RESORT,220637,5924,81315,59481,9125,DIRECT,141,43.36,67.06,1130,23750,SUMMER,1
2023-08,DMA0632,DMA0169,PILGRIMAGE,1.5,8.9,SERVICED_APT,110712,18816,88561,81320,7810,AGENT,162,26.91,97.06,26008,11220,FESTIVE,1
2025-09,DMA0770,DMA0415,BUSINESS,5.5,7.6,DHARAMSHALA,330077,176022,30283,110925,56163,AGENT,119,39.09,86.41,20445,10001,SUMMER,1
2024-11,DMA0528,DMA0147,MEDICAL,2.4,2.0,HOTEL,65585,198664,12603,3139,56823,AGENT,13,33.86,20.41,2100,11704,SUMMER,1
2021-01,DMA0676,DMA0492,VFR,4.2,9.0,RESORT,213030,83003,72280,120790,49702,OTA,0,2.03,64.87,26819,22896,SUMMER,1
2024-07,DMA0635,DMA0294,PILGRIMAGE,1.6,5.2,HOTEL,242558,149136,33417,51210,17733,DIRECT,50,12.01,55.4,17123,9913,SUMMER,1
2023-04,DMA0689,DMA0004,BUSINESS,4.1,7.7,HOSTEL,198971,145724,31205,111956,51128,CORPORATE,75,27.41,79.93,7188,11029,FESTIVE,1
2021-12,DMA0214,DMA0078,EDUCATION,6.0,10.7,DHARAMSHALA,324032,90152,65465,26893,276,OTA,47,19.72,39.71,34739,9769,MONSOON,0
2020-11,DMA0483,DMA0577,EDUCATION,2.0,9.3,HOSTEL,340298,61559,64402,95790,51012,OTA,168,43.0,39.01,17761,12137,SUMMER,1
2019-08,DMA0508,DMA0104,LEISURE,5.7,2.3,SERVICED_APT,2459,21350,17768,129510,56764,AGENT,140,26.26,44.7,13772,15464,WINTER,1
2021-07,DMA0617,DMA0595,PILGRIMAGE,3.4,6.2,GUESTHOUSE,272992,75102,66300,64698,13181,AGENT,153,41.81,39.2,30803,7334,SHOULDER,1
2024-03,DMA0101,DMA0048,VFR,2.8,3.6,HOSTEL,140726,124919,82935,13403,24778,GOV_PORTAL,142,9.27,21.71,6552,4917,MONSOON,0
2020-09,DMA0607,DMA0416,VFR,1.3,3.0,GUESTHOUSE,224935,107086,63836,41142,37145,GOV_PORTAL,119,40.4,69.0,12204,4768,MONSOON,0
2023-02,DMA0105,DMA0264,MEDICAL,3.9,3.9,HOMESTAY,151907,194328,9196,45171,36838,DIRECT,79,24.17,67.79,12564,15433,FESTIVE,1
2021-05,DMA0749,DMA0645,MEDICAL,2.1,13.0,DHARAMSHALA,175704,58977,86051,80946,37238,DIRECT,137,9.63,86.44,31920,6466,SHOULDER,1
2023-12,DMA0642,DMA0712,LEISURE,6.2,10.3,SERVICED_APT,80990,107373,59405,120512,42223,CORPORATE,144,17.56,74.42,2111,5599,FESTIVE,1
2024-07,DMA0739,DMA0177,EDUCATION,2.3,12.8,HOTEL,330427,162257,14066,22212,16398,OTA,103,43.6,69.99,4439,26365,MONSOON,0
2022-08,DMA0668,DMA0710,VFR,4.2,7.6,HOMESTAY,226039,131010,85153,11198,42599,AGENT,127,43.18,38.1,34894,25834,SUMMER,1
2019-02,DMA0135,DMA0611,MEDICAL,4.1,1.0,SERVICED_APT,285365,48463,87502,139646,15189,AGENT,108,0.99,77.73,27285,616,SUMMER,1
2020-03,DMA0789,DMA0309,BUSINESS,2.9,1.4,GUESTHOUSE,204966,166058,99696,108915,20803,DIRECT,9,13.83,86.72,28122,22511,FESTIVE,0
2022-03,DMA0620,DMA0116,EDUCATION,5.7,2.9,RESORT,254454,17935,72720,43903,17452,GOV_PORTAL,174,40.47,54.62,27828,22056,MONSOON,0
2022-04,DMA0217,DMA0572,MEDICAL,2.0,11.1,HOTEL,96838,47214,98849,30535,3480,CORPORATE,110,1.46,62.16,28608,16047,MONSOON,1
2022-11,DMA0466,DMA0445,LEISURE,5.5,3.6,HOMESTAY,84706,109103,4269,40708,5745,OTA,9,43.06,81.18,2959,2167,MONSOON,0
2025-04,DMA0425,DMA0446,LEISURE,2.1,2.3,HOMESTAY,339137,166375,60430,127526,41678,DIRECT,34,17.46,56.32,29177,2210,WINTER,1
2023-04,DMA0237,DMA0459,BUSINESS,1.2,12.2,SERVICED_APT,318278,111464,16256,147776,56097,GOV_PORTAL,104,5.17,71.99,8090,6013,SUMMER,0
2019-06,DMA0589,DMA0397,PILGRIMAGE,6.2,4.0,HOMESTAY,228106,15080,71729,62637,30852,GOV_PORTAL,135,13.55,36.76,4532,19787,FESTIVE,0
2024-10,DMA0373,DMA0413,VFR,4.5,7.5,HOSTEL,57942,10593,1602,86166,14978,OTA,137,36.37,65.57,34831,25189,FESTIVE,1
2022-12,DMA0495,DMA0503,LEISURE,4.5,5.4,RESORT,168790,48247,10979,88531,18002,OTA,97,44.93,22.9,5934,14306,SUMMER,0
2023-10,DMA0654,DMA0532,VFR,2.5,12.7,HOMESTAY,290566,105558,55724,110061,1334,DIRECT,68,6.02,36.3,25918,24719,FESTIVE,1
2019-03,DMA0465,DMA0291,BUSINESS,1.8,10.2,HOMESTAY,290293,139162,73161,147022,27708,OTA,47,28.69,91.83,26897,5146,FESTIVE,1
2022-10,DMA0589,DMA0090,BUSINESS,4.9,6.9,HOMESTAY,318247,11320,12929,149092,25860,AGENT,19,41.64,66.43,9936,15589,FESTIVE,1
2020-06,DMA0523,DMA0371,PILGRIMAGE,3.9,12.2,DHARAMSHALA,312661,163557,80798,45894,56933,GOV_PORTAL,67,40.49,55.53,12478,13411,FESTIVE,0
2023-08,DMA0010,DMA0596,EDUCATION,2.7,10.4,RESORT,38104,47632,51569,11495,11474,GOV_PORTAL,45,17.25,60.71,24634,27359,FESTIVE,1
2021-09,DMA0465,DMA0231,LEISURE,2.7,11.5,HOMESTAY,220885,57348,15501,51631,41543,AGENT,97,38.96,20.0,23334,1916,MONSOON,0
2020-05,DMA0311,DMA0363,BUSINESS,5.9,13.7,HOTEL,181332,148055,53894,1809,47444,CORPORATE,35,8.62,55.85,20589,12602,WINTER,1
2021-08,DMA0514,DMA0553,MEDICAL,5.9,3.6,DHARAMSHALA,71181,144722,25663,60505,19655,CORPORATE,0,28.45,31.23,32222,26842,SHOULDER,0
2025-04,DMA0513,DMA0751,VFR,2.5,3.6,SERVICED_APT,221959,79265,64406,124548,43843,OTA,49,26.91,86.93,3360,9214,MONSOON,0
2019-02,DMA0559,DMA0172,VFR,5.4,8.2,HOSTEL,27986,16529,35106,132203,24979,DIRECT,59,35.23,52.25,6320,5141,MONSOON,0
2021-02,DMA0091,DMA0300,EDUCATION,2.2,7.9,HOSTEL,252892,56723,44890,133459,8692,CORPORATE,103,10.3,38.1,4704,11000,MONSOON,1
2022-03,DMA0595,DMA0134,MEDICAL,5.4,12.3,HOMESTAY,42750,148923,75209,120705,7930,DIRECT,28,28.3,59.92,27146,6604,MONSOON,1
2024-03,DMA0274,DMA0703,VFR,1.7,3.0,RESORT,290701,55229,25935,71349,46455,DIRECT,19,27.47,48.53,25692,27474,FESTIVE,0
2020-05,DMA0291,DMA0657,EDUCATION,5.2,6.5,RESORT,216227,28414,29293,95504,15523,CORPORATE,28,3.79,55.88,7601,11426,SHOULDER,1
2021-10,DMA0377,DMA0626,EDUCATION,4.1,7.9,GUESTHOUSE,35406,56206,89693,12810,32581,DIRECT,15,14.88,76.61,23372,18058,SHOULDER,0
2020-07,DMA0713,DMA0603,MEDICAL,1.6,7.0,GUESTHOUSE,13987,120057,60924,66879,32338,OTA,79,9.33,59.72,34508,25433,FESTIVE,1
2024-02,DMA0062,DMA0297,EDUCATION,4.4,1.9,HOTEL,31446,74332,72706,52550,14341,AGENT,167,44.98,91.37,28017,20143,FESTIVE,1
2021-08,DMA0537,DMA0491,VFR,2.1,2.9,HOTEL,79492,20473,27484,69037,2870,AGENT,87,44.58,40.03,17715,15972,SHOULDER,1
2023-02,DMA0214,DMA0467,BUSINESS,2.1,3.0,DHARAMSHALA,122775,50266,814,15138,30551,OTA,144,11.36,45.43,24529,5038,MONSOON,1
2022-09,DMA0619,DMA0736,PILGRIMAGE,3.5,8.7,RESORT,186234,50065,9917,17745,4668,OTA,72,36.38,80.65,8939,26197,FESTIVE,0
2023-06,DMA0157,DMA0491,EDUCATION,6.3,6.6,HOTEL,177200,140805,23770,51249,26244,GOV_PORTAL,147,36.74,81.1,19776,27773,MONSOON,0
2025-10,DMA0470,DMA0151,LEISURE,5.9,3.3,GUESTHOUSE,314107,161114,64341,57177,18588,AGENT,173,42.12,96.17,13854,17652,MONSOON,1
2019-01,DMA0592,DMA0038,LEISURE,5.5,10.6,RESORT,312522,67354,36935,78393,58435,OTA,23,5.81,69.01,25439,24851,FESTIVE,0
2024-06,DMA0507,DMA0169,LEISURE,5.7,11.4,GUESTHOUSE,146990,4929,19387,135403,28345,CORPORATE,169,30.04,64.76,18891,24842,FESTIVE,1
2022-04,DMA0659,DMA0031,LEISURE,3.7,3.7,HOMESTAY,139914,105906,62649,140172,17005,DIRECT,49,9.26,65.93,11460,508,SHOULDER,0
2020-12,DMA0712,DMA0400,LEISURE,3.1,10.4,SERVICED_APT,339641,42114,71247,127379,17587,OTA,30,29.59,48.18,26996,17970,FESTIVE,1
2023-04,DMA0716,DMA0635,MEDICAL,5.9,1.8,DHARAMSHALA,260174,112421,20173,26223,50322,CORPORATE,141,39.25,50.03,32865,23452,SUMMER,0
2019-02,DMA0706,DMA0080,BUSINESS,1.4,12.1,SERVICED_APT,296484,72360,90357,143320,40301,GOV_PORTAL,164,3.66,41.83,26719,20710,MONSOON,1
2024-01,DMA0325,DMA0656,PILGRIMAGE,6.5,13.5,SERVICED_APT,100427,124631,62311,33234,1041,AGENT,12,28.66,66.56,34063,4297,MONSOON,0
2021-03,DMA0718,DMA0580,LEISURE,4.0,3.0,HOMESTAY,258472,51274,14366,115957,27129,CORPORATE,92,24.19,85.54,17953,15361,WINTER,0
2024-06,DMA0208,DMA0069,VFR,4.0,11.2,HOTEL,197881,48151,71692,146602,6085,DIRECT,170,7.9,69.41,16538,15904,MONSOON,1
2021-09,DMA0755,DMA0182,EDUCATION,2.6,2.3,GUESTHOUSE,322808,104652,94830,134918,12269,CORPORATE,133,10.69,56.86,11766,7113,SUMMER,0
2021-10,DMA0098,DMA0220,VFR,1.9,13.5,RESORT,46282,88572,34811,96952,5406,GOV_PORTAL,78,23.42,24.96,14594,23397,MONSOON,0
2024-02,DMA0746,DMA0192,PILGRIMAGE,4.7,6.9,RESORT,217119,138840,19201,89195,25600,DIRECT,13,38.72,39.32,14094,3773,MONSOON,1
2021-08,DMA0010,DMA0126,EDUCATION,3.0,8.0,HOTEL,171149,20619,8459,120922,5,AGENT,159,30.38,85.91,27857,5932,WINTER,0
2019-03,DMA0712,DMA0531,LEISURE,2.7,10.9,DHARAMSHALA,95254,195014,18436,90003,25636,DIRECT,8,1.24,50.9,27402,14314,MONSOON,0
2023-07,DMA0620,DMA0601,LEISURE,1.9,4.2,GUESTHOUSE,297978,15703,94866,65520,50433,CORPORATE,45,5.68,89.07,6814,13562,SUMMER,0
2021-03,DMA0793,DMA0595,BUSINESS,3.9,6.2,SERVICED_APT,258181,112816,84361,43045,53305,OTA,82,39.72,38.93,13794,12548,FESTIVE,1
2025-04,DMA0115,DMA0318,VFR,4.2,1.9,HOTEL,339228,198997,28421,63301,25834,OTA,66,29.37,64.91,1982,24854,FESTIVE,0
2019-08,DMA0539,DMA0259,VFR,3.4,9.0,SERVICED_APT,10734,68286,63631,138860,7599,DIRECT,31,0.81,95.17,14928,24898,MONSOON,1
2020-08,DMA0445,DMA0776,MEDICAL,1.1,11.4,RESORT,303978,151667,83022,121745,30166,DIRECT,0,26.83,63.43,27909,7635,FESTIVE,1
2023-04,DMA0522,DMA0730,EDUCATION,3.7,12.1,HOMESTAY,57566,196515,26363,8666,39211,GOV_PORTAL,143,7.59,36.3,15542,2383,SHOULDER,0
2020-05,DMA0551,DMA0415,VFR,2.5,8.0,DHARAMSHALA,244035,25878,4858,119468,59691,CORPORATE,101,41.4,37.9,5390,12954,SHOULDER,0
2021-09,DMA0391,DMA0787,LEISURE,1.8,11.0,GUESTHOUSE,72720,142428,1688,1820,13296,DIRECT,108,5.51,32.3,20791,20208,SUMMER,1
2023-07,DMA0783,DMA0631,LEISURE,4.2,2.9,HOTEL,290081,6162,70570,50325,53530,OTA,115,3.46,21.66,31071,24114,MONSOON,0
2025-03,DMA0370,DMA0721,VFR,4.7,10.7,HOMESTAY,152946,80596,30354,66538,51674,AGENT,159,29.02,74.01,31088,19658,FESTIVE,1
2025-01,DMA0653,DMA0321,MEDICAL,3.9,1.1,HOSTEL,227212,121200,82247,64377,51034,CORPORATE,99,35.67,81.08,5272,27691,FESTIVE,0
2024-11,DMA0545,DMA0781,EDUCATION,4.4,3.5,GUESTHOUSE,48200,171650,77217,47471,36471,GOV_PORTAL,120,12.32,83.98,10735,2017,SUMMER,1
2020-04,DMA0355,DMA0571,PILGRIMAGE,4.3,9.3,RESORT,111181,51893,95157,23598,29278,CORPORATE,82,13.56,25.75,32762,22118,SHOULDER,0
2025-07,DMA0104,DMA0185,EDUCATION,1.7,5.2,RESORT,289252,117874,40499,36921,55383,OTA,174,16.06,93.5,27642,12529,MONSOON,1
2024-04,DMA0523,DMA0012,VFR,2.2,6.3,HOSTEL,204957,109298,62960,68352,30272,CORPORATE,78,34.46,68.24,10357,15775,SHOULDER,1
2022-04,DMA0405,DMA0736,PILGRIMAGE,1.1,11.7,GUESTHOUSE,88333,136677,75349,59037,50535,GOV_PORTAL,4,11.79,26.89,20004,6421,SUMMER,1
2023-10,DMA0729,DMA0088,VFR,6.4,8.4,HOTEL,50064,111630,36177,40426,17375,GOV_PORTAL,141,3.97,26.62,23493,19998,MONSOON,1
2025-11,DMA0663,DMA0098,PILGRIMAGE,2.2,6.2,GUESTHOUSE,192068,187746,97501,57114,27790,AGENT,68,13.91,59.76,17893,18945,SUMMER,0
2020-11,DMA0556,DMA0408,LEISURE,5.5,7.1,GUESTHOUSE,269112,195203,36140,87818,50967,CORPORATE,10,43.47,39.05,12601,6333,SUMMER,1
2019-07,DMA0582,DMA0393,LEISURE,5.3,12.0,DHARAMSHALA,241486,115634,27030,92453,32372,AGENT,26,19.55,38.65,29443,18199,FESTIVE,1
2023-11,DMA0378,DMA0688,PILGRIMAGE,4.9,7.3,DHARAMSHALA,193413,75790,34105,14909,25610,DIRECT,38,25.2,20.92,15719,21289,SHOULDER,1
2023-11,DMA0446,DMA0068,BUSINESS,3.5,12.4,HOSTEL,59785,156051,78327,143304,28010,AGENT,100,34.3,57.62,14272,18458,SUMMER,0
2019-03,DMA0753,DMA0665,EDUCATION,4.2,4.2,SERVICED_APT,112955,146605,73276,30758,48239,DIRECT,6,25.13,26.75,19203,7465,SUMMER,0
2021-06,DMA0210,DMA0664,LEISURE,2.0,7.9,RESORT,264403,122774,67395,63301,17949,DIRECT,129,29.56,25.99,20767,13523,MONSOON,0
2019-10,DMA0241,DMA0791,EDUCATION,1.6,5.8,HOMESTAY,214748,165220,39770,14590,32273,DIRECT,176,39.62,32.37,9207,22871,MONSOON,1
2020-01,DMA0170,DMA0359,MEDICAL,2.9,8.7,RESORT,134201,165339,60835,137519,25198,OTA,41,16.78,20.83,32959,6374,SHOULDER,1
2022-03,DMA0357,DMA0318,MEDICAL,5.5,8.5,GUESTHOUSE,52535,35482,87586,130397,43680,GOV_PORTAL,150,5.02,28.07,951,15837,SHOULDER,0
2025-05,DMA0436,DMA0079,PILGRIMAGE,4.1,8.4,SERVICED_APT,159960,92454,19569,37341,58217,DIRECT,20,4.25,66.36,11634,1718,SHOULDER,1
2024-04,DMA0414,DMA0345,EDUCATION,5.2,7.9,RESORT,167123,115890,65386,141874,50818,CORPORATE,118,35.22,40.02,3266,12682,FESTIVE,0
2021-01,DMA0129,DMA0701,BUSINESS,5.9,6.9,HOSTEL,89935,127211,83063,148104,44353,OTA,112,29.47,25.37,25014,22394,FESTIVE,1
2022-05,DMA0432,DMA0120,MEDICAL,4.1,12.8,DHARAMSHALA,24494,11251,53912,51169,24330,DIRECT,128,25.49,30.57,26901,17634,SUMMER,1
2022-04,DMA0398,DMA0266,LEISURE,3.0,4.5,DHARAMSHALA,335166,103419,74187,21628,58743,DIRECT,28,41.85,23.37,15743,25297,MONSOON,0
2024-02,DMA0732,DMA0010,VFR,5.7,6.6,HOMESTAY,285731,191753,38224,147511,26452,GOV_PORTAL,50,28.21,80.6,4942,25155,FESTIVE,0
2022-04,DMA0702,DMA0582,EDUCATION,2.3,3.7,HOMESTAY,30016,5685,62380,139079,51990,OTA,162,2.15,63.8,32017,5126,WINTER,1
2021-10,DMA0087,DMA0244,VFR,1.1,5.3,HOTEL,42629,59035,9771,125867,9201,OTA,34,21.09,56.98,15773,2825,SHOULDER,1
2025-07,DMA0234,DMA0325,EDUCATION,1.3,4.2,DHARAMSHALA,54421,26657,21003,129040,13495,AGENT,36,9.67,88.12,33938,20352,MONSOON,1
2019-03,DMA0377,DMA0316,LEISURE,4.2,9.7,RESORT,219719,121330,24254,110289,25139,CORPORATE,174,27.96,26.21,5320,23322,SUMMER,0
2023-04,DMA0647,DMA0468,EDUCATION,5.9,10.2,DHARAMSHALA,342603,186365,48499,14153,47366,GOV_PORTAL,145,8.45,22.9,2646,19055,MONSOON,1
2022-10,DMA0404,DMA0470,BUSINESS,4.1,4.6,DHARAMSHALA,143534,160069,27206,18337,6254,AGENT,96,29.02,53.08,29455,610,MONSOON,1
2024-09,DMA0084,DMA0623,PILGRIMAGE,3.3,13.8,RESORT,230487,33740,6677,100365,48602,AGENT,133,39.75,40.59,23241,6287,SUMMER,0
2022-05,DMA0415,DMA0215,LEISURE,4.2,4.7,HOSTEL,208101,55397,65040,111221,4432,CORPORATE,73,3.47,57.11,11312,9064,FESTIVE,0
2023-12,DMA0777,DMA0474,VFR,4.7,11.8,RESORT,271743,177091,92458,16931,46754,GOV_PORTAL,155,11.65,90.47,15536,8205,WINTER,0
2021-05,DMA0267,DMA0526,PILGRIMAGE,5.2,4.8,HOSTEL,216798,42178,12610,121761,18319,CORPORATE,57,30.31,54.81,33848,4545,FESTIVE,1
2019-08,DMA0006,DMA0255,BUSINESS,2.9,6.4,HOTEL,110897,145850,55570,24982,4402,GOV_PORTAL,75,32.0,33.35,27403,15043,SHOULDER,0
2019-04,DMA0427,DMA0318,EDUCATION,3.1,9.6,GUESTHOUSE,226766,93375,6471,49347,15028,DIRECT,112,26.41,82.23,8318,7617,WINTER,0
2021-01,DMA0059,DMA0256,MEDICAL,1.1,8.2,RESORT,181808,143187,74222,27479,55234,OTA,24,6.26,50.33,22663,27725,WINTER,1
2023-02,DMA0622,DMA0527,EDUCATION,4.6,7.6,GUESTHOUSE,84409,172214,49156,111739,26955,DIRECT,37,10.92,78.89,22670,4934,FESTIVE,1
2020-11,DMA0018,DMA0172,VFR,5.3,11.3,HOTEL,47222,42356,76498,806,6451,DIRECT,124,40.83,31.03,18246,20656,FESTIVE,1
2021-01,DMA0797,DMA0642,BUSINESS,3.8,10.2,RESORT,79901,86315,69690,129715,18261,DIRECT,54,36.87,46.3,10990,14276,SHOULDER,1
2024-10,DMA0374,DMA0375,LEISURE,3.1,12.9,RESORT,201123,135454,27353,5435,21728,CORPORATE,43,42.75,21.76,5889,5020,SHOULDER,0
2020-09,DMA0044,DMA0460,BUSINESS,2.8,4.0,SERVICED_APT,336774,102346,257,90677,4294,GOV_PORTAL,150,18.41,38.36,3885,17480,MONSOON,1
2023-08,DMA0161,DMA0575,BUSINESS,4.5,1.2,GUESTHOUSE,27250,141974,37214,103545,44023,DIRECT,58,19.78,70.47,18530,18168,SUMMER,0
2019-03,DMA0323,DMA0280,PILGRIMAGE,2.8,14.0,SERVICED_APT,78850,144180,51872,484,59062,OTA,71,11.65,42.87,5437,15171,FESTIVE,1
2025-07,DMA0038,DMA0768,VFR,4.3,4.7,HOTEL,242561,126175,32182,149149,49572,DIRECT,156,23.6,30.86,28686,10386,SUMMER,1
2020-09,DMA0237,DMA0514,VFR,6.1,1.6,HOTEL,82756,40351,85530,19966,50950,AGENT,47,37.34,24.39,8034,16926,FESTIVE,0
2025-11,DMA0613,DMA0594,BUSINESS,2.8,4.2,GUESTHOUSE,205695,90605,3714,135790,14998,AGENT,25,11.15,67.01,25585,3181,WINTER,1
2025-11,DMA0681,DMA0604,LEISURE,1.4,9.7,GUESTHOUSE,213097,8899,53474,38784,42624,CORPORATE,120,6.33,26.01,3300,25459,SHOULDER,0
2023-01,DMA0272,DMA0729,BUSINESS,5.8,8.6,RESORT,228187,85976,81795,5338,2807,OTA,137,33.77,82.31,18720,9082,WINTER,1
2022-10,DMA0294,DMA0361,EDUCATION,2.5,3.7,DHARAMSHALA,21130,29718,82583,53113,45288,CORPORATE,74,31.2,47.86,5278,23595,FESTIVE,0
2025-06,DMA0063,DMA0424,EDUCATION,6.4,3.4,SERVICED_APT,226318,2100,65422,33479,26891,CORPORATE,81,37.31,43.79,5827,13750,SHOULDER,1
2024-08,DMA0227,DMA0519,EDUCATION,5.6,6.8,HOTEL,237678,77973,40241,134086,2810,CORPORATE,108,33.82,68.73,27274,16512,MONSOON,0
2021-07,DMA0346,DMA0493,LEISURE,3.3,1.2,DHARAMSHALA,72441,22797,72318,89202,21786,DIRECT,68,18.87,63.42,12011,24135,SHOULDER,1
2022-10,DMA0740,DMA0504,EDUCATION,4.5,1.0,HOMESTAY,195819,76289,79738,137471,25551,GOV_PORTAL,69,7.06,97.03,27177,10251,SHOULDER,0
2025-03,DMA0265,DMA0460,EDUCATION,2.5,9.0,SERVICED_APT,137767,87371,6418,72892,40782,GOV_PORTAL,137,32.15,24.0,7426,17453,FESTIVE,0
2022-08,DMA0411,DMA0573,PILGRIMAGE,1.5,5.2,HOTEL,49431,174102,82499,7148,23344,OTA,146,39.53,86.41,2391,26943,SUMMER,1
2022-09,DMA0415,DMA0428,VFR,3.9,1.3,RESORT,182451,161716,4237,83864,38524,DIRECT,75,6.88,66.76,5463,10321,SHOULDER,0
2025-03,DMA0143,DMA0503,VFR,3.3,7.0,GUESTHOUSE,207365,170729,24963,57551,46014,GOV_PORTAL,23,23.34,88.84,25194,20735,FESTIVE,0
2023-01,DMA0224,DMA0109,VFR,6.3,13.2,SERVICED_APT,268161,30723,44252,4247,6706,AGENT,79,14.8,74.13,28687,17373,SHOULDER,0
2019-04,DMA0777,DMA0467,EDUCATION,4.3,4.3,RESORT,299707,17456,3439,124428,41111,CORPORATE,72,23.38,79.46,14420,17549,FESTIVE,0
2025-08,DMA0101,DMA0452,VFR,5.1,4.3,HOMESTAY,107533,54113,69123,2911,37292,GOV_PORTAL,76,1.41,81.36,14068,11398,WINTER,1
2023-09,DMA0209,DMA0130,PILGRIMAGE,1.7,7.1,SERVICED_APT,182147,3051,43815,37658,3947,CORPORATE,17,15.91,21.18,22201,24392,FESTIVE,0
2023-08,DMA0241,DMA0472,BUSINESS,5.0,2.9,HOTEL,252938,140634,72979,79114,15409,DIRECT,159,21.79,85.39,1111,16368,WINTER,0
2022-02,DMA0444,DMA0045,VFR,1.3,9.3,DHARAMSHALA,337184,23560,74605,35535,55072,GOV_PORTAL,124,6.79,72.99,11888,17227,WINTER,1
2019-06,DMA0334,DMA0395,MEDICAL,4.4,11.9,HOMESTAY,251592,198091,89042,120033,57549,CORPORATE,18,18.34,93.9,29720,9561,SUMMER,0
2025-10,DMA0039,DMA0472,EDUCATION,5.6,3.5,DHARAMSHALA,58505,136717,4521,33525,49738,GOV_PORTAL,165,7.92,30.39,33045,26103,WINTER,1
2020-12,DMA0691,DMA0251,LEISURE,3.7,9.6,DHARAMSHALA,100122,151202,15145,128934,16921,GOV_PORTAL,148,9.7,91.88,25842,8115,FESTIVE,1
2023-04,DMA0552,DMA0201,LEISURE,2.2,12.5,DHARAMSHALA,319118,182561,63942,79130,54131,OTA,56,43.99,86.65,8741,19244,SUMMER,1
2022-03,DMA0758,DMA0123,VFR,3.4,12.7,HOTEL,24667,120807,74439,139638,41419,OTA,48,27.08,37.65,19846,23481,SUMMER,1
2025-01,DMA0063,DMA0519,LEISURE,5.6,8.2,RESORT,169142,126667,45441,29940,30945,DIRECT,123,17.52,29.68,19736,22789,SUMMER,0
2022-01,DMA0646,DMA0029,LEISURE,4.9,3.0,HOMESTAY,226944,139999,58990,17565,53880,CORPORATE,133,23.46,69.03,8046,18624,WINTER,0
2021-10,DMA0038,DMA0483,PILGRIMAGE,4.3,9.6,RESORT,3988,169295,11571,108132,27000,OTA,54,17.24,72.72,16534,2396,FESTIVE,0
2022-04,DMA0416,DMA0664,LEISURE,4.8,10.6,RESORT,308849,35591,39642,140148,45156,OTA,1,27.08,75.45,18408,23711,SHOULDER,1
2022-04,DMA0262,DMA0323,PILGRIMAGE,5.6,10.8,RESORT,208189,153968,44665,101273,16164,DIRECT,5,0.02,85.95,16605,23549,SHOULDER,0
2022-01,DMA0115,DMA0257,EDUCATION,1.8,13.1,SERVICED_APT,123948,164954,78667,83198,18152,AGENT,29,10.63,63.42,31977,22382,SUMMER,1
2023-02,DMA0310,DMA0609,LEISURE,5.6,9.0,DHARAMSHALA,280626,60360,17302,137379,41946,AGENT,113,44.5,42.15,16575,12021,MONSOON,1
2019-11,DMA0563,DMA0372,EDUCATION,5.4,7.1,HOMESTAY,45093,3813,31980,137644,41039,GOV_PORTAL,54,5.06,86.85,14300,7216,SHOULDER,1
2025-06,DMA0117,DMA0430,EDUCATION,3.6,7.5,HOTEL,175338,122353,92176,140654,15846,DIRECT,10,3.55,53.8,29052,9984,FESTIVE,1
2023-11,DMA0736,DMA0738,PILGRIMAGE,3.2,5.2,RESORT,156568,16773,18359,131311,23819,CORPORATE,24,22.19,53.9,27072,15170,SUMMER,0
2021-02,DMA0098,DMA0299,LEISURE,6.1,1.7,RESORT,31641,126103,39544,23042,19502,OTA,162,13.09,58.41,7940,22921,MONSOON,1
2023-12,DMA0162,DMA0591,EDUCATION,5.5,10.3,SERVICED_APT,145923,58756,30471,43447,16156,AGENT,114,24.02,85.17,11716,13517,FESTIVE,1
2019-08,DMA0332,DMA0587,MEDICAL,6.4,1.3,GUESTHOUSE,168774,187166,17840,25084,30657,OTA,88,43.23,95.72,24822,4201,MONSOON,1
2021-04,DMA0393,DMA0510,BUSINESS,4.5,1.8,DHARAMSHALA,205803,5177,47893,14814,3845,GOV_PORTAL,108,5.68,33.35,33021,21971,SHOULDER,1
2025-12,DMA0220,DMA0445,PILGRIMAGE,1.2,5.3,DHARAMSHALA,288338,163734,46390,37817,28533,OTA,135,19.8,29.53,32222,7089,MONSOON,1
2023-12,DMA0370,DMA0038,MEDICAL,1.8,13.1,SERVICED_APT,290259,153307,15263,146150,37641,DIRECT,66,34.15,42.45,15024,1973,WINTER,0
2019-10,DMA0573,DMA0660,BUSINESS,5.5,7.3,GUESTHOUSE,67963,135083,59904,82637,44000,CORPORATE,101,7.23,90.53,31134,26889,WINTER,1
2024-03,DMA0214,DMA0352,BUSINESS,4.5,3.8,SERVICED_APT,347402,118217,23042,7038,53377,OTA,85,32.04,61.19,6101,10750,SUMMER,1
2024-01,DMA0690,DMA0456,MEDICAL,2.1,12.7,HOMESTAY,277171,130899,72778,51635,56913,CORPORATE,126,18.01,20.44,20896,12813,WINTER,1
2025-03,DMA0032,DMA0755,VFR,1.1,8.4,DHARAMSHALA,302448,115453,89536,18237,7311,DIRECT,23,27.94,65.39,12492,6474,MONSOON,1
2021-02,DMA0403,DMA0567,VFR,2.4,5.8,DHARAMSHALA,221380,98105,2448,120351,40901,GOV_PORTAL,148,23.65,62.82,31442,14708,WINTER,1
2020-11,DMA0372,DMA0017,EDUCATION,1.8,10.3,HOSTEL,83579,193337,71418,19382,29646,DIRECT,143,20.28,26.23,29442,10426,SUMMER,0
2024-03,DMA0570,DMA0612,PILGRIMAGE,5.8,6.7,RESORT,314621,118804,14975,69007,18317,AGENT,173,21.56,31.62,5932,11457,SHOULDER,1
2020-07,DMA0048,DMA0386,VFR,5.9,10.5,HOMESTAY,79759,83267,56542,99109,5822,GOV_PORTAL,163,6.63,27.26,28728,8438,SUMMER,0
2020-06,DMA0621,DMA0496,PILGRIMAGE,5.6,3.8,HOTEL,284461,155931,61817,53827,58280,OTA,137,19.54,60.65,23697,9773,SUMMER,0
2023-02,DMA0273,DMA0500,MEDICAL,1.5,3.0,DHARAMSHALA,337638,193676,78337,59301,52743,CORPORATE,90,33.89,61.42,5956,2723,MONSOON,0
2020-07,DMA0316,DMA0610,VFR,1.7,7.0,DHARAMSHALA,317222,107726,87264,21961,41467,GOV_PORTAL,16,40.35,55.89,30053,27487,MONSOON,1
2020-03,DMA0138,DMA0139,VFR,1.7,5.2,HOMESTAY,53549,105761,59161,82108,37990,GOV_PORTAL,124,28.2,55.18,6495,24990,FESTIVE,1
2020-04,DMA0719,DMA0590,LEISURE,2.4,8.9,RESORT,161698,1410,53733,12569,22445,AGENT,9,37.23,65.27,17466,17683,WINTER,1
2020-08,DMA0050,DMA0466,EDUCATION,1.4,11.3,SERVICED_APT,268113,46555,70672,30996,30244,OTA,16,22.84,71.65,24021,19571,SHOULDER,1
2020-07,DMA0359,DMA0778,LEISURE,6.4,12.7,HOTEL,90268,39229,51019,19562,3666,GOV_PORTAL,101,9.73,95.18,22682,8106,FESTIVE,1
2025-03,DMA0550,DMA0279,BUSINESS,5.7,10.9,DHARAMSHALA,278090,110553,37202,74369,5486,AGENT,31,32.58,62.52,7866,12339,MONSOON,1
2024-11,DMA0624,DMA0344,LEISURE,1.4,5.4,GUESTHOUSE,83257,40946,29348,81995,30186,CORPORATE,145,31.58,40.72,14581,4401,SHOULDER,0
2020-07,DMA0680,DMA0044,EDUCATION,1.8,10.5,RESORT,132274,159438,9894,87503,22262,CORPORATE,45,0.33,96.02,20355,18274,MONSOON,1
2021-07,DMA0643,DMA0715,MEDICAL,2.4,7.9,GUESTHOUSE,195015,37508,86594,143962,57153,OTA,45,21.58,28.25,22732,3831,WINTER,0
2023-04,DMA0734,DMA0247,PILGRIMAGE,5.3,12.8,RESORT,294380,90185,17372,83073,55332,OTA,113,42.15,44.39,17648,15485,SUMMER,1
2022-12,DMA0335,DMA0440,PILGRIMAGE,4.9,10.2,SERVICED_APT,264979,150017,67147,5002,29092,OTA,129,44.3,90.39,11494,6335,SHOULDER,1
2019-08,DMA0347,DMA0795,EDUCATION,4.5,3.0,DHARAMSHALA,159728,140388,88378,136241,33538,CORPORATE,102,20.56,93.62,33333,3769,SHOULDER,1
2023-02,DMA0031,DMA0176,LEISURE,6.0,2.0,HOTEL,312989,138462,24331,62059,7659,DIRECT,26,32.48,70.31,19345,27332,FESTIVE,1
2024-01,DMA0784,DMA0037,EDUCATION,1.2,8.1,RESORT,103770,5007,88491,61742,16827,OTA,135,0.79,21.14,24436,17832,SHOULDER,1
2019-08,DMA0028,DMA0576,LEISURE,1.9,5.7,RESORT,194671,6380,74494,84738,56417,DIRECT,106,12.06,54.52,2976,3808,SHOULDER,0
2020-01,DMA0429,DMA0303,PILGRIMAGE,2.0,3.2,SERVICED_APT,163099,30185,72352,82602,43390,DIRECT,91,32.48,92.75,5366,15585,MONSOON,0
2025-02,DMA0165,DMA0495,BUSINESS,1.3,11.4,HOMESTAY,115787,80443,95779,12220,42091,OTA,120,29.38,89.4,13150,6407,WINTER,1
2020-07,DMA0427,DMA0557,EDUCATION,4.4,5.9,HOSTEL,159290,94587,64193,45778,48420,DIRECT,27,29.73,89.71,28444,12663,FESTIVE,0
2023-02,DMA0329,DMA0058,EDUCATION,2.2,2.1,HOMESTAY,253721,88336,77765,106997,35183,DIRECT,55,31.34,42.92,26172,7628,MONSOON,1
2020-11,DMA0073,DMA0065,VFR,3.7,4.4,HOSTEL,320499,179996,32349,77091,52971,DIRECT,48,19.32,84.34,31174,27898,FESTIVE,1
2023-09,DMA0316,DMA0382,BUSINESS,4.8,9.8,HOSTEL,89521,40489,12477,5390,26234,AGENT,68,42.21,72.44,22850,19114,FESTIVE,0
2021-06,DMA0099,DMA0324,MEDICAL,4.3,9.4,DHARAMSHALA,131428,7868,96182,31912,6816,GOV_PORTAL,93,16.48,89.71,12240,20755,WINTER,0
2021-05,DMA0036,DMA0240,MEDICAL,2.6,4.4,HOTEL,23189,41847,6261,134147,42709,OTA,106,40.59,69.76,24735,14027,WINTER,0
2024-01,DMA0678,DMA0624,VFR,3.3,5.4,RESORT,69132,137416,60630,146790,49902,AGENT,90,2.71,49.26,28147,7406,SUMMER,1
2021-11,DMA0193,DMA0259,VFR,2.9,1.6,GUESTHOUSE,225964,30060,94940,76656,46328,OTA,154,38.21,69.48,31143,12942,MONSOON,0
2019-09,DMA0034,DMA0602,BUSINESS,5.7,13.4,RESORT,339645,164188,78547,61985,46016,GOV_PORTAL,88,13.65,47.91,29633,3616,WINTER,1
2024-12,DMA0662,DMA0242,PILGRIMAGE,3.3,5.3,HOSTEL,152806,142515,99709,36224,3884,DIRECT,154,29.69,20.19,17650,7116,FESTIVE,1
2021-01,DMA0094,DMA0327,VFR,1.3,13.1,HOSTEL,215905,110637,27349,33017,57775,AGENT,11,2.47,83.71,13071,23857,FESTIVE,0
2024-04,DMA0691,DMA0266,BUSINESS,4.4,11.6,DHARAMSHALA,203158,18972,56667,37942,17983,OTA,3,3.6,86.25,14086,20594,FESTIVE,0
2022-01,DMA0712,DMA0266,EDUCATION,2.1,5.4,HOTEL,73102,103405,12269,72700,5179,DIRECT,179,2.56,78.35,13434,16450,MONSOON,1
2022-02,DMA0327,DMA0577,BUSINESS,2.9,10.0,HOMESTAY,182219,143388,76094,84413,25234,CORPORATE,56,21.82,37.74,19872,18531,SHOULDER,0
2019-08,DMA0770,DMA0369,PILGRIMAGE,2.8,7.2,HOSTEL,144972,61401,17503,57713,38330,AGENT,33,18.73,30.6,21264,7775,SUMMER,0
2025-03,DMA0606,DMA0314,EDUCATION,1.4,13.7,HOSTEL,227722,163502,39305,51557,30505,AGENT,49,14.36,33.26,28543,26836,FESTIVE,1
2022-04,DMA0396,DMA0244,EDUCATION,6.2,9.3,HOMESTAY,176771,180918,95314,101316,20494,CORPORATE,23,20.07,59.08,2419,18417,SUMMER,1
2020-11,DMA0795,DMA0293,BUSINESS,4.0,7.7,GUESTHOUSE,120501,78078,57662,147206,1330,DIRECT,163,14.11,40.61,5063,25991,SHOULDER,1
2022-09,DMA0098,DMA0331,MEDICAL,1.9,9.3,HOMESTAY,248036,22255,20627,97517,48465,GOV_PORTAL,121,39.22,88.51,12988,17334,SUMMER,0
2019-01,DMA0505,DMA0078,PILGRIMAGE,4.1,3.9,HOMESTAY,20707,192103,65559,145473,11132,CORPORATE,180,25.33,62.46,2744,13014,MONSOON,0
2023-01,DMA0404,DMA0294,LEISURE,3.5,5.0,SERVICED_APT,258956,102774,10654,124129,45263,CORPORATE,16,13.96,55.11,23322,9816,MONSOON,1
2019-09,DMA0478,DMA0508,BUSINESS,2.9,10.3,HOMESTAY,190095,29372,38916,87710,38178,OTA,31,20.46,87.98,19099,13725,FESTIVE,0
2022-04,DMA0288,DMA0317,VFR,3.6,2.1,HOSTEL,145353,28371,20247,51278,40251,AGENT,115,39.02,26.32,19692,13855,SUMMER,0
2021-04,DMA0730,DMA0450,VFR,4.7,4.9,GUESTHOUSE,214261,96225,58106,5190,17510,GOV_PORTAL,53,18.41,87.94,34160,17531,WINTER,1
2019-08,DMA0151,DMA0103,PILGRIMAGE,2.1,9.1,HOTEL,198863,171581,5929,119076,54538,GOV_PORTAL,59,19.22,82.57,4889,17703,SHOULDER,1
2022-01,DMA0553,DMA0586,VFR,4.0,13.9,HOTEL,265063,196580,38053,76467,19101,GOV_PORTAL,54,15.2,73.59,22307,16577,MONSOON,0
2025-10,DMA0088,DMA0029,EDUCATION,5.5,13.0,HOTEL,337980,110719,96912,82523,10797,AGENT,107,11.72,28.66,32493,13655,MONSOON,0
2024-11,DMA0002,DMA0690,VFR,2.2,11.8,DHARAMSHALA,27592,88735,5874,66194,11524,GOV_PORTAL,133,21.23,24.09,26330,11646,SHOULDER,0
2020-06,DMA0062,DMA0321,LEISURE,3.8,7.5,RESORT,328475,52721,23089,82253,5185,OTA,159,33.15,32.96,11230,21673,WINTER,1
2025-04,DMA0745,DMA0364,VFR,6.3,11.5,RESORT,191650,138155,86652,144283,44844,DIRECT,129,16.56,41.08,32935,3104,WINTER,0
2024-08,DMA0736,DMA0249,PILGRIMAGE,5.4,8.3,HOTEL,35666,38576,73166,37753,49664,OTA,122,10.21,68.07,24601,20539,FESTIVE,1
2025-05,DMA0632,DMA0254,PILGRIMAGE,4.3,7.0,GUESTHOUSE,178475,120220,97312,138661,14206,DIRECT,143,29.7,26.27,2218,14522,SHOULDER,0
2025-03,DMA0565,DMA0772,MEDICAL,5.1,3.9,HOMESTAY,125045,176255,66999,93303,48694,AGENT,108,36.39,34.28,14009,17096,WINTER,0
2025-08,DMA0057,DMA0097,BUSINESS,3.9,13.4,HOMESTAY,276020,132092,90638,122047,23152,CORPORATE,123,0.98,35.63,29963,4089,WINTER,1
2022-08,DMA0560,DMA0750,BUSINESS,6.4,8.8,HOSTEL,7166,122636,44764,122472,8366,CORPORATE,90,28.46,72.31,22205,18066,MONSOON,0
2025-06,DMA0207,DMA0664,BUSINESS,1.9,9.8,SERVICED_APT,132166,162238,71474,119978,50838,GOV_PORTAL,67,40.54,47.0,10665,5718,SUMMER,0
2020-04,DMA0646,DMA0681,PILGRIMAGE,5.0,2.8,HOSTEL,341816,129788,25711,135293,27813,GOV_PORTAL,155,3.98,41.47,14586,1315,SHOULDER,0
2023-04,DMA0621,DMA0022,VFR,1.0,6.6,HOSTEL,131981,17120,38953,60769,1295,AGENT,79,40.47,22.27,5881,5365,SHOULDER,0
2023-05,DMA0302,DMA0522,EDUCATION,1.7,13.5,HOMESTAY,26309,5472,32759,38203,47117,CORPORATE,22,5.3,27.36,4388,13879,MONSOON,1
2020-06,DMA0073,DMA0556,BUSINESS,5.0,10.8,DHARAMSHALA,348471,3712,82604,80811,17657,DIRECT,46,44.86,62.88,7812,17684,FESTIVE,0
2022-04,DMA0057,DMA0700,VFR,5.2,12.5,RESORT,234091,106618,33231,89917,2309,AGENT,108,23.03,69.4,20271,15949,MONSOON,1
2024-01,DMA0263,DMA0154,VFR,1.2,6.1,RESORT,203822,34943,47433,18200,35075,CORPORATE,9,32.85,77.9,19564,18472,FESTIVE,1
2021-01,DMA0436,DMA0398,MEDICAL,2.8,1.9,DHARAMSHALA,84099,161180,64639,32259,22340,DIRECT,81,2.83,58.8,30241,20760,SUMMER,0
2021-11,DMA0030,DMA0140,BUSINESS,1.7,5.6,SERVICED_APT,74806,92942,44379,103261,11042,GOV_PORTAL,180,4.61,40.98,22266,11655,MONSOON,0
2024-11,DMA0567,DMA0020,PILGRIMAGE,5.9,5.9,SERVICED_APT,129566,563,76564,59361,31385,GOV_PORTAL,84,43.35,42.81,17476,8316,SHOULDER,0
2025-12,DMA0150,DMA0482,EDUCATION,3.5,4.9,HOTEL,288189,152363,85395,112464,28040,CORPORATE,58,44.48,70.76,29188,1821,WINTER,1
2021-03,DMA0772,DMA0291,PILGRIMAGE,3.4,7.8,HOSTEL,228460,184575,85770,110824,26544,DIRECT,89,12.47,53.26,27617,3226,SUMMER,0
2019-10,DMA0005,DMA0365,MEDICAL,5.5,3.5,RESORT,111038,104503,41546,60163,51446,AGENT,15,15.39,32.35,1469,13345,MONSOON,0
2025-03,DMA0324,DMA0214,BUSINESS,4.8,13.2,HOSTEL,217214,94983,97407,14210,12484,CORPORATE,163,0.45,20.3,6486,21757,SHOULDER,1
2020-08,DMA0509,DMA0575,VFR,6.1,12.8,HOMESTAY,345659,141719,22530,46170,48792,CORPORATE,18,43.02,40.28,5681,11015,SHOULDER,0
2021-09,DMA0360,DMA0486,BUSINESS,6.2,4.4,GUESTHOUSE,101719,141924,99593,73411,56108,OTA,20,41.29,78.93,5701,26901,SHOULDER,0
2025-05,DMA0132,DMA0657,PILGRIMAGE,2.7,9.5,HOSTEL,75114,130745,51509,8028,23633,OTA,38,5.22,71.85,21239,3986,WINTER,1
2025-08,DMA0683,DMA0412,PILGRIMAGE,4.6,7.5,SERVICED_APT,333184,27192,28245,32978,42853,OTA,36,16.43,27.61,24377,17369,SHOULDER,1
2019-11,DMA0527,DMA0215,EDUCATION,4.0,4.3,HOTEL,58228,143410,42122,94074,21661,CORPORATE,20,43.5,54.65,23382,16420,WINTER,0
2024-09,DMA0380,DMA0599,PILGRIMAGE,4.3,12.7,GUESTHOUSE,101424,194718,62852,98383,51259,DIRECT,140,5.66,31.28,14367,25676,MONSOON,0
2024-07,DMA0400,DMA0242,EDUCATION,4.4,4.0,GUESTHOUSE,202153,142166,51811,31990,1823,AGENT,0,39.32,56.89,31359,22456,FESTIVE,0
2023-11,DMA0234,DMA0484,VFR,1.3,9.1,RESORT,173938,125567,72207,49616,24674,AGENT,34,9.08,28.63,3320,7883,SUMMER,0
2024-06,DMA0596,DMA0279,EDUCATION,5.9,5.4,GUESTHOUSE,314898,4394,97728,149423,20051,GOV_PORTAL,96,3.07,73.0,4503,14477,SUMMER,1
2023-05,DMA0698,DMA0735,PILGRIMAGE,1.8,11.7,HOTEL,109026,64857,53989,77169,55070,CORPORATE,177,6.4,65.55,10046,10593,MONSOON,1
2022-02,DMA0458,DMA0143,BUSINESS,3.3,9.1,SERVICED_APT,92896,197666,67410,132424,13267,OTA,180,31.94,40.2,24050,25601,MONSOON,0
2019-10,DMA0289,DMA0136,VFR,2.6,11.8,RESORT,88226,105415,11030,30880,27738,AGENT,136,6.18,97.41,33624,3037,SHOULDER,1
2019-06,DMA0607,DMA0462,EDUCATION,4.0,5.5,DHARAMSHALA,223651,37715,31320,20791,21425,DIRECT,94,0.17,65.91,10861,27474,SHOULDER,1
2021-10,DMA0230,DMA0117,BUSINESS,6.3,1.1,GUESTHOUSE,17439,132278,86463,139157,46652,DIRECT,85,34.91,40.96,25451,11508,MONSOON,0
2023-01,DMA0236,DMA0583,LEISURE,3.3,3.9,GUESTHOUSE,57825,117601,11318,128784,34960,CORPORATE,118,29.5,47.9,25135,15595,SUMMER,0
2021-08,DMA0256,DMA0356,LEISURE,4.3,11.6,DHARAMSHALA,306519,190385,38033,135849,47282,DIRECT,56,39.52,91.46,1790,889,MONSOON,0
2021-05,DMA0281,DMA0023,VFR,1.8,5.1,SERVICED_APT,243008,58218,96741,48344,17038,GOV_PORTAL,133,26.0,35.85,8245,22749,SHOULDER,0
2024-05,DMA0293,DMA0081,PILGRIMAGE,3.5,5.2,HOTEL,148837,186090,9431,1386,7421,CORPORATE,47,2.05,35.89,27601,4070,MONSOON,1
2021-09,DMA0018,DMA0089,PILGRIMAGE,6.0,6.8,SERVICED_APT,16653,64562,14553,44333,55435,CORPORATE,58,0.97,64.5,27312,25691,SHOULDER,0
2020-05,DMA0281,DMA0459,VFR,6.1,4.6,DHARAMSHALA,76759,183284,89846,92218,4106,GOV_PORTAL,90,35.34,45.91,25542,15170,SUMMER,0
2023-01,DMA0376,DMA0800,BUSINESS,4.0,11.5,RESORT,158423,60788,87406,85895,31593,GOV_PORTAL,86,40.05,43.73,4343,2528,FESTIVE,1
2020-04,DMA0399,DMA0705,LEISURE,5.2,5.2,RESORT,77673,154677,10484,136502,49735,DIRECT,93,36.01,52.0,13769,27955,SUMMER,1
2019-07,DMA0547,DMA0539,EDUCATION,1.0,8.9,SERVICED_APT,101825,168541,80840,2665,49730,OTA,83,16.83,84.83,34553,12918,WINTER,0
2020-01,DMA0125,DMA0730,EDUCATION,3.9,6.9,DHARAMSHALA,224581,192093,31979,39354,23264,AGENT,114,29.79,85.6,15071,7036,SHOULDER,0
2025-12,DMA0256,DMA0585,EDUCATION,5.0,4.7,SERVICED_APT,185051,89056,2154,88639,55923,CORPORATE,149,3.5,71.94,6824,2866,MONSOON,0
2019-04,DMA0012,DMA0478,PILGRIMAGE,2.8,4.4,SERVICED_APT,139810,110005,80572,25464,49957,CORPORATE,148,32.32,65.03,28687,21326,MONSOON,1
2024-03,DMA0606,DMA0323,EDUCATION,6.0,7.5,GUESTHOUSE,42172,97739,55942,128141,55144,AGENT,142,11.23,21.22,24836,3207,SHOULDER,0
2024-09,DMA0150,DMA0479,PILGRIMAGE,5.3,3.7,DHARAMSHALA,83839,109369,88480,106029,11216,DIRECT,176,42.04,64.08,31071,20554,WINTER,0
2025-08,DMA0420,DMA0693,EDUCATION,5.2,5.5,HOTEL,279590,127539,37939,6540,44127,AGENT,105,15.2,94.42,29358,9987,SHOULDER,0
2025-01,DMA0418,DMA0522,LEISURE,1.1,1.5,DHARAMSHALA,51218,142518,98650,58833,15024,OTA,118,15.27,85.31,17912,26909,MONSOON,1
2025-04,DMA0475,DMA0051,EDUCATION,2.0,11.3,HOMESTAY,45565,185409,91321,70245,24085,DIRECT,78,12.88,31.26,23409,10216,FESTIVE,0
2025-06,DMA0423,DMA0672,VFR,4.9,1.6,HOTEL,37154,170514,53507,99859,25834,CORPORATE,177,28.51,95.97,30379,22861,WINTER,1
2020-03,DMA0571,DMA0193,VFR,4.1,12.3,GUESTHOUSE,281965,93308,51168,110703,37058,AGENT,174,4.36,36.9,12091,7844,MONSOON,1
2019-05,DMA0725,DMA0558,VFR,4.2,1.6,GUESTHOUSE,129036,187444,93410,134947,31127,AGENT,78,2.41,29.66,3771,10808,SUMMER,0
2022-06,DMA0434,DMA0712,PILGRIMAGE,1.1,12.0,HOMESTAY,338488,13913,71043,87164,8915,DIRECT,40,31.33,42.54,13495,17611,WINTER,1
2020-06,DMA0061,DMA0103,BUSINESS,3.4,9.4,HOMESTAY,308459,95402,19711,61787,35773,CORPORATE,83,42.55,31.01,32162,18313,SHOULDER,1
2024-12,DMA0161,DMA0650,MEDICAL,5.3,7.6,RESORT,285301,98786,14873,49378,654,AGENT,21,33.47,37.52,9457,9160,SUMMER,0
2019-08,DMA0391,DMA0236,VFR,4.6,2.9,DHARAMSHALA,93776,100112,5586,110993,52012,GOV_PORTAL,118,11.24,44.09,21113,17133,FESTIVE,1
2024-08,DMA0147,DMA0339,MEDICAL,4.1,4.3,GUESTHOUSE,258746,191180,29661,96802,24940,AGENT,91,16.3,66.08,7761,21238,FESTIVE,1
2021-02,DMA0660,DMA0190,BUSINESS,4.8,10.0,RESORT,76246,1562,44900,4713,38440,AGENT,90,9.15,67.88,26332,6299,SHOULDER,1
2025-03,DMA0133,DMA0117,PILGRIMAGE,5.7,7.7,SERVICED_APT,13070,185877,31008,133681,52101,OTA,137,30.78,61.69,4742,27464,SHOULDER,1
2024-10,DMA0222,DMA0071,MEDICAL,5.7,7.7,GUESTHOUSE,274741,179849,63262,56926,25393,OTA,122,10.68,43.26,11642,15031,SUMMER,1
2021-09,DMA0627,DMA0723,EDUCATION,3.5,2.7,HOTEL,123674,50399,7039,116089,2416,AGENT,146,25.71,94.37,20044,23833,MONSOON,1
2020-10,DMA0775,DMA0797,EDUCATION,2.7,7.2,HOSTEL,161303,136623,31377,35551,59073,AGENT,90,37.78,43.15,20595,18893,WINTER,1
2024-09,DMA0404,DMA0272,VFR,3.0,8.7,RESORT,287078,121389,25774,37062,125,OTA,87,23.24,51.28,19137,2972,WINTER,0
2019-01,DMA0687,DMA0231,MEDICAL,3.9,2.6,SERVICED_APT,171176,198095,14965,69907,39008,GOV_PORTAL,42,26.71,52.94,32122,16775,SUMMER,1
2021-11,DMA0721,DMA0451,LEISURE,1.5,13.7,RESORT,281469,161330,55199,123689,5709,CORPORATE,64,43.57,21.75,27728,25165,SHOULDER,0
2023-08,DMA0757,DMA0709,BUSINESS,4.3,11.8,RESORT,104213,77486,2528,46760,15803,DIRECT,26,14.36,53.45,8047,466,SHOULDER,0
2024-07,DMA0098,DMA0454,LEISURE,3.5,5.1,DHARAMSHALA,130182,131697,5815,46633,27729,AGENT,135,35.88,46.39,6580,25714,MONSOON,1
2019-03,DMA0135,DMA0785,EDUCATION,5.2,8.3,HOSTEL,277151,48633,87757,22963,57224,CORPORATE,80,30.91,25.51,30383,26425,FESTIVE,1
2024-11,DMA0459,DMA0721,BUSINESS,2.5,8.3,HOSTEL,79437,52247,48628,53202,48366,AGENT,27,5.09,83.27,23004,12657,FESTIVE,0
2019-01,DMA0722,DMA0554,EDUCATION,1.4,2.4,HOMESTAY,83863,17683,88865,48964,55672,OTA,43,44.54,75.51,23817,18512,SUMMER,1
2022-06,DMA0576,DMA0096,BUSINESS,5.9,6.7,GUESTHOUSE,330982,13024,84446,79587,36536,AGENT,106,31.03,42.11,17212,4362,SUMMER,1
2023-10,DMA0322,DMA0503,PILGRIMAGE,1.4,3.7,SERVICED_APT,317937,20782,70169,127270,22985,CORPORATE,151,0.63,40.33,29870,13245,FESTIVE,1
2024-04,DMA0775,DMA0759,BUSINESS,6.1,5.3,HOTEL,117215,153578,36798,139958,52762,DIRECT,107,32.51,90.57,7466,9065,MONSOON,1
2025-08,DMA0091,DMA0296,BUSINESS,3.7,13.3,RESORT,55303,20685,56040,97665,26213,OTA,7,6.03,34.75,14378,8685,MONSOON,1
2019-04,DMA0783,DMA0270,VFR,1.3,8.2,HOMESTAY,173418,100265,48402,118218,24231,GOV_PORTAL,127,13.2,88.15,27451,10451,SUMMER,0
2020-05,DMA0339,DMA0672,LEISURE,1.7,1.9,RESORT,289831,121401,42369,90141,45257,AGENT,1,15.68,26.07,5744,10243,WINTER,0
2025-05,DMA0034,DMA0427,MEDICAL,3.9,9.7,GUESTHOUSE,18748,147989,71627,124845,21714,DIRECT,110,13.94,85.48,21529,19252,WINTER,0
2022-04,DMA0706,DMA0461,PILGRIMAGE,1.1,14.0,HOSTEL,332667,20638,63461,87864,35306,CORPORATE,145,33.5,62.25,21003,8905,FESTIVE,0
2021-10,DMA0267,DMA0663,BUSINESS,6.0,3.2,DHARAMSHALA,84513,146469,46819,22376,39884,OTA,124,33.9,80.52,4211,25943,SHOULDER,1
2023-08,DMA0198,DMA0060,VFR,5.4,9.9,GUESTHOUSE,77382,31481,15946,108521,13528,DIRECT,41,23.78,27.25,13146,16333,SHOULDER,1
2019-11,DMA0407,DMA0012,BUSINESS,3.8,11.7,GUESTHOUSE,139201,96123,92357,36389,38808,GOV_PORTAL,167,25.52,52.76,4241,21310,WINTER,1
2022-04,DMA0494,DMA0598,PILGRIMAGE,6.1,12.0,SERVICED_APT,252609,153403,34267,104836,7561,AGENT,3,14.11,55.13,24915,4477,MONSOON,0
2020-01,DMA0522,DMA0629,LEISURE,2.4,10.2,SERVICED_APT,257223,176269,1315,35594,55966,OTA,63,1.04,60.19,18477,17654,FESTIVE,0
2020-12,DMA0481,DMA0058,EDUCATION,5.7,12.8,GUESTHOUSE,80461,168585,75383,100855,58222,DIRECT,166,15.83,68.97,18242,18181,SUMMER,1
2021-10,DMA0723,DMA0790,MEDICAL,5.4,1.4,HOMESTAY,259872,2656,49937,133826,7044,CORPORATE,89,0.42,50.37,1314,15092,SHOULDER,1
2019-08,DMA0203,DMA0704,VFR,4.2,1.8,GUESTHOUSE,253582,16387,41158,141256,57165,CORPORATE,9,38.92,54.9,6623,26030,WINTER,1
2025-10,DMA0444,DMA0330,PILGRIMAGE,2.8,2.7,GUESTHOUSE,24029,36285,5175,34909,58190,GOV_PORTAL,121,28.83,48.88,10512,18477,SHOULDER,1
2019-07,DMA0604,DMA0396,PILGRIMAGE,4.1,1.6,SERVICED_APT,189453,17540,58230,95297,14747,AGENT,107,44.07,74.5,32582,809,MONSOON,1
2024-02,DMA0621,DMA0356,BUSINESS,6.3,2.6,GUESTHOUSE,42157,76768,18907,55589,11336,GOV_PORTAL,161,8.23,90.86,25702,22281,MONSOON,0
2022-10,DMA0012,DMA0476,VFR,1.5,11.6,HOTEL,331843,149307,81835,66929,36329,DIRECT,154,29.6,28.92,17122,22281,SHOULDER,0
2024-11,DMA0121,DMA0792,MEDICAL,2.1,12.7,HOMESTAY,256890,103013,82900,9447,29255,OTA,172,8.46,42.43,30328,25485,MONSOON,1
2020-01,DMA0732,DMA0456,EDUCATION,4.5,5.4,HOMESTAY,66067,66887,3609,149677,41323,OTA,87,28.75,37.14,20272,10591,SUMMER,0
2019-02,DMA0517,DMA0532,PILGRIMAGE,4.7,13.4,HOTEL,165189,179624,70328,46258,18572,DIRECT,114,22.13,93.27,28335,6799,SUMMER,0
2019-02,DMA0787,DMA0643,MEDICAL,1.9,6.4,SERVICED_APT,35066,57951,58911,44349,21062,OTA,94,29.91,66.37,34488,6650,WINTER,0
2021-05,DMA0328,DMA0711,LEISURE,5.4,3.2,HOMESTAY,255231,162351,14821,7273,56825,DIRECT,9,32.64,31.15,24393,9372,FESTIVE,1
2025-10,DMA0236,DMA0535,BUSINESS,6.1,9.9,SERVICED_APT,277272,173937,1879,137298,15555,GOV_PORTAL,119,23.53,51.04,6006,13096,MONSOON,0
2023-10,DMA0549,DMA0443,MEDICAL,1.4,6.5,RESORT,14131,53641,15442,133557,51092,AGENT,107,22.22,56.95,21670,27079,FESTIVE,1
2019-02,DMA0028,DMA0355,PILGRIMAGE,6.4,1.3,HOMESTAY,232387,71006,52292,74390,1680,CORPORATE,36,3.14,68.59,9189,20807,SHOULDER,0
2023-11,DMA0300,DMA0545,PILGRIMAGE,2.5,13.6,HOMESTAY,172127,125670,76078,120045,20020,CORPORATE,2,16.37,36.79,34366,14149,WINTER,1
2023-05,DMA0171,DMA0371,PILGRIMAGE,2.7,8.8,GUESTHOUSE,182223,185488,93923,132485,52225,CORPORATE,112,13.59,59.16,1768,18269,MONSOON,0
2024-08,DMA0197,DMA0046,PILGRIMAGE,1.2,9.0,HOTEL,90448,85813,44681,105401,55456,OTA,14,28.15,82.52,23162,8784,SUMMER,1
2024-01,DMA0752,DMA0035,VFR,3.7,13.8,HOSTEL,60682,30283,15034,57400,33770,GOV_PORTAL,136,12.42,71.48,32452,12256,SHOULDER,0
2023-01,DMA0728,DMA0022,EDUCATION,6.3,11.8,DHARAMSHALA,151514,83554,80406,70107,23530,GOV_PORTAL,116,10.46,28.13,20117,10180,SUMMER,0
2022-10,DMA0632,DMA0034,BUSINESS,1.9,5.7,SERVICED_APT,220246,144395,10728,137796,46983,CORPORATE,66,38.19,91.16,4343,7479,SHOULDER,1
2024-12,DMA0276,DMA0036,VFR,4.2,1.5,SERVICED_APT,12804,8438,13405,28423,30444,GOV_PORTAL,3,37.28,46.41,21090,21471,SUMMER,1
2023-11,DMA0355,DMA0101,EDUCATION,2.5,3.9,SERVICED_APT,38748,129405,17637,130367,40949,DIRECT,28,14.78,53.11,30232,19876,SUMMER,1
2022-12,DMA0134,DMA0486,EDUCATION,1.1,5.6,GUESTHOUSE,184373,136987,4379,139689,33253,CORPORATE,156,3.86,74.01,28214,25334,WINTER,0
2019-09,DMA0325,DMA0154,VFR,6.4,13.5,RESORT,79858,124174,70687,117990,39899,CORPORATE,30,22.39,55.98,8154,20353,WINTER,1
2020-06,DMA0220,DMA0041,BUSINESS,4.9,12.6,HOMESTAY,341169,77745,3834,133156,5374,AGENT,21,20.31,65.86,16063,18684,MONSOON,1
2023-02,DMA0128,DMA0522,EDUCATION,5.0,1.3,GUESTHOUSE,257816,32761,33217,48352,22472,CORPORATE,103,39.14,57.26,11301,27562,SUMMER,0
2025-03,DMA0780,DMA0357,PILGRIMAGE,4.6,13.8,HOSTEL,325257,29337,4845,133823,57137,OTA,81,24.61,44.01,34623,19286,FESTIVE,1
2021-03,DMA0629,DMA0626,LEISURE,1.8,4.3,RESORT,32167,197521,62254,148370,37504,DIRECT,171,42.42,54.39,12199,462,SHOULDER,1
2021-08,DMA0399,DMA0391,VFR,2.1,11.1,HOMESTAY,107057,181116,1141,29485,22132,GOV_PORTAL,123,21.75,44.3,8814,1963,MONSOON,1
2024-06,DMA0451,DMA0042,MEDICAL,3.1,2.5,HOMESTAY,349674,188180,38431,125308,10845,OTA,162,30.03,54.99,20789,25454,WINTER,1
2024-06,DMA0599,DMA0139,EDUCATION,6.5,3.9,SERVICED_APT,291735,166282,39176,129446,27436,DIRECT,139,21.59,35.8,23934,6029,SHOULDER,1
2020-10,DMA0575,DMA0465,VFR,4.7,7.6,HOSTEL,131443,174825,46742,125245,31775,AGENT,21,14.45,24.73,11594,23161,SHOULDER,1
2020-12,DMA0500,DMA0072,BUSINESS,3.4,10.1,DHARAMSHALA,190028,65800,91735,135136,13373,CORPORATE,104,1.24,74.5,2018,15986,WINTER,1
2025-03,DMA0007,DMA0583,VFR,3.7,5.5,SERVICED_APT,55568,135270,93132,10413,52062,GOV_PORTAL,127,35.7,29.82,5393,14576,MONSOON,0
2020-01,DMA0257,DMA0110,MEDICAL,6.1,12.4,HOSTEL,157077,127028,92748,83233,25923,CORPORATE,89,40.64,84.14,2019,6411,FESTIVE,0
2020-03,DMA0328,DMA0619,VFR,2.1,13.2,HOSTEL,150493,48347,72960,89653,53923,OTA,159,33.01,48.39,12417,27244,FESTIVE,0
2023-01,DMA0219,DMA0765,LEISURE,2.8,2.6,RESORT,199196,64575,36666,51804,34446,CORPORATE,8,12.26,39.42,23355,7176,WINTER,1
2020-05,DMA0662,DMA0072,VFR,3.0,10.3,DHARAMSHALA,275759,116374,40040,69534,375,DIRECT,101,36.76,51.96,33353,4665,SHOULDER,0
2022-03,DMA0308,DMA0737,MEDICAL,5.9,2.7,SERVICED_APT,118152,193674,17430,92203,12401,CORPORATE,98,27.58,31.67,18423,22838,WINTER,0
2025-01,DMA0555,DMA0646,EDUCATION,5.3,5.4,RESORT,300661,83305,92506,56827,17328,CORPORATE,175,30.73,86.22,23819,4071,SHOULDER,0
2019-04,DMA0295,DMA0046,PILGRIMAGE,4.2,11.7,GUESTHOUSE,241507,74837,54022,89347,18449,AGENT,52,2.98,33.01,14301,2937,SUMMER,0
2023-09,DMA0715,DMA0389,LEISURE,2.7,5.4,HOSTEL,240250,74325,89263,122943,30858,CORPORATE,159,26.18,58.52,19716,1331,SHOULDER,1
2020-03,DMA0171,DMA0592,EDUCATION,2.1,12.8,HOMESTAY,320298,22099,85425,79396,27596,AGENT,104,25.25,32.64,34689,2116,SUMMER,0
2022-07,DMA0438,DMA0112,PILGRIMAGE,2.8,6.3,HOTEL,56591,108678,17782,41186,31055,OTA,168,29.78,23.56,7354,25301,SHOULDER,0
2021-07,DMA0661,DMA0270,VFR,6.1,5.0,HOMESTAY,194781,23237,41378,93397,48270,AGENT,66,34.72,82.22,25748,23563,SUMMER,1
2019-06,DMA0117,DMA0034,MEDICAL,6.0,13.9,HOSTEL,28061,67824,3290,46527,5322,AGENT,93,18.21,63.48,10374,20464,MONSOON,1
2023-11,DMA0015,DMA0570,EDUCATION,3.3,6.7,HOMESTAY,62477,27633,33342,7685,6026,OTA,162,6.97,26.09,13477,20619,FESTIVE,1
2024-05,DMA0678,DMA0217,BUSINESS,2.8,10.6,GUESTHOUSE,244664,195771,41200,88431,46840,AGENT,57,41.57,89.65,8763,23812,SUMMER,0
2021-06,DMA0379,DMA0707,LEISURE,5.9,8.8,HOSTEL,56508,5846,88975,102862,10714,CORPORATE,128,34.95,50.62,1138,19007,SHOULDER,1
2023-10,DMA0279,DMA0617,EDUCATION,3.5,3.6,SERVICED_APT,266085,175011,87714,101659,16822,OTA,8,24.32,53.24,19889,3967,SUMMER,1
2023-08,DMA0603,DMA0466,MEDICAL,1.2,7.5,RESORT,76491,111972,60908,92019,9027,OTA,121,15.95,58.6,32879,4667,SHOULDER,1
2024-09,DMA0211,DMA0440,EDUCATION,2.9,2.0,SERVICED_APT,198153,120420,94772,145858,53209,AGENT,48,44.28,37.52,1917,12137,FESTIVE,0
2021-12,DMA0749,DMA0404,BUSINESS,4.3,10.2,HOTEL,98453,129188,68434,126481,49214,AGENT,67,4.21,62.96,23536,10171,MONSOON,1
2022-10,DMA0336,DMA0269,LEISURE,6.2,7.7,HOSTEL,187952,105871,94354,130093,26491,DIRECT,173,42.06,39.5,24363,12054,SUMMER,1
2025-02,DMA0204,DMA0126,LEISURE,3.3,2.6,HOMESTAY,184040,166103,99647,4180,2232,OTA,87,18.19,85.21,18666,4276,SHOULDER,1
2019-01,DMA0791,DMA0234,VFR,2.3,11.0,DHARAMSHALA,134030,51545,84469,64276,46233,GOV_PORTAL,164,4.36,84.44,6150,14047,FESTIVE,0
2019-12,DMA0179,DMA0597,BUSINESS,3.1,11.5,HOMESTAY,30507,143854,73736,103311,32654,CORPORATE,107,17.06,57.21,29951,13905,WINTER,0
2024-07,DMA0370,DMA0499,EDUCATION,1.3,10.5,HOSTEL,241198,41513,90804,136742,38249,AGENT,76,33.73,61.48,14824,22399,WINTER,0
2019-10,DMA0248,DMA0201,LEISURE,5.9,5.3,DHARAMSHALA,117171,153823,80442,8280,23372,OTA,146,19.11,97.44,32937,18918,SUMMER,0
2019-01,DMA0046,DMA0616,LEISURE,1.2,10.4,RESORT,226841,13799,92875,32567,9045,OTA,80,22.19,82.04,7342,16764,FESTIVE,0
2020-07,DMA0761,DMA0223,VFR,1.0,8.5,RESORT,129778,86234,47752,63453,9071,CORPORATE,19,37.06,24.91,30300,17464,SUMMER,0
2025-10,DMA0750,DMA0045,EDUCATION,4.4,8.1,HOSTEL,120954,26348,61055,5964,45671,OTA,166,27.7,33.46,17918,8499,SHOULDER,0
2023-07,DMA0246,DMA0671,VFR,1.8,9.4,HOMESTAY,225123,36088,90807,76440,22612,GOV_PORTAL,14,30.06,66.5,12978,17260,SHOULDER,1
2023-01,DMA0094,DMA0454,PILGRIMAGE,2.6,9.2,SERVICED_APT,56517,127513,47275,80397,12473,DIRECT,96,6.93,48.99,2780,7319,WINTER,0
2023-07,DMA0400,DMA0681,PILGRIMAGE,3.7,11.4,HOMESTAY,256870,81060,29710,46204,5953,CORPORATE,148,11.36,82.71,22115,1018,SHOULDER,0
2024-08,DMA0370,DMA0558,PILGRIMAGE,5.4,13.8,RESORT,252087,46914,78577,82188,7676,GOV_PORTAL,53,18.51,70.0,18922,954,SHOULDER,0
2022-05,DMA0060,DMA0258,PILGRIMAGE,3.1,10.4,SERVICED_APT,80392,9143,35497,67174,35452,OTA,125,4.94,97.27,2781,8862,SUMMER,1
2023-07,DMA0416,DMA0636,BUSINESS,6.3,6.7,DHARAMSHALA,236120,195370,64173,123954,53593,OTA,137,12.56,21.0,34275,15709,WINTER,1
2025-02,DMA0169,DMA0140,BUSINESS,3.5,7.0,HOMESTAY,21911,116441,93712,21365,56744,AGENT,176,37.51,54.19,9841,22981,MONSOON,0
2025-02,DMA0444,DMA0320,MEDICAL,6.1,1.4,HOTEL,230811,120722,57796,53886,26228,CORPORATE,0,1.0,51.79,19310,13596,SHOULDER,1
2025-07,DMA0405,DMA0043,MEDICAL,3.5,3.1,HOTEL,228358,37173,34766,126341,11406,DIRECT,31,2.29,53.87,19222,4955,WINTER,1
2024-09,DMA0254,DMA0051,EDUCATION,3.8,4.0,HOTEL,62667,76858,78190,10709,2803,AGENT,13,30.92,89.05,31200,14513,MONSOON,0
2022-07,DMA0452,DMA0367,PILGRIMAGE,6.3,13.9,HOTEL,336027,16241,57351,68441,35581,OTA,27,17.38,51.67,15509,16962,MONSOON,1
2025-09,DMA0519,DMA0788,PILGRIMAGE,4.7,10.9,SERVICED_APT,227263,99088,15470,25220,6604,DIRECT,167,34.79,82.11,22549,11738,WINTER,0
2025-10,DMA0747,DMA0397,BUSINESS,1.8,2.8,GUESTHOUSE,130328,94225,37315,76555,54222,CORPORATE,51,41.93,69.35,18968,3627,SUMMER,0
2023-09,DMA0326,DMA0229,PILGRIMAGE,4.3,7.5,HOTEL,245437,170694,75735,123887,28087,GOV_PORTAL,154,12.0,58.04,1278,10966,WINTER,1
2022-12,DMA0276,DMA0410,EDUCATION,2.2,3.8,GUESTHOUSE,26150,116708,46976,56123,59377,DIRECT,123,1.66,74.04,16346,23282,MONSOON,0
2023-02,DMA0172,DMA0225,PILGRIMAGE,2.7,4.9,HOMESTAY,168140,3479,455,112171,25974,AGENT,14,20.52,37.87,4209,11782,MONSOON,1
2024-09,DMA0300,DMA0406,BUSINESS,5.6,8.9,SERVICED_APT,118755,31656,58638,132801,12338,GOV_PORTAL,113,43.39,31.1,9455,18098,MONSOON,1
2019-08,DMA0140,DMA0315,LEISURE,4.8,8.8,DHARAMSHALA,214141,45996,85061,69997,57982,GOV_PORTAL,128,24.54,95.44,10874,26638,WINTER,0
2023-08,DMA0059,DMA0203,BUSINESS,2.6,12.3,RESORT,327139,93814,99424,146928,41189,DIRECT,131,16.99,50.54,19382,19107,SHOULDER,0
2021-02,DMA0462,DMA0685,EDUCATION,1.0,3.1,DHARAMSHALA,298511,78865,56294,119114,46769,DIRECT,166,24.84,43.69,30217,27748,MONSOON,1
2020-11,DMA0234,DMA0303,PILGRIMAGE,3.9,7.5,HOTEL,211500,3416,7863,30382,54418,AGENT,26,7.44,40.7,30666,3729,WINTER,1
2022-05,DMA0674,DMA0594,BUSINESS,2.4,8.8,HOTEL,66481,4611,32798,109795,29689,DIRECT,158,33.81,68.54,29795,16106,SUMMER,1
2023-11,DMA0244,DMA0031,MEDICAL,1.2,13.1,HOTEL,344035,77798,15288,3563,54187,CORPORATE,50,30.62,97.72,1774,27941,SHOULDER,0
2020-06,DMA0593,DMA0354,LEISURE,1.3,7.7,SERVICED_APT,106265,193826,46110,7748,42475,GOV_PORTAL,106,32.59,89.8,22822,26984,FESTIVE,1
2024-11,DMA0296,DMA0413,LEISURE,4.7,5.4,DHARAMSHALA,286825,111504,34227,74859,15691,GOV_PORTAL,169,13.6,51.24,3704,5193,SUMMER,0
2024-11,DMA0642,DMA0041,LEISURE,3.3,4.8,GUESTHOUSE,172576,99470,35177,137228,52822,AGENT,87,36.61,89.83,10189,9395,SHOULDER,0
2019-08,DMA0701,DMA0209,EDUCATION,2.4,3.8,HOTEL,137014,164000,70736,1006,57856,DIRECT,157,40.18,55.65,31480,25582,SUMMER,1
2023-10,DMA0533,DMA0274,BUSINESS,5.8,13.5,GUESTHOUSE,325068,56153,66010,65109,54109,DIRECT,102,43.0,28.53,14782,3977,FESTIVE,0
2020-05,DMA0652,DMA0096,MEDICAL,5.5,8.8,HOTEL,78386,153778,9919,120899,31782,GOV_PORTAL,134,28.73,34.65,34157,4639,MONSOON,1
2023-03,DMA0510,DMA0010,VFR,3.6,4.9,DHARAMSHALA,247249,157701,83880,90157,30614,GOV_PORTAL,58,15.67,38.95,25771,22527,SUMMER,0
2021-09,DMA0252,DMA0777,MEDICAL,2.5,10.7,RESORT,137499,77339,71015,91604,16344,AGENT,105,17.44,91.58,11667,643,SUMMER,0
2021-06,DMA0449,DMA0372,MEDICAL,3.8,4.8,HOTEL,271823,124216,3283,53903,2927,DIRECT,65,25.45,96.36,10080,18212,SHOULDER,0
2024-06,DMA0466,DMA0667,PILGRIMAGE,5.1,7.5,GUESTHOUSE,80471,178813,44437,100351,15659,OTA,105,25.9,37.71,8932,8778,WINTER,0
2023-12,DMA0590,DMA0794,MEDICAL,1.1,1.3,RESORT,86627,135753,16916,120048,33812,DIRECT,156,35.66,51.44,3058,6791,SHOULDER,1
2022-10,DMA0223,DMA0249,BUSINESS,4.4,12.0,HOMESTAY,12632,137436,81862,66170,37275,AGENT,58,3.82,96.56,25301,27256,WINTER,1
2020-10,DMA0088,DMA0597,LEISURE,4.9,13.4,HOMESTAY,216003,64556,68369,67092,57738,GOV_PORTAL,161,25.5,86.08,22021,20434,FESTIVE,0
2021-08,DMA0140,DMA0029,EDUCATION,5.5,12.3,RESORT,215837,192468,30120,17880,50839,GOV_PORTAL,180,15.69,54.54,28056,6413,SHOULDER,1
2021-01,DMA0308,DMA0020,MEDICAL,2.2,3.2,HOMESTAY,326304,139903,60478,93125,44683,OTA,80,37.53,55.3,26764,10748,SUMMER,1
2019-08,DMA0729,DMA0329,MEDICAL,2.1,11.7,RESORT,134316,84164,12899,25348,36539,OTA,167,15.84,88.53,29229,10537,FESTIVE,1
2024-03,DMA0740,DMA0452,VFR,2.2,5.5,HOTEL,131966,77871,77852,119223,23106,AGENT,83,21.05,22.29,23663,25650,SHOULDER,1
2021-05,DMA0526,DMA0143,VFR,6.1,13.2,HOMESTAY,90666,33621,5468,69587,41036,DIRECT,156,10.24,92.59,15227,27672,MONSOON,1
2025-09,DMA0664,DMA0180,EDUCATION,1.8,4.9,SERVICED_APT,161214,169644,76708,101615,12225,GOV_PORTAL,69,13.31,26.97,8421,16107,FESTIVE,0
2022-04,DMA0666,DMA0215,PILGRIMAGE,5.2,2.2,HOSTEL,277061,16040,46192,136514,56564,CORPORATE,125,25.0,90.31,20636,18456,MONSOON,1
2022-09,DMA0478,DMA0618,EDUCATION,6.4,12.1,HOSTEL,270414,47106,57319,42854,31017,CORPORATE,127,19.17,25.0,22313,23516,SHOULDER,1
2019-02,DMA0708,DMA0362,VFR,6.2,2.5,RESORT,278558,195260,66103,44699,3371,CORPORATE,116,9.07,95.59,30193,24102,SHOULDER,1
2023-01,DMA0576,DMA0336,EDUCATION,3.3,8.0,SERVICED_APT,128101,90499,23581,4758,47928,GOV_PORTAL,48,21.32,20.67,19355,9280,SHOULDER,1
2021-07,DMA0168,DMA0129,PILGRIMAGE,5.6,5.9,SERVICED_APT,166749,17979,28832,38997,9871,GOV_PORTAL,5,7.44,95.26,1509,22392,WINTER,0
2024-08,DMA0669,DMA0403,BUSINESS,4.7,10.8,HOSTEL,47210,132529,51315,72784,13395,CORPORATE,109,39.68,24.85,26112,23803,FESTIVE,1
2019-09,DMA0146,DMA0410,LEISURE,5.8,10.7,RESORT,58194,178378,97945,142277,19679,OTA,6,41.59,29.76,6600,10549,FESTIVE,0
2019-10,DMA0708,DMA0315,VFR,1.9,11.1,HOMESTAY,128666,112095,55915,42138,6358,CORPORATE,101,10.19,95.11,26393,20754,MONSOON,0
2023-03,DMA0315,DMA0516,BUSINESS,5.2,1.8,RESORT,335458,63610,13846,37534,31421,OTA,163,2.35,81.76,7699,24484,MONSOON,0
2024-10,DMA0635,DMA0220,LEISURE,4.2,12.2,DHARAMSHALA,251631,87634,2135,71219,48009,AGENT,69,41.72,85.51,16671,8698,MONSOON,1
2022-08,DMA0097,DMA0697,BUSINESS,4.0,7.1,RESORT,127818,61885,18004,25062,17598,CORPORATE,97,14.04,53.66,34698,15150,FESTIVE,1
2021-02,DMA0440,DMA0497,BUSINESS,5.0,3.8,SERVICED_APT,268387,126082,91706,14313,3071,CORPORATE,128,8.46,26.25,21226,16460,MONSOON,0
2025-03,DMA0365,DMA0188,BUSINESS,2.5,4.9,HOTEL,137465,168954,56993,39147,1302,OTA,21,41.37,31.61,23276,19516,SUMMER,0
2025-07,DMA0578,DMA0291,BUSINESS,1.4,12.7,DHARAMSHALA,47407,68317,42995,134691,37809,OTA,41,39.72,92.05,15606,8456,SHOULDER,1
2025-12,DMA0371,DMA0675,VFR,3.8,1.1,HOMESTAY,159249,91884,85201,91680,14407,OTA,83,2.39,49.99,23226,2877,MONSOON,0
2025-06,DMA0780,DMA0364,MEDICAL,2.7,11.4,RESORT,32475,102952,99763,141782,39427,AGENT,31,9.34,78.94,19893,12158,SUMMER,0
2020-09,DMA0790,DMA0424,BUSINESS,2.4,13.0,HOMESTAY,147600,25225,44689,25013,46919,CORPORATE,31,36.57,73.83,26976,12958,MONSOON,1
2021-06,DMA0446,DMA0613,EDUCATION,6.5,4.3,HOSTEL,133305,133978,60513,80026,36215,OTA,5,12.02,56.96,19796,15584,SHOULDER,0
2024-11,DMA0410,DMA0155,LEISURE,2.1,11.7,RESORT,120287,81480,22936,145202,150,AGENT,133,30.08,87.13,32011,18335,SUMMER,1
2020-03,DMA0654,DMA0175,VFR,2.3,3.1,HOSTEL,63239,183176,26444,119452,54305,AGENT,107,1.8,71.05,25927,22905,SHOULDER,1
2025-08,DMA0777,DMA0781,VFR,2.8,1.2,SERVICED_APT,88633,49997,1789,39785,53045,GOV_PORTAL,138,37.87,77.71,7226,18592,WINTER,0
2023-11,DMA0714,DMA0310,BUSINESS,3.7,8.9,HOTEL,327514,114153,11947,4505,20960,OTA,156,19.0,85.28,7923,20991,SHOULDER,1
2025-12,DMA0263,DMA0262,BUSINESS,5.8,9.4,HOTEL,166100,10045,33588,2637,30989,OTA,160,21.15,37.37,3148,6515,FESTIVE,0
2025-12,DMA0431,DMA0599,LEISURE,2.0,3.0,HOMESTAY,276434,70476,6965,119468,18900,OTA,128,36.37,42.88,15061,8485,SHOULDER,0
2024-10,DMA0698,DMA0161,MEDICAL,4.4,7.7,HOTEL,175193,14257,78350,23775,10755,GOV_PORTAL,90,20.44,78.93,20380,8018,WINTER,0
2020-08,DMA0788,DMA0649,VFR,3.0,6.0,SERVICED_APT,243259,75815,84599,57282,14809,OTA,76,4.69,84.68,14555,18002,MONSOON,1
2024-09,DMA0591,DMA0504,BUSINESS,5.4,2.0,SERVICED_APT,285031,88131,48322,8652,34641,OTA,164,22.7,66.61,11664,7774,FESTIVE,0
2023-05,DMA0509,DMA0186,PILGRIMAGE,4.3,7.6,RESORT,158176,95448,53868,115000,48173,AGENT,164,20.55,97.48,9567,21971,WINTER,1
2025-03,DMA0427,DMA0493,PILGRIMAGE,5.4,8.6,HOMESTAY,178845,168631,18702,89957,38436,OTA,105,20.25,88.49,18077,2479,SHOULDER,0
2019-02,DMA0370,DMA0038,BUSINESS,5.7,3.8,HOSTEL,67926,111856,82269,134875,1728,CORPORATE,114,8.67,82.44,5583,15647,WINTER,0
2021-06,DMA0180,DMA0752,PILGRIMAGE,6.0,10.6,GUESTHOUSE,335521,176623,77521,78600,47293,DIRECT,92,7.38,39.14,34407,3275,MONSOON,0
2019-08,DMA0115,DMA0544,LEISURE,6.5,1.9,HOTEL,168006,148485,62746,4695,3650,OTA,153,35.0,45.98,33040,21293,FESTIVE,1
2022-04,DMA0728,DMA0738,MEDICAL,4.4,8.2,RESORT,107590,164376,67377,128657,11866,AGENT,168,27.86,48.14,7009,22384,SUMMER,1
2019-08,DMA0706,DMA0618,PILGRIMAGE,4.5,4.9,HOSTEL,29733,21566,33175,7376,28474,GOV_PORTAL,89,0.29,27.24,8796,20276,WINTER,1
2020-05,DMA0532,DMA0059,LEISURE,1.8,6.7,GUESTHOUSE,17195,24000,35198,98666,57935,GOV_PORTAL,103,37.59,77.05,21394,10263,WINTER,0
2021-06,DMA0793,DMA0612,PILGRIMAGE,1.6,12.6,HOMESTAY,317838,120569,51719,76456,23094,DIRECT,95,5.46,52.15,9332,10158,SHOULDER,1
2019-01,DMA0121,DMA0174,EDUCATION,3.7,9.7,RESORT,239555,37396,48139,29881,15779,AGENT,169,33.2,68.44,10202,23413,FESTIVE,0
2024-09,DMA0036,DMA0653,LEISURE,4.8,2.9,GUESTHOUSE,158827,65928,77133,65349,7702,OTA,59,4.32,75.34,16033,16914,SUMMER,0
2024-04,DMA0003,DMA0305,LEISURE,2.4,12.5,RESORT,178699,84050,77005,66300,49695,GOV_PORTAL,87,43.71,20.65,9391,17635,WINTER,1
2025-08,DMA0047,DMA0347,BUSINESS,2.8,5.8,HOSTEL,147842,143991,35962,109689,5837,GOV_PORTAL,130,40.52,23.73,28727,6676,SUMMER,0
2021-12,DMA0140,DMA0759,VFR,4.9,5.4,SERVICED_APT,342872,54987,29913,10116,18351,CORPORATE,12,8.24,46.14,34859,6077,SUMMER,0
2025-07,DMA0700,DMA0069,LEISURE,2.2,7.5,HOSTEL,270315,155582,76266,115885,59514,DIRECT,138,0.38,71.13,29282,6202,MONSOON,1
2023-01,DMA0225,DMA0490,PILGRIMAGE,3.9,3.7,HOTEL,314351,153291,82671,45987,57382,CORPORATE,56,2.68,57.3,28101,27604,SHOULDER,1
2025-09,DMA0796,DMA0490,BUSINESS,4.0,12.9,HOSTEL,221398,70527,85304,5171,13813,GOV_PORTAL,118,36.39,93.23,9340,3409,SUMMER,0
2025-05,DMA0587,DMA0576,VFR,6.0,7.1,HOMESTAY,122774,79025,87650,39770,14218,OTA,31,3.46,40.04,10729,19778,SHOULDER,0
2020-12,DMA0593,DMA0154,MEDICAL,3.2,6.1,HOMESTAY,273329,56466,43236,91892,42300,OTA,12,35.02,28.1,17491,14953,MONSOON,1
2019-04,DMA0744,DMA0561,LEISURE,2.2,3.2,SERVICED_APT,184032,65207,72628,70177,6786,CORPORATE,16,36.89,28.92,24095,7199,SUMMER,0
2025-05,DMA0031,DMA0723,LEISURE,2.0,11.4,RESORT,103069,130907,51582,56928,26766,OTA,65,13.81,37.55,20154,2189,SHOULDER,1
2024-02,DMA0249,DMA0502,VFR,2.6,13.4,HOMESTAY,283266,2335,55171,14723,44921,DIRECT,148,33.08,38.43,9248,2871,FESTIVE,0
2019-09,DMA0197,DMA0236,BUSINESS,2.5,12.3,HOSTEL,200199,169735,30467,146504,43015,CORPORATE,69,36.91,49.56,28344,15372,SHOULDER,0
2021-02,DMA0111,DMA0220,MEDICAL,5.1,3.1,GUESTHOUSE,59707,183289,92443,83834,41724,AGENT,93,35.13,64.0,31634,10048,FESTIVE,0
2022-11,DMA0706,DMA0194,VFR,4.3,10.8,HOMESTAY,112980,11040,35415,12471,45145,OTA,142,8.62,39.44,6353,14831,MONSOON,0
2020-04,DMA0316,DMA0259,MEDICAL,4.8,3.7,HOSTEL,232473,84152,39007,8613,50515,OTA,142,20.22,60.2,30003,1400,MONSOON,0
2022-01,DMA0077,DMA0495,VFR,4.5,1.5,DHARAMSHALA,335398,16964,85396,68363,44972,AGENT,108,3.07,57.27,34858,13546,FESTIVE,0
2024-10,DMA0532,DMA0484,EDUCATION,3.6,7.3,HOSTEL,297205,21086,52071,48509,9777,DIRECT,110,23.64,44.11,23944,25083,WINTER,1
2019-11,DMA0523,DMA0149,BUSINESS,6.1,9.7,RESORT,102926,125775,94322,131890,8257,CORPORATE,8,19.9,53.86,2150,17596,SUMMER,1
2019-02,DMA0362,DMA0430,PILGRIMAGE,5.5,2.6,RESORT,214074,181165,17167,125452,21280,CORPORATE,75,40.62,49.9,29656,13534,SUMMER,1
2025-11,DMA0644,DMA0365,VFR,2.2,8.9,HOMESTAY,47313,86556,68027,84235,49328,DIRECT,70,0.81,94.1,30490,678,FESTIVE,1
2020-11,DMA0692,DMA0167,PILGRIMAGE,3.3,12.0,HOMESTAY,227509,82199,78802,110435,27024,CORPORATE,87,23.86,25.37,26291,27493,SUMMER,1
2022-11,DMA0559,DMA0550,VFR,2.6,3.7,HOSTEL,140682,132517,2620,37406,20776,OTA,20,32.95,79.82,20881,8547,MONSOON,1
2024-02,DMA0634,DMA0028,LEISURE,5.1,6.6,HOMESTAY,179980,189782,60090,26047,57874,DIRECT,136,20.88,44.13,14060,19984,WINTER,0
2025-04,DMA0651,DMA0453,BUSINESS,2.9,7.5,DHARAMSHALA,152358,184768,39652,2569,15590,OTA,65,10.71,34.46,26517,15368,FESTIVE,1
2022-03,DMA0562,DMA0614,LEISURE,4.5,11.8,GUESTHOUSE,146609,129416,84068,101283,9675,OTA,70,27.44,87.91,23333,27186,MONSOON,0
2019-06,DMA0217,DMA0062,MEDICAL,2.6,11.0,SERVICED_APT,258801,113648,44416,148657,55306,OTA,1,44.42,56.62,32104,492,MONSOON,1
2021-12,DMA0407,DMA0509,PILGRIMAGE,1.9,11.0,DHARAMSHALA,124231,50850,38249,87077,8251,AGENT,55,1.85,59.79,28541,24194,FESTIVE,1
2024-02,DMA0721,DMA0785,MEDICAL,1.1,9.8,HOTEL,270737,108772,55386,135492,28692,DIRECT,11,8.82,52.43,6877,16805,FESTIVE,1
2023-12,DMA0446,DMA0168,EDUCATION,6.5,9.0,HOTEL,344357,79463,5655,113840,21931,OTA,116,22.08,51.55,30120,20396,SHOULDER,1
2025-07,DMA0053,DMA0231,PILGRIMAGE,2.2,7.6,HOSTEL,252176,109511,60273,148120,42842,DIRECT,55,26.89,74.04,8517,17997,MONSOON,0
2021-12,DMA0351,DMA0622,PILGRIMAGE,5.6,5.8,SERVICED_APT,301044,188563,83686,61919,40086,GOV_PORTAL,98,28.09,79.23,31392,2586,SUMMER,0
2025-05,DMA0654,DMA0035,BUSINESS,5.5,7.7,DHARAMSHALA,251458,94826,30898,7597,32334,OTA,178,2.71,81.55,13986,11779,WINTER,1
2024-12,DMA0303,DMA0722,MEDICAL,2.3,12.1,HOTEL,192873,73849,79714,25131,47078,CORPORATE,70,5.53,60.97,10384,9188,SHOULDER,0
2021-07,DMA0530,DMA0697,LEISURE,3.3,8.4,HOSTEL,191691,9281,49730,74017,29180,GOV_PORTAL,10,42.51,74.76,16835,10244,MONSOON,0
2022-04,DMA0323,DMA0213,LEISURE,5.6,13.8,HOSTEL,158337,189077,80890,100012,41557,CORPORATE,130,3.39,80.65,4672,11516,FESTIVE,0
2023-12,DMA0109,DMA0281,PILGRIMAGE,4.8,2.9,DHARAMSHALA,185408,88471,91000,127258,8716,GOV_PORTAL,161,18.86,73.3,25163,11482,WINTER,1
2020-01,DMA0739,DMA0511,PILGRIMAGE,3.0,6.7,SERVICED_APT,250847,91327,82206,148284,685,AGENT,84,25.98,35.1,31023,962,WINTER,1
2022-01,DMA0253,DMA0479,PILGRIMAGE,6.2,3.6,GUESTHOUSE,100216,127509,77622,73816,43316,AGENT,146,14.14,75.52,14413,25210,MONSOON,0
2024-01,DMA0615,DMA0271,MEDICAL,2.9,5.7,RESORT,168101,8095,91811,17070,22200,GOV_PORTAL,134,11.51,70.56,15579,18712,SUMMER,1
2020-06,DMA0095,DMA0761,MEDICAL,2.2,11.3,HOMESTAY,210172,101142,73005,111031,18102,GOV_PORTAL,106,13.06,27.51,21788,22806,WINTER,1
2020-06,DMA0444,DMA0659,VFR,1.8,11.7,GUESTHOUSE,16994,145838,24081,100468,5130,DIRECT,138,12.72,70.4,2005,17811,MONSOON,1
2021-10,DMA0187,DMA0179,LEISURE,4.9,1.4,RESORT,322768,3294,10014,138447,42576,AGENT,62,17.07,88.26,25256,23602,WINTER,0
2023-06,DMA0344,DMA0141,PILGRIMAGE,1.2,13.4,HOSTEL,304172,67373,86318,11973,55438,DIRECT,102,5.22,52.23,20945,14875,SUMMER,0
2021-07,DMA0562,DMA0096,MEDICAL,5.7,12.3,DHARAMSHALA,259295,97769,46873,120071,22525,CORPORATE,170,38.41,30.42,8846,7286,SHOULDER,0
2025-07,DMA0189,DMA0351,VFR,2.7,12.8,DHARAMSHALA,299941,152846,40636,26817,58535,AGENT,44,34.17,67.63,29084,3178,MONSOON,1
2022-01,DMA0657,DMA0718,PILGRIMAGE,3.0,5.9,GUESTHOUSE,73541,163228,59008,63495,1633,DIRECT,127,1.53,38.64,13524,24820,MONSOON,0
2025-12,DMA0124,DMA0025,LEISURE,5.4,7.5,HOSTEL,190255,188945,65490,25144,654,OTA,160,34.26,62.51,27972,5612,SHOULDER,0
2024-08,DMA0566,DMA0768,EDUCATION,5.5,3.2,HOTEL,137122,67476,16367,20929,53486,CORPORATE,27,37.26,72.2,8456,5407,FESTIVE,0
2024-12,DMA0777,DMA0723,MEDICAL,3.2,6.2,DHARAMSHALA,11492,72919,59476,67297,27916,AGENT,102,41.49,59.8,28214,24001,MONSOON,1
2023-10,DMA0160,DMA0151,PILGRIMAGE,4.0,2.6,HOSTEL,173051,19283,9312,4823,52124,OTA,115,27.58,44.07,22449,19781,FESTIVE,0
2025-10,DMA0462,DMA0723,BUSINESS,4.7,12.2,HOTEL,151287,9153,46279,10039,43684,GOV_PORTAL,56,38.38,86.85,12971,24578,MONSOON,0
2023-05,DMA0278,DMA0081,BUSINESS,4.8,8.6,HOSTEL,48823,20003,83762,108273,6510,OTA,51,34.16,30.6,13709,9942,WINTER,0
2024-02,DMA0296,DMA0492,LEISURE,3.9,2.8,DHARAMSHALA,21017,26971,80077,45800,47348,GOV_PORTAL,3,1.14,23.34,23972,15564,SUMMER,0
2025-07,DMA0334,DMA0479,VFR,5.6,12.4,HOSTEL,178263,172320,54000,140376,9146,GOV_PORTAL,144,36.5,84.64,5683,26221,WINTER,1
2019-07,DMA0357,DMA0307,VFR,5.6,2.0,DHARAMSHALA,275807,110407,67495,42059,9263,GOV_PORTAL,34,26.15,22.67,17889,26393,MONSOON,0
2021-07,DMA0248,DMA0373,EDUCATION,5.7,13.1,DHARAMSHALA,81624,141298,38044,2312,47545,GOV_PORTAL,41,29.28,58.0,5351,8756,FESTIVE,0
2022-04,DMA0308,DMA0621,BUSINESS,2.5,2.4,RESORT,114732,170281,94308,55989,55849,CORPORATE,153,39.82,61.95,7813,16694,FESTIVE,0
2025-06,DMA0462,DMA0138,EDUCATION,2.4,10.3,HOSTEL,53025,55758,49210,41467,38921,GOV_PORTAL,175,0.47,46.39,31206,7725,SHOULDER,0
2025-11,DMA0156,DMA0456,LEISURE,1.8,9.4,HOSTEL,188387,70898,84698,37192,10127,GOV_PORTAL,63,4.86,41.52,1863,8435,SHOULDER,0
2023-02,DMA0428,DMA0439,BUSINESS,5.5,11.2,HOSTEL,193929,69972,8707,50200,4199,GOV_PORTAL,144,25.82,77.74,33547,6973,SHOULDER,1
2025-08,DMA0737,DMA0378,PILGRIMAGE,1.3,8.3,SERVICED_APT,80986,94160,59812,24875,2641,AGENT,97,18.43,48.58,20822,1392,SUMMER,1
2019-09,DMA0304,DMA0281,MEDICAL,1.7,5.5,HOMESTAY,37206,196631,38953,98370,29283,DIRECT,134,18.81,29.65,8841,5584,SHOULDER,0
2024-05,DMA0022,DMA0186,VFR,6.1,4.6,SERVICED_APT,119995,77178,20556,60451,29621,OTA,64,14.05,56.13,32712,13693,FESTIVE,1
2021-01,DMA0229,DMA0603,MEDICAL,1.7,13.3,HOMESTAY,238688,143628,89869,12885,10999,OTA,127,36.83,76.66,3626,21414,WINTER,1
2019-08,DMA0675,DMA0064,LEISURE,1.7,6.7,GUESTHOUSE,156294,178302,5037,52084,45813,DIRECT,51,4.66,44.03,3303,4730,MONSOON,1
2022-03,DMA0284,DMA0684,EDUCATION,6.0,11.9,RESORT,284492,184566,67882,77149,7869,CORPORATE,168,23.98,30.3,8680,4904,SHOULDER,1
2021-08,DMA0067,DMA0664,LEISURE,2.7,10.4,DHARAMSHALA,229628,6328,81014,140779,24435,GOV_PORTAL,115,20.62,46.61,11964,8460,SUMMER,0
2019-08,DMA0598,DMA0754,BUSINESS,5.8,9.5,HOMESTAY,224656,137642,16240,139575,38849,AGENT,143,24.81,62.55,10029,18165,WINTER,0
2020-01,DMA0494,DMA0319,LEISURE,3.1,13.6,GUESTHOUSE,210426,28894,70984,80423,27608,OTA,85,2.28,27.93,23047,18719,FESTIVE,1
2024-07,DMA0550,DMA0664,MEDICAL,3.1,8.4,GUESTHOUSE,82036,27092,54551,106006,29272,DIRECT,121,30.32,38.29,20846,2994,SUMMER,1
2024-06,DMA0693,DMA0532,VFR,1.7,10.5,GUESTHOUSE,323426,27423,20768,76709,16987,GOV_PORTAL,26,0.61,95.72,29391,16591,MONSOON,1
2021-04,DMA0615,DMA0544,BUSINESS,6.1,12.0,RESORT,213442,87356,74991,85461,34422,OTA,17,23.75,35.92,13390,6984,SHOULDER,1
2019-04,DMA0599,DMA0674,LEISURE,5.2,1.6,DHARAMSHALA,244084,46755,42443,80085,57081,OTA,62,11.95,24.95,29802,15448,MONSOON,1
2020-11,DMA0006,DMA0052,PILGRIMAGE,2.2,14.0,HOTEL,194168,52286,12395,126488,50020,OTA,79,14.09,53.71,9860,23744,MONSOON,1
2021-10,DMA0654,DMA0255,LEISURE,5.0,4.4,RESORT,225958,60780,31612,54501,57514,GOV_PORTAL,114,33.23,25.76,11664,1780,FESTIVE,1
2023-07,DMA0548,DMA0038,VFR,1.6,10.1,GUESTHOUSE,174832,139510,2130,66301,21806,CORPORATE,153,44.36,21.06,29850,14386,WINTER,1
2024-11,DMA0468,DMA0782,BUSINESS,3.9,13.4,SERVICED_APT,264723,47163,60417,51561,5906,DIRECT,149,21.39,21.21,1561,14406,SHOULDER,1
2023-10,DMA0307,DMA0152,VFR,2.4,10.9,DHARAMSHALA,285682,19941,68569,67756,33936,DIRECT,0,30.13,43.12,2894,4307,FESTIVE,1
2025-01,DMA0077,DMA0483,MEDICAL,5.7,4.0,HOSTEL,302305,127831,91454,13712,34901,OTA,173,11.18,25.76,30580,1684,WINTER,1
2020-07,DMA0556,DMA0200,MEDICAL,3.8,5.7,DHARAMSHALA,179393,59452,53689,49841,15091,CORPORATE,85,24.93,35.05,20965,24936,WINTER,0
2019-09,DMA0750,DMA0264,LEISURE,6.1,6.4,DHARAMSHALA,258226,197719,33246,22056,28057,CORPORATE,26,4.5,70.56,31915,7083,SUMMER,1
2020-11,DMA0045,DMA0134,PILGRIMAGE,4.2,8.6,GUESTHOUSE,197157,17364,52787,35874,42830,GOV_PORTAL,101,38.26,42.49,15723,26301,FESTIVE,0
2025-03,DMA0371,DMA0746,PILGRIMAGE,3.8,8.8,SERVICED_APT,46167,171722,15116,8510,13244,DIRECT,171,20.51,64.89,15296,7071,FESTIVE,0
2020-01,DMA0457,DMA0171,BUSINESS,4.8,11.2,HOSTEL,239062,187934,88494,34047,412,OTA,160,16.27,52.08,16614,7830,WINTER,0
2021-07,DMA0624,DMA0499,LEISURE,5.3,12.2,RESORT,217133,71795,90422,90796,58045,OTA,82,23.1,89.01,25130,14644,SHOULDER,1
2024-12,DMA0774,DMA0461,VFR,1.1,2.2,DHARAMSHALA,178474,91821,39192,34896,41798,CORPORATE,32,41.08,74.32,8997,9248,SUMMER,0
2020-07,DMA0110,DMA0411,LEISURE,3.9,4.6,HOTEL,95399,79788,88176,27329,58193,AGENT,124,34.94,86.5,11007,13454,SHOULDER,0
2019-05,DMA0348,DMA0792,PILGRIMAGE,5.3,5.5,HOMESTAY,91139,111965,61140,45767,56945,GOV_PORTAL,152,6.87,60.47,32888,14842,MONSOON,1
2022-03,DMA0391,DMA0579,VFR,3.2,1.2,DHARAMSHALA,6872,127212,65291,71960,21706,CORPORATE,5,34.56,80.93,8529,16032,WINTER,0
2020-02,DMA0211,DMA0006,EDUCATION,1.2,6.4,HOMESTAY,171959,145381,36737,133685,32631,GOV_PORTAL,175,17.68,68.02,18404,1669,MONSOON,1
2020-10,DMA0351,DMA0578,VFR,1.1,5.7,HOTEL,122302,65027,67250,59362,54407,CORPORATE,92,17.78,78.03,18795,19073,SHOULDER,0
2020-10,DMA0227,DMA0144,EDUCATION,5.4,7.8,HOSTEL,45154,108335,25509,122670,24061,CORPORATE,59,34.1,73.4,3598,15146,SUMMER,0
2019-05,DMA0349,DMA0441,PILGRIMAGE,2.1,2.3,HOSTEL,133997,47658,10357,54604,57079,CORPORATE,14,20.69,43.44,11231,23844,WINTER,0
2024-02,DMA0047,DMA0062,EDUCATION,2.0,6.4,HOTEL,337071,175675,75862,124090,3635,AGENT,37,3.26,29.78,5863,25137,WINTER,0
2023-04,DMA0492,DMA0745,BUSINESS,2.6,8.8,HOTEL,265922,73502,90895,56114,47738,DIRECT,142,11.1,82.9,30062,3529,SUMMER,0
2025-08,DMA0417,DMA0725,LEISURE,1.6,11.4,SERVICED_APT,50880,119326,8717,9197,1852,OTA,158,40.26,26.03,5680,5111,FESTIVE,1
2022-03,DMA0534,DMA0449,EDUCATION,1.3,11.0,GUESTHOUSE,191657,87627,95627,29169,28774,GOV_PORTAL,113,26.64,67.2,12901,21731,SHOULDER,0
2021-02,DMA0579,DMA0146,PILGRIMAGE,5.8,6.3,RESORT,162602,153552,38305,55199,23463,CORPORATE,147,38.8,97.12,28165,11897,WINTER,1
2025-08,DMA0753,DMA0251,LEISURE,2.7,6.1,GUESTHOUSE,104404,151008,76735,100889,29592,OTA,156,13.73,34.25,13133,17743,WINTER,0
2023-08,DMA0717,DMA0113,LEISURE,4.2,1.5,GUESTHOUSE,267581,141997,58400,15628,29517,CORPORATE,74,31.0,77.99,24912,13743,MONSOON,1
2019-12,DMA0104,DMA0592,BUSINESS,5.7,2.1,RESORT,154862,101813,97756,4235,22537,DIRECT,143,35.34,94.35,33765,20365,MONSOON,0
2025-08,DMA0525,DMA0422,VFR,6.4,12.3,HOMESTAY,317029,101780,38545,59357,56399,DIRECT,160,8.23,58.65,6329,1476,SUMMER,1
2023-01,DMA0488,DMA0658,PILGRIMAGE,4.8,11.5,SERVICED_APT,134397,7869,12927,109354,29174,DIRECT,18,1.05,64.69,21509,5557,SUMMER,0
2019-12,DMA0488,DMA0782,VFR,6.2,1.3,RESORT,341571,76739,44315,142645,48894,CORPORATE,88,28.55,48.68,25501,23717,FESTIVE,1
2019-05,DMA0312,DMA0497,MEDICAL,3.3,12.5,HOMESTAY,196289,40596,83227,60404,5427,OTA,49,25.96,54.46,25138,25793,WINTER,0
2023-03,DMA0077,DMA0666,EDUCATION,5.3,9.0,SERVICED_APT,184206,47202,92704,33613,48924,DIRECT,33,1.79,69.15,34391,26475,SHOULDER,1
2019-04,DMA0012,DMA0582,PILGRIMAGE,6.2,11.4,RESORT,151843,4736,7758,132875,24249,GOV_PORTAL,102,18.49,87.97,17915,17745,FESTIVE,1
2025-11,DMA0005,DMA0779,LEISURE,1.3,7.5,HOMESTAY,181148,182648,90574,86718,8626,AGENT,151,25.35,94.28,16450,15728,SHOULDER,1
2021-01,DMA0717,DMA0002,PILGRIMAGE,2.7,3.0,SERVICED_APT,42262,46843,19190,17960,11333,AGENT,112,9.54,62.37,25211,6580,SHOULDER,0
2020-12,DMA0439,DMA0281,VFR,5.1,5.6,HOSTEL,225138,52638,80037,108730,38629,AGENT,31,4.34,81.02,29842,8997,WINTER,1
2023-08,DMA0639,DMA0762,MEDICAL,2.7,6.9,HOSTEL,323546,149427,34659,67956,38535,AGENT,120,36.06,77.45,30333,27883,SUMMER,1
2020-07,DMA0499,DMA0451,BUSINESS,1.1,10.8,RESORT,20234,104802,76440,98729,21525,AGENT,130,41.63,39.27,21842,19161,SUMMER,0
2020-11,DMA0253,DMA0250,PILGRIMAGE,5.4,11.6,HOTEL,29317,65362,24034,85398,25515,AGENT,140,20.14,56.03,29588,6623,SUMMER,1
2025-11,DMA0527,DMA0445,EDUCATION,1.9,10.6,SERVICED_APT,78880,48364,44697,11291,21881,CORPORATE,86,6.03,73.31,16575,12353,SHOULDER,1
2025-05,DMA0578,DMA0680,BUSINESS,2.8,7.2,HOSTEL,161889,192491,68891,3457,25456,OTA,11,18.96,30.05,17184,13981,FESTIVE,1
2022-10,DMA0294,DMA0009,MEDICAL,6.0,9.6,RESORT,189386,39688,19017,120918,16932,GOV_PORTAL,61,12.56,88.95,6090,10946,SUMMER,1
2020-06,DMA0720,DMA0414,EDUCATION,2.1,4.8,DHARAMSHALA,185961,89898,90548,44177,12990,OTA,172,22.07,51.4,9014,10570,WINTER,0
2024-01,DMA0225,DMA0490,VFR,5.9,13.8,RESORT,186823,161760,60253,128657,40043,GOV_PORTAL,23,0.41,55.37,28624,14442,MONSOON,1
2024-11,DMA0098,DMA0405,MEDICAL,3.3,3.2,SERVICED_APT,76982,164286,53977,72450,47062,DIRECT,23,39.01,87.84,23209,16150,MONSOON,1
2022-09,DMA0055,DMA0301,PILGRIMAGE,6.0,10.4,HOSTEL,164050,78386,26127,108884,54658,GOV_PORTAL,14,2.61,33.44,13944,26167,FESTIVE,0
2022-10,DMA0729,DMA0140,LEISURE,5.8,3.0,DHARAMSHALA,66665,195915,94290,137494,39084,CORPORATE,177,19.34,22.77,3135,7226,MONSOON,1
2020-05,DMA0303,DMA0554,VFR,3.3,4.7,RESORT,258903,39247,72678,23801,51289,DIRECT,87,29.75,42.31,34290,2252,MONSOON,0
2020-03,DMA0730,DMA0124,EDUCATION,6.1,10.7,HOTEL,264621,149055,52806,2922,23400,AGENT,95,29.3,31.72,24496,14897,MONSOON,1
2025-01,DMA0752,DMA0693,EDUCATION,4.5,10.5,DHARAMSHALA,188073,189216,28290,52502,35580,CORPORATE,115,13.42,96.88,26768,14612,MONSOON,0
2021-10,DMA0616,DMA0670,PILGRIMAGE,3.6,2.6,HOMESTAY,324187,67634,62131,92502,35305,CORPORATE,172,22.48,64.16,5705,24566,MONSOON,0
2019-08,DMA0270,DMA0302,VFR,3.9,9.8,SERVICED_APT,146580,178592,98626,37331,36331,OTA,19,22.36,64.03,3985,18983,SUMMER,1
2023-02,DMA0490,DMA0582,VFR,1.3,3.6,RESORT,13009,54292,54303,140192,41509,OTA,20,5.91,81.94,9015,18025,SHOULDER,0
2019-11,DMA0655,DMA0347,PILGRIMAGE,5.4,13.6,DHARAMSHALA,56610,118018,7723,124229,32193,DIRECT,139,16.76,40.16,30552,9522,WINTER,1
2022-06,DMA0163,DMA0738,EDUCATION,2.6,8.8,HOSTEL,33079,34959,48187,146380,9043,CORPORATE,99,5.37,60.77,3954,19709,WINTER,1
2022-07,DMA0159,DMA0060,LEISURE,2.5,1.0,HOTEL,5856,137646,38635,63974,39035,DIRECT,107,2.57,31.09,33138,1125,WINTER,1
2021-11,DMA0418,DMA0633,LEISURE,4.9,3.7,HOTEL,51779,89871,89368,76902,22993,AGENT,84,2.5,27.29,3474,27448,MONSOON,0
2023-11,DMA0713,DMA0567,EDUCATION,3.0,4.0,RESORT,120856,75291,8321,46051,54824,OTA,82,19.57,54.3,13163,16979,FESTIVE,1
2019-12,DMA0263,DMA0310,PILGRIMAGE,3.8,4.2,GUESTHOUSE,29324,48604,20791,24596,10061,CORPORATE,146,32.83,91.21,9151,11747,SHOULDER,1
2025-01,DMA0383,DMA0255,VFR,3.3,8.2,HOSTEL,147882,37695,94805,71844,34779,AGENT,100,44.3,54.4,25439,628,WINTER,1
2019-12,DMA0215,DMA0059,EDUCATION,3.8,3.7,HOTEL,75325,80202,376,13807,2525,CORPORATE,1,25.7,55.23,1535,25234,WINTER,1
2021-04,DMA0526,DMA0548,EDUCATION,2.2,6.4,SERVICED_APT,242208,157073,85308,59363,31979,AGENT,32,13.47,87.48,9507,19788,SUMMER,1
2022-10,DMA0793,DMA0058,VFR,5.9,3.3,HOSTEL,220703,137035,3168,48875,48143,GOV_PORTAL,164,9.32,42.31,32710,23667,WINTER,0
2022-04,DMA0117,DMA0107,PILGRIMAGE,4.4,9.7,RESORT,245340,94557,2447,45370,305,AGENT,9,31.27,58.21,18614,25090,SHOULDER,0
2021-05,DMA0392,DMA0605,PILGRIMAGE,2.3,8.4,SERVICED_APT,124440,184320,19215,79425,15863,GOV_PORTAL,31,2.33,32.82,15846,26771,FESTIVE,0
2024-10,DMA0424,DMA0391,MEDICAL,1.5,9.2,SERVICED_APT,346264,21063,71541,96058,9635,OTA,93,11.8,86.0,28531,16725,SUMMER,0
2020-04,DMA0774,DMA0307,LEISURE,3.9,13.6,RESORT,292749,152326,96556,40698,56878,GOV_PORTAL,124,30.98,22.9,4308,15681,SHOULDER,1
2022-10,DMA0532,DMA0605,VFR,3.6,6.2,GUESTHOUSE,161669,126387,86683,119536,59580,DIRECT,157,20.03,52.22,17200,25947,WINTER,0
2024-05,DMA0081,DMA0526,VFR,6.1,3.8,SERVICED_APT,281267,13687,76273,75260,29009,AGENT,13,22.51,41.57,13942,9808,SUMMER,1
2021-05,DMA0608,DMA0714,VFR,2.3,14.0,GUESTHOUSE,239566,8717,29252,122295,12486,OTA,4,43.9,40.07,23657,4071,FESTIVE,1
2023-04,DMA0187,DMA0408,VFR,5.8,1.8,RESORT,47763,170757,11545,6705,21770,CORPORATE,35,18.21,39.05,14560,24674,SHOULDER,1
2022-04,DMA0134,DMA0258,PILGRIMAGE,5.2,11.5,HOMESTAY,162896,170654,3207,56086,57230,AGENT,76,26.78,48.82,29208,8147,FESTIVE,1
2019-06,DMA0167,DMA0711,LEISURE,3.6,3.1,HOMESTAY,336710,118706,33512,143992,13997,AGENT,57,44.94,90.32,19085,7763,FESTIVE,1
2021-03,DMA0650,DMA0120,EDUCATION,5.8,9.6,HOTEL,132663,145691,72430,61286,15091,GOV_PORTAL,140,30.89,75.28,4336,11491,MONSOON,1
2022-01,DMA0137,DMA0373,EDUCATION,5.7,7.2,GUESTHOUSE,228526,13834,76877,101531,3195,GOV_PORTAL,92,23.15,89.38,1095,25415,SHOULDER,1
2020-10,DMA0741,DMA0291,MEDICAL,4.9,11.9,HOTEL,69277,3902,43598,13933,4348,AGENT,87,14.58,35.32,14317,13437,WINTER,1
2019-07,DMA0162,DMA0732,PILGRIMAGE,1.6,10.5,DHARAMSHALA,334742,77102,92662,142703,46270,AGENT,145,43.94,86.23,12400,26419,SUMMER,1
2019-01,DMA0717,DMA0680,VFR,1.9,3.2,DHARAMSHALA,259420,96121,32049,100453,15320,DIRECT,102,13.22,53.53,30705,22994,SHOULDER,0
2025-05,DMA0587,DMA0690,EDUCATION,4.3,9.6,SERVICED_APT,264840,104158,47221,101519,54081,CORPORATE,135,5.21,96.52,29634,26603,SHOULDER,0
2022-12,DMA0215,DMA0154,EDUCATION,2.3,3.8,HOSTEL,266484,28120,19210,29919,57959,DIRECT,175,41.66,66.3,10409,13765,SUMMER,1
2023-03,DMA0701,DMA0352,LEISURE,4.0,3.2,RESORT,9950,63063,30314,52316,3616,DIRECT,77,14.35,58.01,5706,22316,SHOULDER,1
2020-02,DMA0315,DMA0143,LEISURE,4.1,2.1,DHARAMSHALA,219700,64763,95536,119675,43641,CORPORATE,2,26.5,92.17,21299,7905,SHOULDER,1
2025-07,DMA0719,DMA0363,BUSINESS,4.2,2.5,RESORT,309290,20299,14342,19524,3250,OTA,69,29.07,49.74,9711,27225,SUMMER,1
2019-12,DMA0117,DMA0727,PILGRIMAGE,4.1,10.2,DHARAMSHALA,189519,38878,9326,18192,48360,CORPORATE,108,11.74,78.4,2897,3406,SHOULDER,1
2023-01,DMA0779,DMA0138,EDUCATION,3.1,13.9,DHARAMSHALA,153620,73469,62293,131073,21075,OTA,126,19.05,56.92,15336,24155,SUMMER,0
2022-05,DMA0525,DMA0757,EDUCATION,2.2,9.8,HOMESTAY,68189,10718,98475,115605,5988,AGENT,16,7.0,77.22,5312,24840,SUMMER,0
2024-08,DMA0318,DMA0508,LEISURE,3.9,10.2,HOTEL,225584,151686,91099,91131,19417,DIRECT,50,39.8,41.5,7862,2548,WINTER,1
2019-02,DMA0071,DMA0283,EDUCATION,3.7,11.2,HOTEL,296786,31371,66649,118875,7740,AGENT,56,26.3,51.72,8013,10829,SHOULDER,0
2024-02,DMA0607,DMA0241,PILGRIMAGE,2.5,12.6,HOSTEL,56342,112232,69667,89254,6186,DIRECT,42,40.06,46.94,10104,26214,WINTER,0
2023-09,DMA0241,DMA0410,LEISURE,1.3,4.5,SERVICED_APT,233969,119956,73581,6867,42753,GOV_PORTAL,41,11.57,87.77,14886,24496,WINTER,0
2020-02,DMA0363,DMA0146,LEISURE,2.1,8.9,HOTEL,179087,146779,97985,37663,19527,DIRECT,28,28.53,92.43,6958,26833,WINTER,0
2022-08,DMA0022,DMA0449,MEDICAL,4.0,3.8,HOSTEL,261444,184184,95529,102479,47576,DIRECT,85,9.81,77.37,22247,17581,MONSOON,0
2024-06,DMA0038,DMA0800,BUSINESS,3.9,7.8,HOTEL,154057,22616,9566,81327,51711,DIRECT,104,13.01,84.08,12228,18226,FESTIVE,1
2025-03,DMA0654,DMA0741,EDUCATION,1.7,3.7,DHARAMSHALA,31338,74402,34692,108123,49710,OTA,170,16.25,47.6,3163,23213,SHOULDER,1
2022-01,DMA0774,DMA0351,PILGRIMAGE,4.3,1.8,SERVICED_APT,164009,95850,77287,145258,18775,GOV_PORTAL,59,24.72,31.75,27345,419,WINTER,0
2025-06,DMA0238,DMA0618,VFR,3.3,2.1,GUESTHOUSE,181184,167473,61718,115938,20731,OTA,168,25.01,73.55,3468,23401,MONSOON,1
2022-11,DMA0543,DMA0589,MEDICAL,4.6,13.7,RESORT,52478,45376,63035,42173,55263,CORPORATE,176,9.01,69.71,5164,7874,MONSOON,0
2024-01,DMA0051,DMA0752,VFR,5.9,1.1,HOSTEL,279832,54781,31652,69689,18944,CORPORATE,77,2.07,40.57,27570,9457,SHOULDER,0
2025-12,DMA0387,DMA0571,MEDICAL,2.7,10.0,RESORT,35668,166555,33453,106922,34753,GOV_PORTAL,83,34.74,91.17,32015,27069,SHOULDER,0
2021-03,DMA0020,DMA0319,LEISURE,2.9,12.5,RESORT,26423,38401,4178,28021,12171,CORPORATE,154,23.67,47.89,28726,9413,FESTIVE,0
2023-01,DMA0135,DMA0187,BUSINESS,4.7,6.1,HOTEL,256576,197808,94007,54560,52522,AGENT,130,14.1,83.59,33454,11264,FESTIVE,0
2023-12,DMA0401,DMA0387,PILGRIMAGE,6.2,10.2,HOTEL,276897,21694,25495,58320,58422,OTA,80,2.37,30.07,26583,3687,MONSOON,0
2024-10,DMA0754,DMA0765,LEISURE,3.7,5.5,SERVICED_APT,307978,5363,63555,10376,19624,DIRECT,41,4.71,42.37,30855,1824,SUMMER,1
2024-11,DMA0474,DMA0319,VFR,1.9,7.9,SERVICED_APT,67235,98465,7923,144205,42721,AGENT,128,19.06,67.92,8525,18929,WINTER,1
2022-09,DMA0498,DMA0778,BUSINESS,6.1,13.2,HOSTEL,302501,166397,9645,69401,52414,DIRECT,127,21.77,38.87,11968,18301,SHOULDER,1
2019-01,DMA0117,DMA0014,VFR,3.6,1.6,SERVICED_APT,267017,63330,57914,124268,27965,CORPORATE,148,16.99,94.61,25943,3202,SHOULDER,0
2020-01,DMA0667,DMA0757,EDUCATION,3.5,4.5,HOMESTAY,174638,54817,26278,114071,41837,OTA,66,25.49,63.02,23601,27252,FESTIVE,0
2022-02,DMA0525,DMA0179,PILGRIMAGE,4.0,2.4,HOMESTAY,218875,158940,3852,138386,51512,CORPORATE,46,36.63,77.05,29027,11459,WINTER,1
2020-05,DMA0488,DMA0613,EDUCATION,2.4,7.4,RESORT,101713,150353,23100,112409,5849,OTA,88,30.47,63.8,31834,27541,SHOULDER,0
2022-02,DMA0517,DMA0083,VFR,5.3,11.0,HOMESTAY,190710,8415,59083,30452,9747,DIRECT,105,39.02,51.73,18339,14706,FESTIVE,1
2019-01,DMA0065,DMA0113,BUSINESS,4.5,13.7,GUESTHOUSE,334430,69249,56001,101826,4877,DIRECT,107,27.71,84.13,29614,9879,SUMMER,0
2019-01,DMA0657,DMA0094,PILGRIMAGE,6.3,3.0,HOTEL,194206,98577,17057,105652,7076,DIRECT,58,4.73,21.77,13857,10815,WINTER,1
2025-11,DMA0165,DMA0231,LEISURE,2.1,1.6,DHARAMSHALA,35106,133111,17461,18708,33642,GOV_PORTAL,128,6.75,53.29,33117,8728,WINTER,1
2021-06,DMA0658,DMA0452,LEISURE,4.4,2.8,SERVICED_APT,192890,55578,5443,93938,4935,CORPORATE,13,17.57,88.73,16411,27238,FESTIVE,1
2025-05,DMA0348,DMA0495,BUSINESS,3.8,13.6,RESORT,5080,134518,59537,113406,13428,GOV_PORTAL,125,12.78,26.64,26833,9957,FESTIVE,1
2019-07,DMA0259,DMA0376,BUSINESS,5.9,5.2,HOTEL,212057,175403,18338,113832,57595,AGENT,39,29.35,36.18,32518,6045,MONSOON,0
2020-08,DMA0245,DMA0100,EDUCATION,1.2,4.5,SERVICED_APT,344001,189704,18894,114061,46014,GOV_PORTAL,8,28.16,94.93,14432,8228,SHOULDER,0
2022-08,DMA0640,DMA0752,BUSINESS,5.2,10.6,SERVICED_APT,202664,148617,64396,23716,46596,DIRECT,68,20.82,94.8,5747,21339,SUMMER,1
2025-01,DMA0222,DMA0318,EDUCATION,4.4,2.6,HOMESTAY,303341,136759,5674,12070,31658,OTA,152,28.96,49.99,1335,21899,FESTIVE,1
2020-01,DMA0736,DMA0672,VFR,4.3,5.5,GUESTHOUSE,205361,193802,25339,109801,13139,CORPORATE,59,41.0,78.68,11181,5686,MONSOON,1
2022-03,DMA0590,DMA0603,LEISURE,5.8,2.9,GUESTHOUSE,150631,9964,17769,118323,21062,CORPORATE,32,22.13,68.81,10952,25200,SHOULDER,1
2020-08,DMA0017,DMA0791,LEISURE,4.2,13.7,HOSTEL,299522,159607,11747,2613,8242,CORPORATE,4,15.63,58.45,32700,14149,WINTER,0
2019-05,DMA0595,DMA0467,LEISURE,4.9,4.7,SERVICED_APT,218258,190962,3754,1794,49860,AGENT,51,21.43,83.49,29087,25988,WINTER,0
2023-04,DMA0687,DMA0546,PILGRIMAGE,4.6,4.5,RESORT,223470,7737,34508,26053,25079,CORPORATE,102,6.53,70.77,3446,10310,MONSOON,0
2021-01,DMA0328,DMA0715,MEDICAL,1.4,9.2,SERVICED_APT,23433,19353,11606,93567,50926,AGENT,74,4.38,27.1,1532,5456,SUMMER,1
2019-12,DMA0580,DMA0279,BUSINESS,1.6,1.2,GUESTHOUSE,24592,101294,76003,45310,50415,DIRECT,160,18.47,85.49,19942,8329,SHOULDER,1
2023-08,DMA0431,DMA0494,PILGRIMAGE,2.9,9.5,RESORT,52039,142381,34843,97691,10280,OTA,15,41.55,41.41,14192,19969,MONSOON,1
2019-01,DMA0505,DMA0435,MEDICAL,4.7,6.9,RESORT,93612,133332,27875,53653,23254,DIRECT,2,38.83,69.37,20644,18310,WINTER,1
2024-12,DMA0383,DMA0106,BUSINESS,1.1,3.4,RESORT,129220,21400,93756,67057,52669,GOV_PORTAL,4,30.52,80.48,3084,22409,FESTIVE,1
2023-01,DMA0512,DMA0680,MEDICAL,5.2,7.3,HOTEL,243231,150997,50076,87895,42902,CORPORATE,119,32.35,90.02,3559,24522,WINTER,1
2024-07,DMA0332,DMA0184,LEISURE,2.1,14.0,RESORT,224354,180685,59967,65887,56406,GOV_PORTAL,18,38.72,92.17,15643,20673,SUMMER,1
2020-10,DMA0654,DMA0497,MEDICAL,4.1,11.9,SERVICED_APT,150069,23304,20999,38888,21392,AGENT,111,41.19,92.21,10317,15698,WINTER,0
2021-07,DMA0579,DMA0200,BUSINESS,2.1,13.7,SERVICED_APT,136799,170180,62091,146836,16122,DIRECT,138,29.67,71.26,31142,2150,SUMMER,1
2019-01,DMA0224,DMA0393,PILGRIMAGE,2.0,13.0,HOMESTAY,261284,115810,69858,126193,3346,CORPORATE,123,17.37,68.69,7567,6721,WINTER,1
2021-03,DMA0139,DMA0376,BUSINESS,2.8,11.7,GUESTHOUSE,297310,99953,25716,83239,29212,AGENT,106,6.64,21.15,8102,6787,WINTER,0
2019-02,DMA0770,DMA0014,MEDICAL,6.1,5.4,HOTEL,162968,58859,31953,111277,15481,DIRECT,17,0.31,26.59,21708,16077,SUMMER,0
2019-01,DMA0273,DMA0751,EDUCATION,2.3,10.5,SERVICED_APT,178256,162799,31189,102836,1155,DIRECT,139,29.16,50.62,17063,27101,SUMMER,1
2022-06,DMA0682,DMA0752,MEDICAL,1.3,6.1,GUESTHOUSE,282446,48995,50038,75312,18628,AGENT,42,17.9,81.84,11171,1112,SUMMER,0
2019-08,DMA0125,DMA0758,BUSINESS,5.9,6.6,HOMESTAY,263611,138811,47892,57431,44233,OTA,86,3.59,66.18,20667,26759,WINTER,1
2021-11,DMA0279,DMA0063,LEISURE,3.4,12.4,HOTEL,1872,143930,68476,23405,55295,DIRECT,49,12.54,38.35,2893,1293,SUMMER,0
2021-11,DMA0033,DMA0232,BUSINESS,4.4,3.7,HOSTEL,206941,31412,62473,68672,21133,CORPORATE,167,21.09,29.58,26076,15742,SHOULDER,1
2019-07,DMA0214,DMA0449,EDUCATION,5.9,4.9,SERVICED_APT,160439,74742,72313,59209,37668,GOV_PORTAL,162,35.26,56.52,5775,16298,FESTIVE,0
2020-11,DMA0301,DMA0672,BUSINESS,5.2,13.1,HOMESTAY,68256,109545,25712,68093,42409,AGENT,27,14.17,91.21,24047,9022,MONSOON,0
2020-11,DMA0078,DMA0648,MEDICAL,5.4,10.1,SERVICED_APT,84969,10265,13296,68308,34999,OTA,98,29.53,24.14,13639,936,WINTER,0
2022-10,DMA0305,DMA0535,VFR,3.6,1.8,SERVICED_APT,97445,53593,50678,15627,36834,DIRECT,86,1.94,56.09,4673,22699,SUMMER,1
2020-07,DMA0106,DMA0416,MEDICAL,4.8,2.6,HOSTEL,299271,166674,37108,73403,27651,GOV_PORTAL,14,43.31,24.6,27321,2600,SUMMER,1
2025-07,DMA0532,DMA0380,MEDICAL,6.3,8.5,GUESTHOUSE,213371,34619,38073,95014,4869,OTA,135,43.73,39.51,9386,11054,SHOULDER,0
2024-12,DMA0111,DMA0235,MEDICAL,5.9,11.4,HOMESTAY,82647,16908,66852,78963,55662,AGENT,14,23.77,94.4,23840,16102,WINTER,1
2020-01,DMA0181,DMA0739,EDUCATION,4.4,11.3,HOSTEL,78489,171279,92424,118883,59146,DIRECT,34,29.59,28.16,29620,20698,MONSOON,0
2023-02,DMA0657,DMA0534,MEDICAL,1.5,6.5,HOSTEL,48222,29674,95960,79396,53974,DIRECT,57,34.41,23.97,23542,15549,WINTER,1
2021-07,DMA0365,DMA0213,EDUCATION,6.4,4.4,SERVICED_APT,252738,132044,29043,80657,35219,AGENT,75,43.67,26.8,20595,6649,FESTIVE,0
2024-11,DMA0648,DMA0692,LEISURE,2.2,11.2,SERVICED_APT,202484,45808,32000,83938,19153,GOV_PORTAL,136,24.51,73.95,29435,12465,WINTER,1
2025-12,DMA0775,DMA0157,EDUCATION,3.0,13.3,DHARAMSHALA,114681,85827,69317,53678,41357,GOV_PORTAL,166,33.99,20.95,13578,6890,MONSOON,1
2022-02,DMA0753,DMA0653,PILGRIMAGE,1.8,6.8,HOTEL,186195,56941,8355,90826,59136,CORPORATE,96,8.66,50.71,11112,19269,FESTIVE,1
2023-09,DMA0165,DMA0373,BUSINESS,1.9,2.8,HOTEL,77249,113072,25532,32547,35583,DIRECT,20,6.93,94.36,16162,26247,FESTIVE,1
2019-08,DMA0484,DMA0229,BUSINESS,5.4,8.9,GUESTHOUSE,301077,185206,39322,33732,36088,AGENT,94,32.06,25.37,5542,8699,MONSOON,0
2020-02,DMA0305,DMA0421,VFR,1.7,1.9,HOMESTAY,233706,95582,76776,5722,46782,DIRECT,170,41.58,92.7,33327,26300,SHOULDER,0
2023-03,DMA0452,DMA0682,LEISURE,2.0,8.9,SERVICED_APT,167610,9763,39362,73702,55656,CORPORATE,62,25.54,29.17,3217,11555,SUMMER,0
2019-09,DMA0030,DMA0429,EDUCATION,1.9,3.2,HOSTEL,139398,120152,14010,108284,48485,CORPORATE,169,24.05,29.97,24547,22104,SHOULDER,1
2020-01,DMA0564,DMA0126,EDUCATION,3.0,7.7,SERVICED_APT,236468,149633,54652,116355,27222,OTA,161,25.7,67.18,13311,19287,FESTIVE,0
2025-04,DMA0085,DMA0042,EDUCATION,4.8,9.1,HOMESTAY,204888,41629,66657,123422,222,DIRECT,125,39.58,39.03,8667,20160,MONSOON,1
2024-06,DMA0170,DMA0104,VFR,4.5,6.8,RESORT,345801,74858,31263,117697,1606,AGENT,144,36.0,20.24,30756,10119,SHOULDER,1
2022-02,DMA0667,DMA0162,BUSINESS,5.0,11.8,DHARAMSHALA,179739,129188,8718,133494,41520,OTA,64,36.08,78.46,14744,23964,SHOULDER,1
2020-09,DMA0771,DMA0374,EDUCATION,5.0,5.9,DHARAMSHALA,48790,65691,70770,23066,39813,AGENT,117,4.79,48.93,12935,2699,SUMMER,0
2021-05,DMA0351,DMA0243,VFR,1.0,3.0,GUESTHOUSE,105067,120245,64380,47708,25263,CORPORATE,152,34.19,90.83,16920,3920,SHOULDER,1
2025-12,DMA0528,DMA0074,MEDICAL,4.8,7.0,DHARAMSHALA,293484,69872,79137,85135,21142,GOV_PORTAL,98,34.57,41.69,4228,18699,WINTER,1
2023-02,DMA0717,DMA0667,MEDICAL,4.8,13.5,DHARAMSHALA,148783,96670,33687,148101,15143,GOV_PORTAL,137,5.95,72.21,10663,21320,MONSOON,1
2024-04,DMA0071,DMA0080,BUSINESS,1.3,12.4,GUESTHOUSE,309842,163506,46293,107664,33484,AGENT,5,21.22,45.46,21710,464,SHOULDER,1
2019-09,DMA0243,DMA0362,VFR,3.3,5.0,DHARAMSHALA,42807,53978,18554,107744,15032,AGENT,49,4.4,31.57,8177,24377,SUMMER,1
2020-03,DMA0117,DMA0682,MEDICAL,1.4,4.2,DHARAMSHALA,46662,4542,24132,36819,19605,GOV_PORTAL,19,17.87,96.04,6857,19377,FESTIVE,1
2023-05,DMA0610,DMA0794,LEISURE,2.0,7.3,DHARAMSHALA,284109,115534,91244,35546,13946,OTA,124,28.85,65.88,3346,14638,WINTER,1
2023-05,DMA0554,DMA0308,LEISURE,3.7,9.5,HOTEL,20494,13449,80450,2938,12945,GOV_PORTAL,173,9.82,85.5,8731,14995,WINTER,0
2024-11,DMA0634,DMA0667,BUSINESS,1.1,13.0,DHARAMSHALA,282407,16193,33874,27110,14240,CORPORATE,90,5.95,39.51,8618,3422,SUMMER,0
2019-03,DMA0736,DMA0708,PILGRIMAGE,1.5,9.0,DHARAMSHALA,99116,12074,62984,65974,24058,DIRECT,138,28.72,50.67,24609,2764,FESTIVE,0
2020-10,DMA0109,DMA0317,PILGRIMAGE,1.5,11.9,HOSTEL,150916,78124,80490,118738,21626,AGENT,78,37.2,57.2,17961,19998,SHOULDER,0
2022-03,DMA0500,DMA0418,VFR,1.7,10.0,HOMESTAY,40887,165803,76391,67217,15946,OTA,155,6.94,69.11,4213,16711,WINTER,1
2025-05,DMA0289,DMA0105,BUSINESS,1.3,2.3,HOSTEL,264550,88474,39801,103822,47092,CORPORATE,116,40.69,50.8,12528,9415,MONSOON,1
2019-09,DMA0029,DMA0459,BUSINESS,4.4,12.6,GUESTHOUSE,298410,117621,6888,96227,34539,DIRECT,101,33.17,39.3,30042,14729,WINTER,0
2021-10,DMA0114,DMA0003,MEDICAL,2.0,3.6,SERVICED_APT,252789,135825,44556,4851,26733,OTA,1,30.51,34.81,16785,22518,WINTER,0
2019-12,DMA0347,DMA0487,MEDICAL,5.7,5.8,HOSTEL,209784,141072,1033,50989,11612,AGENT,141,5.44,66.74,34726,20883,WINTER,0
2021-10,DMA0743,DMA0665,LEISURE,5.9,11.9,SERVICED_APT,71541,142426,79848,39137,39488,OTA,68,41.84,39.32,5188,10569,WINTER,1
2022-09,DMA0194,DMA0665,LEISURE,4.8,13.7,GUESTHOUSE,42406,3438,36801,127864,28838,CORPORATE,100,21.31,50.94,3733,26980,FESTIVE,0
2023-02,DMA0520,DMA0705,BUSINESS,1.4,5.0,RESORT,171359,84453,65119,86447,21053,GOV_PORTAL,77,24.1,22.7,12066,12405,SUMMER,0
2021-04,DMA0555,DMA0256,MEDICAL,5.9,6.0,HOSTEL,166872,56307,48047,40558,10110,AGENT,81,23.07,40.0,11846,9257,WINTER,0
2022-03,DMA0113,DMA0460,MEDICAL,3.3,7.3,GUESTHOUSE,255685,12103,66900,9585,48944,DIRECT,27,23.9,57.67,34473,13315,SHOULDER,1
2019-03,DMA0431,DMA0233,BUSINESS,2.0,7.5,HOSTEL,309144,181331,95400,139281,16344,AGENT,37,37.03,82.09,21188,7641,SUMMER,0
2022-11,DMA0780,DMA0293,LEISURE,5.3,10.8,SERVICED_APT,22614,191417,37838,25544,46113,CORPORATE,94,4.45,49.1,12854,24441,WINTER,0
2019-12,DMA0340,DMA0378,MEDICAL,2.9,11.6,HOSTEL,121746,194502,41194,24824,345,DIRECT,160,21.77,43.02,17955,14593,WINTER,1
2022-07,DMA0040,DMA0269,PILGRIMAGE,3.8,13.9,HOMESTAY,87199,165187,18906,28935,41451,CORPORATE,99,27.63,60.25,10943,18204,MONSOON,0
2025-05,DMA0005,DMA0594,VFR,5.1,11.5,HOSTEL,220351,107969,86825,142792,31356,AGENT,53,5.3,23.88,33164,16159,FESTIVE,1
2024-07,DMA0440,DMA0655,EDUCATION,1.6,4.9,HOSTEL,8675,78333,72801,108766,59834,OTA,59,26.15,47.6,28617,1401,SUMMER,0
2020-06,DMA0488,DMA0495,EDUCATION,1.9,5.7,DHARAMSHALA,206769,27520,63228,66431,10062,CORPORATE,131,22.91,30.55,5297,12844,WINTER,0
2019-10,DMA0313,DMA0134,LEISURE,6.3,9.0,HOSTEL,337492,17235,14717,77744,40220,GOV_PORTAL,53,10.02,39.77,29600,16196,SUMMER,0
2019-04,DMA0622,DMA0295,EDUCATION,4.9,9.9,GUESTHOUSE,240953,25297,71466,45839,12056,GOV_PORTAL,148,11.58,50.47,4982,2815,FESTIVE,1
2019-12,DMA0366,DMA0653,PILGRIMAGE,2.3,2.2,GUESTHOUSE,30857,94905,94302,69430,43579,AGENT,24,3.88,24.53,25227,9583,SUMMER,1
2023-05,DMA0257,DMA0588,BUSINESS,4.2,5.5,DHARAMSHALA,80925,46016,90502,72954,43769,DIRECT,50,31.74,82.18,19692,25761,MONSOON,0
2023-03,DMA0673,DMA0074,BUSINESS,2.0,3.6,SERVICED_APT,163314,690,14242,13508,52293,OTA,142,6.68,41.43,34467,8108,SUMMER,1
2020-04,DMA0188,DMA0123,VFR,5.8,7.6,HOSTEL,207289,89541,42449,98980,10739,DIRECT,77,35.5,38.16,33540,22803,SUMMER,1
2020-05,DMA0073,DMA0154,MEDICAL,3.5,3.2,RESORT,146715,161093,42987,124760,58947,CORPORATE,12,40.04,46.8,11725,4134,MONSOON,1
2021-02,DMA0231,DMA0411,PILGRIMAGE,5.4,8.5,DHARAMSHALA,17504,52426,68773,19548,7531,AGENT,96,10.85,48.69,5256,9952,FESTIVE,1
2019-02,DMA0034,DMA0534,EDUCATION,6.3,7.1,HOSTEL,266110,127703,6825,38589,30456,OTA,20,11.71,83.39,19485,14836,SHOULDER,0
2021-05,DMA0072,DMA0609,MEDICAL,6.4,6.3,SERVICED_APT,92161,13988,26811,77331,47530,AGENT,126,5.54,42.21,32948,18478,FESTIVE,1
2022-11,DMA0484,DMA0619,EDUCATION,1.8,9.4,HOSTEL,146633,30604,11368,135330,26916,AGENT,171,24.34,55.92,14999,26978,WINTER,0
2019-11,DMA0568,DMA0080,EDUCATION,6.2,6.4,DHARAMSHALA,210478,104447,82576,64635,28849,AGENT,60,43.39,58.86,30644,24839,WINTER,1
2021-10,DMA0588,DMA0705,EDUCATION,2.5,6.2,GUESTHOUSE,158852,190703,65032,15939,55835,DIRECT,23,10.97,43.84,16467,24379,MONSOON,0
2024-11,DMA0356,DMA0555,PILGRIMAGE,3.0,9.5,HOTEL,241431,24221,49990,22018,47011,CORPORATE,34,7.19,81.1,28548,25196,SUMMER,1
2021-05,DMA0595,DMA0233,BUSINESS,1.3,1.7,HOTEL,241378,103823,18280,72484,6100,CORPORATE,22,27.28,68.67,3176,7594,MONSOON,0
2023-01,DMA0231,DMA0238,BUSINESS,4.6,6.6,HOSTEL,258713,131570,85054,4609,3650,DIRECT,54,38.54,76.24,31535,8203,SUMMER,0
2020-04,DMA0661,DMA0683,MEDICAL,4.5,3.5,RESORT,66128,28969,65806,35695,36539,GOV_PORTAL,148,39.16,24.26,27405,3801,WINTER,1
2025-09,DMA0481,DMA0065,MEDICAL,5.3,1.5,HOMESTAY,176117,10062,43152,135312,30480,OTA,101,15.54,83.92,8695,27840,WINTER,0
2025-03,DMA0491,DMA0779,PILGRIMAGE,6.2,1.5,GUESTHOUSE,40489,144832,45444,126924,53949,OTA,127,35.41,38.75,7849,20865,SUMMER,0
2020-02,DMA0708,DMA0638,VFR,3.4,3.2,HOMESTAY,333755,187331,19543,13867,3672,DIRECT,151,26.66,27.16,8006,1319,SHOULDER,0
2020-01,DMA0388,DMA0745,BUSINESS,3.2,6.6,HOMESTAY,131037,88327,72613,138283,43489,AGENT,60,32.98,71.56,23357,10638,SHOULDER,1
2021-11,DMA0748,DMA0093,PILGRIMAGE,4.5,8.4,DHARAMSHALA,140545,96494,6553,128277,29230,AGENT,121,30.46,37.0,25543,1749,WINTER,0
2023-04,DMA0177,DMA0034,LEISURE,4.7,11.3,RESORT,121120,85780,70023,16735,48048,CORPORATE,7,5.74,51.71,8896,22535,FESTIVE,0
2021-01,DMA0011,DMA0579,EDUCATION,3.4,8.9,RESORT,310689,57530,82307,85371,58199,DIRECT,69,16.09,75.22,8870,22374,MONSOON,1
2023-11,DMA0635,DMA0223,MEDICAL,6.1,7.8,SERVICED_APT,156118,99031,23866,132884,12513,GOV_PORTAL,123,34.34,28.01,12554,5164,MONSOON,1
2025-04,DMA0218,DMA0761,BUSINESS,1.3,1.5,HOTEL,130807,26591,20181,102227,18198,GOV_PORTAL,99,34.2,29.96,24787,27246,FESTIVE,1
2024-08,DMA0133,DMA0779,VFR,5.2,4.9,SERVICED_APT,230634,195452,94837,21468,43991,OTA,103,5.49,71.86,11984,5669,MONSOON,0
2022-06,DMA0572,DMA0562,VFR,2.1,10.0,GUESTHOUSE,177144,131687,67748,111023,26320,OTA,2,20.79,55.07,3892,19218,SUMMER,1
2022-12,DMA0158,DMA0622,LEISURE,3.7,4.5,HOTEL,263687,39756,78509,136678,13636,AGENT,15,39.1,37.25,18062,2438,SUMMER,1
2022-09,DMA0578,DMA0200,MEDICAL,5.7,8.7,RESORT,22483,31508,36250,137959,41801,AGENT,133,35.62,60.23,25722,27443,SHOULDER,0
2024-12,DMA0472,DMA0778,MEDICAL,2.8,8.9,RESORT,121543,27677,3149,25270,50620,DIRECT,148,26.14,68.25,5186,5664,SUMMER,1
2024-12,DMA0144,DMA0463,PILGRIMAGE,5.9,5.0,SERVICED_APT,31034,145762,53004,7600,42986,AGENT,130,9.29,51.6,20655,13457,FESTIVE,0
2021-05,DMA0210,DMA0520,LEISURE,3.5,8.4,DHARAMSHALA,305662,109895,76242,122153,32078,AGENT,109,14.6,33.49,20997,22023,MONSOON,0
2019-03,DMA0332,DMA0448,EDUCATION,4.9,2.5,GUESTHOUSE,73764,174805,45454,71589,35052,CORPORATE,70,29.41,70.51,22833,17977,SUMMER,0
2020-09,DMA0090,DMA0670,VFR,5.0,10.5,GUESTHOUSE,320459,117550,44369,63525,32294,DIRECT,23,35.16,29.45,31812,10110,MONSOON,1
2021-07,DMA0012,DMA0164,VFR,2.4,1.3,HOSTEL,92642,18921,69679,47952,50895,OTA,120,27.61,70.98,30288,2773,SUMMER,1
2020-01,DMA0026,DMA0030,LEISURE,6.0,1.5,HOSTEL,137448,123054,79037,40779,41238,DIRECT,147,17.79,41.13,15414,4519,SHOULDER,0
2025-09,DMA0324,DMA0095,LEISURE,1.7,12.3,HOMESTAY,238639,191500,92328,83250,50111,GOV_PORTAL,161,25.95,20.11,6450,17511,SHOULDER,1
2022-12,DMA0251,DMA0361,VFR,4.2,8.5,GUESTHOUSE,93390,194655,82754,104166,17046,AGENT,173,0.17,56.33,30864,23327,SUMMER,0
2020-12,DMA0242,DMA0403,LEISURE,6.1,3.1,GUESTHOUSE,201880,79298,27026,71941,19983,OTA,115,33.1,44.18,27926,17152,MONSOON,1
2019-02,DMA0539,DMA0561,LEISURE,1.2,8.8,HOTEL,338894,50062,86809,5613,15264,DIRECT,165,37.98,37.89,3657,1928,WINTER,1
2019-03,DMA0565,DMA0226,MEDICAL,3.9,5.8,HOTEL,288438,195557,8100,138231,20530,OTA,155,2.07,58.88,31398,16179,MONSOON,1
2021-02,DMA0085,DMA0589,LEISURE,2.4,4.5,HOSTEL,130005,89044,92234,70417,24113,AGENT,36,17.98,46.26,19965,3761,SHOULDER,1
2019-02,DMA0176,DMA0113,VFR,2.1,11.5,HOMESTAY,210316,117458,17914,28453,2383,OTA,60,38.19,43.01,16613,20930,SHOULDER,0
2021-09,DMA0293,DMA0250,BUSINESS,2.3,7.2,RESORT,254579,178306,55892,99889,52289,OTA,152,26.87,79.48,9770,2296,SHOULDER,0
2021-10,DMA0045,DMA0445,VFR,6.0,4.8,HOSTEL,69369,23104,26202,117628,32157,OTA,170,21.75,26.48,3489,20422,MONSOON,0
2022-02,DMA0715,DMA0462,EDUCATION,3.3,13.3,HOTEL,149340,15812,94162,128955,5729,GOV_PORTAL,147,3.92,51.03,7788,5131,WINTER,1
2025-06,DMA0643,DMA0542,EDUCATION,2.3,3.1,RESORT,63727,129733,41740,79628,20967,CORPORATE,160,33.17,39.25,7819,15936,SHOULDER,0
2020-08,DMA0390,DMA0071,MEDICAL,6.1,2.8,DHARAMSHALA,20881,141139,74464,88096,46114,DIRECT,160,31.02,42.26,5943,12933,WINTER,1
2019-10,DMA0462,DMA0250,LEISURE,2.8,2.3,HOMESTAY,214235,67519,55076,29854,32243,OTA,100,26.54,54.46,32442,12197,SUMMER,1
2025-12,DMA0390,DMA0194,VFR,5.0,2.6,HOTEL,140972,79404,13789,119142,8827,GOV_PORTAL,38,2.72,91.97,12206,3006,MONSOON,0
2021-09,DMA0589,DMA0291,EDUCATION,4.0,4.3,HOSTEL,99898,55540,87456,610,36282,OTA,139,28.92,71.42,19444,20484,SHOULDER,0
2022-09,DMA0157,DMA0481,PILGRIMAGE,4.7,10.1,HOSTEL,222367,198843,81511,127706,23676,OTA,147,2.33,35.06,24049,27236,SUMMER,1
2023-12,DMA0161,DMA0435,BUSINESS,2.0,9.7,SERVICED_APT,18749,29215,22378,101804,51738,CORPORATE,104,37.0,64.65,33028,18666,FESTIVE,1
2024-06,DMA0529,DMA0558,VFR,4.7,10.9,HOMESTAY,294908,126180,14336,86227,28783,GOV_PORTAL,145,39.12,32.0,28209,27132,WINTER,0
2024-01,DMA0779,DMA0190,LEISURE,6.0,8.5,HOSTEL,327864,196060,7035,22046,13475,CORPORATE,16,23.89,89.05,2964,5191,SHOULDER,0
2023-03,DMA0635,DMA0764,MEDICAL,1.6,7.4,HOMESTAY,256809,31469,27902,120915,48285,GOV_PORTAL,132,38.18,53.06,25740,15604,WINTER,0
2019-12,DMA0223,DMA0446,BUSINESS,2.8,6.6,SERVICED_APT,205108,15681,49543,123096,693,DIRECT,63,18.04,94.07,1506,26660,SUMMER,1
2025-08,DMA0748,DMA0032,EDUCATION,6.3,12.4,GUESTHOUSE,314204,78403,29848,116866,6947,DIRECT,155,13.05,71.66,31795,13176,SHOULDER,0
2019-09,DMA0124,DMA0401,EDUCATION,2.2,5.5,HOTEL,119126,87077,43809,116101,16956,CORPORATE,32,21.78,85.02,28738,3813,MONSOON,0
2019-11,DMA0150,DMA0499,PILGRIMAGE,1.3,12.6,SERVICED_APT,125297,26886,1866,108365,7072,DIRECT,165,25.15,33.98,11874,9469,SUMMER,0
2020-09,DMA0430,DMA0668,PILGRIMAGE,1.3,4.6,GUESTHOUSE,47455,11954,24811,39003,28256,OTA,38,34.49,86.68,10161,824,FESTIVE,1
2025-04,DMA0547,DMA0597,LEISURE,2.5,3.0,GUESTHOUSE,149566,190162,55043,16463,45441,DIRECT,106,27.09,34.78,9474,8555,SHOULDER,0
2024-08,DMA0527,DMA0768,PILGRIMAGE,3.7,4.3,HOSTEL,344205,170968,8511,79645,22539,DIRECT,91,38.51,96.14,8283,15962,SHOULDER,1
2021-02,DMA0388,DMA0019,BUSINESS,2.5,7.5,RESORT,4815,50821,76456,34686,16002,DIRECT,64,42.11,41.83,26409,10024,SUMMER,1
2024-03,DMA0269,DMA0353,EDUCATION,2.5,13.0,HOSTEL,167100,106113,22990,80537,6790,OTA,2,23.49,73.36,17226,15251,WINTER,0
2020-07,DMA0541,DMA0185,PILGRIMAGE,5.6,3.3,HOTEL,110315,72843,21941,5512,17324,GOV_PORTAL,153,32.3,62.63,3463,15899,FESTIVE,1
2020-05,DMA0306,DMA0512,LEISURE,5.2,8.5,HOSTEL,121749,188209,65074,137573,38918,DIRECT,108,21.67,57.33,30311,18834,FESTIVE,0
2022-08,DMA0016,DMA0225,EDUCATION,2.7,3.8,HOTEL,146120,164917,80372,99836,48827,DIRECT,34,40.77,53.43,30267,14595,SHOULDER,1
2024-01,DMA0513,DMA0647,PILGRIMAGE,2.9,9.8,RESORT,189607,90561,85231,84772,28784,AGENT,18,1.37,49.92,33708,5813,MONSOON,0
2019-01,DMA0034,DMA0392,MEDICAL,6.3,7.0,DHARAMSHALA,274239,44203,58892,63395,24591,AGENT,177,32.34,43.65,16178,9157,SHOULDER,1
2024-12,DMA0354,DMA0670,EDUCATION,6.2,10.5,RESORT,339790,134900,7229,20941,38460,GOV_PORTAL,100,22.34,66.58,1165,17671,MONSOON,1
2023-10,DMA0464,DMA0263,BUSINESS,6.4,12.1,RESORT,292617,181352,95161,87965,55482,DIRECT,162,2.75,96.77,8006,15816,MONSOON,0
2022-05,DMA0104,DMA0751,EDUCATION,6.2,5.4,SERVICED_APT,143761,61442,97715,137737,52462,DIRECT,85,33.56,72.43,21716,20542,SHOULDER,0
2020-12,DMA0289,DMA0570,EDUCATION,4.5,13.2,HOTEL,59938,71020,87166,119468,5599,GOV_PORTAL,10,17.68,79.04,1902,6053,SUMMER,0
2022-07,DMA0143,DMA0752,LEISURE,2.7,7.1,RESORT,36959,15227,41156,126247,17563,GOV_PORTAL,153,23.72,71.03,6874,6541,MONSOON,0
2025-09,DMA0698,DMA0598,LEISURE,6.3,13.2,GUESTHOUSE,43559,152976,89933,57503,23234,AGENT,9,32.08,60.23,14208,18124,SUMMER,1
2019-09,DMA0337,DMA0027,MEDICAL,5.1,4.0,HOSTEL,348809,48110,55046,119567,47011,OTA,173,11.34,83.73,25775,4912,SUMMER,0
2024-06,DMA0693,DMA0552,LEISURE,4.9,12.7,HOSTEL,39852,175325,20723,37478,28283,GOV_PORTAL,155,12.97,45.21,9888,1523,SUMMER,1
2021-08,DMA0376,DMA0234,VFR,5.4,5.3,HOTEL,43362,126284,77496,130191,9775,AGENT,82,16.05,41.31,13493,7441,FESTIVE,0
2022-05,DMA0204,DMA0356,LEISURE,4.3,10.8,SERVICED_APT,170303,52534,45451,81863,18160,CORPORATE,146,33.64,49.94,24560,5173,SHOULDER,0
2019-11,DMA0058,DMA0109,EDUCATION,4.2,13.6,DHARAMSHALA,116865,192997,32195,51854,35060,OTA,163,44.18,65.14,18866,1041,WINTER,1
2024-05,DMA0589,DMA0420,EDUCATION,3.0,12.9,SERVICED_APT,216575,19918,76777,16356,26471,AGENT,105,16.33,20.01,29590,11902,SUMMER,1
2020-06,DMA0661,DMA0019,PILGRIMAGE,1.8,7.0,SERVICED_APT,349075,192651,93369,112745,24815,GOV_PORTAL,119,27.49,85.14,4191,22164,FESTIVE,1
2019-08,DMA0039,DMA0125,LEISURE,3.4,5.5,HOMESTAY,105916,187659,4512,9949,47805,CORPORATE,17,14.58,43.65,34145,7558,MONSOON,0
2021-03,DMA0513,DMA0091,BUSINESS,3.8,9.0,SERVICED_APT,199154,160347,49567,112893,46229,CORPORATE,153,39.46,66.86,5830,21765,SHOULDER,0
2025-10,DMA0561,DMA0440,LEISURE,5.8,10.2,SERVICED_APT,173751,129654,40841,122339,41797,GOV_PORTAL,48,42.1,24.09,14924,14371,WINTER,0
2019-09,DMA0333,DMA0582,BUSINESS,3.2,8.0,HOMESTAY,11767,36788,74254,19233,13128,GOV_PORTAL,7,8.53,53.67,24032,18948,SUMMER,1
2019-02,DMA0344,DMA0336,EDUCATION,5.9,12.0,SERVICED_APT,119804,74796,73234,26051,33635,CORPORATE,4,29.43,25.3,31542,26813,FESTIVE,0
2025-09,DMA0088,DMA0536,MEDICAL,2.7,1.8,HOSTEL,49329,190266,22309,40696,12136,OTA,71,40.77,20.88,19145,19566,SHOULDER,1
2025-03,DMA0333,DMA0766,VFR,6.2,8.8,HOMESTAY,172017,164105,8090,30499,7755,CORPORATE,29,21.37,81.48,19272,26428,WINTER,0
2022-10,DMA0356,DMA0152,PILGRIMAGE,1.2,7.8,HOMESTAY,285599,136298,11651,99131,51342,GOV_PORTAL,7,15.09,51.57,3415,15205,SHOULDER,0
2024-10,DMA0464,DMA0158,VFR,3.9,1.5,HOMESTAY,291123,144233,10096,136103,18245,OTA,163,40.75,83.55,9197,23049,WINTER,0
2019-05,DMA0582,DMA0679,VFR,2.8,1.2,HOTEL,22678,38839,37143,112039,54189,AGENT,73,11.6,46.31,30885,24618,WINTER,0
2019-12,DMA0386,DMA0685,MEDICAL,2.6,8.9,DHARAMSHALA,180179,125509,24161,44121,52536,DIRECT,154,9.32,70.53,15906,6702,SHOULDER,0
2022-08,DMA0365,DMA0611,LEISURE,1.4,2.5,GUESTHOUSE,153259,132990,69825,81856,38926,DIRECT,124,39.62,27.35,4386,12867,SHOULDER,0
2022-06,DMA0247,DMA0757,EDUCATION,4.7,11.0,RESORT,324681,62676,3305,137836,58699,DIRECT,104,28.51,34.86,12085,3228,WINTER,1
2021-06,DMA0498,DMA0242,VFR,3.2,13.3,SERVICED_APT,139800,4702,95957,118851,2445,AGENT,14,8.33,56.76,27992,533,MONSOON,0
2023-04,DMA0063,DMA0177,PILGRIMAGE,6.2,3.3,DHARAMSHALA,321640,2140,35769,148959,24641,AGENT,83,28.93,54.36,10700,11756,SUMMER,1
2025-09,DMA0592,DMA0163,BUSINESS,4.9,11.4,HOTEL,107690,7221,83596,111333,10193,CORPORATE,37,39.43,35.15,27583,13416,SUMMER,1
2022-11,DMA0240,DMA0148,EDUCATION,3.4,8.7,GUESTHOUSE,282300,67497,98093,46388,2621,AGENT,107,4.02,87.92,15267,15752,FESTIVE,0
2021-12,DMA0597,DMA0292,EDUCATION,4.5,6.8,RESORT,40889,199147,53275,45250,9498,AGENT,38,11.55,42.17,22053,24104,SHOULDER,1
2024-10,DMA0081,DMA0370,MEDICAL,1.4,9.5,RESORT,168339,174076,26797,78157,26832,GOV_PORTAL,117,27.19,53.33,18584,16531,WINTER,0
2021-08,DMA0067,DMA0659,MEDICAL,4.2,11.4,DHARAMSHALA,313522,122887,39227,25116,54059,AGENT,42,5.17,46.31,6788,25814,WINTER,1
2022-08,DMA0600,DMA0680,VFR,4.7,13.6,HOTEL,123205,29793,48083,44686,13354,GOV_PORTAL,112,40.75,97.65,25413,27087,WINTER,0
2020-04,DMA0339,DMA0109,EDUCATION,1.6,9.6,HOSTEL,144790,85244,99564,11721,9797,CORPORATE,81,26.68,47.04,2355,4427,SUMMER,0
2024-11,DMA0098,DMA0345,EDUCATION,4.8,10.7,SERVICED_APT,78466,191664,71822,81238,37821,DIRECT,162,26.32,40.64,13607,27109,FESTIVE,0
2020-05,DMA0507,DMA0370,LEISURE,3.6,8.9,HOTEL,167556,181634,93885,32888,32445,OTA,50,2.52,90.73,25978,24531,FESTIVE,1
2021-08,DMA0494,DMA0022,VFR,3.6,8.3,RESORT,201376,197680,80809,116970,52195,DIRECT,37,18.96,32.28,30067,15165,WINTER,1
2020-02,DMA0771,DMA0193,BUSINESS,5.0,1.8,DHARAMSHALA,284824,175343,95847,4508,50538,CORPORATE,90,8.77,91.62,26089,16601,WINTER,1
2021-02,DMA0679,DMA0767,VFR,3.5,3.0,HOMESTAY,16013,88541,25936,80856,26776,OTA,71,36.38,64.34,12052,27223,WINTER,1
2025-01,DMA0471,DMA0739,EDUCATION,2.3,5.9,HOMESTAY,100551,173461,90945,109581,55652,DIRECT,162,15.13,37.41,25203,2630,WINTER,1
2020-01,DMA0267,DMA0151,LEISURE,2.6,9.4,DHARAMSHALA,9874,166003,84204,70998,3445,CORPORATE,179,18.14,39.66,23018,22619,FESTIVE,0
2019-12,DMA0736,DMA0664,MEDICAL,5.1,2.0,DHARAMSHALA,91371,124127,64327,22385,5488,CORPORATE,95,28.83,75.45,25952,22584,SHOULDER,0
2022-09,DMA0367,DMA0295,PILGRIMAGE,1.4,8.1,HOSTEL,258726,178313,17488,135380,16122,GOV_PORTAL,8,32.28,23.07,33041,20712,FESTIVE,0
2020-04,DMA0286,DMA0087,MEDICAL,5.6,1.2,HOTEL,333774,145063,46780,122437,4843,AGENT,171,35.55,75.81,3947,2069,WINTER,1
2023-04,DMA0484,DMA0038,LEISURE,4.2,11.0,DHARAMSHALA,13682,95703,92206,39832,59791,GOV_PORTAL,7,7.87,44.17,3241,6805,MONSOON,0
2020-09,DMA0579,DMA0639,MEDICAL,5.0,9.7,RESORT,57276,33088,69779,138751,23687,GOV_PORTAL,71,11.81,83.04,3440,23196,SHOULDER,1
2020-12,DMA0688,DMA0175,EDUCATION,2.9,7.8,DHARAMSHALA,223208,16369,27911,53924,33819,DIRECT,128,4.16,29.75,28845,16808,MONSOON,1
2022-07,DMA0616,DMA0391,VFR,2.2,8.4,HOMESTAY,41045,7837,52051,129101,28778,CORPORATE,24,38.54,39.43,5105,25371,SUMMER,0
2019-05,DMA0740,DMA0103,VFR,5.4,13.1,GUESTHOUSE,290080,164865,32748,90918,26438,AGENT,70,14.19,54.24,14694,16343,WINTER,1
2021-09,DMA0272,DMA0428,VFR,1.6,12.8,HOMESTAY,302098,99440,53975,145012,6015,CORPORATE,159,5.68,88.58,32009,9687,MONSOON,1
2021-07,DMA0160,DMA0713,VFR,1.9,11.3,DHARAMSHALA,152515,133213,36656,33947,7515,OTA,9,14.01,42.16,32683,15851,WINTER,1
2019-09,DMA0702,DMA0221,LEISURE,2.6,5.4,HOSTEL,94890,124126,43594,107355,49886,DIRECT,111,2.57,85.82,7596,11237,WINTER,1
2021-11,DMA0230,DMA0169,BUSINESS,2.9,2.4,HOTEL,125482,185858,35663,21119,32185,GOV_PORTAL,144,37.65,27.96,28279,27410,SUMMER,1
2019-08,DMA0726,DMA0619,VFR,2.1,5.2,HOTEL,109847,41492,47698,60683,29853,AGENT,124,12.92,33.54,7870,12939,SHOULDER,0
2025-03,DMA0614,DMA0426,MEDICAL,6.0,10.8,DHARAMSHALA,228232,149366,23208,102794,13698,AGENT,138,15.75,32.32,12333,11993,WINTER,0
2020-05,DMA0498,DMA0586,LEISURE,1.1,8.9,HOMESTAY,20245,195322,15446,59398,59052,AGENT,174,42.32,67.81,14358,27635,SHOULDER,0
2025-08,DMA0552,DMA0463,EDUCATION,5.4,10.2,SERVICED_APT,341787,92961,31454,14829,35770,OTA,40,8.52,50.32,1183,21604,FESTIVE,1
2020-08,DMA0206,DMA0560,LEISURE,3.3,2.4,GUESTHOUSE,188881,42524,65457,23608,24644,GOV_PORTAL,143,9.18,87.35,22626,19916,SUMMER,0
2025-06,DMA0199,DMA0378,PILGRIMAGE,5.6,3.1,HOTEL,209448,122599,81107,19976,48104,AGENT,152,25.22,57.9,26336,27889,FESTIVE,1
2020-10,DMA0322,DMA0584,VFR,5.4,9.6,HOTEL,260024,169512,47804,105939,26210,CORPORATE,29,43.75,85.36,4606,25080,SUMMER,1
2023-06,DMA0360,DMA0489,MEDICAL,1.7,5.8,RESORT,238372,33835,54206,43418,39095,AGENT,168,40.55,38.75,20860,25946,MONSOON,0
2024-11,DMA0395,DMA0406,BUSINESS,4.7,5.8,HOSTEL,345447,34360,86970,44473,59011,AGENT,48,26.68,92.64,27422,5183,MONSOON,1
2025-03,DMA0497,DMA0191,BUSINESS,3.1,6.1,RESORT,275645,34776,14154,130235,31768,AGENT,89,36.55,69.52,15526,2973,WINTER,1
2025-09,DMA0458,DMA0441,EDUCATION,5.5,11.3,HOSTEL,282767,80629,72426,105868,30152,OTA,75,21.94,59.44,17750,1148,SHOULDER,1
2025-05,DMA0487,DMA0184,MEDICAL,5.7,10.1,HOTEL,273635,198125,41003,77422,7470,GOV_PORTAL,41,19.56,67.49,9589,6512,SHOULDER,1
2025-09,DMA0137,DMA0418,LEISURE,2.0,2.4,GUESTHOUSE,225203,151333,98469,2385,39541,CORPORATE,120,18.02,91.53,26007,22770,SHOULDER,0
2025-03,DMA0153,DMA0535,MEDICAL,3.6,5.5,GUESTHOUSE,296559,17008,59813,44601,22696,DIRECT,62,20.45,46.72,13098,3360,SHOULDER,1
2024-08,DMA0645,DMA0028,PILGRIMAGE,4.3,9.8,HOTEL,50936,185588,12865,22592,2547,AGENT,94,31.81,39.17,23848,12627,SUMMER,1
2025-08,DMA0517,DMA0169,LEISURE,4.0,13.7,SERVICED_APT,38126,109661,56124,20000,22368,GOV_PORTAL,25,36.97,39.14,3223,18872,WINTER,0
2021-07,DMA0310,DMA0010,EDUCATION,2.4,12.9,SERVICED_APT,309637,10091,62262,6008,27652,OTA,165,25.92,95.87,5963,14314,SHOULDER,1
2020-01,DMA0451,DMA0107,PILGRIMAGE,2.5,4.2,HOSTEL,293556,55661,22470,70778,39078,CORPORATE,122,39.1,46.32,14310,24931,WINTER,0
2021-05,DMA0452,DMA0312,BUSINESS,5.7,1.9,RESORT,221214,168493,28088,68737,13435,GOV_PORTAL,155,28.74,88.94,959,6742,WINTER,0
2025-07,DMA0268,DMA0138,EDUCATION,1.2,8.5,DHARAMSHALA,206426,94765,54175,85830,43845,AGENT,0,36.12,30.72,8828,4617,SHOULDER,0
2019-10,DMA0218,DMA0755,VFR,2.4,6.3,RESORT,194575,157314,69147,65715,18759,GOV_PORTAL,65,31.03,53.59,31799,27879,WINTER,0
2021-09,DMA0757,DMA0449,PILGRIMAGE,2.2,3.4,RESORT,249316,107269,39707,134722,57882,OTA,90,34.82,68.3,32408,14120,SUMMER,0
2020-03,DMA0202,DMA0504,MEDICAL,3.0,9.5,HOSTEL,321507,131482,44008,37274,48235,DIRECT,169,0.86,95.15,4538,17147,WINTER,1
2025-05,DMA0360,DMA0029,VFR,4.8,3.1,HOTEL,73390,86194,84799,88125,10722,OTA,7,39.02,72.83,32038,8832,SHOULDER,1
2021-11,DMA0599,DMA0430,BUSINESS,3.9,5.6,GUESTHOUSE,243264,169659,29756,14286,28055,DIRECT,177,39.87,20.15,16890,23771,WINTER,0
2023-06,DMA0113,DMA0041,MEDICAL,4.0,11.3,RESORT,198563,20849,32122,102048,36146,AGENT,9,37.86,79.29,6057,24678,WINTER,1
2020-09,DMA0294,DMA0709,PILGRIMAGE,5.0,9.9,DHARAMSHALA,55818,91293,92684,48276,3810,CORPORATE,51,32.86,70.68,24968,19000,SHOULDER,0
2021-06,DMA0165,DMA0029,MEDICAL,5.5,8.9,HOSTEL,225011,156724,69335,1777,1306,OTA,10,35.44,34.44,28313,13268,SUMMER,1
2022-10,DMA0508,DMA0628,VFR,1.9,13.1,HOSTEL,325405,193337,87024,93906,28839,CORPORATE,3,8.16,68.4,34026,3388,SHOULDER,0
2022-06,DMA0746,DMA0050,MEDICAL,1.6,2.6,RESORT,301927,83178,84533,109727,49151,OTA,157,2.14,92.2,28478,22753,MONSOON,0
2024-11,DMA0153,DMA0497,PILGRIMAGE,2.7,10.0,HOTEL,86540,171553,71696,30313,12127,CORPORATE,127,13.04,20.35,8995,19326,MONSOON,0
2023-01,DMA0428,DMA0020,LEISURE,5.6,2.5,DHARAMSHALA,6940,167555,12501,76795,43662,DIRECT,36,19.91,96.0,26721,22452,WINTER,0
2020-12,DMA0060,DMA0703,EDUCATION,4.0,2.8,GUESTHOUSE,13864,108800,16612,129818,21421,GOV_PORTAL,102,12.19,43.1,32116,26399,FESTIVE,1
2025-08,DMA0067,DMA0008,BUSINESS,1.8,7.6,GUESTHOUSE,174658,51577,6997,5123,26183,GOV_PORTAL,90,39.18,67.39,29262,9208,MONSOON,1
2024-09,DMA0628,DMA0729,BUSINESS,1.9,1.3,HOSTEL,236003,77658,53582,17591,55966,DIRECT,144,43.4,41.65,11219,14896,MONSOON,0
2019-06,DMA0580,DMA0705,VFR,5.9,7.5,HOTEL,330838,134759,82096,145280,55403,DIRECT,8,34.69,77.01,17911,4758,MONSOON,1
2019-02,DMA0676,DMA0100,MEDICAL,3.0,1.1,HOMESTAY,230673,155536,25203,123501,10695,AGENT,110,21.45,60.24,9634,25474,FESTIVE,0
2019-03,DMA0281,DMA0300,MEDICAL,2.4,8.8,SERVICED_APT,236745,5749,22480,111189,18342,OTA,5,6.56,40.51,22486,5324,FESTIVE,0
2023-05,DMA0008,DMA0784,PILGRIMAGE,4.8,5.1,GUESTHOUSE,177125,85867,30229,136590,38109,CORPORATE,48,39.24,59.27,17641,8397,SUMMER,0
2019-10,DMA0281,DMA0069,BUSINESS,5.7,2.1,DHARAMSHALA,82060,121636,35580,100285,2391,DIRECT,0,37.89,47.43,4332,15833,FESTIVE,1
2020-12,DMA0420,DMA0434,BUSINESS,3.4,11.2,HOMESTAY,2317,150839,43537,138087,30373,CORPORATE,17,7.3,39.47,9050,1235,SUMMER,1
2021-09,DMA0542,DMA0115,VFR,5.4,6.1,HOSTEL,99813,46407,51958,4991,44033,OTA,13,2.19,66.24,6786,4323,SHOULDER,1
2025-12,DMA0627,DMA0381,BUSINESS,3.4,6.8,DHARAMSHALA,136624,184868,20055,108488,51182,CORPORATE,139,40.45,69.78,25402,3035,SUMMER,0
2020-10,DMA0335,DMA0653,PILGRIMAGE,4.8,5.9,GUESTHOUSE,6173,195195,21447,35076,18463,GOV_PORTAL,71,36.99,30.96,25625,21919,SUMMER,1
2024-01,DMA0188,DMA0705,PILGRIMAGE,4.2,2.1,HOTEL,339428,15017,8812,669,17657,AGENT,69,42.04,92.47,32478,27785,MONSOON,1
2024-07,DMA0741,DMA0385,EDUCATION,5.9,7.0,HOMESTAY,306266,141687,58334,16375,49583,OTA,126,16.1,20.52,15586,19937,WINTER,1
2019-04,DMA0559,DMA0532,EDUCATION,2.8,9.7,RESORT,208075,62570,28863,111955,30662,OTA,80,29.61,41.6,13558,3666,MONSOON,0
2023-03,DMA0690,DMA0615,BUSINESS,5.2,12.7,HOMESTAY,340993,45020,78535,97256,14844,AGENT,64,38.89,46.78,10508,11250,MONSOON,1
2019-04,DMA0453,DMA0665,VFR,4.8,10.9,DHARAMSHALA,324706,147802,87553,34598,41052,OTA,52,15.36,25.18,1931,14123,SHOULDER,1
2022-03,DMA0042,DMA0285,PILGRIMAGE,5.6,2.0,HOSTEL,304350,82964,43142,65204,11437,AGENT,166,21.35,27.02,33302,21884,SUMMER,1
2021-07,DMA0178,DMA0707,EDUCATION,4.3,3.2,DHARAMSHALA,289909,121853,76873,47040,29983,DIRECT,101,23.93,86.1,20071,23190,SUMMER,1
2023-09,DMA0775,DMA0501,VFR,3.5,1.6,DHARAMSHALA,16226,162096,2225,89426,39724,DIRECT,118,1.32,48.22,26510,21884,MONSOON,0
2025-01,DMA0004,DMA0253,MEDICAL,1.3,2.6,HOSTEL,210511,102490,71236,125033,55344,CORPORATE,48,37.28,48.49,20967,5322,FESTIVE,1
2021-06,DMA0310,DMA0274,BUSINESS,5.6,7.2,HOSTEL,87177,185810,22717,31358,50287,GOV_PORTAL,77,42.47,73.71,12030,14508,WINTER,1
2022-03,DMA0617,DMA0373,MEDICAL,6.0,3.9,HOTEL,216513,98656,50123,48419,52444,GOV_PORTAL,129,18.77,76.49,30422,8974,MONSOON,0
2021-01,DMA0685,DMA0466,MEDICAL,3.5,9.4,SERVICED_APT,157218,85186,94504,38093,44299,OTA,143,27.5,75.19,19953,19415,WINTER,1
2023-10,DMA0799,DMA0441,BUSINESS,2.2,1.4,SERVICED_APT,125057,137895,93381,44019,15990,OTA,122,24.37,56.58,33689,6247,MONSOON,1
2021-12,DMA0080,DMA0582,MEDICAL,4.6,12.1,HOTEL,108877,27482,93533,88648,29941,CORPORATE,47,15.66,75.12,3462,10449,MONSOON,0
2019-11,DMA0061,DMA0092,BUSINESS,1.7,9.8,DHARAMSHALA,288696,39463,33664,236,31269,GOV_PORTAL,172,3.71,92.07,27838,21993,SHOULDER,1
2022-10,DMA0173,DMA0574,EDUCATION,1.2,13.6,HOSTEL,120208,5703,39142,33949,49537,DIRECT,153,23.41,30.52,8541,13559,MONSOON,1
2020-09,DMA0378,DMA0564,VFR,2.6,13.4,DHARAMSHALA,173680,21011,26515,114344,58151,DIRECT,10,10.98,64.84,28935,8155,FESTIVE,0
2019-02,DMA0387,DMA0590,MEDICAL,4.7,10.0,GUESTHOUSE,69317,137075,81704,69193,12349,AGENT,54,29.36,88.54,10444,7749,FESTIVE,0
2025-02,DMA0433,DMA0154,MEDICAL,5.5,3.1,RESORT,112160,69543,7165,27528,33927,DIRECT,96,24.18,95.32,13873,21731,SUMMER,0
2022-03,DMA0515,DMA0711,PILGRIMAGE,1.9,3.9,HOTEL,44675,186125,65347,41911,48530,GOV_PORTAL,140,26.57,26.86,26428,4478,MONSOON,1
2021-09,DMA0003,DMA0762,MEDICAL,6.2,4.6,GUESTHOUSE,191376,36762,92251,11734,29373,AGENT,154,27.08,94.09,10217,27491,SUMMER,1
2021-07,DMA0477,DMA0267,LEISURE,4.0,6.5,DHARAMSHALA,37062,115077,18800,4263,17589,OTA,11,39.86,76.66,33636,17384,SUMMER,0
2019-04,DMA0083,DMA0533,EDUCATION,6.1,8.4,HOMESTAY,180241,127710,7376,37068,20981,CORPORATE,130,6.63,76.52,32512,16299,WINTER,1
2024-07,DMA0772,DMA0197,MEDICAL,1.8,9.9,HOMESTAY,128421,12849,80247,68122,13256,GOV_PORTAL,3,36.25,31.51,17742,14499,SHOULDER,0
2024-09,DMA0059,DMA0159,MEDICAL,3.5,2.0,SERVICED_APT,211452,2421,69598,102709,18446,DIRECT,14,42.96,64.91,9695,5969,WINTER,0
2025-09,DMA0035,DMA0557,PILGRIMAGE,3.4,8.9,SERVICED_APT,304284,14230,18074,39488,1816,AGENT,46,32.46,47.97,14457,23933,FESTIVE,1
2020-01,DMA0309,DMA0109,LEISURE,3.3,1.8,GUESTHOUSE,126924,58452,93830,97032,35007,DIRECT,77,6.26,65.67,12383,2900,WINTER,0
2024-05,DMA0400,DMA0192,VFR,6.1,11.8,DHARAMSHALA,9535,178787,24254,40246,36235,OTA,151,38.26,77.52,19481,17457,SHOULDER,0
2022-09,DMA0376,DMA0795,BUSINESS,5.7,1.5,RESORT,142558,183809,67068,100592,16962,DIRECT,40,35.63,34.3,24675,19396,FESTIVE,1
2022-03,DMA0179,DMA0737,MEDICAL,5.4,6.1,HOMESTAY,160137,192124,1031,33320,202,DIRECT,143,38.82,31.93,31390,21990,WINTER,1
2023-05,DMA0154,DMA0674,VFR,2.6,6.5,SERVICED_APT,283373,20986,93671,149604,1111,CORPORATE,76,21.89,47.83,20257,25777,SHOULDER,1
2021-07,DMA0678,DMA0562,EDUCATION,2.9,8.4,GUESTHOUSE,112862,105994,85383,14472,51464,DIRECT,81,36.91,70.1,28918,4216,MONSOON,0
2020-01,DMA0369,DMA0612,VFR,2.4,2.2,SERVICED_APT,212805,88876,52848,135108,31764,CORPORATE,56,6.93,72.56,26626,24159,MONSOON,1
2019-01,DMA0068,DMA0238,BUSINESS,5.4,13.1,GUESTHOUSE,20190,157626,45722,98877,21919,AGENT,40,25.95,67.49,4232,588,SUMMER,1
2021-05,DMA0369,DMA0383,BUSINESS,3.2,6.0,HOSTEL,303715,1716,7413,98274,55173,OTA,174,24.83,86.26,26026,2832,WINTER,0
2024-01,DMA0418,DMA0709,VFR,6.4,6.2,GUESTHOUSE,44283,12585,81881,21744,43621,CORPORATE,173,40.35,77.32,2632,3391,FESTIVE,0
2024-12,DMA0243,DMA0410,LEISURE,3.0,4.2,RESORT,164153,15777,99627,76942,39531,DIRECT,73,38.83,59.37,20442,23625,SUMMER,1
2019-02,DMA0277,DMA0048,PILGRIMAGE,1.9,11.1,HOSTEL,152046,131291,36192,90790,46386,AGENT,163,32.22,57.64,7597,3871,WINTER,0
2019-12,DMA0681,DMA0436,VFR,6.1,1.1,SERVICED_APT,124129,29526,63383,48996,34139,CORPORATE,157,7.87,82.22,32849,14154,FESTIVE,1
2023-08,DMA0443,DMA0340,EDUCATION,5.3,2.4,RESORT,161060,157721,8225,36985,11605,CORPORATE,14,36.3,88.95,16134,21752,MONSOON,0
2022-05,DMA0089,DMA0078,EDUCATION,4.2,7.1,SERVICED_APT,249867,24866,76052,89808,31993,AGENT,17,27.64,86.23,27724,6835,SUMMER,1
2021-03,DMA0259,DMA0133,BUSINESS,5.7,13.6,RESORT,233107,86759,51495,89988,47402,OTA,156,36.75,58.71,28230,6734,FESTIVE,0
2022-02,DMA0237,DMA0396,PILGRIMAGE,6.2,1.5,HOSTEL,151329,96354,15678,1210,41430,AGENT,57,42.23,65.18,2013,20258,WINTER,1
2023-04,DMA0312,DMA0525,BUSINESS,5.7,1.8,HOSTEL,242170,43515,51641,39342,36640,OTA,21,20.25,81.33,21161,7497,SUMMER,0
2025-08,DMA0190,DMA0240,VFR,6.0,10.3,HOMESTAY,332240,112134,31660,3733,39558,OTA,54,33.5,65.19,18117,22370,FESTIVE,0
2021-08,DMA0402,DMA0347,PILGRIMAGE,2.5,10.6,HOMESTAY,161456,165304,77018,25335,25867,DIRECT,22,43.78,37.54,31004,26056,WINTER,0
2019-02,DMA0729,DMA0475,BUSINESS,3.8,12.7,DHARAMSHALA,216067,49568,80149,47515,37138,CORPORATE,92,9.61,89.17,26080,12538,FESTIVE,1
2024-06,DMA0224,DMA0528,BUSINESS,5.4,8.5,HOSTEL,230290,53747,93095,71230,39726,AGENT,171,38.11,58.48,3577,27318,SUMMER,1
2020-08,DMA0596,DMA0435,EDUCATION,3.9,6.2,RESORT,178986,54211,60676,88349,40948,OTA,69,6.39,96.6,6595,3633,WINTER,0
2023-09,DMA0015,DMA0397,LEISURE,4.5,6.9,HOTEL,282537,73466,34327,30178,21236,AGENT,107,0.77,63.15,30295,19970,SHOULDER,0
2024-02,DMA0194,DMA0749,BUSINESS,6.1,6.6,GUESTHOUSE,139029,166408,74284,103830,20853,CORPORATE,116,38.12,50.18,15218,27520,SUMMER,0
2022-12,DMA0766,DMA0588,MEDICAL,2.6,13.7,DHARAMSHALA,310913,25119,33039,17878,18495,AGENT,127,43.19,36.64,16724,27780,FESTIVE,0
2025-11,DMA0757,DMA0659,VFR,4.0,5.9,HOSTEL,228955,102156,65539,50773,10225,GOV_PORTAL,87,1.45,46.9,27307,21380,SHOULDER,0
2019-07,DMA0030,DMA0593,MEDICAL,4.1,2.2,GUESTHOUSE,302503,184610,39460,3019,40781,AGENT,4,38.0,37.21,21623,7885,WINTER,1
2024-07,DMA0460,DMA0298,VFR,3.0,4.8,HOMESTAY,205802,10720,67193,90026,11800,OTA,86,31.47,91.89,11398,8365,MONSOON,1
2023-02,DMA0167,DMA0199,LEISURE,3.0,13.5,GUESTHOUSE,331928,142965,52480,138279,46300,DIRECT,33,31.49,66.84,11869,13592,FESTIVE,0
2021-10,DMA0235,DMA0238,VFR,5.2,6.6,HOMESTAY,261350,127803,56716,118763,23238,GOV_PORTAL,139,20.68,83.97,23093,16606,FESTIVE,1
2024-09,DMA0246,DMA0181,LEISURE,6.1,5.1,HOSTEL,276025,97350,29781,107001,59066,DIRECT,66,18.77,36.25,22206,19737,SUMMER,1
2024-07,DMA0697,DMA0001,EDUCATION,4.5,5.0,HOMESTAY,202833,27229,39647,65346,59027,DIRECT,40,16.79,24.84,24178,17426,MONSOON,0
2021-10,DMA0319,DMA0654,EDUCATION,3.7,1.1,RESORT,9790,46168,78801,86549,27572,CORPORATE,7,17.18,52.67,12303,9531,SUMMER,0
2022-07,DMA0007,DMA0643,PILGRIMAGE,5.1,9.2,RESORT,104062,150854,17292,16169,9694,DIRECT,129,42.17,93.03,8721,8607,SHOULDER,1
2020-09,DMA0086,DMA0352,MEDICAL,6.5,10.4,RESORT,73861,94376,10996,137346,44708,DIRECT,92,36.71,28.82,8641,12213,MONSOON,0
2019-12,DMA0328,DMA0521,EDUCATION,1.5,5.6,GUESTHOUSE,17925,157992,45437,7306,33001,AGENT,36,14.12,81.51,23558,10830,MONSOON,1
2021-08,DMA0215,DMA0267,MEDICAL,4.6,12.3,SERVICED_APT,300559,11663,47027,51320,21029,GOV_PORTAL,59,33.33,24.62,20922,15198,SUMMER,1
2022-11,DMA0535,DMA0407,LEISURE,4.1,10.7,GUESTHOUSE,203840,87178,67026,85611,55037,GOV_PORTAL,40,29.54,32.88,33408,11032,MONSOON,0
2023-07,DMA0262,DMA0670,MEDICAL,4.4,8.8,SERVICED_APT,42692,64379,36873,135709,51299,AGENT,35,38.07,76.94,3811,15878,FESTIVE,0
2024-05,DMA0698,DMA0119,MEDICAL,1.1,10.1,SERVICED_APT,52169,30230,37812,42939,14949,OTA,75,4.14,36.46,3323,27457,WINTER,0
2024-08,DMA0526,DMA0261,LEISURE,6.3,11.0,HOTEL,144460,169938,99440,136375,25955,GOV_PORTAL,118,31.51,21.72,28025,11434,SUMMER,0
2020-05,DMA0284,DMA0542,LEISURE,1.5,7.9,GUESTHOUSE,83880,114314,27134,100028,7572,GOV_PORTAL,90,11.02,37.11,14905,5718,SHOULDER,0
2021-02,DMA0261,DMA0755,BUSINESS,2.7,6.2,DHARAMSHALA,140673,106042,28860,72765,58431,GOV_PORTAL,18,10.87,77.16,21201,1566,SUMMER,1
2021-09,DMA0056,DMA0730,MEDICAL,2.6,2.6,SERVICED_APT,259869,180213,27295,48840,19304,CORPORATE,50,31.76,61.51,14488,9456,SUMMER,1
2024-04,DMA0633,DMA0324,MEDICAL,5.0,6.3,DHARAMSHALA,247444,137807,59137,55723,35374,GOV_PORTAL,53,40.27,62.68,19508,1959,SHOULDER,1
2019-10,DMA0510,DMA0603,PILGRIMAGE,4.7,8.2,HOTEL,143887,62489,28270,15865,26544,OTA,76,23.22,52.01,6219,21574,SHOULDER,1
2022-10,DMA0665,DMA0173,MEDICAL,1.3,13.3,SERVICED_APT,208309,4631,43420,42753,38756,GOV_PORTAL,156,20.95,31.37,13963,26023,SHOULDER,0
2025-01,DMA0411,DMA0358,LEISURE,1.8,3.0,HOSTEL,67446,92071,47697,136600,27492,OTA,120,36.68,36.81,12304,12194,WINTER,1
2023-03,DMA0444,DMA0758,VFR,2.8,10.8,HOSTEL,87248,79828,82706,107972,56672,GOV_PORTAL,66,1.15,34.44,3065,2534,SHOULDER,0
2021-10,DMA0132,DMA0647,BUSINESS,4.9,4.1,HOSTEL,288845,1904,80899,100182,40541,OTA,7,31.82,75.16,23803,13318,SHOULDER,1
2020-02,DMA0541,DMA0656,LEISURE,6.1,13.4,HOSTEL,42256,174251,94908,100866,49651,AGENT,121,2.53,86.07,18676,13565,MONSOON,1
2022-05,DMA0745,DMA0601,VFR,2.7,8.7,GUESTHOUSE,139650,142341,65813,99648,12497,GOV_PORTAL,134,11.0,38.53,33223,20947,SUMMER,1
2022-02,DMA0623,DMA0681,EDUCATION,3.9,6.6,DHARAMSHALA,266112,142233,14092,61878,51633,OTA,112,30.02,33.46,12806,17402,SHOULDER,0
2022-12,DMA0626,DMA0489,EDUCATION,3.0,5.5,RESORT,347540,66173,17095,146208,3710,CORPORATE,148,17.11,39.63,10745,18367,SHOULDER,1
2022-07,DMA0263,DMA0691,MEDICAL,4.2,3.6,RESORT,74157,34061,80121,147590,30209,CORPORATE,44,13.29,93.23,6169,14184,WINTER,0
2021-04,DMA0416,DMA0055,LEISURE,4.5,10.3,HOMESTAY,248312,12403,36151,26065,46571,AGENT,139,22.69,36.66,18725,22622,SHOULDER,1
2022-05,DMA0320,DMA0192,MEDICAL,3.9,9.3,HOSTEL,290847,53954,60384,93539,21449,DIRECT,134,38.24,73.82,9441,2132,WINTER,1
2023-08,DMA0368,DMA0691,PILGRIMAGE,3.1,12.6,RESORT,145227,100142,50913,56641,13872,CORPORATE,172,19.17,29.11,31147,15367,SHOULDER,0
2025-09,DMA0555,DMA0533,PILGRIMAGE,5.8,8.8,SERVICED_APT,287673,180563,43757,8299,27067,GOV_PORTAL,162,23.98,71.5,14765,19977,FESTIVE,1
2025-04,DMA0356,DMA0107,BUSINESS,5.4,3.2,HOTEL,306049,170228,83699,50863,45320,AGENT,167,7.11,39.07,29217,17268,FESTIVE,0
2024-05,DMA0477,DMA0442,VFR,6.5,9.9,HOSTEL,140332,79234,29684,145514,52245,OTA,138,20.01,85.3,26038,20673,MONSOON,1
2023-12,DMA0668,DMA0080,LEISURE,3.3,12.4,HOTEL,316299,163917,37929,149953,54550,OTA,41,0.74,21.81,26836,19409,MONSOON,0
2020-01,DMA0040,DMA0745,BUSINESS,1.2,13.9,GUESTHOUSE,210115,41429,64677,146711,8245,OTA,1,37.72,59.02,30641,4601,WINTER,1
2024-09,DMA0323,DMA0651,MEDICAL,4.6,9.9,HOSTEL,9812,57961,80600,47880,32809,OTA,33,9.31,71.74,979,11620,FESTIVE,0
2023-04,DMA0355,DMA0712,LEISURE,5.3,4.8,HOSTEL,244911,76599,34363,92957,36017,GOV_PORTAL,98,41.39,77.99,31222,9307,WINTER,1
2022-07,DMA0315,DMA0611,LEISURE,6.2,8.3,DHARAMSHALA,53908,170702,52476,78219,49348,CORPORATE,79,16.1,90.23,28677,8387,FESTIVE,1
2025-12,DMA0788,DMA0646,MEDICAL,1.1,7.7,RESORT,262335,45818,40811,9603,46898,OTA,178,37.61,68.82,33231,17755,SHOULDER,1
2022-04,DMA0447,DMA0229,BUSINESS,5.8,7.7,SERVICED_APT,207072,198295,66472,65250,5742,GOV_PORTAL,31,17.53,30.03,32211,25816,MONSOON,0
2022-06,DMA0713,DMA0203,BUSINESS,3.8,2.0,SERVICED_APT,307665,59616,34598,1325,38864,AGENT,11,6.87,76.43,6825,11028,SHOULDER,0
2022-01,DMA0163,DMA0668,PILGRIMAGE,3.1,3.5,GUESTHOUSE,259318,173159,13529,131814,53089,GOV_PORTAL,12,22.67,61.19,13103,2209,WINTER,0
2025-12,DMA0314,DMA0682,LEISURE,2.2,7.8,HOMESTAY,18150,171728,49619,65163,17387,AGENT,29,11.73,27.77,26835,6774,FESTIVE,0
2020-11,DMA0138,DMA0436,BUSINESS,5.5,11.4,HOTEL,328519,86819,59021,112158,25863,CORPORATE,110,14.53,30.95,7947,25352,WINTER,0
2024-07,DMA0241,DMA0779,LEISURE,3.0,3.4,HOSTEL,117210,185736,19026,88307,4646,OTA,44,14.23,84.61,24030,3920,WINTER,1
2024-09,DMA0571,DMA0710,PILGRIMAGE,4.3,3.1,HOTEL,11024,10543,4550,84139,31358,DIRECT,120,15.56,64.11,14127,22700,FESTIVE,0
2025-07,DMA0661,DMA0414,VFR,3.8,10.9,DHARAMSHALA,107477,120962,75745,73403,13590,AGENT,104,22.42,32.31,21466,24458,MONSOON,0
2024-09,DMA0299,DMA0696,VFR,2.4,10.0,HOSTEL,14662,14287,41328,64978,38456,DIRECT,69,5.75,81.5,4343,9029,FESTIVE,1
2023-10,DMA0233,DMA0206,PILGRIMAGE,5.3,7.3,DHARAMSHALA,249534,195580,5790,79084,35881,GOV_PORTAL,173,11.59,65.75,5560,24759,MONSOON,0
2022-10,DMA0216,DMA0611,EDUCATION,2.6,1.7,SERVICED_APT,103618,38056,55102,55891,876,GOV_PORTAL,31,28.45,33.06,27080,14642,SHOULDER,1
2022-11,DMA0359,DMA0509,LEISURE,5.3,7.1,DHARAMSHALA,26337,96593,568,34556,44817,DIRECT,82,34.01,55.08,18730,25763,WINTER,1
2020-05,DMA0129,DMA0768,BUSINESS,3.3,11.9,HOSTEL,170680,165606,43340,112304,19505,CORPORATE,163,10.97,92.46,21702,17995,SHOULDER,0
2019-09,DMA0174,DMA0049,BUSINESS,1.2,1.1,HOMESTAY,93623,126700,75941,21713,601,OTA,29,11.79,78.62,933,12490,MONSOON,1
2024-08,DMA0127,DMA0161,EDUCATION,5.2,2.3,RESORT,176754,20691,14731,9853,36431,GOV_PORTAL,130,21.51,50.17,6307,14693,SHOULDER,0
2025-06,DMA0575,DMA0139,EDUCATION,5.9,11.5,HOTEL,49461,122975,56684,55083,21436,DIRECT,36,44.15,20.41,9301,8824,SUMMER,0
2021-06,DMA0430,DMA0321,MEDICAL,1.7,7.8,HOTEL,229878,69824,1613,76901,48941,DIRECT,109,24.76,37.63,20588,13960,MONSOON,1
2024-01,DMA0663,DMA0505,EDUCATION,4.2,9.6,GUESTHOUSE,110716,16033,77021,41742,57509,AGENT,81,36.61,34.11,5729,26360,MONSOON,1
2024-05,DMA0786,DMA0686,BUSINESS,1.4,10.7,SERVICED_APT,202192,15797,72420,49206,54826,DIRECT,97,41.34,49.46,13837,21495,FESTIVE,1
2023-10,DMA0446,DMA0282,LEISURE,5.6,4.9,GUESTHOUSE,223567,11847,95332,8846,56951,DIRECT,79,28.66,88.84,21786,19227,MONSOON,0
2021-03,DMA0283,DMA0668,LEISURE,6.4,4.9,SERVICED_APT,296814,127369,70796,16205,29640,AGENT,3,23.36,34.04,33230,2133,SHOULDER,0
2024-06,DMA0044,DMA0361,PILGRIMAGE,3.7,4.4,RESORT,198518,100941,20404,47909,11013,AGENT,67,34.4,23.88,32840,13010,WINTER,1
2022-09,DMA0174,DMA0672,MEDICAL,2.7,3.2,RESORT,19853,120438,90458,80759,26057,GOV_PORTAL,170,14.35,30.24,18037,2229,WINTER,1
2022-04,DMA0573,DMA0202,BUSINESS,5.7,5.0,DHARAMSHALA,289742,67080,84719,149164,20438,CORPORATE,6,43.77,54.8,31286,4718,FESTIVE,1
2024-01,DMA0140,DMA0012,LEISURE,3.9,13.4,GUESTHOUSE,337285,6160,36245,119522,38213,GOV_PORTAL,111,21.39,25.26,31767,9139,SUMMER,0
2022-05,DMA0227,DMA0245,LEISURE,3.5,2.1,DHARAMSHALA,83214,60646,36086,105795,38796,CORPORATE,81,41.77,63.41,31968,4169,SHOULDER,0
2025-02,DMA0361,DMA0252,VFR,2.3,4.1,SERVICED_APT,281667,67316,4167,47217,28296,OTA,42,34.19,41.36,28151,10019,SUMMER,0
2025-12,DMA0272,DMA0375,LEISURE,4.4,5.1,GUESTHOUSE,161604,166498,91695,75531,34213,AGENT,164,9.52,49.24,22577,7222,SUMMER,0
2022-06,DMA0405,DMA0484,EDUCATION,4.3,3.0,GUESTHOUSE,36253,191710,59460,122198,24351,GOV_PORTAL,65,9.93,32.17,13255,18897,MONSOON,1
2024-02,DMA0612,DMA0086,MEDICAL,2.4,2.0,RESORT,181993,124982,38787,51094,23439,AGENT,45,15.74,78.17,22883,23951,WINTER,0
2025-08,DMA0117,DMA0656,BUSINESS,2.2,3.1,GUESTHOUSE,207379,97068,93807,81180,54352,AGENT,68,16.74,49.75,22003,14829,MONSOON,1
2022-02,DMA0192,DMA0767,VFR,3.4,7.9,HOMESTAY,114039,28749,63412,11388,35935,CORPORATE,130,0.67,28.98,1165,27103,SHOULDER,1
2023-12,DMA0123,DMA0583,LEISURE,3.5,8.8,DHARAMSHALA,34069,172703,20510,48926,51615,DIRECT,162,38.51,48.2,6683,1521,SUMMER,1
2023-01,DMA0269,DMA0692,MEDICAL,1.7,3.8,RESORT,132314,107663,3682,45187,1667,DIRECT,142,10.82,96.72,3014,25338,FESTIVE,0
2020-06,DMA0434,DMA0100,PILGRIMAGE,2.5,7.5,GUESTHOUSE,24193,43990,50860,64720,46262,AGENT,114,37.11,75.69,28362,12605,FESTIVE,0
2019-05,DMA0128,DMA0713,BUSINESS,1.9,1.1,RESORT,2679,176032,6023,42688,6962,GOV_PORTAL,79,21.73,87.81,13595,23976,SUMMER,0
2019-11,DMA0520,DMA0236,PILGRIMAGE,6.0,8.8,HOMESTAY,28648,60872,92851,76550,40190,GOV_PORTAL,154,26.64,89.57,25912,25932,SUMMER,0
2019-04,DMA0440,DMA0156,MEDICAL,1.4,1.0,SERVICED_APT,312276,8074,75549,64052,51483,CORPORATE,75,24.14,62.81,8818,7503,SUMMER,0
2024-01,DMA0184,DMA0190,PILGRIMAGE,5.8,9.4,HOTEL,321224,9589,64965,107020,11004,OTA,52,42.51,63.44,9419,22435,FESTIVE,1
2025-03,DMA0136,DMA0669,EDUCATION,3.9,7.3,GUESTHOUSE,122586,141602,21181,25708,43397,GOV_PORTAL,38,18.81,90.72,20615,24446,FESTIVE,0
2019-12,DMA0464,DMA0767,BUSINESS,4.7,2.4,HOMESTAY,263328,148278,57298,27172,42755,OTA,133,17.49,88.12,20894,14930,MONSOON,0
2023-01,DMA0215,DMA0211,MEDICAL,6.1,2.1,HOSTEL,268426,3627,55702,149468,6399,AGENT,141,27.67,75.88,5916,23995,FESTIVE,1
2021-04,DMA0685,DMA0502,LEISURE,3.0,1.1,SERVICED_APT,239520,171036,534,60679,23156,CORPORATE,3,17.18,84.11,25628,21121,MONSOON,1
2021-10,DMA0354,DMA0378,PILGRIMAGE,4.9,8.2,SERVICED_APT,41710,3913,25056,87950,25454,CORPORATE,15,27.34,77.83,23952,27127,SHOULDER,1
2023-08,DMA0152,DMA0537,VFR,4.7,11.5,RESORT,2434,69127,5404,33731,42887,AGENT,114,25.76,44.01,2695,13536,SUMMER,0
2024-05,DMA0021,DMA0471,PILGRIMAGE,6.4,12.1,HOTEL,51034,33327,26226,90829,53146,AGENT,134,34.88,29.42,20281,19936,SHOULDER,1
2019-06,DMA0509,DMA0714,MEDICAL,1.3,8.4,HOSTEL,237428,150807,8976,108930,44860,OTA,26,44.55,75.94,26016,2292,FESTIVE,1
2021-09,DMA0653,DMA0041,VFR,3.5,12.5,GUESTHOUSE,348430,4919,9888,23248,52539,GOV_PORTAL,130,43.98,90.64,25642,12743,WINTER,1
2022-11,DMA0306,DMA0645,MEDICAL,6.4,12.2,HOSTEL,59036,27029,17848,56766,11221,GOV_PORTAL,31,5.57,96.33,23840,889,WINTER,0
2020-12,DMA0435,DMA0759,MEDICAL,2.8,10.1,GUESTHOUSE,165965,26035,60643,126621,50621,DIRECT,175,20.35,23.81,20084,3852,FESTIVE,0
2021-10,DMA0004,DMA0629,VFR,6.3,5.7,HOMESTAY,323275,85956,78878,399,27953,OTA,137,19.01,69.67,18912,25091,WINTER,1
2024-12,DMA0733,DMA0481,MEDICAL,5.5,11.8,HOMESTAY,213048,36241,34404,139827,48575,CORPORATE,128,8.58,68.15,32169,3407,SHOULDER,0
2020-04,DMA0708,DMA0240,VFR,2.9,6.1,DHARAMSHALA,234052,11776,87845,64133,47917,OTA,145,33.47,48.79,26361,2631,MONSOON,1
2025-08,DMA0661,DMA0446,LEISURE,1.2,6.2,HOTEL,91321,165138,38432,33257,21678,OTA,27,43.58,63.1,33666,5896,WINTER,0
2020-04,DMA0073,DMA0119,MEDICAL,2.5,9.8,DHARAMSHALA,43647,20871,37482,114488,46082,AGENT,125,6.87,55.55,12180,15552,SHOULDER,0
2025-12,DMA0105,DMA0636,LEISURE,1.7,13.1,HOSTEL,330895,176003,42568,67729,23024,AGENT,170,12.25,92.12,6259,27700,MONSOON,0
2020-02,DMA0341,DMA0361,BUSINESS,3.4,7.5,RESORT,265449,188167,95605,40724,30600,AGENT,21,38.48,43.33,27000,4261,WINTER,0
2023-11,DMA0132,DMA0645,PILGRIMAGE,6.2,3.3,DHARAMSHALA,183532,39221,74784,110250,25049,AGENT,115,13.74,33.99,2615,20077,SHOULDER,1
2024-02,DMA0320,DMA0068,LEISURE,3.8,2.9,HOMESTAY,102391,101507,49754,60330,57995,AGENT,157,19.86,72.5,18579,6454,WINTER,1
2024-06,DMA0025,DMA0421,PILGRIMAGE,3.5,4.9,HOMESTAY,130916,149169,96474,24100,19711,OTA,126,33.32,42.3,32513,25805,SHOULDER,1
2020-07,DMA0424,DMA0126,VFR,2.2,6.9,SERVICED_APT,221798,82886,37736,1989,40651,AGENT,168,5.67,24.34,34306,27593,SHOULDER,0
2024-01,DMA0519,DMA0324,BUSINESS,4.4,4.9,GUESTHOUSE,8483,59120,30972,71781,31589,GOV_PORTAL,166,23.72,82.52,16996,20072,FESTIVE,1
2024-06,DMA0685,DMA0729,VFR,3.5,10.3,DHARAMSHALA,291338,155290,37167,103234,4121,GOV_PORTAL,73,4.94,45.32,25607,2386,SUMMER,0
2021-02,DMA0517,DMA0032,MEDICAL,5.2,8.1,SERVICED_APT,234383,129239,51742,1508,1720,DIRECT,152,13.74,97.41,18241,16381,FESTIVE,1
2023-01,DMA0277,DMA0782,EDUCATION,3.8,6.3,HOTEL,127185,112339,37115,123373,32110,GOV_PORTAL,138,10.66,44.34,28487,17634,FESTIVE,1
2020-07,DMA0674,DMA0475,PILGRIMAGE,5.9,3.8,HOTEL,253170,125858,94126,45260,29778,DIRECT,123,32.86,63.34,24517,11735,WINTER,0
2023-01,DMA0432,DMA0346,EDUCATION,5.3,8.9,SERVICED_APT,159137,46166,95018,28571,591,GOV_PORTAL,149,6.78,32.57,15754,26017,FESTIVE,0
2025-09,DMA0091,DMA0191,VFR,1.8,9.8,DHARAMSHALA,183216,179432,26019,25826,11775,CORPORATE,147,29.79,61.56,34804,18905,FESTIVE,0
2021-06,DMA0764,DMA0124,PILGRIMAGE,1.7,11.2,GUESTHOUSE,217260,82167,33591,118534,36765,DIRECT,4,25.9,40.67,33635,18485,WINTER,0
2025-04,DMA0061,DMA0456,MEDICAL,1.1,13.9,SERVICED_APT,16770,57620,31344,90660,54975,OTA,149,30.41,73.21,6452,19236,SHOULDER,0
2023-09,DMA0714,DMA0286,EDUCATION,3.0,4.0,RESORT,18342,166073,94986,12755,20132,AGENT,145,39.45,22.22,18494,11900,SUMMER,0
2021-12,DMA0335,DMA0205,MEDICAL,1.3,1.2,HOMESTAY,216544,195944,27251,123522,38644,DIRECT,78,24.04,74.53,14549,23009,WINTER,0
2022-04,DMA0631,DMA0480,EDUCATION,3.5,7.5,HOTEL,47162,95083,26067,70125,6280,GOV_PORTAL,93,32.43,60.38,33017,8826,WINTER,1
2021-04,DMA0623,DMA0245,PILGRIMAGE,2.3,13.0,SERVICED_APT,182644,92563,16194,60392,25758,OTA,129,36.2,49.64,30375,896,SHOULDER,1
2022-10,DMA0205,DMA0683,BUSINESS,3.7,4.2,GUESTHOUSE,199710,20662,36290,93566,50940,GOV_PORTAL,130,31.3,25.04,22897,11441,SUMMER,1
2025-01,DMA0474,DMA0181,PILGRIMAGE,1.9,10.8,DHARAMSHALA,154924,141863,26601,102342,21244,OTA,43,14.36,24.87,10138,4337,FESTIVE,0
2025-10,DMA0056,DMA0285,PILGRIMAGE,4.0,5.2,HOSTEL,342672,64776,20669,3330,47573,GOV_PORTAL,77,43.27,81.79,31199,5317,MONSOON,1
2021-08,DMA0193,DMA0471,VFR,6.3,6.1,DHARAMSHALA,332321,191835,60557,18423,32087,AGENT,35,2.73,77.77,21639,16095,FESTIVE,1
2023-10,DMA0585,DMA0156,PILGRIMAGE,4.5,13.3,HOTEL,295146,58637,25206,100916,53097,CORPORATE,164,16.75,56.32,20634,10225,SHOULDER,1
2025-04,DMA0679,DMA0380,BUSINESS,4.1,7.0,HOMESTAY,82811,6178,64905,1406,681,GOV_PORTAL,77,36.96,20.54,17122,16626,SUMMER,1
2021-02,DMA0026,DMA0590,BUSINESS,5.3,10.4,HOMESTAY,107184,83834,31964,54310,34383,GOV_PORTAL,150,15.75,83.42,12142,10339,WINTER,1
2024-10,DMA0274,DMA0202,EDUCATION,1.0,8.1,SERVICED_APT,238227,83347,88338,140723,16787,DIRECT,180,24.57,71.91,31180,4969,SUMMER,1
2024-09,DMA0328,DMA0177,PILGRIMAGE,2.6,10.9,SERVICED_APT,269715,194136,84200,97888,8268,AGENT,78,6.05,25.99,26625,3154,SHOULDER,1
2023-02,DMA0015,DMA0504,LEISURE,6.4,5.1,SERVICED_APT,331095,44398,79572,60991,29997,OTA,70,38.56,41.57,12227,2432,SUMMER,0
2025-07,DMA0278,DMA0254,EDUCATION,5.3,12.4,HOMESTAY,243357,63810,52210,52169,18110,DIRECT,57,41.9,25.29,30150,16073,SHOULDER,0
2021-08,DMA0516,DMA0635,EDUCATION,1.5,8.1,HOSTEL,167070,85751,71705,124705,2832,AGENT,32,44.28,87.85,30363,6488,SUMMER,1
2023-10,DMA0021,DMA0090,PILGRIMAGE,2.8,5.0,HOSTEL,38260,141508,4019,97941,12148,AGENT,56,3.47,59.29,12054,7013,SUMMER,0
2024-04,DMA0046,DMA0420,VFR,3.4,1.5,HOMESTAY,170102,157932,70341,128289,19092,DIRECT,176,8.96,49.19,30782,7186,SUMMER,0
2025-05,DMA0089,DMA0756,LEISURE,6.1,1.2,GUESTHOUSE,208822,60896,94368,30594,24083,OTA,165,22.27,69.27,32056,11996,MONSOON,1
2021-04,DMA0791,DMA0639,MEDICAL,4.2,5.6,DHARAMSHALA,313906,19269,98630,70895,58161,CORPORATE,75,12.27,78.17,23823,6218,WINTER,0
2024-12,DMA0508,DMA0283,MEDICAL,1.4,3.8,GUESTHOUSE,2788,159581,64420,79190,52566,DIRECT,178,28.92,70.94,10310,12126,MONSOON,1
2025-08,DMA0273,DMA0441,LEISURE,3.8,1.7,HOMESTAY,249240,174440,62776,34108,19087,GOV_PORTAL,57,38.04,84.65,19103,5563,SUMMER,0
2022-03,DMA0096,DMA0668,EDUCATION,2.6,8.2,GUESTHOUSE,237567,172391,97499,3337,41852,CORPORATE,151,5.72,66.36,18859,7434,WINTER,0
2025-08,DMA0752,DMA0110,PILGRIMAGE,2.9,13.9,RESORT,278758,96500,56317,20214,29910,OTA,124,0.14,20.24,5717,24568,FESTIVE,0
2022-09,DMA0066,DMA0414,MEDICAL,1.6,6.5,HOMESTAY,220418,26756,88730,5684,46602,OTA,77,44.72,30.62,9779,2181,SUMMER,1
2020-01,DMA0751,DMA0503,VFR,3.5,8.2,HOTEL,295266,33939,12589,146222,28098,DIRECT,41,20.27,87.64,17993,10569,SUMMER,1
2020-08,DMA0493,DMA0427,MEDICAL,4.7,3.9,SERVICED_APT,272104,87835,83371,139228,38329,DIRECT,70,3.08,29.97,28827,17931,WINTER,1
2023-10,DMA0218,DMA0567,VFR,5.2,3.7,RESORT,160522,89956,91285,66225,52222,CORPORATE,147,26.48,68.33,6212,27457,FESTIVE,0
2020-07,DMA0433,DMA0088,LEISURE,4.8,5.3,DHARAMSHALA,68648,188904,30825,115157,22517,CORPORATE,119,33.89,36.07,8378,26072,SUMMER,1
2025-03,DMA0291,DMA0105,VFR,4.6,11.9,RESORT,290292,14493,88049,94998,3217,GOV_PORTAL,171,36.06,94.92,12335,9181,SUMMER,0
2025-08,DMA0060,DMA0641,BUSINESS,5.8,13.5,GUESTHOUSE,42671,74386,79781,89949,43372,GOV_PORTAL,53,25.62,37.58,30556,2111,SHOULDER,0
2019-09,DMA0262,DMA0522,BUSINESS,2.8,10.6,RESORT,333604,102489,4860,29711,50906,GOV_PORTAL,174,30.58,48.23,17138,26218,MONSOON,1
2025-05,DMA0425,DMA0555,BUSINESS,2.2,1.3,HOSTEL,40128,126234,52177,17495,22960,CORPORATE,6,21.43,80.35,29911,21937,WINTER,1
2020-07,DMA0201,DMA0069,BUSINESS,1.5,6.7,GUESTHOUSE,256036,131982,64567,9362,16538,AGENT,4,27.89,71.33,23264,19259,MONSOON,1
2023-07,DMA0596,DMA0393,LEISURE,1.9,6.5,GUESTHOUSE,37636,192168,94131,117903,9881,CORPORATE,118,42.82,45.09,23551,8390,SUMMER,0
2022-03,DMA0538,DMA0285,VFR,1.8,13.2,HOSTEL,217159,154988,50831,95890,9691,GOV_PORTAL,179,44.44,74.44,21503,15563,MONSOON,1
2020-05,DMA0233,DMA0514,EDUCATION,6.0,10.7,RESORT,38190,26436,3781,52305,6251,AGENT,76,28.24,96.43,4265,24958,FESTIVE,0
2024-02,DMA0162,DMA0338,PILGRIMAGE,2.0,10.3,GUESTHOUSE,276952,37841,64690,85282,45920,GOV_PORTAL,159,26.28,31.31,2110,9775,SUMMER,0
2023-12,DMA0751,DMA0014,BUSINESS,1.5,8.3,GUESTHOUSE,99454,4314,79517,149316,47673,AGENT,100,15.55,38.75,22903,16543,WINTER,1
2022-06,DMA0586,DMA0574,BUSINESS,3.2,9.4,DHARAMSHALA,175391,46201,29663,33432,9316,OTA,26,14.59,55.03,26012,8494,SHOULDER,1
2019-02,DMA0222,DMA0055,MEDICAL,1.9,10.1,SERVICED_APT,1555,77740,1293,121210,38994,CORPORATE,177,41.6,44.45,9081,20537,SUMMER,0
2023-02,DMA0260,DMA0541,BUSINESS,1.7,8.2,HOTEL,267533,99518,88140,84889,48392,OTA,120,29.93,44.72,25117,8542,WINTER,0
2024-07,DMA0359,DMA0261,PILGRIMAGE,3.0,12.0,SERVICED_APT,83463,36217,99751,122737,46087,DIRECT,110,20.64,53.46,31154,18305,FESTIVE,1
2020-08,DMA0226,DMA0376,PILGRIMAGE,6.1,1.5,DHARAMSHALA,320329,166609,55114,84682,22355,OTA,165,29.97,81.6,2737,7286,SHOULDER,1
2019-01,DMA0265,DMA0750,EDUCATION,1.2,13.2,SERVICED_APT,330721,131653,74559,148888,9051,OTA,157,5.44,47.84,22861,8444,SUMMER,0
2019-05,DMA0069,DMA0197,MEDICAL,2.1,11.1,GUESTHOUSE,305102,165148,36627,108854,47639,DIRECT,45,42.45,40.03,8605,17589,MONSOON,1
2022-03,DMA0009,DMA0551,EDUCATION,5.5,7.9,GUESTHOUSE,293691,4983,56801,23165,3284,CORPORATE,66,23.5,62.97,27037,3190,MONSOON,0
2020-06,DMA0281,DMA0151,LEISURE,2.3,12.2,HOSTEL,98517,51155,97683,121174,40492,GOV_PORTAL,50,15.03,87.99,2263,17388,SUMMER,0
2024-08,DMA0552,DMA0735,EDUCATION,3.4,11.8,SERVICED_APT,306772,78844,16233,103639,18953,CORPORATE,58,0.6,74.56,2994,15379,WINTER,0
2020-10,DMA0195,DMA0252,LEISURE,1.5,6.5,DHARAMSHALA,39947,107062,5519,146122,41847,GOV_PORTAL,58,30.47,46.53,16002,7917,FESTIVE,1
2021-06,DMA0793,DMA0498,VFR,5.4,11.9,SERVICED_APT,156469,124942,97757,75193,27403,DIRECT,49,43.63,95.83,32194,4219,WINTER,0
2019-01,DMA0307,DMA0784,EDUCATION,5.1,3.4,GUESTHOUSE,13824,8737,47222,128144,39226,AGENT,79,25.13,73.88,25842,3119,WINTER,0
2024-10,DMA0146,DMA0406,EDUCATION,1.7,7.1,GUESTHOUSE,164806,37838,40322,11155,23377,DIRECT,179,14.97,30.78,3665,14336,MONSOON,1
2025-09,DMA0494,DMA0731,PILGRIMAGE,6.2,4.0,RESORT,38589,104107,67984,37258,25726,CORPORATE,172,18.82,74.18,34259,19465,SUMMER,0
2023-03,DMA0443,DMA0756,PILGRIMAGE,4.2,2.6,GUESTHOUSE,270158,9900,11565,27490,39015,AGENT,136,25.59,90.65,34232,1424,SHOULDER,0
2024-08,DMA0187,DMA0140,EDUCATION,5.4,12.6,HOMESTAY,54896,184689,73759,136921,4886,DIRECT,63,30.99,56.89,4074,20597,MONSOON,1
2025-02,DMA0674,DMA0013,BUSINESS,5.2,5.8,SERVICED_APT,199365,58467,86419,20472,18108,CORPORATE,135,8.25,76.9,12719,26419,MONSOON,1
2024-01,DMA0309,DMA0634,BUSINESS,3.9,9.9,HOMESTAY,170294,98427,29459,105490,14245,AGENT,176,42.08,31.76,13973,21495,SUMMER,1
2022-12,DMA0482,DMA0126,BUSINESS,5.1,5.9,HOTEL,121945,92673,2293,128270,1247,CORPORATE,89,18.64,28.63,12390,8193,SHOULDER,1
2023-05,DMA0408,DMA0622,EDUCATION,2.3,8.1,HOMESTAY,164879,131928,82302,148165,40807,DIRECT,136,28.1,68.99,34212,13718,SHOULDER,1
2021-10,DMA0573,DMA0152,EDUCATION,1.1,5.5,SERVICED_APT,171438,70672,24921,149658,54109,OTA,11,41.01,51.23,18208,22133,WINTER,1
2019-07,DMA0242,DMA0220,VFR,2.9,10.7,HOMESTAY,280118,119158,45528,134398,7222,OTA,91,26.03,55.83,17436,24763,MONSOON,1
2022-03,DMA0752,DMA0347,PILGRIMAGE,1.8,11.2,HOSTEL,208052,43979,44143,23267,49268,DIRECT,112,30.76,43.98,28423,12327,WINTER,1
2022-01,DMA0569,DMA0676,BUSINESS,6.4,6.6,HOSTEL,101885,187778,4972,85739,30516,GOV_PORTAL,117,28.49,55.54,32524,15792,SHOULDER,0
2024-03,DMA0706,DMA0585,EDUCATION,6.1,12.2,HOTEL,317040,175960,10982,117070,31882,CORPORATE,18,11.16,27.72,33797,25822,SUMMER,0
2023-07,DMA0333,DMA0015,BUSINESS,1.8,5.6,HOSTEL,309339,124545,39888,95353,45753,DIRECT,86,43.33,28.42,34222,9960,WINTER,1
2020-03,DMA0404,DMA0315,PILGRIMAGE,2.9,10.9,GUESTHOUSE,93558,7515,73518,75440,15100,OTA,7,21.26,54.64,13646,15272,SUMMER,0
2025-11,DMA0583,DMA0750,BUSINESS,3.8,9.5,HOTEL,126839,148434,27820,29958,51494,CORPORATE,101,4.43,55.34,22469,861,WINTER,0
2025-02,DMA0371,DMA0773,MEDICAL,3.2,6.9,GUESTHOUSE,339423,155902,89306,141828,51294,GOV_PORTAL,17,44.91,87.97,4198,25115,SUMMER,1
2024-02,DMA0674,DMA0476,MEDICAL,4.9,12.6,RESORT,270663,38768,26108,24720,17167,OTA,25,29.25,45.77,13568,16375,SUMMER,1
2024-08,DMA0054,DMA0527,LEISURE,3.8,8.4,HOSTEL,262276,91828,82603,83177,8716,AGENT,42,27.38,72.8,31402,3035,MONSOON,1
2023-02,DMA0577,DMA0100,PILGRIMAGE,4.1,11.9,GUESTHOUSE,236816,137777,36810,44703,30839,GOV_PORTAL,153,41.25,43.64,10956,23135,SUMMER,0
2022-05,DMA0245,DMA0402,MEDICAL,4.7,10.5,RESORT,194315,140424,57067,11928,39771,CORPORATE,13,24.38,44.01,24876,8552,SHOULDER,1
2024-01,DMA0200,DMA0726,PILGRIMAGE,1.1,7.9,HOSTEL,7605,59989,33313,36326,11635,OTA,124,16.22,75.29,30415,1178,SUMMER,0
2021-01,DMA0435,DMA0645,VFR,1.1,5.2,HOSTEL,234754,126006,47234,34374,37986,CORPORATE,134,7.86,63.84,25359,596,SUMMER,1
2021-04,DMA0373,DMA0657,PILGRIMAGE,2.0,13.4,HOTEL,33183,13050,76839,13910,20337,OTA,88,36.48,49.09,15695,21435,FESTIVE,0
2025-10,DMA0385,DMA0085,LEISURE,5.0,1.7,HOMESTAY,40640,192466,91215,123251,693,OTA,1,14.9,57.7,11010,1260,MONSOON,1
2021-11,DMA0665,DMA0622,LEISURE,2.3,12.6,HOMESTAY,335372,98637,21116,131926,34038,AGENT,175,23.24,85.87,25570,8913,MONSOON,0
2025-11,DMA0753,DMA0215,VFR,6.1,7.6,GUESTHOUSE,165446,178442,3308,91156,3729,AGENT,105,22.9,78.18,25815,10321,MONSOON,1
2023-05,DMA0221,DMA0192,PILGRIMAGE,1.4,10.7,SERVICED_APT,87711,112582,15557,65777,58619,OTA,20,33.32,92.9,32774,15297,MONSOON,1
2025-12,DMA0564,DMA0668,EDUCATION,4.2,5.3,HOTEL,282994,114282,37292,70790,16561,AGENT,113,30.79,88.4,3462,16795,MONSOON,0
2022-03,DMA0248,DMA0220,PILGRIMAGE,1.1,6.0,HOMESTAY,100163,125757,13586,97120,29980,AGENT,6,19.06,72.22,6698,2900,FESTIVE,0
2023-11,DMA0071,DMA0593,MEDICAL,6.3,3.5,SERVICED_APT,109139,117023,19213,33079,20690,GOV_PORTAL,167,19.17,34.82,1255,26715,SUMMER,1
2024-05,DMA0483,DMA0339,MEDICAL,2.2,13.4,DHARAMSHALA,324088,124588,73580,89284,29315,AGENT,154,12.16,48.23,3449,26416,WINTER,0
2019-01,DMA0656,DMA0013,LEISURE,4.2,1.6,GUESTHOUSE,127970,58465,28263,21824,58111,GOV_PORTAL,1,15.34,63.26,10368,18121,SUMMER,0
2022-09,DMA0789,DMA0493,PILGRIMAGE,6.2,6.0,DHARAMSHALA,348013,3081,5736,91513,43454,DIRECT,140,32.02,22.64,6930,8132,MONSOON,1
2020-07,DMA0730,DMA0557,BUSINESS,1.2,5.4,GUESTHOUSE,115613,197066,44661,113358,20260,GOV_PORTAL,131,25.31,73.14,28056,1600,SHOULDER,0
2022-12,DMA0325,DMA0751,MEDICAL,3.8,11.6,HOMESTAY,280823,10842,70168,62763,39059,GOV_PORTAL,119,2.3,96.44,25084,11826,FESTIVE,0
2023-01,DMA0005,DMA0694,PILGRIMAGE,3.9,7.5,RESORT,238598,193024,2052,137098,57805,OTA,67,22.87,84.55,31032,25820,WINTER,1
2025-01,DMA0585,DMA0545,VFR,2.9,3.2,GUESTHOUSE,163098,185152,68733,113027,34834,DIRECT,25,42.98,73.65,18208,6646,MONSOON,0
2020-02,DMA0495,DMA0111,MEDICAL,4.6,7.6,HOMESTAY,104440,175888,80493,92113,15014,DIRECT,86,4.92,72.88,27166,13946,WINTER,0
2024-07,DMA0240,DMA0043,LEISURE,4.0,4.1,RESORT,227464,66976,52317,114238,10758,CORPORATE,19,4.72,89.97,7846,14656,FESTIVE,1
2021-06,DMA0787,DMA0445,LEISURE,2.4,1.2,SERVICED_APT,290028,177647,40371,72226,4378,DIRECT,93,30.05,44.21,15176,11929,MONSOON,0
2024-05,DMA0191,DMA0094,LEISURE,4.9,8.1,HOMESTAY,51675,196217,59565,12301,41075,CORPORATE,154,43.1,54.84,22386,16072,FESTIVE,0
2024-09,DMA0006,DMA0347,LEISURE,3.6,5.7,SERVICED_APT,320570,13332,59273,13851,36253,CORPORATE,19,1.2,71.51,14576,17742,FESTIVE,1
2019-06,DMA0319,DMA0315,PILGRIMAGE,3.6,4.1,GUESTHOUSE,194412,164624,57473,85341,52812,GOV_PORTAL,114,15.5,64.67,13478,17246,SUMMER,0
2025-12,DMA0497,DMA0128,EDUCATION,6.2,3.2,RESORT,115322,55622,66388,50883,6752,GOV_PORTAL,3,3.02,85.84,22541,6606,MONSOON,1
2022-10,DMA0415,DMA0404,PILGRIMAGE,3.9,6.9,GUESTHOUSE,176434,107795,48070,65721,9852,OTA,70,11.96,48.57,15807,9560,MONSOON,1
2022-06,DMA0014,DMA0118,MEDICAL,5.3,12.3,HOMESTAY,156005,190856,49635,135137,28925,OTA,174,24.95,52.47,34630,19561,SHOULDER,0
2024-12,DMA0208,DMA0255,BUSINESS,5.8,10.9,SERVICED_APT,144289,69804,17539,140976,52449,AGENT,19,19.9,39.44,33784,26193,SUMMER,1
2024-01,DMA0002,DMA0672,LEISURE,4.2,1.1,SERVICED_APT,123201,172804,22592,65800,13411,CORPORATE,40,16.35,69.81,12180,9137,MONSOON,0
2021-07,DMA0402,DMA0405,BUSINESS,5.3,10.5,HOTEL,327542,184405,96838,118699,23,AGENT,104,9.48,50.44,9820,6565,MONSOON,0
2025-07,DMA0530,DMA0046,LEISURE,2.7,1.9,HOTEL,340262,171974,62136,137562,63,OTA,95,27.88,62.79,1288,20640,WINTER,1
2021-02,DMA0035,DMA0501,MEDICAL,2.0,8.1,HOMESTAY,69385,57648,24927,63056,1274,DIRECT,64,25.91,24.73,14492,13025,SHOULDER,0
2023-10,DMA0762,DMA0255,VFR,4.8,11.1,HOSTEL,284704,20798,17419,82928,31201,AGENT,72,29.84,74.94,1228,8955,FESTIVE,1
2021-09,DMA0082,DMA0497,LEISURE,6.1,6.9,RESORT,44576,169519,88749,23268,37472,OTA,39,35.69,61.54,24890,2020,SHOULDER,1
2023-04,DMA0793,DMA0122,VFR,1.2,5.9,HOTEL,327065,160919,90407,117941,9368,GOV_PORTAL,167,32.83,77.89,32610,18957,SUMMER,1
2021-08,DMA0483,DMA0470,EDUCATION,5.2,13.2,HOMESTAY,301233,182121,89973,119286,45909,CORPORATE,97,43.08,39.5,32169,13925,SHOULDER,1
2023-06,DMA0391,DMA0711,LEISURE,1.2,1.4,HOSTEL,274332,59530,75489,104585,36490,AGENT,53,7.62,86.73,18262,14347,SHOULDER,0
2019-01,DMA0486,DMA0362,BUSINESS,3.5,2.4,GUESTHOUSE,117774,88306,83570,56122,25536,OTA,150,42.81,87.92,22437,14436,SHOULDER,1
2019-05,DMA0569,DMA0202,EDUCATION,4.7,12.3,GUESTHOUSE,122585,80714,57623,51622,11045,AGENT,163,7.75,54.09,22533,2191,WINTER,0
2020-10,DMA0460,DMA0001,LEISURE,3.2,12.5,GUESTHOUSE,129430,110421,90312,112193,17243,AGENT,55,37.93,27.43,26383,4082,SUMMER,1
2019-05,DMA0528,DMA0592,BUSINESS,2.7,5.8,HOMESTAY,30098,77700,66584,14182,52568,OTA,63,35.48,59.56,31522,6888,FESTIVE,0
2019-08,DMA0404,DMA0617,VFR,2.0,8.0,DHARAMSHALA,219319,162560,42406,51622,37519,OTA,92,29.97,70.47,14158,26483,SUMMER,0
2024-10,DMA0133,DMA0668,PILGRIMAGE,6.4,3.1,DHARAMSHALA,304748,28883,62595,66895,12718,CORPORATE,174,31.78,66.76,14642,10396,FESTIVE,1
2024-03,DMA0317,DMA0701,EDUCATION,4.1,12.5,RESORT,11389,136953,12332,135837,57224,AGENT,86,31.12,90.02,12349,18018,WINTER,0
2019-10,DMA0792,DMA0340,VFR,1.7,7.1,HOMESTAY,151959,125159,49751,74420,55060,DIRECT,169,23.85,91.62,27585,20766,SUMMER,0
2024-02,DMA0235,DMA0410,PILGRIMAGE,1.3,8.3,HOSTEL,299159,15026,69429,5396,22925,AGENT,154,1.47,68.53,7901,24537,WINTER,1
2022-04,DMA0128,DMA0079,MEDICAL,2.3,2.5,RESORT,183475,129182,8075,18810,53984,GOV_PORTAL,90,26.08,70.1,23924,2006,WINTER,1
2022-11,DMA0063,DMA0127,MEDICAL,4.0,9.0,GUESTHOUSE,310838,184291,11506,46410,24084,OTA,102,17.51,30.13,32866,27143,MONSOON,1
2025-08,DMA0685,DMA0094,MEDICAL,5.1,10.0,HOTEL,344411,80030,15330,145698,681,GOV_PORTAL,150,12.26,50.68,2710,5370,SHOULDER,0
2023-08,DMA0428,DMA0780,EDUCATION,6.4,4.8,HOTEL,202468,130519,86842,66522,58132,GOV_PORTAL,86,22.06,45.75,14991,16359,FESTIVE,0
2021-04,DMA0344,DMA0127,MEDICAL,5.6,12.6,HOTEL,40750,5260,53504,123445,51602,AGENT,84,38.16,46.97,16982,8585,MONSOON,0
2023-08,DMA0125,DMA0130,LEISURE,4.4,3.7,DHARAMSHALA,298623,130347,74524,26820,40723,AGENT,70,26.03,76.74,7041,9080,WINTER,0
2019-01,DMA0080,DMA0714,EDUCATION,4.7,12.7,HOSTEL,261140,183718,32116,55687,5122,AGENT,84,43.41,58.06,27634,22890,WINTER,1
2023-04,DMA0623,DMA0091,VFR,3.9,10.1,DHARAMSHALA,339896,118326,37332,120923,16034,AGENT,172,18.93,59.2,23451,4479,MONSOON,1
2025-10,DMA0167,DMA0376,BUSINESS,3.4,11.8,GUESTHOUSE,227510,17451,97168,143508,59730,CORPORATE,118,7.57,39.32,24480,7886,FESTIVE,1
2024-02,DMA0796,DMA0021,LEISURE,5.3,10.1,HOTEL,294031,119906,74638,96803,13198,GOV_PORTAL,119,14.16,33.04,22630,24854,SHOULDER,0
2022-06,DMA0380,DMA0055,EDUCATION,2.0,6.6,RESORT,189016,57522,65599,48961,49809,DIRECT,31,6.51,51.93,5365,2773,SUMMER,1
2022-11,DMA0635,DMA0037,EDUCATION,2.8,5.3,HOTEL,69942,83458,87539,53766,45880,CORPORATE,166,30.82,24.5,20928,25172,SHOULDER,0
2022-01,DMA0773,DMA0086,LEISURE,6.4,10.5,HOSTEL,173595,58290,45796,147248,7900,GOV_PORTAL,43,7.18,32.44,23889,6964,SHOULDER,1
2019-11,DMA0717,DMA0295,MEDICAL,4.1,4.9,HOTEL,144771,77601,93534,111242,20794,OTA,63,23.32,83.85,27426,2396,MONSOON,1
2024-07,DMA0015,DMA0681,EDUCATION,3.7,1.8,DHARAMSHALA,259656,86256,98487,84420,17210,AGENT,81,41.55,54.12,1297,9385,MONSOON,0
2021-05,DMA0105,DMA0278,LEISURE,5.7,4.2,HOSTEL,291655,98309,91013,97902,48906,AGENT,133,19.52,96.16,6082,13246,MONSOON,1
2019-04,DMA0561,DMA0561,BUSINESS,5.2,10.8,HOSTEL,317745,142333,91929,31758,32641,AGENT,7,18.12,20.34,8111,17440,FESTIVE,0
2019-11,DMA0772,DMA0657,VFR,2.8,11.3,RESORT,123094,148600,64287,32332,8073,GOV_PORTAL,117,9.14,91.8,2126,10458,MONSOON,0
2021-06,DMA0526,DMA0410,MEDICAL,4.4,4.6,HOSTEL,211141,136089,24695,58569,49262,OTA,65,33.92,70.89,3065,11357,MONSOON,1
2025-07,DMA0219,DMA0101,MEDICAL,2.0,5.3,HOMESTAY,38486,92200,44421,117312,6357,OTA,39,13.69,68.6,12610,12614,MONSOON,1
2025-07,DMA0394,DMA0422,BUSINESS,1.3,8.1,SERVICED_APT,66187,99596,4172,120212,27664,CORPORATE,109,44.57,85.55,7903,3749,WINTER,1
2023-10,DMA0599,DMA0637,LEISURE,6.4,4.4,GUESTHOUSE,271697,186398,60383,28150,35929,CORPORATE,123,7.5,68.89,23943,5046,FESTIVE,0
2021-08,DMA0357,DMA0106,BUSINESS,5.1,8.9,HOSTEL,137981,152208,88092,128808,15662,GOV_PORTAL,169,0.1,22.72,7240,17646,SUMMER,0
2021-05,DMA0732,DMA0753,PILGRIMAGE,6.1,4.7,HOMESTAY,39132,41885,71859,96565,52461,CORPORATE,119,24.27,90.61,6282,16136,SHOULDER,0
2022-07,DMA0300,DMA0628,VFR,5.6,2.6,HOMESTAY,165893,134613,59332,36214,31350,CORPORATE,101,3.09,88.11,29604,16888,SUMMER,0
2022-03,DMA0164,DMA0585,VFR,3.4,3.0,HOTEL,9495,20578,92520,45207,16066,AGENT,89,16.63,60.56,15323,7937,FESTIVE,0
2019-11,DMA0443,DMA0321,BUSINESS,5.7,4.3,RESORT,122977,130118,66513,101839,23205,CORPORATE,134,20.32,29.82,34005,14322,WINTER,0
2021-03,DMA0672,DMA0403,EDUCATION,5.3,3.2,HOTEL,202422,11945,79664,81406,58418,CORPORATE,0,11.17,84.07,3024,17650,SHOULDER,1
2020-12,DMA0365,DMA0014,EDUCATION,2.4,13.7,RESORT,122642,81055,14662,143667,28539,CORPORATE,96,44.02,61.32,24366,17085,MONSOON,0
2022-01,DMA0065,DMA0488,VFR,4.4,9.6,SERVICED_APT,158032,146217,62172,102583,48917,GOV_PORTAL,42,15.52,45.45,25007,21612,FESTIVE,0
2024-05,DMA0704,DMA0114,VFR,2.7,3.3,HOTEL,24686,33194,89177,6995,22739,CORPORATE,112,6.51,97.48,11697,9388,SHOULDER,1
2021-08,DMA0516,DMA0764,EDUCATION,2.3,6.5,HOTEL,159873,160006,41445,79879,34664,DIRECT,12,1.68,32.83,18665,11115,SHOULDER,1
2023-05,DMA0638,DMA0230,LEISURE,1.4,4.5,HOMESTAY,288606,198615,98091,43379,1506,DIRECT,138,13.92,32.84,9128,7203,SUMMER,0
2019-01,DMA0769,DMA0066,MEDICAL,4.0,9.9,GUESTHOUSE,194638,76016,47976,743,51258,CORPORATE,110,36.95,66.78,33222,18132,SHOULDER,0
2023-08,DMA0124,DMA0455,MEDICAL,3.2,12.3,HOMESTAY,145135,65523,43899,37747,48334,DIRECT,34,11.07,40.82,19458,25599,SHOULDER,1
2021-10,DMA0210,DMA0678,MEDICAL,1.5,6.2,HOTEL,47700,88752,58964,87310,2036,AGENT,37,26.94,52.14,27586,26185,SUMMER,1
2025-10,DMA0077,DMA0555,BUSINESS,5.0,6.6,GUESTHOUSE,109858,44233,5836,144706,18789,GOV_PORTAL,110,44.51,38.76,1811,8875,WINTER,0
2021-05,DMA0729,DMA0247,BUSINESS,5.0,6.2,HOTEL,27892,133236,81159,132742,23049,CORPORATE,103,15.46,81.04,31680,27950,WINTER,1
2019-06,DMA0533,DMA0766,MEDICAL,2.3,6.8,HOTEL,151237,99060,75597,95039,51488,DIRECT,172,27.72,41.42,22382,5477,SHOULDER,0
2023-09,DMA0681,DMA0220,PILGRIMAGE,6.3,1.5,GUESTHOUSE,132624,94987,32923,146112,37590,AGENT,50,26.98,85.69,31828,25551,FESTIVE,0
2020-02,DMA0297,DMA0394,PILGRIMAGE,5.3,8.7,HOMESTAY,271392,190692,75283,97904,40312,AGENT,14,26.74,77.4,1503,8683,FESTIVE,1
2025-03,DMA0010,DMA0345,LEISURE,5.4,13.4,HOSTEL,332135,31524,89555,118464,32005,CORPORATE,58,42.9,43.23,28730,23466,SHOULDER,1
2024-09,DMA0117,DMA0637,BUSINESS,1.0,11.2,DHARAMSHALA,198061,101455,87553,81642,2206,AGENT,65,35.37,82.32,8582,9769,SHOULDER,1
2024-02,DMA0483,DMA0534,MEDICAL,6.4,12.2,HOTEL,347921,115668,79828,128641,27673,AGENT,126,0.4,44.86,34249,14273,SHOULDER,0
2023-03,DMA0197,DMA0075,PILGRIMAGE,6.4,4.0,HOSTEL,85702,137293,43980,74957,55183,CORPORATE,141,1.26,51.72,1407,24746,WINTER,0
2020-01,DMA0684,DMA0576,MEDICAL,3.8,8.9,HOMESTAY,79284,67332,38555,126795,10019,DIRECT,13,1.8,26.11,9607,27371,SHOULDER,1
2025-04,DMA0187,DMA0104,VFR,6.4,12.6,HOSTEL,293476,73484,79004,103145,57052,OTA,118,16.41,64.36,19117,26421,FESTIVE,1
2019-04,DMA0678,DMA0506,PILGRIMAGE,4.4,1.9,SERVICED_APT,227551,50738,53003,134890,49878,GOV_PORTAL,168,19.78,83.67,16958,27918,MONSOON,0
2022-02,DMA0230,DMA0557,MEDICAL,1.7,12.4,HOMESTAY,310930,106899,15389,75662,47051,CORPORATE,123,36.32,68.59,13220,6524,SUMMER,1
2019-04,DMA0280,DMA0486,BUSINESS,5.5,1.8,HOSTEL,170710,20981,39502,89647,44579,DIRECT,151,28.63,63.03,24350,22806,MONSOON,1
2021-06,DMA0664,DMA0714,BUSINESS,4.1,13.8,HOSTEL,212466,153577,1899,54824,2092,AGENT,132,45.0,90.04,4667,5432,FESTIVE,0
2023-06,DMA0232,DMA0274,VFR,2.9,2.1,SERVICED_APT,121262,153438,26658,147135,24600,OTA,33,35.73,54.42,14908,25964,FESTIVE,1
2024-05,DMA0787,DMA0511,VFR,2.3,5.8,SERVICED_APT,77317,126565,87066,147594,53615,AGENT,107,39.31,97.67,2751,6404,SHOULDER,1
2024-01,DMA0116,DMA0069,LEISURE,3.9,1.7,SERVICED_APT,211317,5825,66885,38116,30103,OTA,159,8.19,55.94,14870,17767,MONSOON,1
2023-01,DMA0427,DMA0011,MEDICAL,4.8,1.7,HOTEL,247249,14400,33080,74106,218,OTA,91,28.86,70.18,5962,1637,MONSOON,1
2021-07,DMA0587,DMA0411,PILGRIMAGE,5.8,12.3,GUESTHOUSE,11760,196248,13913,11071,46994,DIRECT,45,6.71,23.62,13150,12439,WINTER,1
2022-06,DMA0599,DMA0795,PILGRIMAGE,4.3,1.8,GUESTHOUSE,207702,16958,70568,88281,9664,CORPORATE,15,30.37,74.48,11810,12966,WINTER,1
2023-02,DMA0591,DMA0444,EDUCATION,3.3,11.3,HOMESTAY,304229,58414,67351,91037,47516,DIRECT,84,36.43,44.92,3814,8155,WINTER,1
2020-11,DMA0597,DMA0420,EDUCATION,4.5,12.8,HOTEL,35813,98211,3844,2038,33884,CORPORATE,21,13.51,29.96,25083,22776,MONSOON,0
2025-06,DMA0100,DMA0781,PILGRIMAGE,3.7,13.2,HOSTEL,89244,84540,58523,95453,4396,DIRECT,31,7.52,31.56,23821,16939,SHOULDER,0
2025-09,DMA0639,DMA0623,LEISURE,4.6,12.2,HOMESTAY,340798,77527,82974,98941,26301,OTA,168,10.68,59.65,34289,10278,SUMMER,0
2023-12,DMA0544,DMA0412,MEDICAL,4.3,13.4,GUESTHOUSE,143304,135479,68405,43635,53546,DIRECT,21,36.49,65.99,29044,25636,MONSOON,1
2021-08,DMA0778,DMA0322,VFR,6.4,1.7,HOSTEL,266606,119454,83324,7024,50790,GOV_PORTAL,52,24.62,74.86,32449,3752,SHOULDER,0
2023-08,DMA0613,DMA0519,LEISURE,4.4,14.0,HOTEL,76197,48857,92819,57846,59323,CORPORATE,150,24.14,54.8,2302,27824,SUMMER,0
2023-08,DMA0800,DMA0096,VFR,4.8,1.3,HOMESTAY,77318,115942,40502,79065,3062,CORPORATE,162,25.95,87.45,19915,5459,SHOULDER,0
2021-10,DMA0433,DMA0403,LEISURE,5.9,3.2,DHARAMSHALA,76131,93031,45570,135715,19933,DIRECT,88,22.15,25.35,28437,23768,SHOULDER,1
2022-05,DMA0084,DMA0527,LEISURE,6.0,2.1,RESORT,5263,94172,41982,40849,50712,OTA,170,38.85,29.47,19705,14328,WINTER,1
2022-03,DMA0295,DMA0343,PILGRIMAGE,1.8,10.7,HOTEL,59586,179882,27229,96240,26208,OTA,61,22.84,37.77,1976,27593,MONSOON,0
2022-06,DMA0495,DMA0600,LEISURE,3.5,2.1,SERVICED_APT,131549,88198,72543,64627,14113,AGENT,44,26.82,27.94,11681,6352,SUMMER,1
2024-06,DMA0179,DMA0302,PILGRIMAGE,6.2,4.8,DHARAMSHALA,92177,158771,83807,95490,51880,DIRECT,93,44.09,78.96,4928,7400,WINTER,0
2020-08,DMA0656,DMA0112,EDUCATION,6.3,9.3,HOMESTAY,161107,195068,61137,149641,37005,AGENT,158,20.49,48.31,8778,25696,SUMMER,0
2020-02,DMA0295,DMA0308,PILGRIMAGE,2.0,7.5,HOSTEL,232579,193215,4945,108470,55151,OTA,163,8.42,67.13,1242,13050,SUMMER,1
2022-02,DMA0316,DMA0536,PILGRIMAGE,3.4,2.8,HOMESTAY,301119,48538,68257,81350,43259,AGENT,162,25.33,79.66,34719,7709,FESTIVE,1
2022-01,DMA0740,DMA0054,BUSINESS,2.5,7.8,HOTEL,248452,39070,38348,53269,40248,CORPORATE,13,31.71,62.68,31431,21065,SUMMER,0
2022-01,DMA0704,DMA0693,EDUCATION,5.3,5.4,GUESTHOUSE,33311,110229,24440,26851,16281,CORPORATE,149,5.63,61.61,1140,20196,SHOULDER,0
2019-12,DMA0688,DMA0568,PILGRIMAGE,5.7,8.6,SERVICED_APT,69709,115646,57690,56882,50705,GOV_PORTAL,142,7.29,55.13,26327,3794,SUMMER,1
2023-08,DMA0538,DMA0278,EDUCATION,3.6,8.0,DHARAMSHALA,128976,40754,89211,138536,54163,CORPORATE,71,1.1,74.25,18561,14720,WINTER,1
2019-08,DMA0051,DMA0234,MEDICAL,4.7,13.9,DHARAMSHALA,263846,152995,55432,94751,57542,GOV_PORTAL,177,33.5,61.31,32260,11763,FESTIVE,0
2020-09,DMA0324,DMA0760,MEDICAL,5.8,12.2,GUESTHOUSE,165392,122018,30267,16483,45853,OTA,23,9.1,51.48,17810,19792,FESTIVE,1
2022-03,DMA0614,DMA0198,LEISURE,4.9,1.0,HOTEL,116936,130079,25198,83554,11248,GOV_PORTAL,169,40.55,68.19,22564,18592,SHOULDER,0
2022-12,DMA0622,DMA0431,VFR,1.9,3.3,HOSTEL,146741,98698,40258,32980,38044,DIRECT,39,23.19,95.0,32789,15205,WINTER,1
2020-06,DMA0154,DMA0260,MEDICAL,4.9,12.9,GUESTHOUSE,297613,151902,13357,121217,9068,DIRECT,119,42.99,83.04,21529,7734,FESTIVE,0
2024-03,DMA0532,DMA0162,EDUCATION,1.9,8.0,RESORT,64505,54555,94406,58947,56385,CORPORATE,176,17.24,54.87,29346,15299,FESTIVE,0
2025-11,DMA0205,DMA0179,VFR,4.6,10.9,RESORT,250047,124927,20680,7768,2187,GOV_PORTAL,70,43.01,67.4,28782,14790,FESTIVE,0
2025-02,DMA0071,DMA0231,PILGRIMAGE,2.8,7.5,RESORT,267196,33574,32658,86659,38804,DIRECT,113,43.99,50.53,26174,23298,MONSOON,0
2019-09,DMA0152,DMA0795,VFR,1.3,11.2,HOMESTAY,59848,15558,14872,1109,46625,GOV_PORTAL,136,5.85,60.58,6126,23689,WINTER,1
2021-06,DMA0579,DMA0406,PILGRIMAGE,2.2,2.7,HOSTEL,348026,161061,3221,98332,15397,OTA,127,5.62,77.22,12554,14426,FESTIVE,0
2023-11,DMA0195,DMA0751,BUSINESS,3.6,10.6,HOSTEL,176349,81875,69939,110966,33376,AGENT,170,19.06,85.36,4048,24275,WINTER,0
2023-07,DMA0502,DMA0694,EDUCATION,6.5,12.3,GUESTHOUSE,81962,33972,12254,128399,69,DIRECT,61,18.63,24.77,7748,26996,SHOULDER,1
2024-10,DMA0016,DMA0608,LEISURE,2.4,4.5,HOTEL,241831,112706,15257,94357,2747,GOV_PORTAL,19,29.25,32.85,9340,14607,WINTER,1
2023-02,DMA0223,DMA0569,VFR,6.4,5.8,SERVICED_APT,2462,144291,61018,91510,46932,DIRECT,146,5.07,65.27,6450,13986,SHOULDER,1
2024-01,DMA0673,DMA0453,VFR,3.0,8.7,RESORT,119443,142512,88802,15374,46456,DIRECT,113,34.03,74.87,34664,11653,MONSOON,1
2021-11,DMA0206,DMA0059,EDUCATION,6.3,12.3,DHARAMSHALA,194172,193065,27609,38386,33466,OTA,20,10.12,71.54,20701,8302,SHOULDER,1
2020-02,DMA0505,DMA0297,VFR,6.3,12.8,SERVICED_APT,30450,58728,29565,130715,33883,DIRECT,8,6.78,39.46,29787,9258,SHOULDER,1
2024-09,DMA0690,DMA0161,LEISURE,1.8,7.9,RESORT,280128,30029,11608,55079,14664,AGENT,99,35.75,71.05,27050,23201,SUMMER,0
2022-10,DMA0372,DMA0685,BUSINESS,5.6,9.6,HOTEL,221768,12955,24190,128538,4308,DIRECT,60,3.61,56.03,27600,2294,SHOULDER,0
2025-10,DMA0601,DMA0069,LEISURE,3.8,12.3,HOTEL,199934,129419,75621,42746,3913,OTA,33,32.02,39.1,30304,23801,MONSOON,1
2021-11,DMA0375,DMA0407,MEDICAL,4.8,4.0,RESORT,17219,81337,42153,14737,4406,CORPORATE,107,5.0,89.0,2246,23492,SHOULDER,0
2024-11,DMA0115,DMA0174,LEISURE,5.3,11.7,HOTEL,169116,7536,29847,63159,32540,OTA,160,33.3,61.34,12159,17821,SHOULDER,1
2022-06,DMA0386,DMA0357,MEDICAL,1.7,4.4,HOMESTAY,178661,62853,89852,115061,4815,OTA,81,35.57,87.27,15203,9748,MONSOON,1
2023-05,DMA0571,DMA0288,VFR,5.4,8.6,GUESTHOUSE,93269,90955,62744,14189,11631,GOV_PORTAL,86,26.31,52.6,10934,15590,SHOULDER,1
2020-07,DMA0297,DMA0564,BUSINESS,2.7,13.2,DHARAMSHALA,212565,184255,63057,80156,45906,GOV_PORTAL,58,15.83,69.37,14877,24442,SHOULDER,0
2022-09,DMA0191,DMA0206,PILGRIMAGE,5.0,7.6,DHARAMSHALA,306935,134283,31013,25045,23413,CORPORATE,70,10.63,83.72,15070,24244,WINTER,1
2023-06,DMA0318,DMA0033,BUSINESS,4.2,2.2,SERVICED_APT,140255,109115,89445,11699,12575,AGENT,141,36.4,45.65,5848,25273,SUMMER,1
2024-04,DMA0084,DMA0453,MEDICAL,4.8,12.6,HOMESTAY,280144,113268,78561,29421,5899,DIRECT,52,4.81,86.89,27676,8127,SHOULDER,0
2025-03,DMA0130,DMA0163,BUSINESS,4.4,8.6,RESORT,285003,51360,32988,51335,7831,OTA,83,43.85,47.42,28408,5929,FESTIVE,1
2022-05,DMA0775,DMA0746,EDUCATION,5.5,1.9,GUESTHOUSE,326984,91735,95743,131908,36979,CORPORATE,97,35.06,35.76,3011,24794,MONSOON,1
2020-05,DMA0638,DMA0233,VFR,5.9,1.1,GUESTHOUSE,78495,113436,61903,22309,9641,AGENT,93,31.07,77.73,27886,25258,FESTIVE,1
2019-11,DMA0374,DMA0111,LEISURE,3.5,4.4,DHARAMSHALA,67570,152570,53895,26860,30400,DIRECT,43,44.49,46.12,22107,10595,FESTIVE,1
2019-03,DMA0205,DMA0486,MEDICAL,3.2,2.6,GUESTHOUSE,276183,36134,74911,114245,45742,GOV_PORTAL,156,30.99,94.37,28417,25949,FESTIVE,0
2019-10,DMA0648,DMA0726,MEDICAL,2.3,9.2,HOSTEL,151922,79952,5747,123677,49778,CORPORATE,134,4.68,82.75,34208,25590,FESTIVE,0
2020-12,DMA0259,DMA0070,MEDICAL,5.5,8.8,HOSTEL,341901,161037,88202,33155,13226,OTA,93,14.52,37.98,3092,5049,MONSOON,1
2023-08,DMA0343,DMA0503,VFR,6.3,11.9,GUESTHOUSE,151772,20445,6143,66918,2038,CORPORATE,93,26.34,96.95,34954,6902,SUMMER,0
2021-02,DMA0328,DMA0630,BUSINESS,2.1,7.7,HOSTEL,73607,56534,5970,1019,10537,DIRECT,45,25.89,48.37,33368,6580,FESTIVE,1
2024-09,DMA0033,DMA0098,MEDICAL,3.5,4.3,HOMESTAY,262920,168595,63267,64956,43744,OTA,89,0.45,63.52,7819,13821,WINTER,0
2020-12,DMA0248,DMA0056,PILGRIMAGE,5.2,1.7,SERVICED_APT,165837,165029,37740,65305,43693,OTA,88,11.7,25.74,16160,13175,SHOULDER,0
2022-08,DMA0667,DMA0772,MEDICAL,4.5,1.1,RESORT,332968,66154,20303,65831,13045,AGENT,118,33.13,23.25,1973,5419,FESTIVE,1
2021-02,DMA0779,DMA0322,BUSINESS,5.5,13.0,DHARAMSHALA,48084,36123,84609,37459,42764,OTA,93,29.68,43.06,11813,5944,FESTIVE,0
2024-11,DMA0267,DMA0350,BUSINESS,1.1,2.9,RESORT,265977,164435,73933,24513,7669,DIRECT,161,40.39,20.96,13531,16589,SHOULDER,1
2025-04,DMA0786,DMA0659,PILGRIMAGE,6.0,7.5,DHARAMSHALA,142639,180500,55143,2395,21788,DIRECT,45,43.21,41.65,25814,1492,SHOULDER,1
2023-09,DMA0604,DMA0575,LEISURE,1.3,11.3,SERVICED_APT,277829,134122,25131,128615,12673,DIRECT,18,39.13,60.74,29153,27950,MONSOON,0
2021-12,DMA0489,DMA0700,MEDICAL,3.5,13.1,RESORT,99296,150853,602,31176,17909,OTA,29,24.89,73.89,15310,15875,SHOULDER,1
2020-05,DMA0350,DMA0435,BUSINESS,2.5,3.6,HOTEL,18884,182857,87602,134256,22142,GOV_PORTAL,7,24.43,39.6,32391,26311,SUMMER,1
2025-08,DMA0365,DMA0329,PILGRIMAGE,6.1,4.0,HOMESTAY,138528,28418,37040,136748,48824,CORPORATE,85,16.63,51.77,15106,5481,WINTER,1
2020-06,DMA0074,DMA0133,PILGRIMAGE,2.5,3.3,DHARAMSHALA,267601,165596,92761,29730,18623,DIRECT,17,40.45,49.87,25809,11926,FESTIVE,0
2024-06,DMA0682,DMA0400,VFR,3.1,3.1,RESORT,293577,132490,73770,100541,29479,AGENT,59,37.38,45.55,8940,14601,MONSOON,0
2019-10,DMA0259,DMA0474,BUSINESS,5.9,6.9,RESORT,226776,3676,26400,70943,47410,AGENT,87,35.06,50.31,19769,10417,FESTIVE,1
2024-01,DMA0800,DMA0514,EDUCATION,4.0,9.3,RESORT,96128,12248,3183,18769,16562,OTA,43,35.03,58.07,12824,7634,SUMMER,0
2022-03,DMA0548,DMA0159,BUSINESS,5.9,10.2,SERVICED_APT,294589,156288,82179,121262,17915,OTA,107,38.2,35.48,11394,22503,FESTIVE,0
2020-02,DMA0213,DMA0342,BUSINESS,4.6,5.3,RESORT,15561,65033,39279,90051,47306,AGENT,51,41.35,56.24,31884,12118,WINTER,0
2022-11,DMA0567,DMA0417,VFR,1.4,9.1,HOSTEL,117837,18912,32920,33969,58334,OTA,109,36.95,40.32,21460,25149,SUMMER,1
2019-10,DMA0498,DMA0552,EDUCATION,3.4,1.0,SERVICED_APT,63685,117321,74505,147451,42884,AGENT,7,36.68,24.96,29500,10795,FESTIVE,1
2023-07,DMA0455,DMA0127,PILGRIMAGE,2.0,12.5,HOSTEL,234074,93008,26461,66314,36790,CORPORATE,140,29.71,36.66,23190,11708,SHOULDER,0
2020-12,DMA0629,DMA0699,PILGRIMAGE,1.4,12.3,HOMESTAY,319521,158838,56556,98014,16048,GOV_PORTAL,169,20.61,92.86,31799,26607,SHOULDER,0
2022-04,DMA0025,DMA0735,LEISURE,3.1,8.1,HOMESTAY,232869,184838,34869,20834,49346,DIRECT,77,24.79,59.41,31196,13643,WINTER,1
2024-03,DMA0446,DMA0390,PILGRIMAGE,6.0,4.2,RESORT,36026,153311,83176,46833,4789,CORPORATE,19,24.09,96.64,3556,27670,SUMMER,1
2021-10,DMA0418,DMA0430,EDUCATION,1.6,13.6,RESORT,151649,125862,67035,110642,45137,OTA,162,37.09,37.57,12595,25533,MONSOON,1
2023-01,DMA0153,DMA0767,BUSINESS,1.0,11.5,RESORT,311582,159898,95424,7375,35933,CORPORATE,71,11.97,42.78,13082,12190,SHOULDER,1
2024-03,DMA0457,DMA0171,VFR,6.1,1.2,HOTEL,186580,101049,70904,112207,12017,GOV_PORTAL,65,16.34,69.95,13443,18246,SHOULDER,0
2019-09,DMA0520,DMA0497,EDUCATION,3.9,7.1,DHARAMSHALA,162311,769,51049,7798,27028,AGENT,86,25.07,47.72,26635,23704,FESTIVE,0
2022-11,DMA0053,DMA0524,EDUCATION,4.1,2.3,GUESTHOUSE,243090,132239,66602,122088,4938,AGENT,48,44.32,48.17,12719,21553,SUMMER,0
2022-09,DMA0483,DMA0346,EDUCATION,6.1,2.7,DHARAMSHALA,137406,33682,50300,28231,13260,AGENT,91,22.02,85.83,30677,1736,SHOULDER,0
2021-12,DMA0236,DMA0772,LEISURE,4.9,1.0,HOSTEL,178076,62636,93443,101943,50932,OTA,128,5.69,22.28,22682,7796,FESTIVE,1
2019-09,DMA0476,DMA0115,PILGRIMAGE,5.5,9.9,RESORT,146831,67744,16649,32594,58444,GOV_PORTAL,178,30.33,71.96,2911,18707,MONSOON,1
2019-11,DMA0522,DMA0049,VFR,5.2,4.3,DHARAMSHALA,289658,121805,34275,91809,47675,GOV_PORTAL,85,27.73,88.66,892,1676,MONSOON,0
2025-05,DMA0590,DMA0773,MEDICAL,4.4,5.0,DHARAMSHALA,323102,138854,70298,128707,35394,OTA,53,38.1,33.59,10073,7299,SHOULDER,0
2020-12,DMA0349,DMA0381,PILGRIMAGE,4.8,1.6,HOTEL,340183,57117,34687,57594,27791,DIRECT,25,38.47,51.47,14936,22965,SHOULDER,1
2019-01,DMA0129,DMA0408,VFR,4.1,1.1,HOTEL,168747,12278,81531,99496,537,AGENT,77,11.66,83.11,30575,24929,SHOULDER,1
2024-01,DMA0698,DMA0133,BUSINESS,3.0,11.3,SERVICED_APT,161705,22396,10450,28687,16333,CORPORATE,94,2.04,61.74,32762,8787,SUMMER,1
2024-09,DMA0462,DMA0773,EDUCATION,2.6,9.6,HOTEL,92100,123126,24946,7012,48643,CORPORATE,21,35.33,47.9,3611,18706,SHOULDER,1
2020-09,DMA0788,DMA0200,EDUCATION,2.0,6.0,HOSTEL,108061,160526,9155,40597,2916,CORPORATE,176,29.36,68.82,3628,21125,FESTIVE,0
2019-04,DMA0486,DMA0246,MEDICAL,2.9,1.9,DHARAMSHALA,69382,147494,16759,87375,26713,DIRECT,108,6.36,45.33,23808,10594,MONSOON,0
2023-10,DMA0484,DMA0483,LEISURE,4.2,11.1,SERVICED_APT,100681,157528,18305,124872,47461,OTA,173,44.35,68.85,26240,6765,SUMMER,0
2024-12,DMA0233,DMA0567,LEISURE,4.2,13.0,GUESTHOUSE,292759,182498,68480,28642,42382,OTA,144,41.67,31.31,28559,3461,MONSOON,1
2019-07,DMA0072,DMA0193,BUSINESS,4.8,7.9,RESORT,101150,166052,74925,66966,24980,AGENT,107,32.54,37.58,17396,10140,SUMMER,1
2019-01,DMA0766,DMA0706,VFR,5.8,2.8,RESORT,238376,115959,18463,27706,26811,DIRECT,93,2.42,21.15,24614,14064,MONSOON,1
2024-09,DMA0294,DMA0519,MEDICAL,4.6,9.5,GUESTHOUSE,61946,192163,69825,122232,32552,CORPORATE,135,9.6,34.39,11659,5331,SHOULDER,0
2025-05,DMA0170,DMA0015,PILGRIMAGE,1.9,1.9,HOSTEL,345508,85691,52605,84955,37836,OTA,60,14.61,30.2,12409,1413,SHOULDER,1
2024-04,DMA0252,DMA0590,BUSINESS,1.1,3.2,HOTEL,48771,9086,45897,27045,32076,DIRECT,1,2.52,66.65,33519,26034,FESTIVE,0
2025-04,DMA0344,DMA0157,EDUCATION,2.1,7.1,RESORT,49443,22320,11505,142396,28069,GOV_PORTAL,47,37.23,93.66,32629,10402,SHOULDER,1
2019-08,DMA0007,DMA0626,EDUCATION,6.0,4.2,HOTEL,44529,61001,23487,8438,5177,DIRECT,45,3.45,36.8,17968,27067,MONSOON,1
2023-12,DMA0718,DMA0514,BUSINESS,4.1,13.1,GUESTHOUSE,153812,97703,30542,19850,51217,AGENT,60,9.24,30.09,21823,24694,FESTIVE,1
2021-10,DMA0020,DMA0698,BUSINESS,5.7,11.5,RESORT,29272,59750,2491,23993,19759,CORPORATE,133,14.35,61.75,35000,19961,MONSOON,0
2019-09,DMA0538,DMA0327,BUSINESS,2.3,4.6,RESORT,34987,49684,76589,17684,19775,OTA,12,14.94,34.12,33668,5052,WINTER,0
2025-01,DMA0089,DMA0778,PILGRIMAGE,4.9,13.5,RESORT,240059,41821,98536,40214,50383,OTA,156,11.93,62.25,10693,7558,FESTIVE,0
2022-09,DMA0500,DMA0473,BUSINESS,5.0,5.9,SERVICED_APT,22079,671,97314,84791,46836,GOV_PORTAL,62,44.04,59.35,19928,26976,FESTIVE,0
2025-10,DMA0340,DMA0311,LEISURE,5.5,8.4,HOMESTAY,172188,27851,84544,2328,3887,GOV_PORTAL,98,43.24,21.51,5603,12807,SUMMER,0
2020-05,DMA0056,DMA0602,LEISURE,3.9,8.3,GUESTHOUSE,84183,128245,63425,90183,11082,GOV_PORTAL,45,27.91,95.22,30222,24178,MONSOON,1
2019-07,DMA0710,DMA0426,EDUCATION,5.4,9.4,GUESTHOUSE,267042,86354,49799,27268,37721,AGENT,161,5.63,35.71,6815,24928,MONSOON,1
2023-03,DMA0767,DMA0454,BUSINESS,6.1,4.2,HOTEL,105548,194865,60456,54439,35688,CORPORATE,83,31.8,89.8,31461,16608,MONSOON,1
2020-04,DMA0455,DMA0452,EDUCATION,6.3,13.0,SERVICED_APT,224771,92633,51791,76144,22080,GOV_PORTAL,105,43.89,49.88,31740,21032,SHOULDER,1
2023-09,DMA0228,DMA0525,VFR,1.7,4.5,HOSTEL,5573,176867,25602,149753,30943,CORPORATE,142,44.93,32.35,4904,9464,SUMMER,0
2021-01,DMA0062,DMA0165,LEISURE,4.4,9.6,RESORT,215883,196675,10799,22033,33516,CORPORATE,121,27.75,28.33,2192,6359,SUMMER,0
2020-10,DMA0241,DMA0136,MEDICAL,1.6,11.0,RESORT,18726,64265,46416,10164,35577,GOV_PORTAL,73,8.49,59.83,1508,17923,MONSOON,1
2023-07,DMA0384,DMA0252,EDUCATION,6.1,12.5,DHARAMSHALA,82344,72638,61779,30780,29632,CORPORATE,23,37.43,48.22,32317,10237,SHOULDER,0
2021-10,DMA0446,DMA0552,VFR,6.3,6.9,RESORT,188932,99738,70913,6233,32563,OTA,81,28.02,91.57,13455,27275,MONSOON,0
2020-03,DMA0788,DMA0603,BUSINESS,3.7,10.3,GUESTHOUSE,273887,11905,31570,73522,54703,CORPORATE,130,20.35,35.71,18474,24840,SHOULDER,0
2020-04,DMA0494,DMA0137,PILGRIMAGE,6.3,2.1,RESORT,10718,148189,10071,110521,49798,CORPORATE,27,6.75,76.44,11185,24956,WINTER,0
2020-04,DMA0402,DMA0637,EDUCATION,5.2,11.1,GUESTHOUSE,161619,17472,23917,49442,7357,OTA,177,10.79,34.49,5157,19149,SUMMER,1
2022-02,DMA0456,DMA0444,VFR,4.8,10.8,HOSTEL,153893,35075,38444,17113,13709,OTA,75,26.04,87.99,3867,4450,WINTER,1
2021-08,DMA0539,DMA0715,MEDICAL,4.2,6.3,HOSTEL,86311,42319,28981,3125,29800,DIRECT,143,11.73,59.82,13880,27159,FESTIVE,0
2022-07,DMA0351,DMA0217,EDUCATION,3.2,5.1,GUESTHOUSE,126589,146490,56887,34144,24209,DIRECT,176,21.5,84.83,22759,1752,SUMMER,0
2023-02,DMA0430,DMA0087,VFR,6.3,5.9,SERVICED_APT,344103,11013,27018,13562,9688,GOV_PORTAL,169,32.2,54.13,17945,14093,WINTER,1
2023-09,DMA0297,DMA0745,LEISURE,2.1,2.2,RESORT,287760,27333,68790,30253,52172,AGENT,2,44.43,33.67,23571,19745,WINTER,1
2022-02,DMA0085,DMA0497,LEISURE,5.4,9.3,DHARAMSHALA,91905,40994,27408,31096,38243,CORPORATE,160,1.98,62.07,15538,4549,FESTIVE,0
2020-11,DMA0564,DMA0696,PILGRIMAGE,3.0,12.9,DHARAMSHALA,62256,85950,25784,33287,52733,CORPORATE,0,35.85,41.26,22926,9147,SHOULDER,0
2021-12,DMA0387,DMA0174,EDUCATION,5.1,9.7,GUESTHOUSE,89298,175142,89003,110938,25232,AGENT,50,5.75,34.4,24661,26637,FESTIVE,1
2023-02,DMA0314,DMA0402,EDUCATION,1.9,8.5,RESORT,268767,31770,59982,50437,49782,GOV_PORTAL,124,42.46,90.49,24721,9042,SHOULDER,1
2020-01,DMA0346,DMA0585,VFR,3.1,13.9,RESORT,341158,158852,42684,62575,47012,CORPORATE,136,34.65,63.01,5246,21259,FESTIVE,1
2019-04,DMA0511,DMA0117,EDUCATION,6.2,8.0,SERVICED_APT,99365,85241,63808,108028,51165,DIRECT,15,17.9,82.42,32687,1770,SUMMER,1
2021-12,DMA0763,DMA0631,EDUCATION,4.1,5.5,HOMESTAY,94626,14369,38547,111416,5072,CORPORATE,158,23.07,80.53,33618,2737,WINTER,0
2024-03,DMA0478,DMA0315,PILGRIMAGE,3.7,10.2,GUESTHOUSE,236836,70420,68247,39114,1673,OTA,48,30.45,20.08,16139,23711,WINTER,1
2025-12,DMA0727,DMA0317,VFR,5.1,7.8,HOTEL,335085,59208,76639,111681,19535,CORPORATE,5,25.25,89.1,8412,6342,SHOULDER,1
2025-07,DMA0708,DMA0495,BUSINESS,3.3,13.6,HOTEL,86775,152168,20095,5710,53485,CORPORATE,102,44.1,80.32,34242,4743,FESTIVE,1
2023-06,DMA0120,DMA0496,VFR,3.7,12.7,HOSTEL,142779,67754,92422,81669,25313,OTA,115,44.94,40.96,1063,575,MONSOON,1
2025-07,DMA0425,DMA0436,EDUCATION,4.1,13.3,RESORT,71717,161900,85601,56092,14102,DIRECT,29,2.57,37.89,24239,3342,SUMMER,1
2025-05,DMA0203,DMA0265,VFR,6.4,1.0,SERVICED_APT,51389,48316,2274,116149,35470,OTA,106,32.75,24.43,27531,26285,MONSOON,0
2023-12,DMA0230,DMA0234,BUSINESS,5.4,5.3,RESORT,254831,187655,65036,148901,42054,AGENT,172,33.61,27.21,5212,19891,WINTER,0
2020-02,DMA0289,DMA0014,MEDICAL,1.2,9.2,HOMESTAY,233746,46218,20386,16831,6818,DIRECT,99,35.56,35.18,2673,7155,FESTIVE,1
2023-12,DMA0740,DMA0332,LEISURE,5.3,5.0,RESORT,315035,82883,47836,76776,56273,CORPORATE,88,41.27,20.27,25045,19366,SHOULDER,0
2023-12,DMA0038,DMA0232,VFR,3.8,9.5,HOSTEL,289902,60147,33558,80443,31566,OTA,28,26.7,44.63,21258,1772,SHOULDER,1
2020-10,DMA0146,DMA0273,PILGRIMAGE,2.3,10.3,GUESTHOUSE,31917,123553,44219,32517,31658,OTA,179,11.45,91.93,13643,8060,SHOULDER,0
2024-05,DMA0438,DMA0529,BUSINESS,5.7,9.1,GUESTHOUSE,294185,39182,90818,100101,36247,DIRECT,28,30.23,63.31,22464,8814,WINTER,0
2024-05,DMA0049,DMA0307,MEDICAL,2.5,7.0,SERVICED_APT,254616,107383,64083,70199,33830,OTA,118,14.53,65.29,6335,13111,SUMMER,0
2021-07,DMA0317,DMA0440,LEISURE,2.8,10.1,HOSTEL,268397,29442,65042,31909,52168,AGENT,67,15.41,38.47,24046,16399,MONSOON,1
2024-05,DMA0528,DMA0242,LEISURE,1.3,11.1,DHARAMSHALA,221320,178503,77792,149696,17096,GOV_PORTAL,103,27.58,37.56,15650,13376,WINTER,0
2020-10,DMA0214,DMA0625,PILGRIMAGE,6.4,10.0,HOMESTAY,45774,50598,20363,92897,24608,CORPORATE,84,13.01,48.65,27655,18414,FESTIVE,1
2024-06,DMA0597,DMA0036,MEDICAL,5.4,11.6,GUESTHOUSE,252458,139998,31284,74870,39713,AGENT,10,31.25,40.45,19865,5472,SHOULDER,1
2025-01,DMA0754,DMA0318,PILGRIMAGE,1.8,13.3,HOSTEL,266354,93403,19229,142052,50710,OTA,76,38.39,86.96,12806,3604,FESTIVE,0
2019-04,DMA0543,DMA0018,LEISURE,3.7,2.3,RESORT,72461,110659,14194,41052,25655,GOV_PORTAL,147,44.35,33.84,3897,5297,WINTER,1
2025-07,DMA0095,DMA0501,EDUCATION,2.9,12.8,GUESTHOUSE,68703,141717,38623,80411,15660,CORPORATE,73,7.58,72.64,22502,12840,FESTIVE,1
2019-07,DMA0667,DMA0734,VFR,1.2,4.6,HOSTEL,274493,170945,94416,46758,39669,AGENT,95,20.49,58.19,27873,24074,MONSOON,0
2024-12,DMA0500,DMA0567,BUSINESS,6.1,8.3,HOMESTAY,230131,106318,12337,29891,57439,DIRECT,171,33.33,72.82,25148,6375,SHOULDER,0
2021-03,DMA0681,DMA0362,BUSINESS,5.6,13.3,SERVICED_APT,302567,5813,87005,121106,58772,CORPORATE,138,25.98,85.11,19348,22234,MONSOON,1
2022-09,DMA0626,DMA0379,PILGRIMAGE,6.4,9.1,DHARAMSHALA,289528,101008,50146,7935,18879,DIRECT,127,2.91,46.63,29315,12855,SHOULDER,1
2024-01,DMA0771,DMA0636,VFR,2.3,2.1,GUESTHOUSE,341729,87032,99844,92219,27861,CORPORATE,160,15.66,62.18,31917,10017,SHOULDER,1
2022-03,DMA0607,DMA0426,LEISURE,4.8,7.5,SERVICED_APT,157043,111183,46088,89831,15745,OTA,58,35.72,58.91,12261,7918,FESTIVE,0
2019-05,DMA0674,DMA0485,BUSINESS,1.6,12.6,HOMESTAY,309297,166101,90453,12727,17579,AGENT,67,22.18,49.11,8818,4881,FESTIVE,1
2025-10,DMA0474,DMA0782,BUSINESS,3.4,6.4,HOTEL,178390,193161,13239,128847,56584,CORPORATE,48,31.25,83.33,31142,12453,SHOULDER,0
2025-07,DMA0728,DMA0266,PILGRIMAGE,5.7,12.0,HOMESTAY,217964,151089,15652,28318,37849,DIRECT,14,28.82,20.8,22109,22749,SHOULDER,0
2023-07,DMA0138,DMA0773,MEDICAL,1.0,11.3,HOSTEL,241428,199012,35035,107081,2899,CORPORATE,130,42.45,44.19,13850,27997,FESTIVE,1
2019-02,DMA0057,DMA0745,BUSINESS,3.6,12.8,RESORT,159227,41763,58408,44642,19624,CORPORATE,85,38.62,84.9,24825,1532,FESTIVE,1
2021-01,DMA0166,DMA0349,EDUCATION,3.4,4.4,GUESTHOUSE,85392,8653,89966,113643,9038,CORPORATE,138,15.47,88.03,15948,16922,WINTER,0
2021-08,DMA0205,DMA0243,PILGRIMAGE,4.8,7.5,HOMESTAY,39074,131430,87579,147498,47783,OTA,74,22.4,74.11,5311,22323,FESTIVE,0
2023-10,DMA0613,DMA0480,LEISURE,2.3,5.4,GUESTHOUSE,100350,55927,27576,142903,52281,AGENT,7,21.44,46.58,34836,2003,MONSOON,1
2020-10,DMA0774,DMA0507,BUSINESS,2.0,7.9,GUESTHOUSE,254397,55256,58392,129057,54499,GOV_PORTAL,36,12.55,84.14,16339,23471,WINTER,0
2023-04,DMA0142,DMA0351,PILGRIMAGE,4.6,1.2,DHARAMSHALA,157686,177428,87397,106458,54740,CORPORATE,155,27.95,26.56,26296,12043,MONSOON,1
2025-02,DMA0734,DMA0165,MEDICAL,4.5,4.1,HOSTEL,37502,163396,94868,35667,48718,CORPORATE,19,11.72,40.7,2760,9159,WINTER,1
2024-01,DMA0743,DMA0161,VFR,5.1,13.7,HOSTEL,32114,60965,18567,72394,40313,OTA,114,7.19,27.21,20259,6655,WINTER,1
2025-04,DMA0753,DMA0222,BUSINESS,2.4,8.8,SERVICED_APT,14137,112108,77613,103228,37014,DIRECT,21,4.96,28.6,5369,25205,SHOULDER,1
2020-09,DMA0714,DMA0103,PILGRIMAGE,1.1,3.3,SERVICED_APT,184299,150118,5165,63756,37956,GOV_PORTAL,57,12.89,66.26,9472,3468,WINTER,1
2024-02,DMA0054,DMA0609,VFR,5.8,7.6,HOTEL,299800,87291,37411,69234,46587,GOV_PORTAL,173,21.29,25.62,23811,22723,SUMMER,1
2020-03,DMA0154,DMA0010,MEDICAL,2.1,10.1,RESORT,102228,120739,15454,18798,32801,GOV_PORTAL,111,5.2,73.03,25764,24221,WINTER,1
2019-11,DMA0226,DMA0448,EDUCATION,3.3,8.8,SERVICED_APT,153433,82816,26087,44353,37527,OTA,22,30.41,47.21,18383,3199,WINTER,0
2022-10,DMA0285,DMA0186,BUSINESS,3.6,7.5,HOTEL,264397,85773,94744,3050,39321,GOV_PORTAL,97,39.16,24.34,22821,12799,MONSOON,1
2024-11,DMA0062,DMA0703,PILGRIMAGE,2.0,9.8,HOSTEL,53501,176038,55279,29741,26183,DIRECT,33,19.22,42.28,5177,23917,WINTER,1
2021-06,DMA0392,DMA0163,VFR,3.9,3.2,HOTEL,133724,22294,26477,3477,18439,AGENT,177,39.3,51.15,26546,3014,FESTIVE,0
2020-02,DMA0679,DMA0561,LEISURE,6.0,6.7,SERVICED_APT,122404,82082,60677,79484,19305,GOV_PORTAL,46,6.79,48.59,16337,27331,MONSOON,0
2022-04,DMA0402,DMA0505,LEISURE,2.5,10.8,HOMESTAY,260031,81631,99058,984,15479,CORPORATE,176,3.49,59.79,20682,7069,MONSOON,1
2024-10,DMA0713,DMA0156,PILGRIMAGE,3.9,8.5,DHARAMSHALA,330695,78562,44195,88206,15813,DIRECT,130,36.62,59.22,31896,21742,MONSOON,1
2023-02,DMA0790,DMA0055,VFR,2.7,12.8,SERVICED_APT,210079,176604,55068,133083,51801,DIRECT,157,43.86,48.05,24606,2414,MONSOON,0
2022-10,DMA0658,DMA0490,LEISURE,6.4,6.8,HOMESTAY,137307,17843,33533,58089,7914,GOV_PORTAL,22,15.33,90.14,21746,8073,FESTIVE,0
2024-12,DMA0677,DMA0137,BUSINESS,2.2,2.7,GUESTHOUSE,125896,77916,48880,99141,3361,CORPORATE,64,29.58,37.16,17931,846,MONSOON,1
2021-12,DMA0367,DMA0685,PILGRIMAGE,1.6,1.6,HOTEL,276233,69921,40830,49977,29363,DIRECT,17,29.45,46.54,11949,20382,MONSOON,1
2023-08,DMA0161,DMA0411,MEDICAL,1.8,7.2,DHARAMSHALA,102726,14101,48165,87023,1963,OTA,179,30.85,63.19,22577,3088,FESTIVE,0
2019-12,DMA0749,DMA0425,EDUCATION,3.0,6.7,HOTEL,342488,172210,46708,1101,35162,GOV_PORTAL,24,25.75,39.13,24343,17495,WINTER,0
2024-09,DMA0048,DMA0122,BUSINESS,4.0,4.3,HOSTEL,181081,31979,87194,72250,8529,CORPORATE,1,11.54,31.72,33972,26054,SUMMER,0
2025-05,DMA0386,DMA0661,PILGRIMAGE,4.7,8.7,HOTEL,299843,149710,53877,107200,45183,AGENT,72,3.64,20.49,6264,1284,WINTER,1
2020-07,DMA0249,DMA0332,LEISURE,4.1,4.3,SERVICED_APT,159892,22942,5241,116002,56769,DIRECT,118,0.61,93.73,27504,11135,FESTIVE,0
2020-10,DMA0026,DMA0007,MEDICAL,6.0,3.8,DHARAMSHALA,307074,14987,65146,99140,21400,AGENT,53,8.11,81.17,21274,23493,WINTER,0
2019-12,DMA0145,DMA0790,BUSINESS,3.0,9.1,GUESTHOUSE,324412,119300,20894,81113,48303,CORPORATE,143,5.4,89.33,9005,22633,MONSOON,0
2021-08,DMA0260,DMA0608,EDUCATION,4.9,13.3,HOSTEL,178523,77551,98829,130983,39944,OTA,42,1.72,23.14,11778,22375,FESTIVE,1
2022-02,DMA0009,DMA0579,VFR,2.5,3.6,GUESTHOUSE,166219,173343,44122,25134,48783,CORPORATE,104,4.07,25.72,29635,4210,FESTIVE,1
2024-01,DMA0500,DMA0076,MEDICAL,4.7,3.4,HOMESTAY,14507,166069,18699,112355,8644,AGENT,171,2.19,63.05,31406,22626,SUMMER,0
2022-02,DMA0266,DMA0186,EDUCATION,6.1,7.8,HOSTEL,17706,148784,57080,141873,6770,CORPORATE,15,24.66,21.81,16144,25883,SUMMER,0
2025-09,DMA0241,DMA0461,LEISURE,6.4,2.6,RESORT,58411,70555,13534,85938,48920,CORPORATE,6,2.57,41.17,25196,9308,WINTER,0
2025-08,DMA0325,DMA0342,EDUCATION,5.0,4.8,GUESTHOUSE,47468,157379,72168,130103,43947,DIRECT,154,44.83,95.86,28463,6623,MONSOON,1
2019-12,DMA0552,DMA0170,MEDICAL,6.2,13.9,RESORT,311359,178934,6931,107881,15062,CORPORATE,17,22.58,47.88,5872,19017,SUMMER,0
2022-10,DMA0177,DMA0230,LEISURE,4.7,11.9,RESORT,141557,47882,93382,17150,387,OTA,134,40.55,96.39,34469,1388,WINTER,0
2025-08,DMA0470,DMA0309,PILGRIMAGE,6.3,10.2,GUESTHOUSE,225126,131194,7595,62750,33630,DIRECT,85,21.95,29.24,17083,16393,WINTER,0
2024-09,DMA0489,DMA0028,EDUCATION,5.9,1.3,SERVICED_APT,318161,183115,82690,57360,36651,OTA,61,6.11,50.04,6375,8000,SHOULDER,0
2024-12,DMA0531,DMA0570,BUSINESS,1.6,4.4,HOSTEL,293620,96187,76580,93948,43719,AGENT,60,37.83,20.45,28959,23617,SHOULDER,0
2024-11,DMA0037,DMA0773,EDUCATION,3.6,8.4,DHARAMSHALA,284991,137393,59797,25086,54885,CORPORATE,61,10.7,66.14,16787,19297,MONSOON,1
2021-02,DMA0225,DMA0606,PILGRIMAGE,2.9,10.2,RESORT,28293,173000,93938,85314,12654,GOV_PORTAL,12,1.82,46.66,11077,18559,SHOULDER,1
2025-05,DMA0242,DMA0183,MEDICAL,1.1,9.7,HOSTEL,330717,96196,22333,4155,42024,CORPORATE,58,8.6,59.31,30297,1818,MONSOON,0
2022-10,DMA0390,DMA0480,PILGRIMAGE,3.6,3.4,RESORT,14391,78572,60529,34719,20240,GOV_PORTAL,153,26.98,81.99,4087,16662,MONSOON,0
2020-05,DMA0320,DMA0045,BUSINESS,1.8,7.1,GUESTHOUSE,35794,108430,21637,112910,10364,DIRECT,16,19.56,62.99,24374,7131,FESTIVE,1
2019-07,DMA0543,DMA0506,MEDICAL,1.2,3.6,HOTEL,132863,68465,12251,89483,56260,AGENT,144,7.27,71.89,22067,11935,WINTER,1
2025-01,DMA0565,DMA0649,PILGRIMAGE,3.4,13.0,DHARAMSHALA,231402,49950,65974,9862,39186,GOV_PORTAL,15,23.98,56.83,2819,21210,SHOULDER,1
2025-02,DMA0033,DMA0263,EDUCATION,2.3,8.2,HOSTEL,133788,174911,77461,105854,17295,CORPORATE,12,42.89,78.34,29597,15341,SUMMER,0
2024-04,DMA0529,DMA0135,PILGRIMAGE,6.1,6.1,RESORT,41262,14028,99497,6168,18236,CORPORATE,18,32.7,67.0,18769,1264,MONSOON,0
2022-06,DMA0577,DMA0730,PILGRIMAGE,5.5,12.9,HOTEL,192553,141097,2238,146253,25098,CORPORATE,92,3.12,87.54,34089,27696,MONSOON,1
2023-05,DMA0767,DMA0353,VFR,6.3,12.8,DHARAMSHALA,314673,115948,90992,113304,9857,AGENT,75,14.39,78.96,20258,22048,WINTER,1
2020-02,DMA0579,DMA0050,MEDICAL,5.8,7.6,HOTEL,1842,113434,10270,66994,33796,GOV_PORTAL,119,31.16,38.1,18443,17995,WINTER,1
2022-01,DMA0173,DMA0735,BUSINESS,5.0,9.9,HOTEL,49049,191719,57006,96892,12770,GOV_PORTAL,53,6.31,60.91,18148,5809,SHOULDER,0
2020-01,DMA0228,DMA0620,MEDICAL,4.3,5.1,DHARAMSHALA,331298,87890,51119,94547,6390,AGENT,176,24.24,88.25,2891,13471,SHOULDER,0
2024-12,DMA0088,DMA0526,EDUCATION,1.4,5.0,GUESTHOUSE,168705,529,68684,127663,47423,OTA,156,24.58,86.99,8556,7746,MONSOON,1
2023-04,DMA0233,DMA0751,MEDICAL,2.5,8.1,GUESTHOUSE,33636,105943,84599,122824,36862,DIRECT,22,3.98,57.22,21681,4348,FESTIVE,1
2025-02,DMA0752,DMA0355,PILGRIMAGE,4.9,12.0,GUESTHOUSE,118803,2084,3270,89615,14352,AGENT,121,27.28,44.47,20166,22528,SUMMER,1
2021-09,DMA0718,DMA0222,LEISURE,3.2,8.8,GUESTHOUSE,258627,169052,90227,3322,57188,CORPORATE,128,40.5,36.43,32686,3439,SUMMER,0
2020-08,DMA0037,DMA0291,PILGRIMAGE,2.8,7.0,HOSTEL,303358,159874,71633,132581,8380,OTA,106,29.33,35.16,21040,19315,MONSOON,1
2024-08,DMA0348,DMA0191,LEISURE,1.6,9.6,SERVICED_APT,278130,59722,1668,61959,41046,GOV_PORTAL,68,41.2,31.22,31616,18173,WINTER,1
2019-01,DMA0283,DMA0531,VFR,1.4,11.6,RESORT,278353,193566,40402,15169,27317,DIRECT,47,27.61,97.97,29453,25151,MONSOON,1
2025-11,DMA0148,DMA0315,VFR,2.2,11.2,HOSTEL,239071,75670,83834,37195,14634,CORPORATE,3,33.83,71.68,9235,15100,MONSOON,0
2024-01,DMA0463,DMA0320,LEISURE,5.6,5.8,HOTEL,194435,35399,7108,107295,8785,CORPORATE,10,40.17,44.54,14115,19757,SUMMER,0
2023-06,DMA0108,DMA0705,PILGRIMAGE,4.6,13.2,DHARAMSHALA,199311,18406,96598,122785,36516,CORPORATE,170,20.85,42.87,6548,11661,MONSOON,0
2025-03,DMA0070,DMA0512,PILGRIMAGE,2.9,1.2,RESORT,92865,11293,24738,806,28866,AGENT,13,7.11,43.83,2149,8030,MONSOON,1
2022-01,DMA0691,DMA0017,MEDICAL,1.3,6.9,RESORT,336701,10319,86732,121625,55073,GOV_PORTAL,31,5.37,88.05,34020,16874,WINTER,0
2024-07,DMA0110,DMA0214,MEDICAL,2.0,12.8,DHARAMSHALA,303127,26515,23092,131945,37079,OTA,111,42.91,60.03,11694,3365,FESTIVE,1
2025-09,DMA0462,DMA0268,VFR,3.5,10.0,DHARAMSHALA,40061,141371,70404,103938,4602,DIRECT,99,24.61,41.18,31122,22821,SUMMER,1
2022-04,DMA0167,DMA0311,MEDICAL,1.8,10.2,HOTEL,294266,26147,70484,105660,28865,CORPORATE,76,30.74,82.28,30171,6311,FESTIVE,0
2020-08,DMA0377,DMA0408,MEDICAL,5.2,3.0,HOMESTAY,223994,168674,48599,124904,31187,AGENT,177,27.53,78.52,16149,10845,WINTER,0
2021-11,DMA0362,DMA0231,MEDICAL,5.3,8.6,SERVICED_APT,210811,4236,95723,61423,13895,AGENT,8,25.42,56.47,8224,21173,SHOULDER,0
2022-04,DMA0030,DMA0132,VFR,1.8,13.6,DHARAMSHALA,82431,17086,88145,17435,28268,DIRECT,158,25.17,73.72,5487,25852,MONSOON,0
2025-07,DMA0559,DMA0087,MEDICAL,5.0,3.8,RESORT,139313,5875,47165,99311,38395,OTA,178,21.29,77.58,19808,800,FESTIVE,0
2025-03,DMA0687,DMA0509,LEISURE,3.8,5.3,SERVICED_APT,313710,165899,4903,99446,50922,AGENT,117,39.8,23.86,27577,3910,MONSOON,0
2020-01,DMA0050,DMA0516,BUSINESS,6.3,6.1,SERVICED_APT,252808,142263,83188,110453,38811,AGENT,177,5.44,88.29,16698,17099,MONSOON,1
2020-11,DMA0284,DMA0789,BUSINESS,5.3,5.7,HOSTEL,198654,135446,45386,67378,52153,GOV_PORTAL,104,32.21,42.38,28245,23875,SUMMER,0
2020-01,DMA0799,DMA0027,MEDICAL,4.2,9.2,RESORT,326017,80565,13617,121381,31432,GOV_PORTAL,119,30.63,96.53,31800,7548,FESTIVE,1
2022-12,DMA0201,DMA0523,MEDICAL,4.3,4.0,SERVICED_APT,288901,116433,98924,3825,3613,OTA,157,2.81,90.84,34493,10050,SHOULDER,0
2023-02,DMA0252,DMA0190,MEDICAL,2.0,7.6,DHARAMSHALA,241559,62619,80335,13301,18235,DIRECT,25,9.77,21.51,5324,9630,SUMMER,0
2025-08,DMA0706,DMA0320,LEISURE,5.9,6.2,DHARAMSHALA,117267,149177,83144,19986,45237,CORPORATE,109,35.45,68.43,15830,26499,MONSOON,0
2025-06,DMA0047,DMA0600,VFR,4.1,9.4,HOTEL,293271,55517,50842,102079,59220,AGENT,138,10.52,95.28,24490,23595,FESTIVE,1
2023-04,DMA0173,DMA0667,BUSINESS,4.2,4.1,SERVICED_APT,334015,105572,24335,26865,22963,CORPORATE,130,26.0,64.07,22722,15517,FESTIVE,1
2021-03,DMA0129,DMA0123,PILGRIMAGE,4.2,8.2,HOTEL,277689,148800,20616,88247,31950,CORPORATE,149,3.77,68.02,16644,3610,SUMMER,1
2022-02,DMA0194,DMA0448,MEDICAL,2.5,10.6,DHARAMSHALA,66254,170270,90341,65964,31419,CORPORATE,176,10.03,92.62,7769,21392,SHOULDER,0
2025-05,DMA0496,DMA0548,PILGRIMAGE,5.5,10.0,HOSTEL,314827,166087,4678,58699,18736,OTA,54,40.09,64.68,16187,24352,SUMMER,0
2024-07,DMA0631,DMA0603,EDUCATION,5.7,11.8,HOTEL,241138,141550,28956,686,59226,DIRECT,85,16.28,39.06,16033,25979,SHOULDER,1
2024-09,DMA0476,DMA0759,LEISURE,2.6,13.4,RESORT,180934,67467,47212,115026,32363,DIRECT,62,36.26,55.9,26732,3266,SUMMER,0
2023-11,DMA0356,DMA0476,EDUCATION,3.4,12.1,GUESTHOUSE,83746,184861,91931,109131,8025,GOV_PORTAL,95,21.53,47.3,28308,13416,FESTIVE,0
2025-08,DMA0535,DMA0062,VFR,2.0,13.2,HOSTEL,248433,162762,6371,105940,52276,CORPORATE,63,14.5,33.04,4505,22213,MONSOON,1
2021-07,DMA0417,DMA0431,PILGRIMAGE,2.3,1.2,HOTEL,245150,92988,41768,67046,27059,CORPORATE,116,25.5,36.7,31842,22737,SHOULDER,0
2019-03,DMA0230,DMA0226,MEDICAL,2.8,9.2,HOMESTAY,130888,72690,43525,34940,30911,AGENT,87,24.03,24.77,7915,24657,FESTIVE,0
2024-09,DMA0601,DMA0322,MEDICAL,6.0,4.5,HOMESTAY,49776,194027,43222,24139,24869,OTA,72,44.32,33.16,30770,16260,SHOULDER,0
2024-07,DMA0048,DMA0297,LEISURE,4.4,11.5,GUESTHOUSE,31473,117005,45352,79319,46918,CORPORATE,46,15.5,40.22,29778,1310,SHOULDER,0
2025-07,DMA0400,DMA0218,EDUCATION,4.2,11.6,SERVICED_APT,126834,129229,86922,35119,32771,OTA,88,29.42,79.15,23497,22620,SHOULDER,1
2020-03,DMA0614,DMA0429,MEDICAL,6.2,1.6,SERVICED_APT,345817,164677,41031,119997,42288,GOV_PORTAL,85,31.03,48.55,7549,17627,SUMMER,1
2021-03,DMA0495,DMA0079,PILGRIMAGE,5.4,8.7,RESORT,311010,71063,11095,110840,24728,OTA,151,28.19,73.9,12084,6106,SHOULDER,1
2025-05,DMA0423,DMA0765,VFR,1.1,12.1,DHARAMSHALA,330736,94980,52338,43505,3668,DIRECT,43,21.57,97.7,28557,15322,MONSOON,1
2020-06,DMA0135,DMA0536,MEDICAL,1.7,8.6,GUESTHOUSE,254599,78311,54343,67237,54335,OTA,134,35.26,65.38,24319,20809,SHOULDER,0
2019-10,DMA0318,DMA0403,MEDICAL,2.4,6.5,RESORT,299305,64242,43809,19595,27250,CORPORATE,180,34.57,67.9,13326,19202,SUMMER,0
2021-08,DMA0684,DMA0711,PILGRIMAGE,2.7,2.0,DHARAMSHALA,244997,30713,29220,146489,38935,CORPORATE,150,43.16,63.07,8290,24467,SHOULDER,1
2024-08,DMA0738,DMA0496,VFR,5.6,10.5,DHARAMSHALA,100384,44840,25638,42683,43059,CORPORATE,36,43.96,50.85,11306,3024,SUMMER,1
2024-06,DMA0337,DMA0068,PILGRIMAGE,5.2,2.0,SERVICED_APT,23872,85074,42690,18464,10418,CORPORATE,99,9.69,34.49,5598,15402,FESTIVE,1
2021-06,DMA0104,DMA0484,LEISURE,1.8,8.8,HOMESTAY,43060,130712,54031,142769,38129,OTA,68,29.45,96.25,29254,15163,MONSOON,0
2023-04,DMA0516,DMA0296,MEDICAL,3.9,12.9,HOTEL,124263,134279,81138,23412,17265,CORPORATE,22,38.54,57.28,12777,20594,SUMMER,0
2023-09,DMA0781,DMA0094,BUSINESS,1.6,6.4,GUESTHOUSE,30180,140267,60878,147974,49478,DIRECT,41,43.3,93.0,6810,9739,WINTER,0
2022-10,DMA0282,DMA0192,LEISURE,2.0,11.0,HOTEL,278364,180202,53582,131806,16408,AGENT,14,6.42,40.27,10331,12227,WINTER,1
2019-03,DMA0397,DMA0692,EDUCATION,2.3,11.4,HOMESTAY,26758,63167,20353,128073,33773,CORPORATE,113,42.71,28.47,19744,25405,FESTIVE,0
2024-03,DMA0427,DMA0683,EDUCATION,6.0,1.1,RESORT,311608,143022,77233,65703,25284,GOV_PORTAL,17,10.15,69.68,18074,23022,SHOULDER,1
2022-08,DMA0085,DMA0361,EDUCATION,3.0,12.9,SERVICED_APT,46790,31870,40674,101578,8843,AGENT,167,25.76,86.4,15566,6600,MONSOON,1
2024-09,DMA0289,DMA0190,BUSINESS,6.0,3.5,DHARAMSHALA,195374,43089,61787,109532,58595,OTA,17,29.44,71.65,9041,1434,FESTIVE,0
2025-06,DMA0323,DMA0439,PILGRIMAGE,5.1,4.7,HOTEL,232170,51813,2091,64174,53779,DIRECT,145,39.58,77.94,20912,5081,SHOULDER,1
2023-07,DMA0775,DMA0426,BUSINESS,5.1,12.3,HOMESTAY,349041,63515,85350,118783,49333,DIRECT,58,36.17,67.46,32954,7092,FESTIVE,1
2023-10,DMA0719,DMA0443,VFR,5.4,9.9,HOSTEL,178417,23745,75465,138167,49035,GOV_PORTAL,74,42.05,78.22,6031,17751,SHOULDER,0
2024-02,DMA0519,DMA0048,MEDICAL,1.5,5.8,DHARAMSHALA,164281,110891,60828,70455,14747,CORPORATE,110,35.43,46.87,34737,3103,SHOULDER,1
2019-07,DMA0688,DMA0302,VFR,5.5,2.1,GUESTHOUSE,164002,179464,37040,60944,49841,GOV_PORTAL,122,15.24,50.38,2443,14292,WINTER,0
2025-07,DMA0730,DMA0565,VFR,2.4,6.0,RESORT,317899,162506,13314,141327,786,CORPORATE,31,8.05,80.86,872,21476,FESTIVE,0
2020-07,DMA0666,DMA0120,PILGRIMAGE,6.4,13.6,RESORT,257048,138424,32870,139029,59118,CORPORATE,62,7.0,82.51,16763,4303,SHOULDER,0
2020-07,DMA0076,DMA0320,VFR,5.7,2.4,HOSTEL,152217,5089,86968,51512,28149,DIRECT,137,3.94,26.44,3830,24215,MONSOON,0
2025-09,DMA0443,DMA0788,BUSINESS,6.5,12.0,DHARAMSHALA,337121,194849,89617,108973,2035,DIRECT,139,41.96,21.32,34617,26772,MONSOON,0
2022-12,DMA0628,DMA0638,EDUCATION,6.2,5.2,DHARAMSHALA,337043,166710,2956,135050,14261,CORPORATE,90,21.88,71.99,27796,11612,FESTIVE,1
2025-05,DMA0696,DMA0413,LEISURE,3.0,9.5,GUESTHOUSE,4047,33683,31083,146555,37949,DIRECT,0,43.44,26.59,27535,2588,SUMMER,0
2023-09,DMA0680,DMA0123,EDUCATION,6.2,9.2,SERVICED_APT,62377,115023,61541,37457,14706,DIRECT,96,34.87,33.37,12348,8852,WINTER,1
2020-09,DMA0365,DMA0054,LEISURE,2.8,5.2,HOTEL,221597,45559,74042,128424,58118,DIRECT,102,42.92,35.38,17794,9584,WINTER,1
2019-01,DMA0066,DMA0218,LEISURE,4.6,1.7,HOMESTAY,65221,56679,84702,113788,28926,CORPORATE,18,39.09,59.73,31354,19615,MONSOON,0
2025-10,DMA0104,DMA0339,BUSINESS,5.5,2.9,HOMESTAY,222635,70618,47342,65087,25923,CORPORATE,117,26.25,35.69,28771,15490,WINTER,0
2020-12,DMA0655,DMA0136,MEDICAL,3.1,8.4,HOTEL,33026,106381,60187,23897,25430,AGENT,150,10.16,34.11,14365,21155,FESTIVE,1
2021-06,DMA0044,DMA0486,BUSINESS,2.1,13.3,SERVICED_APT,36732,37997,80938,67693,2652,DIRECT,10,11.43,20.83,14209,25401,SUMMER,1
2024-02,DMA0735,DMA0020,LEISURE,5.9,13.0,HOTEL,304441,155922,91661,37359,16040,CORPORATE,48,16.71,79.79,7117,4469,FESTIVE,0
2024-11,DMA0418,DMA0510,MEDICAL,1.6,2.5,GUESTHOUSE,299392,20285,22599,21807,3042,DIRECT,67,1.09,30.6,34220,18603,MONSOON,1
2021-03,DMA0140,DMA0449,PILGRIMAGE,3.0,12.4,HOSTEL,234496,52912,52285,110454,8527,AGENT,124,30.01,64.36,21088,12895,WINTER,0
2023-04,DMA0134,DMA0314,BUSINESS,4.0,4.0,HOMESTAY,92112,77352,26988,134022,18088,AGENT,66,24.98,43.38,5781,20228,FESTIVE,1
2021-03,DMA0635,DMA0065,VFR,5.4,12.8,HOSTEL,105918,35835,45876,138318,47441,OTA,175,4.55,34.27,19706,24303,SUMMER,1
2024-07,DMA0488,DMA0419,VFR,5.8,10.9,GUESTHOUSE,193099,162238,12596,128896,3044,CORPORATE,136,37.12,47.05,14969,13679,SHOULDER,0
2025-08,DMA0224,DMA0648,VFR,3.8,13.5,SERVICED_APT,278129,28987,56713,43198,13790,AGENT,23,37.02,40.08,31709,22858,WINTER,1
2019-04,DMA0612,DMA0648,BUSINESS,4.2,6.7,HOTEL,64250,46737,29442,73031,44971,CORPORATE,38,5.34,53.79,7598,16020,WINTER,1
2022-09,DMA0650,DMA0540,PILGRIMAGE,5.7,10.5,DHARAMSHALA,48173,177129,29721,47117,31907,CORPORATE,8,9.18,73.83,23354,13148,SHOULDER,0
2023-09,DMA0080,DMA0607,MEDICAL,3.6,10.6,HOMESTAY,71461,123974,82389,138779,3070,DIRECT,14,11.27,23.97,21321,15781,WINTER,0
2019-01,DMA0409,DMA0016,BUSINESS,4.1,7.5,HOSTEL,103027,4997,93178,44931,41273,CORPORATE,104,23.65,34.29,34399,26446,FESTIVE,1
2022-08,DMA0478,DMA0459,BUSINESS,1.1,13.7,RESORT,326899,75052,62004,129010,55434,DIRECT,0,42.52,26.26,19095,26129,MONSOON,0
2024-07,DMA0552,DMA0320,BUSINESS,6.2,4.2,HOMESTAY,50299,188411,36728,31417,38294,DIRECT,110,29.94,95.49,9632,12023,WINTER,1
2019-04,DMA0733,DMA0421,MEDICAL,4.1,13.8,RESORT,187200,142275,55164,56932,56662,DIRECT,102,30.65,64.77,26106,26857,MONSOON,0
2021-09,DMA0343,DMA0124,PILGRIMAGE,5.0,11.6,RESORT,15505,68109,37628,128593,41227,GOV_PORTAL,22,13.11,83.99,28797,6124,MONSOON,0
2023-02,DMA0440,DMA0545,BUSINESS,2.4,9.0,RESORT,347216,139912,295,69881,1474,CORPORATE,8,28.09,40.8,3435,18445,FESTIVE,0
2019-05,DMA0108,DMA0520,EDUCATION,4.6,2.0,RESORT,194387,27686,71541,82965,23891,AGENT,133,9.51,89.84,14819,14473,SHOULDER,1
2023-04,DMA0113,DMA0745,LEISURE,3.5,4.4,DHARAMSHALA,221477,26545,93352,62917,21974,CORPORATE,11,32.0,69.06,28734,24675,WINTER,1
2019-11,DMA0175,DMA0653,MEDICAL,1.6,11.9,HOMESTAY,126345,151866,88194,82640,54562,OTA,107,10.57,51.67,9503,18816,SUMMER,0
2019-03,DMA0526,DMA0784,EDUCATION,5.6,10.5,RESORT,36265,14878,9213,55839,3680,CORPORATE,53,0.63,66.84,17682,2296,WINTER,1
2020-06,DMA0130,DMA0694,PILGRIMAGE,5.6,13.5,DHARAMSHALA,210171,147573,69440,77228,31226,GOV_PORTAL,142,23.57,29.94,33737,15893,FESTIVE,1
2021-06,DMA0703,DMA0359,LEISURE,1.4,6.2,HOMESTAY,112394,118664,5889,131482,44993,OTA,130,13.41,44.43,15039,9232,FESTIVE,0
2025-09,DMA0102,DMA0725,BUSINESS,3.1,12.6,HOTEL,95322,169009,76654,88804,23551,OTA,0,28.3,62.06,19592,24162,SHOULDER,1
2022-10,DMA0238,DMA0551,EDUCATION,2.5,12.2,HOSTEL,48132,135671,47650,39162,51627,DIRECT,140,33.57,69.95,8204,4343,MONSOON,1
2020-05,DMA0278,DMA0119,EDUCATION,3.8,13.6,SERVICED_APT,272179,125325,79401,114646,38068,AGENT,74,36.62,36.91,22753,9553,SUMMER,0
2022-03,DMA0775,DMA0437,LEISURE,3.7,4.5,HOSTEL,17917,62664,26764,59900,3306,OTA,61,44.17,97.37,33578,8056,WINTER,0
2025-08,DMA0773,DMA0546,VFR,4.6,7.4,SERVICED_APT,36362,196862,17558,23175,18212,GOV_PORTAL,130,25.0,84.98,8002,6472,SUMMER,0
2021-09,DMA0666,DMA0786,EDUCATION,2.4,2.1,SERVICED_APT,63471,193006,37672,61306,9495,AGENT,15,21.71,65.24,11780,6899,MONSOON,1
2024-06,DMA0604,DMA0553,PILGRIMAGE,2.2,8.7,HOSTEL,190776,46830,32351,77095,29694,CORPORATE,159,11.05,95.92,30266,14004,MONSOON,0
2024-06,DMA0559,DMA0489,EDUCATION,5.0,10.5,HOTEL,132431,45631,18810,17372,44760,GOV_PORTAL,155,33.61,59.98,28776,1420,SUMMER,0
2019-05,DMA0578,DMA0107,EDUCATION,6.4,4.1,HOSTEL,19341,88605,44318,148907,18564,AGENT,125,21.72,93.88,15541,14199,FESTIVE,0
2021-12,DMA0242,DMA0740,EDUCATION,6.2,3.2,DHARAMSHALA,13156,156479,11077,48099,17609,GOV_PORTAL,90,14.72,78.64,27888,16067,MONSOON,1
2019-03,DMA0661,DMA0036,EDUCATION,5.4,9.3,HOTEL,233287,60815,96712,50557,45980,OTA,104,19.44,36.95,12321,6040,WINTER,0
2021-08,DMA0377,DMA0503,PILGRIMAGE,1.4,6.1,GUESTHOUSE,100749,16882,7829,10252,17714,DIRECT,175,16.67,51.63,18423,8114,SUMMER,1
2020-02,DMA0253,DMA0261,VFR,2.3,6.5,HOMESTAY,10383,91941,91043,119348,45422,DIRECT,175,44.03,40.5,28608,17656,MONSOON,1
2022-02,DMA0770,DMA0028,EDUCATION,4.8,7.1,SERVICED_APT,238501,104608,71092,132842,36423,AGENT,26,10.19,76.3,12886,22588,FESTIVE,1
2019-05,DMA0274,DMA0197,LEISURE,2.6,7.6,GUESTHOUSE,299996,50140,95248,81322,15633,DIRECT,11,18.65,79.8,27365,20416,SUMMER,1
2022-10,DMA0231,DMA0324,PILGRIMAGE,3.2,3.5,HOTEL,64402,52079,91406,121369,33143,OTA,162,13.83,73.37,21973,7863,FESTIVE,1
2023-08,DMA0731,DMA0131,BUSINESS,6.2,8.5,RESORT,202426,187664,5134,74615,1656,GOV_PORTAL,146,7.72,62.56,18480,26377,WINTER,1
2025-09,DMA0704,DMA0569,VFR,1.5,1.9,HOTEL,110952,139035,99391,95069,36199,DIRECT,144,13.48,51.36,1344,2455,SHOULDER,1
2023-12,DMA0709,DMA0180,PILGRIMAGE,5.7,2.5,DHARAMSHALA,296917,100925,55586,110085,6300,OTA,136,22.02,96.77,18186,7710,SUMMER,0
2025-11,DMA0777,DMA0323,EDUCATION,1.3,10.2,HOMESTAY,313323,158310,67602,55537,19705,GOV_PORTAL,173,28.42,22.19,23480,7937,WINTER,1
2025-03,DMA0654,DMA0456,PILGRIMAGE,2.9,10.5,GUESTHOUSE,119537,143656,46898,113074,55628,OTA,139,27.76,29.66,27737,23481,FESTIVE,1
2019-07,DMA0580,DMA0535,EDUCATION,4.1,4.5,HOTEL,179937,169486,15746,731,34080,AGENT,32,34.77,66.7,30317,7654,FESTIVE,1
2020-01,DMA0705,DMA0582,MEDICAL,3.0,3.4,HOMESTAY,42576,9428,25299,106507,1064,GOV_PORTAL,156,3.21,78.95,3277,25587,FESTIVE,1
2021-01,DMA0296,DMA0283,EDUCATION,6.3,1.7,RESORT,269788,129961,16674,47488,768,GOV_PORTAL,140,14.15,94.69,5759,11904,SUMMER,1
2019-12,DMA0662,DMA0342,LEISURE,3.8,6.4,DHARAMSHALA,26077,29655,36219,85999,33854,OTA,84,15.87,58.26,27773,9730,WINTER,1
2021-07,DMA0015,DMA0418,VFR,5.0,7.6,GUESTHOUSE,107702,66244,93263,1473,2536,DIRECT,102,31.15,40.74,24385,9972,FESTIVE,0
2020-03,DMA0179,DMA0761,PILGRIMAGE,4.9,12.7,GUESTHOUSE,41472,186803,91389,103993,14969,AGENT,98,9.34,87.34,7595,9627,FESTIVE,0
2019-11,DMA0672,DMA0193,VFR,5.6,1.0,HOSTEL,324716,104350,19244,53741,10833,DIRECT,99,9.64,54.37,10645,27587,SHOULDER,0
2021-08,DMA0223,DMA0292,BUSINESS,5.8,6.3,GUESTHOUSE,99809,181854,68721,126510,31823,CORPORATE,94,4.28,30.07,32847,7751,WINTER,1
2025-08,DMA0426,DMA0521,MEDICAL,3.6,6.5,SERVICED_APT,27484,115630,65002,28793,16407,AGENT,76,24.0,60.72,24913,17735,WINTER,0
2019-09,DMA0215,DMA0364,EDUCATION,5.7,12.5,HOSTEL,155885,199663,36044,140676,52829,AGENT,62,32.7,60.99,1541,9577,SHOULDER,1
2023-04,DMA0657,DMA0755,LEISURE,4.6,3.5,GUESTHOUSE,5220,92717,27855,41313,16894,OTA,17,31.39,37.88,20877,2505,FESTIVE,1
2022-05,DMA0382,DMA0537,EDUCATION,4.8,1.9,GUESTHOUSE,157691,192866,61189,12090,36405,OTA,137,33.43,31.07,31412,22084,MONSOON,0
2019-12,DMA0674,DMA0078,LEISURE,2.0,6.0,HOTEL,127954,56417,69802,61296,5125,AGENT,127,7.63,31.11,27981,25153,FESTIVE,0
2025-11,DMA0047,DMA0402,BUSINESS,2.3,9.0,RESORT,177676,98171,62714,11147,17122,AGENT,109,26.39,84.22,8026,26219,MONSOON,0
2025-06,DMA0682,DMA0466,PILGRIMAGE,4.8,12.2,DHARAMSHALA,87656,135993,17641,147875,52665,GOV_PORTAL,79,4.2,59.08,5868,6427,FESTIVE,1
2019-12,DMA0350,DMA0241,MEDICAL,2.5,4.5,RESORT,54273,34991,84208,43817,12248,DIRECT,86,43.5,77.44,30354,22359,WINTER,0
2024-04,DMA0562,DMA0283,LEISURE,3.7,4.3,GUESTHOUSE,16583,110683,38242,118133,34039,OTA,158,4.73,95.07,17644,9869,WINTER,0
2025-01,DMA0504,DMA0521,EDUCATION,3.7,5.2,GUESTHOUSE,67073,73843,7231,77625,15505,GOV_PORTAL,180,39.49,81.78,909,25200,MONSOON,1
2019-12,DMA0109,DMA0716,VFR,2.3,2.5,HOSTEL,151551,78291,82192,12425,35652,CORPORATE,43,1.73,32.24,26278,2909,SUMMER,0
2022-01,DMA0181,DMA0696,BUSINESS,4.1,13.7,RESORT,66213,192313,35611,74750,57162,AGENT,156,23.9,52.75,31082,13264,SUMMER,0
2019-05,DMA0014,DMA0115,EDUCATION,4.1,8.0,SERVICED_APT,92222,194245,62350,86948,1581,OTA,48,38.37,58.69,12905,24266,FESTIVE,1
2019-09,DMA0579,DMA0047,LEISURE,1.7,4.5,DHARAMSHALA,250101,94489,89303,8578,57712,AGENT,79,28.56,74.7,12909,13034,SHOULDER,0
2023-09,DMA0230,DMA0689,EDUCATION,3.1,5.7,HOTEL,173699,57081,93584,74785,7287,GOV_PORTAL,56,22.22,95.26,22228,6449,FESTIVE,1
2020-08,DMA0532,DMA0654,PILGRIMAGE,3.0,12.3,RESORT,10898,174013,55758,136767,46946,AGENT,115,5.73,42.23,11350,20055,MONSOON,1
2024-10,DMA0445,DMA0074,MEDICAL,4.1,9.8,HOMESTAY,233327,122752,52060,2639,7597,AGENT,88,29.67,87.17,23438,3929,MONSOON,0
2020-01,DMA0151,DMA0596,LEISURE,5.1,8.2,RESORT,163293,177370,15092,59838,46729,GOV_PORTAL,164,27.1,25.63,25672,26275,WINTER,1
2025-08,DMA0535,DMA0790,PILGRIMAGE,1.1,10.4,HOTEL,96219,170177,89893,67355,37201,DIRECT,175,20.64,88.01,6726,20046,FESTIVE,1
2025-12,DMA0389,DMA0699,PILGRIMAGE,1.7,10.8,RESORT,144770,109012,90280,17911,1814,GOV_PORTAL,82,10.57,74.18,21724,21963,SHOULDER,1
2019-05,DMA0564,DMA0162,BUSINESS,2.7,3.5,DHARAMSHALA,280003,9619,17762,83263,10276,AGENT,121,9.91,22.23,2413,22004,FESTIVE,0
2022-07,DMA0201,DMA0358,EDUCATION,5.5,3.1,HOTEL,217015,53316,35988,2335,87,DIRECT,126,43.65,67.64,15705,19664,FESTIVE,1
2025-09,DMA0534,DMA0453,PILGRIMAGE,3.6,13.6,HOSTEL,250680,136516,72521,41118,159,GOV_PORTAL,117,43.43,92.65,19090,4077,FESTIVE,1
2023-06,DMA0211,DMA0030,BUSINESS,3.8,3.4,GUESTHOUSE,287696,52760,4260,12401,37536,GOV_PORTAL,95,42.16,53.74,29341,488,SUMMER,0
2024-02,DMA0581,DMA0001,VFR,3.3,7.0,DHARAMSHALA,144953,119782,32398,98476,46824,OTA,113,23.22,29.15,7136,14253,SHOULDER,1
2019-10,DMA0708,DMA0538,EDUCATION,3.3,13.8,DHARAMSHALA,312088,12404,95444,145132,4011,GOV_PORTAL,100,44.47,97.11,30069,11753,FESTIVE,1
2021-06,DMA0661,DMA0199,BUSINESS,6.4,6.4,HOSTEL,100687,43562,37318,144042,16357,AGENT,102,13.38,52.5,23017,8655,SUMMER,1
2019-07,DMA0466,DMA0263,LEISURE,5.9,7.7,GUESTHOUSE,285589,193863,99478,33526,6215,OTA,11,19.21,61.17,31499,13985,FESTIVE,0
2023-09,DMA0645,DMA0365,BUSINESS,5.0,11.4,HOSTEL,326713,59612,92084,38358,12460,DIRECT,142,7.84,95.45,8576,14873,SHOULDER,1
2019-11,DMA0445,DMA0005,MEDICAL,2.8,5.4,HOSTEL,61836,123867,47706,68381,33422,OTA,78,20.88,65.61,34600,9366,WINTER,0
2024-12,DMA0231,DMA0596,VFR,3.8,6.6,SERVICED_APT,77936,36606,74289,85627,17893,CORPORATE,83,8.33,72.74,19721,19417,SUMMER,0
2023-03,DMA0506,DMA0448,BUSINESS,4.8,5.3,SERVICED_APT,24600,49356,96253,120401,4774,DIRECT,59,2.98,75.38,24055,21077,MONSOON,1
2024-04,DMA0589,DMA0023,VFR,3.2,4.7,GUESTHOUSE,218032,174479,92597,144515,42015,CORPORATE,69,0.45,78.77,29204,1043,MONSOON,0
2021-07,DMA0254,DMA0648,EDUCATION,3.9,7.1,HOTEL,97283,114629,72065,43231,49898,AGENT,18,17.03,82.41,24681,21431,SUMMER,1
2019-01,DMA0730,DMA0431,BUSINESS,1.8,10.7,HOMESTAY,185190,177704,33880,116281,55655,DIRECT,180,40.39,25.83,3833,18585,MONSOON,1
2023-10,DMA0208,DMA0208,PILGRIMAGE,1.5,12.3,GUESTHOUSE,231478,74915,337,105093,36712,DIRECT,156,19.68,92.88,11499,16553,MONSOON,0
2023-03,DMA0636,DMA0169,PILGRIMAGE,1.9,7.1,HOTEL,344736,132621,58528,101511,53187,OTA,117,29.05,62.54,25662,7288,MONSOON,1
2020-10,DMA0523,DMA0459,EDUCATION,5.2,5.2,HOTEL,229031,72562,43506,81865,54669,CORPORATE,154,36.81,61.64,34704,15210,SHOULDER,1
2025-02,DMA0067,DMA0333,LEISURE,2.0,12.9,HOTEL,149891,185388,6394,140379,35853,CORPORATE,125,24.88,85.17,32989,17164,MONSOON,0
2022-10,DMA0350,DMA0194,PILGRIMAGE,6.1,5.4,DHARAMSHALA,238997,83013,47737,124718,44338,OTA,109,25.34,43.93,23554,16495,WINTER,0
2020-05,DMA0051,DMA0386,MEDICAL,3.0,11.1,RESORT,94777,114901,28360,35016,17961,OTA,82,23.59,71.16,9769,27078,SHOULDER,1
2020-01,DMA0316,DMA0319,PILGRIMAGE,1.9,10.7,GUESTHOUSE,300958,78920,87582,12070,33129,OTA,39,5.63,44.73,24115,18773,SUMMER,1
2025-08,DMA0444,DMA0723,MEDICAL,5.5,1.6,SERVICED_APT,101387,94899,25990,146689,56908,OTA,35,28.6,79.35,1680,14134,FESTIVE,0
2025-04,DMA0570,DMA0741,BUSINESS,3.5,3.3,GUESTHOUSE,244146,48924,2106,9162,7729,GOV_PORTAL,147,32.54,53.77,16730,23108,SUMMER,1
2025-07,DMA0076,DMA0375,EDUCATION,3.1,8.4,HOSTEL,2145,4380,78833,96146,46622,OTA,47,0.01,34.56,18614,10562,SHOULDER,0
2022-03,DMA0694,DMA0281,BUSINESS,2.8,12.3,GUESTHOUSE,24320,166509,80381,35290,51217,OTA,97,3.75,90.89,22519,8998,MONSOON,1
2020-07,DMA0767,DMA0238,MEDICAL,2.8,8.7,HOTEL,74440,122447,12074,104848,10963,OTA,54,24.38,78.76,28143,11374,FESTIVE,1
2024-01,DMA0049,DMA0616,LEISURE,4.6,10.7,HOMESTAY,210304,161644,74752,108016,21527,GOV_PORTAL,38,37.75,21.11,27746,27763,FESTIVE,1
2019-05,DMA0149,DMA0509,PILGRIMAGE,4.0,10.5,SERVICED_APT,23426,96415,59989,139483,58127,AGENT,109,23.99,25.03,8614,6343,FESTIVE,1
2023-09,DMA0747,DMA0541,MEDICAL,3.6,7.4,HOMESTAY,288085,69444,81171,130704,51338,AGENT,85,19.55,49.57,29263,24140,SHOULDER,0
2022-11,DMA0234,DMA0549,PILGRIMAGE,3.5,8.3,HOSTEL,280685,17980,67270,75444,41877,OTA,168,42.16,80.85,33762,15412,SUMMER,1
2025-07,DMA0789,DMA0237,VFR,1.8,1.9,GUESTHOUSE,191149,15390,27005,27264,32818,DIRECT,49,3.43,41.52,25401,5652,WINTER,0
2021-08,DMA0081,DMA0681,LEISURE,5.6,13.1,HOMESTAY,41669,86154,66891,112369,51875,GOV_PORTAL,180,6.22,97.28,31790,25428,FESTIVE,0
2019-01,DMA0311,DMA0367,BUSINESS,6.1,9.8,SERVICED_APT,99681,35788,66182,120743,20175,OTA,168,30.83,91.69,8406,7189,SUMMER,0
2025-07,DMA0597,DMA0749,MEDICAL,5.4,3.0,GUESTHOUSE,116182,112542,75819,83109,6594,GOV_PORTAL,29,4.9,87.44,20309,24867,SUMMER,0
2021-11,DMA0449,DMA0343,VFR,3.5,4.2,HOSTEL,282272,120397,6620,8281,12301,GOV_PORTAL,54,6.08,20.71,6821,4737,WINTER,1
2025-12,DMA0016,DMA0599,EDUCATION,6.3,1.1,GUESTHOUSE,73203,2536,44104,149055,30562,AGENT,60,39.24,95.19,9983,1115,WINTER,0
2021-07,DMA0406,DMA0547,MEDICAL,4.4,4.4,HOSTEL,271563,53001,49923,86476,19436,CORPORATE,167,9.46,66.13,11878,10800,SHOULDER,1
2020-08,DMA0343,DMA0003,EDUCATION,5.3,5.1,RESORT,182526,199652,85214,19521,40808,CORPORATE,35,28.01,66.12,32590,24349,WINTER,0
2022-11,DMA0148,DMA0175,MEDICAL,5.1,9.9,HOMESTAY,91973,74804,56023,11290,58106,CORPORATE,140,17.85,27.69,13368,19503,WINTER,0
2020-12,DMA0384,DMA0190,EDUCATION,4.9,7.2,HOSTEL,307165,199386,94933,132955,54610,OTA,173,6.15,67.54,9745,1971,FESTIVE,1
2022-04,DMA0433,DMA0786,MEDICAL,4.5,12.0,HOSTEL,256458,153680,31536,119945,16266,CORPORATE,118,17.37,61.24,16543,6053,SUMMER,0
2025-02,DMA0328,DMA0313,MEDICAL,2.2,2.1,HOSTEL,142590,78118,56637,99756,31841,OTA,96,18.73,62.23,18069,5997,WINTER,0
2025-06,DMA0361,DMA0585,BUSINESS,2.6,10.2,HOSTEL,329020,138530,24852,48658,7404,DIRECT,89,28.29,34.93,24154,848,MONSOON,0
2024-04,DMA0614,DMA0560,BUSINESS,5.9,12.4,SERVICED_APT,151366,107617,41748,22791,40845,AGENT,0,6.91,62.37,28398,12315,SHOULDER,1
2025-01,DMA0501,DMA0020,BUSINESS,2.0,6.5,HOSTEL,178198,11396,85781,90693,20673,DIRECT,1,1.68,25.64,30258,10565,WINTER,0
2019-10,DMA0222,DMA0209,LEISURE,1.8,4.8,HOSTEL,194172,123354,41626,89243,46571,OTA,35,27.27,21.67,15300,14229,WINTER,1
2024-01,DMA0578,DMA0109,EDUCATION,2.6,6.8,GUESTHOUSE,170050,79822,85261,7281,33132,DIRECT,172,2.94,36.63,23636,25474,WINTER,0
2019-02,DMA0574,DMA0417,BUSINESS,3.0,11.3,DHARAMSHALA,181416,90415,42176,106289,20301,CORPORATE,79,6.92,82.53,24805,25458,WINTER,0
2020-11,DMA0376,DMA0127,PILGRIMAGE,4.0,12.9,HOTEL,320959,197720,38165,69134,13175,DIRECT,136,44.17,67.08,10745,3723,SHOULDER,0
2025-10,DMA0121,DMA0606,BUSINESS,4.3,1.9,HOSTEL,251886,90336,45217,138559,18969,GOV_PORTAL,14,1.02,89.76,28565,10151,FESTIVE,1
2024-05,DMA0703,DMA0070,MEDICAL,5.3,7.9,HOTEL,169716,172163,96595,85702,37452,GOV_PORTAL,166,28.9,50.34,17718,14646,FESTIVE,1
2023-10,DMA0160,DMA0279,MEDICAL,1.4,9.3,RESORT,347206,85300,3933,5559,44050,AGENT,54,6.25,47.29,21112,25810,SHOULDER,1
2019-11,DMA0467,DMA0046,PILGRIMAGE,2.1,1.2,DHARAMSHALA,127870,89195,49141,31241,7245,DIRECT,85,36.95,74.6,25216,27999,WINTER,1
2021-12,DMA0269,DMA0647,VFR,3.8,3.4,RESORT,178192,42370,8220,88350,7465,OTA,78,26.18,51.75,33447,17703,SUMMER,0
2024-03,DMA0170,DMA0026,MEDICAL,2.4,1.8,SERVICED_APT,171008,123833,68663,104392,17513,AGENT,3,21.26,49.74,21994,15071,WINTER,1
2021-12,DMA0778,DMA0195,MEDICAL,5.8,4.8,HOMESTAY,247106,115603,29622,19980,19416,CORPORATE,143,20.72,56.35,3493,26785,SUMMER,1
2023-09,DMA0175,DMA0793,BUSINESS,4.5,3.7,HOSTEL,144390,77080,87653,33254,43786,CORPORATE,122,30.19,28.95,4147,13083,MONSOON,0
2020-11,DMA0197,DMA0195,BUSINESS,3.7,7.3,DHARAMSHALA,105310,107075,90827,115709,58018,GOV_PORTAL,10,37.74,35.82,11784,23845,FESTIVE,0
2023-06,DMA0219,DMA0719,MEDICAL,1.0,9.5,SERVICED_APT,253070,136569,31140,29774,17065,AGENT,21,0.31,67.06,3500,7672,FESTIVE,0
2024-03,DMA0444,DMA0124,PILGRIMAGE,5.7,11.9,HOMESTAY,274442,161011,58799,95463,29025,CORPORATE,53,0.91,67.46,20476,23222,SUMMER,1
2021-09,DMA0445,DMA0679,MEDICAL,3.5,5.0,HOMESTAY,273093,76907,62354,57896,23335,DIRECT,89,12.26,66.04,12932,24436,MONSOON,0
2022-11,DMA0570,DMA0580,BUSINESS,3.9,1.7,HOMESTAY,163874,126956,70319,125133,46709,AGENT,2,33.22,35.58,24774,4322,FESTIVE,0
2020-07,DMA0756,DMA0678,EDUCATION,4.8,1.1,HOMESTAY,122664,34302,15840,86266,2479,DIRECT,96,8.72,53.98,24775,27332,MONSOON,1
2021-10,DMA0250,DMA0118,BUSINESS,6.2,12.0,GUESTHOUSE,65300,100542,39051,129750,2912,DIRECT,65,18.3,91.84,34220,23622,FESTIVE,0
2020-11,DMA0537,DMA0320,BUSINESS,1.9,12.4,SERVICED_APT,347635,195596,9489,116451,20069,DIRECT,11,22.84,87.15,33430,19362,SUMMER,1
2024-07,DMA0583,DMA0725,PILGRIMAGE,1.4,2.3,HOSTEL,208961,36798,12990,75969,12972,AGENT,123,16.78,63.48,13794,20426,FESTIVE,0
2019-04,DMA0380,DMA0734,MEDICAL,1.7,1.1,GUESTHOUSE,126393,65716,30999,13532,22614,AGENT,100,20.91,90.27,10078,25297,FESTIVE,0
2025-03,DMA0573,DMA0199,BUSINESS,5.1,11.4,HOMESTAY,130336,100925,64255,113960,26119,GOV_PORTAL,7,35.94,72.65,1935,24101,SUMMER,1
2025-12,DMA0685,DMA0397,VFR,1.7,9.3,HOSTEL,314994,88953,48587,61244,29030,AGENT,80,10.31,52.16,12124,26506,SHOULDER,1
2023-05,DMA0027,DMA0178,EDUCATION,3.8,8.2,SERVICED_APT,15684,50962,25497,80480,28747,OTA,131,14.7,80.56,30119,24311,SHOULDER,0
2020-03,DMA0187,DMA0043,BUSINESS,4.9,7.9,RESORT,295559,170499,41536,3418,54289,AGENT,43,23.7,43.56,12631,20510,FESTIVE,0
2020-05,DMA0540,DMA0135,LEISURE,4.9,11.1,GUESTHOUSE,236817,102432,28442,58971,46192,GOV_PORTAL,133,38.93,86.66,5577,11590,SHOULDER,1
2020-10,DMA0789,DMA0471,VFR,3.2,4.8,RESORT,292214,1534,64295,36133,29315,AGENT,120,9.24,45.7,23899,1683,WINTER,0
2021-10,DMA0162,DMA0684,BUSINESS,4.8,6.1,HOSTEL,125082,194040,81108,18998,28180,OTA,39,23.61,81.98,6877,15581,SHOULDER,1
2021-09,DMA0085,DMA0448,LEISURE,6.2,2.0,SERVICED_APT,9814,160449,91610,107307,23483,AGENT,85,39.41,41.94,22565,23018,MONSOON,1
2021-01,DMA0047,DMA0007,PILGRIMAGE,1.2,8.4,DHARAMSHALA,82650,140157,28112,149083,8776,GOV_PORTAL,34,5.06,91.52,10151,11235,WINTER,0
2020-02,DMA0795,DMA0522,LEISURE,4.7,13.5,HOMESTAY,197167,45558,21671,47173,29936,OTA,126,32.46,34.42,33717,26995,SHOULDER,0
2023-02,DMA0783,DMA0078,MEDICAL,3.9,4.7,HOSTEL,220961,839,38047,3229,23083,GOV_PORTAL,49,10.07,76.08,2233,11983,WINTER,0
2021-06,DMA0517,DMA0709,EDUCATION,2.2,13.1,SERVICED_APT,311481,145741,60299,39266,53820,CORPORATE,167,7.81,51.88,32810,10260,WINTER,1
2020-10,DMA0320,DMA0190,MEDICAL,2.7,10.5,SERVICED_APT,56013,158988,35843,37927,1627,DIRECT,10,10.64,21.44,20903,16182,SHOULDER,0
2025-11,DMA0273,DMA0741,PILGRIMAGE,5.6,4.0,HOMESTAY,241697,66801,4997,121845,15486,GOV_PORTAL,65,22.63,45.88,2133,781,MONSOON,1
2019-04,DMA0057,DMA0033,PILGRIMAGE,4.2,9.6,RESORT,26445,62214,96839,47136,36558,CORPORATE,122,27.15,35.81,5569,3177,MONSOON,0
2024-12,DMA0313,DMA0318,PILGRIMAGE,1.1,5.8,HOSTEL,300780,170850,99749,125081,3034,AGENT,125,8.74,63.31,29409,8872,WINTER,1
2022-09,DMA0560,DMA0117,LEISURE,6.3,2.6,SERVICED_APT,274886,88239,86376,63240,56694,OTA,17,5.04,40.27,31915,15831,SHOULDER,0
2025-02,DMA0751,DMA0078,LEISURE,4.7,2.2,HOSTEL,195967,173992,33220,19463,32323,GOV_PORTAL,69,20.37,25.66,32341,12976,MONSOON,0
2021-04,DMA0344,DMA0451,PILGRIMAGE,3.4,1.2,SERVICED_APT,331480,59561,8197,60007,24695,OTA,33,2.58,94.34,13810,5175,SHOULDER,1
2023-06,DMA0402,DMA0542,LEISURE,4.9,11.4,HOSTEL,123050,138475,48022,81673,29465,CORPORATE,11,24.25,85.92,27350,9648,SHOULDER,1
2023-10,DMA0498,DMA0124,MEDICAL,2.1,12.5,GUESTHOUSE,87311,84573,11666,38635,30036,GOV_PORTAL,20,30.73,23.54,27235,23643,FESTIVE,1
2024-05,DMA0298,DMA0548,BUSINESS,2.4,7.3,HOTEL,192812,182329,35888,43613,29201,AGENT,59,42.56,41.17,9409,26810,FESTIVE,1
2022-01,DMA0656,DMA0374,VFR,1.8,7.8,DHARAMSHALA,103924,149737,52340,127575,56831,AGENT,127,6.43,69.18,6381,23796,FESTIVE,0
2023-06,DMA0085,DMA0715,PILGRIMAGE,3.2,10.0,GUESTHOUSE,152583,164244,55864,98884,40070,AGENT,9,19.5,45.07,14971,21195,SHOULDER,1
2019-11,DMA0716,DMA0619,MEDICAL,6.0,10.1,RESORT,3001,160445,65913,42211,48765,DIRECT,15,11.55,41.98,32179,17832,SUMMER,0
2020-04,DMA0289,DMA0612,LEISURE,3.1,5.2,HOMESTAY,247750,81166,60318,4412,28051,AGENT,22,9.81,66.48,7127,23411,SHOULDER,1
2025-06,DMA0168,DMA0144,VFR,2.6,3.1,RESORT,59395,68937,15394,142187,19627,DIRECT,148,23.38,35.16,24977,11637,MONSOON,1
2024-05,DMA0165,DMA0593,PILGRIMAGE,4.9,6.6,HOSTEL,266203,46724,85995,29636,56184,GOV_PORTAL,60,6.45,70.59,30842,12736,MONSOON,1
2022-08,DMA0488,DMA0019,LEISURE,5.8,10.1,HOTEL,61856,178128,22353,3054,39887,GOV_PORTAL,42,0.69,26.97,28834,5200,MONSOON,0
2022-07,DMA0587,DMA0163,LEISURE,2.3,11.5,HOSTEL,288086,170805,30457,51603,9823,CORPORATE,15,7.3,45.35,33855,19637,SUMMER,0
2025-04,DMA0540,DMA0294,VFR,5.4,2.2,GUESTHOUSE,142219,173707,65269,91243,39502,CORPORATE,10,15.1,29.02,11160,21782,WINTER,1
2021-03,DMA0107,DMA0186,LEISURE,2.7,8.6,HOMESTAY,152468,122251,16387,14785,43833,OTA,20,0.49,43.14,5996,4534,SHOULDER,0
2025-09,DMA0670,DMA0184,VFR,2.4,1.7,DHARAMSHALA,36613,45845,49975,102184,43057,GOV_PORTAL,120,38.57,73.26,19906,21295,FESTIVE,0
2025-08,DMA0430,DMA0063,MEDICAL,3.6,11.7,RESORT,27077,80527,55738,87287,7837,OTA,143,26.26,79.58,30794,2519,MONSOON,1
2019-01,DMA0627,DMA0176,PILGRIMAGE,1.4,9.7,GUESTHOUSE,2662,24450,18141,126704,41853,CORPORATE,160,1.22,31.31,23917,15040,MONSOON,1
2021-06,DMA0736,DMA0749,LEISURE,5.7,10.1,HOTEL,184055,199526,37022,134650,30383,OTA,85,10.29,78.21,23283,15533,WINTER,1
2024-04,DMA0091,DMA0322,BUSINESS,5.8,10.9,GUESTHOUSE,21127,154409,9731,86520,59374,CORPORATE,160,29.89,26.57,21673,8291,WINTER,0
2022-01,DMA0253,DMA0191,VFR,4.7,7.4,GUESTHOUSE,133723,86860,13417,115969,35142,DIRECT,100,1.35,36.89,27123,17900,WINTER,0
2020-11,DMA0776,DMA0699,MEDICAL,2.7,4.9,SERVICED_APT,54109,24890,6985,59491,23575,CORPORATE,97,16.96,59.03,14582,1233,SHOULDER,1
2021-03,DMA0555,DMA0051,EDUCATION,1.9,11.2,HOTEL,4164,35292,58139,116567,35280,GOV_PORTAL,142,4.35,95.76,22056,4190,MONSOON,1
2025-08,DMA0567,DMA0117,BUSINESS,4.8,11.1,RESORT,153727,129328,16967,5284,15696,GOV_PORTAL,64,17.62,95.94,28821,2925,SUMMER,0
2021-04,DMA0533,DMA0308,PILGRIMAGE,1.6,2.8,SERVICED_APT,62309,193914,41084,111780,19558,DIRECT,115,43.56,57.31,5913,2560,SUMMER,1
2021-06,DMA0431,DMA0335,MEDICAL,3.3,12.7,HOMESTAY,60823,38051,43919,51518,54276,DIRECT,131,20.48,82.79,12575,5963,WINTER,0
2023-03,DMA0307,DMA0374,VFR,1.5,3.9,GUESTHOUSE,27784,130416,41028,97310,25014,CORPORATE,31,27.62,63.16,19927,5945,SUMMER,1
2019-02,DMA0413,DMA0321,MEDICAL,3.3,5.0,HOSTEL,186926,161001,10756,103197,44800,GOV_PORTAL,135,18.38,78.63,7702,23227,SHOULDER,1
2024-11,DMA0016,DMA0670,EDUCATION,1.7,3.8,RESORT,284949,114455,69816,51181,38648,CORPORATE,35,14.18,70.94,21999,19861,SUMMER,0
2021-11,DMA0324,DMA0428,MEDICAL,1.2,13.6,RESORT,271220,126107,47091,85730,57265,CORPORATE,99,27.48,74.38,7306,12259,WINTER,1
2021-05,DMA0345,DMA0120,MEDICAL,3.5,4.9,DHARAMSHALA,75774,121327,63822,92517,7466,DIRECT,55,27.93,54.29,8299,22634,SUMMER,0
2021-07,DMA0581,DMA0576,PILGRIMAGE,4.1,13.6,DHARAMSHALA,15410,112361,31632,116487,3796,CORPORATE,87,27.69,84.98,7769,22984,MONSOON,1
2022-06,DMA0147,DMA0081,BUSINESS,3.4,9.3,HOTEL,47101,44701,95719,77709,16508,CORPORATE,130,1.21,54.76,21039,14035,SHOULDER,0
2024-06,DMA0619,DMA0296,MEDICAL,2.0,3.3,RESORT,147043,190760,4484,117794,51357,DIRECT,141,31.34,75.05,30887,10218,SHOULDER,0
2023-03,DMA0679,DMA0600,LEISURE,1.4,8.2,DHARAMSHALA,77981,139104,8898,58562,6467,DIRECT,94,30.41,87.88,15504,22731,SHOULDER,1
2025-07,DMA0542,DMA0571,MEDICAL,1.7,12.5,HOSTEL,32308,158473,84916,80462,41668,AGENT,33,3.16,71.14,4977,18361,MONSOON,1
2020-04,DMA0028,DMA0115,MEDICAL,5.0,8.3,RESORT,186724,170175,2276,29313,26408,CORPORATE,35,8.56,59.76,28261,24508,MONSOON,1
2019-08,DMA0781,DMA0342,PILGRIMAGE,1.1,2.7,SERVICED_APT,190132,58832,79330,10896,25980,AGENT,162,23.42,61.21,10167,12948,MONSOON,0
2024-01,DMA0751,DMA0783,PILGRIMAGE,5.7,4.7,HOMESTAY,60728,87753,60919,100189,9620,DIRECT,31,16.24,75.29,28876,23456,FESTIVE,0
2022-04,DMA0067,DMA0248,PILGRIMAGE,5.6,3.9,HOTEL,188657,43685,78332,15969,12051,GOV_PORTAL,0,25.92,27.19,27554,6692,SHOULDER,1
2025-09,DMA0576,DMA0365,EDUCATION,5.8,2.6,HOSTEL,18130,16150,60386,119975,1427,AGENT,51,34.22,69.65,20374,25202,WINTER,1
2023-09,DMA0570,DMA0277,PILGRIMAGE,5.8,5.3,HOMESTAY,92119,56461,74198,93348,292,OTA,140,24.66,49.24,5717,2610,SUMMER,1
2025-06,DMA0509,DMA0091,MEDICAL,4.7,9.6,HOTEL,300649,18044,83495,24939,26105,OTA,74,20.65,30.55,21629,17670,FESTIVE,1
2023-02,DMA0778,DMA0784,MEDICAL,5.7,6.0,HOTEL,289478,65851,96726,35701,23888,AGENT,74,11.86,91.18,8654,14450,SUMMER,0
2021-03,DMA0435,DMA0249,VFR,5.0,6.8,HOMESTAY,146125,38619,30067,87889,24392,OTA,152,27.7,58.81,19941,23235,SUMMER,0
2021-08,DMA0326,DMA0047,PILGRIMAGE,2.7,5.2,RESORT,318606,124212,84851,72350,10207,GOV_PORTAL,63,37.22,55.65,7118,26147,MONSOON,0
2025-08,DMA0769,DMA0206,VFR,5.2,13.9,SERVICED_APT,126302,99279,38354,72268,2544,CORPORATE,132,11.81,62.31,21196,3823,FESTIVE,0
2021-04,DMA0001,DMA0324,BUSINESS,4.4,8.6,HOSTEL,154367,190828,95882,15047,19606,GOV_PORTAL,124,35.47,68.56,31060,8445,WINTER,0
2021-05,DMA0592,DMA0589,PILGRIMAGE,1.2,11.8,HOSTEL,82446,161825,30759,133010,18643,OTA,75,18.79,35.18,30423,1705,SUMMER,0
2023-01,DMA0216,DMA0261,EDUCATION,5.3,6.7,GUESTHOUSE,80011,42050,63849,71761,31102,CORPORATE,51,5.03,68.79,11309,842,SUMMER,0
2021-12,DMA0516,DMA0104,EDUCATION,5.8,3.2,GUESTHOUSE,142469,96117,86884,51041,56072,OTA,173,40.98,47.49,20040,20648,FESTIVE,1
2020-12,DMA0272,DMA0634,BUSINESS,3.8,12.0,HOTEL,202687,126122,95223,84273,23769,AGENT,174,30.67,75.75,27429,19476,WINTER,1
2022-03,DMA0711,DMA0485,EDUCATION,3.7,10.9,GUESTHOUSE,29574,156841,54454,56517,31824,GOV_PORTAL,161,37.85,80.21,34440,10793,WINTER,0
2023-02,DMA0370,DMA0200,LEISURE,3.3,5.3,HOSTEL,139454,81025,90966,8864,30419,CORPORATE,19,29.47,20.58,25117,5043,WINTER,1
2019-08,DMA0537,DMA0295,MEDICAL,5.0,8.9,HOSTEL,286176,169504,72236,64335,1246,DIRECT,166,5.56,75.87,30788,7062,SUMMER,0
2025-10,DMA0393,DMA0339,MEDICAL,2.2,2.2,GUESTHOUSE,337838,121315,72772,5595,11985,GOV_PORTAL,51,24.37,47.5,27233,4727,MONSOON,1
2025-11,DMA0779,DMA0266,VFR,5.3,1.3,GUESTHOUSE,108954,18972,63414,114833,45268,DIRECT,49,28.51,43.69,27557,15338,FESTIVE,1
2020-07,DMA0199,DMA0490,MEDICAL,2.6,11.6,DHARAMSHALA,239299,167102,31702,23200,13402,AGENT,67,11.75,49.09,18411,27031,WINTER,1
2022-02,DMA0053,DMA0167,BUSINESS,2.4,13.2,DHARAMSHALA,306392,62965,50386,144118,4121,OTA,40,28.39,64.9,14872,19237,MONSOON,0
2022-08,DMA0551,DMA0509,MEDICAL,5.5,5.5,SERVICED_APT,261366,38265,65272,34341,31014,AGENT,170,25.51,28.93,27458,9367,WINTER,1
2021-02,DMA0643,DMA0467,PILGRIMAGE,2.0,8.8,HOTEL,279166,12494,69061,46995,40125,DIRECT,48,0.97,74.46,15734,9257,SUMMER,1
2024-10,DMA0711,DMA0159,LEISURE,5.7,10.3,HOSTEL,247845,101625,81732,115531,33849,CORPORATE,70,39.71,54.72,5466,1722,WINTER,1
2023-01,DMA0515,DMA0758,VFR,6.4,10.7,SERVICED_APT,343374,75995,85841,77179,21099,AGENT,46,24.02,32.47,18418,15395,SUMMER,1
2021-02,DMA0515,DMA0078,VFR,2.8,7.3,DHARAMSHALA,318931,116705,15447,92486,3102,OTA,56,26.3,59.73,3608,27259,FESTIVE,1
2021-08,DMA0327,DMA0473,VFR,6.1,9.0,RESORT,154615,90821,68510,118958,53458,CORPORATE,66,6.81,64.78,19489,7895,SUMMER,1
2021-10,DMA0023,DMA0520,PILGRIMAGE,4.1,9.5,SERVICED_APT,298812,72492,6354,78442,33895,CORPORATE,45,36.18,47.01,32566,2310,WINTER,1
2022-09,DMA0463,DMA0751,MEDICAL,2.4,2.3,HOSTEL,326534,107791,71601,62816,22124,OTA,40,23.92,90.17,19606,19714,SHOULDER,1
2022-01,DMA0215,DMA0133,PILGRIMAGE,3.5,9.4,SERVICED_APT,311551,111305,38909,71046,14019,CORPORATE,156,3.98,74.38,31702,24322,MONSOON,1
2019-06,DMA0042,DMA0262,BUSINESS,5.4,7.6,HOTEL,25932,83941,46750,18927,49780,GOV_PORTAL,168,31.54,71.58,1681,3985,SUMMER,0
2021-07,DMA0133,DMA0734,EDUCATION,4.7,5.9,HOMESTAY,129004,136899,25464,18474,15652,CORPORATE,84,22.0,24.16,5059,27579,SUMMER,0
2024-05,DMA0041,DMA0488,MEDICAL,3.7,4.4,DHARAMSHALA,101714,136444,83622,56826,52285,DIRECT,173,15.06,59.13,14722,2942,SHOULDER,1
2019-09,DMA0369,DMA0101,PILGRIMAGE,2.4,9.3,GUESTHOUSE,43686,61206,73044,116407,28095,GOV_PORTAL,24,41.47,86.36,17333,23848,WINTER,0
2025-04,DMA0437,DMA0617,BUSINESS,5.0,3.2,HOMESTAY,321536,64498,37658,128778,25646,AGENT,2,36.96,72.13,3220,24659,MONSOON,1
2020-09,DMA0574,DMA0634,BUSINESS,2.7,11.5,GUESTHOUSE,239354,171505,63353,92681,10950,CORPORATE,29,1.93,38.16,9573,12370,MONSOON,1
2024-07,DMA0477,DMA0467,PILGRIMAGE,2.8,3.2,SERVICED_APT,170103,52215,75513,124951,48183,OTA,102,31.44,87.17,9860,20614,MONSOON,0
2022-06,DMA0339,DMA0490,PILGRIMAGE,5.1,11.0,SERVICED_APT,210460,125218,19595,107077,36079,GOV_PORTAL,85,7.75,48.82,25099,1720,MONSOON,1
2022-10,DMA0382,DMA0427,LEISURE,4.1,11.6,GUESTHOUSE,339578,8000,78990,64438,27408,CORPORATE,1,0.75,91.37,33996,11458,FESTIVE,0
2019-05,DMA0408,DMA0722,PILGRIMAGE,2.0,13.2,RESORT,99702,193689,61507,132648,21897,DIRECT,8,9.84,59.96,28458,6563,SUMMER,0
2022-01,DMA0540,DMA0255,VFR,4.8,7.0,SERVICED_APT,4611,74754,71897,96222,42794,CORPORATE,57,2.15,81.36,27732,22241,FESTIVE,0
2025-05,DMA0337,DMA0789,MEDICAL,2.4,1.8,RESORT,212071,173078,50941,117030,11452,CORPORATE,3,28.72,67.73,16804,14376,FESTIVE,1
2021-05,DMA0009,DMA0357,BUSINESS,5.2,9.8,GUESTHOUSE,245159,33613,35246,144409,29558,GOV_PORTAL,146,34.09,42.73,25829,22977,WINTER,0
2023-01,DMA0445,DMA0188,VFR,3.6,4.7,HOSTEL,159478,156202,89888,47259,8183,DIRECT,84,8.02,71.0,22626,3126,SUMMER,1
2021-01,DMA0437,DMA0299,EDUCATION,4.3,2.2,HOTEL,222542,68707,54915,112719,24556,CORPORATE,13,9.42,20.75,10134,11485,WINTER,0
2019-10,DMA0657,DMA0438,VFR,4.3,12.1,HOTEL,203849,79387,74387,16677,7889,GOV_PORTAL,128,6.03,85.15,18263,18710,FESTIVE,1
2020-03,DMA0065,DMA0465,BUSINESS,1.8,2.8,GUESTHOUSE,51151,132920,33790,149421,3184,OTA,104,25.31,95.33,10672,14004,WINTER,1
2021-06,DMA0744,DMA0671,EDUCATION,4.6,7.6,HOTEL,298100,152952,57176,126053,47496,CORPORATE,19,22.02,36.15,13884,13829,FESTIVE,0
2025-05,DMA0454,DMA0725,MEDICAL,5.8,11.3,HOTEL,341049,189446,11727,18267,40954,AGENT,122,0.28,88.92,16735,453,SHOULDER,0
2023-11,DMA0271,DMA0503,LEISURE,5.9,3.6,HOSTEL,17509,41575,6343,107793,52296,OTA,73,16.63,33.09,31062,22223,FESTIVE,1
2023-07,DMA0623,DMA0587,LEISURE,4.8,12.7,DHARAMSHALA,27989,6230,87469,79689,1757,CORPORATE,65,3.96,58.34,9671,24632,SUMMER,1
2023-07,DMA0262,DMA0592,EDUCATION,6.3,5.3,HOSTEL,218734,11568,90726,73460,56461,OTA,64,26.05,42.82,3012,15331,WINTER,1
2024-09,DMA0373,DMA0073,VFR,4.3,6.2,GUESTHOUSE,235039,117227,58374,44667,58125,AGENT,135,21.32,34.96,4329,19389,MONSOON,1
2020-02,DMA0495,DMA0115,VFR,2.4,2.7,DHARAMSHALA,317034,154534,30251,86644,4892,OTA,8,20.65,78.94,14952,12015,MONSOON,0
2025-02,DMA0374,DMA0791,PILGRIMAGE,4.6,9.4,SERVICED_APT,250560,157205,71287,137926,8330,CORPORATE,38,33.08,82.92,21900,15017,SUMMER,0
2023-08,DMA0486,DMA0103,LEISURE,6.0,7.4,HOTEL,85226,91929,13848,131014,40334,AGENT,63,20.67,85.41,15753,15605,WINTER,1
2024-01,DMA0759,DMA0535,LEISURE,3.0,13.7,GUESTHOUSE,267218,137931,41105,126808,58539,DIRECT,122,21.88,20.66,10427,19503,MONSOON,0
2019-05,DMA0626,DMA0259,MEDICAL,2.5,10.1,HOSTEL,346172,77855,71809,1023,17421,GOV_PORTAL,56,28.47,86.13,5726,17561,WINTER,0
2019-06,DMA0114,DMA0689,PILGRIMAGE,6.3,10.9,HOTEL,114574,35522,95732,25960,59866,GOV_PORTAL,142,13.56,24.01,18048,23643,MONSOON,0
2020-01,DMA0222,DMA0582,BUSINESS,5.2,3.6,SERVICED_APT,335336,24331,714,27679,13950,CORPORATE,105,42.18,54.98,19934,23722,SUMMER,1
2022-04,DMA0723,DMA0148,BUSINESS,1.3,10.3,HOSTEL,239788,9683,28564,108286,5122,GOV_PORTAL,79,12.67,33.67,6528,13579,MONSOON,1
2023-11,DMA0570,DMA0207,MEDICAL,4.1,8.2,HOMESTAY,187822,85555,91241,111818,1675,GOV_PORTAL,84,41.12,90.72,21442,409,MONSOON,1
2020-01,DMA0348,DMA0622,BUSINESS,2.3,6.2,DHARAMSHALA,228822,74073,26748,108158,48441,CORPORATE,152,36.62,64.98,30499,7368,MONSOON,0
2022-10,DMA0023,DMA0030,LEISURE,2.6,11.2,SERVICED_APT,253160,27551,87262,139097,35597,CORPORATE,143,40.78,56.54,19027,12963,SUMMER,0
2020-11,DMA0472,DMA0416,VFR,1.5,13.7,SERVICED_APT,85012,138898,25720,21713,21800,OTA,176,8.25,54.65,14459,10023,FESTIVE,1
2020-09,DMA0027,DMA0760,PILGRIMAGE,2.3,2.2,HOTEL,333969,3545,23203,49895,35600,GOV_PORTAL,72,10.41,51.55,9229,6889,WINTER,0
2024-12,DMA0506,DMA0582,BUSINESS,3.8,11.3,HOMESTAY,101635,168568,94054,70298,22255,OTA,78,38.15,56.97,27028,14666,SHOULDER,0
2021-10,DMA0587,DMA0415,BUSINESS,1.4,13.0,HOMESTAY,143935,40535,45729,119278,13153,GOV_PORTAL,47,43.07,64.12,33307,1389,SHOULDER,0
2023-05,DMA0015,DMA0029,BUSINESS,5.9,5.1,HOSTEL,246522,199909,99292,42753,50397,GOV_PORTAL,59,33.89,83.73,23115,27197,MONSOON,1
2021-07,DMA0414,DMA0278,BUSINESS,5.3,5.7,HOSTEL,239336,32529,95615,33435,55894,DIRECT,60,28.71,38.54,5315,3109,WINTER,1
2025-12,DMA0390,DMA0680,VFR,3.1,11.3,RESORT,250099,51905,12882,94513,7587,GOV_PORTAL,117,36.42,82.74,33508,22198,MONSOON,0
2024-06,DMA0793,DMA0463,VFR,1.7,13.4,DHARAMSHALA,194360,168050,42826,74879,42776,CORPORATE,43,1.87,84.78,29357,2492,WINTER,0
2025-03,DMA0031,DMA0085,EDUCATION,6.5,13.2,HOTEL,165836,139496,46649,97615,14581,GOV_PORTAL,23,38.45,86.4,26002,18029,SHOULDER,0
2024-08,DMA0779,DMA0065,MEDICAL,4.1,1.7,DHARAMSHALA,309001,101676,47310,4496,32743,AGENT,178,12.65,93.44,30507,10379,MONSOON,1
2021-02,DMA0792,DMA0158,LEISURE,3.3,12.3,RESORT,259418,138983,63469,56139,49951,DIRECT,32,2.55,94.61,12261,14184,MONSOON,1
2020-02,DMA0782,DMA0258,BUSINESS,2.1,8.6,DHARAMSHALA,198877,125044,29707,147151,59798,OTA,139,30.67,28.42,2499,15137,WINTER,1
2025-12,DMA0024,DMA0536,MEDICAL,2.1,6.5,GUESTHOUSE,110865,112477,60286,39402,2984,GOV_PORTAL,137,33.88,88.46,7031,8563,FESTIVE,0
2021-01,DMA0069,DMA0433,LEISURE,5.4,12.0,SERVICED_APT,315343,163892,23716,27873,22991,GOV_PORTAL,158,28.22,85.95,13028,16920,MONSOON,1
2025-02,DMA0623,DMA0453,VFR,3.9,11.4,GUESTHOUSE,115623,198045,80336,58951,34015,OTA,3,15.76,49.44,27910,417,SHOULDER,1
2024-04,DMA0666,DMA0780,BUSINESS,6.4,7.6,SERVICED_APT,196923,127384,83600,75361,43306,DIRECT,101,5.27,73.93,33562,22351,MONSOON,0
2024-09,DMA0094,DMA0261,VFR,6.2,6.3,SERVICED_APT,52037,65790,94730,7266,10185,OTA,163,34.6,92.28,11880,13862,SUMMER,0
2024-08,DMA0614,DMA0738,EDUCATION,2.1,7.1,DHARAMSHALA,240736,104922,97176,100505,9272,GOV_PORTAL,9,2.13,27.12,32476,9755,SUMMER,1
2020-08,DMA0624,DMA0526,BUSINESS,6.5,5.1,HOSTEL,46703,148602,6865,144190,43681,OTA,149,34.19,47.65,8871,4570,FESTIVE,1
2022-07,DMA0560,DMA0204,VFR,6.4,9.8,GUESTHOUSE,248963,80648,48116,137859,36478,OTA,165,43.09,95.97,10844,1168,WINTER,0
2019-05,DMA0250,DMA0767,MEDICAL,5.4,12.6,HOMESTAY,124472,137628,3768,48348,40096,GOV_PORTAL,173,44.86,62.76,27377,5712,SUMMER,1
2021-08,DMA0451,DMA0795,MEDICAL,3.2,4.3,DHARAMSHALA,283572,59480,24798,123644,13624,DIRECT,28,17.83,27.16,18637,20116,MONSOON,1
2022-09,DMA0628,DMA0578,VFR,2.2,11.7,SERVICED_APT,281457,152532,86233,92540,48120,CORPORATE,100,4.89,94.96,31118,10070,MONSOON,1
2022-07,DMA0402,DMA0177,VFR,1.6,5.7,GUESTHOUSE,171280,53288,58495,129431,14235,DIRECT,50,4.25,90.41,17993,11719,WINTER,1
2024-11,DMA0086,DMA0557,PILGRIMAGE,1.3,2.7,RESORT,55587,32046,40268,2792,22578,CORPORATE,132,22.12,82.9,20917,2657,SUMMER,1
2020-10,DMA0499,DMA0550,BUSINESS,5.5,1.5,HOTEL,103555,35026,26039,6339,58555,GOV_PORTAL,2,35.63,81.9,4243,6782,SHOULDER,1
2022-05,DMA0028,DMA0451,PILGRIMAGE,6.2,7.2,SERVICED_APT,225752,84527,76825,18293,28806,GOV_PORTAL,113,2.15,57.9,11094,9932,WINTER,0
2023-10,DMA0030,DMA0314,VFR,5.2,8.4,HOSTEL,83877,117798,31127,8316,33767,CORPORATE,93,7.57,88.27,24337,10003,SHOULDER,1
2023-11,DMA0002,DMA0356,MEDICAL,5.2,1.1,HOTEL,243372,178262,25370,53259,14465,GOV_PORTAL,46,26.49,43.84,9520,14445,MONSOON,0
2021-04,DMA0457,DMA0066,BUSINESS,3.3,9.5,HOSTEL,293781,34449,61719,32505,8866,GOV_PORTAL,39,3.85,47.97,10642,17592,SHOULDER,1
2023-07,DMA0449,DMA0617,MEDICAL,4.5,7.7,DHARAMSHALA,62127,58040,3228,9563,24623,CORPORATE,7,39.53,36.85,31366,19604,WINTER,1
2023-03,DMA0505,DMA0618,VFR,4.7,14.0,GUESTHOUSE,123869,64368,45803,16733,52486,OTA,107,22.64,51.44,22906,10040,SUMMER,0
2021-12,DMA0789,DMA0669,PILGRIMAGE,2.4,2.4,GUESTHOUSE,109304,47243,88905,27072,37324,DIRECT,117,17.41,38.22,13343,24354,WINTER,0
2024-08,DMA0062,DMA0241,BUSINESS,5.1,10.2,HOSTEL,338543,71052,61924,101876,31995,DIRECT,83,0.6,46.51,20771,20224,FESTIVE,0
2022-07,DMA0028,DMA0507,EDUCATION,1.8,3.8,HOTEL,167206,84413,58642,59852,35906,AGENT,76,5.08,73.85,15833,27219,FESTIVE,0
2019-06,DMA0288,DMA0004,PILGRIMAGE,2.6,3.7,HOMESTAY,256075,163623,2782,15563,1350,GOV_PORTAL,5,37.24,53.55,2289,12372,SHOULDER,1
2025-11,DMA0186,DMA0439,BUSINESS,4.2,1.2,HOSTEL,214125,105348,53939,51542,35261,OTA,73,31.45,79.88,31518,23969,MONSOON,0
2023-03,DMA0582,DMA0650,EDUCATION,4.0,1.1,DHARAMSHALA,241730,53967,33671,57128,27318,OTA,52,0.92,57.36,11177,4664,SUMMER,0
2023-05,DMA0125,DMA0377,EDUCATION,4.9,3.4,HOMESTAY,184817,81098,37011,7210,57579,GOV_PORTAL,153,43.83,30.86,32609,9844,SHOULDER,0
2019-11,DMA0151,DMA0044,MEDICAL,4.2,3.3,RESORT,272212,56292,38731,90028,47450,DIRECT,69,15.9,77.88,20826,26180,WINTER,1
2023-02,DMA0448,DMA0721,LEISURE,1.3,1.0,HOSTEL,271587,28998,98004,37159,13973,AGENT,126,27.29,25.14,16382,7083,FESTIVE,0
2020-05,DMA0470,DMA0062,BUSINESS,6.4,10.3,HOSTEL,221421,179983,88676,75032,28827,AGENT,25,32.52,93.51,23687,8992,SUMMER,0
2022-10,DMA0671,DMA0350,VFR,5.2,7.5,HOMESTAY,303186,14554,98652,139766,1089,AGENT,155,43.04,85.6,24953,3999,FESTIVE,0
2025-10,DMA0019,DMA0005,BUSINESS,5.8,6.1,DHARAMSHALA,316049,10887,73513,53025,41007,CORPORATE,52,40.07,95.12,22123,5728,SUMMER,1
2022-10,DMA0712,DMA0044,EDUCATION,5.4,2.3,HOMESTAY,289918,105984,46927,41120,40375,CORPORATE,60,26.88,39.39,22397,13566,SUMMER,0
2025-05,DMA0008,DMA0395,VFR,2.2,5.3,DHARAMSHALA,325776,121407,11817,30399,10659,GOV_PORTAL,167,6.27,57.54,2523,12233,FESTIVE,1
2022-05,DMA0468,DMA0501,LEISURE,6.1,7.1,GUESTHOUSE,74513,62880,69199,696,5655,AGENT,14,38.03,35.06,6129,27690,FESTIVE,1
2023-03,DMA0255,DMA0073,LEISURE,6.4,14.0,HOTEL,258084,89218,13476,123129,3743,OTA,12,36.75,52.95,27756,21264,WINTER,1
2019-11,DMA0320,DMA0175,MEDICAL,1.4,7.6,DHARAMSHALA,264747,190125,48828,92906,38741,CORPORATE,172,28.76,39.01,13666,6460,WINTER,1
2023-03,DMA0728,DMA0014,MEDICAL,1.9,1.3,SERVICED_APT,144038,30135,35227,24140,25577,CORPORATE,78,44.52,86.52,3115,12550,SUMMER,1
2021-03,DMA0205,DMA0019,LEISURE,6.4,3.7,GUESTHOUSE,52997,52372,22766,137076,6597,GOV_PORTAL,153,23.77,29.48,29866,23850,WINTER,1
2023-01,DMA0638,DMA0525,BUSINESS,2.6,5.6,GUESTHOUSE,164594,2839,99608,82925,33778,CORPORATE,55,9.62,37.56,16088,19890,WINTER,0
2020-04,DMA0553,DMA0533,EDUCATION,5.5,6.9,HOMESTAY,78997,157519,2670,112229,48726,GOV_PORTAL,22,11.42,40.6,16052,10292,WINTER,1
2023-02,DMA0179,DMA0235,BUSINESS,1.4,9.8,DHARAMSHALA,346287,178348,41123,57942,55213,OTA,38,18.3,77.58,9934,9151,SUMMER,0
2020-03,DMA0519,DMA0578,MEDICAL,5.0,8.7,SERVICED_APT,175034,146655,79996,84506,461,GOV_PORTAL,96,19.02,69.17,21872,3393,MONSOON,0
2023-06,DMA0509,DMA0798,BUSINESS,4.9,7.6,SERVICED_APT,332239,74120,95245,105773,4150,AGENT,20,37.4,30.63,23237,12813,MONSOON,1
2020-02,DMA0180,DMA0151,BUSINESS,6.2,11.9,HOSTEL,121133,177321,65004,104881,47476,CORPORATE,141,39.91,67.24,7846,14257,SHOULDER,1
2025-07,DMA0072,DMA0192,BUSINESS,5.0,3.6,SERVICED_APT,319736,166508,67982,103207,32142,DIRECT,12,17.22,86.02,29664,2445,MONSOON,0
2025-10,DMA0731,DMA0667,BUSINESS,1.2,2.0,HOSTEL,39437,88182,13940,38299,32379,GOV_PORTAL,31,42.54,55.27,21585,27728,FESTIVE,1
2025-04,DMA0747,DMA0641,VFR,3.5,11.9,SERVICED_APT,13397,102799,26726,39451,44970,OTA,139,41.76,67.72,31976,8746,FESTIVE,1
2021-02,DMA0259,DMA0327,MEDICAL,2.9,7.0,HOMESTAY,59657,56473,69192,23096,14397,AGENT,62,18.48,61.49,17981,2055,WINTER,1
2022-04,DMA0145,DMA0663,LEISURE,4.1,8.2,SERVICED_APT,167816,78499,97353,27937,49861,GOV_PORTAL,51,39.06,47.91,15897,18535,SHOULDER,1
2020-06,DMA0773,DMA0607,LEISURE,3.4,11.9,SERVICED_APT,153204,114047,89597,70647,6805,AGENT,73,5.08,20.2,12609,6948,WINTER,1
2021-02,DMA0495,DMA0371,VFR,2.5,13.3,HOSTEL,89914,118994,63078,86309,6635,OTA,21,23.01,34.53,30164,27831,WINTER,0
2020-06,DMA0073,DMA0669,MEDICAL,4.6,8.2,DHARAMSHALA,115901,80224,54590,41419,30167,AGENT,174,32.07,93.88,21168,22241,MONSOON,1
2019-01,DMA0371,DMA0005,EDUCATION,2.7,11.6,HOTEL,76204,128028,46107,53533,22093,OTA,152,15.55,47.66,3061,3284,WINTER,0
2020-04,DMA0070,DMA0459,VFR,5.7,8.1,RESORT,241684,117547,49042,64563,48152,CORPORATE,115,1.04,43.18,25354,25400,SHOULDER,0
2020-09,DMA0136,DMA0489,MEDICAL,2.8,1.4,DHARAMSHALA,230191,124810,19216,13907,24026,AGENT,92,2.5,67.88,25821,1889,MONSOON,0
2024-12,DMA0176,DMA0033,VFR,3.8,13.4,HOSTEL,52301,101687,3281,13352,38332,DIRECT,121,40.26,90.5,5164,25594,SHOULDER,1
2024-06,DMA0084,DMA0093,BUSINESS,5.5,11.6,HOSTEL,285153,3242,91158,41863,5797,DIRECT,34,23.33,43.59,3439,1918,WINTER,0
2025-11,DMA0282,DMA0007,VFR,5.5,10.8,GUESTHOUSE,275388,23854,76600,20299,51634,DIRECT,92,6.85,37.4,15691,6222,WINTER,1
2019-03,DMA0058,DMA0429,VFR,4.2,6.7,DHARAMSHALA,116758,97033,87565,8071,17229,GOV_PORTAL,79,40.6,90.35,33045,8764,MONSOON,1
2019-08,DMA0374,DMA0778,PILGRIMAGE,3.1,13.3,HOMESTAY,44975,160172,66770,43843,7252,CORPORATE,71,42.4,80.33,17416,12666,SUMMER,0
2020-06,DMA0442,DMA0249,MEDICAL,4.1,7.4,DHARAMSHALA,201738,35519,69802,126534,13776,CORPORATE,178,14.67,74.8,18055,6817,MONSOON,0
2021-01,DMA0793,DMA0073,BUSINESS,5.7,10.4,HOSTEL,253199,128856,87214,143247,19917,OTA,19,26.37,63.46,33009,12136,SUMMER,0
2024-12,DMA0783,DMA0657,VFR,2.2,2.3,SERVICED_APT,257765,82544,67652,68828,11872,OTA,121,14.66,53.19,28168,16303,SUMMER,0
2020-06,DMA0779,DMA0740,BUSINESS,1.7,3.8,DHARAMSHALA,87430,150448,79923,94108,31465,GOV_PORTAL,146,32.64,69.75,30315,1744,MONSOON,1
2020-12,DMA0608,DMA0134,EDUCATION,4.2,6.5,HOMESTAY,11394,151977,54326,131967,43449,AGENT,15,42.66,36.92,6512,16381,WINTER,1
2024-09,DMA0736,DMA0055,MEDICAL,4.2,8.6,GUESTHOUSE,336758,142958,63254,3378,56584,GOV_PORTAL,61,1.25,83.75,7257,22094,SHOULDER,0
2021-02,DMA0006,DMA0385,LEISURE,2.6,11.5,SERVICED_APT,238979,58961,21406,144005,47337,DIRECT,28,21.19,52.48,30790,13209,WINTER,0
2025-02,DMA0514,DMA0267,PILGRIMAGE,3.4,4.1,HOTEL,4029,140530,58708,33552,34769,CORPORATE,97,35.96,78.87,20402,16525,SUMMER,0
2019-11,DMA0535,DMA0363,PILGRIMAGE,1.5,11.1,RESORT,185599,12440,5665,36526,24441,OTA,91,31.01,83.31,25365,12655,FESTIVE,1
2019-04,DMA0605,DMA0401,MEDICAL,1.7,12.6,SERVICED_APT,128851,50249,66620,10391,45872,OTA,33,8.2,25.88,29431,4963,SHOULDER,0
2019-10,DMA0519,DMA0252,PILGRIMAGE,5.6,11.6,DHARAMSHALA,161289,63602,73139,95761,17899,CORPORATE,80,17.65,72.69,14074,22312,WINTER,1
2019-12,DMA0446,DMA0679,LEISURE,3.6,9.1,HOTEL,50720,191010,92508,118864,24796,DIRECT,3,21.07,43.61,14916,18283,FESTIVE,1
2025-02,DMA0030,DMA0201,BUSINESS,1.5,11.5,SERVICED_APT,72741,64502,47089,116887,7108,DIRECT,54,33.52,47.99,10372,18118,FESTIVE,1
2019-12,DMA0592,DMA0656,VFR,6.3,12.4,RESORT,1562,13639,31372,67923,9047,DIRECT,51,20.66,77.21,16210,2847,SHOULDER,0
2019-05,DMA0513,DMA0565,MEDICAL,2.2,8.2,HOTEL,64123,96271,91781,145649,37940,CORPORATE,97,14.13,94.68,17593,21283,SUMMER,0
2019-05,DMA0205,DMA0091,EDUCATION,2.7,11.5,SERVICED_APT,292483,74017,66830,112284,14217,GOV_PORTAL,29,18.68,82.69,17570,12813,FESTIVE,1
2020-11,DMA0257,DMA0489,EDUCATION,6.3,6.5,DHARAMSHALA,75907,60437,57119,61282,39169,DIRECT,63,43.51,42.75,30656,8390,FESTIVE,0
2023-08,DMA0406,DMA0773,MEDICAL,2.0,7.8,RESORT,181712,27489,69762,135681,40479,GOV_PORTAL,165,2.1,75.21,20407,13546,SHOULDER,0
2022-10,DMA0574,DMA0358,PILGRIMAGE,6.3,1.7,HOTEL,186827,114206,77846,97662,40384,AGENT,29,15.02,45.56,11891,14505,MONSOON,1
2019-02,DMA0592,DMA0264,VFR,5.0,12.5,SERVICED_APT,287473,105471,36619,114339,56415,OTA,42,8.91,54.29,10478,10473,SHOULDER,0
2025-02,DMA0243,DMA0457,PILGRIMAGE,3.3,2.8,SERVICED_APT,118557,138005,76510,132095,36497,GOV_PORTAL,95,18.02,29.6,3635,2409,SUMMER,1
2019-01,DMA0556,DMA0003,PILGRIMAGE,4.3,4.6,HOMESTAY,244904,109409,41847,51038,3855,AGENT,55,26.36,85.07,18769,25509,WINTER,1
2020-01,DMA0009,DMA0027,BUSINESS,3.8,5.1,RESORT,234238,62152,1568,55709,19215,CORPORATE,133,8.74,70.46,27199,14837,WINTER,1
2023-12,DMA0601,DMA0050,BUSINESS,5.4,2.5,HOMESTAY,26102,131288,22004,11711,6564,AGENT,2,19.19,87.31,12890,9811,FESTIVE,0
2021-12,DMA0550,DMA0310,PILGRIMAGE,1.3,13.0,SERVICED_APT,60030,113395,28244,102996,20790,AGENT,167,37.25,37.43,29298,17907,FESTIVE,1
2024-02,DMA0022,DMA0568,LEISURE,5.5,13.6,GUESTHOUSE,104960,11413,69577,109936,26170,OTA,77,28.9,30.09,30473,19779,FESTIVE,0
2024-03,DMA0681,DMA0148,MEDICAL,6.3,12.2,DHARAMSHALA,291278,139553,34432,43814,58422,AGENT,114,30.57,83.61,32022,1288,WINTER,1
2024-07,DMA0258,DMA0097,EDUCATION,3.4,5.5,HOSTEL,93551,108738,21456,20639,28887,AGENT,37,42.32,88.56,13491,13366,WINTER,0
2020-04,DMA0129,DMA0628,LEISURE,2.1,1.7,GUESTHOUSE,236364,115985,81758,132696,35509,OTA,144,18.4,33.41,2920,19757,SUMMER,0
2025-06,DMA0010,DMA0634,MEDICAL,1.6,3.4,GUESTHOUSE,316567,121585,80724,83311,13650,CORPORATE,178,44.91,70.07,2617,27060,MONSOON,0
2022-04,DMA0611,DMA0562,VFR,2.9,11.0,RESORT,34809,158396,51820,20409,30971,DIRECT,154,17.19,32.87,25906,23832,MONSOON,1
2022-12,DMA0600,DMA0106,VFR,1.7,4.7,RESORT,158562,113860,25612,61143,23847,GOV_PORTAL,164,8.22,21.13,2066,26086,FESTIVE,1
2022-10,DMA0178,DMA0340,LEISURE,2.3,12.6,GUESTHOUSE,232451,95175,15064,104324,32522,GOV_PORTAL,25,36.34,62.3,1734,19564,SUMMER,1
2019-05,DMA0748,DMA0283,PILGRIMAGE,4.6,11.9,HOTEL,83420,90613,82586,66965,49394,AGENT,99,22.95,94.13,24114,22084,MONSOON,0
2021-01,DMA0431,DMA0018,EDUCATION,3.3,4.1,HOSTEL,161544,130090,77277,3720,4327,DIRECT,87,15.52,66.06,23935,4221,FESTIVE,0
2022-02,DMA0686,DMA0412,PILGRIMAGE,6.0,10.0,DHARAMSHALA,257881,17251,47975,16474,37970,DIRECT,148,11.08,53.47,32846,3130,MONSOON,0
2023-06,DMA0714,DMA0353,VFR,3.6,6.7,HOMESTAY,83716,117813,2887,66624,19588,AGENT,64,36.97,42.0,26345,9812,MONSOON,0
2025-09,DMA0102,DMA0442,PILGRIMAGE,1.8,3.8,HOMESTAY,143135,150125,29241,5618,2068,GOV_PORTAL,61,25.38,41.96,13252,15344,WINTER,1
2025-01,DMA0628,DMA0639,BUSINESS,1.8,8.7,SERVICED_APT,349149,105064,56029,41709,566,GOV_PORTAL,169,28.1,40.52,3011,21239,SUMMER,0
2025-10,DMA0716,DMA0032,VFR,4.8,11.9,HOTEL,142060,131027,17708,89311,13203,DIRECT,95,20.8,36.31,17800,14731,WINTER,0
2025-04,DMA0188,DMA0519,MEDICAL,4.5,13.0,HOSTEL,311235,104864,8424,66739,46457,DIRECT,62,9.65,25.19,26285,7666,FESTIVE,0
2022-09,DMA0535,DMA0399,EDUCATION,4.9,1.8,HOTEL,138342,162316,21738,108216,11217,AGENT,57,15.19,79.05,9044,22748,MONSOON,0
2022-03,DMA0791,DMA0419,MEDICAL,2.9,6.4,HOMESTAY,27399,190241,11672,44168,33302,GOV_PORTAL,111,5.79,44.6,22510,20582,WINTER,1
2021-04,DMA0585,DMA0180,PILGRIMAGE,6.0,8.9,HOTEL,344110,160583,43582,147704,19410,GOV_PORTAL,80,15.35,32.17,31011,12030,WINTER,1
2023-05,DMA0132,DMA0755,MEDICAL,1.6,5.4,RESORT,181130,8238,85778,46143,57609,AGENT,61,41.07,67.13,16247,3881,WINTER,1
2023-06,DMA0733,DMA0040,MEDICAL,1.2,5.1,HOMESTAY,99747,134068,1048,37425,1021,AGENT,66,25.87,92.88,33572,9649,MONSOON,0
2020-08,DMA0155,DMA0223,LEISURE,5.1,11.0,RESORT,117910,165323,40879,67118,2545,CORPORATE,100,2.08,73.7,24965,21565,MONSOON,1
2023-07,DMA0313,DMA0562,LEISURE,4.7,11.2,DHARAMSHALA,327319,46667,85667,76663,48047,DIRECT,28,34.39,34.96,23390,18805,FESTIVE,1
2024-05,DMA0324,DMA0090,MEDICAL,3.7,10.5,DHARAMSHALA,82940,194625,84382,126254,17252,DIRECT,146,34.54,52.3,30936,13418,WINTER,0
2025-04,DMA0322,DMA0238,VFR,1.2,12.7,SERVICED_APT,57747,92893,39002,51284,7340,DIRECT,106,34.18,84.36,20907,15173,MONSOON,0
2020-10,DMA0510,DMA0198,EDUCATION,1.6,7.4,DHARAMSHALA,299101,186877,64798,48427,20513,OTA,116,27.74,23.95,9505,8629,FESTIVE,1
2023-03,DMA0711,DMA0243,MEDICAL,2.1,11.2,HOSTEL,234973,42152,13021,50038,14780,OTA,96,1.42,46.25,17173,22022,FESTIVE,0
2024-12,DMA0313,DMA0411,EDUCATION,4.5,1.1,RESORT,2583,84177,91516,35548,16191,AGENT,110,17.22,50.25,18235,27137,WINTER,1
2019-12,DMA0043,DMA0780,BUSINESS,4.6,13.8,HOTEL,95087,165524,78618,72767,40444,CORPORATE,132,14.64,55.3,14794,15384,FESTIVE,1
2023-11,DMA0426,DMA0188,VFR,4.7,13.0,DHARAMSHALA,57714,22725,97084,138135,12202,OTA,8,0.95,63.57,15560,22477,SHOULDER,1
2023-06,DMA0738,DMA0623,EDUCATION,5.4,11.9,HOSTEL,279085,59217,42581,31041,8555,DIRECT,168,3.85,58.51,33224,24321,SUMMER,1
2023-05,DMA0524,DMA0798,BUSINESS,1.1,8.6,GUESTHOUSE,118905,97155,8089,37408,55359,CORPORATE,152,18.92,32.69,23213,10697,FESTIVE,1
2022-02,DMA0091,DMA0600,EDUCATION,4.5,8.1,DHARAMSHALA,103600,173255,76266,135313,39591,GOV_PORTAL,115,39.63,52.52,27273,23628,SUMMER,1
2019-12,DMA0438,DMA0726,BUSINESS,2.4,3.0,HOSTEL,326399,181729,89604,61024,31787,AGENT,83,43.28,48.78,30476,14560,FESTIVE,0
2025-01,DMA0086,DMA0260,PILGRIMAGE,4.1,1.7,DHARAMSHALA,159340,37526,54456,92346,10350,OTA,74,33.45,92.49,29955,21384,WINTER,0
2019-07,DMA0463,DMA0517,LEISURE,5.1,4.3,GUESTHOUSE,263000,50415,35308,43491,5070,CORPORATE,120,10.15,77.94,24624,11272,SUMMER,0
2024-08,DMA0586,DMA0388,PILGRIMAGE,5.0,3.0,GUESTHOUSE,44481,156732,19488,53307,917,OTA,139,41.48,87.55,19986,20342,SUMMER,1
2021-05,DMA0291,DMA0477,EDUCATION,2.6,8.3,DHARAMSHALA,255012,58834,5252,21525,3728,OTA,64,44.01,75.35,4203,13989,SUMMER,0
2022-09,DMA0424,DMA0137,BUSINESS,3.0,5.3,HOSTEL,68285,25451,12598,61900,33065,AGENT,80,19.36,24.44,6246,3357,SUMMER,1
2019-10,DMA0288,DMA0631,PILGRIMAGE,6.0,6.0,GUESTHOUSE,180488,106334,90888,77229,12806,OTA,143,23.49,56.98,16245,11355,FESTIVE,0
2019-04,DMA0212,DMA0563,PILGRIMAGE,5.7,1.3,RESORT,214673,192922,29373,103569,20415,AGENT,54,15.57,80.68,34558,18528,SUMMER,1
2020-12,DMA0389,DMA0486,VFR,2.4,8.1,DHARAMSHALA,76566,150785,38014,49809,45299,AGENT,165,38.34,66.13,3476,26908,WINTER,0
2025-10,DMA0669,DMA0053,PILGRIMAGE,4.2,9.5,RESORT,18403,15915,32614,15208,46259,GOV_PORTAL,42,13.4,79.17,25819,27833,WINTER,0
2021-02,DMA0219,DMA0610,VFR,1.6,5.3,HOSTEL,129355,129438,9128,82935,10136,DIRECT,126,4.89,95.03,10493,17321,SHOULDER,0
2023-08,DMA0346,DMA0200,PILGRIMAGE,4.6,2.7,GUESTHOUSE,99735,148119,25606,52002,26809,GOV_PORTAL,135,20.52,39.3,1992,14825,WINTER,0
2024-12,DMA0011,DMA0750,EDUCATION,4.4,10.1,HOTEL,304362,164282,30045,82378,26389,OTA,52,7.63,96.7,30738,27456,FESTIVE,0
2020-11,DMA0029,DMA0416,PILGRIMAGE,2.5,2.7,HOSTEL,204890,198739,93499,59014,5577,GOV_PORTAL,60,19.39,29.4,19374,24240,WINTER,0
2019-09,DMA0636,DMA0689,BUSINESS,3.3,11.6,GUESTHOUSE,199802,69863,94539,130701,55990,CORPORATE,69,26.34,91.76,19282,24511,MONSOON,1
2021-01,DMA0620,DMA0773,BUSINESS,5.3,8.1,DHARAMSHALA,210400,164291,35876,23154,13105,GOV_PORTAL,173,36.12,35.07,5086,9766,SUMMER,0
2021-08,DMA0660,DMA0544,MEDICAL,2.4,4.1,GUESTHOUSE,86853,40815,56103,68378,51885,GOV_PORTAL,136,31.14,76.11,7718,24490,WINTER,1
2019-07,DMA0043,DMA0133,MEDICAL,5.2,12.7,DHARAMSHALA,44393,168456,17857,9886,16143,GOV_PORTAL,99,33.24,81.1,32184,9566,FESTIVE,1
2023-11,DMA0582,DMA0480,VFR,2.7,2.8,SERVICED_APT,289423,51259,79555,62027,28492,AGENT,22,26.57,83.27,11066,13981,WINTER,1
