tech_cover_mapping_release_date,tech_cover_provider_id_fcc,tech_cover_technology_code,tech_cover_max_advertised_down_mbps,tech_cover_max_advertised_up_mbps,tech_cover_latency_category,tech_cover_data_cap_gb,tech_cover_coverage_area_hex_id,tech_cover_served_location_count,tech_cover_unserved_location_count,tech_cover_underserved_location_count,tech_cover_challenge_filed_count,tech_cover_challenge_upheld_count,tech_cover_middle_mile_presence_flag,tech_cover_backhaul_distance_km,tech_cover_last_mile_medium_code,tech_cover_spectrum_band_code,tech_cover_grant_funded_flag,tech_cover_permit_obstacle_index,tech_cover_coverage_confidence_score
2021-04-01,INP022768,FIBER,1219,437,LOW,0,HEX1398BB674D,199416,10463,55392,87,35,1,239.3,COAX,LOW_BAND,1,0.097,0.885
2022-12-19,INP875935,5G,1297,638,MED,500,HEX31ACFDD67D,43138,24260,46566,53,42,1,234.2,FIBER,UNLICENSED,0,0.534,0.469
2025-03-08,INP396568,5G,124,239,LOW,2000,HEX543FE5A6E7,69936,9150,32325,190,143,1,186.8,WIRELESS,UNLICENSED,0,0.219,0.988
2025-09-18,INP478116,SATELLITE,140,399,MED,500,HEXF8FD0BA84A,29742,19234,56985,40,29,1,180.6,COAX,UNLICENSED,0,0.508,0.373
2023-05-07,INP851319,SATELLITE,1891,5,HIGH,100,HEX715FC3391B,214415,4535,69822,196,32,1,118.9,SAT,MID_BAND,1,0.872,0.592
2022-05-17,INP976736,CABLE,907,926,HIGH,200,HEX1359331A3E,225848,21654,9287,131,60,1,121.5,SAT,MID_BAND,0,0.882,0.698
2022-09-22,INP781044,FIXED_WIRELESS,1779,751,LOW,1000,HEXAA0BC13822,121775,16371,9880,113,103,0,137.7,FIBER,UNLICENSED,0,0.969,0.939
2022-08-26,INP142403,FIXED_WIRELESS,553,953,MED,100,HEX6FF8B24F98,196577,20552,7492,12,9,1,229.9,SAT,MID_BAND,1,0.508,0.887
2020-10-07,INP562182,SATELLITE,91,639,LOW,200,HEXA954A542A7,244036,49274,9508,2,1,0,140.8,FIBER,LOW_BAND,0,0.506,0.391
2023-11-30,INP883187,SATELLITE,1662,674,HIGH,0,HEXA8E1E4EB24,55715,47029,44942,52,43,0,66.1,WIRELESS,C_BAND,0,0.846,0.364
2024-09-30,INP803191,FIXED_WIRELESS,1139,727,MED,500,HEX01EE8D9224,236162,2614,46898,53,43,1,25.9,SAT,MMWAVE,0,0.749,0.939
2022-08-27,INP898807,CABLE,1612,958,MED,2000,HEXAB32B6073E,92160,20000,29831,57,1,0,99.7,COAX,LOW_BAND,0,0.279,0.743
2024-06-25,INP683082,SATELLITE,1981,276,LOW,0,HEX95C6F1E306,136793,35287,25825,93,55,1,166.1,COAX,UNLICENSED,1,0.848,0.797
2023-05-15,INP563651,4G,1935,393,HIGH,1000,HEXE9480469A7,116409,44277,28010,130,121,0,240.0,COPPER,LOW_BAND,1,0.664,0.727
2021-01-17,INP876210,DSL,983,630,LOW,200,HEX6A3B73A0CC,28441,27862,28683,45,44,1,12.7,COPPER,LOW_BAND,0,0.801,0.761
2023-07-23,INP986758,SATELLITE,923,923,LOW,1000,HEXD7CD4C737B,61971,17807,44020,81,69,1,37.9,WIRELESS,MID_BAND,0,0.064,0.581
2026-01-31,INP408379,FIBER,1764,906,HIGH,200,HEX7F46ED8BCE,128486,14380,35774,111,62,1,84.2,WIRELESS,MID_BAND,0,0.92,0.977
2025-12-27,INP035061,FIXED_WIRELESS,382,56,MED,200,HEX575E4F6D7B,14153,22935,29389,166,17,0,163.0,FIBER,MID_BAND,1,0.02,0.405
2021-06-01,INP419423,SATELLITE,1253,991,HIGH,1000,HEX1DF104AF6B,20422,38803,31830,26,22,0,212.6,SAT,LOW_BAND,0,0.566,0.328
2025-12-22,INP435388,FIBER,897,988,MED,1000,HEXE7228A9EC7,216961,47908,35179,82,31,0,21.8,WIRELESS,MID_BAND,0,0.57,0.761
2023-10-09,INP081273,SATELLITE,1446,906,MED,500,HEX0F1B7CBA7C,24893,19283,29045,103,88,1,166.1,COAX,MMWAVE,0,0.344,0.988
2023-09-16,INP343273,4G,1107,978,HIGH,50,HEX3B49C9FD45,79737,927,70010,32,17,1,13.8,COAX,MID_BAND,0,0.753,0.371
2020-02-20,INP544109,FIXED_WIRELESS,243,846,LOW,200,HEX79A2CF1386,156771,40528,29581,198,133,1,227.1,COAX,UNLICENSED,0,0.305,0.729
2021-02-10,INP922611,FIBER,330,7,MED,200,HEXB7044D134C,155109,43331,25928,108,14,1,162.0,COAX,MID_BAND,1,0.166,0.512
2023-03-28,INP443425,FIXED_WIRELESS,174,617,LOW,200,HEXB903AD90CD,151559,2636,22962,120,66,0,229.0,COPPER,UNLICENSED,0,0.814,0.969
2025-04-09,INP336836,CABLE,1366,972,MED,2000,HEXC0141CDD0D,121604,27082,7104,48,33,1,189.2,WIRELESS,LOW_BAND,1,0.549,0.94
2024-11-29,INP840677,CABLE,1138,19,HIGH,200,HEX1FE71D7B84,219317,31621,61894,62,29,0,96.0,SAT,UNLICENSED,0,0.137,0.348
2024-08-26,INP372078,SATELLITE,1361,506,LOW,200,HEX8588753B93,203804,26920,5720,81,60,0,202.9,WIRELESS,MID_BAND,0,0.037,0.647
2023-09-21,INP884547,FIXED_WIRELESS,1793,675,LOW,0,HEX7F5BADDD65,188907,49768,63956,223,138,1,17.3,COAX,MID_BAND,0,0.434,0.368
2021-02-15,INP469072,CABLE,892,154,LOW,500,HEX6A2296A793,167722,16644,60236,65,1,0,116.4,COAX,UNLICENSED,1,0.442,0.538
2023-05-10,INP642813,FIXED_WIRELESS,228,247,MED,500,HEX54B0D60DCF,239212,39741,65107,213,73,0,57.7,COAX,MID_BAND,0,0.621,0.768
2021-07-14,INP696345,4G,279,97,MED,100,HEXB228F8ED4D,126813,19342,44396,205,29,1,19.0,COPPER,MMWAVE,0,0.805,0.552
2024-06-04,INP054665,5G,1317,967,MED,0,HEXA79F59AA7B,170694,26758,15292,35,2,0,76.2,WIRELESS,LOW_BAND,1,0.887,0.394
2025-02-01,INP396557,FIXED_WIRELESS,1351,106,MED,500,HEX6F057FD1A8,169537,23506,7936,101,35,1,30.7,WIRELESS,LOW_BAND,0,0.642,0.712
2020-03-28,INP039728,SATELLITE,434,605,LOW,2000,HEXD52E0D2242,173792,1689,17275,3,2,0,59.6,COAX,LOW_BAND,1,0.052,0.812
2025-11-24,INP104354,DSL,1946,634,LOW,1000,HEXCD87F076A7,238972,29069,9632,230,20,1,37.3,COPPER,C_BAND,0,0.585,0.791
2024-04-09,INP954607,5G,1350,671,HIGH,1000,HEXD6E6D6B554,40513,45011,62163,17,2,0,23.5,FIBER,C_BAND,0,0.556,0.705
2023-09-12,INP648949,FIBER,1993,299,HIGH,100,HEX593A31D5C9,212108,28122,73526,249,196,0,153.5,SAT,LOW_BAND,0,0.658,0.778
2020-04-28,INP173308,SATELLITE,1356,415,LOW,50,HEXBF1867245F,156796,5567,6895,39,10,0,12.6,FIBER,C_BAND,0,0.424,0.719
2024-08-23,INP271426,FIXED_WIRELESS,1089,688,MED,0,HEX3F03FCC417,113393,11514,16932,97,68,0,125.2,COAX,LOW_BAND,0,0.742,0.601
2025-02-26,INP985574,FIBER,839,26,MED,50,HEXC9DE1D3986,81836,48877,44500,56,21,0,19.3,FIBER,UNLICENSED,0,0.906,0.541
2021-08-27,INP211676,DSL,1958,796,HIGH,200,HEX799AEAF5F5,115781,4475,61462,113,80,1,68.8,FIBER,C_BAND,0,0.31,0.612
2020-08-21,INP326905,FIXED_WIRELESS,957,599,HIGH,2000,HEXB0E9398F7C,220013,22507,11053,129,44,1,177.0,WIRELESS,UNLICENSED,0,0.159,0.557
2023-03-04,INP376063,CABLE,203,576,HIGH,200,HEX4BAED5925F,183602,43393,51374,33,5,1,94.3,COAX,MID_BAND,0,0.829,0.81
2025-11-26,INP065039,CABLE,1950,789,MED,50,HEX321D1CDE05,201382,40503,17176,152,96,1,45.4,SAT,MID_BAND,0,0.044,0.551
2022-08-30,INP967722,5G,1616,485,LOW,100,HEXA97CC86239,229352,16384,6839,164,123,0,138.7,FIBER,UNLICENSED,0,0.285,0.827
2023-01-22,INP458098,CABLE,1915,32,MED,0,HEX6561351B52,10540,18800,61925,178,35,0,117.4,SAT,LOW_BAND,0,0.019,0.449
2021-09-04,INP575123,FIBER,498,434,HIGH,2000,HEX91D78A9B40,92988,15765,74798,106,23,0,21.6,COAX,LOW_BAND,0,0.544,0.843
2025-09-10,INP534692,FIBER,741,812,LOW,100,HEX3A19C255AD,179985,30449,62722,161,46,0,16.0,WIRELESS,LOW_BAND,1,0.044,0.438
2020-06-20,INP333840,4G,401,297,MED,2000,HEXCD515EBE6F,130576,45355,65211,94,66,1,20.8,WIRELESS,LOW_BAND,0,0.995,0.425
2023-04-18,INP306364,4G,919,364,MED,0,HEXBE96AC0A68,197081,44525,20969,243,7,1,152.0,WIRELESS,LOW_BAND,1,0.236,0.745
2024-01-23,INP356693,5G,167,592,LOW,500,HEX554F028E1C,185059,29246,28124,156,73,0,249.7,COPPER,LOW_BAND,1,0.074,0.419
2024-12-28,INP989967,SATELLITE,1120,302,MED,2000,HEX2BB253FC37,95106,36308,48353,119,102,0,32.6,FIBER,LOW_BAND,1,1.0,0.796
2025-11-23,INP445130,FIXED_WIRELESS,1402,534,MED,50,HEXECA2F6E012,43663,10614,42291,239,181,1,236.9,SAT,C_BAND,0,0.251,0.738
2023-01-29,INP135519,DSL,360,679,HIGH,1000,HEXE5E0D1FC43,150482,27301,3969,127,74,0,75.7,COPPER,MMWAVE,1,0.073,0.341
2024-12-05,INP443183,5G,717,413,LOW,2000,HEX5857431469,65582,10466,42917,239,147,0,47.6,COPPER,MMWAVE,0,0.467,0.907
2025-07-30,INP095923,FIBER,586,511,HIGH,2000,HEXA78D6EBC56,149995,36819,25513,92,70,1,96.7,WIRELESS,UNLICENSED,1,0.989,0.769
2021-05-01,INP103953,DSL,417,621,HIGH,200,HEX8025779859,43098,25752,39221,151,86,1,127.5,WIRELESS,UNLICENSED,1,0.816,0.554
2021-03-24,INP957760,FIXED_WIRELESS,553,995,HIGH,2000,HEXF93078BC6D,63990,2069,14404,48,1,1,104.8,WIRELESS,MID_BAND,0,0.775,0.935
2020-09-12,INP755943,DSL,951,939,HIGH,100,HEX8ADAC47F44,247304,19504,37880,180,53,0,122.4,WIRELESS,C_BAND,0,0.934,0.798
2023-03-24,INP163989,5G,309,302,LOW,100,HEXF1EAB3D484,29133,40349,31363,62,3,0,132.9,COPPER,LOW_BAND,1,0.33,0.626
2021-07-17,INP059498,FIXED_WIRELESS,1342,209,MED,100,HEX40CA3BD0E6,220073,11520,4763,214,101,0,46.7,COAX,LOW_BAND,1,0.568,0.374
2023-10-04,INP295498,FIXED_WIRELESS,568,202,LOW,100,HEX2742BC9C2D,235654,26574,56059,131,83,1,167.4,COPPER,MID_BAND,0,0.936,0.305
2024-04-20,INP279370,4G,746,714,LOW,0,HEXA72AEECBAF,96849,40280,28947,56,8,1,113.9,SAT,C_BAND,0,0.549,0.625
2026-01-10,INP887657,SATELLITE,924,545,HIGH,100,HEX1908892581,54344,46983,64071,23,16,1,14.1,COPPER,UNLICENSED,0,0.564,0.686
2023-06-16,INP738750,CABLE,1444,70,HIGH,0,HEXE1E06CCFA6,234157,25066,58790,222,96,1,170.7,SAT,MID_BAND,0,0.348,0.423
2026-01-09,INP319879,FIXED_WIRELESS,1389,741,HIGH,200,HEX8D354EB1C6,201316,1025,31544,52,4,1,8.6,SAT,LOW_BAND,1,0.044,0.603
2026-01-19,INP280528,4G,1189,331,HIGH,500,HEXCD3EF86489,193231,11477,55994,142,126,1,86.2,WIRELESS,UNLICENSED,1,0.416,0.403
2024-03-21,INP152281,FIXED_WIRELESS,1883,64,HIGH,200,HEXF8233AED1B,50433,3377,35187,96,86,0,10.1,FIBER,MID_BAND,0,0.588,0.763
2022-06-07,INP483909,4G,250,769,MED,50,HEXBB63547A45,231923,32589,61080,25,25,0,117.5,COAX,MID_BAND,0,0.414,0.688
2022-06-25,INP705572,DSL,685,240,MED,500,HEXD7AA4DFA72,208898,23080,22185,35,34,1,229.2,SAT,LOW_BAND,0,0.839,0.351
2020-07-17,INP748270,SATELLITE,943,387,LOW,500,HEXAEEA0860B8,75653,1123,65826,208,178,0,201.6,COPPER,LOW_BAND,0,0.524,0.466
2025-11-26,INP237094,DSL,1437,236,MED,1000,HEXD1FA0667AB,22175,32758,56873,165,84,0,214.5,FIBER,UNLICENSED,0,0.23,0.922
2025-05-01,INP296256,DSL,1912,875,MED,0,HEXF9CB6123D6,235518,35426,43480,98,96,0,197.7,FIBER,UNLICENSED,0,0.346,0.367
2022-08-08,INP837937,FIBER,1308,284,MED,200,HEX386296C431,70747,10107,49807,182,162,1,97.5,COAX,LOW_BAND,1,0.943,0.607
2023-01-09,INP104551,FIBER,734,572,LOW,500,HEX956461EEF9,44955,44912,49903,43,8,1,67.2,COPPER,LOW_BAND,1,0.276,0.507
2020-11-11,INP397464,DSL,633,11,MED,100,HEXD6D76DA949,182766,13163,62784,80,22,0,242.2,COAX,MMWAVE,0,0.782,0.525
2023-02-22,INP831555,4G,1582,568,LOW,1000,HEX7B74BDC67A,63944,16559,20203,183,108,0,18.7,SAT,MMWAVE,0,0.534,0.937
2024-09-09,INP573856,FIBER,233,792,LOW,1000,HEXA299AAF5C1,26349,16956,29098,130,56,1,97.9,SAT,UNLICENSED,1,0.998,0.633
2023-04-25,INP491913,FIXED_WIRELESS,1616,216,HIGH,200,HEX51B710B051,210228,10771,31970,132,44,0,82.9,WIRELESS,MMWAVE,1,0.405,0.427
2024-11-05,INP378440,DSL,431,290,HIGH,2000,HEXC9C8531A7F,82657,39123,50939,156,100,0,87.1,WIRELESS,UNLICENSED,1,0.674,0.852
2020-12-13,INP632131,FIXED_WIRELESS,866,615,LOW,500,HEX62ABAF8725,118727,40593,7026,221,91,0,121.3,COPPER,MMWAVE,0,0.505,0.642
2025-07-07,INP484007,CABLE,76,286,LOW,500,HEX4C9C78948F,142593,49596,5453,194,184,1,54.8,WIRELESS,LOW_BAND,0,0.654,0.471
2020-05-12,INP438497,DSL,439,835,HIGH,500,HEXBD969CDC98,156962,35308,22069,82,37,1,67.0,SAT,LOW_BAND,1,0.75,0.584
2020-08-30,INP981827,5G,516,784,HIGH,200,HEX79467AE184,245954,24187,59597,243,124,1,0.8,FIBER,MMWAVE,0,0.697,0.887
2025-12-29,INP398432,SATELLITE,1193,138,HIGH,2000,HEX75A01C71D7,677,28036,26518,176,33,0,75.6,COAX,LOW_BAND,0,0.25,0.557
2021-11-08,INP067740,FIBER,12,223,MED,0,HEX23A0BDF621,100919,5854,13425,26,10,1,75.0,WIRELESS,MID_BAND,0,0.677,0.347
2020-02-04,INP613279,SATELLITE,1416,458,LOW,0,HEXE21B56C3A3,158048,39322,37345,199,176,1,211.8,COAX,MID_BAND,0,0.51,0.816
2023-04-25,INP677232,4G,1226,77,HIGH,0,HEXFE2D95ACFC,4875,38493,8851,3,2,1,230.7,WIRELESS,UNLICENSED,1,0.713,0.829
2024-09-30,INP705623,SATELLITE,1896,213,LOW,500,HEX59CAA46F33,242885,28474,15202,116,78,0,77.5,COPPER,LOW_BAND,1,0.137,0.308
2025-07-26,INP957711,5G,1798,280,HIGH,0,HEXC0C41B9175,131469,37151,21873,94,20,1,25.9,SAT,LOW_BAND,1,0.509,0.33
2020-02-20,INP243198,SATELLITE,1654,940,HIGH,1000,HEXA33E5D91A0,59006,33801,6019,244,102,1,116.4,COAX,C_BAND,1,0.553,0.305
2022-04-01,INP277239,5G,1599,205,HIGH,500,HEXC30635DEF0,172808,24659,40306,26,6,1,59.7,WIRELESS,LOW_BAND,0,0.142,0.493
2020-06-28,INP985739,FIBER,1199,102,HIGH,50,HEXA690A24DE6,218577,48192,42762,81,57,1,18.9,COPPER,MID_BAND,0,0.585,0.407
2021-11-04,INP431374,FIXED_WIRELESS,552,877,LOW,0,HEX2ADB0D5135,135100,3208,39169,66,22,1,101.2,WIRELESS,UNLICENSED,0,0.25,0.619
2021-07-26,INP107214,4G,1300,965,HIGH,0,HEX94D01E72ED,87413,8029,5596,241,118,1,231.0,WIRELESS,MMWAVE,0,0.383,0.594
2023-12-20,INP212806,DSL,1335,307,MED,200,HEXE7166AC3F8,5619,25067,47069,122,69,0,86.1,SAT,UNLICENSED,1,0.27,0.318
2022-06-16,INP082843,SATELLITE,486,168,LOW,50,HEXA4DE0F3DC5,220497,11384,23081,60,37,1,184.6,COAX,UNLICENSED,1,0.701,0.954
2021-08-05,INP519843,FIXED_WIRELESS,87,97,LOW,50,HEX90759C52CD,16112,1436,19360,150,36,0,211.7,COAX,LOW_BAND,0,0.942,0.573
2021-02-17,INP339746,FIXED_WIRELESS,1339,329,LOW,1000,HEXFBEC3924B2,191558,117,51327,217,197,0,8.3,SAT,C_BAND,0,0.968,0.452
2021-03-02,INP917291,FIBER,1692,730,HIGH,1000,HEXB503B5CB07,110509,10901,54266,126,112,1,136.6,FIBER,MMWAVE,0,0.578,0.823
2022-07-12,INP108239,FIBER,710,179,MED,50,HEXB8E19970F2,233743,28455,20591,13,1,1,243.6,WIRELESS,UNLICENSED,0,0.73,0.483
2023-02-27,INP203540,FIBER,885,94,MED,2000,HEXA930241D46,128713,43321,34734,23,20,1,46.4,WIRELESS,C_BAND,1,0.045,0.603
2022-12-14,INP220760,CABLE,1665,559,MED,2000,HEX98DD68D7E7,21197,25873,4551,128,37,1,189.3,COPPER,MID_BAND,0,0.808,0.387
2024-09-30,INP062815,CABLE,1875,749,LOW,0,HEX66547DC986,109143,9806,19424,145,25,0,140.8,FIBER,C_BAND,0,0.88,0.906
2022-12-17,INP346021,SATELLITE,1404,715,MED,0,HEX6EB07455C4,221447,32218,12873,248,222,1,75.3,WIRELESS,C_BAND,1,0.417,0.745
2022-02-08,INP494453,FIBER,1065,815,LOW,0,HEX482DE03DD3,120155,3313,47235,180,50,1,205.9,SAT,MMWAVE,0,0.124,0.321
2024-03-05,INP449453,5G,1841,269,HIGH,2000,HEXB4629FDAA4,107849,33638,2628,221,199,0,170.6,WIRELESS,MID_BAND,0,0.601,0.306
2022-10-30,INP697728,5G,724,475,MED,50,HEX7AD618AD5A,160158,18525,39121,175,27,1,84.2,COAX,C_BAND,0,0.261,0.791
2023-05-08,INP152088,FIXED_WIRELESS,1362,332,HIGH,50,HEXBAF4660B93,190960,46751,29145,175,136,0,119.0,COAX,UNLICENSED,1,0.17,0.754
2022-01-11,INP247759,4G,1852,348,HIGH,0,HEX33D6E59710,166803,38245,9334,120,113,1,30.1,WIRELESS,UNLICENSED,1,0.054,0.889
2021-07-16,INP939891,5G,1475,189,LOW,200,HEX5F5073C92C,204907,5769,16961,157,111,0,101.0,WIRELESS,MMWAVE,1,0.534,0.804
2020-02-27,INP875007,DSL,1430,903,MED,100,HEX2692D44B95,233277,45008,17536,87,62,1,47.3,WIRELESS,LOW_BAND,1,0.727,0.391
2020-03-30,INP513608,CABLE,1589,552,HIGH,0,HEX901D01714B,54369,45560,1219,77,53,0,165.7,COAX,UNLICENSED,0,0.137,0.873
2021-03-05,INP562746,5G,548,856,HIGH,50,HEX5628EB7301,29448,37627,64763,38,5,0,18.9,FIBER,C_BAND,0,0.457,0.974
2022-12-17,INP401028,CABLE,882,761,LOW,0,HEXDE02A5EF4B,98180,22460,23969,29,12,1,114.2,WIRELESS,MMWAVE,0,0.649,0.85
2021-04-08,INP179819,FIXED_WIRELESS,1653,587,HIGH,200,HEX2650ADF2E1,108315,28880,6025,16,8,0,3.3,SAT,UNLICENSED,0,0.224,0.959
2023-10-17,INP566474,4G,1395,661,MED,50,HEXD8F0A2DDD1,129382,21013,31574,84,35,1,55.8,WIRELESS,MMWAVE,0,0.079,0.606
2025-01-09,INP043970,FIXED_WIRELESS,854,41,HIGH,500,HEX0199483AF5,14727,14609,59566,84,71,0,150.1,COAX,MMWAVE,1,0.759,0.453
2023-10-30,INP367531,DSL,1018,148,HIGH,1000,HEXB193E67CB1,109150,3047,16150,197,115,1,147.4,SAT,MID_BAND,0,0.004,0.808
2024-11-07,INP845915,4G,1679,136,LOW,200,HEXA95E69B365,77615,29677,17481,35,26,0,221.6,SAT,C_BAND,0,0.548,0.517
2022-06-09,INP262369,4G,1972,187,HIGH,500,HEXB51579A6BD,75454,27681,1673,133,27,1,36.5,FIBER,MID_BAND,1,0.786,0.979
2022-10-23,INP107253,FIXED_WIRELESS,219,635,HIGH,1000,HEX83A68CBB06,109700,44901,40980,247,141,1,186.0,COPPER,UNLICENSED,0,0.86,0.606
2022-07-12,INP976756,5G,1494,992,LOW,100,HEX7F1FB10442,222277,16712,739,84,59,0,38.9,COPPER,C_BAND,0,0.774,0.732
2023-05-18,INP453732,DSL,1076,74,HIGH,50,HEX68133553C8,147650,49291,1153,29,21,1,60.2,SAT,UNLICENSED,1,0.04,0.911
2024-04-11,INP993529,5G,1587,388,HIGH,2000,HEX874A511FC8,164846,4290,27627,171,161,0,216.3,WIRELESS,LOW_BAND,1,0.829,0.906
2024-11-17,INP697143,FIBER,160,60,LOW,2000,HEX41DE676561,2046,42036,8288,193,190,0,175.3,FIBER,C_BAND,0,0.106,0.843
2023-05-19,INP629380,DSL,1102,230,LOW,1000,HEX6C8F2AECB5,249396,730,72551,223,142,1,10.6,SAT,UNLICENSED,0,0.548,0.359
2022-05-10,INP793465,DSL,386,231,HIGH,2000,HEX41A90CF8A1,176578,4414,32858,25,6,0,121.9,COAX,C_BAND,1,0.655,0.369
2020-10-12,INP934635,SATELLITE,1170,378,MED,200,HEX25CBA45A57,117247,23510,40038,124,70,1,161.5,FIBER,C_BAND,0,0.14,0.672
2022-12-14,INP767886,5G,1201,597,MED,2000,HEX9E88F7C53C,192711,19070,17548,118,64,1,99.3,SAT,LOW_BAND,0,0.848,0.857
2021-11-10,INP711558,DSL,1517,754,MED,100,HEX0C343A8C6E,231593,3043,5230,166,82,1,242.1,COAX,C_BAND,0,0.57,0.56
2024-03-30,INP368539,SATELLITE,841,366,MED,200,HEXCE0E738422,158316,47009,15509,169,58,1,82.7,FIBER,MMWAVE,0,0.479,0.708
2024-08-10,INP005160,SATELLITE,310,62,LOW,100,HEXE86FAEBDF3,159497,30894,63133,43,14,0,150.3,SAT,MID_BAND,0,0.511,0.416
2023-11-04,INP950310,SATELLITE,1770,936,HIGH,1000,HEX621790C817,34664,39549,70685,211,0,0,193.8,WIRELESS,UNLICENSED,0,0.875,0.781
2024-10-23,INP287357,5G,1724,718,HIGH,0,HEX64CE19840B,2364,37878,68490,30,16,1,163.7,COAX,MMWAVE,0,0.155,0.75
2022-11-04,INP255693,DSL,856,570,HIGH,200,HEX287F9C62D1,60733,29268,21206,25,6,1,196.6,SAT,UNLICENSED,0,0.707,0.411
2020-01-22,INP884602,CABLE,173,628,LOW,1000,HEX6F98B9FDA7,53376,43049,67915,73,24,1,150.0,SAT,MID_BAND,0,0.674,0.548
2020-01-02,INP902364,DSL,1070,20,HIGH,1000,HEX114DE5F493,244218,26473,609,66,22,1,26.8,FIBER,UNLICENSED,1,0.947,0.854
2022-11-21,INP885695,5G,508,780,MED,2000,HEX779011AFA3,83266,27028,46281,132,2,0,66.0,COAX,LOW_BAND,0,0.749,0.536
2022-01-01,INP438296,DSL,1031,759,LOW,50,HEXBD333921EA,174412,32287,868,195,138,0,212.0,COAX,UNLICENSED,1,0.898,0.908
2023-01-30,INP499225,FIBER,1086,823,MED,200,HEXF05DC71850,177212,13811,49732,148,25,1,153.3,COAX,MID_BAND,0,0.237,0.625
2023-11-06,INP342738,CABLE,933,189,HIGH,50,HEXFADBC8D3CB,124490,638,23148,107,63,1,223.3,SAT,UNLICENSED,0,0.785,0.507
2020-07-14,INP360846,FIXED_WIRELESS,1534,347,MED,100,HEX58C565A99A,141648,11438,37304,90,41,0,122.0,WIRELESS,LOW_BAND,0,0.287,0.736
2021-08-16,INP869464,FIBER,172,170,MED,50,HEX5AB96ECFB8,118540,27131,21930,47,1,1,58.8,COAX,LOW_BAND,1,0.397,0.366
2025-04-22,INP503702,DSL,182,675,MED,100,HEX3B728205ED,122971,35427,35705,140,113,1,237.1,SAT,MID_BAND,0,0.457,0.817
2024-11-16,INP563358,FIXED_WIRELESS,640,379,MED,100,HEX208C248B7C,79041,598,56418,204,74,0,199.2,SAT,C_BAND,1,0.882,0.602
2022-10-20,INP173324,DSL,1068,787,HIGH,2000,HEXB4A8431217,119190,17834,64486,48,20,1,12.6,SAT,LOW_BAND,1,0.102,0.486
2024-11-30,INP721433,5G,1030,385,MED,1000,HEXC5DF0C173D,214737,25007,1653,31,15,1,243.7,COPPER,LOW_BAND,1,0.735,0.365
2022-05-03,INP463360,SATELLITE,1076,130,MED,200,HEXA3ED31A524,31865,25939,31862,2,0,0,172.7,SAT,MID_BAND,0,0.089,0.409
2021-01-09,INP639703,DSL,1446,554,LOW,50,HEX758A5EB06B,66218,2587,63609,180,112,0,135.8,WIRELESS,MID_BAND,0,0.544,0.523
2025-04-02,INP289501,CABLE,1688,274,HIGH,100,HEX7C8BE95951,141784,25394,24886,134,127,0,38.7,COAX,C_BAND,0,0.322,0.366
2020-09-30,INP091011,FIBER,1179,662,MED,1000,HEX79903B0EAE,218624,5240,61349,205,163,1,139.6,WIRELESS,C_BAND,0,0.058,0.726
2025-12-06,INP003990,4G,483,549,MED,50,HEX3A9F88BC9A,184669,43597,55977,226,26,1,45.3,WIRELESS,UNLICENSED,1,0.158,0.989
2024-12-19,INP995984,4G,891,850,HIGH,100,HEX993CE4F76B,75075,39043,2136,132,34,0,75.6,COAX,MID_BAND,1,0.315,0.832
2023-02-04,INP955504,DSL,293,276,MED,500,HEX3449931577,236173,45193,12499,152,76,1,202.1,WIRELESS,LOW_BAND,0,0.922,0.531
2024-11-13,INP488266,FIBER,1308,801,HIGH,200,HEX08595B2AFF,197852,39002,66155,23,7,1,196.6,COPPER,MID_BAND,1,0.476,0.814
2026-02-23,INP305711,SATELLITE,415,504,MED,1000,HEX98F8346A91,108918,27757,47876,89,24,1,148.6,FIBER,C_BAND,1,0.35,0.867
2024-12-16,INP649261,4G,1756,92,LOW,1000,HEX0FEDD0B170,55290,48497,70517,54,13,1,187.6,SAT,MMWAVE,0,0.992,0.78
2020-03-16,INP395202,4G,1275,282,LOW,200,HEXA064DAD0DA,61099,24949,66655,250,181,1,79.0,SAT,UNLICENSED,1,0.199,0.967
2020-03-29,INP093470,4G,730,368,HIGH,100,HEX3F8CAEED08,73951,14783,19884,87,50,0,22.1,WIRELESS,UNLICENSED,0,0.612,0.732
2022-07-20,INP454364,DSL,433,673,LOW,500,HEX8CD4B82FF2,245088,37017,20715,81,8,0,237.2,FIBER,MID_BAND,1,0.88,0.802
2023-07-29,INP844498,4G,570,160,LOW,0,HEX20F9999301,204926,31234,17575,128,120,0,93.6,WIRELESS,MMWAVE,0,0.164,0.456
2024-07-31,INP702479,5G,428,72,LOW,200,HEXD757360B65,160802,48658,74964,152,137,1,219.0,FIBER,UNLICENSED,1,0.457,0.906
2022-10-03,INP537556,FIBER,398,303,MED,200,HEXEC424EBE7A,24208,47359,65622,28,5,0,234.5,SAT,MID_BAND,0,0.323,0.317
2025-02-01,INP572426,4G,1641,172,HIGH,1000,HEX117586C8F6,100273,2877,22398,233,85,0,165.0,COPPER,MID_BAND,0,0.179,0.791
2024-09-14,INP379218,DSL,17,642,MED,0,HEX7D80E39761,157813,430,32075,225,140,1,157.2,COPPER,LOW_BAND,1,0.055,0.541
2021-08-18,INP868290,FIXED_WIRELESS,375,170,HIGH,100,HEX9B9C279E14,97118,24834,8869,194,109,0,16.4,WIRELESS,MID_BAND,1,0.859,0.527
2024-08-21,INP566176,FIBER,1000,746,HIGH,500,HEXEF4958F529,136737,47787,65239,126,103,1,152.4,COAX,MID_BAND,1,0.024,0.732
2021-04-28,INP726403,5G,1315,222,LOW,1000,HEX34C4850A5B,161978,1908,23020,49,21,0,230.6,WIRELESS,MMWAVE,0,0.646,0.632
2025-03-01,INP853747,5G,1077,311,HIGH,1000,HEXA8095EC12D,89406,24591,70028,215,42,0,97.5,SAT,LOW_BAND,0,0.752,0.787
2023-07-12,INP720838,CABLE,452,542,MED,50,HEX1CCE70783E,192505,34316,40679,198,83,1,218.0,SAT,MID_BAND,1,0.037,0.567
2025-11-09,INP130883,FIBER,221,538,HIGH,1000,HEX494E534571,39643,10321,35866,29,0,0,140.0,FIBER,MID_BAND,0,0.549,0.487
2023-03-06,INP513850,FIBER,974,929,HIGH,0,HEX106299DB94,214787,12985,69924,20,14,0,23.4,WIRELESS,LOW_BAND,0,0.684,0.79
2025-03-21,INP491823,DSL,1442,944,HIGH,100,HEXCE707572C9,33895,33288,13491,103,91,0,81.6,FIBER,C_BAND,0,0.401,0.585
2022-09-25,INP593385,5G,901,585,MED,500,HEXB2ABBD1951,117210,11545,40374,244,103,1,27.4,SAT,MMWAVE,1,0.645,0.342
2022-06-10,INP889601,DSL,937,549,MED,200,HEX973E4CAEEB,240392,22561,11703,149,2,0,127.7,COPPER,C_BAND,1,0.901,0.968
2020-01-04,INP783882,4G,1218,408,HIGH,100,HEXB663228D56,76120,43913,16455,34,0,1,4.1,WIRELESS,MMWAVE,0,0.136,0.395
2024-08-30,INP886964,FIXED_WIRELESS,1140,844,MED,200,HEX5299D38685,10426,37234,63342,180,94,1,120.5,FIBER,MID_BAND,0,0.526,0.893
2023-02-18,INP408047,4G,169,705,HIGH,500,HEXC405C787B6,209749,19308,37907,42,2,0,149.5,COAX,UNLICENSED,1,0.629,0.699
2020-07-30,INP627041,FIBER,1753,807,MED,100,HEX24D012927C,68985,45925,30958,124,23,0,215.5,COAX,LOW_BAND,0,0.596,0.867
2025-07-24,INP743671,SATELLITE,1513,867,MED,0,HEXAC1264BC86,185470,25563,62205,67,18,1,108.8,COAX,MMWAVE,0,0.316,0.666
2020-06-17,INP053866,CABLE,696,281,MED,2000,HEX1A6CBB935B,47664,20530,71776,2,2,1,17.2,WIRELESS,LOW_BAND,0,0.685,0.543
2023-03-06,INP206058,DSL,1956,618,HIGH,0,HEXB1D2AE9FEB,66910,19304,61204,169,19,0,230.7,COAX,MMWAVE,0,0.668,0.831
2022-11-20,INP107330,5G,552,187,MED,0,HEX7E9272C3AE,188037,16973,13538,8,1,1,181.9,WIRELESS,LOW_BAND,0,0.149,0.742
2020-06-03,INP627955,5G,1014,494,MED,200,HEXDCC80FD79E,94588,21852,39692,102,7,0,239.7,FIBER,C_BAND,0,0.961,0.356
2025-02-25,INP722596,CABLE,1435,404,LOW,1000,HEXB7E7300F36,208311,35425,40334,127,115,0,4.3,COAX,LOW_BAND,1,0.721,0.58
2022-05-17,INP864681,SATELLITE,487,952,LOW,0,HEXB70E93A0AE,215651,6376,59793,156,43,0,16.2,FIBER,LOW_BAND,0,0.799,0.452
2022-04-10,INP489639,SATELLITE,1127,145,MED,2000,HEXF30214C252,64369,38141,5334,34,6,0,158.1,WIRELESS,MID_BAND,1,0.487,0.304
2022-01-04,INP975267,FIXED_WIRELESS,1427,134,LOW,50,HEXA86F9027FA,205649,19739,45593,107,0,0,48.1,SAT,LOW_BAND,0,0.863,0.981
2025-09-09,INP276217,4G,1738,996,MED,200,HEX2A0A465CC0,194595,3437,70432,45,10,0,121.4,FIBER,LOW_BAND,0,0.721,0.709
2023-08-28,INP478212,DSL,1520,427,LOW,200,HEXE190639257,51396,41420,47001,249,69,1,32.0,SAT,LOW_BAND,1,0.111,0.621
2024-09-09,INP138676,SATELLITE,1864,179,HIGH,500,HEXD1D7F9D4BB,65158,16241,42899,111,74,1,231.9,COPPER,UNLICENSED,0,0.418,0.331
2025-04-11,INP754386,FIBER,936,512,LOW,0,HEX80BF24A174,184867,30099,74760,191,149,1,113.8,COPPER,MMWAVE,1,0.872,0.732
2020-01-06,INP808304,CABLE,1439,973,HIGH,500,HEX93A95E8E50,100889,23959,60994,158,10,1,44.0,SAT,LOW_BAND,0,0.774,0.396
2023-10-03,INP214959,DSL,1552,767,LOW,100,HEX54A415781B,178314,34921,38307,115,79,1,168.4,FIBER,MID_BAND,0,0.458,0.355
2022-01-02,INP291264,5G,428,538,HIGH,0,HEX4F8257A41D,61403,34053,44024,105,74,1,161.6,COAX,MMWAVE,0,0.697,0.881
2024-12-28,INP458372,CABLE,1998,300,LOW,50,HEX572EB4FDBA,40735,10567,31182,29,1,0,143.7,WIRELESS,C_BAND,0,0.205,0.788
2023-07-22,INP914951,FIBER,838,958,MED,2000,HEX2750BF5B74,247966,49424,19278,204,144,0,230.6,COAX,LOW_BAND,0,0.9,0.396
2021-04-23,INP348400,4G,409,602,HIGH,50,HEXCC31DAFF67,158617,39654,67050,241,14,0,90.4,COPPER,MMWAVE,0,0.373,0.496
2023-12-10,INP345287,FIXED_WIRELESS,1655,458,MED,50,HEXCF6E29137D,88427,4332,49253,22,0,1,228.6,WIRELESS,MID_BAND,0,0.71,0.821
2021-07-14,INP182483,SATELLITE,632,510,HIGH,1000,HEX7004FD7AE6,129445,45078,32079,7,1,0,123.4,FIBER,UNLICENSED,0,0.581,0.69
2022-11-22,INP646155,5G,541,171,HIGH,0,HEX27B505AF04,167995,5034,67353,49,49,0,191.2,SAT,MID_BAND,0,0.872,0.871
2023-05-18,INP263531,DSL,1071,293,MED,2000,HEX75E1233E9D,138296,34871,72235,179,29,1,229.0,FIBER,MID_BAND,0,0.48,0.515
2024-01-25,INP149591,CABLE,68,767,LOW,50,HEX2BB43F6C10,127444,49632,56524,10,3,1,198.3,SAT,UNLICENSED,1,0.119,0.475
2020-09-28,INP300165,DSL,388,691,MED,0,HEX1DFF528B39,26479,37888,1832,135,55,0,241.1,COPPER,UNLICENSED,1,0.725,0.938
2025-08-27,INP846161,5G,736,393,MED,50,HEX86C578754B,22060,21503,64711,29,12,1,150.2,COAX,MMWAVE,1,0.407,0.98
2024-10-18,INP108461,4G,1016,693,LOW,200,HEX7A12691EF1,52689,22192,26248,152,103,1,209.6,WIRELESS,C_BAND,0,0.766,0.71
2024-06-27,INP369951,FIXED_WIRELESS,231,130,MED,200,HEX7A2101AF6A,40538,19841,12626,194,19,0,130.1,WIRELESS,MMWAVE,1,0.662,0.638
2022-12-07,INP585079,FIBER,795,465,MED,2000,HEX6708D4B72B,128283,7168,74560,172,125,0,171.4,SAT,MMWAVE,0,0.854,0.65
2024-05-22,INP253672,FIBER,67,609,LOW,50,HEXD5B0E51555,173840,16005,32455,60,41,1,21.4,FIBER,C_BAND,1,0.17,0.672
2020-06-02,INP485926,SATELLITE,55,329,MED,500,HEX69C1A58C59,95745,28573,26444,127,19,0,134.1,COAX,C_BAND,1,0.996,0.577
2022-07-14,INP697552,SATELLITE,1650,548,MED,200,HEX3CA4C68369,119311,44011,71770,46,1,0,129.2,COPPER,UNLICENSED,0,0.661,0.868
2025-03-29,INP268899,4G,1293,66,HIGH,50,HEX522A465D13,108618,17493,37623,165,41,1,150.4,WIRELESS,MID_BAND,1,0.192,0.469
2023-06-25,INP454601,DSL,69,269,MED,1000,HEX8A0BC0E541,107194,23818,11836,101,92,0,59.2,SAT,UNLICENSED,0,0.522,0.872
2025-11-21,INP282183,SATELLITE,1519,404,HIGH,1000,HEX3622F74975,249198,7403,41482,139,108,1,61.7,COAX,MID_BAND,0,0.716,0.867
2020-03-27,INP690770,5G,1385,250,MED,500,HEX6ABEA8370F,243640,16746,39438,23,7,1,214.9,COPPER,MMWAVE,0,0.879,0.829
2024-07-22,INP720747,5G,691,739,MED,2000,HEX12416B85BC,168632,42047,24083,161,113,0,34.2,WIRELESS,MID_BAND,0,0.314,0.357
2021-10-08,INP277615,FIXED_WIRELESS,1633,966,MED,200,HEX7B4ADC362E,248162,37381,29423,5,0,0,161.8,COPPER,LOW_BAND,0,0.198,0.784
2021-11-22,INP066191,SATELLITE,250,19,HIGH,500,HEX6E7A1B3DC4,130043,25039,17065,110,109,1,54.0,COAX,MID_BAND,0,0.409,0.401
2023-04-03,INP924256,FIBER,31,485,LOW,2000,HEX5BABBB4105,62062,30863,46439,155,153,0,202.5,FIBER,C_BAND,0,0.381,0.974
2024-02-28,INP180114,CABLE,1807,484,LOW,0,HEX582102DDBE,74667,17250,34571,132,80,1,41.4,WIRELESS,MID_BAND,0,0.923,0.739
2024-12-07,INP012027,FIXED_WIRELESS,247,921,MED,0,HEX7F871B2534,219378,11029,66681,210,69,0,165.9,COPPER,UNLICENSED,0,0.004,0.829
2022-01-09,INP407680,4G,1403,129,MED,100,HEX9FD21DA7F9,2021,21589,5747,167,159,0,81.4,SAT,MID_BAND,1,0.049,0.744
2023-08-16,INP775602,DSL,1986,794,MED,0,HEX0366AF24CB,242118,20322,17208,91,85,1,92.0,COPPER,MMWAVE,0,0.388,0.485
2024-09-28,INP043160,SATELLITE,709,479,HIGH,50,HEXABE8A171C4,33999,44847,39375,215,63,1,74.0,FIBER,UNLICENSED,1,0.045,0.374
2024-10-06,INP447835,5G,1041,21,LOW,1000,HEXA2261E497A,164028,17371,44739,247,235,0,47.0,COPPER,LOW_BAND,0,0.604,0.901
2021-03-11,INP403064,FIXED_WIRELESS,1789,678,HIGH,500,HEXB4D9BFAC12,50517,7334,2082,178,48,0,52.5,COPPER,MID_BAND,0,0.626,0.845
2022-02-20,INP071419,4G,1448,460,MED,200,HEX0734D651D6,109469,32486,72653,74,4,1,121.6,SAT,UNLICENSED,0,0.905,0.899
2022-08-07,INP754308,FIXED_WIRELESS,1830,489,LOW,200,HEX9A762B7789,180061,22226,61402,33,18,0,97.7,WIRELESS,C_BAND,0,0.8,0.883
2022-04-28,INP276116,FIBER,1635,430,MED,100,HEX38F54A2D8C,89035,28221,14938,158,58,1,56.2,COAX,C_BAND,0,0.769,0.831
2022-12-31,INP888610,FIXED_WIRELESS,1646,473,LOW,0,HEXC9D1882135,191432,19144,57870,195,129,1,217.6,COPPER,C_BAND,1,0.138,0.886
2024-12-03,INP970842,DSL,184,277,MED,1000,HEXC5A2C63C66,120759,33826,47418,241,7,1,192.6,SAT,LOW_BAND,1,0.315,0.978
2021-11-04,INP430915,4G,1470,823,HIGH,500,HEXF6EBDB55DE,160512,9624,52944,114,82,1,136.2,SAT,MMWAVE,0,0.888,0.839
2024-07-14,INP780537,DSL,1075,558,MED,50,HEX188C20C93C,190950,27705,66227,28,23,1,93.4,SAT,C_BAND,1,0.757,0.95
2025-01-12,INP274989,SATELLITE,1473,920,HIGH,1000,HEX8954CBAB83,86443,33846,25238,210,199,1,24.7,WIRELESS,MMWAVE,1,0.062,0.913
2025-05-04,INP206457,5G,550,603,MED,1000,HEX67E7FD22B2,185186,33632,69355,30,22,1,118.4,COPPER,UNLICENSED,0,0.952,0.715
2024-07-31,INP132513,CABLE,631,306,MED,0,HEXC290EE3D71,91896,4427,5856,106,61,0,141.5,COAX,MMWAVE,0,0.72,0.718
2021-07-21,INP544483,5G,1289,685,HIGH,200,HEX6E50A74120,165679,46360,40481,143,31,0,21.5,SAT,UNLICENSED,0,0.053,0.693
2022-02-14,INP750659,CABLE,1621,215,LOW,2000,HEXBE7C960D06,109273,1576,69193,81,48,1,28.8,FIBER,UNLICENSED,1,0.144,0.476
2021-01-02,INP196091,4G,129,310,MED,0,HEX5656D13C97,197734,33057,50469,243,29,1,79.7,SAT,MMWAVE,1,0.029,0.737
2020-03-17,INP296257,CABLE,1173,421,MED,0,HEXD8C2823FF8,11455,65,60902,246,212,0,163.3,COPPER,LOW_BAND,1,0.922,0.489
2022-10-24,INP833655,FIBER,340,761,HIGH,500,HEX11BDBFE38C,232217,44702,44909,162,66,0,177.0,COAX,MID_BAND,0,0.322,0.445
2023-09-07,INP066049,4G,365,428,HIGH,1000,HEXBC8CA10DAA,93035,24666,46919,99,22,0,203.0,FIBER,LOW_BAND,0,0.936,0.607
2022-06-26,INP776718,4G,630,832,HIGH,50,HEX3754EB33D6,228543,18176,74593,128,126,1,48.6,SAT,UNLICENSED,0,0.065,0.388
2020-09-23,INP198872,5G,1398,28,HIGH,1000,HEX8487FAF0F6,107160,17959,15953,174,132,1,90.5,FIBER,MID_BAND,1,0.918,0.667
2023-07-19,INP010507,4G,877,985,LOW,50,HEX351A060CED,65289,7067,62072,61,61,1,13.8,COAX,UNLICENSED,0,0.944,0.835
2024-12-01,INP765000,CABLE,1832,873,HIGH,0,HEXC0C096100D,105798,6280,53884,59,55,0,165.0,FIBER,MMWAVE,0,0.795,0.907
2021-02-18,INP397431,FIBER,35,614,HIGH,0,HEX9DE2857922,12052,3964,16735,79,74,1,239.9,COAX,C_BAND,0,0.541,0.4
2025-04-07,INP333056,FIBER,496,524,HIGH,2000,HEX05FA3137B7,182012,21701,74199,246,85,0,104.8,COPPER,LOW_BAND,0,0.789,0.329
2022-06-17,INP966424,5G,1960,839,MED,2000,HEXB32F510143,154034,23587,5754,249,7,1,71.2,COPPER,C_BAND,0,0.34,0.683
2022-01-01,INP112181,4G,1622,911,LOW,100,HEXE43CAFFFEE,17638,7765,18931,225,33,0,48.1,WIRELESS,C_BAND,1,0.43,0.739
2020-07-08,INP758212,4G,1639,291,LOW,2000,HEX897BCC926E,197405,33368,49055,127,118,1,178.2,SAT,MMWAVE,0,0.495,0.485
2024-06-30,INP676284,DSL,820,228,MED,200,HEXE9E5821759,122463,33571,44089,109,57,1,102.4,WIRELESS,C_BAND,1,0.025,0.605
2022-12-23,INP630856,5G,576,953,LOW,0,HEX1585A4BCD3,158843,9035,71188,233,66,1,75.0,COAX,MMWAVE,0,0.822,0.823
2020-02-18,INP457132,4G,439,490,LOW,500,HEX987D51D6F6,115497,29489,73196,7,5,1,218.5,COAX,LOW_BAND,0,0.659,0.545
2022-07-12,INP464753,FIBER,1172,809,LOW,50,HEX2F5A99DF36,140613,25325,24685,121,13,1,240.5,COAX,LOW_BAND,1,0.675,0.423
2025-06-24,INP019322,SATELLITE,153,470,LOW,100,HEX82D621871F,227437,13531,17030,222,52,1,204.5,WIRELESS,MID_BAND,0,0.939,0.705
2025-08-20,INP742948,SATELLITE,1663,257,HIGH,100,HEXEE79B4E7BB,78474,25630,22954,106,31,1,154.5,WIRELESS,MMWAVE,0,0.659,0.782
2021-01-26,INP392826,CABLE,1375,943,LOW,1000,HEXBEE6C15C8C,108004,29552,21605,64,26,1,115.6,FIBER,MMWAVE,0,0.746,0.89
2024-06-12,INP027164,FIXED_WIRELESS,149,89,HIGH,1000,HEX3F2DD20148,102958,11039,10169,171,2,0,38.5,COAX,MID_BAND,1,0.034,0.766
2022-06-04,INP406566,FIBER,809,711,MED,200,HEX00CCE5316F,88873,12592,8280,56,56,1,208.9,COPPER,MID_BAND,1,0.513,0.863
2023-08-14,INP512591,DSL,226,370,MED,50,HEX0A033A490E,108266,19761,65480,26,22,1,247.6,SAT,MID_BAND,1,0.095,0.524
2024-05-10,INP696368,CABLE,1753,687,MED,0,HEX5996A39F39,235585,8130,40481,60,47,1,61.0,FIBER,LOW_BAND,1,0.499,0.439
2024-03-19,INP209597,CABLE,284,289,MED,1000,HEXC0C6DC3B53,14675,43581,32550,205,175,0,55.8,WIRELESS,UNLICENSED,1,0.442,0.304
2025-07-06,INP016120,SATELLITE,1134,856,LOW,50,HEX867236949F,53296,17816,63068,20,11,1,42.1,WIRELESS,MMWAVE,0,0.735,0.825
2025-05-28,INP038795,DSL,1142,749,LOW,100,HEX644875B3E0,226377,32813,49054,125,51,0,235.1,COAX,MMWAVE,0,0.641,0.706
2024-08-01,INP891917,CABLE,1589,940,HIGH,100,HEX87BBAEB30D,165900,46305,3703,178,170,0,65.5,WIRELESS,MID_BAND,1,0.602,0.957
2021-10-23,INP076935,FIBER,1071,936,LOW,200,HEX26B88E9BCE,228412,5824,14322,162,146,0,86.2,COPPER,C_BAND,0,0.93,0.575
2023-06-15,INP014074,FIXED_WIRELESS,1350,300,HIGH,200,HEX25B32F7D20,48401,49752,25150,66,52,1,228.3,FIBER,MID_BAND,1,0.086,0.386
2020-09-20,INP354610,5G,1966,12,HIGH,500,HEXC03C68F47C,158932,28144,44112,94,87,0,249.9,COPPER,C_BAND,0,0.378,0.339
2023-12-29,INP880848,DSL,62,621,LOW,2000,HEX8FC37AD8A0,167767,21114,2179,162,92,0,242.4,COAX,MMWAVE,1,0.485,0.81
2020-11-29,INP399466,FIBER,1513,399,MED,500,HEX3289D82C4A,144350,30592,22027,229,114,0,120.6,SAT,MID_BAND,1,0.17,0.952
2021-01-01,INP190933,CABLE,461,741,MED,1000,HEX7E128B1BDE,201390,39366,8476,164,87,1,179.4,WIRELESS,UNLICENSED,0,0.437,0.461
2022-11-27,INP100797,FIBER,1183,381,LOW,2000,HEX56B49366CC,245322,8277,68124,169,154,0,26.8,FIBER,UNLICENSED,0,0.316,0.863
2023-04-30,INP844616,5G,1705,724,LOW,500,HEX58B4D9A34F,15917,21832,20014,211,183,1,183.2,COPPER,LOW_BAND,0,0.776,0.891
2024-05-23,INP289103,FIXED_WIRELESS,1398,489,MED,2000,HEX61B4EB815C,227478,3547,39855,117,83,1,34.6,WIRELESS,C_BAND,0,0.21,0.855
2022-03-12,INP707569,DSL,781,978,MED,1000,HEXDE1F20FA9F,164857,47353,52952,62,2,1,99.3,COAX,UNLICENSED,0,0.653,0.559
2021-01-02,INP786263,FIBER,248,89,LOW,200,HEXAE39F7B196,169477,46054,56840,76,73,1,81.4,SAT,MID_BAND,0,0.701,0.572
2026-01-06,INP750858,4G,264,776,LOW,1000,HEXE2928C1232,147955,16827,4588,21,3,1,91.0,SAT,MID_BAND,0,0.945,0.3
2023-05-16,INP099251,FIXED_WIRELESS,1433,325,HIGH,100,HEX98BA002D32,145222,14158,47063,71,16,0,105.6,SAT,C_BAND,1,0.65,0.413
2025-02-11,INP024650,4G,561,653,HIGH,1000,HEX35AD962F60,158732,16220,10161,69,15,1,171.1,WIRELESS,LOW_BAND,1,0.089,0.927
2023-01-24,INP172092,FIBER,1613,952,LOW,50,HEX8E9C159441,13073,11190,41680,242,192,1,86.4,SAT,UNLICENSED,0,0.85,0.629
2021-06-06,INP267615,CABLE,118,945,HIGH,1000,HEXFB39B2FC84,112636,34117,29984,78,11,0,101.7,COAX,LOW_BAND,0,0.077,0.466
2021-01-18,INP107548,FIXED_WIRELESS,1396,525,HIGH,50,HEX78FEB69EBB,184680,35017,45227,62,47,0,230.1,SAT,UNLICENSED,1,0.449,0.416
2025-11-14,INP913130,FIXED_WIRELESS,786,179,MED,0,HEX5ADDD4740A,103685,14251,39953,237,164,1,223.4,WIRELESS,UNLICENSED,0,0.057,0.304
2025-02-28,INP330813,FIBER,892,508,LOW,0,HEX8E6E0C4755,234383,11939,70310,207,68,1,109.8,WIRELESS,MID_BAND,1,0.747,0.304
2022-03-23,INP121430,4G,417,976,MED,1000,HEXF177A2CC6B,194982,25483,17225,28,3,0,31.7,COAX,UNLICENSED,1,0.684,0.336
2023-11-02,INP450420,FIXED_WIRELESS,517,637,LOW,1000,HEX83CDF3D3BC,184300,47871,65841,156,46,1,213.7,COPPER,MID_BAND,1,0.401,0.489
2022-02-26,INP946004,CABLE,1443,653,LOW,50,HEX578A444565,12966,11911,5359,0,0,1,186.2,COPPER,C_BAND,0,0.908,0.37
2022-01-27,INP243166,5G,1775,138,MED,100,HEXB5C85A36E2,195164,39441,15775,10,9,0,221.0,COPPER,MID_BAND,0,0.926,0.352
2026-02-16,INP634751,DSL,402,433,HIGH,1000,HEX4EDEFE7BE1,110339,34325,66043,202,5,1,68.7,COPPER,C_BAND,1,0.566,0.848
2022-02-18,INP736891,5G,1053,398,HIGH,2000,HEX6930990E88,189395,34411,33925,77,28,1,67.3,FIBER,MID_BAND,1,0.534,0.501
2021-08-29,INP921809,5G,440,552,LOW,0,HEXAAF5FE42E4,15511,41022,1364,210,91,1,241.3,COPPER,C_BAND,0,0.537,0.975
2021-03-11,INP769266,DSL,1682,457,LOW,100,HEX49CC23B5E1,48082,30106,24251,208,45,1,122.7,COPPER,C_BAND,1,0.163,0.423
2024-06-02,INP611446,FIXED_WIRELESS,215,746,HIGH,50,HEXBC960DCA03,22414,17541,18695,240,160,0,198.1,FIBER,LOW_BAND,0,0.818,0.888
2020-12-14,INP245413,DSL,509,62,HIGH,1000,HEX480081E603,59921,27992,50512,37,22,0,56.6,WIRELESS,LOW_BAND,0,0.991,0.455
2023-02-28,INP361998,SATELLITE,319,187,MED,500,HEX526EA94E47,97260,17393,10009,201,0,0,244.5,COPPER,C_BAND,1,0.447,0.85
2025-05-13,INP814713,DSL,382,790,MED,100,HEX56B6C5CA36,130812,35307,69962,126,68,1,57.7,FIBER,UNLICENSED,0,0.527,0.836
2022-06-17,INP720905,DSL,1896,117,LOW,100,HEX5DC27D8E63,59374,3661,18061,30,30,0,35.9,FIBER,MMWAVE,0,0.701,0.757
2020-10-29,INP451112,FIBER,1175,856,MED,50,HEXC728F7B7A0,29667,10216,7864,225,164,1,187.8,SAT,MID_BAND,1,0.833,0.769
2025-02-03,INP589574,DSL,566,99,HIGH,200,HEXF23932B8DD,123297,31287,41050,167,164,1,95.2,FIBER,C_BAND,0,0.195,0.375
2020-11-14,INP373211,DSL,1232,16,MED,50,HEX8A04F99C05,247835,20224,1111,91,36,0,125.2,COAX,MMWAVE,0,0.974,0.785
2021-02-02,INP385570,5G,792,493,HIGH,2000,HEXD427E1BECA,202043,47091,21108,246,128,1,182.2,SAT,C_BAND,0,0.131,0.501
2024-10-30,INP076296,DSL,1171,647,MED,0,HEXC2D8FC115E,42829,4467,36715,147,93,1,18.0,WIRELESS,C_BAND,0,0.978,0.827
2024-12-15,INP611508,FIXED_WIRELESS,847,882,HIGH,1000,HEX25DF5A84EA,163190,42196,7478,189,62,0,140.3,COPPER,LOW_BAND,1,0.158,0.576
2020-10-25,INP286345,5G,962,116,LOW,50,HEXBEEC355F7B,125338,7492,36487,116,4,1,237.1,COPPER,MID_BAND,1,0.031,0.715
2024-04-06,INP087922,FIBER,1961,781,HIGH,200,HEX4A1164BD8A,68512,12063,7044,23,13,1,188.3,COPPER,MID_BAND,1,0.419,0.628
2021-10-20,INP949585,SATELLITE,416,84,HIGH,1000,HEX92ADBDB0EE,131426,20736,14890,202,172,1,130.3,FIBER,MMWAVE,0,0.857,0.738
2021-02-03,INP071676,DSL,722,219,LOW,1000,HEX90D0E8DBA7,108080,23050,46165,212,138,1,243.5,COAX,LOW_BAND,0,0.459,0.557
2021-10-28,INP538642,SATELLITE,1930,952,LOW,0,HEXC1A967CE17,152866,2138,37998,218,107,1,194.3,SAT,MMWAVE,1,0.856,0.956
2023-12-07,INP994877,FIBER,1934,388,LOW,500,HEX4E4DC63E60,40706,24537,68021,209,189,0,83.9,SAT,MMWAVE,1,0.973,0.433
2024-05-30,INP885169,DSL,835,930,MED,500,HEX23B2196CED,42194,21129,26707,23,2,1,3.1,SAT,MID_BAND,1,0.708,0.935
2020-11-18,INP507967,DSL,500,673,LOW,100,HEX3DBC640120,152374,6777,14540,117,76,1,35.6,COAX,MID_BAND,1,0.494,0.549
2022-05-01,INP340090,4G,869,389,MED,1000,HEXEC202990FF,127354,40239,71628,1,0,1,63.8,FIBER,MID_BAND,0,0.536,0.657
2021-09-16,INP238010,4G,1934,134,MED,100,HEX7F584B7863,45840,12968,36842,246,100,1,198.3,SAT,C_BAND,1,0.206,0.798
2024-11-10,INP847866,FIXED_WIRELESS,419,585,MED,100,HEXED7EF469EF,139566,23085,52206,7,1,1,80.8,COPPER,C_BAND,1,0.215,0.556
2021-08-17,INP713034,5G,668,925,LOW,500,HEX14338BFCA9,169915,27639,57043,81,40,1,12.6,WIRELESS,MMWAVE,1,0.274,0.382
2025-01-28,INP133526,5G,1189,9,MED,100,HEX2F088507D6,79404,18001,41574,192,88,1,139.2,COAX,MMWAVE,0,0.393,0.781
2025-02-04,INP469891,DSL,107,850,LOW,50,HEX15B623E5EF,245371,45104,6880,66,5,1,236.8,FIBER,C_BAND,1,0.613,0.861
2023-01-10,INP695131,SATELLITE,1828,875,MED,1000,HEX7189AF5B34,78156,46621,10852,90,71,0,60.7,COPPER,LOW_BAND,1,0.495,0.447
2022-06-04,INP434387,SATELLITE,1768,325,MED,1000,HEX728E35FD8C,49770,4498,36416,108,21,0,237.9,SAT,LOW_BAND,1,0.876,0.814
2022-09-12,INP042453,FIBER,1908,568,LOW,100,HEX6288041AB6,77571,12415,52781,45,38,1,151.9,SAT,MMWAVE,1,0.05,0.472
2021-03-30,INP200201,DSL,1817,640,HIGH,1000,HEX663DB723AB,75991,48095,407,24,5,1,175.2,WIRELESS,C_BAND,0,0.688,0.417
2020-10-11,INP134964,FIBER,373,275,LOW,50,HEXAD9F9731D9,76694,14961,68848,128,42,0,193.9,FIBER,C_BAND,0,0.336,0.639
2023-12-07,INP924303,4G,693,917,HIGH,2000,HEXADD748A263,37628,23409,65251,7,3,0,174.0,WIRELESS,C_BAND,1,0.089,0.935
2024-03-27,INP698684,SATELLITE,368,276,HIGH,100,HEXE66F408596,119782,37136,45481,73,14,0,124.8,COPPER,MMWAVE,0,0.523,0.5
2021-10-28,INP327002,SATELLITE,262,59,MED,100,HEX05D02EC8F8,23045,46740,35477,36,12,1,229.6,COAX,MID_BAND,1,0.933,0.472
2024-05-01,INP490233,SATELLITE,902,700,MED,2000,HEX9A328419A8,99057,28632,12588,35,33,1,78.5,COAX,MMWAVE,0,0.467,0.963
2025-03-04,INP059476,CABLE,1621,253,HIGH,500,HEX59EE0D2A7C,136292,30161,7123,21,1,1,246.5,FIBER,C_BAND,0,0.822,0.69
2023-09-19,INP815577,SATELLITE,305,580,HIGH,200,HEX2EA2ABEC93,18100,2,20056,154,30,1,62.0,FIBER,MMWAVE,1,0.506,0.57
2021-05-13,INP241282,SATELLITE,1405,454,HIGH,500,HEX1202B38B37,76377,43747,13109,245,150,1,167.0,WIRELESS,MMWAVE,0,0.107,0.588
2024-10-06,INP121350,4G,1839,677,HIGH,200,HEX0EF7B4F5D8,91944,46283,68820,99,65,1,164.0,COAX,UNLICENSED,1,0.715,0.843
2023-02-14,INP769084,FIXED_WIRELESS,1250,679,LOW,500,HEXB8A4B999D1,8238,48029,20863,59,6,0,125.0,WIRELESS,C_BAND,0,0.981,0.858
2022-08-27,INP187399,FIBER,1263,261,LOW,0,HEXD1C9DE5B6F,150912,36468,26179,50,16,1,169.8,COPPER,MID_BAND,0,0.434,0.665
2022-02-26,INP009001,FIBER,746,797,MED,500,HEX812BEA7D97,92802,23362,73229,218,35,0,109.8,WIRELESS,LOW_BAND,0,0.127,0.657
2021-02-17,INP126329,5G,524,404,HIGH,100,HEX1DF19DE860,183350,7266,61732,239,234,0,163.4,FIBER,C_BAND,0,0.201,0.913
2020-08-31,INP157968,DSL,1020,79,HIGH,500,HEXBC0FF9918F,71412,47404,5471,26,1,1,56.5,COAX,MMWAVE,0,0.782,0.905
2022-07-21,INP007858,4G,1410,760,LOW,500,HEX7662B8119E,92719,12690,44974,111,7,1,23.2,FIBER,MID_BAND,0,0.753,0.857
2026-01-05,INP590780,DSL,908,189,MED,0,HEX59EF26AA1F,54465,32435,46787,229,219,1,178.3,COAX,UNLICENSED,1,0.654,0.664
2022-12-31,INP351349,FIXED_WIRELESS,582,85,LOW,50,HEXD8481BC037,200828,29737,14973,5,3,0,67.7,SAT,MMWAVE,1,0.965,0.341
2024-04-21,INP483021,FIXED_WIRELESS,1100,58,HIGH,100,HEX0CEEC5D4C3,7668,22344,56895,221,109,0,232.2,FIBER,LOW_BAND,0,0.952,0.943
2023-03-23,INP894555,DSL,1976,395,MED,1000,HEXF3E4A4FC49,10620,40340,35949,92,34,0,195.7,SAT,LOW_BAND,1,0.568,0.521
2022-12-19,INP840003,4G,1739,574,LOW,200,HEX0F49512C4D,33850,14904,22871,37,3,1,163.7,COPPER,UNLICENSED,0,0.58,0.329
2022-07-22,INP072268,CABLE,1116,740,LOW,500,HEX3181139DA1,112297,18552,18753,6,2,0,90.2,WIRELESS,C_BAND,0,0.974,0.729
2021-10-18,INP321512,CABLE,1056,737,HIGH,500,HEXCBF69A2CAF,245740,14718,74108,128,107,1,30.5,SAT,LOW_BAND,0,0.659,0.659
2023-07-22,INP282227,CABLE,482,471,MED,1000,HEXFB7F618157,60884,29423,54899,58,36,0,246.7,SAT,MID_BAND,0,0.408,0.703
2021-07-19,INP673145,DSL,1189,511,HIGH,2000,HEX32726CB71D,219091,28273,3136,176,42,0,33.3,SAT,MMWAVE,0,0.354,0.578
2022-09-15,INP718856,4G,102,80,HIGH,100,HEXFEAB6CBBB9,215485,33382,10982,38,0,0,92.6,WIRELESS,MMWAVE,1,0.177,0.799
2023-02-18,INP902358,SATELLITE,1050,869,MED,100,HEX5522DBF389,161843,20602,13037,88,36,1,72.1,WIRELESS,MMWAVE,1,0.169,0.948
2022-11-28,INP979612,5G,1051,777,LOW,0,HEX90E837D54F,112305,47978,58304,133,32,0,73.9,FIBER,LOW_BAND,0,0.432,0.482
2021-07-14,INP971307,4G,162,339,LOW,500,HEX57BA1BE01B,137154,20809,24955,215,142,0,219.4,FIBER,LOW_BAND,1,0.586,0.902
2022-06-20,INP621872,DSL,1310,901,LOW,500,HEXDB01832646,153565,15382,45705,123,67,0,45.2,COAX,MID_BAND,0,0.668,0.638
2024-05-25,INP552298,5G,598,434,MED,100,HEX362FA562ED,226994,32058,54002,175,60,1,67.1,COPPER,MMWAVE,1,0.772,0.481
2023-07-24,INP484204,DSL,705,656,LOW,100,HEX73E8C1F928,249609,47331,2767,205,97,1,176.2,COAX,UNLICENSED,1,0.049,0.445
2026-01-02,INP115828,CABLE,688,428,LOW,500,HEXBF00F16724,60794,41389,32415,8,4,0,203.3,WIRELESS,MMWAVE,1,0.741,0.486
2020-12-13,INP057707,SATELLITE,1248,946,LOW,0,HEXBC39458043,69776,42994,61787,96,37,1,55.7,WIRELESS,UNLICENSED,1,0.284,0.785
2025-09-06,INP204335,FIBER,936,234,HIGH,0,HEX6359A5CF12,227209,32100,32763,21,4,1,209.5,SAT,UNLICENSED,0,0.059,0.64
2024-08-13,INP331354,FIBER,559,711,LOW,2000,HEX877F3778BB,241995,6884,55797,179,19,1,189.3,COPPER,UNLICENSED,0,0.166,0.602
2021-04-10,INP041847,SATELLITE,866,413,LOW,100,HEX1FBE45E924,180074,13399,48660,132,64,1,52.8,COAX,MID_BAND,1,0.715,0.627
2023-07-25,INP410931,4G,202,555,MED,100,HEX1991AE5034,239447,27929,40075,94,79,0,233.6,SAT,UNLICENSED,0,0.203,0.709
2021-02-25,INP722175,5G,794,343,HIGH,2000,HEXD9FB9E3033,244175,40299,19200,36,10,1,0.3,FIBER,LOW_BAND,1,0.807,0.594
2025-04-16,INP351533,FIXED_WIRELESS,737,324,HIGH,100,HEX8EDFFDBD87,207322,16419,15760,142,111,0,44.7,COAX,MMWAVE,0,0.346,0.593
2022-02-21,INP317045,FIBER,1210,322,MED,0,HEXEE804AA6FB,72373,40977,7500,248,146,0,215.8,WIRELESS,UNLICENSED,0,0.49,0.627
2026-02-12,INP800817,5G,1752,139,LOW,200,HEXD17B5D4DAB,87706,44039,41481,229,181,1,246.6,COAX,UNLICENSED,1,0.664,0.587
2020-09-08,INP085704,CABLE,1256,208,HIGH,500,HEX6ADF4817D1,244365,30343,11555,29,29,1,182.4,COPPER,C_BAND,0,0.966,0.829
2020-02-12,INP230728,4G,1940,928,LOW,1000,HEXC20B22533E,46928,19328,33994,178,112,1,122.6,SAT,C_BAND,1,0.642,0.61
2021-11-29,INP083527,CABLE,1333,835,HIGH,2000,HEX45F8B48334,242175,7556,67768,168,161,1,35.1,SAT,C_BAND,0,0.378,0.706
2020-05-18,INP313914,CABLE,1336,929,LOW,50,HEXE4720C7966,219153,15963,33105,185,95,0,120.7,WIRELESS,C_BAND,1,0.929,0.462
2025-09-07,INP142551,DSL,1898,312,HIGH,1000,HEXF3FC25FF4C,210605,22682,60124,101,21,1,164.7,COPPER,MID_BAND,1,0.08,0.463
2022-04-12,INP471570,DSL,715,107,MED,500,HEXABEADBC12C,35503,26206,42875,229,72,0,182.6,WIRELESS,UNLICENSED,0,0.072,0.637
2020-04-20,INP267338,SATELLITE,1237,774,MED,0,HEXA23365A646,215792,31500,4564,66,53,1,99.7,SAT,LOW_BAND,0,0.083,0.773
2021-02-19,INP648115,4G,941,16,MED,1000,HEXF6C44A9C75,124637,46663,43917,216,136,0,28.1,COPPER,MMWAVE,0,0.383,0.766
2021-09-07,INP097256,5G,941,450,LOW,200,HEX4175EA454D,142778,17513,23426,75,45,1,111.8,COAX,LOW_BAND,0,0.357,0.325
2024-06-10,INP200764,CABLE,717,1000,MED,1000,HEX9EEED90509,190242,41799,13254,97,65,0,19.9,COAX,MMWAVE,0,0.184,0.815
2020-11-20,INP841123,SATELLITE,1114,879,LOW,1000,HEXC57C6BC4A9,238984,11879,37344,69,0,1,4.9,WIRELESS,MID_BAND,1,0.462,0.845
2023-07-27,INP027267,SATELLITE,1703,476,HIGH,200,HEXA56E05577B,55717,34880,22283,172,99,1,8.3,SAT,LOW_BAND,0,0.561,0.538
2022-04-30,INP753744,DSL,1289,603,LOW,500,HEX56F0F873E2,159653,8093,12711,101,27,1,27.8,COAX,MID_BAND,0,0.767,0.979
2024-06-30,INP532927,4G,226,685,HIGH,1000,HEXC586D77D7E,47063,26217,37802,0,0,1,83.6,WIRELESS,MID_BAND,0,0.098,0.7
2024-09-08,INP946616,FIBER,1237,589,HIGH,200,HEXF539715BEA,145218,33510,25301,217,41,1,180.8,COPPER,MID_BAND,0,0.713,0.438
2021-06-27,INP282426,DSL,1641,186,MED,500,HEXACDDE3B1BA,107021,34063,61631,220,98,1,104.4,COAX,UNLICENSED,1,0.777,0.746
2025-12-27,INP748088,4G,1584,45,MED,200,HEXB8A6124DC1,44790,24016,54118,168,86,1,60.9,WIRELESS,MID_BAND,1,0.33,0.779
2025-02-19,INP842224,5G,932,721,MED,500,HEX40280E9B4B,149303,41542,39943,121,91,1,73.9,COPPER,MID_BAND,0,0.859,0.478
2022-07-22,INP023527,4G,1792,534,MED,200,HEX9252D55D72,138187,31591,22988,123,114,1,167.3,FIBER,C_BAND,1,0.206,0.404
2021-05-04,INP634998,5G,1687,806,HIGH,50,HEXB50AF84FD8,21326,3668,58541,145,133,1,64.2,COPPER,MID_BAND,1,0.717,0.422
2022-12-24,INP501809,SATELLITE,630,67,LOW,50,HEX3C71E0C177,125289,12936,13090,138,55,0,75.1,FIBER,UNLICENSED,0,0.905,0.797
2024-12-18,INP718640,5G,843,620,MED,200,HEXA574A485A8,164581,28838,14610,250,193,0,122.0,COAX,UNLICENSED,0,0.163,0.345
2024-11-04,INP608368,DSL,1604,116,LOW,50,HEX44C7AE3A53,104371,11257,20701,156,40,1,129.2,WIRELESS,UNLICENSED,0,0.78,0.486
2022-12-12,INP483133,4G,655,465,MED,200,HEX9C0F06A274,215073,46159,26504,53,42,0,73.8,COAX,LOW_BAND,1,0.791,0.525
2022-03-27,INP764201,4G,992,969,HIGH,500,HEX7F0ABE7496,27091,3677,44917,70,68,1,230.9,FIBER,MMWAVE,1,0.75,0.524
2024-08-21,INP885554,CABLE,1182,564,HIGH,100,HEX8DB2CDBBF5,203059,29218,28155,47,20,1,115.3,COAX,MID_BAND,0,0.704,0.476
2020-04-04,INP164878,FIBER,1879,529,MED,0,HEX9FFD584511,24654,36588,14723,136,40,0,211.6,FIBER,UNLICENSED,0,0.61,0.985
2020-10-26,INP742487,4G,686,79,LOW,1000,HEX97CBFE6496,2738,14760,42255,109,19,1,55.9,COAX,UNLICENSED,0,0.665,0.831
2023-12-23,INP875113,FIBER,63,551,HIGH,2000,HEX0251DEA32F,61574,14236,46575,6,1,0,236.1,FIBER,MMWAVE,1,0.868,0.889
2022-05-04,INP343238,FIBER,1995,184,HIGH,500,HEXB1C179B53F,210160,33220,47167,122,32,1,236.2,FIBER,LOW_BAND,0,0.42,0.963
2021-02-13,INP398483,4G,182,671,HIGH,2000,HEX67F4A52392,41331,9189,61579,195,9,1,200.6,COAX,C_BAND,0,0.823,0.589
2021-12-16,INP997818,FIBER,1620,171,LOW,200,HEX365D90007B,38338,26716,6094,138,96,0,180.7,COPPER,MID_BAND,1,0.349,0.454
2024-09-15,INP914985,DSL,1764,622,HIGH,0,HEX47E2A59B7B,223838,37436,25727,32,14,1,201.4,COPPER,MID_BAND,0,0.743,0.795
2023-03-02,INP812163,FIXED_WIRELESS,1378,609,HIGH,500,HEX9EC26A9E0E,101433,41410,6293,203,50,0,3.8,FIBER,MID_BAND,1,0.323,0.695
2025-06-04,INP818949,FIXED_WIRELESS,1282,274,HIGH,200,HEX14CE5E4C78,174366,6324,44875,195,132,1,195.5,WIRELESS,LOW_BAND,0,0.126,0.457
2025-02-16,INP817134,SATELLITE,1934,89,HIGH,50,HEX6FF3D30B59,40285,36889,69541,134,12,0,90.8,COPPER,UNLICENSED,1,0.159,0.769
2022-07-15,INP871968,CABLE,110,987,MED,100,HEX68675B41BA,55223,48068,8757,15,13,1,120.3,COPPER,MID_BAND,0,0.159,0.589
2022-03-03,INP232914,4G,1524,604,HIGH,50,HEX3245A88C93,115390,19583,16366,138,116,1,220.1,COAX,C_BAND,0,0.041,0.878
2022-11-12,INP145867,5G,606,235,HIGH,0,HEX1BFD3D7B60,28074,18363,36158,231,64,0,82.3,COAX,C_BAND,1,0.101,0.856
2022-09-21,INP524298,FIXED_WIRELESS,1158,626,HIGH,200,HEX9DA01DA11F,63051,23638,55290,208,100,0,10.2,WIRELESS,MMWAVE,0,0.523,0.949
2024-11-03,INP605090,FIXED_WIRELESS,1652,34,HIGH,200,HEXD4D5F3707F,69489,10524,27443,142,140,0,185.2,COAX,MID_BAND,0,0.857,0.53
2026-01-13,INP782817,4G,841,325,HIGH,200,HEXAC3D757522,4675,7305,24876,148,79,0,175.1,SAT,C_BAND,0,0.538,0.575
2020-11-07,INP105842,4G,706,550,MED,200,HEX26DBEC9F53,217066,2672,32231,140,39,0,68.6,WIRELESS,MID_BAND,0,0.983,0.469
2022-07-14,INP481298,FIXED_WIRELESS,1726,454,MED,500,HEX896D9AEFBB,95912,17272,56533,94,46,0,234.2,COAX,UNLICENSED,0,0.958,0.393
2022-10-08,INP750997,SATELLITE,652,112,HIGH,50,HEXBBA8F79097,114843,4237,22458,5,4,1,162.6,COAX,MMWAVE,0,0.148,0.771
2020-09-24,INP922805,FIXED_WIRELESS,1452,787,LOW,200,HEX378A59EF28,179104,38461,41216,220,1,0,13.4,COAX,UNLICENSED,1,0.977,0.724
2025-12-09,INP411979,5G,381,35,HIGH,200,HEXB516BAC67D,48469,6282,40789,90,22,0,219.8,WIRELESS,LOW_BAND,1,0.401,0.456
2020-11-30,INP375069,FIBER,1408,387,LOW,50,HEX0F054C9512,167349,40689,65300,46,34,1,86.4,COPPER,UNLICENSED,0,0.177,0.604
2021-12-28,INP584698,5G,1936,128,MED,100,HEX1A92132957,173118,35912,50966,200,114,0,167.2,FIBER,C_BAND,1,0.141,0.963
2025-07-03,INP143998,4G,1459,777,HIGH,0,HEXD1AE9B8CA4,36014,29353,25957,74,54,1,94.4,WIRELESS,LOW_BAND,0,0.322,0.634
2024-05-11,INP397765,FIBER,395,974,LOW,100,HEXEB92500F65,141471,3436,56859,189,130,1,44.7,COAX,LOW_BAND,0,0.099,0.955
2022-06-26,INP702260,FIXED_WIRELESS,431,926,HIGH,0,HEXE03DDFFD5D,12232,10218,18568,153,63,0,64.7,WIRELESS,UNLICENSED,0,0.902,0.514
2023-01-21,INP408381,5G,1009,264,HIGH,0,HEXA6B7A3A1E7,48566,35188,42910,42,16,0,178.8,WIRELESS,C_BAND,0,0.285,0.693
2021-03-20,INP738208,DSL,270,535,LOW,200,HEX71061B165B,116373,39125,5380,169,128,0,47.4,COPPER,C_BAND,1,0.014,0.405
2022-10-24,INP932631,CABLE,1045,70,LOW,50,HEXA5B07D9428,83744,3716,14596,175,16,1,133.7,SAT,MID_BAND,0,0.322,0.327
2021-03-01,INP600035,5G,469,785,HIGH,0,HEX91AEEA497B,179513,32149,32773,88,81,1,229.9,COPPER,MMWAVE,0,0.36,0.4
2021-12-15,INP932174,CABLE,304,48,MED,200,HEXB836D5F66B,116863,25456,60754,93,43,1,99.8,SAT,MID_BAND,1,0.713,0.692
2024-01-28,INP957462,DSL,973,116,HIGH,1000,HEX7EFD635EAE,113689,11817,58062,6,5,1,141.9,COPPER,C_BAND,0,0.681,0.831
2024-07-04,INP581327,5G,1917,503,MED,500,HEXE9BEAC10D0,224004,5894,41064,238,230,1,185.9,COPPER,C_BAND,0,0.363,0.927
2025-01-03,INP472159,DSL,344,430,LOW,500,HEXE68AB4D31F,238837,29157,12723,193,10,1,95.4,WIRELESS,MMWAVE,1,0.02,0.775
2024-01-24,INP951899,SATELLITE,714,911,MED,0,HEXE12462FCAF,84569,19159,10888,90,77,0,123.8,SAT,UNLICENSED,0,0.169,0.887
2022-02-25,INP599031,4G,499,722,MED,100,HEX760BC7182F,164122,699,2518,77,48,1,117.6,WIRELESS,LOW_BAND,0,0.27,0.559
2024-02-11,INP887439,4G,545,570,LOW,200,HEX417ACEDE02,200270,7015,31845,19,5,1,38.7,COPPER,LOW_BAND,0,0.01,0.309
2023-10-29,INP861684,5G,687,809,HIGH,0,HEX902EE2B16A,55607,3276,10408,99,41,0,48.3,COPPER,MMWAVE,0,0.186,0.499
2020-09-07,INP450928,SATELLITE,397,721,LOW,1000,HEXC3DC36D46A,57715,27952,32892,211,88,0,132.7,COAX,C_BAND,0,0.065,0.343
2023-11-10,INP907468,FIXED_WIRELESS,34,767,HIGH,0,HEX5CEB9F9B55,213089,31486,48554,127,76,0,78.5,COPPER,MID_BAND,0,0.043,0.543
2025-03-19,INP837948,FIXED_WIRELESS,936,161,LOW,1000,HEXC6025FA60C,173979,11323,19796,151,47,1,4.3,WIRELESS,MID_BAND,1,0.198,0.643
2021-10-10,INP395247,FIXED_WIRELESS,901,975,LOW,200,HEXF0F15743FC,109642,32145,1699,244,78,0,84.8,COAX,UNLICENSED,0,0.122,0.389
2023-02-28,INP336154,FIBER,925,383,MED,50,HEX353D5EFC89,87285,45765,25477,230,32,0,195.4,SAT,MID_BAND,0,0.609,0.861
2022-10-17,INP440507,SATELLITE,668,88,HIGH,200,HEX7EFB163CB5,204384,3868,62094,63,28,0,81.9,SAT,MMWAVE,0,0.784,0.96
2025-06-08,INP965869,SATELLITE,1249,128,MED,1000,HEX0E8836BD43,78121,1656,3777,166,164,0,19.9,WIRELESS,MID_BAND,0,0.382,0.408
2024-12-24,INP712274,DSL,1211,136,MED,0,HEX1D855B8AA6,86118,40178,4526,164,72,1,189.2,FIBER,UNLICENSED,1,0.717,0.391
2020-09-18,INP911170,CABLE,741,351,LOW,200,HEX51606CB813,42196,7552,34177,58,15,1,170.9,FIBER,LOW_BAND,0,0.697,0.63
2020-06-21,INP221853,5G,1309,691,MED,0,HEX840B613037,92088,45994,10567,148,94,1,207.3,WIRELESS,MID_BAND,1,0.007,0.733
2023-02-26,INP233872,DSL,679,924,MED,200,HEX1409A8620C,195224,13473,26233,194,145,0,74.8,COPPER,UNLICENSED,0,0.361,0.338
2022-07-30,INP582532,DSL,1772,346,LOW,200,HEXF65F92784F,225251,16286,10180,157,27,0,213.2,SAT,LOW_BAND,0,0.947,0.942
2023-05-27,INP479036,FIXED_WIRELESS,1529,902,MED,0,HEX4A40127EFE,32042,41727,3980,225,121,1,28.3,COPPER,MMWAVE,0,0.58,0.685
2023-01-11,INP050623,FIXED_WIRELESS,71,43,MED,200,HEXD6F901C447,210724,17516,3199,171,69,0,47.2,WIRELESS,LOW_BAND,0,0.044,0.689
2024-11-18,INP577772,FIBER,1234,381,MED,2000,HEX72A582B526,123048,22769,38331,37,31,0,102.1,WIRELESS,LOW_BAND,0,0.885,0.53
2024-01-09,INP645683,5G,1290,153,HIGH,100,HEX8D2C2D3B16,29828,32858,71302,10,8,1,1.2,SAT,MID_BAND,0,0.684,0.844
2025-06-26,INP177536,FIXED_WIRELESS,458,595,MED,1000,HEX6C1A7DE30C,132754,7064,64907,36,4,0,76.8,WIRELESS,C_BAND,0,0.542,0.367
2022-02-21,INP001170,CABLE,936,978,LOW,200,HEXFA095549EA,156039,2744,64400,250,8,1,88.0,COAX,MMWAVE,0,0.384,0.672
2021-02-05,INP458969,FIXED_WIRELESS,89,990,MED,2000,HEXE781BBE7B3,123518,2250,42319,79,70,0,213.7,COPPER,UNLICENSED,0,0.01,0.389
2020-04-25,INP945463,SATELLITE,1348,746,LOW,100,HEX9B7E424512,220012,5034,26099,123,62,1,96.9,COPPER,MMWAVE,1,0.183,0.535
2025-07-13,INP247911,4G,1948,624,HIGH,0,HEX75B08BA174,146588,46009,55345,17,2,1,219.5,COAX,MMWAVE,0,0.919,0.926
2021-07-17,INP115649,CABLE,1151,274,MED,0,HEXFA91034B65,134244,797,14778,134,68,0,2.4,COPPER,C_BAND,0,0.861,0.853
2022-02-11,INP642156,5G,1656,77,LOW,1000,HEX28D18F93CD,95323,14768,34402,104,7,0,10.9,COAX,MMWAVE,1,0.672,0.942
2024-05-19,INP482949,SATELLITE,1830,421,HIGH,2000,HEXC294C6011E,38658,42034,5236,94,35,1,116.2,COAX,C_BAND,0,0.605,0.934
2025-04-08,INP538669,SATELLITE,1237,681,HIGH,50,HEX71758A4444,135115,14931,41032,237,231,1,60.0,COPPER,C_BAND,0,0.192,0.531
2024-08-12,INP256167,5G,1586,709,MED,50,HEXA585C92BEA,54431,39199,44220,46,41,0,93.9,WIRELESS,MMWAVE,0,0.932,0.617
2023-10-30,INP162989,FIBER,146,198,MED,200,HEX7F949306F9,125377,28650,50709,80,15,1,30.9,FIBER,LOW_BAND,0,0.277,0.678
2023-01-04,INP107406,FIBER,30,119,MED,500,HEXB4339CE530,153623,20756,28819,43,24,1,154.2,COPPER,LOW_BAND,0,0.614,0.972
2025-06-14,INP124268,DSL,582,114,LOW,50,HEXA6DD73D672,233314,25196,49828,5,4,0,51.4,WIRELESS,MMWAVE,0,0.524,0.522
2025-08-06,INP534210,5G,1441,704,MED,50,HEXC356343970,245674,36917,31991,165,16,1,200.1,WIRELESS,UNLICENSED,1,0.381,0.639
2024-12-29,INP902239,FIXED_WIRELESS,333,177,LOW,2000,HEX98830603B2,161836,45568,72459,12,4,1,233.0,WIRELESS,MID_BAND,1,0.859,0.492
2022-01-31,INP235200,4G,1613,808,HIGH,50,HEX47620F91C4,205796,11713,69986,31,29,0,92.4,COPPER,MID_BAND,0,0.187,0.843
2023-08-26,INP875050,DSL,352,54,MED,50,HEXD395C77BB2,159362,49447,5540,17,12,1,71.9,SAT,MMWAVE,0,0.395,0.674
2024-07-12,INP846575,5G,1544,419,MED,500,HEXE2D201FD1E,100789,24637,39258,95,3,1,49.8,FIBER,MID_BAND,0,0.638,0.402
2021-07-26,INP632024,FIXED_WIRELESS,827,482,HIGH,200,HEX532F32A155,238891,25333,56804,19,19,1,205.3,SAT,MMWAVE,1,0.981,0.885
2020-10-04,INP319191,4G,1160,281,LOW,0,HEX8A5759555C,154017,8080,57461,194,124,1,128.6,SAT,UNLICENSED,0,0.999,0.406
2024-03-27,INP377617,DSL,200,636,MED,100,HEX604F396D28,67385,13802,74,16,5,0,66.5,WIRELESS,LOW_BAND,1,0.915,0.414
2025-07-14,INP168373,FIXED_WIRELESS,1967,984,MED,500,HEX8ED5A8AD9A,211837,38918,32151,57,52,1,121.0,COAX,UNLICENSED,1,0.973,0.984
2020-07-29,INP938112,5G,458,906,LOW,200,HEXEEB8669439,249141,43442,8692,198,80,0,14.4,WIRELESS,MMWAVE,1,0.473,0.321
2024-02-26,INP128495,FIXED_WIRELESS,890,874,LOW,100,HEX3C599D11B2,112839,32286,12099,239,203,0,162.1,FIBER,LOW_BAND,0,0.033,0.501
2024-02-11,INP696601,CABLE,686,107,LOW,500,HEX100ECED744,219875,34477,9395,212,156,1,16.4,SAT,C_BAND,1,0.776,0.655
2025-07-26,INP660866,5G,936,372,HIGH,100,HEX4B6C3F4532,41189,2411,10414,15,3,1,249.6,COPPER,MID_BAND,0,0.282,0.53
2023-08-03,INP574169,SATELLITE,1503,606,MED,1000,HEX3702310D42,130947,30376,52099,200,181,0,112.5,COAX,MMWAVE,0,0.958,0.819
2022-01-23,INP079449,DSL,96,910,LOW,50,HEX8743200559,88889,179,13709,123,98,0,125.4,COPPER,MID_BAND,1,0.659,0.808
2025-08-30,INP235591,5G,1955,753,LOW,200,HEXF94F7409F1,217962,27344,60757,234,226,0,57.9,COAX,UNLICENSED,1,0.265,0.915
2020-06-07,INP865302,DSL,1959,846,MED,50,HEX66FC4D868F,208807,41944,40134,196,153,0,124.3,SAT,MID_BAND,0,0.552,0.838
2022-08-19,INP937160,FIXED_WIRELESS,173,341,HIGH,50,HEXF02B4AA6E3,43467,23686,12793,195,73,1,135.7,SAT,LOW_BAND,1,0.156,0.384
2020-01-14,INP907721,5G,934,350,LOW,500,HEXCC71A41C56,50123,35737,32804,185,4,0,155.2,FIBER,LOW_BAND,1,0.342,0.66
2025-12-30,INP197333,5G,895,111,HIGH,2000,HEXC33ACB1F3A,239806,32399,73067,197,117,1,160.7,COPPER,LOW_BAND,1,0.188,0.694
2020-03-11,INP996489,5G,959,92,LOW,2000,HEX18C9788C1C,206583,41817,41558,62,19,1,106.5,FIBER,LOW_BAND,1,0.3,0.965
2021-07-14,INP689289,SATELLITE,755,81,MED,100,HEXB604212891,30220,6236,34629,196,85,1,31.1,SAT,MID_BAND,0,0.079,0.334
2023-06-29,INP855885,SATELLITE,1792,712,HIGH,100,HEXEA16E4E15B,36385,4505,12362,242,241,0,26.9,WIRELESS,LOW_BAND,0,0.361,0.674
2022-12-18,INP198231,SATELLITE,1445,892,LOW,1000,HEXC7B2BDA36A,229895,17911,24582,126,70,1,107.5,SAT,MMWAVE,1,0.528,0.538
2024-07-14,INP945268,4G,870,266,HIGH,500,HEX7F63422A1A,35220,46600,5269,59,15,0,182.9,WIRELESS,MID_BAND,0,0.277,0.378
2020-01-12,INP678012,DSL,311,746,HIGH,2000,HEX15F684AD26,49783,43637,31820,125,62,0,109.5,COAX,LOW_BAND,0,0.159,0.839
2020-09-01,INP752122,DSL,882,792,LOW,200,HEXC895A7B476,42563,31480,28909,112,17,1,58.8,WIRELESS,MMWAVE,1,0.949,0.652
2021-08-15,INP175626,5G,645,769,MED,0,HEX1F1E43FED9,242833,34728,23979,160,127,0,1.0,FIBER,C_BAND,0,0.77,0.59
2023-10-29,INP011372,5G,566,605,LOW,1000,HEX6D99173305,124070,49737,31610,136,85,1,107.8,SAT,LOW_BAND,0,0.103,0.918
2022-08-05,INP404571,SATELLITE,913,740,LOW,50,HEXB314E6FAEE,25005,22335,31025,156,30,1,62.7,SAT,UNLICENSED,0,0.938,0.466
2025-05-03,INP656608,5G,453,819,MED,100,HEX18390BEC82,194198,6390,74934,5,5,1,43.2,COPPER,MID_BAND,0,0.732,0.435
2022-05-06,INP120460,4G,1878,746,LOW,100,HEXAE4A21E705,140230,11475,55096,27,2,0,53.1,COPPER,MMWAVE,1,0.229,0.861
2022-12-26,INP778595,SATELLITE,685,912,MED,50,HEXD9A372D759,243301,48065,2625,50,25,1,193.2,WIRELESS,LOW_BAND,0,0.115,0.779
2020-08-08,INP279149,SATELLITE,1469,760,LOW,0,HEX8832E89E38,89396,34411,70459,23,8,1,137.3,COPPER,LOW_BAND,0,0.85,0.442
2022-06-22,INP601446,FIBER,1520,783,MED,200,HEX24D0CCCBDB,22424,21135,21616,193,190,0,146.5,FIBER,MID_BAND,0,0.805,0.603
2026-01-16,INP606901,CABLE,650,393,HIGH,0,HEXC844282A84,137397,5020,19736,44,18,1,197.1,COAX,MMWAVE,0,0.507,0.622
2020-06-29,INP502233,CABLE,1492,533,MED,500,HEX2616C8F504,45126,37802,49194,186,10,0,10.0,WIRELESS,LOW_BAND,0,0.24,0.715
2025-02-27,INP670669,SATELLITE,388,133,LOW,0,HEX4016D1880A,68306,42190,23258,140,121,1,232.7,SAT,MID_BAND,0,0.764,0.665
2020-09-19,INP326146,4G,359,539,HIGH,1000,HEXAB6236B5B8,56565,6821,40577,245,199,1,115.6,FIBER,MMWAVE,1,0.982,0.569
2023-12-23,INP932817,4G,1393,382,MED,500,HEXA4FE016644,151418,34757,66219,234,5,0,182.7,COAX,MID_BAND,0,0.501,0.423
2023-02-02,INP394806,FIBER,603,708,HIGH,0,HEXF433FD389E,32528,25868,29082,206,36,0,22.7,SAT,MMWAVE,0,0.721,0.843
2026-02-07,INP092064,DSL,839,664,MED,50,HEX06011CC7FF,25484,30258,65625,219,104,0,180.1,SAT,LOW_BAND,1,0.185,0.866
2020-04-30,INP534585,FIBER,510,709,MED,100,HEX7B44F1B609,56520,25674,48222,156,88,1,14.7,COAX,UNLICENSED,1,0.123,0.663
2023-03-20,INP122530,DSL,1559,422,LOW,50,HEXD239234514,10063,45574,38528,33,33,1,235.2,FIBER,C_BAND,0,0.778,0.533
2025-07-09,INP949750,4G,273,441,LOW,0,HEXFD0E569DC6,180044,29860,9526,82,27,1,44.0,COPPER,C_BAND,0,0.356,0.864
2025-09-16,INP541647,4G,1858,151,HIGH,50,HEXFD4F148CFC,90312,19558,31119,122,110,0,137.7,SAT,MID_BAND,0,0.212,0.745
2021-05-23,INP064660,CABLE,1166,599,HIGH,0,HEXC420FF92CB,164019,41023,55146,196,159,0,94.1,COAX,UNLICENSED,0,0.759,0.815
2025-02-11,INP051756,SATELLITE,518,155,MED,500,HEX10849F3232,205060,14616,38591,199,36,0,107.6,SAT,UNLICENSED,0,0.055,0.729
2020-04-04,INP943179,FIBER,1324,457,LOW,1000,HEX38F395AEAE,136869,9078,73551,193,4,0,245.2,FIBER,C_BAND,0,0.887,0.381
2021-08-06,INP954087,FIXED_WIRELESS,1219,786,MED,500,HEXA64C6661D0,126834,27915,12878,172,37,0,201.8,COAX,UNLICENSED,1,0.924,0.383
2022-02-25,INP731578,CABLE,1292,925,LOW,2000,HEX0F730D66E1,14957,7653,50749,128,51,1,167.1,SAT,C_BAND,0,0.823,0.318
2020-09-28,INP306060,4G,668,60,MED,200,HEXCD8DFAA05A,71310,1102,64915,112,56,0,97.8,FIBER,MMWAVE,0,0.726,0.826
2024-08-13,INP653508,4G,1290,850,MED,200,HEXEF9E1C0EA4,51688,13004,26563,116,29,1,33.3,COAX,C_BAND,0,0.171,0.538
2024-07-01,INP150088,DSL,1398,109,LOW,500,HEX2636DF578F,99061,7947,24954,55,28,1,167.0,COAX,C_BAND,1,0.049,0.963
2023-08-16,INP082084,CABLE,118,247,MED,50,HEXAD68EEB78E,20207,918,21165,163,23,0,223.6,SAT,UNLICENSED,0,0.102,0.433
2025-10-28,INP945387,4G,1252,453,LOW,2000,HEX6DD8ED2A50,60506,37514,58935,245,189,1,196.4,SAT,UNLICENSED,0,0.429,0.77
2021-05-02,INP474924,5G,1663,155,LOW,100,HEXC62A235A16,229469,43224,47977,3,2,1,111.9,FIBER,C_BAND,0,0.15,0.35
2021-12-14,INP053345,FIBER,1151,609,HIGH,2000,HEXA398CDF2ED,209791,2222,30120,169,138,1,179.9,COAX,UNLICENSED,0,0.648,0.506
2023-10-15,INP865003,4G,1127,524,MED,2000,HEXC0A1E38778,172656,12239,3436,239,157,1,95.2,FIBER,UNLICENSED,1,0.628,0.972
2025-07-20,INP645854,FIXED_WIRELESS,1481,870,LOW,2000,HEXD597BC8A0A,179371,40973,31127,94,6,0,220.8,COAX,MMWAVE,0,0.62,0.773
2020-06-05,INP012573,CABLE,559,262,LOW,500,HEX6935D4AA28,151508,17645,51299,212,56,0,48.8,SAT,LOW_BAND,1,0.164,0.355
2023-09-04,INP177919,FIXED_WIRELESS,353,996,HIGH,50,HEX69D38C53F8,147283,46570,51277,94,46,1,161.5,SAT,C_BAND,0,0.95,0.685
2020-03-05,INP677220,CABLE,1296,643,LOW,1000,HEXED1DE923D5,62370,17637,4940,22,11,1,77.0,COAX,C_BAND,0,0.327,0.526
2021-03-15,INP216247,SATELLITE,209,248,MED,200,HEXD0F4DBA1FC,9725,23190,23242,116,49,0,237.0,FIBER,UNLICENSED,0,0.561,0.717
2021-06-23,INP703255,5G,723,416,LOW,50,HEXE8EC6FD96C,141773,28980,36639,76,21,1,176.6,SAT,C_BAND,0,0.893,0.493
2023-10-22,INP743878,CABLE,374,519,LOW,100,HEXFEFC652DE0,210640,20109,48824,163,58,0,219.6,FIBER,MID_BAND,1,0.877,0.909
2021-04-19,INP780030,DSL,1307,653,MED,500,HEXBA448969B2,223412,45243,29109,108,57,0,197.2,COAX,MMWAVE,1,0.006,0.553
2025-10-11,INP979290,DSL,1659,838,LOW,1000,HEX8DB3132D04,24775,3865,49434,189,2,0,130.0,WIRELESS,C_BAND,0,0.204,0.681
2023-11-14,INP014504,5G,380,926,MED,200,HEX74F8422902,24154,33484,59450,97,84,0,182.4,WIRELESS,LOW_BAND,0,0.182,0.603
2021-05-10,INP614247,DSL,1906,583,HIGH,500,HEXFFE52999BE,26926,48025,55980,204,83,0,146.4,COAX,MID_BAND,0,0.144,0.919
2023-08-24,INP672582,SATELLITE,1934,320,MED,200,HEX1B7B726305,227368,16639,65289,156,29,1,111.8,SAT,MMWAVE,1,0.571,0.604
2021-10-25,INP029454,FIBER,448,507,HIGH,2000,HEX598E32CC1C,104605,47789,7115,140,48,1,220.9,COAX,UNLICENSED,0,0.811,0.773
2025-03-22,INP555327,4G,1809,386,HIGH,500,HEX538ECECD00,79694,15485,50836,165,20,0,213.8,SAT,C_BAND,1,0.066,0.876
2021-10-29,INP985907,4G,1192,176,HIGH,500,HEXBA134D80DE,151638,27235,61616,21,6,0,125.1,SAT,LOW_BAND,1,0.048,0.404
2021-09-13,INP118994,5G,1362,147,LOW,0,HEX9B116221B7,190029,22474,69357,194,112,0,49.6,SAT,MID_BAND,1,0.572,0.598
2023-10-13,INP201663,SATELLITE,222,158,MED,50,HEX14CAA250AF,39855,39080,37580,96,16,1,205.8,COPPER,C_BAND,0,0.35,0.563
2020-09-27,INP870975,CABLE,272,802,HIGH,500,HEX701F146555,80963,49975,17083,54,54,1,235.4,COPPER,LOW_BAND,1,0.482,0.337
2021-05-19,INP312405,FIBER,917,741,HIGH,0,HEX6D0324AE54,227006,10393,993,56,44,0,71.5,COPPER,LOW_BAND,1,0.616,0.927
2024-07-19,INP957447,SATELLITE,142,384,MED,500,HEXAF562371D4,114318,179,14491,11,8,1,29.8,SAT,LOW_BAND,1,0.027,0.929
2024-08-16,INP513701,SATELLITE,97,562,LOW,500,HEX1B519D1501,133764,2782,53554,115,13,1,115.6,COPPER,C_BAND,1,0.048,0.9
2024-01-19,INP994141,DSL,60,22,HIGH,200,HEX2885664010,52657,43977,26262,155,103,1,202.5,WIRELESS,C_BAND,0,0.89,0.601
2021-09-01,INP055864,FIBER,127,277,MED,200,HEX6459CC09A1,66643,2447,2575,191,167,1,59.1,SAT,LOW_BAND,0,0.563,0.783
2023-01-09,INP536731,CABLE,1260,628,HIGH,0,HEXC4DDE69FAA,52578,30359,57542,175,30,0,95.7,SAT,C_BAND,1,0.908,0.959
2021-08-31,INP220422,DSL,1570,335,MED,50,HEX3B894919C1,216125,17308,21645,226,110,0,238.9,COPPER,LOW_BAND,1,0.051,0.618
2026-01-23,INP814866,4G,1655,681,HIGH,100,HEX1EEFC3AC99,232484,38319,58796,230,37,0,21.1,WIRELESS,LOW_BAND,0,0.538,0.732
2023-04-01,INP958899,CABLE,632,552,LOW,50,HEXC7E58E9787,3523,35330,22619,15,0,1,11.9,WIRELESS,C_BAND,0,0.094,0.881
2022-02-12,INP305060,DSL,1056,917,MED,1000,HEXD42A887C9F,244350,31269,6556,68,5,0,57.5,FIBER,C_BAND,0,0.088,0.701
2021-04-05,INP308612,5G,1425,571,HIGH,50,HEX561E9DAA2A,232436,39632,55264,179,163,1,152.5,WIRELESS,UNLICENSED,1,0.265,0.722
2020-04-14,INP251413,FIXED_WIRELESS,301,168,MED,500,HEXCD68289C38,140145,45658,65773,58,39,1,109.1,COAX,MMWAVE,0,0.991,0.819
2024-12-28,INP600800,5G,241,605,HIGH,50,HEX5C9DFDB13B,234972,27,44791,47,15,1,63.8,SAT,UNLICENSED,1,0.332,0.873
2020-03-30,INP939742,SATELLITE,209,444,MED,1000,HEX0340961C7E,196458,4281,67605,32,16,0,143.4,SAT,LOW_BAND,0,0.956,0.803
2024-06-29,INP450025,FIBER,1622,236,MED,500,HEX26646A9EB9,183077,40536,72030,112,39,0,95.4,COAX,LOW_BAND,1,0.588,0.975
2020-07-20,INP167606,FIXED_WIRELESS,749,257,HIGH,200,HEXE0176B39C8,104016,13575,55213,80,31,1,177.4,COPPER,LOW_BAND,0,0.26,0.557
2020-08-16,INP300658,CABLE,1096,999,HIGH,100,HEX2466DCB867,13607,21422,57121,67,20,1,197.7,COAX,C_BAND,0,0.364,0.822
2023-10-24,INP504979,DSL,1610,523,HIGH,0,HEX63C4662AC5,76309,3551,14208,101,80,1,152.1,COPPER,LOW_BAND,1,0.932,0.594
2022-02-03,INP111749,FIXED_WIRELESS,1431,677,MED,100,HEX6C9612B15F,132452,16462,69914,204,132,0,248.3,FIBER,UNLICENSED,1,0.475,0.656
2024-06-10,INP445105,CABLE,919,958,LOW,2000,HEX42BCDA6212,53948,34652,32929,58,47,0,119.8,COPPER,MMWAVE,1,0.589,0.566
2025-12-20,INP059632,SATELLITE,368,322,LOW,0,HEXAB354CF40F,67206,20021,48159,73,59,1,36.6,COPPER,LOW_BAND,1,0.944,0.406
2025-01-06,INP257749,4G,1680,91,MED,200,HEXE63AAA223D,141768,24871,22245,209,18,0,88.5,FIBER,UNLICENSED,1,0.847,0.719
2024-05-04,INP982713,5G,480,337,HIGH,500,HEX8293DE0DDC,194566,6805,67463,17,12,1,126.4,SAT,LOW_BAND,0,0.345,0.419
2022-11-06,INP263205,5G,1105,905,MED,1000,HEX193B80ACCA,63656,42182,16165,37,34,1,125.7,COAX,UNLICENSED,0,0.804,0.692
2024-10-09,INP957875,CABLE,654,497,HIGH,1000,HEX27472601B9,196504,24991,33113,44,17,1,51.1,SAT,MID_BAND,0,0.163,0.462
2021-02-26,INP116509,DSL,1942,907,HIGH,50,HEXF8809E21D0,60798,11516,276,4,0,0,96.6,WIRELESS,MMWAVE,1,0.91,0.65
2025-05-23,INP715813,FIBER,601,68,HIGH,50,HEXE453F9CC4C,201416,36066,18121,49,20,1,216.6,SAT,C_BAND,0,0.79,0.324
2022-03-24,INP794790,5G,1680,290,MED,1000,HEX9710B6FA61,3918,42421,51509,234,94,1,21.8,FIBER,MID_BAND,0,0.002,0.608
2023-08-19,INP169574,SATELLITE,1269,20,MED,2000,HEX836386B966,120853,1010,69200,59,34,1,138.9,SAT,LOW_BAND,0,0.995,0.756
2025-06-10,INP700843,5G,168,588,MED,200,HEX092F2EC5DA,151838,36639,24480,97,1,1,19.8,FIBER,UNLICENSED,0,0.139,0.35
2025-03-03,INP359142,FIBER,1384,770,LOW,200,HEX49C1AD8499,246906,9028,57113,68,22,1,150.9,WIRELESS,C_BAND,0,0.074,0.337
2022-12-18,INP739156,CABLE,1005,858,LOW,100,HEX68092D709F,13549,4152,52336,56,45,0,102.6,FIBER,MMWAVE,1,0.827,0.492
2025-04-09,INP959688,CABLE,20,64,LOW,200,HEX8FD2BB3266,245332,35536,48908,1,1,1,196.6,SAT,LOW_BAND,1,0.574,0.973
2021-12-30,INP881801,FIBER,1540,906,LOW,1000,HEX5FD7D207C9,178885,963,603,244,123,1,175.2,FIBER,UNLICENSED,0,0.312,0.791
2023-04-15,INP267545,DSL,1781,883,MED,100,HEX24FC6BFC82,124791,13250,40744,207,137,1,225.4,FIBER,LOW_BAND,1,0.045,0.543
2024-07-09,INP214297,4G,747,453,MED,500,HEXCD5E60DF6B,117889,12698,71821,56,45,0,222.8,SAT,UNLICENSED,1,0.304,0.422
2022-07-22,INP399929,SATELLITE,107,343,MED,0,HEX7740595563,48412,47787,1275,152,8,1,83.5,COAX,LOW_BAND,1,0.629,0.514
2020-04-22,INP668001,5G,1049,968,MED,0,HEX9A2CB76A2A,106962,46994,48621,235,59,1,230.0,COAX,LOW_BAND,0,0.998,0.916
2021-07-07,INP197939,FIBER,333,885,MED,2000,HEXCE113B2EFA,180433,38548,34030,112,81,0,85.1,WIRELESS,C_BAND,1,0.835,0.369
2024-12-19,INP784597,SATELLITE,1390,379,HIGH,0,HEXEAD0F4A34B,53784,45221,15534,0,0,1,31.7,FIBER,MID_BAND,0,0.506,0.782
2023-03-10,INP056999,CABLE,1813,635,HIGH,50,HEXF5C3592510,128136,37315,1710,164,4,1,107.2,SAT,LOW_BAND,1,0.387,0.603
2022-12-12,INP062426,4G,1832,984,LOW,1000,HEX3D4BFD067C,222407,10300,43800,83,1,1,158.3,FIBER,LOW_BAND,0,0.985,0.516
2021-06-16,INP811510,DSL,1364,974,HIGH,1000,HEXC33510C9AE,220420,44352,6081,91,31,1,191.1,SAT,UNLICENSED,0,0.51,0.468
2021-09-12,INP813476,FIBER,586,922,HIGH,100,HEXFE7CF8F7DD,23497,11206,55508,79,21,1,57.9,COPPER,MMWAVE,0,0.882,0.85
2021-08-02,INP431298,4G,1230,134,LOW,200,HEX1CD3C03B2A,159882,47550,22402,17,11,0,131.2,FIBER,UNLICENSED,0,0.489,0.303
2024-02-08,INP547523,SATELLITE,1137,88,HIGH,500,HEXE97F2B68BC,203170,22260,30976,122,68,0,174.9,COPPER,LOW_BAND,0,0.375,0.95
2025-09-13,INP941538,5G,119,678,LOW,500,HEX2B702342EF,35960,43416,20380,15,8,1,69.8,COAX,MID_BAND,0,0.925,0.894
2021-03-25,INP099577,4G,269,758,HIGH,1000,HEX0030EB32B7,223449,8335,13531,62,23,0,10.5,COPPER,UNLICENSED,1,0.335,0.332
2022-11-04,INP309075,5G,911,472,MED,100,HEX6993CAAF1A,213611,44943,9702,120,38,1,152.1,COPPER,UNLICENSED,0,0.531,0.382
2020-04-29,INP287803,DSL,318,586,LOW,2000,HEXDF6006EF6F,103589,30179,5318,98,29,0,232.5,FIBER,UNLICENSED,0,0.394,0.55
2023-05-26,INP577309,FIXED_WIRELESS,412,706,MED,500,HEXCB954923D6,114228,7698,11594,75,18,1,196.5,COPPER,C_BAND,0,0.555,0.521
2021-09-11,INP155807,SATELLITE,1956,708,HIGH,0,HEXBE234D19A4,53194,36680,44411,206,61,0,180.1,COAX,MMWAVE,0,0.187,0.552
2020-08-23,INP322990,4G,503,84,LOW,1000,HEXDD865B57BE,148274,44245,35201,127,84,0,100.5,COAX,C_BAND,0,0.36,0.466
2024-02-27,INP592377,FIXED_WIRELESS,1980,831,LOW,200,HEX341558E9EE,240903,20076,66590,22,10,1,99.9,COPPER,C_BAND,0,0.371,0.563
2023-05-22,INP818249,DSL,500,381,HIGH,500,HEXF46E4FFA93,235711,10316,54454,209,29,1,79.3,COAX,MID_BAND,0,0.056,0.691
2022-06-20,INP641990,4G,1415,753,LOW,200,HEXFDE21581E4,41504,13704,47546,208,168,1,224.1,WIRELESS,UNLICENSED,0,0.26,0.882
2025-08-02,INP046168,FIBER,1426,546,MED,2000,HEX5B2E726A63,1392,7305,36524,233,15,0,11.9,COAX,MID_BAND,0,0.932,0.343
2024-02-14,INP359094,4G,374,751,LOW,0,HEX45AF104FB1,241272,14261,52166,135,22,1,41.3,FIBER,MID_BAND,1,0.378,0.539
2021-09-23,INP539065,4G,1762,501,LOW,100,HEX259DDAE22B,214063,29012,29732,179,157,1,130.6,SAT,MID_BAND,1,0.364,0.627
2022-06-28,INP722459,FIXED_WIRELESS,823,98,LOW,500,HEXF029C182D6,26365,927,64407,31,9,1,88.7,SAT,MID_BAND,0,0.558,0.687
2022-01-19,INP794769,5G,546,551,MED,2000,HEX63742FFFF2,42806,46666,66631,4,0,0,73.2,COPPER,C_BAND,0,0.67,0.811
2021-09-23,INP766819,FIXED_WIRELESS,127,391,LOW,2000,HEXEF5506DABD,64631,4369,15039,136,14,1,171.0,WIRELESS,C_BAND,1,0.236,0.635
2023-07-15,INP253151,4G,156,230,MED,50,HEX60CA3D751B,207791,31204,5902,92,40,1,18.4,COPPER,LOW_BAND,0,0.428,0.797
2020-10-21,INP076325,4G,197,595,HIGH,200,HEX9358527024,114426,10374,1954,18,15,1,182.3,FIBER,MID_BAND,1,0.941,0.694
2024-10-27,INP964540,SATELLITE,981,225,LOW,50,HEX6E3CF276C7,89397,45577,69522,136,121,0,105.2,COPPER,MID_BAND,0,0.685,0.921
2023-06-18,INP266330,SATELLITE,1386,747,HIGH,1000,HEX53229505C4,74631,36899,59781,204,72,1,177.8,FIBER,MID_BAND,0,0.561,0.573
2023-06-20,INP574244,CABLE,1822,968,LOW,200,HEXD65B0D065B,123775,13053,4932,150,98,0,141.3,SAT,MID_BAND,0,0.441,0.376
2024-01-06,INP162265,4G,26,188,MED,100,HEX187A631548,223306,36673,74700,195,85,0,87.3,COAX,MMWAVE,0,0.248,0.971
2022-12-08,INP892277,5G,1846,317,HIGH,0,HEX6E9C3BD473,231427,17671,53728,67,2,1,169.1,SAT,MID_BAND,1,0.048,0.526
2024-09-16,INP177258,4G,1588,908,HIGH,500,HEXD4310E92B1,125998,49917,5682,122,41,1,212.9,COAX,MID_BAND,1,0.71,0.585
2023-10-11,INP458120,CABLE,1170,448,MED,200,HEXE299D2B521,192871,30242,43688,219,100,0,132.3,SAT,MMWAVE,1,0.582,0.733
2025-04-14,INP954896,FIBER,544,727,MED,500,HEX44561385E4,48621,12484,53398,40,8,1,62.3,COAX,MMWAVE,1,0.265,0.443
2021-03-17,INP024556,5G,1357,410,HIGH,2000,HEX08EF5B2D69,13639,10026,11753,165,124,1,71.7,WIRELESS,C_BAND,1,0.038,0.443
2023-07-28,INP027891,5G,1155,629,MED,200,HEX62CBCC32F9,61782,610,17864,4,1,1,143.5,FIBER,MID_BAND,1,0.01,0.315
2022-03-19,INP240664,FIXED_WIRELESS,757,960,LOW,200,HEXD279C5E045,15193,5127,22680,233,59,0,139.1,COAX,MMWAVE,1,0.029,0.487
2021-06-23,INP054978,5G,1888,794,LOW,0,HEX722C4E0DBE,68380,43290,71626,118,93,0,25.6,WIRELESS,MMWAVE,1,0.26,0.373
2022-01-19,INP903559,DSL,1625,698,MED,1000,HEX28E250FC56,140426,18464,33386,234,129,0,37.0,COPPER,MMWAVE,1,0.188,0.696
2020-11-08,INP700914,SATELLITE,95,246,HIGH,100,HEXF8CB0EF1DD,127569,19093,4725,204,161,0,149.6,COAX,LOW_BAND,0,0.619,0.474
2023-12-24,INP138741,DSL,1864,509,MED,1000,HEX4372542665,213074,17083,50135,217,49,0,185.1,FIBER,UNLICENSED,0,0.202,0.5
2023-05-22,INP490555,SATELLITE,1899,343,LOW,100,HEX7C05ACA1C5,207075,44687,58745,127,65,0,226.0,WIRELESS,MMWAVE,0,0.209,0.954
2023-07-20,INP424431,CABLE,1171,162,LOW,200,HEX1682905B29,31177,4675,42281,236,221,0,192.2,COPPER,LOW_BAND,1,0.318,0.823
2024-07-05,INP226861,SATELLITE,1490,308,HIGH,2000,HEXF06548A813,28541,14616,70557,194,10,1,143.6,COPPER,MID_BAND,1,0.642,0.422
2021-09-13,INP087326,FIBER,1466,386,HIGH,50,HEXD88F40C158,15832,25523,40541,78,17,0,168.5,FIBER,MMWAVE,1,0.928,0.932
2025-08-01,INP452337,FIXED_WIRELESS,1316,416,MED,2000,HEX64B9B3A12E,212486,9491,23467,19,6,1,76.5,FIBER,LOW_BAND,1,0.612,0.667
2021-04-06,INP245877,FIBER,194,487,HIGH,200,HEX2C99998A83,193269,36015,2608,14,3,0,105.7,FIBER,MID_BAND,0,0.062,0.54
2022-03-16,INP751380,4G,105,339,LOW,100,HEX383BE826C2,204540,36998,8185,15,14,1,174.4,COPPER,MMWAVE,0,0.934,0.892
2021-12-27,INP892863,5G,1817,987,LOW,50,HEXD6B8AEFECC,46908,26060,59621,26,7,1,76.3,FIBER,LOW_BAND,0,0.19,0.758
2021-10-04,INP226055,DSL,725,924,LOW,200,HEXBB17BCF0F7,101593,6224,5694,108,96,0,92.7,SAT,MID_BAND,1,0.899,0.671
2021-02-15,INP882016,FIXED_WIRELESS,249,476,HIGH,1000,HEX1F6DA84A2A,188245,47964,19749,179,100,1,174.0,WIRELESS,UNLICENSED,0,0.171,0.9
2021-01-20,INP143559,CABLE,677,233,HIGH,100,HEXAA0742D047,200996,40458,54002,108,75,0,76.3,WIRELESS,UNLICENSED,0,0.484,0.688
2025-02-16,INP362365,FIXED_WIRELESS,574,82,HIGH,50,HEXCCD1747F56,152943,35155,69889,27,12,1,146.2,FIBER,C_BAND,1,0.01,0.717
2025-10-09,INP883189,DSL,826,147,MED,0,HEX6490D2848C,642,36456,70729,146,142,1,166.5,FIBER,C_BAND,0,0.667,0.673
2022-08-28,INP672895,FIXED_WIRELESS,1782,247,LOW,50,HEXE7500056A1,233442,39088,46647,165,52,1,242.1,COAX,MMWAVE,1,0.558,0.829
2022-02-23,INP896824,FIBER,1039,784,MED,1000,HEXEA82EC0A35,180837,8052,6239,59,17,0,75.9,COAX,MID_BAND,0,0.938,0.571
2023-01-28,INP695983,CABLE,1935,44,MED,50,HEXC2559D2EC2,224661,11848,16368,155,2,1,54.0,COAX,MMWAVE,0,0.259,0.512
2024-05-11,INP327324,DSL,207,873,LOW,500,HEX30DF4B32DE,15273,217,32654,100,16,0,236.6,FIBER,MMWAVE,1,0.779,0.399
2025-03-12,INP442676,SATELLITE,667,734,HIGH,100,HEX8294A5B56F,86402,32063,48266,157,21,1,13.9,FIBER,UNLICENSED,0,0.047,0.513
2021-01-14,INP242232,5G,299,309,MED,2000,HEX8BB1C754C9,52781,17036,37930,216,154,1,83.5,WIRELESS,UNLICENSED,0,0.222,0.386
2022-06-10,INP480285,SATELLITE,383,442,LOW,500,HEX782E1C770D,114478,12055,41414,175,16,1,30.7,COAX,MMWAVE,1,0.661,0.939
2022-07-16,INP485151,FIXED_WIRELESS,1414,494,LOW,100,HEX4617BE96EF,59347,13756,51911,34,16,0,157.4,WIRELESS,C_BAND,0,0.341,0.721
2020-04-28,INP615545,SATELLITE,1865,244,HIGH,1000,HEX5119A44A6B,135399,33862,38999,158,157,0,145.8,WIRELESS,MID_BAND,0,0.877,0.868
2025-07-01,INP373597,5G,1223,57,LOW,50,HEX1B78AAA128,49660,41897,59225,230,20,1,231.6,SAT,UNLICENSED,1,0.965,0.939
2021-02-09,INP772485,FIXED_WIRELESS,1081,112,LOW,50,HEXBA38CD113F,129392,35308,10457,70,43,0,221.9,FIBER,UNLICENSED,0,0.866,0.882
2021-11-14,INP845318,FIXED_WIRELESS,1208,217,LOW,2000,HEXC1D58CC7BC,175857,20867,25579,32,25,1,186.2,FIBER,UNLICENSED,1,0.584,0.307
2025-12-21,INP154183,DSL,1491,441,LOW,500,HEX08DCDB05E4,187836,30214,27077,102,8,0,233.2,SAT,MMWAVE,1,0.758,0.397
2024-12-06,INP065552,DSL,1645,638,LOW,1000,HEX055DCF1A4A,23030,42641,43818,220,98,0,60.0,WIRELESS,UNLICENSED,1,0.347,0.905
2021-02-18,INP329668,DSL,975,502,LOW,200,HEX029FA65321,212112,16704,33610,17,13,1,223.3,SAT,MMWAVE,0,0.323,0.915
2023-10-03,INP589429,FIBER,86,198,HIGH,500,HEX82F0266E81,166636,16984,35466,116,14,1,144.8,SAT,C_BAND,0,0.927,0.697
2020-07-02,INP446866,4G,1893,8,HIGH,50,HEX28DF8CDC5D,62662,21538,70469,191,116,1,122.8,WIRELESS,C_BAND,0,0.021,0.968
2021-05-05,INP778877,FIBER,425,317,LOW,500,HEX881787BF33,106590,18609,62245,115,1,0,23.8,FIBER,UNLICENSED,1,0.913,0.95
2023-11-30,INP188911,DSL,724,275,LOW,0,HEXE1DD310A72,70893,49673,36634,16,0,1,172.6,SAT,C_BAND,1,0.215,0.487
2022-09-10,INP860460,4G,1901,152,LOW,2000,HEX4F0B8264E6,48559,11629,48915,20,15,0,198.4,COPPER,C_BAND,1,0.832,0.779
2022-05-26,INP105603,SATELLITE,893,106,HIGH,200,HEX3726B2E209,204823,15495,51239,228,205,1,34.1,SAT,C_BAND,1,0.958,0.703
2020-02-10,INP343041,5G,1163,993,LOW,0,HEXC373CA213D,148970,2703,66757,120,113,1,97.6,COPPER,MID_BAND,1,0.804,0.475
2023-02-18,INP779118,FIBER,980,859,LOW,200,HEX430FDC4CE2,38307,6084,52076,3,1,1,53.8,SAT,C_BAND,0,0.142,0.805
2020-03-10,INP538741,SATELLITE,56,218,HIGH,50,HEX6A5326A948,178004,8777,35435,242,88,0,89.9,SAT,C_BAND,1,0.037,0.373
2021-03-28,INP395814,FIXED_WIRELESS,1561,724,MED,1000,HEX98676EFA27,15910,633,65562,134,68,1,64.9,SAT,MID_BAND,0,0.657,0.974
2021-03-24,INP546503,FIBER,836,589,HIGH,1000,HEXCECF39B235,60914,18258,70822,68,65,1,112.4,FIBER,UNLICENSED,1,0.224,0.966
2024-08-07,INP341819,DSL,1532,749,MED,1000,HEXF20E033008,65686,19116,52862,116,30,0,153.1,FIBER,UNLICENSED,0,0.768,0.692
2021-01-03,INP117098,FIXED_WIRELESS,1172,776,HIGH,1000,HEX23A37DAF97,188289,40486,5862,99,1,1,183.3,COAX,UNLICENSED,0,0.951,0.951
2026-02-21,INP493005,5G,1217,532,MED,1000,HEX36EB37E811,158868,36391,48415,177,66,1,35.6,SAT,C_BAND,1,0.018,0.739
2020-02-19,INP027244,FIXED_WIRELESS,1942,593,HIGH,500,HEX49BD62002E,189510,1050,18255,180,138,0,172.2,COPPER,MID_BAND,0,0.513,0.712
2023-03-29,INP918155,FIBER,1027,273,HIGH,100,HEXE7C5F62E57,2707,19310,11428,40,39,1,192.9,COPPER,UNLICENSED,0,0.107,0.38
2024-09-10,INP967930,4G,1784,918,MED,0,HEXE093460232,23218,1941,11761,185,44,1,226.0,SAT,MMWAVE,1,0.09,0.32
2022-12-19,INP970743,5G,1590,917,HIGH,2000,HEX460EAEF63A,100853,1648,14034,159,22,1,1.9,WIRELESS,MID_BAND,0,0.309,0.883
2022-11-28,INP254441,CABLE,1560,108,HIGH,1000,HEX27F6F8DB65,183683,26226,20007,219,33,1,19.3,SAT,MMWAVE,0,0.409,0.677
2025-09-22,INP826486,SATELLITE,133,659,LOW,100,HEX06EC49FF25,71770,13728,40317,13,4,0,219.7,WIRELESS,UNLICENSED,1,0.11,0.36
2024-11-07,INP867127,FIBER,1996,414,HIGH,1000,HEX44DC1B7388,122029,16323,330,219,171,1,76.8,COAX,UNLICENSED,0,0.5,0.896
2022-01-02,INP752859,FIXED_WIRELESS,541,891,LOW,100,HEXDDF22E4A4C,49386,16196,3841,30,22,1,77.9,SAT,MMWAVE,1,0.946,0.643
2021-02-15,INP765001,4G,422,112,HIGH,200,HEX899F1C004E,213699,7653,31549,27,24,0,186.9,SAT,MMWAVE,0,0.555,0.331
2021-03-05,INP878193,4G,1273,774,LOW,1000,HEX81ADAD5501,54510,28675,44659,57,21,1,176.6,FIBER,MMWAVE,0,0.558,0.766
2024-12-22,INP501477,FIXED_WIRELESS,239,973,MED,0,HEX688C7D239C,166631,25178,32940,123,62,0,134.0,WIRELESS,C_BAND,0,0.04,0.906
2021-03-10,INP807567,CABLE,1616,365,MED,2000,HEXF024D3C362,216569,7965,51210,149,9,0,96.2,WIRELESS,UNLICENSED,0,0.456,0.575
2025-04-17,INP086346,DSL,1193,875,MED,1000,HEXBE25BDED60,243702,632,28519,50,23,1,235.3,SAT,C_BAND,0,0.157,0.885
2021-04-05,INP685285,DSL,58,15,MED,0,HEXB9CD532517,96111,46812,72096,99,89,1,178.3,COPPER,MID_BAND,0,0.936,0.895
2022-08-11,INP300017,FIXED_WIRELESS,871,270,LOW,200,HEX8CCD1785CD,36365,35783,10008,231,114,0,82.5,FIBER,MID_BAND,1,0.372,0.688
2025-09-06,INP031867,5G,1235,477,LOW,50,HEXB044CD54C7,10115,23468,8474,113,13,1,51.1,SAT,MMWAVE,1,0.384,0.482
2025-05-22,INP562600,CABLE,638,238,HIGH,0,HEXCE414DBA62,45787,21779,34021,197,192,1,132.1,COPPER,MMWAVE,1,0.516,0.507
2020-07-06,INP441486,DSL,989,973,LOW,2000,HEXD35BF66293,139177,28261,66053,213,121,0,101.7,FIBER,C_BAND,0,0.936,0.986
2022-08-15,INP167723,FIBER,1417,542,HIGH,2000,HEX2361E97FC5,179232,43007,42161,105,57,1,118.5,SAT,MMWAVE,0,0.339,0.476
2024-11-22,INP858272,5G,380,493,LOW,2000,HEX6D7302F21C,219630,30460,48626,166,125,1,30.3,WIRELESS,LOW_BAND,0,0.057,0.503
2026-02-02,INP328450,DSL,1935,111,MED,500,HEX09C2EBFFC0,233934,17441,24167,173,101,1,207.2,FIBER,MMWAVE,0,0.868,0.611
2020-03-20,INP980947,CABLE,1413,16,LOW,100,HEX9367449DD7,148139,18260,58143,110,30,0,1.5,COPPER,UNLICENSED,1,0.398,0.941
2022-12-01,INP086693,4G,1246,229,HIGH,500,HEX372C2D29D3,171474,3129,39120,249,197,0,107.4,COPPER,MMWAVE,0,0.453,0.746
2021-12-04,INP416324,SATELLITE,1543,646,HIGH,100,HEX0B8840BFCD,6188,11117,5845,139,2,0,230.6,SAT,MID_BAND,0,0.166,0.832
2024-03-01,INP798202,SATELLITE,1881,40,HIGH,50,HEX22F32F3125,171411,21717,45095,218,15,1,221.2,COPPER,C_BAND,1,0.796,0.771
2020-05-16,INP245556,DSL,1287,203,LOW,50,HEXE43E92C09B,169611,15105,16049,32,17,0,22.8,SAT,LOW_BAND,0,0.333,0.713
2023-07-06,INP966912,FIXED_WIRELESS,832,207,LOW,200,HEX794102C413,117976,22406,12817,150,33,1,111.7,COPPER,LOW_BAND,0,0.232,0.577
2024-09-30,INP823659,CABLE,794,110,LOW,1000,HEX091C309AEE,83181,9006,35452,15,6,1,26.7,COAX,MID_BAND,0,0.355,0.519
2023-01-14,INP271626,FIBER,1069,876,MED,200,HEXE727F5BD21,143435,15483,33341,160,82,0,135.0,FIBER,UNLICENSED,1,0.928,0.305
2026-02-01,INP404359,DSL,1561,179,HIGH,500,HEXF61DF27846,15528,34063,43718,162,128,0,89.9,SAT,UNLICENSED,1,0.739,0.419
2023-08-06,INP674417,CABLE,824,498,LOW,1000,HEX9243CDB192,42187,11312,24060,222,89,1,26.8,COPPER,C_BAND,0,0.664,0.739
2021-11-19,INP794517,DSL,1333,18,LOW,2000,HEXFC34499C9A,103894,11156,58115,10,2,1,0.3,COAX,LOW_BAND,0,0.361,0.434
2020-09-30,INP420760,5G,182,593,LOW,50,HEX5392471960,12762,27516,2787,238,135,1,121.6,FIBER,C_BAND,0,0.4,0.937
2024-09-08,INP809832,SATELLITE,1470,966,MED,0,HEX0573676231,227869,12991,53787,29,0,0,198.2,COAX,C_BAND,0,0.965,0.507
2022-03-30,INP732817,FIXED_WIRELESS,375,480,MED,1000,HEXE876E0D344,163992,2949,36365,225,109,0,118.5,COAX,LOW_BAND,0,0.441,0.989
2025-07-18,INP651601,SATELLITE,458,460,MED,100,HEXC1735CC864,149993,49863,1412,42,22,0,193.2,COAX,MID_BAND,0,0.761,0.588
2020-06-18,INP241470,FIBER,1970,8,HIGH,100,HEX3DA5B41B3C,158679,1048,4260,148,56,1,19.6,WIRELESS,LOW_BAND,1,0.846,0.738
2021-01-19,INP249524,FIXED_WIRELESS,1500,389,LOW,500,HEXCDF56ED2EC,106440,36271,8800,94,84,1,173.6,SAT,C_BAND,0,0.747,0.694
2020-09-01,INP146517,CABLE,695,46,HIGH,200,HEXAD6436E0E3,65506,29111,34997,234,108,0,61.6,FIBER,MMWAVE,0,0.44,0.446
2024-07-15,INP479517,FIXED_WIRELESS,850,914,MED,500,HEXAC9C7A63CA,212400,3059,50752,120,96,1,103.8,COAX,MID_BAND,0,0.694,0.899
2025-08-25,INP790876,5G,54,869,HIGH,1000,HEX42DB0A8CC8,105743,44747,58036,7,6,1,46.9,FIBER,LOW_BAND,0,0.163,0.942
2020-03-01,INP495188,FIBER,1388,585,HIGH,50,HEX7865E3C77E,2092,34989,55428,210,78,0,43.1,SAT,C_BAND,1,0.206,0.78
2026-01-02,INP669079,CABLE,1417,660,HIGH,1000,HEX04C960629D,115630,12442,261,94,33,0,132.7,COAX,MID_BAND,0,0.513,0.835
2022-10-01,INP867680,4G,1113,119,MED,200,HEX8E66AAA5A9,198577,49717,6790,26,12,0,63.3,SAT,MID_BAND,0,0.654,0.364
2020-01-07,INP140499,FIXED_WIRELESS,1301,310,LOW,200,HEXE3888EF122,43912,39363,54344,140,44,0,192.6,COAX,UNLICENSED,1,0.947,0.756
2020-03-19,INP456991,4G,966,651,MED,0,HEX186919ED27,103237,8679,2038,142,8,1,210.2,COPPER,UNLICENSED,1,0.057,0.823
2021-12-18,INP946822,5G,1228,395,HIGH,1000,HEX24FAEE10BC,244410,43106,18691,76,20,0,93.6,WIRELESS,UNLICENSED,1,0.09,0.939
2022-07-01,INP421954,5G,1908,726,LOW,50,HEX9A72C35DE4,92756,23256,29138,178,108,1,188.5,SAT,MMWAVE,0,0.779,0.492
2020-03-07,INP988285,DSL,253,365,HIGH,500,HEX7784B6FF30,106204,30382,69329,104,36,0,32.5,SAT,C_BAND,0,0.485,0.929
2021-12-14,INP102631,FIXED_WIRELESS,1164,639,LOW,0,HEX66FF963599,233726,39375,20227,150,140,1,80.3,SAT,MMWAVE,0,0.4,0.655
2025-07-22,INP419432,SATELLITE,363,55,HIGH,2000,HEXCED1383C1F,106000,645,3844,1,0,1,12.6,WIRELESS,MMWAVE,1,0.617,0.815
2020-10-02,INP936202,SATELLITE,154,227,MED,0,HEX0895ED7096,86280,43998,50298,76,20,0,166.8,COPPER,C_BAND,0,0.33,0.969
2021-09-11,INP013254,FIXED_WIRELESS,886,628,LOW,500,HEXF892FFD8FD,170640,24249,52730,136,33,0,21.5,COAX,MID_BAND,0,0.003,0.725
2024-08-02,INP155917,4G,1324,991,MED,2000,HEXD4C44B5FA7,162681,20692,53045,24,0,1,122.6,COPPER,MID_BAND,1,0.991,0.541
2022-07-13,INP477106,5G,1283,767,HIGH,500,HEXB98373BCD4,222438,29396,37566,140,0,0,123.4,FIBER,MMWAVE,0,0.535,0.898
2022-07-12,INP309084,FIBER,1602,780,HIGH,0,HEXCAFBDF1BF2,141589,38868,45496,20,8,1,48.3,COAX,LOW_BAND,0,0.073,0.848
2025-09-15,INP037783,5G,935,271,MED,1000,HEXC65916AD04,154596,16110,1651,183,79,1,78.1,SAT,C_BAND,0,0.994,0.472
2026-02-14,INP105653,DSL,1581,967,HIGH,1000,HEX08E86FAB07,142184,815,19864,100,41,1,174.5,FIBER,MMWAVE,1,0.437,0.714
2022-04-14,INP734296,FIXED_WIRELESS,624,274,LOW,500,HEXEECD78F8F0,44589,2688,15398,153,23,1,180.8,COAX,MID_BAND,1,0.2,0.891
2021-08-17,INP830555,CABLE,343,824,MED,50,HEX219647AF25,157948,30827,918,121,61,0,91.0,COAX,C_BAND,0,0.698,0.845
2025-12-18,INP661614,FIBER,602,404,HIGH,0,HEXD9B96CCF26,65563,21411,49273,236,0,1,244.1,COPPER,MMWAVE,1,0.535,0.311
2024-03-11,INP454234,CABLE,1910,837,LOW,200,HEX363D528AA6,220024,525,71436,150,30,1,54.2,FIBER,UNLICENSED,1,0.165,0.856
2022-08-29,INP611636,5G,1940,476,MED,500,HEX7931A260B6,35377,30373,45720,234,208,0,233.6,COAX,C_BAND,0,0.981,0.707
2021-07-15,INP025669,DSL,1062,97,LOW,500,HEX08B9553EDC,104869,26617,20565,221,42,0,171.5,COPPER,LOW_BAND,0,0.495,0.517
2024-07-26,INP328141,SATELLITE,876,36,MED,0,HEX4D26E03C18,7623,4653,49081,244,50,0,17.1,COPPER,LOW_BAND,0,0.809,0.518
2020-08-09,INP340120,DSL,1219,339,MED,200,HEX9064B3A5FE,153467,3566,41853,185,117,1,233.4,FIBER,UNLICENSED,0,0.532,0.6
2023-05-15,INP842385,DSL,1814,335,HIGH,500,HEX7A86F57CFF,182444,31343,62134,205,187,1,66.5,FIBER,LOW_BAND,0,0.164,0.716
2024-11-06,INP428176,DSL,1620,703,LOW,50,HEX9D40DE5CDE,235320,30158,49291,158,151,0,64.7,WIRELESS,MMWAVE,0,0.622,0.789
2022-07-05,INP786021,SATELLITE,202,262,HIGH,0,HEX193C8434A9,138196,9787,1191,204,172,1,205.0,FIBER,C_BAND,0,0.69,0.388
2024-05-12,INP093560,SATELLITE,1974,231,LOW,0,HEX0DCF32C6AC,239997,8407,64587,115,59,1,51.1,FIBER,MMWAVE,0,0.506,0.962
2024-06-19,INP424942,CABLE,117,248,MED,2000,HEX09284A1DAC,78490,47705,7031,33,31,1,168.9,WIRELESS,MMWAVE,0,0.367,0.415
2025-01-31,INP439841,5G,91,255,HIGH,200,HEX38FACFECFB,74614,37596,58696,68,40,0,161.5,COPPER,LOW_BAND,0,0.218,0.705
2025-06-07,INP787850,SATELLITE,1881,728,HIGH,200,HEX0BED04BA26,229192,28607,38875,55,8,1,55.8,SAT,C_BAND,0,0.101,0.37
2026-02-22,INP595669,CABLE,1271,300,HIGH,100,HEX30B27BFE23,155578,34803,39870,240,127,1,206.7,COPPER,C_BAND,0,0.461,0.648
2025-07-06,INP055192,SATELLITE,1326,564,HIGH,200,HEX0AF460BF3B,151372,42102,48506,102,39,1,244.9,SAT,UNLICENSED,0,0.969,0.57
2023-08-22,INP566571,4G,1119,252,LOW,2000,HEX9E261D0E66,35210,485,12970,107,41,1,79.8,WIRELESS,UNLICENSED,0,0.278,0.644
2025-11-11,INP937340,DSL,531,486,MED,100,HEX0085C682A5,109217,25075,46255,65,41,1,43.9,COAX,C_BAND,1,0.77,0.706
2025-04-18,INP908824,SATELLITE,882,22,HIGH,2000,HEX35701033E4,246026,17549,20169,234,54,1,102.9,COPPER,LOW_BAND,0,0.333,0.333
2025-12-30,INP297202,SATELLITE,34,602,MED,1000,HEX199DEEE24F,146052,17611,14354,53,23,1,67.7,FIBER,C_BAND,1,0.042,0.441
2024-03-26,INP749903,4G,1318,981,LOW,500,HEX405DC0A629,71348,9642,5805,205,59,0,88.6,SAT,UNLICENSED,0,0.14,0.659
2020-03-12,INP481254,FIXED_WIRELESS,974,297,HIGH,200,HEX79F14864E8,42172,13203,484,128,33,0,80.1,SAT,MMWAVE,0,0.806,0.491
2024-09-17,INP162947,CABLE,1489,566,MED,1000,HEX947D481F30,106106,11914,28001,168,164,0,21.8,FIBER,UNLICENSED,0,0.798,0.362
2026-01-24,INP521333,CABLE,858,642,HIGH,500,HEXDEE372A19F,7571,9928,22447,58,30,0,143.4,FIBER,MMWAVE,1,0.273,0.852
2026-01-29,INP646589,SATELLITE,671,725,MED,0,HEXA77591DD8A,221485,29650,27542,118,65,1,145.9,COAX,MMWAVE,0,0.558,0.509
2025-09-19,INP976182,CABLE,1137,529,MED,200,HEX3020713611,166069,43771,3651,161,85,0,136.9,SAT,LOW_BAND,1,0.567,0.844
2025-11-12,INP687078,FIBER,1338,852,MED,0,HEXE6CF017272,145947,9435,50806,141,59,1,226.3,SAT,MMWAVE,0,0.607,0.613
2020-07-08,INP234354,SATELLITE,1613,752,LOW,50,HEX5B07312CE3,85147,21579,44599,161,10,0,192.0,WIRELESS,LOW_BAND,0,0.644,0.662
2022-06-30,INP572035,DSL,224,1000,LOW,100,HEX1EFABCEFCD,52523,26253,70222,113,14,1,187.6,SAT,UNLICENSED,1,0.037,0.741
2025-01-18,INP658163,5G,1295,278,MED,200,HEX84F94EFD6D,78661,1418,8702,110,27,0,153.4,WIRELESS,MID_BAND,0,0.506,0.444
2021-05-02,INP393719,4G,311,683,MED,50,HEX168BB2D55B,80270,42109,21453,210,58,1,75.2,WIRELESS,C_BAND,1,0.347,0.81
2026-01-10,INP243992,5G,797,871,MED,1000,HEX421B98AE7B,242550,39961,15060,108,8,1,84.3,COPPER,MID_BAND,1,0.664,0.579
2020-10-21,INP698072,CABLE,1377,496,MED,1000,HEXEB48BC4B2C,225794,8216,70256,103,36,0,249.2,COPPER,LOW_BAND,0,0.425,0.888
2023-11-25,INP975638,FIBER,1152,917,LOW,200,HEX6796661256,63548,18211,22792,207,8,1,212.3,COPPER,MID_BAND,0,0.979,0.485
2026-02-07,INP082442,FIXED_WIRELESS,1009,371,HIGH,1000,HEX077124D149,55888,16076,45935,16,14,1,99.0,COAX,MMWAVE,0,0.14,0.858
2020-08-03,INP134125,5G,1546,370,HIGH,1000,HEX695922A6EC,78784,39836,5895,6,1,0,242.2,SAT,C_BAND,1,0.179,0.853
2023-11-07,INP072997,4G,533,901,HIGH,200,HEX72E3073345,99582,47920,10969,95,87,1,145.1,COPPER,MID_BAND,0,0.114,0.781
2025-02-18,INP548216,CABLE,38,602,MED,100,HEX37613BC80B,140986,31485,31877,21,9,1,21.3,FIBER,LOW_BAND,1,0.433,0.669
2021-11-30,INP690704,FIBER,1269,692,MED,1000,HEX862CD68D26,152068,43027,25942,62,59,0,18.2,COAX,MID_BAND,0,0.196,0.579
2020-08-04,INP109436,CABLE,1873,717,LOW,1000,HEX5D2B1C0605,67633,20955,74237,36,1,1,215.0,WIRELESS,MID_BAND,1,0.74,0.397
2021-07-09,INP820385,DSL,1371,185,LOW,100,HEX6A1A901C44,59122,37740,13242,49,14,0,91.0,SAT,MMWAVE,0,0.117,0.448
2022-09-23,INP728421,CABLE,390,517,MED,100,HEXC47C296320,212899,38229,46741,63,55,0,159.2,WIRELESS,MID_BAND,1,0.573,0.74
2024-01-16,INP142473,DSL,795,987,MED,100,HEXD917EF53A0,240655,27299,54590,76,13,1,195.7,COAX,MID_BAND,1,0.849,0.782
2021-10-14,INP249274,CABLE,1375,243,MED,50,HEX8BB6CE9EB2,53596,46338,50889,126,118,0,74.6,COAX,MMWAVE,1,0.641,0.896
2024-09-09,INP975229,CABLE,851,566,MED,500,HEXB3961B2993,159993,49286,71614,201,168,1,24.2,COPPER,UNLICENSED,1,0.394,0.839
2022-03-16,INP602421,FIBER,975,712,LOW,2000,HEXD018678B82,192367,18028,27263,30,4,0,244.8,WIRELESS,MID_BAND,0,0.298,0.834
2024-06-13,INP168796,FIXED_WIRELESS,1735,724,MED,100,HEXC3D97B9CA4,56921,25913,34375,129,20,0,27.6,WIRELESS,MMWAVE,0,0.567,0.361
2024-08-06,INP464823,SATELLITE,237,38,LOW,200,HEX15C06B949C,21813,12759,29677,59,17,0,54.0,WIRELESS,MMWAVE,0,0.205,0.773
2025-12-25,INP728560,FIBER,1965,77,MED,200,HEX90FE16F9BA,22267,1632,6233,217,79,0,230.7,FIBER,MID_BAND,0,0.831,0.588
2024-09-04,INP945098,SATELLITE,91,257,MED,50,HEX1D38B58EF3,52268,4894,55766,15,15,0,167.9,WIRELESS,UNLICENSED,1,0.921,0.564
2020-11-23,INP348871,DSL,1612,727,LOW,500,HEXAEDF47D2E8,172257,5784,37922,23,3,1,133.5,COAX,C_BAND,1,0.485,0.781
2022-05-22,INP945424,SATELLITE,156,249,HIGH,2000,HEXF0A4FA6CF2,168643,9945,15593,89,36,0,19.2,COPPER,LOW_BAND,0,0.218,0.335
2024-11-09,INP910583,CABLE,369,780,HIGH,200,HEXBE0A4B1B99,161346,18082,68235,134,91,1,151.2,SAT,UNLICENSED,0,0.598,0.977
2020-05-05,INP356743,4G,1888,416,LOW,100,HEX58ED2A126C,95297,26548,48097,6,2,1,2.2,FIBER,LOW_BAND,1,0.859,0.751
2023-01-29,INP129369,5G,378,271,LOW,2000,HEXB7CE0AD69A,211318,49787,13145,124,17,1,2.1,WIRELESS,MID_BAND,1,0.72,0.384
2021-10-22,INP111110,CABLE,974,339,LOW,500,HEX3F9401B87C,60314,24446,13340,180,29,0,86.9,FIBER,C_BAND,1,0.967,0.951
2021-08-19,INP165909,CABLE,250,659,HIGH,1000,HEX57F97328D0,79169,6706,37709,232,221,0,82.5,COAX,LOW_BAND,0,0.872,0.387
2025-09-22,INP706257,CABLE,1510,909,HIGH,50,HEX82AAE36C7E,168921,46554,3268,172,58,1,146.4,FIBER,MID_BAND,1,0.824,0.728
2024-12-26,INP292750,5G,689,570,MED,100,HEXEC94C849BD,158505,28175,74244,163,12,0,89.9,COPPER,UNLICENSED,0,0.543,0.31
2020-09-30,INP734242,FIXED_WIRELESS,1840,49,LOW,200,HEX5713A19823,5872,33556,36746,49,30,0,154.1,COPPER,UNLICENSED,0,0.296,0.508
2025-08-05,INP818856,DSL,1533,149,MED,50,HEX38C472153D,157878,7078,42942,136,86,1,70.6,SAT,LOW_BAND,0,0.834,0.689
2024-03-31,INP023092,4G,305,640,MED,1000,HEX95ED58C834,239483,9163,57027,100,23,0,172.6,SAT,LOW_BAND,0,0.099,0.504
2021-10-04,INP680049,DSL,1863,127,MED,1000,HEX32697F0325,9155,14119,15874,214,59,0,125.1,COAX,UNLICENSED,0,0.821,0.305
2021-09-11,INP005122,CABLE,1277,236,MED,500,HEX790A29512D,99216,46893,36801,179,126,1,185.0,COAX,UNLICENSED,1,0.727,0.7
2021-08-07,INP227791,DSL,179,990,MED,1000,HEXA7CC467430,194510,7750,38759,241,193,1,169.5,FIBER,LOW_BAND,0,0.974,0.595
2024-09-19,INP733667,FIBER,266,32,HIGH,50,HEX8DA70AC923,177492,7463,51221,122,80,1,231.9,FIBER,MMWAVE,0,0.478,0.595
2023-10-05,INP216131,5G,292,392,HIGH,500,HEXBA5371D930,246642,48919,32091,116,106,1,227.1,SAT,UNLICENSED,0,0.697,0.903
2020-10-26,INP223653,SATELLITE,437,134,MED,2000,HEXFB1A3A69E5,55631,34327,18279,10,1,1,68.8,FIBER,MMWAVE,0,0.164,0.595
2023-04-14,INP147280,DSL,1009,192,MED,100,HEXF3C3F56E67,108171,17051,69328,112,65,1,106.6,COPPER,C_BAND,0,0.578,0.789
2021-05-07,INP041041,SATELLITE,867,339,MED,500,HEXED2ADCCEB2,248136,15166,41887,179,5,0,146.2,COPPER,C_BAND,0,0.269,0.396
2021-06-20,INP538691,5G,411,304,MED,200,HEX8DEBB0EFB7,230458,8974,48965,29,27,1,174.6,FIBER,MMWAVE,1,0.23,0.722
2021-07-02,INP046991,DSL,405,460,HIGH,1000,HEXEBEB41E7C7,104158,12919,53345,161,56,0,212.2,SAT,MMWAVE,1,0.113,0.982
2021-09-12,INP090862,CABLE,269,402,MED,2000,HEXF83C6790C2,181730,35406,53145,127,21,0,95.4,COAX,C_BAND,0,0.286,0.6
2021-06-29,INP099270,5G,394,154,MED,500,HEX5DEE5DFD1E,76986,25657,14381,121,44,0,132.7,FIBER,UNLICENSED,0,0.217,0.662
2025-09-18,INP577260,FIBER,566,252,LOW,100,HEX6E5AD3A183,81841,30020,41906,90,64,1,10.7,FIBER,LOW_BAND,0,0.516,0.519
2023-02-28,INP448509,SATELLITE,86,163,MED,2000,HEXE1E88B7115,243728,25510,55612,204,132,0,28.4,SAT,UNLICENSED,0,0.832,0.603
2025-11-05,INP214403,FIBER,691,997,HIGH,50,HEX54A155B83F,65371,37912,66739,41,18,1,100.2,COPPER,LOW_BAND,0,0.777,0.633
2020-06-26,INP038944,5G,436,9,LOW,0,HEX283E7769C3,83509,4563,48624,207,189,0,41.3,COPPER,UNLICENSED,0,0.3,0.373
2022-09-04,INP058909,FIXED_WIRELESS,266,912,HIGH,2000,HEX07D8B2777B,198593,7599,15842,224,194,1,35.2,COPPER,MMWAVE,0,0.922,0.437
2020-09-08,INP091018,DSL,406,307,HIGH,100,HEX7EF5ADB77C,219185,46649,55993,239,30,0,145.7,WIRELESS,LOW_BAND,0,0.71,0.6
2024-06-21,INP442673,5G,490,204,MED,2000,HEX40B2EDFF6B,51952,30074,26252,245,177,1,209.5,SAT,LOW_BAND,0,0.244,0.73
2020-02-24,INP432647,CABLE,1019,812,HIGH,500,HEX1E5B11BE60,9071,8817,52602,89,71,0,52.4,COAX,MMWAVE,0,0.598,0.896
2022-04-12,INP225240,DSL,230,295,HIGH,200,HEX7143E86ADA,63431,10208,3007,224,53,1,248.7,WIRELESS,MID_BAND,0,0.408,0.552
2025-10-24,INP133851,4G,1030,690,LOW,100,HEX0CBBA0604B,207570,1144,41894,22,18,1,191.5,COAX,MID_BAND,0,0.496,0.379
2022-04-11,INP786128,5G,1352,936,LOW,200,HEX9CEC10B989,62050,4323,72488,113,66,1,1.1,COAX,UNLICENSED,0,0.173,0.744
2022-08-02,INP390597,SATELLITE,1408,56,HIGH,1000,HEX3EBA61C68A,134677,5396,18393,35,27,1,87.3,SAT,C_BAND,0,0.894,0.977
2025-02-18,INP889298,FIBER,84,362,HIGH,500,HEXFAB097378F,25315,36549,16356,191,78,1,105.7,COPPER,MMWAVE,0,0.733,0.546
2020-04-27,INP718460,FIXED_WIRELESS,990,412,LOW,1000,HEX8C3E68A51A,230950,41935,21163,117,51,1,39.9,WIRELESS,MMWAVE,0,0.515,0.777
2020-02-15,INP564399,CABLE,356,196,HIGH,1000,HEX9E89793582,89995,40795,62471,122,59,1,80.8,SAT,MMWAVE,0,0.025,0.879
2024-02-21,INP953999,CABLE,265,796,MED,0,HEXEC5831D9F5,104435,22997,12165,136,136,1,162.1,COAX,UNLICENSED,0,0.056,0.75
2020-06-27,INP062565,FIXED_WIRELESS,1159,860,MED,100,HEXAFAAC901E5,3958,4181,66476,100,80,1,69.0,SAT,LOW_BAND,0,0.643,0.538
2022-01-12,INP184215,FIXED_WIRELESS,354,912,LOW,0,HEXC73FCCEA64,211507,37631,59143,93,30,1,198.2,COAX,LOW_BAND,0,0.327,0.91
2021-01-11,INP873993,FIXED_WIRELESS,1399,800,MED,100,HEX06EC54F351,100328,42946,56247,229,140,0,165.7,WIRELESS,C_BAND,0,0.514,0.76
2023-01-01,INP575869,4G,1130,972,MED,1000,HEX26766452DC,124431,23915,68750,120,0,0,225.3,COAX,MID_BAND,1,0.884,0.582
2022-06-13,INP663879,4G,700,892,HIGH,0,HEX5CC50F0247,192603,536,6702,117,25,1,229.5,SAT,MID_BAND,0,0.697,0.608
2025-06-30,INP985273,4G,1995,707,LOW,50,HEX8065F102B0,90545,1517,24247,245,143,1,52.6,COPPER,LOW_BAND,1,0.464,0.483
2022-08-10,INP876830,4G,1494,932,LOW,0,HEX2A94D62748,220830,44279,49847,231,46,0,86.1,FIBER,UNLICENSED,0,0.223,0.433
2023-12-04,INP330640,SATELLITE,1697,935,HIGH,0,HEX951AE55C37,8692,27386,17788,121,23,1,27.1,WIRELESS,MID_BAND,1,0.25,0.366
2021-07-29,INP868347,5G,1540,175,MED,100,HEXE26888C729,245056,3880,55560,146,59,1,208.1,COPPER,LOW_BAND,0,0.235,0.727
2023-10-08,INP944037,4G,1270,846,HIGH,500,HEX2DEB63CFF3,205403,15017,69601,235,142,1,9.8,SAT,C_BAND,0,0.09,0.501
2021-09-15,INP038438,DSL,1142,184,HIGH,50,HEX147C7791B4,6865,49052,37386,160,66,1,21.5,COPPER,C_BAND,1,0.883,0.557
2020-12-12,INP868654,4G,1325,114,MED,0,HEX6A1A72EFCE,56501,10598,66746,28,26,1,171.4,FIBER,LOW_BAND,0,0.489,0.866
2021-09-29,INP152503,DSL,1401,476,MED,2000,HEX7C59A774DB,220828,47775,10613,95,25,1,68.7,FIBER,LOW_BAND,0,0.178,0.39
2024-03-25,INP755502,CABLE,1316,359,LOW,50,HEX98763C49B3,107477,44881,60193,173,89,1,17.4,COPPER,MID_BAND,0,0.542,0.366
2020-11-05,INP886408,CABLE,215,254,LOW,100,HEX6142188530,144724,48511,25819,175,19,0,168.1,SAT,LOW_BAND,0,0.637,0.453
2020-02-07,INP256094,DSL,1521,394,HIGH,0,HEX78BA62051B,26641,3300,62113,233,2,1,108.5,COAX,UNLICENSED,0,0.794,0.848
2025-12-23,INP831450,FIBER,1816,804,HIGH,2000,HEX14A5E67956,30616,39324,24387,116,54,1,59.2,WIRELESS,LOW_BAND,0,0.676,0.645
2021-08-02,INP823177,FIXED_WIRELESS,1901,799,MED,500,HEX305318D74F,43982,47804,18322,55,43,0,179.4,COAX,MMWAVE,0,0.302,0.843
2024-04-10,INP147091,5G,946,431,LOW,1000,HEX4A1281686E,109462,17165,62809,6,6,1,78.4,SAT,UNLICENSED,0,0.511,0.633
2020-03-30,INP257205,FIXED_WIRELESS,1408,622,HIGH,50,HEX63DC92FCBF,30283,43340,21976,123,119,1,82.6,COPPER,C_BAND,1,0.908,0.334
2021-08-17,INP504114,SATELLITE,404,25,LOW,500,HEX1BCFAD7A8B,219786,47656,68241,167,64,0,119.4,COAX,UNLICENSED,0,0.624,0.339
2021-10-22,INP914154,CABLE,865,369,HIGH,1000,HEX19AFE013CD,227322,46305,41075,104,31,1,102.1,FIBER,MID_BAND,0,0.981,0.553
2023-12-14,INP418443,FIXED_WIRELESS,456,504,HIGH,500,HEX19E8B9996F,44196,45724,6207,29,24,1,205.9,WIRELESS,LOW_BAND,0,0.494,0.43
2021-12-04,INP129198,DSL,167,486,HIGH,2000,HEX840D490725,78056,24351,67618,198,85,1,85.6,WIRELESS,MID_BAND,0,0.917,0.678
2021-05-21,INP189261,CABLE,1601,989,MED,0,HEX74DB28EADE,218465,16650,64688,222,107,0,226.2,FIBER,MID_BAND,0,0.406,0.326
2026-01-29,INP352287,SATELLITE,525,330,LOW,0,HEX5303EC98BC,163491,3023,56183,178,169,1,220.5,SAT,UNLICENSED,0,0.63,0.931
2020-05-11,INP576114,5G,1836,197,MED,1000,HEXFE6813F7E7,125862,45377,17836,30,15,0,176.7,FIBER,MID_BAND,1,0.65,0.746
2023-01-12,INP068828,FIXED_WIRELESS,1389,939,LOW,50,HEXB640E1C42C,145399,17743,20355,171,171,1,173.3,COPPER,C_BAND,1,0.601,0.603
2023-12-08,INP791740,CABLE,863,285,LOW,500,HEXC445991304,167298,8797,39332,214,83,0,171.2,SAT,LOW_BAND,0,0.825,0.566
2020-11-07,INP680633,CABLE,381,772,HIGH,500,HEXF0F3669E62,44508,37345,45478,59,14,1,23.5,COAX,LOW_BAND,0,0.625,0.674
2022-02-24,INP606271,4G,1302,884,LOW,100,HEX062B43CA83,62924,16865,27353,120,47,1,239.3,SAT,MMWAVE,0,0.612,0.805
2025-09-10,INP488125,FIXED_WIRELESS,1942,640,LOW,500,HEX5045D95FDA,245852,34279,48918,155,69,0,230.3,FIBER,MID_BAND,0,0.807,0.717
2024-09-24,INP226843,CABLE,947,132,HIGH,500,HEX309948F344,191793,40011,52686,170,96,1,108.5,WIRELESS,UNLICENSED,0,0.579,0.615
2024-07-31,INP748688,FIXED_WIRELESS,1206,57,LOW,2000,HEX4710CC4FBF,27403,22067,51404,122,106,1,108.1,COAX,LOW_BAND,0,0.077,0.802
2024-09-26,INP963628,4G,380,214,MED,1000,HEX3F9A680FE5,238875,1090,43925,200,104,1,176.9,COPPER,MMWAVE,1,0.046,0.869
2022-12-18,INP974475,CABLE,1651,461,LOW,100,HEXFD5FA35B7B,198568,24667,39433,131,18,0,190.2,COPPER,UNLICENSED,0,0.573,0.824
2024-07-25,INP886152,4G,1730,91,LOW,2000,HEX1C7991CA04,241845,33011,48348,37,31,1,131.1,WIRELESS,LOW_BAND,0,0.387,0.586
2020-07-30,INP972326,CABLE,835,525,HIGH,200,HEXBB38A23767,221280,48679,6267,114,112,1,31.2,WIRELESS,C_BAND,1,0.357,0.618
2024-10-19,INP141235,4G,94,526,HIGH,500,HEXE9D47C5443,75279,32927,43815,35,22,0,111.6,WIRELESS,C_BAND,0,0.869,0.964
2022-09-10,INP445221,5G,993,436,MED,100,HEX19541CCA39,15753,2118,6096,146,71,0,199.1,COAX,MMWAVE,0,0.506,0.467
2023-04-04,INP735936,CABLE,513,355,LOW,50,HEXD26FAEA0F4,8076,37396,10312,17,1,0,203.8,SAT,C_BAND,0,0.078,0.714
2025-08-17,INP578901,CABLE,1038,225,HIGH,200,HEXC46447E8C6,128127,43838,7,71,59,0,103.0,WIRELESS,UNLICENSED,0,0.708,0.311
2024-03-07,INP733635,SATELLITE,148,287,HIGH,50,HEXBB02B7ED5D,178865,15857,70127,108,22,0,17.0,FIBER,C_BAND,1,0.876,0.667
2024-03-20,INP044258,CABLE,939,755,HIGH,500,HEX544423940E,229551,44053,21821,234,184,1,126.2,COPPER,C_BAND,0,0.537,0.816
2024-07-22,INP498400,DSL,1891,380,LOW,500,HEXA0554F65D5,249763,40763,69104,198,137,1,42.1,FIBER,MMWAVE,0,0.328,0.905
2020-08-25,INP857699,SATELLITE,778,343,MED,2000,HEX8ED65933D9,82039,34897,74965,23,17,0,191.4,FIBER,MID_BAND,0,0.065,0.478
2024-04-26,INP116831,4G,1255,902,MED,500,HEX7DFDDB1157,51144,19345,11885,22,9,0,22.2,COPPER,LOW_BAND,1,0.641,0.55
2020-08-09,INP930030,FIXED_WIRELESS,1101,95,HIGH,1000,HEX10FB58A57B,186077,28321,31113,191,78,1,221.6,FIBER,UNLICENSED,0,0.184,0.708
2021-08-02,INP469214,4G,178,962,HIGH,1000,HEXC0FEBF690E,233333,46027,69001,162,33,1,62.7,FIBER,MMWAVE,0,0.417,0.647
2021-05-30,INP108361,5G,790,860,HIGH,500,HEXCF0349E105,60896,9119,46097,126,16,0,137.9,WIRELESS,LOW_BAND,0,0.158,0.321
2025-03-12,INP923418,SATELLITE,958,966,LOW,50,HEX915EC5FEC0,244227,9661,67634,102,2,0,11.2,SAT,LOW_BAND,1,0.935,0.426
2020-02-22,INP433448,4G,1253,994,MED,0,HEXB0DAF956B3,25080,25488,43152,160,90,1,33.8,SAT,UNLICENSED,0,0.509,0.652
2024-04-09,INP369680,FIXED_WIRELESS,1359,986,LOW,200,HEXAE29EFCD80,73754,31587,36319,170,114,0,20.1,SAT,UNLICENSED,1,0.509,0.443
2021-05-11,INP778577,4G,513,578,LOW,1000,HEX949C4CBF37,147508,15687,46977,225,23,0,102.3,COPPER,LOW_BAND,0,0.331,0.453
2024-06-01,INP482558,SATELLITE,1542,793,MED,2000,HEXC6A92CF82E,138266,10797,70322,230,0,0,27.9,COPPER,MID_BAND,1,0.21,0.601
2025-09-19,INP547684,FIXED_WIRELESS,1318,512,HIGH,0,HEX9658744595,21300,15142,46846,162,51,1,119.5,COAX,C_BAND,0,0.159,0.647
2025-06-24,INP279067,CABLE,1998,544,MED,1000,HEXEE651B1974,59225,17578,53249,91,40,1,89.7,WIRELESS,C_BAND,0,0.611,0.604
2024-10-14,INP279093,SATELLITE,1685,193,LOW,2000,HEX1CD1B9A2E2,137948,18400,70968,202,190,1,193.1,SAT,MID_BAND,0,0.41,0.334
2025-10-30,INP746988,FIBER,572,13,LOW,50,HEXE81DD73C86,196287,31848,13674,237,88,1,68.3,FIBER,C_BAND,1,0.154,0.571
2024-11-26,INP427961,DSL,108,649,MED,1000,HEX3ED491BBD5,117009,48423,20127,205,128,1,10.8,FIBER,C_BAND,0,0.723,0.886
2022-06-09,INP586485,FIBER,1882,167,MED,50,HEX6396A4B08C,6365,31489,45009,21,21,0,140.7,SAT,LOW_BAND,0,0.065,0.633
2024-02-25,INP056276,DSL,704,215,HIGH,0,HEX6488A3C594,117138,28467,45941,97,40,0,9.4,FIBER,C_BAND,1,0.725,0.482
2022-05-11,INP639444,CABLE,1770,425,HIGH,50,HEXFBD49E7FB4,30005,22660,27591,92,75,1,31.4,FIBER,LOW_BAND,1,0.95,0.744
2025-03-08,INP422920,4G,547,715,HIGH,200,HEX255F5434FA,81507,6241,51577,136,84,0,93.6,COPPER,UNLICENSED,0,0.152,0.894
2026-01-06,INP335865,5G,714,502,HIGH,500,HEX47E160CEC4,168344,7704,25351,105,21,1,185.5,COAX,MMWAVE,1,0.018,0.37
2024-06-28,INP894729,4G,1218,505,HIGH,2000,HEXCBF15550B7,74791,24435,52746,9,1,1,47.9,WIRELESS,LOW_BAND,1,0.46,0.725
2020-05-07,INP601794,5G,1333,281,HIGH,0,HEX769F5A6B1C,152098,15489,72047,197,149,1,100.6,COPPER,C_BAND,0,0.791,0.636
2022-09-10,INP363544,FIXED_WIRELESS,272,141,HIGH,500,HEX3CF3513040,123208,20308,21622,126,81,1,153.7,WIRELESS,MMWAVE,0,0.923,0.516
2024-08-22,INP480650,4G,1582,879,HIGH,0,HEXAEA35AD82D,135154,11410,44919,46,42,1,224.3,WIRELESS,UNLICENSED,0,0.708,0.852
2021-08-02,INP885450,DSL,1386,136,LOW,2000,HEXC1A2DC117A,149295,9617,43666,207,158,0,98.7,COAX,MMWAVE,0,0.629,0.488
2024-03-04,INP716320,SATELLITE,209,821,HIGH,500,HEXACB1678050,145365,42471,70762,25,22,0,111.3,WIRELESS,UNLICENSED,1,0.1,0.837
2023-02-18,INP892619,CABLE,1365,539,LOW,50,HEX3401223638,230780,25879,38152,119,116,1,183.1,FIBER,MMWAVE,0,0.483,0.375
2026-02-04,INP241604,FIXED_WIRELESS,1421,863,LOW,1000,HEX6F708D6048,213864,37637,29146,11,3,0,167.9,WIRELESS,C_BAND,0,0.796,0.477
2024-10-24,INP416439,5G,482,628,HIGH,0,HEX6EC9FBCA32,213977,43385,15006,180,152,1,13.5,SAT,LOW_BAND,0,0.374,0.696
2022-02-08,INP355402,FIBER,1977,345,LOW,0,HEX9A62DF6026,193168,49593,3287,140,130,1,198.2,SAT,LOW_BAND,1,0.843,0.716
2022-03-26,INP732526,SATELLITE,1318,89,LOW,200,HEX53CD7549CB,32512,1703,21354,188,20,1,226.9,FIBER,MID_BAND,0,0.245,0.36
2023-09-15,INP395459,CABLE,1664,781,HIGH,200,HEX1E17006709,19823,8491,33246,232,178,1,82.6,WIRELESS,C_BAND,0,0.232,0.738
2023-08-06,INP245157,FIXED_WIRELESS,946,480,HIGH,200,HEXD044FAB9BA,175689,15281,10489,163,120,0,11.3,COPPER,MID_BAND,1,0.791,0.816
2025-01-22,INP374993,5G,10,314,HIGH,100,HEXED9BFB3115,5620,22341,37946,41,30,1,148.7,SAT,C_BAND,0,0.718,0.506
2025-05-09,INP411494,CABLE,1814,465,MED,100,HEXA552972A38,70849,44584,3241,194,52,0,152.3,COAX,MMWAVE,0,0.349,0.588
2024-11-12,INP355997,FIXED_WIRELESS,148,228,HIGH,50,HEXEC79DEE750,172008,13442,74645,144,104,1,55.9,WIRELESS,UNLICENSED,1,0.745,0.824
2024-12-23,INP070423,DSL,1144,616,MED,50,HEX2C6FA233AC,14101,9378,28268,157,150,0,63.2,WIRELESS,LOW_BAND,0,0.814,0.914
2024-03-27,INP597606,4G,277,200,MED,200,HEX86C9183B0C,226333,17360,33267,135,86,1,119.8,COAX,MID_BAND,1,0.962,0.736
2025-11-01,INP723995,FIBER,673,258,MED,200,HEXC42508F68F,143199,26010,3593,173,46,1,180.6,COPPER,MID_BAND,1,0.888,0.933
2020-05-20,INP909959,DSL,1958,611,HIGH,1000,HEX2C9C2E7DB4,41789,20297,74368,92,52,1,204.4,WIRELESS,UNLICENSED,0,0.3,0.595
2022-08-18,INP115003,4G,94,188,HIGH,200,HEX4A20ABA0B7,78502,24023,35597,17,12,1,124.7,COPPER,LOW_BAND,1,0.888,0.58
2021-06-23,INP837734,4G,1179,463,MED,100,HEX20D67E5BEC,53364,877,48819,129,126,1,59.6,SAT,MID_BAND,0,0.707,0.307
2020-07-19,INP783911,FIXED_WIRELESS,164,279,HIGH,1000,HEX881A05B97F,127217,43863,17332,7,2,1,143.0,FIBER,LOW_BAND,0,0.155,0.799
2023-12-16,INP121588,SATELLITE,1335,876,LOW,2000,HEX752E5FA551,113053,13828,58147,21,9,0,243.4,WIRELESS,C_BAND,0,0.459,0.78
2021-03-29,INP999288,SATELLITE,853,167,MED,50,HEX51E3149FC7,118342,15442,56917,181,118,1,220.5,COAX,C_BAND,1,0.306,0.734
2023-11-04,INP864468,CABLE,985,117,MED,200,HEXCD38A02E0C,71334,34992,2459,164,75,1,117.8,WIRELESS,LOW_BAND,0,0.721,0.692
2020-02-08,INP643242,DSL,840,396,HIGH,2000,HEXFD2420690C,188675,17591,7687,233,25,0,37.2,COPPER,LOW_BAND,0,0.114,0.617
2022-01-16,INP392935,5G,36,904,LOW,1000,HEX14EC358B74,41896,37696,70609,163,62,0,240.7,COAX,UNLICENSED,0,0.415,0.779
2025-05-06,INP703801,FIXED_WIRELESS,1585,939,LOW,1000,HEX4B3503900F,15075,28332,39402,215,116,1,216.2,COAX,C_BAND,1,0.503,0.472
2023-08-23,INP360912,FIXED_WIRELESS,1278,509,HIGH,50,HEXBBB75DF33F,179782,37654,52460,150,4,1,213.4,SAT,MID_BAND,0,0.689,0.42
2025-04-04,INP524275,DSL,514,25,MED,50,HEX43EA0F6124,125189,16613,2836,162,145,1,47.9,WIRELESS,MID_BAND,1,0.23,0.331
2020-10-24,INP318384,FIBER,758,974,MED,100,HEX87CF4F02ED,177474,19605,44680,100,39,1,148.5,COPPER,C_BAND,0,0.856,0.391
2022-08-10,INP589700,DSL,1694,755,MED,0,HEX5BB4FEF9D1,181905,32585,41164,91,63,0,223.6,WIRELESS,MMWAVE,0,0.174,0.655
2021-06-22,INP940714,5G,1755,81,HIGH,1000,HEXDAEB32D061,11388,18950,20164,14,5,0,165.0,SAT,C_BAND,0,0.42,0.607
2020-11-12,INP366495,4G,1577,612,LOW,0,HEX0EC61032D8,146584,6433,70509,152,53,1,199.9,WIRELESS,LOW_BAND,0,0.243,0.661
2024-07-27,INP945356,FIXED_WIRELESS,1916,615,LOW,100,HEXAA6FC82780,249339,10229,63999,40,0,0,245.9,FIBER,C_BAND,0,0.632,0.616
2023-12-11,INP405770,SATELLITE,464,55,MED,500,HEX7EC9F5A548,108413,30241,10411,66,49,1,141.2,WIRELESS,MMWAVE,0,0.723,0.61
2020-10-07,INP834143,FIBER,729,689,HIGH,2000,HEX56F3C8EA3E,4761,47170,4243,34,22,1,240.3,WIRELESS,C_BAND,0,0.214,0.832
2025-05-07,INP426045,FIBER,1222,806,LOW,2000,HEX658A0140FF,76540,22086,42106,6,5,1,85.7,SAT,LOW_BAND,0,0.744,0.325
2022-05-05,INP546251,FIXED_WIRELESS,209,406,LOW,0,HEX3C48C00132,81034,40531,29625,4,3,0,178.5,FIBER,MMWAVE,0,0.566,0.744
2023-07-10,INP943541,FIBER,1078,625,MED,50,HEX22CA0232E4,98091,25050,61354,115,109,0,238.4,COPPER,C_BAND,1,0.369,0.689
2020-06-27,INP815675,FIBER,699,76,MED,200,HEX6BCD32844A,9319,38253,72990,97,24,1,81.7,WIRELESS,MMWAVE,0,0.829,0.859
2023-02-28,INP311725,CABLE,1109,562,MED,50,HEXB37740FDDE,8774,45577,19988,97,86,1,146.9,FIBER,C_BAND,0,0.604,0.471
2024-08-01,INP002978,SATELLITE,1716,767,LOW,2000,HEX19C25FFA24,127954,26817,73426,141,54,1,242.2,COPPER,C_BAND,1,0.093,0.821
2025-10-13,INP199510,CABLE,1897,92,HIGH,1000,HEX351DA47869,72560,3130,50645,116,12,1,204.4,WIRELESS,UNLICENSED,1,0.022,0.372
2023-12-19,INP733174,4G,977,619,MED,2000,HEX0B03F74A9F,118406,243,30103,63,13,0,98.4,SAT,C_BAND,1,0.816,0.579
2023-05-15,INP080174,DSL,1935,71,HIGH,1000,HEX85E61D1F9A,77917,26673,12402,42,20,1,9.6,COAX,LOW_BAND,1,0.441,0.956
2024-06-26,INP435768,SATELLITE,566,525,MED,500,HEX10A61FE77C,117027,31869,29087,167,123,1,226.9,SAT,MID_BAND,0,0.816,0.945
2024-12-24,INP518457,5G,116,42,MED,500,HEX0E44FC5973,61656,43619,68024,77,72,0,246.2,COAX,C_BAND,0,0.229,0.98
2025-05-20,INP702220,5G,123,323,HIGH,1000,HEXC9665BBF9A,120132,15424,13600,116,27,0,217.3,WIRELESS,MID_BAND,1,0.495,0.799
2022-03-14,INP788833,4G,508,860,HIGH,50,HEXDA671BFF43,33102,31562,51185,112,4,1,91.4,SAT,LOW_BAND,0,0.229,0.52
2021-05-28,INP173338,SATELLITE,1264,197,MED,2000,HEX4439B714FA,95034,31850,642,216,59,0,59.5,COPPER,MMWAVE,0,0.982,0.8
2024-06-06,INP379318,4G,122,342,LOW,500,HEXE6001FDAB1,86143,27795,9673,106,9,0,115.0,SAT,C_BAND,0,0.968,0.815
2025-10-07,INP098065,DSL,1351,787,LOW,500,HEXDA690AFEDD,125823,8379,25774,172,55,1,66.1,COAX,UNLICENSED,1,0.676,0.951
2025-03-24,INP929899,4G,868,76,HIGH,50,HEX21F8E031B6,75847,7966,63005,98,8,0,156.9,COPPER,LOW_BAND,1,0.413,0.828
2024-11-22,INP641960,5G,957,449,MED,0,HEXD2CABBAF2E,39607,41619,52732,206,116,0,43.9,SAT,MID_BAND,0,0.26,0.884
2023-08-07,INP811167,CABLE,627,705,HIGH,100,HEXC3EACB61F1,81531,14585,28938,11,6,1,151.3,SAT,LOW_BAND,1,0.5,0.359
2023-09-29,INP336706,FIXED_WIRELESS,1440,915,LOW,2000,HEX7792512B46,62203,30668,22059,29,13,1,181.2,WIRELESS,MMWAVE,0,0.216,0.431
2025-09-14,INP250636,SATELLITE,1958,506,MED,2000,HEX37E99579C1,169189,9571,33404,184,115,1,21.5,FIBER,MMWAVE,0,0.988,0.965
2025-02-10,INP074936,5G,892,111,LOW,50,HEX58B23C85F0,248942,33303,19156,147,42,0,248.6,SAT,MID_BAND,0,0.223,0.927
2021-12-02,INP704750,4G,913,240,HIGH,200,HEXFC452709D8,36604,35702,61598,64,8,1,179.2,WIRELESS,UNLICENSED,0,0.762,0.444
2024-06-08,INP317336,FIBER,47,984,MED,0,HEX01484262B0,110165,703,59217,34,8,1,9.8,SAT,MID_BAND,1,0.904,0.762
2021-08-06,INP861485,FIXED_WIRELESS,1581,591,LOW,2000,HEXF09DB36E66,146816,30883,40048,2,0,1,0.6,COAX,C_BAND,0,0.064,0.313
2021-02-11,INP424052,4G,688,570,LOW,0,HEX5A7496B894,31699,23505,795,81,2,0,241.1,WIRELESS,UNLICENSED,0,0.705,0.368
2022-03-10,INP187366,DSL,1363,817,HIGH,0,HEX5D3774540B,187437,20058,65135,103,22,0,186.6,COPPER,UNLICENSED,0,0.772,0.36
2023-09-12,INP783684,4G,1122,570,HIGH,50,HEX63F49F0E5E,234042,33259,916,180,151,1,209.2,WIRELESS,LOW_BAND,0,0.85,0.514
2021-06-21,INP192936,CABLE,1363,753,MED,500,HEXE0B56579D1,49879,29439,71860,57,1,0,189.7,WIRELESS,MMWAVE,0,0.442,0.473
2021-03-02,INP035989,SATELLITE,961,938,LOW,2000,HEXCEAF2C3B96,2534,33686,25658,69,58,1,187.1,COPPER,UNLICENSED,0,0.888,0.705
2022-07-19,INP094311,DSL,1506,862,HIGH,500,HEXC7ED21E560,205796,14439,27688,133,124,0,220.5,COAX,MID_BAND,0,0.734,0.965
2025-09-28,INP365779,FIXED_WIRELESS,820,718,LOW,0,HEXBE00399FDF,171804,19476,36266,80,59,0,160.7,COAX,C_BAND,1,0.85,0.33
2024-07-08,INP587169,CABLE,1349,242,MED,2000,HEX759B0C45A8,241908,40057,67597,84,80,0,215.6,FIBER,MMWAVE,0,0.704,0.695
2024-10-23,INP384794,FIXED_WIRELESS,1373,821,HIGH,0,HEX68F340DB07,176116,6413,61075,119,49,1,230.3,COPPER,C_BAND,0,0.642,0.302
2025-09-11,INP531175,CABLE,37,246,LOW,200,HEX9928A021F2,215814,44785,51457,80,25,1,59.6,COAX,LOW_BAND,1,0.45,0.481
2020-08-07,INP192404,SATELLITE,685,912,LOW,500,HEX355BF0F067,19805,12750,54800,249,79,1,233.4,COAX,UNLICENSED,1,0.47,0.57
2021-10-17,INP159591,4G,1509,778,LOW,2000,HEX60B12DE83B,7424,23899,50620,75,36,1,173.8,COPPER,LOW_BAND,0,0.371,0.523
2023-10-25,INP509230,FIXED_WIRELESS,1007,791,HIGH,500,HEXC4C326F994,216370,26939,4635,7,2,0,206.2,WIRELESS,UNLICENSED,0,0.661,0.866
2021-08-05,INP949091,FIBER,1165,459,MED,100,HEXA6796F7E15,28762,11314,5068,14,3,0,52.4,COAX,UNLICENSED,1,0.436,0.628
2021-11-01,INP937512,4G,1685,241,HIGH,1000,HEXADB2EC91D3,126429,5573,20921,44,26,1,14.1,SAT,MID_BAND,0,0.511,0.75
2024-12-25,INP717363,4G,1118,553,MED,2000,HEX28262B8BBF,44385,27616,72536,13,4,1,176.0,COAX,UNLICENSED,0,0.137,0.908
2025-07-04,INP484604,5G,1957,276,MED,50,HEXB4D5538B78,141099,17096,1847,113,0,0,174.8,COAX,MMWAVE,1,0.468,0.835
2020-08-04,INP909569,DSL,1127,318,LOW,200,HEX8C2C26BBC4,115200,1759,171,87,25,0,18.8,SAT,MMWAVE,1,0.387,0.795
2026-02-01,INP570863,FIXED_WIRELESS,1995,895,HIGH,2000,HEX5178EECF2A,62948,24450,35396,21,12,0,21.4,SAT,LOW_BAND,0,0.556,0.481
2020-03-21,INP507467,4G,829,502,LOW,100,HEX27AB0D0368,98277,47972,58016,152,97,1,38.1,COAX,MMWAVE,1,0.054,0.972
2021-01-10,INP089048,FIXED_WIRELESS,1147,759,MED,0,HEXB00547AE3A,46539,2147,10735,3,1,0,221.4,COAX,UNLICENSED,0,0.473,0.747
2023-09-29,INP684574,CABLE,531,856,LOW,100,HEX2AAC4A0145,188928,13840,57777,74,5,0,196.8,COAX,LOW_BAND,0,0.995,0.464
2022-07-30,INP877357,SATELLITE,926,393,HIGH,0,HEXBEC085CC79,12670,23800,68283,76,50,1,19.9,COAX,UNLICENSED,0,0.516,0.446
2023-10-14,INP517642,FIBER,1166,637,HIGH,500,HEX625327911B,15377,45949,67905,95,88,0,240.5,COAX,MMWAVE,0,0.897,0.721
2023-08-09,INP580351,4G,439,58,HIGH,200,HEXB34E8E02A6,41096,22686,64925,169,34,1,212.9,COAX,UNLICENSED,0,0.823,0.657
2025-06-06,INP951698,5G,587,486,HIGH,100,HEX987649EF78,66578,44708,62185,203,46,1,107.6,WIRELESS,MID_BAND,0,0.535,0.858
2023-11-10,INP868488,SATELLITE,1893,520,HIGH,1000,HEX9987745474,18659,15440,36390,1,0,0,231.6,COPPER,UNLICENSED,0,0.984,0.587
2020-01-14,INP694639,4G,1200,218,MED,200,HEXE8024F4496,207154,43848,45806,104,15,0,17.7,COAX,MMWAVE,0,0.402,0.787
2022-09-10,INP809463,CABLE,1071,35,MED,50,HEX10B7E30DF2,232484,42635,64495,17,17,1,162.2,COAX,C_BAND,0,0.874,0.589
2020-09-13,INP716264,5G,390,575,MED,500,HEXC061B49886,93204,28377,42743,181,75,1,232.5,COPPER,UNLICENSED,0,0.176,0.396
2021-12-02,INP955409,5G,1960,633,MED,200,HEX9B848EFDF7,9938,21517,20200,11,3,1,55.2,COPPER,UNLICENSED,0,0.867,0.618
2021-11-17,INP210895,CABLE,269,811,MED,2000,HEXB82FBC2276,8117,47341,31876,38,0,1,228.2,WIRELESS,UNLICENSED,1,0.269,0.969
2020-01-30,INP462263,5G,1554,779,HIGH,1000,HEX53E2F2CD7B,10081,3665,33382,84,27,1,89.2,SAT,MMWAVE,1,0.942,0.835
2022-06-22,INP761588,FIBER,649,731,LOW,2000,HEX4CF55E8BB3,152241,29482,60051,166,9,1,26.2,WIRELESS,UNLICENSED,0,0.954,0.548
2024-09-21,INP683623,5G,1799,356,MED,500,HEX0F4AEB6B3B,163972,4623,21369,72,69,0,88.2,WIRELESS,MMWAVE,1,0.659,0.592
2021-10-24,INP269558,DSL,873,286,LOW,200,HEX6A931F0D38,182377,7689,31630,184,129,1,216.8,WIRELESS,MID_BAND,0,0.248,0.593
2020-08-06,INP387050,FIBER,759,843,LOW,50,HEX7D360A72C1,84063,24967,47948,155,110,0,92.1,SAT,C_BAND,0,0.495,0.692
2024-02-28,INP903826,DSL,1163,732,HIGH,0,HEX745EDE89FB,34836,48435,48099,36,3,0,223.6,SAT,UNLICENSED,1,0.759,0.572
2023-07-07,INP006129,FIXED_WIRELESS,614,732,MED,100,HEX2C0C2ACE70,192035,35843,18546,76,7,1,182.2,COPPER,MID_BAND,0,0.092,0.416
2023-03-11,INP827127,DSL,603,664,LOW,500,HEX42BDE5D275,149445,4006,3527,72,61,0,63.4,COPPER,MID_BAND,0,0.325,0.581
2020-12-19,INP559723,4G,487,273,HIGH,1000,HEX513C9BE662,63209,19028,16832,29,24,1,6.7,COPPER,UNLICENSED,1,0.696,0.441
2020-12-08,INP902851,SATELLITE,1957,621,LOW,500,HEX88166C219A,228266,38672,4731,131,39,1,54.4,COAX,MMWAVE,0,0.727,0.78
2021-01-20,INP417864,CABLE,1905,733,HIGH,0,HEXE1D3899EC7,9875,21040,3954,28,7,0,195.5,FIBER,MID_BAND,1,0.799,0.709
2024-10-26,INP042573,5G,1475,512,MED,100,HEXC2BA216B10,51839,43393,65203,245,164,1,19.4,FIBER,C_BAND,0,0.69,0.603
2020-05-06,INP975370,FIXED_WIRELESS,1791,477,LOW,0,HEX5969D6A3BF,65464,14299,60452,15,0,1,185.6,COAX,UNLICENSED,0,0.781,0.7
2020-09-26,INP204222,FIBER,1646,775,MED,100,HEXEC4E883E27,157728,47986,682,215,147,1,35.7,COAX,UNLICENSED,0,0.141,0.558
2023-10-15,INP739161,SATELLITE,1965,435,LOW,50,HEXE82C68E876,147980,41609,25232,37,15,1,8.3,COPPER,MMWAVE,1,0.364,0.515
2024-09-20,INP824470,DSL,1015,790,LOW,50,HEX0375276154,134946,6778,14536,191,68,1,20.1,WIRELESS,MID_BAND,0,0.707,0.791
2024-04-02,INP805139,5G,416,903,MED,0,HEX196BC5B4FE,46493,48596,52197,128,63,1,188.3,COPPER,MMWAVE,0,0.989,0.857
2022-03-23,INP272623,SATELLITE,735,695,MED,2000,HEX60FD1FA272,58314,34253,49336,204,150,1,66.9,COPPER,LOW_BAND,0,0.727,0.829
2022-04-30,INP355689,CABLE,1725,700,HIGH,200,HEX0C30B96E58,18753,12384,53983,205,177,0,214.1,FIBER,MID_BAND,1,0.528,0.474
2023-01-19,INP174404,5G,1007,955,HIGH,100,HEXB9E1C954B6,86824,19246,18112,213,21,0,187.9,WIRELESS,C_BAND,0,0.13,0.537
2025-08-12,INP004988,4G,1780,73,HIGH,200,HEX349CB52516,56299,36097,29878,210,41,1,227.4,SAT,UNLICENSED,0,0.091,0.959
2020-07-08,INP044916,SATELLITE,591,656,HIGH,100,HEX7FB3DDCF44,183699,18901,22771,160,62,1,87.8,COPPER,UNLICENSED,1,0.213,0.417
2025-12-30,INP878655,4G,436,54,LOW,200,HEXE6AF7D58EB,17473,34385,61439,245,9,0,130.5,SAT,C_BAND,1,0.722,0.301
2021-05-09,INP140923,4G,177,996,LOW,500,HEXD3C7C2CD7F,213710,43942,67656,234,139,0,191.4,COPPER,MID_BAND,0,0.722,0.633
2023-04-12,INP587405,FIBER,1305,155,MED,50,HEX2E2CB80FC6,150381,38374,7917,157,104,0,103.1,FIBER,MID_BAND,0,0.361,0.796
2022-04-12,INP525944,FIXED_WIRELESS,1562,850,HIGH,500,HEX21BD3F7DBD,6050,29295,6113,207,62,1,194.2,SAT,UNLICENSED,0,0.417,0.792
2024-11-15,INP792087,4G,81,589,HIGH,50,HEX442B6B8DE2,107938,22781,7768,218,121,0,168.4,COAX,C_BAND,0,0.442,0.595
2024-06-06,INP327554,SATELLITE,565,515,MED,500,HEX5DC35222F6,59683,3823,28404,32,24,0,226.0,COAX,MID_BAND,0,0.371,0.606
2022-09-16,INP097947,CABLE,1598,783,LOW,1000,HEX6565A46715,146771,13114,63201,194,162,0,245.9,FIBER,C_BAND,0,0.88,0.576
2024-07-29,INP621422,DSL,1101,971,MED,1000,HEX6CC32CD3A2,197347,37993,27249,26,1,1,57.5,WIRELESS,LOW_BAND,1,0.693,0.515
2022-04-30,INP282421,5G,412,704,LOW,1000,HEXAE885AF2AE,164585,828,35308,118,28,1,148.2,COAX,LOW_BAND,0,0.421,0.755
2026-01-22,INP096283,CABLE,1500,856,HIGH,50,HEX17BC7A6032,216482,29511,25980,165,154,1,132.4,SAT,MID_BAND,1,0.962,0.663
2022-05-24,INP652494,4G,1386,535,LOW,1000,HEX3B02959AFC,204809,5288,3912,32,21,1,109.1,SAT,MMWAVE,0,0.767,0.578
2025-02-17,INP224025,4G,1099,443,LOW,50,HEX859E082272,27543,21315,46198,144,102,1,169.3,COAX,MID_BAND,0,0.986,0.457
2022-11-19,INP692253,4G,595,429,MED,200,HEXCA37830B1A,193516,30653,26741,97,85,1,170.8,COPPER,C_BAND,0,0.657,0.618
2022-01-31,INP172522,FIBER,882,688,MED,0,HEXC90086BBB3,225644,48882,20218,105,39,1,188.9,SAT,UNLICENSED,0,0.198,0.624
2024-01-03,INP662440,5G,1272,691,LOW,500,HEX316ECA5F14,197429,32167,32364,183,69,1,240.3,COAX,C_BAND,0,0.793,0.775
2022-08-15,INP578779,CABLE,277,518,HIGH,0,HEXA65F87C471,139086,49391,70745,128,60,0,68.5,COAX,C_BAND,1,0.819,0.651
2022-05-27,INP537025,SATELLITE,1330,610,HIGH,200,HEX4CF2E4D589,46848,7346,24466,209,26,0,97.3,COPPER,UNLICENSED,0,0.005,0.677
2022-05-08,INP336302,5G,130,222,MED,200,HEX446E1B112C,12107,49450,31161,186,147,0,101.4,COAX,C_BAND,0,0.409,0.647
2020-10-14,INP690733,SATELLITE,463,225,LOW,100,HEX28BA0D850D,44369,38412,44398,201,123,1,129.8,FIBER,LOW_BAND,1,0.856,0.859
2025-03-22,INP059539,5G,195,617,MED,500,HEX9936C5E59A,194406,38870,29178,213,147,1,109.6,SAT,MMWAVE,0,0.492,0.633
2026-01-05,INP039521,5G,1950,986,HIGH,1000,HEXFDF0EB91F3,213565,9207,9728,195,49,1,88.4,COPPER,LOW_BAND,0,0.942,0.832
2022-12-22,INP009280,FIXED_WIRELESS,1025,376,HIGH,500,HEX527861BEFE,207329,48539,17210,184,8,0,229.2,WIRELESS,UNLICENSED,0,0.371,0.351
2023-07-26,INP401506,SATELLITE,177,925,LOW,1000,HEXBDBCD99305,153517,48859,66580,196,126,0,228.8,FIBER,MMWAVE,0,0.221,0.846
2023-10-28,INP656798,5G,51,907,HIGH,1000,HEX61CD04021C,221369,14231,55337,1,0,1,68.7,FIBER,UNLICENSED,0,0.253,0.816
2024-07-25,INP887641,FIBER,1657,798,HIGH,2000,HEX3654E069CB,217721,32866,4552,105,105,1,236.2,COAX,C_BAND,0,0.594,0.452
2026-02-15,INP936419,FIBER,634,151,HIGH,500,HEXA45EF7653C,140394,18851,59524,103,96,1,21.6,SAT,C_BAND,1,0.096,0.947
2023-03-16,INP456196,FIXED_WIRELESS,1833,536,MED,500,HEXE2CA2CF1C6,202017,47130,70797,102,55,1,47.6,SAT,UNLICENSED,1,0.808,0.576
2026-02-24,INP567461,CABLE,785,166,MED,1000,HEX7A015EF3B2,39286,17925,23502,246,51,1,85.5,WIRELESS,LOW_BAND,1,0.321,0.877
2023-06-19,INP684190,5G,317,13,HIGH,100,HEXEE5C314E09,217901,40873,30138,73,19,1,31.9,FIBER,LOW_BAND,0,0.883,0.936
2023-01-14,INP982189,4G,1645,81,MED,2000,HEX0EE73BC3D7,219252,31569,71302,38,19,1,37.3,FIBER,MMWAVE,0,0.147,0.364
2025-07-08,INP656701,FIBER,1976,48,HIGH,500,HEX6D26F89CCA,95297,33025,62058,115,36,0,217.8,COPPER,MMWAVE,1,0.702,0.647
2025-12-23,INP179813,4G,390,136,HIGH,100,HEX31EFAC85F4,96319,15099,72616,188,134,1,240.6,COPPER,LOW_BAND,0,0.441,0.626
2024-04-04,INP975592,4G,1436,852,HIGH,200,HEX1A073ADB65,50197,6732,48682,198,192,0,99.2,FIBER,LOW_BAND,0,0.296,0.92
2020-12-02,INP292618,FIBER,578,949,MED,100,HEX2C9E57431C,223375,31380,12672,207,31,0,90.7,COPPER,MID_BAND,0,0.785,0.944
2021-11-05,INP684077,5G,1306,314,LOW,100,HEX495BBDBAB8,24701,31205,67074,103,6,0,249.0,COPPER,LOW_BAND,0,0.591,0.644
2022-11-11,INP249542,5G,102,980,LOW,50,HEX123940E07A,82340,47961,68860,55,51,1,115.9,WIRELESS,MMWAVE,0,0.496,0.304
2020-03-14,INP238930,4G,1990,465,MED,1000,HEX2D82D2A81D,56212,32993,54439,221,137,1,139.0,COAX,MMWAVE,1,0.261,0.845
2022-04-23,INP102769,FIXED_WIRELESS,1177,175,HIGH,2000,HEX06A6E8F13A,69869,13473,44571,133,70,0,249.9,FIBER,LOW_BAND,0,0.658,0.977
2024-11-08,INP312187,FIXED_WIRELESS,1151,703,LOW,200,HEXC08B36A816,89117,37970,45824,236,92,0,205.1,COAX,UNLICENSED,0,0.167,0.73
2025-08-08,INP511749,FIXED_WIRELESS,699,595,MED,50,HEX778753C63C,23909,31819,33664,152,18,0,55.2,SAT,LOW_BAND,0,0.652,0.852
2022-01-03,INP441266,FIXED_WIRELESS,1749,420,LOW,100,HEXD01314F423,66328,32728,20484,194,19,1,146.3,FIBER,LOW_BAND,1,0.726,0.956
2021-02-02,INP838887,FIBER,648,864,HIGH,2000,HEXA91F78E699,121555,43667,30299,99,57,1,9.3,WIRELESS,LOW_BAND,1,0.181,0.434
2022-01-12,INP421375,FIXED_WIRELESS,334,922,MED,100,HEX97AC5E73C7,2364,7768,15156,174,85,1,154.7,WIRELESS,MMWAVE,1,0.808,0.804
2024-08-21,INP094356,5G,1322,708,HIGH,200,HEXC0C59356FD,214896,38742,38449,212,54,0,229.0,WIRELESS,C_BAND,1,0.496,0.416
2022-04-02,INP134488,SATELLITE,816,832,MED,1000,HEX57B6494715,165220,48383,31275,70,56,0,215.9,FIBER,MID_BAND,1,0.775,0.467
2025-07-21,INP165285,FIXED_WIRELESS,654,904,LOW,1000,HEX9507D4D0F8,98698,15045,69742,55,12,0,93.1,WIRELESS,UNLICENSED,1,0.722,0.383
2024-07-25,INP637098,FIBER,982,231,MED,50,HEX0C45B62F40,27595,3007,18501,104,46,1,217.4,WIRELESS,UNLICENSED,0,0.202,0.501
2024-06-04,INP462979,5G,894,768,LOW,50,HEX3D27D9719C,186284,49670,37182,209,208,1,219.3,FIBER,MID_BAND,0,0.436,0.633
2025-12-24,INP183392,FIXED_WIRELESS,984,584,HIGH,200,HEX333D6435D5,185525,31002,69219,151,53,0,5.9,COAX,MID_BAND,0,0.186,0.622
2024-07-10,INP844446,4G,1119,701,LOW,50,HEX93BED92749,154706,34138,39006,245,172,1,184.2,COPPER,MID_BAND,0,0.935,0.608
2023-10-01,INP959400,5G,1553,419,HIGH,100,HEX10600738A7,192062,17622,67146,248,50,0,57.2,SAT,C_BAND,0,0.433,0.898
2023-03-12,INP602211,FIBER,1268,15,LOW,0,HEXD8D3A6F3F6,195589,34030,42679,191,159,1,66.9,COAX,C_BAND,0,0.551,0.755
2023-07-16,INP950990,4G,1827,385,MED,0,HEXDD29C153E0,34664,39783,52717,97,25,1,239.9,COPPER,MID_BAND,0,0.964,0.543
2020-01-14,INP905582,5G,1733,66,LOW,1000,HEX7E02F938E0,77100,8390,26277,20,17,1,9.9,WIRELESS,UNLICENSED,1,0.909,0.508
2021-05-24,INP702993,SATELLITE,599,730,MED,50,HEXE5C773CF2D,86878,41817,42915,60,33,0,93.8,FIBER,UNLICENSED,1,0.145,0.768
2025-10-11,INP842139,SATELLITE,713,194,MED,100,HEXAACCA1E93E,32988,37695,55472,186,186,0,155.2,COAX,C_BAND,0,0.453,0.371
2023-10-18,INP072551,4G,1741,338,HIGH,0,HEX82464357D9,95163,22719,46176,153,53,1,83.3,SAT,LOW_BAND,0,0.508,0.791
2021-09-16,INP473744,FIXED_WIRELESS,566,386,HIGH,2000,HEX24B28249C7,123691,40350,5051,4,3,1,71.4,COAX,C_BAND,0,0.284,0.874
2024-08-31,INP427841,4G,1164,354,MED,1000,HEXD159502779,207917,1364,49231,77,15,0,227.8,COPPER,MMWAVE,1,0.483,0.549
2020-09-14,INP989621,4G,1687,55,LOW,100,HEX458C595DEC,32750,27784,73170,244,169,1,93.4,WIRELESS,MMWAVE,0,0.054,0.866
2023-12-29,INP738504,4G,114,305,LOW,0,HEX755752A993,146248,25147,6058,199,157,0,60.8,FIBER,MMWAVE,1,0.576,0.965
2025-10-21,INP956003,5G,1571,570,LOW,500,HEX11D2240BAB,185996,14230,74798,110,31,1,10.8,FIBER,MID_BAND,0,0.636,0.658
2020-09-14,INP565295,5G,1558,427,MED,200,HEX6B4D203814,195235,26526,57011,74,61,1,182.0,WIRELESS,C_BAND,1,0.03,0.62
2022-03-06,INP777542,SATELLITE,1617,671,MED,500,HEX1B7D492671,244887,16858,50334,208,156,1,198.3,SAT,C_BAND,1,0.81,0.528
2024-11-25,INP461296,5G,1635,602,LOW,2000,HEX896C96AC1E,173852,35243,23863,214,35,0,197.7,COPPER,MID_BAND,1,0.56,0.395
2020-08-02,INP224529,4G,1468,70,LOW,500,HEX6EBFF73EC5,101436,44989,42670,172,115,0,163.0,COAX,MMWAVE,0,0.562,0.301
2023-12-15,INP381376,CABLE,1318,266,HIGH,100,HEX363751F5EC,47049,2772,8054,74,19,1,171.3,WIRELESS,MMWAVE,1,0.715,0.897
2021-07-16,INP036093,4G,54,828,MED,200,HEX513E801432,49207,46502,73748,128,121,0,102.8,COPPER,MID_BAND,0,0.672,0.777
2020-07-14,INP712049,4G,1649,522,HIGH,0,HEXB702985EAD,77956,38035,53271,92,79,0,83.6,COPPER,MMWAVE,1,0.18,0.725
2024-10-24,INP012398,FIBER,649,969,LOW,1000,HEX7BB5360CEF,29004,26309,72058,150,116,1,200.9,COPPER,MMWAVE,1,0.998,0.465
2021-09-26,INP026420,FIXED_WIRELESS,880,426,MED,200,HEXD231658627,87468,22175,19633,107,58,0,223.6,COPPER,MMWAVE,0,0.473,0.34
2025-02-05,INP710998,4G,1900,452,HIGH,200,HEX095FCF18D7,180895,39244,26556,207,46,0,91.4,COPPER,UNLICENSED,0,0.76,0.934
2020-03-09,INP635779,5G,1793,433,MED,200,HEXDE93DB322A,108572,49143,69248,200,85,0,171.1,FIBER,UNLICENSED,1,0.721,0.51
2020-09-22,INP335706,DSL,592,405,MED,1000,HEX3F335B547D,1259,37856,70812,230,72,1,192.8,COAX,MID_BAND,0,0.449,0.741
2021-08-23,INP048741,DSL,708,725,HIGH,2000,HEX98ACDEA977,220849,35328,49035,97,67,1,94.8,WIRELESS,C_BAND,1,0.604,0.641
2022-08-27,INP972700,CABLE,1486,376,HIGH,0,HEXC983A73E47,136587,39463,33777,185,76,1,87.7,COAX,C_BAND,0,0.979,0.53
2022-04-09,INP930493,CABLE,23,595,MED,200,HEX208A6AB79D,108154,1708,16865,250,238,0,164.5,FIBER,LOW_BAND,0,0.513,0.897
2021-04-26,INP069285,FIBER,1217,290,HIGH,0,HEXD17032BA85,221751,43799,68666,118,59,0,212.8,FIBER,LOW_BAND,1,0.589,0.393
2024-04-28,INP581546,4G,1238,935,MED,100,HEX6F7AF5B919,44340,9784,4839,90,15,0,92.2,COPPER,UNLICENSED,0,0.663,0.85
2025-12-13,INP763034,4G,554,905,HIGH,500,HEX675121B47F,131342,29565,31294,95,78,0,166.7,COAX,UNLICENSED,1,0.537,0.557
2025-04-07,INP711002,4G,788,918,MED,200,HEXA16799F933,10349,13951,10001,62,48,0,139.3,FIBER,C_BAND,0,0.53,0.656
2025-05-09,INP328160,SATELLITE,1393,288,HIGH,200,HEX48186D9457,150075,10826,16716,35,14,1,161.3,SAT,MMWAVE,1,0.933,0.847
2023-02-08,INP684860,CABLE,1987,498,HIGH,1000,HEX77D1412445,92182,16229,65916,236,178,1,172.5,WIRELESS,C_BAND,1,0.588,0.921
2025-02-24,INP165715,5G,774,466,HIGH,100,HEXF293966D70,137038,35199,41343,83,2,1,189.8,COPPER,UNLICENSED,0,0.273,0.853
2020-09-04,INP702875,CABLE,1284,202,MED,100,HEXD2E0DC8E99,246408,40792,14892,54,9,0,215.7,SAT,MID_BAND,0,0.971,0.521
2025-12-05,INP356134,5G,396,311,MED,100,HEX6ADD4EA64F,238681,21190,37202,106,20,1,44.6,FIBER,MID_BAND,1,0.251,0.569
2021-11-25,INP122487,DSL,1374,307,LOW,100,HEX6EECED4AB0,13796,16373,74800,134,19,1,144.6,COAX,LOW_BAND,0,0.337,0.351
2020-12-15,INP701213,FIBER,794,531,LOW,500,HEX54D8F51336,192079,808,18412,132,87,0,149.4,FIBER,C_BAND,0,0.697,0.907
2021-04-22,INP466755,4G,684,186,HIGH,2000,HEX42191AA299,132562,7399,38036,28,9,1,21.2,SAT,C_BAND,0,0.397,0.698
2022-02-15,INP521301,DSL,1690,732,LOW,0,HEX7E2984498F,102999,26427,47708,159,76,1,172.8,COPPER,MMWAVE,1,0.799,0.386
2024-04-28,INP469993,CABLE,1431,659,HIGH,0,HEXFF321AE105,36517,14269,13414,91,51,0,133.5,COPPER,MID_BAND,1,0.543,0.945
2020-02-20,INP717721,FIXED_WIRELESS,986,858,LOW,1000,HEX3C023DC436,210173,2579,58744,121,49,1,193.2,SAT,MID_BAND,0,0.634,0.756
2026-01-01,INP478793,SATELLITE,1445,902,MED,200,HEXD175CD0330,207954,24272,9573,4,4,0,123.4,COPPER,C_BAND,0,0.804,0.395
2023-02-06,INP138489,SATELLITE,1384,217,HIGH,50,HEX7DCFB38B3A,211509,36132,22185,203,130,0,227.0,COPPER,MID_BAND,0,0.459,0.749
2025-10-14,INP087018,CABLE,1860,941,MED,2000,HEXA1953DBA9A,171103,12528,41779,63,39,0,180.0,COAX,LOW_BAND,0,0.983,0.988
2020-01-14,INP437572,CABLE,1358,596,HIGH,500,HEXC6C78B6C3E,213325,21322,46976,18,8,0,185.0,COAX,MID_BAND,1,0.371,0.53
2021-02-16,INP181030,CABLE,207,600,MED,50,HEXA5EBE06413,226091,28107,30065,102,96,1,151.4,COAX,LOW_BAND,1,0.491,0.643
2021-08-06,INP124787,FIXED_WIRELESS,1788,988,LOW,1000,HEX3FA3D187ED,214411,40769,74737,192,58,1,215.2,WIRELESS,C_BAND,0,0.954,0.383
2021-10-22,INP435288,DSL,154,94,MED,500,HEXD3F1086F06,201524,21910,34002,172,6,1,203.5,SAT,LOW_BAND,0,0.019,0.786
2023-05-04,INP530000,DSL,633,82,HIGH,100,HEX0108F1A77C,50716,12040,8418,72,72,0,119.7,FIBER,MID_BAND,0,0.963,0.493
2023-06-29,INP627310,CABLE,145,896,LOW,2000,HEX0D004335F7,80050,8726,6202,184,120,0,249.6,COPPER,MID_BAND,0,0.357,0.821
2025-03-16,INP103778,SATELLITE,1835,781,HIGH,500,HEX8BED777518,122323,43010,10021,32,13,0,21.2,SAT,MID_BAND,0,0.643,0.852
2020-06-19,INP240353,4G,1036,424,HIGH,2000,HEXDACD318A7F,172812,26393,40854,186,173,1,156.7,FIBER,C_BAND,0,0.805,0.652
2022-02-28,INP919623,DSL,77,375,MED,2000,HEX4332194F35,110725,29890,1105,35,3,0,240.9,FIBER,C_BAND,1,0.559,0.493
2020-08-13,INP636332,CABLE,556,294,LOW,200,HEXCEBA7B88F9,230328,10796,17750,249,249,0,190.6,FIBER,LOW_BAND,0,0.14,0.76
2023-02-09,INP073701,DSL,614,417,LOW,1000,HEX7A80F1EFF8,107678,31685,10724,133,107,1,68.5,WIRELESS,MID_BAND,0,0.301,0.954
2025-07-31,INP025410,FIBER,1038,479,MED,2000,HEX035CBA3C72,220729,24655,55462,197,135,0,153.5,WIRELESS,C_BAND,0,0.811,0.341
2022-05-25,INP607298,FIXED_WIRELESS,1288,614,HIGH,500,HEXE94D27481E,50739,3878,12221,130,109,0,72.2,COPPER,MID_BAND,1,0.264,0.547
2024-04-01,INP807130,5G,982,63,LOW,50,HEX4E73D56A4F,208628,45142,43332,53,24,1,23.0,COPPER,MID_BAND,1,0.822,0.478
2020-09-29,INP189600,FIBER,517,759,MED,1000,HEX900D2F42DC,115250,42859,32026,191,93,0,140.2,COPPER,C_BAND,0,0.12,0.874
2021-03-21,INP937562,DSL,856,816,HIGH,0,HEX8D53CF5F62,168575,40951,48332,15,3,1,153.1,COAX,LOW_BAND,1,0.192,0.434
2024-02-26,INP585697,4G,692,901,HIGH,50,HEX800C5DB89E,165769,29560,27763,92,33,0,205.6,COPPER,C_BAND,1,0.704,0.627
2025-06-24,INP429525,FIBER,636,442,MED,2000,HEX06688246FA,95960,23921,27248,127,118,0,196.3,SAT,C_BAND,0,0.865,0.751
2024-04-04,INP011824,5G,748,264,MED,1000,HEX36169FDD2A,66788,30718,4073,112,72,1,238.1,COAX,LOW_BAND,0,0.297,0.386
2024-06-02,INP723626,4G,1601,603,MED,50,HEXA9E44285A3,24304,32727,34681,145,106,0,84.2,COAX,UNLICENSED,0,0.896,0.791
2023-12-21,INP878177,FIXED_WIRELESS,1463,900,MED,1000,HEXBA2B822AE2,157708,13675,51660,220,170,0,119.1,FIBER,MMWAVE,0,0.816,0.79
2023-02-07,INP929330,SATELLITE,783,241,HIGH,0,HEXFF5FBC890C,77033,44510,44369,150,91,1,236.6,SAT,MID_BAND,0,0.931,0.59
2025-05-26,INP716329,DSL,1689,659,MED,50,HEXB27F9C91F1,3624,9040,49722,0,0,1,189.2,FIBER,C_BAND,1,0.628,0.473
2025-11-07,INP386378,DSL,1801,513,LOW,100,HEXE710288170,212810,37247,47363,13,7,0,210.4,WIRELESS,MMWAVE,0,0.905,0.373
2021-06-17,INP698203,CABLE,115,920,LOW,1000,HEXBAF9DB86B0,15912,30937,19758,44,1,0,157.1,FIBER,MID_BAND,0,0.121,0.703
2023-02-17,INP329657,DSL,490,219,LOW,2000,HEX59C9BF15C0,44369,12885,1803,209,141,1,14.4,WIRELESS,LOW_BAND,0,0.283,0.346
2023-10-09,INP097120,FIXED_WIRELESS,1061,645,HIGH,200,HEX75B758F05C,80102,21971,5648,75,56,1,62.2,WIRELESS,UNLICENSED,1,0.393,0.607
2025-08-16,INP435171,CABLE,1634,995,LOW,1000,HEX8C50F461E4,51193,19391,26370,219,146,0,26.8,WIRELESS,MMWAVE,1,0.034,0.684
2024-09-14,INP578683,CABLE,924,282,HIGH,0,HEXF16C6AF417,62405,42802,58984,137,81,1,118.3,FIBER,MID_BAND,1,0.213,0.882
2024-11-01,INP736518,DSL,1927,454,HIGH,0,HEX400A35CD5C,47275,28318,18292,193,12,0,193.4,COPPER,MID_BAND,0,0.208,0.536
2025-07-25,INP138991,DSL,19,32,HIGH,2000,HEX5AD5952456,5669,452,70733,200,185,0,218.9,COAX,MMWAVE,0,0.213,0.751
2020-07-08,INP622909,DSL,1693,657,MED,100,HEXA286E4E9DD,210923,28913,3619,188,127,0,106.7,FIBER,MMWAVE,1,0.377,0.874
2022-09-08,INP249770,5G,1362,504,MED,100,HEX381BDE3E72,21297,23447,62653,181,125,0,208.1,COAX,C_BAND,0,0.833,0.602
2021-05-14,INP525401,SATELLITE,750,908,LOW,1000,HEX11B876BA2A,36244,13431,28678,147,134,0,204.3,COPPER,LOW_BAND,1,0.785,0.31
2021-05-18,INP296079,CABLE,1900,804,MED,200,HEX7C1DA1FA60,83245,27373,71834,150,59,0,223.0,WIRELESS,C_BAND,0,0.653,0.639
2025-01-17,INP733444,CABLE,994,408,LOW,500,HEX50AED26552,129215,23839,8129,73,73,0,129.9,SAT,MID_BAND,0,0.501,0.987
2025-04-01,INP371006,CABLE,1427,46,MED,500,HEX2D7AA6A067,80529,27189,56595,51,37,1,40.7,FIBER,C_BAND,1,0.194,0.675
2022-02-16,INP982881,FIBER,1650,894,HIGH,100,HEXA648575B59,27852,22518,9806,70,24,1,114.5,COAX,C_BAND,0,0.954,0.446
2020-10-25,INP998157,FIBER,1354,252,MED,100,HEXFFE6EA3DB9,186777,48794,70411,111,85,1,116.1,SAT,MID_BAND,1,0.683,0.924
2021-05-17,INP679794,CABLE,1772,439,HIGH,100,HEXA6F96EE46D,219786,7662,63602,247,151,1,108.6,SAT,UNLICENSED,0,0.049,0.861
2020-01-17,INP198407,4G,1621,640,MED,2000,HEXBA208A2E1D,96269,41742,9860,146,10,0,224.8,WIRELESS,MID_BAND,0,0.816,0.799
2024-09-04,INP610346,DSL,1242,222,HIGH,100,HEX0232238F00,130134,20570,41073,241,218,0,131.9,COAX,LOW_BAND,0,0.894,0.342
2023-03-05,INP519020,4G,1239,222,HIGH,2000,HEX3209F9C040,243736,13252,11277,6,4,1,121.2,SAT,MID_BAND,1,0.329,0.776
2021-06-13,INP746243,FIXED_WIRELESS,824,71,MED,50,HEX77358171E6,28222,22255,32383,148,55,0,144.4,COPPER,UNLICENSED,1,0.463,0.335
2021-07-22,INP939088,DSL,1313,260,HIGH,0,HEX67D89E8EC7,56918,46193,74051,17,4,0,151.0,FIBER,MID_BAND,0,0.112,0.714
2021-08-29,INP932634,FIBER,1953,299,LOW,0,HEXC1F22DBDB5,23789,3005,505,183,70,0,47.6,COAX,MID_BAND,0,0.29,0.445
2021-10-18,INP757521,5G,1900,729,LOW,1000,HEX0A2E7B328D,133478,29231,71482,81,61,1,150.5,COPPER,MID_BAND,0,0.372,0.327
2020-06-27,INP586293,4G,1772,439,HIGH,200,HEXEE45678470,76336,17971,55201,163,55,1,178.0,WIRELESS,C_BAND,0,0.972,0.762
2025-12-04,INP280242,FIBER,963,325,MED,50,HEX5F1F5CD796,184953,37114,47307,233,148,1,197.3,FIBER,LOW_BAND,0,0.641,0.831
2022-07-25,INP743187,SATELLITE,534,657,LOW,0,HEX02F2145EAD,52394,29698,17099,58,31,1,11.5,FIBER,C_BAND,1,0.43,0.448
2022-01-27,INP645241,SATELLITE,302,129,LOW,500,HEXC5C4F32951,177108,43715,40057,145,100,0,139.3,FIBER,MMWAVE,0,0.677,0.761
2023-09-07,INP105529,CABLE,1549,515,MED,200,HEXA0F724669B,58690,28274,638,174,144,0,52.7,WIRELESS,UNLICENSED,1,0.682,0.546
2020-03-08,INP531745,5G,387,391,MED,500,HEXC2CC5B23FB,231702,27057,70817,209,183,0,41.6,FIBER,C_BAND,0,0.192,0.764
2022-09-13,INP228430,FIBER,1929,984,MED,500,HEXB68FD688CB,182794,34195,61718,241,157,0,68.1,COAX,UNLICENSED,0,0.255,0.313
2022-10-03,INP676935,FIXED_WIRELESS,1283,729,MED,200,HEXC34088B313,7750,7949,51778,148,48,1,105.3,FIBER,MID_BAND,0,0.79,0.44
2025-07-15,INP676680,4G,1805,166,LOW,2000,HEX061C202953,243816,12769,31767,208,101,0,171.5,FIBER,C_BAND,0,0.594,0.422
2021-11-18,INP411541,5G,240,192,HIGH,100,HEX9EF1C75EB0,183779,373,13788,167,148,0,188.0,FIBER,MMWAVE,0,0.343,0.962
2022-05-20,INP812329,5G,1779,527,MED,0,HEX5147617AEB,119040,707,17481,123,18,1,46.8,FIBER,C_BAND,1,0.623,0.753
2025-10-29,INP089265,FIBER,376,862,LOW,50,HEX1A059B2B82,193445,49422,45914,47,45,1,40.2,COPPER,LOW_BAND,0,0.088,0.377
2024-11-23,INP432592,FIXED_WIRELESS,1021,700,LOW,0,HEXB171CF7D8B,157210,462,23529,81,12,1,126.9,COAX,MID_BAND,0,0.234,0.311
2021-12-01,INP050693,4G,1765,28,MED,1000,HEX0C18C057C0,68515,32886,41931,41,35,1,232.3,WIRELESS,LOW_BAND,1,0.497,0.473
2025-01-25,INP600620,FIXED_WIRELESS,814,284,HIGH,100,HEXD585B0722A,116548,15884,18028,140,47,0,29.6,SAT,MID_BAND,1,0.361,0.362
2021-10-07,INP010885,FIBER,1824,637,HIGH,0,HEX520517B4FC,188985,5814,60409,12,10,1,135.3,WIRELESS,UNLICENSED,0,0.51,0.58
2022-03-10,INP608720,4G,1362,623,LOW,100,HEXA813F89E1C,221884,17981,43944,178,104,1,173.9,WIRELESS,MMWAVE,0,0.071,0.894
2021-06-13,INP230457,FIXED_WIRELESS,874,318,MED,0,HEXE7FC0EA84F,60793,20010,59259,129,41,1,164.3,COAX,MID_BAND,0,0.059,0.933
2022-01-17,INP555735,DSL,949,985,LOW,500,HEX9F3BBEA2E0,214298,40134,31808,147,128,1,106.0,SAT,UNLICENSED,1,0.384,0.668
2022-12-27,INP145273,4G,720,139,HIGH,50,HEX988A6C23FD,218193,15379,40860,229,0,0,157.8,FIBER,LOW_BAND,0,0.194,0.486
2020-08-30,INP161362,4G,713,186,MED,50,HEX6C86E37445,188352,7680,40171,52,17,0,233.5,FIBER,LOW_BAND,1,0.34,0.914
2022-12-21,INP254270,SATELLITE,1098,740,MED,50,HEXDC68E191E4,129243,42053,22759,230,64,0,72.2,SAT,UNLICENSED,0,0.991,0.42
2024-12-11,INP736654,5G,1331,588,LOW,100,HEX307C4FAC34,232089,37279,23255,234,175,0,12.4,WIRELESS,UNLICENSED,1,0.324,0.436
2020-11-08,INP051429,4G,989,552,HIGH,1000,HEXD6230D1466,193537,48722,51020,29,23,1,202.3,SAT,MMWAVE,1,0.446,0.514
2021-02-23,INP818095,4G,1297,42,MED,100,HEX01C750120B,50572,5334,54436,11,0,0,190.4,COPPER,MMWAVE,1,0.928,0.728
2024-08-29,INP795219,FIBER,1144,405,LOW,100,HEXB945D9C9DC,119161,33112,34244,41,2,0,161.9,COAX,LOW_BAND,1,0.27,0.478
2020-02-26,INP624289,FIBER,1481,367,HIGH,100,HEX2BDBB97576,235221,49382,64196,179,155,1,148.3,FIBER,C_BAND,1,0.478,0.624
2025-12-29,INP824036,FIBER,765,605,LOW,500,HEX4A104D9F5C,195030,1665,17480,135,91,0,158.2,SAT,MMWAVE,0,0.015,0.726
2022-05-16,INP369393,FIBER,1642,180,LOW,0,HEX146A6D410C,224529,18181,45250,149,75,1,87.4,SAT,MID_BAND,1,0.374,0.532
2023-02-06,INP644750,FIXED_WIRELESS,1490,920,MED,1000,HEXEC5E7D8BBB,197084,10139,43287,19,5,1,82.9,SAT,C_BAND,0,0.793,0.884
2020-07-29,INP043114,5G,1309,934,LOW,500,HEX4AD6E397A9,245754,36945,6912,36,3,0,166.3,COAX,C_BAND,1,0.001,0.687
2021-01-02,INP379247,FIXED_WIRELESS,1830,332,LOW,2000,HEXB5B3FD6324,18934,20466,17149,185,111,0,5.6,FIBER,UNLICENSED,0,0.022,0.846
2022-04-17,INP240551,DSL,1077,188,HIGH,200,HEXEFE3384B97,211381,25204,6326,62,12,0,184.5,COPPER,LOW_BAND,0,0.374,0.494
2025-12-07,INP626801,FIBER,1301,624,LOW,0,HEX3E8BA19E7F,244766,27079,65361,240,117,0,113.8,WIRELESS,C_BAND,0,0.456,0.515
2023-11-28,INP260291,CABLE,1660,886,HIGH,100,HEX3CB106353D,141364,40518,17733,49,44,1,163.3,FIBER,MID_BAND,0,0.745,0.348
2025-10-31,INP370030,DSL,1648,819,MED,0,HEX641A1D4861,245935,27529,37440,143,62,0,63.9,COPPER,MMWAVE,0,0.835,0.699
2022-10-17,INP050589,CABLE,353,687,LOW,50,HEX3CF8371524,201436,36656,11092,151,150,0,75.2,SAT,C_BAND,0,0.384,0.8
2020-10-02,INP772839,CABLE,895,262,MED,50,HEX3901542ED8,130396,35280,47903,84,32,1,2.5,FIBER,UNLICENSED,0,0.762,0.713
2023-11-20,INP716397,SATELLITE,1400,776,LOW,200,HEX7CFEBEB0BA,121460,31690,4253,212,162,1,67.6,WIRELESS,LOW_BAND,0,0.106,0.367
2023-05-05,INP046873,CABLE,726,497,MED,2000,HEX25ABBA3286,180662,32907,44361,235,23,0,170.1,WIRELESS,MMWAVE,0,0.508,0.54
2025-04-01,INP138604,SATELLITE,1202,917,MED,0,HEX96B6609516,226892,4702,28715,53,37,1,246.0,COPPER,MID_BAND,1,0.371,0.352
2021-08-31,INP360196,FIXED_WIRELESS,1860,586,MED,2000,HEXB4DB6747C8,159494,26761,25978,21,18,1,56.3,COAX,MID_BAND,0,0.051,0.789
2024-05-11,INP581787,FIXED_WIRELESS,522,141,LOW,0,HEXF249B07319,150097,32925,55738,62,29,0,163.0,SAT,C_BAND,0,0.226,0.568
2024-09-16,INP710142,4G,732,507,MED,100,HEX6B2941CEDB,57408,48791,20885,120,26,1,188.1,COAX,UNLICENSED,1,0.444,0.897
2024-04-09,INP271778,FIBER,247,575,HIGH,1000,HEXC03F0DDAB5,175139,27071,18184,169,17,0,50.1,FIBER,LOW_BAND,1,0.93,0.647
2020-11-17,INP470964,FIXED_WIRELESS,478,406,HIGH,1000,HEXF42136D940,53204,44818,64400,156,12,0,167.0,SAT,C_BAND,0,0.031,0.455
2024-01-19,INP261761,CABLE,1524,356,LOW,2000,HEXBF571A0CC3,97271,26398,65709,116,71,1,197.5,COPPER,MMWAVE,1,0.284,0.889
2023-04-11,INP765179,DSL,1049,519,LOW,0,HEXE1197693B6,92787,28866,54254,214,88,1,225.6,COPPER,MID_BAND,0,0.805,0.567
2023-09-04,INP675889,SATELLITE,634,580,MED,500,HEXC3DDB57C66,189723,15578,71084,137,111,1,85.1,FIBER,UNLICENSED,0,0.697,0.71
2024-06-27,INP751269,5G,1574,378,HIGH,2000,HEX3CE942761C,176491,15056,53708,8,8,1,10.6,WIRELESS,MID_BAND,1,0.14,0.923
2022-07-04,INP975591,5G,1879,596,HIGH,200,HEX67F7F37443,235333,24597,47395,107,61,1,160.2,SAT,LOW_BAND,1,0.659,0.525
2023-03-21,INP885402,5G,932,211,HIGH,50,HEX1499B5FEA7,63699,47099,6563,193,90,1,125.8,SAT,LOW_BAND,1,0.161,0.447
2021-01-22,INP151843,FIXED_WIRELESS,1602,525,LOW,1000,HEX05001415CC,3906,2679,3352,18,18,0,241.6,FIBER,MMWAVE,1,0.506,0.521
2024-05-26,INP472342,FIXED_WIRELESS,1552,591,LOW,2000,HEX9F84395978,38104,7157,26362,245,3,1,31.6,SAT,C_BAND,0,0.71,0.547
2020-10-04,INP195076,5G,1541,19,HIGH,100,HEX291299B9B3,202770,9143,32362,142,138,0,169.9,WIRELESS,MMWAVE,0,0.036,0.737
2021-11-08,INP859888,5G,1953,856,MED,0,HEXA9D7374B38,134333,12881,53407,61,10,0,142.2,COPPER,UNLICENSED,0,0.819,0.787
2022-01-08,INP335843,CABLE,1155,86,HIGH,100,HEX13D1765D67,19236,38857,17903,180,170,0,151.8,FIBER,MID_BAND,1,0.156,0.969
2024-12-23,INP340571,4G,1722,18,LOW,200,HEX0781D2C7E6,90049,49194,60992,16,6,0,70.6,WIRELESS,MMWAVE,0,0.698,0.365
2023-06-20,INP347379,CABLE,1398,835,HIGH,500,HEX2D26D9FBD5,27822,49931,13503,209,28,1,108.3,COPPER,MID_BAND,0,0.344,0.521
2024-10-18,INP249604,5G,1743,549,LOW,500,HEX88319450C5,112783,3383,32587,235,160,1,186.4,COAX,MMWAVE,1,0.241,0.443
2026-01-22,INP526817,FIXED_WIRELESS,119,352,LOW,100,HEXDDBDFA680A,211289,10891,35303,173,37,1,94.5,SAT,MMWAVE,0,0.715,0.775
2024-03-27,INP547471,DSL,1305,485,LOW,50,HEXA5F7CCB61F,50100,8051,20318,45,36,0,22.8,COPPER,MID_BAND,1,0.754,0.301
2024-05-23,INP125805,CABLE,709,381,MED,0,HEXD95EEE1C03,105970,14723,3668,51,10,1,107.9,COPPER,C_BAND,0,0.871,0.306
2025-01-03,INP579318,SATELLITE,1206,735,MED,1000,HEX23CC06D686,164368,13783,39066,112,49,1,170.1,SAT,MID_BAND,1,0.577,0.887
2026-02-07,INP457639,4G,447,407,LOW,0,HEX63D407BF2C,62265,13597,53113,79,77,1,206.4,COAX,MMWAVE,1,0.081,0.362
2022-09-08,INP262909,FIBER,1470,978,HIGH,0,HEX6362C24D44,1197,34958,43422,116,78,0,213.4,WIRELESS,MID_BAND,1,0.575,0.352
2021-03-02,INP655039,FIXED_WIRELESS,1540,49,HIGH,1000,HEXC2606014A3,217898,41563,13887,232,210,0,222.8,COPPER,C_BAND,1,0.964,0.587
2025-07-06,INP529828,FIBER,891,362,LOW,2000,HEX2A238344D7,210281,4434,2006,175,118,0,154.2,COAX,LOW_BAND,1,0.661,0.318
2023-11-18,INP678405,DSL,1914,232,HIGH,50,HEXC717C5B19C,145309,45547,21736,74,74,1,1.6,COPPER,UNLICENSED,0,0.9,0.35
2022-01-11,INP059314,FIXED_WIRELESS,1131,8,LOW,2000,HEX292FDC73B4,241158,39330,8304,59,56,0,59.8,COPPER,MID_BAND,0,0.742,0.416
2022-10-23,INP687229,CABLE,106,781,HIGH,2000,HEX3A5394D858,50589,14730,3447,133,105,0,205.3,COAX,UNLICENSED,0,0.246,0.388
2020-07-10,INP583089,SATELLITE,1760,512,HIGH,0,HEX5058E72004,67911,30836,30343,145,27,0,118.0,WIRELESS,C_BAND,0,0.01,0.438
2022-11-15,INP358695,CABLE,1390,960,MED,2000,HEX34466026BC,223637,30799,34513,26,4,1,26.6,FIBER,MID_BAND,0,0.594,0.646
2021-09-22,INP387652,CABLE,452,599,LOW,2000,HEX5629B772E6,76435,36629,6726,55,42,0,107.0,WIRELESS,MMWAVE,0,0.46,0.403
2020-10-01,INP223268,SATELLITE,481,779,HIGH,50,HEX0FC592BD0A,91129,12334,23703,153,143,0,219.9,COAX,LOW_BAND,1,0.254,0.859
2025-06-25,INP839246,4G,930,881,MED,0,HEX49996895CF,88683,37680,62819,242,115,1,96.4,FIBER,MID_BAND,0,0.251,0.537
2022-04-22,INP949700,5G,1537,25,MED,2000,HEX1AF59437B2,27782,44872,65910,169,129,1,113.6,FIBER,MMWAVE,0,0.576,0.37
2023-08-04,INP514300,SATELLITE,1769,344,MED,500,HEXE6E12572D8,38136,38459,15423,42,31,0,156.0,SAT,UNLICENSED,0,0.649,0.478
2020-09-19,INP646273,SATELLITE,1604,347,MED,50,HEX73B476159F,6214,32312,16155,111,96,0,64.0,SAT,LOW_BAND,1,0.305,0.303
2023-01-18,INP044179,FIBER,1498,437,MED,2000,HEX0C926B28A5,208125,20021,20167,116,26,0,64.8,SAT,MMWAVE,0,0.741,0.403
2024-03-15,INP189414,4G,1697,903,MED,100,HEX7F8DDBFF3A,238995,4386,7843,214,179,1,243.5,COPPER,C_BAND,0,0.59,0.849
2025-07-22,INP451471,CABLE,1911,234,HIGH,0,HEX4F26C01E66,130052,30464,46153,37,30,0,0.3,FIBER,MID_BAND,0,0.576,0.788
2025-04-03,INP147347,CABLE,375,718,MED,50,HEX99048A7B72,227152,11006,57462,8,2,0,78.1,FIBER,MMWAVE,0,0.991,0.696
2023-07-28,INP592430,CABLE,796,831,MED,500,HEX2AA60B1BB0,213660,12109,51494,233,16,1,7.6,SAT,MMWAVE,1,0.865,0.407
2020-08-15,INP873492,FIBER,674,244,HIGH,1000,HEX22F1DF45BF,131723,48851,56929,233,18,1,166.4,COAX,UNLICENSED,0,0.24,0.967
2020-05-11,INP941274,SATELLITE,1560,962,HIGH,500,HEX65D2117F55,130975,550,47732,246,244,1,236.6,FIBER,UNLICENSED,0,0.493,0.851
2023-03-30,INP073658,4G,1128,608,MED,1000,HEX2E89D360A5,91159,4122,47999,22,15,0,237.9,WIRELESS,C_BAND,1,0.585,0.627
2025-11-03,INP230941,5G,1788,262,MED,500,HEXAA97B1F614,99251,5042,41922,38,27,0,62.2,COPPER,MID_BAND,0,0.791,0.923
2025-01-15,INP060915,FIBER,353,601,HIGH,200,HEX184C8EA3CF,145676,43648,15648,207,34,0,128.9,WIRELESS,UNLICENSED,1,0.728,0.66
2020-03-15,INP355836,SATELLITE,95,564,LOW,100,HEX03B0F8BBE5,249241,46543,29013,87,82,1,205.9,WIRELESS,UNLICENSED,0,0.635,0.963
2022-08-24,INP907548,4G,163,169,MED,200,HEXFDC21BB583,204271,10400,6759,117,104,0,155.5,SAT,C_BAND,0,0.69,0.522
2020-11-02,INP838120,5G,541,767,MED,100,HEX6A7E165DEA,55833,1487,37409,250,147,0,212.4,COAX,MID_BAND,0,0.57,0.82
2023-04-05,INP633517,SATELLITE,1807,335,LOW,2000,HEXECD0FFEF87,67261,6162,24425,105,12,0,167.4,SAT,C_BAND,0,0.932,0.55
2022-10-26,INP335035,SATELLITE,512,324,LOW,500,HEX34D42A8588,155036,11271,1989,110,78,1,95.3,COPPER,MID_BAND,0,0.915,0.586
2021-08-04,INP941250,DSL,972,353,LOW,100,HEX13BBFFA78B,249789,2144,21102,231,200,0,212.6,COPPER,UNLICENSED,1,0.861,0.643
2020-04-19,INP453913,5G,1180,298,MED,200,HEX3531EAB903,249479,15619,16213,211,135,1,165.8,WIRELESS,MMWAVE,0,0.637,0.913
2024-09-24,INP692467,4G,1907,104,LOW,1000,HEXD4883786CA,117669,30721,62348,201,158,0,161.2,COPPER,C_BAND,1,0.325,0.708
2021-06-15,INP118441,FIXED_WIRELESS,526,375,MED,1000,HEX521C851E44,9634,14894,49605,48,33,1,206.8,SAT,MMWAVE,0,0.505,0.505
2020-03-05,INP772366,SATELLITE,1590,578,LOW,100,HEXAC4C06BB39,138446,22304,31633,33,3,1,243.3,COAX,C_BAND,0,0.852,0.792
2025-04-26,INP527446,FIBER,1074,784,HIGH,500,HEXC36EDD5BC5,206331,38389,17703,180,16,1,140.2,WIRELESS,MID_BAND,1,0.633,0.963
2020-07-30,INP022444,DSL,1044,942,HIGH,200,HEXE5C997717A,40791,8856,2664,11,8,0,31.0,FIBER,LOW_BAND,0,0.178,0.864
2024-08-31,INP533333,CABLE,1785,601,LOW,500,HEXB7ACF0804F,135463,45523,63405,230,46,1,164.8,WIRELESS,C_BAND,0,0.721,0.706
2024-06-02,INP471258,CABLE,245,472,LOW,500,HEX7B1AD4C336,98316,44270,58654,174,123,1,53.3,COPPER,MMWAVE,0,0.769,0.667
2025-05-28,INP320264,FIBER,535,6,MED,200,HEX1EAD0C1A90,221321,17314,51685,100,90,0,151.1,WIRELESS,C_BAND,0,0.794,0.92
2021-01-04,INP471734,4G,1668,255,HIGH,0,HEX353ED9BE57,193418,24887,64175,52,20,0,118.7,SAT,LOW_BAND,0,0.661,0.421
2022-07-06,INP624394,4G,1986,967,LOW,50,HEXA19A9AA3C6,226109,28927,43744,100,89,1,55.9,FIBER,UNLICENSED,1,0.63,0.877
2024-05-29,INP849033,4G,1905,125,LOW,100,HEXA608DFCD04,238919,32861,14168,23,6,0,91.1,COPPER,MMWAVE,0,0.994,0.735
2024-08-29,INP319875,SATELLITE,1544,562,MED,200,HEX7B549B0129,159137,25177,12595,83,37,0,45.9,WIRELESS,LOW_BAND,1,0.127,0.471
2021-03-05,INP215184,DSL,141,260,MED,2000,HEX881712914B,169883,24537,8273,184,151,1,103.5,FIBER,MMWAVE,0,0.988,0.552
2021-10-03,INP163155,4G,62,895,MED,50,HEX0AC8D2EC52,224334,28759,69095,156,127,1,181.6,COPPER,C_BAND,0,0.599,0.583
2025-06-07,INP946844,4G,747,333,LOW,200,HEXAE3CE185A8,13375,35379,62938,80,51,0,204.7,COAX,LOW_BAND,0,0.338,0.377
2020-02-19,INP300956,FIXED_WIRELESS,1006,613,MED,2000,HEXF4697CBF6D,206494,41549,38755,99,97,1,234.0,COPPER,C_BAND,0,0.443,0.813
2024-07-30,INP914817,4G,891,946,LOW,500,HEX1E5273E745,85207,10786,15113,153,74,1,227.1,FIBER,C_BAND,0,0.752,0.318
2025-05-12,INP864529,FIXED_WIRELESS,933,246,MED,200,HEX08B51874F3,114752,23910,26867,157,112,0,131.9,SAT,MMWAVE,0,0.506,0.711
2023-11-19,INP984276,CABLE,1974,273,MED,2000,HEXBE16D55474,115473,41956,20684,20,4,1,68.7,WIRELESS,MMWAVE,0,0.902,0.35
2020-11-29,INP978435,4G,1111,873,LOW,50,HEXBD0CE504B7,100058,21108,72158,93,36,1,182.4,FIBER,UNLICENSED,1,0.303,0.428
2024-08-01,INP168116,DSL,1930,909,LOW,2000,HEXF635CE5F5E,153937,43944,71001,5,4,1,202.7,SAT,MID_BAND,0,0.12,0.578
2020-01-01,INP557346,SATELLITE,309,801,HIGH,2000,HEX73D60E79DB,227946,28661,50439,105,3,0,164.4,WIRELESS,UNLICENSED,0,0.93,0.973
2020-08-14,INP629641,FIXED_WIRELESS,331,972,HIGH,1000,HEXFC01E9BB25,118108,33868,20753,88,37,1,4.1,SAT,C_BAND,0,0.738,0.593
2021-05-10,INP042577,5G,915,173,MED,2000,HEXA8B9D8AFA4,130220,21583,41343,195,51,0,201.6,COAX,MID_BAND,0,0.339,0.732
2021-08-04,INP426377,FIBER,725,89,LOW,2000,HEX0971216370,244617,12003,63373,221,133,0,56.3,SAT,UNLICENSED,0,0.112,0.975
2021-11-29,INP321284,DSL,1169,41,HIGH,100,HEX808A8F6E81,116641,10609,26076,137,101,1,166.7,FIBER,MMWAVE,0,0.371,0.944
2023-12-28,INP429728,CABLE,1942,767,HIGH,1000,HEXE7A5005DBA,193801,32911,71843,16,0,0,228.0,COAX,UNLICENSED,0,0.211,0.634
2023-04-10,INP776002,FIBER,43,817,MED,0,HEX5CBE4360A6,178897,7509,11270,87,81,1,95.7,WIRELESS,LOW_BAND,1,0.285,0.786
2024-12-09,INP630835,FIBER,1953,661,HIGH,500,HEX2A0D9AE694,63937,21760,57290,166,89,0,213.1,SAT,LOW_BAND,0,0.225,0.752
2022-05-14,INP544833,SATELLITE,1886,766,LOW,200,HEX0B31C4A24A,205870,40145,53342,102,89,1,151.9,FIBER,LOW_BAND,1,0.212,0.926
2026-02-25,INP078785,4G,864,512,HIGH,50,HEXD109179871,216673,911,65678,247,29,0,242.4,SAT,UNLICENSED,1,0.893,0.459
2026-02-12,INP266531,CABLE,676,272,MED,200,HEXF532562686,202423,10603,46485,237,127,0,159.8,COAX,MMWAVE,1,0.037,0.341
2025-09-01,INP644227,5G,1025,101,MED,0,HEXE2FD4E4160,69944,17202,13734,94,23,1,71.1,COAX,UNLICENSED,0,0.143,0.923
2024-08-23,INP729268,5G,1819,122,LOW,1000,HEXD848D29CC7,156273,25701,42632,188,42,1,43.6,WIRELESS,MMWAVE,1,0.802,0.494
2021-05-10,INP327274,FIBER,399,365,LOW,100,HEX25682FBD34,32712,45084,47197,88,9,0,144.0,COAX,C_BAND,0,0.871,0.734
2021-08-02,INP833950,CABLE,1335,902,HIGH,50,HEXB77234B297,245944,6902,32536,38,26,1,112.9,COPPER,MID_BAND,0,0.125,0.609
2024-10-25,INP446978,SATELLITE,1309,869,MED,2000,HEX6FA74AF493,19616,13189,54667,125,44,0,123.8,WIRELESS,MMWAVE,0,0.709,0.716
2020-01-19,INP934445,5G,392,37,LOW,0,HEX6EB3170303,178912,34996,29046,48,12,1,79.9,FIBER,UNLICENSED,1,0.398,0.493
2020-02-16,INP145882,SATELLITE,1723,714,HIGH,500,HEXA5314EE981,127557,16126,34090,207,22,0,145.0,FIBER,LOW_BAND,0,0.775,0.308
2024-09-17,INP823039,FIXED_WIRELESS,1879,673,LOW,2000,HEX2D7A2EF1CF,38882,27935,13015,241,202,0,84.5,WIRELESS,MID_BAND,1,0.529,0.323
2023-08-16,INP888463,4G,1269,910,HIGH,0,HEX0F75D66E08,110272,36198,12182,195,100,0,202.4,COPPER,LOW_BAND,1,0.443,0.456
2022-03-13,INP064975,DSL,1277,15,HIGH,50,HEX00DB66002A,75091,32272,37410,131,83,0,112.3,SAT,UNLICENSED,0,0.616,0.344
2021-11-20,INP458917,DSL,364,143,HIGH,200,HEXA2C419D3AD,78026,32066,48211,74,30,0,126.6,WIRELESS,C_BAND,0,0.268,0.677
2020-08-23,INP468197,DSL,828,425,HIGH,2000,HEX875FAA4E88,95099,2535,1784,223,189,1,116.3,FIBER,UNLICENSED,0,0.732,0.38
2021-08-16,INP087797,FIBER,589,202,LOW,50,HEX1CA9411619,52901,13683,42844,47,0,0,108.8,COPPER,MMWAVE,1,0.567,0.353
2024-05-07,INP713821,FIBER,609,58,HIGH,50,HEX307B1C47B0,200361,7217,47445,7,1,0,177.5,FIBER,C_BAND,0,0.441,0.858
2024-01-06,INP142507,DSL,750,191,MED,0,HEX3F22E8C716,86098,48659,55499,5,1,1,42.1,COPPER,C_BAND,0,0.44,0.498
2023-05-17,INP530317,5G,1407,644,HIGH,2000,HEXDBA5618F8B,221738,34347,15118,102,93,0,62.5,WIRELESS,LOW_BAND,1,0.957,0.365
2022-11-23,INP121759,CABLE,1988,431,MED,50,HEX1A31BEE49E,179385,26861,52728,152,82,1,236.0,FIBER,UNLICENSED,0,0.74,0.303
2022-11-07,INP019048,FIBER,955,34,MED,0,HEX3E1A78DA8D,23528,29823,21277,7,3,0,117.6,WIRELESS,C_BAND,0,0.422,0.308
2020-09-17,INP568992,DSL,1609,413,HIGH,0,HEXBD8FD1644B,79918,43305,9137,214,31,1,249.6,COAX,C_BAND,0,0.943,0.4
2025-12-03,INP128688,DSL,1530,80,LOW,200,HEXE408F95A52,73658,45183,55387,100,40,1,211.4,WIRELESS,C_BAND,0,0.325,0.825
2022-08-14,INP048534,5G,672,666,MED,0,HEX1E7FAEA46E,63964,41467,13786,193,175,1,124.2,SAT,LOW_BAND,0,0.536,0.698
2023-08-08,INP431859,CABLE,228,717,HIGH,100,HEXAFA7D343FD,225039,39892,61446,63,55,0,119.6,FIBER,MMWAVE,0,0.36,0.877
2024-01-26,INP808773,CABLE,18,819,HIGH,50,HEX71B898B409,44842,37005,2784,83,45,1,87.7,SAT,MID_BAND,0,0.531,0.608
2021-09-19,INP353286,DSL,599,83,MED,1000,HEX19D0BBEDC2,128417,33606,3398,130,13,1,199.8,FIBER,LOW_BAND,1,0.668,0.381
2023-09-22,INP681812,FIBER,389,342,MED,200,HEX75DB3DFE12,121215,45829,15221,245,66,1,70.0,COPPER,MMWAVE,0,0.495,0.399
2023-07-16,INP624291,CABLE,1489,159,LOW,500,HEX409E4581B4,90252,3303,43160,145,34,0,211.8,COAX,MID_BAND,0,0.904,0.857
2020-01-09,INP853864,SATELLITE,1649,995,HIGH,500,HEX34C77528A6,179024,4682,16732,149,38,1,80.3,FIBER,LOW_BAND,1,0.207,0.374
2025-05-01,INP337084,SATELLITE,581,982,HIGH,2000,HEXC4B13D2320,127402,16336,68645,192,82,0,215.1,WIRELESS,LOW_BAND,0,0.757,0.796
2023-05-31,INP281499,SATELLITE,1808,455,HIGH,50,HEX723F6F82A8,162313,39063,27412,114,8,1,156.2,FIBER,MMWAVE,0,0.302,0.793
2026-02-08,INP572042,4G,906,914,HIGH,2000,HEX31330442D5,8671,28811,63999,225,3,1,228.5,COAX,C_BAND,0,0.508,0.39
2022-04-17,INP951156,5G,376,583,HIGH,1000,HEX3F0EB87982,89789,33780,63743,188,90,1,17.7,COAX,MMWAVE,0,0.1,0.91
2022-08-19,INP207348,FIBER,1330,916,HIGH,1000,HEX6C31C1611F,87633,22082,28864,6,4,1,51.5,FIBER,MID_BAND,1,0.057,0.636
2020-11-12,INP909462,FIXED_WIRELESS,209,835,HIGH,500,HEX200F527C6D,118141,45401,39134,32,19,1,67.7,WIRELESS,MID_BAND,1,0.879,0.935
2020-09-05,INP798563,DSL,797,831,MED,500,HEXA2DFEB058A,159186,1487,30691,80,41,1,244.6,FIBER,UNLICENSED,0,0.802,0.967
2024-08-24,INP589233,4G,924,766,HIGH,1000,HEX81B4F050F5,22761,24242,42707,107,61,0,70.3,SAT,MID_BAND,1,0.729,0.746
2023-07-18,INP652902,CABLE,1779,647,LOW,100,HEXD5A0A014CF,94701,20272,68045,65,0,0,3.6,COAX,LOW_BAND,1,0.713,0.476
2024-01-09,INP245275,FIXED_WIRELESS,728,179,MED,200,HEX0F89D6270F,139526,2590,61671,154,84,0,22.5,SAT,LOW_BAND,1,0.892,0.847
2024-04-22,INP363515,SATELLITE,56,320,LOW,0,HEX50DE17164F,127428,47299,50761,224,48,0,208.3,FIBER,LOW_BAND,0,0.893,0.836
2021-10-02,INP714413,FIXED_WIRELESS,214,428,HIGH,100,HEXE494CA9C44,247301,43534,71072,58,11,1,193.2,FIBER,MID_BAND,0,0.633,0.488
2023-02-16,INP795774,4G,674,593,LOW,1000,HEXDE48EF00A6,223515,49855,71357,65,51,1,242.6,SAT,MID_BAND,0,0.289,0.812
2025-08-22,INP409746,4G,1659,493,MED,2000,HEX49E703D59D,119665,8035,55503,32,28,1,108.9,WIRELESS,MMWAVE,0,0.95,0.82
2020-11-30,INP568181,SATELLITE,1357,669,HIGH,50,HEX169DD85C79,7357,41179,49121,216,167,1,196.6,SAT,MMWAVE,0,0.662,0.89
2024-12-29,INP448108,5G,1745,484,LOW,50,HEXFFBB5F44AC,181896,40828,70546,82,58,0,33.2,WIRELESS,MID_BAND,0,0.95,0.484
2023-01-07,INP377638,5G,1388,424,LOW,50,HEXDBF0E5FEFC,180285,29446,21043,120,118,0,32.9,COPPER,MMWAVE,0,0.327,0.65
2025-08-01,INP075291,4G,883,841,MED,0,HEX3EC8C27A48,168645,39325,37417,50,44,1,14.3,WIRELESS,UNLICENSED,0,0.802,0.598
2022-07-06,INP484514,FIXED_WIRELESS,599,582,LOW,500,HEX13A90D7295,26480,25440,9693,89,54,0,132.6,WIRELESS,UNLICENSED,0,0.208,0.63
2020-07-07,INP002837,FIBER,299,218,MED,100,HEX3D6D2C910B,176854,37828,46197,232,156,0,29.7,COPPER,UNLICENSED,0,0.421,0.481
2022-10-09,INP011450,FIXED_WIRELESS,1883,370,HIGH,100,HEX112CD9EFF9,101365,28326,56716,165,148,1,54.4,COAX,MID_BAND,0,0.208,0.632
2023-03-21,INP852272,4G,1136,650,MED,0,HEXB0F27CA173,20061,26281,20759,91,5,0,82.6,COPPER,MID_BAND,0,0.617,0.401
2023-06-04,INP672435,FIXED_WIRELESS,1571,729,MED,500,HEXEBE8DD1286,43948,33189,63909,122,32,1,134.7,SAT,LOW_BAND,1,0.018,0.562
2021-11-08,INP589317,FIBER,1533,329,MED,50,HEX18244B0C92,203816,18338,32683,201,176,1,14.2,COPPER,MMWAVE,0,0.529,0.369
2024-06-08,INP230539,4G,172,36,LOW,1000,HEX546DF1300B,17697,43521,60446,70,24,1,237.8,COAX,MMWAVE,0,0.802,0.989
2020-01-28,INP119984,FIXED_WIRELESS,446,246,HIGH,200,HEXCA1E0AF961,209926,36149,20717,235,221,1,181.5,COAX,LOW_BAND,0,0.416,0.444
2024-04-10,INP385909,CABLE,1761,92,MED,50,HEX5BDD1DB0CF,89356,3446,10866,228,80,0,230.7,FIBER,UNLICENSED,0,0.611,0.929
2024-07-22,INP094618,5G,571,820,MED,200,HEX96D48E655D,44839,11761,40581,102,33,0,96.8,COAX,UNLICENSED,0,0.11,0.803
2025-07-08,INP321544,5G,247,312,HIGH,500,HEXD10F017C5E,11520,36481,22335,102,62,0,95.5,COAX,LOW_BAND,1,0.734,0.363
2023-05-09,INP921921,FIXED_WIRELESS,1021,814,HIGH,0,HEX805051786C,46841,26916,66826,64,56,1,35.9,FIBER,MMWAVE,0,0.665,0.38
2021-09-05,INP894354,FIBER,100,444,HIGH,0,HEXE357A3BC6B,179589,3104,41010,64,15,0,195.9,COAX,LOW_BAND,1,0.494,0.31
2025-02-15,INP397508,FIXED_WIRELESS,1143,261,LOW,500,HEX4571AE7062,24706,39591,20882,204,45,0,58.3,SAT,LOW_BAND,1,0.011,0.738
2021-09-10,INP119765,DSL,875,981,MED,100,HEXC0892C5944,122481,41159,51259,151,136,0,135.0,FIBER,MID_BAND,0,0.165,0.821
2021-06-12,INP020050,CABLE,1015,848,HIGH,0,HEXCDD20AB735,88855,40570,46103,226,226,0,79.6,WIRELESS,MMWAVE,0,0.753,0.601
2024-08-20,INP158953,5G,1538,202,MED,2000,HEXF25F67EC92,229375,18081,47131,11,8,0,228.4,WIRELESS,UNLICENSED,1,0.613,0.686
2025-03-11,INP889840,5G,1107,941,LOW,1000,HEXEECFA6544F,63636,46629,73867,59,1,0,69.3,FIBER,MID_BAND,0,0.313,0.749
2024-08-23,INP056940,CABLE,1167,887,HIGH,50,HEX7904EFAFBD,15621,17223,61589,3,1,1,132.5,FIBER,MID_BAND,0,0.425,0.554
2022-02-09,INP090978,FIBER,1843,643,HIGH,100,HEXE57E804702,43651,32858,42664,200,0,1,86.2,COPPER,MID_BAND,1,0.693,0.964
2024-01-17,INP088132,FIBER,198,825,MED,500,HEX8AF5B1F9BE,166988,17513,11507,131,6,1,23.3,COAX,LOW_BAND,1,0.968,0.946
2020-01-14,INP460290,FIXED_WIRELESS,1198,623,LOW,50,HEXC269C69E43,122519,40091,26616,10,9,0,168.7,COPPER,MID_BAND,0,0.375,0.335
2024-08-17,INP184188,DSL,987,215,HIGH,2000,HEX41A8D9E643,78482,13602,56036,89,86,0,21.2,COAX,C_BAND,0,0.596,0.847
2024-03-07,INP951053,FIBER,1886,305,MED,1000,HEX3AF899EC3A,12655,8436,26014,2,1,1,206.2,COPPER,MID_BAND,0,0.525,0.824
2021-02-28,INP637367,DSL,1025,21,MED,0,HEX04C86687CA,102394,2806,20996,118,40,1,126.7,WIRELESS,MMWAVE,1,0.503,0.546
2025-06-11,INP105592,5G,98,582,MED,0,HEX1C9270A58E,36835,6836,416,144,129,0,219.1,WIRELESS,MID_BAND,0,0.527,0.98
2021-12-13,INP568550,FIXED_WIRELESS,1597,910,MED,2000,HEXCA8E294D58,70298,24735,42274,128,5,1,194.1,WIRELESS,UNLICENSED,1,0.631,0.37
2025-02-12,INP942002,SATELLITE,1494,9,HIGH,500,HEXE5B4879FC4,248042,34995,32333,49,16,1,199.0,SAT,MMWAVE,0,0.458,0.808
2021-07-08,INP312650,4G,875,770,HIGH,200,HEX45AE7A3078,221189,46052,27741,113,67,1,243.9,COAX,MID_BAND,0,0.127,0.807
2025-11-24,INP509073,SATELLITE,1956,656,LOW,50,HEXA7B42FDA62,126453,38941,36116,247,184,1,49.3,FIBER,MMWAVE,0,0.159,0.456
2020-06-08,INP384403,FIBER,1897,937,MED,500,HEX4E40174F29,183468,31836,66977,169,81,0,85.9,COPPER,C_BAND,0,0.664,0.507
2022-12-13,INP374116,FIXED_WIRELESS,341,143,HIGH,200,HEX74605C187E,61680,36509,53366,171,137,1,247.3,SAT,MID_BAND,0,0.834,0.76
2025-11-19,INP316267,DSL,1163,427,MED,0,HEX05548847EB,218717,37986,21093,105,18,1,156.8,FIBER,MMWAVE,1,0.73,0.403
2024-10-18,INP423854,CABLE,1248,806,LOW,500,HEXE1016D9554,189311,16293,5078,13,1,1,129.8,COAX,MMWAVE,1,0.735,0.639
2023-05-06,INP861893,5G,1472,138,MED,1000,HEXA9E7E37F26,104528,24478,52410,145,27,1,112.0,SAT,MMWAVE,0,0.066,0.381
2025-07-19,INP062639,FIXED_WIRELESS,562,185,LOW,200,HEXFE4494A5EA,240241,23339,7978,216,81,0,71.3,WIRELESS,C_BAND,1,0.996,0.31
2025-09-13,INP353799,SATELLITE,1486,515,MED,100,HEX9E75E24155,207426,34695,21586,195,58,1,215.6,WIRELESS,C_BAND,0,0.02,0.755
2021-07-02,INP647272,5G,1479,153,HIGH,1000,HEX4A8FEBBE0F,235917,30962,59561,33,16,0,191.2,COAX,UNLICENSED,0,0.787,0.845
2025-09-19,INP271746,5G,1359,896,LOW,0,HEX0984289364,32246,8432,65898,32,27,1,87.3,SAT,MMWAVE,0,0.05,0.935
2022-01-07,INP250645,FIBER,750,790,HIGH,1000,HEX44FE512C4E,72650,3661,61262,177,6,1,5.2,COPPER,LOW_BAND,0,0.239,0.527
2023-04-12,INP295798,SATELLITE,52,765,MED,50,HEXFB181116A1,173516,33480,10319,81,32,1,124.0,SAT,UNLICENSED,0,0.767,0.739
2025-02-09,INP008469,4G,50,658,MED,50,HEX63724ACF25,40587,217,65015,155,134,1,184.7,FIBER,MMWAVE,0,0.999,0.812
2022-09-16,INP494619,DSL,1280,608,HIGH,200,HEXD391854DC8,59359,33222,47490,115,91,0,38.6,COPPER,MMWAVE,0,0.742,0.312
2024-09-13,INP833734,CABLE,924,877,HIGH,2000,HEXB71AB33F7F,60195,4668,27939,164,76,0,82.5,WIRELESS,LOW_BAND,0,0.423,0.365
2025-03-18,INP361887,DSL,1031,546,MED,100,HEXAC5D8ED7C5,167354,8207,42675,58,32,0,13.5,WIRELESS,MID_BAND,1,0.7,0.528
2022-06-02,INP883515,4G,1188,933,HIGH,50,HEXBE7ACC2EA7,51469,5822,10054,191,89,1,65.2,COPPER,UNLICENSED,0,0.859,0.318
2023-08-24,INP410826,CABLE,1667,806,LOW,500,HEXB64F9FC6AA,145429,18215,831,247,147,0,179.2,COPPER,MMWAVE,0,0.665,0.882
2025-01-19,INP826504,CABLE,1390,117,HIGH,50,HEX5A103A6205,28133,17949,36414,212,189,1,107.5,FIBER,UNLICENSED,0,0.402,0.617
2024-03-21,INP797022,FIBER,1584,88,LOW,50,HEX657B76ACE5,120557,12620,18254,150,122,1,75.4,FIBER,C_BAND,1,0.52,0.724
2021-09-14,INP207847,FIBER,646,724,MED,1000,HEX0616D3D7DC,84904,13358,38841,42,34,0,237.7,SAT,LOW_BAND,0,0.832,0.403
2022-04-09,INP056184,5G,1734,56,MED,200,HEX193D75017D,168215,44633,61509,113,77,1,50.8,SAT,UNLICENSED,0,0.412,0.322
2024-05-05,INP652401,SATELLITE,1777,957,HIGH,50,HEX0A78B79884,57331,29836,45641,159,103,0,185.3,SAT,MMWAVE,0,0.447,0.475
2025-08-19,INP160707,FIBER,1851,337,MED,200,HEXD951FDC372,172956,5757,8603,213,83,1,191.2,SAT,LOW_BAND,1,0.536,0.925
2022-01-17,INP974968,5G,1675,126,HIGH,50,HEX7659A2C31E,107536,41856,30908,120,68,1,55.8,SAT,LOW_BAND,0,0.513,0.351
2022-09-15,INP350240,FIXED_WIRELESS,1512,317,MED,500,HEX4CA8593428,232925,6102,9521,159,41,1,210.5,SAT,LOW_BAND,1,0.501,0.985
2020-07-23,INP685883,FIBER,888,922,HIGH,200,HEXD61CAD4F6D,13647,36511,3905,87,66,0,86.3,COPPER,C_BAND,0,0.012,0.73
2025-05-18,INP469342,FIBER,78,241,LOW,50,HEX11CD1586CA,160610,19906,61373,107,33,0,25.3,COAX,UNLICENSED,0,0.346,0.649
2022-05-17,INP135008,5G,836,242,LOW,100,HEXEDF7CB789D,43865,27698,66342,44,15,0,185.9,COAX,C_BAND,1,0.278,0.671
2022-01-14,INP050163,FIXED_WIRELESS,1242,288,LOW,1000,HEXFD19C55F2E,123852,23698,1825,129,55,0,60.7,WIRELESS,C_BAND,0,0.816,0.403
2022-06-21,INP126023,4G,998,815,HIGH,200,HEX5687E50BD5,85977,47214,68577,11,4,0,42.8,COAX,LOW_BAND,0,0.679,0.41
2024-04-01,INP175758,4G,935,28,MED,2000,HEX2ADFB6858D,36120,27398,18822,193,51,0,166.2,WIRELESS,MMWAVE,0,0.02,0.358
2022-03-21,INP864078,5G,205,854,MED,200,HEX756B8A3737,155194,38525,70402,120,1,1,215.5,COAX,MID_BAND,0,0.54,0.702
2020-11-04,INP776798,FIXED_WIRELESS,1650,852,MED,200,HEXB53AC6C525,101018,10137,22155,39,0,1,219.2,COPPER,C_BAND,0,0.831,0.767
2021-06-22,INP563200,4G,1817,970,MED,0,HEXE69A941FA8,136473,47214,19918,157,36,1,36.6,SAT,UNLICENSED,0,0.378,0.511
2022-01-29,INP434772,4G,400,654,LOW,100,HEX65FCE50991,56666,20912,22034,140,135,1,145.7,FIBER,UNLICENSED,0,0.76,0.658
2024-04-20,INP750842,4G,367,941,LOW,1000,HEX63F885884C,55398,31979,17607,199,28,0,43.6,WIRELESS,MMWAVE,0,0.212,0.686
2022-07-05,INP705658,DSL,1059,918,MED,1000,HEX3CF97F6B41,32358,36447,4318,16,16,0,118.2,WIRELESS,MID_BAND,0,0.713,0.778
2022-07-24,INP113643,DSL,127,139,HIGH,50,HEX1187C4BD75,143222,36136,12044,223,20,1,152.8,COPPER,LOW_BAND,0,0.024,0.481
2024-04-09,INP381355,FIBER,1187,357,LOW,0,HEXE0E19DC16A,41420,12777,71200,166,4,1,165.7,FIBER,MID_BAND,1,0.566,0.912
2021-01-07,INP830926,FIBER,1782,726,LOW,2000,HEX6E7E2A40BF,2387,28436,26830,176,175,0,87.8,COPPER,MID_BAND,0,0.112,0.578
2022-02-06,INP430382,FIBER,1003,255,LOW,100,HEXACF132970D,154245,9819,38458,249,0,1,23.5,COPPER,C_BAND,0,0.68,0.586
2022-09-05,INP207299,CABLE,994,289,LOW,50,HEX99D00C46A7,11981,6063,40642,110,66,1,30.5,WIRELESS,C_BAND,1,0.83,0.312
2022-11-13,INP793856,4G,1956,302,MED,2000,HEXBA08CE0306,91741,6891,68459,140,1,1,4.2,SAT,LOW_BAND,0,0.766,0.322
2023-11-08,INP195184,4G,735,826,LOW,100,HEX6EAAAEA439,113558,22660,55702,137,127,0,41.3,COPPER,LOW_BAND,1,0.97,0.683
2025-06-14,INP002732,FIXED_WIRELESS,1550,307,LOW,100,HEX42FD7A9743,226895,19437,47622,148,94,1,239.3,FIBER,LOW_BAND,1,0.617,0.313
2024-10-13,INP734949,DSL,1671,464,HIGH,50,HEX93A0C0825A,31020,17309,56440,170,76,1,37.9,COPPER,MMWAVE,1,0.296,0.639
2024-10-18,INP011396,FIBER,395,265,HIGH,0,HEX72209415A1,65334,29434,4741,89,70,1,41.3,FIBER,MMWAVE,1,0.204,0.821
2024-07-21,INP690979,DSL,1651,604,MED,1000,HEXA5F20D66BD,126200,24643,34041,118,71,0,95.7,COAX,LOW_BAND,0,0.922,0.34
2020-11-14,INP699299,SATELLITE,1166,163,MED,200,HEXEE92608AC1,62999,34649,20070,82,42,1,61.7,SAT,MMWAVE,1,0.564,0.67
2021-05-15,INP858035,DSL,1667,624,LOW,2000,HEXD3F7EB8C3E,76393,1216,13710,188,110,0,116.1,WIRELESS,UNLICENSED,1,0.689,0.345
2021-05-18,INP738850,CABLE,1003,305,MED,100,HEXE4D9F148C7,145283,42173,40001,62,7,0,231.5,COAX,C_BAND,0,0.425,0.517
2025-03-06,INP651414,DSL,1982,275,LOW,200,HEXC3D99F565C,29128,17403,8243,175,59,1,5.5,WIRELESS,MMWAVE,0,0.856,0.404
2025-09-07,INP485670,CABLE,1669,743,HIGH,0,HEX970A23B7B3,65874,35003,5932,17,6,0,131.5,COAX,MID_BAND,1,0.188,0.893
2025-05-26,INP787111,CABLE,954,395,LOW,0,HEX748ECB44FE,208511,27365,40018,115,115,0,48.7,FIBER,MMWAVE,0,0.327,0.422
2024-07-06,INP260568,CABLE,467,566,LOW,0,HEX1858F1568F,233817,44421,34681,229,17,1,155.3,COPPER,C_BAND,1,0.402,0.794
2025-11-28,INP744239,5G,1126,473,LOW,2000,HEXCD19B83EC9,53301,34085,906,78,43,1,57.5,SAT,MID_BAND,1,0.112,0.356
2023-03-18,INP421459,SATELLITE,1668,103,LOW,50,HEXE72BACC115,54906,43198,24301,93,88,1,62.4,COPPER,LOW_BAND,1,0.487,0.582
2022-09-03,INP239454,DSL,1056,509,MED,500,HEXF76B480B31,126531,35194,9769,44,33,1,61.0,SAT,MID_BAND,0,0.54,0.925
2022-07-03,INP997897,5G,927,666,HIGH,0,HEX4935D682FC,11703,28748,21940,161,76,0,103.7,FIBER,C_BAND,0,0.889,0.874
2021-10-14,INP206406,CABLE,799,508,LOW,0,HEX4FD8F47FE2,147783,13208,55027,32,18,1,77.0,COAX,MMWAVE,1,0.816,0.676
2024-10-09,INP742874,FIXED_WIRELESS,61,725,MED,2000,HEX3EAAB6996C,76987,4879,54117,151,140,1,55.0,WIRELESS,MMWAVE,0,0.244,0.47
2024-03-01,INP408224,FIXED_WIRELESS,1473,512,HIGH,100,HEX9B4531FE8B,115793,19112,40901,138,42,1,154.9,WIRELESS,LOW_BAND,1,0.269,0.524
2022-01-17,INP384014,SATELLITE,364,637,MED,2000,HEXF8EECBF76C,154929,19120,334,57,53,0,248.2,FIBER,C_BAND,1,0.255,0.731
2024-11-25,INP689533,FIBER,41,541,MED,2000,HEXD99E07B893,21491,15395,16764,159,77,1,169.1,COAX,UNLICENSED,1,0.359,0.33
2024-07-10,INP333336,SATELLITE,155,1000,LOW,1000,HEXE7B050EF78,164484,18602,15177,13,9,1,194.7,WIRELESS,MMWAVE,0,0.408,0.972
2020-09-30,INP610306,CABLE,607,715,MED,200,HEX9B113CEDDF,86520,30026,43568,216,202,1,98.4,FIBER,MMWAVE,0,0.268,0.99
2024-09-07,INP018583,4G,1215,980,MED,500,HEX6B8CED1758,76114,7076,37896,163,5,1,245.3,COAX,UNLICENSED,0,0.334,0.395
2024-05-17,INP152401,4G,1530,920,HIGH,50,HEXE9B4F12C4D,85314,21650,57609,155,152,1,10.4,COPPER,C_BAND,0,0.782,0.888
2025-06-10,INP123244,SATELLITE,415,457,HIGH,0,HEXA5F0167FF9,211405,38011,26440,190,32,0,33.3,SAT,MMWAVE,0,0.468,0.707
2025-04-15,INP375118,CABLE,695,275,HIGH,0,HEXE89BE3E869,106322,37448,36546,244,30,1,97.3,WIRELESS,C_BAND,0,0.521,0.88
2024-05-19,INP607529,CABLE,260,557,HIGH,50,HEX50B99AC447,119180,9024,47487,76,34,1,37.8,SAT,MMWAVE,1,0.602,0.474
2021-10-30,INP520306,SATELLITE,263,958,MED,200,HEXC38FF0589B,177700,1219,73377,166,165,1,123.8,WIRELESS,LOW_BAND,0,0.47,0.32
2022-02-22,INP562869,FIXED_WIRELESS,1993,976,MED,2000,HEX9FFB4A63C7,126955,4394,67996,103,23,1,182.8,SAT,MMWAVE,1,0.902,0.849
2024-05-25,INP252917,DSL,630,706,HIGH,500,HEX6046C47056,71023,16282,33647,247,144,0,72.0,COPPER,LOW_BAND,0,0.38,0.333
2026-01-24,INP687868,SATELLITE,344,550,LOW,0,HEXC9D5D54589,157437,2584,5026,237,20,0,219.2,COPPER,LOW_BAND,0,0.316,0.856
2020-02-29,INP981345,CABLE,1433,825,LOW,200,HEX66DA27EF9D,211349,15827,29648,61,53,1,234.7,SAT,C_BAND,0,0.02,0.68
2022-11-16,INP749087,DSL,1820,594,HIGH,2000,HEX5B4014AFFE,175708,11835,53469,94,17,1,158.7,WIRELESS,C_BAND,0,0.897,0.494
2020-09-17,INP160757,FIXED_WIRELESS,941,696,LOW,200,HEX4A19D82FE1,79163,44541,27545,211,85,0,85.0,COAX,MID_BAND,1,0.715,0.865
2021-05-28,INP858864,SATELLITE,183,860,LOW,2000,HEXF8F751B40A,162619,5780,65927,222,188,1,93.7,SAT,MID_BAND,0,0.052,0.539
2023-07-15,INP743140,4G,1330,446,LOW,0,HEX9C59375C35,72031,24810,40550,58,48,0,62.7,COPPER,UNLICENSED,1,0.32,0.764
2020-09-07,INP519713,FIBER,1967,488,HIGH,200,HEX3E5300CAC3,49307,48890,20848,225,99,1,223.4,COAX,C_BAND,0,0.939,0.8
2024-04-16,INP883433,FIXED_WIRELESS,1128,713,LOW,2000,HEXF3394195F8,93165,49929,58316,140,112,1,46.9,SAT,LOW_BAND,0,0.566,0.633
2025-09-18,INP241606,FIXED_WIRELESS,1676,375,HIGH,1000,HEX9C86CB074D,41752,43864,41862,173,96,0,1.1,COPPER,MID_BAND,0,0.939,0.857
2025-09-10,INP458058,4G,280,40,MED,100,HEXEA24C90749,166381,26142,34039,235,136,1,248.9,COPPER,UNLICENSED,1,0.149,0.734
2022-11-12,INP870465,FIBER,1871,559,HIGH,500,HEXB01036E9F1,103990,40526,33118,237,32,0,20.8,WIRELESS,MMWAVE,0,0.275,0.346
2020-04-29,INP453441,4G,1458,30,HIGH,50,HEX1AEC00B1D3,24244,21661,20753,145,11,1,238.7,COAX,LOW_BAND,0,0.383,0.561
2023-01-01,INP203818,DSL,207,412,MED,50,HEX3D4D4416C0,119571,42198,31050,125,116,1,133.0,SAT,MID_BAND,1,0.122,0.381
2020-09-02,INP480648,5G,1101,742,LOW,1000,HEX110567D65A,119655,49567,47796,115,75,1,56.5,COPPER,MMWAVE,0,0.871,0.521
2023-02-18,INP799805,SATELLITE,1476,638,HIGH,2000,HEXABF88D5300,83289,14025,25375,67,27,1,153.0,SAT,MID_BAND,1,0.463,0.322
2020-04-06,INP194342,4G,1598,635,MED,2000,HEX4BF3217DDA,14314,12612,45738,129,41,1,200.4,COPPER,MMWAVE,0,0.685,0.897
2026-02-06,INP709959,5G,1315,658,LOW,500,HEXE86B1C84B3,104782,20877,60873,236,123,1,25.2,WIRELESS,LOW_BAND,0,0.517,0.301
2025-12-14,INP898899,DSL,1879,381,LOW,0,HEX5E7D717066,169524,28386,35925,107,94,0,25.4,WIRELESS,MID_BAND,1,0.607,0.514
2023-10-06,INP149334,FIXED_WIRELESS,1112,601,HIGH,1000,HEXBBC3D56E0B,175631,42651,32657,168,122,0,7.7,COAX,LOW_BAND,0,0.353,0.746
2020-09-10,INP678390,SATELLITE,1947,394,HIGH,1000,HEXA33A775911,167913,42103,45163,175,175,0,57.6,SAT,C_BAND,1,0.126,0.822
2020-03-11,INP457077,FIXED_WIRELESS,119,682,LOW,0,HEXF90FA3E496,84840,28515,69133,15,15,1,157.3,COPPER,C_BAND,0,0.295,0.784
2021-01-20,INP741842,FIBER,1274,421,MED,200,HEX49363479F2,222938,21993,13663,107,86,1,177.4,FIBER,UNLICENSED,1,0.265,0.845
2024-03-26,INP142193,FIBER,277,691,HIGH,200,HEX664417D4E7,89911,46859,23868,217,196,1,100.4,SAT,MMWAVE,0,0.331,0.826
2024-08-15,INP503426,DSL,1298,571,MED,100,HEX47BD00C7AB,11914,31765,54524,107,39,1,129.5,FIBER,MID_BAND,0,0.25,0.423
2024-11-19,INP052321,5G,1610,135,MED,100,HEX2DC81DAEC4,128217,27781,46248,79,52,1,65.7,FIBER,UNLICENSED,0,0.033,0.369
2025-03-09,INP856868,SATELLITE,1688,672,LOW,2000,HEX548E0171EF,183294,6888,42164,98,82,1,84.7,SAT,LOW_BAND,0,0.096,0.611
2023-01-16,INP492901,5G,1652,999,HIGH,500,HEXB2AD419684,41015,45517,74061,62,29,1,80.6,WIRELESS,C_BAND,0,0.966,0.662
2021-11-21,INP283149,SATELLITE,26,378,HIGH,500,HEX0DDC8030E7,40811,35792,52074,221,134,0,157.5,COPPER,LOW_BAND,0,0.999,0.307
2020-10-15,INP080751,DSL,429,899,HIGH,500,HEX7F6145F198,117243,170,16631,116,93,1,165.9,SAT,C_BAND,0,0.932,0.757
2024-08-01,INP258318,DSL,1155,601,HIGH,2000,HEX8A45902C33,95721,34371,66080,89,58,0,37.3,SAT,MID_BAND,1,0.655,0.747
2021-02-03,INP805395,CABLE,435,23,HIGH,1000,HEX2649A0CAD9,17404,28088,61343,144,83,0,39.4,FIBER,MID_BAND,0,0.781,0.651
2021-01-27,INP289009,FIBER,979,646,LOW,500,HEX4C4B44D922,239395,33866,52144,88,69,0,245.0,WIRELESS,MID_BAND,0,0.828,0.685
2020-04-02,INP380922,5G,1356,685,MED,200,HEX52E25DB5A8,184578,45060,71727,68,54,0,182.3,FIBER,LOW_BAND,1,0.653,0.377
2022-05-14,INP317266,5G,1000,699,LOW,0,HEX2E1B6AE446,163420,23562,62002,176,124,0,209.4,SAT,MMWAVE,0,0.458,0.468
2020-08-10,INP953150,SATELLITE,203,884,HIGH,0,HEX0B647AA8DE,35788,2985,20182,40,12,1,195.3,SAT,MMWAVE,0,0.457,0.448
2024-11-07,INP977983,FIXED_WIRELESS,747,750,MED,100,HEX288FE5B66F,131824,31257,68831,42,42,1,218.7,SAT,MMWAVE,1,0.045,0.337
2023-11-07,INP342824,SATELLITE,725,144,HIGH,100,HEXAF4741B55B,56076,12833,63226,10,6,0,83.8,FIBER,LOW_BAND,0,0.591,0.747
2022-03-21,INP548635,DSL,374,593,HIGH,0,HEXA3E21A7F71,136763,380,14148,182,177,1,174.3,WIRELESS,C_BAND,0,0.194,0.336
2022-12-17,INP598564,CABLE,467,705,MED,500,HEXC7F3AC6F83,133051,27388,10681,100,80,0,175.2,SAT,MMWAVE,0,0.383,0.968
2023-07-19,INP502066,DSL,1496,73,HIGH,200,HEXDBA05A265B,128974,19607,8141,35,34,0,75.6,COAX,UNLICENSED,0,0.763,0.95
2024-09-30,INP538015,DSL,81,512,HIGH,50,HEX73CB39423B,69092,21481,22600,51,11,0,173.3,FIBER,MID_BAND,1,0.319,0.645
2021-02-20,INP798473,5G,589,616,LOW,500,HEXD37037AF2B,12157,24925,377,199,161,0,97.1,COAX,C_BAND,1,0.28,0.586
2022-01-13,INP697927,FIXED_WIRELESS,578,80,HIGH,200,HEXA98F0225B1,178236,41931,29853,242,89,0,24.0,COPPER,MID_BAND,0,0.923,0.552
2022-12-14,INP773336,5G,300,846,HIGH,50,HEX5A2205B5D3,200736,26581,10074,246,29,0,153.3,FIBER,C_BAND,0,0.531,0.717
2025-04-22,INP361047,FIXED_WIRELESS,1161,818,HIGH,50,HEX3553588243,148304,28754,38939,135,99,0,10.8,COAX,C_BAND,0,0.959,0.87
2022-04-09,INP906716,FIBER,1193,694,MED,0,HEX47E0755A6C,135720,39010,5100,165,101,1,233.3,SAT,MMWAVE,0,0.749,0.792
2021-11-01,INP220202,FIBER,1185,112,LOW,2000,HEX69D1D639CC,24331,19740,19265,213,12,0,38.7,WIRELESS,LOW_BAND,1,0.144,0.409
2024-08-11,INP697271,CABLE,1914,342,MED,50,HEX2B24032B01,34424,29333,68999,240,154,1,164.9,COPPER,C_BAND,0,0.333,0.742
2025-06-23,INP572213,FIXED_WIRELESS,248,656,MED,200,HEX24B86760CC,235969,39064,59546,117,74,0,54.0,FIBER,C_BAND,1,0.189,0.743
2020-06-11,INP538204,DSL,1873,129,HIGH,100,HEX6D21BE3225,157319,43811,71461,146,120,0,216.3,COPPER,UNLICENSED,0,0.182,0.508
2025-08-20,INP121111,SATELLITE,1759,233,LOW,500,HEXB18E225F67,7684,38070,38177,235,209,0,219.4,FIBER,C_BAND,1,0.172,0.533
2021-10-19,INP192340,4G,1697,665,HIGH,50,HEX93DA062FB3,120845,18240,14802,90,25,0,138.3,COPPER,MID_BAND,0,0.447,0.744
2024-02-04,INP709902,FIBER,1196,659,HIGH,100,HEX5790B2C73B,178995,12523,1836,1,1,1,105.5,FIBER,UNLICENSED,0,0.813,0.647
2023-05-05,INP344637,FIBER,560,565,LOW,1000,HEX5AD0A62D7F,245649,43292,88,191,44,1,32.7,COAX,C_BAND,0,0.103,0.376
2020-09-11,INP883469,DSL,875,680,MED,200,HEX6A0A940567,65604,13132,55613,210,68,1,72.4,COAX,MID_BAND,0,0.156,0.597
2023-01-13,INP871409,CABLE,1788,65,HIGH,1000,HEXEDF312D4C0,17528,21964,53904,136,63,0,7.7,COAX,MID_BAND,0,0.948,0.816
2022-02-02,INP137724,FIXED_WIRELESS,1134,479,LOW,200,HEX7A648AD0FB,121139,34354,10398,188,10,0,183.3,FIBER,MID_BAND,1,0.839,0.5
2020-02-07,INP362115,CABLE,1477,605,HIGH,0,HEX0410FB7BBB,211683,19230,74713,44,1,1,150.3,FIBER,MMWAVE,1,0.888,0.359
2020-10-27,INP008620,CABLE,768,809,LOW,50,HEX1B8806C7CA,70564,7603,34718,133,58,1,18.2,WIRELESS,LOW_BAND,0,0.12,0.796
2025-02-18,INP460751,CABLE,260,125,LOW,1000,HEX6D7135316A,111088,21339,1365,161,65,0,218.3,COPPER,C_BAND,1,0.121,0.782
2025-07-27,INP281017,SATELLITE,1337,318,MED,2000,HEXB2E86CB695,248293,15088,30774,104,4,1,3.9,SAT,UNLICENSED,0,0.782,0.875
2021-02-06,INP972086,SATELLITE,244,173,HIGH,2000,HEX9F1C2BC28D,80690,48036,10076,85,75,0,64.4,COPPER,C_BAND,1,0.192,0.788
2020-06-29,INP146457,4G,1229,879,MED,2000,HEX64115F2A2E,39405,17766,24775,4,3,1,124.5,SAT,MID_BAND,0,0.456,0.65
2020-02-17,INP458206,DSL,1306,372,LOW,1000,HEXBE3CF728AC,101515,5498,50774,164,41,1,111.7,COPPER,UNLICENSED,0,0.325,0.381
2021-07-29,INP384858,SATELLITE,876,799,LOW,0,HEXD04A9B2AF7,235953,31680,28357,193,105,1,132.3,COPPER,MID_BAND,1,0.583,0.747
2023-11-20,INP034947,CABLE,735,25,HIGH,1000,HEX00D0980A20,186543,38701,66192,212,9,1,244.0,COAX,MMWAVE,0,0.312,0.354
2023-03-25,INP782433,4G,378,615,HIGH,2000,HEXF9069C8BE9,141166,13794,54140,126,66,1,3.8,COPPER,LOW_BAND,0,0.279,0.875
2021-01-18,INP974306,4G,1628,46,MED,50,HEXD5DB1D5FDE,163237,21118,6873,183,137,1,139.8,FIBER,MID_BAND,0,0.059,0.593
2023-04-07,INP543398,5G,1637,337,LOW,100,HEX3AF73E7827,12234,49974,3377,53,31,1,214.1,FIBER,LOW_BAND,1,0.143,0.897
2025-08-21,INP129845,SATELLITE,60,595,MED,100,HEX78C5E69764,235327,39270,6288,71,28,0,72.4,WIRELESS,LOW_BAND,0,0.647,0.386
2021-11-22,INP968113,5G,1337,815,LOW,50,HEXB0D84C5521,139541,38518,41558,98,69,1,100.3,COAX,UNLICENSED,0,0.217,0.432
2025-01-16,INP938951,SATELLITE,612,574,MED,200,HEX1A43B3A73C,169832,2424,8118,131,84,1,55.8,WIRELESS,UNLICENSED,1,0.392,0.449
2025-12-05,INP761502,SATELLITE,349,662,MED,500,HEXE5D4BA5CE2,198548,27951,64479,103,94,1,130.9,SAT,MMWAVE,1,0.02,0.952
2024-10-15,INP856513,4G,766,872,MED,100,HEX8C3D4A0ABA,5156,45181,30482,225,147,0,48.6,COPPER,C_BAND,0,0.948,0.569
2020-04-02,INP592591,4G,838,817,MED,50,HEX28ED5E00EC,27869,40499,5563,203,74,0,174.1,SAT,MMWAVE,0,0.076,0.343
2022-07-14,INP929806,DSL,1244,666,HIGH,100,HEX5C837847E4,232116,22941,3097,117,102,0,55.7,COPPER,LOW_BAND,0,0.595,0.87
2020-08-31,INP684443,FIBER,80,800,MED,50,HEXF5CDADBA67,57457,25496,8907,68,23,0,118.0,FIBER,C_BAND,0,0.093,0.6
2022-07-06,INP134028,5G,1639,712,LOW,1000,HEX4345727573,200377,25350,8954,66,50,1,123.3,COAX,LOW_BAND,0,0.307,0.92
2020-09-03,INP071452,5G,1396,342,HIGH,1000,HEXED73C87642,78530,30873,15913,72,44,1,48.5,COAX,LOW_BAND,0,0.532,0.839
2024-09-08,INP876435,4G,780,495,MED,200,HEX254A434A8F,150555,16174,58843,92,79,1,59.4,COAX,MID_BAND,1,0.049,0.699
2024-11-29,INP022838,4G,421,629,HIGH,2000,HEXBF18A6B9D0,225321,15728,67035,138,84,0,36.9,SAT,MMWAVE,1,0.876,0.831
2025-10-21,INP266208,SATELLITE,1421,683,MED,1000,HEX354DC09F4E,200948,485,39523,178,108,1,96.4,SAT,UNLICENSED,0,0.047,0.791
2024-06-28,INP182643,5G,963,111,LOW,100,HEX777F1E1E2B,55976,24778,62090,216,21,1,132.0,WIRELESS,MID_BAND,1,0.02,0.741
2022-06-01,INP958347,FIBER,878,178,MED,1000,HEXA6B89B7E2B,132150,9084,23613,79,59,0,157.4,COPPER,MID_BAND,1,0.405,0.973
2024-10-01,INP494346,SATELLITE,1373,589,MED,200,HEX958B3528F0,163089,12393,38314,194,17,1,110.5,COAX,C_BAND,1,0.996,0.63
2021-01-27,INP933989,SATELLITE,241,851,HIGH,100,HEX1190D676A3,228696,7665,27463,24,12,0,74.6,COPPER,UNLICENSED,1,0.4,0.504
2023-11-29,INP302329,4G,1493,994,LOW,2000,HEXB02FB7C949,159176,23472,74821,195,193,1,10.8,FIBER,MMWAVE,1,0.429,0.754
2021-05-30,INP310882,CABLE,769,402,LOW,2000,HEX678AF383AD,175889,20440,40557,229,148,1,29.4,WIRELESS,MID_BAND,0,0.784,0.893
2022-03-01,INP563701,SATELLITE,613,155,HIGH,500,HEXDC1D443CA0,158324,43496,63349,138,43,1,144.8,COPPER,UNLICENSED,0,0.875,0.365
2020-03-16,INP215558,SATELLITE,1812,859,LOW,0,HEX50ACF9F766,197627,3991,50888,131,8,0,9.7,FIBER,LOW_BAND,0,0.327,0.978
2023-01-11,INP850728,CABLE,442,944,LOW,200,HEX0542B1E599,194261,42967,17046,147,20,0,118.6,FIBER,UNLICENSED,0,0.991,0.911
2020-07-12,INP603063,4G,1175,136,LOW,2000,HEXDF4AC090E1,216637,34068,1781,27,24,1,223.5,COPPER,MMWAVE,1,0.385,0.445
2023-05-11,INP381262,FIBER,16,875,HIGH,200,HEX0133AF03C5,113758,48825,22647,237,78,0,249.4,SAT,UNLICENSED,0,0.688,0.969
2020-03-12,INP835045,4G,686,335,MED,0,HEXA93B05CECA,205423,18953,13073,20,20,0,92.5,SAT,LOW_BAND,0,0.234,0.744
2020-10-28,INP684408,CABLE,327,79,HIGH,2000,HEX58F8B4F920,208354,33736,69610,150,36,1,227.9,SAT,C_BAND,0,0.791,0.72
2026-02-07,INP042471,CABLE,1990,570,HIGH,200,HEX9B830478C4,6377,47369,45753,176,167,1,68.6,COAX,LOW_BAND,0,0.554,0.468
2024-05-01,INP080953,4G,1355,116,HIGH,2000,HEXCBAA81D9A2,86176,16318,74997,98,18,1,90.4,FIBER,C_BAND,1,0.937,0.758
2026-01-29,INP408661,DSL,1215,266,LOW,200,HEXC11D834B9B,243790,49619,17763,238,173,1,19.3,FIBER,MMWAVE,0,0.413,0.793
2023-05-07,INP598001,DSL,459,717,LOW,0,HEX696FA6733B,209904,12593,50886,129,78,1,60.4,COAX,MMWAVE,0,0.175,0.649
2025-06-16,INP260959,4G,1180,802,HIGH,0,HEX590CEF2A63,40451,21715,58407,125,22,1,175.1,WIRELESS,MID_BAND,0,0.953,0.384
2020-07-25,INP830934,5G,1182,526,HIGH,2000,HEXB15145F594,164843,20803,18423,35,6,1,32.2,COAX,MID_BAND,1,0.524,0.939
2021-12-03,INP501866,FIXED_WIRELESS,362,398,MED,2000,HEX1AB2457CF3,76786,23782,49774,35,23,1,54.8,COPPER,C_BAND,0,0.22,0.31
2021-04-08,INP223302,4G,989,519,HIGH,2000,HEXAF5A9BEF0A,112546,3478,40078,144,119,1,233.8,WIRELESS,UNLICENSED,0,0.966,0.946
2022-01-22,INP364702,FIBER,1759,463,HIGH,200,HEXC962763600,30170,6944,37051,127,80,1,237.2,COAX,MID_BAND,1,0.095,0.399
2025-06-03,INP897193,SATELLITE,1494,233,LOW,1000,HEXB2C1436F1F,194132,40727,61822,78,39,0,103.4,WIRELESS,LOW_BAND,0,0.112,0.987
2023-09-15,INP871491,SATELLITE,132,940,LOW,200,HEX1AE806262D,89345,33389,70480,184,73,0,185.2,COPPER,MMWAVE,1,0.281,0.746
2025-07-28,INP306366,FIBER,1830,843,MED,500,HEX440274844E,116252,39808,26855,103,49,1,13.2,COAX,UNLICENSED,0,0.786,0.807
2021-04-23,INP154577,4G,461,307,MED,200,HEX46FB52EB3A,27329,41981,67696,212,205,0,26.3,WIRELESS,MMWAVE,1,0.285,0.865
2023-10-04,INP276344,5G,71,746,MED,500,HEXC0EADA5F00,127622,12834,13615,198,67,1,117.8,COAX,UNLICENSED,1,0.638,0.697
2024-01-03,INP362336,4G,342,339,LOW,200,HEX7A55E6ECB3,81189,10122,66228,190,34,0,6.1,COPPER,LOW_BAND,1,0.004,0.502
2024-07-20,INP013798,FIBER,1493,290,HIGH,200,HEX6973209FFB,90276,25540,25575,202,45,1,183.2,WIRELESS,C_BAND,1,0.894,0.568
2021-04-09,INP673526,DSL,455,411,MED,500,HEXE1E00E2866,9436,19495,7664,242,202,1,61.4,COPPER,LOW_BAND,0,0.12,0.965
2025-03-24,INP364784,CABLE,1081,445,MED,50,HEX14C420DE3C,12362,29847,59954,43,10,1,116.8,SAT,UNLICENSED,0,0.913,0.691
2024-06-27,INP425307,4G,1323,487,HIGH,2000,HEX8FEC8113A2,245408,38045,19712,241,53,1,91.2,COPPER,MID_BAND,1,0.494,0.331
2023-03-19,INP783212,4G,1258,413,HIGH,100,HEX641E21B5A2,153996,16228,25740,168,150,0,14.1,FIBER,C_BAND,0,0.077,0.566
2020-05-22,INP360164,5G,1338,669,MED,100,HEX490C37096E,9119,21636,1390,52,20,1,206.8,COPPER,MID_BAND,0,0.818,0.976
2023-01-28,INP323932,5G,1847,916,MED,2000,HEX1906CB2269,199863,7560,10084,208,125,1,28.7,COAX,UNLICENSED,0,0.682,0.423
2020-11-12,INP421186,CABLE,515,564,MED,0,HEX85DF675724,240032,23857,68262,229,209,1,215.7,COPPER,MMWAVE,0,0.5,0.686
2022-08-20,INP925784,DSL,813,875,HIGH,0,HEX5A26868809,109834,22013,31271,13,0,1,202.9,WIRELESS,C_BAND,1,0.202,0.582
2020-03-05,INP286522,5G,188,276,LOW,1000,HEX1C4D799AAF,184887,32984,36480,223,146,1,39.6,WIRELESS,MID_BAND,0,0.729,0.825
2024-06-06,INP785136,DSL,1644,943,HIGH,0,HEXC958AAEA0C,215159,49228,4038,153,136,0,15.8,FIBER,UNLICENSED,1,0.394,0.422
2021-08-23,INP973146,DSL,808,505,LOW,2000,HEX2BB2E15520,25753,25713,24588,198,47,0,226.9,COAX,C_BAND,1,0.705,0.572
2020-10-07,INP451987,FIBER,470,209,HIGH,200,HEX6BFFD52964,126041,4305,12255,131,21,1,224.1,FIBER,MMWAVE,1,0.737,0.382
2020-12-23,INP593304,DSL,896,599,HIGH,1000,HEXD5E16EDA59,246660,49298,9860,241,152,1,206.2,SAT,MMWAVE,0,0.741,0.395
2024-03-29,INP237731,CABLE,490,466,HIGH,0,HEXB3AF416617,200764,17798,35836,37,11,1,214.5,COAX,MID_BAND,0,0.108,0.794
2025-05-18,INP156860,DSL,537,459,LOW,0,HEX71A95380B3,124744,6627,3197,76,40,1,239.0,FIBER,MID_BAND,1,0.426,0.439
2023-04-22,INP904066,FIBER,1840,394,LOW,2000,HEX357154F3A8,236287,10903,42421,77,13,1,102.7,SAT,MID_BAND,0,0.147,0.575
2026-01-18,INP195735,FIBER,365,956,HIGH,100,HEX5189A19AF6,46636,24192,38448,152,50,1,75.7,COPPER,MMWAVE,1,0.2,0.935
2024-11-11,INP124234,FIXED_WIRELESS,1701,16,MED,100,HEX370CCD6174,1564,27368,49134,246,61,0,43.7,WIRELESS,UNLICENSED,0,0.595,0.891
2024-05-07,INP649498,CABLE,192,572,MED,50,HEX91C167EA5B,146828,25239,33796,125,123,1,222.2,FIBER,UNLICENSED,0,0.638,0.538
2021-05-09,INP437284,CABLE,1455,244,HIGH,2000,HEXBE097D747D,166242,3762,38570,22,8,1,233.5,FIBER,UNLICENSED,0,0.197,0.767
2020-08-18,INP233551,DSL,314,637,HIGH,200,HEX73D4E8A59D,121936,30548,53646,63,46,1,98.1,SAT,MID_BAND,1,0.713,0.781
2023-01-09,INP261450,FIXED_WIRELESS,1673,123,MED,100,HEXDF5C53450A,137174,40326,44156,128,32,0,134.6,COPPER,LOW_BAND,0,0.731,0.786
2025-11-02,INP362428,SATELLITE,622,939,LOW,0,HEX491214BF06,221391,25518,19271,79,18,0,238.0,WIRELESS,C_BAND,1,0.023,0.837
2021-10-12,INP766490,CABLE,525,948,MED,200,HEX6DD07FE995,175376,42255,60,149,7,1,164.0,FIBER,UNLICENSED,0,0.023,0.417
2022-07-24,INP281727,FIBER,1032,56,HIGH,50,HEX929D1B9095,17283,48240,12277,77,56,1,168.7,WIRELESS,MID_BAND,0,0.055,0.54
2024-02-25,INP325606,FIXED_WIRELESS,716,496,HIGH,2000,HEX4684D33FCD,146803,35653,40309,226,186,0,85.8,SAT,LOW_BAND,1,0.291,0.438
2020-08-05,INP522174,5G,1627,265,HIGH,2000,HEXBC05B3FE17,127385,48449,25487,52,18,0,162.9,FIBER,MMWAVE,1,0.72,0.405
2021-02-13,INP650304,DSL,1175,173,LOW,0,HEX86FA11C0CE,40936,15436,70997,142,61,0,249.3,WIRELESS,LOW_BAND,0,0.14,0.88
2023-12-28,INP482336,FIBER,1250,676,HIGH,50,HEX5E72699640,41606,15174,65824,179,67,0,36.1,COPPER,LOW_BAND,0,0.345,0.352
2023-08-06,INP006663,FIXED_WIRELESS,293,538,MED,500,HEX359AFD0D73,241587,34059,24158,113,49,0,80.1,COPPER,C_BAND,0,0.052,0.423
2023-05-13,INP536725,SATELLITE,716,746,MED,1000,HEX21A1AFBC54,203344,20196,72164,217,79,1,35.5,WIRELESS,C_BAND,1,0.105,0.802
2025-03-24,INP011164,SATELLITE,1263,60,LOW,100,HEXCBAF890F2B,28241,47389,6846,58,40,1,127.1,FIBER,LOW_BAND,0,0.909,0.908
2025-02-02,INP138339,DSL,893,224,MED,0,HEXA79CEB3025,122910,25370,56284,111,106,1,152.9,FIBER,MID_BAND,0,0.418,0.368
2022-05-01,INP238316,CABLE,1980,412,MED,200,HEX292E599B44,197293,19565,65333,93,26,0,107.0,COPPER,MMWAVE,0,0.907,0.976
2021-12-19,INP342559,FIXED_WIRELESS,904,432,HIGH,100,HEXE57B58DF07,191785,38081,54205,236,71,0,16.8,COAX,UNLICENSED,0,0.313,0.395
2023-09-19,INP443129,FIXED_WIRELESS,1274,370,LOW,2000,HEXB0CB60F68C,217742,12028,66129,95,4,0,25.7,COPPER,MMWAVE,1,0.859,0.734
2021-10-28,INP061117,DSL,1159,17,LOW,500,HEXDB4DFE273F,25645,19244,67042,118,33,0,117.9,FIBER,C_BAND,0,0.132,0.712
2023-09-08,INP275293,4G,1782,237,MED,500,HEXD49DAD1935,200202,42279,44531,36,8,0,118.5,COAX,LOW_BAND,1,0.007,0.778
2020-09-26,INP543520,FIBER,598,920,HIGH,200,HEX3608BE0A4F,84969,39660,51053,162,26,0,113.2,COAX,LOW_BAND,1,0.705,0.726
2024-02-12,INP729937,DSL,192,21,HIGH,100,HEX2AEDE2AF59,218907,30488,71721,113,22,1,8.9,COAX,C_BAND,1,0.993,0.383
2020-07-16,INP548799,5G,916,853,HIGH,200,HEXA0D6E64351,214709,35518,34413,201,142,1,212.0,COAX,C_BAND,0,0.364,0.969
2025-06-07,INP404611,SATELLITE,1727,677,LOW,2000,HEX59A40EDA71,3323,11122,29532,90,9,0,7.0,SAT,C_BAND,0,0.586,0.837
2021-03-25,INP372221,CABLE,1909,655,HIGH,200,HEX3798B91BBE,139107,32637,356,28,17,1,157.5,FIBER,LOW_BAND,0,0.234,0.627
2023-08-27,INP892022,4G,1863,457,LOW,1000,HEX7C17793B7D,169813,2682,67196,185,17,1,236.9,COPPER,LOW_BAND,0,0.938,0.425
2020-08-09,INP356781,FIXED_WIRELESS,1064,799,HIGH,0,HEX6451CCFA59,4971,973,24428,130,75,1,68.9,FIBER,MMWAVE,1,0.124,0.852
2022-07-03,INP872422,DSL,1832,934,LOW,2000,HEX5A95C13351,107587,32822,21403,194,41,1,157.1,COAX,MID_BAND,0,0.927,0.636
2024-09-09,INP594034,4G,119,432,LOW,0,HEX8FD47C64A5,214718,13964,50970,39,36,1,189.1,COPPER,C_BAND,1,0.854,0.372
2023-01-14,INP265698,CABLE,65,609,LOW,2000,HEX9D88995AB4,156160,28781,18454,90,37,1,36.9,FIBER,C_BAND,0,0.787,0.512
2021-05-29,INP643220,CABLE,1675,398,MED,0,HEXD44B541455,184868,33529,66952,136,100,1,79.6,FIBER,UNLICENSED,0,0.895,0.473
2020-12-02,INP451252,FIXED_WIRELESS,1449,628,HIGH,200,HEX58977FBFBF,66392,9935,21394,65,14,1,79.5,FIBER,MID_BAND,0,0.677,0.49
2021-02-05,INP141989,FIBER,920,309,LOW,500,HEX737F0629E8,164867,36407,64167,240,116,1,239.0,COPPER,LOW_BAND,0,0.531,0.932
2022-02-13,INP943987,FIXED_WIRELESS,1943,236,LOW,0,HEX84FCEB858B,152130,33809,12232,135,31,0,199.8,SAT,UNLICENSED,1,0.561,0.643
2022-08-21,INP270229,4G,1353,919,MED,100,HEX3439719200,243138,37034,28273,47,18,1,193.8,FIBER,LOW_BAND,0,0.081,0.811
2025-02-25,INP232226,4G,1640,685,MED,2000,HEXF473907E1E,96393,32490,70738,241,150,1,150.1,FIBER,LOW_BAND,1,0.851,0.693
2025-08-22,INP864126,CABLE,371,43,MED,200,HEX9A12E31C78,94043,6995,55866,103,45,0,14.3,FIBER,UNLICENSED,1,0.372,0.505
2020-03-26,INP743182,FIXED_WIRELESS,291,352,MED,100,HEX1F0668749E,124962,42133,31034,140,69,0,112.9,FIBER,UNLICENSED,1,0.91,0.647
2024-05-09,INP201185,DSL,843,203,MED,50,HEX512AEB3C12,40577,15235,57758,6,2,1,195.6,COAX,UNLICENSED,0,0.174,0.542
2021-09-16,INP538838,4G,1387,290,MED,200,HEX319459D355,196550,18490,20782,213,52,1,247.0,COAX,MMWAVE,0,0.867,0.814
2021-05-29,INP194034,FIBER,578,829,MED,2000,HEX522B2096F2,76252,39602,58968,136,13,1,57.5,FIBER,UNLICENSED,0,0.96,0.94
2020-06-12,INP618869,DSL,151,116,MED,0,HEX165E95E1BB,179243,20837,36694,207,46,1,23.5,FIBER,C_BAND,1,0.639,0.722
2020-09-06,INP745553,4G,1542,383,MED,500,HEXAF65A7C79C,127145,17035,17430,89,37,0,158.1,FIBER,C_BAND,1,0.53,0.85
2023-08-30,INP429850,4G,1832,948,MED,500,HEXDDE7250850,225559,26480,57551,133,66,1,27.1,SAT,MID_BAND,0,0.856,0.854
2024-08-17,INP466613,DSL,909,926,LOW,0,HEXEBB9CDA31C,222603,31840,45988,115,7,1,203.7,FIBER,UNLICENSED,0,0.376,0.453
2020-03-23,INP034719,DSL,1464,582,HIGH,100,HEX1065F6C3BC,190054,34361,34887,10,1,0,114.1,COPPER,LOW_BAND,0,0.95,0.634
2025-02-26,INP128554,4G,489,492,LOW,1000,HEX1692524E10,105282,41763,58002,120,37,1,148.7,WIRELESS,LOW_BAND,1,0.215,0.556
2024-06-19,INP385309,5G,509,835,MED,0,HEX000022B26D,229606,40242,5483,81,12,0,9.1,FIBER,UNLICENSED,0,0.734,0.691
2023-01-05,INP717945,FIXED_WIRELESS,1736,71,LOW,2000,HEXF441CC6D8B,95606,7344,74372,97,32,0,228.0,SAT,C_BAND,0,0.386,0.599
2021-08-20,INP184813,5G,627,810,HIGH,200,HEX5024BE18F2,85853,17260,68796,12,5,0,236.9,SAT,C_BAND,1,0.88,0.503
2022-10-28,INP612911,FIXED_WIRELESS,1298,333,MED,500,HEX7FDF226B9A,4260,15407,13876,199,134,1,106.4,WIRELESS,C_BAND,1,0.884,0.423
2025-06-26,INP541098,SATELLITE,895,240,LOW,1000,HEX9667D26AFB,223059,28453,40879,216,156,0,226.7,FIBER,C_BAND,0,0.493,0.979
2023-05-04,INP858996,5G,552,755,MED,200,HEX57F3DA1328,153071,13886,22873,133,118,0,36.7,COPPER,MMWAVE,0,0.426,0.521
2025-12-28,INP618772,FIXED_WIRELESS,1420,317,MED,1000,HEX40E00AD36C,234459,36926,38520,91,25,0,138.4,COPPER,MID_BAND,0,0.306,0.96
2022-09-29,INP235117,SATELLITE,1982,756,MED,2000,HEX5759AAFFD9,689,7408,26454,59,51,0,159.8,FIBER,UNLICENSED,1,0.365,0.615
2020-02-02,INP030937,FIBER,1313,394,LOW,50,HEX134818EE59,17331,24665,26475,229,153,1,159.5,FIBER,C_BAND,0,0.82,0.718
2021-07-15,INP180668,FIBER,72,664,HIGH,2000,HEX43073CA592,169122,27070,24732,141,2,0,131.6,WIRELESS,MID_BAND,0,0.871,0.859
2024-09-04,INP761300,CABLE,478,885,HIGH,500,HEXDE711DF6E2,58365,2014,49335,171,65,0,222.2,COAX,MID_BAND,0,0.202,0.925
2025-09-04,INP804715,SATELLITE,1716,325,MED,2000,HEX08A48975CF,127462,10612,40001,85,77,1,141.1,SAT,UNLICENSED,1,0.926,0.499
2023-11-13,INP606210,CABLE,1312,610,HIGH,200,HEX1CD7543BAB,115891,46102,71616,97,49,0,244.1,WIRELESS,UNLICENSED,1,0.785,0.463
2023-10-18,INP897076,DSL,1350,359,HIGH,100,HEXF9D2A63D7B,28159,11515,47028,40,19,1,179.9,WIRELESS,LOW_BAND,1,1.0,0.809
2021-04-24,INP034631,DSL,1836,306,HIGH,1000,HEX255948E771,85344,44832,28278,89,89,0,170.3,FIBER,LOW_BAND,0,0.783,0.492
2021-12-14,INP319242,4G,1604,211,LOW,200,HEX12A9E68B74,175256,45524,61881,123,42,1,55.7,WIRELESS,MID_BAND,1,0.59,0.894
2023-12-19,INP036191,4G,1129,326,HIGH,200,HEX8941493C15,198886,41760,71031,81,39,0,42.7,COPPER,LOW_BAND,0,0.393,0.778
2020-02-10,INP774167,SATELLITE,676,892,LOW,50,HEX91D63EDB39,115262,5146,38139,130,74,0,238.3,COAX,MID_BAND,1,0.464,0.502
2023-10-12,INP879742,4G,1829,305,MED,2000,HEXDD5136325D,249955,15874,56826,50,2,1,183.7,WIRELESS,UNLICENSED,0,0.404,0.338
2020-08-27,INP193494,FIBER,1927,400,HIGH,1000,HEXA0EB6F695D,193241,13709,17818,98,97,0,124.2,FIBER,C_BAND,1,0.672,0.31
2022-11-30,INP142837,FIXED_WIRELESS,112,12,LOW,0,HEX8A081A889B,152995,41379,19017,122,10,0,126.6,SAT,MID_BAND,0,0.856,0.958
2025-12-28,INP460305,FIBER,963,759,MED,200,HEX608F67DB22,157026,5669,43750,32,14,1,27.0,WIRELESS,MMWAVE,1,0.749,0.636
2025-06-26,INP228742,DSL,246,250,MED,50,HEXBC7FCC59F6,97465,4103,12167,220,132,0,80.3,WIRELESS,C_BAND,1,0.214,0.376
2021-11-25,INP472645,5G,1521,972,LOW,100,HEX1C036B49DF,116099,21349,58438,77,37,1,79.0,COAX,UNLICENSED,1,0.515,0.913
2025-06-23,INP296113,CABLE,1054,561,MED,200,HEX40C0C53C60,185212,43434,54498,82,53,0,230.0,COPPER,UNLICENSED,0,0.266,0.631
2025-07-08,INP031765,4G,1898,928,HIGH,50,HEX4D057E9BFF,111014,25063,48062,107,97,1,178.3,FIBER,MMWAVE,0,0.632,0.898
2022-08-12,INP238428,FIBER,1776,758,HIGH,500,HEX49EBC8F00A,240253,18046,4610,159,62,1,188.9,COPPER,MMWAVE,0,0.113,0.909
2022-03-22,INP698926,FIXED_WIRELESS,823,409,MED,200,HEXB1FE7C7E98,134715,19959,45830,218,128,0,181.4,SAT,C_BAND,0,0.581,0.359
2023-04-12,INP809620,5G,1263,60,MED,500,HEXBFCA950DFB,193410,13383,17419,195,126,0,240.5,WIRELESS,UNLICENSED,0,0.542,0.756
2025-11-21,INP302993,4G,477,55,MED,50,HEX41C076DF35,220479,36887,36992,153,95,1,13.5,SAT,MMWAVE,0,0.071,0.321
2023-01-12,INP796174,CABLE,1592,329,LOW,500,HEXF862C772FF,51922,21972,39324,161,82,1,17.2,COAX,MID_BAND,0,0.12,0.811
2025-09-28,INP663868,4G,1783,376,LOW,0,HEX2F085E4F02,27763,44394,59134,8,3,1,63.0,COPPER,MMWAVE,0,0.218,0.441
2021-09-02,INP326158,5G,1702,407,LOW,2000,HEX17E9EDB42F,160328,11642,12916,8,1,1,124.0,COAX,UNLICENSED,0,0.081,0.535
2020-12-21,INP979745,DSL,174,235,LOW,100,HEXAAB461EBF5,160494,25978,51402,43,30,1,87.9,FIBER,MMWAVE,1,0.69,0.922
2024-11-10,INP748925,4G,1547,464,MED,0,HEXAF119FDA91,100031,47271,62688,0,0,0,188.1,WIRELESS,LOW_BAND,1,0.171,0.603
2024-10-02,INP773158,DSL,10,721,LOW,50,HEX97A0FF6FD4,156948,5746,70846,106,69,0,206.0,COAX,UNLICENSED,0,0.487,0.488
2022-03-03,INP607138,FIXED_WIRELESS,1036,487,LOW,1000,HEXA75FC8C47B,101824,21253,28097,1,0,1,238.3,COAX,MID_BAND,1,0.505,0.454
2021-09-06,INP193214,CABLE,1551,249,HIGH,2000,HEX5C9D5FA71C,40002,43220,55567,108,22,1,164.5,WIRELESS,MMWAVE,0,0.201,0.683
2025-08-19,INP090137,4G,1091,698,MED,100,HEX1799D99ACC,59178,49535,26616,62,32,1,49.1,WIRELESS,MMWAVE,0,0.21,0.797
2024-06-20,INP571592,5G,1484,449,HIGH,0,HEXE62257D9B9,126308,35613,64289,59,46,0,33.4,SAT,UNLICENSED,0,0.377,0.656
2024-07-12,INP012258,SATELLITE,1494,364,LOW,500,HEX62B6A21067,116964,35277,54173,246,113,0,57.4,SAT,MMWAVE,1,0.996,0.978
2020-07-04,INP352495,SATELLITE,476,227,LOW,100,HEX3706F21B34,146279,45411,61896,127,48,1,27.3,SAT,C_BAND,0,0.111,0.67
2024-08-01,INP701349,FIXED_WIRELESS,383,275,MED,200,HEXD95CCA8078,177944,46328,39198,215,58,1,178.1,COAX,UNLICENSED,0,0.792,0.319
2025-09-23,INP489579,4G,1643,902,MED,1000,HEX05D94CB595,59660,18815,42151,60,24,0,154.7,WIRELESS,LOW_BAND,0,0.487,0.798
2024-12-26,INP411483,4G,183,779,MED,50,HEX3020750DDC,160800,30826,57264,177,144,1,134.5,FIBER,C_BAND,1,0.358,0.901
2024-03-25,INP661480,5G,1969,912,LOW,200,HEX5009C9158E,243754,37249,28710,221,149,0,39.4,COPPER,C_BAND,1,0.356,0.601
2022-01-18,INP213993,5G,181,199,HIGH,2000,HEXC9AE693085,153539,21439,5451,123,1,1,164.9,WIRELESS,UNLICENSED,0,0.065,0.879
2022-05-04,INP417854,FIBER,1453,831,HIGH,1000,HEX17306C3815,143427,28888,68084,149,148,0,99.3,SAT,UNLICENSED,0,0.235,0.839
2022-02-05,INP501503,FIBER,1156,963,LOW,1000,HEX11A0B8B864,245799,36151,8907,140,69,1,4.1,COPPER,UNLICENSED,0,0.83,0.544
2023-06-14,INP461480,CABLE,529,527,MED,100,HEX80620CBD60,170559,20233,35679,160,100,0,90.3,FIBER,MID_BAND,0,0.908,0.764
2022-06-24,INP903338,5G,1709,373,LOW,100,HEX9DDAB67E3C,150691,45845,32591,149,24,0,77.2,COAX,MID_BAND,0,0.876,0.882
2020-06-19,INP731675,FIXED_WIRELESS,1664,872,LOW,500,HEX126C7EC44A,44628,5286,13200,19,18,1,109.3,WIRELESS,MID_BAND,1,0.45,0.985
2021-03-22,INP797095,FIBER,548,383,LOW,50,HEX7EC36CB27A,211033,23881,54636,81,51,0,226.9,WIRELESS,MMWAVE,0,0.034,0.754
2023-09-28,INP900356,4G,1553,225,HIGH,0,HEX5DD01538BC,87799,29757,70838,27,17,0,240.4,WIRELESS,UNLICENSED,0,0.712,0.489
2021-03-12,INP789816,5G,1309,810,LOW,100,HEX46EA5110DE,109296,9273,51844,100,54,1,90.6,COAX,C_BAND,1,0.874,0.773
2022-06-19,INP484363,SATELLITE,103,177,HIGH,50,HEX4EC3C16264,222344,20298,14118,134,100,1,96.4,COPPER,UNLICENSED,0,0.404,0.792
2026-01-10,INP967260,DSL,168,698,LOW,100,HEX6DFE28747D,207258,12545,58407,43,11,1,155.2,FIBER,MMWAVE,0,0.076,0.782
2024-07-26,INP583565,5G,569,682,LOW,0,HEX3B5A707707,160428,31239,19855,147,107,1,121.9,WIRELESS,C_BAND,0,0.59,0.859
2020-08-15,INP352211,SATELLITE,86,616,MED,100,HEX51EA452F38,2089,4369,55826,216,197,1,113.0,WIRELESS,C_BAND,0,0.117,0.511
2022-05-19,INP949808,FIXED_WIRELESS,1265,102,MED,200,HEXF1A41E37E8,2388,47437,11616,51,17,1,123.0,FIBER,LOW_BAND,0,0.487,0.696
2025-05-27,INP662333,CABLE,1202,882,HIGH,1000,HEX583738F796,20917,33912,6502,136,65,1,130.2,FIBER,MMWAVE,0,0.311,0.397
2025-04-02,INP796050,FIBER,1623,324,HIGH,200,HEX453A605BA9,134619,5481,67272,122,29,1,7.3,WIRELESS,MMWAVE,1,0.995,0.857
2025-02-14,INP124863,CABLE,1712,217,LOW,1000,HEX609433D2CA,96458,17050,27004,13,12,0,86.1,COPPER,UNLICENSED,0,0.19,0.511
2024-02-21,INP063641,FIBER,1307,393,LOW,1000,HEX08B24054B1,223966,25346,38136,23,2,0,213.7,COPPER,MMWAVE,0,0.31,0.334
2021-10-02,INP698104,SATELLITE,1551,666,HIGH,1000,HEX23457E3A59,96780,36850,74086,42,9,1,160.3,COAX,MMWAVE,1,0.596,0.73
2025-02-20,INP331575,SATELLITE,1384,346,MED,50,HEX866573B121,59351,42205,67611,126,45,0,160.3,COAX,MID_BAND,1,0.287,0.653
2023-10-07,INP273725,4G,1297,241,HIGH,200,HEXEF822D3935,65746,49515,44515,44,4,1,122.6,COAX,MMWAVE,0,0.85,0.949
2024-11-06,INP976871,4G,533,486,LOW,100,HEX75E00E0302,27395,46906,18334,53,37,1,91.0,COPPER,LOW_BAND,0,0.418,0.653
2021-07-12,INP159099,FIXED_WIRELESS,1686,241,HIGH,50,HEX6F245E1A41,162470,25740,64028,139,112,1,125.1,FIBER,LOW_BAND,0,0.639,0.825
2021-02-15,INP242116,DSL,701,368,MED,200,HEX9036BB1ED7,149285,29818,32419,45,12,0,25.2,COAX,C_BAND,1,0.454,0.982
2025-04-06,INP476012,FIXED_WIRELESS,592,27,HIGH,500,HEX39C88F9578,130377,37288,51377,145,144,1,131.2,FIBER,UNLICENSED,0,0.123,0.917
2023-04-04,INP586212,4G,180,617,HIGH,1000,HEX02157E863E,119272,13811,43677,52,12,1,118.5,COPPER,UNLICENSED,0,0.593,0.577
2024-11-14,INP589357,DSL,152,96,MED,50,HEXE0A6DC49D3,161361,26383,47665,175,74,0,19.7,COAX,C_BAND,0,0.066,0.331
2022-04-19,INP697450,4G,1127,597,MED,500,HEX673583E344,87904,10948,13293,43,22,0,241.3,SAT,MMWAVE,1,0.139,0.969
2020-01-21,INP781026,5G,1789,742,HIGH,1000,HEXD95C410C80,21260,46139,31737,172,68,1,68.3,COPPER,UNLICENSED,0,0.909,0.841
2022-11-09,INP018316,4G,458,721,HIGH,1000,HEXD43E6D20F7,186055,41228,36234,35,23,0,232.3,WIRELESS,UNLICENSED,0,0.751,0.428
2024-11-06,INP515551,CABLE,1614,792,MED,200,HEX142C0C00C7,185556,1003,57058,172,63,1,228.5,COAX,UNLICENSED,1,0.469,0.748
2022-08-23,INP106324,FIXED_WIRELESS,13,549,MED,0,HEX4A7757C312,179977,7527,42379,58,15,1,2.0,COPPER,C_BAND,0,0.575,0.857
2023-01-17,INP429190,FIBER,740,98,HIGH,200,HEX89FCB26614,56144,1154,3847,52,41,0,235.9,SAT,LOW_BAND,1,0.356,0.563
2023-11-04,INP183423,4G,410,341,LOW,1000,HEXE52C22534A,190600,12253,58570,195,156,0,178.1,SAT,MMWAVE,0,0.438,0.518
2022-09-09,INP921649,FIXED_WIRELESS,612,11,MED,100,HEX13BCA504F8,2686,29658,43780,3,0,1,35.6,FIBER,MID_BAND,0,0.571,0.474
2020-03-08,INP619629,CABLE,352,480,LOW,1000,HEX1E6FAF378F,126607,40055,56819,122,84,1,119.9,COPPER,MMWAVE,0,0.408,0.434
2020-12-30,INP621658,4G,1136,976,LOW,2000,HEX172FA79649,163839,6161,70787,90,15,1,115.0,WIRELESS,LOW_BAND,0,0.739,0.849
2026-02-09,INP299104,DSL,1731,166,HIGH,200,HEX9B1CC961E9,163199,12451,20712,187,86,0,113.1,SAT,LOW_BAND,0,0.505,0.85
2020-06-26,INP400772,4G,1967,499,HIGH,2000,HEXDFB1070D23,138954,40981,47531,163,146,0,175.6,FIBER,MID_BAND,0,0.154,0.957
2025-03-18,INP117271,DSL,1190,558,HIGH,1000,HEX5113C97BE3,216429,43345,59995,154,40,1,247.8,WIRELESS,MMWAVE,0,0.822,0.47
2020-02-01,INP671538,5G,1722,422,MED,0,HEX4AC673E208,81613,44298,73018,162,76,0,153.7,FIBER,UNLICENSED,0,0.439,0.335
2025-10-06,INP027526,SATELLITE,255,301,LOW,500,HEXB1FBA933AF,119663,49351,36643,146,86,1,70.7,COPPER,MID_BAND,0,0.826,0.708
2020-01-25,INP159671,5G,848,93,HIGH,200,HEX9FFC40BCF1,234092,42911,56078,59,8,1,26.1,WIRELESS,LOW_BAND,0,0.736,0.633
2023-04-20,INP024147,SATELLITE,558,130,HIGH,100,HEX2EC35C371C,108337,18538,36443,182,111,1,125.2,WIRELESS,LOW_BAND,0,0.171,0.928
2020-08-28,INP710161,CABLE,1077,795,HIGH,2000,HEX511511F162,201277,48859,48588,63,43,0,148.1,WIRELESS,UNLICENSED,1,0.592,0.367
2023-01-13,INP958632,FIBER,827,512,MED,200,HEX07697E847C,207687,30138,11748,139,19,0,49.8,SAT,MID_BAND,1,0.669,0.606
2020-07-06,INP306774,FIBER,1294,573,LOW,50,HEXF2111484E1,194340,19719,30679,5,2,0,77.4,SAT,MMWAVE,0,0.589,0.401
2023-09-04,INP525800,FIBER,1219,467,MED,500,HEXB935015A30,7401,29051,50978,219,99,1,1.2,FIBER,MMWAVE,0,0.402,0.806
2024-08-21,INP366160,SATELLITE,1079,505,LOW,500,HEX48D11662C4,67633,3653,42803,94,56,1,231.0,WIRELESS,MMWAVE,1,0.791,0.839
2024-08-06,INP864090,FIBER,1956,681,MED,500,HEXA41B23E07B,102832,27753,69078,235,96,1,109.6,FIBER,UNLICENSED,0,0.787,0.697
2023-11-17,INP527708,FIXED_WIRELESS,90,802,MED,1000,HEX7DCD5F6E4A,83213,25889,51086,107,58,1,114.7,FIBER,LOW_BAND,0,0.14,0.947
2020-03-14,INP160355,5G,762,588,MED,200,HEXACCE2B5565,186994,46685,31148,48,22,0,151.9,SAT,C_BAND,0,0.84,0.588
2025-08-26,INP476597,5G,527,214,MED,50,HEX29A752DB0B,57909,38203,71320,144,55,1,3.6,FIBER,LOW_BAND,1,0.932,0.904
2023-11-12,INP589660,CABLE,96,901,MED,200,HEX50D77AD999,37991,44708,60417,188,154,0,68.0,COPPER,MMWAVE,0,0.068,0.71
2021-04-01,INP515855,FIXED_WIRELESS,282,423,HIGH,200,HEX1B67FE7B59,188157,44635,74782,180,76,0,197.2,WIRELESS,UNLICENSED,1,0.855,0.788
2025-03-07,INP950601,CABLE,1714,172,MED,2000,HEXD008F55524,216261,35014,10531,139,137,1,205.3,WIRELESS,MMWAVE,0,0.592,0.554
2020-04-12,INP181550,CABLE,1726,737,LOW,100,HEXE03DDCD3FB,143585,43499,9851,239,229,1,73.4,COPPER,C_BAND,0,0.437,0.802
2024-01-05,INP891419,DSL,107,518,HIGH,500,HEX04C4A4EF21,196415,2752,42189,75,49,0,25.6,WIRELESS,MID_BAND,1,0.903,0.691
2020-01-13,INP508569,4G,1632,868,HIGH,2000,HEXCE471091C3,220690,23009,52948,186,41,1,173.3,COPPER,LOW_BAND,1,0.996,0.732
2020-05-17,INP104957,CABLE,57,29,LOW,2000,HEX445DD63F57,41494,32563,48884,111,19,0,226.3,COPPER,LOW_BAND,1,0.451,0.673
2022-01-02,INP855010,4G,474,662,MED,1000,HEX6BFA2A3E4F,51171,9226,29809,165,119,0,120.5,COAX,MMWAVE,0,0.611,0.487
2024-03-19,INP352117,SATELLITE,589,164,MED,1000,HEXF9FBE77A4C,139346,22201,57539,140,95,1,75.0,FIBER,UNLICENSED,1,0.138,0.692
2022-12-22,INP368653,FIXED_WIRELESS,718,152,LOW,1000,HEX8F318764A4,147245,31355,63598,112,38,1,102.0,COPPER,UNLICENSED,0,0.721,0.958
2020-03-15,INP154798,FIXED_WIRELESS,1006,899,HIGH,200,HEXFDA886ACB2,2901,21660,3985,170,83,1,242.0,WIRELESS,MID_BAND,1,0.07,0.444
2024-07-24,INP354312,DSL,140,305,LOW,1000,HEXDB29A70BBA,112490,20639,14161,235,163,1,209.6,FIBER,LOW_BAND,0,0.8,0.809
2022-08-28,INP641863,5G,347,193,MED,100,HEX12FF52AB57,119077,12822,41571,29,12,1,35.1,COPPER,MID_BAND,0,0.463,0.386
2022-05-27,INP650025,FIBER,1484,788,HIGH,100,HEX7AD5774A22,232090,39742,8951,48,8,0,176.6,FIBER,UNLICENSED,0,0.635,0.587
2022-12-11,INP625653,SATELLITE,1674,776,MED,50,HEX2F754521A7,164373,9413,34002,234,76,1,152.6,COAX,C_BAND,0,0.977,0.801
2020-09-08,INP390259,5G,863,155,MED,100,HEX6F889824C6,64074,5380,18652,186,135,0,199.2,FIBER,UNLICENSED,0,0.459,0.704
2020-06-30,INP500117,CABLE,1353,103,LOW,1000,HEXA53804165F,128571,514,160,196,137,0,113.1,WIRELESS,C_BAND,1,0.054,0.332
2021-12-21,INP170274,4G,597,250,LOW,200,HEX7486F3CDF2,61304,35701,46397,207,65,1,178.9,WIRELESS,MID_BAND,1,0.356,0.537
2021-12-13,INP047766,SATELLITE,314,146,MED,50,HEX12A15FF88B,44645,45175,27001,5,3,1,67.0,COPPER,C_BAND,0,0.663,0.611
2020-08-27,INP487778,DSL,1733,867,MED,100,HEXED4D7AF131,212383,49462,54423,204,134,0,52.9,FIBER,MID_BAND,1,0.387,0.504
2024-10-24,INP852425,4G,213,831,LOW,2000,HEX935A876AB7,9534,12275,64340,162,18,0,97.3,COPPER,LOW_BAND,0,0.173,0.679
2024-12-02,INP895802,FIXED_WIRELESS,1922,760,HIGH,1000,HEX4F0AD99BA1,215895,26521,35009,56,47,0,177.9,COAX,MMWAVE,1,0.581,0.844
2021-12-06,INP001950,FIBER,1977,9,LOW,500,HEXD2F52283B6,201390,3230,69355,146,135,1,106.3,FIBER,MMWAVE,1,0.849,0.896
2023-03-17,INP452435,4G,214,792,LOW,200,HEX3065B8A876,10652,11980,60928,242,235,1,106.3,COPPER,C_BAND,1,0.689,0.921
2023-10-25,INP089148,FIBER,1921,712,HIGH,1000,HEX5D41F6DCA5,235729,19646,50015,137,106,1,99.3,COAX,MMWAVE,0,0.938,0.492
2025-08-30,INP309881,5G,1936,991,MED,100,HEX3871C3C325,190170,43451,71065,176,57,1,107.0,COPPER,MID_BAND,0,0.209,0.462
2023-09-11,INP031435,FIXED_WIRELESS,1678,452,LOW,0,HEXB0051F86A4,159985,49293,31291,159,55,0,51.7,COAX,UNLICENSED,0,0.085,0.339
2024-06-04,INP963929,4G,721,653,MED,1000,HEX8A85C71B1E,59055,48195,72294,34,12,1,166.4,SAT,C_BAND,1,0.388,0.944
2023-08-02,INP066057,4G,620,878,LOW,500,HEXF23FBF71DF,118149,16358,29955,215,124,0,16.9,WIRELESS,C_BAND,1,0.044,0.503
2025-06-15,INP042658,DSL,1335,668,MED,200,HEX5DE9BB6016,215656,25441,1400,156,92,1,216.0,FIBER,LOW_BAND,0,0.86,0.429
2021-06-15,INP879342,SATELLITE,1666,248,LOW,500,HEX733614DF89,152246,6189,67634,175,103,1,118.8,WIRELESS,UNLICENSED,0,0.25,0.519
2023-01-30,INP799610,5G,1704,791,HIGH,2000,HEX92C830C50B,145146,30147,48265,103,80,0,61.6,COAX,UNLICENSED,1,0.857,0.327
2025-10-21,INP329920,SATELLITE,1717,777,LOW,200,HEXB27FE8309A,212834,12314,18046,240,128,1,139.3,WIRELESS,MMWAVE,1,0.974,0.612
2021-01-19,INP120098,FIXED_WIRELESS,145,515,MED,100,HEX7F1A14800C,230262,5913,29840,61,3,0,171.9,COPPER,LOW_BAND,1,0.548,0.313
2020-02-02,INP078875,FIBER,737,681,HIGH,500,HEXDE97724ABF,84989,24734,9895,132,79,1,143.4,FIBER,C_BAND,0,0.635,0.814
2022-03-14,INP233738,4G,1981,609,LOW,100,HEX8BB9B9083F,233284,8605,49266,88,54,1,117.6,SAT,MMWAVE,0,0.07,0.56
2024-08-12,INP653888,4G,1478,473,MED,1000,HEX0DC6C5ECEB,97796,39134,58971,113,84,0,150.2,WIRELESS,MMWAVE,0,0.214,0.759
2025-09-07,INP093741,4G,1507,259,MED,50,HEXD33741A278,214389,22140,58824,13,7,1,204.8,COAX,C_BAND,0,0.003,0.813
2024-01-12,INP199912,FIBER,1317,345,HIGH,2000,HEX782A802BA2,172611,22709,43734,198,192,0,125.1,SAT,MID_BAND,1,0.523,0.449
2020-05-10,INP477867,FIBER,864,135,LOW,1000,HEXA1B34997E7,167791,35779,37390,138,101,1,28.1,WIRELESS,MID_BAND,1,0.528,0.518
2024-03-24,INP223770,SATELLITE,523,111,MED,50,HEXACCF2092A0,233915,46749,32321,36,6,1,213.3,WIRELESS,MMWAVE,1,0.677,0.728
2025-09-23,INP440775,SATELLITE,335,738,LOW,200,HEXCED8A023F9,104725,2120,41049,8,3,0,96.3,FIBER,MMWAVE,1,0.09,0.974
2022-11-17,INP928330,DSL,1972,258,LOW,100,HEX51CCB1A603,52878,15249,67178,105,91,1,100.0,FIBER,LOW_BAND,0,0.295,0.444
2022-01-04,INP836054,DSL,824,270,MED,0,HEXCA9DAA7AD3,17409,20246,44849,38,17,0,69.0,WIRELESS,C_BAND,0,0.065,0.866
2022-06-04,INP300297,FIBER,1716,538,MED,0,HEXF632BA61E2,119975,5622,6444,8,4,0,145.8,COPPER,MMWAVE,0,0.993,0.837
2022-08-22,INP924060,5G,334,667,LOW,100,HEX09FD3AFADC,33812,20829,28839,34,27,1,186.7,FIBER,LOW_BAND,0,0.863,0.719
2023-04-15,INP971792,FIBER,885,182,LOW,2000,HEX88EF941717,32572,44694,57240,2,1,0,21.5,WIRELESS,MID_BAND,0,0.916,0.403
2022-07-24,INP975222,CABLE,516,365,MED,50,HEXB87245D04E,239259,45354,3675,147,64,1,198.4,WIRELESS,LOW_BAND,0,0.429,0.414
2026-01-13,INP151258,FIBER,829,204,MED,50,HEX908D4DFEA7,60973,9274,21283,55,8,0,63.2,WIRELESS,MID_BAND,0,0.871,0.8
2024-05-27,INP503131,SATELLITE,1603,501,HIGH,100,HEX7947B74415,154174,19631,4407,98,88,1,189.0,COPPER,MID_BAND,0,0.632,0.485
2023-01-05,INP672355,CABLE,1892,10,HIGH,1000,HEXB75C7BCBA0,112680,27755,23321,88,0,1,107.3,COPPER,MID_BAND,1,0.195,0.875
2024-12-21,INP928542,CABLE,1206,994,LOW,200,HEX128CF35620,147215,3084,66678,44,1,0,160.4,FIBER,UNLICENSED,0,0.898,0.418
2020-05-27,INP511168,CABLE,1581,152,LOW,1000,HEX5493B7C2D9,44415,20653,11391,5,0,0,228.4,COPPER,MMWAVE,0,0.924,0.394
2024-01-19,INP857892,5G,1264,712,HIGH,1000,HEX43602200A7,8917,822,30536,123,98,1,122.8,COAX,LOW_BAND,0,0.542,0.402
2024-04-10,INP059735,4G,112,559,MED,0,HEXF12A8EF099,120225,45195,37978,147,71,0,25.9,WIRELESS,LOW_BAND,0,0.583,0.343
2024-07-19,INP297213,4G,1651,683,LOW,2000,HEX159883CBFE,180779,28939,70907,235,169,1,122.7,COAX,C_BAND,0,0.995,0.894
2023-10-23,INP695880,SATELLITE,628,454,HIGH,2000,HEXA071CBBE33,105780,14599,45787,159,38,1,233.4,COPPER,MID_BAND,1,0.958,0.82
2020-12-20,INP357594,5G,1913,117,HIGH,1000,HEX437614DF1E,137321,49797,65565,158,86,0,149.4,FIBER,UNLICENSED,1,0.71,0.524
2023-10-07,INP123331,DSL,190,228,MED,100,HEX0C018ED068,47992,17937,35570,60,10,1,193.3,SAT,C_BAND,1,0.514,0.732
2025-08-14,INP155680,FIXED_WIRELESS,1234,120,MED,100,HEXD68CEE494F,54218,1875,37175,157,69,1,11.9,FIBER,LOW_BAND,0,0.416,0.525
2026-01-24,INP052991,FIXED_WIRELESS,973,608,LOW,200,HEXC4CD3055D9,172330,28222,36449,5,4,1,94.0,FIBER,LOW_BAND,0,0.442,0.559
2021-02-05,INP083185,CABLE,450,746,MED,100,HEX9558915D6B,87601,16782,74016,246,62,1,115.7,SAT,LOW_BAND,0,0.769,0.583
2026-02-23,INP514965,FIXED_WIRELESS,1453,647,HIGH,50,HEX217A37C1B2,188813,11324,42868,85,67,1,21.4,SAT,LOW_BAND,1,0.44,0.589
2024-01-25,INP854521,FIXED_WIRELESS,969,450,HIGH,2000,HEXF0DFC57672,67772,19546,45883,139,77,0,110.2,COAX,LOW_BAND,0,0.064,0.696
2020-03-14,INP908708,FIBER,695,315,HIGH,100,HEX492B5D63E9,214590,48521,28454,203,149,0,198.5,FIBER,MMWAVE,0,0.39,0.578
2023-12-31,INP786192,5G,1579,333,MED,500,HEX90E5812507,144852,15321,57089,57,20,1,199.4,WIRELESS,UNLICENSED,1,0.103,0.396
2021-08-22,INP474186,DSL,743,189,MED,0,HEX1FF2651E2F,26344,12446,43970,167,66,0,206.3,FIBER,LOW_BAND,0,0.988,0.881
2021-06-08,INP268690,CABLE,1775,944,HIGH,50,HEX0DD6B078CB,98069,14423,30467,28,24,1,101.0,SAT,MID_BAND,1,0.415,0.956
2025-03-02,INP367298,DSL,785,299,HIGH,50,HEX12BE658C63,160807,13712,6179,53,8,1,108.6,SAT,UNLICENSED,1,0.003,0.653
2020-12-08,INP888349,5G,1388,94,LOW,2000,HEXC118FB4D19,19475,38855,39860,68,43,0,220.7,WIRELESS,MMWAVE,0,0.755,0.56
2023-11-09,INP241470,CABLE,761,711,MED,1000,HEX4AF55D9F30,245600,8550,24237,74,22,1,242.0,WIRELESS,LOW_BAND,0,0.385,0.457
2022-06-08,INP617930,SATELLITE,1285,640,MED,1000,HEXBE15F97DDF,244595,44670,27828,185,14,1,117.9,COAX,MID_BAND,1,0.951,0.782
2021-04-22,INP709882,FIBER,169,46,HIGH,2000,HEX1FC605A09D,236031,27367,70102,207,102,0,22.4,COPPER,UNLICENSED,0,0.358,0.626
2022-01-13,INP177251,SATELLITE,26,175,MED,2000,HEX3488E7F9B6,121781,31006,52285,80,39,1,88.3,SAT,MID_BAND,0,0.1,0.592
2020-10-25,INP162622,4G,1403,998,LOW,0,HEX6B4C8F823B,178502,17761,37955,71,58,0,167.0,COAX,UNLICENSED,1,0.355,0.759
2023-06-25,INP336164,SATELLITE,1531,605,LOW,100,HEX2B73C1387C,174334,25988,15107,241,196,1,183.4,COAX,C_BAND,1,0.74,0.956
2021-08-26,INP877848,FIBER,1697,428,MED,200,HEXAA09A839B4,147119,25895,21089,13,11,1,242.1,COPPER,UNLICENSED,1,0.599,0.825
2022-02-18,INP519508,DSL,1819,945,HIGH,100,HEX0388F55611,23213,17375,54330,34,29,0,83.6,WIRELESS,MID_BAND,1,0.935,0.787
2024-05-27,INP968125,FIBER,1972,927,MED,100,HEXD6D5BD9730,78108,17012,50453,191,54,1,65.6,COAX,C_BAND,1,0.003,0.386
2021-08-05,INP199765,SATELLITE,215,214,LOW,50,HEXFFE388B092,242296,12145,19862,182,10,1,238.6,COAX,LOW_BAND,0,0.427,0.932
2024-12-01,INP078456,DSL,1141,173,MED,1000,HEX64A00FA75D,152631,43162,53674,47,23,0,149.5,SAT,LOW_BAND,0,0.141,0.45
2023-09-23,INP901261,4G,539,403,MED,500,HEX3075643182,19909,40603,34126,232,205,1,238.8,WIRELESS,MID_BAND,1,0.861,0.559
2022-07-19,INP139767,SATELLITE,1729,337,MED,100,HEX06E4558367,39505,36735,65915,72,25,0,145.1,SAT,UNLICENSED,0,0.712,0.905
2025-09-01,INP500637,4G,378,547,MED,100,HEXFB023F14F1,217808,15306,58348,4,3,0,124.3,COAX,MID_BAND,0,0.045,0.976
2023-12-02,INP062784,SATELLITE,474,621,MED,200,HEXB81E89FC05,70030,11184,38785,142,114,1,158.3,COAX,LOW_BAND,0,0.499,0.372
2020-01-26,INP689545,CABLE,1744,809,LOW,100,HEXB6929E3A9A,104824,36351,68616,72,1,1,119.5,WIRELESS,MID_BAND,1,0.781,0.777
2023-06-23,INP461139,SATELLITE,390,790,HIGH,100,HEX2EF7D4637E,193171,24580,57771,142,87,0,51.7,WIRELESS,LOW_BAND,0,0.237,0.347
2021-04-10,INP045538,CABLE,155,932,MED,0,HEX677263B350,223857,5366,3548,42,42,0,233.7,SAT,MID_BAND,0,0.785,0.694
2020-10-03,INP200186,5G,635,483,MED,1000,HEX8FA919CE38,49284,48426,8878,44,16,1,173.4,COPPER,C_BAND,0,0.478,0.306
2020-04-12,INP701574,4G,405,424,HIGH,100,HEX24AA02915C,77104,26115,53174,111,77,0,230.5,FIBER,MMWAVE,0,0.174,0.617
2021-06-22,INP777754,FIBER,1051,905,MED,1000,HEX3D4B59FD02,234744,42870,2668,176,51,0,179.9,COAX,MMWAVE,0,0.595,0.332
2021-07-20,INP529154,DSL,1359,392,HIGH,1000,HEXE94AA4F947,21981,22689,30728,229,125,0,41.9,FIBER,MMWAVE,1,0.54,0.852
2021-06-13,INP250606,SATELLITE,977,554,LOW,200,HEXAB8A6A392F,32204,8374,67373,140,26,1,5.4,COAX,UNLICENSED,0,0.774,0.925
2021-09-04,INP242228,FIXED_WIRELESS,1750,64,HIGH,50,HEX8EA48A4F2A,56759,44942,25107,32,11,1,181.9,WIRELESS,MMWAVE,1,0.584,0.607
2020-07-04,INP505199,DSL,1327,237,MED,2000,HEXBBA2C55472,7810,46820,6720,223,67,0,227.1,SAT,MMWAVE,0,0.772,0.414
2021-12-18,INP668222,5G,1660,378,HIGH,0,HEX8C743BCEF6,1661,42474,72186,63,0,0,113.8,COPPER,MMWAVE,0,0.382,0.825
2025-09-10,INP359979,CABLE,968,865,LOW,50,HEX3F87FF28EB,240236,19072,7342,83,55,0,72.5,WIRELESS,MMWAVE,0,0.952,0.416
2025-11-18,INP179461,SATELLITE,83,905,HIGH,2000,HEX924276DBE7,14752,5168,62378,217,186,0,235.7,FIBER,LOW_BAND,0,0.638,0.53
2024-05-22,INP484304,4G,631,892,MED,100,HEXBCC90BFB77,235431,48401,67534,13,3,1,41.6,COAX,UNLICENSED,0,0.219,0.767
2020-01-08,INP902384,FIBER,1606,332,HIGH,100,HEXC0C93C3FE3,97277,17660,26974,26,26,0,110.4,COPPER,LOW_BAND,1,0.711,0.555
2020-04-28,INP728697,FIBER,1589,636,HIGH,200,HEXB9F7229D70,155279,9388,68411,60,56,0,165.8,SAT,MMWAVE,1,0.578,0.734
2024-09-14,INP124441,FIBER,1583,232,HIGH,0,HEXD9EC877698,107181,16803,35725,211,70,0,30.2,COAX,LOW_BAND,1,0.343,0.762
2024-12-08,INP713401,SATELLITE,1539,52,HIGH,200,HEX28232A7FC7,238087,24401,20739,29,21,1,238.2,WIRELESS,MID_BAND,1,0.865,0.784
2022-06-26,INP273854,FIXED_WIRELESS,1560,379,HIGH,200,HEX2719B65B46,192066,21716,57719,73,7,0,198.1,COPPER,C_BAND,0,0.534,0.601
2025-08-26,INP442976,SATELLITE,201,786,MED,200,HEXC603D0E81C,6617,2094,63194,217,179,1,59.3,FIBER,UNLICENSED,0,0.156,0.582
2025-05-06,INP605609,DSL,660,62,HIGH,500,HEX13927DAD4B,190940,18585,37119,233,123,0,111.0,WIRELESS,UNLICENSED,0,0.29,0.85
2025-02-25,INP903433,SATELLITE,1588,596,HIGH,100,HEX20C1798271,147510,8579,41569,250,184,0,224.5,COPPER,LOW_BAND,0,0.518,0.832
2020-04-29,INP619101,FIXED_WIRELESS,454,328,HIGH,2000,HEX8570F625D1,52870,12582,41539,107,16,0,193.2,COAX,C_BAND,1,0.672,0.85
2022-01-22,INP850883,4G,281,64,LOW,100,HEX30F88A279A,113495,43318,61143,131,52,1,242.9,WIRELESS,MID_BAND,0,0.266,0.724
2022-06-03,INP840486,5G,538,548,LOW,100,HEXB1969DF8D1,40703,187,66683,184,69,0,187.4,COAX,MID_BAND,0,0.336,0.926
2022-12-10,INP095738,SATELLITE,1745,224,HIGH,100,HEX0E07D8BF92,226922,22261,61944,201,186,0,80.4,COPPER,MID_BAND,1,0.248,0.795
2021-04-26,INP681438,4G,1605,588,MED,100,HEXA30985C773,98846,28949,63562,133,48,0,240.0,COAX,LOW_BAND,0,0.543,0.576
2022-01-11,INP449068,FIBER,950,218,MED,1000,HEX29B74064A5,66255,1663,23895,152,20,0,152.9,WIRELESS,C_BAND,1,0.829,0.816
2023-02-24,INP506585,5G,681,735,MED,0,HEXB29FE174F8,106965,12411,54463,159,62,0,183.9,COAX,UNLICENSED,1,0.964,0.627
2022-12-12,INP261314,FIXED_WIRELESS,1913,895,LOW,0,HEX8D53AC4AF1,47567,27645,44006,12,8,1,152.2,WIRELESS,C_BAND,0,0.506,0.521
2025-04-20,INP569984,FIXED_WIRELESS,1064,655,LOW,500,HEX619FE8447C,22388,31110,59321,130,82,1,115.5,WIRELESS,MMWAVE,1,0.04,0.831
2023-11-01,INP755153,FIXED_WIRELESS,590,775,HIGH,50,HEXEDB4F1D627,239984,5534,45125,209,98,1,100.4,SAT,UNLICENSED,0,0.54,0.867
2021-05-30,INP481033,5G,218,437,HIGH,2000,HEXCEE0F64CD3,88247,21557,70612,53,32,1,181.5,COPPER,MID_BAND,0,0.263,0.472
2021-09-25,INP323518,4G,366,768,LOW,2000,HEX66377B190D,245022,5401,15,10,0,1,42.1,WIRELESS,MMWAVE,0,0.09,0.687
2025-09-12,INP787367,FIBER,811,152,MED,1000,HEX760D94C5C2,213619,37610,15260,92,25,1,114.2,SAT,MID_BAND,0,0.073,0.709
2024-06-06,INP793267,DSL,1096,30,LOW,2000,HEXAC7A17E468,78099,36642,49185,67,14,1,81.0,WIRELESS,UNLICENSED,0,0.919,0.366
2021-06-24,INP928825,FIXED_WIRELESS,364,110,MED,100,HEX10CA7114B6,101294,34619,73362,47,12,0,113.6,COPPER,MID_BAND,0,0.393,0.41
2025-11-23,INP268923,CABLE,1352,687,LOW,0,HEX2AA91E9923,236654,22077,47884,60,60,1,193.5,WIRELESS,C_BAND,1,0.73,0.34
2023-04-02,INP936521,FIBER,19,145,LOW,1000,HEXC8A073B6DF,17982,9253,13018,205,1,1,101.9,WIRELESS,UNLICENSED,0,0.144,0.328
2020-09-04,INP553163,FIXED_WIRELESS,1937,726,HIGH,200,HEXD29FAC4115,226498,25084,65257,54,38,0,155.1,WIRELESS,UNLICENSED,0,0.466,0.306
2024-04-05,INP254735,5G,1603,781,HIGH,50,HEXFA9EE1EA07,6582,2609,40130,133,50,0,171.8,WIRELESS,MMWAVE,1,0.875,0.906
2024-01-22,INP354722,4G,1687,409,LOW,2000,HEX20D387EA2F,225115,186,9346,66,52,1,120.8,FIBER,MID_BAND,0,0.794,0.975
2023-04-23,INP803124,5G,99,838,LOW,1000,HEXE443508D9C,215444,16657,5377,169,148,0,174.3,FIBER,UNLICENSED,0,0.877,0.579
2023-04-09,INP633613,5G,961,455,MED,500,HEX55BDE42270,158573,13774,19192,205,92,1,102.1,WIRELESS,C_BAND,0,0.138,0.429
2021-12-09,INP036815,FIBER,572,628,HIGH,200,HEX14BBBA7791,66940,3324,37997,150,62,1,177.9,COPPER,MMWAVE,1,0.229,0.347
2025-07-01,INP332469,FIXED_WIRELESS,1341,447,LOW,0,HEXDB6F52E65E,165504,25452,8890,88,86,0,138.6,WIRELESS,MID_BAND,0,0.64,0.792
2025-09-20,INP999966,4G,648,657,LOW,500,HEX8B6710551E,91500,23137,47685,205,24,1,232.7,SAT,UNLICENSED,1,0.521,0.849
2024-04-10,INP805600,SATELLITE,907,858,LOW,500,HEX7012631C2D,49289,3949,51163,12,5,0,244.3,FIBER,MMWAVE,0,0.985,0.588
2020-02-13,INP327887,4G,1931,799,LOW,500,HEXD47902371F,183243,31053,32298,32,21,0,91.5,COPPER,LOW_BAND,0,0.24,0.325
2022-04-10,INP855804,CABLE,1966,823,LOW,0,HEX7C10AD6C11,181876,25315,59623,223,4,0,141.7,WIRELESS,UNLICENSED,0,0.209,0.314
2023-08-01,INP326119,DSL,745,304,MED,0,HEXF97415D05B,118354,26985,33312,192,123,1,139.2,WIRELESS,MID_BAND,0,0.27,0.582
2021-03-29,INP123926,SATELLITE,1341,13,MED,2000,HEX20DCDB5F48,14700,11585,17322,41,28,0,244.9,FIBER,MID_BAND,1,0.984,0.592
2024-11-11,INP811577,CABLE,531,928,MED,100,HEXE1C0742B0C,146428,12600,1950,106,26,0,74.0,WIRELESS,LOW_BAND,1,0.67,0.477
2023-09-20,INP473284,DSL,701,220,HIGH,100,HEX97FF698FAF,51312,10870,21143,229,85,0,217.1,COPPER,C_BAND,1,0.957,0.426
2024-12-31,INP235154,FIBER,459,955,MED,0,HEX5EEBB221AA,42484,47423,5916,8,4,1,37.7,COAX,MID_BAND,0,1.0,0.43
2026-02-10,INP423983,FIBER,1635,60,LOW,0,HEX5B3369A3D8,192059,40816,39871,157,18,0,120.0,COAX,LOW_BAND,0,0.71,0.918
2023-04-18,INP872134,FIXED_WIRELESS,1757,327,HIGH,100,HEXD2388A1F63,78989,12109,67128,207,8,0,24.5,COAX,LOW_BAND,0,0.172,0.718
2025-03-17,INP476250,4G,1918,696,MED,0,HEXF6AF612F7A,170511,47116,35849,249,152,0,114.6,COPPER,C_BAND,1,0.514,0.48
2024-02-06,INP482364,CABLE,232,347,HIGH,500,HEX2BED9F7097,194372,23857,56720,21,5,1,228.9,COPPER,MID_BAND,0,0.299,0.367
2024-04-13,INP453775,DSL,771,693,LOW,2000,HEX9CA3735A20,245441,14725,11015,194,187,1,97.8,SAT,MMWAVE,0,0.264,0.87
2025-01-09,INP545414,SATELLITE,187,104,MED,500,HEX4DAF69FA8C,180467,3727,14929,87,29,0,139.1,WIRELESS,C_BAND,0,0.021,0.819
2020-11-12,INP558528,SATELLITE,1104,653,MED,1000,HEXCDE4642705,44494,10907,68662,174,84,0,211.7,SAT,UNLICENSED,0,0.909,0.748
2020-05-02,INP502429,SATELLITE,1170,124,LOW,0,HEX4DE40CEF85,175486,42911,74651,147,117,0,100.2,COPPER,LOW_BAND,0,0.053,0.349
2024-11-16,INP482615,5G,1417,464,HIGH,0,HEXF5AD62A2D9,131795,18343,69834,128,124,1,155.8,FIBER,UNLICENSED,0,0.419,0.967
2025-10-24,INP629025,FIBER,727,621,HIGH,50,HEXC067324F31,64930,33965,69954,121,7,0,117.4,WIRELESS,MID_BAND,0,0.507,0.643
2024-03-10,INP959704,FIXED_WIRELESS,251,278,MED,500,HEX98FCDA6066,89252,36300,54219,116,100,1,150.9,COPPER,MID_BAND,1,0.451,0.532
2022-06-01,INP606985,DSL,267,392,HIGH,0,HEX38EBFABEC4,35226,48498,24808,221,100,1,112.5,SAT,LOW_BAND,0,0.452,0.622
2024-11-09,INP380241,DSL,90,262,MED,100,HEX46636C6F8C,55249,40567,18738,203,168,0,221.2,COPPER,LOW_BAND,0,0.968,0.426
2020-08-20,INP259589,CABLE,1326,555,MED,500,HEXFB70C23CD9,244734,48804,28537,189,126,0,177.1,COAX,UNLICENSED,1,0.179,0.39
2021-06-15,INP680202,FIXED_WIRELESS,1817,278,HIGH,0,HEXAE0B74AE13,41241,35294,17628,50,26,0,187.2,SAT,MID_BAND,0,0.148,0.599
2022-07-07,INP056722,DSL,1711,245,MED,1000,HEX7CFF64F4A1,76141,23907,55129,22,21,0,134.1,SAT,LOW_BAND,0,0.012,0.783
2023-03-27,INP619719,FIBER,1530,640,MED,1000,HEX8BDB89A21C,178728,36670,67878,176,19,0,120.3,COPPER,MID_BAND,0,0.142,0.917
2025-07-31,INP275808,CABLE,557,131,LOW,500,HEXF3C42344C1,130504,32844,43456,140,67,1,125.0,COPPER,MID_BAND,0,0.507,0.742
2020-11-30,INP004080,4G,501,761,HIGH,200,HEXCB2FFE0B2D,38337,22819,6037,82,77,0,51.0,FIBER,MMWAVE,0,0.424,0.687
2023-02-27,INP894778,SATELLITE,1261,429,LOW,1000,HEX768B96B029,96697,46492,71574,160,22,1,23.6,COAX,LOW_BAND,1,0.029,0.802
2021-09-06,INP351031,FIXED_WIRELESS,1151,169,MED,0,HEX52C8009605,110314,36956,3153,95,5,1,160.9,SAT,C_BAND,0,0.087,0.816
2020-02-28,INP910220,SATELLITE,1707,455,HIGH,500,HEXD5232BD43A,84805,36175,7143,220,44,0,18.7,COPPER,MMWAVE,0,0.015,0.398
2022-05-28,INP313801,CABLE,1380,89,HIGH,2000,HEXD5EEFD82FD,69671,6274,49878,25,9,1,209.8,COPPER,C_BAND,0,0.112,0.819
2025-08-22,INP588642,FIXED_WIRELESS,1292,307,HIGH,50,HEX3340E0AE5C,131803,7752,47228,169,131,0,59.2,FIBER,MMWAVE,1,0.152,0.956
2026-01-01,INP675569,4G,1755,789,MED,2000,HEX3E31DDDB6D,92997,22037,52819,198,141,1,164.5,COPPER,MID_BAND,1,0.531,0.558
2026-02-06,INP779656,FIXED_WIRELESS,1226,383,LOW,50,HEXDFB6135F16,165499,10960,5843,29,23,1,182.3,SAT,UNLICENSED,0,0.275,0.304
2024-12-26,INP786600,4G,1657,755,LOW,2000,HEX1EC499315A,63693,40413,60841,221,82,1,123.7,COAX,MID_BAND,0,0.936,0.677
2021-02-13,INP791986,FIBER,77,142,MED,500,HEX3D5885A28F,70588,837,69536,151,125,1,161.3,SAT,C_BAND,0,0.915,0.539
2020-06-04,INP714165,5G,1100,731,HIGH,100,HEX1BFBE7AE79,160964,48741,26048,158,38,1,92.3,FIBER,C_BAND,0,0.465,0.845
2023-12-25,INP817026,SATELLITE,238,375,HIGH,500,HEXEDB843AE3F,165825,741,18714,155,5,1,5.2,SAT,LOW_BAND,0,0.796,0.453
2021-01-06,INP060394,5G,904,177,LOW,2000,HEX638BF303EE,166751,31376,44125,228,90,1,128.8,COPPER,UNLICENSED,1,0.635,0.685
2024-06-02,INP096535,5G,1593,34,MED,50,HEXCDE1654868,109055,14071,71171,113,22,1,239.3,COPPER,MID_BAND,0,0.764,0.819
2025-05-26,INP062846,FIBER,337,393,MED,100,HEX894803B188,170292,18310,70300,186,6,0,186.6,FIBER,C_BAND,1,0.516,0.79
2025-04-24,INP268905,4G,583,514,LOW,500,HEXDECF13D402,19293,47334,37358,248,104,1,54.3,COAX,MMWAVE,1,0.724,0.626
2021-11-22,INP833861,4G,1135,127,MED,0,HEXDA7718BE92,173983,42306,24707,158,109,1,34.3,COAX,LOW_BAND,0,0.106,0.3
2022-01-09,INP743433,SATELLITE,1342,776,HIGH,50,HEXF0633DC6D3,198608,15112,64940,28,5,1,98.7,FIBER,MMWAVE,1,0.864,0.719
2023-09-08,INP582789,FIXED_WIRELESS,454,157,LOW,0,HEX06BF77A967,85890,9419,13024,102,2,1,74.6,COPPER,UNLICENSED,0,0.805,0.839
2022-05-17,INP762968,FIXED_WIRELESS,582,491,HIGH,50,HEX59C56CB4B6,218368,27110,59580,216,20,0,134.7,COPPER,MMWAVE,0,0.062,0.444
2020-09-24,INP544117,4G,947,669,MED,100,HEX9C47B0433F,192218,25382,59817,153,25,0,34.6,WIRELESS,MID_BAND,0,0.273,0.697
2020-07-23,INP720459,DSL,1461,226,HIGH,2000,HEXD8E773AD32,28928,33004,59484,141,26,0,35.7,SAT,UNLICENSED,0,0.22,0.81
2021-04-24,INP936862,CABLE,1609,926,MED,500,HEX5F0494CC99,224096,42431,52255,198,166,1,213.8,COPPER,UNLICENSED,0,0.545,0.696
2021-06-27,INP558284,4G,1013,468,MED,50,HEX96D230C754,171190,36627,36136,29,22,1,127.7,SAT,UNLICENSED,1,0.066,0.519
2021-09-03,INP760965,FIXED_WIRELESS,999,877,HIGH,500,HEXAB86E26160,45351,36193,480,33,1,1,226.5,COPPER,C_BAND,1,0.388,0.358
2024-08-19,INP348539,5G,836,368,MED,2000,HEX0E88393FB4,163718,37874,15519,47,25,0,19.6,WIRELESS,C_BAND,0,0.365,0.607
2023-04-29,INP123520,4G,1403,915,MED,0,HEXBE42C24DBC,154429,27056,60202,183,152,0,225.6,FIBER,UNLICENSED,0,0.937,0.784
2024-08-05,INP548190,FIBER,1889,463,HIGH,200,HEX76A020EB6C,57431,33529,21856,34,15,1,45.3,FIBER,UNLICENSED,1,0.165,0.479
2023-10-09,INP646178,DSL,749,269,HIGH,2000,HEX0413C55557,102600,20938,54489,183,157,0,105.6,SAT,C_BAND,1,0.599,0.904
2024-07-27,INP198391,4G,1369,748,LOW,1000,HEXE430132858,163529,19007,59349,10,9,0,203.4,FIBER,MMWAVE,0,0.729,0.678
2021-06-10,INP280254,4G,224,233,HIGH,200,HEX489E688880,157470,6586,18643,164,117,0,121.1,FIBER,C_BAND,1,0.671,0.813
2023-09-25,INP066627,DSL,1724,596,MED,1000,HEXF3B7C738D4,24197,16789,25388,42,41,0,193.7,WIRELESS,UNLICENSED,0,0.636,0.385
2020-02-02,INP879890,4G,1793,704,HIGH,200,HEX56BBF4713D,235707,6111,8336,230,72,1,70.8,WIRELESS,C_BAND,0,0.486,0.417
2023-07-21,INP061809,5G,186,186,MED,50,HEX2B7F47B614,60380,21463,26777,181,9,1,83.2,WIRELESS,UNLICENSED,0,0.124,0.61
2025-06-27,INP205982,DSL,1594,191,MED,50,HEXB0DA1C50FF,198071,37924,17278,33,32,1,147.7,COPPER,LOW_BAND,0,0.207,0.621
2022-11-02,INP670659,FIXED_WIRELESS,346,639,MED,50,HEX027C52517A,38745,35190,44027,85,69,1,156.2,COPPER,LOW_BAND,0,0.875,0.745
2021-09-24,INP449754,FIXED_WIRELESS,1603,904,MED,1000,HEX6E180F6D55,203366,10350,16380,26,1,0,149.3,COAX,MID_BAND,1,0.857,0.531
2024-05-19,INP453412,FIBER,1947,854,LOW,500,HEX28D14D8AA4,163029,26238,41881,176,91,1,89.0,SAT,C_BAND,1,0.541,0.911
2025-10-07,INP899783,FIBER,636,251,HIGH,2000,HEX888999DD44,788,25926,5082,37,24,0,232.8,SAT,C_BAND,0,0.048,0.769
2021-06-27,INP155097,FIXED_WIRELESS,962,515,LOW,0,HEX8EE50F336E,118154,3972,45306,36,36,1,34.4,COPPER,UNLICENSED,1,0.705,0.4
2025-01-12,INP512391,CABLE,1075,780,HIGH,500,HEXCCCB412422,217242,7345,11575,190,83,1,68.0,SAT,C_BAND,1,0.677,0.822
2020-10-26,INP063584,DSL,1832,498,MED,1000,HEX9B3FA514F6,117640,12471,64673,44,3,1,61.0,COPPER,C_BAND,1,0.303,0.314
2021-10-10,INP059998,DSL,1853,676,MED,50,HEX6450203E86,229022,27842,56080,117,56,1,73.5,SAT,UNLICENSED,0,0.201,0.467
2021-09-09,INP027481,SATELLITE,1850,597,HIGH,500,HEX08FD1418E0,165200,46233,21443,121,89,0,222.5,COPPER,C_BAND,0,0.462,0.838
2020-12-31,INP363175,SATELLITE,1513,184,LOW,50,HEXCA9D6A4B7D,56328,9733,32653,125,20,1,220.9,COPPER,UNLICENSED,1,0.087,0.459
2023-06-06,INP990462,FIBER,742,410,HIGH,2000,HEXEE45EB6586,238120,28146,12421,51,17,0,157.2,SAT,LOW_BAND,1,0.339,0.942
2022-01-29,INP330440,4G,618,64,MED,50,HEX44B666D063,230836,47131,3548,112,20,1,225.0,WIRELESS,LOW_BAND,0,0.357,0.796
2020-10-20,INP864544,FIXED_WIRELESS,1634,744,HIGH,2000,HEX377C4BE28C,19406,11545,70623,170,125,0,192.6,FIBER,MID_BAND,0,0.505,0.594
2021-03-08,INP185854,SATELLITE,1239,869,MED,1000,HEXFD14D68276,24160,47405,1400,75,4,0,118.2,COPPER,MID_BAND,1,0.521,0.571
2022-12-26,INP508209,CABLE,1885,406,HIGH,50,HEXACC865E045,34259,32920,3451,186,123,1,220.1,COAX,MMWAVE,0,0.008,0.59
2024-03-17,INP998123,FIXED_WIRELESS,72,414,MED,2000,HEX38379FBE5D,96293,42583,8895,41,37,0,78.0,SAT,UNLICENSED,0,0.219,0.68
2024-01-30,INP180808,5G,189,769,LOW,1000,HEX6665899A3A,171666,33023,11170,86,67,0,61.7,COPPER,C_BAND,0,0.056,0.376
2024-08-13,INP539815,4G,1935,722,LOW,500,HEXE199EED9DD,126913,36171,14468,244,195,0,230.4,COAX,UNLICENSED,0,0.966,0.854
2020-10-09,INP352378,CABLE,593,609,LOW,100,HEX74042F7B45,104238,28458,8457,27,24,1,87.7,SAT,LOW_BAND,0,0.92,0.711
2024-04-17,INP304440,5G,1509,1000,LOW,200,HEXE2F61DB704,142377,47147,3733,38,29,0,182.7,COPPER,MMWAVE,1,0.112,0.705
2024-10-16,INP683878,FIBER,983,304,MED,1000,HEX68E84C6443,146631,1477,51349,225,133,1,206.4,COAX,MMWAVE,0,0.354,0.54
2025-02-04,INP183449,FIXED_WIRELESS,1327,139,HIGH,0,HEX5630FADCD6,156431,5916,51680,182,161,0,71.2,SAT,MMWAVE,1,0.771,0.699
2024-05-29,INP563549,FIXED_WIRELESS,233,551,LOW,1000,HEXE5306F9A7A,90733,7436,11408,205,124,1,237.7,COAX,C_BAND,1,0.05,0.381
2021-02-18,INP888449,FIXED_WIRELESS,342,795,MED,2000,HEXFBD32C6371,108778,33856,22848,77,24,1,125.1,FIBER,MID_BAND,0,0.045,0.626
2025-01-12,INP149956,4G,1471,484,LOW,0,HEX2D8FCB451C,72768,25337,3572,124,87,1,10.7,WIRELESS,MMWAVE,1,0.166,0.529
2022-03-31,INP023654,5G,1649,348,HIGH,50,HEX2DDF06CB97,118931,20040,15118,76,34,1,14.2,SAT,LOW_BAND,1,0.285,0.399
2024-03-30,INP994904,CABLE,1719,746,MED,200,HEX87CFCE8C92,21621,28426,63361,27,4,1,66.5,COAX,UNLICENSED,1,0.882,0.857
2026-01-18,INP076063,5G,1410,109,LOW,200,HEXCB2FFD0610,26838,15572,2741,181,178,1,218.4,WIRELESS,MID_BAND,0,0.26,0.68
2023-04-21,INP502067,DSL,542,717,MED,100,HEX0B9DE441FD,99229,28130,50529,22,19,1,22.1,COPPER,MID_BAND,0,0.181,0.558
2021-04-14,INP995807,DSL,1654,109,MED,100,HEXD8082AAD51,30512,40631,29409,216,134,1,232.5,FIBER,UNLICENSED,1,0.342,0.652
2024-06-04,INP641862,CABLE,274,803,LOW,0,HEXF50571C76D,129286,12169,24348,70,13,1,97.5,COAX,LOW_BAND,0,0.961,0.656
2021-05-26,INP095856,4G,392,168,LOW,100,HEX9B4C4B6EED,150878,41258,23170,177,32,1,218.9,WIRELESS,MMWAVE,0,0.277,0.673
2020-09-26,INP575386,FIBER,613,229,LOW,2000,HEX117460580A,145309,27126,14924,206,115,0,0.7,WIRELESS,LOW_BAND,1,0.224,0.658
2023-06-11,INP419108,CABLE,960,65,HIGH,50,HEX6952772EDB,41691,39410,240,179,67,0,186.5,SAT,UNLICENSED,0,0.809,0.35
2020-10-11,INP710941,FIXED_WIRELESS,1492,78,MED,200,HEX1E7D024022,4839,35029,27063,3,1,0,4.9,SAT,LOW_BAND,1,0.226,0.384
2022-08-31,INP582038,FIBER,1397,75,HIGH,500,HEX93733798D8,244241,30232,9548,53,47,1,35.3,COPPER,UNLICENSED,0,0.399,0.919
2020-01-29,INP098762,4G,953,902,MED,1000,HEX0E855DC91E,85079,20208,8926,57,7,0,115.2,COAX,C_BAND,0,0.644,0.858
2021-05-12,INP732122,FIBER,368,386,HIGH,500,HEXAFCE082D7F,234346,34293,59391,70,68,1,20.2,SAT,UNLICENSED,0,0.674,0.574
2020-02-15,INP541828,FIXED_WIRELESS,687,246,HIGH,2000,HEXF1763348CB,3529,43491,15515,203,109,1,243.6,SAT,UNLICENSED,0,0.48,0.839
2023-03-13,INP472468,5G,1820,860,HIGH,100,HEXA14197AE59,99257,18913,23698,61,47,1,173.7,WIRELESS,LOW_BAND,0,0.945,0.309
2025-05-15,INP679829,DSL,560,883,MED,2000,HEXE790BFCD73,152552,1603,69343,122,45,1,133.5,SAT,UNLICENSED,1,0.726,0.965
2023-09-11,INP697999,FIBER,492,200,LOW,0,HEXEEB5422635,110189,40444,65048,141,132,0,164.3,WIRELESS,MMWAVE,0,0.158,0.337
2022-07-31,INP998552,FIXED_WIRELESS,1742,118,HIGH,200,HEXB66E539F80,53761,17454,63824,110,76,1,185.3,COAX,C_BAND,1,0.393,0.959
2023-05-13,INP125328,SATELLITE,71,80,LOW,1000,HEXA82A9BBE00,93264,28052,44753,114,113,0,166.5,SAT,MMWAVE,0,0.408,0.333
2026-02-10,INP801897,5G,1557,982,MED,1000,HEX40658C5E84,78172,42210,64748,232,124,1,9.1,FIBER,UNLICENSED,0,0.302,0.617
2023-04-16,INP021538,DSL,1692,984,LOW,200,HEX6DAFE32EC7,150900,43097,17541,227,27,1,139.6,SAT,UNLICENSED,1,0.027,0.783
2020-10-30,INP046360,FIXED_WIRELESS,1786,645,HIGH,200,HEXAB63E049EF,106399,33767,69031,86,34,1,197.8,WIRELESS,C_BAND,1,0.156,0.524
2024-07-08,INP898220,DSL,1502,12,MED,200,HEX1AC24A5BDF,238744,8240,68984,206,161,0,148.3,FIBER,LOW_BAND,1,0.136,0.537
2020-07-30,INP471460,FIXED_WIRELESS,722,431,MED,1000,HEX3004BA7C75,67407,15466,48986,245,61,0,88.0,COAX,MMWAVE,0,0.126,0.77
2023-05-15,INP493047,5G,1192,6,HIGH,0,HEXA695111C5D,78426,3717,7562,79,65,0,200.8,COAX,MMWAVE,1,0.25,0.689
2023-01-14,INP653375,FIXED_WIRELESS,1971,478,MED,100,HEX6E130FC520,77502,1661,11732,91,3,1,41.4,COAX,MID_BAND,1,0.148,0.375
2021-07-13,INP703215,DSL,618,993,LOW,1000,HEX9A7B74A373,188590,46063,59894,57,20,1,159.4,WIRELESS,LOW_BAND,0,0.466,0.699
2025-10-06,INP952869,DSL,667,551,MED,2000,HEX35A9551460,63390,35887,64628,32,18,1,246.2,SAT,C_BAND,0,0.404,0.322
2022-12-13,INP692738,4G,112,586,HIGH,200,HEX937B905508,228021,28051,26486,146,86,1,83.2,COAX,LOW_BAND,0,0.897,0.756
2022-01-10,INP963489,FIXED_WIRELESS,851,747,HIGH,0,HEX95D8E0184F,48277,30001,47500,92,33,0,169.2,FIBER,C_BAND,1,0.919,0.534
2022-09-11,INP642521,FIBER,262,34,MED,100,HEX490AFA6634,152441,13956,2699,158,108,1,109.4,COPPER,C_BAND,0,0.415,0.898
2024-03-11,INP749852,CABLE,1315,307,LOW,200,HEXFC39AC1210,33100,7703,5333,55,34,1,48.0,SAT,LOW_BAND,0,0.947,0.811
2025-10-16,INP054740,FIXED_WIRELESS,1775,399,MED,500,HEXA4331593E1,47667,32137,18385,201,75,0,11.3,COAX,LOW_BAND,0,0.199,0.711
2023-02-18,INP366265,CABLE,518,611,MED,2000,HEX37FB0D53E8,150199,27080,20026,221,4,1,45.8,COPPER,LOW_BAND,1,0.112,0.797
2021-07-09,INP359384,SATELLITE,736,336,HIGH,100,HEX5018DE7A6D,79370,10434,50619,202,107,1,76.6,WIRELESS,MMWAVE,0,0.706,0.871
2021-01-02,INP050863,CABLE,1275,110,LOW,100,HEXA7DF9F457B,24152,29042,64007,193,149,0,1.9,COPPER,MMWAVE,1,0.358,0.537
2022-07-06,INP849135,FIBER,1274,66,LOW,2000,HEXDCE22E127C,102504,26074,17412,95,85,0,244.1,WIRELESS,UNLICENSED,0,0.298,0.367
2025-08-22,INP320917,CABLE,1585,926,HIGH,50,HEX1B4AEF7BDA,53607,28347,62898,28,13,1,104.5,COAX,UNLICENSED,0,0.504,0.817
2020-11-04,INP632584,SATELLITE,641,93,MED,100,HEXAC07D3E980,224603,33683,21170,180,70,0,227.6,SAT,C_BAND,0,0.496,0.502
2024-12-31,INP623388,5G,1359,306,MED,100,HEX79D9311C22,19903,40961,69617,23,11,0,146.3,SAT,UNLICENSED,1,0.195,0.851
2025-11-27,INP406922,CABLE,217,78,LOW,1000,HEX9B2B9C5016,173272,6731,7330,209,209,1,189.1,COPPER,MID_BAND,1,0.054,0.632
2020-08-20,INP522944,CABLE,1461,356,HIGH,100,HEXFCD1FC3A06,183447,17185,66554,116,50,1,132.8,COAX,UNLICENSED,1,0.391,0.971
2023-12-17,INP360473,DSL,166,791,LOW,200,HEX01D47DE2A9,208914,45280,37227,84,25,0,141.1,COAX,LOW_BAND,0,0.793,0.906
2021-02-07,INP503803,DSL,1070,758,LOW,1000,HEXA42CEC6190,165504,40342,60691,151,138,0,106.6,SAT,LOW_BAND,1,0.105,0.91
2020-03-31,INP965504,CABLE,1431,603,HIGH,0,HEX67657A867D,140737,21617,15498,187,108,0,6.0,SAT,C_BAND,1,0.516,0.623
2023-05-09,INP808926,4G,763,967,LOW,200,HEX8951816CDF,140770,32107,26175,69,65,0,140.0,COAX,LOW_BAND,0,0.615,0.579
2024-08-11,INP441952,DSL,403,101,LOW,2000,HEXBFA89C697F,213667,41620,46294,118,2,1,105.7,COAX,C_BAND,1,0.146,0.805
2020-09-11,INP154969,FIBER,425,555,LOW,100,HEXB6D49DEB6E,42566,9871,45815,199,145,0,177.8,COPPER,MMWAVE,0,0.119,0.304
2024-01-13,INP171870,FIXED_WIRELESS,958,382,MED,500,HEXA59307A74F,217036,45154,7963,242,129,0,129.2,FIBER,MMWAVE,0,0.139,0.48
2021-05-18,INP890964,SATELLITE,621,143,MED,1000,HEX9191ED3B8F,9862,17655,58643,37,0,1,182.4,SAT,UNLICENSED,0,0.989,0.699
2025-06-22,INP058483,DSL,1839,767,MED,1000,HEX2430F93203,106396,30916,34605,209,9,1,46.3,COAX,C_BAND,1,0.024,0.707
2022-05-31,INP188907,DSL,70,941,MED,0,HEX488305F5CC,35108,32379,46940,175,153,1,177.5,SAT,C_BAND,0,0.097,0.962
2023-02-21,INP567445,DSL,359,199,LOW,2000,HEX8F4D06F1BD,184104,31811,38365,35,24,1,204.6,SAT,C_BAND,0,0.968,0.581
2020-12-13,INP920068,DSL,1649,657,MED,1000,HEXD18167219D,160517,42553,21363,104,93,1,94.3,COAX,MMWAVE,1,0.019,0.333
2022-03-09,INP038912,DSL,1208,370,HIGH,100,HEX056862961E,45821,18158,60023,232,200,1,123.1,COPPER,LOW_BAND,0,0.556,0.639
2024-11-13,INP933049,4G,734,491,LOW,500,HEX9AA3BD1214,122017,42999,73177,197,19,0,241.4,WIRELESS,C_BAND,0,0.826,0.307
2020-08-22,INP188248,DSL,1499,276,LOW,100,HEX76EA922BCC,110905,47468,38113,12,12,1,212.6,SAT,C_BAND,0,0.264,0.484
2023-02-24,INP787339,DSL,1246,497,LOW,2000,HEX8D2E63E7A9,125606,40606,35806,152,119,1,101.3,COAX,MMWAVE,1,0.66,0.642
2024-06-13,INP989727,FIBER,814,943,HIGH,2000,HEXFB402C26BB,52824,45989,17799,223,173,1,249.5,COPPER,LOW_BAND,1,0.095,0.311
2025-10-05,INP190081,SATELLITE,1969,579,LOW,200,HEX5C6091E759,151667,49266,4347,9,5,1,134.8,COAX,LOW_BAND,1,0.049,0.547
2023-09-21,INP092393,DSL,1875,445,MED,0,HEX2BE2BB0A55,247714,12530,13058,37,6,1,227.6,COAX,UNLICENSED,0,0.913,0.554
2021-12-09,INP906133,5G,453,393,LOW,0,HEX8170203B33,19060,18805,35063,249,211,0,155.7,WIRELESS,UNLICENSED,1,0.071,0.589
2020-10-27,INP385809,CABLE,1848,423,HIGH,200,HEXF613013DE5,227209,13376,47516,83,80,0,99.4,WIRELESS,MID_BAND,1,0.664,0.405
2022-04-11,INP880783,CABLE,1460,687,MED,200,HEXB29FECF134,225958,16899,1896,195,98,1,209.9,COAX,MMWAVE,0,0.696,0.306
2023-02-01,INP529364,FIBER,67,496,MED,500,HEX13A53BFE4D,92287,7278,65721,7,0,1,87.6,COAX,UNLICENSED,1,0.959,0.48
2022-09-04,INP559980,DSL,1836,701,MED,2000,HEX89E0C0B0D9,179477,44094,69316,80,49,0,62.2,WIRELESS,MMWAVE,0,0.098,0.937
2024-07-14,INP763253,FIXED_WIRELESS,57,125,HIGH,0,HEX24D5DBE34E,45112,33537,19542,233,203,1,127.9,COAX,MMWAVE,0,0.625,0.857
2020-02-26,INP216249,FIXED_WIRELESS,584,560,LOW,50,HEX37F2DC4BE3,85725,2910,53207,139,132,1,189.5,COPPER,UNLICENSED,0,0.666,0.863
2024-05-13,INP068172,FIBER,1237,145,HIGH,100,HEX7B8A4CC6AC,225930,12589,15963,166,162,0,135.7,SAT,MMWAVE,0,0.183,0.712
2023-06-26,INP916643,CABLE,1074,859,LOW,200,HEX79B9F1B4D3,78486,20330,58382,120,20,0,30.0,SAT,C_BAND,0,0.043,0.834
2022-11-13,INP465905,FIXED_WIRELESS,235,488,HIGH,50,HEX5D2A44BFFA,133414,1909,34685,92,41,0,23.1,COPPER,UNLICENSED,0,0.608,0.557
2021-10-22,INP189976,CABLE,1670,459,MED,200,HEXCB618C7402,226831,29697,16138,167,41,1,94.3,SAT,MID_BAND,1,0.956,0.305
2022-06-16,INP995799,4G,1358,460,HIGH,1000,HEX59DEFAB545,133256,37119,61066,44,14,0,90.9,FIBER,UNLICENSED,0,0.625,0.854
2023-07-11,INP738664,FIBER,382,378,HIGH,500,HEXC48554204F,190582,29633,23303,215,200,0,144.5,COPPER,UNLICENSED,0,0.689,0.771
2024-07-05,INP423820,4G,887,769,LOW,50,HEX3011FBF5DC,50024,8688,49046,166,30,1,103.6,FIBER,C_BAND,0,0.635,0.878
2023-01-10,INP772242,FIBER,445,428,MED,50,HEXF8A068DA58,238491,1301,43735,57,48,1,156.8,WIRELESS,C_BAND,0,0.182,0.65
2025-04-05,INP311240,CABLE,194,5,MED,2000,HEX8C2803119A,182045,37077,58314,66,43,1,241.0,FIBER,UNLICENSED,0,0.427,0.955
2022-11-22,INP094966,DSL,1648,299,MED,0,HEX1D55D4027C,191140,12091,7055,29,11,0,28.8,FIBER,UNLICENSED,0,0.894,0.71
2022-02-19,INP176368,CABLE,1656,135,LOW,2000,HEXF35CD86AEC,237520,48611,28423,124,109,0,96.0,WIRELESS,LOW_BAND,0,0.561,0.342
2020-02-10,INP497040,FIBER,190,558,LOW,50,HEX84DBAB094E,148651,49460,25144,82,28,1,47.7,COPPER,C_BAND,0,0.351,0.762
2021-10-02,INP160222,SATELLITE,1696,960,LOW,50,HEX682D5B5A78,223202,47585,53736,201,128,1,102.1,WIRELESS,UNLICENSED,1,0.755,0.652
2023-01-26,INP498864,4G,1217,444,MED,500,HEX1F3BDDFC99,1797,30336,72482,79,42,1,207.7,COAX,C_BAND,0,0.72,0.807
2021-11-21,INP824819,CABLE,1352,400,MED,1000,HEX0FE8011369,18150,2069,66936,18,17,0,135.0,COPPER,MMWAVE,0,0.113,0.33
2025-02-23,INP062623,DSL,1596,868,HIGH,50,HEX571DB9C1E0,71942,23741,17282,102,45,0,131.4,COPPER,LOW_BAND,0,0.357,0.507
2024-11-11,INP180055,4G,1077,673,MED,1000,HEX6B13E225F6,152401,47513,24891,20,8,0,88.9,SAT,UNLICENSED,1,0.045,0.943
2022-04-02,INP149706,SATELLITE,1489,46,LOW,200,HEXF7102DB37A,225430,38045,28742,53,21,0,78.6,COAX,LOW_BAND,0,0.575,0.327
2020-03-22,INP494815,5G,1285,837,HIGH,500,HEXF1F2CB06CA,85477,43654,47642,228,81,1,158.5,WIRELESS,LOW_BAND,1,0.369,0.778
2025-04-02,INP474713,CABLE,1213,406,MED,0,HEXEEC2A3C728,95073,29866,15305,249,39,1,213.1,WIRELESS,MID_BAND,0,0.672,0.566
2022-01-12,INP425862,FIXED_WIRELESS,1120,337,HIGH,1000,HEX460ABAF858,159197,39875,31354,37,4,0,167.9,COPPER,MID_BAND,0,0.921,0.505
2021-01-23,INP432953,CABLE,1791,363,HIGH,0,HEX464D4CF4E6,57051,6011,55678,185,168,0,187.9,COAX,LOW_BAND,0,0.053,0.452
2024-12-09,INP528471,4G,1873,45,MED,2000,HEXD65A8B8590,35042,47475,73290,170,148,1,124.6,SAT,UNLICENSED,0,0.439,0.397
2021-09-07,INP942956,5G,956,154,LOW,200,HEXD6F6745DBC,16764,5854,42564,182,9,1,93.0,SAT,C_BAND,0,0.575,0.791
2024-05-11,INP344811,FIXED_WIRELESS,143,741,HIGH,2000,HEX56787A63BB,124904,9195,3551,17,13,1,163.1,COAX,C_BAND,0,0.246,0.393
2023-08-28,INP577250,FIBER,1736,41,MED,1000,HEXF3625E9A3B,191209,39479,31400,1,1,0,238.3,SAT,MMWAVE,0,0.165,0.495
2023-02-23,INP930046,4G,143,591,MED,1000,HEX816832B636,101401,7392,39182,91,2,0,138.4,SAT,MMWAVE,0,0.875,0.963
2025-03-15,INP373032,5G,1362,680,HIGH,200,HEXEFEFA21D22,208714,42759,31474,202,54,1,51.9,FIBER,MMWAVE,1,0.235,0.41
2025-09-02,INP569344,FIXED_WIRELESS,762,451,HIGH,1000,HEXBA418D502C,160152,17857,815,49,31,1,146.2,FIBER,MID_BAND,0,0.941,0.945
2025-09-30,INP897371,CABLE,673,302,HIGH,1000,HEX428FE4ECB2,231444,20663,69194,198,110,0,59.0,COPPER,MID_BAND,1,0.428,0.857
2022-07-19,INP116212,5G,1711,435,MED,1000,HEXB02FFB5AB2,213781,7680,10039,26,16,0,236.2,SAT,MID_BAND,0,0.049,0.633
2022-05-23,INP826818,SATELLITE,178,650,HIGH,500,HEX8F6E2DD886,241643,43508,66383,162,30,1,66.6,COPPER,C_BAND,0,0.644,0.987
2025-10-28,INP492955,CABLE,1121,542,MED,200,HEXAD60670464,243789,13083,45138,239,147,1,246.3,WIRELESS,C_BAND,0,0.028,0.801
