trans_commute_acs_year,trans_commute_commuting_zone_id,trans_commute_mode_to_work_code,trans_commute_mean_travel_time_minutes,trans_commute_median_travel_time_minutes,trans_commute_percentile_90_travel_time,trans_commute_telework_share_pct,trans_commute_carpool_share_pct,trans_commute_transit_share_pct,trans_commute_walk_share_pct,trans_commute_bike_share_pct,trans_commute_leave_home_time_peak,trans_commute_arrival_time_peak,trans_commute_distance_to_work_miles,trans_commute_toll_usage_share_pct,trans_commute_vehicle_occupancy_avg,trans_commute_commute_cost_estimate_inr,trans_commute_time_reliability_index,trans_commute_access_to_jobs_45min,trans_commute_jobs_housing_balance_ratio
2022,436258,CARPOOL,71.3,59.6,94.2,16.64,2.35,19.34,0.39,1.6,08:46,09:51,1.64,5.08,1.06,2648,2.315,1161158,3.795
2023,224230,BIKE,49.3,41.1,57.8,6.91,10.11,2.06,1.07,2.24,10:25,11:09,30.07,14.66,2.44,6442,1.641,491139,0.872
2024,467042,AUTO,75.6,67.5,82.5,11.5,14.47,0.88,8.46,5.26,08:49,09:50,2.62,1.83,1.02,3056,0.942,2092989,3.903
2024,652236,TRANSIT,93.1,90.9,132.7,34.11,2.17,30.56,14.26,11.1,06:54,08:22,23.95,4.83,2.31,5230,1.737,1656304,2.486
2018,149006,WALK,76.9,70.8,116.7,30.95,5.48,28.52,1.54,6.11,06:54,08:06,24.83,20.36,1.68,7023,1.159,1516911,3.612
2024,174909,MIXED,25.0,13.8,39.9,1.27,9.81,34.65,11.39,4.14,06:47,07:06,4.4,15.81,2.5,2294,1.537,107848,1.914
2022,783060,MIXED,14.8,7.4,29.0,17.49,13.9,15.52,4.91,1.58,08:26,08:34,14.04,15.65,2.61,3711,2.032,223754,1.846
2025,113461,WALK,50.1,44.6,70.8,0.7,15.86,31.68,5.68,7.14,07:07,08:05,43.19,4.89,1.2,7618,0.883,1448837,1.257
2016,130195,TRANSIT,37.7,28.3,55.8,16.39,12.06,24.41,4.9,4.57,07:42,08:23,12.82,14.01,2.75,3896,1.309,1225137,0.367
2017,698250,MIXED,44.8,44.5,78.7,24.21,11.98,4.18,13.03,6.08,06:31,07:09,6.42,18.39,2.54,4125,0.766,2198722,3.135
2020,501115,CARPOOL,68.7,68.4,85.2,10.25,19.89,33.0,9.39,10.16,09:48,10:47,2.42,1.74,1.97,2644,2.177,1551809,1.114
2019,379599,AUTO,57.1,48.0,72.7,27.77,15.56,12.04,17.25,6.45,10:51,11:41,12.27,24.99,1.3,4682,2.179,2184841,3.423
2024,140876,TRANSIT,45.1,44.4,63.9,5.3,3.6,9.33,6.64,0.83,07:35,08:06,15.38,4.84,1.85,3320,1.558,580227,2.508
2020,223370,MIXED,34.2,24.9,48.1,10.16,17.98,10.14,17.52,2.4,07:51,08:23,22.94,15.66,2.16,4704,1.333,2254828,4.089
2020,112417,WALK,61.3,57.3,84.0,31.97,15.76,4.96,12.37,6.27,10:12,11:22,5.53,22.81,2.66,3741,0.964,706166,1.478
2025,240562,AUTO,29.3,21.1,39.3,9.98,5.53,30.16,12.09,11.85,07:51,08:20,1.64,24.49,1.73,3811,1.77,1800413,1.033
2024,983501,CARPOOL,23.2,19.6,59.6,33.17,18.01,31.44,6.1,6.28,06:44,07:00,10.58,20.75,2.74,3966,0.916,919093,3.167
2022,910900,OTHER,69.9,69.7,90.9,24.32,2.76,3.33,11.32,9.36,08:22,09:33,19.15,16.25,1.2,5144,1.572,1139807,1.056
2022,459582,WALK,57.1,46.9,83.1,31.34,3.37,3.15,14.86,11.39,09:28,10:36,43.37,16.2,2.72,8000,1.202,644328,0.468
2023,239966,BIKE,24.8,20.9,31.2,33.26,12.2,0.0,16.96,9.45,07:57,08:27,29.29,19.43,3.19,5933,1.739,2329079,3.396
2018,678890,TRANSIT,41.1,36.1,64.3,14.43,15.74,7.03,13.72,7.24,08:16,08:49,10.13,8.47,1.66,3573,1.205,1946511,2.298
2025,517447,TRANSIT,47.6,38.0,79.6,30.06,15.49,9.68,4.03,1.87,10:44,11:40,29.54,9.35,2.59,5668,1.742,1164803,1.411
2018,464222,BIKE,63.7,56.2,69.4,22.46,14.31,18.62,10.0,1.32,06:04,07:12,25.97,20.14,2.02,6809,1.749,1459953,1.263
2017,106315,AUTO,54.4,53.5,80.1,9.16,14.19,20.75,15.9,2.36,09:26,10:24,3.6,5.04,1.48,2281,2.14,872477,3.105
2022,332809,TRANSIT,8.2,3.0,37.1,23.32,18.84,17.83,16.01,8.8,08:54,08:59,2.03,19.78,3.07,2767,1.694,1379916,3.328
2020,368141,MIXED,15.4,5.5,23.1,16.17,0.57,9.35,15.69,11.64,09:12,09:38,42.34,24.59,3.12,7643,1.212,746174,1.916
2021,327019,WALK,12.1,11.5,19.9,22.86,0.91,7.07,3.72,11.7,06:42,06:48,35.36,11.13,1.23,5865,1.941,1470381,3.271
2022,421840,AUTO,30.8,18.9,39.7,27.44,14.55,11.31,7.61,3.74,10:19,10:56,34.31,11.57,3.1,6445,1.739,1462012,3.113
2019,164565,MIXED,94.4,94.4,102.2,5.55,17.8,5.85,4.54,9.62,09:44,11:07,3.66,5.96,2.1,3159,0.976,1796378,2.135
2019,693550,TELEWORK,87.5,86.3,111.4,14.33,13.4,32.11,11.07,3.72,09:53,11:19,20.35,12.15,1.26,6293,1.193,234409,1.323
2018,608643,TRANSIT,87.6,83.7,106.3,27.95,17.99,11.33,11.54,3.64,07:14,08:48,10.94,4.05,1.37,4083,1.936,1690221,2.257
2017,797154,WALK,68.5,65.2,79.6,0.03,3.33,5.35,0.34,8.14,10:31,11:29,40.01,21.62,1.09,8000,1.19,1972175,3.095
2018,348449,OTHER,45.9,38.2,71.6,4.17,5.07,10.89,13.3,6.46,10:26,11:03,4.3,24.66,1.76,3831,2.038,1022668,0.79
2025,523524,TELEWORK,51.5,40.0,91.4,21.38,10.93,32.79,3.99,6.4,06:01,06:46,27.85,11.32,1.29,6206,2.229,782941,1.584
2017,692568,TELEWORK,80.2,78.8,111.4,15.04,2.45,25.03,6.85,4.69,07:28,08:51,35.19,1.67,1.72,6963,1.734,951522,3.963
2020,775528,CARPOOL,20.4,10.7,32.0,25.97,13.16,30.57,4.32,2.21,08:14,08:28,36.92,9.1,2.85,6685,2.104,1482564,2.179
2019,585911,CARPOOL,94.7,86.1,129.8,24.96,19.82,27.19,12.79,4.79,07:15,08:49,39.89,21.61,1.51,8000,1.765,100824,0.805
2019,367447,OTHER,85.7,79.6,102.8,27.37,12.65,13.12,0.2,7.19,09:25,10:52,14.95,19.96,1.26,5323,1.87,370582,1.79
2020,649960,MIXED,48.5,47.1,85.7,5.17,8.61,33.95,1.36,6.67,10:34,11:26,10.96,9.07,1.83,4175,1.808,2182021,3.205
2024,709092,WALK,41.9,33.2,78.2,29.42,11.46,9.14,3.79,3.28,09:47,10:36,2.86,11.49,3.11,3269,1.68,347993,2.179
2021,422373,OTHER,89.4,83.8,120.9,2.42,16.61,34.97,7.55,2.5,06:25,07:59,19.49,10.67,1.45,5695,1.816,2218749,0.869
2016,541928,CARPOOL,57.8,56.4,77.5,25.11,16.41,6.95,3.28,7.22,06:52,07:49,43.83,16.53,1.56,7754,2.285,2121304,0.984
2021,944188,MIXED,22.0,21.6,36.0,25.27,18.3,33.93,4.07,8.51,09:51,10:07,2.12,1.4,2.42,1779,1.265,335281,1.77
2023,920874,WALK,40.2,32.6,67.0,3.82,14.28,11.54,1.43,4.7,09:47,10:23,9.18,6.75,1.35,3147,1.98,2111811,1.543
2025,515644,TELEWORK,87.3,75.6,108.5,4.76,6.76,17.8,7.08,10.78,08:01,09:18,34.49,7.61,1.02,7122,1.391,255876,3.623
2020,973600,BIKE,62.8,60.6,77.4,5.38,17.02,26.46,1.99,7.58,07:28,08:25,10.91,8.91,1.14,3868,2.391,17474,0.329
2023,170395,TRANSIT,15.2,9.1,34.4,31.17,12.76,29.92,12.11,9.03,07:25,07:46,37.74,19.55,1.1,6765,1.711,2040590,0.434
2025,520600,OTHER,61.3,53.7,96.0,16.25,15.67,27.07,14.83,8.37,09:55,11:08,34.11,15.48,3.15,7517,2.363,2408880,3.249
2024,467214,TRANSIT,37.7,28.2,43.4,11.34,15.98,34.47,1.91,3.52,07:07,07:38,2.82,5.49,2.31,2130,1.917,561593,3.726
2025,597866,CARPOOL,29.2,28.8,57.1,16.64,16.57,10.45,10.24,9.99,06:44,07:02,33.14,6.11,2.84,5697,1.149,601503,0.314
2019,104929,WALK,20.2,10.7,38.2,17.38,10.64,2.37,0.77,1.8,08:42,08:55,29.29,1.54,3.12,5104,1.0,1857105,1.719
2019,965265,TELEWORK,81.4,74.9,94.0,18.11,7.32,4.71,0.47,11.03,08:49,10:02,31.81,15.85,2.36,7520,1.585,835438,0.478
2021,770267,CARPOOL,23.6,18.2,36.1,25.9,14.41,3.84,15.0,11.1,06:57,07:22,21.4,3.76,2.39,3524,1.585,2209636,3.429
2021,568203,BIKE,42.5,33.2,72.6,10.62,7.27,31.18,12.18,3.64,07:20,07:53,38.78,14.96,2.4,7721,1.576,616180,2.277
2024,759295,BIKE,85.6,74.5,123.8,27.05,7.03,28.47,10.92,8.18,10:48,12:16,42.04,18.62,2.68,8000,1.679,233838,4.148
2020,732518,MIXED,88.6,84.0,94.9,33.08,15.9,6.11,7.98,7.89,10:12,11:44,9.3,8.03,2.27,3670,2.049,1916260,4.362
2021,702664,MIXED,94.7,83.0,105.8,28.42,19.79,15.38,17.67,10.25,06:36,08:03,26.07,2.25,1.58,6363,2.004,1698017,1.511
2024,625468,BIKE,94.2,92.8,114.9,7.06,1.54,14.24,13.87,0.79,10:47,12:28,2.77,23.62,1.19,4569,2.352,792130,0.247
2021,713118,TELEWORK,32.8,21.4,44.4,33.94,2.15,10.68,13.09,7.76,08:32,09:12,5.66,7.85,1.19,2398,2.268,957709,4.182
2021,330965,MIXED,77.2,71.0,98.2,32.31,7.57,4.0,12.82,5.28,10:32,11:42,27.11,15.97,1.76,7256,1.883,1336754,3.55
2020,748562,TRANSIT,24.4,16.8,46.7,3.28,8.84,24.09,13.87,5.11,08:44,08:59,43.1,17.19,1.99,7196,1.781,1420954,2.918
2021,119185,MIXED,69.1,60.1,80.6,0.03,14.66,16.47,11.71,10.13,07:17,08:20,36.56,22.68,3.02,7593,1.436,46618,4.469
2019,616387,AUTO,57.9,50.9,92.0,25.28,3.57,18.59,11.81,9.58,10:23,11:40,30.06,6.33,1.08,5819,1.723,2417043,1.223
2022,433242,MIXED,15.3,13.6,45.8,28.97,16.86,9.73,12.74,3.81,07:09,07:30,32.1,4.91,2.73,5595,1.524,1800931,4.154
2019,343243,CARPOOL,93.6,91.1,129.5,2.45,15.67,22.92,1.6,8.6,09:46,11:13,34.79,18.51,2.97,8000,1.323,1485783,1.418
2019,409063,TELEWORK,78.3,75.1,88.9,21.18,9.73,12.7,10.01,0.91,06:30,07:47,40.0,13.51,1.58,7943,1.598,2428634,1.114
2025,978738,TELEWORK,49.1,39.5,79.1,12.76,17.41,14.47,4.86,7.25,06:45,07:35,0.98,5.2,2.22,1806,0.855,1138510,3.753
2020,360250,AUTO,27.4,19.5,41.9,33.26,17.96,5.38,10.65,5.45,10:41,11:07,12.6,6.13,1.62,3058,0.768,1838264,2.255
2022,360901,AUTO,29.5,27.2,64.8,25.86,15.41,16.1,2.6,6.05,08:38,09:05,28.15,15.1,2.69,5712,0.772,989043,0.152
2020,989114,TELEWORK,51.1,44.9,64.3,5.94,14.86,1.0,10.26,6.45,09:30,10:28,43.49,5.82,1.57,6836,1.206,2325711,2.0
2023,121405,TRANSIT,23.0,22.6,39.2,16.89,18.18,11.51,17.25,4.08,10:06,10:28,43.13,7.52,3.15,6363,0.949,2054162,1.745
2021,688180,MIXED,70.5,63.2,96.8,27.54,5.94,29.41,5.74,8.51,06:43,07:46,24.62,22.79,2.32,6344,0.927,1064472,4.243
2020,684291,OTHER,49.1,47.0,76.1,5.62,7.67,30.24,7.01,3.47,06:10,06:44,36.65,8.43,2.19,7172,2.37,1480045,2.428
2024,692883,BIKE,41.5,34.9,72.0,3.2,5.58,28.57,1.85,3.08,07:53,08:28,30.08,3.58,1.95,5428,1.848,2028889,2.011
2017,206163,AUTO,14.3,3.0,38.1,34.23,12.65,33.75,0.67,6.13,07:23,07:38,33.71,18.91,3.09,6958,2.033,2194802,0.938
2017,413461,OTHER,8.6,3.0,31.9,23.49,9.64,34.51,8.09,8.33,08:16,08:21,11.97,5.15,1.34,2398,1.739,689060,2.017
2023,920937,CARPOOL,28.3,16.5,45.5,11.59,2.88,31.99,0.1,5.1,09:15,09:36,7.25,19.96,2.83,3202,0.936,1437089,2.411
2023,807355,OTHER,10.5,5.4,29.9,34.63,13.5,6.09,9.53,8.17,09:46,09:56,3.14,23.6,2.52,2828,1.008,568950,2.833
2021,587175,WALK,59.8,49.6,81.9,29.18,16.57,4.0,5.26,5.75,08:07,09:12,5.14,16.21,1.09,3478,2.132,1947831,4.184
2019,242507,BIKE,55.1,46.9,70.7,3.57,18.16,18.34,1.23,1.3,06:23,07:17,35.24,10.65,2.0,6470,1.157,153535,1.39
2016,937907,MIXED,60.2,57.1,88.8,28.41,13.68,2.8,17.48,0.09,06:10,07:13,5.32,4.55,1.57,3277,1.415,945112,3.399
2019,965353,TELEWORK,18.9,14.7,53.8,15.67,11.74,15.57,14.09,3.44,10:01,10:16,11.52,22.39,2.08,3987,2.395,488504,4.433
2024,193446,TELEWORK,40.2,34.9,49.9,19.45,13.08,5.25,9.46,5.43,08:00,08:46,20.85,23.66,1.57,5303,2.08,1084608,1.017
2025,406179,BIKE,32.3,32.2,68.4,15.76,1.67,20.37,8.35,11.84,08:03,08:43,41.32,22.88,2.33,8000,0.966,1611752,0.668
2016,239579,OTHER,84.7,82.1,112.0,28.0,19.47,18.9,5.74,8.29,08:11,09:37,20.69,11.23,1.87,5135,1.638,15975,4.489
2017,540454,CARPOOL,41.6,36.6,61.6,19.2,14.73,1.5,15.97,7.18,07:54,08:28,10.92,13.86,1.0,3833,0.96,1323038,4.19
2024,984535,AUTO,44.9,33.1,81.5,8.3,1.31,20.51,1.51,3.18,10:13,11:05,34.81,11.4,2.08,6937,1.183,1035394,1.219
2019,145724,MIXED,61.6,56.8,72.9,8.69,0.63,14.36,16.93,4.71,08:58,09:51,31.75,3.26,3.14,5964,1.038,792556,3.865
2024,498457,WALK,66.0,63.7,82.9,32.56,15.08,24.73,7.54,9.38,10:54,11:53,39.16,8.39,1.58,7682,1.806,939753,3.489
2024,115759,WALK,68.8,57.3,83.6,20.55,17.76,4.94,5.58,9.65,10:31,11:47,27.47,17.51,1.38,6598,1.761,1518502,1.308
2017,501661,BIKE,54.2,45.9,78.0,24.61,17.74,25.32,15.83,2.9,07:09,08:05,23.33,9.37,1.34,4875,1.3,827655,1.349
2018,909709,WALK,66.2,55.0,101.7,29.18,13.75,24.04,16.95,8.03,08:37,09:41,17.43,23.44,1.69,5514,1.452,823659,1.104
2017,768479,MIXED,14.6,11.8,21.6,20.87,3.89,2.54,6.89,1.65,07:02,07:11,1.38,24.11,1.1,3276,2.114,471810,0.613
2020,659737,MIXED,18.8,9.5,57.6,31.63,15.26,10.54,6.02,5.44,09:04,09:35,44.2,17.6,3.13,7998,1.533,332027,1.052
2024,998932,TRANSIT,54.2,44.4,67.4,34.8,17.53,2.45,11.67,3.57,08:30,09:18,12.87,13.84,2.53,4454,1.712,177843,0.809
2016,960388,TRANSIT,84.3,79.3,116.9,6.91,8.84,4.58,10.81,3.22,07:24,08:33,20.94,8.81,1.15,5048,2.329,2328777,3.871
2021,972171,TRANSIT,19.3,7.9,27.4,28.59,17.12,15.34,6.98,1.91,07:41,07:59,27.19,21.32,2.11,5773,1.965,698439,0.516
2020,411698,MIXED,81.3,74.6,88.1,27.93,4.65,18.0,16.08,10.24,06:06,07:26,41.37,21.41,1.11,8000,2.075,1097799,3.794
2023,352242,AUTO,58.1,48.9,71.8,5.37,0.17,1.91,5.04,2.44,09:01,09:47,36.87,24.9,1.54,8000,1.039,168141,4.456
2023,551453,TRANSIT,48.7,38.8,83.4,10.79,0.54,14.38,17.95,9.62,10:24,11:10,17.17,24.08,1.99,5644,0.869,2100270,1.193
2024,736543,TELEWORK,69.4,60.3,75.2,11.53,10.55,4.64,7.21,1.87,09:15,10:19,1.79,5.2,2.12,2727,1.24,174046,1.495
2021,850738,AUTO,93.4,89.7,126.8,22.13,18.55,7.86,1.31,4.62,07:09,08:42,40.3,19.35,1.91,8000,1.72,2152797,2.036
2020,641819,TELEWORK,12.0,10.5,28.7,34.19,0.93,6.66,1.87,11.78,10:07,10:35,36.47,14.86,1.4,5946,1.01,790691,0.792
2018,571312,TELEWORK,64.9,63.1,84.6,25.25,19.25,30.85,10.05,7.95,07:55,08:59,42.31,23.82,1.98,8000,1.612,1509356,4.198
2018,184469,WALK,66.4,61.9,78.3,22.5,7.09,16.64,2.4,10.75,06:42,07:38,1.9,4.42,2.07,2498,1.151,176082,1.782
2018,568842,MIXED,15.6,10.9,27.8,14.74,17.14,11.65,8.13,10.58,09:12,09:24,17.68,19.56,1.28,4808,1.765,1806348,3.759
2021,128706,TELEWORK,78.9,70.1,98.3,20.26,1.09,16.42,1.77,5.81,07:03,08:27,15.46,10.73,2.58,4535,1.243,677534,2.983
2021,148701,BIKE,84.7,76.1,97.6,23.5,2.08,12.68,4.2,3.07,09:12,10:38,18.47,16.17,1.25,6107,2.183,1895049,1.546
2016,767340,MIXED,35.5,32.7,61.0,0.82,11.47,17.61,13.08,11.78,08:40,09:28,4.01,0.77,2.07,2144,1.369,145784,0.188
2022,558135,OTHER,87.3,85.3,122.2,26.9,14.65,12.09,5.08,4.14,07:37,08:57,24.79,13.31,3.0,6156,1.18,976573,0.9
2017,807037,MIXED,82.7,77.4,111.3,20.55,18.52,29.21,10.9,11.55,08:12,09:31,12.05,2.65,2.54,4412,1.056,1754869,2.559
2023,558001,MIXED,22.7,18.3,52.5,15.14,11.32,14.29,12.36,1.42,08:24,08:48,26.67,21.94,2.76,6571,1.816,910098,0.283
2025,614429,TELEWORK,9.6,3.0,36.2,29.89,11.48,29.21,15.27,9.16,09:59,10:04,11.49,6.77,2.06,3258,2.236,111856,0.799
2021,310658,WALK,69.4,66.8,100.3,17.83,16.05,11.48,15.75,8.39,08:50,10:07,5.77,23.7,1.86,4286,1.102,863840,4.261
2020,504354,AUTO,26.2,23.6,33.5,9.65,16.97,28.87,12.9,1.15,07:08,07:35,29.65,22.05,1.43,6252,1.619,1630325,3.767
2017,535627,CARPOOL,16.9,5.4,48.8,14.33,2.91,12.99,1.42,4.38,08:27,08:42,26.58,6.98,2.21,4613,1.751,746525,0.813
2021,869971,WALK,21.1,12.1,60.3,27.72,17.28,13.76,2.22,2.67,08:50,09:13,25.0,12.52,1.74,4954,1.998,1956446,1.477
2024,919510,TRANSIT,29.6,28.7,66.4,21.72,11.41,3.4,6.28,1.43,08:21,08:43,23.28,5.39,2.7,4534,1.894,161674,0.799
2016,713008,MIXED,76.4,70.0,96.6,2.57,8.17,4.34,9.47,1.64,10:09,11:25,25.46,9.12,1.15,5484,1.349,594241,4.006
2023,118791,CARPOOL,20.3,17.6,46.4,24.93,18.89,23.86,14.61,10.56,06:40,06:59,6.54,12.4,1.47,2472,2.312,167355,0.896
2020,267357,MIXED,91.9,82.6,127.6,24.09,2.97,31.48,3.84,0.86,06:17,07:56,32.71,4.75,1.61,7303,1.028,1619193,4.423
2023,134111,TELEWORK,51.2,47.6,82.5,27.06,18.89,13.94,0.18,4.56,06:05,06:51,44.31,10.99,1.63,8000,0.979,1030785,4.268
2023,855685,BIKE,59.4,50.5,82.9,13.3,17.54,16.18,4.43,8.38,09:00,09:52,43.22,10.03,2.49,7618,0.933,330752,0.306
2022,402641,WALK,73.0,62.1,78.8,11.12,2.27,11.36,12.46,6.32,08:51,09:47,36.22,20.27,3.0,8000,1.839,906111,3.795
2021,568178,TRANSIT,94.6,87.9,130.7,34.99,17.55,11.63,12.18,1.83,06:37,08:04,23.72,5.36,1.25,6187,2.223,251596,1.314
2022,446414,CARPOOL,17.2,8.2,23.5,5.02,2.0,11.42,8.31,2.43,09:55,10:12,12.11,10.94,1.1,3514,0.927,1174963,4.39
2018,418764,TELEWORK,49.6,45.5,78.0,29.24,12.27,29.64,6.76,6.58,08:01,08:44,18.63,13.42,3.18,4693,2.14,1948977,3.688
2022,546879,TRANSIT,47.4,42.2,78.8,34.75,3.23,1.41,4.0,10.98,08:19,09:01,12.58,22.48,2.25,5307,1.887,622142,1.837
2023,467421,TELEWORK,86.7,86.0,97.0,34.39,3.99,15.66,14.78,4.49,07:14,08:26,36.46,17.42,3.06,8000,2.02,1336203,3.775
2020,852869,TELEWORK,89.3,82.8,111.4,17.35,19.47,24.39,8.9,11.33,06:44,08:15,44.02,14.97,1.24,8000,2.28,759227,0.468
2018,714429,TRANSIT,9.5,8.3,44.6,17.67,9.96,7.85,1.6,10.79,09:19,09:24,31.66,13.95,1.12,5173,0.804,120735,2.423
2021,153562,WALK,68.0,58.8,102.2,16.02,13.58,7.23,5.15,7.3,06:30,07:28,5.57,17.9,1.28,4079,0.794,395979,1.34
2016,694871,CARPOOL,23.9,21.5,52.5,11.61,9.65,10.32,2.1,5.84,06:46,07:08,39.0,12.04,1.28,7296,2.375,1643042,2.386
2017,661225,MIXED,79.4,74.6,107.2,9.84,12.19,9.5,14.28,4.51,06:03,07:21,14.9,0.69,2.95,3580,0.872,250791,2.159
2020,801825,BIKE,54.2,45.2,85.6,17.56,2.2,17.96,9.51,10.17,06:20,07:20,10.47,12.51,1.16,3364,0.918,1745487,4.228
2016,777156,CARPOOL,72.2,72.1,110.9,21.67,15.72,25.9,9.82,1.82,10:41,12:05,18.7,17.83,2.01,6289,2.067,2358836,2.583
2017,508763,TRANSIT,53.7,47.0,92.4,9.96,15.7,24.64,0.05,11.49,10:02,10:48,20.25,15.67,3.04,5200,0.883,405232,3.221
2023,320361,TELEWORK,87.6,85.3,127.1,34.67,6.0,30.13,6.89,0.82,09:38,11:01,12.59,4.95,2.13,4192,1.166,1495699,1.532
2024,769506,AUTO,15.8,11.9,37.5,0.76,10.03,22.73,1.98,9.09,06:48,07:12,21.19,5.08,2.07,3431,1.687,2230245,2.8
2025,459534,MIXED,9.7,5.5,43.6,5.15,13.41,29.82,13.24,8.37,07:09,07:19,43.07,2.09,1.27,5994,0.756,507490,0.802
2021,918443,AUTO,53.6,47.4,91.5,31.9,11.18,12.11,17.0,3.06,10:31,11:12,29.35,1.35,2.87,5779,1.971,1816197,0.191
2018,130313,AUTO,93.8,87.1,128.1,29.25,19.37,25.42,2.5,11.68,06:45,08:20,28.48,14.14,2.56,7036,1.389,836151,2.263
2024,426808,OTHER,75.0,70.6,112.7,5.97,5.33,20.28,7.33,3.1,06:43,07:52,0.48,15.36,3.14,3107,1.973,304691,1.082
2019,176902,WALK,54.9,46.1,85.6,28.06,12.61,30.85,13.2,10.28,09:56,10:57,38.62,17.63,1.95,7352,0.767,2354623,2.503
2018,163878,AUTO,90.9,84.8,123.1,10.01,5.76,7.26,14.79,3.15,06:02,07:30,22.74,0.69,2.53,4969,1.898,1648278,0.772
2018,913358,CARPOOL,40.5,29.4,76.7,31.99,18.11,18.94,0.04,4.48,09:17,09:51,14.77,18.77,1.86,4709,1.241,381186,3.247
2018,314309,TELEWORK,39.9,37.8,52.5,27.1,7.67,4.39,4.5,1.63,10:30,11:05,8.78,3.73,2.61,2301,2.236,1515660,1.011
2023,804132,BIKE,8.8,7.3,43.1,4.45,18.3,0.98,2.82,11.91,09:52,10:03,42.04,14.46,1.7,7426,0.774,474488,2.307
2021,453328,WALK,34.2,25.8,42.1,20.85,18.22,5.13,15.38,6.63,06:32,07:09,31.28,20.12,1.37,6457,2.104,231535,2.864
2018,976217,TELEWORK,59.9,53.1,90.2,4.39,8.56,26.21,1.14,9.51,10:14,11:13,29.85,11.93,3.09,6921,1.092,1095549,3.049
2018,653788,OTHER,79.4,70.8,97.4,12.77,1.48,30.14,6.27,9.26,08:01,09:09,9.13,23.93,2.79,5261,1.401,1820361,3.859
2016,953263,BIKE,85.6,82.6,111.2,6.68,19.68,2.05,11.22,11.81,06:47,08:22,38.59,11.72,2.26,8000,0.855,849566,3.725
2016,952879,BIKE,36.2,24.5,43.7,18.65,15.09,27.27,15.71,6.57,08:11,08:51,14.91,2.18,2.31,2970,2.152,1404282,2.833
2019,198344,MIXED,12.4,3.0,36.5,24.42,10.45,15.22,14.4,4.48,10:52,11:24,22.13,6.24,2.03,3451,1.411,291694,1.867
2024,510595,TRANSIT,69.0,57.1,89.8,31.97,6.17,19.28,15.74,4.83,08:13,09:24,26.73,6.33,2.54,6056,2.307,1990714,0.903
2024,255609,TELEWORK,71.3,67.1,82.0,13.44,7.94,21.64,13.98,6.0,10:00,10:59,16.84,19.15,2.93,6152,2.286,1216869,0.423
2021,265084,TELEWORK,69.5,57.5,91.9,32.21,3.55,5.84,10.57,11.94,09:08,10:05,19.14,17.34,2.33,5113,0.957,291784,1.107
2018,799096,TELEWORK,56.9,44.9,87.5,27.31,4.11,5.08,15.57,0.88,09:18,10:08,29.72,14.52,3.16,6516,1.512,2488221,1.101
2023,196700,TELEWORK,34.5,24.3,45.9,28.84,16.28,1.42,12.32,9.61,10:35,10:52,44.91,24.63,1.7,8000,1.769,1976426,0.338
2022,743736,CARPOOL,8.3,3.9,33.5,32.32,12.47,18.19,6.46,7.64,08:44,08:56,25.56,19.61,2.28,5687,0.965,1844414,2.608
2024,718384,TELEWORK,44.3,34.0,81.0,16.43,12.93,18.02,7.64,1.78,09:34,10:06,3.22,6.21,1.7,2089,1.478,1330251,2.538
2025,722078,TRANSIT,74.8,66.4,97.8,24.33,15.32,21.89,3.55,2.82,06:58,08:15,21.99,11.68,2.65,5959,2.154,2299702,2.347
2024,636469,CARPOOL,35.3,35.0,48.4,26.39,3.03,34.12,1.09,7.55,06:40,07:30,1.32,4.82,1.92,1650,1.044,43077,0.467
2020,659888,TELEWORK,43.1,39.4,82.6,10.73,4.14,4.44,4.29,11.82,08:15,09:05,24.06,7.38,1.62,5073,0.992,345674,3.934
2024,548515,CARPOOL,88.0,86.8,125.2,29.94,4.92,17.27,11.08,10.97,10:11,11:40,14.9,23.39,1.44,6599,2.045,723474,1.417
2024,187029,TELEWORK,85.5,78.4,93.5,11.07,2.76,0.54,4.51,7.49,07:45,09:12,36.62,14.77,1.73,8000,1.815,1199241,2.849
2025,551718,TELEWORK,76.6,69.2,106.0,1.52,14.43,21.9,3.43,10.17,07:25,08:40,35.96,12.07,2.63,7173,1.609,1294642,4.47
2018,647013,AUTO,47.2,39.8,57.9,32.44,3.98,31.28,10.43,6.16,08:29,09:26,2.19,1.84,2.02,1802,1.777,766063,3.843
2020,726940,WALK,47.6,40.0,73.7,34.26,13.2,4.33,7.56,6.12,06:35,07:19,0.81,6.91,1.14,2760,2.163,2281157,1.934
2025,490870,TELEWORK,77.8,75.5,103.4,32.64,18.96,27.43,5.84,6.55,08:24,09:32,31.95,14.87,2.61,6848,1.652,166760,3.752
2022,478306,TELEWORK,42.0,38.8,68.0,13.26,15.61,16.02,10.55,0.18,10:36,11:11,36.82,6.87,2.6,6944,1.53,1423231,0.3
2016,436050,CARPOOL,94.5,92.4,104.1,19.13,19.83,15.04,9.06,1.39,10:53,12:40,12.94,10.27,2.26,4605,2.186,1282093,2.329
2018,198194,CARPOOL,41.0,39.1,71.0,0.1,12.62,13.46,12.73,8.53,06:10,06:58,35.84,7.61,1.67,5818,2.056,1305281,1.03
2020,673836,WALK,13.3,3.0,39.6,10.9,7.81,14.18,0.59,10.95,10:48,11:09,4.72,18.64,2.37,2356,1.331,2031991,1.166
2025,982701,OTHER,16.1,16.0,23.6,25.2,12.68,12.05,3.7,1.47,08:27,08:32,6.26,8.42,1.96,2615,0.815,936548,3.688
2023,371795,CARPOOL,45.9,44.1,66.8,26.71,7.74,2.49,15.02,3.66,07:27,08:09,20.61,7.78,2.94,4934,1.412,1250982,0.893
2020,165269,TRANSIT,44.7,34.2,53.6,5.51,10.62,20.75,8.43,5.28,09:28,10:15,2.63,8.33,1.89,1972,0.945,352791,0.311
2018,570028,AUTO,84.9,84.2,119.8,25.39,0.08,34.35,5.9,1.3,08:21,09:41,15.86,24.72,2.31,6238,1.538,1047469,0.456
2024,673013,WALK,71.2,69.4,101.2,2.62,14.9,8.85,11.83,11.95,06:30,07:37,21.17,8.41,1.37,5031,1.459,2193693,3.477
2018,212792,BIKE,32.8,27.8,48.3,9.84,19.87,2.65,16.59,9.89,06:04,06:34,2.82,0.51,2.15,1922,1.762,442522,3.783
2022,946363,CARPOOL,66.5,62.3,80.4,7.69,1.74,23.67,5.21,3.93,07:53,09:06,37.12,22.29,2.64,8000,2.291,222002,1.544
2021,999016,AUTO,22.3,10.4,46.5,10.33,10.65,17.78,2.0,9.45,09:10,09:26,7.22,13.01,2.19,2420,0.814,1826553,2.318
2020,987149,OTHER,24.4,18.9,29.7,29.99,12.36,13.56,5.7,8.72,08:41,09:11,0.93,8.14,1.9,1801,0.978,595278,2.174
2021,893493,OTHER,77.1,72.7,97.8,22.28,1.1,34.71,9.53,3.54,08:25,09:31,37.98,13.9,1.36,7380,1.238,1825943,1.345
2020,839236,OTHER,44.1,32.6,80.3,21.21,8.08,2.17,5.91,8.77,08:21,09:01,26.15,4.94,1.58,4954,1.937,1699501,2.819
2022,956396,TRANSIT,58.7,46.9,79.0,32.72,17.22,8.72,3.57,8.75,09:43,10:35,2.03,14.76,2.95,2807,1.051,310114,3.139
2025,414732,TELEWORK,70.8,69.0,78.6,5.34,10.58,27.62,0.95,6.78,09:23,10:25,10.71,14.63,1.19,4083,2.395,2228314,0.24
2019,942685,AUTO,82.0,70.9,103.8,3.38,2.06,11.76,2.31,1.36,10:42,12:15,25.36,1.39,3.19,5920,1.768,2276009,1.175
2016,562660,MIXED,22.9,16.6,54.3,5.08,19.87,17.61,14.37,8.07,07:23,07:56,16.24,22.05,1.45,5327,1.528,34270,1.823
2020,916940,WALK,14.0,3.0,36.5,9.58,15.56,32.49,1.49,8.85,08:35,08:52,21.17,7.16,3.02,3879,1.672,53437,3.455
2018,219602,TRANSIT,52.8,51.0,78.7,26.34,9.42,10.44,9.54,5.31,06:00,06:47,21.8,10.14,1.07,5195,1.803,2392158,2.618
2023,855937,TRANSIT,43.8,37.7,72.0,1.7,13.09,33.37,14.45,11.86,06:00,06:29,33.19,17.69,3.02,7444,1.473,1608683,1.946
2023,887513,WALK,85.3,79.7,122.4,22.84,10.95,32.46,6.62,1.29,09:58,11:26,32.43,3.22,1.16,6106,0.898,1606983,2.078
2022,906270,BIKE,31.8,31.2,39.6,24.03,11.86,8.08,5.0,4.17,07:59,08:34,6.29,1.94,1.7,1897,1.068,1824123,2.104
2018,250335,CARPOOL,46.7,42.2,68.4,32.02,11.27,14.28,0.38,10.41,07:46,08:31,41.27,0.76,2.82,6048,1.828,1337116,3.25
2020,187420,OTHER,43.3,41.7,76.9,13.72,2.26,34.85,5.84,5.49,10:56,11:44,22.41,9.9,2.78,4988,1.57,1236225,1.066
2021,555425,CARPOOL,89.5,88.2,119.5,9.87,17.32,27.73,15.91,10.32,09:28,11:06,14.56,10.49,2.08,5089,1.768,2129975,3.168
2024,396723,BIKE,73.2,70.0,79.7,23.29,7.87,15.07,16.21,7.03,08:31,09:36,12.14,21.66,1.2,4904,1.07,928085,4.356
2019,587850,WALK,68.3,60.1,90.9,22.11,0.54,30.58,17.3,8.19,06:07,07:23,7.29,9.8,2.37,3041,2.177,2200870,0.166
2020,226147,OTHER,30.0,19.7,64.3,30.3,3.2,1.83,12.33,5.13,07:16,07:49,14.59,8.53,3.19,3320,0.944,505675,1.898
2016,807786,AUTO,31.3,26.4,64.1,33.64,13.06,23.24,15.91,2.82,10:23,10:45,9.8,8.88,1.89,2791,1.846,1663066,3.099
2016,882923,MIXED,68.9,64.5,106.5,15.15,12.57,11.92,5.32,1.76,06:16,07:24,17.4,10.58,2.37,4511,2.005,356787,4.155
2018,563234,MIXED,24.9,17.0,52.4,13.03,19.89,32.95,9.45,0.15,08:08,08:27,14.31,12.12,1.32,4107,0.861,396364,0.972
2016,225458,OTHER,47.0,37.6,54.5,26.44,15.33,20.78,1.53,8.41,09:04,09:40,39.9,17.34,2.36,8000,1.623,819783,4.344
2019,660268,TELEWORK,84.0,73.9,98.7,1.97,10.76,25.41,17.61,8.25,08:35,10:04,44.8,13.36,1.71,8000,1.435,981790,3.679
2018,833323,MIXED,81.4,79.0,118.3,26.91,7.74,11.07,12.03,1.68,07:46,09:03,5.98,4.48,1.49,3084,1.43,2052159,1.203
2019,112204,OTHER,84.0,77.0,100.4,26.14,0.38,2.43,9.1,3.45,07:07,08:36,0.64,8.52,1.51,3516,0.763,802980,3.835
2016,943171,BIKE,34.1,25.1,51.7,16.27,9.48,1.02,14.75,6.87,09:51,10:39,31.39,0.04,2.21,4704,2.115,1197301,2.045
2024,217405,AUTO,66.2,56.1,92.3,12.75,6.77,12.81,10.51,2.03,06:19,07:29,9.71,19.84,2.06,5191,1.084,1495621,2.944
2025,208491,OTHER,80.6,77.6,106.3,5.88,16.93,6.12,2.36,3.16,07:07,08:24,18.35,16.16,1.58,5335,0.966,1027044,1.884
2021,348012,BIKE,66.2,61.0,92.0,1.41,0.51,29.06,15.27,4.13,10:42,11:52,8.27,15.79,2.25,3634,1.928,2393054,2.292
2022,412040,MIXED,30.1,27.8,51.6,20.69,5.08,15.21,11.66,4.5,08:01,08:25,9.16,22.65,1.53,4664,2.158,903849,1.2
2022,589104,AUTO,60.1,58.8,97.1,15.11,15.38,14.77,2.24,7.65,09:10,10:04,14.81,3.06,1.24,3933,1.471,1628719,3.089
2016,293798,TRANSIT,94.4,90.3,108.4,14.29,10.86,18.72,2.58,4.48,06:30,08:14,30.32,19.4,3.13,7095,2.014,281231,4.138
2024,658298,AUTO,60.7,59.8,70.0,13.0,17.72,4.35,5.27,6.18,10:37,11:31,1.54,11.53,2.13,2557,1.687,484632,3.413
2020,781153,BIKE,71.5,69.7,87.8,22.67,8.52,14.65,11.79,4.32,07:33,08:40,28.27,16.63,3.13,6934,1.918,2006947,1.586
2024,415239,OTHER,67.0,57.9,89.6,8.8,3.17,3.12,16.78,3.38,07:24,08:29,10.31,3.46,1.93,3919,2.266,2203651,4.096
2022,301443,MIXED,68.6,66.5,98.5,22.86,15.41,0.33,8.93,7.5,07:29,08:33,8.34,4.97,2.85,2991,2.304,1638259,3.638
2024,179007,TELEWORK,60.9,58.5,70.3,24.52,18.45,17.66,1.25,3.17,09:05,10:00,23.89,9.95,2.04,5725,2.28,225131,3.71
2024,789504,TELEWORK,64.1,56.4,93.6,12.79,13.4,17.22,16.33,10.23,06:03,07:03,19.61,17.21,1.34,5472,1.102,812871,2.771
2023,256789,CARPOOL,74.6,65.9,106.8,22.94,17.37,12.66,17.25,5.71,09:50,11:02,6.48,24.19,1.0,4346,2.138,990233,2.7
2021,171472,CARPOOL,93.4,87.5,109.7,2.28,14.53,28.39,14.03,9.69,08:19,09:58,16.92,1.37,1.98,4539,1.169,2456582,2.105
2019,713621,AUTO,84.8,76.2,118.1,24.56,16.78,30.86,0.57,4.67,08:06,09:32,2.63,17.84,2.64,3529,0.991,303052,1.423
2022,169955,CARPOOL,77.5,71.9,101.8,26.47,2.0,1.63,7.4,4.42,07:39,08:46,28.79,11.24,2.38,6111,2.064,1809405,2.18
2016,248086,TRANSIT,78.4,76.2,95.6,14.52,17.09,32.12,3.74,1.62,07:49,09:05,43.92,7.46,3.01,7807,1.328,1680369,3.081
2021,579343,AUTO,43.7,31.9,59.5,17.74,0.9,14.06,7.37,7.69,06:29,07:13,17.36,10.61,1.29,3853,0.939,2279645,0.579
2025,723851,MIXED,39.2,27.5,74.4,8.29,5.61,12.11,16.52,1.66,06:55,07:37,21.56,12.65,1.15,5306,1.788,451926,2.924
2023,894456,OTHER,37.3,33.9,70.7,19.84,11.68,23.94,10.97,6.28,07:20,08:06,19.85,17.69,2.21,5090,1.198,865571,1.663
2021,786362,AUTO,74.0,63.7,108.5,0.11,5.39,22.42,1.48,5.44,07:32,08:36,11.04,18.14,2.09,5310,2.023,1217350,0.589
2023,187557,AUTO,67.9,66.5,87.7,9.96,11.98,30.89,15.21,9.12,10:03,11:08,1.42,15.27,1.38,2756,2.313,725747,2.895
2023,742478,AUTO,78.9,74.9,106.5,31.4,0.65,6.39,13.2,8.62,09:50,11:10,25.01,10.85,2.16,6387,1.762,1396682,4.115
2023,595136,TELEWORK,92.7,85.3,110.1,5.48,14.01,26.02,14.05,3.79,07:36,09:12,36.27,14.07,1.58,8000,1.409,560904,2.976
2022,346064,WALK,54.4,53.0,65.3,15.08,12.85,15.15,3.05,5.13,09:00,10:00,24.73,8.35,1.24,4931,1.034,1716435,3.373
2019,750769,BIKE,59.2,57.2,93.4,11.22,8.14,22.68,11.07,5.79,09:49,10:56,27.75,16.07,1.59,6967,0.961,487319,2.868
2022,644515,BIKE,88.2,79.1,119.8,29.7,17.74,20.06,14.49,8.99,07:41,09:20,43.64,24.38,2.22,8000,2.347,966608,2.503
2021,393463,AUTO,90.7,81.6,115.2,9.36,19.34,7.33,12.32,5.17,06:43,08:15,22.28,24.56,2.39,7103,0.786,1961796,1.01
2019,748920,AUTO,78.7,71.4,118.2,34.8,8.04,4.05,7.85,8.68,06:09,07:33,30.42,1.88,1.14,6394,1.467,842284,2.797
2021,308474,OTHER,54.1,49.3,68.9,19.48,3.98,13.56,7.47,7.08,10:19,11:14,10.61,14.0,3.2,3828,2.3,2218437,3.845
2019,559323,AUTO,35.1,32.3,70.7,16.21,7.95,21.24,13.68,3.3,10:59,11:48,11.35,21.16,1.8,4721,2.106,2106794,2.714
2017,307738,WALK,73.9,64.7,81.6,5.36,8.56,24.68,13.53,9.38,10:24,11:33,11.21,4.08,1.46,3274,1.093,2417674,2.251
2020,939292,CARPOOL,25.1,23.1,58.7,22.42,17.2,11.41,1.19,9.06,09:27,10:01,21.95,17.37,1.76,5373,1.659,1872877,2.277
2025,399607,TRANSIT,33.4,30.6,39.4,26.7,0.71,27.25,1.27,2.27,09:57,10:27,38.35,15.34,2.59,7134,1.639,1979743,0.491
2023,488180,AUTO,74.9,65.7,111.0,11.28,13.95,5.49,6.56,0.43,09:58,11:21,27.72,0.46,2.54,5686,1.123,891788,2.237
2022,378511,TRANSIT,23.3,23.0,59.6,26.66,8.99,30.56,7.39,9.06,08:57,09:26,16.99,22.69,3.12,4619,1.568,797663,1.678
2024,714444,MIXED,25.4,19.5,34.2,27.91,19.49,10.07,13.15,8.53,08:15,08:48,35.14,8.27,1.1,6067,1.065,1826106,3.289
2017,731736,WALK,82.8,82.7,94.0,5.82,0.83,22.64,5.42,2.93,10:17,11:37,34.56,9.08,1.14,7002,1.086,105176,3.627
2018,940290,MIXED,36.1,27.0,47.2,14.01,19.88,2.88,8.78,9.36,07:12,07:35,14.68,20.4,1.49,4723,1.626,2293387,3.73
2018,200479,BIKE,60.3,56.8,67.1,30.21,7.34,17.23,3.71,5.76,08:03,09:05,13.17,24.98,2.78,5253,1.565,1350568,1.131
2021,709093,TELEWORK,24.5,13.9,61.2,13.95,5.88,32.89,10.36,10.19,08:44,08:57,4.94,18.45,3.16,3665,1.321,911846,1.166
2016,242919,TRANSIT,24.7,17.5,47.7,5.92,0.54,25.06,3.88,9.14,06:24,06:45,18.74,18.53,2.64,5064,1.601,2049791,2.439
2023,834886,TELEWORK,73.7,68.0,111.8,31.93,6.37,14.6,2.83,5.67,06:21,07:38,23.8,2.85,2.98,5707,1.692,1859418,4.426
2019,290186,OTHER,75.2,63.4,96.9,15.98,2.16,30.3,16.36,8.34,08:17,09:30,10.09,8.48,2.46,3448,1.558,1724469,0.82
2019,290052,TELEWORK,37.3,29.2,54.5,15.82,8.96,7.05,1.89,11.34,07:51,08:13,41.3,6.48,2.05,6728,1.456,1526292,2.026
2024,335703,BIKE,71.5,71.2,98.1,9.48,8.3,28.19,16.17,7.7,09:17,10:12,31.25,15.32,2.19,6835,1.292,1729597,4.141
2019,661022,AUTO,33.1,21.4,67.3,3.02,11.52,7.91,16.17,9.02,06:54,07:17,31.28,23.58,2.76,6356,1.82,8589,1.474
2022,393628,BIKE,10.6,6.0,37.9,11.19,17.11,12.4,1.44,9.94,07:48,07:53,31.38,5.57,2.13,5099,2.088,513637,1.855
2024,941759,BIKE,80.0,78.9,119.6,27.84,19.78,4.22,11.71,0.77,08:01,09:26,14.41,8.32,1.26,5079,2.169,804248,1.719
2017,995124,BIKE,75.2,70.5,95.0,9.1,8.06,12.73,1.05,4.92,08:15,09:40,43.64,12.3,1.0,8000,1.952,437260,1.04
2022,563556,TRANSIT,70.1,67.1,76.6,13.05,18.49,8.0,11.69,1.87,06:04,07:08,31.76,15.61,1.43,7594,1.287,170998,4.369
2019,895903,TRANSIT,38.9,34.6,63.4,18.06,13.68,12.38,7.3,3.91,09:25,10:06,42.01,11.93,3.07,7077,1.638,1115203,2.732
2021,127014,WALK,68.4,60.7,101.4,15.56,9.71,23.27,10.19,4.53,08:33,09:36,13.3,10.73,2.8,4146,1.65,331799,1.731
2017,920665,AUTO,29.4,29.1,53.5,11.91,7.36,33.14,1.69,6.38,10:52,11:24,23.03,21.33,2.3,6155,2.105,308209,1.946
2021,182916,OTHER,68.8,66.3,96.0,4.31,6.25,19.75,16.79,11.26,08:46,09:41,32.17,14.37,2.57,7376,1.565,1271275,3.325
2020,938152,MIXED,35.5,32.7,64.2,24.31,13.14,14.91,3.86,6.73,07:47,08:44,19.79,23.76,2.35,6080,1.859,2268022,3.433
2021,919593,MIXED,70.2,61.6,75.5,3.36,12.35,4.25,8.14,4.55,07:11,08:14,4.58,9.22,1.3,2769,2.122,1541587,1.196
2024,562547,WALK,75.2,67.9,105.6,3.85,18.78,5.66,4.45,10.68,06:31,07:47,43.63,6.3,1.34,8000,2.347,358802,1.95
2018,905551,TRANSIT,89.0,77.3,106.7,19.34,5.68,23.6,13.85,6.94,06:48,08:09,2.72,5.64,2.6,3314,1.418,912531,3.497
2023,617688,BIKE,12.1,7.9,46.6,28.28,18.67,20.08,2.79,0.15,07:00,07:26,16.11,24.94,3.02,4622,1.415,2295526,0.846
2017,364734,OTHER,39.7,28.4,59.8,22.46,7.89,24.95,12.72,7.67,08:45,09:30,33.89,4.03,2.03,6166,1.503,683327,0.733
2019,663473,MIXED,45.0,39.6,57.5,25.46,15.92,16.67,6.27,4.42,09:49,10:16,8.28,24.24,3.06,4897,2.194,982883,0.358
2020,739851,TRANSIT,89.6,82.6,120.9,4.11,2.69,31.8,12.08,2.69,08:04,09:36,11.31,6.65,1.67,4817,0.827,1797853,2.553
2022,788676,WALK,54.4,45.5,76.6,2.78,0.76,12.42,2.24,3.13,09:15,10:03,14.21,24.22,2.76,5572,2.056,2260194,3.823
2023,561724,WALK,23.8,16.1,63.1,5.52,10.22,15.45,2.89,9.83,10:14,10:42,2.28,18.83,1.31,2919,1.833,163940,0.743
2021,141325,MIXED,38.9,38.6,62.4,7.5,3.79,10.16,7.02,6.55,10:46,11:25,13.63,9.78,2.91,4174,2.392,1448646,2.881
2024,249844,TRANSIT,94.4,84.7,110.3,1.56,2.32,33.95,15.79,6.06,09:21,10:46,5.76,10.74,2.05,4560,1.258,1179202,0.964
2024,446609,TRANSIT,47.7,41.3,72.8,18.92,11.45,1.73,11.59,6.08,07:32,08:09,5.22,23.31,1.16,4545,1.918,1845423,1.013
2022,787411,CARPOOL,93.0,85.4,125.1,25.83,16.45,9.94,7.72,9.18,10:48,12:39,24.78,1.01,2.0,5916,1.457,912299,1.796
2019,932058,AUTO,75.2,72.2,92.7,29.05,4.63,25.21,8.76,9.51,09:43,10:59,11.14,6.63,2.26,4400,1.793,1139891,4.477
2020,659153,AUTO,54.6,51.5,84.9,32.75,13.62,14.47,13.18,9.57,06:44,07:49,3.95,14.61,1.78,3366,1.905,2421930,1.2
2020,457766,OTHER,28.2,16.3,60.8,1.16,12.97,9.84,5.18,11.43,07:30,08:15,39.27,11.29,3.01,6705,0.783,340643,4.356
2022,537378,BIKE,64.6,60.5,75.3,17.72,10.57,30.29,2.79,8.5,07:06,08:07,43.37,21.92,1.4,8000,1.052,841618,0.438
2017,833383,AUTO,65.8,62.5,89.1,30.77,5.91,31.42,2.47,2.15,09:26,10:24,44.06,12.92,1.29,8000,2.273,1232241,2.118
2023,962064,AUTO,80.5,78.8,96.2,29.22,4.21,34.18,1.12,1.64,06:53,08:22,30.27,18.55,1.96,6960,2.029,129953,2.385
2023,430772,OTHER,71.2,64.1,81.1,25.13,16.23,9.92,17.19,2.12,06:52,08:19,21.42,0.56,1.27,5096,1.834,2210171,1.153
2020,230468,MIXED,36.3,31.9,66.5,6.29,6.59,2.86,2.63,5.06,07:13,07:49,9.8,17.6,2.39,4030,1.519,1130888,1.559
2017,772587,CARPOOL,87.6,85.4,119.0,12.65,13.92,5.79,9.31,8.56,10:34,12:10,38.73,1.87,1.59,7066,2.108,770742,4.485
2020,873433,AUTO,71.1,59.6,107.3,15.31,16.7,18.38,12.37,0.19,06:18,07:44,10.19,19.28,1.37,5264,1.252,2009738,3.166
2024,715549,WALK,82.5,75.6,110.7,31.47,3.19,6.6,15.88,6.44,08:00,09:36,30.01,11.81,1.62,7368,0.962,592430,1.731
2019,685940,AUTO,53.1,46.2,77.8,4.75,15.49,0.54,1.19,6.44,08:40,09:40,5.05,1.47,1.84,2811,1.512,1060564,0.303
2024,527696,WALK,15.6,10.6,29.5,26.29,7.65,7.65,4.08,3.15,10:11,10:23,41.2,0.88,1.02,6249,1.745,524935,1.589
2025,965999,OTHER,40.7,36.4,49.2,3.76,14.33,12.09,13.61,8.83,07:12,07:58,41.35,2.5,1.75,6058,1.714,2435556,0.884
2020,177167,CARPOOL,47.6,37.3,86.2,31.32,0.21,6.47,2.74,5.33,09:06,09:56,43.25,1.62,3.01,6752,1.999,1210741,4.483
2023,111176,WALK,86.6,76.8,101.4,13.56,6.73,2.41,6.35,4.02,07:06,08:26,34.72,5.71,1.32,7541,2.128,1020621,3.9
2017,984103,TELEWORK,55.5,45.2,83.1,24.46,12.69,4.05,9.21,6.76,07:35,08:39,10.2,17.85,1.1,3776,1.092,12394,2.715
2018,555838,OTHER,92.9,90.3,125.7,34.5,10.07,7.89,10.05,2.52,07:05,08:42,22.49,5.26,1.07,5952,1.933,1950847,4.0
2021,366064,TELEWORK,76.1,65.0,93.5,21.6,6.99,7.35,11.23,9.59,10:24,11:35,6.61,3.57,1.81,2909,1.213,823624,0.785
2024,464280,MIXED,34.0,24.8,58.8,3.87,1.9,20.93,11.63,9.46,08:52,09:33,3.83,19.48,2.44,3693,2.227,701217,3.925
2024,266071,BIKE,80.9,72.7,86.7,18.19,18.51,29.05,17.07,9.66,06:16,07:46,17.33,1.93,1.61,4202,1.131,895298,1.089
2025,890306,TRANSIT,51.3,42.8,58.2,23.13,1.8,2.38,13.34,10.55,09:06,09:52,2.9,19.25,1.78,3896,1.662,2498228,4.128
2020,265827,CARPOOL,74.0,64.3,91.3,9.08,7.07,17.0,6.45,2.29,08:59,10:08,44.42,18.05,1.43,8000,2.312,1094216,2.11
2019,624531,WALK,71.4,64.1,79.6,3.25,19.37,24.87,15.65,10.37,07:33,08:44,5.34,9.82,1.64,3520,2.232,880456,0.517
2018,735771,CARPOOL,88.3,83.8,115.4,0.51,6.73,19.22,3.41,4.86,07:57,09:26,6.32,16.49,1.33,4427,0.818,999911,1.836
2024,122446,MIXED,67.8,60.0,86.5,19.89,2.89,9.05,15.6,10.91,07:35,08:44,15.32,4.4,1.51,4183,2.278,1012903,4.122
2023,533852,OTHER,74.7,67.1,100.4,5.61,16.36,15.64,5.34,0.22,08:55,10:14,19.26,16.51,2.58,5249,0.76,1100511,2.377
2019,734776,OTHER,89.5,79.5,114.0,30.67,8.58,28.33,0.08,8.66,08:05,09:25,7.81,18.87,2.18,4859,1.908,1185034,3.272
2021,349417,BIKE,51.4,41.5,72.8,25.88,18.16,11.37,2.96,2.86,07:45,08:31,24.94,11.32,2.47,4962,1.024,1162910,2.561
2018,161877,BIKE,80.1,73.2,91.5,6.82,11.03,15.71,12.06,1.93,09:04,10:30,11.02,15.4,2.19,4913,0.947,23690,4.383
2021,322688,BIKE,41.6,33.4,60.8,16.85,6.9,32.05,6.37,1.67,07:55,08:40,35.73,10.08,1.74,6312,1.366,1700388,3.282
2020,904954,TRANSIT,38.3,27.2,48.7,9.09,14.59,6.31,0.1,5.25,10:21,10:55,13.4,6.28,1.26,4014,0.832,2441607,1.053
2019,518639,TRANSIT,70.3,69.4,90.6,23.34,4.41,17.55,8.28,3.66,06:32,07:36,21.0,17.4,1.32,5549,1.263,1438574,2.659
2018,749541,BIKE,42.3,32.5,51.2,12.33,1.14,23.36,5.47,4.31,10:49,11:29,34.29,0.48,2.66,5828,2.17,717564,0.676
2023,766415,TELEWORK,92.9,83.4,116.4,9.15,19.1,2.2,1.62,9.56,07:33,09:05,34.47,6.94,2.58,7469,1.5,761368,3.526
2018,907786,TELEWORK,25.2,21.8,56.3,24.93,3.55,24.25,12.1,0.6,08:51,09:08,2.26,11.73,2.91,1903,0.873,1986958,1.916
2022,451639,WALK,68.4,64.3,107.1,30.54,18.76,15.54,11.56,4.12,06:00,07:07,43.01,12.2,1.06,7960,1.357,666917,3.983
2017,716015,MIXED,55.1,43.9,68.3,21.44,18.06,33.24,12.92,5.14,07:46,08:35,2.62,20.28,1.47,3783,1.724,1848528,0.824
2022,563575,TELEWORK,47.6,40.6,72.1,12.54,6.2,11.55,15.16,6.89,10:59,11:57,38.14,24.3,1.08,7827,1.819,1046658,2.053
2023,334743,MIXED,71.7,70.2,102.7,19.87,15.72,17.1,2.08,4.56,06:12,07:30,8.3,10.94,1.11,4406,1.438,61252,1.681
2024,487547,TRANSIT,50.8,40.2,74.9,26.82,5.5,14.02,15.69,6.79,10:17,11:03,31.03,19.07,1.36,7008,1.947,2485323,0.179
2017,624959,OTHER,40.0,33.3,75.6,1.69,17.1,17.78,2.63,5.99,07:30,08:07,42.29,10.7,1.63,7746,1.221,1795084,3.714
2024,427125,OTHER,11.5,3.0,20.9,29.77,2.07,7.33,4.46,7.05,06:20,06:25,8.22,15.17,2.69,3051,1.596,1992430,4.127
2022,331367,AUTO,23.8,19.4,62.6,8.82,10.07,28.79,2.61,9.91,08:54,09:14,6.53,1.19,2.22,1392,0.865,2137529,2.588
2022,434598,OTHER,49.5,39.8,65.0,30.61,4.4,25.12,6.84,8.06,06:56,07:59,38.28,13.99,2.65,7878,1.4,1155849,1.669
2016,319696,OTHER,78.8,70.1,115.8,21.45,19.18,29.83,0.9,4.67,10:17,11:37,35.87,21.43,2.46,8000,1.662,381676,3.794
2023,591427,TRANSIT,36.1,31.7,52.0,6.13,6.72,0.36,16.64,8.11,06:28,06:53,37.46,2.08,1.97,6326,2.019,1094577,1.83
2025,327466,BIKE,28.7,26.1,43.0,24.65,2.89,24.6,10.39,7.02,06:33,07:03,1.08,0.62,2.47,1221,1.393,1340200,3.53
2025,670495,MIXED,50.3,47.5,77.7,18.08,6.27,15.84,10.95,6.61,10:16,11:03,36.35,11.54,2.76,6901,1.284,2256061,1.052
2016,909712,TELEWORK,37.7,34.5,72.8,8.76,19.51,27.48,5.44,0.7,10:25,10:49,22.84,3.06,2.59,4465,2.063,197379,4.464
2025,350537,TELEWORK,84.2,83.2,115.3,20.01,1.55,23.26,6.45,1.69,09:52,11:27,41.48,19.78,1.53,8000,0.767,523572,1.569
2023,106499,BIKE,63.6,59.5,89.0,0.03,14.77,11.07,1.53,8.87,07:40,08:38,30.98,6.41,1.14,5517,1.388,1680424,2.744
2019,362833,CARPOOL,89.6,78.6,123.1,2.75,12.26,16.34,13.61,9.74,08:49,10:30,33.55,10.25,2.72,7198,2.168,2136815,3.25
2018,956110,BIKE,15.4,10.4,39.6,5.2,5.9,15.63,17.75,5.04,10:15,10:32,18.58,1.52,1.56,2720,1.181,125030,1.089
2025,519041,WALK,94.0,93.9,118.3,7.95,13.55,9.72,2.84,10.89,09:42,11:10,26.96,21.43,1.8,7473,1.05,175571,2.802
2022,756500,TELEWORK,13.5,7.8,40.1,18.58,6.53,2.41,7.31,4.9,07:27,07:42,33.77,24.84,2.68,6959,0.807,2357976,0.214
2023,913344,TRANSIT,76.4,73.0,111.5,31.08,12.76,23.88,5.34,7.62,06:27,07:51,31.22,14.13,2.73,6552,1.751,541792,2.601
2021,906957,AUTO,39.4,39.2,53.4,32.88,11.9,23.53,11.91,7.12,06:25,07:09,33.96,20.93,1.58,6680,1.755,1627474,1.004
2019,478704,CARPOOL,35.8,33.1,67.3,32.37,3.45,22.06,2.73,5.13,08:52,09:19,23.5,17.44,2.8,5604,2.193,227107,2.564
2024,205241,CARPOOL,19.0,11.4,27.0,2.3,7.41,12.08,15.53,9.27,08:20,08:48,26.75,2.08,1.04,4639,1.877,1292468,2.308
2023,191260,BIKE,90.4,89.6,115.0,19.26,2.28,13.39,13.31,2.3,06:22,07:49,38.67,11.7,1.48,7509,1.421,2304906,1.687
2023,514064,WALK,65.2,53.7,74.0,28.36,16.35,27.85,4.66,2.07,08:27,09:30,5.21,2.76,2.26,3339,2.244,451721,1.169
2018,338788,OTHER,39.9,34.0,57.1,31.9,10.03,18.34,15.22,3.03,09:36,10:11,34.19,2.13,3.08,5407,1.368,2163174,1.083
2019,712609,TELEWORK,62.1,58.8,85.7,28.98,1.08,32.28,0.94,4.41,06:28,07:21,22.25,4.01,2.78,5143,1.864,677296,0.939
2023,880213,TRANSIT,11.4,9.0,40.1,5.61,14.66,29.64,9.11,6.14,08:18,08:28,16.98,3.56,1.14,2819,1.374,771829,1.297
2020,197688,WALK,29.5,26.1,64.4,22.21,17.63,24.35,17.65,10.16,08:17,08:46,37.97,17.05,1.84,7494,2.268,616068,3.41
2022,392592,BIKE,35.0,30.1,45.2,13.8,9.37,5.33,3.28,7.48,10:14,11:00,40.1,16.42,1.8,7645,1.76,916508,2.309
2017,774336,BIKE,63.6,62.1,101.0,32.91,6.83,30.46,1.6,8.64,10:09,10:57,0.64,7.84,2.53,2693,0.867,1347293,2.212
2023,405877,OTHER,40.9,32.2,55.0,9.83,8.9,0.94,10.35,3.44,06:21,07:08,21.36,17.9,2.39,5079,1.976,282801,2.937
2018,706165,WALK,28.0,18.5,67.6,0.36,10.25,24.07,1.26,3.35,07:41,08:06,17.42,1.25,3.13,3215,1.443,1064740,2.467
2020,635924,CARPOOL,75.6,69.2,106.9,15.49,9.85,27.11,3.98,1.29,08:40,09:40,26.55,3.82,1.32,5445,1.534,1007919,3.247
2022,216449,AUTO,41.5,29.7,70.2,14.48,18.57,12.84,3.96,10.69,07:12,08:01,7.63,14.51,1.38,3814,1.314,681381,0.275
2021,730002,AUTO,23.4,19.4,50.5,32.32,15.15,10.06,15.78,9.19,07:29,07:54,40.61,12.12,2.93,7342,1.545,124641,1.404
2022,475214,TELEWORK,66.8,62.8,74.3,25.69,15.44,18.77,5.4,3.01,06:13,07:21,37.24,0.8,2.87,5989,0.904,2259142,2.407
2021,466618,WALK,70.7,59.5,85.4,34.56,17.28,2.67,9.29,10.57,07:08,08:27,26.22,17.46,2.17,6154,1.303,24264,1.398
2025,865339,AUTO,32.1,21.1,57.2,19.95,2.31,32.5,8.35,1.87,06:43,07:21,18.07,22.7,3.18,5155,0.857,1003417,3.871
2017,436818,TELEWORK,76.8,76.0,106.4,13.93,14.32,10.49,16.29,7.52,09:31,10:52,32.29,15.87,1.15,7860,1.316,1373601,2.196
2019,259362,TRANSIT,8.9,3.0,23.2,6.59,8.78,31.62,7.03,0.76,08:00,08:05,30.58,20.13,1.73,5590,1.387,1737793,2.437
2022,219031,AUTO,83.4,78.3,89.1,20.22,0.33,33.65,5.51,3.51,10:11,11:45,20.9,10.6,1.23,5834,0.894,710230,0.607
2019,753502,AUTO,40.7,30.9,58.5,0.39,9.2,14.54,3.54,3.19,09:20,09:48,4.45,16.98,1.65,2912,1.477,606301,3.308
2021,660616,CARPOOL,48.4,44.9,85.8,13.11,14.4,33.86,14.01,9.35,06:02,06:53,36.15,17.72,2.67,7134,1.774,1729546,0.694
2021,620284,TRANSIT,17.3,11.0,52.7,30.43,13.6,4.75,10.98,6.68,10:51,11:11,9.47,24.74,1.02,3712,1.814,2024625,0.612
2022,590472,TELEWORK,16.1,13.5,42.0,26.98,14.76,29.33,13.47,10.47,06:15,06:31,29.76,2.71,2.95,4262,1.869,244002,0.597
2025,529411,WALK,32.8,22.2,62.5,27.06,6.28,3.26,9.26,3.69,07:24,08:02,43.0,0.84,2.14,5975,1.346,1486566,4.215
2020,326473,WALK,41.6,38.1,56.3,23.57,14.05,17.21,3.32,10.85,10:06,10:42,43.51,18.27,2.88,8000,1.334,1736740,0.87
2017,695960,AUTO,16.9,11.0,33.4,33.09,4.91,13.82,12.44,1.87,06:27,06:38,9.51,22.33,2.32,4395,1.065,1443940,2.474
2022,500755,OTHER,41.1,35.2,50.2,18.83,8.3,21.8,17.73,10.97,08:14,08:58,26.81,20.06,2.3,6289,1.492,1568846,4.475
2025,706628,WALK,41.4,39.1,66.5,31.82,15.52,10.9,8.46,8.56,07:49,08:26,33.13,1.54,3.06,5677,2.357,1056305,0.335
2025,111462,AUTO,21.7,13.7,58.6,30.89,11.17,0.82,12.69,11.46,09:44,10:03,1.32,14.45,1.73,2564,1.762,1620643,0.882
2020,740686,MIXED,66.6,57.8,73.0,9.05,10.05,13.21,3.32,4.32,06:10,07:12,8.68,22.73,2.16,5203,1.81,724743,0.187
2019,448976,OTHER,41.0,37.9,57.1,19.25,11.91,10.57,2.33,7.0,08:29,09:08,19.94,23.38,1.6,5775,2.326,1730971,3.804
2018,426779,TRANSIT,23.0,19.3,32.4,9.97,5.89,22.1,16.88,5.36,08:02,08:18,13.3,22.54,1.95,4742,1.502,603765,3.71
2018,881928,TELEWORK,92.8,91.8,111.4,5.59,7.16,11.01,9.88,9.07,10:32,12:08,40.4,14.18,1.66,8000,2.023,2033292,1.312
2025,849122,CARPOOL,18.9,10.0,55.2,20.83,13.69,15.28,16.28,11.42,07:22,07:43,34.72,3.72,1.7,5115,1.345,2398829,1.639
2020,122231,OTHER,28.6,22.9,47.6,28.48,12.78,16.75,14.39,2.9,07:56,08:21,40.2,23.39,1.81,7683,1.181,1479536,0.774
2024,860072,BIKE,74.8,74.7,110.4,3.44,17.67,16.99,9.63,1.8,10:02,10:58,44.92,15.59,3.1,8000,1.016,21035,3.896
2025,433833,WALK,51.0,50.1,72.1,19.02,1.76,8.52,3.42,5.4,10:39,11:17,33.73,9.09,1.51,6075,1.465,235972,2.366
2025,837089,OTHER,45.6,37.3,82.5,25.4,11.25,11.02,11.75,0.98,07:18,07:57,25.2,5.58,1.09,5536,1.294,323297,1.643
2017,701117,MIXED,90.1,83.6,119.1,15.26,16.02,25.98,11.29,3.34,10:40,12:31,40.54,3.89,2.81,7526,1.458,1317189,2.496
2025,888357,TELEWORK,71.9,63.2,87.9,3.6,2.58,28.25,10.1,11.39,09:55,11:10,20.47,2.47,2.09,4589,1.602,808714,3.324
2018,320804,OTHER,84.4,80.6,116.4,29.08,9.71,11.81,17.39,11.96,07:56,09:11,35.49,16.52,2.7,7373,2.139,879044,0.898
2023,229038,WALK,63.2,53.2,93.3,5.69,4.61,28.99,2.43,0.99,06:18,07:25,5.84,20.72,2.1,3792,1.215,833187,3.545
2021,807350,TRANSIT,24.7,24.6,30.5,19.52,15.4,3.43,0.6,0.03,09:02,09:32,28.89,8.87,1.67,5541,0.87,1719874,0.222
2016,765138,TRANSIT,36.1,27.8,64.2,0.71,2.78,21.63,7.72,3.03,06:16,07:05,7.9,14.44,2.46,3673,1.298,270053,2.831
2021,771222,WALK,51.8,46.6,73.1,30.71,4.27,31.92,4.41,4.97,09:14,10:23,39.41,13.9,2.1,7625,1.553,521018,1.558
2017,387458,OTHER,89.1,79.8,94.5,21.87,9.75,26.44,8.36,4.11,08:30,10:00,10.05,0.61,2.92,4033,1.305,1595028,1.15
2024,645917,CARPOOL,82.1,70.6,105.6,9.23,2.22,30.26,8.32,6.13,06:35,08:11,9.72,7.42,2.1,4441,2.008,588273,1.207
2024,581062,BIKE,76.1,66.9,92.7,13.51,10.39,13.22,14.25,9.28,10:52,12:02,18.95,0.41,2.99,4189,1.689,2287784,4.187
2020,244462,OTHER,52.0,48.2,65.2,11.96,11.81,23.67,3.04,8.57,09:50,10:34,42.02,21.9,1.87,8000,1.27,1439065,1.182
2018,624852,MIXED,85.3,83.8,123.8,28.48,8.09,5.43,14.61,4.63,06:08,07:27,5.8,8.86,1.32,3793,1.377,1971013,1.955
2019,666756,AUTO,42.8,38.4,57.6,20.32,5.37,6.0,16.91,6.68,08:56,09:24,34.02,21.22,1.93,7726,1.971,1379718,0.251
2025,162886,TELEWORK,71.3,60.8,105.1,27.76,9.68,22.89,2.67,11.8,09:03,10:33,7.88,11.65,1.47,3441,2.303,1790988,1.053
2018,732671,CARPOOL,78.9,68.4,110.1,34.46,2.06,34.8,4.29,9.42,10:20,11:42,22.93,8.36,3.19,5036,1.44,2470159,2.421
2022,954721,CARPOOL,70.7,66.3,94.9,16.85,16.76,23.53,14.28,7.43,09:38,10:56,5.38,12.27,1.46,3189,2.317,1453123,1.343
2025,176470,WALK,40.8,35.1,76.6,24.1,6.74,21.61,15.64,11.17,06:44,07:20,42.9,21.54,2.9,7753,1.587,897408,3.772
2025,333795,BIKE,13.6,13.0,47.6,3.57,1.31,2.07,9.44,0.75,07:15,07:34,30.19,3.75,3.2,4992,1.625,2449136,3.597
2016,756072,AUTO,28.4,17.8,45.0,0.67,6.6,15.85,8.82,6.23,08:29,08:58,41.88,15.25,2.32,7645,1.395,1751529,1.25
2018,907562,WALK,32.6,26.1,46.8,13.91,3.71,18.56,13.58,10.66,09:07,09:37,13.04,22.15,1.85,4275,1.641,539956,3.911
2023,954264,WALK,10.8,9.8,17.0,0.38,18.75,25.47,4.85,11.03,07:38,07:48,29.67,14.95,3.04,5524,2.362,774421,3.987
2019,232835,BIKE,87.4,79.9,116.0,31.12,4.64,11.31,16.72,9.45,10:18,11:48,42.58,22.99,2.61,8000,2.07,2175753,0.179
2019,674118,WALK,23.3,22.6,49.4,1.74,13.18,4.04,1.42,1.0,06:12,06:23,31.89,3.57,2.3,4968,0.975,2038160,3.486
2020,809735,AUTO,37.4,27.3,61.1,32.67,4.75,24.19,12.06,0.24,07:24,08:17,14.26,21.31,2.87,4252,2.035,1295500,1.907
2021,460673,OTHER,17.6,10.7,46.1,27.34,16.32,3.17,14.65,10.76,09:26,09:38,3.25,11.73,2.41,2521,1.523,2327899,1.111
2018,875415,MIXED,15.7,4.6,40.8,3.27,15.54,0.43,11.75,8.52,09:57,10:12,3.02,4.53,1.88,2047,0.785,1927830,3.667
2017,198115,MIXED,31.0,21.1,70.2,22.91,8.79,15.93,2.27,8.9,06:14,06:47,12.47,10.25,2.36,3822,1.311,652406,3.345
2020,683343,AUTO,79.3,78.6,96.9,3.12,16.81,20.19,13.35,6.68,07:15,08:40,19.88,3.38,1.85,4370,1.747,1777747,3.779
2020,705483,BIKE,12.0,6.3,34.1,19.86,5.95,18.84,10.4,4.36,09:51,10:07,22.0,2.04,1.55,3620,1.179,1077716,4.463
2018,248313,TRANSIT,82.4,79.4,120.8,14.65,9.87,2.53,7.37,6.24,07:52,09:13,44.08,19.98,2.14,8000,2.109,1373569,1.162
2025,565767,TELEWORK,12.2,6.5,44.6,15.55,8.17,5.26,6.48,9.15,09:24,09:29,20.19,11.12,1.54,4464,2.087,1721425,1.334
2016,500965,WALK,94.7,94.7,124.3,23.0,14.45,31.76,16.32,8.96,06:31,07:55,33.1,8.25,2.45,6714,1.506,853779,2.897
2018,740361,BIKE,85.0,74.4,106.2,14.4,16.68,30.3,1.28,7.62,10:52,12:17,34.37,10.66,3.14,7669,1.0,564411,3.008
2023,272564,TRANSIT,88.4,78.6,127.5,15.43,10.09,20.05,17.05,11.8,10:59,12:33,21.61,3.24,2.28,5259,2.173,725187,1.654
2025,849700,AUTO,70.2,69.1,105.8,15.63,0.59,26.94,3.92,4.37,06:18,07:31,24.14,13.78,2.89,5901,1.888,432931,0.33
2019,837330,WALK,86.0,84.5,125.9,32.35,8.12,21.2,17.58,6.59,06:29,07:48,30.79,1.02,2.01,6561,1.347,596794,1.366
2019,181596,TRANSIT,48.6,44.4,60.4,29.45,15.11,7.67,2.22,3.17,09:40,10:31,14.3,0.5,2.66,2830,1.607,1340485,2.205
2016,848503,CARPOOL,93.7,91.4,119.7,13.08,9.67,30.47,1.96,10.67,10:17,11:46,35.32,12.76,1.82,7761,0.837,2384215,2.318
2019,754835,TELEWORK,39.2,38.9,47.5,7.1,8.04,27.39,11.23,6.58,10:21,10:51,35.01,24.73,2.71,7562,1.768,1449694,1.405
2017,538148,MIXED,36.2,29.9,47.3,2.97,10.16,10.13,10.48,3.06,08:43,09:25,36.03,16.93,2.16,7312,0.954,367354,3.677
2025,250328,BIKE,60.9,49.8,83.3,16.44,7.61,0.76,8.26,7.51,08:43,09:41,39.27,13.71,3.11,7115,1.613,692877,1.691
2016,878336,WALK,51.4,49.7,56.5,30.46,10.93,6.95,7.29,9.11,09:37,10:36,40.33,2.74,1.43,6411,1.844,1815000,1.68
2022,383715,TELEWORK,54.5,44.7,71.5,33.82,1.77,20.35,17.93,8.39,06:55,07:44,4.43,15.33,2.96,3707,1.01,1914453,0.581
2018,817574,OTHER,54.7,44.0,66.8,28.53,11.08,8.47,12.64,4.77,10:30,11:36,7.28,9.87,2.74,2971,1.474,1014366,1.121
2023,194467,CARPOOL,81.3,72.0,102.3,13.97,12.15,16.91,2.58,3.79,06:21,07:58,1.23,9.55,1.05,2607,1.214,777697,0.174
2022,374269,TRANSIT,31.8,25.5,70.2,13.41,13.31,34.63,1.91,8.8,08:26,09:13,14.95,19.12,2.1,5147,0.945,247428,1.824
2020,119300,BIKE,35.4,30.0,45.9,23.63,13.54,7.1,7.83,6.8,08:25,09:09,14.71,19.3,2.84,4406,0.996,2443203,0.821
2022,319833,BIKE,83.5,76.2,122.5,26.73,19.99,1.87,15.53,5.11,06:32,07:58,4.31,7.21,1.16,3381,2.38,990021,3.769
2017,526914,AUTO,57.9,57.9,92.1,28.84,1.56,1.39,0.45,3.96,09:19,10:28,42.45,6.68,2.86,7521,1.076,2434364,0.616
2019,915560,AUTO,79.5,74.2,93.9,19.26,18.03,28.28,1.3,4.64,10:29,11:46,30.74,12.18,2.07,6737,2.329,2072591,4.015
2024,574681,AUTO,33.7,23.9,45.9,25.25,9.28,18.78,16.44,6.92,09:11,09:43,9.82,12.41,2.37,3207,1.188,411734,1.076
2022,810756,CARPOOL,72.9,71.5,81.6,34.29,3.62,10.04,7.32,11.8,09:41,10:59,8.09,2.87,2.8,3205,1.629,1474918,4.261
2019,918678,WALK,27.0,22.5,51.8,5.57,10.64,30.26,4.77,9.9,10:33,10:59,39.17,17.25,2.94,7517,1.864,775589,3.999
2017,773580,OTHER,61.5,52.5,94.3,1.29,19.33,34.53,2.11,7.39,09:31,10:31,25.19,6.03,2.01,5050,2.196,2219249,3.409
2023,616201,TRANSIT,82.7,72.9,98.3,12.07,8.82,23.41,9.25,0.39,06:07,07:31,1.91,22.2,1.49,4580,2.062,797120,4.461
2025,645728,AUTO,30.7,29.1,43.0,27.24,19.57,22.13,0.95,10.97,10:09,10:42,42.19,24.6,1.4,8000,1.278,2253990,3.525
2023,247620,MIXED,48.9,46.6,84.3,9.14,1.25,30.06,4.37,2.21,10:43,11:42,22.11,4.08,1.64,4720,1.712,1020572,1.408
2025,263867,MIXED,55.6,46.3,76.5,7.48,1.61,19.35,12.28,5.6,10:32,11:40,20.05,19.36,1.12,5371,2.128,401974,3.023
2017,290955,TRANSIT,59.3,53.5,76.3,13.39,10.27,14.74,4.73,9.3,10:25,11:23,10.35,24.95,1.96,4876,0.879,2221653,0.247
2021,897922,BIKE,83.5,80.7,101.9,25.53,12.24,9.07,17.61,1.62,10:15,11:36,25.59,24.52,2.95,7365,1.272,1004407,1.587
2025,293939,OTHER,8.9,5.3,38.4,26.0,8.22,13.84,15.36,1.71,10:33,10:41,22.43,12.67,2.8,4536,1.421,2476776,4.165
2020,437443,TELEWORK,47.2,37.9,72.3,6.68,18.92,9.76,4.85,7.93,09:20,09:58,1.13,20.12,2.57,3564,2.022,1915171,2.801
2021,895466,AUTO,71.5,66.0,94.1,7.71,8.55,14.09,1.3,6.19,06:55,08:02,9.39,16.62,2.68,4552,1.986,2067215,1.543
2017,282694,TRANSIT,80.4,71.7,103.6,11.85,13.16,2.33,14.65,3.52,10:26,11:38,5.0,9.13,2.01,3475,0.818,779407,2.043
2021,448507,BIKE,17.8,17.0,53.0,18.83,4.29,3.63,2.96,10.69,09:50,10:10,43.19,20.42,1.11,7552,2.184,114330,3.879
2017,668449,TELEWORK,77.4,66.7,105.7,16.62,1.56,5.69,0.8,3.61,09:07,10:22,17.5,19.64,1.47,6305,1.573,1743822,2.043
2025,127817,OTHER,9.1,6.0,26.3,13.32,15.12,25.1,7.3,4.58,07:33,07:38,28.81,11.97,1.98,5180,1.388,187622,0.738
2017,798188,CARPOOL,80.4,74.9,107.8,17.8,7.09,14.42,14.53,6.66,09:03,10:16,19.8,0.95,2.52,5190,0.849,1168712,4.085
2022,892165,BIKE,56.2,53.2,86.7,3.18,8.59,4.74,13.93,8.23,07:29,08:25,43.3,7.69,1.32,8000,1.5,25956,1.475
2022,949475,CARPOOL,84.1,80.9,93.3,21.82,8.92,3.32,5.54,11.18,08:52,10:08,11.69,21.32,3.06,5747,2.317,439109,1.848
2024,371799,WALK,66.0,64.4,97.5,32.63,11.62,0.61,1.43,3.7,07:37,08:42,23.14,17.23,2.49,6549,2.098,1093948,3.371
2021,322661,TRANSIT,49.6,43.1,67.8,6.12,12.87,32.31,5.03,0.47,10:20,11:20,19.1,19.3,1.68,5843,2.277,755891,1.06
2023,880429,AUTO,61.9,61.8,85.6,1.16,15.66,5.79,12.35,6.79,08:26,09:24,17.95,24.24,2.1,6506,1.732,566229,2.827
2022,167594,TRANSIT,90.2,84.4,130.1,1.01,12.63,18.57,12.6,5.83,07:58,09:23,22.88,12.76,2.61,6558,1.552,2158264,3.037
2019,618471,WALK,79.9,68.1,100.3,6.03,11.97,6.99,14.24,11.15,08:55,10:18,37.66,19.02,2.89,8000,2.053,686779,1.783
2023,985789,TRANSIT,36.7,35.0,60.3,17.38,2.82,4.1,9.52,2.75,09:16,09:50,16.93,5.05,1.39,4061,1.757,1823745,0.782
2016,692208,MIXED,76.7,68.3,109.4,28.72,13.75,33.5,9.75,4.01,06:47,08:02,6.78,9.64,1.86,4235,1.451,57444,3.366
2025,629704,AUTO,87.2,75.8,98.9,9.81,15.57,16.25,12.43,3.73,09:48,11:20,10.02,0.25,1.87,3710,1.714,1921659,3.383
2020,424463,CARPOOL,81.2,77.6,116.9,24.49,16.67,17.26,13.11,0.51,09:05,10:33,14.37,6.37,2.36,4456,0.817,405065,2.16
2024,778996,TRANSIT,26.7,19.5,33.6,34.64,1.67,32.95,13.73,8.82,07:10,07:15,8.77,19.28,2.03,3825,1.725,1222401,1.739
2023,850873,TRANSIT,34.0,32.2,46.1,1.62,3.79,6.59,15.99,2.43,06:38,07:14,40.88,2.44,1.25,6734,1.459,1945442,4.027
2017,732753,WALK,63.8,60.2,76.8,14.09,16.12,6.23,0.85,5.26,06:21,07:47,38.51,18.29,2.26,8000,0.896,2473512,2.929
2020,253204,OTHER,63.2,53.0,80.1,4.08,3.99,34.37,4.91,2.92,06:58,08:03,33.87,16.69,1.27,6704,1.272,2258866,0.252
2025,468292,AUTO,84.7,76.2,122.2,2.54,14.25,24.35,2.06,2.41,08:04,09:50,27.98,10.71,1.67,7044,1.336,570011,1.969
2021,542371,OTHER,34.5,34.3,61.3,4.7,14.85,18.91,12.41,2.27,10:15,10:43,11.01,14.08,2.54,3390,2.063,795687,3.968
2018,351486,MIXED,62.5,62.1,94.5,27.3,13.3,5.8,15.02,5.41,07:40,08:51,32.67,12.71,2.33,7062,1.901,988710,0.216
2018,979956,WALK,25.2,24.2,56.5,27.14,10.99,1.72,17.77,4.74,08:30,08:59,29.53,12.09,2.38,5900,2.051,2172756,1.467
2017,983128,TELEWORK,24.8,20.7,51.1,30.31,5.81,34.25,17.89,5.7,10:18,10:48,43.82,20.71,1.0,7627,2.143,1819547,1.103
2020,155708,BIKE,34.4,23.2,50.3,22.83,14.78,23.98,3.54,0.21,10:33,11:00,15.48,6.46,3.08,3079,1.469,128754,2.248
2025,693548,CARPOOL,56.5,54.5,92.8,24.96,19.3,1.23,4.43,3.55,09:00,09:52,37.32,19.2,3.04,8000,1.606,1106515,3.929
2025,181814,MIXED,63.2,57.4,89.0,26.54,13.24,0.25,9.63,3.9,08:34,09:26,11.48,22.04,1.98,4914,1.257,494328,3.277
2023,255967,OTHER,29.8,26.9,57.3,9.93,13.86,4.72,11.98,1.71,09:18,09:41,24.75,1.98,2.85,4599,0.764,1213801,2.023
2023,465229,MIXED,30.8,19.4,37.0,23.42,6.39,9.81,2.01,4.31,08:39,09:07,37.54,16.41,2.59,6974,1.525,2250148,1.823
2019,429558,TRANSIT,64.8,61.4,90.9,8.99,0.94,17.03,13.74,0.69,08:45,09:51,42.38,19.14,1.08,8000,1.332,1168313,0.342
2025,552442,OTHER,45.0,35.9,69.9,28.36,16.85,32.63,10.99,6.17,08:40,09:31,35.74,7.98,1.07,6059,0.868,894497,2.885
2016,672267,AUTO,45.0,41.4,56.5,28.93,7.36,17.76,7.47,11.57,06:33,07:01,38.66,19.98,2.4,7532,1.366,891230,2.197
2025,714543,AUTO,59.4,55.1,70.2,10.34,19.2,30.4,10.29,1.8,09:06,10:03,4.43,14.52,2.46,3333,1.887,1600096,0.531
2020,800056,CARPOOL,49.9,41.1,79.2,15.01,12.79,4.33,14.98,4.02,06:36,07:22,31.34,16.05,1.73,6779,1.584,811668,2.619
2019,616114,WALK,19.4,11.6,32.2,7.06,8.16,26.71,16.26,3.78,10:24,10:44,6.58,19.72,2.02,2977,0.931,852895,3.458
2025,584758,OTHER,30.6,27.0,43.1,12.98,11.19,17.85,4.81,8.48,07:06,07:30,37.02,23.74,1.46,7244,2.344,461147,0.27
2021,991268,WALK,23.0,13.9,33.2,29.11,4.74,11.48,5.94,11.97,08:40,08:49,27.94,11.74,1.53,5255,1.045,2214515,0.549
2021,935820,CARPOOL,24.0,15.4,31.1,6.67,5.1,17.31,10.62,2.47,08:52,09:23,39.21,22.72,2.25,8000,1.863,461997,1.289
2018,530418,CARPOOL,26.7,22.0,37.8,6.28,19.1,21.77,14.14,3.4,06:43,07:09,35.03,9.34,1.01,6344,2.079,96969,2.336
2020,109609,AUTO,61.5,61.3,96.7,3.99,6.0,32.77,11.75,0.39,07:45,08:58,42.45,6.57,2.18,7151,1.967,2378424,1.894
2019,367460,MIXED,25.3,19.3,52.3,8.48,7.91,26.27,15.81,6.64,08:42,09:00,36.9,16.33,1.24,6562,1.647,642524,3.684
2023,729367,CARPOOL,59.2,52.1,78.0,9.01,17.24,15.28,3.91,0.41,08:28,09:24,27.29,0.56,1.09,5613,2.04,2439444,4.457
2025,843909,TELEWORK,13.2,3.0,29.3,13.91,5.61,34.42,7.31,0.23,10:06,10:23,31.32,15.44,2.2,5725,1.192,815507,1.504
2025,677499,MIXED,82.1,80.0,94.2,12.45,9.3,12.53,12.69,6.97,07:55,09:11,40.53,4.08,2.23,7264,2.158,2186048,3.386
2023,468200,TRANSIT,52.2,43.2,68.7,16.45,8.32,17.4,9.34,7.52,07:20,08:18,34.9,10.7,2.64,6190,1.65,2474245,1.085
2018,876165,WALK,69.8,66.0,78.8,34.55,14.34,11.22,3.32,8.1,07:31,08:35,10.28,20.59,1.38,5269,1.831,1464866,1.39
2019,670599,BIKE,56.7,47.5,68.3,27.72,11.58,9.52,12.89,7.22,10:55,11:45,7.77,11.75,1.86,3400,1.808,1653899,0.772
2021,961754,AUTO,11.1,7.0,26.5,7.32,8.68,15.94,12.55,5.03,08:55,09:07,15.42,13.22,1.12,3819,1.871,127844,3.768
2020,104772,BIKE,62.9,60.8,86.5,26.61,6.71,6.88,15.15,2.0,09:47,10:47,14.4,5.59,1.27,4002,0.994,1098055,2.668
2025,269237,CARPOOL,93.6,87.5,106.8,21.28,1.34,7.72,15.41,4.38,10:45,12:20,8.01,7.31,1.88,4341,1.054,2213574,1.249
2023,889037,MIXED,38.2,28.0,61.8,31.93,4.66,16.86,10.83,8.94,06:08,06:26,32.12,11.84,3.08,5568,1.674,1441233,4.023
2022,417822,MIXED,70.6,67.5,80.9,15.52,8.42,22.3,1.11,11.21,06:41,07:58,8.0,19.49,2.58,4531,1.937,1037629,1.469
2025,715679,TELEWORK,80.0,78.5,118.5,12.31,6.2,22.01,15.25,7.41,07:25,08:46,5.82,10.97,1.11,3439,1.047,1317676,3.213
2025,437216,CARPOOL,23.5,16.0,48.9,18.77,17.0,19.58,9.77,11.06,07:32,08:04,31.23,14.79,1.55,6209,1.897,220789,3.486
2020,594869,AUTO,72.4,64.6,79.4,26.44,8.56,13.15,4.85,0.22,06:37,07:44,0.76,24.29,2.14,3934,1.286,2487871,1.56
2020,703318,TRANSIT,19.2,18.3,47.5,8.76,15.62,6.33,16.1,8.64,09:54,10:04,41.74,20.44,1.36,7435,1.882,922402,4.381
2024,349855,TELEWORK,38.5,33.5,49.0,25.93,1.61,28.55,5.52,9.92,07:48,08:24,40.18,5.3,3.03,6476,1.806,1920908,0.495
2023,726184,MIXED,23.0,17.1,45.5,5.28,12.47,12.87,1.93,5.08,10:26,10:56,29.34,3.48,1.18,5442,1.368,609574,2.443
2020,269689,TELEWORK,87.1,76.1,122.1,6.61,13.67,12.14,17.43,6.07,07:31,08:54,3.11,3.8,1.07,3266,2.177,995554,3.323
2018,534255,TELEWORK,11.6,8.4,37.0,27.83,2.3,20.37,12.72,10.43,06:28,06:43,35.19,11.6,1.71,6247,0.898,510292,1.407
2024,419485,WALK,91.7,82.0,97.8,27.26,9.31,14.26,14.67,5.83,08:52,10:27,4.22,0.4,2.27,3160,1.341,2282249,2.414
2025,698422,CARPOOL,53.9,49.1,78.2,15.95,8.68,14.31,1.71,9.48,07:45,08:35,27.51,7.2,1.9,5525,1.131,312645,3.842
2024,704286,CARPOOL,33.6,32.6,49.7,30.34,10.13,30.06,4.82,9.73,06:13,06:51,43.97,18.32,1.01,7943,0.769,574722,1.605
2024,280618,CARPOOL,64.2,63.0,90.8,25.16,8.77,3.43,6.17,5.71,10:41,11:46,6.6,0.37,2.93,2817,1.572,42695,4.269
2019,436983,TRANSIT,70.2,58.3,83.2,21.39,2.61,13.35,5.31,3.86,10:07,11:15,3.89,22.32,1.82,4152,1.118,1455224,1.032
2023,747826,TELEWORK,94.2,83.6,99.9,20.58,18.18,29.99,13.82,0.7,06:45,08:10,9.8,4.97,2.42,4255,0.799,1481760,0.203
2024,542153,BIKE,58.6,56.2,70.0,17.24,2.94,25.41,14.99,10.38,06:54,07:47,37.58,7.52,3.02,7326,1.514,2480940,0.976
2020,951523,CARPOOL,83.1,82.8,107.3,20.54,11.33,1.77,17.8,5.72,07:45,09:17,31.67,16.0,2.03,7628,1.954,290412,0.402
2022,261951,OTHER,65.3,64.9,94.5,20.78,2.15,30.08,8.32,7.45,08:56,10:10,37.85,4.84,2.94,6310,1.701,1124421,2.886
2021,972019,AUTO,10.1,3.0,32.7,8.32,8.35,3.91,1.73,10.59,09:15,09:29,15.26,14.71,1.02,3767,1.82,1214417,0.806
2018,800015,MIXED,61.5,59.9,80.4,1.6,17.77,19.19,4.02,4.93,10:32,11:35,5.28,3.33,1.56,2832,1.532,2270793,3.274
2022,824128,BIKE,68.7,65.5,104.2,4.48,0.0,25.82,6.16,1.83,09:18,10:29,40.54,3.59,2.06,7080,2.14,1209087,3.543
2019,436258,OTHER,70.3,68.0,83.4,21.46,0.11,21.41,1.29,6.85,09:26,10:52,44.37,12.01,2.81,8000,1.653,582652,1.166
2019,221190,AUTO,42.2,38.3,81.7,29.58,0.25,24.43,15.34,9.09,09:40,10:14,36.23,0.16,1.25,6278,1.646,767990,0.246
2024,351509,TRANSIT,58.6,54.1,73.9,10.45,19.39,31.49,7.42,0.82,09:45,10:59,32.38,7.46,3.05,6602,1.023,271270,4.368
2025,235067,TRANSIT,89.0,87.0,117.9,7.6,9.22,19.97,12.82,7.92,08:23,10:00,23.86,17.39,1.01,6070,1.314,1674108,2.938
2024,726156,TRANSIT,69.0,62.3,76.1,20.32,10.75,33.1,9.76,5.85,07:20,08:26,20.3,0.33,2.83,4186,1.505,2124969,1.668
2020,305681,CARPOOL,44.7,44.3,79.5,3.84,3.45,23.09,16.48,8.42,08:00,08:52,5.61,10.95,2.48,2864,0.974,1377382,3.643
2023,286945,WALK,93.9,92.2,125.6,10.7,14.71,11.56,15.05,2.58,10:11,11:45,25.52,23.17,2.18,7341,2.189,1284614,2.966
2020,369252,TELEWORK,18.4,12.1,39.2,20.85,8.97,32.13,8.18,1.31,09:01,09:20,24.34,7.7,1.16,4740,1.149,1902631,0.89
2018,929569,CARPOOL,68.3,56.5,100.4,17.95,10.13,1.89,2.01,10.7,09:54,11:07,11.46,9.01,1.63,4050,1.189,2007730,0.988
2024,380727,WALK,43.5,35.4,55.1,12.56,2.89,20.58,17.09,6.96,07:11,07:53,37.17,23.76,3.17,7779,0.772,229263,4.286
2020,596721,WALK,91.6,90.4,98.7,1.26,3.7,20.23,4.47,6.14,09:17,10:44,37.25,10.3,2.47,8000,2.001,1970177,3.173
2020,954354,TELEWORK,70.3,59.9,96.5,12.49,2.15,18.95,15.74,11.85,10:21,11:33,10.69,24.93,3.1,5578,1.778,1271221,0.333
2017,786653,WALK,77.6,74.1,86.0,6.3,8.34,15.9,9.71,6.09,10:36,11:42,33.78,18.54,1.62,7393,2.121,1711065,0.267
2023,368079,TRANSIT,31.4,28.5,46.2,34.6,3.12,27.47,12.16,9.68,09:10,09:50,0.5,22.73,2.85,3219,0.76,87705,0.696
2023,943895,WALK,19.1,9.5,51.3,11.01,10.11,26.9,4.0,4.28,07:35,08:06,39.25,5.36,2.56,6701,1.171,1983072,0.62
2025,472414,TELEWORK,20.0,8.8,46.3,22.25,13.51,2.47,3.48,1.69,08:44,08:58,27.97,20.06,2.54,5471,1.617,1291926,2.478
2023,388250,CARPOOL,25.5,25.4,52.5,20.54,6.65,31.64,1.69,5.02,06:15,06:40,0.84,15.32,2.47,2825,0.806,552446,2.823
2019,535179,TELEWORK,29.4,19.2,38.5,6.46,7.1,2.13,5.98,9.55,08:49,09:26,40.33,6.51,2.91,6383,0.983,114471,0.279
2022,241127,CARPOOL,23.5,14.0,43.5,31.33,5.01,28.43,1.18,7.77,10:34,10:54,22.78,11.48,1.99,5079,2.236,379642,0.315
2024,670831,WALK,25.9,19.1,62.3,5.25,11.94,22.63,4.16,8.05,10:19,11:00,6.71,7.26,2.5,2784,1.236,1101461,1.967
2021,384050,WALK,32.9,23.0,66.9,18.5,2.02,25.35,3.79,4.28,08:25,08:54,8.81,15.2,3.17,3847,2.077,2004550,2.882
2025,355870,TRANSIT,62.9,60.1,97.5,12.61,19.21,13.03,4.68,9.85,09:44,10:46,13.54,21.72,2.76,4644,1.595,694396,3.565
2024,299573,CARPOOL,78.2,76.5,98.7,25.71,4.32,21.49,1.07,10.53,10:56,12:23,41.1,15.37,1.64,8000,1.529,1283586,1.778
2023,939580,WALK,83.5,73.7,105.0,17.96,18.86,15.03,17.83,7.62,07:34,09:04,6.95,16.86,1.9,3889,1.275,1466575,0.864
2024,666811,TELEWORK,8.3,8.0,44.2,27.64,2.45,16.72,12.86,10.21,09:10,09:19,40.26,1.35,3.18,6161,2.076,2315754,4.109
2016,251215,OTHER,36.7,32.5,62.5,5.55,4.75,24.28,5.74,5.14,07:51,08:23,19.67,23.74,1.26,6097,2.336,2351645,4.122
2020,685578,TRANSIT,69.6,60.3,102.2,25.43,14.5,5.61,17.47,11.58,08:45,09:45,16.62,12.66,1.38,4673,2.386,1221004,3.047
2022,483409,WALK,32.2,26.3,38.3,20.17,19.08,10.13,11.5,11.13,07:06,07:49,32.74,12.47,3.01,5585,2.198,118700,3.321
2022,817387,OTHER,85.9,82.4,122.8,9.29,12.39,12.57,7.47,7.89,09:27,10:58,40.14,11.3,2.73,7675,2.399,1564588,1.435
2016,337407,TRANSIT,46.1,37.2,56.2,4.91,16.32,18.87,1.77,1.73,08:44,09:28,15.1,7.46,2.49,3820,1.656,2213040,3.219
2025,466251,CARPOOL,92.4,91.0,121.4,32.61,7.49,12.56,6.64,0.39,07:19,08:55,9.25,24.59,1.01,4990,0.88,366381,0.422
2024,976520,WALK,29.5,22.8,34.8,15.08,10.37,23.54,13.56,9.7,06:23,07:05,19.33,16.42,1.01,4774,2.085,946091,2.281
2023,682665,CARPOOL,94.6,85.5,104.4,13.54,9.06,6.39,6.76,11.26,09:17,10:52,38.14,20.11,1.32,8000,1.802,2302317,0.26
2020,934940,OTHER,10.4,4.0,21.2,25.31,2.95,18.83,1.53,2.89,09:14,09:19,20.66,20.01,2.29,4483,2.128,2402391,1.646
2024,625691,MIXED,92.4,82.9,103.9,8.45,13.82,1.89,12.25,4.69,07:38,09:17,9.59,8.93,2.67,4269,1.185,1569413,2.034
2025,420800,WALK,84.9,76.9,96.1,12.7,17.08,33.41,9.24,1.9,08:16,09:39,1.39,18.64,1.82,3695,1.161,481845,2.394
2024,889528,MIXED,20.2,17.3,32.4,18.71,1.44,9.36,0.86,5.31,10:40,11:01,6.46,2.1,2.21,1760,2.22,597688,0.178
2019,241898,AUTO,85.6,75.0,114.9,14.87,2.97,5.96,11.69,4.28,09:23,10:37,43.1,5.34,1.44,8000,2.196,961008,0.501
2023,466275,WALK,63.5,60.8,83.3,17.84,2.49,32.26,11.37,5.18,06:47,07:48,16.8,22.79,2.48,6138,2.34,446409,4.48
2025,552916,OTHER,68.5,68.4,92.0,15.55,0.76,10.82,4.67,7.24,09:30,10:52,2.89,13.42,2.43,3381,2.298,1056804,3.373
2023,244944,TRANSIT,83.6,79.5,97.9,4.31,5.6,18.65,15.85,8.47,09:27,10:46,6.72,1.57,2.44,3135,2.397,1689714,4.133
2020,430173,BIKE,81.6,70.4,106.9,8.4,13.42,15.95,3.78,0.69,10:35,12:00,34.96,8.41,3.07,7335,2.327,132933,1.982
2019,793378,CARPOOL,80.7,73.0,114.2,9.57,2.49,33.16,17.4,11.95,07:40,08:51,14.1,15.1,1.63,5663,1.77,2482738,2.01
2024,574659,TELEWORK,31.1,21.3,62.3,5.52,10.5,14.2,0.25,0.15,10:05,10:22,9.07,9.14,2.56,2754,1.45,2399822,2.196
2025,767277,CARPOOL,89.0,81.7,110.0,10.07,10.56,27.5,2.91,6.1,08:58,10:16,29.41,3.52,2.45,5703,1.932,429413,3.703
2020,814231,AUTO,34.4,30.2,61.3,7.79,2.72,11.89,16.33,3.42,08:24,09:11,27.25,4.26,1.75,5191,1.847,1887700,2.448
2024,961784,CARPOOL,34.0,26.0,63.1,14.47,10.65,1.38,2.87,5.17,10:14,10:51,30.37,2.92,2.83,5211,0.937,1206252,4.215
2025,985821,CARPOOL,72.9,70.8,102.8,24.52,17.55,33.07,10.29,9.56,07:59,09:07,36.43,6.71,2.11,7254,2.065,1936480,3.106
2020,167321,CARPOOL,29.8,20.9,66.6,13.85,12.49,23.18,10.18,5.07,08:13,08:58,0.69,11.99,2.36,2787,1.342,1820810,2.106
2018,773743,OTHER,83.4,79.6,103.4,5.09,13.07,22.95,12.72,11.29,10:24,11:58,7.3,0.46,2.31,3628,1.653,1833249,3.081
2018,588404,CARPOOL,44.5,40.0,71.2,20.53,5.9,34.27,12.44,5.75,10:04,10:45,18.36,12.09,1.17,4423,1.331,666829,1.038
2022,431471,WALK,23.2,13.7,45.8,30.82,16.29,31.01,6.59,3.83,08:26,08:48,12.31,15.84,2.66,3761,1.614,1097110,0.175
2024,626040,BIKE,84.6,79.2,99.2,11.56,6.6,8.15,15.62,6.99,10:19,11:28,22.42,8.38,1.03,5853,2.174,1425460,0.957
2024,912707,BIKE,73.7,69.0,112.7,0.54,14.7,33.76,9.81,4.4,06:02,07:16,10.53,11.48,1.06,4530,1.17,2069049,1.082
2024,539471,WALK,87.4,78.7,112.1,18.38,19.98,32.83,3.85,6.12,07:54,09:26,16.28,10.15,1.28,5132,2.399,49172,4.275
2023,728945,CARPOOL,45.3,45.1,60.7,29.73,1.3,6.7,5.5,2.34,07:41,08:37,34.8,7.95,1.54,6053,1.811,1670010,4.463
2022,393735,CARPOOL,64.7,57.5,96.8,24.61,15.49,4.76,2.77,1.47,08:44,09:46,14.24,14.46,2.81,5064,1.531,691068,2.96
2022,551137,OTHER,28.4,24.4,53.9,3.25,7.29,28.22,15.01,4.26,09:45,10:13,15.85,17.03,1.03,4657,1.777,1067263,1.126
2017,123522,MIXED,91.2,89.4,97.6,4.8,7.26,28.83,4.35,8.53,07:24,09:02,10.08,16.78,2.33,4569,1.394,505227,3.787
2019,692795,TRANSIT,43.4,32.9,70.4,21.36,3.53,16.65,15.26,2.21,10:53,11:27,2.71,24.09,2.36,3641,1.347,1613266,2.967
2023,437647,WALK,83.9,72.8,118.0,34.34,4.65,18.22,1.43,3.92,10:55,12:10,33.28,22.5,2.49,8000,1.971,932789,3.311
2024,329230,OTHER,40.8,29.6,57.4,11.77,13.62,21.67,4.31,5.15,07:34,08:13,33.69,8.35,2.47,6349,1.19,555548,3.665
2025,932956,BIKE,23.7,14.7,45.9,28.07,17.98,2.79,12.75,9.17,08:24,08:41,38.33,6.71,2.81,5919,2.051,52656,0.261
2016,783840,CARPOOL,30.1,21.5,65.8,3.57,6.86,25.82,12.35,9.13,08:57,09:22,33.25,23.16,1.36,7030,1.47,1801107,2.495
2020,885962,OTHER,11.3,6.7,49.7,12.77,0.59,6.4,3.63,1.74,09:40,09:59,35.31,4.64,1.68,4982,2.171,358022,0.42
2023,380233,BIKE,71.9,63.2,87.7,9.4,17.09,26.47,12.54,6.9,08:53,10:00,28.54,11.49,1.62,5892,0.831,129771,1.279
2018,208363,MIXED,14.6,11.9,29.4,28.65,9.13,14.48,4.51,3.7,09:32,10:02,17.53,15.6,2.47,4635,1.526,1928912,0.311
2016,392735,WALK,68.3,60.1,78.6,11.53,17.12,1.94,0.9,2.0,07:55,09:10,4.29,9.55,2.49,3714,0.828,2093318,3.559
2022,850174,TRANSIT,61.9,54.5,94.6,4.35,7.97,2.32,11.93,11.6,09:14,10:17,44.9,22.0,1.08,8000,2.116,2231636,3.67
2021,548472,WALK,30.9,28.0,62.7,27.53,14.59,28.04,14.49,10.34,06:17,06:57,25.0,19.39,2.51,5204,2.283,1514781,2.158
2020,707713,CARPOOL,59.5,53.9,65.1,1.41,17.83,5.37,12.74,2.28,07:53,08:38,3.44,2.92,1.63,2042,1.101,1253637,4.001
2017,909316,TRANSIT,23.3,20.5,40.7,31.32,14.4,5.06,17.41,2.15,07:18,07:39,6.14,13.7,2.02,3388,0.996,67718,3.563
2017,188357,TELEWORK,71.0,69.3,88.3,3.62,11.42,1.58,4.22,10.33,09:17,10:29,43.64,0.9,2.32,7674,0.941,850238,0.843
2025,638302,BIKE,8.7,3.0,21.0,27.25,9.87,1.52,0.79,6.4,08:48,08:53,1.22,0.25,1.3,1069,1.647,996952,3.847
2022,828259,AUTO,19.7,9.6,37.2,26.47,0.56,30.47,7.8,7.0,08:02,08:19,6.35,14.45,2.38,3173,2.183,1890846,4.352
2022,104073,TELEWORK,38.6,36.8,65.0,20.22,19.91,11.27,14.15,1.37,06:06,06:53,4.91,5.58,2.3,2193,2.284,392681,1.483
2025,865730,TELEWORK,25.0,23.8,39.2,34.81,0.76,4.32,11.84,11.72,10:34,11:16,40.73,13.17,1.17,7540,2.396,607683,4.431
2017,380827,WALK,14.9,10.9,23.9,3.74,1.15,11.14,14.05,9.32,06:38,06:56,25.51,22.19,2.37,5641,0.8,1124090,0.443
2019,570058,OTHER,54.6,48.2,92.3,17.0,14.87,7.49,8.83,5.57,09:36,10:21,8.68,15.88,1.98,4362,1.889,265464,0.787
2017,615626,AUTO,57.7,56.0,80.3,0.88,12.8,13.47,3.3,10.47,06:35,07:23,1.02,17.93,3.12,3817,1.003,723329,3.719
2022,977266,AUTO,67.3,64.1,96.4,9.18,7.69,1.3,3.78,1.37,10:22,11:26,18.03,7.52,1.68,4954,1.14,924268,3.024
2025,804556,TELEWORK,46.7,41.3,64.3,14.62,16.3,19.44,12.07,11.92,07:53,08:40,23.16,9.23,2.63,5093,1.528,810544,1.576
2017,736677,MIXED,80.2,69.6,93.6,12.0,11.99,6.99,13.3,5.03,10:57,12:17,40.47,18.55,2.12,8000,0.752,1850231,3.884
2023,753276,BIKE,60.1,48.9,74.9,32.12,15.09,6.16,10.86,11.14,06:06,07:12,9.02,5.92,2.0,3087,2.057,1406716,2.578
2021,193145,WALK,36.7,24.8,45.4,16.64,4.85,1.12,5.86,1.95,09:38,10:26,33.26,9.69,2.02,6552,1.928,699221,3.909
2019,818030,CARPOOL,16.5,11.9,36.6,29.65,6.87,0.08,8.26,10.92,07:19,07:33,28.59,6.87,1.67,4414,0.756,205596,2.596
2020,127135,OTHER,37.5,28.9,69.7,12.57,8.58,24.67,11.69,4.38,10:20,11:14,19.57,2.41,3.1,3766,1.968,52064,0.319
2019,605304,AUTO,86.7,77.0,97.4,23.8,16.26,20.59,1.22,2.6,09:33,11:09,9.91,19.22,1.18,4781,1.167,1364170,4.308
2016,548938,CARPOOL,71.1,59.7,108.0,33.81,0.37,24.12,10.22,2.51,09:03,10:19,28.91,11.37,1.45,5912,1.275,74023,3.98
2016,768501,MIXED,57.5,51.0,86.5,20.69,10.28,26.53,11.33,7.54,09:09,10:28,21.41,10.36,1.78,5230,1.302,2498841,3.863
2018,709917,TRANSIT,62.5,54.9,85.8,14.62,18.66,5.62,5.42,3.9,07:28,08:24,35.14,12.69,2.43,7184,2.334,1901514,3.236
2020,102168,OTHER,15.5,12.4,29.4,34.17,3.39,16.88,3.07,8.43,08:38,09:02,21.04,14.0,1.08,4708,1.374,1380389,3.085
2019,718987,BIKE,65.9,56.2,94.8,29.6,14.76,23.36,5.49,4.35,07:49,08:55,39.52,19.53,3.05,8000,1.987,1066291,3.503
2019,151660,TRANSIT,72.9,67.3,105.6,12.3,14.47,19.43,8.58,6.5,10:58,12:07,2.93,8.72,3.14,3437,1.613,1110356,3.534
2019,214489,CARPOOL,84.3,79.1,116.0,8.38,10.35,29.66,13.9,8.37,09:08,10:24,41.87,14.34,1.74,8000,1.654,571924,2.559
2017,783604,BIKE,92.6,86.5,108.2,34.07,6.79,14.45,3.61,6.85,06:22,07:42,14.79,9.43,1.61,5484,1.191,1901480,1.507
2025,220766,WALK,90.7,89.5,102.0,11.13,15.93,19.79,0.53,8.46,09:03,10:36,20.23,14.25,2.88,6191,1.285,1365822,1.28
2021,144323,OTHER,90.1,88.5,95.1,23.96,19.56,15.51,5.08,8.51,09:49,11:35,39.02,24.45,1.3,8000,0.897,1562845,0.62
2019,609782,CARPOOL,49.9,39.8,59.1,33.55,16.37,21.77,1.67,5.61,10:49,11:34,33.53,4.31,1.36,5520,1.093,988967,2.234
2018,120798,BIKE,24.9,16.6,60.1,12.34,2.04,19.47,12.16,8.49,09:22,09:53,16.11,6.46,1.94,3854,1.803,1776121,1.229
2020,990709,TELEWORK,75.8,70.5,89.2,24.8,3.42,27.72,1.96,11.1,08:41,10:00,31.37,19.6,2.38,7349,1.383,281732,1.01
2017,606618,TRANSIT,70.5,68.1,92.2,0.76,9.01,7.22,13.59,8.56,06:43,07:53,7.62,10.45,2.16,3714,1.669,484025,0.929
2024,669257,WALK,92.0,90.9,107.5,4.47,10.23,25.93,3.32,3.93,07:52,09:23,10.38,4.47,3.2,3509,0.837,1852962,0.732
2018,336046,CARPOOL,58.6,56.2,87.7,15.34,16.72,30.54,6.38,9.44,09:35,10:31,22.49,20.67,1.72,5541,2.048,788638,4.373
2024,147005,TRANSIT,89.3,86.8,104.0,21.57,14.92,21.41,16.62,1.13,09:44,11:06,17.68,8.87,2.42,5106,1.952,2333380,3.932
2019,354213,OTHER,51.0,41.2,76.8,21.23,4.32,33.18,5.41,0.63,09:10,10:02,17.64,7.09,2.48,4349,1.194,1305444,3.368
2018,597521,MIXED,57.3,54.7,84.2,0.01,8.01,14.79,16.2,7.37,06:52,07:53,44.14,9.6,1.89,7533,1.239,1696252,0.832
2022,524619,MIXED,47.2,39.7,72.6,17.61,18.08,21.2,8.39,8.19,07:22,08:12,5.11,18.66,2.54,3698,1.7,860424,1.572
2018,413473,TRANSIT,67.3,65.0,89.4,25.03,12.01,11.83,1.47,6.83,08:44,09:47,1.65,18.91,1.94,3139,1.716,187911,4.078
2019,308057,OTHER,73.6,67.0,110.7,13.49,0.43,7.37,16.82,1.99,09:35,11:00,33.81,15.47,2.59,7393,1.887,1006807,1.497
2021,747891,CARPOOL,44.6,42.6,69.5,12.33,7.56,6.33,2.94,1.41,09:26,09:55,34.54,13.58,1.31,7138,2.235,2325162,0.692
2016,413964,TELEWORK,40.4,36.8,76.6,9.22,2.81,15.92,15.21,3.93,10:12,10:55,15.96,11.08,1.05,3785,0.904,1813765,0.278
2022,879258,MIXED,52.5,45.8,75.1,15.54,9.61,30.27,0.09,2.6,08:34,09:20,17.58,19.69,2.52,5910,1.761,251202,3.09
2018,540742,BIKE,92.7,88.2,105.5,30.93,15.59,12.25,14.89,0.93,07:17,08:55,37.9,17.16,2.29,8000,2.09,2148011,0.668
2016,129027,BIKE,32.5,25.2,70.8,26.0,14.05,25.95,8.63,4.02,10:30,10:56,39.58,13.49,1.35,7229,1.911,301006,0.613
2019,121691,MIXED,27.4,19.1,60.2,9.19,18.82,21.78,17.85,2.77,06:54,07:24,39.41,14.96,1.5,7126,1.372,1214377,0.163
2020,797353,CARPOOL,39.0,38.8,72.3,23.02,12.32,25.59,1.4,6.85,10:24,11:16,19.61,18.86,1.14,4883,1.478,1153575,4.177
2022,443710,CARPOOL,68.6,68.0,97.9,29.52,9.05,23.82,13.48,9.41,09:22,10:31,31.61,11.57,2.6,7065,1.857,374098,0.34
2022,786157,BIKE,66.8,63.7,101.6,32.52,8.48,3.2,5.54,8.92,06:45,07:51,24.33,23.75,1.46,7261,2.279,2415143,2.047
2016,647170,MIXED,74.7,67.7,99.6,6.17,5.79,24.58,7.74,2.0,06:35,08:02,3.5,22.69,2.89,4525,1.492,141800,1.919
2024,275910,WALK,61.8,55.3,67.5,18.96,17.16,4.1,16.88,1.03,06:54,07:59,4.58,21.41,2.34,4465,1.131,2166367,1.137
2023,675925,OTHER,13.7,3.6,37.0,14.34,9.49,32.41,11.63,9.94,06:27,06:43,4.28,20.17,2.75,3219,2.082,2291635,3.614
2017,656933,AUTO,45.5,44.0,59.0,28.34,12.12,3.3,5.79,11.0,06:18,07:02,8.78,8.01,1.67,3459,2.131,1291813,2.567
2023,472573,BIKE,51.8,43.8,87.1,34.02,7.04,32.52,9.62,5.44,08:22,09:18,3.31,18.59,2.82,3940,1.495,2213136,3.099
2019,457495,CARPOOL,71.7,70.3,96.5,18.89,0.39,28.78,9.14,4.71,07:50,08:52,39.88,5.03,2.05,6710,1.934,1897271,0.44
2016,761210,CARPOOL,44.7,34.8,82.5,12.1,6.39,28.33,12.25,7.23,08:42,09:27,24.42,10.93,2.32,5793,2.084,987312,2.427
2016,173964,TRANSIT,68.1,62.6,107.5,21.55,18.9,2.12,16.94,7.4,06:48,08:02,32.93,5.46,2.0,5879,1.254,678346,0.182
2016,902749,MIXED,17.8,11.2,25.6,30.36,17.14,21.14,13.77,2.0,06:48,07:04,7.04,20.97,1.93,3059,1.318,1520596,1.733
2023,892534,AUTO,53.3,45.6,88.1,20.21,7.35,10.03,13.12,7.74,08:23,09:17,19.53,9.83,1.5,4896,0.994,1391311,2.299
2016,604676,MIXED,90.8,90.2,126.8,25.56,3.84,13.55,11.93,3.91,09:09,10:31,34.71,15.02,3.03,8000,2.017,909568,0.594
2017,822250,OTHER,70.6,65.9,105.5,17.03,9.43,9.83,12.35,11.85,10:52,11:46,24.94,16.98,1.37,6293,2.241,1859354,0.295
2024,593917,CARPOOL,90.6,79.3,101.8,19.02,3.89,25.35,6.48,0.44,09:13,10:42,38.12,15.35,1.54,7722,1.849,784281,2.483
2022,663575,AUTO,54.8,53.3,65.0,0.35,14.24,18.28,0.37,8.42,06:23,07:25,3.58,12.64,1.71,3130,1.054,2173384,4.082
2023,478012,AUTO,80.6,79.0,91.7,14.63,2.08,29.12,4.61,10.52,08:00,09:26,29.59,19.04,2.23,7095,1.671,1309808,0.296
2019,721580,MIXED,48.5,43.7,62.4,6.71,1.65,26.85,4.3,7.02,10:50,11:38,3.39,22.03,3.03,4293,2.375,1290596,2.152
2018,388600,WALK,13.8,5.9,42.0,0.1,6.2,22.83,1.94,0.8,06:05,06:11,18.08,9.91,1.07,3348,2.31,1850596,1.759
2018,332008,WALK,60.9,53.8,95.8,22.75,10.85,30.55,12.38,8.0,10:42,11:47,27.17,23.65,2.01,6787,2.225,2119044,3.193
2019,109750,TELEWORK,47.7,44.4,65.5,34.47,4.32,8.63,7.79,5.06,08:50,09:46,39.14,1.1,1.12,6496,1.455,1373380,2.102
2019,503165,TELEWORK,11.3,3.0,50.7,10.29,10.84,6.33,2.28,1.47,10:15,10:20,0.69,22.15,1.76,2154,1.704,951715,3.109
2016,258282,AUTO,72.7,66.1,100.2,1.88,7.87,26.39,17.31,8.57,08:40,09:45,28.11,2.99,3.12,6264,0.841,934559,3.952
2018,279185,MIXED,31.7,31.3,47.3,32.71,14.2,6.25,17.06,11.87,09:42,10:18,35.23,4.57,2.08,6422,2.237,1696757,4.1
2017,119425,TRANSIT,26.4,24.3,58.4,14.26,3.43,28.08,14.6,2.94,10:57,11:20,6.72,19.39,3.12,4058,1.406,1926763,0.254
2025,537388,TRANSIT,87.7,78.5,112.5,21.06,4.33,33.21,11.92,3.64,08:08,09:35,14.35,18.24,3.0,5789,1.803,902321,3.031
2021,408078,CARPOOL,27.9,21.2,47.6,15.46,12.96,4.76,16.27,7.89,09:03,09:27,9.54,19.33,2.52,3410,2.135,233872,1.205
2023,144858,AUTO,75.0,71.6,114.2,4.88,16.41,18.21,17.39,6.49,06:23,07:43,10.06,17.33,2.53,4985,1.71,931826,0.62
2016,819706,TELEWORK,39.9,30.7,70.0,14.45,14.35,14.37,4.21,10.33,10:27,11:02,11.65,22.94,1.69,4627,1.303,2122951,1.535
2017,275870,AUTO,80.0,68.9,116.8,16.92,17.21,17.15,16.0,5.41,09:59,11:27,26.02,11.39,1.53,6647,0.972,430889,3.641
2024,616169,CARPOOL,88.3,78.2,96.4,6.12,19.68,13.92,9.01,8.05,10:23,11:48,9.12,17.71,1.1,5087,2.103,2456683,3.003
2020,313246,CARPOOL,48.7,42.8,77.7,20.72,15.11,30.72,13.1,10.36,07:34,08:37,34.54,24.06,2.86,7330,1.474,702822,1.651
2022,972225,CARPOOL,50.3,48.8,56.9,24.98,9.65,3.0,5.59,5.99,08:04,08:41,30.17,19.33,3.09,6906,1.489,1683919,2.19
2020,867614,MIXED,10.3,7.8,43.7,23.16,5.62,18.24,3.94,7.77,09:24,09:34,18.33,21.57,2.45,4617,1.125,40031,3.464
2019,237537,CARPOOL,86.2,78.8,113.1,10.58,18.39,16.48,14.48,4.75,06:24,07:42,19.88,7.59,2.33,5169,1.178,1862702,0.857
2022,549513,TELEWORK,21.2,9.8,28.0,21.73,11.8,31.11,12.03,10.3,07:56,08:18,22.57,21.47,2.81,5773,1.081,1656544,3.18
2018,641114,TELEWORK,48.9,47.0,81.9,13.91,2.8,20.02,10.51,10.11,10:31,11:18,15.36,14.23,2.67,4711,2.1,2377144,3.546
2022,498613,MIXED,84.2,81.1,114.4,6.11,10.53,19.36,8.49,6.69,10:57,12:10,18.08,21.84,3.17,6733,2.203,2233493,4.398
2023,473440,AUTO,18.9,14.5,25.1,9.22,10.78,13.24,11.76,7.51,10:23,10:39,27.39,18.92,1.43,5539,1.513,403221,4.201
2019,628347,TELEWORK,46.8,41.7,79.2,17.96,19.41,34.79,13.49,2.58,10:06,10:54,42.74,16.72,1.67,7575,1.601,1914839,1.872
2025,339028,BIKE,46.6,41.2,68.1,21.43,18.71,2.61,8.1,5.27,10:22,11:07,16.66,1.17,1.81,4031,1.17,1331619,0.656
2017,953337,CARPOOL,91.9,91.2,126.4,5.35,4.15,27.6,7.74,4.77,07:15,08:52,27.73,21.44,1.56,7005,0.931,1940917,3.607
2021,781012,WALK,38.0,27.4,45.6,4.8,4.04,12.56,11.12,11.88,06:37,07:21,28.88,2.35,1.53,4430,2.345,1188912,4.133
2025,665066,CARPOOL,12.6,4.4,45.2,20.03,12.21,7.95,14.12,0.58,09:47,09:55,41.04,18.77,1.5,7497,2.033,1523265,1.092
2024,339794,AUTO,14.6,11.7,19.9,32.03,12.42,29.56,13.52,7.47,08:28,08:35,13.25,9.97,1.05,2964,2.187,2081825,1.365
2022,355796,CARPOOL,8.2,4.7,30.5,17.48,0.65,2.33,10.05,11.17,08:37,08:56,15.88,6.25,1.31,3019,1.36,1205308,0.473
2020,869250,TRANSIT,13.5,7.5,51.1,15.87,11.87,12.6,11.32,5.92,07:47,07:57,13.07,11.11,3.08,3849,1.381,1450456,0.331
2018,608854,OTHER,14.3,5.4,25.1,1.94,12.68,13.57,17.39,1.31,06:29,06:34,38.81,18.06,1.6,6797,1.379,893505,3.627
2017,944418,WALK,87.0,81.7,100.6,19.17,15.59,20.56,2.84,2.78,08:08,09:32,24.18,20.96,1.37,6903,1.039,267370,1.436
2023,747251,MIXED,8.3,3.0,35.2,33.51,0.24,27.74,4.26,11.62,06:49,07:00,18.81,8.26,2.28,4224,0.783,2241440,1.49
2018,424004,BIKE,81.9,70.1,103.9,14.94,12.64,6.87,2.54,11.47,06:37,07:47,25.36,2.64,2.35,5488,1.048,1635702,3.339
2018,838294,BIKE,92.5,84.2,127.4,31.88,14.89,30.05,13.42,4.76,07:58,09:25,21.6,14.79,1.49,6554,0.993,980764,0.686
2025,385486,AUTO,62.5,52.8,91.1,10.47,3.42,9.36,7.23,3.8,06:58,08:02,3.95,22.89,2.83,3999,2.304,91516,2.999
2016,210261,WALK,38.5,28.2,63.6,27.71,13.4,31.0,1.75,0.32,08:28,09:01,35.44,9.55,1.6,6259,1.923,78491,1.142
2016,520939,CARPOOL,12.4,5.0,40.4,19.28,4.08,0.83,8.71,2.86,06:24,06:29,1.94,22.55,2.55,3074,1.393,1125682,0.166
2024,896715,OTHER,24.9,23.1,38.2,11.52,18.72,5.76,8.36,1.22,08:17,08:47,14.0,16.8,1.71,4053,1.067,2354027,2.141
2016,480580,MIXED,60.3,53.4,98.0,1.86,17.66,26.74,12.5,10.04,06:08,07:09,44.69,17.61,1.87,8000,2.36,1087887,0.666
2018,602261,MIXED,86.7,79.1,104.7,23.78,7.37,2.29,5.17,4.86,08:59,10:28,32.19,15.11,3.16,7972,0.896,1934342,1.181
2018,554522,TELEWORK,34.3,22.9,54.5,15.14,17.69,18.34,17.76,8.43,06:10,06:41,42.63,3.1,1.42,6610,2.165,1406167,2.59
2019,544588,TRANSIT,85.9,75.9,118.5,15.25,15.64,20.84,8.79,2.79,09:47,11:14,33.85,9.69,1.11,6823,1.449,118711,3.926
2024,881985,TRANSIT,38.2,34.3,67.3,15.46,5.5,29.95,9.77,11.29,08:58,09:40,16.42,1.14,2.8,3119,2.192,2394986,3.755
2024,954631,CARPOOL,24.1,20.5,38.8,32.91,18.1,21.73,3.8,9.41,08:42,09:06,19.36,6.05,1.6,3416,1.298,329870,1.091
2018,933540,CARPOOL,8.1,3.6,23.2,13.45,3.4,15.38,12.37,8.07,06:43,06:49,1.26,13.29,1.15,2302,0.979,894412,2.299
2025,210824,TRANSIT,8.2,3.0,25.0,24.77,2.47,3.34,13.09,5.66,07:46,07:51,27.34,6.56,2.86,4036,0.808,2014041,0.424
2018,846104,BIKE,50.7,41.0,57.9,1.44,2.9,29.1,1.81,8.6,06:20,07:04,9.64,23.22,1.82,4569,1.956,794427,4.24
2019,649863,WALK,22.2,12.0,35.8,8.1,2.52,3.43,13.55,10.69,06:39,07:12,15.43,1.76,3.01,2496,2.071,829941,1.464
2019,264570,TRANSIT,74.9,63.5,102.5,6.09,14.12,22.59,4.29,8.08,08:05,09:33,41.42,1.96,1.88,7622,1.141,1795363,0.549
2022,255764,OTHER,18.2,14.3,46.6,4.07,19.04,4.57,5.92,8.95,07:36,07:41,25.23,12.05,1.67,4481,1.631,1820312,2.367
2016,939703,OTHER,74.5,69.5,89.5,20.14,10.36,8.08,12.81,3.2,06:12,07:33,40.94,6.73,2.0,7631,2.222,908015,0.641
2025,476485,MIXED,72.0,69.0,90.0,9.19,18.67,31.89,4.99,1.25,07:14,08:24,31.7,13.08,2.85,6589,1.188,2395921,3.351
2019,761989,CARPOOL,22.4,15.1,33.9,16.53,9.48,5.99,3.54,6.51,09:05,09:30,7.4,23.14,2.52,3339,0.822,2207938,4.128
2020,131256,OTHER,76.0,73.4,96.2,14.29,14.8,30.61,4.75,4.98,06:47,08:00,41.45,0.89,3.0,7687,1.557,2228308,0.93
2020,314125,TELEWORK,56.1,49.4,67.9,31.27,7.96,29.0,14.56,11.87,07:14,08:01,34.43,21.37,3.13,7991,1.284,945318,0.652
2018,850124,MIXED,86.9,85.1,115.3,16.98,2.42,3.98,6.91,2.23,06:10,07:41,2.14,9.2,3.11,3424,1.333,1580006,3.046
2019,362496,TELEWORK,76.2,70.9,113.5,13.31,14.46,8.3,10.34,2.43,08:58,10:25,21.04,15.24,1.4,5904,1.249,1238398,0.327
2021,770663,TRANSIT,65.9,63.7,79.3,20.3,13.75,18.47,7.85,3.25,06:40,07:48,16.96,13.69,2.16,5091,2.332,170050,1.783
2025,777486,BIKE,82.7,80.2,109.2,32.76,11.12,28.97,17.73,4.42,06:17,07:40,39.07,13.14,1.27,8000,1.473,1940828,1.849
2022,126787,AUTO,34.3,22.5,41.5,7.46,6.53,8.68,15.41,1.79,07:24,07:46,44.93,10.67,1.71,7939,0.8,2497326,2.817
2023,882955,WALK,31.0,26.0,38.9,25.15,5.96,16.06,4.49,2.83,10:48,11:17,41.56,17.46,3.19,7689,1.578,1843129,1.933
2021,468910,WALK,15.9,8.8,32.1,13.15,12.28,22.38,10.78,7.26,08:32,08:37,4.96,18.52,1.4,2875,0.897,74163,3.789
2018,204063,BIKE,76.8,68.5,93.6,13.4,13.97,4.34,9.02,10.81,10:17,11:43,34.87,20.23,1.7,8000,2.372,1587649,2.921
2021,375671,CARPOOL,93.8,82.6,104.2,7.26,10.14,3.76,16.53,4.24,07:18,08:46,24.9,22.84,2.0,7654,0.783,2277009,1.109
2022,496695,AUTO,72.3,72.0,79.8,29.44,17.65,16.34,10.68,10.43,10:33,11:41,42.71,23.32,2.05,8000,2.053,2159179,4.193
2016,181066,TELEWORK,26.9,23.9,61.9,22.03,16.67,5.66,15.38,7.5,06:37,06:58,11.91,7.54,2.53,3469,1.954,1148426,1.398
2024,740749,TRANSIT,70.2,61.8,104.6,34.33,14.54,15.02,6.77,8.04,09:50,11:06,44.58,1.6,1.55,6955,1.061,1615571,3.009
2023,467456,WALK,76.0,71.2,89.3,20.05,14.61,10.71,3.32,7.69,10:04,11:22,2.25,5.9,1.16,2693,1.25,1917178,1.688
2021,561849,TRANSIT,30.4,24.5,58.3,10.57,10.25,9.63,11.38,4.24,08:04,08:32,38.83,10.15,1.69,6945,1.01,2257959,2.707
2016,263854,TELEWORK,50.2,49.2,67.6,18.14,9.22,5.48,16.82,1.1,07:38,08:17,27.33,0.4,1.12,5456,0.792,2312857,1.083
2021,993448,OTHER,59.0,49.8,78.8,8.96,9.03,21.83,7.4,5.61,10:10,11:16,15.32,15.8,3.12,4909,0.955,1390129,2.493
2018,586987,AUTO,20.6,12.6,43.7,22.41,12.79,18.48,14.14,7.63,09:47,10:09,20.66,24.89,1.54,5991,1.474,145562,3.55
2017,878085,TRANSIT,12.9,12.1,22.7,6.4,16.86,32.49,1.18,2.97,08:28,08:44,26.15,20.6,2.23,6022,0.95,1381219,2.26
2018,290288,OTHER,64.4,63.6,93.8,24.33,8.04,34.25,17.6,8.91,07:07,08:17,36.19,5.7,3.09,7212,1.976,1776142,4.145
2021,511071,OTHER,18.2,16.7,53.5,10.85,11.12,9.52,14.78,8.85,07:23,07:42,3.14,5.72,1.27,1935,0.891,1545723,3.789
2017,229384,TELEWORK,37.9,32.7,74.9,25.37,3.05,3.05,16.31,0.18,08:55,09:33,42.44,20.21,2.4,7489,1.143,1235321,1.274
2024,207929,AUTO,73.8,71.7,106.8,4.55,7.99,17.41,6.93,9.33,10:55,12:19,16.24,18.92,1.15,5385,1.318,2114396,2.488
2022,702480,AUTO,31.9,28.8,65.1,12.9,6.44,20.79,12.57,7.49,07:05,07:30,34.37,23.61,1.81,7338,2.031,2482734,3.329
2023,958341,AUTO,69.4,65.2,103.0,17.27,15.06,15.47,13.48,2.86,09:33,10:41,27.57,3.05,2.51,5407,1.149,1214001,0.759
2017,790351,CARPOOL,72.3,66.5,112.3,2.97,17.58,28.05,3.95,1.66,06:44,07:55,2.31,22.86,1.71,4100,1.662,2354224,2.492
2025,667327,AUTO,66.8,63.9,76.0,13.67,5.11,16.15,8.11,10.67,10:32,11:38,23.49,1.28,1.93,4837,2.087,2414515,2.029
2025,257840,AUTO,25.4,24.1,38.3,28.22,9.37,27.5,3.54,6.81,08:05,08:11,40.72,9.17,1.44,6820,2.39,2001856,3.737
2017,495468,TRANSIT,81.7,74.9,90.4,16.14,18.9,24.77,6.53,9.13,06:05,07:13,16.43,15.55,1.0,5313,1.637,1146047,2.53
2018,109257,CARPOOL,60.0,50.6,66.7,10.72,8.01,33.15,8.86,10.31,06:38,07:44,28.78,23.33,2.31,7197,1.032,547604,0.919
2022,468439,AUTO,10.1,3.0,37.9,33.74,4.27,27.11,5.15,0.18,08:17,08:22,23.46,11.71,2.5,4102,2.029,874129,2.332
2019,187029,MIXED,86.9,78.7,106.3,25.68,5.48,5.98,15.99,7.42,06:54,08:13,21.31,20.03,1.45,5927,2.335,1219543,0.789
2017,744861,MIXED,28.2,20.1,60.0,8.66,19.4,31.2,1.36,8.19,06:34,06:59,24.18,15.84,2.77,5660,1.638,2001002,2.301
2025,339294,CARPOOL,81.6,81.6,99.3,27.81,0.8,19.2,8.23,8.72,08:15,09:32,26.33,20.44,2.33,6842,1.789,1228947,3.023
2019,846499,AUTO,71.1,66.9,107.1,10.65,11.2,7.07,10.38,9.46,09:48,10:57,34.23,20.48,3.03,7251,0.876,847928,3.221
2024,838209,BIKE,11.1,3.0,45.5,23.19,14.36,30.45,9.84,10.37,10:20,10:32,4.59,7.96,2.42,2546,1.105,603652,3.948
2025,941968,BIKE,84.8,77.6,97.4,32.86,10.97,9.97,4.12,10.54,07:08,08:39,30.64,15.15,2.76,7642,1.705,316345,1.011
2024,399856,TELEWORK,57.0,46.4,67.8,21.98,2.47,3.8,0.47,1.02,07:58,08:45,30.76,15.04,1.51,6838,2.392,753080,4.325
2024,696612,WALK,51.5,42.0,72.0,17.71,10.48,31.51,5.46,7.47,06:16,07:05,32.05,7.05,1.7,5607,1.248,46680,0.881
2025,923055,MIXED,10.0,4.5,46.2,28.75,5.16,1.54,8.02,1.78,06:05,06:10,27.6,7.0,1.34,5243,2.125,1282055,2.038
2016,852390,MIXED,54.7,51.9,59.9,28.48,11.74,20.7,10.83,10.24,09:46,10:55,14.88,5.66,2.4,4485,1.671,166546,0.274
2017,782637,AUTO,76.2,64.5,96.9,22.33,15.35,7.44,8.66,1.69,08:55,10:16,15.22,17.26,1.98,5155,1.12,784492,4.296
2016,165016,AUTO,18.1,15.0,41.2,14.33,6.47,32.46,11.72,9.9,08:44,09:06,13.9,24.09,1.87,4956,1.844,81941,4.383
2021,120825,BIKE,88.1,83.5,100.9,16.08,2.09,21.99,15.96,9.76,06:29,07:58,33.03,6.48,1.43,6335,1.015,1888720,1.158
2020,736640,MIXED,94.0,84.6,105.9,29.54,17.85,15.49,11.09,2.53,06:29,07:54,11.72,23.01,1.37,6167,1.972,2344950,0.272
2018,413561,TRANSIT,65.0,56.4,90.0,32.7,15.03,8.23,16.18,7.23,09:17,10:20,9.3,12.87,1.4,3496,2.375,2060610,0.938
2023,768752,OTHER,49.1,42.8,71.4,17.51,2.6,26.06,12.57,6.73,09:44,10:43,34.28,1.82,2.25,5618,1.034,1088580,2.377
2020,520445,MIXED,80.6,71.9,116.7,21.01,17.91,33.42,3.95,11.79,08:36,10:01,5.65,0.55,2.05,3231,2.248,55610,1.633
2021,910561,OTHER,10.7,9.9,31.7,4.62,7.61,27.24,1.5,4.24,07:39,07:51,9.8,20.25,3.07,3456,0.933,1327387,0.202
2025,647928,AUTO,23.1,14.7,49.4,30.99,15.85,23.41,16.09,8.67,08:18,08:37,33.1,18.2,2.36,6167,1.399,307338,1.145
2020,858287,TRANSIT,75.8,71.6,87.3,17.2,13.32,24.0,1.26,9.15,10:27,11:52,18.04,20.74,2.17,5734,1.572,2011681,2.692
2024,849134,MIXED,23.0,22.1,29.3,29.24,2.07,7.2,9.49,5.3,06:13,06:45,35.89,14.18,1.31,6014,1.839,1999477,0.948
2020,268110,TELEWORK,11.3,5.0,39.9,23.29,2.64,9.08,8.91,8.81,08:14,08:19,39.62,23.57,2.0,6888,1.797,2060658,0.172
2024,416039,CARPOOL,13.5,6.6,32.4,11.35,7.81,19.02,9.24,6.71,10:08,10:24,9.89,23.05,1.9,4423,1.452,1386020,0.406
2017,708795,CARPOOL,43.2,35.1,49.6,4.44,6.84,18.96,13.29,10.82,06:49,07:33,39.5,21.84,1.48,7358,2.4,749796,3.29
2020,448011,MIXED,53.5,42.6,58.6,29.34,7.9,15.33,15.89,6.0,07:11,07:48,11.31,3.97,2.58,3734,0.944,1866187,3.667
2020,372275,TRANSIT,60.3,50.7,90.1,10.94,7.46,26.98,13.83,6.52,09:18,10:31,24.65,7.36,3.03,5922,1.708,2397905,1.961
2020,505288,TRANSIT,9.6,4.5,28.2,2.32,8.63,11.67,5.68,1.28,09:59,10:14,41.29,5.07,1.97,5945,1.464,201310,1.732
2022,116193,TELEWORK,10.6,4.9,39.4,14.5,7.55,21.58,17.91,9.69,09:21,09:35,3.29,19.29,1.0,2358,1.165,2062590,1.724
2022,383424,WALK,53.4,50.0,68.3,13.66,5.07,25.88,16.06,1.22,10:57,11:51,5.37,22.58,2.03,3861,2.065,136544,1.397
2016,197973,TELEWORK,91.1,87.1,99.0,16.3,10.51,15.9,17.57,7.96,06:02,07:18,16.03,10.84,2.26,4898,0.989,1659381,2.089
2025,638851,OTHER,87.0,75.8,102.0,10.63,18.06,13.78,5.98,7.74,07:47,09:10,36.71,12.29,2.59,8000,1.067,728866,0.585
2024,359230,AUTO,29.5,26.9,36.8,0.72,9.02,11.38,15.15,5.41,06:27,06:44,43.42,9.44,2.46,6754,1.326,812358,2.315
2025,622026,BIKE,24.1,18.8,37.8,32.03,4.29,10.88,15.7,9.11,06:48,07:15,5.15,13.51,1.23,2521,1.113,1621702,0.894
2025,376369,WALK,16.6,6.1,28.0,34.47,6.32,2.86,15.32,4.21,08:07,08:29,25.9,6.55,2.89,4367,2.273,2442615,1.217
2017,671035,BIKE,79.4,75.7,105.5,12.04,14.31,9.84,10.0,5.5,07:17,08:23,19.36,11.24,1.44,5194,0.944,608103,0.774
2022,205329,CARPOOL,47.8,45.4,68.8,22.7,7.04,23.64,6.38,10.95,07:23,08:13,35.81,23.75,1.85,8000,2.317,2349288,1.542
2019,271187,BIKE,12.7,11.7,27.5,23.65,4.66,6.0,14.76,9.7,07:26,07:47,11.09,21.42,1.47,3633,2.393,716687,0.156
2019,666870,BIKE,94.7,91.4,126.7,17.43,13.42,27.55,17.93,4.11,06:56,08:23,41.19,7.89,1.21,7946,1.822,1629346,4.454
2017,689355,BIKE,41.9,34.3,49.0,13.8,1.07,30.41,6.45,4.64,10:35,11:08,24.05,4.04,2.8,4440,2.113,137126,0.373
2022,480464,WALK,46.3,38.5,59.9,34.49,17.05,18.0,4.82,4.46,07:37,08:08,32.03,21.52,1.76,7043,1.171,452166,1.713
2017,886582,OTHER,57.4,55.0,78.7,27.79,16.84,23.81,15.0,11.35,10:00,11:02,35.43,18.66,1.47,7696,0.825,298488,3.615
2024,652219,WALK,57.2,47.9,78.1,29.06,17.03,18.73,7.25,4.84,07:59,08:57,29.86,22.31,1.25,6906,1.09,2143833,0.162
2022,932367,TRANSIT,57.7,53.8,92.5,2.03,12.59,34.62,0.51,3.46,06:27,07:18,18.12,9.59,1.43,4825,1.562,1824088,1.178
2018,810228,TELEWORK,20.3,17.2,58.9,19.24,7.6,27.84,3.92,5.87,10:52,11:18,2.51,4.96,2.67,2118,1.843,376800,3.289
2020,356138,AUTO,33.1,23.2,57.7,21.64,3.8,6.64,9.33,2.35,08:26,08:49,9.67,0.53,1.46,2306,1.863,1487808,4.23
2023,371185,BIKE,88.5,79.5,114.3,16.74,12.65,10.39,12.85,8.95,07:57,09:25,44.25,17.42,1.76,8000,0.808,1725993,3.281
2023,102895,TRANSIT,80.2,73.9,113.9,9.57,18.43,31.63,5.86,9.5,10:31,11:58,5.52,15.3,2.86,3780,1.652,1663442,3.356
2017,155684,AUTO,83.8,82.1,96.4,31.7,10.91,11.55,13.58,1.22,06:41,07:59,6.62,11.82,2.0,3911,1.168,991484,3.579
2025,286586,MIXED,81.5,75.0,102.6,26.6,1.39,10.96,14.17,8.12,06:38,07:55,25.05,12.33,1.21,6012,1.618,1037915,1.228
2023,339748,CARPOOL,67.5,62.3,105.2,8.72,3.7,29.16,6.58,1.52,07:11,08:24,13.22,13.22,2.82,5110,1.295,467368,3.216
2023,228292,OTHER,81.6,77.4,94.8,20.79,11.17,11.3,6.76,4.04,06:18,07:33,33.88,8.48,3.02,7331,1.859,1587499,1.455
2023,226451,WALK,82.9,76.1,114.9,31.02,6.68,20.83,16.3,4.06,07:37,08:58,23.6,4.58,1.45,5957,2.312,141045,2.372
2017,213777,TELEWORK,17.9,7.1,34.3,28.54,10.79,31.72,13.45,6.45,06:36,06:55,8.46,5.88,1.04,2888,2.065,2011523,1.653
2023,981280,MIXED,70.1,69.6,106.9,8.02,1.51,20.53,6.14,10.87,10:58,12:11,34.39,24.28,3.07,8000,2.208,109930,2.694
2021,131389,WALK,15.2,5.3,21.1,31.6,7.93,5.29,13.4,3.8,07:02,07:27,33.53,14.36,2.38,5652,1.993,226301,0.601
2022,328589,AUTO,53.4,51.3,63.8,18.97,14.22,19.64,5.41,1.74,10:14,11:19,8.8,6.35,1.81,2753,2.039,168068,0.991
2017,149614,BIKE,19.5,11.9,48.0,13.45,11.24,14.61,8.06,10.35,09:19,09:31,1.46,13.59,3.04,2083,1.355,1180964,0.632
2019,848316,BIKE,58.1,53.0,87.5,24.2,12.99,28.7,9.92,7.89,07:43,08:46,15.5,14.52,3.06,4267,2.168,216481,0.597
2016,998471,TELEWORK,89.5,85.5,122.2,10.85,2.52,11.27,2.13,4.3,09:01,10:21,18.87,6.2,1.59,5515,1.984,1216915,4.227
2020,330811,TRANSIT,16.1,7.8,38.1,1.61,9.13,25.7,6.95,8.68,08:09,08:25,38.14,1.9,1.96,5615,1.884,116896,3.889
2023,964556,BIKE,91.2,83.8,119.0,6.48,2.48,34.11,7.79,2.58,09:10,10:40,16.3,13.73,1.09,5949,1.969,110540,1.847
2018,891274,MIXED,11.5,3.0,48.5,1.21,12.31,30.74,3.22,6.04,08:15,08:30,8.53,6.53,2.94,2469,0.814,2119382,3.554
2025,158989,MIXED,85.5,84.1,122.7,32.55,14.61,31.72,16.05,0.06,08:46,09:53,12.61,13.66,2.9,5499,1.799,1507084,0.477
2020,528962,BIKE,84.2,76.6,100.6,18.74,15.46,29.77,7.33,10.26,06:51,08:23,3.89,7.22,1.46,2741,2.361,2188489,0.668
2020,229841,AUTO,78.8,72.9,114.3,31.71,8.46,17.56,9.36,11.41,07:42,08:58,43.77,12.03,2.97,8000,1.072,362303,1.232
2024,559483,TELEWORK,71.0,70.7,108.6,24.12,5.15,13.9,0.16,4.37,08:42,09:48,2.86,9.46,3.15,2958,0.904,986786,1.597
2025,122396,AUTO,50.4,39.8,79.1,22.84,7.93,12.67,15.21,4.14,10:29,11:25,7.8,22.37,2.62,4196,1.23,2172997,0.618
2016,604993,WALK,19.6,12.8,56.6,18.69,13.21,32.51,11.67,0.91,10:47,11:08,16.33,11.07,1.81,3899,1.352,408738,1.118
2025,536165,TELEWORK,22.2,11.6,49.4,20.44,16.58,4.06,4.89,3.93,06:47,07:08,27.43,17.35,2.92,5552,1.99,780240,1.591
2021,134828,CARPOOL,68.6,65.8,89.5,16.7,13.63,16.12,9.07,6.59,08:58,09:53,29.18,16.78,1.7,7367,2.05,99425,2.167
2024,208540,MIXED,49.9,39.2,76.3,23.61,17.19,28.73,0.18,0.94,06:40,07:26,36.06,22.06,2.06,7871,0.979,2447630,1.382
2022,506488,AUTO,92.5,82.6,104.7,21.87,12.66,18.8,16.62,0.7,10:54,12:26,38.13,8.57,2.41,8000,1.598,2461791,1.762
2024,363477,CARPOOL,22.0,11.9,56.7,13.8,4.48,13.72,13.85,2.02,08:11,08:34,30.58,17.21,2.57,5846,1.388,171009,4.496
2024,173193,TELEWORK,88.2,86.6,106.1,1.04,18.75,8.36,2.16,9.34,09:26,10:46,15.66,9.99,1.26,4772,1.196,859834,3.824
2024,134053,CARPOOL,12.9,5.7,25.8,10.15,15.8,17.32,9.01,3.53,06:52,06:57,5.26,3.06,2.99,2206,1.996,2410869,3.625
2024,768214,TRANSIT,68.0,66.4,76.2,25.92,18.51,32.52,12.09,0.29,10:01,11:08,31.86,19.28,1.91,7030,0.947,2001164,4.003
2021,203494,TRANSIT,35.4,31.6,64.2,24.41,12.89,6.56,0.33,2.49,09:12,09:47,37.79,5.26,1.53,6801,1.674,417729,4.273
2025,659277,OTHER,94.1,85.7,126.7,14.71,19.61,29.78,15.53,5.4,08:11,09:46,16.15,10.88,1.48,5205,0.952,2496715,0.304
2021,256975,MIXED,81.4,72.1,93.3,21.49,11.94,15.69,3.39,2.51,06:34,07:57,14.12,7.44,1.97,4317,1.028,1639098,2.905
2017,987370,MIXED,18.5,12.0,47.6,9.38,9.34,17.3,3.51,8.83,07:37,07:52,8.51,9.1,1.78,2707,2.014,381160,0.161
2019,383706,BIKE,80.0,77.6,112.0,25.14,12.89,26.7,13.69,3.79,09:21,10:33,27.79,18.05,1.74,7479,1.156,1415132,2.686
2022,963817,TRANSIT,80.2,77.7,110.5,16.87,3.91,14.51,2.2,9.5,08:22,09:36,20.89,2.53,1.96,4473,1.79,1092942,2.021
2019,102230,BIKE,44.5,43.9,67.7,19.1,11.88,33.74,7.37,8.47,10:01,10:39,44.15,3.71,1.49,6706,1.3,795982,1.786
2021,946275,WALK,57.6,55.5,70.9,7.73,1.18,10.16,11.23,9.03,07:34,08:28,38.26,16.65,2.16,8000,2.031,757061,2.081
2023,405386,BIKE,54.9,53.7,67.0,22.42,15.84,30.01,9.01,5.75,09:06,10:16,10.77,2.89,3.13,3082,1.613,129330,4.277
2023,744678,TELEWORK,86.9,84.9,122.4,20.2,2.25,21.2,7.59,6.0,08:44,10:30,43.76,14.58,1.28,8000,0.914,2001051,3.585
2021,506700,CARPOOL,81.4,69.7,114.4,22.35,13.93,9.22,15.19,5.44,09:35,11:02,34.82,16.7,2.21,7818,1.921,1067924,3.531
2023,641985,TELEWORK,72.6,60.7,110.6,20.24,14.73,4.22,10.07,11.91,06:30,07:44,16.89,11.72,2.31,5264,1.097,1500031,2.726
2023,292015,CARPOOL,86.9,83.6,111.1,32.45,7.22,22.32,4.11,4.54,07:37,08:57,38.02,19.0,2.11,8000,1.833,799676,2.317
2016,631922,OTHER,55.7,45.7,69.6,2.21,8.84,27.87,5.11,3.72,10:18,11:15,13.03,5.02,2.14,4179,2.152,1146685,2.889
2022,819496,CARPOOL,69.9,69.1,89.9,19.74,9.23,31.76,8.49,4.64,06:13,07:22,17.06,4.19,2.88,4020,0.798,656980,0.37
2017,285386,AUTO,69.3,66.0,87.8,16.43,3.65,24.02,14.84,4.19,06:14,07:15,31.62,13.9,1.18,6802,1.233,1467031,1.239
2025,588836,TRANSIT,10.5,8.6,20.6,11.91,5.78,33.82,9.85,3.71,08:01,08:23,33.92,19.93,1.39,6164,1.376,1768787,2.81
2016,592047,WALK,38.9,37.2,68.5,22.18,8.25,5.57,17.75,0.53,10:11,10:45,22.03,16.34,3.16,5087,1.417,1692523,0.744
2021,752400,AUTO,80.7,72.6,86.8,2.92,16.29,33.15,1.5,0.43,08:20,09:34,32.92,6.11,2.19,6085,1.977,2367401,1.232
2019,185464,TRANSIT,34.0,32.2,48.4,27.99,18.51,27.32,5.04,0.47,06:33,06:56,8.01,2.4,2.69,2803,2.192,1997697,2.841
2022,437785,BIKE,41.6,35.5,53.4,1.35,1.56,1.92,14.02,0.15,07:23,08:07,3.34,1.33,2.28,1408,2.131,308153,2.802
2019,285546,MIXED,56.8,55.1,79.4,32.67,11.34,17.36,15.8,8.26,07:26,08:36,43.07,17.86,2.15,8000,1.18,1342728,3.979
2020,946220,TELEWORK,27.1,19.1,40.3,18.64,17.09,8.75,1.34,8.65,06:43,07:13,17.04,17.07,3.03,4359,1.334,991417,2.241
2018,928676,TELEWORK,62.7,55.8,97.0,4.53,11.57,9.51,12.81,3.14,10:11,11:09,24.01,4.5,3.1,5138,2.09,2062950,2.831
2021,971556,BIKE,83.0,82.2,88.1,16.45,1.39,18.06,0.26,8.39,09:27,11:02,14.53,23.3,1.36,6049,1.503,2065109,3.251
2022,652448,MIXED,12.8,6.0,29.3,10.0,16.15,4.39,7.35,2.48,08:23,08:42,31.88,5.31,1.09,5442,1.849,210710,1.845
2024,452553,TRANSIT,58.6,49.6,96.3,34.0,15.0,30.51,14.79,0.69,10:41,11:31,24.27,17.46,2.22,6301,1.148,502869,2.085
2023,987070,MIXED,82.5,80.5,97.2,11.28,4.03,30.74,2.65,10.87,07:28,08:56,31.65,23.65,2.16,8000,0.924,1247041,0.777
2024,540700,OTHER,82.4,75.6,112.6,5.38,11.74,19.95,15.81,9.88,10:44,12:16,44.46,6.04,2.19,8000,1.923,44505,3.501
2020,400658,CARPOOL,79.6,69.2,86.0,22.86,8.28,2.15,17.48,5.12,07:36,08:53,44.31,12.53,3.18,8000,0.888,764130,2.017
2025,252067,WALK,81.3,79.7,95.9,5.68,16.25,1.43,10.71,1.14,10:31,11:44,18.76,2.5,1.53,4154,1.526,2294393,0.852
2023,552344,OTHER,51.6,44.0,81.3,4.79,15.04,18.24,4.07,11.79,09:13,10:12,34.22,18.81,1.01,7535,1.031,1568834,0.551
2020,724980,MIXED,91.2,88.8,115.0,8.49,1.83,7.84,16.46,7.32,07:22,09:01,23.4,17.55,3.04,6638,2.049,809447,2.063
2021,188402,BIKE,79.0,76.7,118.9,17.5,5.68,17.95,0.17,8.82,08:29,09:53,5.75,20.83,1.67,3957,1.504,520603,2.63
2020,289429,TRANSIT,55.2,54.4,93.6,11.76,4.54,21.69,1.86,6.71,10:21,11:31,31.7,5.81,2.17,5577,2.012,2371345,2.081
2018,156321,CARPOOL,23.3,17.4,48.4,9.01,15.37,19.48,8.74,10.24,10:06,10:33,28.1,6.42,1.98,4723,1.055,2080631,4.27
2016,893163,TRANSIT,50.8,41.6,70.9,24.75,17.05,10.09,7.31,8.71,07:46,08:28,17.25,24.17,1.14,5974,1.391,426514,1.106
2018,830383,AUTO,23.4,17.2,43.8,22.83,11.39,15.82,0.87,0.26,08:02,08:33,15.23,8.98,1.97,3593,1.841,1581611,3.494
2022,292757,TRANSIT,57.6,53.4,77.6,27.99,7.87,28.98,5.65,2.82,06:46,07:51,35.1,19.97,1.97,8000,1.993,1894849,3.989
2016,582865,OTHER,78.8,74.6,109.4,8.35,18.98,3.53,10.78,0.06,07:14,08:25,6.18,6.46,1.67,2903,1.709,106429,2.517
2017,401153,CARPOOL,34.2,30.4,64.0,25.89,8.11,29.06,14.4,9.61,09:09,09:36,32.91,17.31,2.86,6756,1.392,2331733,1.116
2025,432309,BIKE,49.2,47.5,87.2,25.33,2.29,30.47,3.0,3.94,08:40,09:40,20.08,22.13,3.0,5852,1.073,1636837,0.9
2017,492140,TRANSIT,27.9,26.3,60.9,12.04,0.82,17.95,0.48,11.97,10:02,10:37,1.61,14.17,1.24,3052,1.978,385190,1.148
2019,764495,OTHER,79.9,72.8,90.2,11.21,9.38,24.2,7.46,6.1,10:28,11:50,10.49,10.9,2.02,3878,0.931,1299304,1.513
2024,432885,OTHER,13.9,7.7,21.1,2.97,11.05,22.74,12.14,7.34,06:25,06:47,30.36,22.2,1.44,6446,1.24,951319,2.153
2022,544385,CARPOOL,90.2,90.0,109.1,27.38,0.06,22.2,9.51,6.94,07:46,09:12,22.41,18.04,1.26,6775,2.153,1470003,2.407
2025,300543,AUTO,15.1,13.5,33.5,33.84,11.49,2.49,17.35,6.75,08:45,08:59,3.19,23.77,2.06,2890,1.746,111979,3.49
2020,798520,TELEWORK,50.9,49.9,71.5,3.21,4.9,12.65,12.84,6.7,08:54,09:44,4.76,2.96,1.74,1883,1.594,1941079,0.86
2020,677171,TELEWORK,65.2,64.2,87.6,13.24,2.17,17.43,0.16,4.83,09:02,10:20,1.88,13.51,1.58,3066,0.931,950969,3.763
2017,667224,CARPOOL,65.3,59.1,86.3,13.75,7.74,19.41,5.89,10.47,06:17,07:20,23.44,20.16,2.97,6912,2.145,1290413,1.454
2024,821057,OTHER,35.1,35.0,42.0,34.99,10.29,16.93,4.78,7.48,08:32,09:01,35.17,14.33,1.12,6865,1.582,1838489,1.929
2020,421077,TELEWORK,76.5,73.3,96.6,27.64,14.92,12.54,11.19,7.76,06:24,07:43,42.26,14.37,2.79,8000,1.079,1440484,0.972
2024,929015,MIXED,79.7,75.0,96.9,26.14,19.1,9.54,11.14,10.34,08:04,09:23,34.52,3.46,1.15,6782,1.979,1077785,1.109
2025,107542,CARPOOL,75.4,74.2,113.5,25.45,7.31,26.68,14.45,11.22,08:04,09:12,27.53,15.4,2.16,6935,1.637,2117344,2.115
2019,996657,TRANSIT,15.1,14.8,20.2,30.33,6.15,6.65,4.55,11.79,06:18,06:23,43.52,12.84,1.32,7206,1.9,892052,3.255
2021,679879,TRANSIT,54.1,42.8,81.2,24.19,0.88,7.51,2.81,9.72,10:53,11:45,27.83,20.64,1.35,6863,0.972,187290,3.548
2024,328616,BIKE,75.9,68.6,113.2,7.87,7.34,8.57,15.69,8.33,08:14,09:19,26.63,19.15,2.54,6405,0.917,1678611,1.025
2023,146595,CARPOOL,47.2,43.0,77.0,22.75,4.78,19.95,13.49,3.92,06:43,07:33,26.8,1.55,1.85,4290,2.025,150490,4.22
2025,384706,TRANSIT,93.6,87.6,114.3,30.29,18.81,3.61,6.35,5.69,06:34,07:53,12.4,1.67,1.48,4212,2.173,445624,3.768
2020,476633,OTHER,9.2,3.0,43.8,0.99,7.22,18.87,11.66,11.79,10:08,10:25,2.49,19.31,1.05,2249,0.982,67036,2.436
2019,394629,BIKE,11.8,8.9,40.9,6.63,11.94,29.16,7.56,0.4,07:43,07:57,32.49,5.87,2.69,5249,2.014,120438,0.905
2023,589661,TRANSIT,16.9,11.8,31.1,11.31,9.81,10.47,16.86,1.2,07:03,07:19,18.92,18.9,1.33,4431,0.888,796816,4.016
2025,399199,WALK,16.8,12.0,29.1,13.38,2.76,31.75,0.5,8.1,09:34,09:57,30.49,9.66,2.19,5859,1.24,1920933,0.787
2020,639089,BIKE,56.1,50.4,94.6,16.55,10.05,28.16,12.83,11.92,07:10,08:01,23.14,2.14,2.74,4698,2.158,1521328,3.738
2019,625357,OTHER,53.0,43.7,81.2,27.7,17.87,22.06,1.25,1.72,07:33,08:17,10.46,20.74,2.24,4354,1.925,1074096,4.339
2025,369657,AUTO,51.2,49.8,57.2,14.04,11.97,4.54,2.0,1.45,07:31,08:22,14.03,15.46,2.88,4596,1.933,906721,0.161
2023,461105,BIKE,19.3,16.8,36.5,14.44,12.6,12.14,0.42,11.67,08:49,08:57,7.12,17.81,1.02,3535,2.072,1590942,2.605
2017,654763,TELEWORK,48.0,40.9,58.9,23.68,2.63,14.35,2.21,7.65,09:15,10:09,36.25,7.96,1.84,6729,1.912,1923906,1.028
2025,976604,TELEWORK,15.3,3.6,28.1,0.54,4.03,27.31,6.7,6.65,07:12,07:31,9.61,0.81,2.03,2283,1.244,1588191,1.626
2025,839499,AUTO,77.6,68.7,86.5,25.54,4.94,15.65,4.21,9.27,09:30,10:40,39.43,5.33,2.75,7203,1.544,702998,2.996
2022,705719,TELEWORK,11.2,10.0,22.6,7.83,8.28,26.03,12.84,6.89,10:32,10:46,42.69,1.44,1.32,6097,2.077,1027435,1.643
2024,251610,AUTO,49.7,38.3,74.9,3.13,6.19,10.6,1.19,1.65,07:05,08:03,35.46,15.88,2.71,7052,1.079,973738,4.25
2019,454482,AUTO,91.8,91.3,107.8,16.16,8.78,18.48,6.6,0.49,08:15,09:48,18.31,20.11,3.02,6437,1.647,34736,4.328
2018,759630,BIKE,86.5,83.7,103.0,22.58,11.69,31.19,11.71,8.53,09:42,11:06,22.58,6.11,2.49,5678,2.033,331582,4.004
2016,264671,TRANSIT,29.6,22.6,59.0,0.29,6.64,5.74,16.37,10.92,09:44,10:00,11.83,3.45,1.94,3422,1.098,946019,1.646
2022,342820,AUTO,19.2,11.2,34.5,10.16,4.23,25.23,10.09,8.11,10:25,10:48,40.69,24.91,2.16,7977,0.846,1752054,2.011
2025,740570,OTHER,19.8,9.7,48.2,23.07,7.93,0.94,4.37,8.44,09:24,09:38,40.64,3.03,3.11,5830,1.58,1654872,0.649
2023,629626,OTHER,30.1,22.8,53.5,13.35,9.92,25.38,1.84,6.63,08:53,09:21,4.99,0.76,3.19,2063,2.009,1363075,1.807
2021,523572,BIKE,74.3,70.7,85.8,1.88,1.65,23.14,16.53,2.93,09:12,10:25,23.62,10.65,3.19,5679,1.686,80581,2.937
2020,433944,BIKE,77.9,68.6,108.6,26.82,1.91,31.41,12.42,11.19,09:27,10:52,0.59,16.13,2.01,3844,1.894,1517797,2.496
2019,894748,OTHER,27.7,21.0,39.8,20.23,5.78,15.86,0.72,2.33,07:37,08:02,7.89,21.81,2.23,3627,2.162,645060,2.578
2020,746038,BIKE,86.1,82.8,105.6,25.42,3.04,17.43,11.39,1.14,09:01,10:21,2.78,21.18,1.58,4001,1.652,1602149,3.411
2018,198247,CARPOOL,23.2,19.2,31.7,3.86,15.87,27.18,13.65,9.21,09:33,09:50,8.03,12.84,1.37,3609,0.788,41322,1.695
2016,838751,WALK,46.1,43.9,70.1,14.54,3.18,31.15,11.88,6.87,06:58,07:41,34.27,8.53,1.85,5870,2.311,20876,2.976
2020,775078,AUTO,31.3,22.6,50.6,26.75,2.65,14.04,2.83,1.9,06:32,06:50,24.27,11.55,1.44,5031,1.424,1509606,2.556
2022,587052,CARPOOL,34.0,33.1,43.7,18.5,3.04,22.47,8.5,6.18,07:50,08:27,11.35,11.2,2.15,3407,1.632,2295894,1.011
2018,404796,CARPOOL,75.6,74.4,91.3,0.26,9.8,18.73,3.74,11.78,06:41,07:46,6.64,20.48,2.48,4767,1.73,1307742,3.34
2019,878678,WALK,12.1,12.0,35.6,33.68,12.77,11.23,12.2,11.28,08:00,08:05,26.82,22.04,1.58,5424,0.893,298108,2.462
2016,680854,TRANSIT,23.5,22.4,56.6,34.64,8.7,18.08,1.09,11.32,10:33,11:00,18.83,15.11,2.42,4767,1.111,1615575,2.201
2019,176712,CARPOOL,26.2,15.1,62.2,22.36,17.51,23.75,13.76,1.0,09:11,09:27,42.02,12.5,2.78,6637,1.698,110211,0.896
2024,168878,TRANSIT,87.8,78.4,116.5,22.44,16.57,1.57,11.36,8.41,06:31,07:56,3.19,3.66,1.43,3220,1.051,1442984,1.987
2024,362876,AUTO,79.1,67.5,106.1,16.14,12.66,14.4,13.76,11.21,06:24,07:51,42.69,15.73,2.85,8000,1.715,260627,1.025
2025,501805,BIKE,69.9,64.1,102.7,31.4,10.41,9.7,4.13,11.77,09:48,11:06,28.46,20.93,2.71,7257,0.919,2356763,0.95
2018,314300,TRANSIT,51.8,47.0,70.3,21.34,6.32,9.79,17.23,8.63,09:53,10:41,8.47,4.98,2.06,2460,1.601,1491300,3.405
2024,902073,TELEWORK,58.2,47.9,78.1,32.28,17.88,12.98,4.57,3.05,06:03,06:54,28.8,19.24,2.44,7341,0.949,175006,2.328
2020,682820,MIXED,80.5,78.2,102.4,9.8,9.33,5.3,0.83,6.19,08:06,09:34,13.58,22.42,3.17,6148,0.767,1797098,3.364
2017,160678,MIXED,85.8,76.0,96.7,1.62,4.82,4.52,8.87,3.9,09:39,11:02,10.09,14.7,1.06,4750,1.882,829034,3.26
2023,813807,OTHER,10.1,3.0,21.5,18.51,19.1,2.74,15.97,6.45,06:28,06:33,14.72,11.71,2.06,3873,1.209,2090644,2.096
2018,326503,WALK,66.6,58.7,93.6,20.57,10.46,25.44,17.36,7.9,09:43,10:37,5.75,23.57,1.52,4633,2.052,2455164,0.312
2017,750717,OTHER,43.5,34.9,61.8,32.54,7.7,9.28,2.44,3.16,08:39,09:27,5.45,6.07,1.31,2477,1.679,1629629,0.952
2017,519348,OTHER,18.0,15.1,53.7,16.91,11.85,32.22,2.25,0.04,07:47,08:02,28.08,21.17,1.21,5993,1.307,2196793,1.54
2019,734731,MIXED,69.9,66.8,77.3,5.09,4.18,7.59,10.29,10.19,08:14,09:11,12.48,5.84,1.31,4389,0.906,1029392,1.929
2020,244867,TRANSIT,13.8,3.7,41.3,5.0,12.29,33.26,11.92,2.01,08:34,08:55,21.43,24.7,1.91,5047,1.688,466826,2.646
2023,154470,AUTO,53.0,45.1,83.9,22.33,2.42,31.52,14.03,10.64,08:26,09:14,6.55,19.5,1.4,3885,1.535,828328,1.561
2019,998583,BIKE,51.9,51.7,58.7,11.95,15.33,8.15,4.98,1.5,09:16,10:12,4.72,0.12,2.47,2565,2.194,1147433,0.604
2025,542969,TRANSIT,62.8,60.0,72.8,7.26,13.37,15.65,15.22,11.31,07:00,08:02,43.17,6.14,2.72,8000,1.341,2164810,0.537
2024,325232,TELEWORK,74.0,68.8,93.8,1.72,11.39,2.65,15.71,10.02,07:50,08:56,18.25,9.36,1.28,5310,1.746,524491,3.535
2016,695218,CARPOOL,84.9,75.4,112.4,16.88,8.65,9.65,2.81,8.29,10:04,11:33,19.01,0.48,1.01,4070,1.361,1082221,2.148
2021,642304,CARPOOL,63.4,57.9,69.7,9.13,11.86,19.68,11.13,8.78,07:56,09:04,20.85,12.66,1.01,5407,0.859,1521082,3.475
2023,729504,TRANSIT,31.2,28.4,44.2,1.24,6.34,25.18,6.82,8.99,07:04,07:26,41.28,5.39,3.08,6268,2.093,2382369,0.856
2021,383478,TELEWORK,13.1,4.4,50.4,28.61,7.32,8.1,17.42,10.38,06:26,06:31,28.32,19.05,2.32,5673,1.415,278932,2.927
2022,720745,BIKE,36.7,25.3,68.9,25.66,0.25,4.79,11.17,5.22,07:24,07:52,13.95,8.24,2.0,4098,1.844,128621,3.227
2019,171270,BIKE,58.7,49.1,85.9,9.72,3.43,12.82,16.66,1.02,08:36,09:39,20.16,23.06,1.91,6362,1.168,1570090,1.423
2020,918287,CARPOOL,28.2,19.8,44.7,6.53,7.35,20.21,11.16,2.74,09:56,10:12,34.57,9.38,1.22,6505,1.007,154657,3.977
2018,697314,TELEWORK,23.8,16.2,34.0,10.6,1.17,14.06,15.06,3.09,09:44,09:56,43.76,15.18,2.1,7559,1.461,2183185,1.204
2022,962051,AUTO,14.8,9.9,36.2,9.35,3.37,13.92,10.98,7.46,06:27,06:40,27.25,22.19,1.31,5708,0.825,1737822,3.073
2022,904553,WALK,94.1,84.5,102.0,21.3,19.68,24.07,17.21,8.77,08:38,10:17,41.09,5.72,1.99,8000,2.323,617826,0.925
2017,375092,CARPOOL,19.0,17.9,49.7,5.39,10.5,9.97,7.55,9.83,06:43,07:01,34.25,13.51,1.74,6685,1.189,33192,2.533
2017,468469,TRANSIT,49.5,43.4,66.7,33.6,19.58,0.67,6.48,5.81,06:02,06:41,37.1,10.62,3.14,7205,1.56,566670,0.814
2021,484099,BIKE,81.7,75.5,100.1,23.2,13.66,26.36,1.83,7.04,10:35,12:04,22.54,5.7,1.61,5196,0.94,1651436,4.245
2025,911817,OTHER,57.2,48.2,94.7,17.8,7.82,11.67,5.83,4.63,09:18,10:11,9.47,24.8,1.43,4772,0.81,1064992,4.319
2021,862980,TELEWORK,64.0,59.5,88.2,32.29,19.57,15.6,4.56,10.1,09:53,10:55,25.67,8.85,2.29,5395,2.381,1388459,2.918
2025,402634,OTHER,41.5,38.1,64.8,2.48,16.41,2.08,3.68,6.26,09:04,10:03,19.61,11.45,2.07,4361,1.533,505038,1.16
2020,351038,TRANSIT,73.2,67.6,78.3,16.66,1.33,12.29,6.4,10.88,10:57,11:58,15.25,7.16,2.07,4441,1.893,884937,2.673
2023,900252,CARPOOL,82.9,77.7,116.7,23.98,16.51,2.0,3.3,2.48,08:43,09:57,17.26,24.74,2.09,5727,1.689,842220,2.738
2022,823574,AUTO,85.0,79.1,108.4,24.64,17.92,8.94,9.0,4.38,09:02,10:37,8.42,21.36,2.91,4931,1.923,128742,0.18
2020,422016,BIKE,85.6,83.0,110.9,11.81,19.34,4.52,10.36,8.77,09:52,11:18,11.63,4.19,2.89,4017,0.917,1176193,3.534
2019,626996,MIXED,49.0,43.9,81.6,12.92,5.67,6.31,10.84,11.86,07:58,08:52,37.75,14.75,2.36,7717,1.914,1434603,2.646
2019,174281,MIXED,34.0,31.2,47.2,2.02,13.8,4.85,15.77,8.19,09:25,10:04,15.24,15.8,1.92,4303,1.776,1727306,1.76
2021,614369,AUTO,69.0,58.8,96.6,33.01,11.08,32.34,14.82,3.75,07:49,09:06,16.67,10.48,1.04,4882,1.486,1617849,4.328
2023,844043,MIXED,70.5,70.5,92.0,18.14,17.58,5.1,16.31,0.55,10:04,11:18,5.98,18.24,1.09,4266,2.246,606859,4.428
2021,279819,WALK,83.4,75.3,105.7,12.17,12.79,27.18,12.09,3.64,08:44,10:08,32.88,10.59,1.71,7334,0.869,2093906,1.923
2018,895468,WALK,43.7,39.4,58.4,15.27,6.75,22.64,7.12,1.27,07:08,07:53,27.67,1.49,2.05,5331,1.599,1041098,2.702
2019,138905,OTHER,72.2,61.9,97.9,18.86,18.8,23.37,9.12,8.54,07:20,08:48,25.2,13.96,1.96,6621,1.094,123617,1.742
2024,230737,TELEWORK,52.9,43.3,84.3,33.92,15.09,1.86,17.43,4.38,10:28,11:10,38.61,11.27,2.06,7714,1.329,1084429,2.6
2025,753365,BIKE,89.0,77.2,113.4,26.58,19.96,8.24,15.9,1.18,08:31,10:00,11.09,6.04,2.76,3812,2.027,518886,0.758
2018,931648,CARPOOL,35.5,28.5,51.2,3.32,0.76,1.59,11.22,4.63,08:26,09:01,40.64,16.58,1.55,7230,1.346,1097777,4.068
2021,707841,WALK,8.9,3.0,44.4,5.69,3.96,5.6,1.25,9.78,10:40,10:57,25.04,19.09,1.44,5495,1.497,1143047,2.573
2021,602183,TELEWORK,12.7,11.7,19.7,8.78,13.74,17.75,17.51,8.57,06:56,07:07,24.17,17.75,1.97,5400,2.193,135255,3.88
2021,401563,OTHER,59.0,52.8,72.0,12.35,16.74,14.55,6.65,8.54,10:20,11:22,3.02,12.66,2.89,3427,1.77,924975,4.469
2025,714807,MIXED,8.4,3.0,14.8,33.94,3.01,2.18,5.69,0.32,06:45,06:52,1.89,19.94,1.3,2799,2.298,1949847,1.53
2025,346185,OTHER,26.4,20.8,39.2,31.51,2.65,34.68,4.26,7.33,09:54,10:19,8.85,16.12,1.8,3930,1.318,234141,3.831
2018,436101,BIKE,93.8,83.4,99.1,19.83,1.56,12.93,10.38,8.23,09:53,11:23,9.48,12.5,2.0,4845,1.74,2369597,3.401
2021,163819,TRANSIT,70.3,63.2,99.0,32.16,15.11,16.78,12.64,6.26,09:31,10:46,2.65,2.17,1.61,2628,2.031,1568947,2.164
2017,276497,OTHER,16.1,9.2,50.2,7.39,1.25,15.85,3.04,11.88,10:25,10:38,11.74,21.32,2.55,4323,1.484,288003,0.656
2022,339523,TELEWORK,88.3,85.3,127.1,30.34,19.5,25.11,4.8,7.9,06:32,07:59,24.43,10.2,2.19,5962,1.769,2255427,0.987
2024,186917,AUTO,9.8,9.0,40.7,27.99,7.78,0.77,17.18,3.97,06:13,06:18,5.94,11.58,2.43,2194,0.811,841066,1.376
2018,534896,MIXED,39.7,34.2,59.5,16.93,16.93,16.3,1.47,7.79,08:19,09:00,27.21,18.06,1.79,6326,0.896,1601559,2.706
2017,883851,OTHER,92.0,88.2,101.9,7.78,2.89,6.98,16.63,9.44,06:11,07:50,21.22,21.52,1.78,7055,1.327,871431,2.272
2022,350211,BIKE,49.6,41.2,75.5,5.2,14.21,2.04,5.14,4.32,06:26,07:10,32.71,2.53,1.09,5540,0.805,1194143,3.407
2018,460206,WALK,87.6,77.2,119.1,12.36,13.09,24.73,10.7,5.22,10:48,12:14,24.53,0.78,2.33,5698,1.045,2431480,4.015
2021,281117,TELEWORK,88.2,81.7,106.0,2.17,10.64,16.86,11.0,6.78,08:43,10:02,14.59,19.63,1.3,5257,2.165,563219,2.293
2022,586334,WALK,41.3,33.0,59.0,34.99,9.28,16.15,0.08,8.54,06:22,06:55,12.92,15.56,2.08,3987,1.04,1550764,3.111
2025,514847,MIXED,27.9,21.1,37.0,1.38,10.2,15.15,8.3,10.82,08:26,08:54,19.89,7.94,2.72,3759,1.499,1514385,0.855
2018,980183,CARPOOL,15.3,10.7,32.3,28.36,0.28,17.86,0.38,4.29,06:45,06:55,40.36,14.58,2.62,7007,1.11,1610644,1.151
2018,246490,BIKE,55.9,48.8,64.7,33.18,15.52,28.5,7.01,10.8,09:20,10:12,4.03,11.35,2.08,3567,1.639,2259543,3.055
2018,462202,CARPOOL,88.3,77.0,124.4,21.29,9.91,25.2,10.2,4.79,06:30,07:48,34.31,0.4,2.39,6411,2.02,1459432,0.711
2018,789310,BIKE,17.0,16.4,23.6,31.2,15.73,29.03,17.14,1.9,08:14,08:33,12.4,22.77,2.06,3781,2.253,2276580,1.579
2024,830538,AUTO,66.9,57.7,84.9,24.78,13.51,28.08,0.12,11.61,06:11,07:05,4.47,4.47,2.54,2258,1.811,1724783,3.8
2021,238628,TRANSIT,51.9,51.0,84.6,14.11,4.75,29.02,12.24,10.43,08:14,09:07,13.63,1.26,1.62,3454,0.871,642919,1.879
2021,411812,CARPOOL,55.2,54.8,91.4,1.39,2.88,14.25,15.34,4.75,08:15,09:02,20.71,17.04,2.96,5857,2.096,775067,3.515
2025,497896,TELEWORK,45.8,36.1,64.7,20.16,2.31,12.08,5.77,11.66,06:26,07:09,11.59,5.82,3.15,2920,1.105,12370,3.941
2025,788388,MIXED,38.6,29.0,52.5,3.21,1.7,21.7,4.04,10.84,08:45,09:33,32.17,7.85,2.95,5603,2.383,436460,1.899
2020,241809,OTHER,72.5,61.5,91.7,28.87,5.01,33.63,3.36,4.88,10:01,11:25,5.36,15.07,2.22,4477,1.23,2096210,1.606
2024,676359,AUTO,25.2,23.8,46.5,25.52,4.85,14.4,4.97,6.98,10:45,10:58,13.6,7.74,1.33,3275,1.614,1177256,2.531
2020,608746,TRANSIT,72.9,68.5,82.4,23.39,13.53,19.2,15.16,1.71,07:49,09:00,18.89,9.05,3.12,5080,2.176,2276238,4.205
2017,776329,OTHER,93.2,88.1,102.4,7.43,13.35,17.86,3.07,1.6,06:42,08:22,28.49,8.68,1.26,6228,1.59,252242,0.745
2019,473447,TRANSIT,60.1,50.7,93.0,22.33,2.34,19.11,16.79,8.01,09:56,10:48,9.24,7.73,1.86,3486,1.424,1350297,3.699
2023,289586,OTHER,45.4,39.9,74.3,0.87,7.13,0.04,5.1,9.7,06:32,07:17,7.04,20.48,2.01,3968,1.69,959178,1.484
2016,821438,OTHER,32.4,25.2,58.3,10.51,13.23,23.89,8.95,6.23,08:46,09:22,3.74,22.07,1.83,3976,0.84,2137086,2.253
2024,377639,OTHER,38.5,31.3,59.9,13.21,9.76,6.08,10.5,3.58,07:18,08:00,8.28,21.38,1.09,3968,0.979,1515297,1.23
2021,693032,TRANSIT,26.7,25.2,47.1,21.39,18.3,29.53,16.98,8.8,06:27,06:55,1.43,15.03,1.43,2533,1.078,1130283,0.887
2020,604488,AUTO,45.0,44.2,52.0,17.1,17.44,27.79,0.38,11.7,09:43,10:36,1.52,13.14,1.92,2611,1.226,1939394,1.555
2022,338071,WALK,26.6,23.5,46.2,13.96,2.02,21.67,17.95,3.67,08:24,08:37,35.66,19.28,2.02,6638,1.554,2476057,4.448
2022,723231,AUTO,15.3,11.8,29.8,24.65,17.32,31.95,10.81,1.62,09:02,09:07,31.29,6.55,1.28,5243,1.245,940067,3.452
2020,239938,TELEWORK,92.9,91.6,124.8,31.53,5.8,29.44,1.87,7.08,10:56,12:35,8.45,1.85,2.19,3980,2.221,2386279,3.739
2018,561807,CARPOOL,64.3,56.6,77.3,9.22,10.73,34.32,10.6,1.71,09:10,10:07,20.64,3.63,2.62,5004,1.799,1465273,1.03
2021,158217,AUTO,74.9,73.5,104.7,29.81,7.85,33.46,2.74,8.76,09:32,10:45,33.75,3.06,1.34,6749,1.371,689011,3.45
2025,640602,OTHER,60.7,52.1,90.4,30.2,6.02,22.64,17.06,7.89,06:08,06:50,1.56,19.58,2.86,3420,2.061,1429227,1.162
2020,710411,MIXED,11.8,10.4,32.4,28.36,9.97,23.91,15.72,8.63,06:37,06:48,35.83,11.69,1.47,6257,1.284,850203,3.281
2023,781411,BIKE,72.2,60.8,102.6,6.92,12.48,8.59,11.46,9.98,07:30,08:36,28.25,14.46,1.16,6322,0.761,53163,3.081
2018,885667,OTHER,36.4,30.3,66.4,24.6,4.97,18.23,17.03,6.95,07:56,08:43,28.36,0.73,1.45,4257,2.153,190492,4.097
2019,629834,MIXED,51.0,42.4,79.2,13.2,12.47,11.93,3.44,2.06,06:27,07:16,44.69,14.33,1.22,7790,2.032,921375,0.444
2022,422988,AUTO,29.3,24.4,66.1,0.95,18.0,15.34,8.49,3.21,07:11,07:37,11.31,2.63,2.86,2590,1.626,1122738,1.959
2022,742843,TELEWORK,53.0,52.7,69.0,14.8,0.87,23.06,3.6,8.68,07:57,08:41,26.92,15.31,2.96,6294,0.909,165682,1.227
2016,491792,MIXED,84.2,79.4,101.2,16.11,6.49,19.48,1.56,10.45,07:57,09:36,1.54,5.46,1.41,3412,1.642,2033274,2.179
2025,286000,TELEWORK,36.8,28.1,47.1,0.85,3.6,20.64,5.07,4.75,09:59,10:38,8.01,24.09,1.4,4751,1.754,327437,2.419
2021,631439,CARPOOL,77.3,69.1,107.5,13.29,10.81,5.42,8.67,9.76,09:57,11:11,32.6,4.09,2.56,6145,1.39,668291,0.213
2017,864970,MIXED,89.2,81.9,119.8,28.13,5.85,30.02,17.32,4.14,06:30,08:11,3.07,4.28,2.1,3069,0.82,2391303,0.621
2024,727747,WALK,83.7,82.8,121.1,24.92,15.92,5.21,7.92,6.53,10:56,12:30,17.13,22.21,2.95,6205,1.301,729084,3.791
2017,825184,OTHER,20.2,15.7,58.3,13.54,17.1,19.16,6.03,6.62,07:55,08:07,27.82,6.54,1.92,5096,2.239,1045062,1.173
2016,699867,TELEWORK,64.1,58.9,76.9,15.71,0.18,29.74,4.95,11.54,06:57,07:57,38.78,6.58,2.06,7066,1.611,1236682,4.469
2024,310764,BIKE,25.2,24.6,58.7,16.18,18.94,30.4,7.41,4.03,10:56,11:21,24.41,19.51,2.94,5357,1.191,2406773,2.201
2018,414188,CARPOOL,29.9,25.0,66.7,32.95,19.06,17.47,10.17,0.09,06:00,06:34,10.43,6.16,2.57,3487,1.891,1102032,2.551
2023,720406,TELEWORK,85.1,83.5,112.2,8.56,12.0,19.29,11.85,6.72,09:56,11:14,25.33,14.59,1.67,6648,1.449,1077893,3.372
2022,916791,CARPOOL,80.9,75.9,88.8,4.15,6.59,32.23,13.26,10.71,07:39,09:07,11.32,8.07,1.19,4229,2.379,416221,0.66
2021,402800,MIXED,93.0,91.3,128.0,28.86,19.73,11.52,6.73,10.7,08:56,10:36,33.59,2.63,2.99,7228,1.86,707769,3.813
2023,513485,AUTO,45.5,44.0,77.2,26.63,14.66,29.99,8.84,3.09,07:16,08:05,38.26,3.38,1.93,5843,0.917,157667,4.352
2021,480975,MIXED,8.4,5.5,42.7,29.07,18.4,15.76,4.87,6.37,06:44,06:56,13.15,12.2,1.92,2965,2.292,965553,0.204
2024,454677,WALK,18.0,9.0,37.2,9.6,8.21,12.43,15.22,3.66,10:47,11:15,21.86,4.92,2.83,3781,1.71,2189390,3.324
2022,332830,OTHER,68.9,58.9,92.1,8.66,19.2,22.69,6.16,0.68,08:19,09:27,18.32,19.86,1.21,5313,0.914,1700483,1.65
2016,659032,AUTO,80.9,74.5,100.1,28.35,9.76,1.74,1.53,0.44,07:48,09:10,16.48,2.18,2.84,4851,1.519,1892062,3.08
2017,251085,TRANSIT,26.9,25.7,40.4,27.49,15.83,23.27,2.89,3.57,08:01,08:34,44.01,23.95,2.11,8000,1.37,1580671,2.464
2017,591392,TRANSIT,87.3,87.0,125.1,19.32,10.13,7.02,10.85,4.35,09:17,10:43,1.77,22.71,2.18,4857,1.304,1532611,2.883
2025,812965,TELEWORK,77.5,75.2,98.7,4.37,12.78,30.43,8.52,4.12,06:26,07:53,42.07,14.69,1.94,8000,1.556,698136,4.33
2022,582669,OTHER,12.2,3.0,41.4,29.86,13.28,3.68,2.37,10.4,06:07,06:19,6.89,20.04,1.42,2678,1.206,789482,4.003
2024,520932,AUTO,31.0,27.8,46.5,1.18,11.61,15.88,11.89,5.04,08:35,09:17,42.58,23.55,1.16,8000,1.619,2362405,0.443
2021,849085,TELEWORK,35.7,24.6,55.2,6.56,19.06,12.32,5.24,4.16,06:19,06:37,5.4,24.61,2.67,4473,1.134,2264684,2.83
2021,273343,MIXED,23.3,17.7,34.7,17.08,5.25,1.08,16.21,1.76,07:54,08:24,34.81,22.9,2.29,6883,1.404,380487,3.352
2019,858178,MIXED,51.8,50.9,84.8,16.35,14.27,20.56,17.84,10.14,07:39,08:39,40.07,23.73,1.14,8000,2.189,1593262,1.821
2024,317413,OTHER,50.5,39.8,63.1,33.43,14.95,13.12,3.04,4.04,07:40,08:30,8.64,17.81,2.3,3838,1.487,1580219,3.422
2018,439461,TELEWORK,37.7,27.9,62.3,22.14,12.53,18.43,5.88,10.06,06:56,07:26,30.23,10.39,1.52,5681,2.117,1346521,1.083
2022,456953,TELEWORK,43.6,36.8,70.2,26.72,19.25,0.92,1.08,0.75,07:04,07:49,1.24,13.44,1.1,2355,1.838,2388185,1.483
2020,687047,BIKE,31.2,27.7,61.7,14.14,5.26,12.03,6.61,4.3,08:12,08:36,3.81,1.27,2.02,1380,1.214,557385,2.083
2022,560345,BIKE,93.7,86.1,123.4,12.2,0.39,1.94,16.27,2.66,08:18,09:50,6.39,11.94,3.16,4248,1.251,1337620,0.709
2016,573400,AUTO,90.3,89.0,109.2,27.65,18.8,15.47,9.07,9.29,09:12,10:47,32.66,14.8,1.11,7808,1.444,971454,3.709
2024,397362,OTHER,28.1,18.5,53.6,25.59,18.44,23.57,17.1,3.48,08:18,08:36,6.88,24.45,1.19,4092,2.329,544415,3.201
2021,567325,CARPOOL,23.5,17.3,35.5,6.74,5.33,3.3,7.79,0.24,10:55,11:10,5.16,12.36,2.66,2220,1.163,865859,4.475
2017,546857,BIKE,88.9,82.6,95.8,3.54,6.94,30.36,7.91,11.32,10:59,12:21,42.05,3.23,1.5,7942,1.571,1610752,2.899
2020,700099,TRANSIT,40.0,34.7,70.8,13.5,14.29,33.59,13.12,9.97,06:13,06:55,41.76,9.49,2.27,7716,0.991,871342,1.361
2017,519523,TELEWORK,30.6,20.9,67.8,2.5,13.87,5.47,15.61,9.55,08:33,09:02,27.56,19.31,1.21,5766,1.043,295418,2.897
2016,889167,MIXED,72.6,69.8,109.1,17.83,4.92,18.56,14.84,1.82,08:05,09:40,1.5,19.47,3.12,3274,1.145,1712216,0.203
2023,487942,TELEWORK,16.5,5.9,45.0,8.5,8.39,10.33,1.72,2.83,06:29,06:59,24.65,15.06,2.88,5028,1.651,1470314,3.904
2016,642119,TRANSIT,39.8,29.1,62.2,4.3,18.85,28.65,9.31,7.39,06:54,07:32,12.09,22.34,1.87,5179,1.738,1556897,0.196
2022,556089,BIKE,33.1,24.6,43.5,25.79,6.54,29.61,0.17,7.64,07:04,07:32,24.61,1.92,2.8,3857,0.915,595681,0.605
2020,873261,OTHER,45.2,41.7,57.8,22.42,2.66,25.44,6.79,1.74,07:13,07:57,6.52,2.87,2.5,3102,2.035,923368,2.066
2023,629578,BIKE,8.4,7.3,34.0,6.16,8.29,19.76,14.97,11.19,09:59,10:16,28.64,8.08,2.35,5279,2.154,476252,2.208
2023,816727,WALK,69.1,62.3,81.8,1.26,10.83,5.14,12.16,8.57,08:01,09:03,23.8,1.66,1.98,5287,2.295,702052,1.635
2022,459039,CARPOOL,85.3,75.8,102.4,35.0,1.95,22.64,0.7,3.6,08:28,09:56,9.45,8.69,2.32,4243,1.316,2082478,3.438
2016,192829,WALK,66.3,56.6,104.4,4.61,1.42,32.3,3.74,1.79,07:28,08:40,17.52,24.14,2.26,5750,1.615,1918904,3.653
2022,168250,WALK,46.6,46.4,55.1,22.32,18.38,17.18,3.27,4.93,10:40,11:26,23.52,13.48,2.58,5135,1.969,1000919,1.86
2025,520143,TRANSIT,55.4,48.3,68.7,21.56,7.1,7.93,7.85,2.52,07:33,08:38,25.43,13.6,2.35,5390,1.32,1837537,2.443
2024,306264,AUTO,15.2,6.7,39.3,1.41,9.98,14.43,9.08,3.27,09:21,09:41,24.43,9.7,2.62,4336,1.101,1976044,3.593
2022,812148,MIXED,40.4,33.4,51.5,26.14,12.03,22.42,2.22,2.09,09:40,10:34,12.93,12.61,2.08,3907,2.015,2115664,1.277
2022,356126,TELEWORK,86.4,75.7,94.3,33.12,7.06,15.07,1.86,0.38,10:14,11:45,9.75,15.98,2.05,4937,1.133,1767418,2.475
2017,202317,TELEWORK,16.7,11.4,32.0,13.26,1.08,14.99,8.15,1.23,07:26,07:34,19.17,17.91,1.16,4110,1.687,146975,3.769
2022,737289,BIKE,37.0,28.4,57.9,21.34,13.83,32.85,4.7,11.86,06:02,06:29,12.33,12.92,2.27,3468,1.167,1484880,0.341
2016,700213,TELEWORK,36.5,35.4,73.2,7.8,15.52,31.68,6.76,7.67,09:50,10:21,23.38,13.98,2.93,5699,1.107,2449683,3.68
2024,706810,TRANSIT,30.2,28.4,50.5,11.61,10.88,9.48,17.06,10.1,08:36,08:57,1.79,14.74,1.79,2709,2.227,933219,1.099
2017,338722,MIXED,82.3,78.2,116.7,2.96,2.13,31.74,15.79,0.17,06:37,08:09,13.51,24.96,2.93,5855,1.006,479413,2.651
2021,937826,MIXED,73.8,62.5,95.4,24.57,2.75,18.75,17.46,3.19,09:17,10:18,13.89,12.49,2.98,4227,1.569,464760,0.827
2017,804453,MIXED,33.2,26.9,53.8,27.11,18.04,14.8,2.95,0.33,08:51,09:27,29.97,16.45,3.07,5835,1.413,2097609,0.866
2018,941102,TRANSIT,87.2,86.1,115.3,10.14,14.81,26.25,17.76,6.28,07:57,09:33,32.13,21.23,1.94,8000,1.617,1849398,0.277
2018,104043,AUTO,58.7,50.2,95.1,30.19,7.6,19.95,3.65,2.25,06:06,07:00,32.28,15.38,1.03,6716,1.098,169200,3.523
2020,715885,AUTO,59.2,52.2,74.2,23.82,13.53,14.83,6.83,4.19,06:00,07:01,29.46,6.35,1.22,6407,1.677,344576,1.111
2022,428192,TELEWORK,76.4,69.0,111.2,9.61,10.36,22.77,9.53,10.03,10:15,11:23,11.29,17.34,2.66,4509,2.321,2396299,3.05
2025,628783,AUTO,70.3,64.6,91.4,30.1,1.52,28.38,14.29,5.42,07:28,08:42,9.0,10.93,1.36,4478,2.263,1785322,2.591
2018,556126,TELEWORK,74.1,73.9,93.8,22.81,19.25,30.39,9.69,5.76,07:23,08:35,8.97,15.22,1.22,4927,2.212,1650211,1.334
2021,977225,OTHER,88.9,77.8,124.9,11.33,16.33,11.07,3.92,9.1,09:27,11:08,13.53,1.78,2.93,4721,1.544,1565164,3.255
2023,500327,MIXED,46.1,37.8,70.9,20.19,12.17,2.25,3.18,3.4,07:19,08:07,37.35,4.44,1.66,6514,2.146,49146,3.148
2019,463653,AUTO,93.7,85.3,112.4,1.39,7.27,18.35,17.86,11.25,09:57,11:14,38.05,22.04,2.04,8000,1.001,1840763,1.741
2021,520719,AUTO,80.5,74.5,105.1,27.36,10.23,34.66,2.0,2.12,10:01,11:19,39.33,20.88,2.51,8000,2.373,1223747,1.028
2025,307275,MIXED,57.8,50.9,97.2,10.19,11.55,32.58,9.99,3.35,06:55,08:07,22.41,10.26,1.43,5849,1.448,1605357,4.388
2024,790212,AUTO,61.2,55.6,78.4,14.81,10.45,7.76,5.18,0.34,07:17,08:15,29.23,23.59,1.94,7080,0.992,46623,3.137
2018,122826,CARPOOL,9.5,3.3,45.3,18.63,7.07,20.98,16.51,7.59,10:36,10:41,41.45,3.12,2.72,6526,1.549,1198157,1.356
2021,327636,TRANSIT,36.1,32.3,73.6,29.19,15.15,6.86,6.46,9.17,09:25,10:03,18.38,15.08,1.83,5154,1.955,2444618,2.998
2024,754717,TRANSIT,78.9,77.3,102.1,27.62,16.33,25.45,0.34,6.46,08:52,10:06,38.31,19.69,2.28,8000,1.215,173191,0.695
2018,100870,BIKE,17.7,7.2,23.1,27.3,10.2,17.46,3.37,5.85,08:34,08:55,10.72,9.34,1.56,3397,0.751,1118876,3.176
2025,922904,WALK,40.0,32.1,54.0,2.12,15.22,5.44,3.22,7.7,07:42,08:23,7.46,22.06,2.59,4213,0.957,1005533,2.546
2016,939033,TRANSIT,70.6,60.2,100.8,0.26,6.32,30.97,6.74,7.04,06:09,07:24,6.43,17.66,2.99,3976,1.1,222953,1.952
2018,151784,WALK,89.0,78.5,120.9,13.99,16.7,11.62,7.52,9.71,10:01,11:39,11.84,23.06,1.63,5538,1.1,747096,2.501
2021,570227,CARPOOL,93.1,90.0,108.4,1.06,4.11,10.38,16.95,7.51,07:25,08:37,43.71,3.63,2.52,7879,2.197,814605,4.159
2016,552170,OTHER,68.1,67.1,82.9,6.14,16.16,32.33,16.61,11.32,06:37,07:44,0.47,12.41,2.43,3538,1.251,408191,2.628
2023,528634,AUTO,35.3,26.7,47.8,14.49,19.52,30.68,4.68,5.62,06:11,06:34,44.78,12.69,2.82,7802,0.829,662282,0.446
2025,728304,WALK,35.2,25.9,41.3,15.63,4.61,13.49,11.61,10.07,07:12,07:32,16.66,15.99,1.16,5105,1.418,127218,3.4
2020,777782,WALK,47.9,45.2,57.6,27.31,5.09,8.45,3.44,0.2,10:41,11:28,24.39,23.43,1.59,6037,0.926,1075425,3.252
2022,483793,AUTO,23.7,11.8,53.1,8.02,10.01,33.0,0.34,2.42,10:52,11:16,14.81,15.39,1.97,4382,2.188,446215,2.023
2021,421093,OTHER,28.5,23.5,37.4,7.07,5.9,9.75,2.17,10.26,07:46,08:21,16.12,9.66,3.02,4418,1.531,1165920,2.898
2018,881743,CARPOOL,42.4,36.2,65.8,30.46,6.36,26.83,0.13,8.71,06:47,07:30,13.53,9.52,2.88,3674,1.097,2379541,3.94
2025,631071,BIKE,39.9,33.5,45.3,13.82,18.49,34.32,15.26,2.88,06:23,06:58,3.54,7.92,2.46,2746,1.181,1643662,0.538
2023,695984,BIKE,40.8,33.7,59.4,8.84,1.66,32.7,5.68,7.48,07:36,08:28,26.05,22.55,2.5,6588,2.36,138917,3.425
2018,767935,AUTO,49.0,43.4,55.4,16.94,8.21,16.75,13.19,4.23,06:52,07:47,25.56,20.92,1.8,6126,1.932,2428485,4.337
2025,103473,WALK,52.4,40.9,76.8,32.36,5.4,7.03,6.66,9.59,06:16,07:03,22.35,11.99,1.83,4690,2.163,2207898,1.148
2019,206163,MIXED,68.2,60.2,82.2,29.76,6.75,26.87,15.89,5.8,08:22,09:15,29.47,21.99,3.02,6874,1.383,1369947,0.698
2023,344031,BIKE,87.6,84.3,123.5,20.66,19.78,0.57,9.23,0.44,07:14,08:42,12.76,24.07,2.87,5373,1.224,1530037,2.618
2020,120549,WALK,48.6,46.4,81.4,25.57,1.38,14.58,4.57,1.9,06:15,07:09,15.52,11.45,1.21,4831,2.33,333893,0.487
2019,326092,CARPOOL,25.0,16.3,34.3,11.04,8.76,8.41,16.94,4.16,09:58,10:28,13.15,8.43,1.08,2952,1.444,2349785,1.618
2021,507865,MIXED,41.5,32.9,61.7,22.14,13.84,3.34,7.65,2.8,08:23,09:01,10.26,3.77,1.49,2952,1.752,591281,3.353
2025,252350,TRANSIT,39.0,38.8,76.4,19.27,15.09,15.71,6.02,1.21,10:17,10:56,11.76,18.79,1.74,4800,2.386,1936393,3.704
2016,721629,BIKE,49.1,45.8,78.4,18.48,2.33,6.94,15.36,8.24,07:26,08:05,16.77,23.46,2.06,5592,1.787,2296098,1.914
2020,539562,AUTO,75.5,66.0,91.7,11.3,3.75,20.38,1.75,10.78,08:42,09:55,22.96,23.7,1.2,6854,1.89,934420,2.608
2024,915494,TRANSIT,50.6,40.4,63.2,17.88,8.81,30.92,15.97,10.61,09:54,10:31,25.92,14.35,2.15,5697,1.854,893898,1.129
2025,850539,OTHER,35.5,26.2,51.4,1.66,7.87,11.21,0.81,10.56,06:12,06:52,43.33,18.6,2.59,7516,1.539,2357641,3.764
2019,204589,MIXED,50.3,39.5,55.7,19.94,11.26,4.35,7.95,3.87,08:30,09:21,35.46,24.83,3.04,7676,1.244,1049670,0.362
2018,266376,OTHER,78.3,68.4,110.6,34.78,19.53,0.56,4.92,6.76,08:58,10:05,26.98,7.47,1.07,6147,0.828,272893,0.908
2017,149082,OTHER,63.6,59.4,80.9,31.89,2.85,28.0,17.7,7.26,09:07,10:19,22.6,8.9,2.96,5195,1.169,2134379,1.524
2023,386425,OTHER,84.2,81.2,102.6,24.32,10.74,25.88,13.12,7.47,08:55,10:13,25.54,7.83,2.75,6265,1.306,34189,2.458
2017,742577,TRANSIT,76.7,69.6,102.8,29.33,7.64,14.55,15.31,4.3,09:27,10:34,25.19,3.44,2.89,5506,0.92,1671381,0.588
2017,693216,CARPOOL,33.6,23.1,42.7,21.08,2.21,32.31,8.57,1.76,10:16,10:43,14.29,0.52,2.21,2801,1.274,1972562,1.539
2017,402429,MIXED,14.6,7.8,48.3,23.88,1.7,6.41,17.05,10.97,07:27,07:42,14.39,2.72,1.69,2673,0.849,1375460,3.909
2023,422349,CARPOOL,59.0,47.2,74.7,31.88,1.42,17.27,3.26,5.27,09:27,10:26,41.48,6.88,2.85,7627,1.56,2207731,3.951
2025,346773,OTHER,40.8,33.4,60.4,5.19,8.73,29.08,12.55,4.41,06:41,07:12,13.46,4.7,1.89,3809,1.932,1618610,2.717
2017,287846,OTHER,14.3,3.0,22.3,24.34,3.07,30.87,7.29,2.89,09:53,10:17,29.2,4.42,1.84,4889,1.065,51626,0.884
2021,160645,AUTO,58.8,52.7,82.3,22.95,1.76,0.82,2.0,1.53,10:23,11:23,34.53,0.86,3.18,6142,2.064,1152541,3.542
2020,256588,TELEWORK,62.1,54.0,85.4,15.78,0.22,4.18,8.66,1.69,08:55,09:59,37.48,17.96,2.73,8000,2.324,948297,3.841
2025,783670,WALK,67.9,64.1,94.7,20.29,4.31,22.0,4.59,6.77,08:56,10:08,22.68,23.31,2.22,6904,2.204,1370619,3.174
2020,801904,MIXED,28.7,24.4,34.3,7.53,16.84,1.87,9.82,4.08,09:41,10:03,19.75,24.55,3.2,5358,1.32,934489,0.318
2017,208473,AUTO,56.0,48.0,73.9,19.01,12.06,7.27,8.68,3.96,09:20,10:14,37.05,24.93,1.86,8000,1.354,139416,0.993
2020,154882,AUTO,9.5,3.0,17.8,30.15,3.14,31.09,5.4,5.62,08:06,08:12,29.89,17.19,1.5,5692,2.189,2414558,1.187
2024,225591,MIXED,49.7,40.8,63.1,31.29,11.6,22.15,2.75,8.32,10:39,11:23,42.45,22.56,2.17,8000,2.391,317415,3.62
2018,133623,OTHER,47.9,47.3,84.5,16.55,7.65,20.84,2.98,2.48,10:07,10:53,5.77,3.16,1.46,2323,1.693,2362877,3.656
2019,911995,CARPOOL,27.9,22.0,49.6,32.94,16.69,14.05,7.29,0.35,06:32,06:52,26.34,22.04,1.73,5619,1.434,1719001,2.443
2020,333922,OTHER,12.6,11.4,51.8,10.45,14.03,27.81,10.78,1.84,10:08,10:16,6.28,16.98,2.2,2411,1.975,299524,3.681
2018,662373,WALK,42.4,37.5,71.9,30.16,2.35,10.65,15.24,9.24,10:31,11:21,8.39,13.6,3.06,3141,0.941,30803,2.656
2018,625056,WALK,51.7,48.2,86.0,26.66,15.71,22.55,4.22,7.0,08:27,09:30,32.83,0.51,1.93,6144,1.331,900412,0.873
2021,759558,TELEWORK,32.7,31.1,69.2,7.95,17.89,33.96,7.79,10.55,10:57,11:26,29.15,19.33,2.54,6075,2.376,2200647,0.476
2024,511261,CARPOOL,40.1,33.8,56.8,9.72,8.99,7.17,2.42,0.09,07:10,07:38,12.59,20.64,1.62,4068,1.182,967057,3.977
2016,705873,BIKE,67.4,56.4,96.7,9.19,0.33,32.53,15.66,2.79,10:25,11:36,26.7,10.13,1.56,5661,1.174,920957,4.487
2024,568865,TELEWORK,89.9,81.9,102.7,1.75,17.44,24.67,0.27,11.16,10:18,11:51,21.71,16.35,2.32,6484,2.335,340180,3.477
2024,903002,TELEWORK,33.6,29.1,57.7,14.61,11.54,30.76,9.1,2.26,09:55,10:30,33.17,22.73,1.59,6716,1.148,1528551,1.897
2017,770212,TELEWORK,63.1,56.2,74.0,10.56,7.66,16.9,5.82,9.11,07:35,08:30,18.72,13.69,3.11,4867,1.733,290971,3.874
2017,325970,WALK,55.7,50.5,70.4,8.0,12.33,13.6,14.28,7.11,07:19,08:33,4.8,8.14,1.06,2592,1.005,2326531,0.5
2022,966544,TELEWORK,77.8,69.9,117.0,9.94,17.6,3.22,16.88,11.2,06:13,07:30,24.85,13.54,1.52,5932,1.156,1478444,0.645
2023,182108,TRANSIT,87.4,85.0,111.9,19.12,9.29,33.7,16.67,9.76,09:15,10:46,23.72,7.24,2.31,5365,1.087,1836716,1.026
2022,532065,MIXED,10.6,6.3,23.6,1.95,6.21,22.48,13.11,0.95,09:51,10:09,29.06,3.07,1.3,4027,2.335,2387416,2.073
2024,196029,BIKE,88.4,81.7,100.1,1.15,18.44,26.99,9.46,10.08,06:40,08:04,32.53,22.58,2.94,7840,2.244,1987614,4.19
2021,575961,BIKE,45.5,37.2,72.5,21.51,4.75,16.01,2.78,3.56,06:06,06:43,12.75,11.32,2.16,4114,1.645,2168895,3.414
2019,680041,BIKE,89.2,85.1,97.7,20.9,17.79,15.49,11.35,9.46,07:45,09:20,24.85,19.99,2.62,7015,1.817,865741,3.905
2018,383576,TRANSIT,92.5,88.2,104.8,20.58,11.07,9.29,5.18,11.47,07:50,09:25,30.38,22.57,2.6,8000,1.749,371734,3.332
2021,958963,AUTO,30.2,30.0,64.5,13.51,0.17,32.89,12.39,5.83,08:06,08:29,5.83,18.44,2.12,3537,1.891,2095473,0.201
2022,933143,AUTO,40.4,38.4,54.5,21.9,13.57,25.9,6.8,2.1,08:31,09:10,23.92,12.28,1.59,4897,1.717,818627,3.821
2020,220803,OTHER,68.3,64.2,84.0,20.98,15.39,21.56,5.22,2.31,06:28,07:39,9.01,13.65,2.95,4668,1.322,440614,4.287
2025,485970,MIXED,31.8,22.5,58.1,15.91,5.77,14.41,0.8,0.72,08:08,08:48,18.95,24.95,1.66,5919,1.451,248070,3.988
2021,652271,TRANSIT,18.4,14.9,55.1,32.47,2.96,2.97,4.08,7.39,10:29,10:43,8.33,20.45,1.18,3625,2.262,819179,3.87
2022,504007,TELEWORK,89.8,82.7,114.7,30.98,3.6,19.15,7.43,8.33,10:43,12:11,43.85,0.74,1.89,7778,1.717,1445068,3.283
2017,473985,WALK,88.8,84.8,101.5,15.07,9.59,29.16,12.89,9.93,09:45,11:16,1.63,24.05,2.25,4477,2.333,217956,1.882
2020,816548,WALK,46.2,38.9,60.9,31.9,12.95,14.06,2.37,9.89,08:12,09:02,35.05,4.92,1.97,6661,1.822,2248573,0.486
2017,702860,MIXED,61.3,54.8,85.7,14.22,12.44,29.04,6.6,8.27,07:51,08:44,1.46,15.31,1.46,3629,0.967,1990465,3.48
2016,180215,BIKE,85.4,74.4,102.5,32.3,6.25,19.46,16.75,8.93,09:23,10:50,2.91,16.05,2.5,3633,2.087,1096877,2.487
2022,115941,AUTO,33.6,23.9,55.9,8.57,13.3,22.17,9.55,3.97,07:10,07:41,22.73,14.16,1.72,5455,1.086,668153,0.999
2016,970175,WALK,12.3,7.0,40.5,24.44,14.4,14.54,14.12,2.01,07:14,07:31,3.91,5.24,2.35,2025,0.795,307076,3.039
2016,714958,BIKE,72.9,69.5,91.5,14.6,17.3,2.09,0.56,1.19,07:27,08:39,30.33,24.74,2.49,7896,1.351,1854707,3.215
2019,309513,AUTO,78.8,75.2,86.3,26.25,14.92,12.38,5.86,9.53,07:26,08:43,16.08,17.72,1.24,5791,2.363,466194,1.892
2022,347978,BIKE,22.6,13.0,42.4,5.73,13.38,15.21,7.76,10.31,06:13,06:26,22.39,2.04,2.44,4500,1.723,2111737,3.344
2022,853265,MIXED,90.2,81.3,129.0,24.27,8.1,11.95,5.6,10.44,07:21,08:48,43.77,11.27,2.31,8000,1.744,491439,3.571
2023,770780,MIXED,21.9,14.5,39.5,13.05,14.5,4.94,7.66,4.06,09:49,10:24,43.27,5.63,2.32,6314,1.988,664470,3.002
2025,468320,OTHER,9.8,3.0,46.4,10.17,2.96,8.86,13.45,1.52,10:53,11:00,17.17,14.85,1.51,3722,1.605,1491216,3.433
2020,861090,TRANSIT,44.8,44.3,79.3,11.58,17.38,1.4,10.37,0.35,09:29,10:19,24.45,1.87,1.16,4072,1.392,2028402,2.473
2025,213376,WALK,83.3,77.7,97.4,31.15,8.07,19.43,15.91,3.91,06:27,07:48,38.66,11.05,2.39,8000,1.982,891452,4.16
2020,137315,OTHER,41.3,39.5,66.4,22.69,1.5,31.18,4.75,10.06,06:38,07:15,24.44,20.27,1.81,6351,1.836,2280289,2.509
2022,296200,TRANSIT,39.4,34.2,52.3,6.27,4.72,25.91,17.18,9.21,09:32,10:17,5.27,15.83,1.96,3480,0.944,1524052,4.053
2019,508504,BIKE,25.5,21.5,60.3,12.26,14.64,28.97,2.77,8.17,06:08,06:45,3.14,8.56,2.94,2545,0.915,257777,2.853
2020,709423,OTHER,50.7,43.6,88.7,6.52,6.35,23.73,15.19,2.42,09:37,10:38,40.34,8.65,1.48,6778,0.959,279079,2.166
2021,985532,BIKE,75.2,72.3,102.2,22.17,12.92,26.25,4.05,7.98,07:08,08:22,31.78,16.57,2.42,7765,0.797,1842580,3.32
2019,596130,WALK,68.5,57.0,97.4,20.87,8.78,5.35,2.34,2.3,09:55,11:11,15.27,8.94,2.22,4538,1.88,1190188,2.1
2025,700915,BIKE,44.0,36.2,65.5,28.14,7.25,3.55,0.08,9.11,10:27,11:10,38.31,8.59,1.04,6601,1.819,514687,3.723
2024,747202,MIXED,22.5,20.2,52.2,11.56,15.48,28.45,7.82,8.91,09:53,10:11,23.79,7.04,1.04,4676,1.793,2263744,0.158
2019,524940,OTHER,72.7,63.7,85.8,1.93,15.95,24.59,9.11,7.12,06:58,07:58,22.58,17.83,2.52,5715,1.307,2180605,0.2
2022,582989,TELEWORK,14.9,4.2,32.9,12.93,9.84,4.04,10.47,5.39,08:41,08:50,22.09,18.81,1.49,5622,1.776,2362542,2.487
2018,965282,BIKE,25.0,24.5,64.7,29.41,18.04,8.51,7.6,2.52,06:24,06:56,4.9,18.42,1.96,2800,2.217,319182,3.966
2022,778036,TELEWORK,87.0,76.5,114.2,30.79,11.75,15.15,2.67,10.46,10:33,11:59,34.43,11.56,2.56,7893,1.734,1760634,2.158
2022,215979,WALK,43.8,42.8,67.5,0.73,0.39,7.91,11.71,8.16,08:56,09:30,2.28,15.29,1.05,3441,1.087,2011107,3.646
2025,919804,AUTO,44.1,34.0,83.7,27.95,15.73,6.81,11.49,9.11,07:28,08:02,6.69,4.79,1.42,2864,1.023,1973012,0.686
2023,273933,BIKE,92.8,86.2,127.7,18.09,12.87,20.56,12.5,6.12,06:08,07:46,40.13,10.8,1.04,7942,0.756,1149208,1.934
2021,561130,AUTO,89.2,79.3,100.1,2.52,7.33,21.21,6.04,11.58,06:06,07:31,27.94,16.12,3.2,6762,1.413,5042,4.097
2017,358939,BIKE,87.2,83.1,115.9,11.13,1.76,6.38,10.64,6.31,06:21,08:00,32.8,22.18,3.08,7663,1.414,485117,3.599
2022,293479,OTHER,57.0,52.2,66.7,32.1,5.96,30.78,11.34,2.03,08:27,09:23,15.89,16.49,1.05,5357,1.179,2161210,2.448
2018,424299,TELEWORK,8.9,6.4,47.4,0.21,9.7,25.39,4.95,10.28,08:48,09:05,20.98,22.61,1.42,5214,1.794,1526352,1.599
2019,104267,CARPOOL,21.8,14.8,57.4,30.68,8.22,14.66,11.14,8.78,10:58,11:29,11.86,20.79,1.51,3539,1.704,814899,2.988
2016,564680,WALK,55.8,53.7,74.3,21.54,0.2,12.51,15.88,3.81,09:18,10:14,31.83,21.83,1.44,6741,1.291,2094075,4.241
2018,961072,MIXED,32.8,23.9,43.3,1.23,0.53,12.32,10.63,9.96,07:17,07:48,24.86,12.33,1.63,4763,1.229,1399655,1.002
2025,781214,OTHER,53.9,50.0,74.1,1.79,3.71,34.64,7.05,1.49,06:26,07:11,12.79,1.51,2.65,3288,0.757,59590,4.418
2018,581639,TELEWORK,60.7,54.9,80.2,26.49,19.64,17.41,8.4,10.17,09:20,10:21,9.38,20.85,2.31,4871,2.074,358658,1.34
2021,390632,AUTO,85.1,75.8,119.4,16.25,11.29,26.56,4.34,4.7,08:44,10:04,30.31,10.0,1.92,7135,1.527,1769216,0.251
2016,309037,BIKE,70.3,61.8,96.3,2.9,12.18,20.92,3.43,7.8,08:27,09:44,27.65,17.74,1.91,7238,2.4,790261,3.963
2024,344333,CARPOOL,56.9,52.4,82.6,18.57,2.1,30.57,9.16,11.3,08:45,09:36,29.44,12.9,1.92,5871,2.086,1545375,4.34
2023,993194,TRANSIT,92.6,82.4,128.4,1.41,16.79,31.21,11.17,7.17,08:48,10:18,33.98,5.93,1.88,6971,0.922,327377,4.3
2025,430179,CARPOOL,77.5,71.3,89.5,10.61,16.26,13.17,0.49,5.54,09:28,10:29,14.95,21.01,1.4,6130,2.395,2356126,0.232
2024,173386,WALK,14.6,4.1,39.4,23.11,8.25,3.82,13.89,5.5,08:11,08:34,14.23,24.8,1.48,4549,1.941,1088443,3.148
2019,393263,MIXED,75.3,70.9,93.6,20.41,12.14,19.29,1.28,0.68,06:38,07:56,8.92,14.41,2.63,3897,1.36,1428984,2.238
2024,465441,OTHER,24.4,17.8,35.3,27.25,6.29,15.17,1.71,7.83,09:45,09:52,2.18,23.01,1.29,2900,2.018,1637727,1.871
2022,118230,TRANSIT,21.8,18.3,59.0,9.28,18.15,4.55,10.26,7.71,08:17,08:44,21.94,2.14,1.36,4146,1.833,814559,2.991
2025,722766,MIXED,37.6,36.5,63.8,12.5,3.45,9.7,13.7,2.3,07:14,07:49,7.74,17.44,2.24,4264,1.866,1646811,1.022
2024,278202,WALK,11.9,3.0,18.4,20.99,3.7,1.54,14.59,4.52,07:49,08:04,1.11,13.98,3.05,2316,0.848,92426,4.149
2019,151082,CARPOOL,50.3,45.1,76.1,11.1,8.21,25.97,7.81,4.99,06:33,07:21,1.45,21.81,1.4,3472,1.636,701213,1.304
2023,463642,TRANSIT,78.5,76.2,115.4,15.06,15.72,2.07,12.81,1.24,09:06,10:10,41.38,4.11,1.23,7566,1.886,390025,0.55
2018,775668,MIXED,70.6,64.8,103.6,7.37,3.27,31.68,2.6,11.88,10:04,11:02,4.03,9.63,1.23,3307,0.868,230538,1.002
2017,364265,OTHER,77.0,74.2,116.9,1.5,19.28,22.84,0.96,8.22,09:43,10:58,14.31,22.25,2.03,5631,1.523,1272024,0.529
2025,953937,TRANSIT,39.2,30.7,54.4,3.82,6.03,13.81,15.08,5.65,08:35,09:12,26.03,19.3,1.57,6349,1.908,302888,3.704
2019,297044,TELEWORK,37.8,30.2,64.4,15.08,2.84,6.64,8.3,2.09,07:02,07:42,9.25,21.23,2.78,4580,1.38,2250553,1.281
2025,690522,OTHER,61.8,51.2,98.5,28.47,6.4,6.29,12.43,5.23,10:37,11:22,22.12,21.49,2.24,5968,0.75,2113336,1.154
2022,994295,CARPOOL,22.6,18.9,36.9,12.18,6.43,23.65,10.44,11.34,09:10,09:22,34.08,11.65,2.49,5975,1.182,1731885,3.616
2020,548049,OTHER,11.4,3.0,27.0,23.7,4.81,14.4,14.07,7.44,08:39,08:57,16.0,9.23,1.94,3149,2.229,2382942,0.816
2020,175834,OTHER,38.7,29.6,64.5,3.99,13.35,12.21,17.7,9.32,07:48,08:18,11.37,8.31,2.96,3334,2.238,18542,4.264
2016,294627,OTHER,77.8,76.0,94.9,1.09,16.48,14.31,2.82,9.78,08:12,09:32,39.83,5.87,2.15,7666,1.282,1522123,0.515
2024,443775,TRANSIT,55.4,52.9,66.4,2.05,3.65,33.62,0.37,8.49,09:14,09:58,13.64,10.47,2.94,4005,2.379,1528100,3.476
2019,520868,MIXED,65.3,63.1,88.4,1.63,19.04,32.95,0.38,7.9,06:34,07:49,30.74,10.63,2.9,6125,2.184,623488,1.359
2018,559489,CARPOOL,72.1,65.9,101.5,30.32,7.72,34.91,14.79,5.03,09:30,10:56,1.5,10.44,1.79,3215,1.815,70931,1.508
2019,244118,WALK,61.3,54.7,94.9,5.89,3.95,12.61,10.02,5.62,07:15,08:31,41.12,8.47,2.52,7949,1.064,1073317,3.165
2020,992041,CARPOOL,59.5,55.7,88.5,27.35,10.93,10.06,0.7,4.16,10:21,11:19,1.56,1.75,1.58,2483,1.0,601585,2.408
2019,137134,TRANSIT,13.4,8.5,39.5,14.68,18.9,15.32,12.02,9.56,09:03,09:22,4.8,19.0,2.26,3373,2.159,1344139,0.788
2019,845276,AUTO,54.5,49.2,93.4,11.56,3.81,32.96,15.56,0.76,07:13,08:06,34.81,18.22,2.93,7804,1.077,1807182,1.671
2016,612403,OTHER,21.9,12.9,29.3,33.89,15.41,25.86,2.99,2.64,06:54,07:11,14.03,7.72,1.8,3141,0.993,58377,0.384
2016,382111,MIXED,90.1,89.6,128.0,22.68,19.34,28.26,11.23,4.7,08:47,10:17,3.79,6.64,1.2,2842,1.824,1553766,3.498
2020,303666,TELEWORK,27.7,26.5,36.9,34.46,16.59,18.77,15.29,1.59,08:22,08:52,28.35,19.2,1.25,6485,0.761,1111755,0.989
2018,702423,OTHER,58.8,58.5,76.0,27.41,19.22,31.54,15.61,1.22,09:40,10:36,42.21,16.29,1.26,7699,0.802,347432,4.484
2023,477488,TRANSIT,51.4,51.3,74.3,16.08,12.03,24.11,10.02,6.71,08:50,09:49,32.51,9.13,1.33,6485,0.983,2454539,4.056
2020,624006,TELEWORK,75.4,71.9,83.1,11.65,7.87,24.54,1.48,0.8,08:30,09:33,31.39,15.01,1.67,7518,1.36,1481230,2.539
2021,342251,OTHER,40.6,35.5,67.9,28.07,14.97,13.66,13.23,8.65,10:20,11:03,42.51,3.31,2.83,6756,1.483,895176,3.17
2021,561702,TELEWORK,50.9,39.0,82.8,13.68,7.07,5.92,16.26,0.98,06:09,06:53,40.59,21.76,2.02,7840,2.044,244484,3.017
2025,968110,TELEWORK,37.5,37.1,49.9,3.43,13.48,27.91,4.22,6.44,09:05,09:55,6.67,13.62,2.92,2963,2.034,684420,2.303
2018,494979,OTHER,61.9,54.7,95.8,23.62,14.63,29.4,2.56,6.87,07:22,08:26,36.77,21.77,1.05,8000,1.949,1023882,1.626
2019,157286,OTHER,14.0,3.3,31.5,30.9,0.83,0.76,9.19,6.06,09:56,10:01,10.79,18.97,1.98,3545,0.78,209673,2.03
2017,215582,TRANSIT,87.2,84.7,93.6,1.49,8.94,33.02,2.05,9.88,07:13,08:48,12.21,7.27,1.02,4602,0.808,1283695,4.084
2016,705785,BIKE,63.7,62.2,91.1,13.95,13.87,22.12,14.15,8.84,07:10,08:20,31.56,18.92,2.56,7458,2.01,1051487,0.272
2023,994966,OTHER,73.8,62.0,86.7,24.7,0.09,3.57,9.6,6.15,09:48,10:59,8.71,12.17,3.07,4542,1.922,559629,1.152
2017,103578,MIXED,24.7,23.3,43.7,10.1,14.4,7.41,4.57,6.09,10:09,10:36,2.0,24.49,2.43,2780,1.45,2152304,3.991
2017,664291,MIXED,82.8,80.5,111.8,7.58,8.88,23.47,11.47,0.93,10:37,12:00,40.92,20.09,1.59,8000,0.818,1579153,3.84
2018,166688,OTHER,15.5,6.9,27.4,15.63,6.82,27.32,12.48,2.3,09:34,09:53,11.5,1.08,1.1,2684,1.407,2206240,0.5
2016,751719,MIXED,12.2,4.0,18.7,4.3,16.87,26.63,11.23,6.23,06:58,07:28,34.37,19.14,3.19,5914,1.982,726679,0.198
2022,834711,TRANSIT,50.6,47.0,64.3,23.7,5.18,16.92,14.68,2.14,10:31,11:08,38.34,21.56,1.8,7873,1.04,2477126,0.505
2018,332364,OTHER,86.0,82.1,110.4,5.62,14.09,31.3,11.08,4.99,09:11,10:41,27.3,18.69,2.51,7312,2.214,980349,1.115
2020,698041,TRANSIT,58.5,53.5,81.7,0.58,10.68,25.47,11.8,4.93,10:08,11:19,26.28,13.25,2.21,6010,1.751,731257,4.308
2018,388064,OTHER,50.2,46.9,74.6,23.16,16.39,16.2,5.97,10.89,09:57,10:46,24.69,8.78,1.45,5499,0.784,1249782,0.811
2025,325212,BIKE,61.9,52.5,92.4,28.85,13.93,15.3,5.44,9.23,08:59,09:58,13.09,5.71,2.17,3762,1.669,1282606,2.491
2024,824169,TELEWORK,19.3,14.8,53.9,24.06,4.3,4.04,13.43,0.25,08:37,08:56,41.12,22.31,1.77,7194,2.053,34264,2.198
2022,545134,AUTO,41.5,40.2,54.0,5.12,18.23,27.16,3.41,3.22,10:23,11:06,0.32,18.21,2.33,2819,0.884,1237571,3.678
2020,161745,MIXED,12.8,8.0,33.4,34.02,7.61,10.75,7.52,10.82,08:28,08:40,28.99,2.04,2.67,4101,1.479,1551187,4.378
2018,104642,WALK,70.9,65.8,76.7,32.03,14.56,11.76,1.68,6.03,07:45,08:49,14.44,0.12,2.65,4009,2.306,739839,1.141
2024,630819,AUTO,19.4,10.7,55.8,30.34,14.31,7.14,10.36,2.55,07:54,08:23,8.51,3.12,2.55,1784,1.276,950776,3.465
2016,474345,AUTO,18.3,10.5,52.7,7.81,2.58,32.42,17.45,4.84,09:13,09:37,29.8,10.74,2.83,5794,2.359,1903713,3.767
2025,798142,WALK,54.6,49.3,89.7,15.44,6.57,33.94,6.92,5.46,07:58,08:45,1.95,1.39,1.84,1555,2.191,2234546,3.195
2016,218242,WALK,25.5,19.0,64.0,1.19,5.36,9.26,7.8,7.54,06:16,06:46,29.34,11.74,2.99,5424,1.636,1685951,2.319
2023,405170,CARPOOL,80.7,73.5,93.7,33.2,3.65,17.79,5.64,4.86,06:11,07:19,24.81,9.2,1.11,6429,2.305,528083,3.418
2021,570324,AUTO,85.5,80.0,90.6,12.88,0.18,16.33,3.29,6.63,06:17,07:39,8.97,10.73,2.05,4705,1.65,86278,2.227
2020,847752,OTHER,41.9,39.6,54.1,30.55,13.68,12.84,5.44,6.69,09:07,10:00,24.63,6.2,3.06,5216,1.233,249260,2.356
2022,613477,TRANSIT,10.9,7.8,47.3,7.27,18.97,20.55,11.47,5.23,07:39,07:44,41.44,15.29,3.17,7241,1.125,2352992,2.986
2017,532444,OTHER,69.3,63.7,107.8,5.84,5.68,27.67,17.53,10.19,10:01,11:23,40.37,17.49,1.36,7976,2.247,2036004,3.861
2018,812775,MIXED,81.0,70.0,118.4,4.69,16.84,29.72,15.09,6.32,09:17,10:34,18.77,7.29,1.74,5356,2.371,1054608,1.632
2018,628519,MIXED,83.4,76.2,120.7,22.25,5.1,21.16,2.12,9.93,06:55,08:27,1.98,1.41,2.32,2575,0.885,2079459,3.209
2021,611647,OTHER,83.9,81.9,101.8,28.4,8.66,2.89,6.14,2.3,08:09,09:18,8.72,0.07,1.09,3735,1.33,502151,4.126
2017,674447,BIKE,90.7,86.0,101.7,6.35,3.47,19.03,10.55,0.12,08:45,10:20,27.83,12.13,1.52,6365,1.293,2066604,1.304
2024,394792,OTHER,23.6,17.7,55.9,24.74,11.75,5.82,2.65,1.19,09:49,10:18,16.97,2.34,1.51,2868,0.993,601728,0.658
2023,467132,CARPOOL,35.0,26.7,44.2,31.29,2.58,9.62,6.28,2.36,10:30,10:58,3.65,12.85,2.3,2588,1.09,1183676,3.396
2016,441878,TRANSIT,12.4,3.0,42.7,22.76,15.27,19.83,7.12,3.92,06:30,06:45,12.68,15.79,1.57,3795,2.19,681125,1.885
2017,772949,CARPOOL,65.2,63.7,103.6,34.48,0.02,20.62,16.03,0.6,08:14,09:25,27.42,24.39,1.84,7521,1.628,429522,0.443
2021,508522,MIXED,21.3,18.8,52.4,16.3,6.87,15.69,12.34,9.88,06:46,07:08,6.73,24.16,1.93,4220,1.869,1048387,3.461
2024,896208,TELEWORK,26.6,14.8,38.6,8.72,8.51,1.27,17.97,8.46,08:59,09:40,40.75,11.94,1.7,6497,1.616,2051132,0.611
2021,121693,CARPOOL,48.2,38.6,62.4,24.24,2.05,27.7,0.85,0.48,09:39,10:31,1.98,5.02,2.47,2364,1.858,2215396,2.93
2021,115718,MIXED,90.9,83.6,114.1,4.84,1.62,3.91,7.54,4.72,10:55,12:30,18.85,3.85,1.07,4720,1.839,239427,3.666
2021,926939,WALK,34.1,29.2,46.6,11.08,14.63,29.59,10.6,2.83,08:24,08:58,21.46,0.79,1.9,4251,0.761,504966,3.218
2023,111937,CARPOOL,10.6,6.6,19.7,9.89,10.26,14.95,9.73,1.39,07:01,07:31,14.39,11.87,1.74,3712,1.749,1588776,2.802
2025,281814,BIKE,10.5,3.7,45.0,14.99,17.26,9.14,16.43,8.84,10:57,11:07,39.46,7.72,1.02,6583,1.674,1833996,3.757
2016,508729,TELEWORK,24.8,18.3,60.5,17.53,16.0,10.28,10.87,7.87,10:32,10:55,43.44,8.85,1.46,7556,0.806,182256,3.051
2016,489421,TELEWORK,14.5,3.8,21.4,3.38,8.5,2.89,14.86,4.23,08:15,08:22,22.71,10.06,1.29,3908,1.894,2469143,2.388
2020,547674,MIXED,28.2,19.3,47.3,10.54,0.39,27.78,12.54,9.28,09:08,09:25,17.42,10.24,2.31,4114,0.905,945230,4.187
2018,179601,CARPOOL,25.1,21.4,57.5,24.68,2.28,23.02,13.47,2.06,07:56,08:22,21.55,21.25,2.23,5716,2.279,1260707,0.482
2016,488441,WALK,54.8,54.5,80.7,9.5,16.64,4.7,10.25,6.92,07:26,08:26,42.24,19.05,3.17,8000,2.279,2090110,0.225
2016,329171,TELEWORK,14.9,3.9,35.1,10.75,7.23,20.47,15.17,3.93,07:27,07:48,21.32,19.86,3.14,5014,0.802,1417932,3.562
2017,838708,CARPOOL,83.2,78.7,107.8,1.6,5.51,16.42,3.55,0.15,06:39,08:03,35.13,7.64,1.63,7188,1.468,1128755,4.14
2018,166545,CARPOOL,73.1,61.5,98.7,24.38,2.26,6.66,4.71,8.93,06:19,07:41,23.06,5.59,1.75,4936,1.599,2133504,3.12
2023,864488,TRANSIT,15.0,3.5,42.9,25.72,1.19,8.89,0.46,10.86,10:39,10:57,42.39,5.89,3.07,6696,0.859,782338,4.192
2019,674999,BIKE,36.1,31.2,53.4,1.56,15.8,26.55,17.34,3.48,10:59,11:46,5.04,17.79,1.5,3311,2.248,2066958,0.609
2019,499986,WALK,81.9,76.6,105.9,11.4,17.6,26.62,3.8,7.52,10:50,12:15,44.52,14.04,2.1,8000,1.665,2458487,1.118
2023,959902,TRANSIT,75.1,70.6,112.9,32.31,19.81,32.43,1.33,2.82,10:38,11:56,39.24,14.15,2.9,8000,1.562,1270888,3.87
2023,871063,CARPOOL,64.2,59.3,72.3,9.44,0.77,21.63,3.35,11.4,09:41,10:40,2.57,24.67,2.76,4509,2.012,699247,1.198
2024,420582,TELEWORK,90.7,86.0,119.0,23.81,14.42,2.17,12.47,11.11,10:09,11:41,40.9,24.47,2.72,8000,2.301,486389,3.442
2019,352488,CARPOOL,71.3,71.2,82.4,20.57,12.54,3.15,7.34,7.19,07:35,08:56,28.19,14.73,1.06,6478,0.899,1831491,3.367
2023,923309,AUTO,86.7,83.7,122.3,1.31,19.23,21.21,5.87,11.93,07:48,09:16,9.4,12.52,1.29,4124,1.826,617709,1.95
2024,220561,OTHER,52.4,41.4,76.7,33.62,10.04,2.29,6.43,3.32,09:24,10:29,8.07,0.66,1.84,3234,0.996,1224737,3.053
2020,201740,MIXED,31.1,30.2,65.8,17.57,11.02,27.24,0.52,9.08,09:59,10:33,18.12,16.88,2.47,4438,1.08,1826693,0.398
2021,551865,TELEWORK,51.6,45.6,66.4,23.84,19.18,33.84,7.33,1.11,08:21,09:10,34.06,16.0,1.03,6403,2.333,2316028,0.22
2024,966536,MIXED,9.4,3.6,26.4,2.34,7.56,6.73,17.96,5.35,07:13,07:28,18.74,10.17,2.59,3440,0.997,1248112,0.252
2016,411181,BIKE,38.3,33.5,75.9,28.21,0.79,21.63,9.47,2.31,08:29,09:04,27.22,18.68,2.58,6154,1.94,960604,3.15
2023,802979,CARPOOL,52.6,43.2,71.1,23.12,13.86,15.39,14.54,8.09,06:51,07:52,44.02,12.23,1.97,7574,1.975,183334,4.009
2019,358605,WALK,71.1,60.2,81.3,27.19,8.47,8.93,10.54,11.86,09:42,10:50,19.91,24.82,2.29,6221,1.704,1880910,4.471
2024,368350,MIXED,30.8,20.4,58.5,25.84,4.06,23.23,10.86,5.63,06:47,07:11,33.13,3.55,1.14,5559,1.674,905659,4.118
2020,476341,TRANSIT,29.8,24.2,69.8,27.37,3.01,22.52,2.63,6.77,09:26,09:56,7.36,4.09,1.14,2549,2.382,307764,3.181
2024,875808,BIKE,23.9,22.4,62.1,4.55,7.48,26.41,0.25,7.21,08:17,08:22,42.21,22.06,2.77,8000,2.193,937142,3.68
2018,527947,WALK,61.4,58.2,74.5,22.15,5.0,12.57,13.84,1.18,08:54,09:58,10.49,7.21,2.11,3948,1.049,1345100,4.4
2022,832868,CARPOOL,83.3,72.7,120.9,0.32,18.33,19.58,3.51,8.14,10:39,12:06,39.42,24.85,2.56,8000,0.756,1724102,2.515
2016,903544,WALK,82.1,74.1,94.3,21.04,1.56,18.17,3.33,4.97,07:27,08:46,18.1,7.03,2.38,5167,2.126,1584648,1.202
2017,761019,OTHER,55.2,51.7,73.2,28.93,2.15,3.67,10.68,7.72,08:43,09:45,29.07,13.09,1.4,6316,2.307,157541,1.411
2021,778757,OTHER,88.5,81.4,93.5,13.7,12.29,2.8,12.73,2.69,08:29,09:39,26.77,20.99,2.81,7377,2.31,672372,1.07
2025,959405,MIXED,88.0,76.9,111.7,15.73,19.97,1.78,13.04,1.28,08:31,10:12,1.51,16.55,1.1,3311,1.205,2134755,1.756
2024,447631,AUTO,65.1,63.2,99.2,18.47,10.71,3.37,2.43,7.96,06:47,07:46,41.39,12.84,1.92,8000,2.219,232558,3.729
2020,705863,TRANSIT,64.3,64.1,82.3,6.03,19.18,11.0,1.58,5.1,09:56,11:08,5.8,17.23,1.77,3709,1.342,179810,4.171
2016,818688,WALK,69.7,61.3,96.1,16.78,19.55,17.6,14.29,0.36,10:51,11:56,26.95,12.84,1.25,6346,1.02,1755261,1.658
2024,316694,BIKE,54.1,42.2,91.9,34.95,9.78,17.62,11.75,11.87,06:49,07:37,6.04,18.43,1.54,4232,1.178,1512721,1.754
2017,978473,CARPOOL,67.6,67.2,83.1,19.59,19.14,7.55,11.88,10.52,09:42,10:48,42.76,0.83,3.15,7612,1.331,2332926,4.462
2016,399888,MIXED,32.0,30.7,43.0,29.1,13.54,9.34,2.18,10.46,09:44,10:01,22.36,22.14,1.25,5826,1.451,138647,3.595
2019,528274,TELEWORK,19.2,11.8,45.3,13.69,17.61,22.92,17.26,5.48,08:15,08:26,19.14,24.68,1.72,4964,2.396,1757840,2.445
2018,944215,AUTO,65.3,59.8,87.2,32.92,10.03,16.74,14.21,8.29,09:20,10:27,5.83,8.63,2.63,3894,1.511,751764,4.214
2020,876081,AUTO,30.1,24.7,38.1,12.63,9.77,7.53,12.03,2.89,09:50,10:14,34.45,12.58,2.69,5792,1.907,1308502,2.288
2025,958944,BIKE,86.0,82.2,95.0,34.74,15.42,10.24,12.37,5.05,06:53,08:18,15.17,9.68,1.96,5265,1.055,188633,4.442
2020,876462,TELEWORK,35.1,31.0,47.6,19.98,15.5,22.41,16.39,7.2,09:30,10:11,25.11,1.07,2.34,4186,2.387,1678947,3.683
2016,197297,TRANSIT,48.0,45.3,68.6,9.12,12.64,0.7,11.77,2.98,07:39,08:22,38.71,8.67,2.19,6950,1.074,1340257,4.391
2017,943360,MIXED,48.0,45.4,55.4,8.37,14.16,21.08,7.26,6.84,06:25,07:23,38.73,19.32,1.39,7782,0.839,1013483,2.004
2019,420640,TRANSIT,71.7,69.7,93.3,11.5,6.46,23.23,11.56,2.29,08:59,10:09,14.84,8.94,1.18,4132,1.138,1228560,2.276
2018,101557,AUTO,34.9,31.0,40.4,28.19,4.09,21.53,8.72,9.66,10:46,11:13,14.32,23.43,1.23,4924,2.389,1181942,3.039
2022,978189,OTHER,56.0,51.3,77.6,22.56,9.75,8.88,2.66,5.79,08:59,10:01,42.53,0.01,3.1,6717,1.936,1977404,2.41
2021,998217,CARPOOL,9.4,6.4,40.4,6.32,1.64,30.17,0.01,1.56,07:52,07:57,40.61,24.36,2.26,7853,0.822,1649289,4.062
2018,585749,CARPOOL,25.4,19.2,52.8,15.89,8.7,31.4,6.62,3.62,07:37,07:49,14.37,21.9,1.3,4431,1.721,1181514,3.641
2017,642491,OTHER,37.8,29.3,54.9,24.79,12.18,22.91,5.84,6.14,07:48,08:13,28.81,4.95,2.85,4969,0.808,1757385,2.259
2016,125883,AUTO,17.5,15.0,52.8,22.12,3.51,3.23,5.71,7.02,10:58,11:03,14.14,8.52,1.54,3057,0.956,1238439,4.113
2024,819201,WALK,16.7,9.9,49.8,20.12,13.06,27.25,15.28,5.23,10:39,11:11,15.75,16.57,1.49,3948,1.293,335053,1.717
2024,243068,WALK,29.7,28.2,55.0,18.2,11.68,11.08,1.25,0.94,07:33,08:04,12.42,21.11,3.06,4709,1.057,1026059,2.698
2023,785623,CARPOOL,25.1,16.0,44.3,19.61,1.59,19.27,5.88,4.4,10:24,11:02,3.85,15.47,1.2,3272,1.632,2177945,1.48
2017,357989,BIKE,65.5,60.5,105.2,28.14,5.44,33.3,1.26,3.22,10:11,11:18,12.44,10.0,1.88,4189,2.071,1580446,2.579
2019,552991,CARPOOL,65.2,59.2,79.7,15.19,8.66,17.72,13.63,3.98,06:33,07:40,2.36,13.64,1.48,2858,1.062,662266,3.806
2021,157502,AUTO,20.9,18.8,33.4,30.91,7.22,21.61,10.95,11.21,07:31,07:58,40.77,14.89,2.5,7144,1.43,1036639,2.174
2016,599723,AUTO,56.6,50.7,86.2,13.67,14.26,21.34,14.2,6.94,08:55,09:40,1.72,11.56,2.91,2311,0.915,1499042,3.142
2019,880248,TELEWORK,33.0,32.0,63.4,27.89,4.31,8.68,12.5,7.52,08:15,08:48,30.3,4.53,2.26,4988,2.123,1135621,1.284
2016,391659,TRANSIT,70.3,60.0,82.7,28.12,16.9,21.5,12.77,1.94,07:44,08:35,9.47,15.87,2.45,4290,0.991,377494,1.739
2020,763553,AUTO,88.9,88.9,123.0,7.88,10.61,18.04,3.61,0.52,10:09,11:36,35.58,20.56,2.04,7702,0.848,126604,3.511
2022,931152,MIXED,22.0,14.7,36.5,22.18,16.39,14.05,0.34,6.43,07:11,07:31,13.94,0.05,2.88,2436,1.778,460119,1.436
2017,345022,WALK,54.2,53.2,90.5,19.14,0.98,10.0,8.08,7.19,09:51,10:42,18.47,4.26,1.57,4500,2.348,332536,0.307
2021,867609,AUTO,86.9,77.8,110.7,21.28,5.4,16.4,15.09,4.58,07:21,08:42,28.25,20.34,1.74,7439,0.838,957830,4.39
2023,952667,BIKE,72.8,62.5,89.0,22.36,18.33,6.13,17.61,6.83,06:04,07:21,37.61,21.51,1.93,8000,1.621,1210351,0.865
2023,994499,BIKE,72.6,60.6,101.2,33.48,16.78,1.12,8.48,7.91,07:06,08:18,25.43,12.82,1.98,5911,1.376,1048912,2.821
2020,704505,TRANSIT,62.4,55.9,87.4,22.54,0.09,33.4,9.28,2.39,07:03,08:04,36.21,5.8,3.09,7191,0.768,1830893,2.439
2018,253580,TELEWORK,49.9,45.5,61.7,3.11,11.71,21.85,15.78,4.36,09:16,10:11,42.8,14.97,1.7,8000,0.828,1560605,1.492
2018,630816,WALK,80.5,79.7,110.0,19.19,10.74,25.44,9.54,6.38,09:06,10:21,11.9,5.08,1.11,3843,2.183,1143724,3.264
2020,170460,TRANSIT,16.7,8.1,52.3,27.11,0.1,18.88,7.1,3.59,08:03,08:32,43.68,23.9,2.99,8000,1.942,56531,1.488
2023,896781,CARPOOL,74.0,73.2,108.2,32.32,11.85,2.92,9.91,4.01,07:11,08:27,34.31,3.22,1.03,6415,2.051,2148172,0.293
2019,795891,CARPOOL,33.9,23.4,46.3,23.9,9.04,2.78,14.77,7.4,08:08,08:48,18.39,9.92,2.74,4737,0.755,2108276,3.465
2017,395902,AUTO,10.8,10.2,23.7,0.1,4.16,10.31,5.81,0.99,10:52,10:57,1.6,1.4,1.88,789,2.399,392563,3.196
2023,117695,BIKE,76.1,69.4,109.1,31.11,4.0,29.9,1.31,7.47,06:17,07:26,30.6,22.64,3.15,8000,2.364,1343638,4.217
2017,146983,WALK,28.4,19.7,45.5,2.58,5.81,24.18,17.72,11.47,06:12,06:43,8.57,14.73,1.96,3746,1.833,834167,0.31
2023,498698,CARPOOL,61.3,50.1,86.5,6.72,12.1,14.06,11.71,3.49,10:55,11:40,14.94,12.74,1.98,4802,2.012,2060352,2.362
2017,940407,AUTO,37.3,35.0,43.1,27.36,4.65,34.93,10.84,6.21,08:48,09:19,17.2,13.99,1.03,3971,1.722,1262171,3.67
2025,429992,OTHER,73.6,72.6,86.3,20.44,19.8,22.86,11.61,0.63,06:57,08:17,25.72,20.08,2.68,6810,1.837,2266599,1.797
2017,738619,AUTO,30.0,27.3,35.2,5.53,10.49,32.05,16.16,1.97,07:44,08:07,19.51,20.76,2.29,5234,1.097,775141,1.59
2019,271461,MIXED,29.2,26.7,54.9,2.44,7.67,14.14,13.07,2.19,07:46,08:12,16.89,21.81,1.88,5383,1.644,2433180,2.537
2016,870130,MIXED,32.1,26.4,40.5,6.05,15.71,2.27,11.1,9.41,06:34,06:58,40.16,22.56,1.52,7931,0.754,769680,3.515
2016,194566,OTHER,12.9,3.0,22.2,12.3,17.92,20.81,0.07,3.98,08:55,09:12,7.69,6.85,1.12,2829,1.907,2020348,3.901
2019,483928,TRANSIT,61.7,51.0,79.6,29.34,7.67,2.38,12.46,8.7,08:46,09:52,0.73,15.29,2.39,2762,1.504,1544440,1.561
2016,887282,TELEWORK,43.2,40.3,80.9,9.47,3.71,10.77,3.45,7.74,09:54,10:36,13.98,5.76,1.39,3798,1.292,698383,4.028
2019,351481,WALK,56.7,54.9,72.1,3.86,0.96,34.57,6.33,4.98,07:19,08:16,19.45,16.17,2.47,5929,1.211,2185138,1.4
2025,447872,MIXED,29.9,26.6,67.8,16.38,10.25,33.65,4.97,7.95,10:13,10:47,2.64,6.56,2.09,1720,2.03,1235061,3.05
2018,458304,CARPOOL,62.3,51.3,92.4,24.97,1.81,0.61,0.44,2.12,07:04,08:12,22.8,21.89,1.06,6332,2.349,1202833,4.348
2016,952094,WALK,85.7,84.8,123.3,27.68,16.13,15.6,15.4,6.63,06:19,07:33,33.42,8.25,1.88,7024,0.932,2437949,1.352
2024,567704,AUTO,88.8,78.1,125.4,16.43,14.8,18.0,0.76,10.66,10:00,11:27,34.29,13.51,2.68,7172,1.012,2196420,4.433
2020,215249,TRANSIT,67.7,58.2,73.3,28.71,0.65,21.96,1.91,11.83,06:07,07:14,24.91,15.17,1.09,5871,2.35,804744,2.374
2016,247593,OTHER,86.7,77.1,104.8,32.68,19.59,9.56,0.87,9.66,06:32,07:48,31.47,11.53,2.72,7408,1.901,2489358,0.23
2021,950665,BIKE,67.0,59.4,83.8,17.95,10.69,15.72,13.95,10.67,08:30,09:34,39.14,24.04,2.72,8000,1.129,146742,4.238
2025,716066,AUTO,48.7,41.9,72.2,32.78,9.49,18.43,13.87,0.9,09:34,10:08,41.14,2.7,1.23,6781,0.909,709574,0.637
2023,995842,OTHER,13.3,3.0,19.7,32.33,1.92,4.16,1.14,3.71,10:15,10:28,4.85,3.53,1.8,1671,1.07,2475675,3.589
2017,159237,MIXED,40.9,39.5,79.2,8.71,0.42,3.82,5.1,5.96,07:40,08:26,12.19,19.97,2.78,3970,1.317,2470871,3.561
2021,705988,MIXED,43.5,40.8,67.7,34.14,10.73,31.41,9.89,7.85,07:00,07:39,13.05,7.95,2.49,3942,1.635,2117198,0.795
2022,450422,AUTO,41.5,37.6,76.5,6.84,0.44,31.41,2.8,12.0,06:23,07:03,8.07,1.37,2.66,2914,1.546,391152,4.353
2023,520144,BIKE,76.0,74.2,81.7,25.72,8.84,21.26,5.51,0.65,10:27,11:35,36.1,12.59,2.67,8000,1.927,1036335,0.945
2025,969965,AUTO,8.2,3.8,24.1,32.17,19.38,22.97,6.15,8.25,10:04,10:10,16.52,6.05,3.18,3448,2.288,1154574,3.621
2021,124736,AUTO,50.3,47.3,64.7,2.71,5.03,33.07,12.59,6.72,10:46,11:25,34.03,3.72,1.73,5800,2.234,2268525,3.214
2022,537374,TRANSIT,83.6,76.7,114.5,4.73,4.23,7.4,6.51,9.54,07:58,09:31,27.92,18.89,2.93,6673,2.167,729424,3.386
2024,501759,CARPOOL,90.8,87.7,108.7,11.52,18.88,32.03,6.53,6.98,08:24,10:01,7.26,13.8,2.99,4667,0.889,971631,1.846
2018,677620,WALK,82.9,77.8,109.2,21.8,14.64,27.95,17.85,7.9,07:06,08:28,13.46,22.55,2.65,5181,1.4,2189327,2.18
2019,323898,BIKE,24.3,12.6,54.7,2.47,19.74,4.81,14.36,4.82,08:26,08:49,42.4,8.67,1.1,6946,1.957,512977,0.41
2024,261486,CARPOOL,31.7,23.8,59.7,31.47,5.7,29.6,14.92,2.35,07:06,07:40,33.24,4.47,1.44,5859,1.157,1492172,1.098
2023,680433,BIKE,55.3,43.7,60.5,13.11,8.94,23.21,9.01,3.35,10:31,11:31,11.45,17.52,1.13,4811,1.998,678098,2.168
2017,761299,TELEWORK,16.5,8.3,56.4,11.4,1.57,26.75,1.56,11.07,09:17,09:33,18.67,12.75,2.61,4470,1.687,758749,3.19
2022,813796,MIXED,25.9,20.0,61.5,23.95,13.45,20.15,14.13,6.65,08:17,08:50,10.25,19.57,1.67,3604,1.92,2157550,2.918
2021,262530,MIXED,65.1,62.7,95.1,4.43,18.98,13.48,7.15,10.58,07:43,08:48,12.53,6.18,2.94,3435,1.511,605003,0.868
2024,448340,TRANSIT,89.5,82.7,124.6,4.96,9.84,11.95,5.0,3.7,08:50,10:21,31.72,16.79,2.83,7643,1.174,30684,4.159
2024,726155,BIKE,84.9,81.5,110.3,20.87,12.57,19.88,13.47,11.22,08:24,09:53,42.0,11.35,2.88,8000,1.04,729666,2.917
2025,595481,TELEWORK,46.0,41.3,55.4,20.44,3.06,28.73,3.41,3.53,08:54,09:23,25.81,10.64,1.97,5402,0.904,602326,1.936
2020,148428,BIKE,79.9,72.6,112.3,20.07,15.31,9.28,4.38,11.03,10:53,12:18,7.0,7.56,1.15,3807,1.602,928624,3.15
2022,968090,TELEWORK,50.8,42.6,56.3,13.13,9.73,24.54,9.45,11.16,09:27,10:09,26.41,5.17,2.23,4679,0.91,185421,0.306
2024,446645,WALK,35.0,32.3,55.3,9.96,13.41,20.93,15.25,3.94,07:31,08:12,37.35,23.53,1.19,8000,1.699,91015,1.691
2020,322431,BIKE,19.6,19.1,50.7,12.75,12.17,0.61,13.19,8.44,09:58,10:19,44.9,11.67,2.39,7614,1.173,2403561,2.149
2020,278937,BIKE,36.3,29.3,60.5,6.35,12.4,21.42,15.15,3.39,09:02,09:44,22.4,10.03,1.21,5168,2.109,2472980,3.514
2018,337318,OTHER,81.1,70.9,91.3,34.0,11.25,13.56,0.91,1.62,06:25,07:45,6.24,18.1,1.27,4149,1.278,764735,2.067
2020,185642,TRANSIT,58.9,47.9,87.4,21.5,18.26,28.38,3.86,6.99,06:31,07:24,21.03,9.35,2.8,4554,1.768,10927,1.72
2019,898912,CARPOOL,91.8,85.4,113.5,24.54,1.06,4.77,0.51,7.31,07:48,09:21,43.33,7.39,3.03,8000,0.894,680066,3.976
2023,165401,TELEWORK,73.0,66.7,112.8,7.7,8.03,20.87,4.36,8.58,08:55,10:14,3.0,23.67,2.67,4427,2.378,724325,3.159
2018,345078,CARPOOL,60.5,51.4,96.3,6.04,12.02,24.81,5.59,3.59,06:16,07:14,25.02,16.89,2.32,6209,1.752,379628,2.638
2016,122486,CARPOOL,25.6,22.8,51.0,26.64,8.3,1.06,13.03,0.91,08:16,08:42,42.91,21.41,1.44,7596,1.331,1212152,4.389
2020,234191,TELEWORK,46.2,36.3,75.3,34.65,1.69,2.03,8.34,2.29,10:35,11:28,13.32,1.71,2.04,3324,1.984,808942,1.563
2023,971558,TELEWORK,73.9,62.5,93.0,11.23,16.1,25.63,12.82,6.92,06:04,07:19,14.64,23.07,1.39,5942,2.078,1128262,3.488
2016,880410,AUTO,15.1,8.1,21.9,27.53,11.97,33.35,17.04,4.26,09:38,09:50,17.85,17.68,1.79,3939,1.869,64295,3.931
2018,579936,TRANSIT,16.0,10.8,28.7,30.11,6.17,10.35,6.19,10.99,10:36,10:46,4.82,16.75,2.89,2307,2.365,339230,0.687
2022,419800,BIKE,88.2,86.4,110.0,15.43,8.05,28.16,8.16,4.95,07:31,08:58,24.41,24.41,1.51,7590,1.124,197466,4.19
2025,770645,MIXED,38.0,26.6,77.9,5.85,9.36,9.63,0.96,10.97,08:16,09:00,25.82,6.24,2.08,4686,0.964,1494753,2.349
2022,853175,TRANSIT,47.0,45.9,53.2,32.22,12.06,28.48,7.77,10.75,10:50,11:46,39.99,23.02,1.7,8000,1.846,161361,3.79
2016,449074,BIKE,36.1,32.7,47.9,9.51,10.61,21.27,7.11,7.23,09:19,09:57,13.03,5.4,1.44,3054,0.773,1762013,2.964
2024,236361,CARPOOL,76.8,69.2,104.1,9.11,11.5,25.37,5.0,4.42,10:54,12:10,14.65,21.24,1.6,5289,2.256,2198495,3.414
2025,827220,TELEWORK,13.7,9.3,31.8,32.97,4.2,15.57,7.48,7.25,10:27,10:43,25.29,22.44,1.06,5379,1.332,2161522,2.192
2020,458830,MIXED,23.4,17.3,34.1,17.63,12.48,8.66,9.67,10.75,10:04,10:19,35.76,21.01,2.49,7120,1.497,2126155,2.977
2017,413017,OTHER,53.7,45.8,82.3,5.2,8.48,31.11,11.91,8.18,08:00,09:15,43.99,13.7,2.9,8000,1.901,887202,3.407
2017,295429,AUTO,65.3,63.0,84.4,24.97,3.2,1.23,15.22,5.53,10:58,12:02,9.81,7.66,2.07,3669,1.758,1502517,1.905
2019,824106,MIXED,42.9,34.6,82.5,26.72,7.83,8.75,3.68,5.2,07:42,08:18,41.19,17.31,2.48,8000,1.743,1761933,0.559
2025,376649,AUTO,63.5,61.0,89.1,6.71,19.94,24.91,13.23,4.14,06:58,08:00,2.46,7.93,2.33,2981,1.775,1986694,3.355
2016,674694,OTHER,24.2,21.0,49.7,24.65,12.76,30.41,2.37,5.36,10:26,10:51,15.63,18.46,1.98,4267,1.537,1506051,2.138
2019,961760,WALK,79.3,77.5,100.7,30.65,3.92,17.68,6.38,4.28,07:45,09:00,13.33,5.75,2.14,4738,1.875,912556,1.62
2025,529069,TELEWORK,45.2,44.6,63.0,11.79,8.52,3.67,7.9,7.18,07:27,08:23,28.3,18.25,3.1,6312,2.091,850016,3.314
2019,555291,CARPOOL,73.5,66.4,87.0,27.51,16.65,19.63,6.41,10.76,09:46,10:51,43.02,9.11,1.03,7585,2.261,1386045,1.08
2021,100499,CARPOOL,44.9,37.6,62.9,12.78,19.74,30.44,11.56,5.15,10:58,11:51,7.28,18.01,2.65,3470,1.147,26741,3.284
2024,829526,TRANSIT,10.7,3.0,47.2,30.07,16.01,27.68,15.73,3.63,09:04,09:27,36.34,13.54,1.49,5813,1.77,1166536,4.308
2016,496782,MIXED,83.5,79.6,121.1,31.52,17.54,11.94,12.4,2.62,07:59,09:27,9.34,2.36,2.81,3759,2.099,90349,0.465
2021,378308,TRANSIT,48.5,42.2,54.2,1.03,16.84,10.5,4.04,2.12,06:35,07:21,29.03,24.86,1.61,6502,0.911,1131499,0.613
2024,390287,AUTO,82.0,75.0,106.9,31.76,11.07,1.86,4.18,9.0,10:50,12:05,28.02,24.76,1.68,8000,2.127,2449553,3.145
2017,258404,AUTO,46.0,41.9,78.8,21.74,16.22,15.23,16.72,6.74,09:02,09:52,36.52,6.83,2.5,6377,1.175,621439,0.644
2025,495249,WALK,21.3,9.8,60.1,34.0,17.97,1.86,15.96,11.58,08:18,08:37,13.87,7.37,1.94,3390,2.361,2489837,4.046
2016,770193,BIKE,80.7,69.6,88.9,3.39,5.94,33.36,0.7,1.04,10:31,11:51,42.45,15.43,2.89,8000,1.715,1813282,3.766
2017,851591,WALK,79.0,68.9,111.0,15.0,1.52,11.95,1.25,6.56,08:44,09:52,2.2,8.32,2.28,2591,0.959,109532,0.653
2019,500846,AUTO,41.6,30.6,58.9,30.69,8.26,13.84,16.45,5.19,08:22,09:08,26.32,20.77,2.42,6843,2.277,2391620,0.234
2020,891023,CARPOOL,84.0,72.9,107.9,29.66,4.0,20.89,9.56,4.23,09:24,10:42,27.19,4.03,2.99,5562,1.091,143702,1.428
2023,420666,AUTO,69.2,67.9,75.7,20.7,8.52,33.97,17.84,10.05,09:28,10:37,21.27,22.35,1.74,5821,2.298,867028,2.147
2019,886995,AUTO,20.3,10.0,59.1,11.38,19.53,12.44,5.41,3.21,06:56,07:14,33.61,8.31,3.01,6077,1.987,28093,0.487
2018,824162,CARPOOL,93.4,91.4,99.1,34.25,18.74,2.76,13.98,8.49,09:52,11:22,31.02,2.16,1.76,5871,2.397,1652943,3.758
2023,370175,TRANSIT,73.2,70.6,89.3,5.61,10.29,4.94,14.65,1.77,07:06,08:13,25.1,5.28,2.61,5118,2.241,1043012,4.345
2023,991527,MIXED,37.4,37.0,42.8,5.48,15.24,20.2,11.53,1.52,10:53,11:16,15.48,11.75,1.29,4506,0.872,1430087,4.098
2025,896348,WALK,68.5,63.5,77.9,29.66,15.33,34.39,8.93,1.27,10:47,11:45,0.81,5.19,2.09,2914,1.094,2162128,1.75
2020,282310,TELEWORK,66.7,61.2,86.8,23.51,8.89,24.32,10.49,10.46,07:57,08:51,21.75,24.02,1.94,6840,1.233,1581040,1.009
2025,987327,WALK,72.4,62.9,83.2,0.06,13.95,26.33,7.56,11.44,09:07,10:21,33.35,19.61,2.5,7803,2.293,2373064,3.925
2025,341632,TRANSIT,86.0,78.8,102.7,20.62,8.29,0.75,5.95,5.98,09:16,10:55,22.26,23.32,1.93,7439,1.921,27945,1.174
2019,392821,WALK,24.9,19.9,39.2,12.89,7.97,19.91,5.87,11.96,06:21,06:42,19.62,0.09,1.07,3183,2.302,1536737,0.162
2024,184221,BIKE,62.1,54.5,83.6,7.28,15.42,16.63,6.34,3.58,09:05,09:52,29.32,19.22,1.17,6513,2.343,226201,0.521
2025,976384,WALK,10.3,3.0,49.3,9.63,12.84,31.4,15.91,6.55,08:03,08:08,36.0,8.04,2.15,5570,1.635,901403,1.425
2021,432795,BIKE,31.3,20.8,43.3,24.49,0.33,16.68,0.2,4.24,08:50,09:16,34.13,13.05,2.56,5901,1.021,597251,3.14
2021,889679,AUTO,53.3,52.0,73.8,31.69,7.66,28.65,8.42,5.79,06:59,08:06,42.44,2.12,3.08,7455,1.942,2062936,1.825
2021,422782,WALK,72.7,71.3,77.8,32.17,16.69,27.28,15.94,2.91,07:56,09:07,41.61,1.28,3.01,6824,1.134,1184837,0.943
2017,699337,OTHER,47.1,35.8,84.6,12.97,15.76,14.06,1.47,11.91,08:50,09:42,3.9,18.36,1.58,3176,2.148,754150,2.085
2024,646363,TELEWORK,10.2,9.8,39.5,4.23,12.86,21.14,7.06,9.17,06:38,06:43,15.63,13.72,2.26,3775,1.485,1553760,1.569
2021,554031,BIKE,85.1,84.8,103.5,11.01,17.68,2.25,17.81,0.14,08:35,10:04,4.25,15.11,2.07,3487,2.161,377820,1.704
2021,584871,TELEWORK,23.3,14.7,38.3,5.41,1.63,21.09,13.32,4.7,10:21,10:57,42.08,16.27,2.72,7469,2.352,807170,1.834
2017,612632,TRANSIT,43.6,42.9,64.5,20.77,13.91,19.16,4.32,11.42,07:52,08:39,24.97,13.13,2.6,6015,1.919,2368511,2.891
2024,947148,WALK,63.8,56.2,75.0,7.57,18.6,3.72,12.75,1.46,06:32,07:41,27.73,0.12,2.44,5511,2.244,2123575,3.626
2018,888078,WALK,94.3,92.0,107.2,17.42,14.92,23.73,12.75,6.32,10:21,11:53,37.61,13.87,1.71,8000,1.257,1906406,2.139
2023,284141,MIXED,16.9,12.4,36.6,9.12,7.14,0.17,15.23,10.55,06:17,06:45,32.32,12.78,3.02,5378,1.826,1434606,3.91
2016,280717,TELEWORK,46.9,35.5,86.3,28.13,2.06,31.29,3.41,1.25,10:44,11:26,31.66,19.87,2.27,7194,1.024,2047904,3.923
2020,773265,TELEWORK,14.3,8.4,37.5,7.91,5.31,17.61,6.09,5.9,07:21,07:34,23.17,12.83,1.46,4540,1.988,446441,3.678
2016,994831,WALK,89.6,80.1,108.4,20.68,18.79,23.61,3.88,8.36,10:12,11:37,1.62,0.37,1.06,3040,0.864,2003888,3.899
2022,207815,TELEWORK,32.0,30.2,57.2,11.61,5.53,5.72,16.12,1.55,09:23,09:57,6.49,5.87,2.71,2740,1.073,483710,0.2
2016,403563,TELEWORK,46.1,43.7,58.6,6.69,8.62,20.58,16.43,6.44,10:16,10:53,15.76,13.35,2.53,4624,1.93,2342044,1.095
2020,548899,CARPOOL,46.4,36.9,75.8,33.65,19.48,24.61,6.26,7.22,10:43,11:16,3.54,20.19,1.18,3057,1.301,365786,1.544
2021,929479,BIKE,56.7,54.2,81.2,31.34,17.67,4.52,17.94,4.41,10:38,11:41,8.85,17.47,2.67,4362,2.054,1233229,3.248
2016,954869,BIKE,91.6,91.3,96.7,30.1,13.93,3.91,9.54,11.47,07:10,08:40,31.18,11.64,1.91,6877,1.303,412361,1.02
2022,574978,TRANSIT,28.8,28.0,60.9,1.07,17.35,6.11,12.91,6.79,09:32,10:01,25.36,10.81,2.91,5309,1.77,641271,3.008
2016,441939,BIKE,40.6,31.0,75.8,14.94,6.35,26.6,12.76,3.08,08:46,09:28,30.92,5.91,1.77,5928,1.484,1662017,1.642
2025,434569,TRANSIT,66.1,56.0,97.1,19.29,4.19,18.89,7.85,5.5,06:53,08:03,39.32,16.58,1.92,7764,0.895,1087689,4.393
2025,365276,TRANSIT,80.1,70.1,110.5,31.18,9.72,9.9,15.23,1.5,09:56,11:20,2.4,13.84,2.93,3925,1.028,309657,1.727
2024,272531,BIKE,8.6,3.0,18.7,32.89,11.82,1.53,5.26,2.95,07:15,07:20,28.13,14.66,1.7,5452,1.061,2133088,3.149
2016,966903,TELEWORK,28.0,26.1,62.6,13.74,14.45,26.71,17.32,8.16,10:54,11:31,43.04,24.41,2.17,8000,1.252,761465,3.205
2018,673412,TRANSIT,74.2,72.8,87.4,8.74,5.02,20.54,8.03,3.71,06:30,07:37,33.76,23.12,2.8,7555,2.378,1520560,3.651
2025,230741,AUTO,33.3,33.2,52.7,31.15,4.52,26.02,9.04,9.05,09:44,10:12,15.92,3.28,3.13,3301,1.719,2302050,3.823
2017,145143,BIKE,27.1,25.5,59.2,16.02,15.26,27.02,5.9,0.95,09:24,09:51,27.74,14.15,2.12,5547,1.872,1548296,1.357
2022,337054,MIXED,63.1,58.2,91.5,24.55,3.86,34.41,11.45,5.49,08:54,09:44,35.22,1.36,1.1,6657,2.319,511251,0.511
2022,967420,BIKE,39.9,33.3,65.6,17.15,1.37,7.57,16.54,2.43,06:38,07:15,12.96,22.86,1.54,4701,2.107,122195,2.962
2025,383663,BIKE,49.9,48.4,62.9,17.66,10.49,9.58,7.66,11.06,07:21,08:19,14.44,0.65,1.83,3585,1.542,1292306,0.979
2019,317070,TELEWORK,8.7,4.1,23.4,28.33,12.72,18.26,13.32,7.21,09:00,09:16,19.44,13.64,1.88,4695,1.146,1207604,1.009
2021,302487,BIKE,53.3,42.2,60.0,18.62,5.96,2.41,15.91,3.18,09:08,10:02,35.62,0.77,2.36,6327,1.998,273612,0.17
2023,859543,BIKE,30.0,26.8,44.5,26.82,5.0,31.25,3.57,2.72,07:04,07:22,25.66,8.57,2.64,5164,0.835,1502083,2.054
2020,591624,AUTO,46.2,37.8,55.7,23.77,15.4,4.74,5.11,11.25,09:06,09:44,22.84,20.22,2.33,5283,1.226,272634,3.286
2024,531871,MIXED,10.4,4.7,27.5,14.05,7.24,25.14,7.13,11.75,10:44,11:01,36.89,7.21,2.18,6090,1.265,735490,0.858
2021,298352,AUTO,9.7,3.0,34.9,9.94,9.43,27.68,12.59,6.42,06:00,06:05,5.53,16.01,1.49,2827,1.129,51176,1.683
2024,485207,BIKE,16.2,12.8,38.6,27.16,19.36,0.55,7.6,9.0,09:19,09:38,9.4,9.73,1.84,2776,2.068,747793,4.179
2024,614647,TRANSIT,82.4,79.1,117.7,10.93,0.14,6.92,6.96,11.45,06:42,07:58,7.04,22.47,1.68,4961,1.678,1260981,1.885
2020,752939,AUTO,68.9,63.8,99.3,28.87,1.21,24.04,10.83,1.59,07:56,09:07,32.57,16.89,2.86,7161,1.789,975028,1.288
2016,762205,MIXED,18.5,10.8,56.1,12.94,5.11,16.95,2.29,11.91,06:21,06:33,15.59,8.45,2.53,3551,1.627,1720819,3.064
2017,866321,MIXED,76.6,74.8,106.7,2.65,18.57,23.57,14.86,4.96,07:37,08:46,33.64,12.01,3.08,6922,1.666,944002,4.056
2016,877620,TRANSIT,29.4,24.2,48.4,0.88,9.13,4.89,7.46,11.81,08:31,08:52,7.95,8.49,1.46,2847,1.24,591813,3.197
2021,596302,WALK,87.0,82.8,118.6,28.04,5.33,3.57,10.8,10.03,07:41,09:10,17.19,17.67,1.17,5347,2.124,164919,1.304
2023,986146,BIKE,91.1,87.8,112.5,34.57,13.61,26.98,6.78,10.71,08:31,10:11,18.82,3.32,3.08,4840,2.188,1480466,0.724
2020,363043,MIXED,84.4,74.8,104.3,5.13,10.93,2.2,11.24,1.19,08:06,09:31,26.5,6.27,2.38,5471,1.958,1094856,0.674
2023,136783,MIXED,12.8,3.9,20.7,13.16,5.61,3.04,6.86,6.71,07:30,07:35,0.51,7.38,1.61,1155,1.551,1146740,2.387
2024,571824,TELEWORK,63.0,51.4,83.2,19.53,16.83,23.16,12.26,10.97,07:45,08:49,8.11,14.19,2.6,3574,2.17,1714395,0.54
2017,863647,TELEWORK,93.9,90.0,132.8,25.05,9.58,7.73,9.14,7.06,07:34,09:09,24.26,20.7,2.55,6981,1.374,671699,0.753
2016,241091,TELEWORK,68.5,58.3,77.5,13.08,1.67,7.73,15.2,0.14,09:56,11:03,13.2,10.85,2.92,4595,1.296,1476759,2.508
2021,744778,BIKE,31.4,21.0,54.5,24.46,9.6,33.98,14.36,5.74,07:19,07:44,42.78,9.49,2.92,6545,1.168,2259531,2.82
2023,929322,MIXED,24.2,14.8,61.3,28.98,0.09,9.37,10.54,10.06,07:01,07:31,24.93,17.17,2.22,5004,0.779,110343,3.396
2018,397355,CARPOOL,46.2,38.7,57.4,17.5,3.63,17.84,4.64,8.78,06:07,06:40,39.95,14.81,1.0,7770,1.73,1574699,3.97
2023,762164,WALK,68.0,62.4,88.5,14.78,12.21,1.82,7.28,5.83,07:45,09:00,28.99,11.41,1.38,6399,0.777,2126169,3.799
2022,437886,AUTO,58.1,46.1,85.4,21.6,6.74,30.25,16.51,10.69,09:55,10:43,13.95,21.33,2.1,5476,1.754,863103,1.946
2017,650941,TRANSIT,24.7,20.6,42.9,23.34,12.2,25.2,17.01,6.02,06:34,07:13,33.5,12.29,2.46,5811,0.819,353105,2.921
2017,837503,CARPOOL,77.4,71.5,95.8,33.68,0.01,10.89,2.53,10.28,09:01,10:21,31.14,0.01,1.75,5412,1.486,979956,2.408
2017,646904,BIKE,9.2,5.8,25.4,9.33,7.47,32.29,14.83,8.83,08:39,08:44,16.96,5.62,2.35,3314,1.716,733947,0.354
2018,815720,TRANSIT,60.8,57.4,85.7,0.64,14.31,0.25,11.58,7.84,06:55,08:00,1.78,22.59,1.58,4028,1.66,2024891,2.553
2017,258879,WALK,77.9,69.5,114.3,12.07,8.16,6.81,15.94,10.04,10:52,12:17,31.29,0.76,1.22,6495,1.058,1233052,3.779
2024,192826,TELEWORK,50.0,48.8,83.2,16.24,5.63,25.18,10.74,8.54,10:37,11:19,38.53,8.74,2.02,7043,0.939,1711132,4.326
2021,910323,OTHER,71.3,68.1,84.4,25.31,19.69,19.5,12.02,1.75,08:19,09:18,12.12,4.6,2.28,3562,2.31,1030615,1.289
2024,507172,AUTO,21.5,14.4,31.9,32.86,12.72,29.3,13.55,0.13,10:05,10:20,16.03,4.61,2.05,2737,1.552,26384,0.341
2019,362826,CARPOOL,41.7,31.6,69.1,27.18,15.74,9.26,1.2,0.69,06:33,07:20,22.43,0.71,2.14,4360,2.018,1195316,3.335
2023,603288,OTHER,82.1,78.5,94.5,32.45,10.9,33.06,6.13,0.58,08:33,09:59,14.8,24.09,2.81,6508,1.472,1657179,0.354
2018,719053,AUTO,88.4,80.7,97.9,32.47,14.46,21.94,5.98,8.63,10:55,12:30,29.55,18.8,2.68,7813,0.805,1969308,1.601
2025,387551,TRANSIT,45.4,43.4,71.3,12.46,0.68,0.01,17.1,5.8,09:11,09:50,19.69,4.38,2.8,4382,2.161,1674139,3.323
2025,548152,TELEWORK,92.9,87.1,128.3,15.09,19.99,15.04,5.17,4.48,07:14,08:48,17.66,12.19,3.03,5246,1.0,2201562,1.726
2018,673218,TRANSIT,49.9,47.9,81.0,21.37,3.78,12.52,3.17,1.73,07:57,08:51,6.04,2.3,1.42,2659,1.638,1189055,3.022
2023,774415,OTHER,11.0,3.0,47.6,26.75,14.57,28.67,11.47,4.26,06:49,07:05,17.7,3.06,1.1,2913,2.368,1693284,2.717
2019,259280,AUTO,49.6,38.1,82.3,33.86,2.01,1.62,15.64,6.8,07:50,08:46,41.57,3.56,2.76,6835,0.814,2365723,2.667
2025,611355,TELEWORK,12.9,7.9,51.7,6.15,17.81,9.29,1.95,1.04,08:53,09:11,38.96,3.62,2.88,5335,1.787,622467,2.276
2021,283477,TELEWORK,92.2,83.7,108.6,33.72,5.68,23.63,7.61,5.43,09:19,10:55,36.18,9.24,2.03,6971,1.613,522068,1.188
2021,799220,BIKE,37.4,35.3,58.9,33.8,11.26,12.47,16.98,8.27,09:49,10:27,13.06,4.53,1.26,3018,1.909,1863744,0.439
2016,967040,CARPOOL,83.4,72.6,112.5,11.11,17.07,27.6,7.51,4.0,08:10,09:37,33.37,1.13,2.22,6708,2.377,1413458,4.231
2021,429390,AUTO,13.7,9.3,34.1,1.31,15.92,10.91,12.8,4.69,07:58,08:09,2.62,10.3,2.8,2222,1.598,1521264,3.457
2023,939108,WALK,67.6,64.4,79.0,25.62,9.26,10.29,8.45,7.89,06:46,07:58,19.04,11.38,1.06,5381,1.543,293487,0.241
2019,456987,CARPOOL,18.4,16.7,45.7,11.44,9.18,13.28,2.72,9.68,06:37,06:48,22.47,16.46,1.31,4761,0.939,1967689,2.708
2025,241595,TRANSIT,82.2,77.4,121.1,34.92,0.39,9.28,15.9,1.96,06:25,07:41,30.01,6.86,1.15,6709,1.542,325333,4.403
2023,511064,MIXED,58.0,49.5,87.4,18.57,10.01,7.82,14.44,2.33,09:19,10:08,31.09,9.51,2.21,6342,1.28,1906892,1.303
2016,996261,AUTO,57.0,46.1,86.7,14.07,8.25,24.05,17.89,5.91,08:15,09:09,4.46,17.86,2.02,3837,2.044,1456107,2.182
2017,396513,MIXED,36.6,34.6,58.7,5.13,9.5,0.03,15.93,7.34,09:00,09:31,19.04,7.55,1.67,4817,1.158,308824,4.241
2022,760138,CARPOOL,92.1,81.9,122.4,8.28,10.47,33.44,12.21,1.15,09:40,11:06,27.35,7.13,2.34,6830,1.865,2215468,0.979
2020,572034,CARPOOL,82.3,76.4,118.7,28.19,4.49,18.39,13.55,10.5,09:15,10:47,24.35,16.96,1.29,6344,1.07,2338034,4.335
2023,107324,TRANSIT,90.5,87.9,116.3,8.04,11.7,30.07,8.23,1.13,07:07,08:33,19.45,23.47,2.7,7085,1.54,35981,2.899
2019,807271,CARPOOL,60.9,57.3,78.7,23.15,13.35,21.87,17.74,0.13,09:02,09:55,24.18,13.28,2.23,6070,0.808,2107326,2.317
2019,226823,CARPOOL,41.0,33.7,59.7,10.57,10.75,11.2,6.51,1.2,07:08,07:42,1.61,5.81,1.5,1662,2.375,689088,2.58
2024,391476,TRANSIT,45.7,35.2,80.3,23.09,14.11,23.27,9.8,5.32,10:40,11:27,22.28,0.51,2.55,4725,2.08,2427253,4.477
2022,642776,CARPOOL,32.5,29.1,71.8,12.32,3.66,32.6,16.24,5.97,07:54,08:27,28.71,19.87,2.45,6428,0.852,1600238,2.162
2019,170509,AUTO,64.9,56.7,87.9,26.63,12.81,18.02,17.06,2.05,07:15,08:18,6.13,3.24,1.66,3095,1.328,839404,1.537
2021,814018,BIKE,37.1,34.8,59.9,9.76,13.74,4.37,14.27,2.76,08:44,09:11,32.88,16.18,2.25,6620,0.893,2035158,1.49
2022,403307,TRANSIT,29.1,28.7,40.6,18.1,18.83,21.27,8.02,3.73,08:43,09:17,25.82,9.99,2.16,5609,2.163,434274,2.525
2022,703861,AUTO,41.3,35.6,63.7,4.55,6.38,16.04,4.43,11.41,09:10,09:46,5.99,21.35,1.2,3793,2.393,545179,4.291
2017,852466,CARPOOL,40.0,33.7,66.1,28.4,6.96,23.07,0.12,3.04,07:27,08:00,31.79,16.21,2.02,5992,1.614,1555175,3.857
2024,573382,WALK,83.6,81.5,107.3,1.3,9.08,23.62,10.16,4.43,06:15,07:48,37.19,23.99,1.05,8000,1.59,594806,0.195
2021,830411,CARPOOL,88.2,83.6,118.1,10.09,15.91,2.05,17.06,8.1,08:51,10:27,15.58,15.64,1.94,5799,1.96,2335473,3.739
2019,489592,AUTO,21.6,18.7,28.4,1.38,8.22,2.33,17.02,10.17,07:23,08:03,42.39,24.95,2.35,8000,1.213,2126092,3.134
2020,122762,TRANSIT,8.4,5.2,17.7,28.91,11.38,24.75,14.66,1.34,10:38,10:46,34.94,12.81,3.06,6297,1.587,792493,2.086
2023,672460,WALK,50.8,45.6,66.9,3.82,2.47,17.01,6.5,3.76,08:18,09:09,19.69,2.96,2.51,4090,1.749,23777,4.345
2017,718476,TRANSIT,59.0,57.5,81.2,33.86,3.47,34.79,1.64,7.58,09:43,10:28,42.28,22.91,1.9,8000,1.761,740149,1.454
2020,629836,TRANSIT,16.1,15.4,48.4,33.88,6.51,4.77,16.59,6.03,09:56,10:23,14.21,15.55,1.45,4091,1.979,1941811,1.255
2017,496797,OTHER,9.3,8.8,16.2,30.19,13.46,24.49,6.48,4.24,09:27,09:33,17.18,6.74,1.49,3395,0.996,630749,3.831
2018,729438,WALK,8.8,3.0,31.2,10.45,11.57,20.4,9.92,4.95,07:16,07:28,7.64,17.27,1.72,2500,1.808,1924623,1.449
2022,286820,WALK,63.9,57.8,93.6,22.48,15.23,21.53,12.81,6.27,06:20,07:26,27.49,9.84,1.21,5828,1.666,1340631,3.312
2019,971637,CARPOOL,45.3,42.1,83.8,31.58,6.61,34.44,7.6,6.3,09:11,09:55,22.84,15.32,3.1,5946,2.269,947674,4.002
2020,398990,TELEWORK,55.6,49.6,60.6,24.56,16.71,29.0,11.62,10.18,07:17,07:44,8.48,14.08,1.63,3863,0.824,557862,1.575
2020,855083,WALK,72.0,62.8,81.5,9.6,0.38,19.1,0.81,1.74,08:17,09:21,23.8,5.54,1.16,5273,1.39,706144,0.701
2023,616253,BIKE,49.5,47.5,59.9,33.7,6.02,0.89,2.77,7.84,06:25,07:25,16.52,4.22,2.59,4427,2.108,984282,4.4
2024,744398,TELEWORK,37.4,27.4,63.4,11.73,19.64,15.57,2.8,1.08,07:50,08:29,23.86,2.53,1.63,4287,2.267,2416856,2.709
2021,549806,TRANSIT,42.7,38.8,76.0,1.53,4.5,22.28,6.43,5.46,08:33,09:17,25.13,2.78,1.87,4163,2.135,1451881,1.102
2020,837624,TRANSIT,72.3,69.3,88.5,18.93,14.7,8.01,1.54,2.58,08:00,09:13,8.54,21.32,1.98,4858,1.099,155114,2.496
2016,333943,CARPOOL,15.9,15.3,41.1,10.21,12.27,4.55,17.7,9.58,06:57,07:02,7.34,1.63,1.81,2391,1.606,1235226,0.586
2023,875410,MIXED,28.5,27.7,38.1,32.07,18.16,26.0,9.54,7.67,08:10,08:31,32.12,2.69,1.28,5815,0.939,1143656,2.041
2018,540193,TRANSIT,51.0,43.3,59.9,33.35,18.09,12.38,5.22,11.72,10:16,11:19,9.2,14.78,2.52,3845,1.417,1044902,2.126
2016,795200,BIKE,47.1,42.2,84.7,5.2,1.25,3.01,2.75,11.51,08:33,08:53,8.83,0.45,1.63,3132,1.161,120709,2.832
2023,629717,AUTO,94.2,92.6,132.9,24.61,0.26,8.5,15.22,2.32,09:22,10:44,31.19,3.63,3.09,6011,2.382,896622,2.956
2021,958459,AUTO,47.8,43.0,83.3,7.55,1.93,9.67,10.01,5.48,10:03,10:40,16.85,1.25,2.99,3385,1.301,1522920,1.512
2019,403656,TRANSIT,39.9,34.6,79.8,4.18,14.25,1.79,7.85,11.44,08:51,09:22,31.5,20.55,3.08,6845,1.658,434801,1.062
2025,406552,BIKE,77.8,71.1,86.7,29.85,16.01,23.53,0.74,6.78,06:32,07:40,25.66,17.72,2.7,6102,1.804,1372139,1.984
2025,712658,BIKE,45.5,43.6,59.7,32.84,4.76,32.46,7.12,1.23,07:34,08:11,0.34,15.47,2.71,3211,2.3,1406876,2.858
2018,302021,TRANSIT,45.3,42.5,51.2,27.59,4.23,33.57,9.87,10.28,10:50,11:31,18.11,17.03,2.66,5468,1.99,1210240,2.638
2020,601962,MIXED,30.7,29.6,37.6,13.98,2.66,32.01,7.85,9.13,08:31,09:07,21.93,14.67,1.58,5473,0.759,1133480,2.202
2016,358287,AUTO,30.5,20.6,45.8,20.53,17.6,34.35,3.69,7.97,06:19,06:47,36.95,7.6,1.84,6770,1.528,625511,2.82
2021,568069,BIKE,64.4,59.3,73.0,30.61,5.0,31.4,5.35,10.36,06:50,07:54,10.14,23.7,2.85,5310,0.892,1827579,3.722
2018,532580,WALK,67.4,55.6,78.6,30.22,10.66,7.02,16.27,10.64,08:26,09:26,38.23,22.66,1.9,8000,2.39,1993084,1.768
2016,824489,WALK,65.7,54.8,100.4,11.83,19.72,2.83,0.25,1.37,06:27,07:32,37.74,14.05,1.58,7601,1.856,2497172,1.395
2021,175713,AUTO,33.8,24.4,43.2,33.29,17.95,12.59,8.61,11.42,06:56,07:22,22.41,11.26,2.64,4498,1.214,2075277,1.238
2018,667774,WALK,70.0,63.1,96.6,3.79,17.94,5.68,4.49,4.72,07:17,08:26,25.32,15.01,2.37,6227,1.097,1543105,2.572
2021,107634,TELEWORK,14.1,7.5,27.7,34.81,19.22,22.31,11.94,3.8,08:49,08:57,20.88,3.74,3.11,3649,1.363,1968899,1.607
2021,200398,WALK,50.5,47.6,77.5,22.91,4.25,28.8,5.43,10.18,10:52,11:35,18.39,21.84,3.14,5169,2.217,1119128,2.953
2024,547188,MIXED,86.0,76.8,103.3,25.92,8.87,9.67,15.7,2.44,08:57,10:36,7.07,9.1,2.23,4433,1.186,217896,4.375
2022,289010,BIKE,41.0,39.9,70.5,9.95,13.07,29.4,12.52,3.1,07:58,08:47,41.94,7.26,3.13,6444,2.003,1683788,2.614
2019,199243,MIXED,40.5,29.8,53.1,0.23,13.14,8.39,12.63,6.96,08:08,08:44,3.4,2.72,1.93,2424,1.233,399754,1.802
2023,167601,AUTO,34.4,32.5,57.7,22.46,6.56,28.21,2.49,3.13,06:52,07:18,15.47,21.26,2.64,5433,0.775,1683751,4.354
2019,375803,AUTO,46.5,46.0,71.7,12.03,11.06,9.62,11.36,0.59,06:01,07:06,12.73,21.8,2.9,5151,1.752,484195,0.833
2019,935834,AUTO,70.4,66.1,98.6,13.37,5.5,4.27,10.22,6.55,09:21,10:29,26.78,9.83,1.67,6484,1.578,365511,1.036
2025,834711,MIXED,46.1,38.9,70.0,22.2,11.74,30.81,12.52,1.83,07:42,08:20,11.94,20.49,2.8,4389,1.591,186682,3.447
2025,217907,MIXED,43.6,39.1,75.5,24.85,11.65,19.4,7.79,11.94,08:13,09:01,9.77,22.99,2.09,4596,2.33,144972,1.702
2020,758384,MIXED,14.9,10.2,40.5,5.23,5.43,24.63,4.96,1.58,08:57,09:10,26.98,4.17,2.91,4603,1.028,1933318,1.49
2021,287984,MIXED,78.0,68.7,90.6,22.69,4.21,14.34,0.94,0.3,09:46,11:04,36.18,9.19,2.25,6895,1.043,1379531,3.452
2022,153866,AUTO,36.7,24.9,64.3,30.86,10.06,10.66,12.98,9.87,08:46,09:20,21.56,11.47,2.05,4856,1.051,1788759,2.51
2016,604532,TELEWORK,83.0,72.1,119.7,13.14,12.43,27.7,10.74,9.48,09:50,11:03,29.1,7.73,2.27,5809,2.171,182547,0.754
2025,168364,MIXED,77.4,72.6,110.1,32.31,1.74,8.47,5.96,3.1,07:28,08:53,10.43,14.05,1.94,4343,2.098,2419375,0.494
2022,985392,TRANSIT,92.9,86.3,116.8,1.49,6.56,18.29,17.94,6.39,07:43,09:08,13.94,23.65,1.81,6086,1.418,1932352,1.717
2016,940916,BIKE,19.1,18.3,27.3,9.3,12.98,20.92,3.56,10.25,08:10,08:19,20.56,17.58,1.2,4340,1.204,98470,2.135
2025,902607,AUTO,50.2,49.6,72.7,7.4,7.28,19.84,4.42,3.41,09:32,10:14,30.5,20.17,1.04,7000,1.111,359208,1.126
2017,829139,WALK,45.2,36.6,63.9,25.68,14.22,7.7,8.57,4.11,09:30,10:13,6.58,15.05,1.05,3552,1.262,908807,1.558
2017,232500,TELEWORK,51.9,48.1,84.8,27.1,5.6,14.93,1.52,4.3,06:43,07:29,41.34,8.73,2.82,7251,1.246,2186226,2.46
2024,238414,AUTO,50.6,39.1,83.3,30.85,11.3,10.03,3.12,5.22,09:50,10:50,17.09,18.61,1.4,5603,1.575,2174081,1.331
2025,211438,CARPOOL,21.7,14.5,54.1,18.82,13.37,31.03,1.88,1.21,09:50,10:15,1.8,5.79,2.7,1813,0.881,2424166,2.701
2017,615880,BIKE,44.5,41.7,74.1,7.39,0.61,31.11,6.67,5.23,07:25,07:57,3.68,22.8,2.24,3863,1.331,2398533,2.603
2020,696372,BIKE,79.2,68.5,87.5,32.5,4.0,16.99,4.31,10.9,09:35,11:02,26.55,11.97,1.12,6163,1.358,1223904,3.244
2020,205585,WALK,25.3,15.9,49.7,26.15,13.2,3.52,12.48,1.1,08:49,09:09,16.67,4.82,2.27,3513,1.843,1248395,0.588
2017,766306,AUTO,92.9,81.4,111.2,26.91,5.84,8.13,12.57,1.54,07:34,08:59,44.31,0.21,1.9,7646,1.878,1115488,0.873
2023,318238,MIXED,54.1,52.5,85.7,11.64,9.11,6.08,16.05,0.62,06:01,07:00,39.32,21.6,3.01,8000,1.159,1492873,0.421
2023,736422,TELEWORK,93.9,89.9,115.6,8.93,2.38,12.61,2.71,8.73,08:39,10:00,13.38,22.79,2.32,6265,1.75,111780,3.907
2018,536709,TELEWORK,11.4,3.0,29.1,9.99,12.26,1.11,7.23,4.8,08:27,08:42,10.56,19.41,1.25,3371,1.906,1432653,3.363
2017,657922,MIXED,9.0,6.5,20.7,27.57,15.33,30.49,11.62,5.21,06:25,06:30,31.18,12.7,1.09,5649,1.361,1338881,3.582
2021,718671,BIKE,15.6,7.9,49.4,5.41,2.15,27.69,9.73,11.98,07:12,07:21,9.83,23.12,1.16,4510,2.102,1515174,0.492
2020,828752,TELEWORK,45.1,37.5,67.9,7.34,8.88,9.54,14.97,1.44,08:15,08:59,32.6,8.63,1.93,6504,2.016,290517,1.207
2017,244216,AUTO,60.3,55.1,74.0,33.74,13.57,12.68,14.63,0.12,06:37,07:39,35.49,0.73,2.03,5671,2.181,2126184,1.718
2025,212360,OTHER,91.1,89.8,110.8,24.11,13.99,1.08,0.27,0.36,06:30,07:43,41.49,6.32,2.61,7802,1.881,775144,3.517
2016,164526,CARPOOL,71.2,68.3,106.7,1.34,0.73,21.35,17.24,9.16,10:25,11:43,20.07,8.76,2.13,5378,1.237,2040439,2.133
2019,572405,AUTO,51.2,47.8,61.5,0.72,1.04,11.99,17.99,6.23,07:51,08:48,12.81,10.34,2.58,3846,2.1,1411409,0.811
2018,564859,TRANSIT,10.8,3.0,46.4,9.84,14.28,24.0,16.47,1.17,10:08,10:13,6.56,23.27,2.43,3777,2.281,898415,0.16
2023,657675,TELEWORK,78.3,68.7,96.0,13.73,0.74,0.85,4.59,4.14,09:00,10:19,8.71,20.47,1.66,4261,2.276,138494,1.816
2018,995494,WALK,83.8,72.2,101.0,29.25,18.53,20.45,3.83,10.82,07:30,08:51,11.18,8.45,1.21,4609,1.17,162042,2.281
2024,751302,MIXED,15.7,6.7,37.2,31.51,9.75,0.85,16.1,0.99,06:56,07:19,10.39,12.7,2.01,3637,1.047,477184,3.049
2019,937017,AUTO,63.7,60.9,83.3,24.14,10.99,1.59,11.46,10.39,10:07,11:21,35.74,3.15,2.95,6927,2.183,672009,2.392
2020,357684,BIKE,24.8,18.1,46.0,7.19,4.05,31.04,0.53,10.29,09:31,09:44,26.14,12.96,1.46,5207,1.372,74456,1.083
2019,167625,MIXED,60.7,58.8,76.5,28.13,2.68,18.45,15.32,11.68,08:55,09:58,26.08,0.15,3.11,4933,1.614,1081393,3.091
2023,209647,AUTO,62.4,51.1,77.2,18.08,15.59,3.96,0.19,7.95,07:18,08:23,8.95,12.61,1.74,4118,1.78,1155897,1.765
2022,844703,TRANSIT,30.2,28.9,69.3,25.87,2.63,14.74,8.14,3.62,07:56,08:17,28.22,10.42,1.6,4999,2.367,1708222,1.825
2024,153086,TELEWORK,35.2,29.3,69.5,9.5,5.45,30.99,4.38,10.64,09:07,09:36,2.05,2.31,2.82,1195,1.977,1611439,1.823
2016,520948,TRANSIT,66.9,60.6,94.0,6.78,8.07,11.08,17.64,3.45,08:31,09:44,9.35,0.76,2.93,3100,1.138,57855,2.221
2016,459130,TELEWORK,82.0,80.3,104.9,19.82,7.42,1.34,0.74,11.84,06:39,07:54,24.07,21.31,2.32,7060,2.278,618150,1.821
2020,479088,CARPOOL,72.3,65.8,99.4,27.98,8.02,13.81,5.56,1.3,07:55,09:04,11.98,22.95,2.17,5534,1.605,544831,3.871
2017,402488,AUTO,90.6,89.4,130.0,29.42,2.23,34.71,7.06,0.84,10:24,12:00,41.51,17.92,2.94,8000,1.528,1756913,1.114
2018,624616,OTHER,28.5,18.6,41.9,2.78,7.35,20.13,2.5,10.04,08:19,08:45,13.57,14.54,1.1,4088,1.637,209010,3.916
2021,466174,AUTO,16.8,12.7,40.8,31.92,7.2,34.41,14.35,3.51,07:50,08:03,38.2,20.89,1.41,6846,1.402,195741,1.962
2016,862008,MIXED,10.9,10.2,21.4,11.24,6.48,29.56,16.7,5.25,06:30,06:40,13.3,14.66,1.43,3505,0.986,2330102,2.223
2019,753791,TELEWORK,56.6,51.2,72.6,30.06,3.88,6.0,12.61,2.56,06:35,07:40,26.78,13.33,2.89,5874,1.1,2334167,0.7
2018,151816,AUTO,66.4,64.9,84.8,28.47,6.05,20.64,1.34,8.17,06:26,07:26,33.21,14.58,1.61,6895,0.799,402638,0.706
2017,356655,WALK,61.7,55.0,76.2,29.83,7.99,28.74,11.21,2.82,08:04,09:03,31.49,7.33,1.42,5791,1.734,2146006,2.269
2024,282258,TELEWORK,13.9,3.5,43.3,17.68,11.18,31.18,14.9,5.5,10:57,11:10,41.0,18.39,3.03,7063,1.582,2223224,3.092
2024,247461,BIKE,68.6,65.1,80.1,22.6,17.48,27.33,9.33,5.44,08:08,09:09,19.68,4.31,2.2,5126,1.79,409200,1.495
2016,945130,OTHER,28.5,27.4,61.5,4.51,6.11,34.53,8.18,4.75,09:39,10:10,31.87,21.76,1.49,6615,1.284,1127192,1.215
2017,169735,TRANSIT,85.1,82.5,121.8,4.94,3.99,30.19,10.84,2.9,07:25,08:51,16.04,1.37,2.19,4687,1.311,1928042,2.889
2020,587193,WALK,61.9,61.3,95.9,18.59,16.02,3.18,9.93,9.56,09:12,10:08,41.34,2.92,1.82,6871,1.925,611758,3.763
2021,306124,CARPOOL,67.6,61.0,80.1,26.25,14.41,14.82,7.84,10.97,08:48,09:46,27.74,10.98,3.07,6617,0.973,2365459,2.626
2024,733929,WALK,8.2,3.0,46.9,11.22,4.26,31.18,0.24,4.82,10:25,10:40,10.69,24.81,1.74,3501,2.165,1213900,1.833
2023,552750,BIKE,27.1,19.6,59.1,8.52,2.65,30.65,15.58,8.54,07:24,08:03,37.06,23.32,1.9,8000,1.733,2277646,2.423
2022,215106,OTHER,63.8,63.5,97.5,10.15,3.37,28.47,10.68,2.15,06:58,08:03,35.83,2.89,1.61,6325,1.507,1416332,2.598
2023,874462,TELEWORK,59.1,54.8,66.7,28.06,14.44,32.93,13.76,5.81,06:48,07:58,15.55,15.03,1.47,5042,1.72,176688,3.532
2023,979178,AUTO,78.3,68.2,106.3,11.5,2.33,21.75,13.04,0.93,07:33,08:52,10.71,13.63,2.27,4064,0.975,324599,2.183
2023,247254,CARPOOL,94.0,90.2,106.6,34.83,16.84,15.53,9.92,2.71,09:28,10:58,28.79,0.16,1.95,6541,0.971,2275536,3.066
2019,201359,TELEWORK,18.3,12.8,24.1,17.4,9.06,29.94,2.0,6.74,10:24,10:42,35.01,2.99,2.62,5795,0.829,5785,3.571
2019,641967,WALK,83.6,77.4,97.3,24.82,10.68,31.34,9.42,4.36,09:32,10:48,9.25,21.48,1.35,5495,1.734,969722,0.933
2017,443615,CARPOOL,74.1,71.2,100.3,13.71,17.46,16.91,13.75,5.94,08:58,10:02,38.51,11.59,1.95,8000,0.975,416630,2.991
2021,902647,AUTO,11.1,5.6,35.2,16.74,6.69,11.6,9.24,4.21,09:43,10:02,39.2,15.11,2.64,6142,0.761,2301645,3.555
2018,880259,BIKE,28.3,21.2,34.4,28.04,11.28,11.21,5.05,5.61,09:25,09:48,4.71,10.72,2.5,3170,0.947,131449,4.276
2019,897231,OTHER,59.8,51.0,93.2,10.69,7.51,5.86,15.74,7.44,10:43,11:45,23.88,14.83,3.08,6183,2.043,805767,1.68
2024,519308,AUTO,70.8,69.7,102.5,20.45,1.33,15.94,17.34,3.92,10:24,11:39,35.78,7.94,2.46,6364,1.971,1703575,3.193
2016,456901,BIKE,89.3,83.0,110.5,9.64,16.86,3.47,4.62,10.43,09:04,10:28,36.82,6.04,1.97,6729,1.178,1704229,2.957
2021,808014,TELEWORK,15.9,10.2,47.0,33.46,19.06,11.86,12.87,10.88,09:42,09:47,33.03,24.39,1.78,7098,1.883,2329654,3.917
2017,221137,OTHER,17.7,8.6,23.2,9.58,16.2,29.3,14.99,7.85,06:48,07:02,2.62,14.6,1.82,2333,1.181,187698,3.58
2023,167813,TELEWORK,56.1,52.5,92.2,17.64,17.61,8.02,10.79,4.7,08:25,09:26,19.44,15.75,1.68,5605,1.516,2151922,4.309
2023,705829,OTHER,83.0,81.9,94.8,1.88,2.18,30.13,17.31,2.27,07:18,08:39,6.61,9.34,1.83,3951,0.76,419302,0.896
2016,826636,BIKE,54.0,51.8,78.2,9.49,15.23,17.6,6.86,7.01,09:06,09:54,33.86,0.34,2.56,5878,1.303,2139138,1.079
2019,942081,TELEWORK,72.0,69.2,104.0,33.92,4.11,16.02,7.11,11.08,09:53,11:18,9.48,7.64,2.57,4319,1.008,1237748,2.425
2023,488251,OTHER,82.4,79.8,120.7,21.29,8.42,2.79,16.41,4.32,07:04,08:32,11.93,6.01,2.99,4336,1.154,1897656,2.721
2022,693351,OTHER,21.9,17.4,41.9,34.03,5.01,23.07,14.75,11.1,08:51,09:03,1.76,15.83,1.78,2697,2.118,2408644,0.861
2020,244203,TELEWORK,46.1,44.9,85.7,12.23,17.3,9.64,8.05,8.87,08:37,09:17,25.93,22.16,1.33,6086,1.085,1243408,2.097
2025,703953,MIXED,91.9,87.9,119.3,33.32,14.71,3.03,4.69,8.52,10:30,12:00,3.51,2.49,1.75,2548,2.164,1118959,3.434
2023,724360,AUTO,48.6,40.7,87.6,18.2,10.2,2.01,12.81,10.94,10:55,11:42,11.72,17.22,2.75,4538,1.561,1806651,1.638
2016,680132,MIXED,92.4,88.2,98.2,27.85,12.53,20.04,13.74,9.75,06:05,07:38,2.91,21.62,3.05,4662,1.329,275815,3.123
2017,497172,OTHER,61.3,58.4,72.8,13.43,4.93,20.36,5.28,8.74,08:16,09:24,8.33,16.01,1.83,4137,1.878,537424,0.721
2019,199968,MIXED,90.7,83.2,123.1,8.01,10.6,27.18,9.65,8.92,06:58,08:41,19.83,3.11,2.47,5119,0.798,133582,3.848
2022,311390,CARPOOL,18.7,9.8,46.6,19.09,10.52,15.57,16.43,8.17,07:41,07:57,10.86,14.94,1.8,3168,1.411,173478,3.418
2017,419217,CARPOOL,26.7,23.1,55.9,28.2,14.21,29.92,15.05,0.34,07:07,07:42,38.12,9.34,2.12,6265,2.276,1308202,3.031
2023,453973,WALK,15.4,4.2,48.0,1.77,8.76,26.2,3.07,4.32,10:33,10:52,12.03,16.91,2.65,4092,0.901,183459,1.02
2018,796927,BIKE,66.9,58.4,77.9,21.26,3.71,17.42,1.06,0.6,08:20,09:26,19.87,12.2,1.73,5242,1.519,1924410,0.618
2024,508836,OTHER,92.8,91.2,113.0,27.37,9.21,5.51,12.91,2.32,06:39,08:03,43.09,0.18,2.64,8000,1.334,217407,0.755
2025,232551,MIXED,29.6,24.9,54.8,8.45,12.22,28.86,6.41,7.12,09:17,09:52,9.47,19.16,1.37,3798,0.79,2325414,3.803
2020,340631,BIKE,21.0,20.7,41.7,22.64,4.04,32.07,13.86,4.09,10:33,10:56,42.08,15.29,2.93,7455,2.312,2012308,0.436
2017,836038,BIKE,28.7,22.2,35.4,1.72,13.4,5.73,3.38,5.44,09:14,09:30,33.64,1.46,2.58,5305,2.37,1075656,3.948
2021,415096,OTHER,36.7,32.9,74.1,2.44,17.51,18.87,9.76,5.2,07:19,07:43,9.63,22.69,2.58,4630,0.816,345901,2.081
2020,739311,TRANSIT,80.0,74.8,96.1,18.51,4.27,25.59,5.06,1.54,06:46,08:28,4.52,24.6,1.67,4667,2.173,472972,1.736
2016,654804,TRANSIT,84.8,73.4,116.5,17.39,0.15,31.0,16.82,5.83,08:55,10:16,21.54,0.11,1.39,4758,1.733,2228983,1.672
2023,774468,AUTO,39.2,32.0,47.0,3.34,16.83,1.49,7.65,2.3,09:04,09:24,19.18,16.36,1.21,4612,1.068,1908612,3.883
2023,447971,WALK,47.0,37.7,86.6,18.09,15.79,8.2,5.01,1.27,06:19,07:08,41.08,17.49,2.75,7704,2.251,1138448,0.739
2020,655746,MIXED,32.6,27.9,59.4,22.73,13.37,28.24,1.53,9.8,08:32,09:18,41.77,21.65,1.38,7827,1.167,2180958,1.975
2024,452559,OTHER,19.9,12.2,53.0,0.18,13.48,25.93,17.5,3.19,08:19,08:41,35.6,5.25,1.52,5243,1.239,95365,3.56
2023,202826,TRANSIT,58.5,57.1,69.1,33.21,11.46,15.04,17.92,6.94,09:07,10:10,11.03,16.89,1.01,4743,1.281,1581702,1.769
2017,504064,AUTO,71.9,71.7,88.1,25.08,10.07,6.39,1.6,1.65,10:55,12:12,41.27,5.32,2.23,7761,2.291,683880,3.894
2019,303670,WALK,13.5,7.1,36.7,15.84,17.58,18.19,6.32,5.36,07:38,07:43,10.38,22.65,2.31,4170,2.066,683803,4.334
2018,839539,OTHER,70.8,70.8,102.0,28.99,11.2,1.67,14.13,5.6,10:54,12:04,34.96,3.2,2.44,6773,2.093,2103172,2.244
2024,296551,TELEWORK,21.7,16.6,37.2,32.17,2.34,5.85,2.36,9.12,07:08,07:24,27.64,13.91,3.12,4911,1.401,1286090,4.125
2018,815743,CARPOOL,57.7,53.5,96.1,28.05,15.86,2.09,15.67,5.55,06:29,07:28,5.63,19.22,3.16,4008,1.832,1918753,3.359
2016,428884,TRANSIT,61.9,52.3,84.4,18.18,1.46,31.19,13.18,2.31,08:44,09:49,37.45,1.57,1.04,5884,2.078,444207,2.57
2016,822723,CARPOOL,52.3,50.2,64.4,7.46,10.53,31.69,13.81,6.45,07:39,08:30,9.85,11.65,1.13,3609,0.881,522936,3.931
2020,112904,TRANSIT,11.1,6.4,40.8,6.23,7.93,12.09,3.03,4.98,06:27,06:32,25.43,21.62,1.41,6024,1.237,700269,2.499
2018,321810,AUTO,71.8,63.3,80.5,10.56,12.14,29.15,7.78,0.66,09:43,10:53,44.12,18.66,3.16,8000,1.571,1430431,1.554
2020,854226,WALK,54.4,53.7,76.9,3.12,12.85,18.38,1.87,8.36,07:46,08:40,0.77,17.82,1.52,3318,0.761,707633,4.403
2017,448483,WALK,37.4,36.5,63.1,3.6,3.29,18.17,2.94,11.98,08:18,08:51,24.43,14.24,2.89,5385,1.732,737968,0.201
2022,768863,TELEWORK,9.5,6.0,21.9,10.26,4.17,21.96,5.04,4.47,07:19,07:24,30.97,15.03,2.31,6300,2.156,1313657,3.41
2024,729904,BIKE,77.8,71.1,95.2,9.1,16.18,14.71,1.95,0.58,07:42,09:04,34.84,13.14,1.87,6852,2.15,1085957,4.088
2019,743274,AUTO,58.4,49.0,80.9,22.29,14.78,11.07,3.22,9.64,07:25,08:24,20.49,12.45,1.53,5402,2.019,2017938,0.534
2021,766616,OTHER,36.7,36.7,51.0,26.78,6.43,19.17,0.61,6.51,09:47,10:25,24.58,8.62,1.58,5118,1.507,1315062,2.589
2022,527978,AUTO,35.1,30.6,59.4,28.85,2.86,23.43,6.21,4.64,10:44,11:10,24.36,21.97,2.76,5975,1.577,672102,1.314
2025,417339,AUTO,11.9,7.0,45.6,20.11,1.34,25.17,5.06,2.34,09:08,09:13,30.86,23.2,2.67,6634,0.913,1621012,2.314
2020,760001,TRANSIT,43.7,37.3,77.0,12.23,3.53,33.68,5.3,1.59,08:10,08:51,7.1,22.06,1.5,3551,1.987,199456,4.039
2020,978582,OTHER,78.5,71.8,103.5,14.34,0.23,1.1,1.97,2.23,07:21,08:31,4.54,23.88,2.56,4176,2.104,24156,4.36
2020,684763,MIXED,81.1,72.0,118.4,29.26,6.82,4.03,12.67,8.73,10:34,12:00,21.71,3.88,3.0,4926,1.156,595581,3.393
2023,478431,WALK,67.4,67.4,106.4,16.65,12.85,27.15,1.11,4.14,10:07,11:15,18.42,4.05,2.82,4151,0.757,2065265,3.86
2025,459557,CARPOOL,91.0,89.7,121.1,3.96,15.17,27.6,14.36,3.62,07:21,09:01,21.78,17.97,1.42,6879,1.537,77024,3.717
2025,491283,TRANSIT,26.3,17.2,41.8,32.26,15.79,0.65,8.78,8.04,07:27,07:50,20.0,12.86,2.13,4253,1.875,2154200,3.252
2023,785511,TRANSIT,54.3,53.2,83.5,9.86,12.34,0.41,11.65,10.09,09:32,10:24,8.23,23.7,2.66,5047,1.59,838524,1.592
2024,449469,TRANSIT,88.6,77.6,102.6,27.33,10.41,17.07,2.87,1.76,08:04,09:17,33.9,22.85,2.5,7810,1.694,1089917,1.987
2024,719086,MIXED,54.6,48.0,61.1,4.66,13.92,33.33,10.66,2.81,07:01,07:51,29.72,22.23,1.79,6486,1.329,2433756,2.698
2020,771856,MIXED,92.3,84.0,128.3,29.81,6.6,16.26,7.34,3.98,09:16,10:44,23.85,0.28,2.87,5917,1.796,1245559,1.513
2022,314948,TRANSIT,42.7,32.2,81.7,33.37,6.55,24.96,16.12,11.52,06:47,07:31,34.54,20.32,1.34,7231,1.768,334987,3.526
2024,172949,OTHER,57.7,51.0,91.7,24.13,7.33,4.52,5.12,10.91,10:44,11:25,17.87,18.2,2.91,5950,2.118,2059924,2.945
2018,710638,WALK,64.2,57.7,70.0,9.67,0.32,18.27,13.14,11.15,10:25,11:24,25.85,3.43,2.65,5779,1.8,290007,2.445
2023,994701,OTHER,21.6,14.8,48.2,11.98,13.06,15.99,10.6,7.86,10:51,11:11,12.44,24.73,2.27,4340,1.318,1857010,2.3
2016,326632,TRANSIT,30.1,23.0,61.9,33.94,3.53,0.66,12.52,10.67,08:05,08:23,20.4,18.11,2.59,5021,2.267,2405252,1.938
2023,837861,AUTO,87.0,76.7,122.3,11.95,11.41,33.62,9.17,4.23,10:49,12:20,37.21,17.28,1.34,7731,1.562,592461,0.819
2016,419126,TELEWORK,59.2,55.6,82.4,7.11,9.08,28.46,8.73,7.7,09:17,10:26,15.64,17.43,3.03,5535,2.101,2453139,2.106
2018,929485,TELEWORK,55.1,52.1,75.2,3.18,8.83,10.24,9.54,0.56,10:06,10:46,38.78,5.47,2.0,7376,0.889,1621396,1.886
2025,483087,WALK,48.4,46.3,84.5,17.84,11.73,27.4,0.36,5.57,10:52,11:43,12.67,22.2,2.43,5291,1.836,774229,4.425
2025,550019,TRANSIT,89.5,78.8,125.9,14.61,2.41,7.97,9.96,9.76,08:42,10:06,10.24,19.58,1.17,5191,1.35,1813895,2.625
2019,607457,TRANSIT,73.7,62.4,91.3,27.71,11.57,34.9,2.8,9.57,09:15,10:30,27.49,14.62,2.34,7010,0.769,2400490,1.138
2025,625010,MIXED,8.4,3.0,20.3,14.83,18.26,4.21,2.17,1.43,09:18,09:23,25.47,13.4,1.03,4771,1.853,347883,0.855
2019,772280,CARPOOL,63.6,58.7,74.3,27.34,8.48,29.59,10.07,3.89,06:26,07:23,42.89,14.33,2.89,8000,2.291,2354563,3.042
2016,434576,WALK,39.9,29.0,79.4,28.94,10.1,15.95,7.55,1.78,08:54,09:32,20.24,24.57,1.24,6108,1.892,43926,0.775
2024,523712,CARPOOL,72.1,68.8,87.1,4.3,4.51,2.07,16.72,4.59,08:50,10:07,31.24,16.48,2.27,7315,2.242,830723,2.355
2019,371223,WALK,43.7,35.0,80.7,11.49,1.01,21.96,14.92,1.84,09:45,10:34,35.7,15.57,2.53,6652,1.314,1663429,3.525
2019,132460,MIXED,22.6,21.5,60.3,2.93,2.51,5.78,2.83,10.18,08:12,08:33,44.97,1.26,2.76,6270,2.199,507075,1.002
2016,447224,MIXED,69.4,60.2,100.3,10.88,5.41,34.53,2.08,8.51,08:32,09:35,28.24,7.9,2.62,6331,1.172,73487,2.122
2022,224976,WALK,32.6,27.4,63.6,8.27,16.21,31.67,6.1,4.37,09:45,10:17,19.12,10.85,1.76,4370,1.741,751803,4.2
2018,164898,TRANSIT,20.5,10.5,47.8,11.14,9.05,27.36,6.67,9.37,08:40,09:00,25.63,15.55,2.7,5129,1.294,1141037,2.669
2023,623450,TRANSIT,16.0,6.1,46.5,16.21,6.37,19.02,4.09,1.19,09:29,09:48,35.57,2.63,2.31,5735,1.27,799557,2.9
2019,253075,OTHER,13.2,9.4,20.6,19.54,6.24,18.26,3.51,4.26,07:20,07:39,1.68,19.08,2.66,3086,1.493,814706,3.255
2017,807264,OTHER,74.1,66.8,113.6,27.22,5.38,19.95,10.51,5.81,07:25,08:35,21.09,0.44,1.38,4278,1.445,1056779,2.619
2023,596402,TRANSIT,32.7,21.6,56.4,15.91,17.0,21.51,8.36,3.57,07:30,07:59,5.36,5.62,3.09,2464,1.066,646457,1.548
2021,440764,AUTO,67.2,62.9,79.7,0.73,9.38,8.76,10.57,11.12,10:04,11:19,37.33,0.93,1.61,6627,2.356,422658,2.271
2021,558983,BIKE,51.9,51.7,91.1,12.41,17.75,21.25,6.72,8.63,10:28,11:25,28.51,21.8,2.43,6731,2.179,655406,2.115
2023,221277,BIKE,9.4,5.7,15.4,19.25,14.97,29.6,16.05,3.28,08:06,08:18,35.87,7.24,3.07,5202,1.732,1137990,2.297
2017,994493,TELEWORK,50.5,44.5,59.6,2.18,15.76,9.63,4.25,10.09,07:06,07:53,43.89,21.0,2.89,8000,1.198,288696,2.655
2016,588973,OTHER,56.8,47.8,68.4,31.81,0.13,1.91,15.26,5.71,09:47,10:49,14.57,0.93,2.99,3480,0.912,1664755,1.247
2025,108350,WALK,30.0,29.4,65.7,31.83,3.64,6.3,13.84,9.44,08:52,09:40,1.61,9.54,2.6,2057,0.929,1299156,2.721
2021,826376,WALK,23.1,18.3,41.3,24.23,16.6,1.39,9.45,2.04,09:17,10:04,44.37,21.8,1.36,8000,2.197,1573474,3.154
2025,163090,OTHER,13.5,13.4,24.8,24.71,11.97,3.63,8.84,8.16,09:20,09:25,5.73,11.63,1.79,2602,1.156,1269050,0.443
2021,516748,OTHER,81.5,78.7,104.6,24.93,15.81,0.85,1.24,7.63,09:56,11:18,28.53,6.7,2.77,6171,2.256,417549,3.822
2019,346542,AUTO,18.0,7.5,44.7,22.68,18.54,0.39,10.2,4.48,10:52,11:06,15.06,1.85,1.7,2944,1.46,574611,2.295
2020,996936,AUTO,54.3,44.6,78.5,29.55,17.86,27.93,2.5,1.12,07:29,08:20,9.44,7.8,2.32,3413,1.784,1610227,2.458
2019,469320,OTHER,18.5,8.8,27.3,3.15,17.21,15.53,5.71,2.74,09:58,10:14,29.68,17.04,3.01,6072,2.238,196585,0.899
2022,482678,CARPOOL,52.1,48.0,79.7,27.87,14.01,7.47,17.04,9.02,08:39,09:17,27.3,13.79,2.39,6420,1.466,1876063,0.95
2025,934570,CARPOOL,68.9,68.5,96.2,1.11,11.34,1.12,16.29,0.21,08:04,09:19,27.71,6.12,3.15,6215,1.9,81867,1.703
2018,309975,OTHER,51.5,46.2,87.1,2.14,1.63,25.85,13.2,6.6,06:07,07:09,20.07,7.63,1.8,4137,0.753,2197499,1.872
2016,391638,AUTO,89.8,81.6,110.0,8.22,3.76,3.18,6.48,6.27,08:39,09:54,39.51,11.4,1.71,8000,2.372,2261088,3.783
2022,254197,OTHER,73.6,64.5,80.8,16.93,0.58,16.48,7.08,1.4,09:36,10:47,8.81,15.87,2.62,3999,2.16,2155967,0.382
2021,840589,MIXED,65.8,57.9,93.2,24.79,8.19,32.92,8.12,6.14,09:03,10:18,17.79,2.71,2.32,4537,2.33,588917,4.371
2016,124030,TELEWORK,71.1,60.5,89.1,19.63,5.66,13.22,11.65,6.53,06:27,07:35,18.81,21.3,3.01,6431,2.374,851984,2.724
2024,343159,OTHER,23.1,21.1,29.4,16.21,18.12,9.13,14.52,0.85,07:51,08:05,9.74,0.89,2.94,2802,1.51,2369372,3.457
2019,838574,TRANSIT,51.3,48.2,65.0,12.97,2.57,29.77,13.15,2.11,10:17,11:01,35.67,21.16,2.88,7967,1.274,2294154,3.004
2023,544256,BIKE,56.3,54.3,62.1,22.62,18.78,32.19,9.74,8.76,06:06,07:06,16.83,7.85,2.17,4015,2.338,1364563,1.695
2020,649139,CARPOOL,91.2,82.4,127.1,4.65,7.87,17.03,17.82,2.21,06:03,07:26,41.71,14.47,2.84,8000,1.079,675559,1.887
2020,967104,TRANSIT,52.4,50.2,74.5,14.88,5.67,22.12,2.43,5.81,06:12,06:57,38.1,0.05,1.44,6124,1.988,2333141,0.387
2022,633795,OTHER,60.2,55.2,73.7,10.76,15.53,3.41,12.96,2.21,08:00,08:57,37.67,14.43,2.81,7270,1.821,16098,3.568
2019,875499,MIXED,63.9,57.9,76.4,29.23,5.63,2.81,13.03,2.91,07:40,08:58,27.51,23.06,2.31,7103,0.781,1409536,0.273
2020,351831,AUTO,15.0,11.4,34.6,17.17,4.57,11.69,1.95,5.48,08:46,09:01,43.78,8.07,2.49,6484,1.353,723312,2.977
2022,354295,MIXED,91.0,83.2,116.2,31.4,12.1,21.34,10.07,10.89,06:08,07:36,34.88,19.75,1.0,7994,2.176,1643373,3.37
2019,545433,OTHER,78.1,72.4,106.8,32.57,11.58,33.24,1.67,0.8,08:45,09:57,18.02,14.55,2.58,5823,1.895,954248,0.171
2023,239547,TRANSIT,42.1,34.6,77.4,2.02,9.99,12.38,7.64,11.38,07:38,08:09,25.02,2.01,3.13,4694,1.871,870825,1.426
2016,954140,CARPOOL,79.8,68.2,103.7,24.08,14.51,10.58,16.54,5.75,06:45,08:10,27.6,22.63,1.97,7067,1.74,874361,2.353
2020,764751,WALK,20.7,14.2,45.6,4.21,0.47,20.83,5.29,1.47,08:51,09:00,28.61,0.32,3.05,4388,1.699,1859260,0.769
2025,519303,CARPOOL,44.2,40.8,60.4,28.73,19.03,28.17,5.33,2.77,06:25,07:12,7.74,22.29,3.11,4706,1.89,1133772,0.952
2017,780785,WALK,71.6,66.9,87.4,18.12,9.87,22.45,17.59,5.03,08:13,09:28,39.71,6.65,1.58,7206,1.454,1925028,3.609
2018,896527,OTHER,40.6,38.4,77.6,16.54,11.7,2.61,5.87,11.2,08:50,09:25,2.79,20.33,2.63,3678,1.915,1472010,0.658
2022,198182,BIKE,31.6,29.2,42.8,22.36,4.65,20.4,8.04,11.4,06:51,07:19,34.97,18.41,2.9,6748,1.449,870483,1.905
2021,557125,OTHER,51.5,48.3,71.1,6.01,19.55,34.64,9.32,0.8,06:56,07:47,16.06,24.98,1.23,5806,1.513,1557856,4.007
2020,559755,AUTO,18.6,16.4,43.8,5.1,13.91,14.86,15.6,6.95,10:09,10:39,43.09,17.06,1.34,7935,1.363,1517371,1.52
2023,322059,TRANSIT,30.1,28.0,59.9,34.4,2.01,26.06,7.75,2.54,06:09,06:40,13.67,14.11,1.22,4384,1.845,1262924,2.77
2016,763268,WALK,65.9,54.6,75.2,15.99,0.82,18.67,9.63,8.39,06:53,08:06,37.81,18.51,2.05,7904,1.665,713766,4.051
2024,841611,BIKE,84.5,78.9,110.6,19.94,18.69,33.68,10.82,8.39,08:22,09:52,39.08,9.23,2.4,8000,1.988,2074298,3.118
2025,556014,CARPOOL,48.5,40.3,63.3,9.71,15.69,18.01,13.35,0.52,06:07,07:09,14.27,12.08,1.69,4207,2.124,924872,0.522
2019,412842,CARPOOL,71.2,63.0,82.2,24.01,12.45,8.53,14.47,6.8,10:52,12:08,29.42,7.39,1.36,6617,1.053,2043166,4.263
2016,958267,MIXED,43.9,41.9,71.7,13.11,0.01,33.59,17.28,2.17,10:40,11:43,5.28,5.41,2.96,2810,1.907,217227,2.099
2020,217083,CARPOOL,58.7,54.6,79.6,16.38,18.87,9.04,8.0,0.56,09:38,10:36,0.72,7.19,1.69,2089,0.909,1354983,3.986
2021,671227,MIXED,83.8,74.9,97.5,3.64,13.27,15.94,5.05,2.19,07:48,08:56,12.65,15.29,1.75,5096,1.416,6723,2.756
2023,463790,TRANSIT,88.8,85.3,109.4,31.63,16.4,15.19,10.85,6.0,08:23,09:57,10.35,12.72,1.5,4585,1.918,1701039,4.2
2024,830192,CARPOOL,20.2,15.5,36.3,4.94,0.01,23.76,12.88,11.3,10:46,11:02,11.19,13.29,2.42,3763,1.148,585405,1.291
2025,219975,MIXED,9.0,3.0,36.0,19.31,12.94,13.28,13.43,0.11,08:43,08:48,15.67,22.02,1.09,4122,2.045,1541130,4.226
2025,365607,TRANSIT,58.6,57.5,86.5,15.01,19.73,23.51,3.74,9.37,06:20,07:12,21.04,24.35,1.72,6612,1.476,440635,2.353
2016,937406,AUTO,15.7,10.7,52.7,9.29,13.44,31.38,9.58,9.39,08:56,09:19,24.65,2.45,2.86,3806,2.164,697180,1.459
2019,969586,BIKE,71.9,62.7,81.6,34.35,3.43,25.19,17.06,7.89,06:11,07:24,23.57,21.18,1.71,6769,2.223,867259,3.878
2023,442802,WALK,82.3,79.0,112.5,33.26,14.14,2.44,3.43,0.47,10:48,12:04,41.57,3.71,1.58,7166,2.39,284721,2.523
2016,714341,CARPOOL,18.6,10.6,42.4,9.2,11.95,1.55,17.73,3.24,06:29,06:35,26.0,5.64,2.76,4236,1.296,1291379,3.487
2017,657219,TRANSIT,35.2,26.1,72.0,17.86,16.17,11.04,5.75,7.48,09:37,10:12,39.79,14.89,1.37,6683,1.744,1026536,4.354
2018,540623,TRANSIT,83.0,82.5,116.5,4.51,4.42,7.48,16.71,5.58,08:36,09:58,37.41,17.46,1.12,8000,1.205,253327,1.404
2018,578386,TELEWORK,75.4,66.5,89.7,6.14,15.51,12.42,9.87,5.36,07:27,08:41,3.92,9.1,2.4,3490,1.697,896676,3.984
2017,348198,OTHER,52.5,48.1,81.9,18.2,11.27,15.11,13.14,3.66,09:42,10:39,23.69,7.04,2.34,4664,1.311,315920,3.349
2019,825425,BIKE,91.3,89.1,117.0,30.35,1.05,3.54,5.67,11.72,10:41,12:08,2.39,3.64,1.58,2992,1.954,1817238,3.119
2018,229380,TELEWORK,66.3,55.2,79.7,10.16,0.09,20.27,10.92,1.7,07:46,08:45,31.62,15.12,2.4,7335,1.537,1487159,4.331
2016,667662,WALK,53.1,49.1,92.4,22.34,8.83,2.62,3.53,9.01,09:42,10:36,42.58,21.05,2.2,8000,0.876,1292138,3.491
2017,493574,BIKE,33.9,23.0,70.0,10.76,12.64,18.53,10.12,11.06,09:11,09:47,11.47,5.84,2.01,3163,1.345,1152103,0.333
2022,910860,MIXED,19.5,17.7,26.0,27.44,6.85,19.53,15.91,0.74,07:10,07:23,39.13,9.61,2.4,6623,2.145,663323,0.987
2022,522188,WALK,26.0,17.4,52.7,19.76,8.97,14.33,2.17,1.59,10:56,11:23,6.3,11.92,1.6,3387,0.853,423072,3.302
2017,935302,MIXED,12.8,11.0,35.5,25.1,0.07,30.8,10.07,6.3,06:21,06:35,39.81,17.23,1.8,7494,1.953,772291,1.546
2025,468893,WALK,73.4,67.8,84.4,16.68,12.35,17.43,12.69,10.06,07:26,08:44,28.42,7.17,1.2,6397,1.457,590917,1.202
2019,136285,AUTO,75.8,64.8,82.3,16.93,4.36,3.12,12.37,11.43,09:28,10:52,13.67,6.71,2.55,3958,1.109,2058095,0.508
2017,962659,WALK,84.1,76.8,122.6,15.29,6.96,26.1,7.67,2.89,10:49,12:11,24.07,22.59,1.04,7169,1.348,579075,1.265
2020,150244,BIKE,57.5,53.3,84.6,14.48,10.03,26.46,15.7,7.73,09:30,10:25,37.78,10.33,1.53,7295,1.966,857233,1.335
2025,195181,CARPOOL,39.2,32.0,70.8,1.72,16.22,12.53,0.64,1.19,06:30,07:21,31.94,21.18,2.12,6503,1.23,1666859,0.653
2025,595065,TRANSIT,75.5,64.6,87.6,21.02,1.19,21.02,9.65,6.7,06:00,07:24,34.12,18.14,1.57,7183,2.192,68614,4.066
2020,245622,OTHER,39.6,30.3,49.3,28.95,18.98,6.73,6.23,7.08,09:12,09:54,11.07,16.09,2.3,3554,1.129,2184183,2.276
2025,444620,TELEWORK,22.6,20.7,37.0,8.3,13.34,12.12,9.19,1.22,09:36,09:50,9.33,15.59,2.57,2840,2.294,1178324,1.25
2021,377044,AUTO,58.3,52.9,82.4,16.15,4.16,16.0,7.7,0.2,09:01,09:58,16.31,22.4,2.02,5439,2.114,1825382,3.538
2023,281200,TRANSIT,84.7,73.1,94.4,26.11,0.99,12.97,1.14,0.52,08:24,09:41,31.75,17.71,1.24,7430,1.355,262788,1.966
2017,418023,BIKE,75.6,63.7,82.5,3.9,1.3,33.52,12.43,9.38,10:10,11:33,9.8,15.67,2.17,4600,0.864,393612,4.29
2020,970378,WALK,10.1,3.1,30.3,32.39,13.74,15.7,17.73,2.25,09:10,09:15,30.94,17.21,1.04,5822,1.037,616858,0.223
2025,961693,TRANSIT,23.7,15.3,47.1,13.63,17.25,0.74,1.18,6.72,06:33,06:50,8.13,19.99,2.44,3069,1.843,149494,0.267
2020,808614,TELEWORK,31.2,26.9,54.8,10.91,16.58,0.96,14.41,10.45,10:16,10:38,8.69,15.63,2.03,4080,2.121,696491,1.77
2019,761260,CARPOOL,62.9,62.2,93.1,11.83,13.43,6.04,15.52,10.97,07:19,08:26,42.15,3.96,1.98,6823,1.893,1397930,2.106
2016,867801,OTHER,60.4,52.4,75.0,28.71,11.52,11.71,3.61,2.06,10:34,11:30,11.88,0.94,2.88,2755,0.837,584338,3.856
2018,870838,OTHER,30.4,20.4,63.3,0.03,15.29,14.39,1.55,8.06,06:52,07:14,19.21,8.66,2.16,4601,1.934,1680286,1.183
2022,694042,AUTO,10.5,9.1,17.2,14.19,17.4,26.69,8.35,6.64,07:37,07:42,4.81,23.26,2.92,3200,2.266,2082171,3.245
2025,418785,WALK,16.8,9.6,54.6,4.77,0.59,34.22,2.77,5.79,09:31,09:56,14.07,10.99,1.96,3577,1.947,694221,0.824
2021,162230,TRANSIT,62.2,57.3,93.5,16.02,3.85,16.73,7.01,5.4,07:32,08:25,7.01,3.53,3.12,3173,0.888,115632,0.206
2019,964946,OTHER,72.4,60.9,79.6,17.86,9.47,3.06,12.57,9.8,10:08,11:24,34.99,21.57,1.12,7927,1.649,1967059,3.224
2021,556433,TELEWORK,43.9,43.9,83.8,1.11,7.25,32.2,13.92,0.55,10:27,11:08,32.98,12.0,2.16,6334,1.769,1794704,4.001
2020,730187,OTHER,19.5,13.5,37.0,17.26,11.18,34.82,9.14,8.68,10:19,10:45,26.83,11.37,2.78,5390,1.738,1873508,1.809
2016,840143,MIXED,34.1,25.0,46.1,23.94,0.53,10.37,13.74,5.38,07:41,08:18,24.43,8.12,1.66,4268,0.753,2141585,3.479
2021,914813,WALK,64.7,61.3,95.7,15.0,5.12,20.06,16.91,6.15,07:42,08:53,32.79,5.16,2.92,5869,1.915,1795665,0.534
2018,988089,MIXED,76.5,74.5,94.6,9.97,10.91,12.11,4.59,4.97,08:28,09:32,29.64,18.03,2.09,6688,2.164,1857147,2.825
2016,169239,AUTO,11.9,3.0,50.2,20.5,17.66,24.86,15.44,5.87,10:58,11:06,30.34,18.93,1.89,5908,1.124,1308437,2.173
2018,245901,MIXED,90.0,83.2,118.6,13.67,12.58,14.13,17.06,3.06,08:09,09:30,3.83,18.21,3.09,4843,1.422,846457,3.554
2023,237822,TELEWORK,91.0,80.6,104.2,32.19,7.5,30.73,11.49,11.77,06:42,08:07,13.3,20.83,1.68,5963,1.6,2020500,2.287
2018,715256,BIKE,94.3,89.5,100.5,30.44,5.32,1.72,14.24,1.9,07:40,09:18,30.45,18.86,2.99,7218,2.01,402592,0.747
2025,746168,AUTO,34.7,31.8,54.2,20.13,12.06,32.18,7.13,6.84,07:05,07:56,24.58,2.8,3.18,4600,1.722,401580,1.059
2023,774011,BIKE,57.7,49.2,68.3,0.39,3.79,18.87,1.74,2.56,09:40,10:37,36.81,10.56,2.36,7149,1.884,13460,4.209
2022,222478,TELEWORK,94.6,85.7,111.2,31.82,1.81,32.31,7.41,2.77,10:34,12:09,19.47,6.31,1.36,5321,0.762,1150766,3.145
2017,672572,MIXED,12.1,4.8,31.0,25.13,12.92,21.46,5.95,4.22,09:53,10:12,43.81,14.67,2.05,7536,1.881,772181,0.587
2019,204808,BIKE,53.3,43.8,79.1,11.55,13.81,6.19,3.29,7.74,07:32,08:35,16.32,0.19,2.91,3727,0.876,1017977,1.152
2021,443681,BIKE,69.7,60.7,93.4,8.51,17.05,33.93,1.41,5.34,09:28,10:32,23.22,9.79,1.58,5996,1.258,1371367,3.481
2019,792720,TRANSIT,37.3,33.2,73.8,3.92,17.68,6.02,6.92,5.0,07:53,08:34,31.96,17.1,2.56,6444,0.966,1012092,0.426
2023,230769,TRANSIT,50.6,46.2,65.8,32.95,8.09,34.15,9.24,10.56,08:45,09:44,44.07,16.98,1.08,7667,1.598,1753312,0.458
2018,468585,OTHER,81.0,69.3,103.1,22.56,14.23,9.32,12.64,0.95,08:56,10:11,38.16,3.92,1.42,7494,1.355,1420004,3.794
2018,199323,TRANSIT,41.2,32.7,58.1,17.12,17.77,23.72,15.48,11.47,09:07,09:27,17.02,14.11,2.48,4425,0.802,1533836,2.516
2020,302387,BIKE,10.2,3.0,18.1,12.92,3.88,32.16,13.11,4.32,10:48,11:20,2.97,2.92,1.58,1504,1.626,791779,3.451
2018,222578,AUTO,14.9,13.7,36.2,12.36,7.7,4.62,7.41,10.86,06:38,06:45,23.78,12.45,2.29,4268,2.1,429547,4.315
2016,559812,OTHER,24.9,24.1,47.9,33.76,15.72,8.14,6.51,5.18,07:15,07:36,26.28,3.27,2.0,4243,2.069,2333689,3.453
2023,148383,AUTO,79.4,72.2,102.7,23.92,9.31,4.22,12.62,6.44,07:23,08:32,33.04,14.12,2.62,7438,0.909,88717,4.187
2022,250414,MIXED,42.4,41.3,82.2,5.34,5.31,0.2,0.59,4.28,09:30,09:58,36.67,23.78,2.53,7412,1.024,1080035,1.408
2016,638778,TRANSIT,80.9,71.0,103.5,28.15,7.26,16.04,10.77,7.37,08:34,10:03,16.47,12.46,2.8,5297,1.514,1739999,3.474
2021,544548,BIKE,43.3,33.8,58.0,14.03,12.43,26.08,2.44,1.89,06:46,07:34,20.27,22.39,1.04,6021,2.196,17293,2.644
2022,830129,TELEWORK,21.3,14.2,47.4,18.05,3.21,27.3,3.6,11.15,08:16,08:51,21.04,14.63,2.07,5025,2.372,575659,4.24
2016,281434,OTHER,58.5,52.1,83.9,11.86,0.52,19.28,13.18,5.19,10:38,11:35,22.66,16.53,1.76,5509,2.08,640600,2.681
2016,385404,WALK,31.5,31.3,68.6,7.55,0.3,26.25,5.54,9.21,09:39,10:05,15.08,24.12,3.02,4617,0.777,1979483,2.807
2016,541794,OTHER,9.7,3.3,18.9,5.41,1.75,23.94,6.04,8.62,06:38,06:43,41.44,4.03,1.34,5934,1.909,1409815,2.466
2022,182052,MIXED,78.6,67.3,84.6,34.91,6.68,26.98,2.93,7.97,09:18,10:28,17.62,6.58,2.92,4977,1.684,1445224,0.227
2017,509881,TELEWORK,28.6,23.0,65.0,6.02,13.53,29.33,12.36,1.39,06:40,07:02,20.61,10.26,2.44,4048,1.043,1951899,0.856
2019,397446,OTHER,68.2,63.9,98.6,13.07,12.32,6.35,8.8,4.39,07:16,08:26,5.37,1.49,2.53,2805,1.559,514069,1.627
2016,836842,CARPOOL,54.6,50.0,65.3,28.02,18.17,23.95,17.19,5.58,09:00,09:59,20.95,0.73,2.72,4383,2.058,1963668,2.303
2025,768528,MIXED,14.2,3.0,23.1,27.11,4.94,24.01,13.61,4.12,10:57,11:07,18.42,0.71,1.7,2922,2.368,1168840,3.258
2018,575838,CARPOOL,46.4,35.9,53.3,25.04,18.79,34.25,7.95,1.21,06:01,06:58,22.17,18.0,2.47,5225,2.08,2071783,3.031
2023,139568,OTHER,21.8,9.9,58.3,30.53,4.69,7.47,15.1,10.58,07:13,07:45,27.98,22.76,2.66,6204,2.354,2173566,2.646
2020,423237,TELEWORK,60.0,57.2,98.5,27.42,5.08,9.46,12.15,0.43,08:56,09:47,16.38,5.44,1.12,4660,0.819,1881367,4.016
2023,787377,TRANSIT,19.5,8.5,49.3,18.62,18.76,14.71,15.12,7.57,10:55,11:16,40.64,9.42,2.9,6326,1.948,2313606,3.398
2023,494454,TRANSIT,57.1,50.0,75.7,17.67,10.07,34.39,17.74,8.69,08:12,09:02,35.98,4.46,2.17,6100,2.122,751469,0.705
2025,963411,TELEWORK,71.9,70.8,89.2,25.82,0.17,10.38,16.81,5.99,08:47,10:03,27.38,5.54,2.48,6186,1.462,1981438,4.063
2023,610704,MIXED,19.6,9.7,37.0,6.54,8.88,10.12,6.6,8.33,07:18,07:40,26.2,19.88,3.05,5994,1.842,737977,2.11
2020,548784,WALK,69.3,59.6,74.8,34.64,8.18,14.95,12.7,10.0,06:37,08:04,1.66,23.23,2.13,3866,1.974,729878,4.476
2022,130559,OTHER,36.5,28.3,67.3,8.41,15.21,34.37,6.29,6.41,09:11,09:52,5.0,11.14,2.75,2644,1.169,101238,2.164
2024,387485,CARPOOL,77.5,72.7,99.3,14.13,2.41,21.3,2.63,1.24,09:31,10:56,43.46,9.48,1.41,8000,1.358,2115193,1.262
2016,916648,WALK,34.7,33.2,43.3,18.64,10.68,32.62,4.9,4.98,09:42,10:06,25.24,12.55,3.11,5296,1.939,1655916,1.2
2016,135618,CARPOOL,15.7,3.9,33.4,15.57,12.32,9.44,9.51,4.48,10:05,10:29,11.25,11.15,1.16,3161,1.645,176691,3.448
2020,544446,OTHER,9.8,3.0,19.2,31.45,9.79,2.24,4.22,8.57,08:19,08:26,11.89,12.31,2.8,2694,1.225,405860,1.168
2024,196796,AUTO,54.2,42.8,69.5,26.39,12.73,28.75,5.9,10.89,10:00,10:50,29.25,22.65,2.48,6669,1.532,2273119,0.99
2019,227587,WALK,79.6,78.1,101.8,8.18,1.02,30.4,7.31,0.55,08:45,10:00,7.3,18.38,2.83,4113,1.148,2491452,3.677
2016,711255,OTHER,26.4,19.8,57.4,4.81,18.78,18.15,11.08,10.68,07:08,07:35,7.53,0.46,1.26,1677,1.423,994164,0.501
2017,383352,WALK,74.0,69.0,104.1,0.08,19.72,27.11,15.48,1.22,09:51,11:02,28.41,21.78,1.13,7011,1.888,1011703,3.073
2019,682047,MIXED,37.3,34.5,60.2,13.43,3.39,28.37,2.84,3.3,08:15,09:01,43.68,8.98,2.83,7337,1.496,1868225,1.145
2025,493929,AUTO,34.3,24.3,54.1,26.28,9.37,9.35,5.93,0.66,06:12,06:41,24.76,20.45,2.34,5580,2.205,59177,0.776
2021,416629,TELEWORK,36.9,29.2,52.9,32.27,10.97,4.42,5.98,8.19,07:08,07:47,4.47,21.79,1.56,4146,2.075,2185397,3.588
2020,462846,BIKE,45.3,37.1,55.2,29.99,19.76,13.38,5.53,1.14,10:33,11:20,11.21,16.37,1.41,4163,0.964,427968,0.98
2017,928733,MIXED,73.1,64.1,90.6,19.39,16.98,18.24,6.81,4.73,07:43,08:57,41.32,23.61,1.9,8000,0.922,1348577,3.197
2023,917367,MIXED,19.6,15.2,25.7,3.13,15.54,9.15,17.43,3.21,10:46,10:51,9.08,18.5,2.35,3857,1.418,1639421,3.845
2024,759277,WALK,17.2,15.9,31.6,21.25,6.6,14.01,14.8,11.23,08:26,08:50,31.63,24.46,2.47,6737,1.375,467264,3.579
2018,421618,BIKE,21.6,18.9,29.3,28.28,10.37,32.99,9.3,9.85,10:37,10:54,43.04,0.92,1.34,6581,1.041,2143872,3.169
2021,271259,TELEWORK,41.9,37.1,49.0,6.36,13.85,23.61,15.21,4.94,07:09,07:41,23.45,10.89,1.91,5450,1.704,1868299,0.679
2023,860461,TELEWORK,55.7,44.9,65.3,3.04,19.24,19.22,10.82,9.27,07:27,08:21,9.0,21.01,1.64,4758,2.311,791935,3.41
2021,759357,TRANSIT,67.9,63.6,86.7,11.54,8.49,26.71,9.98,2.24,09:42,10:53,21.23,19.53,1.87,5560,1.792,271423,2.3
2025,451551,BIKE,18.4,11.9,48.1,0.4,10.71,31.53,5.31,1.69,08:45,08:53,19.82,16.88,2.44,4445,1.495,2047868,2.201
2025,742974,OTHER,44.3,38.9,53.1,11.57,19.52,8.11,1.55,7.46,10:18,10:59,17.01,16.63,2.74,4889,1.402,1315421,3.15
2016,575583,WALK,15.5,5.2,41.5,33.72,16.21,32.43,0.98,4.81,09:40,09:47,19.58,19.52,2.0,4338,0.785,1697492,0.933
2021,144965,OTHER,52.7,52.3,82.4,22.6,9.74,19.02,15.29,1.56,06:20,07:15,39.15,11.72,2.75,7517,1.985,1592134,1.416
2017,852145,TRANSIT,37.4,34.6,46.5,14.28,8.06,17.0,17.89,3.54,06:11,06:36,17.92,4.49,2.63,3737,1.58,2095517,3.818
2025,561131,AUTO,72.3,70.1,87.5,20.1,3.8,8.6,15.25,0.82,07:53,09:07,13.09,10.21,2.96,4388,1.135,1166019,2.459
2020,574127,MIXED,79.8,77.1,89.6,30.7,16.63,28.33,11.67,3.06,10:15,11:34,40.2,6.99,2.83,7906,1.869,2416985,1.97
2017,333997,MIXED,63.5,56.0,69.6,29.93,8.69,25.24,15.8,9.71,10:37,11:40,21.29,19.54,3.18,5958,1.027,1868161,0.862
2023,386123,BIKE,93.0,85.1,119.3,7.93,9.22,2.7,15.94,4.59,09:33,11:04,20.82,16.32,2.03,6385,0.803,2127649,2.766
2020,921360,TRANSIT,26.1,16.9,58.7,10.29,0.67,32.11,16.5,3.91,09:46,10:22,13.36,7.66,2.82,3425,1.009,2192639,1.646
2016,547963,OTHER,43.8,35.3,51.9,11.44,1.55,32.89,4.05,9.04,09:08,09:48,4.19,24.87,1.91,3997,2.248,1006594,3.735
2022,816686,BIKE,54.0,50.0,75.3,4.96,4.04,34.61,12.42,4.06,06:48,07:41,21.17,10.64,2.17,5220,2.078,2087322,2.916
2018,131816,AUTO,81.9,70.7,102.1,2.38,8.47,3.64,5.15,2.54,06:15,07:45,18.1,0.55,2.73,4952,1.185,1202903,0.542
2017,168817,CARPOOL,55.9,46.1,78.1,33.42,18.45,19.5,11.86,11.78,08:27,09:23,26.51,6.16,2.02,5649,2.3,1651662,0.508
2020,567725,WALK,66.8,58.8,89.8,27.45,15.87,24.67,12.04,11.47,07:17,08:27,4.08,13.75,2.27,3223,1.396,1474345,1.884
2018,621697,WALK,40.7,33.8,51.0,33.28,19.58,23.34,2.77,1.33,08:11,08:46,5.16,9.75,1.58,2948,1.294,811800,3.504
2025,322569,TELEWORK,82.7,82.4,116.8,22.73,12.58,1.99,14.99,11.51,10:07,11:28,27.29,14.26,2.72,6238,0.809,2366445,1.539
2023,828757,TRANSIT,42.9,32.6,76.0,16.06,11.21,4.18,2.68,9.32,09:43,10:26,5.9,20.86,2.09,3390,0.995,1769235,0.692
2022,912913,MIXED,20.7,17.1,42.3,16.2,18.74,6.52,6.22,7.4,08:21,08:58,28.64,3.05,3.02,4732,0.934,1061775,3.958
2022,725462,TRANSIT,69.9,62.9,97.8,21.64,5.07,17.12,13.46,11.62,09:51,10:55,36.36,17.35,2.13,7994,1.467,900532,2.687
2024,581107,TRANSIT,19.3,10.1,54.7,29.91,19.04,20.92,3.64,0.86,06:33,06:53,32.61,2.67,1.2,4927,1.704,1547299,2.043
2024,351014,MIXED,74.2,69.8,100.5,15.59,0.44,26.2,16.82,8.08,07:43,08:58,3.85,18.3,2.26,4304,1.16,1350219,4.475
2018,986358,TRANSIT,25.7,14.0,46.4,27.55,4.86,30.55,4.63,3.51,07:54,08:17,3.08,4.28,2.38,2205,1.071,840589,3.354
2021,288900,WALK,13.5,8.9,44.2,27.28,1.72,19.6,13.68,3.26,08:03,08:13,13.15,15.55,2.81,3403,1.084,680958,0.216
2025,946696,MIXED,38.2,27.8,57.2,17.68,14.69,31.35,14.76,1.19,07:56,08:33,12.78,6.43,1.54,2928,2.338,226605,2.803
2025,919624,OTHER,72.0,66.5,98.6,10.82,18.76,13.88,1.49,1.66,06:19,07:30,28.36,3.83,3.19,5507,1.249,2321924,1.844
2016,127387,TRANSIT,56.3,55.6,80.8,7.42,12.19,18.39,15.73,3.24,06:33,07:09,38.87,23.95,2.23,8000,1.978,1067235,1.072
2019,771577,BIKE,68.9,60.0,91.1,25.05,14.45,17.16,13.11,5.38,06:39,07:58,35.44,9.3,2.63,6508,2.237,516327,0.705
2019,573280,BIKE,65.0,59.1,96.4,6.55,19.95,18.65,1.74,9.35,07:24,08:25,34.79,2.98,1.59,5878,1.38,2237645,1.518
2020,796844,BIKE,22.3,12.9,42.8,16.08,3.05,30.21,4.47,1.25,10:17,10:33,42.81,20.44,1.34,7361,2.071,560292,2.535
2023,498884,WALK,86.0,74.2,109.1,20.99,3.65,13.95,15.49,10.42,06:02,07:35,39.54,5.64,1.21,8000,2.286,1759917,3.19
2024,566509,AUTO,70.5,62.9,78.1,12.27,6.14,3.77,6.21,10.98,08:45,10:00,43.52,4.91,1.83,8000,0.985,2097895,2.328
2021,906898,AUTO,13.4,11.3,42.5,25.05,12.2,14.95,10.34,2.23,07:49,08:08,29.04,6.91,2.82,5385,1.322,1063030,0.444
2020,646851,CARPOOL,22.8,20.8,54.3,27.42,9.85,8.91,9.76,9.64,06:54,07:20,36.23,21.73,1.19,7452,2.367,1850266,0.278
2022,477000,TRANSIT,61.7,54.7,93.1,29.44,15.12,17.1,0.83,8.74,08:16,09:35,40.12,7.06,2.32,7209,1.285,393687,3.559
2021,644901,TRANSIT,49.2,48.5,85.3,14.59,19.1,9.52,8.9,1.28,08:43,09:39,7.73,3.92,2.63,2422,2.316,1220188,0.655
2018,103005,CARPOOL,18.3,11.4,43.4,8.85,17.21,33.41,12.26,6.58,10:28,10:47,31.65,1.89,3.05,4691,1.612,294572,3.576
2021,466961,BIKE,44.9,39.8,62.7,15.78,1.06,33.27,17.87,10.48,10:28,11:06,31.98,21.93,1.83,7532,2.035,1365657,3.763
2024,283422,TELEWORK,61.9,60.6,89.0,32.38,18.39,14.74,6.3,2.62,10:22,11:05,10.66,24.03,1.57,4970,1.625,1529222,2.917
2021,520435,OTHER,37.8,37.8,50.4,13.69,7.57,15.72,12.31,8.13,06:38,07:01,44.06,23.62,1.84,8000,1.083,1954883,4.492
2017,647753,MIXED,25.4,24.2,42.7,1.07,9.11,7.75,6.33,4.97,06:50,07:14,36.29,3.26,1.81,5594,1.66,2279398,0.439
2020,181318,WALK,14.8,8.0,25.5,32.61,2.26,15.95,7.0,11.63,06:05,06:17,17.48,1.68,1.24,2974,1.792,95821,3.463
2023,379903,AUTO,65.2,53.8,92.7,17.06,1.7,33.38,3.23,10.78,10:36,11:43,24.78,4.77,2.49,5616,0.794,2098822,2.487
2016,879619,OTHER,49.8,43.0,84.6,28.9,4.71,29.56,3.03,3.41,08:17,09:05,21.8,19.59,2.89,5546,0.788,1368772,2.831
2021,726560,AUTO,77.8,75.8,96.3,6.82,12.68,8.4,14.69,10.6,07:39,08:58,24.11,10.91,3.0,5519,0.828,466342,1.886
2017,742552,TELEWORK,33.5,31.9,48.8,12.54,0.08,1.32,12.88,2.28,07:18,07:32,17.6,16.84,1.17,5234,1.464,1299376,2.294
2021,282703,TRANSIT,84.0,77.5,94.4,31.59,18.1,23.53,11.46,6.47,07:09,08:37,24.89,18.52,3.18,6656,2.328,1035685,3.763
2023,791258,OTHER,29.4,18.6,68.5,30.01,4.14,21.1,7.1,11.09,07:58,08:27,42.66,1.84,1.1,5900,1.52,19318,2.204
2018,304291,WALK,37.8,34.9,73.9,17.1,18.29,14.82,2.05,8.8,09:53,10:23,21.57,19.02,2.09,5361,1.824,1075546,2.704
2018,403411,AUTO,59.5,52.8,65.5,7.53,11.2,34.05,6.64,1.3,06:35,07:46,27.56,9.46,2.39,5695,1.817,628027,3.482
2024,244505,CARPOOL,29.6,28.0,37.0,23.7,4.9,15.74,15.48,4.45,08:47,09:24,40.71,1.55,2.0,5826,2.179,1163653,2.034
2021,806604,CARPOOL,59.1,53.3,76.0,22.5,6.13,15.5,14.79,8.23,08:31,09:40,37.81,11.79,2.67,7094,2.215,402981,1.616
2022,905738,AUTO,92.1,87.2,114.5,15.22,13.94,12.92,13.95,8.21,09:33,11:06,44.72,14.42,1.26,8000,1.215,1612686,3.0
2022,581738,TRANSIT,88.8,80.8,128.0,8.7,11.12,16.46,13.18,5.81,08:19,09:48,34.94,20.68,2.81,8000,1.637,78495,0.89
2016,680857,OTHER,35.3,23.6,70.8,23.61,5.36,8.43,9.1,6.88,10:30,11:00,20.81,15.79,2.9,5074,1.485,1268213,3.165
2016,212114,MIXED,88.4,78.8,99.4,25.58,0.47,16.54,7.86,9.29,08:20,09:36,42.08,3.3,1.67,7639,1.981,225898,4.2
2016,666643,WALK,92.4,87.5,129.2,17.88,1.11,9.23,15.79,5.64,10:40,12:15,32.64,12.45,2.33,7530,0.831,2399542,1.579
2023,588618,CARPOOL,52.2,41.9,73.5,12.04,3.01,29.16,9.88,10.33,10:49,11:49,21.23,22.19,2.53,6104,2.167,411407,3.412
2025,385926,TELEWORK,90.4,78.9,114.4,0.66,16.53,20.43,11.9,3.37,06:42,08:04,27.42,16.2,1.22,7191,2.038,1523750,2.272
2018,771108,CARPOOL,33.7,32.1,52.2,2.63,10.47,1.17,11.05,10.31,06:14,06:48,13.76,5.8,2.36,3429,1.028,1082622,2.45
2024,747659,WALK,41.1,35.0,57.6,21.09,10.88,22.49,0.18,11.4,09:13,10:00,26.81,13.32,1.54,5154,2.199,1049299,0.916
2022,520542,AUTO,44.1,43.2,52.3,27.38,10.27,2.7,13.28,0.66,07:50,08:47,31.79,6.54,1.64,6014,0.847,1072980,4.371
2025,916970,CARPOOL,71.3,62.6,93.6,12.59,5.09,24.67,3.74,10.09,09:32,10:43,7.62,20.4,1.89,4876,2.031,1695840,3.317
2019,832724,WALK,85.3,77.2,107.6,25.84,5.44,26.87,9.1,3.62,08:14,09:39,30.98,12.68,1.53,7520,1.841,2048126,4.469
2017,308194,BIKE,85.0,84.6,94.9,26.31,17.33,27.95,1.56,8.5,10:36,12:02,13.19,3.55,2.1,4123,1.613,749961,3.716
2024,797131,CARPOOL,46.3,42.6,60.9,23.36,2.65,28.48,17.99,5.38,06:13,07:08,12.02,3.16,2.56,3458,2.056,2192599,3.52
2021,793865,AUTO,34.0,26.6,69.1,23.73,6.68,27.44,10.08,2.07,08:33,09:09,42.0,17.31,2.61,8000,1.738,940940,2.726
2019,492225,OTHER,56.1,50.7,87.9,21.48,1.37,5.5,11.5,10.44,10:03,10:55,20.45,6.92,1.03,4143,1.035,990381,2.538
2017,866345,TELEWORK,88.0,86.7,102.1,7.74,8.86,27.94,12.77,5.33,06:11,07:36,5.29,20.78,2.76,5225,1.875,499327,1.759
2022,782168,WALK,41.8,34.8,73.6,1.53,6.18,25.94,8.83,8.56,07:29,08:10,15.78,15.72,2.71,4571,1.86,1883374,1.867
2021,651624,TELEWORK,43.2,38.0,69.8,34.79,0.23,18.93,14.4,11.33,07:27,08:12,4.08,24.55,1.14,3634,2.154,2245247,0.243
2024,922210,MIXED,11.3,6.1,24.4,4.81,16.87,18.89,15.56,10.96,10:15,10:32,37.44,3.25,1.91,5427,0.773,1572408,3.677
2021,994940,CARPOOL,47.4,42.4,68.8,2.4,9.64,19.25,12.75,1.48,08:31,09:21,32.21,17.61,1.22,6845,1.157,2169355,3.176
2021,481227,AUTO,43.0,39.6,75.8,18.05,18.75,5.14,2.34,1.81,07:38,08:23,19.0,16.74,2.1,5374,0.87,2465400,0.788
2020,264750,TELEWORK,25.6,24.4,36.7,6.41,0.06,14.83,13.25,5.97,06:33,06:48,23.21,17.84,2.6,5788,1.414,1540817,0.36
2016,571884,BIKE,55.5,46.2,83.2,17.4,3.15,6.63,15.5,7.05,07:50,08:39,38.81,22.56,2.9,7698,2.125,1495901,2.743
2020,895958,WALK,69.2,68.5,80.0,0.17,4.34,10.41,6.76,2.03,06:05,07:05,22.99,7.34,2.29,5541,2.139,2386020,0.429
2017,112300,CARPOOL,56.1,49.5,95.1,6.89,6.83,18.97,3.1,2.05,06:16,07:10,14.3,24.62,2.12,5233,1.826,1794610,1.021
2018,322233,TRANSIT,44.8,35.2,58.9,21.87,1.01,3.19,11.55,3.03,10:53,11:41,11.01,18.44,1.62,3996,1.385,1093775,4.479
2019,563718,TELEWORK,79.1,70.5,104.0,29.49,15.73,29.11,10.94,9.73,06:31,07:34,37.75,11.87,2.2,7406,1.528,1887445,2.538
2016,505984,OTHER,71.9,65.0,89.9,13.69,6.48,30.62,8.88,11.69,08:08,09:13,13.8,14.47,3.05,5271,1.285,353703,1.259
2023,367285,WALK,86.4,86.4,118.5,3.12,0.62,26.82,7.0,7.75,09:49,11:14,28.06,6.66,2.38,6382,1.542,1734637,2.608
2017,806302,BIKE,57.5,52.3,92.7,28.56,19.03,11.26,14.46,2.55,08:12,09:14,7.17,20.54,1.85,4237,0.781,229986,0.69
2019,598882,TRANSIT,45.3,38.5,65.1,34.85,4.18,14.07,2.12,7.09,07:17,07:56,21.37,17.54,1.48,5763,2.147,481812,2.957
2025,325687,TELEWORK,23.5,23.3,51.7,34.28,2.2,2.56,1.73,7.32,10:22,10:40,9.09,4.38,1.69,2083,1.895,2154014,1.843
2020,136358,AUTO,58.3,49.6,96.6,6.93,1.62,23.24,14.52,10.01,09:18,10:08,15.02,13.93,2.99,4640,1.86,1279851,2.892
2019,606169,AUTO,91.9,80.7,125.2,5.23,5.15,30.11,17.7,9.68,06:55,08:17,10.08,18.26,2.76,4723,1.362,848110,1.593
2016,209844,MIXED,22.7,17.9,43.0,7.05,5.39,12.3,13.34,6.97,07:06,07:34,41.72,19.95,1.65,8000,1.45,1355200,3.347
2020,148737,TRANSIT,82.0,75.1,92.2,1.38,4.55,28.23,7.74,0.43,06:11,07:35,1.49,23.74,1.99,4480,1.214,404437,0.831
2023,759097,TELEWORK,12.4,5.8,48.2,34.2,6.73,15.58,12.62,2.82,06:15,06:22,42.76,19.14,1.07,7884,2.168,2472868,0.314
2024,463517,WALK,41.8,37.0,57.9,18.78,5.87,33.52,0.45,3.31,08:38,09:14,14.81,17.55,2.43,4150,2.294,1838970,2.245
2018,902465,OTHER,74.4,67.3,80.1,18.23,1.2,33.17,1.65,2.89,10:14,11:18,21.77,23.35,1.27,6818,1.0,2227340,1.028
2017,686760,MIXED,53.5,51.6,65.3,33.25,11.87,31.74,14.22,3.92,08:04,09:12,29.46,5.99,1.32,5226,1.996,1376161,1.375
2022,376627,TRANSIT,61.1,53.5,83.2,3.93,18.34,32.36,8.26,11.63,06:00,06:52,26.69,21.88,3.14,6212,1.076,1981682,2.522
2019,960034,AUTO,77.5,72.2,110.3,24.14,19.68,21.28,6.82,4.75,10:12,11:29,17.29,9.61,1.91,5094,1.685,1932253,0.703
2022,944564,AUTO,81.2,78.8,100.2,10.53,0.34,20.09,9.84,10.84,07:32,09:05,25.02,18.07,3.2,6366,1.544,1773680,2.592
2018,428879,TRANSIT,25.4,23.7,41.1,15.75,4.17,30.76,12.29,2.8,08:48,09:21,17.57,20.49,2.21,4501,1.798,1763635,1.49
2017,183935,MIXED,68.9,63.6,94.7,26.09,17.03,20.4,3.73,2.18,07:57,09:05,11.75,22.86,1.83,5691,2.064,1850381,2.698
2017,245545,TELEWORK,48.2,43.1,60.3,29.95,2.35,22.16,9.91,1.75,06:17,07:14,33.7,16.38,1.65,6448,2.044,2361618,0.722
2016,265511,CARPOOL,42.0,38.3,64.6,7.94,8.81,5.31,14.76,6.07,08:48,09:26,41.03,5.54,2.66,7180,0.984,355812,1.735
2016,100662,OTHER,56.6,45.7,78.4,6.26,16.53,6.87,15.01,8.21,10:33,11:22,21.29,9.95,1.63,5356,2.309,684698,0.22
2025,338749,AUTO,75.9,73.4,105.6,17.73,10.06,11.86,7.93,2.77,10:00,11:20,31.08,10.12,2.49,7143,2.281,1979412,0.71
2020,694733,TELEWORK,52.6,43.9,67.5,26.09,0.06,1.46,12.53,9.39,09:51,10:42,37.37,16.25,1.46,7137,2.208,703680,3.572
2024,554727,BIKE,77.1,70.9,84.0,21.52,12.96,9.55,13.81,9.99,07:15,08:43,26.03,14.17,3.08,6930,1.827,1815483,3.55
2024,303113,CARPOOL,53.6,42.1,67.2,7.72,11.26,0.27,5.96,11.21,08:47,09:20,40.17,14.49,3.2,7670,2.242,1852336,1.437
2020,416140,BIKE,22.5,12.9,46.8,22.03,1.9,5.75,2.17,4.07,09:11,09:26,16.19,18.42,1.05,4202,2.306,1324429,1.357
2021,881479,OTHER,35.6,34.0,68.4,8.59,2.61,24.01,2.8,3.99,10:29,11:03,44.34,20.29,2.42,8000,1.74,1032382,2.314
2017,864113,CARPOOL,72.9,67.2,98.8,22.67,18.26,12.1,17.36,5.96,10:46,12:01,7.37,2.24,2.42,3580,0.989,974657,3.809
2024,410047,MIXED,79.0,71.8,114.0,0.13,12.76,32.94,5.09,2.55,09:46,11:00,13.06,23.64,2.39,5576,1.369,1502048,0.549
2025,922905,BIKE,53.5,47.3,85.2,6.55,9.74,27.59,10.5,0.82,09:23,10:19,28.43,22.13,1.83,6815,1.117,2090314,4.131
2023,166136,BIKE,35.5,32.2,67.8,12.99,15.29,20.58,4.4,5.8,10:15,10:55,28.52,8.49,2.66,5002,1.06,1661871,0.562
2019,931406,BIKE,88.5,85.6,123.5,12.59,9.19,34.07,0.8,5.59,09:10,10:26,14.61,20.68,2.75,5805,1.972,58265,3.206
2017,148289,TELEWORK,50.4,41.6,85.9,13.81,17.49,31.84,16.49,10.36,10:21,11:12,4.99,8.65,1.8,2890,1.659,378252,2.642
2019,918178,AUTO,11.3,4.6,36.4,2.4,12.86,19.71,4.48,9.24,07:24,07:53,22.37,5.87,2.01,4258,1.277,2036211,2.758
2021,718158,TRANSIT,26.4,19.1,56.9,34.23,18.86,6.59,3.6,1.0,06:33,07:10,0.72,5.02,2.66,1380,2.312,1226057,2.752
2019,111339,WALK,82.9,75.4,110.0,25.75,4.59,6.56,9.09,8.37,07:28,08:38,17.63,16.52,2.23,6242,1.47,2138432,3.392
2020,569107,CARPOOL,74.4,73.0,101.0,30.89,19.56,31.79,6.18,4.91,10:59,12:21,13.86,0.16,2.49,3369,1.969,1161988,2.502
2018,211307,TELEWORK,48.1,36.7,83.0,23.53,2.2,34.43,5.39,4.58,09:07,09:57,21.04,12.73,2.4,5091,1.475,21772,1.215
2018,744299,TRANSIT,51.9,44.8,66.7,34.06,11.02,3.97,2.05,0.7,06:58,07:36,42.45,16.02,1.44,8000,2.289,2214910,3.024
2018,955541,OTHER,92.9,91.6,105.4,16.82,2.45,33.22,11.51,7.92,09:20,10:45,24.61,23.64,2.44,7644,1.98,215156,0.701
2016,898805,TELEWORK,18.3,13.2,24.5,23.96,1.1,34.76,4.29,3.56,07:35,07:47,2.23,5.3,1.62,1170,1.737,1499335,1.989
2025,217975,AUTO,9.5,3.0,45.4,6.24,12.39,34.77,4.84,9.7,08:27,08:32,33.8,4.21,1.61,4795,1.918,1338234,3.056
2021,698133,MIXED,72.3,67.6,95.3,33.51,17.32,0.69,8.15,0.5,09:59,11:13,28.79,1.69,1.3,6073,2.292,1991486,2.82
2018,517374,BIKE,89.2,81.5,105.8,28.44,15.94,31.39,0.36,9.92,06:18,07:55,5.2,4.16,2.2,3306,1.688,301195,0.404
2019,556452,AUTO,66.7,60.8,76.1,9.3,13.82,13.7,1.43,9.96,06:01,07:04,44.41,18.71,2.17,8000,0.891,1896473,1.648
2019,739464,OTHER,85.4,79.4,97.7,0.07,1.27,29.92,8.53,1.21,09:07,10:39,0.94,16.24,2.85,4080,2.282,2383873,4.252
2019,375487,MIXED,46.7,45.7,53.9,16.23,2.97,33.61,15.4,9.74,09:00,09:40,29.83,13.85,2.0,6722,1.353,1067022,3.876
2023,269223,CARPOOL,41.5,38.4,56.6,20.92,6.59,24.48,5.44,6.73,06:51,07:33,30.3,13.63,1.5,6475,2.2,358757,1.087
2016,748044,CARPOOL,39.0,33.7,46.3,15.77,2.07,15.01,12.71,5.54,06:04,06:52,34.97,2.37,1.69,5937,0.772,235149,1.364
2021,249048,MIXED,12.8,5.0,38.9,21.36,1.04,25.24,15.91,5.12,09:52,10:00,8.29,5.61,2.04,2280,1.001,794712,0.779
2025,314712,TRANSIT,13.6,12.3,43.0,15.16,8.11,10.83,17.29,2.08,10:54,11:07,8.41,1.01,3.19,1831,0.882,1827253,3.214
2023,610471,CARPOOL,76.8,69.9,97.2,34.83,15.47,29.84,2.76,7.59,09:08,10:26,5.08,14.95,1.9,3887,1.632,1336598,1.881
2025,935785,CARPOOL,86.0,75.3,95.9,10.85,15.76,32.39,10.61,6.04,10:19,11:35,38.48,4.01,2.38,6968,1.932,286913,2.669
2020,421639,BIKE,14.8,9.9,46.0,7.24,3.0,12.08,6.93,8.54,09:01,09:29,32.6,16.32,2.54,6552,1.846,2256776,4.368
2017,387247,MIXED,42.6,36.9,49.1,14.0,17.19,16.96,3.66,9.64,09:40,10:21,1.4,18.0,1.53,3341,1.888,501121,4.342
2019,954939,OTHER,58.0,57.9,84.6,23.57,13.61,27.45,12.18,3.7,09:18,10:21,35.39,5.22,2.55,6405,1.027,934934,1.756
2018,889205,BIKE,47.7,44.6,82.7,28.41,16.47,2.26,9.41,9.53,10:01,10:51,5.33,6.09,2.62,2314,1.786,2426050,3.356
2025,558932,AUTO,48.5,40.0,54.1,3.3,1.7,34.58,8.29,9.37,06:58,07:38,18.79,3.32,1.68,4361,1.557,1515298,2.39
2020,996010,WALK,55.9,46.3,94.9,29.51,4.81,33.71,15.78,5.7,07:22,08:16,42.08,20.89,2.76,8000,2.188,1263032,1.581
2019,127563,WALK,29.2,22.2,44.0,33.68,11.66,14.19,14.22,1.67,08:08,08:44,41.14,12.27,1.8,6963,1.49,1361660,1.066
2021,208703,WALK,41.8,37.8,74.6,7.87,9.68,29.87,4.46,5.84,06:18,06:54,12.78,8.55,1.56,3203,1.087,893263,3.402
2020,105824,TELEWORK,60.3,53.2,77.9,16.38,3.71,22.29,11.06,9.74,07:56,08:50,3.47,20.11,1.31,3818,1.257,220443,1.616
2017,955873,OTHER,92.0,90.2,99.5,34.17,11.58,15.06,3.9,3.14,07:10,08:39,12.37,12.16,2.48,5149,0.947,1441040,3.767
2023,843601,BIKE,25.6,18.5,56.1,11.76,8.32,31.59,7.49,11.69,06:05,06:27,17.7,16.8,1.35,4536,1.707,1657518,4.012
2016,541950,OTHER,57.8,50.6,89.8,14.98,19.62,7.89,3.63,1.99,08:46,09:49,11.37,4.79,2.67,3577,1.484,1178156,4.07
2021,782145,BIKE,25.6,16.4,43.0,16.21,8.81,8.01,2.77,5.08,08:52,09:23,20.94,19.77,1.43,5576,2.11,2262990,2.855
2017,863233,MIXED,76.7,69.1,104.3,28.19,14.8,33.22,7.66,7.27,10:45,11:42,33.04,8.51,1.73,6563,1.127,1377712,3.828
2017,881371,CARPOOL,46.4,36.0,83.4,9.28,10.34,25.99,16.1,4.16,07:39,08:29,43.12,13.05,3.02,7727,1.056,114752,1.553
2021,308184,TRANSIT,89.9,88.6,107.0,32.49,12.75,12.9,15.67,1.92,07:39,09:14,24.24,23.27,1.13,6923,2.164,1629748,0.231
2018,163936,AUTO,82.0,73.6,96.9,28.38,14.17,9.19,15.52,8.36,06:02,07:17,34.71,2.93,2.98,6232,1.247,474835,3.767
