env_water_sample_date,env_water_waterbody_id,env_water_watershed_huc12,env_water_sample_matrix_type,env_water_parameter_code,env_water_result_value,env_water_result_unit,env_water_detection_limit,env_water_exceedance_standard_flag,env_water_impaired_water_flag,env_water_source_tracking_marker,env_water_flow_cfs_at_sample,env_water_temperature_c_water,env_water_ph_value,env_water_dissolved_oxygen_mg_l,env_water_turbidity_ntu,env_water_nitrate_mg_l,env_water_lead_ppb,env_water_algal_bloom_risk_index,env_water_sampling_program_code
2016-01-01,WB000000001,000000000001,SURFACE_WATER,TURBIDITY,363.3694,NTU,3.8399,0,0,HUMAN,119812.812,34.06,9.39,2.123,422.776,4.4123,196.549,0.4587,TRIBAL
2016-01-02,WB000000002,000000000002,GROUNDWATER,CHLORIDE,480.2758,MG_L,1.0272,0,0,NONE,175662.107,23.79,6.82,9.353,748.164,0.7177,167.271,0.3144,STATE
2016-01-03,WB000000003,000000000003,SURFACE_WATER,TURBIDITY,169.4774,PH_UNITS,2.3615,0,0,NONE,68953.979,23.54,5.68,0.831,579.123,19.3125,19.248,0.3089,USGS
2016-01-04,WB000000004,000000000004,SURFACE_WATER,PFAS,473.7839,PCI_L,0.8651,0,1,NONE,44565.826,17.94,9.45,8.675,280.638,15.1777,184.949,0.7335,LOCAL
2016-01-05,WB000000005,000000000005,SURFACE_WATER,PHOSPHATE,176.6439,PPB,2.688,0,0,HUMAN,180806.393,25.19,6.53,2.642,136.7,9.6532,77.934,0.8144,EPA
2016-01-06,WB000000006,000000000006,SURFACE_WATER,ARSENIC,338.9883,PH_UNITS,2.72,0,1,AGRICULTURAL,176446.233,31.93,6.14,12.341,616.041,12.1723,23.781,0.2698,USGS
2016-01-07,WB000000007,000000000007,SURFACE_WATER,E_COLI,198.6253,PH_UNITS,1.4643,0,0,NONE,152667.204,29.03,6.62,4.277,264.394,1.7191,175.306,0.2594,USGS
2016-01-08,WB000000008,000000000008,SEDIMENT,ARSENIC,447.8636,PH_UNITS,4.1872,0,0,NONE,147444.853,11.81,9.31,2.441,670.107,3.2811,122.263,0.0012,EPA
2016-01-09,WB000000009,000000000009,SURFACE_WATER,CHLORIDE,282.84,UG_L,0.3156,0,0,AGRICULTURAL,102664.384,22.67,9.48,5.001,244.754,13.3589,155.144,0.487,STATE
2016-01-10,WB000000010,000000000010,SURFACE_WATER,LEAD,213.8538,PCI_L,4.5352,0,0,HUMAN,146979.927,8.68,7.2,7.781,737.692,15.3317,127.714,0.4683,EPA
2016-01-11,WB000000011,000000000011,SURFACE_WATER,TURBIDITY,16.6107,PH_UNITS,0.2658,0,1,NONE,145128.762,26.76,7.09,3.971,245.92,17.245,105.69,0.722,USGS
2016-01-12,WB000000012,000000000012,DRINKING_WATER,NITRATE,98.546,MPN_100ML,4.8299,1,1,NONE,176865.313,21.57,9.09,2.994,198.258,1.7654,66.483,0.1255,STATE
2016-01-13,WB000000013,000000000013,SURFACE_WATER,CHLORIDE,472.6051,MPN_100ML,2.9728,0,0,NONE,77302.622,17.65,6.23,2.509,513.499,4.4753,160.287,0.0439,TRIBAL
2016-01-14,WB000000014,000000000014,SEDIMENT,NITRATE,99.8265,MPN_100ML,0.0975,0,0,NONE,201249.631,23.63,6.83,8.281,298.788,15.8369,76.365,0.868,USGS
2016-01-15,WB000000015,000000000015,SEDIMENT,LEAD,326.3506,PCI_L,2.3528,1,0,AGRICULTURAL,1422.256,29.51,6.16,10.93,685.92,20.03,1.208,0.5974,LOCAL
2016-01-16,WB000000016,000000000016,EFFLUENT,PFAS,163.8278,MPN_100ML,1.5677,0,1,ANIMAL,229441.997,10.51,6.69,12.401,529.249,7.1486,180.915,0.8156,CITIZEN_SCIENCE
2016-01-17,WB000000017,000000000017,SURFACE_WATER,CHLORIDE,174.9125,PPB,0.9504,0,1,NONE,72325.419,33.72,7.18,1.33,19.819,19.4305,74.749,0.3016,STATE
2016-01-18,WB000000018,000000000018,GROUNDWATER,NITRATE,172.3665,MG_L,2.3384,0,0,ANIMAL,17495.069,1.9,6.44,3.403,19.999,19.3434,65.701,0.2033,EPA
2016-01-19,WB000000019,000000000019,SURFACE_WATER,PFAS,396.8911,UG_L,3.8071,1,0,NONE,14514.563,22.56,7.23,9.725,603.059,14.2792,33.861,0.2758,TRIBAL
2016-01-20,WB000000020,000000000020,SURFACE_WATER,NITRATE,264.2394,MPN_100ML,2.8329,0,1,NONE,49355.474,17.5,7.39,1.566,493.708,21.2162,62.659,0.4885,TRIBAL
2016-01-21,WB000000021,000000000021,SURFACE_WATER,DO,38.9723,PPB,4.1577,0,0,HUMAN,25616.69,12.86,6.22,7.486,42.175,10.2337,179.577,0.4252,USGS
2016-01-22,WB000000022,000000000022,GROUNDWATER,PH,288.8963,UG_L,1.4833,0,1,NONE,131885.355,23.84,6.33,4.937,279.919,17.489,181.575,0.7422,STATE
2016-01-23,WB000000023,000000000023,GROUNDWATER,CHLORIDE,380.2765,MG_L,2.8589,0,1,NONE,133788.858,18.84,5.57,0.836,708.704,18.8582,138.209,0.0029,EPA
2016-01-24,WB000000024,000000000024,SURFACE_WATER,PFAS,434.3612,MG_L,2.3413,0,0,AGRICULTURAL,209609.217,10.83,5.89,1.417,21.561,2.3142,181.413,0.617,STATE
2016-01-25,WB000000025,000000000025,SURFACE_WATER,LEAD,292.8345,PPB,3.9416,0,1,ANIMAL,10648.861,33.82,7.5,2.693,616.769,5.8476,27.557,0.932,STATE
2016-01-26,WB000000026,000000000026,SURFACE_WATER,PHOSPHATE,183.5859,UG_L,1.7388,0,0,NONE,156390.561,20.47,9.09,11.938,789.632,24.9943,194.752,0.7242,STATE
2016-01-27,WB000000027,000000000027,SURFACE_WATER,CHLORIDE,263.2751,UG_L,4.7601,0,0,NONE,116958.87,25.13,6.89,7.112,523.395,10.1644,109.774,0.8866,EPA
2016-01-28,WB000000028,000000000028,SURFACE_WATER,CHLORIDE,236.0045,UG_L,3.9295,1,0,AGRICULTURAL,198870.055,13.73,7.79,13.977,146.533,3.4387,7.565,0.412,TRIBAL
2016-01-29,WB000000029,000000000029,DRINKING_WATER,ARSENIC,389.4039,PCI_L,1.852,0,0,NONE,134835.595,14.89,8.29,4.037,265.928,19.7591,50.572,0.9123,EPA
2016-01-30,WB000000030,000000000030,DRINKING_WATER,PFAS,249.5215,PCI_L,1.7947,0,0,HUMAN,62837.827,12.31,5.8,13.314,635.416,0.8696,44.051,0.5226,STATE
2016-01-31,WB000000031,000000000031,GROUNDWATER,NITRATE,335.1748,PH_UNITS,3.352,0,0,HUMAN,197509.494,0.06,6.19,1.84,563.31,12.138,112.158,0.1327,EPA
2016-02-01,WB000000032,000000000032,GROUNDWATER,PHOSPHATE,291.6836,MG_L,0.7107,0,0,NONE,45298.581,33.61,8.4,3.437,505.963,16.6436,86.504,0.1755,STATE
2016-02-02,WB000000033,000000000033,GROUNDWATER,PFAS,160.8116,NTU,1.6781,0,0,ANIMAL,85449.155,0.9,9.03,8.395,578.884,7.1708,130.854,0.6094,LOCAL
2016-02-03,WB000000034,000000000034,SURFACE_WATER,E_COLI,498.1671,MG_L,2.1254,0,0,NONE,92344.997,16.19,8.9,2.483,272.275,7.1387,55.976,0.3769,STATE
2016-02-04,WB000000035,000000000035,SEDIMENT,CHLORIDE,362.8717,NTU,3.6177,0,1,INDUSTRIAL,115410.478,28.49,5.81,0.851,634.28,21.7304,135.43,0.3245,CITIZEN_SCIENCE
2016-02-05,WB000000036,000000000036,SURFACE_WATER,TURBIDITY,224.0691,PH_UNITS,1.0835,0,1,HUMAN,63460.528,30.02,7.21,11.803,57.069,4.3252,149.335,0.9102,EPA
2016-02-06,WB000000037,000000000037,SURFACE_WATER,PHOSPHATE,115.6329,MG_L,4.8206,0,0,HUMAN,89513.511,3.35,9.26,0.728,145.08,0.6481,47.382,0.0039,EPA
2016-02-07,WB000000038,000000000038,EFFLUENT,PHOSPHATE,485.7542,MG_L,1.8869,0,0,ANIMAL,72424.404,1.7,6.89,2.032,425.198,15.6164,199.948,0.5467,EPA
2016-02-08,WB000000039,000000000039,SURFACE_WATER,LEAD,166.3185,MG_L,0.8241,1,0,NONE,130609.775,8.91,7.17,9.456,317.542,3.2396,25.258,0.4734,STATE
2016-02-09,WB000000040,000000000040,GROUNDWATER,CHLORIDE,16.3545,NTU,3.8425,0,1,NONE,56217.933,8.73,7.18,6.831,644.476,8.4865,94.568,0.7806,CITIZEN_SCIENCE
2016-02-10,WB000000041,000000000041,DRINKING_WATER,DO,440.8325,PH_UNITS,3.1902,0,0,AGRICULTURAL,60535.89,10.02,7.89,5.517,794.131,13.5937,5.196,0.0181,EPA
2016-02-11,WB000000042,000000000042,EFFLUENT,E_COLI,184.3834,UG_L,2.7703,0,1,ANIMAL,17535.64,12.71,7.93,2.963,186.825,5.4414,4.166,0.8396,EPA
2016-02-12,WB000000043,000000000043,EFFLUENT,PH,375.6385,NTU,0.9836,1,0,HUMAN,102899.649,15.96,5.81,9.825,221.195,1.603,111.746,0.1839,LOCAL
2016-02-13,WB000000044,000000000044,EFFLUENT,DO,41.9339,MG_L,1.2901,0,1,INDUSTRIAL,222077.092,34.12,7.63,6.845,604.296,0.2995,16.838,0.6509,TRIBAL
2016-02-14,WB000000045,000000000045,DRINKING_WATER,PFAS,52.9487,MPN_100ML,1.0113,0,0,NONE,230728.133,9.41,6.48,4.249,413.307,1.3807,64.379,0.6317,CITIZEN_SCIENCE
2016-02-15,WB000000046,000000000046,SEDIMENT,ARSENIC,340.2825,PPB,4.4944,0,0,NONE,149808.107,18.44,7.27,12.282,605.377,11.3886,149.481,0.8317,USGS
2016-02-16,WB000000047,000000000047,SURFACE_WATER,LEAD,440.3383,PPB,4.479,0,0,NONE,60122.585,23.07,5.59,10.133,236.5,3.4033,160.482,0.2612,USGS
2016-02-17,WB000000048,000000000048,GROUNDWATER,DO,474.9063,PPB,1.7116,0,1,ANIMAL,38805.504,4.1,6.82,12.761,725.404,14.6614,129.298,0.6674,TRIBAL
2016-02-18,WB000000049,000000000049,SURFACE_WATER,PFAS,196.0709,MG_L,3.6858,0,0,NONE,44986.011,25.77,8.3,5.693,169.365,22.2677,28.889,0.6096,LOCAL
2016-02-19,WB000000050,000000000050,SURFACE_WATER,PH,483.3258,UG_L,1.5562,0,0,NONE,179647.917,6.95,6.2,8.107,664.859,15.3213,49.711,0.3593,EPA
2016-02-20,WB000000051,000000000051,GROUNDWATER,PH,441.7746,MG_L,4.1748,0,0,NONE,229319.965,34.95,6.05,0.825,484.74,24.9559,106.315,0.2121,LOCAL
2016-02-21,WB000000052,000000000052,SURFACE_WATER,NITRATE,128.0394,MPN_100ML,1.0018,0,1,NONE,220993.54,20.22,6.03,0.943,537.314,11.5732,104.93,0.9813,STATE
2016-02-22,WB000000053,000000000053,SURFACE_WATER,PFAS,203.3009,PPB,3.6845,1,0,NONE,191273.622,18.65,6.63,7.604,520.497,8.6516,77.96,0.2854,LOCAL
2016-02-23,WB000000054,000000000054,SURFACE_WATER,E_COLI,129.6837,MPN_100ML,2.3835,0,1,INDUSTRIAL,228.092,28.79,6.05,5.039,726.327,21.8867,158.575,0.9213,USGS
2016-02-24,WB000000055,000000000055,GROUNDWATER,PFAS,391.3425,NTU,1.7101,0,1,NONE,112025.928,23.68,5.97,2.604,677.933,3.6662,58.836,0.6672,STATE
2016-02-25,WB000000056,000000000056,EFFLUENT,NITRATE,483.6917,NTU,1.8388,0,0,NONE,55572.027,7.83,9.17,4.982,638.79,23.9012,14.138,0.9598,CITIZEN_SCIENCE
2016-02-26,WB000000057,000000000057,GROUNDWATER,PHOSPHATE,303.4751,NTU,2.011,0,0,HUMAN,94581.652,24.83,6.66,3.513,19.355,20.1096,82.402,0.5712,LOCAL
2016-02-27,WB000000058,000000000058,GROUNDWATER,TURBIDITY,86.0144,PPB,0.9429,0,0,HUMAN,90758.886,23.17,6.0,3.324,737.02,2.2336,176.452,0.3683,TRIBAL
2016-02-28,WB000000059,000000000059,GROUNDWATER,ARSENIC,322.4323,UG_L,1.9078,0,1,HUMAN,169738.28,8.87,8.41,8.754,162.734,1.6018,94.113,0.8723,EPA
2016-02-29,WB000000060,000000000060,DRINKING_WATER,TURBIDITY,375.7433,PCI_L,1.4315,0,0,NONE,214678.564,30.89,9.35,12.725,743.307,5.3361,54.036,0.0919,STATE
2016-03-01,WB000000061,000000000061,SURFACE_WATER,LEAD,252.5328,PPB,2.2775,0,1,NONE,188328.833,18.43,7.66,1.504,12.478,0.5757,91.815,0.9479,STATE
2016-03-02,WB000000062,000000000062,SURFACE_WATER,PFAS,404.4552,PPB,2.446,0,0,NONE,129688.475,23.08,7.88,12.043,753.096,3.8197,164.09,0.6425,LOCAL
2016-03-03,WB000000063,000000000063,GROUNDWATER,PH,103.0121,MPN_100ML,0.9379,0,0,ANIMAL,204524.814,5.58,8.23,10.25,618.054,15.4378,179.855,0.2523,USGS
2016-03-04,WB000000064,000000000064,SURFACE_WATER,TURBIDITY,378.3608,MG_L,1.7862,0,0,INDUSTRIAL,246027.927,5.43,7.21,5.832,678.769,5.6581,95.693,0.3603,EPA
2016-03-05,WB000000065,000000000065,GROUNDWATER,ARSENIC,40.0257,MPN_100ML,1.33,0,0,AGRICULTURAL,111000.298,33.61,7.86,3.033,442.143,24.3276,134.886,0.9419,EPA
2016-03-06,WB000000066,000000000066,SURFACE_WATER,DO,145.4363,PCI_L,1.5501,0,0,NONE,131398.447,26.15,8.31,6.958,747.022,3.2548,68.871,0.8761,LOCAL
2016-03-07,WB000000067,000000000067,SEDIMENT,CHLORIDE,26.5156,PCI_L,2.1872,0,1,NONE,129392.516,2.17,5.83,11.642,772.289,24.0281,171.367,0.3188,CITIZEN_SCIENCE
2016-03-08,WB000000068,000000000068,SURFACE_WATER,NITRATE,422.5548,NTU,2.2618,0,0,ANIMAL,229067.861,21.95,6.0,0.004,314.115,11.3048,46.254,0.7794,USGS
2016-03-09,WB000000069,000000000069,SURFACE_WATER,NITRATE,109.8923,PH_UNITS,2.9927,0,0,NONE,91920.799,7.63,6.22,11.568,419.204,15.2019,37.082,0.1582,LOCAL
2016-03-10,WB000000070,000000000070,SURFACE_WATER,PH,60.6195,PH_UNITS,4.4467,0,0,HUMAN,217004.216,11.84,6.82,6.402,730.469,17.9592,174.646,0.2054,USGS
2016-03-11,WB000000071,000000000071,SURFACE_WATER,TURBIDITY,327.5441,PH_UNITS,0.5621,0,0,ANIMAL,141524.174,34.92,6.51,6.792,202.831,21.3576,173.884,0.152,EPA
2016-03-12,WB000000072,000000000072,SURFACE_WATER,E_COLI,271.3056,PH_UNITS,3.6454,1,0,NONE,147097.525,5.2,8.93,12.018,433.484,8.6186,55.862,0.6772,EPA
2016-03-13,WB000000073,000000000073,SURFACE_WATER,PHOSPHATE,353.3474,UG_L,3.723,0,1,NONE,214258.628,7.31,7.55,8.165,679.347,22.5082,151.324,0.6966,EPA
2016-03-14,WB000000074,000000000074,GROUNDWATER,ARSENIC,216.5932,PCI_L,1.2473,0,0,ANIMAL,80447.032,28.51,6.29,8.952,51.586,6.7564,116.578,0.7183,STATE
2016-03-15,WB000000075,000000000075,GROUNDWATER,PFAS,495.4018,NTU,1.555,0,0,NONE,142665.527,13.87,8.19,10.904,542.631,6.025,51.411,0.2477,USGS
2016-03-16,WB000000076,000000000076,GROUNDWATER,NITRATE,103.99,NTU,0.87,0,0,NONE,140533.789,28.48,8.27,12.338,770.966,15.0698,75.026,0.6098,TRIBAL
2016-03-17,WB000000077,000000000077,SEDIMENT,PFAS,44.3022,MG_L,1.2005,0,0,NONE,96582.079,31.88,8.07,2.105,236.05,0.2437,164.102,0.6746,STATE
2016-03-18,WB000000078,000000000078,SURFACE_WATER,LEAD,209.6831,PH_UNITS,4.9681,0,0,NONE,94922.729,5.21,9.17,5.6,382.894,11.0589,135.41,0.9805,USGS
2016-03-19,WB000000079,000000000079,SURFACE_WATER,CHLORIDE,65.5313,PCI_L,4.8929,0,0,HUMAN,220148.382,0.94,6.64,11.428,376.339,18.9563,34.531,0.295,STATE
2016-03-20,WB000000080,000000000080,GROUNDWATER,PFAS,70.0969,PCI_L,4.0119,0,1,NONE,15202.562,10.95,8.2,1.791,139.254,8.3712,182.438,0.6281,TRIBAL
2016-03-21,WB000000081,000000000081,SURFACE_WATER,NITRATE,165.6642,PPB,3.6901,0,0,NONE,36471.381,7.06,6.84,9.4,150.63,4.2825,170.126,0.6156,USGS
2016-03-22,WB000000082,000000000082,SURFACE_WATER,E_COLI,74.5884,UG_L,3.7897,0,1,NONE,2770.651,2.78,6.15,12.128,272.141,10.4601,145.67,0.5399,LOCAL
2016-03-23,WB000000083,000000000083,SURFACE_WATER,LEAD,63.1949,MG_L,2.2143,0,0,ANIMAL,96821.179,-0.45,7.55,3.109,659.809,19.0123,190.141,0.7478,CITIZEN_SCIENCE
2016-03-24,WB000000084,000000000084,DRINKING_WATER,PH,297.5796,PCI_L,2.8918,0,1,NONE,192140.555,6.15,9.01,10.481,373.11,13.681,114.806,0.6416,EPA
2016-03-25,WB000000085,000000000085,SURFACE_WATER,DO,354.6513,NTU,1.4396,1,0,NONE,168093.458,33.57,8.7,9.806,761.711,2.6692,186.306,0.6612,EPA
2016-03-26,WB000000086,000000000086,SURFACE_WATER,DO,83.6785,UG_L,2.2327,0,1,NONE,151575.168,11.11,6.43,10.292,594.903,4.2262,101.831,0.4347,STATE
2016-03-27,WB000000087,000000000087,SURFACE_WATER,DO,498.6239,NTU,2.0424,1,0,NONE,77647.415,27.18,6.78,12.656,274.81,18.1665,155.027,0.6369,LOCAL
2016-03-28,WB000000088,000000000088,SURFACE_WATER,LEAD,143.3405,PH_UNITS,3.2404,0,0,NONE,53490.841,34.9,6.31,12.492,201.523,13.3379,85.517,0.3766,USGS
2016-03-29,WB000000089,000000000089,GROUNDWATER,ARSENIC,203.2446,PPB,2.6102,0,0,AGRICULTURAL,100055.217,17.12,8.76,3.594,767.241,7.5377,19.622,0.3301,TRIBAL
2016-03-30,WB000000090,000000000090,EFFLUENT,E_COLI,40.6885,MPN_100ML,2.4211,0,0,NONE,43216.337,15.56,6.95,8.358,685.901,4.2533,90.298,0.0707,LOCAL
2016-03-31,WB000000091,000000000091,EFFLUENT,CHLORIDE,44.1495,PCI_L,0.8395,0,0,HUMAN,14804.557,12.8,9.1,13.948,416.96,12.9417,83.465,0.8938,STATE
2016-04-01,WB000000092,000000000092,EFFLUENT,CHLORIDE,246.427,MPN_100ML,4.9325,0,0,NONE,123094.694,18.68,6.86,7.42,58.8,13.0586,148.443,0.0536,USGS
2016-04-02,WB000000093,000000000093,GROUNDWATER,NITRATE,68.4148,NTU,4.5623,0,0,NONE,9448.348,26.63,8.77,0.949,250.488,0.1791,176.179,0.5664,STATE
2016-04-03,WB000000094,000000000094,GROUNDWATER,NITRATE,378.0642,PPB,4.2174,0,1,ANIMAL,68497.606,10.39,9.1,5.727,304.061,5.6162,112.174,0.6485,CITIZEN_SCIENCE
2016-04-04,WB000000095,000000000095,GROUNDWATER,PHOSPHATE,408.2531,PH_UNITS,2.4673,0,0,NONE,195851.364,27.44,8.44,13.945,666.26,15.6228,103.492,0.5164,CITIZEN_SCIENCE
2016-04-05,WB000000096,000000000096,DRINKING_WATER,E_COLI,437.671,UG_L,0.4324,1,0,NONE,84534.481,15.21,9.19,11.541,545.233,11.1162,141.182,0.5525,CITIZEN_SCIENCE
2016-04-06,WB000000097,000000000097,GROUNDWATER,LEAD,287.2973,MPN_100ML,1.737,0,0,NONE,139946.239,23.85,7.61,6.561,713.805,15.7604,182.767,0.7583,EPA
2016-04-07,WB000000098,000000000098,EFFLUENT,DO,247.8336,MG_L,4.4002,0,0,NONE,9419.498,29.37,9.31,3.402,331.634,11.2603,184.33,0.1082,USGS
2016-04-08,WB000000099,000000000099,DRINKING_WATER,TURBIDITY,210.8556,UG_L,0.6241,0,1,NONE,241948.369,2.74,6.85,6.014,71.437,1.5167,86.1,0.093,LOCAL
2016-04-09,WB000000100,000000000100,GROUNDWATER,PH,39.0816,PCI_L,1.4449,0,0,NONE,19067.412,24.14,8.33,12.156,521.191,12.3953,73.413,0.3027,STATE
2016-04-10,WB000000101,000000000101,SURFACE_WATER,DO,227.5472,MPN_100ML,4.1673,0,1,NONE,2213.756,14.8,8.33,0.291,302.574,1.3604,32.799,0.0217,STATE
2016-04-11,WB000000102,000000000102,SURFACE_WATER,LEAD,68.8588,PCI_L,1.0696,0,1,NONE,155822.941,1.12,8.67,11.576,661.391,15.5389,73.368,0.2956,STATE
2016-04-12,WB000000103,000000000103,EFFLUENT,E_COLI,165.0338,NTU,4.7839,0,0,ANIMAL,16544.17,13.74,6.24,1.946,512.528,17.2137,49.384,0.9763,STATE
2016-04-13,WB000000104,000000000104,SURFACE_WATER,PH,437.5685,PH_UNITS,1.8897,0,0,INDUSTRIAL,96280.747,17.81,8.47,1.581,645.185,16.0731,61.584,0.3066,TRIBAL
2016-04-14,WB000000105,000000000105,DRINKING_WATER,DO,81.1884,NTU,3.2641,0,0,NONE,117350.486,34.87,6.75,6.021,135.221,12.0093,108.096,0.6891,EPA
2016-04-15,WB000000106,000000000106,SURFACE_WATER,NITRATE,490.9512,PH_UNITS,4.1818,0,0,NONE,97080.174,33.65,7.76,7.509,772.498,6.371,19.983,0.4998,LOCAL
2016-04-16,WB000000107,000000000107,SURFACE_WATER,PH,151.6873,NTU,4.128,0,0,HUMAN,227729.904,21.42,8.49,9.533,264.386,11.2237,12.423,0.232,CITIZEN_SCIENCE
2016-04-17,WB000000108,000000000108,GROUNDWATER,PHOSPHATE,95.7699,PPB,0.628,0,0,HUMAN,184564.845,28.25,7.69,7.311,101.68,16.8233,31.551,0.5794,STATE
2016-04-18,WB000000109,000000000109,GROUNDWATER,PHOSPHATE,62.1396,PPB,1.4458,0,0,HUMAN,46739.998,31.59,9.06,0.619,653.622,2.0075,192.252,0.75,CITIZEN_SCIENCE
2016-04-19,WB000000110,000000000110,GROUNDWATER,PH,233.7445,NTU,1.8044,0,0,NONE,134692.636,24.32,9.49,12.423,372.326,1.335,181.912,0.2012,LOCAL
2016-04-20,WB000000111,000000000111,SEDIMENT,PFAS,38.6752,NTU,4.8195,0,1,NONE,143970.999,1.32,8.83,2.291,718.727,11.2872,136.946,0.4658,LOCAL
2016-04-21,WB000000112,000000000112,DRINKING_WATER,E_COLI,400.1105,PCI_L,0.7301,0,1,NONE,17743.96,8.12,8.52,2.013,517.888,18.7976,86.283,0.7592,TRIBAL
2016-04-22,WB000000113,000000000113,GROUNDWATER,CHLORIDE,2.627,PH_UNITS,2.2628,1,0,AGRICULTURAL,110379.258,9.85,5.7,1.082,192.642,17.8143,38.768,0.3696,STATE
2016-04-23,WB000000114,000000000114,GROUNDWATER,PHOSPHATE,496.5182,UG_L,0.2052,0,0,HUMAN,108938.199,26.86,8.15,1.836,410.916,24.1109,196.023,0.6958,STATE
2016-04-24,WB000000115,000000000115,EFFLUENT,PHOSPHATE,147.9927,PPB,4.9163,0,0,ANIMAL,79732.434,7.18,8.36,10.893,19.4,5.2615,192.202,0.1435,STATE
2016-04-25,WB000000116,000000000116,GROUNDWATER,E_COLI,39.2905,MG_L,1.7999,0,0,INDUSTRIAL,144889.969,9.97,8.59,5.493,209.979,0.2881,12.102,0.7866,STATE
2016-04-26,WB000000117,000000000117,EFFLUENT,LEAD,66.4069,UG_L,0.2218,0,0,NONE,219456.097,23.04,7.56,0.423,675.456,5.4005,27.769,0.9164,CITIZEN_SCIENCE
2016-04-27,WB000000118,000000000118,SURFACE_WATER,NITRATE,398.7073,NTU,2.8255,0,0,HUMAN,213453.907,12.82,6.23,12.343,581.164,15.3932,51.981,0.7648,USGS
2016-04-28,WB000000119,000000000119,SURFACE_WATER,PH,482.674,MG_L,2.8177,0,1,NONE,7691.652,2.71,6.19,4.255,755.325,16.5392,103.566,0.707,STATE
2016-04-29,WB000000120,000000000120,EFFLUENT,PH,352.7246,UG_L,2.9905,0,0,NONE,41638.718,13.33,8.99,10.732,641.348,15.5786,71.858,0.5172,LOCAL
2016-04-30,WB000000121,000000000121,GROUNDWATER,PFAS,173.8927,PPB,3.6277,1,0,HUMAN,175247.914,11.04,9.35,2.372,381.392,16.5698,176.406,0.4477,LOCAL
2016-05-01,WB000000122,000000000122,SEDIMENT,PH,319.7349,PCI_L,2.5957,0,0,NONE,231912.758,11.99,7.75,2.524,775.563,10.2145,30.744,0.043,CITIZEN_SCIENCE
2016-05-02,WB000000123,000000000123,GROUNDWATER,PFAS,495.3832,PPB,1.5841,0,0,NONE,154951.619,12.21,8.5,0.894,236.367,17.3706,14.961,0.9489,STATE
2016-05-03,WB000000124,000000000124,DRINKING_WATER,CHLORIDE,378.9105,PCI_L,4.04,0,0,HUMAN,86080.214,17.48,9.11,6.503,663.471,17.9182,59.166,0.8884,STATE
2016-05-04,WB000000125,000000000125,GROUNDWATER,E_COLI,324.7447,PCI_L,3.5232,0,0,HUMAN,216039.926,33.11,7.72,0.87,318.929,15.5105,109.991,0.3007,STATE
2016-05-05,WB000000126,000000000126,SEDIMENT,ARSENIC,290.2767,NTU,3.4562,0,0,INDUSTRIAL,76378.17,15.95,5.56,3.404,165.233,19.4201,134.469,0.8197,USGS
2016-05-06,WB000000127,000000000127,SURFACE_WATER,CHLORIDE,491.3397,PCI_L,0.2136,0,0,NONE,105504.376,17.41,8.16,5.392,570.162,13.2758,178.683,0.5267,TRIBAL
2016-05-07,WB000000128,000000000128,EFFLUENT,ARSENIC,410.9134,PH_UNITS,2.2663,0,0,NONE,57806.138,14.41,8.41,1.384,305.739,9.2805,31.259,0.2615,USGS
2016-05-08,WB000000129,000000000129,SURFACE_WATER,TURBIDITY,420.7125,PH_UNITS,0.56,0,0,INDUSTRIAL,65016.29,33.69,7.66,0.073,378.916,7.5166,21.906,0.617,STATE
2016-05-09,WB000000130,000000000130,SURFACE_WATER,PFAS,427.3862,UG_L,3.7299,1,0,INDUSTRIAL,50366.254,8.71,8.4,12.914,129.599,11.8024,63.183,0.9239,LOCAL
2016-05-10,WB000000131,000000000131,EFFLUENT,E_COLI,102.6287,PPB,2.0037,0,1,NONE,200534.453,28.89,6.5,0.817,579.12,10.6851,131.327,0.5945,LOCAL
2016-05-11,WB000000132,000000000132,SURFACE_WATER,PFAS,369.0299,NTU,0.9295,1,0,NONE,145270.415,21.82,9.02,11.686,183.832,15.3012,128.73,0.2046,EPA
2016-05-12,WB000000133,000000000133,EFFLUENT,LEAD,337.7137,PCI_L,4.6142,0,0,INDUSTRIAL,14425.726,22.24,9.38,6.661,495.06,14.7985,8.773,0.9961,STATE
2016-05-13,WB000000134,000000000134,SURFACE_WATER,CHLORIDE,302.8851,UG_L,4.1278,1,0,INDUSTRIAL,165277.244,10.09,9.1,2.176,432.485,19.4795,87.206,0.4652,CITIZEN_SCIENCE
2016-05-14,WB000000135,000000000135,SURFACE_WATER,PFAS,350.9787,MG_L,1.9777,1,0,NONE,223640.615,29.2,7.23,8.521,540.312,9.387,8.249,0.0604,EPA
2016-05-15,WB000000136,000000000136,SURFACE_WATER,PHOSPHATE,45.523,PH_UNITS,4.0308,0,0,NONE,99426.279,5.85,7.7,6.999,166.24,18.8978,99.831,0.2528,TRIBAL
2016-05-16,WB000000137,000000000137,SURFACE_WATER,PH,78.5156,NTU,1.0114,0,0,NONE,243331.516,15.78,9.15,13.104,104.041,8.4813,24.682,0.1507,STATE
2016-05-17,WB000000138,000000000138,SURFACE_WATER,PHOSPHATE,498.5228,PH_UNITS,1.9626,1,0,NONE,147917.668,19.1,6.65,0.746,115.703,11.5732,21.064,0.576,TRIBAL
2016-05-18,WB000000139,000000000139,SURFACE_WATER,ARSENIC,417.9117,MPN_100ML,0.0604,0,0,ANIMAL,189915.9,25.25,7.75,9.98,64.834,20.6095,66.388,0.5983,CITIZEN_SCIENCE
2016-05-19,WB000000140,000000000140,EFFLUENT,ARSENIC,228.4113,MPN_100ML,2.5078,0,0,ANIMAL,34995.469,19.72,9.13,12.069,634.751,1.8112,172.812,0.1411,USGS
2016-05-20,WB000000141,000000000141,DRINKING_WATER,E_COLI,257.4524,MPN_100ML,2.7803,0,0,HUMAN,100499.951,5.41,9.01,6.236,253.37,4.6662,178.211,0.4486,STATE
2016-05-21,WB000000142,000000000142,SURFACE_WATER,PHOSPHATE,431.6886,MPN_100ML,3.1581,1,0,ANIMAL,125778.304,-0.75,7.78,4.918,749.627,4.5626,21.394,0.4797,EPA
2016-05-22,WB000000143,000000000143,SURFACE_WATER,LEAD,123.0067,MPN_100ML,1.6518,1,0,NONE,7577.239,3.49,7.43,8.535,85.068,9.3887,60.798,0.8755,LOCAL
2016-05-23,WB000000144,000000000144,SURFACE_WATER,DO,99.1917,NTU,1.7813,0,0,AGRICULTURAL,206391.382,27.66,6.41,12.64,230.537,13.4287,19.558,0.8621,STATE
2016-05-24,WB000000145,000000000145,SURFACE_WATER,NITRATE,234.2289,UG_L,0.9748,0,0,NONE,158277.537,10.63,6.53,4.299,748.056,2.8158,159.544,0.3493,EPA
2016-05-25,WB000000146,000000000146,SURFACE_WATER,E_COLI,323.9496,UG_L,1.5264,0,1,HUMAN,208965.75,0.86,6.2,11.514,193.232,17.8395,4.371,0.2634,USGS
2016-05-26,WB000000147,000000000147,GROUNDWATER,PHOSPHATE,6.24,UG_L,0.612,0,0,NONE,55411.804,12.19,7.29,4.892,380.376,8.2089,129.909,0.818,STATE
2016-05-27,WB000000148,000000000148,EFFLUENT,PH,157.9247,PCI_L,4.9882,0,0,ANIMAL,241259.796,26.3,8.49,4.611,423.878,23.926,182.868,0.7234,EPA
2016-05-28,WB000000149,000000000149,SEDIMENT,TURBIDITY,464.2289,PCI_L,1.2726,0,0,NONE,202903.888,25.62,9.19,6.936,200.306,0.7176,87.496,0.8776,EPA
2016-05-29,WB000000150,000000000150,SURFACE_WATER,DO,76.2207,PH_UNITS,1.813,0,1,HUMAN,140131.554,7.75,8.86,8.166,166.933,12.9326,103.76,0.2158,STATE
2016-05-30,WB000000151,000000000151,DRINKING_WATER,PH,432.7725,MPN_100ML,0.2817,1,0,NONE,50569.815,15.33,6.89,9.131,318.194,15.5725,180.949,0.4211,TRIBAL
2016-05-31,WB000000152,000000000152,SURFACE_WATER,DO,448.7596,UG_L,3.8582,0,1,HUMAN,72776.796,0.93,7.54,4.674,335.105,22.4919,156.684,0.2007,CITIZEN_SCIENCE
2016-06-01,WB000000153,000000000153,GROUNDWATER,LEAD,385.5887,PCI_L,3.2816,0,0,AGRICULTURAL,24113.381,12.49,9.2,13.387,643.479,1.8563,132.135,0.3595,LOCAL
2016-06-02,WB000000154,000000000154,GROUNDWATER,PH,157.0459,PH_UNITS,2.0971,1,1,ANIMAL,127505.514,5.58,8.12,13.583,114.569,8.1192,55.058,0.3656,LOCAL
2016-06-03,WB000000155,000000000155,SURFACE_WATER,PH,411.4569,PCI_L,1.3517,0,0,NONE,27334.096,7.96,8.86,3.658,429.407,6.9762,29.298,0.4215,STATE
2016-06-04,WB000000156,000000000156,SURFACE_WATER,TURBIDITY,26.0706,UG_L,3.419,0,0,HUMAN,62272.3,30.13,8.92,2.524,606.586,2.11,18.657,0.9812,LOCAL
2016-06-05,WB000000157,000000000157,SURFACE_WATER,PHOSPHATE,96.4178,MG_L,3.4524,0,0,AGRICULTURAL,222839.905,26.54,8.15,7.773,673.399,15.3074,6.471,0.349,STATE
2016-06-06,WB000000158,000000000158,EFFLUENT,PH,290.7483,MG_L,2.0086,0,1,ANIMAL,180217.339,24.9,8.48,9.946,434.431,17.0618,55.421,0.6775,USGS
2016-06-07,WB000000159,000000000159,SURFACE_WATER,PHOSPHATE,243.6108,PH_UNITS,4.1896,0,0,ANIMAL,35608.281,1.39,7.9,9.893,359.577,11.3104,2.131,0.6975,TRIBAL
2016-06-08,WB000000160,000000000160,SEDIMENT,PFAS,376.7646,PH_UNITS,0.8708,0,0,AGRICULTURAL,129461.357,21.12,7.75,12.853,44.573,13.0174,134.073,0.3402,CITIZEN_SCIENCE
2016-06-09,WB000000161,000000000161,DRINKING_WATER,TURBIDITY,210.9822,PH_UNITS,3.2806,0,1,NONE,51907.416,31.11,8.07,1.838,498.624,10.3634,158.402,0.8599,USGS
2016-06-10,WB000000162,000000000162,EFFLUENT,LEAD,416.7004,NTU,0.5803,0,0,HUMAN,76793.031,31.77,8.89,7.943,402.787,22.1412,193.484,0.0235,STATE
2016-06-11,WB000000163,000000000163,SEDIMENT,NITRATE,239.0169,MPN_100ML,4.3722,0,0,NONE,218904.361,20.96,8.38,1.896,512.845,19.6311,57.15,0.5711,EPA
2016-06-12,WB000000164,000000000164,SURFACE_WATER,PHOSPHATE,83.7391,NTU,4.2142,0,0,NONE,25486.741,22.12,7.91,8.375,101.573,9.6641,95.984,0.4103,TRIBAL
2016-06-13,WB000000165,000000000165,SURFACE_WATER,PH,273.0128,UG_L,2.6185,0,1,NONE,184487.667,22.88,9.04,10.366,390.686,24.1476,105.365,0.692,CITIZEN_SCIENCE
2016-06-14,WB000000166,000000000166,DRINKING_WATER,NITRATE,242.6997,PCI_L,1.0642,0,0,NONE,189944.566,32.45,5.71,10.461,199.317,5.6038,3.415,0.7914,EPA
2016-06-15,WB000000167,000000000167,GROUNDWATER,PH,5.445,MG_L,0.1825,1,0,NONE,6510.018,24.29,5.97,2.305,555.728,8.9809,150.904,0.6711,EPA
2016-06-16,WB000000168,000000000168,SURFACE_WATER,LEAD,424.323,NTU,0.7988,0,1,NONE,204166.912,15.52,7.47,12.623,460.886,23.9592,89.559,0.2757,CITIZEN_SCIENCE
2016-06-17,WB000000169,000000000169,SURFACE_WATER,DO,206.7981,PCI_L,2.2445,0,0,AGRICULTURAL,161067.345,33.46,6.21,9.142,765.865,5.4261,66.247,0.4476,EPA
2016-06-18,WB000000170,000000000170,SURFACE_WATER,ARSENIC,174.4326,UG_L,2.3797,0,1,NONE,87874.147,18.62,7.3,0.261,281.899,8.4538,130.555,0.4696,LOCAL
2016-06-19,WB000000171,000000000171,SURFACE_WATER,NITRATE,429.1572,PPB,1.1458,0,0,HUMAN,75268.062,3.61,7.61,0.599,120.128,13.8045,19.593,0.4261,USGS
2016-06-20,WB000000172,000000000172,SURFACE_WATER,ARSENIC,101.1412,NTU,2.4403,0,1,NONE,241386.386,2.19,5.83,6.355,7.87,15.0525,198.105,0.2319,USGS
2016-06-21,WB000000173,000000000173,GROUNDWATER,CHLORIDE,176.1864,MPN_100ML,4.6858,0,0,NONE,211865.824,27.97,8.15,5.003,574.183,16.1057,166.647,0.3836,LOCAL
2016-06-22,WB000000174,000000000174,SURFACE_WATER,NITRATE,26.1534,UG_L,0.8023,0,1,NONE,8712.888,30.97,8.04,5.32,515.132,9.8356,44.128,0.5668,TRIBAL
2016-06-23,WB000000175,000000000175,SURFACE_WATER,E_COLI,485.5634,NTU,4.2594,0,0,HUMAN,177570.537,0.41,6.05,6.902,351.765,10.7861,181.097,0.4422,LOCAL
2016-06-24,WB000000176,000000000176,SURFACE_WATER,ARSENIC,50.0567,PPB,3.9826,1,0,INDUSTRIAL,117763.05,2.31,5.67,11.964,719.851,7.6654,187.23,0.4763,LOCAL
2016-06-25,WB000000177,000000000177,EFFLUENT,PFAS,387.4149,PPB,4.3484,0,0,ANIMAL,70411.973,24.97,7.91,7.262,472.589,21.0721,199.685,0.8268,TRIBAL
2016-06-26,WB000000178,000000000178,SURFACE_WATER,CHLORIDE,57.4309,UG_L,4.0979,0,0,NONE,42889.238,19.94,5.78,4.596,565.201,8.369,141.558,0.8089,LOCAL
2016-06-27,WB000000179,000000000179,SURFACE_WATER,PFAS,40.4864,NTU,2.9165,0,0,NONE,176046.314,4.38,6.32,7.844,223.926,3.4162,154.024,0.5465,USGS
2016-06-28,WB000000180,000000000180,SURFACE_WATER,DO,145.3218,PPB,4.5433,0,0,NONE,150789.969,17.22,5.83,1.776,661.872,24.5159,68.596,0.9312,USGS
2016-06-29,WB000000181,000000000181,DRINKING_WATER,CHLORIDE,481.3418,MPN_100ML,3.3215,0,0,ANIMAL,168006.913,28.17,7.15,7.454,359.048,7.6555,23.136,0.4059,STATE
2016-06-30,WB000000182,000000000182,SURFACE_WATER,PHOSPHATE,31.2417,MPN_100ML,1.8253,0,0,HUMAN,186284.425,14.21,5.62,7.73,271.074,17.9171,18.82,0.5867,LOCAL
2016-07-01,WB000000183,000000000183,GROUNDWATER,CHLORIDE,340.0041,UG_L,2.1633,0,0,ANIMAL,189837.319,9.61,6.42,11.549,686.237,9.7662,89.472,0.6706,USGS
2016-07-02,WB000000184,000000000184,DRINKING_WATER,ARSENIC,11.6963,PPB,3.0813,0,0,NONE,219411.371,-0.7,7.52,13.11,34.937,2.6881,138.989,0.1345,CITIZEN_SCIENCE
2016-07-03,WB000000185,000000000185,SURFACE_WATER,E_COLI,118.7178,PH_UNITS,4.6707,0,0,NONE,102140.173,18.21,7.42,1.866,566.921,1.8684,5.035,0.7283,STATE
2016-07-04,WB000000186,000000000186,SURFACE_WATER,PHOSPHATE,13.9068,MPN_100ML,0.2701,0,0,AGRICULTURAL,35375.594,20.02,7.76,4.705,664.968,14.6633,122.328,0.5784,CITIZEN_SCIENCE
2016-07-05,WB000000187,000000000187,SURFACE_WATER,ARSENIC,106.8235,PH_UNITS,1.0816,0,1,INDUSTRIAL,193742.232,29.33,5.53,1.179,603.666,1.3404,150.423,0.0658,STATE
2016-07-06,WB000000188,000000000188,GROUNDWATER,PHOSPHATE,425.4744,MPN_100ML,3.8034,0,1,HUMAN,192226.148,2.21,6.5,8.867,726.775,1.2984,92.788,0.9164,TRIBAL
2016-07-07,WB000000189,000000000189,GROUNDWATER,LEAD,6.6692,PPB,1.6435,0,0,NONE,111589.101,14.3,7.35,12.399,103.417,18.1735,147.522,0.3216,LOCAL
2016-07-08,WB000000190,000000000190,SURFACE_WATER,PFAS,454.037,MG_L,0.4367,0,0,NONE,232618.537,1.47,8.94,12.233,87.114,21.5787,188.649,0.6207,TRIBAL
2016-07-09,WB000000191,000000000191,SURFACE_WATER,PHOSPHATE,383.8675,PH_UNITS,3.9505,1,0,NONE,14929.596,11.24,7.29,2.422,569.919,6.3464,75.265,0.6283,USGS
2016-07-10,WB000000192,000000000192,EFFLUENT,PFAS,307.5844,PH_UNITS,3.4717,0,0,HUMAN,107352.184,20.97,8.56,9.426,17.353,9.3117,181.865,0.3817,LOCAL
2016-07-11,WB000000193,000000000193,SURFACE_WATER,DO,487.1783,NTU,1.018,0,1,NONE,85916.161,8.7,7.76,1.874,557.966,12.3159,59.102,0.3999,LOCAL
2016-07-12,WB000000194,000000000194,GROUNDWATER,E_COLI,170.6402,UG_L,2.6454,1,0,NONE,83712.874,4.98,8.68,13.183,652.983,21.7529,36.305,0.4399,CITIZEN_SCIENCE
2016-07-13,WB000000195,000000000195,SURFACE_WATER,NITRATE,124.4176,PH_UNITS,2.8393,0,0,NONE,44386.301,11.71,6.32,9.574,87.967,13.2961,69.603,0.9644,USGS
2016-07-14,WB000000196,000000000196,SURFACE_WATER,LEAD,95.1068,NTU,1.7715,0,1,ANIMAL,156773.589,11.03,9.04,10.562,293.678,6.0651,166.68,0.7723,STATE
2016-07-15,WB000000197,000000000197,SURFACE_WATER,PH,468.99,PH_UNITS,2.3102,0,1,HUMAN,23046.201,2.56,6.76,4.821,438.489,23.5369,109.288,0.8547,LOCAL
2016-07-16,WB000000198,000000000198,GROUNDWATER,TURBIDITY,114.3051,NTU,3.532,1,1,INDUSTRIAL,158176.13,20.88,8.29,6.174,526.979,24.6997,2.381,0.6847,EPA
2016-07-17,WB000000199,000000000199,EFFLUENT,ARSENIC,242.4965,UG_L,0.1743,0,0,NONE,219700.917,8.61,9.09,10.104,671.4,0.3368,105.344,0.681,TRIBAL
2016-07-18,WB000000200,000000000200,EFFLUENT,E_COLI,394.9605,MG_L,4.1338,0,0,NONE,13378.047,8.89,7.32,13.807,572.289,20.1169,62.549,0.79,LOCAL
2016-07-19,WB000000201,000000000201,SURFACE_WATER,E_COLI,448.5357,UG_L,2.1741,0,0,HUMAN,8882.986,7.07,7.54,3.994,269.323,22.0217,115.378,0.9319,EPA
2016-07-20,WB000000202,000000000202,SURFACE_WATER,CHLORIDE,68.0781,PH_UNITS,4.6821,0,0,NONE,16416.705,5.65,7.86,9.717,450.807,6.6042,106.448,0.8622,USGS
2016-07-21,WB000000203,000000000203,SURFACE_WATER,NITRATE,86.9012,PCI_L,2.5638,0,0,NONE,238215.231,25.27,6.05,0.345,115.875,15.6121,49.405,0.0082,EPA
2016-07-22,WB000000204,000000000204,EFFLUENT,PH,125.3056,MPN_100ML,1.9574,0,1,NONE,55322.438,25.97,7.26,5.174,295.46,6.9543,33.56,0.9132,CITIZEN_SCIENCE
2016-07-23,WB000000205,000000000205,SURFACE_WATER,NITRATE,392.713,MG_L,2.7805,0,0,NONE,35477.358,16.44,7.73,8.433,245.276,0.5797,95.562,0.1878,EPA
2016-07-24,WB000000206,000000000206,SEDIMENT,PHOSPHATE,95.1209,MG_L,2.5369,0,0,NONE,86102.73,8.57,7.43,10.813,386.362,13.6817,123.023,0.2839,EPA
2016-07-25,WB000000207,000000000207,SURFACE_WATER,PH,414.5428,NTU,1.1609,0,0,NONE,92615.648,12.12,6.26,12.459,206.016,7.9291,89.518,0.2948,USGS
2016-07-26,WB000000208,000000000208,SURFACE_WATER,LEAD,487.9526,PCI_L,0.8188,0,0,NONE,198986.609,33.87,8.07,6.102,462.868,9.0764,131.625,0.6307,TRIBAL
2016-07-27,WB000000209,000000000209,DRINKING_WATER,PFAS,71.4493,MG_L,0.2708,0,0,NONE,72726.586,0.7,8.73,1.36,74.288,12.4506,10.283,0.8444,USGS
2016-07-28,WB000000210,000000000210,SURFACE_WATER,PH,264.479,PH_UNITS,0.5235,0,0,NONE,126237.135,5.5,5.78,1.907,414.491,13.2281,80.582,0.2669,CITIZEN_SCIENCE
2016-07-29,WB000000211,000000000211,GROUNDWATER,LEAD,46.1936,MG_L,2.4608,0,1,NONE,162099.768,33.04,6.47,12.906,256.777,16.9726,115.469,0.9461,STATE
2016-07-30,WB000000212,000000000212,SURFACE_WATER,E_COLI,101.5259,NTU,2.2551,0,0,NONE,114911.751,4.97,6.49,0.813,23.566,24.1864,11.785,0.4182,STATE
2016-07-31,WB000000213,000000000213,DRINKING_WATER,PHOSPHATE,403.6161,PPB,1.6673,0,0,NONE,130268.738,12.44,7.13,8.889,790.125,9.5003,54.714,0.6555,EPA
2016-08-01,WB000000214,000000000214,SURFACE_WATER,ARSENIC,234.9545,PCI_L,2.8967,0,0,NONE,234082.856,18.67,6.18,0.193,716.094,2.333,73.169,0.7098,EPA
2016-08-02,WB000000215,000000000215,GROUNDWATER,DO,476.9751,PCI_L,2.699,0,0,NONE,220790.399,33.63,7.69,2.548,671.974,16.1808,153.443,0.1527,USGS
2016-08-03,WB000000216,000000000216,SURFACE_WATER,E_COLI,85.4653,PH_UNITS,2.8408,0,0,NONE,80836.778,8.27,7.76,5.842,503.087,2.3042,36.813,0.0295,STATE
2016-08-04,WB000000217,000000000217,SURFACE_WATER,NITRATE,14.5947,PH_UNITS,0.6234,0,0,NONE,189803.737,18.86,8.73,9.52,496.817,19.202,5.778,0.9583,STATE
2016-08-05,WB000000218,000000000218,SURFACE_WATER,CHLORIDE,95.3588,NTU,3.3807,0,1,HUMAN,249621.449,28.61,6.79,6.781,49.556,5.0345,28.596,0.2642,LOCAL
2016-08-06,WB000000219,000000000219,GROUNDWATER,CHLORIDE,184.3794,UG_L,2.8903,0,0,NONE,167082.467,34.33,8.45,0.681,795.751,17.7431,158.544,0.1418,CITIZEN_SCIENCE
2016-08-07,WB000000220,000000000220,SURFACE_WATER,LEAD,9.3203,NTU,4.8897,0,1,INDUSTRIAL,33095.568,11.62,8.0,10.401,354.036,7.4691,40.945,0.3056,STATE
2016-08-08,WB000000221,000000000221,SURFACE_WATER,E_COLI,239.1466,NTU,2.7811,0,1,NONE,55900.375,15.29,6.99,11.123,785.983,18.7599,74.426,0.3988,EPA
2016-08-09,WB000000222,000000000222,DRINKING_WATER,ARSENIC,47.0774,UG_L,3.843,0,1,NONE,68165.698,-0.79,8.26,11.783,464.23,5.0158,193.461,0.1056,STATE
2016-08-10,WB000000223,000000000223,SEDIMENT,DO,140.1098,MG_L,3.9745,0,1,AGRICULTURAL,15477.341,12.6,9.19,13.044,685.586,6.4405,41.547,0.0004,TRIBAL
2016-08-11,WB000000224,000000000224,SURFACE_WATER,PH,217.4319,MPN_100ML,0.4068,1,0,ANIMAL,940.455,17.58,6.96,10.274,118.369,6.8367,14.657,0.4355,STATE
2016-08-12,WB000000225,000000000225,SURFACE_WATER,LEAD,479.0599,PCI_L,1.2229,1,0,NONE,49.231,6.3,6.61,10.801,600.951,22.3449,139.799,0.3574,USGS
2016-08-13,WB000000226,000000000226,SURFACE_WATER,CHLORIDE,295.6241,PH_UNITS,0.4433,1,0,NONE,90603.969,4.07,8.16,0.13,427.962,24.263,12.45,0.7765,EPA
2016-08-14,WB000000227,000000000227,EFFLUENT,E_COLI,307.9508,NTU,2.265,0,1,NONE,185224.067,31.47,8.47,6.95,354.136,19.0216,111.434,0.1935,EPA
2016-08-15,WB000000228,000000000228,SURFACE_WATER,PHOSPHATE,57.9966,PPB,1.0605,1,1,NONE,142925.347,32.12,6.49,9.941,235.332,23.8102,58.929,0.5469,EPA
2016-08-16,WB000000229,000000000229,SURFACE_WATER,PH,254.9198,PCI_L,3.8551,1,0,NONE,22779.356,1.76,7.68,9.521,58.47,2.3079,112.336,0.7636,STATE
2016-08-17,WB000000230,000000000230,GROUNDWATER,ARSENIC,488.501,PCI_L,0.2001,1,0,ANIMAL,47327.958,1.26,8.36,0.737,52.543,4.3516,198.677,0.5866,STATE
2016-08-18,WB000000231,000000000231,GROUNDWATER,NITRATE,353.5099,PH_UNITS,1.2785,0,1,HUMAN,227385.641,20.12,9.17,2.992,242.254,15.4192,56.493,0.5425,EPA
2016-08-19,WB000000232,000000000232,SURFACE_WATER,NITRATE,34.2313,PH_UNITS,4.8069,1,0,NONE,155696.227,1.68,8.09,11.4,342.276,19.5227,91.967,0.463,STATE
2016-08-20,WB000000233,000000000233,SURFACE_WATER,PHOSPHATE,118.0127,MPN_100ML,2.1256,0,0,ANIMAL,99528.578,0.66,5.58,3.709,26.81,1.7354,65.891,0.0491,LOCAL
2016-08-21,WB000000234,000000000234,SURFACE_WATER,DO,453.2099,MPN_100ML,2.8112,1,0,NONE,148380.35,25.41,9.46,2.775,432.531,4.6054,157.446,0.783,USGS
2016-08-22,WB000000235,000000000235,DRINKING_WATER,CHLORIDE,339.426,PH_UNITS,1.6647,0,0,HUMAN,154152.175,20.5,8.01,0.042,223.338,3.3443,167.463,0.5335,EPA
2016-08-23,WB000000236,000000000236,SURFACE_WATER,LEAD,260.9284,PPB,3.8661,0,1,NONE,934.316,1.72,5.9,13.418,76.673,21.6058,67.715,0.5091,EPA
2016-08-24,WB000000237,000000000237,GROUNDWATER,PFAS,213.2835,MG_L,0.9769,0,0,HUMAN,168046.012,32.51,7.36,0.427,489.956,20.6511,34.401,0.2557,EPA
2016-08-25,WB000000238,000000000238,GROUNDWATER,LEAD,158.4756,MG_L,1.8609,1,1,INDUSTRIAL,136288.335,25.18,8.77,6.403,189.202,19.9644,145.836,0.074,STATE
2016-08-26,WB000000239,000000000239,SURFACE_WATER,PHOSPHATE,153.9048,PCI_L,1.4089,0,0,NONE,135407.53,10.54,7.34,6.512,657.493,21.6611,58.264,0.5479,CITIZEN_SCIENCE
2016-08-27,WB000000240,000000000240,DRINKING_WATER,PHOSPHATE,55.1568,MPN_100ML,3.113,0,0,HUMAN,126041.937,-0.73,8.61,2.952,123.07,17.8694,16.339,0.643,EPA
2016-08-28,WB000000241,000000000241,SEDIMENT,NITRATE,231.2854,NTU,4.1899,0,0,NONE,69468.139,31.55,8.64,1.757,197.302,18.3413,43.227,0.4483,EPA
2016-08-29,WB000000242,000000000242,SURFACE_WATER,TURBIDITY,244.2683,UG_L,3.4644,0,1,HUMAN,115274.987,34.78,7.89,11.712,395.639,24.1146,152.265,0.134,USGS
2016-08-30,WB000000243,000000000243,SURFACE_WATER,NITRATE,423.572,UG_L,3.5857,0,0,INDUSTRIAL,204673.565,21.33,8.45,4.052,387.041,14.635,8.931,0.4898,LOCAL
2016-08-31,WB000000244,000000000244,SURFACE_WATER,PFAS,66.3117,PCI_L,3.9573,0,1,NONE,123651.277,23.95,8.06,5.106,582.652,1.7261,183.189,0.0292,EPA
2016-09-01,WB000000245,000000000245,GROUNDWATER,PHOSPHATE,145.3259,PH_UNITS,4.2555,1,0,ANIMAL,122098.09,4.29,8.76,4.893,364.173,5.2955,106.963,0.2178,TRIBAL
2016-09-02,WB000000246,000000000246,DRINKING_WATER,CHLORIDE,54.9699,PCI_L,0.9025,1,0,NONE,16934.576,20.19,7.29,11.276,67.03,0.1359,63.77,0.4159,TRIBAL
2016-09-03,WB000000247,000000000247,SURFACE_WATER,TURBIDITY,122.401,MG_L,0.4926,1,0,NONE,175763.96,29.32,7.6,12.683,405.856,13.3982,12.609,0.7169,LOCAL
2016-09-04,WB000000248,000000000248,DRINKING_WATER,CHLORIDE,376.3786,NTU,3.0525,0,0,AGRICULTURAL,213531.234,29.86,9.19,2.552,791.217,6.8251,44.74,0.0843,TRIBAL
2016-09-05,WB000000249,000000000249,SURFACE_WATER,ARSENIC,89.5054,PH_UNITS,0.1208,0,1,ANIMAL,69562.688,17.65,6.04,3.608,489.914,19.8159,157.296,0.5582,CITIZEN_SCIENCE
2016-09-06,WB000000250,000000000250,SEDIMENT,PHOSPHATE,86.8621,PCI_L,0.4589,0,1,HUMAN,12663.483,19.78,9.45,1.198,340.283,0.7029,76.377,0.8734,STATE
2016-09-07,WB000000251,000000000251,GROUNDWATER,PH,124.0049,PCI_L,2.8867,0,0,NONE,162136.365,19.84,8.85,10.522,521.107,19.2147,7.587,0.697,LOCAL
2016-09-08,WB000000252,000000000252,SURFACE_WATER,LEAD,124.708,PCI_L,0.4039,0,0,AGRICULTURAL,34404.97,7.64,7.69,12.154,99.943,3.7432,87.404,0.0812,STATE
2016-09-09,WB000000253,000000000253,GROUNDWATER,PH,266.4811,UG_L,1.6454,0,1,NONE,103985.956,0.46,8.44,3.499,690.681,21.0599,110.161,0.4876,STATE
2016-09-10,WB000000254,000000000254,SURFACE_WATER,PFAS,385.8085,NTU,4.3202,0,1,NONE,194681.552,33.12,9.45,8.725,641.322,7.1219,97.944,0.7551,STATE
2016-09-11,WB000000255,000000000255,SURFACE_WATER,LEAD,223.5967,MPN_100ML,2.742,0,0,NONE,183106.084,23.3,6.67,6.207,157.196,7.9665,115.489,0.4769,USGS
2016-09-12,WB000000256,000000000256,SURFACE_WATER,PHOSPHATE,43.7167,NTU,2.2561,0,1,HUMAN,107897.864,21.42,6.99,1.988,484.425,17.4023,132.734,0.4009,TRIBAL
2016-09-13,WB000000257,000000000257,SEDIMENT,E_COLI,182.9444,UG_L,2.8374,0,0,NONE,195958.524,23.68,7.83,2.611,320.709,18.6628,184.933,0.9047,LOCAL
2016-09-14,WB000000258,000000000258,SURFACE_WATER,TURBIDITY,434.3124,MPN_100ML,1.7379,0,0,HUMAN,31256.292,20.18,9.02,8.608,728.724,23.7164,45.739,0.6941,USGS
2016-09-15,WB000000259,000000000259,SURFACE_WATER,PHOSPHATE,30.3859,PH_UNITS,3.7277,1,0,NONE,101408.799,-0.45,6.93,13.128,172.364,7.0039,47.129,0.4752,STATE
2016-09-16,WB000000260,000000000260,SURFACE_WATER,PH,102.9313,UG_L,3.9251,0,0,ANIMAL,234903.051,24.14,7.54,13.351,64.6,18.5277,163.865,0.5313,LOCAL
2016-09-17,WB000000261,000000000261,SURFACE_WATER,E_COLI,423.2302,PCI_L,1.305,1,0,NONE,217141.647,25.88,8.07,7.482,37.014,9.7236,22.403,0.2615,STATE
2016-09-18,WB000000262,000000000262,EFFLUENT,LEAD,224.442,PCI_L,3.0535,0,0,NONE,26741.62,8.15,5.93,10.542,653.888,22.5116,173.404,0.8724,USGS
2016-09-19,WB000000263,000000000263,DRINKING_WATER,PFAS,485.4843,MG_L,1.2966,0,0,NONE,204777.045,7.39,9.47,2.85,72.578,8.3172,44.301,0.581,USGS
2016-09-20,WB000000264,000000000264,GROUNDWATER,LEAD,457.7026,MPN_100ML,2.521,0,0,NONE,160174.49,0.32,8.66,10.821,219.687,21.4151,118.464,0.5864,STATE
2016-09-21,WB000000265,000000000265,SURFACE_WATER,E_COLI,463.8684,PCI_L,3.1668,0,0,INDUSTRIAL,135699.186,28.39,7.99,9.431,423.813,8.4754,82.453,0.5517,CITIZEN_SCIENCE
2016-09-22,WB000000266,000000000266,SURFACE_WATER,LEAD,456.6963,PCI_L,1.2545,0,0,NONE,185961.713,11.7,9.49,0.925,311.397,24.4635,43.349,0.4467,CITIZEN_SCIENCE
2016-09-23,WB000000267,000000000267,SURFACE_WATER,PFAS,460.9611,PPB,0.6744,0,1,NONE,247941.075,28.65,7.67,3.754,611.855,5.1625,11.506,0.1276,USGS
2016-09-24,WB000000268,000000000268,GROUNDWATER,LEAD,170.77,UG_L,4.4938,0,1,NONE,28974.083,29.99,6.1,4.141,704.561,3.5542,41.612,0.2942,EPA
2016-09-25,WB000000269,000000000269,GROUNDWATER,CHLORIDE,76.0187,NTU,1.2644,1,0,AGRICULTURAL,161291.043,2.61,8.06,6.577,468.706,24.4675,110.412,0.373,LOCAL
2016-09-26,WB000000270,000000000270,DRINKING_WATER,PH,4.0615,PCI_L,3.6582,0,1,NONE,38988.687,-0.1,7.62,8.206,551.141,15.3846,190.914,0.8743,CITIZEN_SCIENCE
2016-09-27,WB000000271,000000000271,GROUNDWATER,LEAD,483.3477,PPB,2.9157,0,1,NONE,11092.773,34.48,8.43,12.599,254.051,4.3183,141.377,0.3587,LOCAL
2016-09-28,WB000000272,000000000272,SEDIMENT,ARSENIC,150.6815,PCI_L,3.361,1,0,ANIMAL,65141.251,3.38,5.85,5.397,111.31,19.6281,58.199,0.4771,USGS
2016-09-29,WB000000273,000000000273,SURFACE_WATER,E_COLI,9.3491,PPB,1.1216,0,0,NONE,114914.15,34.71,6.54,1.149,601.115,22.604,195.59,0.1007,USGS
2016-09-30,WB000000274,000000000274,DRINKING_WATER,NITRATE,259.6026,NTU,4.1995,0,0,HUMAN,101577.433,5.42,9.08,10.571,566.515,14.4085,15.304,0.7347,LOCAL
2016-10-01,WB000000275,000000000275,SURFACE_WATER,ARSENIC,94.4904,PCI_L,0.0536,0,0,HUMAN,192492.44,33.95,9.46,3.962,393.735,16.126,16.144,0.679,LOCAL
2016-10-02,WB000000276,000000000276,SURFACE_WATER,PFAS,318.5572,UG_L,4.8737,0,0,AGRICULTURAL,110454.174,9.36,8.82,9.747,249.348,10.0055,44.435,0.9787,STATE
2016-10-03,WB000000277,000000000277,SURFACE_WATER,PHOSPHATE,182.33,MPN_100ML,2.5676,0,0,ANIMAL,220987.353,6.92,7.57,3.427,43.466,18.9492,111.722,0.6378,USGS
2016-10-04,WB000000278,000000000278,SURFACE_WATER,PFAS,123.1768,PPB,1.5767,0,1,NONE,183659.822,15.7,6.35,12.577,779.414,23.734,181.111,0.4694,LOCAL
2016-10-05,WB000000279,000000000279,SURFACE_WATER,TURBIDITY,1.5708,PCI_L,4.6038,1,0,NONE,199147.391,24.8,8.67,2.635,314.66,3.4267,172.431,0.8863,STATE
2016-10-06,WB000000280,000000000280,SURFACE_WATER,NITRATE,147.2986,UG_L,1.6643,0,0,AGRICULTURAL,105264.915,5.35,5.83,3.772,198.903,15.0383,110.343,0.8881,EPA
2016-10-07,WB000000281,000000000281,SURFACE_WATER,DO,443.99,MPN_100ML,1.3875,0,0,AGRICULTURAL,168450.205,9.67,6.33,0.737,734.556,20.5339,63.855,0.2436,EPA
2016-10-08,WB000000282,000000000282,SURFACE_WATER,NITRATE,129.0169,PPB,4.6835,0,0,NONE,206461.307,7.78,7.59,10.427,191.92,0.4392,143.016,0.1593,CITIZEN_SCIENCE
2016-10-09,WB000000283,000000000283,SURFACE_WATER,CHLORIDE,329.0446,MPN_100ML,2.4356,0,0,NONE,183760.35,32.36,9.46,1.443,349.292,18.3395,79.179,0.073,STATE
2016-10-10,WB000000284,000000000284,SURFACE_WATER,PH,324.2431,MG_L,1.6232,0,0,AGRICULTURAL,116317.557,21.85,8.74,10.322,306.451,18.1901,156.192,0.644,STATE
2016-10-11,WB000000285,000000000285,SURFACE_WATER,DO,451.5675,PPB,3.6242,0,0,HUMAN,146847.257,6.52,9.31,7.669,323.606,4.197,33.452,0.0904,STATE
2016-10-12,WB000000286,000000000286,GROUNDWATER,NITRATE,262.2228,NTU,0.6684,0,0,NONE,125590.423,13.72,8.43,10.089,119.998,23.5681,19.784,0.9579,USGS
2016-10-13,WB000000287,000000000287,SURFACE_WATER,LEAD,115.267,MPN_100ML,3.9701,0,1,HUMAN,197706.229,26.86,6.63,9.58,103.841,3.854,182.015,0.6224,TRIBAL
2016-10-14,WB000000288,000000000288,SURFACE_WATER,NITRATE,459.8363,NTU,1.5021,0,0,NONE,164371.433,29.87,6.36,9.342,784.481,14.8716,5.588,0.5707,EPA
2016-10-15,WB000000289,000000000289,GROUNDWATER,CHLORIDE,61.193,PCI_L,0.7437,0,0,HUMAN,198597.87,19.65,6.21,13.734,687.925,22.7219,121.476,0.7745,CITIZEN_SCIENCE
2016-10-16,WB000000290,000000000290,GROUNDWATER,CHLORIDE,354.4685,UG_L,4.6685,0,1,NONE,168317.035,16.27,8.1,13.951,485.844,8.8228,88.7,0.1528,USGS
2016-10-17,WB000000291,000000000291,SURFACE_WATER,LEAD,109.8478,MG_L,4.2855,0,0,NONE,87296.954,4.74,6.47,10.772,104.976,21.5884,102.746,0.2287,STATE
2016-10-18,WB000000292,000000000292,SURFACE_WATER,ARSENIC,303.74,PH_UNITS,3.2807,0,0,NONE,119446.08,0.54,9.28,10.094,436.246,3.3729,98.682,0.9551,USGS
2016-10-19,WB000000293,000000000293,SEDIMENT,PHOSPHATE,305.4878,PCI_L,3.307,0,1,HUMAN,103649.582,27.16,8.11,1.886,325.92,7.5923,65.784,0.3871,STATE
2016-10-20,WB000000294,000000000294,SURFACE_WATER,TURBIDITY,341.4393,MPN_100ML,2.1247,0,0,NONE,87652.622,-0.01,6.55,13.495,799.237,4.594,87.602,0.7254,LOCAL
2016-10-21,WB000000295,000000000295,GROUNDWATER,TURBIDITY,218.0898,PPB,0.5937,1,0,NONE,109363.399,13.06,6.41,0.232,60.058,11.1817,29.42,0.2662,CITIZEN_SCIENCE
2016-10-22,WB000000296,000000000296,DRINKING_WATER,PFAS,50.6518,NTU,3.9109,0,1,ANIMAL,151973.312,34.06,8.92,11.62,786.693,4.8553,84.383,0.6666,USGS
2016-10-23,WB000000297,000000000297,SURFACE_WATER,PHOSPHATE,134.6053,MG_L,2.4918,0,0,NONE,190111.459,17.72,7.77,1.209,756.241,20.0149,143.478,0.1693,TRIBAL
2016-10-24,WB000000298,000000000298,GROUNDWATER,PH,319.7032,MPN_100ML,1.9579,0,0,NONE,137565.633,10.62,5.53,9.37,148.504,12.7023,150.298,0.4568,CITIZEN_SCIENCE
2016-10-25,WB000000299,000000000299,GROUNDWATER,LEAD,426.173,PCI_L,4.8731,0,0,NONE,179386.933,29.53,6.11,1.176,465.205,7.4308,97.431,0.8026,CITIZEN_SCIENCE
2016-10-26,WB000000300,000000000300,SURFACE_WATER,TURBIDITY,336.9852,PCI_L,2.1232,0,0,NONE,91162.837,15.77,7.88,11.419,205.205,12.3246,34.748,0.3044,CITIZEN_SCIENCE
2016-10-27,WB000000301,000000000301,EFFLUENT,E_COLI,264.7595,NTU,1.9048,0,1,ANIMAL,233075.234,30.32,9.04,13.581,556.375,2.5926,96.776,0.8938,STATE
2016-10-28,WB000000302,000000000302,SURFACE_WATER,ARSENIC,169.0158,MPN_100ML,4.9881,0,0,HUMAN,105566.664,22.81,9.12,8.514,552.445,4.0405,191.361,0.7841,STATE
2016-10-29,WB000000303,000000000303,EFFLUENT,PH,287.6814,MPN_100ML,2.8488,1,1,ANIMAL,126447.665,27.46,8.38,6.157,489.492,19.3461,22.751,0.1189,USGS
2016-10-30,WB000000304,000000000304,SURFACE_WATER,E_COLI,296.8735,MG_L,1.5824,0,0,NONE,84165.386,29.3,5.67,6.8,558.827,10.4039,72.314,0.1241,LOCAL
2016-10-31,WB000000305,000000000305,SURFACE_WATER,NITRATE,409.3516,PCI_L,4.1831,0,0,NONE,228032.873,10.53,8.45,8.529,219.603,3.5226,41.685,0.0204,LOCAL
2016-11-01,WB000000306,000000000306,SURFACE_WATER,PH,31.5488,MG_L,1.8609,1,0,NONE,158254.05,12.22,6.5,3.957,140.03,19.9732,113.822,0.4236,TRIBAL
2016-11-02,WB000000307,000000000307,GROUNDWATER,DO,310.2935,MG_L,3.1802,0,1,NONE,237414.502,2.66,9.24,7.168,340.638,2.375,64.982,0.5368,STATE
2016-11-03,WB000000308,000000000308,DRINKING_WATER,E_COLI,255.3728,PPB,0.8032,0,1,NONE,77971.407,11.9,9.25,8.203,58.419,3.9196,55.452,0.4687,LOCAL
2016-11-04,WB000000309,000000000309,SURFACE_WATER,PHOSPHATE,142.5142,MG_L,1.0746,0,0,HUMAN,138982.609,18.41,5.65,3.833,162.627,2.7384,136.747,0.249,TRIBAL
2016-11-05,WB000000310,000000000310,SURFACE_WATER,LEAD,233.0658,PH_UNITS,0.2743,0,0,NONE,135838.434,-0.43,8.8,8.251,754.197,13.5946,22.593,0.7976,STATE
2016-11-06,WB000000311,000000000311,SURFACE_WATER,TURBIDITY,298.3704,NTU,4.7146,0,1,ANIMAL,33245.849,30.84,7.63,2.151,734.48,23.9353,16.313,0.5301,STATE
2016-11-07,WB000000312,000000000312,EFFLUENT,PFAS,425.5172,UG_L,4.0215,0,0,NONE,156401.08,7.09,6.08,4.929,602.766,10.1667,154.731,0.2033,STATE
2016-11-08,WB000000313,000000000313,SURFACE_WATER,PH,219.5676,NTU,4.3239,0,0,AGRICULTURAL,170502.944,21.73,5.85,10.351,197.544,12.8979,197.374,0.3158,LOCAL
2016-11-09,WB000000314,000000000314,DRINKING_WATER,LEAD,227.5663,NTU,4.9648,0,0,AGRICULTURAL,4254.722,33.65,8.58,8.819,458.128,24.944,180.725,0.7262,USGS
2016-11-10,WB000000315,000000000315,SURFACE_WATER,TURBIDITY,139.5966,MG_L,0.2181,0,1,NONE,153671.333,16.51,7.13,7.938,546.32,9.8529,116.266,0.2141,EPA
2016-11-11,WB000000316,000000000316,SURFACE_WATER,DO,169.4085,MG_L,1.6603,0,1,AGRICULTURAL,103309.29,19.7,5.55,13.478,177.031,1.6538,163.01,0.0868,STATE
2016-11-12,WB000000317,000000000317,SURFACE_WATER,DO,227.3088,PH_UNITS,4.027,0,0,HUMAN,55265.861,9.45,5.7,1.726,676.191,16.8194,89.377,0.3296,EPA
2016-11-13,WB000000318,000000000318,SURFACE_WATER,TURBIDITY,411.0882,PCI_L,2.5884,0,0,NONE,186123.847,-0.64,7.7,6.081,244.895,5.0012,46.04,0.7713,TRIBAL
2016-11-14,WB000000319,000000000319,SURFACE_WATER,CHLORIDE,356.4814,PCI_L,1.4854,0,0,ANIMAL,35599.774,31.22,8.94,8.958,726.392,17.2798,39.487,0.268,EPA
2016-11-15,WB000000320,000000000320,SURFACE_WATER,CHLORIDE,282.8599,UG_L,0.0471,0,1,INDUSTRIAL,64815.897,31.54,8.65,6.244,446.653,8.7272,186.613,0.4499,EPA
2016-11-16,WB000000321,000000000321,DRINKING_WATER,PHOSPHATE,17.6725,MPN_100ML,3.5808,0,1,NONE,248784.267,33.92,6.69,11.295,89.785,4.1178,134.351,0.7837,EPA
2016-11-17,WB000000322,000000000322,DRINKING_WATER,PHOSPHATE,109.9198,PCI_L,4.5837,0,1,HUMAN,147742.205,5.76,8.66,6.844,126.722,2.7715,74.759,0.5767,LOCAL
2016-11-18,WB000000323,000000000323,SEDIMENT,DO,125.81,NTU,4.6478,0,0,AGRICULTURAL,67394.497,29.78,7.17,6.967,556.076,4.2647,86.373,0.6875,LOCAL
2016-11-19,WB000000324,000000000324,SURFACE_WATER,PHOSPHATE,287.6127,MG_L,1.1826,0,1,NONE,50708.565,7.73,9.34,0.712,186.269,16.2035,159.952,0.0516,EPA
2016-11-20,WB000000325,000000000325,SURFACE_WATER,CHLORIDE,298.5384,NTU,0.4746,0,0,NONE,144481.183,1.69,8.44,1.079,308.556,20.8149,60.588,0.5336,STATE
2016-11-21,WB000000326,000000000326,EFFLUENT,CHLORIDE,333.8201,MG_L,4.6631,1,0,NONE,104103.99,17.08,5.54,1.393,382.247,24.6452,199.234,0.8322,CITIZEN_SCIENCE
2016-11-22,WB000000327,000000000327,SURFACE_WATER,DO,84.4453,MG_L,4.8209,0,1,NONE,136335.822,15.35,7.15,8.354,133.979,11.0127,176.922,0.175,TRIBAL
2016-11-23,WB000000328,000000000328,SURFACE_WATER,PFAS,128.3086,PPB,4.3771,0,0,NONE,76867.679,-0.6,9.37,5.243,799.046,13.505,35.685,0.8341,STATE
2016-11-24,WB000000329,000000000329,GROUNDWATER,PH,248.6973,MPN_100ML,1.9926,0,0,NONE,16830.698,11.14,8.34,2.093,506.404,1.869,9.524,0.0789,LOCAL
2016-11-25,WB000000330,000000000330,SURFACE_WATER,CHLORIDE,105.1663,PH_UNITS,0.6938,0,0,ANIMAL,225419.948,34.03,7.38,2.739,293.369,21.2064,115.345,0.4556,CITIZEN_SCIENCE
2016-11-26,WB000000331,000000000331,GROUNDWATER,PH,321.7907,PH_UNITS,3.5348,0,1,NONE,238151.161,28.77,5.65,7.012,454.891,24.2843,126.854,0.3549,STATE
2016-11-27,WB000000332,000000000332,SURFACE_WATER,ARSENIC,426.5938,MPN_100ML,0.7258,0,0,HUMAN,95354.282,27.2,6.22,4.746,66.953,18.6582,39.886,0.3087,LOCAL
2016-11-28,WB000000333,000000000333,SURFACE_WATER,PHOSPHATE,104.9056,PCI_L,3.7257,0,0,ANIMAL,42616.578,22.54,8.42,7.738,666.494,18.0078,173.906,0.6895,STATE
2016-11-29,WB000000334,000000000334,EFFLUENT,PFAS,437.126,MG_L,3.662,0,0,NONE,28735.657,19.99,9.24,0.442,543.427,24.0264,77.499,0.0987,STATE
2016-11-30,WB000000335,000000000335,SEDIMENT,PH,379.9594,PPB,1.6163,0,1,NONE,68226.405,4.84,5.74,7.595,649.179,6.2014,48.209,0.5535,STATE
2016-12-01,WB000000336,000000000336,SURFACE_WATER,PH,107.7537,MG_L,3.95,0,0,NONE,25442.729,5.51,7.77,0.726,349.747,2.0017,18.939,0.5782,EPA
2016-12-02,WB000000337,000000000337,SURFACE_WATER,NITRATE,465.0395,PH_UNITS,1.2296,1,1,ANIMAL,65663.987,9.95,5.8,5.142,288.44,15.5588,167.225,0.7707,EPA
2016-12-03,WB000000338,000000000338,SEDIMENT,PH,442.9747,MG_L,0.0559,0,0,HUMAN,149986.192,1.19,7.63,9.879,15.239,24.1566,4.978,0.7159,STATE
2016-12-04,WB000000339,000000000339,SURFACE_WATER,E_COLI,382.0279,PH_UNITS,1.4037,0,1,ANIMAL,197178.202,13.68,6.05,6.443,445.786,4.1114,186.235,0.3135,USGS
2016-12-05,WB000000340,000000000340,SURFACE_WATER,CHLORIDE,464.3744,MPN_100ML,0.0736,1,0,AGRICULTURAL,226627.198,3.03,9.36,10.115,254.704,7.5958,143.963,0.0799,STATE
2016-12-06,WB000000341,000000000341,SURFACE_WATER,NITRATE,278.5699,PH_UNITS,3.6661,0,1,NONE,198182.289,28.3,6.54,8.985,12.237,20.1078,49.646,0.4572,EPA
2016-12-07,WB000000342,000000000342,SEDIMENT,ARSENIC,353.4355,PH_UNITS,3.0464,0,1,NONE,225697.552,8.51,7.08,7.164,297.729,15.6441,184.494,0.4983,EPA
2016-12-08,WB000000343,000000000343,SURFACE_WATER,LEAD,264.9811,PCI_L,0.9984,1,1,ANIMAL,104333.435,0.55,8.81,6.431,152.031,14.2929,40.903,0.6359,CITIZEN_SCIENCE
2016-12-09,WB000000344,000000000344,EFFLUENT,PFAS,84.0934,PCI_L,4.2552,0,1,NONE,66450.481,25.87,6.64,2.891,71.998,13.9388,104.834,0.9545,LOCAL
2016-12-10,WB000000345,000000000345,EFFLUENT,PHOSPHATE,283.7618,MPN_100ML,4.008,0,0,HUMAN,20896.655,12.86,6.35,0.26,783.817,18.5817,109.691,0.3281,USGS
2016-12-11,WB000000346,000000000346,SURFACE_WATER,PHOSPHATE,364.6714,MG_L,2.0092,0,0,HUMAN,144775.068,25.2,9.4,10.617,771.117,7.2285,83.923,0.322,CITIZEN_SCIENCE
2016-12-12,WB000000347,000000000347,SURFACE_WATER,PH,38.718,NTU,3.7584,0,0,NONE,87013.702,5.13,9.45,11.27,437.725,19.0203,148.946,0.8113,STATE
2016-12-13,WB000000348,000000000348,SURFACE_WATER,E_COLI,86.4466,PH_UNITS,1.2774,0,1,NONE,225256.461,25.6,9.09,11.272,739.674,4.0513,185.266,0.8873,USGS
2016-12-14,WB000000349,000000000349,SURFACE_WATER,PH,58.1325,PCI_L,1.6856,0,0,AGRICULTURAL,96490.662,9.47,8.9,2.813,20.913,12.6746,41.584,0.5057,STATE
2016-12-15,WB000000350,000000000350,SURFACE_WATER,DO,226.1026,UG_L,4.7825,0,0,INDUSTRIAL,67998.002,30.15,7.73,6.734,367.469,10.1363,181.639,0.718,USGS
2016-12-16,WB000000351,000000000351,SURFACE_WATER,ARSENIC,59.1877,MG_L,4.7895,0,0,HUMAN,215602.832,-0.35,8.19,6.604,184.489,15.4022,194.119,0.3931,EPA
2016-12-17,WB000000352,000000000352,GROUNDWATER,CHLORIDE,403.5504,UG_L,1.7257,0,0,NONE,11547.789,14.25,6.74,12.18,312.916,17.9818,56.9,0.2319,EPA
2016-12-18,WB000000353,000000000353,SURFACE_WATER,NITRATE,437.8488,UG_L,1.3401,1,1,NONE,26997.403,6.33,5.71,0.698,33.926,10.7062,7.358,0.3756,CITIZEN_SCIENCE
2016-12-19,WB000000354,000000000354,SURFACE_WATER,PH,311.7387,NTU,4.5065,0,0,NONE,82070.711,-0.56,8.67,3.833,428.28,3.1173,18.522,0.2522,EPA
2016-12-20,WB000000355,000000000355,SURFACE_WATER,PFAS,420.0219,NTU,3.705,1,0,INDUSTRIAL,48184.166,6.29,8.0,11.455,151.041,13.6935,133.319,0.6675,CITIZEN_SCIENCE
2016-12-21,WB000000356,000000000356,GROUNDWATER,PFAS,154.232,MPN_100ML,0.6586,0,0,INDUSTRIAL,71250.903,31.01,6.16,9.255,163.748,14.1847,154.478,0.0687,STATE
2016-12-22,WB000000357,000000000357,SURFACE_WATER,PFAS,32.4026,PH_UNITS,1.0574,1,0,AGRICULTURAL,29519.633,20.92,7.42,4.98,608.397,18.3383,133.308,0.0712,STATE
2016-12-23,WB000000358,000000000358,GROUNDWATER,PFAS,86.4511,PCI_L,1.3044,0,0,NONE,166122.749,2.0,6.36,10.539,186.978,6.8394,125.607,0.6891,TRIBAL
2016-12-24,WB000000359,000000000359,EFFLUENT,TURBIDITY,471.7394,UG_L,3.7609,1,1,NONE,225311.067,32.09,7.47,1.831,339.599,13.4558,165.982,0.4876,STATE
2016-12-25,WB000000360,000000000360,SEDIMENT,LEAD,32.1051,PCI_L,3.4383,0,0,ANIMAL,131627.801,11.52,6.44,13.2,72.984,5.514,1.12,0.6781,USGS
2016-12-26,WB000000361,000000000361,SURFACE_WATER,PHOSPHATE,352.0983,UG_L,1.3849,0,0,ANIMAL,84251.923,17.95,8.44,4.103,746.86,10.5368,140.806,0.922,EPA
2016-12-27,WB000000362,000000000362,GROUNDWATER,PH,168.3209,PCI_L,3.4207,0,0,NONE,201743.473,9.53,8.41,2.035,436.961,22.9823,66.636,0.4338,LOCAL
2016-12-28,WB000000363,000000000363,SURFACE_WATER,CHLORIDE,455.4894,MG_L,0.1371,0,0,HUMAN,249418.033,21.76,7.47,4.715,350.92,13.0709,58.239,0.2727,USGS
2016-12-29,WB000000364,000000000364,SURFACE_WATER,PH,257.4854,UG_L,2.354,0,0,NONE,64401.324,15.65,7.47,2.512,420.832,0.8718,182.062,0.126,LOCAL
2016-12-30,WB000000365,000000000365,SURFACE_WATER,CHLORIDE,346.0205,MPN_100ML,4.4433,1,0,NONE,157760.08,19.79,5.86,0.595,219.282,14.1158,134.71,0.0582,STATE
2016-12-31,WB000000366,000000000366,EFFLUENT,E_COLI,165.726,PPB,2.6619,0,1,HUMAN,217737.645,21.6,8.26,0.972,90.533,10.1357,46.584,0.8664,STATE
2017-01-01,WB000000367,000000000367,SURFACE_WATER,ARSENIC,370.9354,MPN_100ML,2.1077,0,0,NONE,155450.885,30.0,7.73,2.418,178.945,0.9454,76.54,0.1312,LOCAL
2017-01-02,WB000000368,000000000368,GROUNDWATER,PFAS,188.3162,MG_L,4.9289,0,0,ANIMAL,39694.262,9.32,8.63,10.598,134.019,20.4139,137.895,0.1816,CITIZEN_SCIENCE
2017-01-03,WB000000369,000000000369,SURFACE_WATER,PHOSPHATE,462.4331,PPB,0.821,0,0,NONE,177787.046,9.44,6.49,8.551,257.156,23.5576,83.295,0.4663,USGS
2017-01-04,WB000000370,000000000370,SURFACE_WATER,ARSENIC,70.6217,MG_L,3.2831,1,0,NONE,78980.204,6.25,8.9,12.007,782.211,20.978,148.92,0.2015,STATE
2017-01-05,WB000000371,000000000371,SEDIMENT,NITRATE,255.5786,NTU,2.0154,0,0,HUMAN,53990.091,-0.27,9.38,8.332,648.548,17.9465,62.024,0.707,LOCAL
2017-01-06,WB000000372,000000000372,GROUNDWATER,PFAS,205.8081,PH_UNITS,3.0944,0,1,ANIMAL,36430.332,18.77,9.22,8.199,96.353,6.1022,146.02,0.7539,STATE
2017-01-07,WB000000373,000000000373,GROUNDWATER,ARSENIC,371.2661,PCI_L,1.0783,0,0,NONE,89012.656,14.76,8.17,4.682,369.596,10.109,47.279,0.7045,STATE
2017-01-08,WB000000374,000000000374,GROUNDWATER,PHOSPHATE,97.9476,UG_L,0.3838,0,1,NONE,224660.85,6.49,5.87,1.814,108.879,15.3288,124.057,0.3613,STATE
2017-01-09,WB000000375,000000000375,SURFACE_WATER,PHOSPHATE,358.9519,UG_L,4.29,0,0,NONE,66062.374,22.6,8.81,6.64,222.992,21.7018,159.811,0.1573,STATE
2017-01-10,WB000000376,000000000376,SURFACE_WATER,CHLORIDE,134.332,PCI_L,0.8089,0,0,AGRICULTURAL,51306.5,2.38,7.66,4.424,23.32,12.7281,95.81,0.6733,STATE
2017-01-11,WB000000377,000000000377,EFFLUENT,PH,370.1836,NTU,0.3935,0,1,INDUSTRIAL,205274.234,27.35,8.71,4.399,536.752,12.8911,182.436,0.5301,LOCAL
2017-01-12,WB000000378,000000000378,SURFACE_WATER,CHLORIDE,221.4835,PCI_L,0.8498,0,0,NONE,230715.227,12.64,5.73,10.393,762.463,18.6362,25.797,0.4844,STATE
2017-01-13,WB000000379,000000000379,SURFACE_WATER,DO,427.5336,PCI_L,2.4705,0,0,NONE,148602.755,24.87,7.44,6.216,408.483,17.0398,50.767,0.5254,STATE
2017-01-14,WB000000380,000000000380,EFFLUENT,ARSENIC,39.4966,PH_UNITS,0.1467,0,0,NONE,150816.054,29.05,6.96,7.089,161.707,18.5116,155.913,0.9751,EPA
2017-01-15,WB000000381,000000000381,EFFLUENT,PH,495.3674,PPB,0.209,0,0,HUMAN,158162.913,30.76,7.87,13.411,763.426,1.7046,18.829,0.3026,EPA
2017-01-16,WB000000382,000000000382,DRINKING_WATER,PH,134.9447,NTU,3.2677,0,0,AGRICULTURAL,55561.327,33.63,6.97,3.014,550.427,24.2499,41.936,0.0377,CITIZEN_SCIENCE
2017-01-17,WB000000383,000000000383,SURFACE_WATER,DO,439.9283,UG_L,3.9313,0,0,ANIMAL,62609.209,15.38,9.31,13.826,637.304,22.3127,195.193,0.486,STATE
2017-01-18,WB000000384,000000000384,EFFLUENT,PFAS,188.7616,MPN_100ML,0.7407,0,0,NONE,145141.163,26.75,6.89,0.306,462.9,2.6877,77.809,0.3073,STATE
2017-01-19,WB000000385,000000000385,SURFACE_WATER,NITRATE,272.3096,MG_L,1.7688,0,0,NONE,66069.476,31.76,7.5,2.539,758.332,9.0641,15.819,0.0935,STATE
2017-01-20,WB000000386,000000000386,SURFACE_WATER,PFAS,368.0074,MG_L,2.9182,0,0,NONE,181038.128,7.85,5.88,10.71,378.032,18.8364,53.894,0.2102,USGS
2017-01-21,WB000000387,000000000387,SURFACE_WATER,ARSENIC,4.8732,MG_L,3.7348,0,0,NONE,238161.531,34.94,5.8,0.745,574.308,22.4968,12.991,0.8553,STATE
2017-01-22,WB000000388,000000000388,SURFACE_WATER,PH,6.5303,PCI_L,3.7617,0,0,HUMAN,208125.541,31.22,7.85,13.557,417.097,1.1884,63.934,0.0775,STATE
2017-01-23,WB000000389,000000000389,SURFACE_WATER,LEAD,308.3567,PH_UNITS,2.624,0,0,NONE,245862.567,21.93,6.42,6.285,68.36,0.1128,166.299,0.3773,STATE
2017-01-24,WB000000390,000000000390,SURFACE_WATER,LEAD,227.1375,PH_UNITS,1.7081,0,1,HUMAN,217843.429,16.01,7.51,2.726,529.893,21.5521,21.809,0.1107,CITIZEN_SCIENCE
2017-01-25,WB000000391,000000000391,EFFLUENT,DO,216.5303,UG_L,3.6072,1,1,NONE,217062.631,31.75,8.76,2.151,277.062,10.623,164.708,0.0607,CITIZEN_SCIENCE
2017-01-26,WB000000392,000000000392,SURFACE_WATER,NITRATE,241.1571,UG_L,0.6107,0,1,HUMAN,99938.552,10.06,6.05,1.223,286.816,2.1377,167.184,0.1552,LOCAL
2017-01-27,WB000000393,000000000393,EFFLUENT,PH,415.8398,MPN_100ML,0.3081,0,1,AGRICULTURAL,190850.623,0.23,6.33,3.275,345.349,0.309,27.564,0.332,LOCAL
2017-01-28,WB000000394,000000000394,SURFACE_WATER,NITRATE,135.7113,MPN_100ML,1.9083,0,1,AGRICULTURAL,172367.141,22.38,6.8,2.01,653.085,6.2595,81.484,0.6225,LOCAL
2017-01-29,WB000000395,000000000395,SURFACE_WATER,E_COLI,360.5661,PCI_L,0.827,0,0,AGRICULTURAL,92655.191,9.27,8.08,4.131,89.436,7.5816,75.805,0.488,LOCAL
2017-01-30,WB000000396,000000000396,SURFACE_WATER,PHOSPHATE,431.4681,MPN_100ML,3.9343,0,0,NONE,190348.599,10.08,7.76,9.086,169.025,16.8494,67.471,0.7921,CITIZEN_SCIENCE
2017-01-31,WB000000397,000000000397,SURFACE_WATER,LEAD,104.9698,NTU,0.1218,0,0,ANIMAL,58141.976,9.73,9.37,9.919,339.646,5.9689,108.331,0.3846,STATE
2017-02-01,WB000000398,000000000398,SURFACE_WATER,PFAS,269.1506,PH_UNITS,0.9749,0,0,NONE,39120.152,8.23,6.12,9.574,652.639,7.1318,71.502,0.3375,LOCAL
2017-02-02,WB000000399,000000000399,GROUNDWATER,E_COLI,301.7027,MPN_100ML,2.9068,0,1,ANIMAL,146536.355,22.35,6.61,12.853,146.425,18.6064,5.248,0.8555,CITIZEN_SCIENCE
2017-02-03,WB000000400,000000000400,SURFACE_WATER,PFAS,233.99,PCI_L,0.7561,0,0,AGRICULTURAL,17503.382,11.89,5.51,4.222,45.44,4.9849,46.972,0.4769,EPA
2017-02-04,WB000000401,000000000401,EFFLUENT,PH,184.6355,PPB,3.0124,1,1,ANIMAL,48271.245,17.91,6.15,8.004,178.253,23.8097,122.377,0.1828,LOCAL
2017-02-05,WB000000402,000000000402,GROUNDWATER,DO,434.984,PH_UNITS,0.4235,0,0,AGRICULTURAL,124085.746,28.43,7.48,1.929,514.731,14.7231,98.233,0.5997,EPA
2017-02-06,WB000000403,000000000403,SURFACE_WATER,TURBIDITY,124.4067,PCI_L,0.5549,0,0,ANIMAL,14686.128,9.34,7.44,13.571,451.078,15.2567,85.421,0.014,USGS
2017-02-07,WB000000404,000000000404,SURFACE_WATER,PFAS,129.9035,NTU,0.8182,0,1,NONE,34009.018,4.55,7.56,9.635,765.266,23.9909,98.167,0.874,EPA
2017-02-08,WB000000405,000000000405,GROUNDWATER,DO,398.4185,UG_L,0.1028,0,0,AGRICULTURAL,172275.443,12.86,8.35,8.042,462.712,0.7848,54.879,0.6706,USGS
2017-02-09,WB000000406,000000000406,GROUNDWATER,TURBIDITY,488.5595,MG_L,0.6423,1,0,HUMAN,111504.019,29.52,7.35,13.379,17.303,0.6462,46.574,0.7926,LOCAL
2017-02-10,WB000000407,000000000407,SURFACE_WATER,PHOSPHATE,496.4546,MPN_100ML,1.5593,0,1,AGRICULTURAL,208841.124,9.89,9.18,6.195,524.573,2.0038,53.305,0.9954,EPA
2017-02-11,WB000000408,000000000408,SURFACE_WATER,PH,144.2937,PH_UNITS,2.7874,0,0,ANIMAL,182543.684,7.63,9.18,4.611,200.242,24.5373,5.637,0.1793,LOCAL
2017-02-12,WB000000409,000000000409,SURFACE_WATER,NITRATE,400.4687,MPN_100ML,2.8797,1,0,NONE,195791.578,18.58,6.91,7.191,314.358,7.5161,110.867,0.4074,LOCAL
2017-02-13,WB000000410,000000000410,GROUNDWATER,PHOSPHATE,391.4866,PPB,2.9071,0,0,ANIMAL,140791.899,0.56,8.24,8.603,283.104,16.9964,116.259,0.1321,USGS
2017-02-14,WB000000411,000000000411,EFFLUENT,LEAD,126.069,PCI_L,1.5718,0,0,NONE,216747.738,22.0,8.4,12.767,156.281,11.6011,110.76,0.7101,LOCAL
2017-02-15,WB000000412,000000000412,DRINKING_WATER,PHOSPHATE,178.0006,PPB,3.7428,1,0,NONE,64331.104,-0.98,8.22,6.77,125.527,13.8439,166.252,0.8029,LOCAL
2017-02-16,WB000000413,000000000413,SURFACE_WATER,E_COLI,252.261,PH_UNITS,1.9903,0,0,ANIMAL,166047.28,7.04,5.59,7.986,674.323,9.1404,92.339,0.757,LOCAL
2017-02-17,WB000000414,000000000414,SURFACE_WATER,PH,11.1094,UG_L,1.784,1,0,NONE,123400.566,9.05,9.19,8.841,708.655,6.9352,100.614,0.7187,USGS
2017-02-18,WB000000415,000000000415,SURFACE_WATER,E_COLI,299.1846,PH_UNITS,0.5474,0,0,AGRICULTURAL,173408.447,4.62,8.28,1.631,585.853,7.9422,175.509,0.1598,CITIZEN_SCIENCE
2017-02-19,WB000000416,000000000416,SURFACE_WATER,PFAS,477.7289,NTU,2.3706,0,1,NONE,202110.546,11.23,5.84,11.394,705.827,3.0409,3.169,0.8389,CITIZEN_SCIENCE
2017-02-20,WB000000417,000000000417,SURFACE_WATER,ARSENIC,272.3731,PCI_L,3.7561,0,0,AGRICULTURAL,27453.939,32.94,7.76,5.132,307.082,8.4122,113.011,0.0677,EPA
2017-02-21,WB000000418,000000000418,GROUNDWATER,PH,444.6144,MG_L,1.7457,0,0,NONE,36126.594,20.41,6.24,4.714,446.367,20.9091,179.118,0.1216,STATE
2017-02-22,WB000000419,000000000419,SURFACE_WATER,ARSENIC,437.7624,MPN_100ML,0.4508,0,0,NONE,143887.258,22.05,8.48,3.702,33.556,7.8509,18.982,0.2656,USGS
2017-02-23,WB000000420,000000000420,SURFACE_WATER,CHLORIDE,133.4811,MG_L,0.6811,0,1,NONE,120926.004,15.31,8.48,1.211,257.617,12.9925,120.572,0.6102,STATE
2017-02-24,WB000000421,000000000421,GROUNDWATER,TURBIDITY,5.3683,UG_L,2.7424,0,0,ANIMAL,65228.377,25.78,9.24,10.953,399.231,10.5352,106.737,0.9268,EPA
2017-02-25,WB000000422,000000000422,SURFACE_WATER,TURBIDITY,267.4655,PCI_L,0.7553,0,1,ANIMAL,98803.368,0.66,5.66,10.089,195.663,6.5132,190.228,0.5607,EPA
2017-02-26,WB000000423,000000000423,SEDIMENT,ARSENIC,229.0759,MG_L,4.1421,1,1,NONE,231474.955,2.0,6.82,11.398,235.191,13.1366,15.621,0.4401,CITIZEN_SCIENCE
2017-02-27,WB000000424,000000000424,SURFACE_WATER,CHLORIDE,116.9605,PH_UNITS,1.2078,0,0,AGRICULTURAL,41879.142,22.68,6.84,5.544,574.169,5.6751,73.67,0.0222,USGS
2017-02-28,WB000000425,000000000425,EFFLUENT,PH,173.335,MPN_100ML,4.8882,0,0,ANIMAL,224148.448,4.68,7.16,6.947,348.253,0.1454,100.421,0.3595,LOCAL
2017-03-01,WB000000426,000000000426,SURFACE_WATER,PHOSPHATE,354.6649,MG_L,0.3993,0,0,INDUSTRIAL,137520.034,4.02,8.46,10.346,364.096,22.1943,154.983,0.8772,LOCAL
2017-03-02,WB000000427,000000000427,SURFACE_WATER,E_COLI,89.3629,UG_L,3.3752,0,0,NONE,18113.375,2.99,9.38,12.298,592.756,17.5188,100.921,0.1965,CITIZEN_SCIENCE
2017-03-03,WB000000428,000000000428,SURFACE_WATER,CHLORIDE,492.5413,PH_UNITS,2.1699,1,0,INDUSTRIAL,29658.088,17.57,6.24,0.59,145.115,0.7911,49.508,0.8933,STATE
2017-03-04,WB000000429,000000000429,SURFACE_WATER,PHOSPHATE,322.7284,UG_L,0.8724,0,0,NONE,100062.409,19.09,7.74,10.326,112.139,5.9127,0.723,0.5366,LOCAL
2017-03-05,WB000000430,000000000430,SURFACE_WATER,E_COLI,355.4749,NTU,1.8247,0,0,NONE,24742.485,0.33,8.49,10.87,178.701,15.4675,28.522,0.6675,STATE
2017-03-06,WB000000431,000000000431,GROUNDWATER,PHOSPHATE,234.8544,PCI_L,1.15,0,1,NONE,171008.017,14.09,6.0,4.426,85.262,23.3293,150.268,0.7928,STATE
2017-03-07,WB000000432,000000000432,GROUNDWATER,PHOSPHATE,269.0062,MG_L,0.2607,0,0,INDUSTRIAL,231079.038,21.94,9.19,3.518,319.212,4.4394,98.111,0.0738,STATE
2017-03-08,WB000000433,000000000433,SEDIMENT,PH,292.4537,UG_L,2.1184,0,0,HUMAN,66859.759,30.05,8.25,9.452,634.544,11.303,36.704,0.0064,LOCAL
2017-03-09,WB000000434,000000000434,SURFACE_WATER,DO,29.9205,NTU,1.4735,1,0,ANIMAL,39124.924,23.81,9.16,3.146,455.463,2.2487,104.18,0.1632,LOCAL
2017-03-10,WB000000435,000000000435,SURFACE_WATER,PHOSPHATE,14.4117,PCI_L,4.5662,0,1,NONE,205252.174,11.79,6.13,12.026,7.776,3.0311,58.058,0.3799,LOCAL
2017-03-11,WB000000436,000000000436,GROUNDWATER,TURBIDITY,125.0919,PPB,3.4795,0,0,ANIMAL,165781.185,34.58,5.97,8.553,299.499,1.1491,140.753,0.9683,LOCAL
2017-03-12,WB000000437,000000000437,SURFACE_WATER,E_COLI,394.8073,PPB,3.2588,0,0,NONE,52905.01,21.91,7.27,9.764,785.809,18.8912,23.444,0.5352,CITIZEN_SCIENCE
2017-03-13,WB000000438,000000000438,SURFACE_WATER,PHOSPHATE,148.3841,MG_L,1.6077,0,0,NONE,25088.967,0.78,5.85,9.813,134.925,9.5325,183.854,0.6001,STATE
2017-03-14,WB000000439,000000000439,EFFLUENT,PFAS,249.344,MG_L,2.0512,0,0,NONE,197668.003,22.91,7.25,1.716,485.43,17.2395,58.678,0.5946,LOCAL
2017-03-15,WB000000440,000000000440,GROUNDWATER,PHOSPHATE,117.8712,MG_L,4.0483,0,0,HUMAN,160592.039,13.49,9.41,1.769,564.318,21.8262,105.984,0.9117,LOCAL
2017-03-16,WB000000441,000000000441,EFFLUENT,PH,176.5818,NTU,2.8059,0,0,NONE,174735.641,18.06,6.9,12.173,339.609,14.4483,95.29,0.4082,USGS
2017-03-17,WB000000442,000000000442,GROUNDWATER,NITRATE,396.5931,PCI_L,1.5564,0,0,NONE,114087.746,4.38,6.49,7.587,572.315,11.4514,186.54,0.2861,EPA
2017-03-18,WB000000443,000000000443,SURFACE_WATER,CHLORIDE,443.5046,MG_L,2.2785,0,0,HUMAN,169072.563,5.49,8.01,3.613,27.225,20.3594,42.319,0.5326,USGS
2017-03-19,WB000000444,000000000444,SEDIMENT,DO,429.2264,MG_L,3.5186,0,0,ANIMAL,174614.051,24.26,8.25,2.414,203.711,3.161,162.772,0.358,TRIBAL
2017-03-20,WB000000445,000000000445,SURFACE_WATER,PH,383.654,MG_L,0.4288,0,0,AGRICULTURAL,139141.911,14.91,7.26,11.802,733.838,5.2066,115.398,0.0808,CITIZEN_SCIENCE
2017-03-21,WB000000446,000000000446,SURFACE_WATER,PHOSPHATE,289.2432,MPN_100ML,0.5361,0,0,HUMAN,183151.21,17.12,8.45,13.773,281.544,24.5259,79.977,0.4519,USGS
2017-03-22,WB000000447,000000000447,SEDIMENT,TURBIDITY,440.1338,NTU,4.3327,0,1,NONE,204724.055,27.17,6.99,8.26,8.396,0.4748,44.174,0.4272,STATE
2017-03-23,WB000000448,000000000448,DRINKING_WATER,CHLORIDE,483.4737,MG_L,2.5425,0,1,HUMAN,13738.023,14.38,8.19,6.199,710.278,3.7049,141.177,0.9323,TRIBAL
2017-03-24,WB000000449,000000000449,SURFACE_WATER,DO,209.5947,UG_L,2.4142,0,0,NONE,175057.904,22.7,5.75,7.806,671.889,12.0115,144.391,0.8696,LOCAL
2017-03-25,WB000000450,000000000450,SURFACE_WATER,ARSENIC,353.3656,UG_L,4.1341,0,0,NONE,89492.475,30.53,7.73,9.176,200.21,19.4264,65.24,0.1407,STATE
2017-03-26,WB000000451,000000000451,GROUNDWATER,NITRATE,107.4593,PPB,2.7768,0,0,NONE,193539.475,17.96,5.76,12.44,205.637,15.0403,62.669,0.218,CITIZEN_SCIENCE
2017-03-27,WB000000452,000000000452,SURFACE_WATER,PFAS,52.8358,MPN_100ML,3.2286,0,0,NONE,131243.23,33.78,5.56,4.353,754.271,24.4136,64.575,0.2733,CITIZEN_SCIENCE
2017-03-28,WB000000453,000000000453,EFFLUENT,CHLORIDE,157.1166,PPB,3.9463,1,1,NONE,113815.031,2.05,6.32,7.649,219.976,18.0628,117.41,0.1787,CITIZEN_SCIENCE
2017-03-29,WB000000454,000000000454,SURFACE_WATER,LEAD,245.4256,MG_L,0.0213,0,0,NONE,119306.913,27.34,7.05,9.311,134.7,15.0559,186.172,0.6082,STATE
2017-03-30,WB000000455,000000000455,SURFACE_WATER,PH,493.1109,PCI_L,1.7656,0,1,ANIMAL,225496.456,15.64,5.75,2.539,569.88,7.871,173.306,0.4887,STATE
2017-03-31,WB000000456,000000000456,SURFACE_WATER,DO,490.101,PCI_L,2.1505,0,0,NONE,118959.177,29.87,8.97,3.391,511.157,22.5557,114.017,0.9548,USGS
2017-04-01,WB000000457,000000000457,SEDIMENT,PFAS,404.5766,PH_UNITS,1.2942,0,0,NONE,114174.585,15.99,5.95,6.515,447.288,10.1498,97.987,0.7811,USGS
2017-04-02,WB000000458,000000000458,SURFACE_WATER,CHLORIDE,282.0985,PH_UNITS,4.6277,0,0,NONE,56310.761,25.67,9.04,12.277,795.581,0.02,171.095,0.1981,LOCAL
2017-04-03,WB000000459,000000000459,SURFACE_WATER,TURBIDITY,151.0673,PCI_L,1.5308,0,0,HUMAN,23425.471,3.31,9.27,13.599,767.402,16.9254,150.085,0.9708,STATE
2017-04-04,WB000000460,000000000460,EFFLUENT,PH,416.5261,UG_L,3.0076,0,0,NONE,55538.858,33.54,8.7,1.28,785.714,10.8944,103.404,0.8412,USGS
2017-04-05,WB000000461,000000000461,SURFACE_WATER,CHLORIDE,232.2084,MG_L,4.9768,0,0,INDUSTRIAL,153835.174,33.99,7.2,2.773,523.45,16.6423,148.194,0.9522,EPA
2017-04-06,WB000000462,000000000462,SURFACE_WATER,DO,80.2371,PH_UNITS,2.2848,0,1,AGRICULTURAL,82071.611,29.53,6.95,8.265,241.665,2.0206,32.634,0.0682,STATE
2017-04-07,WB000000463,000000000463,EFFLUENT,E_COLI,296.6235,UG_L,1.3882,0,0,NONE,2532.179,19.43,6.03,12.169,390.255,12.9924,123.578,0.3604,STATE
2017-04-08,WB000000464,000000000464,SURFACE_WATER,TURBIDITY,258.5326,UG_L,0.7558,0,0,NONE,227106.164,31.18,8.91,11.529,236.168,7.7473,160.632,0.5113,EPA
2017-04-09,WB000000465,000000000465,SURFACE_WATER,NITRATE,393.3745,PCI_L,2.5299,0,0,NONE,156000.595,2.95,9.49,5.655,283.335,0.2553,120.705,0.4383,EPA
2017-04-10,WB000000466,000000000466,EFFLUENT,PHOSPHATE,34.0977,PH_UNITS,0.3281,0,0,NONE,35304.703,29.93,7.45,11.242,311.109,13.5692,92.558,0.9941,USGS
2017-04-11,WB000000467,000000000467,GROUNDWATER,PHOSPHATE,282.7928,PH_UNITS,4.6013,0,0,ANIMAL,246959.965,30.61,9.07,12.54,743.926,14.8667,131.236,0.2403,STATE
2017-04-12,WB000000468,000000000468,DRINKING_WATER,TURBIDITY,360.1868,NTU,2.1084,0,0,ANIMAL,50916.414,34.32,7.87,6.43,556.794,22.3094,126.926,0.7546,USGS
2017-04-13,WB000000469,000000000469,SURFACE_WATER,PH,306.6252,PCI_L,1.5604,0,0,NONE,146987.071,2.62,7.45,8.928,774.874,3.3675,118.612,0.723,TRIBAL
2017-04-14,WB000000470,000000000470,SURFACE_WATER,TURBIDITY,365.342,PPB,0.6243,0,0,NONE,31382.698,27.69,8.19,11.176,373.204,2.9959,92.092,0.2699,LOCAL
2017-04-15,WB000000471,000000000471,SURFACE_WATER,ARSENIC,468.0346,UG_L,2.061,0,0,INDUSTRIAL,33193.998,0.59,7.2,13.002,652.516,5.0691,82.143,0.4952,TRIBAL
2017-04-16,WB000000472,000000000472,SURFACE_WATER,ARSENIC,424.6457,PCI_L,0.5556,0,1,NONE,199015.261,24.24,6.58,3.141,665.772,15.2643,193.615,0.5795,LOCAL
2017-04-17,WB000000473,000000000473,SURFACE_WATER,PHOSPHATE,123.1874,PH_UNITS,3.5536,1,0,NONE,131000.444,3.84,6.29,12.819,493.712,13.2029,43.566,0.3571,CITIZEN_SCIENCE
2017-04-18,WB000000474,000000000474,SEDIMENT,PFAS,14.9496,MG_L,0.1152,0,1,INDUSTRIAL,101907.789,29.04,6.0,9.648,144.812,21.7881,193.258,0.8332,STATE
2017-04-19,WB000000475,000000000475,DRINKING_WATER,NITRATE,410.7442,PCI_L,0.4077,0,0,NONE,31872.661,32.87,7.52,8.635,319.492,24.3637,184.031,0.1991,EPA
2017-04-20,WB000000476,000000000476,GROUNDWATER,PH,447.2759,MPN_100ML,2.4101,1,0,HUMAN,135486.054,25.43,6.78,10.584,670.027,10.8385,45.422,0.5086,EPA
2017-04-21,WB000000477,000000000477,GROUNDWATER,ARSENIC,415.8323,NTU,1.5713,0,1,NONE,94455.171,1.94,7.38,5.717,556.696,11.2115,102.166,0.1916,TRIBAL
2017-04-22,WB000000478,000000000478,SURFACE_WATER,PH,306.9409,MG_L,1.1226,0,0,AGRICULTURAL,68554.831,34.02,8.65,3.773,37.525,9.5389,94.549,0.5611,USGS
2017-04-23,WB000000479,000000000479,GROUNDWATER,LEAD,110.9405,PPB,3.2208,0,1,HUMAN,203749.955,15.72,7.95,4.341,629.803,0.9885,22.523,0.746,CITIZEN_SCIENCE
2017-04-24,WB000000480,000000000480,GROUNDWATER,E_COLI,144.0028,PH_UNITS,4.0893,0,0,NONE,191897.396,26.32,7.14,4.157,717.034,16.4677,71.252,0.8108,EPA
2017-04-25,WB000000481,000000000481,SEDIMENT,ARSENIC,0.8094,PH_UNITS,4.5205,1,0,NONE,13388.385,30.11,7.43,0.621,155.113,11.0592,77.408,0.9407,USGS
2017-04-26,WB000000482,000000000482,GROUNDWATER,CHLORIDE,145.2193,UG_L,1.9669,0,0,AGRICULTURAL,184684.843,22.57,8.59,2.975,125.222,1.9576,119.269,0.0511,USGS
2017-04-27,WB000000483,000000000483,DRINKING_WATER,PHOSPHATE,303.0794,UG_L,1.4072,0,0,NONE,238795.104,1.96,6.04,4.65,506.143,15.7532,41.636,0.6561,EPA
2017-04-28,WB000000484,000000000484,SURFACE_WATER,ARSENIC,125.4691,PPB,0.9948,0,0,HUMAN,56167.007,23.03,9.37,7.574,111.286,6.4335,177.286,0.9044,CITIZEN_SCIENCE
2017-04-29,WB000000485,000000000485,SURFACE_WATER,ARSENIC,482.0689,MG_L,0.6269,0,1,NONE,49002.07,23.08,6.09,5.101,338.901,8.57,94.749,0.1245,LOCAL
2017-04-30,WB000000486,000000000486,GROUNDWATER,CHLORIDE,237.6169,MG_L,1.4886,0,1,ANIMAL,150246.166,11.28,9.01,0.159,276.359,20.1498,133.021,0.9732,LOCAL
2017-05-01,WB000000487,000000000487,SURFACE_WATER,CHLORIDE,109.9354,MPN_100ML,3.8496,0,0,NONE,214852.922,13.13,9.04,13.834,434.857,23.2363,140.881,0.9997,CITIZEN_SCIENCE
2017-05-02,WB000000488,000000000488,SURFACE_WATER,PHOSPHATE,353.3015,MPN_100ML,4.5427,1,0,ANIMAL,144774.147,18.85,9.14,2.826,181.3,16.3585,62.483,0.5935,CITIZEN_SCIENCE
2017-05-03,WB000000489,000000000489,SURFACE_WATER,PFAS,36.6624,MG_L,4.5477,1,0,NONE,93331.748,15.56,8.27,11.117,450.14,2.6205,138.75,0.353,EPA
2017-05-04,WB000000490,000000000490,SURFACE_WATER,PH,90.1603,PCI_L,3.8959,0,0,NONE,76325.748,23.34,8.84,3.339,519.124,5.0778,54.244,0.4562,STATE
2017-05-05,WB000000491,000000000491,SURFACE_WATER,ARSENIC,346.5172,PCI_L,1.0874,0,0,NONE,155130.905,13.84,7.41,10.73,780.036,2.7624,177.899,0.6179,STATE
2017-05-06,WB000000492,000000000492,SURFACE_WATER,PH,311.5007,PH_UNITS,2.3004,0,0,NONE,144187.661,6.46,6.13,12.885,710.261,5.7564,28.839,0.5734,LOCAL
2017-05-07,WB000000493,000000000493,EFFLUENT,PHOSPHATE,266.2623,MG_L,2.0387,0,0,NONE,36748.131,22.88,9.19,2.796,593.986,17.7034,106.064,0.9818,CITIZEN_SCIENCE
2017-05-08,WB000000494,000000000494,SURFACE_WATER,PFAS,391.9926,NTU,3.9582,0,1,NONE,189425.528,34.42,7.43,0.732,518.777,11.397,44.861,0.9788,USGS
2017-05-09,WB000000495,000000000495,SURFACE_WATER,CHLORIDE,196.3488,MPN_100ML,0.7637,0,0,NONE,177308.99,12.43,9.24,3.15,265.251,21.8615,39.527,0.7526,STATE
2017-05-10,WB000000496,000000000496,SURFACE_WATER,PH,284.9115,NTU,2.8096,0,1,AGRICULTURAL,58455.126,12.6,9.24,12.189,463.232,15.9538,62.596,0.0666,CITIZEN_SCIENCE
2017-05-11,WB000000497,000000000497,SURFACE_WATER,DO,163.1097,NTU,2.9739,1,1,ANIMAL,27636.34,9.25,5.62,5.256,683.566,12.9376,108.631,0.4277,LOCAL
2017-05-12,WB000000498,000000000498,GROUNDWATER,PH,52.5768,MPN_100ML,3.4613,0,1,INDUSTRIAL,234647.536,33.5,6.21,2.372,167.783,4.2216,190.228,0.7879,USGS
2017-05-13,WB000000499,000000000499,SURFACE_WATER,ARSENIC,25.6254,NTU,0.4033,1,1,NONE,154093.005,9.78,9.33,9.411,436.769,11.8362,49.511,0.5057,USGS
2017-05-14,WB000000500,000000000500,SURFACE_WATER,NITRATE,266.8484,NTU,3.9323,0,0,NONE,76919.826,5.4,8.96,13.581,27.297,20.6639,125.724,0.5862,CITIZEN_SCIENCE
2017-05-15,WB000000501,000000000501,GROUNDWATER,PFAS,18.1324,NTU,0.8063,0,0,AGRICULTURAL,129049.96,1.29,6.63,12.942,130.427,12.3555,72.052,0.9118,STATE
2017-05-16,WB000000502,000000000502,GROUNDWATER,LEAD,25.48,PH_UNITS,1.1955,0,1,ANIMAL,134542.031,28.01,7.8,6.305,731.44,18.9616,191.392,0.7919,USGS
2017-05-17,WB000000503,000000000503,SURFACE_WATER,NITRATE,387.292,PH_UNITS,1.0078,0,1,NONE,167209.275,22.78,8.8,13.458,25.623,17.9535,32.561,0.665,LOCAL
2017-05-18,WB000000504,000000000504,SURFACE_WATER,ARSENIC,215.4412,PH_UNITS,1.2358,0,0,AGRICULTURAL,200103.1,31.63,6.92,4.619,347.12,3.0582,57.186,0.4355,STATE
2017-05-19,WB000000505,000000000505,EFFLUENT,DO,108.209,MG_L,3.5491,0,1,NONE,222557.273,11.46,6.49,10.188,229.67,10.198,58.361,0.0846,USGS
2017-05-20,WB000000506,000000000506,GROUNDWATER,ARSENIC,406.3076,NTU,4.1051,0,1,ANIMAL,15636.115,32.33,8.02,4.736,666.027,17.6043,21.645,0.6717,USGS
2017-05-21,WB000000507,000000000507,SURFACE_WATER,LEAD,445.2562,PCI_L,3.9094,0,0,NONE,201068.517,11.2,5.58,6.098,671.414,23.6613,18.302,0.0265,STATE
2017-05-22,WB000000508,000000000508,SEDIMENT,PH,372.2919,UG_L,4.88,0,0,HUMAN,200249.262,18.65,7.72,7.253,517.332,8.92,35.984,0.1389,USGS
2017-05-23,WB000000509,000000000509,SURFACE_WATER,TURBIDITY,23.8008,MG_L,0.6007,0,0,HUMAN,146043.483,23.85,9.32,12.529,675.917,14.899,85.639,0.9603,TRIBAL
2017-05-24,WB000000510,000000000510,EFFLUENT,NITRATE,239.9932,UG_L,0.8489,0,0,NONE,231317.813,28.98,5.71,6.774,110.03,1.346,169.351,0.7472,EPA
2017-05-25,WB000000511,000000000511,GROUNDWATER,CHLORIDE,89.9182,PPB,4.5129,0,0,AGRICULTURAL,70524.079,17.34,9.16,0.123,402.792,23.724,15.223,0.0522,STATE
2017-05-26,WB000000512,000000000512,DRINKING_WATER,E_COLI,140.2998,PPB,1.3096,0,1,NONE,150159.525,10.29,8.32,2.43,75.617,3.1216,163.02,0.9287,EPA
2017-05-27,WB000000513,000000000513,SURFACE_WATER,CHLORIDE,219.9906,UG_L,1.4882,0,1,NONE,177785.582,29.66,6.37,2.494,587.11,21.542,157.004,0.7761,EPA
2017-05-28,WB000000514,000000000514,SEDIMENT,LEAD,51.1842,PCI_L,4.2845,1,0,NONE,231678.479,24.35,9.18,7.206,245.45,22.4789,116.007,0.5866,EPA
2017-05-29,WB000000515,000000000515,SURFACE_WATER,E_COLI,1.1189,PCI_L,3.3189,0,0,NONE,742.29,33.28,6.74,2.036,119.011,5.6584,72.001,0.7853,STATE
2017-05-30,WB000000516,000000000516,GROUNDWATER,PHOSPHATE,206.561,MPN_100ML,3.0448,1,0,HUMAN,191353.466,-0.29,9.03,3.388,316.293,16.8851,142.513,0.1355,CITIZEN_SCIENCE
2017-05-31,WB000000517,000000000517,SURFACE_WATER,E_COLI,462.9703,PPB,0.5052,0,0,NONE,187380.101,25.83,8.32,4.213,623.206,7.4472,126.674,0.7358,LOCAL
2017-06-01,WB000000518,000000000518,GROUNDWATER,NITRATE,257.3109,NTU,4.2719,0,1,INDUSTRIAL,68113.437,27.92,6.0,11.379,514.226,1.8629,66.714,0.2676,STATE
2017-06-02,WB000000519,000000000519,GROUNDWATER,PH,445.3864,MG_L,2.9882,0,0,HUMAN,4174.825,2.93,9.28,12.988,271.063,8.7024,185.989,0.0889,STATE
2017-06-03,WB000000520,000000000520,GROUNDWATER,TURBIDITY,146.9546,NTU,2.1602,0,1,NONE,17380.585,25.56,5.95,13.993,669.548,2.445,140.93,0.2083,EPA
2017-06-04,WB000000521,000000000521,SURFACE_WATER,DO,472.2484,PPB,3.9203,0,0,NONE,45750.257,1.87,6.43,11.902,279.314,0.1157,156.743,0.2775,EPA
2017-06-05,WB000000522,000000000522,DRINKING_WATER,TURBIDITY,16.0217,MPN_100ML,0.2438,1,0,NONE,77601.22,33.25,6.25,10.65,296.482,18.771,197.63,0.7232,USGS
2017-06-06,WB000000523,000000000523,GROUNDWATER,PFAS,157.9613,PCI_L,0.6518,0,0,HUMAN,214213.654,26.5,7.11,1.221,92.115,21.9456,39.171,0.5122,USGS
2017-06-07,WB000000524,000000000524,GROUNDWATER,PFAS,185.4617,MPN_100ML,1.2852,0,0,NONE,89840.82,-0.71,9.09,13.92,699.755,8.5086,106.63,0.5769,USGS
2017-06-08,WB000000525,000000000525,SURFACE_WATER,DO,382.073,UG_L,3.8341,0,0,NONE,34948.317,18.0,9.14,7.693,295.563,9.2254,138.858,0.0379,TRIBAL
2017-06-09,WB000000526,000000000526,EFFLUENT,LEAD,39.6119,MG_L,2.7291,0,0,NONE,200650.806,0.78,7.87,9.738,593.963,18.6413,29.253,0.2019,STATE
2017-06-10,WB000000527,000000000527,EFFLUENT,CHLORIDE,24.0206,MPN_100ML,1.0251,0,0,NONE,129657.573,33.16,8.24,12.011,156.145,13.2997,120.789,0.6419,USGS
2017-06-11,WB000000528,000000000528,DRINKING_WATER,E_COLI,348.3534,PCI_L,0.0582,0,0,HUMAN,18005.245,10.93,5.61,13.371,386.86,13.7976,69.209,0.9157,EPA
2017-06-12,WB000000529,000000000529,SEDIMENT,PFAS,61.6818,PH_UNITS,1.4985,0,0,NONE,203431.183,5.72,6.62,4.49,425.401,9.1504,176.052,0.181,STATE
2017-06-13,WB000000530,000000000530,SURFACE_WATER,CHLORIDE,268.5726,PPB,3.6697,0,0,HUMAN,198651.616,7.61,6.11,2.824,281.227,5.6218,199.283,0.7176,CITIZEN_SCIENCE
2017-06-14,WB000000531,000000000531,GROUNDWATER,PHOSPHATE,277.8448,PH_UNITS,3.9142,0,1,HUMAN,216690.119,17.58,7.55,3.542,164.077,20.9528,143.272,0.2909,STATE
2017-06-15,WB000000532,000000000532,SURFACE_WATER,PFAS,454.0767,MG_L,3.7784,0,1,NONE,23988.439,4.56,7.1,2.316,262.525,0.4932,65.662,0.1356,CITIZEN_SCIENCE
2017-06-16,WB000000533,000000000533,GROUNDWATER,TURBIDITY,172.9351,MPN_100ML,3.2428,1,0,AGRICULTURAL,159227.075,16.89,9.29,9.324,796.412,9.4124,128.088,0.447,EPA
2017-06-17,WB000000534,000000000534,GROUNDWATER,NITRATE,138.4819,MG_L,0.9736,0,0,NONE,78196.256,33.49,8.65,9.2,229.773,23.6992,83.58,0.569,CITIZEN_SCIENCE
2017-06-18,WB000000535,000000000535,SURFACE_WATER,PFAS,41.1376,NTU,4.8232,0,0,AGRICULTURAL,101739.718,5.95,6.35,9.261,366.117,14.9161,126.973,0.9318,CITIZEN_SCIENCE
2017-06-19,WB000000536,000000000536,SURFACE_WATER,CHLORIDE,291.7945,PCI_L,1.7338,0,0,NONE,51675.503,21.78,6.03,12.596,52.052,23.3609,160.038,0.1139,TRIBAL
2017-06-20,WB000000537,000000000537,SURFACE_WATER,CHLORIDE,17.674,UG_L,3.0571,0,0,INDUSTRIAL,103861.582,4.63,7.55,12.898,498.881,21.3498,139.484,0.7375,STATE
2017-06-21,WB000000538,000000000538,SURFACE_WATER,LEAD,175.0236,MPN_100ML,1.9746,0,0,NONE,155192.306,10.59,6.64,2.765,487.707,21.3152,134.648,0.5665,USGS
2017-06-22,WB000000539,000000000539,SURFACE_WATER,DO,476.7302,UG_L,3.8616,0,0,HUMAN,124276.441,25.54,8.41,6.482,778.807,19.214,90.742,0.8074,LOCAL
2017-06-23,WB000000540,000000000540,GROUNDWATER,PFAS,75.8457,NTU,2.0115,0,1,NONE,94853.37,31.45,7.18,5.114,224.033,9.0899,23.819,0.2848,CITIZEN_SCIENCE
2017-06-24,WB000000541,000000000541,EFFLUENT,PH,198.1371,PH_UNITS,1.9444,0,1,NONE,147505.554,32.98,5.98,8.42,500.172,8.7235,47.142,0.7643,USGS
2017-06-25,WB000000542,000000000542,GROUNDWATER,NITRATE,29.9945,PPB,2.6212,0,0,INDUSTRIAL,53201.16,7.03,6.11,12.83,700.406,5.9073,188.648,0.2126,STATE
2017-06-26,WB000000543,000000000543,SURFACE_WATER,ARSENIC,397.8374,PPB,1.5197,0,0,NONE,188587.312,17.42,7.01,12.935,172.666,17.7005,1.21,0.9508,LOCAL
2017-06-27,WB000000544,000000000544,EFFLUENT,DO,12.4388,PCI_L,4.6692,0,0,NONE,20895.543,32.47,5.64,11.638,402.807,18.0095,47.421,0.3724,USGS
2017-06-28,WB000000545,000000000545,SURFACE_WATER,LEAD,153.0957,PPB,0.6474,0,0,ANIMAL,944.052,4.59,8.89,10.38,625.493,0.216,126.872,0.5914,USGS
2017-06-29,WB000000546,000000000546,SURFACE_WATER,PFAS,320.5334,UG_L,0.2769,0,0,NONE,120347.942,26.68,9.27,7.144,20.738,8.5884,178.594,0.6186,USGS
2017-06-30,WB000000547,000000000547,SURFACE_WATER,PHOSPHATE,293.9123,PH_UNITS,1.5748,0,1,NONE,186241.198,24.23,9.22,3.681,411.932,20.5449,127.936,0.9365,LOCAL
2017-07-01,WB000000548,000000000548,GROUNDWATER,E_COLI,33.4735,NTU,0.2888,0,0,NONE,30790.701,20.35,8.9,6.085,671.197,4.5066,186.629,0.1508,LOCAL
2017-07-02,WB000000549,000000000549,GROUNDWATER,CHLORIDE,309.9193,NTU,2.1505,0,1,HUMAN,181467.554,16.92,8.09,3.725,769.478,10.3154,120.05,0.5112,STATE
2017-07-03,WB000000550,000000000550,GROUNDWATER,CHLORIDE,110.5713,PPB,0.6637,0,1,NONE,42076.917,14.79,7.86,6.169,744.248,16.9184,126.543,0.6732,EPA
2017-07-04,WB000000551,000000000551,SURFACE_WATER,PFAS,263.3857,PH_UNITS,3.3072,0,0,NONE,57738.255,22.43,9.19,9.756,752.907,22.1166,143.738,0.7455,TRIBAL
2017-07-05,WB000000552,000000000552,EFFLUENT,DO,171.4746,PPB,0.4309,0,0,ANIMAL,64318.369,30.51,6.78,0.583,206.526,7.3658,39.428,0.8719,LOCAL
2017-07-06,WB000000553,000000000553,SURFACE_WATER,PH,330.3711,PPB,4.3551,1,0,NONE,133794.443,17.86,8.95,5.305,159.972,16.5601,188.028,0.5227,EPA
2017-07-07,WB000000554,000000000554,GROUNDWATER,PH,43.0373,MG_L,2.1763,1,1,NONE,190735.033,19.07,7.96,8.931,18.106,17.7507,132.107,0.0625,STATE
2017-07-08,WB000000555,000000000555,SURFACE_WATER,LEAD,424.0674,PH_UNITS,4.6946,1,0,HUMAN,20742.48,5.74,5.64,8.148,179.462,24.5841,160.223,0.4666,USGS
2017-07-09,WB000000556,000000000556,SURFACE_WATER,PHOSPHATE,162.321,PH_UNITS,0.7117,0,0,NONE,45472.395,31.99,8.5,4.129,61.96,24.1739,34.172,0.854,TRIBAL
2017-07-10,WB000000557,000000000557,SURFACE_WATER,E_COLI,443.3716,PCI_L,4.3676,1,1,NONE,237778.193,24.53,6.52,3.725,164.811,23.9563,53.39,0.2068,STATE
2017-07-11,WB000000558,000000000558,EFFLUENT,DO,493.6877,UG_L,3.5457,0,0,HUMAN,118544.057,0.01,9.5,2.542,553.504,2.0084,0.5,0.3009,CITIZEN_SCIENCE
2017-07-12,WB000000559,000000000559,GROUNDWATER,PFAS,374.9278,PPB,0.1987,0,0,HUMAN,63281.003,1.39,9.48,0.576,748.477,13.3196,31.959,0.3257,LOCAL
2017-07-13,WB000000560,000000000560,SURFACE_WATER,CHLORIDE,116.5778,NTU,3.4298,0,0,NONE,85811.0,0.81,9.38,8.133,770.036,1.1136,194.014,0.7285,EPA
2017-07-14,WB000000561,000000000561,DRINKING_WATER,PFAS,466.0471,NTU,4.7351,0,1,NONE,36373.896,31.67,7.9,10.768,514.097,24.7196,119.726,0.8956,LOCAL
2017-07-15,WB000000562,000000000562,SURFACE_WATER,CHLORIDE,366.652,PCI_L,3.5428,0,1,INDUSTRIAL,44567.221,13.39,7.35,10.168,534.645,23.3751,194.121,0.4777,CITIZEN_SCIENCE
2017-07-16,WB000000563,000000000563,SURFACE_WATER,CHLORIDE,15.4177,PPB,2.0781,1,0,NONE,226748.847,27.27,8.0,9.988,759.335,2.8163,41.002,0.0474,CITIZEN_SCIENCE
2017-07-17,WB000000564,000000000564,SURFACE_WATER,PHOSPHATE,173.2348,NTU,2.1583,0,0,HUMAN,136412.483,23.94,6.43,12.256,292.432,2.2747,119.317,0.7263,EPA
2017-07-18,WB000000565,000000000565,SURFACE_WATER,DO,134.7395,PH_UNITS,1.2677,0,0,AGRICULTURAL,196697.314,19.54,8.29,4.175,761.503,15.0105,38.938,0.6483,CITIZEN_SCIENCE
2017-07-19,WB000000566,000000000566,SURFACE_WATER,CHLORIDE,479.1236,PCI_L,4.2174,1,0,NONE,188852.516,21.51,7.76,7.854,98.884,0.9167,166.884,0.5462,CITIZEN_SCIENCE
2017-07-20,WB000000567,000000000567,GROUNDWATER,PHOSPHATE,9.4421,NTU,3.4556,0,0,HUMAN,228991.463,20.63,8.56,3.156,181.091,9.58,108.443,0.6852,TRIBAL
2017-07-21,WB000000568,000000000568,SURFACE_WATER,PFAS,308.2433,MG_L,0.194,0,0,NONE,155862.298,19.94,6.95,6.737,509.732,2.7493,99.664,0.5184,STATE
2017-07-22,WB000000569,000000000569,SEDIMENT,CHLORIDE,74.2202,UG_L,1.0537,0,1,NONE,79248.225,18.96,7.13,13.985,674.711,21.9058,195.377,0.0629,CITIZEN_SCIENCE
2017-07-23,WB000000570,000000000570,SURFACE_WATER,DO,266.7954,UG_L,3.7044,0,1,AGRICULTURAL,48314.187,20.02,8.5,3.259,727.559,3.1249,57.844,0.1011,USGS
2017-07-24,WB000000571,000000000571,GROUNDWATER,PHOSPHATE,432.1365,PPB,4.1759,0,0,NONE,133560.525,-0.32,7.2,10.631,768.383,5.4596,93.128,0.9776,STATE
2017-07-25,WB000000572,000000000572,SURFACE_WATER,PH,274.388,UG_L,3.7377,0,1,HUMAN,127382.986,11.54,9.37,11.474,270.335,2.2296,45.371,0.9494,STATE
2017-07-26,WB000000573,000000000573,SURFACE_WATER,CHLORIDE,253.9719,MG_L,3.0322,0,0,NONE,89312.737,9.83,7.95,10.855,396.535,24.9188,48.101,0.4954,LOCAL
2017-07-27,WB000000574,000000000574,SURFACE_WATER,PH,22.041,PPB,1.6613,1,0,ANIMAL,160686.305,23.61,7.41,7.185,162.439,9.8661,170.811,0.912,USGS
2017-07-28,WB000000575,000000000575,GROUNDWATER,CHLORIDE,165.3134,PH_UNITS,2.5104,0,0,AGRICULTURAL,56462.81,15.82,5.55,5.162,656.188,14.4421,90.562,0.7779,CITIZEN_SCIENCE
2017-07-29,WB000000576,000000000576,EFFLUENT,PH,122.4665,PH_UNITS,0.5243,0,1,NONE,86776.062,29.24,7.51,4.103,571.076,14.1954,47.705,0.223,STATE
2017-07-30,WB000000577,000000000577,SURFACE_WATER,PFAS,213.0782,PPB,2.1921,0,0,NONE,106968.346,22.83,9.09,12.582,799.864,0.1187,105.013,0.5739,TRIBAL
2017-07-31,WB000000578,000000000578,SURFACE_WATER,ARSENIC,381.7956,UG_L,2.059,0,0,NONE,199457.967,16.71,5.59,4.73,727.883,13.007,131.119,0.0424,EPA
2017-08-01,WB000000579,000000000579,SEDIMENT,DO,44.502,NTU,0.8168,0,0,NONE,219186.691,3.86,7.58,11.126,16.811,7.9611,25.63,0.1989,LOCAL
2017-08-02,WB000000580,000000000580,SURFACE_WATER,E_COLI,228.3461,UG_L,3.9656,1,0,NONE,188378.251,17.54,6.47,9.121,687.861,23.679,102.242,0.0884,USGS
2017-08-03,WB000000581,000000000581,SURFACE_WATER,ARSENIC,35.4937,PH_UNITS,1.7039,0,1,NONE,236106.135,22.71,8.7,6.013,699.941,12.227,12.357,0.2313,STATE
2017-08-04,WB000000582,000000000582,SURFACE_WATER,ARSENIC,478.7247,PCI_L,1.4577,0,0,NONE,224348.06,10.22,8.48,13.701,316.817,11.424,150.331,0.0295,STATE
2017-08-05,WB000000583,000000000583,DRINKING_WATER,PFAS,434.2498,NTU,1.934,0,1,ANIMAL,67621.311,8.08,9.0,2.831,516.394,15.5441,126.376,0.4564,TRIBAL
2017-08-06,WB000000584,000000000584,SURFACE_WATER,PHOSPHATE,139.7013,PH_UNITS,2.2372,1,0,AGRICULTURAL,193569.318,0.8,6.87,3.326,789.785,1.0991,129.633,0.1449,STATE
2017-08-07,WB000000585,000000000585,DRINKING_WATER,E_COLI,364.5672,MG_L,4.5261,0,1,HUMAN,116082.139,9.8,7.71,11.207,653.232,7.4246,11.665,0.7746,USGS
2017-08-08,WB000000586,000000000586,SEDIMENT,CHLORIDE,371.498,PH_UNITS,2.6886,0,0,HUMAN,36757.008,21.91,8.49,6.269,188.883,2.0183,46.82,0.6355,STATE
2017-08-09,WB000000587,000000000587,SURFACE_WATER,E_COLI,251.7387,UG_L,3.388,0,0,NONE,117383.885,-0.38,9.23,6.874,113.911,20.059,29.09,0.6225,STATE
2017-08-10,WB000000588,000000000588,EFFLUENT,PH,260.6742,PPB,2.29,0,0,ANIMAL,116692.963,14.82,7.36,9.49,371.621,17.5463,45.928,0.6908,STATE
2017-08-11,WB000000589,000000000589,SURFACE_WATER,PH,479.8715,NTU,3.2331,1,0,AGRICULTURAL,37214.774,26.54,6.05,5.754,622.867,4.9929,181.362,0.509,TRIBAL
2017-08-12,WB000000590,000000000590,SURFACE_WATER,PHOSPHATE,183.2261,UG_L,1.2999,0,0,NONE,153663.328,28.86,5.54,0.272,379.763,1.568,103.144,0.7418,EPA
2017-08-13,WB000000591,000000000591,SEDIMENT,LEAD,352.3904,PH_UNITS,3.5877,0,0,NONE,125755.673,22.16,7.29,5.148,380.48,17.4981,121.709,0.5561,LOCAL
2017-08-14,WB000000592,000000000592,EFFLUENT,CHLORIDE,127.9874,PPB,0.46,0,0,NONE,204033.549,31.05,6.15,7.854,84.296,7.6646,62.154,0.6579,EPA
2017-08-15,WB000000593,000000000593,DRINKING_WATER,CHLORIDE,373.0078,NTU,1.5911,0,0,HUMAN,132666.801,30.73,5.89,1.288,347.312,1.3687,175.943,0.2262,CITIZEN_SCIENCE
2017-08-16,WB000000594,000000000594,SURFACE_WATER,PHOSPHATE,358.5201,MPN_100ML,2.1437,0,1,NONE,227185.987,10.91,7.73,8.745,207.974,2.1485,8.361,0.1029,LOCAL
2017-08-17,WB000000595,000000000595,SURFACE_WATER,PH,475.9429,PPB,3.644,0,0,NONE,120851.491,33.67,6.56,11.19,550.995,4.0792,195.163,0.368,USGS
2017-08-18,WB000000596,000000000596,SURFACE_WATER,PFAS,138.6382,MPN_100ML,0.6157,0,0,AGRICULTURAL,34426.871,19.52,6.17,3.646,594.621,5.724,142.874,0.2164,EPA
2017-08-19,WB000000597,000000000597,SURFACE_WATER,NITRATE,490.0607,NTU,0.1062,0,1,NONE,139639.476,11.08,7.35,7.973,365.069,11.3436,138.32,0.9383,CITIZEN_SCIENCE
2017-08-20,WB000000598,000000000598,SURFACE_WATER,E_COLI,487.5203,MG_L,0.1836,0,0,INDUSTRIAL,13860.58,26.87,9.16,12.551,30.075,19.3558,160.58,0.6325,USGS
2017-08-21,WB000000599,000000000599,DRINKING_WATER,ARSENIC,352.3632,UG_L,1.7451,0,0,NONE,64647.442,33.52,9.33,2.431,143.893,17.0804,143.104,0.958,STATE
2017-08-22,WB000000600,000000000600,EFFLUENT,NITRATE,131.5377,MPN_100ML,3.0679,0,0,INDUSTRIAL,191468.572,9.24,9.14,10.562,575.442,11.7461,31.329,0.5972,STATE
2017-08-23,WB000000601,000000000601,SURFACE_WATER,ARSENIC,19.6675,NTU,0.4445,0,1,NONE,49359.808,32.58,7.59,7.276,74.978,23.5832,144.905,0.8884,STATE
2017-08-24,WB000000602,000000000602,SURFACE_WATER,E_COLI,29.847,MG_L,4.4437,0,0,NONE,66255.982,17.33,9.12,3.201,213.484,16.3209,149.38,0.1535,STATE
2017-08-25,WB000000603,000000000603,SURFACE_WATER,DO,65.9795,MG_L,0.2679,0,0,NONE,183580.752,33.76,8.59,12.44,652.942,15.001,114.842,0.8761,STATE
2017-08-26,WB000000604,000000000604,SURFACE_WATER,PH,273.6759,PPB,2.0496,0,0,ANIMAL,197974.117,7.45,5.56,0.322,604.74,8.4871,184.55,0.3997,CITIZEN_SCIENCE
2017-08-27,WB000000605,000000000605,SURFACE_WATER,DO,272.0911,PPB,2.2976,0,0,NONE,74293.15,8.62,6.98,11.364,558.244,10.1576,112.199,0.6246,STATE
2017-08-28,WB000000606,000000000606,SURFACE_WATER,ARSENIC,322.629,MPN_100ML,2.6131,1,0,AGRICULTURAL,149990.537,22.27,7.96,10.718,557.704,24.8589,132.97,0.1832,EPA
2017-08-29,WB000000607,000000000607,SURFACE_WATER,PFAS,434.9718,MG_L,4.6103,0,0,NONE,122933.911,10.72,8.13,2.701,542.132,8.5193,45.776,0.4454,STATE
2017-08-30,WB000000608,000000000608,SURFACE_WATER,NITRATE,466.9518,MG_L,4.9272,0,0,ANIMAL,80404.722,7.62,7.49,11.949,145.664,17.9398,20.446,0.9173,CITIZEN_SCIENCE
2017-08-31,WB000000609,000000000609,GROUNDWATER,CHLORIDE,481.3196,PPB,0.8376,0,1,NONE,3227.58,28.11,6.21,0.768,25.664,15.913,109.718,0.4694,TRIBAL
2017-09-01,WB000000610,000000000610,SURFACE_WATER,ARSENIC,176.9475,PPB,0.8266,0,0,NONE,167475.129,20.87,7.59,7.173,468.026,3.4358,59.07,0.47,STATE
2017-09-02,WB000000611,000000000611,SURFACE_WATER,PH,304.5758,MG_L,0.623,0,0,AGRICULTURAL,70432.275,18.26,8.82,5.174,189.918,18.9282,161.477,0.0468,STATE
2017-09-03,WB000000612,000000000612,GROUNDWATER,PFAS,237.7939,PPB,1.0495,0,0,NONE,82014.004,26.37,8.54,13.19,621.521,10.7015,194.729,0.2216,STATE
2017-09-04,WB000000613,000000000613,SURFACE_WATER,E_COLI,67.5821,UG_L,4.0086,0,0,INDUSTRIAL,81886.291,27.21,5.77,8.34,328.631,15.9971,196.134,0.9952,EPA
2017-09-05,WB000000614,000000000614,SURFACE_WATER,PH,306.0081,PCI_L,3.279,1,1,HUMAN,240387.647,5.31,5.6,9.991,575.994,6.6078,39.584,0.7763,CITIZEN_SCIENCE
2017-09-06,WB000000615,000000000615,SURFACE_WATER,NITRATE,109.549,NTU,4.3489,0,1,AGRICULTURAL,100617.666,21.36,9.37,10.129,159.425,22.409,111.615,0.503,USGS
2017-09-07,WB000000616,000000000616,EFFLUENT,PFAS,93.7145,UG_L,3.299,0,1,ANIMAL,30422.353,20.14,7.45,5.081,671.681,5.9701,166.293,0.78,TRIBAL
2017-09-08,WB000000617,000000000617,SURFACE_WATER,PHOSPHATE,17.2266,MPN_100ML,2.8535,0,0,HUMAN,68332.373,33.64,7.23,6.681,629.0,20.3401,132.938,0.0636,LOCAL
2017-09-09,WB000000618,000000000618,SURFACE_WATER,DO,104.4294,UG_L,1.8147,0,0,AGRICULTURAL,51739.284,22.42,5.54,10.704,551.696,12.377,138.286,0.2703,STATE
2017-09-10,WB000000619,000000000619,GROUNDWATER,TURBIDITY,343.3185,UG_L,1.8318,1,0,NONE,223663.017,28.52,9.1,2.157,603.118,2.6381,104.082,0.5303,STATE
2017-09-11,WB000000620,000000000620,SURFACE_WATER,PH,272.46,MPN_100ML,1.426,0,0,HUMAN,5800.354,34.94,9.38,12.084,201.331,3.1323,25.982,0.6228,STATE
2017-09-12,WB000000621,000000000621,SURFACE_WATER,PFAS,141.4078,MPN_100ML,3.0828,0,0,NONE,40219.584,22.65,8.45,5.639,236.97,23.0004,54.977,0.2087,TRIBAL
2017-09-13,WB000000622,000000000622,SURFACE_WATER,PFAS,159.0912,PH_UNITS,3.627,0,0,AGRICULTURAL,240780.415,29.76,6.69,7.594,24.152,8.348,165.659,0.0882,EPA
2017-09-14,WB000000623,000000000623,GROUNDWATER,LEAD,217.5798,PPB,2.8399,0,0,NONE,183452.439,7.96,7.85,0.557,762.448,4.2018,158.292,0.0418,TRIBAL
2017-09-15,WB000000624,000000000624,DRINKING_WATER,NITRATE,9.0726,MPN_100ML,0.7939,0,0,NONE,246770.447,2.62,5.9,9.706,708.79,3.0428,158.277,0.258,LOCAL
2017-09-16,WB000000625,000000000625,GROUNDWATER,PHOSPHATE,351.1229,PPB,2.6716,0,1,INDUSTRIAL,186718.292,-0.21,6.52,4.001,360.714,9.4801,120.42,0.7361,LOCAL
2017-09-17,WB000000626,000000000626,GROUNDWATER,ARSENIC,73.3382,PH_UNITS,4.4771,1,0,NONE,147118.99,30.1,5.69,5.86,367.919,14.6081,101.722,0.4521,STATE
2017-09-18,WB000000627,000000000627,EFFLUENT,NITRATE,61.529,PH_UNITS,3.5279,0,0,HUMAN,75474.753,18.2,8.03,11.403,151.781,15.1703,118.546,0.989,STATE
2017-09-19,WB000000628,000000000628,GROUNDWATER,NITRATE,69.9868,MPN_100ML,2.075,0,0,AGRICULTURAL,89850.558,5.44,8.91,3.529,9.433,6.5536,156.313,0.8068,EPA
2017-09-20,WB000000629,000000000629,SURFACE_WATER,E_COLI,244.4678,PCI_L,1.8042,0,0,HUMAN,23306.186,27.06,7.56,1.873,190.629,3.8696,17.425,0.8164,USGS
2017-09-21,WB000000630,000000000630,SURFACE_WATER,CHLORIDE,234.1131,MG_L,2.3333,1,0,NONE,76943.673,19.95,6.42,4.273,183.709,16.1523,163.277,0.889,USGS
2017-09-22,WB000000631,000000000631,GROUNDWATER,E_COLI,416.4262,UG_L,2.6554,0,0,AGRICULTURAL,91565.114,14.56,7.4,12.612,148.04,21.8562,74.85,0.1224,LOCAL
2017-09-23,WB000000632,000000000632,EFFLUENT,PHOSPHATE,471.9335,PCI_L,3.3063,1,0,INDUSTRIAL,156177.546,8.57,8.28,1.55,65.218,17.7451,107.358,0.8651,TRIBAL
2017-09-24,WB000000633,000000000633,SURFACE_WATER,PH,114.4682,MG_L,2.8051,0,1,AGRICULTURAL,240875.477,26.06,9.5,5.56,542.66,20.2323,189.255,0.8007,CITIZEN_SCIENCE
2017-09-25,WB000000634,000000000634,GROUNDWATER,LEAD,406.0975,PH_UNITS,0.6646,0,0,ANIMAL,33305.878,28.85,6.08,0.434,493.078,10.8576,31.958,0.731,TRIBAL
2017-09-26,WB000000635,000000000635,GROUNDWATER,ARSENIC,31.8565,PCI_L,4.7117,0,1,INDUSTRIAL,35212.982,4.43,8.45,6.235,494.409,7.5374,130.058,0.96,LOCAL
2017-09-27,WB000000636,000000000636,SEDIMENT,TURBIDITY,14.6758,PCI_L,2.0611,0,0,NONE,241846.2,6.51,6.12,0.931,523.88,15.2599,181.37,0.7698,USGS
2017-09-28,WB000000637,000000000637,SURFACE_WATER,E_COLI,111.1649,PCI_L,4.0485,0,1,ANIMAL,127080.413,13.9,6.81,12.011,604.42,20.706,39.523,0.2875,STATE
2017-09-29,WB000000638,000000000638,EFFLUENT,ARSENIC,464.1888,PCI_L,0.7442,0,0,HUMAN,97066.96,2.83,6.21,11.546,244.759,3.3622,42.928,0.9989,STATE
2017-09-30,WB000000639,000000000639,SURFACE_WATER,TURBIDITY,252.0816,MPN_100ML,3.6396,0,1,ANIMAL,93645.734,30.92,6.75,6.428,277.615,11.7332,37.984,0.8299,LOCAL
2017-10-01,WB000000640,000000000640,DRINKING_WATER,NITRATE,474.7302,UG_L,3.0127,0,0,AGRICULTURAL,80298.553,18.28,8.06,12.587,199.095,19.5624,58.128,0.491,CITIZEN_SCIENCE
2017-10-02,WB000000641,000000000641,SEDIMENT,TURBIDITY,489.5726,MPN_100ML,3.7821,0,0,NONE,159709.304,5.28,7.84,10.248,164.994,16.2522,66.249,0.6019,STATE
2017-10-03,WB000000642,000000000642,SURFACE_WATER,LEAD,483.8864,MG_L,3.2982,0,0,HUMAN,56576.31,17.43,7.23,13.553,66.205,22.288,178.386,0.7024,EPA
2017-10-04,WB000000643,000000000643,EFFLUENT,NITRATE,299.3367,PCI_L,3.0587,0,1,ANIMAL,150274.753,0.66,6.65,4.743,388.398,12.4555,49.511,0.1222,EPA
2017-10-05,WB000000644,000000000644,DRINKING_WATER,ARSENIC,308.2805,NTU,2.4197,0,1,ANIMAL,190833.378,33.3,8.75,11.514,45.246,11.3358,176.537,0.158,TRIBAL
2017-10-06,WB000000645,000000000645,SEDIMENT,E_COLI,456.2697,PPB,0.2395,0,1,NONE,44125.323,15.65,8.45,2.381,32.361,7.8913,24.424,0.9951,USGS
2017-10-07,WB000000646,000000000646,SEDIMENT,PFAS,414.3281,PH_UNITS,4.5408,0,1,NONE,99471.848,1.02,5.79,1.717,112.726,6.8141,172.319,0.1454,USGS
2017-10-08,WB000000647,000000000647,GROUNDWATER,TURBIDITY,105.7,UG_L,2.1096,0,0,NONE,199815.183,23.76,7.97,4.017,433.472,5.7946,74.806,0.6286,TRIBAL
2017-10-09,WB000000648,000000000648,SURFACE_WATER,ARSENIC,179.5577,MG_L,4.128,1,0,NONE,19218.476,23.71,7.39,0.687,38.33,1.6048,58.618,0.353,STATE
2017-10-10,WB000000649,000000000649,SEDIMENT,TURBIDITY,192.92,MG_L,3.7229,0,1,NONE,202036.686,5.3,7.15,0.048,367.539,0.1998,183.875,0.3628,CITIZEN_SCIENCE
2017-10-11,WB000000650,000000000650,SURFACE_WATER,E_COLI,466.6954,MPN_100ML,0.8185,1,0,NONE,24491.192,23.96,8.13,2.763,468.498,2.8965,18.76,0.2847,USGS
2017-10-12,WB000000651,000000000651,EFFLUENT,PHOSPHATE,407.737,MPN_100ML,4.0738,0,0,HUMAN,130101.637,32.54,8.78,0.822,361.837,10.3683,106.549,0.2055,STATE
2017-10-13,WB000000652,000000000652,DRINKING_WATER,PFAS,220.474,UG_L,3.4987,0,1,NONE,145181.324,21.76,6.16,1.614,252.011,21.2663,122.849,0.9066,EPA
2017-10-14,WB000000653,000000000653,GROUNDWATER,DO,194.5954,UG_L,1.1579,0,0,NONE,54593.18,28.5,5.79,5.761,214.588,0.395,133.697,0.89,STATE
2017-10-15,WB000000654,000000000654,SURFACE_WATER,DO,337.5879,MPN_100ML,4.2069,0,0,AGRICULTURAL,215036.776,0.63,6.2,0.472,329.619,14.1349,160.434,0.6556,LOCAL
2017-10-16,WB000000655,000000000655,SURFACE_WATER,PHOSPHATE,393.8841,PCI_L,2.1034,0,0,NONE,208569.19,13.61,5.97,5.677,794.741,13.2965,98.187,0.2193,STATE
2017-10-17,WB000000656,000000000656,SURFACE_WATER,TURBIDITY,364.0295,MPN_100ML,1.7865,0,0,NONE,43854.481,17.85,9.46,6.421,388.324,3.3803,140.218,0.3106,EPA
2017-10-18,WB000000657,000000000657,GROUNDWATER,LEAD,183.6995,PCI_L,3.8002,0,1,NONE,113676.578,28.85,9.15,13.293,724.495,20.5781,101.181,0.8372,CITIZEN_SCIENCE
2017-10-19,WB000000658,000000000658,SURFACE_WATER,E_COLI,363.3528,PCI_L,2.3066,0,1,HUMAN,202893.138,30.29,6.97,6.589,331.692,7.2773,66.339,0.743,EPA
2017-10-20,WB000000659,000000000659,EFFLUENT,PHOSPHATE,146.0404,NTU,1.3632,0,1,HUMAN,15752.426,18.37,6.0,3.915,112.187,7.6181,148.656,0.7205,TRIBAL
2017-10-21,WB000000660,000000000660,GROUNDWATER,DO,249.4814,PH_UNITS,3.1303,0,0,ANIMAL,171688.519,34.23,6.38,0.772,193.57,20.8113,9.792,0.1378,EPA
2017-10-22,WB000000661,000000000661,SURFACE_WATER,TURBIDITY,215.9298,NTU,4.507,0,0,NONE,31374.704,19.25,9.43,1.668,546.665,6.6332,150.507,0.9132,TRIBAL
2017-10-23,WB000000662,000000000662,SURFACE_WATER,DO,343.2208,MPN_100ML,1.2189,0,0,NONE,131998.374,30.95,8.39,0.165,424.782,12.0313,165.703,0.3033,EPA
2017-10-24,WB000000663,000000000663,SURFACE_WATER,LEAD,381.1387,MG_L,2.2744,0,1,NONE,178981.038,10.7,8.14,8.791,796.454,4.9999,61.623,0.4631,STATE
2017-10-25,WB000000664,000000000664,SURFACE_WATER,PH,302.4505,PPB,4.2334,0,0,HUMAN,161321.97,4.38,8.56,5.21,308.539,8.5808,109.865,0.3669,EPA
2017-10-26,WB000000665,000000000665,SURFACE_WATER,E_COLI,54.3797,PPB,0.9348,0,0,NONE,220021.031,34.35,9.38,12.46,526.164,17.4951,18.308,0.1842,STATE
2017-10-27,WB000000666,000000000666,EFFLUENT,DO,186.775,PCI_L,3.2584,0,1,NONE,69609.233,6.44,6.75,3.645,76.509,21.0724,121.774,0.7793,LOCAL
2017-10-28,WB000000667,000000000667,SURFACE_WATER,LEAD,67.4121,NTU,3.0505,0,0,INDUSTRIAL,138291.125,20.48,6.49,10.769,791.172,8.5921,140.921,0.7031,STATE
2017-10-29,WB000000668,000000000668,SURFACE_WATER,DO,131.4864,MPN_100ML,0.407,0,0,NONE,18876.848,28.75,8.99,12.499,4.966,7.5567,90.256,0.0406,EPA
2017-10-30,WB000000669,000000000669,SURFACE_WATER,ARSENIC,138.9338,NTU,0.4656,1,0,NONE,28089.495,6.27,7.28,5.488,340.519,22.4112,186.326,0.6225,EPA
2017-10-31,WB000000670,000000000670,SEDIMENT,TURBIDITY,339.3465,MPN_100ML,0.8532,0,0,NONE,104706.975,-0.11,6.59,4.011,417.35,24.6888,153.743,0.8479,TRIBAL
2017-11-01,WB000000671,000000000671,SURFACE_WATER,PHOSPHATE,73.0349,PH_UNITS,2.5228,1,1,INDUSTRIAL,78709.825,33.19,5.77,12.25,461.31,10.2061,43.387,0.2551,STATE
2017-11-02,WB000000672,000000000672,GROUNDWATER,TURBIDITY,203.8916,PH_UNITS,0.2845,0,0,NONE,16721.545,34.42,7.21,10.152,297.048,19.2802,4.502,0.8489,STATE
2017-11-03,WB000000673,000000000673,SURFACE_WATER,PHOSPHATE,140.8069,MPN_100ML,3.252,0,0,NONE,242271.449,4.39,8.85,7.398,795.669,2.625,51.706,0.9836,CITIZEN_SCIENCE
2017-11-04,WB000000674,000000000674,DRINKING_WATER,ARSENIC,177.9597,MG_L,0.5941,1,0,ANIMAL,12960.938,29.21,5.7,7.249,395.648,19.3142,32.23,0.8113,STATE
2017-11-05,WB000000675,000000000675,SURFACE_WATER,DO,211.1486,NTU,1.767,0,0,NONE,37685.433,13.02,7.21,0.06,684.8,18.8019,149.736,0.7726,LOCAL
2017-11-06,WB000000676,000000000676,GROUNDWATER,LEAD,183.0882,PCI_L,1.9753,1,0,NONE,161914.821,30.17,8.0,11.879,89.082,14.5158,52.406,0.0153,EPA
2017-11-07,WB000000677,000000000677,GROUNDWATER,E_COLI,351.1707,MPN_100ML,2.0596,0,0,NONE,91068.295,4.82,6.07,4.211,711.443,24.832,138.878,0.6336,LOCAL
2017-11-08,WB000000678,000000000678,SURFACE_WATER,PHOSPHATE,398.1273,NTU,4.3313,0,1,NONE,154062.728,34.35,9.31,3.401,721.908,1.8339,20.926,0.4967,TRIBAL
2017-11-09,WB000000679,000000000679,DRINKING_WATER,TURBIDITY,328.5172,PH_UNITS,2.9805,0,1,NONE,23856.792,1.53,8.08,8.785,727.906,16.1566,143.07,0.0914,LOCAL
2017-11-10,WB000000680,000000000680,SEDIMENT,E_COLI,219.1183,MG_L,1.2497,0,1,NONE,212218.635,24.56,7.71,1.338,223.127,16.5885,28.123,0.9693,LOCAL
2017-11-11,WB000000681,000000000681,SURFACE_WATER,PFAS,270.8819,PH_UNITS,1.8348,0,0,NONE,106850.356,34.7,9.5,1.42,375.399,17.6211,142.394,0.0952,EPA
2017-11-12,WB000000682,000000000682,SURFACE_WATER,ARSENIC,103.713,MG_L,0.1206,0,0,ANIMAL,154835.319,8.12,5.79,0.273,368.762,9.2459,72.198,0.78,CITIZEN_SCIENCE
2017-11-13,WB000000683,000000000683,SURFACE_WATER,LEAD,359.7016,PH_UNITS,2.429,0,0,NONE,182322.168,13.45,8.11,9.045,728.876,18.6103,95.906,0.1915,STATE
2017-11-14,WB000000684,000000000684,SURFACE_WATER,TURBIDITY,119.4607,MPN_100ML,3.7804,0,1,NONE,244965.692,18.8,5.59,8.317,727.115,0.1614,76.671,0.5934,STATE
2017-11-15,WB000000685,000000000685,SURFACE_WATER,PH,92.2066,PH_UNITS,0.3626,0,0,ANIMAL,233283.827,9.11,5.6,11.193,520.213,4.1127,198.264,0.2502,EPA
2017-11-16,WB000000686,000000000686,GROUNDWATER,DO,11.6212,MPN_100ML,3.5514,0,0,HUMAN,55825.92,20.72,7.52,10.997,308.889,18.6887,181.34,0.6866,TRIBAL
2017-11-17,WB000000687,000000000687,SEDIMENT,CHLORIDE,89.9878,MPN_100ML,3.6375,0,0,ANIMAL,177466.297,20.59,5.73,9.468,612.834,15.76,94.92,0.9016,CITIZEN_SCIENCE
2017-11-18,WB000000688,000000000688,EFFLUENT,PHOSPHATE,124.9679,UG_L,2.2137,1,1,NONE,165011.012,13.77,9.08,8.414,774.637,16.5601,194.847,0.3683,STATE
2017-11-19,WB000000689,000000000689,SURFACE_WATER,PH,429.1633,PPB,0.772,0,0,NONE,198941.162,27.19,6.51,1.359,648.188,3.0026,171.017,0.9842,TRIBAL
2017-11-20,WB000000690,000000000690,GROUNDWATER,ARSENIC,308.2066,PPB,3.4168,1,1,NONE,13964.796,0.72,8.76,4.401,515.682,17.5143,46.099,0.8556,STATE
2017-11-21,WB000000691,000000000691,SURFACE_WATER,PH,99.0623,NTU,4.4654,1,0,NONE,129685.892,11.97,6.05,2.423,599.006,9.408,49.747,0.7589,STATE
2017-11-22,WB000000692,000000000692,SURFACE_WATER,TURBIDITY,237.5141,MPN_100ML,4.0542,0,0,NONE,145537.451,11.57,9.17,0.703,451.096,3.7663,138.487,0.4853,USGS
2017-11-23,WB000000693,000000000693,GROUNDWATER,E_COLI,408.3445,NTU,1.2872,0,1,AGRICULTURAL,205734.309,22.87,6.82,4.925,555.682,4.5655,191.675,0.2519,STATE
2017-11-24,WB000000694,000000000694,SURFACE_WATER,DO,393.5683,UG_L,4.338,0,0,NONE,179737.091,18.99,7.1,12.589,761.134,17.5931,90.675,0.7165,CITIZEN_SCIENCE
2017-11-25,WB000000695,000000000695,SURFACE_WATER,E_COLI,499.2714,PH_UNITS,2.1041,0,0,AGRICULTURAL,203906.807,26.27,7.78,13.018,436.19,14.5247,27.325,0.4194,EPA
2017-11-26,WB000000696,000000000696,SURFACE_WATER,LEAD,465.3711,PH_UNITS,0.285,1,1,NONE,119496.748,27.39,6.55,10.389,390.806,10.4728,7.449,0.7433,LOCAL
2017-11-27,WB000000697,000000000697,SURFACE_WATER,TURBIDITY,109.76,PCI_L,3.4437,0,0,HUMAN,39160.667,4.42,8.03,9.738,595.645,19.1003,85.048,0.1441,STATE
2017-11-28,WB000000698,000000000698,SURFACE_WATER,TURBIDITY,421.6899,PH_UNITS,0.1527,0,1,HUMAN,114462.619,6.42,8.73,6.953,258.934,14.2311,29.866,0.2411,EPA
2017-11-29,WB000000699,000000000699,GROUNDWATER,ARSENIC,138.5488,PH_UNITS,2.6211,0,0,INDUSTRIAL,125732.176,19.35,6.85,12.739,276.261,6.1308,110.031,0.0784,LOCAL
2017-11-30,WB000000700,000000000700,EFFLUENT,PH,271.9435,PH_UNITS,1.602,0,0,NONE,43761.278,6.92,9.3,2.542,737.039,9.7599,114.988,0.3165,STATE
2017-12-01,WB000000701,000000000701,SURFACE_WATER,TURBIDITY,499.052,NTU,4.3432,0,1,HUMAN,27036.683,0.99,9.27,4.089,520.25,3.4977,121.863,0.7261,STATE
2017-12-02,WB000000702,000000000702,SURFACE_WATER,TURBIDITY,50.5866,UG_L,1.9228,0,1,NONE,148456.572,26.15,6.96,9.605,652.531,20.3672,76.386,0.3059,USGS
2017-12-03,WB000000703,000000000703,SURFACE_WATER,ARSENIC,172.715,MPN_100ML,4.2028,0,1,INDUSTRIAL,79250.098,0.81,6.71,5.385,391.044,6.4623,189.102,0.3809,USGS
2017-12-04,WB000000704,000000000704,SURFACE_WATER,ARSENIC,466.4904,NTU,4.5209,0,0,NONE,114314.934,20.13,8.26,6.387,2.603,19.2231,75.439,0.7459,EPA
2017-12-05,WB000000705,000000000705,GROUNDWATER,PH,372.9309,MPN_100ML,0.4956,1,0,AGRICULTURAL,32456.246,7.11,8.41,2.34,522.251,8.7541,127.654,0.3768,STATE
2017-12-06,WB000000706,000000000706,SURFACE_WATER,NITRATE,396.6964,MG_L,4.5012,1,1,HUMAN,142198.005,33.41,5.53,3.163,119.808,8.3786,61.139,0.3467,EPA
2017-12-07,WB000000707,000000000707,SURFACE_WATER,NITRATE,439.8007,PPB,3.1539,1,1,NONE,24169.911,1.48,8.25,4.169,367.713,18.4216,136.205,0.3521,EPA
2017-12-08,WB000000708,000000000708,DRINKING_WATER,PFAS,117.7631,PPB,2.1083,0,0,ANIMAL,209333.059,20.13,6.41,10.704,682.088,12.6299,84.071,0.7881,LOCAL
2017-12-09,WB000000709,000000000709,GROUNDWATER,TURBIDITY,73.4025,MG_L,2.4548,0,0,ANIMAL,144913.309,32.92,7.91,6.337,567.835,18.7575,155.35,0.7797,CITIZEN_SCIENCE
2017-12-10,WB000000710,000000000710,EFFLUENT,PH,487.9172,PH_UNITS,1.5355,0,0,HUMAN,149254.176,32.57,5.83,0.645,581.353,14.2746,88.99,0.8352,LOCAL
2017-12-11,WB000000711,000000000711,SEDIMENT,DO,411.3596,MPN_100ML,1.5198,0,0,ANIMAL,231882.082,27.77,6.25,4.007,761.552,13.6562,39.055,0.6032,TRIBAL
2017-12-12,WB000000712,000000000712,SURFACE_WATER,TURBIDITY,131.677,PPB,1.8623,0,1,HUMAN,239985.839,5.36,9.46,4.776,246.555,0.8857,169.384,0.7764,STATE
2017-12-13,WB000000713,000000000713,SURFACE_WATER,PH,119.9334,PCI_L,1.55,0,0,NONE,197532.883,12.56,9.23,10.578,585.317,15.2375,165.462,0.2399,EPA
2017-12-14,WB000000714,000000000714,SURFACE_WATER,PH,73.1723,PCI_L,3.6957,0,0,NONE,93414.255,9.33,5.57,7.604,140.306,16.7217,100.991,0.854,STATE
2017-12-15,WB000000715,000000000715,SURFACE_WATER,PH,63.9413,PPB,0.9796,0,0,HUMAN,227488.524,26.03,8.28,1.027,56.603,19.6231,193.149,0.2728,EPA
2017-12-16,WB000000716,000000000716,SURFACE_WATER,LEAD,123.8856,PH_UNITS,2.2245,1,1,NONE,4077.494,22.71,9.48,1.401,451.591,13.9749,108.46,0.6593,TRIBAL
2017-12-17,WB000000717,000000000717,EFFLUENT,ARSENIC,411.8552,PCI_L,4.1918,0,0,INDUSTRIAL,138730.739,14.61,6.95,2.22,328.353,24.3238,127.86,0.4209,EPA
2017-12-18,WB000000718,000000000718,SURFACE_WATER,CHLORIDE,204.7971,PH_UNITS,1.2848,0,0,NONE,83399.161,28.76,8.31,3.109,707.111,23.1703,2.907,0.3389,TRIBAL
2017-12-19,WB000000719,000000000719,SURFACE_WATER,DO,204.6294,NTU,0.6588,1,0,NONE,31378.904,2.05,7.41,11.528,694.588,9.169,126.82,0.7185,LOCAL
2017-12-20,WB000000720,000000000720,SURFACE_WATER,CHLORIDE,426.2458,MG_L,4.1169,0,1,NONE,86175.127,8.28,5.75,11.571,699.8,2.5044,130.73,0.4451,STATE
2017-12-21,WB000000721,000000000721,SURFACE_WATER,TURBIDITY,130.5381,MG_L,0.9875,0,1,NONE,108697.788,27.05,9.08,12.194,666.305,19.0343,11.031,0.41,STATE
2017-12-22,WB000000722,000000000722,SURFACE_WATER,ARSENIC,306.9876,MPN_100ML,4.1125,0,1,NONE,134379.185,17.48,8.49,2.677,106.675,8.7646,11.327,0.259,STATE
2017-12-23,WB000000723,000000000723,DRINKING_WATER,CHLORIDE,424.5651,PH_UNITS,4.2746,0,0,HUMAN,24624.571,28.38,8.5,9.518,750.896,3.1125,183.701,0.5182,USGS
2017-12-24,WB000000724,000000000724,SURFACE_WATER,DO,26.2319,MPN_100ML,0.8573,0,0,NONE,46281.421,21.69,6.74,8.471,396.89,14.2544,23.686,0.2896,USGS
2017-12-25,WB000000725,000000000725,DRINKING_WATER,PH,473.9011,UG_L,0.296,0,1,NONE,76496.179,15.91,8.13,10.016,519.103,18.3093,38.359,0.4635,STATE
2017-12-26,WB000000726,000000000726,DRINKING_WATER,TURBIDITY,428.3618,MPN_100ML,0.2907,0,1,NONE,231627.401,31.54,7.46,5.757,483.202,18.6924,96.308,0.4586,EPA
2017-12-27,WB000000727,000000000727,SURFACE_WATER,NITRATE,91.6771,MG_L,0.8975,0,0,NONE,107978.975,25.39,5.79,10.355,179.612,10.4954,157.872,0.8695,EPA
2017-12-28,WB000000728,000000000728,SURFACE_WATER,ARSENIC,469.5528,MG_L,4.0466,0,0,HUMAN,206744.355,24.32,7.47,13.203,152.93,23.8048,171.538,0.4465,STATE
2017-12-29,WB000000729,000000000729,SURFACE_WATER,PHOSPHATE,95.3048,MPN_100ML,4.5229,0,0,ANIMAL,88473.208,7.61,5.7,12.213,75.662,16.5128,54.475,0.3939,EPA
2017-12-30,WB000000730,000000000730,SURFACE_WATER,ARSENIC,209.1819,MG_L,2.4003,0,0,NONE,180801.137,3.36,6.67,4.339,147.076,11.8622,168.02,0.7792,EPA
2017-12-31,WB000000731,000000000731,SURFACE_WATER,DO,433.0128,PH_UNITS,4.2565,1,0,HUMAN,40975.999,12.65,6.12,10.889,73.806,15.6165,195.624,0.603,LOCAL
2018-01-01,WB000000732,000000000732,SURFACE_WATER,NITRATE,388.0264,MG_L,0.7767,0,0,NONE,248472.919,12.08,6.03,7.895,285.065,1.1778,149.335,0.5086,STATE
2018-01-02,WB000000733,000000000733,SEDIMENT,DO,363.8709,UG_L,3.0563,0,1,ANIMAL,2938.524,30.81,6.89,7.798,460.926,8.24,12.583,0.6577,USGS
2018-01-03,WB000000734,000000000734,SURFACE_WATER,LEAD,63.1174,MG_L,4.4561,0,0,INDUSTRIAL,199959.357,19.33,6.24,7.444,227.717,17.7845,117.052,0.5135,STATE
2018-01-04,WB000000735,000000000735,GROUNDWATER,PHOSPHATE,224.4796,NTU,1.2964,0,1,NONE,178086.923,28.56,6.74,10.339,172.936,14.5901,22.344,0.537,EPA
2018-01-05,WB000000736,000000000736,SURFACE_WATER,NITRATE,433.6642,PPB,1.0187,0,0,HUMAN,119766.564,18.55,9.03,8.968,317.293,3.1166,74.239,0.0358,STATE
2018-01-06,WB000000737,000000000737,DRINKING_WATER,TURBIDITY,347.2594,UG_L,4.9694,0,1,INDUSTRIAL,43617.929,10.13,8.07,5.886,192.229,2.227,80.691,0.9237,CITIZEN_SCIENCE
2018-01-07,WB000000738,000000000738,DRINKING_WATER,ARSENIC,436.3652,PCI_L,1.9365,1,0,INDUSTRIAL,96579.279,18.68,8.1,11.039,528.501,7.6663,14.172,0.3958,CITIZEN_SCIENCE
2018-01-08,WB000000739,000000000739,SURFACE_WATER,CHLORIDE,411.53,UG_L,2.71,0,0,ANIMAL,81255.083,5.01,6.85,5.98,715.658,4.3528,5.994,0.7794,EPA
2018-01-09,WB000000740,000000000740,GROUNDWATER,CHLORIDE,486.3558,PPB,4.6301,0,0,HUMAN,231504.1,12.46,9.01,3.471,783.292,12.4909,18.253,0.0937,LOCAL
2018-01-10,WB000000741,000000000741,EFFLUENT,DO,465.4991,NTU,1.027,0,0,AGRICULTURAL,32014.982,22.43,5.6,8.718,666.101,7.2087,73.845,0.1384,USGS
2018-01-11,WB000000742,000000000742,SURFACE_WATER,DO,247.7961,PPB,2.3687,0,0,HUMAN,150582.968,6.25,8.48,0.224,582.263,11.1077,91.854,0.9727,USGS
2018-01-12,WB000000743,000000000743,SURFACE_WATER,NITRATE,15.252,PPB,1.4636,0,0,NONE,1506.078,33.68,9.0,6.442,130.477,8.8282,118.295,0.5317,LOCAL
2018-01-13,WB000000744,000000000744,SURFACE_WATER,PHOSPHATE,237.6502,PPB,0.1254,0,0,NONE,46916.703,26.47,6.09,3.733,721.014,13.4033,18.981,0.3074,LOCAL
2018-01-14,WB000000745,000000000745,SURFACE_WATER,PHOSPHATE,210.6244,UG_L,4.7099,0,0,INDUSTRIAL,18248.234,20.42,7.44,10.483,237.947,5.5016,81.281,0.1609,LOCAL
2018-01-15,WB000000746,000000000746,SURFACE_WATER,NITRATE,287.8099,PPB,3.7921,0,1,NONE,142459.605,33.38,8.03,13.575,641.135,13.9802,43.814,0.0131,CITIZEN_SCIENCE
2018-01-16,WB000000747,000000000747,SURFACE_WATER,DO,109.85,MG_L,3.8925,0,1,NONE,206682.234,33.23,6.38,11.786,376.823,11.5733,62.473,0.1949,USGS
2018-01-17,WB000000748,000000000748,SURFACE_WATER,DO,32.4277,PH_UNITS,1.407,0,0,ANIMAL,130054.131,7.44,6.95,13.546,776.889,11.6943,184.227,0.6155,CITIZEN_SCIENCE
2018-01-18,WB000000749,000000000749,DRINKING_WATER,ARSENIC,273.158,NTU,2.6581,1,0,NONE,118273.417,26.6,8.25,5.994,26.22,13.1457,130.946,0.1385,STATE
2018-01-19,WB000000750,000000000750,SURFACE_WATER,CHLORIDE,229.8598,MG_L,1.2545,0,1,ANIMAL,69918.424,4.27,6.42,2.886,300.311,3.3293,183.52,0.5454,STATE
2018-01-20,WB000000751,000000000751,DRINKING_WATER,PH,416.3492,PH_UNITS,1.4201,0,0,NONE,52220.537,5.37,6.0,3.819,692.879,23.0458,114.215,0.5466,USGS
2018-01-21,WB000000752,000000000752,SURFACE_WATER,PFAS,9.9493,MPN_100ML,0.5278,0,0,NONE,231180.687,2.42,6.68,8.697,772.078,14.3106,69.175,0.5971,USGS
2018-01-22,WB000000753,000000000753,SEDIMENT,PH,281.1864,MPN_100ML,0.6647,0,0,INDUSTRIAL,150910.961,15.78,6.72,0.724,449.773,5.4244,197.873,0.6492,STATE
2018-01-23,WB000000754,000000000754,EFFLUENT,E_COLI,40.6446,UG_L,3.0151,0,1,NONE,164425.036,26.55,7.52,8.01,722.326,16.557,43.061,0.5097,USGS
2018-01-24,WB000000755,000000000755,GROUNDWATER,LEAD,339.5729,MG_L,1.0164,0,0,HUMAN,47737.269,27.1,9.22,9.475,736.56,11.2015,0.578,0.3433,EPA
2018-01-25,WB000000756,000000000756,GROUNDWATER,PH,78.1914,PCI_L,1.6653,1,0,AGRICULTURAL,153094.18,29.03,9.41,6.116,520.155,15.3188,72.768,0.5217,LOCAL
2018-01-26,WB000000757,000000000757,SEDIMENT,PFAS,266.3916,MG_L,1.0316,0,0,ANIMAL,128793.982,22.64,6.35,12.061,717.226,1.883,184.695,0.2977,CITIZEN_SCIENCE
2018-01-27,WB000000758,000000000758,SURFACE_WATER,CHLORIDE,137.0718,UG_L,0.2816,0,1,HUMAN,75552.728,18.15,8.6,5.931,760.472,18.2524,162.462,0.68,USGS
2018-01-28,WB000000759,000000000759,DRINKING_WATER,NITRATE,363.5201,PCI_L,1.434,0,0,NONE,148722.139,6.57,6.25,2.572,654.5,22.9829,116.085,0.6695,TRIBAL
2018-01-29,WB000000760,000000000760,EFFLUENT,NITRATE,494.5436,MPN_100ML,3.0767,0,1,NONE,141715.384,32.53,8.09,12.392,643.901,11.2468,199.925,0.8207,EPA
2018-01-30,WB000000761,000000000761,EFFLUENT,CHLORIDE,105.6006,MPN_100ML,3.4591,1,1,NONE,248328.726,22.49,7.47,13.242,450.918,17.1788,187.601,0.7629,CITIZEN_SCIENCE
2018-01-31,WB000000762,000000000762,SURFACE_WATER,PH,445.3867,UG_L,1.7109,0,0,NONE,218408.032,0.99,8.41,2.711,181.983,24.9588,179.724,0.7089,STATE
2018-02-01,WB000000763,000000000763,EFFLUENT,NITRATE,12.8248,NTU,3.5552,0,0,NONE,60581.261,-0.69,5.69,10.14,713.059,3.5561,192.626,0.6767,LOCAL
2018-02-02,WB000000764,000000000764,DRINKING_WATER,PFAS,281.0939,NTU,0.2091,0,0,INDUSTRIAL,42398.978,2.6,7.62,7.396,495.387,4.711,129.165,0.2991,STATE
2018-02-03,WB000000765,000000000765,SURFACE_WATER,TURBIDITY,213.1037,PPB,3.8341,0,0,NONE,175266.189,29.1,8.82,6.969,295.436,1.1913,105.694,0.0785,LOCAL
2018-02-04,WB000000766,000000000766,SEDIMENT,E_COLI,56.6344,NTU,4.0511,0,0,NONE,159406.454,29.91,7.64,0.663,583.043,0.485,53.427,0.7655,STATE
2018-02-05,WB000000767,000000000767,EFFLUENT,PHOSPHATE,355.8259,NTU,3.1546,0,0,NONE,191295.884,5.6,6.74,0.701,495.478,2.2974,181.309,0.5339,EPA
2018-02-06,WB000000768,000000000768,DRINKING_WATER,ARSENIC,460.3703,UG_L,0.6811,0,0,HUMAN,128018.498,25.96,5.75,6.306,685.28,3.9267,51.584,0.6034,CITIZEN_SCIENCE
2018-02-07,WB000000769,000000000769,DRINKING_WATER,NITRATE,67.3224,PCI_L,0.099,0,1,NONE,146606.117,31.73,6.19,2.26,515.827,3.2679,77.522,0.8394,CITIZEN_SCIENCE
2018-02-08,WB000000770,000000000770,DRINKING_WATER,PHOSPHATE,158.23,PPB,4.8159,0,1,NONE,37883.924,22.45,7.87,13.597,661.535,24.6296,174.259,0.9492,EPA
2018-02-09,WB000000771,000000000771,SURFACE_WATER,PH,84.7378,MPN_100ML,2.7881,0,0,ANIMAL,80635.509,9.26,9.36,5.297,67.292,1.4725,156.771,0.7763,USGS
2018-02-10,WB000000772,000000000772,SURFACE_WATER,PHOSPHATE,153.4447,UG_L,2.3294,1,0,HUMAN,179936.598,4.03,6.53,0.98,157.809,1.6426,71.825,0.8925,EPA
2018-02-11,WB000000773,000000000773,GROUNDWATER,TURBIDITY,257.6176,MPN_100ML,4.8667,0,0,ANIMAL,41223.664,29.54,7.48,7.384,559.961,21.5503,158.128,0.362,STATE
2018-02-12,WB000000774,000000000774,SURFACE_WATER,CHLORIDE,144.8327,PCI_L,2.7476,0,1,INDUSTRIAL,60598.442,23.96,6.21,1.325,12.11,13.1258,9.878,0.2871,STATE
2018-02-13,WB000000775,000000000775,DRINKING_WATER,NITRATE,313.674,UG_L,1.4679,0,0,ANIMAL,202563.228,22.45,7.91,9.07,503.327,7.9258,0.15,0.447,STATE
2018-02-14,WB000000776,000000000776,EFFLUENT,NITRATE,7.2722,PH_UNITS,1.7493,1,0,NONE,234428.931,1.33,8.65,11.765,641.163,0.6074,127.161,0.4334,LOCAL
2018-02-15,WB000000777,000000000777,SURFACE_WATER,E_COLI,172.0857,NTU,4.8494,0,0,HUMAN,99501.104,29.5,6.73,9.152,522.398,22.1086,118.046,0.418,TRIBAL
2018-02-16,WB000000778,000000000778,SURFACE_WATER,PHOSPHATE,59.9256,PPB,4.5447,0,1,INDUSTRIAL,83753.299,19.83,7.75,5.746,326.417,9.7651,33.55,0.2844,LOCAL
2018-02-17,WB000000779,000000000779,SURFACE_WATER,PHOSPHATE,435.2052,NTU,3.9028,0,0,HUMAN,126157.208,12.19,7.62,8.299,52.338,5.4839,185.961,0.3202,STATE
2018-02-18,WB000000780,000000000780,GROUNDWATER,PH,409.4869,PCI_L,0.8144,1,1,NONE,207580.411,23.19,7.85,7.918,324.573,9.4849,106.508,0.3248,EPA
2018-02-19,WB000000781,000000000781,GROUNDWATER,NITRATE,435.7712,UG_L,1.9321,1,0,NONE,93238.036,34.37,8.75,3.496,643.948,7.7161,48.221,0.3129,STATE
2018-02-20,WB000000782,000000000782,GROUNDWATER,E_COLI,98.8067,PPB,4.6194,1,0,INDUSTRIAL,227901.116,11.32,8.52,0.171,631.526,22.5826,46.949,0.3691,LOCAL
2018-02-21,WB000000783,000000000783,SURFACE_WATER,DO,117.9938,MG_L,1.761,0,0,AGRICULTURAL,76746.674,14.05,8.35,5.088,546.231,3.3578,20.547,0.0258,EPA
2018-02-22,WB000000784,000000000784,DRINKING_WATER,CHLORIDE,326.2972,MG_L,0.5392,0,0,HUMAN,70906.004,12.19,9.14,10.022,308.161,19.9223,176.74,0.3132,LOCAL
2018-02-23,WB000000785,000000000785,GROUNDWATER,PHOSPHATE,280.8095,MG_L,0.46,0,0,AGRICULTURAL,7658.732,32.12,8.14,11.46,198.63,17.7058,196.916,0.109,TRIBAL
2018-02-24,WB000000786,000000000786,GROUNDWATER,LEAD,387.8621,PPB,1.5139,0,0,NONE,15523.73,17.0,7.59,4.561,156.273,14.8981,168.85,0.5739,EPA
2018-02-25,WB000000787,000000000787,GROUNDWATER,CHLORIDE,10.6314,MPN_100ML,3.8656,1,0,ANIMAL,129607.083,14.32,5.97,3.628,247.806,17.1905,180.636,0.9571,EPA
2018-02-26,WB000000788,000000000788,SURFACE_WATER,ARSENIC,266.0935,PPB,0.0476,0,1,NONE,224414.991,7.7,7.8,6.273,532.514,23.0319,51.0,0.551,STATE
2018-02-27,WB000000789,000000000789,SURFACE_WATER,CHLORIDE,247.4231,PH_UNITS,2.9743,0,0,INDUSTRIAL,80019.851,8.0,9.27,6.71,387.202,16.7019,94.875,0.9246,USGS
2018-02-28,WB000000790,000000000790,SURFACE_WATER,PFAS,429.1103,PPB,4.682,0,1,HUMAN,80085.812,14.56,6.48,9.632,782.796,23.8898,179.857,0.8947,STATE
2018-03-01,WB000000791,000000000791,EFFLUENT,PHOSPHATE,320.8061,PPB,1.6458,0,1,NONE,25915.506,14.84,9.17,12.558,386.215,5.544,3.403,0.6481,STATE
2018-03-02,WB000000792,000000000792,SURFACE_WATER,CHLORIDE,232.9789,MG_L,2.6325,0,0,NONE,233394.239,9.6,7.21,0.493,35.651,14.2698,150.548,0.6935,STATE
2018-03-03,WB000000793,000000000793,SURFACE_WATER,PHOSPHATE,21.8774,MG_L,0.2313,1,1,AGRICULTURAL,87504.821,14.8,9.3,8.217,595.824,15.6338,172.441,0.7699,EPA
2018-03-04,WB000000794,000000000794,SURFACE_WATER,ARSENIC,471.6216,PH_UNITS,0.9219,1,1,NONE,41859.006,14.59,7.9,12.858,46.267,19.7149,185.682,0.3515,LOCAL
2018-03-05,WB000000795,000000000795,SURFACE_WATER,PFAS,319.5468,MPN_100ML,2.5797,0,0,NONE,232830.655,26.39,6.67,8.715,756.522,7.8455,11.569,0.0299,STATE
2018-03-06,WB000000796,000000000796,DRINKING_WATER,NITRATE,34.2324,PH_UNITS,0.1965,1,0,NONE,42932.074,10.56,9.02,5.118,751.096,10.1238,72.415,0.5134,STATE
2018-03-07,WB000000797,000000000797,GROUNDWATER,PFAS,196.3839,MPN_100ML,4.4226,0,0,HUMAN,239593.058,30.59,8.17,1.893,363.146,9.9184,162.697,0.5598,EPA
2018-03-08,WB000000798,000000000798,DRINKING_WATER,ARSENIC,151.0593,MPN_100ML,4.6933,0,0,INDUSTRIAL,216520.764,-0.43,9.43,4.241,733.677,1.5393,100.685,0.1053,USGS
2018-03-09,WB000000799,000000000799,SURFACE_WATER,NITRATE,153.5083,UG_L,1.3025,0,1,NONE,191666.916,26.93,6.72,10.278,244.312,12.9611,28.883,0.6196,EPA
2018-03-10,WB000000800,000000000800,EFFLUENT,ARSENIC,451.281,PPB,0.5711,0,0,AGRICULTURAL,74797.133,10.88,7.56,10.886,670.601,9.5649,104.481,0.2874,USGS
2018-03-11,WB000000801,000000000801,SURFACE_WATER,CHLORIDE,74.4254,PPB,2.4808,0,0,HUMAN,249423.846,14.77,7.8,10.089,307.594,4.2099,171.167,0.5395,EPA
2018-03-12,WB000000802,000000000802,SURFACE_WATER,PH,75.0428,NTU,2.7909,0,1,NONE,102325.965,30.11,7.73,9.132,397.024,0.3845,164.785,0.5555,EPA
2018-03-13,WB000000803,000000000803,DRINKING_WATER,PHOSPHATE,351.142,PCI_L,0.24,0,0,NONE,115973.054,9.44,5.94,8.379,513.552,7.3233,40.336,0.1264,USGS
2018-03-14,WB000000804,000000000804,SURFACE_WATER,PHOSPHATE,284.1466,UG_L,1.8577,1,1,NONE,149731.59,3.49,7.64,5.962,64.34,7.8834,41.813,0.6232,CITIZEN_SCIENCE
2018-03-15,WB000000805,000000000805,SURFACE_WATER,ARSENIC,386.8546,MG_L,4.6538,0,0,NONE,121219.797,11.62,6.34,11.755,287.526,20.5822,38.665,0.7279,EPA
2018-03-16,WB000000806,000000000806,SURFACE_WATER,NITRATE,194.5739,PCI_L,1.6123,0,1,NONE,23422.059,17.28,7.31,9.106,396.842,15.349,7.042,0.5663,EPA
2018-03-17,WB000000807,000000000807,SURFACE_WATER,LEAD,2.9527,UG_L,1.0576,0,1,HUMAN,45898.662,-0.65,8.66,5.998,187.805,17.4915,65.262,0.0843,EPA
2018-03-18,WB000000808,000000000808,SURFACE_WATER,LEAD,405.7655,PH_UNITS,4.6061,1,0,HUMAN,229135.904,-0.04,7.55,11.185,577.875,0.6285,9.343,0.4389,TRIBAL
2018-03-19,WB000000809,000000000809,GROUNDWATER,NITRATE,422.1979,PCI_L,4.37,1,0,NONE,242919.567,10.83,5.74,3.924,177.149,7.3656,166.25,0.9537,LOCAL
2018-03-20,WB000000810,000000000810,SEDIMENT,LEAD,208.499,PPB,2.318,0,1,AGRICULTURAL,78821.588,22.18,7.92,0.676,393.076,13.1786,79.027,0.8988,LOCAL
2018-03-21,WB000000811,000000000811,SURFACE_WATER,LEAD,96.4363,PPB,3.8612,1,1,NONE,199837.676,0.8,7.83,0.461,222.493,1.3315,100.167,0.1281,CITIZEN_SCIENCE
2018-03-22,WB000000812,000000000812,DRINKING_WATER,TURBIDITY,26.2012,NTU,1.3092,0,0,NONE,50183.094,5.07,8.68,12.257,4.226,13.5935,63.297,0.4101,STATE
2018-03-23,WB000000813,000000000813,DRINKING_WATER,TURBIDITY,460.5262,PH_UNITS,3.5183,0,0,NONE,133826.817,21.85,5.99,12.962,437.326,5.8685,17.323,0.974,TRIBAL
2018-03-24,WB000000814,000000000814,SURFACE_WATER,ARSENIC,485.0616,PCI_L,3.8701,0,1,NONE,1723.367,-0.66,8.57,3.518,513.843,9.847,22.538,0.751,STATE
2018-03-25,WB000000815,000000000815,EFFLUENT,LEAD,201.3842,UG_L,4.3527,0,0,ANIMAL,156515.479,20.34,5.73,7.875,785.836,21.4671,126.495,0.0631,EPA
2018-03-26,WB000000816,000000000816,EFFLUENT,CHLORIDE,201.4645,PH_UNITS,3.8276,0,1,INDUSTRIAL,138457.517,0.52,9.04,7.849,571.946,5.5433,96.604,0.8575,USGS
2018-03-27,WB000000817,000000000817,GROUNDWATER,CHLORIDE,37.5124,UG_L,1.8161,0,0,NONE,38864.829,9.98,8.89,7.371,782.914,18.3224,58.011,0.1834,TRIBAL
2018-03-28,WB000000818,000000000818,DRINKING_WATER,TURBIDITY,224.7395,MG_L,1.9464,0,0,HUMAN,95561.094,22.78,8.75,8.902,313.491,9.3337,187.574,0.2581,LOCAL
2018-03-29,WB000000819,000000000819,SURFACE_WATER,PHOSPHATE,62.7246,PCI_L,3.3859,1,1,HUMAN,180054.474,26.41,6.24,13.257,480.019,22.6537,83.421,0.7772,LOCAL
2018-03-30,WB000000820,000000000820,SURFACE_WATER,LEAD,492.7061,MPN_100ML,0.9886,1,0,NONE,71421.229,2.97,8.37,3.451,493.137,14.2507,67.644,0.8129,USGS
2018-03-31,WB000000821,000000000821,SURFACE_WATER,TURBIDITY,176.1423,PH_UNITS,3.9031,1,1,NONE,208160.426,29.7,7.91,1.266,308.139,15.6842,185.807,0.3703,LOCAL
2018-04-01,WB000000822,000000000822,GROUNDWATER,CHLORIDE,426.0945,PPB,2.6095,0,1,ANIMAL,145540.645,17.87,6.31,0.782,569.071,21.6068,158.912,0.5973,USGS
2018-04-02,WB000000823,000000000823,SURFACE_WATER,ARSENIC,397.9848,PPB,3.0519,0,0,HUMAN,202617.817,28.18,7.46,2.178,264.582,6.935,26.273,0.3123,LOCAL
2018-04-03,WB000000824,000000000824,SURFACE_WATER,DO,75.2564,PH_UNITS,1.382,1,0,NONE,198816.578,24.08,7.41,12.794,281.372,16.861,7.769,0.6194,CITIZEN_SCIENCE
2018-04-04,WB000000825,000000000825,GROUNDWATER,PFAS,400.6639,PPB,1.375,0,0,AGRICULTURAL,2102.246,33.58,9.3,11.322,646.308,10.0785,119.962,0.3361,USGS
2018-04-05,WB000000826,000000000826,DRINKING_WATER,PHOSPHATE,103.2016,UG_L,2.6908,1,1,INDUSTRIAL,121541.172,21.72,6.81,6.236,353.264,17.3776,127.831,0.8303,EPA
2018-04-06,WB000000827,000000000827,SURFACE_WATER,ARSENIC,309.4314,NTU,2.9374,0,1,NONE,90522.335,34.23,9.32,8.543,564.766,3.1562,134.605,0.8407,STATE
2018-04-07,WB000000828,000000000828,SURFACE_WATER,TURBIDITY,4.6461,PCI_L,0.4943,0,0,NONE,15944.037,1.91,8.03,9.941,356.528,15.4573,162.057,0.7334,EPA
2018-04-08,WB000000829,000000000829,SURFACE_WATER,TURBIDITY,197.517,PPB,4.0636,0,1,AGRICULTURAL,202436.053,-0.25,5.78,8.69,209.483,22.633,52.172,0.3709,TRIBAL
2018-04-09,WB000000830,000000000830,SEDIMENT,NITRATE,427.6991,NTU,3.7653,0,0,ANIMAL,70517.814,33.72,6.82,6.013,359.996,9.8025,30.886,0.1955,LOCAL
2018-04-10,WB000000831,000000000831,EFFLUENT,E_COLI,385.3923,PCI_L,4.1144,0,0,AGRICULTURAL,121658.614,29.58,7.01,1.113,404.042,14.3569,166.685,0.7754,STATE
2018-04-11,WB000000832,000000000832,DRINKING_WATER,PFAS,320.6123,MPN_100ML,2.5124,0,1,NONE,224287.993,6.31,8.72,10.838,378.897,4.761,75.502,0.9737,USGS
2018-04-12,WB000000833,000000000833,SURFACE_WATER,LEAD,119.3504,PCI_L,0.186,0,0,NONE,221441.471,30.14,8.94,7.763,575.111,2.2777,26.52,0.3463,USGS
2018-04-13,WB000000834,000000000834,GROUNDWATER,PFAS,372.5314,PCI_L,1.1398,0,0,NONE,201894.213,22.32,9.02,2.713,237.349,20.8786,21.284,0.6579,STATE
2018-04-14,WB000000835,000000000835,GROUNDWATER,PHOSPHATE,25.4565,PCI_L,2.4782,0,0,NONE,220337.42,12.27,6.68,13.759,416.871,11.3912,94.468,0.4122,STATE
2018-04-15,WB000000836,000000000836,SURFACE_WATER,PH,384.0956,UG_L,4.8077,1,1,ANIMAL,82048.624,16.09,9.31,2.052,372.082,11.0289,49.11,0.1615,LOCAL
2018-04-16,WB000000837,000000000837,SURFACE_WATER,PFAS,276.3792,PPB,1.8853,0,0,ANIMAL,164098.15,18.9,9.28,9.458,173.72,5.1905,26.409,0.1259,STATE
2018-04-17,WB000000838,000000000838,SURFACE_WATER,PH,17.4519,PCI_L,0.1339,0,0,NONE,27877.133,7.95,7.01,0.402,329.874,22.0218,34.048,0.9539,USGS
2018-04-18,WB000000839,000000000839,EFFLUENT,NITRATE,364.9266,PPB,0.7111,0,0,AGRICULTURAL,221162.56,0.46,7.38,6.485,341.6,10.6806,69.121,0.7019,STATE
2018-04-19,WB000000840,000000000840,SURFACE_WATER,ARSENIC,372.6345,UG_L,1.6495,0,0,NONE,35971.991,33.72,9.0,0.737,428.284,4.5515,89.926,0.9746,CITIZEN_SCIENCE
2018-04-20,WB000000841,000000000841,SURFACE_WATER,CHLORIDE,408.9825,MPN_100ML,0.095,1,0,NONE,76474.187,3.05,9.24,12.747,281.531,14.1327,191.69,0.3683,USGS
2018-04-21,WB000000842,000000000842,DRINKING_WATER,NITRATE,217.9469,MPN_100ML,1.7268,0,1,NONE,63591.781,3.09,8.96,6.93,256.624,24.3645,97.645,0.9661,EPA
2018-04-22,WB000000843,000000000843,GROUNDWATER,TURBIDITY,80.946,PPB,2.8578,0,0,NONE,243143.314,18.38,6.24,10.969,794.92,16.5427,186.599,0.6646,STATE
2018-04-23,WB000000844,000000000844,SURFACE_WATER,PHOSPHATE,304.4765,UG_L,0.8095,0,0,NONE,10323.783,29.52,7.1,0.685,509.886,2.0447,60.852,0.5184,TRIBAL
2018-04-24,WB000000845,000000000845,GROUNDWATER,DO,399.2584,PCI_L,1.4958,1,0,NONE,5691.083,15.56,7.91,9.367,230.828,9.5067,78.858,0.3968,TRIBAL
2018-04-25,WB000000846,000000000846,SURFACE_WATER,CHLORIDE,412.9801,MPN_100ML,2.7698,0,0,INDUSTRIAL,54361.735,29.91,8.73,5.348,308.97,7.0188,93.82,0.2117,LOCAL
2018-04-26,WB000000847,000000000847,SURFACE_WATER,LEAD,480.3916,MG_L,2.1747,0,0,NONE,131338.583,18.24,8.3,13.559,781.745,11.6785,105.49,0.3184,LOCAL
2018-04-27,WB000000848,000000000848,EFFLUENT,ARSENIC,351.675,NTU,2.6814,1,0,NONE,66768.438,15.29,7.46,4.448,426.454,10.8976,180.864,0.3228,USGS
2018-04-28,WB000000849,000000000849,SURFACE_WATER,TURBIDITY,428.0015,MG_L,3.8,1,0,NONE,215174.586,12.93,8.24,1.736,420.551,6.0121,79.899,0.9323,STATE
2018-04-29,WB000000850,000000000850,GROUNDWATER,E_COLI,282.2199,MPN_100ML,2.6572,0,1,NONE,149704.773,16.05,5.63,9.24,210.666,4.3826,125.524,0.0047,LOCAL
2018-04-30,WB000000851,000000000851,SURFACE_WATER,CHLORIDE,408.0079,PH_UNITS,4.5339,1,0,NONE,243612.216,23.33,7.52,1.285,365.908,24.264,197.069,0.7888,STATE
2018-05-01,WB000000852,000000000852,SURFACE_WATER,CHLORIDE,478.6252,MPN_100ML,0.0762,1,0,NONE,187011.189,21.35,8.86,4.989,694.903,20.3203,2.509,0.1577,EPA
2018-05-02,WB000000853,000000000853,SURFACE_WATER,PH,493.0048,MPN_100ML,3.8297,0,0,NONE,42889.847,8.82,8.54,2.89,211.653,18.3309,111.966,0.4918,TRIBAL
2018-05-03,WB000000854,000000000854,EFFLUENT,PH,197.5459,MG_L,1.0887,0,0,AGRICULTURAL,163371.362,15.29,7.82,10.75,6.934,0.6227,167.773,0.3107,STATE
2018-05-04,WB000000855,000000000855,SURFACE_WATER,PH,386.4313,PPB,0.0498,1,1,INDUSTRIAL,174746.718,24.44,6.42,11.025,221.341,18.8559,105.434,0.34,STATE
2018-05-05,WB000000856,000000000856,SEDIMENT,ARSENIC,402.4775,MPN_100ML,0.149,0,0,NONE,114554.28,6.54,8.68,12.535,1.533,1.2733,59.145,0.3993,CITIZEN_SCIENCE
2018-05-06,WB000000857,000000000857,SEDIMENT,PH,107.6808,PH_UNITS,3.4455,1,1,NONE,32834.44,16.82,8.86,3.549,588.081,1.5833,97.669,0.9688,LOCAL
2018-05-07,WB000000858,000000000858,GROUNDWATER,TURBIDITY,20.2483,NTU,0.4456,0,1,NONE,129213.777,17.93,8.31,6.092,748.381,16.0305,52.21,0.8335,LOCAL
2018-05-08,WB000000859,000000000859,SURFACE_WATER,E_COLI,436.0265,PH_UNITS,2.076,0,0,NONE,225902.345,27.51,7.51,13.289,704.89,5.9578,32.239,0.4532,LOCAL
2018-05-09,WB000000860,000000000860,EFFLUENT,ARSENIC,26.2149,MG_L,3.3556,0,1,NONE,242200.877,31.08,8.71,3.381,456.869,0.4382,5.287,0.034,USGS
2018-05-10,WB000000861,000000000861,SURFACE_WATER,TURBIDITY,497.1179,UG_L,0.9126,0,0,HUMAN,49260.088,25.89,7.75,12.289,240.904,24.3315,61.032,0.0638,USGS
2018-05-11,WB000000862,000000000862,SURFACE_WATER,E_COLI,309.9948,PH_UNITS,3.9559,0,0,HUMAN,118997.69,8.76,7.17,3.161,740.095,0.5723,2.886,0.0393,EPA
2018-05-12,WB000000863,000000000863,SEDIMENT,DO,275.3812,MPN_100ML,4.0471,0,1,ANIMAL,32160.532,11.85,6.94,9.577,595.048,4.3401,33.327,0.807,STATE
2018-05-13,WB000000864,000000000864,SURFACE_WATER,E_COLI,195.328,NTU,3.3066,0,0,HUMAN,91504.335,20.79,9.37,4.08,581.812,11.3983,144.609,0.1608,STATE
2018-05-14,WB000000865,000000000865,GROUNDWATER,NITRATE,451.7199,NTU,2.4865,0,0,NONE,96506.879,5.35,5.79,10.299,683.617,19.3315,135.459,0.0692,LOCAL
2018-05-15,WB000000866,000000000866,DRINKING_WATER,ARSENIC,81.6589,PH_UNITS,4.4793,0,1,NONE,85276.93,20.44,8.86,0.118,116.61,16.0486,18.062,0.1948,CITIZEN_SCIENCE
2018-05-16,WB000000867,000000000867,SURFACE_WATER,PH,13.3236,UG_L,1.6809,0,1,NONE,166496.967,5.44,7.41,4.912,116.733,13.8784,148.317,0.2535,STATE
2018-05-17,WB000000868,000000000868,EFFLUENT,PFAS,240.7408,MPN_100ML,0.3029,0,0,HUMAN,81520.833,16.71,6.27,10.161,293.436,3.0678,40.475,0.8048,CITIZEN_SCIENCE
2018-05-18,WB000000869,000000000869,SEDIMENT,PH,149.2546,MPN_100ML,0.6907,0,1,NONE,44585.129,24.54,5.52,3.664,635.027,6.8207,10.271,0.2299,STATE
2018-05-19,WB000000870,000000000870,SURFACE_WATER,PH,29.044,PCI_L,2.3777,0,0,NONE,223902.736,33.54,6.59,0.372,23.342,17.2594,112.518,0.7836,USGS
2018-05-20,WB000000871,000000000871,GROUNDWATER,NITRATE,76.004,UG_L,2.2204,0,0,NONE,234535.855,6.85,5.62,4.895,448.85,14.9101,128.466,0.7953,STATE
2018-05-21,WB000000872,000000000872,DRINKING_WATER,PFAS,352.9955,PCI_L,3.2067,1,0,HUMAN,139219.659,4.12,5.87,10.614,122.71,5.3833,149.723,0.115,EPA
2018-05-22,WB000000873,000000000873,GROUNDWATER,NITRATE,120.161,PH_UNITS,1.2736,0,0,ANIMAL,185933.619,34.35,5.98,7.907,428.381,23.7854,168.966,0.6538,LOCAL
2018-05-23,WB000000874,000000000874,SURFACE_WATER,PHOSPHATE,106.5439,MG_L,3.4849,1,0,AGRICULTURAL,23193.193,11.7,7.79,7.992,726.646,9.5095,54.291,0.9278,EPA
2018-05-24,WB000000875,000000000875,DRINKING_WATER,PFAS,333.9345,MG_L,3.3893,0,1,HUMAN,16930.627,2.32,5.88,11.431,538.758,18.9435,147.908,0.2493,CITIZEN_SCIENCE
2018-05-25,WB000000876,000000000876,DRINKING_WATER,TURBIDITY,366.4455,UG_L,4.0776,0,1,NONE,65922.165,1.11,5.91,7.705,378.307,11.614,95.483,0.1677,CITIZEN_SCIENCE
2018-05-26,WB000000877,000000000877,SURFACE_WATER,PFAS,401.8409,PH_UNITS,0.7806,0,0,NONE,206452.285,21.76,8.26,6.779,779.511,11.0443,49.381,0.2223,EPA
2018-05-27,WB000000878,000000000878,SURFACE_WATER,PH,88.9193,MG_L,1.7142,0,0,HUMAN,216173.267,10.81,8.38,9.521,695.375,15.9263,32.726,0.4387,CITIZEN_SCIENCE
2018-05-28,WB000000879,000000000879,DRINKING_WATER,TURBIDITY,26.5611,MG_L,0.5939,0,1,ANIMAL,128373.37,16.27,6.21,13.841,737.36,19.1579,136.139,0.8398,CITIZEN_SCIENCE
2018-05-29,WB000000880,000000000880,DRINKING_WATER,CHLORIDE,4.9319,PH_UNITS,1.7131,0,1,NONE,115530.424,29.61,9.24,0.929,315.155,4.5949,126.758,0.104,EPA
2018-05-30,WB000000881,000000000881,SURFACE_WATER,DO,401.9933,PPB,3.0925,0,0,NONE,93832.455,20.46,8.95,2.766,340.701,7.1259,56.466,0.2299,CITIZEN_SCIENCE
2018-05-31,WB000000882,000000000882,SEDIMENT,E_COLI,329.7031,MPN_100ML,1.7104,0,0,ANIMAL,238777.629,25.99,7.18,0.257,358.536,7.6811,91.218,0.1082,STATE
2018-06-01,WB000000883,000000000883,GROUNDWATER,PHOSPHATE,425.2608,NTU,3.1686,0,0,NONE,237431.006,34.64,5.62,4.462,506.447,2.3113,115.1,0.3203,EPA
2018-06-02,WB000000884,000000000884,SEDIMENT,E_COLI,204.6048,PPB,1.0506,0,0,NONE,123240.018,13.02,8.48,9.257,333.274,0.0737,80.969,0.4558,USGS
2018-06-03,WB000000885,000000000885,SURFACE_WATER,DO,257.6595,PCI_L,0.2973,0,0,NONE,77284.037,0.21,6.81,3.108,795.464,24.5948,70.894,0.667,TRIBAL
2018-06-04,WB000000886,000000000886,SURFACE_WATER,ARSENIC,154.95,MPN_100ML,3.8466,0,1,HUMAN,181988.206,5.4,8.18,10.184,786.678,18.7276,175.326,0.8103,STATE
2018-06-05,WB000000887,000000000887,SURFACE_WATER,TURBIDITY,33.6455,NTU,4.388,0,0,NONE,181606.158,22.53,9.43,4.961,107.565,14.1594,1.849,0.7997,USGS
2018-06-06,WB000000888,000000000888,SURFACE_WATER,TURBIDITY,48.4773,MPN_100ML,3.1541,0,1,NONE,217030.135,0.68,8.77,13.009,55.015,12.3244,124.928,0.8987,STATE
2018-06-07,WB000000889,000000000889,SURFACE_WATER,LEAD,169.5924,PPB,3.8779,1,1,NONE,87296.551,7.02,8.21,4.312,471.799,14.3402,114.078,0.8341,STATE
2018-06-08,WB000000890,000000000890,SURFACE_WATER,PHOSPHATE,487.9081,UG_L,2.5412,0,1,NONE,33671.858,34.69,8.41,1.006,21.634,5.6141,102.126,0.3386,TRIBAL
2018-06-09,WB000000891,000000000891,SURFACE_WATER,PFAS,321.0661,PPB,4.7772,0,0,ANIMAL,214747.713,-0.87,9.48,0.034,759.085,9.289,130.492,0.6749,USGS
2018-06-10,WB000000892,000000000892,SURFACE_WATER,DO,167.3783,NTU,4.4684,0,1,NONE,141081.336,11.74,7.29,8.17,496.47,19.7291,67.991,0.8319,EPA
2018-06-11,WB000000893,000000000893,EFFLUENT,DO,76.1558,PPB,0.8619,0,0,NONE,124275.241,14.41,7.06,4.479,367.856,4.5157,188.085,0.67,CITIZEN_SCIENCE
2018-06-12,WB000000894,000000000894,SURFACE_WATER,NITRATE,463.6814,UG_L,3.2783,0,0,HUMAN,200623.524,9.12,7.42,9.882,570.996,8.0603,157.36,0.621,STATE
2018-06-13,WB000000895,000000000895,GROUNDWATER,LEAD,294.7999,PH_UNITS,1.0839,0,1,NONE,12970.589,31.33,6.42,10.859,331.927,15.7939,36.383,0.4774,CITIZEN_SCIENCE
2018-06-14,WB000000896,000000000896,SURFACE_WATER,ARSENIC,353.5662,MPN_100ML,0.4878,0,0,HUMAN,92016.771,-0.54,6.57,0.509,266.902,20.5857,150.868,0.3636,TRIBAL
2018-06-15,WB000000897,000000000897,DRINKING_WATER,ARSENIC,7.3743,NTU,2.6513,0,0,NONE,1160.404,19.11,7.47,12.042,322.984,12.3047,96.674,0.8594,LOCAL
2018-06-16,WB000000898,000000000898,GROUNDWATER,NITRATE,414.9525,MPN_100ML,0.3797,1,0,NONE,104428.785,34.99,7.03,0.485,731.133,9.3755,24.498,0.6763,CITIZEN_SCIENCE
2018-06-17,WB000000899,000000000899,GROUNDWATER,TURBIDITY,437.8635,NTU,3.3128,0,0,NONE,25863.95,-0.86,5.87,0.477,114.374,10.6585,3.706,0.3191,EPA
2018-06-18,WB000000900,000000000900,SURFACE_WATER,NITRATE,395.8885,NTU,1.7425,0,0,HUMAN,11237.233,14.32,8.74,9.204,118.878,18.0673,4.695,0.166,STATE
2018-06-19,WB000000901,000000000901,SEDIMENT,ARSENIC,59.6489,NTU,3.3199,0,0,NONE,72571.684,16.65,8.2,2.855,401.553,11.3763,49.659,0.9556,LOCAL
2018-06-20,WB000000902,000000000902,GROUNDWATER,LEAD,223.6425,PPB,3.5482,0,1,NONE,14329.011,21.88,5.63,0.124,427.181,2.9909,182.259,0.2157,EPA
2018-06-21,WB000000903,000000000903,SURFACE_WATER,CHLORIDE,239.9121,PCI_L,4.8355,0,1,NONE,138305.7,27.65,6.07,6.155,333.847,24.5105,39.803,0.4393,USGS
2018-06-22,WB000000904,000000000904,DRINKING_WATER,ARSENIC,305.2219,PCI_L,2.7727,0,0,NONE,45486.688,22.3,6.05,0.228,696.101,4.4824,124.795,0.1993,USGS
2018-06-23,WB000000905,000000000905,SURFACE_WATER,E_COLI,193.8941,NTU,0.2641,0,0,NONE,4008.471,34.25,8.79,9.089,569.912,18.1493,41.43,0.8434,TRIBAL
2018-06-24,WB000000906,000000000906,GROUNDWATER,NITRATE,7.9987,PH_UNITS,1.7707,0,0,NONE,210472.61,22.57,7.5,13.201,80.378,24.3519,102.885,0.3336,STATE
2018-06-25,WB000000907,000000000907,SURFACE_WATER,ARSENIC,64.2211,PCI_L,0.6554,0,0,AGRICULTURAL,99035.567,21.03,7.56,10.77,797.338,8.1489,124.932,0.2426,USGS
2018-06-26,WB000000908,000000000908,SURFACE_WATER,PHOSPHATE,186.7698,MPN_100ML,0.6082,0,0,NONE,206027.994,10.31,8.78,4.162,100.004,6.4756,178.603,0.9592,TRIBAL
2018-06-27,WB000000909,000000000909,GROUNDWATER,NITRATE,248.1103,MG_L,2.8431,0,1,NONE,114343.641,1.46,8.44,12.309,321.08,7.7261,160.453,0.9821,USGS
2018-06-28,WB000000910,000000000910,SURFACE_WATER,PH,384.7871,PH_UNITS,4.4667,1,1,ANIMAL,26319.353,6.3,5.73,2.518,462.044,2.4544,181.497,0.4784,TRIBAL
2018-06-29,WB000000911,000000000911,SEDIMENT,PHOSPHATE,430.1758,MG_L,4.0659,0,0,HUMAN,139912.166,33.62,7.96,7.389,60.547,12.4472,29.521,0.0202,STATE
2018-06-30,WB000000912,000000000912,GROUNDWATER,LEAD,148.6267,MPN_100ML,3.4733,0,0,HUMAN,142289.161,9.66,5.8,9.833,16.792,23.389,88.647,0.992,TRIBAL
2018-07-01,WB000000913,000000000913,EFFLUENT,CHLORIDE,363.5136,MPN_100ML,0.7188,0,1,NONE,28435.658,3.1,8.86,11.07,68.304,8.3784,137.689,0.8933,STATE
2018-07-02,WB000000914,000000000914,SURFACE_WATER,NITRATE,209.9728,NTU,3.1995,0,0,ANIMAL,62616.377,13.99,8.98,3.731,7.059,20.8163,114.967,0.659,STATE
2018-07-03,WB000000915,000000000915,GROUNDWATER,E_COLI,32.7406,PCI_L,1.2848,0,0,HUMAN,180184.279,7.18,8.46,12.033,242.081,3.5364,196.647,0.3613,CITIZEN_SCIENCE
2018-07-04,WB000000916,000000000916,EFFLUENT,LEAD,210.6266,UG_L,0.0483,0,1,ANIMAL,4117.181,16.82,8.37,0.453,435.853,3.3725,118.124,0.9718,USGS
2018-07-05,WB000000917,000000000917,SURFACE_WATER,PH,110.5324,NTU,2.7884,0,0,ANIMAL,40099.991,12.25,5.94,3.305,704.151,1.3733,177.192,0.6999,EPA
2018-07-06,WB000000918,000000000918,SEDIMENT,LEAD,119.0648,PPB,1.1297,0,1,HUMAN,193922.123,13.22,8.45,0.902,784.024,0.6039,146.735,0.8234,LOCAL
2018-07-07,WB000000919,000000000919,EFFLUENT,ARSENIC,58.9727,MPN_100ML,3.6598,0,0,ANIMAL,70190.735,19.36,7.07,6.358,680.394,10.8755,80.523,0.9682,USGS
2018-07-08,WB000000920,000000000920,GROUNDWATER,LEAD,181.9879,PCI_L,2.3352,1,0,NONE,14104.906,21.96,6.24,5.081,475.595,6.3461,119.701,0.0231,LOCAL
2018-07-09,WB000000921,000000000921,GROUNDWATER,PHOSPHATE,349.9173,MG_L,1.1557,0,1,INDUSTRIAL,68223.252,0.18,7.62,7.39,7.056,22.7044,154.957,0.853,STATE
2018-07-10,WB000000922,000000000922,SURFACE_WATER,CHLORIDE,386.9598,MPN_100ML,1.4013,0,0,NONE,221536.57,22.1,5.72,5.557,338.203,18.51,188.702,0.1168,USGS
2018-07-11,WB000000923,000000000923,EFFLUENT,DO,297.2776,UG_L,2.0301,1,0,NONE,162879.354,23.08,7.29,9.969,335.645,22.8407,103.352,0.8281,CITIZEN_SCIENCE
2018-07-12,WB000000924,000000000924,SURFACE_WATER,TURBIDITY,357.0018,NTU,2.856,0,0,NONE,125796.334,34.48,8.3,9.006,336.827,20.3593,153.988,0.4904,LOCAL
2018-07-13,WB000000925,000000000925,EFFLUENT,PHOSPHATE,206.4651,MG_L,0.3567,0,0,INDUSTRIAL,217116.285,1.44,6.68,2.18,516.533,16.3728,57.217,0.0408,STATE
2018-07-14,WB000000926,000000000926,EFFLUENT,LEAD,193.7025,UG_L,1.5978,0,0,NONE,125347.913,2.18,6.46,1.146,37.196,10.7951,117.217,0.7912,STATE
2018-07-15,WB000000927,000000000927,SURFACE_WATER,PH,456.1983,NTU,1.4172,0,0,HUMAN,103890.893,33.75,8.9,10.488,465.965,9.1624,102.847,0.4891,TRIBAL
2018-07-16,WB000000928,000000000928,SURFACE_WATER,ARSENIC,249.5746,PH_UNITS,3.1581,0,0,NONE,3918.046,13.08,9.05,6.2,30.888,18.5296,168.324,0.3532,STATE
2018-07-17,WB000000929,000000000929,SURFACE_WATER,CHLORIDE,208.0401,MG_L,4.9575,0,0,NONE,201115.326,4.44,5.85,0.191,403.748,14.3851,89.97,0.0344,CITIZEN_SCIENCE
2018-07-18,WB000000930,000000000930,SURFACE_WATER,PHOSPHATE,19.5723,MPN_100ML,1.0919,0,0,NONE,233929.202,19.49,9.45,1.954,700.055,3.0344,9.374,0.8734,EPA
2018-07-19,WB000000931,000000000931,GROUNDWATER,E_COLI,437.193,PCI_L,3.6735,0,1,ANIMAL,54905.903,6.45,5.56,12.683,222.931,15.2341,163.416,0.2573,EPA
2018-07-20,WB000000932,000000000932,SURFACE_WATER,PFAS,122.0672,PH_UNITS,2.7555,0,0,NONE,61448.725,23.14,5.77,4.328,242.498,3.1013,14.816,0.5576,USGS
2018-07-21,WB000000933,000000000933,EFFLUENT,NITRATE,208.5202,NTU,3.4422,0,0,ANIMAL,78238.353,11.11,8.15,8.794,246.396,17.3598,183.806,0.3388,STATE
2018-07-22,WB000000934,000000000934,SURFACE_WATER,DO,399.562,UG_L,2.4588,1,0,NONE,177818.65,19.72,8.35,3.152,32.942,15.5729,61.584,0.4162,CITIZEN_SCIENCE
2018-07-23,WB000000935,000000000935,GROUNDWATER,TURBIDITY,89.3991,PCI_L,2.2871,1,0,INDUSTRIAL,55401.411,24.25,8.1,3.426,736.34,18.7992,70.497,0.3299,CITIZEN_SCIENCE
2018-07-24,WB000000936,000000000936,EFFLUENT,TURBIDITY,141.0241,PH_UNITS,3.0703,0,0,ANIMAL,35032.653,9.06,6.75,7.349,241.996,4.7722,190.469,0.5427,EPA
2018-07-25,WB000000937,000000000937,EFFLUENT,PHOSPHATE,456.3731,NTU,2.4378,0,1,NONE,188523.691,21.05,9.11,1.888,798.594,14.9662,128.209,0.6391,USGS
2018-07-26,WB000000938,000000000938,SEDIMENT,ARSENIC,240.2617,MPN_100ML,1.8156,0,0,HUMAN,243999.27,33.3,5.65,11.559,528.393,1.4283,44.968,0.6915,EPA
2018-07-27,WB000000939,000000000939,SURFACE_WATER,PHOSPHATE,307.3516,MG_L,0.0656,0,1,NONE,196621.889,-0.76,6.71,9.969,142.039,17.4122,146.979,0.9994,STATE
2018-07-28,WB000000940,000000000940,SEDIMENT,DO,473.6626,MPN_100ML,1.8451,0,0,ANIMAL,231909.576,6.91,6.95,13.942,497.307,15.9233,111.659,0.5564,STATE
2018-07-29,WB000000941,000000000941,GROUNDWATER,E_COLI,159.3369,MG_L,1.2904,0,0,AGRICULTURAL,118885.612,18.26,8.75,7.91,739.481,1.8752,197.504,0.7511,STATE
2018-07-30,WB000000942,000000000942,GROUNDWATER,PFAS,420.7,UG_L,2.5945,0,0,NONE,129261.484,24.35,7.25,1.595,207.943,24.5259,72.332,0.1785,CITIZEN_SCIENCE
2018-07-31,WB000000943,000000000943,EFFLUENT,E_COLI,135.2017,PPB,3.5996,0,0,NONE,184288.439,31.48,7.18,10.618,434.215,3.5896,115.994,0.3578,LOCAL
2018-08-01,WB000000944,000000000944,SURFACE_WATER,ARSENIC,143.6203,PCI_L,1.6132,0,1,NONE,44553.191,20.54,9.34,8.401,706.654,19.5141,193.351,0.4598,STATE
2018-08-02,WB000000945,000000000945,GROUNDWATER,PH,261.7152,MPN_100ML,0.3971,0,0,NONE,22485.594,34.38,8.18,3.833,555.277,6.7698,190.387,0.3809,USGS
2018-08-03,WB000000946,000000000946,SURFACE_WATER,DO,169.5785,UG_L,2.8754,0,1,NONE,98428.743,15.14,9.21,13.107,466.593,12.6247,14.963,0.2523,STATE
2018-08-04,WB000000947,000000000947,SURFACE_WATER,LEAD,41.265,NTU,1.5325,1,0,AGRICULTURAL,46951.031,26.72,8.29,11.144,270.432,15.7037,122.405,0.9582,STATE
2018-08-05,WB000000948,000000000948,SURFACE_WATER,ARSENIC,186.6088,NTU,4.8581,0,1,NONE,195946.274,24.99,8.13,1.577,228.75,9.8042,100.489,0.1505,STATE
2018-08-06,WB000000949,000000000949,SURFACE_WATER,PHOSPHATE,331.9355,PPB,1.8717,0,1,NONE,112527.147,2.6,9.01,12.439,765.846,15.7686,80.432,0.3115,STATE
2018-08-07,WB000000950,000000000950,DRINKING_WATER,DO,210.9354,PH_UNITS,0.8314,0,0,HUMAN,79396.412,10.65,8.32,1.886,15.493,3.1042,35.146,0.031,STATE
2018-08-08,WB000000951,000000000951,SURFACE_WATER,PH,29.1345,MPN_100ML,2.9694,0,0,NONE,126406.731,10.22,6.08,13.634,519.332,3.0168,72.102,0.4763,CITIZEN_SCIENCE
2018-08-09,WB000000952,000000000952,SURFACE_WATER,PH,43.149,PPB,3.0891,0,0,NONE,5006.071,21.21,6.38,3.677,249.059,12.0707,22.588,0.1224,USGS
2018-08-10,WB000000953,000000000953,SURFACE_WATER,TURBIDITY,227.6708,PCI_L,2.0189,1,0,HUMAN,224144.564,22.5,6.39,9.763,350.976,20.2664,190.691,0.1307,STATE
2018-08-11,WB000000954,000000000954,SURFACE_WATER,PFAS,172.6504,PPB,1.8314,0,1,ANIMAL,116787.744,12.36,5.62,4.155,353.701,16.874,194.461,0.4082,CITIZEN_SCIENCE
2018-08-12,WB000000955,000000000955,GROUNDWATER,PH,484.1781,NTU,1.3243,0,0,HUMAN,84500.627,32.72,7.72,6.169,397.661,16.6313,52.914,0.9645,STATE
2018-08-13,WB000000956,000000000956,GROUNDWATER,PHOSPHATE,219.7095,MG_L,0.9858,0,0,NONE,34606.942,4.46,9.27,1.379,431.852,9.2215,182.454,0.3079,CITIZEN_SCIENCE
2018-08-14,WB000000957,000000000957,SURFACE_WATER,DO,130.2455,PH_UNITS,1.0576,0,0,NONE,194296.028,18.98,7.17,2.48,410.778,14.51,102.053,0.8496,STATE
2018-08-15,WB000000958,000000000958,EFFLUENT,TURBIDITY,3.4751,MG_L,1.1434,0,0,NONE,98074.173,15.6,9.16,12.013,691.116,12.5663,82.473,0.0945,USGS
2018-08-16,WB000000959,000000000959,DRINKING_WATER,PHOSPHATE,140.2596,UG_L,3.607,0,1,NONE,178920.152,1.32,6.38,4.823,789.229,23.655,46.522,0.0169,USGS
2018-08-17,WB000000960,000000000960,EFFLUENT,PH,213.82,UG_L,2.2513,1,0,NONE,29753.802,12.16,6.79,7.263,21.361,3.1504,37.112,0.9476,EPA
2018-08-18,WB000000961,000000000961,EFFLUENT,PHOSPHATE,236.0425,PPB,2.3994,0,1,NONE,186045.091,20.51,8.69,6.451,605.203,0.112,106.568,0.0002,LOCAL
2018-08-19,WB000000962,000000000962,SURFACE_WATER,PHOSPHATE,238.4142,MG_L,4.8021,0,0,HUMAN,241775.453,13.18,8.95,12.274,718.637,16.4937,106.545,0.1543,STATE
2018-08-20,WB000000963,000000000963,DRINKING_WATER,NITRATE,63.2575,PCI_L,3.6096,0,1,NONE,136057.296,21.62,6.71,12.891,392.397,3.4733,9.457,0.6568,EPA
2018-08-21,WB000000964,000000000964,EFFLUENT,TURBIDITY,285.6583,PPB,4.0702,0,0,NONE,111790.301,21.08,6.07,13.14,173.761,7.8777,94.453,0.5606,CITIZEN_SCIENCE
2018-08-22,WB000000965,000000000965,SURFACE_WATER,PFAS,372.3003,MPN_100ML,2.1544,0,1,NONE,88263.201,31.38,9.18,3.045,209.876,10.2775,108.132,0.1682,STATE
2018-08-23,WB000000966,000000000966,EFFLUENT,PFAS,391.9387,MG_L,1.5244,0,1,HUMAN,182352.9,17.65,8.73,2.868,591.948,3.275,31.459,0.5062,USGS
2018-08-24,WB000000967,000000000967,SEDIMENT,PFAS,329.2918,NTU,1.7885,0,1,NONE,225649.351,16.88,7.74,3.084,268.347,6.8941,84.4,0.2766,LOCAL
2018-08-25,WB000000968,000000000968,EFFLUENT,TURBIDITY,467.7611,MG_L,3.6961,0,1,NONE,94612.958,31.42,8.38,13.598,701.118,5.2192,24.755,0.1945,EPA
2018-08-26,WB000000969,000000000969,SURFACE_WATER,NITRATE,434.9104,MPN_100ML,4.5522,0,1,NONE,132476.005,0.05,8.83,13.953,8.846,19.175,166.551,0.4375,USGS
2018-08-27,WB000000970,000000000970,SEDIMENT,E_COLI,440.2835,PCI_L,1.4123,0,0,NONE,68984.319,13.23,5.71,8.903,252.227,15.9649,96.226,0.074,USGS
2018-08-28,WB000000971,000000000971,GROUNDWATER,ARSENIC,387.0413,PPB,3.2987,0,1,NONE,186431.476,34.54,9.14,0.464,98.288,23.5327,130.809,0.928,STATE
2018-08-29,WB000000972,000000000972,SURFACE_WATER,LEAD,226.6124,NTU,1.2228,0,0,HUMAN,232302.689,7.7,7.72,9.139,770.184,14.7832,176.593,0.3366,USGS
2018-08-30,WB000000973,000000000973,GROUNDWATER,LEAD,259.6428,MPN_100ML,1.7857,0,0,HUMAN,81327.869,27.25,6.06,3.704,481.605,6.2639,122.704,0.9034,LOCAL
2018-08-31,WB000000974,000000000974,EFFLUENT,CHLORIDE,70.1211,PCI_L,1.8691,1,1,AGRICULTURAL,54499.092,14.94,6.72,6.578,83.717,23.1762,20.996,0.0911,LOCAL
2018-09-01,WB000000975,000000000975,SEDIMENT,PFAS,44.6266,PCI_L,4.5157,0,0,NONE,224024.347,28.01,7.56,13.57,682.911,19.1149,56.844,0.2168,CITIZEN_SCIENCE
2018-09-02,WB000000976,000000000976,DRINKING_WATER,LEAD,87.2124,PH_UNITS,2.8305,0,0,NONE,39278.588,21.03,8.47,10.624,360.806,6.2914,69.146,0.8999,TRIBAL
2018-09-03,WB000000977,000000000977,SURFACE_WATER,TURBIDITY,307.467,NTU,2.3899,0,0,NONE,55080.058,28.06,6.93,5.923,475.466,20.1075,36.073,0.0254,CITIZEN_SCIENCE
2018-09-04,WB000000978,000000000978,SURFACE_WATER,PFAS,377.2463,PCI_L,2.6152,0,1,NONE,248534.841,32.93,7.32,5.845,56.138,7.2131,109.947,0.9238,STATE
2018-09-05,WB000000979,000000000979,SEDIMENT,LEAD,18.8451,UG_L,3.9362,0,0,INDUSTRIAL,129087.819,8.44,6.62,13.61,331.579,19.5663,114.132,0.4576,STATE
2018-09-06,WB000000980,000000000980,SURFACE_WATER,CHLORIDE,257.6788,MG_L,0.9858,0,0,NONE,50366.714,9.48,6.04,9.208,25.061,10.0454,171.082,0.2856,USGS
2018-09-07,WB000000981,000000000981,EFFLUENT,E_COLI,281.6879,PH_UNITS,3.5899,0,0,INDUSTRIAL,157804.588,13.29,8.35,7.7,154.506,17.3666,34.429,0.6596,CITIZEN_SCIENCE
2018-09-08,WB000000982,000000000982,SURFACE_WATER,PFAS,141.8648,PCI_L,3.5157,0,1,HUMAN,135533.567,29.0,7.0,1.675,6.574,14.9823,171.704,0.7503,EPA
2018-09-09,WB000000983,000000000983,SURFACE_WATER,PFAS,270.3421,PCI_L,1.5707,1,0,INDUSTRIAL,68453.15,17.23,8.57,0.114,72.938,8.0071,82.524,0.5758,STATE
2018-09-10,WB000000984,000000000984,GROUNDWATER,TURBIDITY,258.5716,MG_L,2.9473,0,1,ANIMAL,47299.346,19.84,9.15,9.579,175.054,13.2549,133.098,0.3532,LOCAL
2018-09-11,WB000000985,000000000985,DRINKING_WATER,CHLORIDE,489.2017,UG_L,1.8221,0,1,NONE,15134.197,12.6,6.0,1.913,24.943,11.4191,46.741,0.3649,EPA
2018-09-12,WB000000986,000000000986,GROUNDWATER,DO,447.8884,UG_L,1.345,0,1,NONE,119239.651,28.69,8.21,6.19,722.845,0.613,41.975,0.1384,STATE
2018-09-13,WB000000987,000000000987,SURFACE_WATER,E_COLI,182.3136,PCI_L,2.7147,0,0,NONE,65912.811,16.58,7.8,10.824,784.442,10.2118,134.269,0.4479,EPA
2018-09-14,WB000000988,000000000988,EFFLUENT,PFAS,401.4897,UG_L,3.0277,0,0,NONE,115024.358,9.38,7.1,1.82,250.098,0.2632,138.858,0.9106,STATE
2018-09-15,WB000000989,000000000989,SURFACE_WATER,CHLORIDE,23.4014,MG_L,4.5082,0,1,NONE,156173.283,29.86,8.63,12.833,41.666,8.9134,63.625,0.6509,LOCAL
2018-09-16,WB000000990,000000000990,EFFLUENT,DO,412.121,PH_UNITS,4.232,1,0,HUMAN,235199.975,6.68,6.76,2.854,771.467,7.4057,81.555,0.5874,USGS
2018-09-17,WB000000991,000000000991,DRINKING_WATER,E_COLI,273.1317,PH_UNITS,3.1991,0,0,NONE,49614.164,25.63,7.75,10.999,278.751,0.8712,161.198,0.3958,LOCAL
2018-09-18,WB000000992,000000000992,DRINKING_WATER,TURBIDITY,264.7744,PH_UNITS,3.0112,0,1,HUMAN,182608.611,2.79,8.98,11.516,221.012,24.576,77.808,0.3951,LOCAL
2018-09-19,WB000000993,000000000993,SURFACE_WATER,NITRATE,115.5191,NTU,1.1848,0,0,NONE,12479.211,1.85,5.73,9.44,667.081,9.4695,31.861,0.3156,LOCAL
2018-09-20,WB000000994,000000000994,EFFLUENT,CHLORIDE,393.9555,PH_UNITS,0.7605,1,0,ANIMAL,131584.418,29.04,8.55,11.135,110.43,4.0445,170.851,0.7885,STATE
2018-09-21,WB000000995,000000000995,GROUNDWATER,NITRATE,389.2956,MPN_100ML,2.8245,0,0,NONE,58954.454,34.09,7.59,4.44,737.213,20.7498,76.944,0.0657,EPA
2018-09-22,WB000000996,000000000996,GROUNDWATER,DO,445.9039,MG_L,3.4472,0,1,HUMAN,168226.889,30.81,7.69,11.887,513.465,22.2188,37.904,0.4923,LOCAL
2018-09-23,WB000000997,000000000997,GROUNDWATER,PH,374.0959,UG_L,1.8875,0,0,HUMAN,150075.817,14.96,7.55,5.932,624.016,20.608,19.644,0.0061,LOCAL
2018-09-24,WB000000998,000000000998,SURFACE_WATER,ARSENIC,432.0152,PCI_L,0.0897,1,1,AGRICULTURAL,242949.727,7.78,5.85,4.975,164.194,8.2572,40.878,0.6999,EPA
2018-09-25,WB000000999,000000000999,SURFACE_WATER,ARSENIC,435.2493,UG_L,3.7299,0,0,NONE,49120.171,13.14,8.13,3.932,150.631,12.8361,174.507,0.3882,EPA
2018-09-26,WB000001000,000000001000,SURFACE_WATER,ARSENIC,45.11,PH_UNITS,2.0518,0,0,ANIMAL,130860.809,19.06,6.92,4.012,328.721,13.9202,167.995,0.9063,STATE
2018-09-27,WB000001001,000000001001,SURFACE_WATER,E_COLI,290.0998,PPB,2.9732,0,0,NONE,5737.819,3.42,8.78,0.663,133.757,8.8145,163.116,0.3711,USGS
2018-09-28,WB000001002,000000001002,SURFACE_WATER,E_COLI,258.0059,PH_UNITS,2.8008,0,1,NONE,19482.057,10.78,5.59,6.917,596.109,5.7556,31.59,0.2008,USGS
2018-09-29,WB000001003,000000001003,SURFACE_WATER,PH,279.1071,UG_L,2.4567,0,0,HUMAN,216634.034,10.69,9.01,5.979,417.978,18.2225,192.677,0.6076,LOCAL
2018-09-30,WB000001004,000000001004,DRINKING_WATER,E_COLI,94.19,PH_UNITS,0.7624,0,1,NONE,118956.955,7.81,5.7,4.754,1.783,13.4254,27.218,0.3415,STATE
2018-10-01,WB000001005,000000001005,SURFACE_WATER,PFAS,437.6847,PCI_L,2.1434,0,0,NONE,187267.428,13.17,8.46,8.669,5.669,14.4431,80.526,0.7916,STATE
2018-10-02,WB000001006,000000001006,SURFACE_WATER,CHLORIDE,398.9844,PPB,0.0853,0,0,NONE,72342.395,14.78,7.31,6.051,119.097,12.3876,10.798,0.0847,CITIZEN_SCIENCE
2018-10-03,WB000001007,000000001007,SURFACE_WATER,E_COLI,436.0524,MPN_100ML,3.7274,0,1,NONE,50946.879,1.26,9.2,1.55,406.932,14.1485,181.571,0.2593,EPA
2018-10-04,WB000001008,000000001008,SURFACE_WATER,NITRATE,307.0136,MG_L,2.4537,0,0,ANIMAL,112311.028,19.49,8.52,13.303,351.542,17.1267,43.304,0.0593,STATE
2018-10-05,WB000001009,000000001009,SURFACE_WATER,E_COLI,151.3299,PCI_L,1.9483,0,0,HUMAN,160363.739,13.8,9.43,11.438,444.705,2.7636,124.775,0.484,EPA
2018-10-06,WB000001010,000000001010,EFFLUENT,DO,326.6002,PH_UNITS,4.7391,0,0,HUMAN,232822.292,4.74,7.59,7.948,148.756,15.5555,169.576,0.1716,USGS
2018-10-07,WB000001011,000000001011,EFFLUENT,TURBIDITY,441.6203,NTU,4.8961,0,0,HUMAN,133505.96,25.66,8.49,12.069,529.047,3.3148,139.339,0.1172,CITIZEN_SCIENCE
2018-10-08,WB000001012,000000001012,SEDIMENT,TURBIDITY,315.912,UG_L,0.2024,0,0,NONE,104830.514,7.25,8.44,5.289,151.467,3.6269,154.291,0.1427,EPA
2018-10-09,WB000001013,000000001013,SEDIMENT,LEAD,106.5362,UG_L,2.4874,0,1,NONE,50659.146,17.15,8.67,0.183,798.466,10.0673,33.723,0.6949,USGS
2018-10-10,WB000001014,000000001014,GROUNDWATER,PH,129.676,PCI_L,1.7805,0,0,NONE,97737.92,20.98,6.43,8.131,646.604,18.5438,93.866,0.5864,STATE
2018-10-11,WB000001015,000000001015,EFFLUENT,PFAS,149.2723,NTU,0.493,0,0,NONE,34986.325,26.8,8.9,3.419,333.713,11.8279,79.135,0.9043,STATE
2018-10-12,WB000001016,000000001016,EFFLUENT,PH,88.179,MG_L,4.9496,0,1,NONE,196170.897,16.19,9.28,1.174,677.295,2.6305,188.336,0.7925,STATE
2018-10-13,WB000001017,000000001017,SURFACE_WATER,PHOSPHATE,3.4333,PCI_L,1.7067,0,0,AGRICULTURAL,36807.1,22.05,6.8,6.359,630.033,0.5676,193.275,0.197,USGS
2018-10-14,WB000001018,000000001018,SURFACE_WATER,TURBIDITY,445.4608,PCI_L,3.4433,0,0,NONE,120259.553,32.07,6.7,1.942,279.56,11.2867,178.911,0.3684,STATE
2018-10-15,WB000001019,000000001019,SEDIMENT,PHOSPHATE,206.7111,MG_L,4.9388,1,1,INDUSTRIAL,119728.591,28.95,5.71,0.352,212.258,3.468,199.83,0.9415,STATE
2018-10-16,WB000001020,000000001020,EFFLUENT,CHLORIDE,312.3115,PCI_L,2.2288,0,0,NONE,28465.266,13.34,8.25,1.671,502.919,22.1364,2.25,0.1786,CITIZEN_SCIENCE
2018-10-17,WB000001021,000000001021,SURFACE_WATER,CHLORIDE,382.7341,MPN_100ML,2.1285,0,0,NONE,147687.613,32.94,8.98,11.869,643.042,9.3058,95.32,0.5162,CITIZEN_SCIENCE
2018-10-18,WB000001022,000000001022,SURFACE_WATER,PHOSPHATE,62.7245,UG_L,2.8581,0,0,NONE,87778.81,27.25,6.05,13.788,479.215,2.0688,96.876,0.8825,EPA
2018-10-19,WB000001023,000000001023,SURFACE_WATER,CHLORIDE,487.1498,MPN_100ML,0.803,0,1,HUMAN,84989.184,28.26,5.75,12.042,510.423,9.9809,91.682,0.8132,USGS
2018-10-20,WB000001024,000000001024,DRINKING_WATER,CHLORIDE,320.1514,PH_UNITS,3.388,0,0,HUMAN,176272.161,24.89,6.95,3.033,433.059,12.1399,61.603,0.8876,LOCAL
2018-10-21,WB000001025,000000001025,GROUNDWATER,ARSENIC,162.8815,UG_L,1.2081,0,0,HUMAN,71051.379,4.62,7.18,1.225,125.733,7.8445,100.863,0.4282,USGS
2018-10-22,WB000001026,000000001026,DRINKING_WATER,CHLORIDE,1.6285,MG_L,4.6554,0,0,NONE,26194.602,29.6,9.47,13.68,387.672,11.0953,89.59,0.8925,STATE
2018-10-23,WB000001027,000000001027,GROUNDWATER,ARSENIC,176.9872,MG_L,2.2335,0,1,NONE,245415.268,14.65,8.7,11.134,436.2,24.0251,38.21,0.366,EPA
2018-10-24,WB000001028,000000001028,GROUNDWATER,NITRATE,54.7273,MG_L,0.2059,0,0,NONE,98288.236,16.9,9.48,5.841,770.805,22.1372,179.899,0.5547,STATE
2018-10-25,WB000001029,000000001029,SEDIMENT,ARSENIC,373.348,PPB,3.4121,0,1,NONE,37281.946,19.57,6.46,12.74,508.141,8.5687,7.726,0.3225,STATE
2018-10-26,WB000001030,000000001030,EFFLUENT,CHLORIDE,371.1544,PCI_L,3.9235,0,0,INDUSTRIAL,126835.198,17.85,6.78,3.173,595.297,15.0632,137.719,0.7003,EPA
2018-10-27,WB000001031,000000001031,SURFACE_WATER,NITRATE,293.9175,PPB,0.2781,0,0,ANIMAL,58981.87,25.15,9.43,13.132,324.869,10.7606,181.315,0.6751,STATE
2018-10-28,WB000001032,000000001032,EFFLUENT,PHOSPHATE,479.3919,PCI_L,0.6165,0,0,AGRICULTURAL,110944.325,18.38,8.61,1.754,4.077,17.9769,121.708,0.3402,EPA
2018-10-29,WB000001033,000000001033,SEDIMENT,NITRATE,116.9648,PPB,3.1333,0,1,NONE,6780.941,29.68,9.43,7.559,474.268,7.6996,93.124,0.2639,LOCAL
2018-10-30,WB000001034,000000001034,GROUNDWATER,TURBIDITY,287.1926,UG_L,4.2981,0,0,HUMAN,143752.698,13.2,8.85,10.665,748.968,16.2991,178.35,0.8544,STATE
2018-10-31,WB000001035,000000001035,GROUNDWATER,E_COLI,56.2433,MG_L,4.3074,0,0,NONE,80566.196,5.18,7.58,8.807,341.386,0.9718,48.69,0.3997,EPA
2018-11-01,WB000001036,000000001036,GROUNDWATER,ARSENIC,424.1757,UG_L,0.1077,0,1,NONE,119403.97,24.05,8.5,1.305,155.876,16.2174,65.103,0.6559,STATE
2018-11-02,WB000001037,000000001037,GROUNDWATER,DO,190.3511,MPN_100ML,4.3212,0,1,AGRICULTURAL,41968.24,11.95,9.15,12.426,304.738,7.5704,192.792,0.7992,CITIZEN_SCIENCE
2018-11-03,WB000001038,000000001038,SURFACE_WATER,E_COLI,457.2016,MPN_100ML,0.1066,0,0,NONE,57193.625,20.03,6.2,2.593,83.846,0.3164,162.287,0.4491,STATE
2018-11-04,WB000001039,000000001039,SURFACE_WATER,TURBIDITY,217.4304,PPB,4.8575,1,0,NONE,241369.503,7.66,8.7,13.026,101.335,16.2161,168.386,0.2201,EPA
2018-11-05,WB000001040,000000001040,SURFACE_WATER,LEAD,184.4225,MG_L,3.7571,1,0,NONE,245363.472,11.13,7.03,12.82,593.145,4.8522,47.628,0.6209,TRIBAL
2018-11-06,WB000001041,000000001041,SURFACE_WATER,NITRATE,183.2132,MPN_100ML,3.5307,1,0,AGRICULTURAL,233786.369,17.57,7.55,5.697,431.935,9.6525,4.641,0.6313,EPA
2018-11-07,WB000001042,000000001042,GROUNDWATER,PHOSPHATE,154.6826,UG_L,2.8577,1,1,HUMAN,216673.052,11.93,8.01,9.296,596.082,3.5674,189.194,0.8611,LOCAL
2018-11-08,WB000001043,000000001043,GROUNDWATER,CHLORIDE,38.913,MG_L,1.8962,1,1,NONE,80366.861,2.62,7.48,12.902,404.476,24.2037,35.484,0.8964,LOCAL
2018-11-09,WB000001044,000000001044,SURFACE_WATER,PH,133.5329,PCI_L,1.5958,0,0,NONE,65482.098,14.72,7.48,5.064,615.015,8.1974,192.36,0.5766,STATE
2018-11-10,WB000001045,000000001045,SURFACE_WATER,PHOSPHATE,227.2653,PPB,2.1279,0,0,NONE,66550.24,16.69,6.71,12.956,199.161,13.7681,57.696,0.4419,EPA
2018-11-11,WB000001046,000000001046,SEDIMENT,NITRATE,222.0203,PH_UNITS,3.5656,0,0,NONE,174720.123,7.17,8.93,9.935,175.987,11.4101,10.658,0.283,EPA
2018-11-12,WB000001047,000000001047,SURFACE_WATER,E_COLI,394.2846,PH_UNITS,3.5268,0,0,ANIMAL,51923.666,9.07,9.19,2.096,362.589,21.3868,32.565,0.4511,EPA
2018-11-13,WB000001048,000000001048,GROUNDWATER,DO,263.5874,PCI_L,1.4408,0,0,ANIMAL,208001.202,17.85,9.47,10.076,401.681,12.5359,29.142,0.4167,TRIBAL
2018-11-14,WB000001049,000000001049,SURFACE_WATER,LEAD,381.1886,UG_L,4.4039,1,0,NONE,138019.758,20.84,8.81,0.818,56.41,21.8361,16.205,0.4071,LOCAL
2018-11-15,WB000001050,000000001050,SURFACE_WATER,LEAD,334.1473,UG_L,0.8101,0,0,NONE,144091.75,23.95,7.12,4.629,341.534,3.5247,27.66,0.8658,EPA
2018-11-16,WB000001051,000000001051,SURFACE_WATER,E_COLI,397.474,MPN_100ML,4.8247,0,1,HUMAN,118889.877,11.3,6.4,12.762,105.904,2.9059,159.222,0.6484,STATE
2018-11-17,WB000001052,000000001052,SURFACE_WATER,PFAS,38.5865,PH_UNITS,1.4997,0,0,NONE,203978.885,3.56,7.66,2.634,405.707,2.2957,2.916,0.0304,EPA
2018-11-18,WB000001053,000000001053,GROUNDWATER,TURBIDITY,315.7434,UG_L,2.1679,0,0,NONE,108715.135,10.32,6.46,11.588,279.101,14.5328,108.281,0.2388,STATE
2018-11-19,WB000001054,000000001054,SURFACE_WATER,ARSENIC,133.3238,PCI_L,3.3438,0,0,INDUSTRIAL,219464.952,17.76,9.45,6.216,395.413,20.9254,42.742,0.4844,STATE
2018-11-20,WB000001055,000000001055,GROUNDWATER,PHOSPHATE,336.6517,PH_UNITS,1.8348,1,0,HUMAN,246.349,5.5,6.22,8.019,627.201,16.2136,170.795,0.9121,LOCAL
2018-11-21,WB000001056,000000001056,SEDIMENT,ARSENIC,316.7293,PPB,4.2296,0,1,NONE,47454.809,8.68,8.61,1.213,658.998,16.9225,53.99,0.7585,LOCAL
2018-11-22,WB000001057,000000001057,SURFACE_WATER,DO,474.1659,PH_UNITS,2.9359,0,1,NONE,51001.57,14.89,6.04,5.557,232.034,16.5256,36.907,0.3793,TRIBAL
2018-11-23,WB000001058,000000001058,SURFACE_WATER,NITRATE,133.4277,PPB,4.9468,0,1,NONE,136666.729,-0.52,6.76,3.442,97.631,14.5892,63.556,0.6086,EPA
2018-11-24,WB000001059,000000001059,SURFACE_WATER,CHLORIDE,369.5321,UG_L,1.3296,1,0,NONE,230269.132,8.42,9.03,2.919,279.278,12.1788,81.393,0.3259,USGS
2018-11-25,WB000001060,000000001060,EFFLUENT,ARSENIC,271.2218,NTU,2.8788,0,0,AGRICULTURAL,19261.428,25.05,8.87,12.488,210.241,18.3024,25.387,0.1104,STATE
2018-11-26,WB000001061,000000001061,SURFACE_WATER,ARSENIC,116.4536,UG_L,4.9577,0,0,NONE,72992.701,5.81,6.93,11.195,674.939,10.3446,183.721,0.7194,TRIBAL
2018-11-27,WB000001062,000000001062,EFFLUENT,NITRATE,405.9739,PPB,3.1739,0,1,NONE,100981.028,18.39,6.49,0.709,288.211,7.4626,68.026,0.9922,EPA
2018-11-28,WB000001063,000000001063,GROUNDWATER,E_COLI,432.4156,PH_UNITS,2.3346,0,1,NONE,112756.146,22.58,8.92,3.391,304.743,4.5493,82.021,0.8732,EPA
2018-11-29,WB000001064,000000001064,SURFACE_WATER,NITRATE,4.7614,NTU,1.3376,1,0,NONE,126276.548,20.34,9.31,2.134,450.812,24.3012,97.874,0.2615,CITIZEN_SCIENCE
2018-11-30,WB000001065,000000001065,GROUNDWATER,PHOSPHATE,186.1182,MPN_100ML,0.0289,0,0,INDUSTRIAL,93238.938,28.36,7.92,4.232,608.702,12.1132,90.306,0.7715,USGS
2018-12-01,WB000001066,000000001066,SURFACE_WATER,TURBIDITY,404.1668,PCI_L,4.2328,0,0,NONE,62489.865,7.92,9.13,9.72,436.119,4.3302,169.843,0.7474,CITIZEN_SCIENCE
2018-12-02,WB000001067,000000001067,SURFACE_WATER,PH,29.567,MG_L,2.413,0,0,ANIMAL,144904.878,29.29,5.61,2.7,636.804,2.8219,22.763,0.1189,USGS
2018-12-03,WB000001068,000000001068,EFFLUENT,CHLORIDE,144.7623,PCI_L,0.1332,0,1,NONE,56049.145,2.93,5.57,12.739,0.246,17.6902,95.635,0.9461,LOCAL
2018-12-04,WB000001069,000000001069,GROUNDWATER,CHLORIDE,134.6058,PCI_L,3.4015,0,0,NONE,223513.6,34.16,7.6,13.198,424.945,16.6198,129.356,0.5584,EPA
2018-12-05,WB000001070,000000001070,GROUNDWATER,LEAD,343.3305,MG_L,1.2517,0,1,ANIMAL,47884.488,16.32,5.77,3.038,549.099,21.7692,0.646,0.058,STATE
2018-12-06,WB000001071,000000001071,SEDIMENT,PFAS,157.0894,MG_L,3.8008,0,1,NONE,149162.167,30.71,9.0,8.261,350.263,13.7368,80.412,0.5127,LOCAL
2018-12-07,WB000001072,000000001072,GROUNDWATER,E_COLI,78.7646,MPN_100ML,3.6256,0,0,NONE,27818.518,7.13,8.24,9.415,511.069,7.1107,85.413,0.1784,LOCAL
2018-12-08,WB000001073,000000001073,SURFACE_WATER,E_COLI,324.0506,MPN_100ML,1.144,0,1,NONE,84045.21,13.4,6.65,6.727,220.191,13.8963,135.207,0.8249,STATE
2018-12-09,WB000001074,000000001074,SURFACE_WATER,DO,452.479,PPB,2.9814,0,0,NONE,10301.206,19.6,6.01,9.851,4.975,4.0094,138.72,0.8453,STATE
2018-12-10,WB000001075,000000001075,SURFACE_WATER,DO,258.901,UG_L,2.1657,0,0,AGRICULTURAL,57522.23,23.86,8.05,2.312,164.387,15.2468,145.773,0.0122,EPA
2018-12-11,WB000001076,000000001076,DRINKING_WATER,NITRATE,255.0727,PCI_L,0.3753,1,1,ANIMAL,61679.652,-0.11,5.57,12.96,392.302,9.0826,187.454,0.7701,STATE
2018-12-12,WB000001077,000000001077,SURFACE_WATER,ARSENIC,148.6197,PCI_L,4.6756,1,0,NONE,233106.868,21.61,6.5,8.458,702.223,11.5672,172.078,0.6725,EPA
2018-12-13,WB000001078,000000001078,SURFACE_WATER,ARSENIC,132.4581,UG_L,1.3991,0,0,HUMAN,243312.195,12.77,8.41,13.053,452.001,10.5955,171.666,0.3808,LOCAL
2018-12-14,WB000001079,000000001079,EFFLUENT,DO,139.8163,PH_UNITS,1.1203,0,1,ANIMAL,140184.715,13.25,9.31,3.718,544.605,2.7657,16.401,0.0762,USGS
2018-12-15,WB000001080,000000001080,GROUNDWATER,PHOSPHATE,258.76,UG_L,3.4977,0,0,NONE,237921.359,12.13,8.43,5.746,467.473,4.9399,92.444,0.3891,STATE
2018-12-16,WB000001081,000000001081,GROUNDWATER,PFAS,227.3062,UG_L,2.5769,0,1,NONE,96182.227,27.88,8.35,6.196,227.267,11.1743,94.772,0.5245,TRIBAL
2018-12-17,WB000001082,000000001082,DRINKING_WATER,PFAS,94.4338,PCI_L,4.3728,1,0,ANIMAL,49311.826,16.96,5.85,12.006,595.289,4.4499,189.926,0.7504,EPA
2018-12-18,WB000001083,000000001083,SURFACE_WATER,ARSENIC,290.7823,MG_L,1.7913,0,1,NONE,181533.058,-0.17,9.33,7.053,671.107,3.4958,112.097,0.9103,EPA
2018-12-19,WB000001084,000000001084,EFFLUENT,TURBIDITY,236.8371,MG_L,3.1085,1,0,NONE,108934.965,22.57,7.19,13.54,222.782,3.8464,97.03,0.9223,TRIBAL
2018-12-20,WB000001085,000000001085,GROUNDWATER,NITRATE,44.556,PCI_L,1.3066,0,0,INDUSTRIAL,28004.061,11.78,5.88,10.435,34.358,4.3435,92.128,0.6978,USGS
2018-12-21,WB000001086,000000001086,DRINKING_WATER,PHOSPHATE,390.1827,UG_L,2.0447,0,1,NONE,77081.667,9.61,8.2,12.281,701.956,0.752,127.732,0.4862,CITIZEN_SCIENCE
2018-12-22,WB000001087,000000001087,SURFACE_WATER,NITRATE,450.3858,NTU,0.8617,0,0,ANIMAL,20917.938,34.09,8.44,6.135,266.391,13.6027,94.135,0.5836,STATE
2018-12-23,WB000001088,000000001088,SURFACE_WATER,CHLORIDE,299.6174,PH_UNITS,2.0955,1,0,ANIMAL,190769.054,23.37,5.98,12.81,624.271,22.6429,139.667,0.9184,EPA
2018-12-24,WB000001089,000000001089,SURFACE_WATER,ARSENIC,0.5611,MG_L,1.0839,0,0,HUMAN,55465.558,7.41,6.67,9.229,392.208,16.4322,22.523,0.485,EPA
2018-12-25,WB000001090,000000001090,SURFACE_WATER,TURBIDITY,177.9098,PH_UNITS,1.4934,1,0,NONE,125851.715,23.65,7.26,7.301,583.146,2.3903,45.385,0.2681,CITIZEN_SCIENCE
2018-12-26,WB000001091,000000001091,SEDIMENT,DO,306.9909,NTU,4.319,0,0,NONE,195574.602,4.8,6.16,11.158,591.631,10.4357,57.53,0.1628,LOCAL
2018-12-27,WB000001092,000000001092,SURFACE_WATER,NITRATE,414.382,MG_L,1.8326,0,0,NONE,10258.011,-0.14,5.83,1.249,175.267,5.1884,27.109,0.3661,STATE
2018-12-28,WB000001093,000000001093,SURFACE_WATER,TURBIDITY,322.0923,PPB,3.1912,0,0,NONE,249498.6,14.78,9.11,6.814,622.726,9.0475,163.807,0.0492,STATE
2018-12-29,WB000001094,000000001094,SEDIMENT,LEAD,450.7233,PCI_L,0.9026,0,1,NONE,82750.05,15.52,8.14,2.23,37.164,0.2759,88.345,0.9389,CITIZEN_SCIENCE
2018-12-30,WB000001095,000000001095,EFFLUENT,TURBIDITY,179.5519,MG_L,1.3299,0,1,NONE,130436.445,6.73,6.43,12.228,713.161,5.52,107.911,0.9289,LOCAL
2018-12-31,WB000001096,000000001096,SURFACE_WATER,PFAS,405.6543,MPN_100ML,3.6713,0,0,HUMAN,200959.037,1.03,6.82,9.974,731.467,11.0221,27.755,0.8933,USGS
2019-01-01,WB000001097,000000001097,SEDIMENT,TURBIDITY,152.5616,UG_L,3.177,0,0,ANIMAL,242837.436,31.25,7.69,2.564,657.044,17.846,46.39,0.636,STATE
2019-01-02,WB000001098,000000001098,SURFACE_WATER,NITRATE,19.7002,PH_UNITS,2.9734,0,0,NONE,107075.724,12.29,6.24,1.249,66.12,21.5323,115.485,0.4956,TRIBAL
2019-01-03,WB000001099,000000001099,SURFACE_WATER,CHLORIDE,488.6997,UG_L,2.8516,0,0,NONE,237267.026,17.66,6.5,9.201,697.577,23.6516,4.592,0.7804,STATE
2019-01-04,WB000001100,000000001100,SURFACE_WATER,NITRATE,165.4174,MPN_100ML,1.7744,1,1,AGRICULTURAL,79487.458,20.59,6.58,7.971,264.354,20.2047,113.73,0.3308,EPA
2019-01-05,WB000001101,000000001101,GROUNDWATER,CHLORIDE,176.6615,PCI_L,0.3887,0,0,NONE,228807.648,8.42,6.51,2.15,129.44,14.2575,84.249,0.5229,LOCAL
2019-01-06,WB000001102,000000001102,DRINKING_WATER,NITRATE,77.6143,PPB,0.6604,0,1,ANIMAL,163806.946,31.1,6.58,11.285,271.765,23.0149,66.527,0.0495,USGS
2019-01-07,WB000001103,000000001103,SURFACE_WATER,PHOSPHATE,35.2498,UG_L,0.6759,1,0,NONE,64746.45,29.65,6.42,6.003,405.182,18.4997,175.212,0.6818,STATE
2019-01-08,WB000001104,000000001104,EFFLUENT,TURBIDITY,356.2706,UG_L,3.5446,0,0,AGRICULTURAL,7998.287,33.03,8.75,10.879,237.656,9.5715,31.562,0.6248,STATE
2019-01-09,WB000001105,000000001105,GROUNDWATER,PHOSPHATE,429.7764,MG_L,0.3943,0,0,INDUSTRIAL,29543.66,31.4,7.28,7.359,743.168,20.6663,85.65,0.0999,LOCAL
2019-01-10,WB000001106,000000001106,SURFACE_WATER,DO,137.5522,PCI_L,1.7602,0,1,NONE,201858.506,16.41,8.04,5.816,87.191,15.58,161.291,0.3704,EPA
2019-01-11,WB000001107,000000001107,GROUNDWATER,PH,496.7289,MPN_100ML,1.4105,0,1,ANIMAL,96745.448,29.39,6.1,11.68,707.082,13.8936,90.687,0.52,EPA
2019-01-12,WB000001108,000000001108,SEDIMENT,NITRATE,125.6773,PCI_L,0.1002,0,0,AGRICULTURAL,182366.416,0.18,7.27,11.02,161.078,14.8764,143.168,0.073,TRIBAL
2019-01-13,WB000001109,000000001109,EFFLUENT,ARSENIC,206.0532,PH_UNITS,0.3189,0,0,HUMAN,73714.256,19.16,6.09,1.078,289.454,14.3494,49.842,0.7955,EPA
2019-01-14,WB000001110,000000001110,SURFACE_WATER,NITRATE,60.8501,MG_L,0.061,0,0,NONE,241255.873,25.21,8.09,9.777,647.824,3.9342,62.286,0.5837,USGS
2019-01-15,WB000001111,000000001111,GROUNDWATER,LEAD,50.4438,PH_UNITS,3.7064,0,1,NONE,79748.289,6.51,7.15,0.785,511.016,0.6583,166.161,0.4233,STATE
2019-01-16,WB000001112,000000001112,DRINKING_WATER,TURBIDITY,227.3815,UG_L,4.0306,0,1,NONE,108940.407,34.86,6.3,6.483,283.378,10.0513,180.82,0.7159,STATE
2019-01-17,WB000001113,000000001113,SURFACE_WATER,E_COLI,389.15,PCI_L,3.3422,0,0,NONE,239556.431,0.17,5.96,10.173,13.165,13.4385,23.141,0.2527,LOCAL
2019-01-18,WB000001114,000000001114,SURFACE_WATER,TURBIDITY,98.6908,PH_UNITS,4.6465,1,0,HUMAN,119584.847,27.47,6.22,0.653,772.467,15.1999,149.792,0.9949,STATE
2019-01-19,WB000001115,000000001115,EFFLUENT,DO,229.523,MPN_100ML,2.0485,0,1,HUMAN,173953.256,2.23,8.98,13.61,549.466,22.8308,176.378,0.0524,USGS
2019-01-20,WB000001116,000000001116,SURFACE_WATER,CHLORIDE,64.6872,NTU,4.3097,0,0,NONE,30389.955,10.96,9.25,3.676,533.436,5.1276,42.893,0.2998,STATE
2019-01-21,WB000001117,000000001117,SURFACE_WATER,E_COLI,382.2405,PCI_L,1.0255,0,0,ANIMAL,151145.912,0.32,6.3,3.673,196.673,0.1161,180.218,0.6772,USGS
2019-01-22,WB000001118,000000001118,SURFACE_WATER,PH,165.4151,UG_L,2.4315,0,0,ANIMAL,6270.966,14.84,6.01,5.85,702.03,24.0258,169.167,0.3579,CITIZEN_SCIENCE
2019-01-23,WB000001119,000000001119,GROUNDWATER,PHOSPHATE,309.1698,PCI_L,3.8308,0,0,AGRICULTURAL,132891.876,5.02,7.0,0.558,658.373,9.4907,151.611,0.7227,STATE
2019-01-24,WB000001120,000000001120,SURFACE_WATER,ARSENIC,153.3806,UG_L,0.38,0,1,HUMAN,160345.084,9.48,6.64,11.829,702.326,18.0361,153.607,0.4587,STATE
2019-01-25,WB000001121,000000001121,SURFACE_WATER,TURBIDITY,298.1559,NTU,0.8381,0,0,NONE,119555.117,25.4,7.74,8.706,627.332,15.6961,49.404,0.5918,EPA
2019-01-26,WB000001122,000000001122,SURFACE_WATER,NITRATE,314.3726,PH_UNITS,3.6681,0,0,NONE,218200.395,0.33,8.29,13.118,543.705,5.0096,118.758,0.3214,USGS
2019-01-27,WB000001123,000000001123,SEDIMENT,PHOSPHATE,429.3834,PPB,0.4694,0,0,HUMAN,169900.306,32.76,8.79,13.297,528.322,7.665,9.146,0.0923,USGS
2019-01-28,WB000001124,000000001124,SURFACE_WATER,PHOSPHATE,64.3021,NTU,2.7361,0,0,NONE,160609.176,12.9,6.62,5.732,150.454,24.2581,49.293,0.3346,LOCAL
2019-01-29,WB000001125,000000001125,SEDIMENT,PH,27.4272,PPB,3.8206,0,0,NONE,118813.394,31.3,9.19,1.126,781.831,13.3386,160.096,0.9394,EPA
2019-01-30,WB000001126,000000001126,SURFACE_WATER,PFAS,124.4889,PCI_L,1.0499,0,0,AGRICULTURAL,3118.061,14.16,7.9,7.963,574.213,12.0713,189.076,0.7052,EPA
2019-01-31,WB000001127,000000001127,GROUNDWATER,NITRATE,111.8647,NTU,4.18,0,0,NONE,226526.4,8.44,7.89,10.648,115.478,8.7693,152.56,0.6167,USGS
2019-02-01,WB000001128,000000001128,GROUNDWATER,PHOSPHATE,166.3617,UG_L,1.1467,1,0,NONE,183117.989,0.78,6.56,13.868,53.375,21.7232,159.459,0.1969,STATE
2019-02-02,WB000001129,000000001129,DRINKING_WATER,E_COLI,10.7727,PH_UNITS,3.5486,0,1,ANIMAL,128850.941,24.57,7.84,12.837,755.537,16.1523,168.722,0.3972,STATE
2019-02-03,WB000001130,000000001130,SURFACE_WATER,TURBIDITY,264.3109,PCI_L,2.1058,0,0,NONE,30194.436,30.39,8.18,8.547,418.871,4.2857,104.571,0.3788,EPA
2019-02-04,WB000001131,000000001131,SURFACE_WATER,PFAS,118.0451,MG_L,1.1501,0,1,NONE,105546.955,33.07,7.52,2.127,694.866,4.8827,175.546,0.9332,EPA
2019-02-05,WB000001132,000000001132,SURFACE_WATER,LEAD,470.5454,PCI_L,0.4562,0,1,NONE,218179.269,31.14,6.66,13.786,288.059,21.4425,56.49,0.9087,USGS
2019-02-06,WB000001133,000000001133,GROUNDWATER,NITRATE,283.692,UG_L,3.3592,0,0,HUMAN,110934.94,-0.93,6.2,5.9,608.908,21.7018,20.245,0.6258,USGS
2019-02-07,WB000001134,000000001134,GROUNDWATER,LEAD,335.7203,MG_L,2.7084,0,0,NONE,38967.39,9.01,6.89,12.708,587.625,6.3655,91.595,0.7381,USGS
2019-02-08,WB000001135,000000001135,EFFLUENT,PH,263.1491,PH_UNITS,4.1922,0,1,INDUSTRIAL,159883.5,5.69,8.66,12.752,137.099,2.5361,74.814,0.9367,EPA
2019-02-09,WB000001136,000000001136,SURFACE_WATER,PHOSPHATE,304.8599,MG_L,1.8508,0,0,NONE,155466.493,16.96,9.28,11.251,495.664,23.5486,109.104,0.1212,STATE
2019-02-10,WB000001137,000000001137,EFFLUENT,PHOSPHATE,9.0699,PCI_L,0.183,0,0,NONE,233210.622,29.92,8.1,9.911,424.216,24.8027,29.527,0.54,LOCAL
2019-02-11,WB000001138,000000001138,SURFACE_WATER,CHLORIDE,376.9762,MPN_100ML,4.4726,0,0,ANIMAL,216340.528,29.15,8.05,13.041,216.749,20.418,86.603,0.0309,USGS
2019-02-12,WB000001139,000000001139,SURFACE_WATER,PFAS,498.8454,PH_UNITS,0.7327,1,0,NONE,52483.648,17.53,8.81,4.809,444.877,22.12,166.522,0.5455,USGS
2019-02-13,WB000001140,000000001140,SURFACE_WATER,PH,149.9259,MPN_100ML,0.8425,0,0,NONE,120907.087,11.32,5.85,8.655,519.8,7.1891,123.533,0.5835,CITIZEN_SCIENCE
2019-02-14,WB000001141,000000001141,SURFACE_WATER,CHLORIDE,262.8451,MPN_100ML,3.8187,1,1,NONE,39123.181,18.33,5.98,0.279,605.376,9.937,87.542,0.9251,USGS
2019-02-15,WB000001142,000000001142,SURFACE_WATER,PFAS,25.5013,PCI_L,4.1038,1,1,INDUSTRIAL,28812.568,32.28,6.65,8.551,375.322,3.6583,117.179,0.9883,EPA
2019-02-16,WB000001143,000000001143,GROUNDWATER,PFAS,395.4222,PCI_L,0.0349,0,0,HUMAN,196080.868,3.79,6.62,9.42,5.871,23.4245,40.742,0.1466,STATE
2019-02-17,WB000001144,000000001144,SEDIMENT,PHOSPHATE,88.2137,MPN_100ML,3.7503,0,1,INDUSTRIAL,149376.011,23.7,6.97,1.951,51.913,10.6796,50.045,0.6989,STATE
2019-02-18,WB000001145,000000001145,GROUNDWATER,NITRATE,346.2836,PCI_L,4.3914,0,0,ANIMAL,83124.597,1.91,5.85,7.5,426.253,2.853,183.736,0.9269,STATE
2019-02-19,WB000001146,000000001146,EFFLUENT,CHLORIDE,466.956,PPB,4.0439,0,0,HUMAN,15749.664,18.7,7.47,3.919,717.976,6.2045,51.101,0.9958,LOCAL
2019-02-20,WB000001147,000000001147,SURFACE_WATER,ARSENIC,345.3529,PH_UNITS,0.8473,0,0,INDUSTRIAL,220250.649,8.32,8.06,4.887,657.078,13.3195,130.795,0.1475,EPA
2019-02-21,WB000001148,000000001148,SEDIMENT,LEAD,31.2567,MG_L,0.7817,0,1,INDUSTRIAL,224025.334,-0.83,6.4,11.717,684.347,3.2158,111.401,0.2257,USGS
2019-02-22,WB000001149,000000001149,GROUNDWATER,DO,50.5881,MG_L,0.1494,0,0,AGRICULTURAL,115588.446,20.62,8.6,9.901,430.973,19.4225,41.767,0.133,STATE
2019-02-23,WB000001150,000000001150,EFFLUENT,ARSENIC,421.6542,PH_UNITS,2.8106,0,0,ANIMAL,61389.104,20.34,7.56,12.51,447.153,11.4131,175.314,0.2589,LOCAL
2019-02-24,WB000001151,000000001151,SURFACE_WATER,PH,184.6276,UG_L,0.1304,0,1,INDUSTRIAL,195832.952,24.85,7.21,1.323,169.934,1.6343,162.048,0.7159,STATE
2019-02-25,WB000001152,000000001152,GROUNDWATER,LEAD,379.9123,PPB,2.9101,0,0,NONE,216762.144,23.25,9.31,13.186,219.705,21.8122,28.002,0.2839,STATE
2019-02-26,WB000001153,000000001153,GROUNDWATER,DO,495.1141,PPB,3.5223,0,0,NONE,49674.405,10.5,5.79,7.723,111.983,15.2805,169.256,0.6072,TRIBAL
2019-02-27,WB000001154,000000001154,EFFLUENT,PFAS,198.7351,NTU,0.6475,0,0,AGRICULTURAL,178831.845,17.54,6.18,9.782,429.18,5.1208,68.061,0.217,EPA
2019-02-28,WB000001155,000000001155,SURFACE_WATER,PH,282.0354,NTU,3.3353,0,0,ANIMAL,222319.179,10.87,5.98,13.567,679.083,21.5272,177.419,0.5701,EPA
2019-03-01,WB000001156,000000001156,SURFACE_WATER,PFAS,433.4177,MPN_100ML,1.5002,0,1,HUMAN,137949.794,21.76,9.1,13.794,710.283,22.806,136.372,0.0383,USGS
2019-03-02,WB000001157,000000001157,SURFACE_WATER,PFAS,235.1241,PCI_L,1.5632,0,0,NONE,202776.206,32.29,7.26,9.563,166.429,23.2093,183.044,0.875,EPA
2019-03-03,WB000001158,000000001158,SURFACE_WATER,PH,120.1083,MG_L,1.8009,0,0,AGRICULTURAL,41918.259,26.08,7.36,13.702,702.036,3.7292,46.619,0.7366,LOCAL
2019-03-04,WB000001159,000000001159,SURFACE_WATER,TURBIDITY,397.9492,MPN_100ML,1.5653,0,0,AGRICULTURAL,36421.657,14.84,8.02,9.635,716.576,10.6554,169.047,0.8425,STATE
2019-03-05,WB000001160,000000001160,SURFACE_WATER,LEAD,77.2746,MPN_100ML,1.5081,0,0,NONE,142092.466,16.42,8.62,1.857,265.631,11.3778,54.243,0.9824,STATE
2019-03-06,WB000001161,000000001161,SURFACE_WATER,PHOSPHATE,462.5245,PCI_L,2.5493,0,0,NONE,142200.957,1.79,8.15,10.037,166.215,6.016,91.786,0.8374,EPA
2019-03-07,WB000001162,000000001162,SURFACE_WATER,ARSENIC,105.7975,PPB,3.9118,0,0,NONE,219718.194,32.26,6.06,11.215,232.377,8.4993,44.65,0.6721,STATE
2019-03-08,WB000001163,000000001163,GROUNDWATER,CHLORIDE,35.3703,MG_L,3.1128,0,0,NONE,180609.606,16.77,7.64,3.783,704.481,19.1481,68.898,0.4699,STATE
2019-03-09,WB000001164,000000001164,SURFACE_WATER,CHLORIDE,317.2071,PCI_L,4.1556,0,1,AGRICULTURAL,8144.562,21.82,8.45,6.162,477.586,18.2786,72.263,0.5628,STATE
2019-03-10,WB000001165,000000001165,GROUNDWATER,NITRATE,330.6003,PCI_L,0.9962,0,1,NONE,76084.233,11.35,6.7,6.888,620.632,13.1378,12.611,0.2142,STATE
2019-03-11,WB000001166,000000001166,SURFACE_WATER,DO,241.9157,UG_L,2.5478,0,0,INDUSTRIAL,151463.462,23.03,7.49,2.139,237.694,16.9958,132.558,0.5173,EPA
2019-03-12,WB000001167,000000001167,GROUNDWATER,PH,227.7967,MG_L,4.2713,0,1,NONE,163.66,26.05,8.43,3.707,142.218,3.67,61.388,0.3731,EPA
2019-03-13,WB000001168,000000001168,SURFACE_WATER,PFAS,1.8837,PH_UNITS,2.4059,0,0,NONE,184560.296,15.22,8.43,12.589,184.102,0.301,115.539,0.3243,CITIZEN_SCIENCE
2019-03-14,WB000001169,000000001169,EFFLUENT,TURBIDITY,335.9474,PCI_L,1.2436,1,1,NONE,231886.37,11.1,7.23,2.753,701.254,7.9564,64.448,0.0987,EPA
2019-03-15,WB000001170,000000001170,EFFLUENT,CHLORIDE,134.6763,PPB,2.2186,0,0,NONE,54281.823,28.57,7.91,6.007,237.861,17.1815,167.4,0.0076,STATE
2019-03-16,WB000001171,000000001171,SURFACE_WATER,PHOSPHATE,332.3419,MG_L,0.3867,1,0,NONE,213972.503,1.08,7.01,0.128,78.393,13.4951,195.767,0.4296,STATE
2019-03-17,WB000001172,000000001172,DRINKING_WATER,E_COLI,349.4946,PPB,3.0065,0,1,NONE,6956.36,17.68,8.81,9.186,631.915,22.9939,43.641,0.4028,STATE
2019-03-18,WB000001173,000000001173,EFFLUENT,DO,255.1508,UG_L,1.9791,0,0,NONE,67834.342,30.4,7.12,3.334,691.487,18.634,9.128,0.0574,LOCAL
2019-03-19,WB000001174,000000001174,SURFACE_WATER,DO,393.7168,PH_UNITS,4.5599,0,0,HUMAN,195501.295,1.37,6.94,4.265,406.164,0.7633,72.833,0.5658,TRIBAL
2019-03-20,WB000001175,000000001175,SURFACE_WATER,CHLORIDE,245.2243,PPB,1.7775,0,0,NONE,26162.034,4.88,7.81,9.307,682.418,18.7913,189.452,0.661,EPA
2019-03-21,WB000001176,000000001176,GROUNDWATER,PFAS,188.1104,PPB,3.3823,0,0,NONE,245974.371,10.42,7.16,4.384,209.406,7.4791,37.46,0.4724,STATE
2019-03-22,WB000001177,000000001177,SURFACE_WATER,TURBIDITY,352.113,PCI_L,3.1477,1,0,HUMAN,81450.526,32.76,7.91,3.926,616.684,12.4877,101.145,0.0042,EPA
2019-03-23,WB000001178,000000001178,SURFACE_WATER,ARSENIC,130.0423,UG_L,2.5037,1,0,NONE,215239.156,12.62,9.32,9.143,326.956,2.2127,18.865,0.1412,LOCAL
2019-03-24,WB000001179,000000001179,SEDIMENT,NITRATE,353.3982,NTU,2.0605,0,1,NONE,8212.492,6.51,7.18,5.646,100.395,12.2225,41.131,0.9691,STATE
2019-03-25,WB000001180,000000001180,SURFACE_WATER,LEAD,112.4335,PPB,1.3645,0,0,AGRICULTURAL,5721.291,33.74,6.48,6.289,311.635,11.3062,117.068,0.7908,CITIZEN_SCIENCE
2019-03-26,WB000001181,000000001181,SURFACE_WATER,ARSENIC,277.7189,PH_UNITS,3.0603,0,0,NONE,59998.629,8.89,7.24,6.79,265.996,24.261,96.412,0.7651,STATE
2019-03-27,WB000001182,000000001182,SURFACE_WATER,PFAS,357.3958,NTU,4.4389,0,0,NONE,234552.428,3.8,8.06,9.521,681.187,7.0609,59.341,0.9335,LOCAL
2019-03-28,WB000001183,000000001183,SURFACE_WATER,CHLORIDE,18.7883,MG_L,3.6194,0,0,INDUSTRIAL,49271.128,20.23,7.31,4.481,305.755,12.0644,182.224,0.1857,TRIBAL
2019-03-29,WB000001184,000000001184,GROUNDWATER,E_COLI,468.562,MPN_100ML,0.198,0,1,NONE,103578.135,18.83,9.07,5.987,558.378,15.6915,183.565,0.2711,LOCAL
2019-03-30,WB000001185,000000001185,SURFACE_WATER,PH,402.6939,PPB,0.8985,0,0,NONE,12988.489,2.05,6.07,2.418,319.578,5.2599,67.631,0.1021,STATE
2019-03-31,WB000001186,000000001186,EFFLUENT,ARSENIC,432.8661,PH_UNITS,4.5269,0,1,HUMAN,224612.096,17.51,6.08,0.316,616.454,21.0949,151.962,0.9509,EPA
2019-04-01,WB000001187,000000001187,GROUNDWATER,CHLORIDE,488.6698,MPN_100ML,2.17,0,1,NONE,181594.986,17.48,8.02,6.612,787.952,12.9672,95.93,0.7159,STATE
2019-04-02,WB000001188,000000001188,SEDIMENT,ARSENIC,152.7881,PH_UNITS,0.4436,0,1,NONE,10152.682,30.7,7.89,8.411,461.284,24.2772,0.242,0.6022,LOCAL
2019-04-03,WB000001189,000000001189,EFFLUENT,LEAD,342.779,UG_L,2.0542,0,0,HUMAN,190908.9,7.72,7.37,11.056,512.796,10.5395,138.758,0.978,LOCAL
2019-04-04,WB000001190,000000001190,EFFLUENT,ARSENIC,265.011,PH_UNITS,3.1153,0,0,HUMAN,11655.849,30.9,8.55,3.848,591.862,13.2581,81.994,0.1935,STATE
2019-04-05,WB000001191,000000001191,SURFACE_WATER,LEAD,243.3049,PCI_L,3.2427,0,0,INDUSTRIAL,27502.592,19.7,6.85,2.816,783.897,13.7757,81.627,0.0523,CITIZEN_SCIENCE
2019-04-06,WB000001192,000000001192,SURFACE_WATER,PH,383.2835,PCI_L,1.9074,0,0,NONE,79793.559,15.52,5.55,0.34,276.561,3.207,97.713,0.522,USGS
2019-04-07,WB000001193,000000001193,SURFACE_WATER,LEAD,239.5077,PCI_L,3.2021,0,0,NONE,132673.21,24.24,7.07,8.088,241.357,22.403,107.664,0.2029,STATE
2019-04-08,WB000001194,000000001194,SURFACE_WATER,NITRATE,448.5304,PPB,4.1525,0,1,NONE,237045.662,0.79,9.22,12.391,727.194,0.6758,99.414,0.334,EPA
2019-04-09,WB000001195,000000001195,SURFACE_WATER,TURBIDITY,256.8557,NTU,0.2287,0,0,HUMAN,69956.911,23.23,6.93,10.56,673.296,17.7231,67.602,0.4269,LOCAL
2019-04-10,WB000001196,000000001196,GROUNDWATER,PHOSPHATE,160.3687,NTU,3.5045,0,0,NONE,224989.516,30.67,6.04,2.138,505.963,0.3103,146.901,0.33,LOCAL
2019-04-11,WB000001197,000000001197,SURFACE_WATER,PFAS,489.1466,MPN_100ML,0.1822,0,1,AGRICULTURAL,103810.039,9.92,6.94,11.391,712.225,0.262,12.343,0.1347,LOCAL
2019-04-12,WB000001198,000000001198,SURFACE_WATER,DO,229.5801,UG_L,1.8129,1,1,HUMAN,161305.303,5.87,7.36,8.977,264.16,4.8906,134.583,0.4474,USGS
2019-04-13,WB000001199,000000001199,SURFACE_WATER,PH,340.6185,MPN_100ML,4.7349,0,1,HUMAN,215879.028,28.22,9.01,13.361,102.8,9.8665,172.076,0.5958,TRIBAL
2019-04-14,WB000001200,000000001200,SURFACE_WATER,CHLORIDE,21.0781,MPN_100ML,4.2765,0,0,AGRICULTURAL,169611.478,9.9,6.79,12.607,348.161,9.2283,103.412,0.4881,STATE
2019-04-15,WB000001201,000000001201,DRINKING_WATER,LEAD,462.0505,NTU,0.3773,0,0,INDUSTRIAL,217487.784,12.81,9.0,13.824,309.95,1.1442,49.082,0.6297,LOCAL
2019-04-16,WB000001202,000000001202,DRINKING_WATER,PFAS,340.411,UG_L,1.0318,0,1,ANIMAL,232821.137,17.37,7.78,7.148,322.891,15.2859,87.476,0.8025,LOCAL
2019-04-17,WB000001203,000000001203,SURFACE_WATER,PHOSPHATE,423.5366,UG_L,3.2282,1,0,NONE,99165.791,16.18,7.72,12.777,695.858,4.1785,162.693,0.8884,STATE
2019-04-18,WB000001204,000000001204,SURFACE_WATER,E_COLI,416.1495,PH_UNITS,2.9447,0,1,NONE,8017.907,4.45,7.81,4.923,730.535,9.2757,3.99,0.5117,USGS
2019-04-19,WB000001205,000000001205,DRINKING_WATER,ARSENIC,342.779,NTU,0.6466,0,1,ANIMAL,232595.103,17.18,8.47,13.14,681.153,14.2326,80.078,0.7899,USGS
2019-04-20,WB000001206,000000001206,SURFACE_WATER,PFAS,142.9169,PPB,3.7585,0,1,ANIMAL,225731.451,14.35,7.16,11.707,576.958,3.5283,140.042,0.9422,CITIZEN_SCIENCE
2019-04-21,WB000001207,000000001207,SURFACE_WATER,LEAD,24.8235,MG_L,3.447,0,0,ANIMAL,206290.076,5.26,7.92,11.205,330.289,2.3442,77.794,0.424,EPA
2019-04-22,WB000001208,000000001208,GROUNDWATER,ARSENIC,315.5047,NTU,0.8247,0,1,NONE,223279.283,18.26,8.42,2.415,564.735,15.0787,78.934,0.6287,USGS
2019-04-23,WB000001209,000000001209,GROUNDWATER,PHOSPHATE,139.6654,MG_L,2.888,0,1,NONE,211620.309,0.6,7.71,3.195,483.965,20.2816,52.288,0.3089,CITIZEN_SCIENCE
2019-04-24,WB000001210,000000001210,SURFACE_WATER,LEAD,221.9164,MPN_100ML,1.1199,1,0,NONE,77826.81,4.22,8.86,11.046,322.28,21.6484,190.565,0.4099,LOCAL
2019-04-25,WB000001211,000000001211,GROUNDWATER,PHOSPHATE,261.5844,PCI_L,4.807,0,0,INDUSTRIAL,155285.954,4.22,8.44,5.084,16.464,1.8597,60.584,0.3317,CITIZEN_SCIENCE
2019-04-26,WB000001212,000000001212,SURFACE_WATER,NITRATE,442.2898,PH_UNITS,4.8704,1,1,ANIMAL,95890.689,1.94,6.94,8.292,513.21,7.1789,163.646,0.9064,USGS
2019-04-27,WB000001213,000000001213,SURFACE_WATER,CHLORIDE,467.3695,MPN_100ML,0.4277,1,0,NONE,132005.599,10.92,5.58,2.766,767.507,10.0722,51.225,0.3515,EPA
2019-04-28,WB000001214,000000001214,SURFACE_WATER,PFAS,450.8971,PCI_L,2.674,1,0,AGRICULTURAL,27130.079,21.09,7.42,2.812,252.823,15.9381,24.768,0.6384,CITIZEN_SCIENCE
2019-04-29,WB000001215,000000001215,EFFLUENT,PHOSPHATE,329.8047,MG_L,3.4108,0,1,ANIMAL,91880.447,29.23,8.33,11.488,564.955,4.0174,126.934,0.6384,STATE
2019-04-30,WB000001216,000000001216,DRINKING_WATER,CHLORIDE,214.849,PH_UNITS,4.7869,0,0,NONE,81386.522,17.93,8.36,6.13,730.183,17.8446,71.458,0.1206,EPA
2019-05-01,WB000001217,000000001217,SURFACE_WATER,NITRATE,344.6388,MG_L,2.1483,0,0,NONE,10951.7,3.4,7.83,3.644,766.331,10.8494,27.102,0.8363,EPA
2019-05-02,WB000001218,000000001218,SURFACE_WATER,DO,384.2722,UG_L,2.3337,0,0,NONE,132309.634,20.2,5.53,8.118,464.743,9.7689,78.974,0.4033,LOCAL
2019-05-03,WB000001219,000000001219,SURFACE_WATER,TURBIDITY,492.7863,MPN_100ML,4.4228,0,1,NONE,246629.422,20.93,6.32,6.252,222.312,20.6447,174.88,0.9063,EPA
2019-05-04,WB000001220,000000001220,DRINKING_WATER,ARSENIC,171.654,NTU,4.9582,0,0,HUMAN,229307.411,22.38,7.03,11.201,589.799,13.1862,14.172,0.9061,TRIBAL
2019-05-05,WB000001221,000000001221,EFFLUENT,TURBIDITY,444.2999,UG_L,2.4394,0,0,HUMAN,246219.112,10.84,7.21,6.83,758.144,8.4831,140.062,0.2627,STATE
2019-05-06,WB000001222,000000001222,SURFACE_WATER,TURBIDITY,63.5193,UG_L,3.9289,0,0,NONE,241999.723,14.04,8.77,4.97,17.699,8.2458,140.442,0.955,EPA
2019-05-07,WB000001223,000000001223,SURFACE_WATER,TURBIDITY,169.4587,PCI_L,2.8949,0,0,NONE,142427.225,19.89,7.0,13.456,586.772,13.0098,62.678,0.644,STATE
2019-05-08,WB000001224,000000001224,SURFACE_WATER,E_COLI,169.6754,MG_L,2.2312,0,0,HUMAN,124239.196,1.45,5.82,3.403,658.233,1.5051,135.214,0.8177,STATE
2019-05-09,WB000001225,000000001225,SURFACE_WATER,LEAD,128.9976,PPB,3.7166,1,0,NONE,168485.444,23.65,8.67,8.691,446.683,10.231,95.971,0.5785,STATE
2019-05-10,WB000001226,000000001226,EFFLUENT,PFAS,114.3169,PPB,2.2862,0,0,INDUSTRIAL,226190.924,29.81,8.95,7.664,217.498,4.7318,125.718,0.5193,LOCAL
2019-05-11,WB000001227,000000001227,GROUNDWATER,NITRATE,263.337,NTU,3.8,0,0,NONE,151206.094,33.37,6.34,4.983,378.504,16.4433,5.565,0.9915,LOCAL
2019-05-12,WB000001228,000000001228,SURFACE_WATER,ARSENIC,161.4167,UG_L,1.8025,0,1,ANIMAL,215411.81,7.08,6.03,6.885,233.102,12.2028,145.959,0.6874,TRIBAL
2019-05-13,WB000001229,000000001229,SURFACE_WATER,CHLORIDE,49.3135,PCI_L,4.1206,0,1,NONE,136364.736,15.8,6.32,3.598,652.346,3.2634,42.432,0.953,EPA
2019-05-14,WB000001230,000000001230,SURFACE_WATER,PHOSPHATE,453.7336,NTU,1.3612,0,0,NONE,125705.062,20.31,7.35,9.016,320.186,16.2236,3.565,0.9975,STATE
2019-05-15,WB000001231,000000001231,EFFLUENT,LEAD,186.6657,MG_L,4.8822,0,1,NONE,242231.584,5.61,7.57,2.52,492.16,14.0561,124.824,0.7984,EPA
2019-05-16,WB000001232,000000001232,DRINKING_WATER,DO,28.4955,UG_L,0.2283,1,0,NONE,47810.453,7.99,7.65,7.907,320.586,12.1841,51.34,0.6261,EPA
2019-05-17,WB000001233,000000001233,GROUNDWATER,DO,459.8161,PH_UNITS,2.193,1,1,HUMAN,14220.178,14.05,6.67,1.368,322.868,1.5826,171.385,0.0912,EPA
2019-05-18,WB000001234,000000001234,SURFACE_WATER,ARSENIC,478.6873,MPN_100ML,4.4954,0,1,HUMAN,91027.002,2.89,6.92,11.832,7.052,10.2606,190.009,0.5309,USGS
2019-05-19,WB000001235,000000001235,SURFACE_WATER,PH,60.87,UG_L,2.617,0,0,NONE,86296.011,14.32,8.39,4.296,115.57,7.4556,155.168,0.473,CITIZEN_SCIENCE
2019-05-20,WB000001236,000000001236,GROUNDWATER,NITRATE,8.7723,PCI_L,2.0862,0,0,NONE,16202.566,33.92,8.58,6.228,45.193,24.3639,187.032,0.1601,LOCAL
2019-05-21,WB000001237,000000001237,EFFLUENT,NITRATE,467.6012,UG_L,2.1813,0,0,NONE,165744.635,10.35,5.89,4.617,727.407,19.5059,114.693,0.5959,EPA
2019-05-22,WB000001238,000000001238,GROUNDWATER,LEAD,159.7776,UG_L,4.4479,1,0,HUMAN,160137.25,27.9,6.68,3.721,769.267,22.4182,34.687,0.9849,USGS
2019-05-23,WB000001239,000000001239,DRINKING_WATER,DO,372.4377,NTU,0.4224,0,0,HUMAN,72258.854,28.98,7.53,10.377,745.787,19.3329,52.41,0.4256,CITIZEN_SCIENCE
2019-05-24,WB000001240,000000001240,DRINKING_WATER,DO,374.6829,MPN_100ML,0.4458,0,0,ANIMAL,160837.753,27.32,6.64,8.752,677.086,19.7417,179.605,0.1674,USGS
2019-05-25,WB000001241,000000001241,GROUNDWATER,LEAD,194.0826,PPB,0.1443,0,0,HUMAN,239404.955,29.79,9.32,1.076,534.719,12.5627,83.648,0.4377,STATE
2019-05-26,WB000001242,000000001242,GROUNDWATER,TURBIDITY,282.3151,UG_L,2.8866,0,0,AGRICULTURAL,237556.33,15.29,7.07,3.491,687.222,5.1283,77.967,0.0375,STATE
2019-05-27,WB000001243,000000001243,EFFLUENT,ARSENIC,12.6131,PH_UNITS,1.5723,0,0,NONE,193674.67,22.01,5.62,11.248,502.439,19.9539,4.818,0.2157,USGS
2019-05-28,WB000001244,000000001244,SURFACE_WATER,CHLORIDE,412.1823,NTU,2.0399,0,0,NONE,211777.651,12.02,7.6,6.092,339.717,17.7441,34.068,0.6216,USGS
2019-05-29,WB000001245,000000001245,SURFACE_WATER,PH,303.4912,UG_L,4.0604,1,0,NONE,177049.448,33.0,8.85,9.812,353.533,11.8679,194.521,0.4441,STATE
2019-05-30,WB000001246,000000001246,SEDIMENT,DO,393.5761,NTU,2.5768,0,0,NONE,62067.459,14.84,7.11,3.3,478.705,21.7177,124.639,0.4861,LOCAL
2019-05-31,WB000001247,000000001247,EFFLUENT,PHOSPHATE,331.8463,MG_L,2.5281,1,0,AGRICULTURAL,123653.962,33.68,7.0,12.09,450.309,10.9352,145.794,0.965,STATE
2019-06-01,WB000001248,000000001248,SURFACE_WATER,E_COLI,127.4709,MPN_100ML,3.1429,0,0,HUMAN,179769.073,5.76,9.23,11.191,52.039,0.9482,133.895,0.8062,EPA
2019-06-02,WB000001249,000000001249,SURFACE_WATER,E_COLI,331.9715,MG_L,3.9993,0,0,ANIMAL,78593.912,21.55,7.23,6.25,651.519,1.5481,70.259,0.7582,STATE
2019-06-03,WB000001250,000000001250,GROUNDWATER,DO,99.5956,MG_L,4.4972,0,0,INDUSTRIAL,142509.819,24.73,7.18,7.058,338.098,7.231,85.452,0.7913,EPA
2019-06-04,WB000001251,000000001251,SURFACE_WATER,TURBIDITY,425.6453,UG_L,0.5019,0,0,HUMAN,233507.403,19.84,9.14,3.593,52.499,24.2785,112.185,0.1396,CITIZEN_SCIENCE
2019-06-05,WB000001252,000000001252,EFFLUENT,CHLORIDE,6.516,UG_L,4.0206,0,0,HUMAN,24422.956,6.35,8.54,7.006,377.854,17.2024,118.243,0.7426,CITIZEN_SCIENCE
2019-06-06,WB000001253,000000001253,SEDIMENT,NITRATE,113.6955,PH_UNITS,4.4352,0,0,HUMAN,98563.505,18.32,8.86,6.695,71.678,8.4385,177.661,0.8597,STATE
2019-06-07,WB000001254,000000001254,SURFACE_WATER,PH,240.9569,PH_UNITS,1.0547,0,0,NONE,195348.689,10.98,6.19,2.529,122.875,19.8717,51.955,0.4251,STATE
2019-06-08,WB000001255,000000001255,GROUNDWATER,DO,111.7169,MG_L,0.7815,1,1,HUMAN,213090.181,-0.55,8.38,8.308,223.444,9.5313,77.449,0.047,TRIBAL
2019-06-09,WB000001256,000000001256,SURFACE_WATER,TURBIDITY,287.3942,PPB,2.3171,0,0,HUMAN,171407.044,3.32,8.3,7.672,605.168,13.1778,150.505,0.6785,EPA
2019-06-10,WB000001257,000000001257,SURFACE_WATER,LEAD,129.0859,PPB,1.6599,1,1,HUMAN,79905.726,2.1,9.24,11.351,664.463,2.5798,85.561,0.1056,CITIZEN_SCIENCE
2019-06-11,WB000001258,000000001258,SURFACE_WATER,LEAD,85.2502,NTU,1.3913,1,0,INDUSTRIAL,64253.993,25.97,6.97,10.603,67.16,4.5125,152.434,0.7103,STATE
2019-06-12,WB000001259,000000001259,GROUNDWATER,PH,363.5665,PH_UNITS,2.4189,0,0,ANIMAL,84618.83,6.68,9.08,0.92,608.975,9.19,140.554,0.7339,TRIBAL
2019-06-13,WB000001260,000000001260,EFFLUENT,E_COLI,60.4416,PH_UNITS,2.8376,0,0,NONE,167892.388,1.32,5.8,2.268,172.714,1.9558,60.596,0.0346,LOCAL
2019-06-14,WB000001261,000000001261,SURFACE_WATER,PH,497.5673,NTU,0.3431,0,1,NONE,109343.293,20.36,7.96,7.201,703.379,24.9068,55.256,0.0515,EPA
2019-06-15,WB000001262,000000001262,SURFACE_WATER,PHOSPHATE,462.9699,PPB,0.5085,1,0,AGRICULTURAL,225909.224,33.56,8.25,5.021,163.459,8.7056,5.919,0.1173,USGS
2019-06-16,WB000001263,000000001263,GROUNDWATER,PH,82.4186,MG_L,4.4579,1,0,NONE,184138.649,33.48,8.77,3.911,705.362,18.2413,133.152,0.4332,USGS
2019-06-17,WB000001264,000000001264,SURFACE_WATER,LEAD,72.1146,MPN_100ML,0.9041,0,0,NONE,71336.044,32.01,7.39,4.024,220.7,21.5429,19.227,0.969,STATE
2019-06-18,WB000001265,000000001265,SURFACE_WATER,PFAS,338.2412,MPN_100ML,2.4643,1,0,HUMAN,207842.324,30.46,6.27,5.831,570.43,9.8527,120.159,0.2735,STATE
2019-06-19,WB000001266,000000001266,EFFLUENT,DO,421.3966,NTU,1.8757,0,1,AGRICULTURAL,217632.808,21.52,8.0,3.023,51.918,1.0288,182.813,0.5468,STATE
2019-06-20,WB000001267,000000001267,SURFACE_WATER,E_COLI,137.3541,UG_L,2.1002,0,0,HUMAN,208702.82,21.63,9.07,5.737,530.195,14.3018,71.327,0.4529,STATE
2019-06-21,WB000001268,000000001268,EFFLUENT,CHLORIDE,242.6458,NTU,4.3725,0,1,INDUSTRIAL,21021.294,2.56,8.74,0.783,165.636,0.1292,51.446,0.9183,LOCAL
2019-06-22,WB000001269,000000001269,SURFACE_WATER,LEAD,99.6374,MG_L,3.6236,1,0,NONE,17934.256,27.22,9.29,0.64,453.443,4.1863,64.878,0.2887,USGS
2019-06-23,WB000001270,000000001270,GROUNDWATER,NITRATE,400.4937,PPB,4.3561,1,1,HUMAN,155385.031,19.99,9.38,5.752,262.171,12.3982,40.327,0.6358,USGS
2019-06-24,WB000001271,000000001271,SURFACE_WATER,NITRATE,323.2229,NTU,1.9084,0,0,HUMAN,192292.378,8.43,7.72,2.304,664.614,11.9922,156.66,0.9084,CITIZEN_SCIENCE
2019-06-25,WB000001272,000000001272,SURFACE_WATER,LEAD,334.3993,PH_UNITS,4.5863,0,0,NONE,127471.766,26.16,8.37,7.127,270.25,10.8952,47.981,0.0247,EPA
2019-06-26,WB000001273,000000001273,SURFACE_WATER,NITRATE,260.0096,PH_UNITS,1.9486,1,0,NONE,174498.011,14.22,5.92,4.083,273.614,20.1098,58.516,0.5463,USGS
2019-06-27,WB000001274,000000001274,GROUNDWATER,DO,345.4954,MG_L,1.0563,0,1,NONE,39893.972,24.39,7.4,6.723,647.846,8.3539,185.965,0.0835,EPA
2019-06-28,WB000001275,000000001275,SURFACE_WATER,PHOSPHATE,233.4705,PH_UNITS,3.5395,0,0,HUMAN,75244.666,25.13,8.06,13.136,252.407,5.3339,40.056,0.3041,EPA
2019-06-29,WB000001276,000000001276,EFFLUENT,PFAS,328.4715,UG_L,0.2711,0,0,NONE,94725.2,6.54,5.53,11.659,380.786,4.7122,174.663,0.6274,TRIBAL
2019-06-30,WB000001277,000000001277,SEDIMENT,CHLORIDE,61.5345,PCI_L,2.8065,0,0,HUMAN,99125.055,2.67,7.69,9.689,390.218,12.2939,175.9,0.6591,CITIZEN_SCIENCE
2019-07-01,WB000001278,000000001278,DRINKING_WATER,ARSENIC,201.3823,MPN_100ML,4.5879,1,0,HUMAN,95264.586,16.28,9.09,1.479,25.113,3.574,155.112,0.0245,STATE
2019-07-02,WB000001279,000000001279,SURFACE_WATER,PH,308.9497,NTU,1.123,0,0,NONE,133251.21,26.11,9.18,3.52,482.26,3.5615,22.521,0.9072,CITIZEN_SCIENCE
2019-07-03,WB000001280,000000001280,EFFLUENT,DO,354.7565,PPB,4.6621,0,0,NONE,58614.543,7.61,9.43,1.398,534.291,13.7094,5.86,0.6471,STATE
2019-07-04,WB000001281,000000001281,SURFACE_WATER,TURBIDITY,238.1501,NTU,2.8576,1,0,ANIMAL,47085.894,19.45,6.26,0.169,59.12,10.5056,167.348,0.3568,TRIBAL
2019-07-05,WB000001282,000000001282,SURFACE_WATER,DO,83.14,PPB,2.2558,0,0,HUMAN,11669.168,27.01,5.6,9.839,379.092,12.5297,58.523,0.0765,USGS
2019-07-06,WB000001283,000000001283,SURFACE_WATER,NITRATE,256.0566,MG_L,3.5217,1,1,HUMAN,83041.174,19.98,8.97,12.912,143.756,14.0022,194.07,0.4982,CITIZEN_SCIENCE
2019-07-07,WB000001284,000000001284,SURFACE_WATER,TURBIDITY,306.5026,MG_L,0.5972,0,1,INDUSTRIAL,181748.409,8.56,7.09,12.143,633.525,2.5131,183.545,0.6615,STATE
2019-07-08,WB000001285,000000001285,GROUNDWATER,TURBIDITY,161.7111,PH_UNITS,3.5113,0,0,HUMAN,48741.605,7.14,6.58,12.88,694.386,6.6496,198.664,0.2142,CITIZEN_SCIENCE
2019-07-09,WB000001286,000000001286,SURFACE_WATER,DO,462.7928,UG_L,2.4133,0,0,NONE,149245.313,15.22,6.85,2.163,75.165,6.3214,111.915,0.1207,LOCAL
2019-07-10,WB000001287,000000001287,EFFLUENT,PH,129.9536,PH_UNITS,3.8256,0,0,AGRICULTURAL,38489.12,24.23,5.52,13.409,625.949,1.2381,0.282,0.4854,LOCAL
2019-07-11,WB000001288,000000001288,EFFLUENT,CHLORIDE,213.5784,NTU,0.1224,0,1,HUMAN,107449.689,34.26,8.46,2.503,630.755,18.2809,73.273,0.3113,CITIZEN_SCIENCE
2019-07-12,WB000001289,000000001289,SURFACE_WATER,TURBIDITY,459.6019,NTU,2.281,0,0,ANIMAL,188042.09,5.57,7.64,11.128,266.917,12.8851,86.937,0.2035,STATE
2019-07-13,WB000001290,000000001290,SURFACE_WATER,NITRATE,145.6493,UG_L,0.9976,0,0,INDUSTRIAL,112999.427,26.27,5.61,5.514,520.139,5.4875,20.03,0.2593,LOCAL
2019-07-14,WB000001291,000000001291,DRINKING_WATER,E_COLI,225.7219,UG_L,4.9104,0,1,HUMAN,182249.716,26.08,8.45,4.614,392.436,19.7753,49.207,0.929,USGS
2019-07-15,WB000001292,000000001292,SEDIMENT,CHLORIDE,452.5491,PPB,3.6401,0,0,ANIMAL,51432.063,3.42,7.84,4.08,179.793,13.7167,28.249,0.9379,USGS
2019-07-16,WB000001293,000000001293,SURFACE_WATER,PFAS,269.2306,NTU,1.8305,0,1,AGRICULTURAL,235420.182,18.09,6.08,12.632,588.7,16.7784,35.084,0.1452,LOCAL
2019-07-17,WB000001294,000000001294,EFFLUENT,DO,147.3492,PH_UNITS,0.9651,0,1,NONE,5392.276,9.14,5.92,3.423,297.729,2.0155,124.488,0.9921,LOCAL
2019-07-18,WB000001295,000000001295,GROUNDWATER,CHLORIDE,124.8634,PH_UNITS,2.4954,0,1,HUMAN,55822.312,22.63,8.23,12.243,331.27,13.8168,76.822,0.1375,STATE
2019-07-19,WB000001296,000000001296,SURFACE_WATER,DO,42.9726,PPB,4.4469,0,1,ANIMAL,63709.313,3.07,5.83,12.93,326.759,8.7795,119.839,0.3673,CITIZEN_SCIENCE
2019-07-20,WB000001297,000000001297,SURFACE_WATER,TURBIDITY,339.6849,PPB,4.4366,0,0,NONE,215419.751,13.14,8.42,12.506,18.974,24.3949,4.429,0.099,CITIZEN_SCIENCE
2019-07-21,WB000001298,000000001298,SURFACE_WATER,DO,354.6873,MG_L,2.5076,0,0,NONE,209197.954,20.85,7.65,8.535,454.926,5.7896,124.546,0.9407,USGS
2019-07-22,WB000001299,000000001299,SURFACE_WATER,DO,381.3749,MPN_100ML,3.7334,0,0,AGRICULTURAL,108777.311,0.44,7.78,12.507,172.315,9.5221,22.542,0.9383,EPA
2019-07-23,WB000001300,000000001300,SURFACE_WATER,DO,196.6629,MPN_100ML,4.6865,0,0,INDUSTRIAL,67509.471,17.73,8.94,11.016,694.521,22.2176,7.173,0.8005,TRIBAL
2019-07-24,WB000001301,000000001301,GROUNDWATER,PHOSPHATE,155.4316,NTU,3.6257,0,0,NONE,24342.883,30.63,7.31,9.943,489.356,18.6536,173.013,0.1279,EPA
2019-07-25,WB000001302,000000001302,GROUNDWATER,ARSENIC,174.1396,NTU,0.9824,0,0,AGRICULTURAL,193181.474,30.68,5.8,1.218,463.329,16.7067,183.791,0.3433,USGS
2019-07-26,WB000001303,000000001303,GROUNDWATER,ARSENIC,275.7928,UG_L,4.5018,0,0,HUMAN,84197.151,3.75,7.89,1.929,98.564,5.6024,110.091,0.3633,STATE
2019-07-27,WB000001304,000000001304,GROUNDWATER,PHOSPHATE,217.7253,UG_L,2.3385,0,0,HUMAN,81852.547,20.45,7.56,10.798,417.319,18.8903,171.775,0.3975,LOCAL
2019-07-28,WB000001305,000000001305,GROUNDWATER,CHLORIDE,243.3162,UG_L,0.9455,0,0,NONE,197158.203,16.8,6.18,8.091,124.496,10.2028,110.499,0.9914,TRIBAL
2019-07-29,WB000001306,000000001306,GROUNDWATER,CHLORIDE,45.6808,MPN_100ML,3.8518,0,0,NONE,143211.017,17.78,7.5,2.411,84.684,2.3418,170.67,0.9248,STATE
2019-07-30,WB000001307,000000001307,DRINKING_WATER,NITRATE,35.7659,MG_L,4.3076,0,1,HUMAN,142443.208,7.31,6.65,10.333,284.349,0.2033,143.183,0.5731,USGS
2019-07-31,WB000001308,000000001308,SURFACE_WATER,LEAD,472.785,MPN_100ML,0.3383,1,1,HUMAN,56738.458,20.39,5.97,13.061,31.443,12.9258,191.806,0.5705,CITIZEN_SCIENCE
2019-08-01,WB000001309,000000001309,EFFLUENT,DO,151.9356,MG_L,4.318,0,0,NONE,6621.676,4.38,6.26,6.255,60.396,3.2332,198.415,0.7884,STATE
2019-08-02,WB000001310,000000001310,GROUNDWATER,ARSENIC,103.0112,PH_UNITS,4.9996,0,0,INDUSTRIAL,25711.425,31.38,5.76,12.457,132.009,8.7045,4.265,0.4261,STATE
2019-08-03,WB000001311,000000001311,SURFACE_WATER,PFAS,10.5999,PCI_L,0.8523,0,0,NONE,168429.256,8.71,7.21,8.173,280.485,17.7941,165.811,0.9726,LOCAL
2019-08-04,WB000001312,000000001312,SURFACE_WATER,LEAD,67.0281,MPN_100ML,0.7514,0,1,HUMAN,67958.11,9.81,8.28,8.134,599.207,7.0197,189.195,0.2418,STATE
2019-08-05,WB000001313,000000001313,EFFLUENT,ARSENIC,57.531,PCI_L,2.8353,0,0,NONE,232791.722,4.56,8.4,6.982,493.119,18.9719,160.937,0.8127,USGS
2019-08-06,WB000001314,000000001314,SURFACE_WATER,E_COLI,385.3637,MPN_100ML,4.615,0,0,NONE,16601.706,34.93,6.23,6.948,597.072,17.3349,94.577,0.003,LOCAL
2019-08-07,WB000001315,000000001315,GROUNDWATER,PHOSPHATE,203.757,NTU,2.0094,0,1,NONE,177468.733,4.31,6.34,11.086,413.771,9.8171,44.358,0.605,LOCAL
2019-08-08,WB000001316,000000001316,EFFLUENT,PFAS,156.7661,NTU,3.2107,0,0,NONE,210880.49,3.6,7.05,11.944,604.081,0.2321,171.704,0.0554,LOCAL
2019-08-09,WB000001317,000000001317,SEDIMENT,CHLORIDE,140.2209,MPN_100ML,4.4893,1,1,NONE,243022.477,15.17,7.25,7.894,60.364,15.2507,146.515,0.753,LOCAL
2019-08-10,WB000001318,000000001318,EFFLUENT,TURBIDITY,398.9221,PH_UNITS,0.9071,0,1,AGRICULTURAL,82957.788,17.29,8.41,12.533,164.114,8.4381,89.892,0.2663,STATE
2019-08-11,WB000001319,000000001319,SURFACE_WATER,TURBIDITY,72.503,MPN_100ML,2.2561,0,0,HUMAN,95742.586,34.5,7.14,10.271,465.59,22.6611,30.447,0.9719,TRIBAL
2019-08-12,WB000001320,000000001320,GROUNDWATER,LEAD,249.376,MG_L,3.8979,1,0,ANIMAL,57308.459,34.28,7.95,8.25,35.963,9.7737,72.182,0.8256,TRIBAL
2019-08-13,WB000001321,000000001321,DRINKING_WATER,E_COLI,31.7623,UG_L,1.1313,1,0,NONE,73946.975,9.09,8.75,13.609,528.659,19.4771,53.45,0.9266,USGS
2019-08-14,WB000001322,000000001322,EFFLUENT,LEAD,228.8996,PPB,2.5112,0,0,NONE,49136.72,4.04,8.31,10.133,288.782,0.8728,32.328,0.1948,USGS
2019-08-15,WB000001323,000000001323,SURFACE_WATER,TURBIDITY,124.2243,MG_L,4.68,1,0,HUMAN,194630.735,14.79,9.12,13.397,484.815,13.9112,84.165,0.4381,STATE
2019-08-16,WB000001324,000000001324,SEDIMENT,CHLORIDE,291.9274,MPN_100ML,1.5553,0,0,NONE,38290.703,28.68,6.9,11.088,288.428,12.3878,41.696,0.2971,USGS
2019-08-17,WB000001325,000000001325,DRINKING_WATER,NITRATE,375.3572,PCI_L,2.5785,1,0,HUMAN,246846.293,9.1,5.63,3.613,280.283,14.1281,40.351,0.3623,CITIZEN_SCIENCE
2019-08-18,WB000001326,000000001326,SURFACE_WATER,TURBIDITY,238.9887,NTU,1.2765,0,1,NONE,174295.555,22.38,9.46,13.76,517.096,0.7301,4.087,0.7001,USGS
2019-08-19,WB000001327,000000001327,GROUNDWATER,TURBIDITY,181.3674,MG_L,1.7466,1,1,HUMAN,181048.065,23.7,6.43,11.584,63.988,22.5778,99.976,0.394,USGS
2019-08-20,WB000001328,000000001328,SURFACE_WATER,CHLORIDE,7.0311,UG_L,3.6067,0,1,ANIMAL,95958.436,1.17,7.96,4.475,162.171,20.0336,71.799,0.2884,LOCAL
2019-08-21,WB000001329,000000001329,GROUNDWATER,LEAD,200.0921,PH_UNITS,0.9571,0,1,NONE,163039.482,4.09,8.66,12.344,370.384,24.5753,146.742,0.0318,STATE
2019-08-22,WB000001330,000000001330,SEDIMENT,PH,452.5206,MPN_100ML,0.1395,1,1,ANIMAL,40263.508,15.78,6.08,3.166,493.382,1.9439,97.865,0.2345,EPA
2019-08-23,WB000001331,000000001331,GROUNDWATER,LEAD,179.519,PPB,0.156,0,0,AGRICULTURAL,85224.891,34.67,6.59,6.116,273.32,16.6744,108.783,0.2014,STATE
2019-08-24,WB000001332,000000001332,EFFLUENT,TURBIDITY,259.7808,MPN_100ML,3.1686,0,0,INDUSTRIAL,63688.927,1.67,7.74,5.593,81.314,6.4925,150.265,0.9856,EPA
2019-08-25,WB000001333,000000001333,SURFACE_WATER,TURBIDITY,331.1584,PCI_L,4.5531,0,1,ANIMAL,71723.406,32.53,9.35,12.506,36.605,17.0326,125.864,0.0604,LOCAL
2019-08-26,WB000001334,000000001334,EFFLUENT,LEAD,392.4978,MG_L,4.8491,0,1,NONE,168441.094,0.76,8.62,4.715,14.287,18.8325,1.01,0.6617,STATE
2019-08-27,WB000001335,000000001335,DRINKING_WATER,CHLORIDE,83.2751,MG_L,2.3739,0,1,NONE,67726.209,27.35,6.32,7.976,556.372,20.5502,166.513,0.4465,STATE
2019-08-28,WB000001336,000000001336,SURFACE_WATER,PHOSPHATE,255.7911,UG_L,0.1044,0,0,HUMAN,236876.616,1.57,7.98,2.236,583.447,16.7016,117.183,0.3843,USGS
2019-08-29,WB000001337,000000001337,DRINKING_WATER,CHLORIDE,151.5657,NTU,0.6436,0,0,HUMAN,234529.462,12.61,6.9,2.69,79.259,22.3686,100.787,0.0571,EPA
2019-08-30,WB000001338,000000001338,GROUNDWATER,PFAS,68.5059,PPB,0.6386,0,0,NONE,161950.269,2.77,9.37,0.192,78.362,15.1393,160.968,0.1883,LOCAL
2019-08-31,WB000001339,000000001339,SURFACE_WATER,PFAS,313.8849,PH_UNITS,4.0116,0,0,NONE,200448.357,34.31,6.75,9.668,732.965,12.5527,198.278,0.8403,USGS
2019-09-01,WB000001340,000000001340,GROUNDWATER,CHLORIDE,68.0229,PH_UNITS,2.5959,1,0,INDUSTRIAL,145512.995,2.38,6.83,12.725,272.744,1.1134,118.793,0.0416,LOCAL
2019-09-02,WB000001341,000000001341,SEDIMENT,PH,270.3722,UG_L,0.4941,0,0,AGRICULTURAL,198576.921,17.34,7.46,1.03,796.441,24.8379,185.546,0.5371,EPA
2019-09-03,WB000001342,000000001342,GROUNDWATER,ARSENIC,447.1467,PH_UNITS,2.3528,0,0,NONE,224795.121,14.4,8.27,5.159,340.202,13.5137,2.411,0.5535,USGS
2019-09-04,WB000001343,000000001343,SURFACE_WATER,E_COLI,474.7484,PH_UNITS,1.6802,0,1,NONE,100134.865,2.18,6.96,13.6,368.754,19.7846,69.848,0.5813,STATE
2019-09-05,WB000001344,000000001344,SURFACE_WATER,TURBIDITY,300.8326,PPB,4.1147,0,0,INDUSTRIAL,66650.681,2.41,9.35,8.421,196.17,3.1358,147.219,0.4525,LOCAL
2019-09-06,WB000001345,000000001345,GROUNDWATER,ARSENIC,189.3758,PCI_L,1.3025,0,0,NONE,86155.347,7.66,7.99,13.009,783.236,6.4134,100.482,0.9714,LOCAL
2019-09-07,WB000001346,000000001346,SURFACE_WATER,PH,216.3812,MG_L,3.8236,0,0,NONE,32165.286,7.34,8.37,4.693,449.394,4.1503,41.853,0.7813,STATE
2019-09-08,WB000001347,000000001347,GROUNDWATER,PH,285.8531,UG_L,2.0663,0,0,INDUSTRIAL,6005.055,8.89,7.57,6.308,565.019,18.0623,135.553,0.1595,LOCAL
2019-09-09,WB000001348,000000001348,SURFACE_WATER,LEAD,229.088,NTU,3.1947,0,1,NONE,222033.671,4.6,7.91,3.82,586.824,24.1754,166.584,0.8162,STATE
2019-09-10,WB000001349,000000001349,EFFLUENT,PH,283.2012,PPB,1.4169,1,0,NONE,6266.465,34.25,8.61,9.195,509.042,23.449,197.12,0.3013,USGS
2019-09-11,WB000001350,000000001350,SURFACE_WATER,LEAD,236.8837,NTU,3.3079,0,0,INDUSTRIAL,34295.798,-0.57,8.67,11.902,156.57,22.4672,199.782,0.2899,STATE
2019-09-12,WB000001351,000000001351,GROUNDWATER,CHLORIDE,6.2825,PH_UNITS,0.7287,0,0,NONE,196346.417,17.6,6.68,2.379,110.384,8.5709,56.071,0.5115,STATE
2019-09-13,WB000001352,000000001352,GROUNDWATER,TURBIDITY,231.4588,PH_UNITS,1.9075,0,0,NONE,35835.532,16.03,9.19,0.341,284.786,17.9541,4.354,0.3376,STATE
2019-09-14,WB000001353,000000001353,EFFLUENT,ARSENIC,205.0953,MG_L,1.2851,0,0,HUMAN,144932.503,16.54,7.24,5.652,529.11,2.2451,142.709,0.1795,EPA
2019-09-15,WB000001354,000000001354,DRINKING_WATER,LEAD,214.9655,MG_L,0.4787,0,0,NONE,207054.832,10.39,7.48,6.62,399.676,20.7259,123.541,0.3314,USGS
2019-09-16,WB000001355,000000001355,EFFLUENT,DO,456.0298,NTU,2.8775,1,1,NONE,14364.542,0.66,6.13,9.561,557.627,10.1876,167.163,0.411,EPA
2019-09-17,WB000001356,000000001356,SURFACE_WATER,CHLORIDE,390.5113,PPB,4.5651,0,1,AGRICULTURAL,29201.128,19.45,6.11,11.43,126.049,4.9497,63.256,0.8378,STATE
2019-09-18,WB000001357,000000001357,SURFACE_WATER,LEAD,310.6818,PCI_L,2.9835,1,0,NONE,51239.484,20.15,6.31,7.83,492.433,15.342,163.468,0.733,LOCAL
2019-09-19,WB000001358,000000001358,EFFLUENT,LEAD,188.1411,PPB,1.9685,0,0,NONE,34631.177,28.12,8.26,7.598,391.205,24.107,12.047,0.4357,STATE
2019-09-20,WB000001359,000000001359,SURFACE_WATER,PH,27.5625,PCI_L,2.5899,0,0,NONE,121321.96,25.63,7.28,11.985,382.695,7.1644,95.84,0.858,EPA
2019-09-21,WB000001360,000000001360,SURFACE_WATER,DO,434.4207,MG_L,4.8789,1,0,HUMAN,2620.587,1.1,5.6,1.241,683.033,19.2409,166.734,0.3188,TRIBAL
2019-09-22,WB000001361,000000001361,GROUNDWATER,LEAD,471.6727,MG_L,2.9061,0,0,HUMAN,184238.738,20.43,6.96,9.224,374.373,1.2523,197.662,0.2271,LOCAL
2019-09-23,WB000001362,000000001362,EFFLUENT,CHLORIDE,81.6259,UG_L,1.2728,1,1,NONE,241427.039,2.68,8.08,4.25,531.352,9.874,96.699,0.1522,USGS
2019-09-24,WB000001363,000000001363,SURFACE_WATER,PH,205.1834,PPB,4.3789,0,0,NONE,219713.332,0.37,5.73,2.637,501.152,20.6411,4.101,0.3003,EPA
2019-09-25,WB000001364,000000001364,SURFACE_WATER,LEAD,342.8888,PH_UNITS,3.7639,0,0,NONE,67654.106,19.52,8.44,3.063,525.048,14.977,165.54,0.864,STATE
2019-09-26,WB000001365,000000001365,GROUNDWATER,PHOSPHATE,409.3425,MPN_100ML,2.2936,1,1,NONE,205667.514,25.51,8.53,8.509,496.821,16.3823,82.172,0.2941,CITIZEN_SCIENCE
2019-09-27,WB000001366,000000001366,SEDIMENT,LEAD,470.4181,PH_UNITS,3.579,0,0,NONE,88168.672,8.44,7.68,5.188,780.626,13.9254,28.661,0.7596,STATE
2019-09-28,WB000001367,000000001367,SURFACE_WATER,DO,320.4267,PH_UNITS,2.1196,0,0,NONE,203985.401,31.36,6.76,5.44,747.086,9.5844,69.421,0.8015,STATE
2019-09-29,WB000001368,000000001368,SURFACE_WATER,E_COLI,146.8616,MPN_100ML,4.7191,0,0,NONE,26542.691,24.39,6.24,1.197,284.414,5.1126,177.308,0.2757,USGS
2019-09-30,WB000001369,000000001369,GROUNDWATER,TURBIDITY,149.4341,PH_UNITS,4.841,0,0,NONE,15980.266,3.55,7.03,13.012,582.391,18.5196,101.697,0.8156,USGS
2019-10-01,WB000001370,000000001370,SURFACE_WATER,ARSENIC,357.6053,PCI_L,4.7457,0,1,INDUSTRIAL,142930.09,18.76,8.96,2.331,385.622,8.0291,116.527,0.3462,STATE
2019-10-02,WB000001371,000000001371,SURFACE_WATER,CHLORIDE,281.0566,PCI_L,1.0043,1,1,NONE,139627.428,12.45,8.86,7.963,491.677,24.06,117.17,0.5428,STATE
2019-10-03,WB000001372,000000001372,SURFACE_WATER,LEAD,473.0136,MG_L,0.7077,0,1,NONE,233337.644,7.91,7.03,12.925,387.593,7.37,12.382,0.5934,EPA
2019-10-04,WB000001373,000000001373,SURFACE_WATER,PHOSPHATE,30.5378,NTU,1.7064,0,0,INDUSTRIAL,224735.756,-0.51,8.99,11.964,88.69,20.237,91.561,0.8028,TRIBAL
2019-10-05,WB000001374,000000001374,SEDIMENT,DO,130.3701,PH_UNITS,4.5104,0,0,INDUSTRIAL,120665.881,10.2,8.97,8.631,210.625,23.5845,1.582,0.5792,EPA
2019-10-06,WB000001375,000000001375,SEDIMENT,TURBIDITY,320.0953,MG_L,3.4491,0,0,NONE,60112.807,21.2,8.98,11.914,724.937,24.778,101.991,0.5495,CITIZEN_SCIENCE
2019-10-07,WB000001376,000000001376,SURFACE_WATER,PHOSPHATE,493.4385,NTU,2.9041,0,0,INDUSTRIAL,28586.757,26.19,8.64,9.624,366.786,3.1458,65.278,0.1208,USGS
2019-10-08,WB000001377,000000001377,EFFLUENT,PFAS,152.8224,PCI_L,4.0867,0,1,NONE,235061.644,33.52,6.7,4.663,655.802,16.0187,109.875,0.844,CITIZEN_SCIENCE
2019-10-09,WB000001378,000000001378,SURFACE_WATER,ARSENIC,369.7817,NTU,4.5424,0,0,NONE,88807.203,3.27,5.59,10.705,443.488,12.2637,86.277,0.881,STATE
2019-10-10,WB000001379,000000001379,GROUNDWATER,DO,28.1795,PPB,0.8122,1,0,HUMAN,25118.437,14.04,7.6,2.371,335.718,24.5953,168.237,0.5928,CITIZEN_SCIENCE
2019-10-11,WB000001380,000000001380,SURFACE_WATER,LEAD,375.2867,PCI_L,4.0686,0,1,NONE,229036.386,25.67,7.92,8.955,74.757,21.7509,39.868,0.354,USGS
2019-10-12,WB000001381,000000001381,SEDIMENT,ARSENIC,295.2243,NTU,3.0264,1,0,NONE,49167.184,24.73,8.41,0.73,75.143,21.8989,31.291,0.2601,STATE
2019-10-13,WB000001382,000000001382,SURFACE_WATER,CHLORIDE,437.2953,PH_UNITS,1.0928,0,0,INDUSTRIAL,4942.744,10.35,7.72,13.376,476.96,3.6249,148.753,0.8343,LOCAL
2019-10-14,WB000001383,000000001383,EFFLUENT,PFAS,375.6051,NTU,0.4372,0,0,NONE,188687.535,7.22,9.25,5.289,633.122,16.0051,136.476,0.8784,USGS
2019-10-15,WB000001384,000000001384,SURFACE_WATER,PFAS,475.9434,PH_UNITS,2.4428,0,0,NONE,127249.621,17.3,6.26,10.026,293.683,12.6517,68.384,0.4567,CITIZEN_SCIENCE
2019-10-16,WB000001385,000000001385,SURFACE_WATER,PH,222.3331,PH_UNITS,1.7093,0,0,NONE,246764.946,11.89,8.42,12.953,168.353,12.9516,3.132,0.1162,LOCAL
2019-10-17,WB000001386,000000001386,SURFACE_WATER,TURBIDITY,327.6946,MPN_100ML,2.0603,0,0,AGRICULTURAL,201560.034,20.36,8.38,4.816,478.165,3.6956,51.894,0.9397,USGS
2019-10-18,WB000001387,000000001387,GROUNDWATER,ARSENIC,304.9416,UG_L,4.1767,0,0,NONE,4361.013,13.41,8.33,8.292,609.17,19.3789,98.146,0.336,STATE
2019-10-19,WB000001388,000000001388,SURFACE_WATER,PFAS,429.0209,PCI_L,1.9194,0,0,NONE,185057.933,31.43,6.26,8.865,136.393,12.2302,18.61,0.8252,USGS
2019-10-20,WB000001389,000000001389,SURFACE_WATER,E_COLI,143.6984,PPB,1.5802,0,0,NONE,96213.241,9.71,7.42,13.111,798.219,6.0366,76.059,0.3459,TRIBAL
2019-10-21,WB000001390,000000001390,SURFACE_WATER,E_COLI,343.8535,PCI_L,0.1672,0,0,NONE,136954.859,28.89,6.26,3.431,443.733,24.2037,158.518,0.6919,EPA
2019-10-22,WB000001391,000000001391,GROUNDWATER,TURBIDITY,340.4035,MPN_100ML,0.7568,0,1,INDUSTRIAL,226340.149,26.61,8.35,7.06,107.587,22.5372,64.373,0.2829,STATE
2019-10-23,WB000001392,000000001392,SEDIMENT,DO,286.9814,PCI_L,0.9346,1,0,NONE,187278.908,15.26,7.81,0.636,216.027,12.342,81.36,0.4492,USGS
2019-10-24,WB000001393,000000001393,SURFACE_WATER,ARSENIC,278.0744,PH_UNITS,3.8086,0,0,NONE,247241.665,19.05,8.86,13.774,735.214,5.7337,119.837,0.1635,EPA
2019-10-25,WB000001394,000000001394,EFFLUENT,PH,320.2191,MPN_100ML,3.2809,1,1,NONE,123506.486,28.86,8.89,10.48,232.994,2.9178,44.525,0.8458,STATE
2019-10-26,WB000001395,000000001395,DRINKING_WATER,NITRATE,165.9919,PCI_L,3.8003,1,1,NONE,102455.137,31.56,8.1,13.679,733.126,24.4636,199.409,0.9356,EPA
2019-10-27,WB000001396,000000001396,SURFACE_WATER,NITRATE,258.7665,UG_L,4.0329,1,1,NONE,147666.635,15.89,7.26,1.664,671.328,6.3326,168.427,0.8993,EPA
2019-10-28,WB000001397,000000001397,DRINKING_WATER,CHLORIDE,418.6788,UG_L,0.212,0,0,NONE,131110.158,11.99,7.5,13.014,70.441,18.1106,67.034,0.9667,STATE
2019-10-29,WB000001398,000000001398,SEDIMENT,PHOSPHATE,417.2707,MG_L,4.6017,0,1,NONE,164261.425,31.4,6.68,11.278,205.666,8.7107,147.816,0.3968,USGS
2019-10-30,WB000001399,000000001399,EFFLUENT,ARSENIC,452.8121,UG_L,4.4529,0,1,AGRICULTURAL,72613.211,2.99,6.14,1.125,471.927,7.3695,56.528,0.9638,CITIZEN_SCIENCE
2019-10-31,WB000001400,000000001400,SURFACE_WATER,CHLORIDE,316.9979,PH_UNITS,3.7906,0,1,NONE,95118.262,25.43,8.5,8.174,187.34,8.7622,71.192,0.1842,USGS
2019-11-01,WB000001401,000000001401,SURFACE_WATER,PFAS,415.0843,PPB,3.5372,0,1,HUMAN,99626.039,3.16,8.82,5.68,537.417,12.0833,85.493,0.544,LOCAL
2019-11-02,WB000001402,000000001402,SURFACE_WATER,PFAS,51.5292,UG_L,0.2547,0,0,INDUSTRIAL,226698.147,26.36,8.37,4.528,630.384,9.3164,175.894,0.5501,STATE
2019-11-03,WB000001403,000000001403,SURFACE_WATER,PH,158.402,PPB,0.4768,0,0,NONE,59740.579,27.22,7.73,9.181,639.605,7.5132,159.371,0.6585,LOCAL
2019-11-04,WB000001404,000000001404,DRINKING_WATER,TURBIDITY,200.2779,PPB,3.7065,1,0,NONE,16152.119,3.63,7.69,13.371,157.028,8.586,90.362,0.1401,EPA
2019-11-05,WB000001405,000000001405,SEDIMENT,PFAS,283.5691,PH_UNITS,2.5799,0,0,HUMAN,133544.42,17.72,7.59,8.663,152.262,10.185,176.318,0.2096,TRIBAL
2019-11-06,WB000001406,000000001406,GROUNDWATER,TURBIDITY,450.5347,PCI_L,1.3298,0,0,NONE,185810.439,32.68,8.78,13.994,222.621,3.1637,80.372,0.5624,LOCAL
2019-11-07,WB000001407,000000001407,DRINKING_WATER,PHOSPHATE,82.54,MPN_100ML,4.826,0,0,NONE,63785.157,5.27,5.55,13.179,353.654,10.4704,77.571,0.75,USGS
2019-11-08,WB000001408,000000001408,SURFACE_WATER,ARSENIC,142.0021,UG_L,4.692,0,0,NONE,242547.269,0.36,9.2,11.035,743.185,8.3045,188.514,0.4832,STATE
2019-11-09,WB000001409,000000001409,EFFLUENT,ARSENIC,389.39,PH_UNITS,3.742,0,0,NONE,77479.032,32.78,6.16,3.863,378.568,11.5067,181.705,0.568,EPA
2019-11-10,WB000001410,000000001410,EFFLUENT,PFAS,404.4355,PPB,2.0237,0,0,NONE,98453.786,16.86,8.97,6.945,515.891,24.0274,113.247,0.1839,CITIZEN_SCIENCE
2019-11-11,WB000001411,000000001411,SURFACE_WATER,DO,378.1304,MPN_100ML,1.4823,0,1,ANIMAL,240229.684,33.37,6.7,2.8,175.925,14.3792,152.565,0.2342,STATE
2019-11-12,WB000001412,000000001412,GROUNDWATER,DO,182.7894,NTU,4.4078,0,0,AGRICULTURAL,190672.334,6.16,5.72,8.739,513.156,7.9148,35.449,0.216,STATE
2019-11-13,WB000001413,000000001413,GROUNDWATER,PHOSPHATE,377.1293,PCI_L,3.0108,0,1,NONE,91147.709,11.61,9.42,8.464,322.249,2.5507,192.566,0.096,EPA
2019-11-14,WB000001414,000000001414,SURFACE_WATER,PFAS,207.0462,MG_L,3.6349,0,0,HUMAN,43809.971,18.07,8.42,5.077,777.294,0.8679,113.139,0.4176,EPA
2019-11-15,WB000001415,000000001415,GROUNDWATER,PFAS,356.1269,NTU,3.873,0,0,NONE,101338.432,21.3,7.27,7.407,175.845,20.4132,80.092,0.3661,STATE
2019-11-16,WB000001416,000000001416,DRINKING_WATER,TURBIDITY,312.1304,PH_UNITS,2.556,0,0,NONE,158896.311,-0.23,8.32,6.809,790.866,13.4841,151.034,0.1849,LOCAL
2019-11-17,WB000001417,000000001417,DRINKING_WATER,CHLORIDE,123.3344,PPB,1.3136,0,0,ANIMAL,165963.055,28.46,8.91,5.247,661.228,2.3549,79.77,0.9499,EPA
2019-11-18,WB000001418,000000001418,SURFACE_WATER,NITRATE,131.3007,MPN_100ML,0.5789,1,0,HUMAN,369.892,27.23,6.21,10.744,635.624,7.6503,188.492,0.9113,LOCAL
2019-11-19,WB000001419,000000001419,DRINKING_WATER,E_COLI,167.6998,PPB,3.5189,0,0,HUMAN,213124.521,24.71,8.65,6.136,375.847,15.7267,151.09,0.7899,LOCAL
2019-11-20,WB000001420,000000001420,EFFLUENT,LEAD,11.5628,NTU,4.1324,0,0,NONE,148373.979,14.38,7.71,6.329,65.181,20.0601,70.215,0.7015,STATE
2019-11-21,WB000001421,000000001421,EFFLUENT,NITRATE,429.8954,UG_L,0.6974,0,0,INDUSTRIAL,44204.023,31.37,8.55,0.934,509.714,10.5088,1.51,0.989,STATE
2019-11-22,WB000001422,000000001422,SURFACE_WATER,E_COLI,33.7127,UG_L,3.997,0,0,ANIMAL,125277.23,9.5,6.52,0.73,514.428,8.5442,41.403,0.4627,EPA
2019-11-23,WB000001423,000000001423,SURFACE_WATER,LEAD,381.8693,UG_L,1.1817,0,0,HUMAN,238568.655,32.14,7.54,6.105,231.202,2.0341,9.712,0.2822,LOCAL
2019-11-24,WB000001424,000000001424,SURFACE_WATER,PH,498.0728,NTU,0.3082,0,0,NONE,54791.716,10.33,7.86,4.842,766.768,9.0968,82.165,0.5953,STATE
2019-11-25,WB000001425,000000001425,SURFACE_WATER,LEAD,125.6967,PPB,1.2415,0,0,AGRICULTURAL,132830.578,6.52,8.22,8.973,613.64,13.2055,170.216,0.7333,CITIZEN_SCIENCE
2019-11-26,WB000001426,000000001426,DRINKING_WATER,ARSENIC,86.5752,UG_L,3.4702,0,1,HUMAN,228357.388,8.37,7.34,6.823,321.816,23.8409,180.883,0.9749,STATE
2019-11-27,WB000001427,000000001427,SURFACE_WATER,ARSENIC,156.4394,PCI_L,4.5048,0,1,NONE,164832.656,3.08,5.79,1.412,412.462,21.3102,168.577,0.5826,CITIZEN_SCIENCE
2019-11-28,WB000001428,000000001428,DRINKING_WATER,PHOSPHATE,121.299,PPB,1.6748,0,1,NONE,180957.232,23.34,7.96,10.973,361.844,0.6758,25.265,0.5335,STATE
2019-11-29,WB000001429,000000001429,SURFACE_WATER,PHOSPHATE,57.5178,UG_L,1.974,1,1,ANIMAL,214601.865,28.86,8.38,3.753,103.521,5.5821,172.524,0.5167,CITIZEN_SCIENCE
2019-11-30,WB000001430,000000001430,GROUNDWATER,NITRATE,34.0155,MG_L,1.7246,0,0,AGRICULTURAL,7538.629,3.88,5.92,2.888,297.213,3.6393,32.91,0.0308,USGS
2019-12-01,WB000001431,000000001431,SEDIMENT,E_COLI,42.4263,MPN_100ML,1.3481,0,0,ANIMAL,5437.459,1.92,6.98,9.436,711.007,14.4687,24.551,0.0929,STATE
2019-12-02,WB000001432,000000001432,EFFLUENT,NITRATE,53.341,NTU,2.8965,0,0,NONE,236942.688,22.99,7.49,8.301,224.913,24.2229,65.755,0.3077,USGS
2019-12-03,WB000001433,000000001433,SURFACE_WATER,NITRATE,480.79,MG_L,2.7844,0,0,NONE,160664.751,32.06,6.64,10.937,281.087,13.2376,56.245,0.5119,USGS
2019-12-04,WB000001434,000000001434,SURFACE_WATER,NITRATE,307.8695,NTU,4.8044,0,1,NONE,172672.963,1.3,8.35,3.6,119.952,8.2597,61.72,0.7317,STATE
2019-12-05,WB000001435,000000001435,SURFACE_WATER,PFAS,177.6783,MG_L,1.9017,0,1,NONE,106244.081,25.28,7.16,6.243,623.368,7.2399,2.754,0.1473,LOCAL
2019-12-06,WB000001436,000000001436,EFFLUENT,LEAD,394.0986,PH_UNITS,1.5328,0,0,NONE,84164.351,29.02,6.91,0.426,794.08,14.5556,38.096,0.1937,LOCAL
2019-12-07,WB000001437,000000001437,EFFLUENT,PHOSPHATE,414.401,PPB,1.8444,0,0,NONE,195376.681,29.96,8.99,0.524,20.55,8.7885,27.767,0.847,STATE
2019-12-08,WB000001438,000000001438,GROUNDWATER,PHOSPHATE,153.1962,PPB,0.0634,0,0,NONE,17133.787,32.58,9.42,8.728,127.11,19.6973,96.242,0.9049,EPA
2019-12-09,WB000001439,000000001439,SURFACE_WATER,E_COLI,141.7253,PH_UNITS,3.4557,0,0,NONE,141472.576,1.52,5.7,10.658,749.085,19.6111,79.614,0.7959,USGS
2019-12-10,WB000001440,000000001440,SURFACE_WATER,CHLORIDE,3.5618,MPN_100ML,3.2198,1,0,NONE,153844.729,12.26,7.16,2.218,799.123,22.7081,48.581,0.0568,STATE
2019-12-11,WB000001441,000000001441,DRINKING_WATER,CHLORIDE,303.3748,PH_UNITS,1.0653,1,0,NONE,240384.697,28.65,5.56,0.12,541.151,8.2141,27.315,0.6389,USGS
2019-12-12,WB000001442,000000001442,EFFLUENT,PHOSPHATE,311.3892,MG_L,0.6956,0,0,NONE,237011.213,3.42,7.61,3.69,388.09,13.3148,167.296,0.7349,EPA
2019-12-13,WB000001443,000000001443,SURFACE_WATER,TURBIDITY,57.0896,MPN_100ML,4.003,0,0,INDUSTRIAL,195687.117,18.05,8.11,5.368,126.618,17.8667,74.681,0.2226,STATE
2019-12-14,WB000001444,000000001444,SURFACE_WATER,CHLORIDE,370.8792,NTU,1.3464,0,1,ANIMAL,209737.995,31.06,6.81,7.722,570.739,19.8049,1.005,0.0974,STATE
2019-12-15,WB000001445,000000001445,GROUNDWATER,DO,105.4322,PPB,0.256,0,1,INDUSTRIAL,49753.888,10.53,8.43,5.832,228.334,14.2027,170.545,0.826,CITIZEN_SCIENCE
2019-12-16,WB000001446,000000001446,SURFACE_WATER,NITRATE,35.5337,NTU,3.2566,0,1,ANIMAL,29563.27,8.26,5.86,7.145,678.397,5.5155,148.634,0.4187,CITIZEN_SCIENCE
2019-12-17,WB000001447,000000001447,SEDIMENT,PHOSPHATE,14.8149,UG_L,0.6061,0,0,NONE,187413.001,29.97,5.88,4.877,204.323,14.2037,43.923,0.7867,STATE
2019-12-18,WB000001448,000000001448,SURFACE_WATER,LEAD,104.3837,NTU,0.0308,0,0,NONE,4250.525,24.27,7.8,8.988,277.443,14.0663,71.639,0.7486,STATE
2019-12-19,WB000001449,000000001449,GROUNDWATER,CHLORIDE,233.0874,PCI_L,4.4061,0,1,NONE,73488.813,30.3,7.02,3.499,622.154,20.0938,57.068,0.764,USGS
2019-12-20,WB000001450,000000001450,GROUNDWATER,NITRATE,465.7426,MPN_100ML,0.6575,0,0,ANIMAL,212948.023,4.33,8.03,6.669,575.597,23.992,30.18,0.2882,USGS
2019-12-21,WB000001451,000000001451,GROUNDWATER,PFAS,404.3763,UG_L,0.8386,0,0,NONE,217003.841,23.49,9.14,4.191,723.774,5.5581,14.183,0.4649,LOCAL
2019-12-22,WB000001452,000000001452,SURFACE_WATER,DO,218.8786,UG_L,0.7901,0,0,ANIMAL,133446.594,29.73,8.67,11.525,414.232,20.5243,176.502,0.6798,EPA
2019-12-23,WB000001453,000000001453,SURFACE_WATER,PHOSPHATE,387.8764,MG_L,4.1262,1,0,INDUSTRIAL,190290.294,8.49,7.56,10.61,546.807,2.4504,46.033,0.6137,TRIBAL
2019-12-24,WB000001454,000000001454,SURFACE_WATER,PH,72.6583,MPN_100ML,3.817,0,0,NONE,101823.631,6.37,7.41,7.342,218.119,20.9053,87.049,0.2036,EPA
2019-12-25,WB000001455,000000001455,EFFLUENT,LEAD,466.1255,PH_UNITS,0.1197,0,0,NONE,172096.485,32.96,6.98,11.843,69.069,17.7585,154.279,0.7365,LOCAL
2019-12-26,WB000001456,000000001456,DRINKING_WATER,CHLORIDE,26.3986,PH_UNITS,2.9796,0,0,NONE,228612.03,14.6,7.83,10.674,722.176,6.7638,143.865,0.672,EPA
2019-12-27,WB000001457,000000001457,SURFACE_WATER,PFAS,491.3751,PPB,4.9057,0,0,AGRICULTURAL,117186.089,2.38,6.52,0.838,292.253,16.9507,95.944,0.7529,LOCAL
2019-12-28,WB000001458,000000001458,SURFACE_WATER,NITRATE,408.0099,NTU,2.9104,0,1,ANIMAL,206958.957,31.06,8.62,9.318,61.479,17.8601,151.882,0.1064,STATE
2019-12-29,WB000001459,000000001459,SURFACE_WATER,PHOSPHATE,259.8135,PCI_L,3.633,0,0,NONE,153702.578,15.81,5.66,11.345,724.399,5.871,66.422,0.7248,EPA
2019-12-30,WB000001460,000000001460,SURFACE_WATER,LEAD,347.8524,UG_L,4.598,0,0,NONE,94163.862,19.2,6.13,2.283,698.309,8.585,129.388,0.2425,USGS
2019-12-31,WB000001461,000000001461,SURFACE_WATER,E_COLI,308.6538,UG_L,4.6649,0,1,ANIMAL,183673.738,26.54,5.76,8.083,392.383,17.3061,175.406,0.5764,STATE
2020-01-01,WB000001462,000000001462,SURFACE_WATER,DO,472.422,PCI_L,2.6803,1,0,AGRICULTURAL,159390.646,33.02,9.12,2.41,783.934,5.0511,110.493,0.6283,USGS
2020-01-02,WB000001463,000000001463,GROUNDWATER,LEAD,371.2241,PH_UNITS,1.8898,1,0,AGRICULTURAL,196262.982,7.65,6.42,11.478,645.929,12.3575,60.432,0.0481,USGS
2020-01-03,WB000001464,000000001464,SURFACE_WATER,PHOSPHATE,39.4657,PCI_L,3.1345,0,1,NONE,143338.009,6.39,6.64,8.717,680.542,2.0263,103.775,0.4889,EPA
2020-01-04,WB000001465,000000001465,SURFACE_WATER,PHOSPHATE,13.5683,PPB,2.4915,0,0,HUMAN,238760.397,27.27,5.94,0.164,603.238,19.9376,120.307,0.9348,USGS
2020-01-05,WB000001466,000000001466,SURFACE_WATER,PHOSPHATE,464.6647,NTU,0.0903,1,0,NONE,155154.085,13.23,6.29,13.079,379.572,18.1145,194.615,0.3464,USGS
2020-01-06,WB000001467,000000001467,SURFACE_WATER,NITRATE,122.4506,PCI_L,2.8469,1,1,HUMAN,106228.246,29.03,6.47,2.181,353.31,9.9464,37.543,0.7761,USGS
2020-01-07,WB000001468,000000001468,SURFACE_WATER,PHOSPHATE,127.1912,MG_L,2.3446,0,0,NONE,108128.85,28.27,7.84,10.656,644.503,22.8058,159.669,0.9507,STATE
2020-01-08,WB000001469,000000001469,SURFACE_WATER,CHLORIDE,452.1961,MG_L,1.8655,0,0,NONE,34259.405,20.48,6.8,0.783,103.234,18.7766,20.627,0.3271,EPA
2020-01-09,WB000001470,000000001470,SURFACE_WATER,TURBIDITY,69.3725,NTU,0.1926,0,1,ANIMAL,205072.603,24.9,6.92,2.502,540.759,12.8988,100.53,0.4609,STATE
2020-01-10,WB000001471,000000001471,DRINKING_WATER,PFAS,413.9817,PPB,2.8294,0,0,INDUSTRIAL,87620.519,13.67,8.38,13.506,528.045,17.3097,187.884,0.8958,EPA
2020-01-11,WB000001472,000000001472,DRINKING_WATER,DO,71.9592,PPB,0.9813,0,1,ANIMAL,199661.468,28.37,8.57,12.539,355.543,19.8213,100.48,0.5842,EPA
2020-01-12,WB000001473,000000001473,EFFLUENT,DO,464.4365,NTU,3.7806,0,1,NONE,87900.395,25.66,6.68,11.07,613.181,0.3551,86.807,0.8456,STATE
2020-01-13,WB000001474,000000001474,SURFACE_WATER,TURBIDITY,473.5893,NTU,4.9959,0,0,HUMAN,61924.922,27.59,9.11,2.533,149.08,21.632,147.007,0.8946,LOCAL
2020-01-14,WB000001475,000000001475,DRINKING_WATER,ARSENIC,227.2495,MG_L,3.113,0,1,NONE,201582.159,22.93,6.29,1.553,520.837,6.3622,178.891,0.4707,STATE
2020-01-15,WB000001476,000000001476,SURFACE_WATER,E_COLI,98.3202,PPB,4.8659,1,0,NONE,3789.609,25.06,7.2,11.641,61.623,6.4029,103.511,0.2638,STATE
2020-01-16,WB000001477,000000001477,SURFACE_WATER,PH,234.1884,NTU,4.7009,0,1,NONE,208971.695,20.27,6.94,3.424,676.553,16.641,101.054,0.2445,LOCAL
2020-01-17,WB000001478,000000001478,SURFACE_WATER,DO,388.1241,MPN_100ML,4.9204,0,0,INDUSTRIAL,65763.812,2.62,7.2,10.324,412.279,18.0378,148.694,0.2412,USGS
2020-01-18,WB000001479,000000001479,SURFACE_WATER,DO,9.727,PCI_L,1.0636,0,0,NONE,51443.877,-0.14,6.47,9.376,530.235,20.4497,81.874,0.0872,STATE
2020-01-19,WB000001480,000000001480,SURFACE_WATER,LEAD,89.1906,MG_L,3.0372,0,0,NONE,87211.024,3.92,5.95,11.315,5.709,2.5115,70.456,0.7532,STATE
2020-01-20,WB000001481,000000001481,GROUNDWATER,LEAD,288.5966,UG_L,0.7397,0,0,ANIMAL,98219.633,-0.22,9.01,11.108,99.142,21.7166,157.089,0.7007,LOCAL
2020-01-21,WB000001482,000000001482,DRINKING_WATER,TURBIDITY,14.7595,PPB,3.3463,0,1,ANIMAL,39016.109,20.99,8.02,12.603,448.087,24.2915,86.739,0.5686,LOCAL
2020-01-22,WB000001483,000000001483,SURFACE_WATER,CHLORIDE,498.9759,MG_L,3.6442,0,0,NONE,56142.828,18.15,8.16,9.716,722.401,4.7426,127.739,0.6063,LOCAL
2020-01-23,WB000001484,000000001484,SURFACE_WATER,TURBIDITY,20.6778,NTU,0.8933,1,0,NONE,137055.312,1.01,8.07,12.726,14.066,9.4507,80.952,0.1579,USGS
2020-01-24,WB000001485,000000001485,SURFACE_WATER,E_COLI,375.1861,PPB,0.7398,0,1,NONE,133310.712,24.57,6.65,8.228,557.082,11.3914,172.181,0.1842,LOCAL
2020-01-25,WB000001486,000000001486,GROUNDWATER,DO,17.19,PPB,4.5267,0,0,NONE,189051.808,10.9,6.63,8.165,298.719,7.729,74.643,0.9172,STATE
2020-01-26,WB000001487,000000001487,EFFLUENT,DO,452.5647,PPB,0.5971,0,0,NONE,4021.944,19.49,8.84,13.972,400.26,5.0412,183.046,0.7413,USGS
2020-01-27,WB000001488,000000001488,EFFLUENT,LEAD,324.5493,MPN_100ML,1.1001,0,0,NONE,59977.886,13.63,6.7,3.071,379.002,24.2447,178.33,0.5775,STATE
2020-01-28,WB000001489,000000001489,EFFLUENT,DO,153.5005,NTU,0.3302,0,1,NONE,178422.312,14.06,8.42,6.886,138.399,6.927,129.962,0.4675,LOCAL
2020-01-29,WB000001490,000000001490,EFFLUENT,ARSENIC,167.986,MPN_100ML,1.6558,0,0,INDUSTRIAL,234411.323,19.42,6.75,3.499,300.027,19.8636,162.711,0.0018,LOCAL
2020-01-30,WB000001491,000000001491,SURFACE_WATER,PH,390.7288,PCI_L,4.3759,0,0,NONE,178559.851,19.42,6.76,9.278,729.38,9.3767,16.07,0.726,EPA
2020-01-31,WB000001492,000000001492,SURFACE_WATER,DO,355.8573,MPN_100ML,1.1212,0,0,NONE,213621.78,16.85,7.78,11.922,146.724,6.2682,8.933,0.2529,LOCAL
2020-02-01,WB000001493,000000001493,SURFACE_WATER,TURBIDITY,488.5097,PPB,4.4573,0,1,ANIMAL,115231.069,31.29,5.89,5.319,502.236,14.5637,129.57,0.8136,STATE
2020-02-02,WB000001494,000000001494,SURFACE_WATER,CHLORIDE,98.7545,PCI_L,3.6342,0,0,NONE,98029.551,15.4,5.7,6.973,55.369,22.2375,99.858,0.2601,TRIBAL
2020-02-03,WB000001495,000000001495,SURFACE_WATER,NITRATE,216.1117,UG_L,1.318,0,1,NONE,224270.925,3.27,7.08,6.671,712.396,23.6971,19.127,0.2201,STATE
2020-02-04,WB000001496,000000001496,SEDIMENT,E_COLI,316.0858,UG_L,4.1493,1,0,NONE,203907.541,-0.81,6.17,8.586,625.57,17.1567,12.731,0.7564,STATE
2020-02-05,WB000001497,000000001497,SURFACE_WATER,CHLORIDE,249.194,MG_L,3.3248,0,1,ANIMAL,178031.838,25.18,8.44,0.157,531.007,19.3451,164.249,0.1812,STATE
2020-02-06,WB000001498,000000001498,SURFACE_WATER,PHOSPHATE,260.3104,PPB,4.3295,0,0,AGRICULTURAL,92235.157,10.25,8.84,5.865,574.185,13.9666,131.16,0.713,EPA
2020-02-07,WB000001499,000000001499,GROUNDWATER,CHLORIDE,220.2006,PCI_L,3.8022,0,1,INDUSTRIAL,231274.129,1.11,8.08,9.413,97.862,17.3769,102.351,0.3706,TRIBAL
2020-02-08,WB000001500,000000001500,SURFACE_WATER,LEAD,119.4918,MPN_100ML,1.7048,0,0,NONE,215560.288,17.18,7.05,6.45,208.506,17.1926,118.925,0.7137,CITIZEN_SCIENCE
2020-02-09,WB000001501,000000001501,SEDIMENT,TURBIDITY,292.8976,PH_UNITS,2.6497,0,1,NONE,233624.457,33.94,7.46,0.301,527.388,3.2207,160.891,0.9195,STATE
2020-02-10,WB000001502,000000001502,DRINKING_WATER,PHOSPHATE,193.933,UG_L,3.2104,0,0,NONE,91854.898,11.04,8.39,12.099,482.97,22.9534,74.75,0.6436,LOCAL
2020-02-11,WB000001503,000000001503,SEDIMENT,PFAS,152.8405,NTU,1.1547,0,0,ANIMAL,157611.557,18.24,5.54,1.305,461.249,16.315,10.566,0.9516,CITIZEN_SCIENCE
2020-02-12,WB000001504,000000001504,SURFACE_WATER,NITRATE,390.3756,NTU,4.8785,0,0,INDUSTRIAL,187833.171,32.75,6.37,4.524,508.964,5.7757,74.596,0.0151,TRIBAL
2020-02-13,WB000001505,000000001505,SURFACE_WATER,CHLORIDE,160.44,PCI_L,2.5293,0,0,NONE,9088.552,24.75,7.37,13.362,640.19,18.1766,185.38,0.4344,STATE
2020-02-14,WB000001506,000000001506,SURFACE_WATER,TURBIDITY,416.4723,PPB,1.4662,0,0,NONE,49998.054,0.52,8.19,5.592,785.17,15.1124,55.108,0.9809,LOCAL
2020-02-15,WB000001507,000000001507,GROUNDWATER,ARSENIC,56.4414,PCI_L,3.5319,0,0,NONE,109193.272,26.55,8.92,1.373,638.807,14.9962,65.32,0.0198,EPA
2020-02-16,WB000001508,000000001508,DRINKING_WATER,DO,421.7957,MG_L,1.7025,0,0,NONE,138230.649,0.4,6.62,9.162,612.889,5.2559,155.554,0.7055,STATE
2020-02-17,WB000001509,000000001509,SURFACE_WATER,ARSENIC,417.5302,PH_UNITS,0.6858,0,0,NONE,187611.358,6.8,5.74,7.246,390.607,14.2081,108.087,0.3963,STATE
2020-02-18,WB000001510,000000001510,DRINKING_WATER,TURBIDITY,204.1254,PH_UNITS,4.5836,0,1,HUMAN,118556.08,24.62,8.35,5.698,530.849,24.8952,74.718,0.0572,STATE
2020-02-19,WB000001511,000000001511,SURFACE_WATER,PHOSPHATE,205.157,PH_UNITS,3.1986,0,0,NONE,140201.828,21.86,9.4,8.24,709.523,3.9348,4.718,0.7931,EPA
2020-02-20,WB000001512,000000001512,SURFACE_WATER,TURBIDITY,383.664,MPN_100ML,4.8819,0,0,INDUSTRIAL,77951.481,24.83,8.3,2.034,150.064,21.0147,163.856,0.6231,EPA
2020-02-21,WB000001513,000000001513,EFFLUENT,LEAD,264.5396,UG_L,2.7985,1,0,ANIMAL,190737.45,11.34,8.66,8.226,519.098,22.9484,133.019,0.2757,EPA
2020-02-22,WB000001514,000000001514,GROUNDWATER,E_COLI,267.8338,PCI_L,2.8333,1,0,ANIMAL,187660.018,4.37,6.34,1.636,682.733,17.235,187.283,0.6611,EPA
2020-02-23,WB000001515,000000001515,SURFACE_WATER,ARSENIC,128.0098,PCI_L,4.1726,0,1,NONE,76578.021,22.77,5.53,5.811,172.717,12.8478,140.898,0.2944,STATE
2020-02-24,WB000001516,000000001516,SURFACE_WATER,PH,40.5137,UG_L,2.561,0,1,INDUSTRIAL,16589.15,11.83,6.17,4.006,485.218,16.4665,16.607,0.541,USGS
2020-02-25,WB000001517,000000001517,SURFACE_WATER,PHOSPHATE,16.6656,MG_L,2.539,0,1,ANIMAL,200446.058,32.18,9.37,8.467,216.477,2.6119,94.147,0.9912,CITIZEN_SCIENCE
2020-02-26,WB000001518,000000001518,SURFACE_WATER,PHOSPHATE,374.1009,MPN_100ML,1.0049,0,1,NONE,163964.915,25.29,7.19,8.65,51.094,14.6235,121.197,0.2055,LOCAL
2020-02-27,WB000001519,000000001519,EFFLUENT,PHOSPHATE,395.1716,PPB,1.6879,0,0,HUMAN,223415.752,27.95,9.0,5.648,400.712,16.4866,181.17,0.8372,USGS
2020-02-28,WB000001520,000000001520,SURFACE_WATER,PFAS,185.7856,UG_L,2.2511,0,0,ANIMAL,6584.381,32.08,7.84,10.688,716.568,17.0274,193.585,0.7634,CITIZEN_SCIENCE
2020-02-29,WB000001521,000000001521,DRINKING_WATER,E_COLI,459.4658,PPB,3.8786,0,0,NONE,57799.771,1.72,9.15,3.459,581.541,13.8916,160.898,0.7867,STATE
2020-03-01,WB000001522,000000001522,GROUNDWATER,NITRATE,462.3872,PH_UNITS,1.006,0,0,HUMAN,34513.314,14.19,6.73,12.841,39.825,12.5218,7.337,0.3034,EPA
2020-03-02,WB000001523,000000001523,SURFACE_WATER,LEAD,402.2401,PH_UNITS,0.1109,0,0,NONE,8428.331,18.8,5.84,2.922,762.726,10.519,41.089,0.9886,STATE
2020-03-03,WB000001524,000000001524,SEDIMENT,CHLORIDE,304.5457,PCI_L,0.1268,1,0,AGRICULTURAL,246934.477,18.4,9.43,5.886,310.126,18.659,73.766,0.2673,CITIZEN_SCIENCE
2020-03-04,WB000001525,000000001525,SURFACE_WATER,ARSENIC,24.0798,UG_L,4.4081,0,0,NONE,31810.085,32.75,7.2,1.489,784.082,1.4776,80.898,0.264,EPA
2020-03-05,WB000001526,000000001526,SURFACE_WATER,CHLORIDE,205.3414,NTU,2.8896,0,0,NONE,18371.737,9.21,6.3,8.611,703.734,21.8404,111.852,0.7339,STATE
2020-03-06,WB000001527,000000001527,GROUNDWATER,E_COLI,272.5742,PCI_L,0.3996,0,1,ANIMAL,33884.623,4.79,9.24,8.196,480.287,8.2584,78.892,0.5841,EPA
2020-03-07,WB000001528,000000001528,EFFLUENT,DO,113.866,PCI_L,3.5291,0,0,HUMAN,34658.11,3.05,5.83,9.596,551.792,20.6069,172.205,0.8987,STATE
2020-03-08,WB000001529,000000001529,SEDIMENT,DO,115.5134,PH_UNITS,0.1068,0,0,ANIMAL,245165.235,5.82,8.83,8.098,276.128,0.6588,38.159,0.8695,LOCAL
2020-03-09,WB000001530,000000001530,SURFACE_WATER,ARSENIC,132.2798,NTU,4.5549,0,1,INDUSTRIAL,246406.576,21.09,7.39,9.984,306.74,14.102,94.255,0.1214,USGS
2020-03-10,WB000001531,000000001531,SURFACE_WATER,E_COLI,86.1352,PH_UNITS,1.4471,0,0,HUMAN,96645.006,6.64,5.56,12.956,32.601,19.772,15.618,0.871,USGS
2020-03-11,WB000001532,000000001532,GROUNDWATER,ARSENIC,424.3853,PCI_L,4.8209,0,0,HUMAN,126272.488,25.36,7.68,11.208,516.106,11.6985,1.183,0.4887,CITIZEN_SCIENCE
2020-03-12,WB000001533,000000001533,GROUNDWATER,ARSENIC,286.3877,MG_L,1.0924,0,1,NONE,25618.787,10.22,5.59,2.973,244.362,1.9367,20.059,0.0254,EPA
2020-03-13,WB000001534,000000001534,SURFACE_WATER,LEAD,343.6483,UG_L,2.4821,1,0,ANIMAL,74028.315,28.75,7.21,11.866,367.701,9.7791,199.736,0.5272,EPA
2020-03-14,WB000001535,000000001535,SURFACE_WATER,CHLORIDE,308.6972,UG_L,0.3182,0,0,NONE,107657.359,25.56,7.92,6.491,84.038,4.0614,12.946,0.4786,USGS
2020-03-15,WB000001536,000000001536,SEDIMENT,E_COLI,344.8444,PH_UNITS,2.7598,0,0,AGRICULTURAL,157126.963,1.17,6.1,2.607,449.668,10.3803,137.579,0.3364,EPA
2020-03-16,WB000001537,000000001537,SURFACE_WATER,DO,262.5725,UG_L,0.0595,0,0,ANIMAL,129435.588,2.52,9.43,4.676,607.221,17.231,57.846,0.0928,EPA
2020-03-17,WB000001538,000000001538,SURFACE_WATER,DO,358.9075,NTU,0.9299,1,0,HUMAN,146546.178,25.58,8.93,3.162,150.22,16.926,178.262,0.2609,TRIBAL
2020-03-18,WB000001539,000000001539,SEDIMENT,NITRATE,456.9851,MG_L,3.8775,1,0,NONE,3618.459,32.81,8.96,13.033,54.427,0.5799,157.669,0.3751,STATE
2020-03-19,WB000001540,000000001540,SURFACE_WATER,PFAS,112.62,PPB,1.7264,0,1,AGRICULTURAL,38106.612,33.09,8.55,11.298,717.696,21.9041,83.33,0.2185,LOCAL
2020-03-20,WB000001541,000000001541,GROUNDWATER,PFAS,35.3872,NTU,2.4657,0,0,HUMAN,139236.499,6.56,8.07,4.715,253.034,19.3176,94.141,0.7269,USGS
2020-03-21,WB000001542,000000001542,GROUNDWATER,NITRATE,416.2622,PH_UNITS,0.7867,0,1,NONE,50358.584,28.32,8.63,7.403,629.981,10.9311,75.414,0.5094,EPA
2020-03-22,WB000001543,000000001543,SURFACE_WATER,TURBIDITY,461.0911,MG_L,3.5462,0,0,NONE,85786.181,31.85,6.42,9.882,634.976,20.4362,99.04,0.8362,LOCAL
2020-03-23,WB000001544,000000001544,SURFACE_WATER,PHOSPHATE,213.9803,PPB,3.9988,1,1,NONE,104231.08,8.06,7.35,5.717,735.705,18.2343,164.423,0.3461,STATE
2020-03-24,WB000001545,000000001545,SURFACE_WATER,ARSENIC,479.0952,UG_L,1.3041,1,0,AGRICULTURAL,132329.405,1.43,8.04,7.123,287.528,6.7009,125.779,0.654,CITIZEN_SCIENCE
2020-03-25,WB000001546,000000001546,EFFLUENT,NITRATE,417.8583,PH_UNITS,0.4233,0,1,NONE,217332.136,1.93,7.13,10.091,139.792,9.7935,41.21,0.8188,LOCAL
2020-03-26,WB000001547,000000001547,GROUNDWATER,ARSENIC,464.5706,PCI_L,4.3165,0,0,NONE,30399.2,0.74,9.17,1.685,283.56,19.3076,197.407,0.9397,EPA
2020-03-27,WB000001548,000000001548,SURFACE_WATER,LEAD,143.3915,MG_L,1.716,0,0,HUMAN,197713.312,18.37,9.05,9.137,539.675,24.5926,137.479,0.5459,USGS
2020-03-28,WB000001549,000000001549,SURFACE_WATER,DO,308.2528,MPN_100ML,1.169,1,0,HUMAN,160145.096,10.26,7.19,11.186,569.821,9.9796,172.671,0.8438,USGS
2020-03-29,WB000001550,000000001550,SURFACE_WATER,PHOSPHATE,317.1088,PCI_L,0.6703,0,1,NONE,155926.058,3.97,6.68,6.801,779.399,3.164,12.934,0.8408,CITIZEN_SCIENCE
2020-03-30,WB000001551,000000001551,EFFLUENT,LEAD,243.8793,UG_L,0.1749,0,0,ANIMAL,77412.368,23.34,6.23,11.419,81.755,0.6784,159.033,0.8393,TRIBAL
2020-03-31,WB000001552,000000001552,GROUNDWATER,DO,195.2317,MPN_100ML,4.9841,0,0,NONE,17152.705,28.43,6.81,0.469,521.987,23.1282,10.763,0.2568,LOCAL
2020-04-01,WB000001553,000000001553,SURFACE_WATER,TURBIDITY,495.0906,MPN_100ML,0.1485,0,0,NONE,80824.385,30.89,9.23,5.947,604.39,13.9527,54.77,0.2509,STATE
2020-04-02,WB000001554,000000001554,GROUNDWATER,ARSENIC,4.2539,PH_UNITS,3.2931,0,0,HUMAN,7100.129,9.89,5.88,13.4,571.692,21.0309,93.068,0.3618,EPA
2020-04-03,WB000001555,000000001555,SURFACE_WATER,PHOSPHATE,338.0972,PH_UNITS,4.7258,0,0,NONE,53570.624,0.47,7.99,13.052,429.567,15.4203,13.863,0.38,STATE
2020-04-04,WB000001556,000000001556,DRINKING_WATER,NITRATE,53.2016,UG_L,0.4484,1,1,ANIMAL,142205.905,-0.67,6.88,2.997,546.73,12.1439,101.543,0.4308,CITIZEN_SCIENCE
2020-04-05,WB000001557,000000001557,GROUNDWATER,CHLORIDE,146.089,UG_L,3.1876,0,1,HUMAN,23465.518,33.9,6.84,1.8,721.838,21.456,97.691,0.1311,STATE
2020-04-06,WB000001558,000000001558,SURFACE_WATER,E_COLI,477.8971,UG_L,0.0975,0,1,HUMAN,43607.514,8.71,6.31,8.822,680.384,1.625,194.983,0.0769,STATE
2020-04-07,WB000001559,000000001559,SURFACE_WATER,NITRATE,345.2618,UG_L,3.3165,1,0,NONE,241246.752,28.06,8.02,11.163,514.787,18.5899,107.688,0.5695,STATE
2020-04-08,WB000001560,000000001560,SURFACE_WATER,PFAS,495.0273,PH_UNITS,0.6279,0,0,HUMAN,199175.643,27.77,6.35,3.588,135.279,7.17,89.293,0.6536,USGS
2020-04-09,WB000001561,000000001561,SURFACE_WATER,LEAD,92.5672,PCI_L,4.234,1,0,NONE,125224.749,19.52,7.93,1.099,366.083,22.9765,60.297,0.349,EPA
2020-04-10,WB000001562,000000001562,SURFACE_WATER,PH,496.1371,PCI_L,4.0339,0,0,INDUSTRIAL,216808.189,1.14,9.42,2.425,135.624,21.5728,133.035,0.3857,STATE
2020-04-11,WB000001563,000000001563,GROUNDWATER,LEAD,499.4174,MG_L,2.0228,0,0,INDUSTRIAL,163572.892,18.03,6.92,0.642,109.0,12.8664,127.127,0.2681,USGS
2020-04-12,WB000001564,000000001564,SURFACE_WATER,PFAS,239.946,PPB,4.8992,0,1,ANIMAL,247226.519,22.02,6.52,2.819,123.313,11.0754,143.357,0.5749,EPA
2020-04-13,WB000001565,000000001565,SURFACE_WATER,TURBIDITY,123.8869,PCI_L,2.4854,0,0,ANIMAL,76473.82,7.13,6.29,4.759,349.564,18.552,148.548,0.9847,STATE
2020-04-14,WB000001566,000000001566,SURFACE_WATER,PHOSPHATE,457.7835,PH_UNITS,1.3811,0,0,HUMAN,247532.227,0.55,8.47,2.086,608.037,21.5632,65.209,0.8447,USGS
2020-04-15,WB000001567,000000001567,GROUNDWATER,PFAS,415.227,NTU,3.2724,0,0,NONE,150060.887,11.76,8.67,0.077,639.552,14.599,81.886,0.0274,USGS
2020-04-16,WB000001568,000000001568,GROUNDWATER,PH,72.6737,NTU,0.5312,0,0,NONE,248879.313,23.85,6.3,2.082,181.736,16.6697,152.323,0.0208,EPA
2020-04-17,WB000001569,000000001569,SURFACE_WATER,PH,22.0447,PH_UNITS,0.2921,0,0,HUMAN,13046.17,8.69,8.37,13.17,202.427,9.5697,164.253,0.352,CITIZEN_SCIENCE
2020-04-18,WB000001570,000000001570,SURFACE_WATER,PH,498.3488,UG_L,3.5033,0,0,HUMAN,190768.696,28.39,8.21,3.832,29.668,11.9302,88.252,0.5795,STATE
2020-04-19,WB000001571,000000001571,DRINKING_WATER,TURBIDITY,369.4716,MPN_100ML,4.0212,1,0,NONE,26200.318,0.02,7.12,5.898,450.597,11.9599,140.452,0.6368,STATE
2020-04-20,WB000001572,000000001572,SURFACE_WATER,PFAS,147.8603,PPB,3.5165,1,0,NONE,99105.028,13.35,7.64,3.957,115.39,13.0336,152.487,0.009,LOCAL
2020-04-21,WB000001573,000000001573,DRINKING_WATER,LEAD,498.0094,MPN_100ML,0.3615,0,0,HUMAN,50212.558,26.15,8.26,12.43,205.305,23.3855,125.686,0.5557,USGS
2020-04-22,WB000001574,000000001574,SURFACE_WATER,DO,194.9886,MPN_100ML,0.3564,0,1,HUMAN,189962.223,28.74,9.31,6.168,556.476,18.5371,38.46,0.5726,EPA
2020-04-23,WB000001575,000000001575,SEDIMENT,ARSENIC,495.5546,PH_UNITS,2.1989,0,1,NONE,166287.58,13.17,8.74,8.948,659.677,20.9817,39.054,0.451,STATE
2020-04-24,WB000001576,000000001576,SEDIMENT,E_COLI,312.4441,PPB,2.636,1,0,NONE,46077.303,30.57,8.95,11.825,643.445,14.7283,64.937,0.8501,LOCAL
2020-04-25,WB000001577,000000001577,GROUNDWATER,PFAS,38.2404,NTU,1.4556,0,1,NONE,58783.481,28.02,5.89,12.377,535.807,23.2878,28.994,0.8906,LOCAL
2020-04-26,WB000001578,000000001578,SURFACE_WATER,PHOSPHATE,482.5196,MPN_100ML,2.648,0,0,HUMAN,123546.144,15.88,6.06,10.261,28.34,6.094,82.388,0.8465,STATE
2020-04-27,WB000001579,000000001579,SURFACE_WATER,E_COLI,480.4026,UG_L,0.0522,0,1,ANIMAL,191300.051,5.14,7.03,8.255,129.812,23.8232,162.171,0.8995,USGS
2020-04-28,WB000001580,000000001580,SURFACE_WATER,PFAS,168.6657,PPB,2.6484,0,0,HUMAN,83883.848,13.61,6.86,5.574,282.415,9.0722,6.096,0.1599,EPA
2020-04-29,WB000001581,000000001581,SURFACE_WATER,ARSENIC,104.1961,PCI_L,2.0863,0,0,NONE,93401.507,19.92,6.22,10.873,218.184,2.0236,67.202,0.6937,EPA
2020-04-30,WB000001582,000000001582,EFFLUENT,CHLORIDE,234.7436,PH_UNITS,1.3237,1,1,HUMAN,8804.928,7.39,7.5,5.443,299.443,10.7098,106.816,0.7876,STATE
2020-05-01,WB000001583,000000001583,SEDIMENT,PH,242.5595,MG_L,1.4323,0,0,NONE,244753.419,4.16,6.93,4.767,541.788,23.4591,97.137,0.5918,EPA
2020-05-02,WB000001584,000000001584,SURFACE_WATER,E_COLI,207.7974,NTU,0.5949,0,0,HUMAN,203414.042,27.96,5.99,1.247,660.264,11.0964,199.726,0.8944,STATE
2020-05-03,WB000001585,000000001585,GROUNDWATER,ARSENIC,346.9614,PCI_L,1.572,0,0,INDUSTRIAL,88465.222,29.44,6.39,2.06,547.103,4.5842,148.455,0.0294,STATE
2020-05-04,WB000001586,000000001586,GROUNDWATER,PFAS,200.1067,PCI_L,1.8608,0,1,NONE,89299.715,18.6,8.53,3.206,75.933,12.4415,33.534,0.1004,STATE
2020-05-05,WB000001587,000000001587,SURFACE_WATER,PFAS,233.356,PPB,0.4127,0,0,HUMAN,59846.764,21.56,8.95,0.596,100.659,16.5251,54.068,0.4702,TRIBAL
2020-05-06,WB000001588,000000001588,SURFACE_WATER,LEAD,276.8064,PH_UNITS,1.452,0,0,NONE,105022.731,11.26,5.98,4.167,711.818,9.2465,0.344,0.305,STATE
2020-05-07,WB000001589,000000001589,EFFLUENT,CHLORIDE,148.974,MG_L,1.4383,1,1,INDUSTRIAL,177274.183,28.25,9.04,10.846,377.727,11.884,83.093,0.4428,EPA
2020-05-08,WB000001590,000000001590,SURFACE_WATER,TURBIDITY,321.5908,PH_UNITS,4.3149,1,0,HUMAN,238790.184,8.85,6.08,9.845,313.242,3.4856,47.318,0.764,STATE
2020-05-09,WB000001591,000000001591,SURFACE_WATER,PFAS,195.3997,PH_UNITS,2.9711,0,0,NONE,30184.146,2.04,7.68,10.251,355.107,22.9539,130.778,0.8775,USGS
2020-05-10,WB000001592,000000001592,SEDIMENT,DO,390.6473,MG_L,2.9446,0,1,NONE,228684.305,12.89,9.19,3.447,386.152,22.7263,117.069,0.0351,STATE
2020-05-11,WB000001593,000000001593,SURFACE_WATER,PHOSPHATE,176.6636,MG_L,1.1689,0,0,ANIMAL,149574.036,10.82,5.96,10.702,171.86,12.124,56.843,0.0716,USGS
2020-05-12,WB000001594,000000001594,SURFACE_WATER,E_COLI,343.7625,NTU,1.4388,0,0,NONE,95891.136,4.61,6.4,4.0,581.991,1.1847,170.909,0.1702,LOCAL
2020-05-13,WB000001595,000000001595,SURFACE_WATER,E_COLI,200.5872,PH_UNITS,3.1817,0,0,NONE,156294.13,6.77,8.07,10.777,610.294,1.2342,138.479,0.6653,STATE
2020-05-14,WB000001596,000000001596,GROUNDWATER,PH,32.3858,MPN_100ML,1.7635,0,0,NONE,162188.092,2.55,8.05,6.627,0.792,11.9884,165.569,0.9898,EPA
2020-05-15,WB000001597,000000001597,GROUNDWATER,E_COLI,129.9099,UG_L,3.5246,0,0,NONE,109529.757,27.57,6.16,10.007,527.921,0.5064,84.47,0.5314,LOCAL
2020-05-16,WB000001598,000000001598,DRINKING_WATER,ARSENIC,49.3606,PCI_L,3.7192,1,0,NONE,110435.186,31.5,8.32,10.919,569.558,9.8704,164.795,0.4063,CITIZEN_SCIENCE
2020-05-17,WB000001599,000000001599,EFFLUENT,DO,105.8461,MG_L,0.0228,0,0,AGRICULTURAL,23567.362,27.51,8.91,11.41,504.059,6.4228,173.015,0.8416,USGS
2020-05-18,WB000001600,000000001600,SURFACE_WATER,PH,205.5969,PPB,3.5747,0,1,ANIMAL,114858.251,15.8,9.48,8.253,644.581,2.0533,124.885,0.8377,CITIZEN_SCIENCE
2020-05-19,WB000001601,000000001601,SURFACE_WATER,PFAS,44.6302,PCI_L,3.7083,0,0,NONE,73094.102,18.14,6.59,6.563,229.501,3.9763,124.02,0.9098,LOCAL
2020-05-20,WB000001602,000000001602,SURFACE_WATER,PHOSPHATE,252.2852,NTU,2.2727,1,1,AGRICULTURAL,20858.07,30.07,6.6,3.319,479.919,15.6391,64.205,0.866,STATE
2020-05-21,WB000001603,000000001603,SURFACE_WATER,PHOSPHATE,150.9538,MG_L,3.2742,0,0,NONE,194986.844,16.95,6.49,9.029,73.778,5.5295,2.544,0.2834,EPA
2020-05-22,WB000001604,000000001604,SURFACE_WATER,PHOSPHATE,99.2099,PCI_L,0.8888,0,0,HUMAN,116965.985,2.81,8.49,6.549,78.377,17.1296,68.929,0.3968,USGS
2020-05-23,WB000001605,000000001605,SURFACE_WATER,NITRATE,47.106,PH_UNITS,0.233,0,0,NONE,78775.519,-0.53,6.4,2.59,483.245,17.9751,146.891,0.0802,STATE
2020-05-24,WB000001606,000000001606,SURFACE_WATER,PH,151.9745,PPB,1.6769,0,0,HUMAN,75902.082,19.98,9.44,0.072,127.01,20.4512,150.297,0.299,EPA
2020-05-25,WB000001607,000000001607,SEDIMENT,DO,390.4712,PCI_L,4.8896,0,0,ANIMAL,915.42,16.47,6.77,12.956,398.842,7.7834,22.401,0.8573,EPA
2020-05-26,WB000001608,000000001608,GROUNDWATER,TURBIDITY,98.8689,PPB,2.9919,0,0,AGRICULTURAL,198486.506,15.16,6.91,0.977,421.046,23.5014,67.812,0.8247,STATE
2020-05-27,WB000001609,000000001609,SURFACE_WATER,PHOSPHATE,274.0919,UG_L,3.2534,0,0,ANIMAL,2432.828,19.22,7.5,3.149,191.347,15.8663,32.38,0.3045,LOCAL
2020-05-28,WB000001610,000000001610,EFFLUENT,LEAD,239.4159,PPB,0.467,0,0,NONE,183488.431,14.77,6.12,0.748,738.81,3.9481,122.885,0.802,EPA
2020-05-29,WB000001611,000000001611,SURFACE_WATER,TURBIDITY,142.7664,MG_L,3.0237,0,0,NONE,2177.141,0.92,6.38,7.057,7.561,12.0064,23.635,0.6428,STATE
2020-05-30,WB000001612,000000001612,SURFACE_WATER,PFAS,63.2258,UG_L,3.5505,0,1,INDUSTRIAL,209224.86,15.0,7.31,13.157,630.167,5.294,125.313,0.2096,STATE
2020-05-31,WB000001613,000000001613,DRINKING_WATER,ARSENIC,53.6904,MG_L,3.5896,0,0,NONE,101368.841,14.04,6.36,6.908,739.281,17.1066,121.126,0.656,LOCAL
2020-06-01,WB000001614,000000001614,EFFLUENT,PH,218.1193,MG_L,3.8825,1,1,HUMAN,194707.996,4.43,8.39,11.143,727.997,8.5082,30.743,0.1494,CITIZEN_SCIENCE
2020-06-02,WB000001615,000000001615,SURFACE_WATER,NITRATE,446.2492,NTU,2.8036,0,0,NONE,46181.682,25.32,9.29,2.732,63.508,11.8565,75.135,0.0074,LOCAL
2020-06-03,WB000001616,000000001616,SURFACE_WATER,NITRATE,410.2794,PPB,1.381,0,0,NONE,15885.122,18.71,7.19,4.721,8.409,10.8283,131.398,0.2119,LOCAL
2020-06-04,WB000001617,000000001617,SURFACE_WATER,DO,476.3195,PH_UNITS,2.6752,0,0,NONE,177145.754,30.86,6.22,5.981,140.352,15.7387,45.748,0.1429,STATE
2020-06-05,WB000001618,000000001618,SEDIMENT,PH,444.9551,MG_L,1.0934,1,0,INDUSTRIAL,89873.14,5.83,8.7,13.152,644.223,2.0896,121.215,0.8783,LOCAL
2020-06-06,WB000001619,000000001619,EFFLUENT,TURBIDITY,222.4093,MPN_100ML,2.659,0,0,NONE,75285.145,16.58,7.07,1.575,261.321,14.9898,2.45,0.334,STATE
2020-06-07,WB000001620,000000001620,EFFLUENT,PH,398.7161,MPN_100ML,4.9609,0,0,NONE,226845.498,2.89,8.73,7.459,175.812,14.1022,136.372,0.0015,STATE
2020-06-08,WB000001621,000000001621,DRINKING_WATER,DO,74.8688,UG_L,1.3968,0,0,HUMAN,117025.563,31.74,7.81,9.834,376.121,17.3093,187.562,0.4095,EPA
2020-06-09,WB000001622,000000001622,SURFACE_WATER,NITRATE,323.1636,NTU,3.6941,0,0,NONE,33601.191,18.96,5.73,10.669,699.238,21.3055,66.332,0.9626,STATE
2020-06-10,WB000001623,000000001623,SURFACE_WATER,E_COLI,307.8759,PCI_L,3.3435,1,0,NONE,170546.234,26.43,9.37,1.538,100.558,19.5345,93.721,0.6136,LOCAL
2020-06-11,WB000001624,000000001624,SURFACE_WATER,PFAS,493.4938,MPN_100ML,0.7079,0,0,NONE,65231.434,-0.0,8.24,12.499,354.228,12.0948,36.61,0.6453,CITIZEN_SCIENCE
2020-06-12,WB000001625,000000001625,SURFACE_WATER,CHLORIDE,319.1395,UG_L,3.1507,0,0,NONE,22397.245,21.46,8.66,10.628,318.134,8.683,44.072,0.1594,CITIZEN_SCIENCE
2020-06-13,WB000001626,000000001626,DRINKING_WATER,NITRATE,448.225,MG_L,3.2333,0,0,INDUSTRIAL,172261.015,32.44,7.76,1.842,4.012,11.6656,199.24,0.8178,EPA
2020-06-14,WB000001627,000000001627,SURFACE_WATER,PHOSPHATE,233.3325,UG_L,1.6884,0,0,NONE,80917.501,8.74,9.31,2.462,23.51,21.686,129.419,0.7552,LOCAL
2020-06-15,WB000001628,000000001628,GROUNDWATER,PHOSPHATE,452.566,MG_L,2.2911,0,0,NONE,177960.231,3.99,9.48,3.697,597.078,2.3653,154.716,0.7796,USGS
2020-06-16,WB000001629,000000001629,SURFACE_WATER,PH,96.5763,PPB,2.0512,0,1,HUMAN,169477.926,15.64,6.4,10.352,621.024,18.0757,4.631,0.585,LOCAL
2020-06-17,WB000001630,000000001630,DRINKING_WATER,LEAD,449.3838,NTU,2.152,0,0,NONE,135218.079,22.39,9.39,7.158,419.12,13.1447,80.633,0.8889,CITIZEN_SCIENCE
2020-06-18,WB000001631,000000001631,SURFACE_WATER,ARSENIC,132.6059,PH_UNITS,2.2768,1,0,HUMAN,157208.322,5.75,8.27,3.49,733.045,10.3428,190.191,0.9481,TRIBAL
2020-06-19,WB000001632,000000001632,GROUNDWATER,CHLORIDE,377.9692,PH_UNITS,1.8786,0,0,HUMAN,226962.5,4.2,6.84,5.838,629.882,7.4973,67.986,0.3042,USGS
2020-06-20,WB000001633,000000001633,SURFACE_WATER,PHOSPHATE,420.6388,PCI_L,2.2678,0,1,HUMAN,7102.481,2.92,9.49,3.609,353.662,1.7124,175.406,0.6991,EPA
2020-06-21,WB000001634,000000001634,SURFACE_WATER,CHLORIDE,8.5671,NTU,2.335,0,1,NONE,82368.866,18.48,9.01,5.074,195.459,16.04,35.455,0.0856,USGS
2020-06-22,WB000001635,000000001635,SURFACE_WATER,PFAS,175.3184,UG_L,3.0941,0,0,NONE,221669.884,4.73,9.18,7.737,482.092,7.3529,15.045,0.4846,TRIBAL
2020-06-23,WB000001636,000000001636,SURFACE_WATER,NITRATE,56.0313,MG_L,0.6696,0,0,NONE,7311.149,33.86,8.59,3.637,231.187,19.8926,166.978,0.921,LOCAL
2020-06-24,WB000001637,000000001637,SURFACE_WATER,NITRATE,207.2314,MPN_100ML,1.6967,1,0,NONE,27677.604,-0.29,7.17,1.576,322.081,21.8662,14.942,0.127,EPA
2020-06-25,WB000001638,000000001638,SURFACE_WATER,TURBIDITY,157.1444,MPN_100ML,1.5574,0,1,HUMAN,55614.445,8.62,6.97,0.926,703.55,15.8336,109.499,0.4433,CITIZEN_SCIENCE
2020-06-26,WB000001639,000000001639,SURFACE_WATER,PFAS,20.2996,PH_UNITS,4.5509,0,1,NONE,107082.31,30.92,6.29,8.777,764.051,18.7771,191.599,0.9463,USGS
2020-06-27,WB000001640,000000001640,SURFACE_WATER,PH,149.7546,PH_UNITS,3.1437,0,0,NONE,171975.356,2.55,5.52,13.167,183.364,23.6491,65.179,0.1104,USGS
2020-06-28,WB000001641,000000001641,SURFACE_WATER,PFAS,145.9693,MPN_100ML,3.5326,1,0,NONE,128608.342,0.92,5.87,10.248,346.782,11.0649,20.41,0.7837,TRIBAL
2020-06-29,WB000001642,000000001642,SURFACE_WATER,PH,389.4636,MG_L,1.9777,1,0,AGRICULTURAL,66882.307,13.21,5.96,8.918,532.133,1.8652,69.848,0.803,EPA
2020-06-30,WB000001643,000000001643,SURFACE_WATER,CHLORIDE,390.326,PPB,0.1163,0,0,HUMAN,91204.403,7.5,9.03,13.528,718.645,18.992,133.226,0.9531,LOCAL
2020-07-01,WB000001644,000000001644,GROUNDWATER,PHOSPHATE,68.8064,PPB,2.5576,0,0,NONE,202129.046,28.37,8.35,11.039,560.755,24.139,79.219,0.9929,STATE
2020-07-02,WB000001645,000000001645,DRINKING_WATER,ARSENIC,14.4082,MG_L,3.1101,0,1,INDUSTRIAL,57840.522,13.18,6.83,6.509,622.996,8.3643,63.165,0.1767,LOCAL
2020-07-03,WB000001646,000000001646,SEDIMENT,E_COLI,224.9057,UG_L,4.5691,0,0,NONE,11454.125,12.21,7.13,12.011,232.786,5.9262,2.808,0.3562,EPA
2020-07-04,WB000001647,000000001647,SEDIMENT,E_COLI,215.6882,MG_L,0.3025,0,0,NONE,7524.853,25.66,9.0,9.391,599.611,1.3512,166.488,0.3446,STATE
2020-07-05,WB000001648,000000001648,SURFACE_WATER,CHLORIDE,375.0909,MG_L,4.9299,0,0,NONE,55452.149,17.78,7.85,10.462,153.63,21.9289,38.007,0.0956,LOCAL
2020-07-06,WB000001649,000000001649,SURFACE_WATER,PH,215.2639,PPB,1.0656,0,0,NONE,54890.329,9.33,8.01,3.405,347.52,15.2531,11.227,0.3957,EPA
2020-07-07,WB000001650,000000001650,GROUNDWATER,PH,164.3797,PPB,1.0867,0,0,HUMAN,231864.946,9.7,8.27,7.844,86.313,7.6995,189.762,0.9248,EPA
2020-07-08,WB000001651,000000001651,SURFACE_WATER,TURBIDITY,433.9441,UG_L,4.2722,0,0,HUMAN,19482.541,32.54,7.17,13.525,552.917,1.2298,11.128,0.0698,STATE
2020-07-09,WB000001652,000000001652,SURFACE_WATER,PHOSPHATE,86.8631,PCI_L,2.8136,0,0,NONE,9216.569,31.4,6.9,10.287,472.662,21.2311,159.869,0.5423,LOCAL
2020-07-10,WB000001653,000000001653,SURFACE_WATER,LEAD,258.2006,PCI_L,3.7681,0,0,NONE,20795.695,15.88,7.18,3.659,389.258,2.2347,74.451,0.2823,STATE
2020-07-11,WB000001654,000000001654,SURFACE_WATER,PFAS,187.1037,PPB,1.4549,0,0,NONE,239522.131,23.48,7.65,2.609,354.311,20.8587,6.448,0.3552,CITIZEN_SCIENCE
2020-07-12,WB000001655,000000001655,SURFACE_WATER,DO,280.0918,NTU,0.6474,1,0,NONE,11446.597,29.92,7.39,13.725,158.738,22.7341,192.177,0.899,EPA
2020-07-13,WB000001656,000000001656,SURFACE_WATER,CHLORIDE,294.6046,MPN_100ML,2.7922,0,0,NONE,96031.312,6.29,8.77,13.807,111.874,9.3514,171.526,0.7701,STATE
2020-07-14,WB000001657,000000001657,EFFLUENT,E_COLI,163.1591,NTU,0.5245,0,0,ANIMAL,226405.781,4.19,6.63,6.175,641.876,12.5833,17.003,0.3515,TRIBAL
2020-07-15,WB000001658,000000001658,SEDIMENT,PFAS,341.8937,MPN_100ML,1.4373,0,0,HUMAN,35726.604,27.43,7.22,0.139,156.556,5.0691,56.793,0.2562,USGS
2020-07-16,WB000001659,000000001659,SURFACE_WATER,DO,352.2748,MG_L,1.678,0,0,NONE,123694.192,24.1,8.31,5.953,519.997,22.5753,172.747,0.5975,STATE
2020-07-17,WB000001660,000000001660,SURFACE_WATER,E_COLI,87.7154,PPB,1.0699,0,0,INDUSTRIAL,222859.05,19.61,6.04,4.464,78.707,0.1467,113.116,0.3714,LOCAL
2020-07-18,WB000001661,000000001661,EFFLUENT,LEAD,31.1595,PPB,3.8791,1,0,NONE,223430.694,12.78,9.08,8.19,286.167,7.084,111.463,0.9399,USGS
2020-07-19,WB000001662,000000001662,SURFACE_WATER,DO,115.1083,MG_L,4.558,1,1,HUMAN,232137.53,16.34,9.25,7.48,745.676,17.8978,135.817,0.258,LOCAL
2020-07-20,WB000001663,000000001663,GROUNDWATER,CHLORIDE,337.4916,MG_L,0.8552,0,1,NONE,64169.402,29.11,6.08,3.489,398.94,20.8475,140.897,0.8009,CITIZEN_SCIENCE
2020-07-21,WB000001664,000000001664,SURFACE_WATER,TURBIDITY,1.2294,UG_L,1.6635,0,0,ANIMAL,21348.17,-0.08,8.54,6.357,732.185,14.872,70.202,0.5215,CITIZEN_SCIENCE
2020-07-22,WB000001665,000000001665,EFFLUENT,LEAD,249.0604,PCI_L,1.358,0,1,ANIMAL,243378.915,14.6,8.71,7.836,703.984,7.8812,146.604,0.79,LOCAL
2020-07-23,WB000001666,000000001666,SURFACE_WATER,ARSENIC,139.0035,PH_UNITS,0.8338,0,1,ANIMAL,159010.038,20.46,8.21,0.802,640.133,0.2191,146.975,0.805,LOCAL
2020-07-24,WB000001667,000000001667,EFFLUENT,CHLORIDE,190.1038,MG_L,1.3215,1,0,NONE,25657.264,22.1,6.44,1.342,57.529,23.7662,95.096,0.9371,STATE
2020-07-25,WB000001668,000000001668,SURFACE_WATER,ARSENIC,89.3983,PCI_L,3.2124,1,0,NONE,140197.914,32.98,5.54,2.35,418.802,2.8092,178.893,0.3168,LOCAL
2020-07-26,WB000001669,000000001669,SURFACE_WATER,PFAS,199.7143,NTU,4.9823,0,0,HUMAN,169048.178,19.84,7.4,10.611,479.859,3.6346,3.54,0.6492,TRIBAL
2020-07-27,WB000001670,000000001670,SURFACE_WATER,ARSENIC,414.3683,UG_L,1.5344,0,1,NONE,176773.776,4.51,7.23,7.509,188.095,12.9861,87.781,0.2433,EPA
2020-07-28,WB000001671,000000001671,DRINKING_WATER,CHLORIDE,333.0387,NTU,4.3477,0,0,HUMAN,40858.942,23.4,5.52,2.862,165.813,12.7037,111.352,0.3535,EPA
2020-07-29,WB000001672,000000001672,GROUNDWATER,LEAD,222.1099,PPB,2.4562,1,0,HUMAN,154794.878,31.62,7.36,6.322,201.314,13.9855,53.373,0.5502,USGS
2020-07-30,WB000001673,000000001673,DRINKING_WATER,ARSENIC,374.6494,UG_L,2.4993,0,0,AGRICULTURAL,11632.692,14.34,8.19,1.198,656.94,16.8017,14.191,0.3048,STATE
2020-07-31,WB000001674,000000001674,DRINKING_WATER,TURBIDITY,120.9022,PH_UNITS,3.6504,0,1,HUMAN,248631.319,17.1,5.6,11.629,490.404,17.9061,86.986,0.5404,TRIBAL
2020-08-01,WB000001675,000000001675,SURFACE_WATER,NITRATE,125.6218,NTU,1.0561,0,1,NONE,139435.73,28.72,8.99,2.59,176.695,8.7635,90.043,0.8398,STATE
2020-08-02,WB000001676,000000001676,SURFACE_WATER,E_COLI,135.3547,PPB,4.7707,0,0,AGRICULTURAL,134741.898,11.95,9.48,8.978,556.2,13.5881,71.041,0.0398,EPA
2020-08-03,WB000001677,000000001677,GROUNDWATER,ARSENIC,331.7113,UG_L,4.215,0,0,NONE,241097.47,30.59,5.58,6.051,340.69,11.3928,168.723,0.5289,STATE
2020-08-04,WB000001678,000000001678,SURFACE_WATER,LEAD,151.3172,NTU,2.4577,0,1,AGRICULTURAL,153787.174,26.19,5.75,0.4,577.9,23.1173,183.772,0.6971,STATE
2020-08-05,WB000001679,000000001679,EFFLUENT,TURBIDITY,334.1991,PPB,4.9911,0,0,HUMAN,28280.088,8.96,9.09,2.787,753.27,10.0819,37.167,0.2729,USGS
2020-08-06,WB000001680,000000001680,SURFACE_WATER,E_COLI,162.397,UG_L,1.9663,0,0,ANIMAL,6387.604,31.73,8.94,0.74,536.937,14.3384,172.418,0.6646,STATE
2020-08-07,WB000001681,000000001681,SURFACE_WATER,PHOSPHATE,446.6755,MG_L,3.3509,0,0,NONE,229405.87,26.9,8.02,0.031,475.317,18.327,127.986,0.5656,STATE
2020-08-08,WB000001682,000000001682,SEDIMENT,PFAS,261.7474,PCI_L,2.2336,0,0,ANIMAL,18479.742,22.98,5.59,13.006,43.017,22.9232,115.571,0.2985,TRIBAL
2020-08-09,WB000001683,000000001683,SURFACE_WATER,PFAS,476.5016,UG_L,2.024,0,1,INDUSTRIAL,162778.068,33.41,6.25,3.968,46.566,10.3044,44.899,0.5597,STATE
2020-08-10,WB000001684,000000001684,SEDIMENT,ARSENIC,4.5993,MG_L,2.802,0,0,ANIMAL,217661.545,30.46,7.0,5.219,701.057,17.6008,189.269,0.04,LOCAL
2020-08-11,WB000001685,000000001685,SURFACE_WATER,PH,364.6727,MPN_100ML,2.857,0,0,NONE,83816.554,4.91,8.62,0.142,720.802,0.639,180.089,0.1101,EPA
2020-08-12,WB000001686,000000001686,SURFACE_WATER,E_COLI,426.4181,PPB,3.6457,0,0,NONE,110249.659,17.4,5.64,3.021,371.054,10.3902,116.081,0.1223,EPA
2020-08-13,WB000001687,000000001687,SURFACE_WATER,CHLORIDE,11.4233,PPB,4.831,1,0,ANIMAL,63141.076,9.09,8.21,3.026,62.209,4.5466,186.406,0.0051,STATE
2020-08-14,WB000001688,000000001688,GROUNDWATER,PH,470.4283,NTU,3.6348,0,1,NONE,200999.016,32.36,8.96,13.703,190.405,16.9058,3.69,0.3955,CITIZEN_SCIENCE
2020-08-15,WB000001689,000000001689,SURFACE_WATER,LEAD,88.8261,NTU,2.5456,0,0,NONE,230538.435,30.65,7.03,2.532,677.616,7.2462,188.341,0.9735,STATE
2020-08-16,WB000001690,000000001690,SURFACE_WATER,PH,181.3005,PCI_L,4.6408,0,0,NONE,159918.106,25.09,7.33,11.348,73.945,19.9622,53.428,0.6375,LOCAL
2020-08-17,WB000001691,000000001691,SURFACE_WATER,NITRATE,152.1023,MPN_100ML,1.6214,1,0,ANIMAL,98232.991,31.56,5.96,3.877,231.393,23.7553,148.491,0.038,EPA
2020-08-18,WB000001692,000000001692,GROUNDWATER,CHLORIDE,16.9155,PCI_L,4.6307,0,0,NONE,13252.344,18.41,6.72,12.87,647.594,18.2356,129.073,0.6597,USGS
2020-08-19,WB000001693,000000001693,DRINKING_WATER,LEAD,16.2961,MPN_100ML,1.3819,1,0,NONE,30829.422,5.54,5.87,2.879,341.495,0.6124,100.531,0.5432,LOCAL
2020-08-20,WB000001694,000000001694,SEDIMENT,PH,68.4777,UG_L,2.5679,0,0,AGRICULTURAL,46785.983,33.34,9.18,1.876,534.853,22.5817,187.845,0.7546,STATE
2020-08-21,WB000001695,000000001695,GROUNDWATER,CHLORIDE,426.9082,PPB,2.8283,1,1,NONE,211740.18,9.32,7.49,11.202,367.904,16.034,173.203,0.6049,EPA
2020-08-22,WB000001696,000000001696,SURFACE_WATER,DO,426.0462,MG_L,4.7523,0,0,ANIMAL,240966.57,6.33,8.58,2.451,451.71,24.7645,144.401,0.0882,LOCAL
2020-08-23,WB000001697,000000001697,EFFLUENT,LEAD,176.2988,UG_L,3.5212,0,0,NONE,11600.407,18.96,7.01,9.903,115.446,19.5762,197.3,0.2965,TRIBAL
2020-08-24,WB000001698,000000001698,SURFACE_WATER,LEAD,324.9077,PPB,1.671,0,0,NONE,88789.672,0.31,8.04,11.202,50.726,21.6013,18.365,0.2601,STATE
2020-08-25,WB000001699,000000001699,SURFACE_WATER,PFAS,170.0857,PH_UNITS,2.2952,0,0,INDUSTRIAL,213283.419,16.58,8.25,11.337,708.486,9.6002,73.921,0.2731,STATE
2020-08-26,WB000001700,000000001700,SURFACE_WATER,PH,212.8915,UG_L,4.833,0,0,NONE,198686.027,2.03,7.27,5.617,247.632,20.8704,170.756,0.075,STATE
2020-08-27,WB000001701,000000001701,GROUNDWATER,PH,129.0346,UG_L,3.5765,0,0,AGRICULTURAL,96701.131,3.16,6.86,1.56,65.353,8.7357,193.14,0.4392,CITIZEN_SCIENCE
2020-08-28,WB000001702,000000001702,SURFACE_WATER,PFAS,91.3819,MG_L,2.2068,1,0,NONE,27488.111,32.29,8.04,1.805,55.414,22.0003,21.324,0.5801,EPA
2020-08-29,WB000001703,000000001703,SURFACE_WATER,CHLORIDE,185.4081,NTU,4.311,1,0,INDUSTRIAL,237855.637,28.69,6.63,5.437,328.92,16.6614,142.815,0.6307,EPA
2020-08-30,WB000001704,000000001704,SURFACE_WATER,PH,28.6357,NTU,3.6914,0,0,HUMAN,185164.814,3.48,6.67,10.88,512.58,10.6802,180.478,0.0491,TRIBAL
2020-08-31,WB000001705,000000001705,SURFACE_WATER,NITRATE,497.0478,PCI_L,0.0689,0,1,NONE,110840.472,4.77,8.05,9.795,467.865,10.7479,51.934,0.7109,CITIZEN_SCIENCE
2020-09-01,WB000001706,000000001706,SURFACE_WATER,CHLORIDE,264.8148,MPN_100ML,0.7659,0,1,NONE,24561.065,1.38,5.82,0.737,401.865,18.5448,117.473,0.022,USGS
2020-09-02,WB000001707,000000001707,SURFACE_WATER,CHLORIDE,481.5348,NTU,0.3233,0,1,ANIMAL,100135.345,-0.56,8.71,6.567,511.235,8.3112,76.297,0.3026,STATE
2020-09-03,WB000001708,000000001708,DRINKING_WATER,LEAD,5.1487,PPB,3.8545,0,1,ANIMAL,52342.204,33.23,8.89,1.967,219.597,9.4894,51.923,0.5518,USGS
2020-09-04,WB000001709,000000001709,SEDIMENT,DO,135.5828,MPN_100ML,0.5096,0,0,NONE,26745.043,29.94,8.83,6.496,332.317,20.3765,90.948,0.6105,EPA
2020-09-05,WB000001710,000000001710,SEDIMENT,ARSENIC,215.3348,NTU,0.9697,0,1,NONE,62666.525,25.47,7.76,13.728,693.252,7.4969,53.219,0.225,STATE
2020-09-06,WB000001711,000000001711,DRINKING_WATER,ARSENIC,315.6869,MG_L,4.4159,0,1,NONE,145152.096,2.12,8.95,1.237,225.23,0.2183,17.514,0.2716,LOCAL
2020-09-07,WB000001712,000000001712,GROUNDWATER,NITRATE,166.8825,UG_L,4.2172,0,0,NONE,101118.531,6.63,6.7,0.39,427.043,22.6598,161.669,0.8986,CITIZEN_SCIENCE
2020-09-08,WB000001713,000000001713,EFFLUENT,PH,458.528,NTU,1.071,0,0,NONE,181164.845,-0.24,8.04,9.934,335.737,9.4313,159.242,0.4768,EPA
2020-09-09,WB000001714,000000001714,SURFACE_WATER,PH,106.1498,MG_L,2.0549,0,1,NONE,217700.039,25.61,8.43,2.494,586.173,1.4882,22.405,0.1121,EPA
2020-09-10,WB000001715,000000001715,SURFACE_WATER,TURBIDITY,203.8507,PPB,4.9107,0,0,HUMAN,18636.123,23.12,8.48,5.651,282.387,0.4181,185.281,0.4062,STATE
2020-09-11,WB000001716,000000001716,SURFACE_WATER,TURBIDITY,282.8655,PPB,4.4298,1,0,HUMAN,12174.643,29.7,5.58,1.136,187.251,24.9978,194.471,0.6276,LOCAL
2020-09-12,WB000001717,000000001717,GROUNDWATER,E_COLI,61.049,MG_L,0.7775,0,0,NONE,30380.155,30.79,5.69,2.607,512.928,14.6699,118.767,0.9701,CITIZEN_SCIENCE
2020-09-13,WB000001718,000000001718,SURFACE_WATER,PH,290.6593,NTU,4.6981,1,1,NONE,43633.848,31.45,6.24,5.964,317.369,19.596,4.056,0.7496,STATE
2020-09-14,WB000001719,000000001719,SURFACE_WATER,E_COLI,39.9181,NTU,3.0673,0,0,HUMAN,17718.53,13.27,9.23,0.644,160.765,16.207,186.09,0.062,STATE
2020-09-15,WB000001720,000000001720,SURFACE_WATER,LEAD,389.1764,PCI_L,3.4579,1,0,ANIMAL,1618.937,27.68,7.15,2.552,218.989,12.1137,61.584,0.8838,STATE
2020-09-16,WB000001721,000000001721,EFFLUENT,LEAD,396.6417,PPB,4.5165,0,0,NONE,58253.327,9.55,5.75,2.632,426.648,14.5237,198.197,0.7474,LOCAL
2020-09-17,WB000001722,000000001722,GROUNDWATER,PH,25.277,NTU,3.5197,0,0,NONE,64672.264,-0.82,9.09,3.922,14.84,4.7812,84.853,0.148,LOCAL
2020-09-18,WB000001723,000000001723,SURFACE_WATER,TURBIDITY,0.188,PPB,4.7939,0,0,HUMAN,187623.64,11.57,9.49,10.281,758.579,8.0768,115.434,0.9509,LOCAL
2020-09-19,WB000001724,000000001724,SURFACE_WATER,LEAD,8.3164,MG_L,1.2232,0,0,AGRICULTURAL,81607.363,3.01,6.25,8.095,564.169,3.7691,123.213,0.5343,USGS
2020-09-20,WB000001725,000000001725,SURFACE_WATER,ARSENIC,63.2123,PCI_L,4.6059,0,1,AGRICULTURAL,131100.997,1.06,8.24,9.221,784.773,11.0726,47.034,0.8676,TRIBAL
2020-09-21,WB000001726,000000001726,SURFACE_WATER,ARSENIC,462.0082,PH_UNITS,0.2163,0,0,NONE,222690.091,25.99,5.5,10.803,605.903,19.5919,190.103,0.1967,STATE
2020-09-22,WB000001727,000000001727,GROUNDWATER,ARSENIC,391.092,NTU,2.4182,0,0,NONE,51912.709,2.43,7.91,8.713,352.33,19.2359,132.918,0.7258,USGS
2020-09-23,WB000001728,000000001728,DRINKING_WATER,NITRATE,148.9519,MPN_100ML,0.8278,0,0,INDUSTRIAL,86761.094,22.04,7.4,6.648,537.751,0.994,22.96,0.1351,LOCAL
2020-09-24,WB000001729,000000001729,SURFACE_WATER,PH,84.947,UG_L,3.9736,0,0,NONE,87669.661,23.34,7.23,11.006,153.011,11.4238,106.981,0.9741,STATE
2020-09-25,WB000001730,000000001730,SURFACE_WATER,PFAS,94.4963,NTU,4.2642,0,0,NONE,159035.667,2.11,6.12,9.923,409.025,23.999,140.167,0.8557,TRIBAL
2020-09-26,WB000001731,000000001731,SURFACE_WATER,LEAD,239.3266,MPN_100ML,1.3872,0,1,HUMAN,129158.464,22.96,7.84,8.608,602.084,7.5987,154.274,0.6026,STATE
2020-09-27,WB000001732,000000001732,SURFACE_WATER,NITRATE,125.8912,NTU,0.4896,0,0,NONE,135019.758,22.38,9.34,11.042,519.654,21.2313,179.895,0.6384,EPA
2020-09-28,WB000001733,000000001733,GROUNDWATER,TURBIDITY,492.9997,PPB,3.7094,0,1,NONE,213590.347,15.6,8.35,13.867,86.021,14.1019,45.366,0.7608,USGS
2020-09-29,WB000001734,000000001734,SURFACE_WATER,TURBIDITY,177.5784,PPB,0.6678,0,0,NONE,233221.063,12.86,6.1,0.791,312.6,8.3,61.555,0.9716,EPA
2020-09-30,WB000001735,000000001735,DRINKING_WATER,NITRATE,439.0034,NTU,0.1452,0,0,NONE,197142.868,19.47,7.75,7.759,186.782,13.1133,95.766,0.0399,TRIBAL
2020-10-01,WB000001736,000000001736,GROUNDWATER,PFAS,487.2644,PCI_L,4.8205,0,0,AGRICULTURAL,38382.561,23.78,9.04,9.194,484.372,11.8577,72.625,0.7533,STATE
2020-10-02,WB000001737,000000001737,DRINKING_WATER,PFAS,78.5843,NTU,2.7543,1,0,NONE,201285.869,25.09,8.49,0.505,242.598,21.1345,39.768,0.9621,CITIZEN_SCIENCE
2020-10-03,WB000001738,000000001738,SURFACE_WATER,CHLORIDE,220.9611,UG_L,1.5915,0,0,NONE,13722.696,21.29,7.37,6.357,613.532,11.5744,121.904,0.5712,EPA
2020-10-04,WB000001739,000000001739,DRINKING_WATER,E_COLI,40.2781,PPB,3.8532,1,1,INDUSTRIAL,81573.076,19.46,7.87,12.657,376.566,12.4099,195.507,0.0432,EPA
2020-10-05,WB000001740,000000001740,EFFLUENT,ARSENIC,264.6483,NTU,3.935,0,0,NONE,124425.77,24.31,7.13,8.942,390.497,20.296,50.227,0.494,EPA
2020-10-06,WB000001741,000000001741,SURFACE_WATER,PFAS,412.5107,PPB,2.6863,0,0,HUMAN,113784.383,5.24,9.05,11.768,620.207,12.2031,73.709,0.723,STATE
2020-10-07,WB000001742,000000001742,GROUNDWATER,PH,284.9547,MG_L,2.9886,0,0,INDUSTRIAL,169352.088,32.01,6.67,8.051,297.907,22.3747,7.269,0.7773,STATE
2020-10-08,WB000001743,000000001743,SURFACE_WATER,E_COLI,301.8202,MPN_100ML,2.5441,0,0,INDUSTRIAL,151604.511,26.77,8.35,9.805,634.335,19.9385,59.368,0.8508,TRIBAL
2020-10-09,WB000001744,000000001744,SURFACE_WATER,TURBIDITY,151.1865,UG_L,2.454,0,0,NONE,59146.831,3.05,5.92,10.057,520.07,17.7595,97.934,0.8366,LOCAL
2020-10-10,WB000001745,000000001745,DRINKING_WATER,NITRATE,239.4302,MG_L,2.2073,0,1,NONE,247132.548,4.22,7.78,0.069,304.877,22.3195,175.352,0.5893,LOCAL
2020-10-11,WB000001746,000000001746,SURFACE_WATER,TURBIDITY,470.472,MG_L,2.018,0,1,NONE,35833.097,21.05,7.14,9.842,116.101,9.7187,89.873,0.6002,LOCAL
2020-10-12,WB000001747,000000001747,SURFACE_WATER,NITRATE,232.1533,UG_L,4.4187,0,0,INDUSTRIAL,176418.371,12.64,9.29,3.279,761.172,1.6708,165.024,0.8745,LOCAL
2020-10-13,WB000001748,000000001748,GROUNDWATER,E_COLI,291.5698,NTU,3.7099,0,0,HUMAN,18360.413,2.04,8.83,1.151,113.93,13.1794,43.897,0.1806,LOCAL
2020-10-14,WB000001749,000000001749,SURFACE_WATER,CHLORIDE,112.579,UG_L,3.64,0,0,HUMAN,51488.685,27.97,6.66,2.084,299.324,17.5071,66.251,0.1658,CITIZEN_SCIENCE
2020-10-15,WB000001750,000000001750,GROUNDWATER,PHOSPHATE,1.9379,PCI_L,4.6872,0,0,ANIMAL,175436.818,-0.43,6.2,7.998,201.571,0.2599,37.877,0.458,STATE
2020-10-16,WB000001751,000000001751,DRINKING_WATER,NITRATE,83.8608,NTU,3.0437,0,0,NONE,108944.328,11.1,8.8,6.373,254.672,4.9101,84.503,0.9746,STATE
2020-10-17,WB000001752,000000001752,EFFLUENT,DO,9.6347,MPN_100ML,4.6923,0,0,NONE,29179.504,0.72,7.87,6.933,83.868,3.4812,175.301,0.2201,USGS
2020-10-18,WB000001753,000000001753,SURFACE_WATER,ARSENIC,432.4723,MG_L,3.0548,1,0,NONE,14406.453,13.01,6.57,0.151,682.912,16.0908,13.74,0.8033,STATE
2020-10-19,WB000001754,000000001754,EFFLUENT,DO,341.5243,UG_L,1.7881,0,0,NONE,156221.256,0.44,8.64,9.762,673.17,20.5367,52.268,0.5922,EPA
2020-10-20,WB000001755,000000001755,SURFACE_WATER,E_COLI,152.0269,UG_L,4.631,0,0,INDUSTRIAL,8227.067,6.62,5.91,7.619,426.277,5.5778,24.349,0.1716,STATE
2020-10-21,WB000001756,000000001756,SURFACE_WATER,CHLORIDE,23.2508,NTU,1.9725,0,0,HUMAN,59039.327,32.07,8.2,13.896,535.833,21.3433,46.605,0.1356,USGS
2020-10-22,WB000001757,000000001757,SURFACE_WATER,NITRATE,462.8005,PH_UNITS,0.4655,0,1,HUMAN,61910.558,2.94,5.77,5.073,521.076,13.6217,98.14,0.5259,LOCAL
2020-10-23,WB000001758,000000001758,EFFLUENT,TURBIDITY,89.2978,MG_L,3.8372,0,0,HUMAN,129815.638,20.97,9.47,11.705,771.659,17.1237,123.255,0.7975,EPA
2020-10-24,WB000001759,000000001759,SURFACE_WATER,PFAS,465.915,PCI_L,3.8083,0,0,AGRICULTURAL,135007.654,30.92,6.4,6.704,81.187,19.3924,58.452,0.9915,STATE
2020-10-25,WB000001760,000000001760,SURFACE_WATER,DO,151.5958,UG_L,4.3521,0,0,ANIMAL,209437.551,33.78,7.15,4.472,274.616,0.9998,67.106,0.8472,USGS
2020-10-26,WB000001761,000000001761,DRINKING_WATER,DO,71.1026,PPB,2.3379,0,1,NONE,134696.911,4.84,7.72,13.098,582.314,2.2379,84.666,0.518,STATE
2020-10-27,WB000001762,000000001762,SURFACE_WATER,LEAD,408.2372,PCI_L,4.4862,0,1,HUMAN,148456.911,8.21,6.67,3.49,481.418,1.0161,82.813,0.484,USGS
2020-10-28,WB000001763,000000001763,SURFACE_WATER,PFAS,93.7929,NTU,3.4803,0,0,HUMAN,154802.938,18.68,6.44,3.434,365.352,19.581,37.767,0.1366,USGS
2020-10-29,WB000001764,000000001764,EFFLUENT,LEAD,435.6733,UG_L,3.0425,0,0,AGRICULTURAL,125077.105,16.35,7.28,13.033,380.342,19.4949,130.788,0.9586,USGS
2020-10-30,WB000001765,000000001765,SURFACE_WATER,ARSENIC,297.5792,MG_L,0.625,0,0,HUMAN,27403.975,2.69,8.15,3.621,125.285,19.4814,50.12,0.612,STATE
2020-10-31,WB000001766,000000001766,SURFACE_WATER,PHOSPHATE,407.3411,MPN_100ML,4.1706,0,0,NONE,237288.285,25.3,8.03,1.346,142.441,22.8868,91.182,0.6779,CITIZEN_SCIENCE
2020-11-01,WB000001767,000000001767,SURFACE_WATER,TURBIDITY,151.2798,MPN_100ML,0.8518,1,1,ANIMAL,186752.399,11.47,9.28,10.31,776.094,8.6594,80.172,0.1126,LOCAL
2020-11-02,WB000001768,000000001768,SEDIMENT,LEAD,238.4706,PH_UNITS,0.8099,1,0,AGRICULTURAL,54336.587,12.56,5.59,2.612,412.861,11.8723,74.319,0.0838,LOCAL
2020-11-03,WB000001769,000000001769,SURFACE_WATER,LEAD,420.335,MG_L,3.9396,1,1,NONE,179832.306,20.26,5.96,11.096,603.401,1.7509,176.77,0.9574,LOCAL
2020-11-04,WB000001770,000000001770,SURFACE_WATER,ARSENIC,452.3024,MG_L,3.8101,0,0,HUMAN,80462.816,3.85,6.97,11.457,754.817,16.3824,119.008,0.5545,EPA
2020-11-05,WB000001771,000000001771,DRINKING_WATER,TURBIDITY,276.9187,PPB,2.3885,0,1,INDUSTRIAL,158265.392,29.07,6.28,8.689,713.639,22.5812,142.355,0.9506,LOCAL
2020-11-06,WB000001772,000000001772,DRINKING_WATER,NITRATE,332.4857,PCI_L,3.6898,0,0,NONE,165528.886,28.72,7.86,1.903,50.248,14.512,158.852,0.5228,STATE
2020-11-07,WB000001773,000000001773,SURFACE_WATER,DO,174.6075,UG_L,3.3223,0,0,NONE,107277.89,6.52,8.78,7.654,496.318,4.9157,122.642,0.0412,CITIZEN_SCIENCE
2020-11-08,WB000001774,000000001774,SURFACE_WATER,DO,157.0276,PPB,0.9384,1,0,NONE,142564.231,15.42,6.86,1.889,769.872,7.8817,78.512,0.326,STATE
2020-11-09,WB000001775,000000001775,GROUNDWATER,PFAS,169.8565,PH_UNITS,0.6497,0,0,NONE,143677.249,21.53,8.65,4.087,129.956,11.1627,163.574,1.0,CITIZEN_SCIENCE
2020-11-10,WB000001776,000000001776,SURFACE_WATER,ARSENIC,390.6666,PH_UNITS,0.747,0,0,HUMAN,245471.924,11.37,8.63,7.493,633.033,4.8443,44.848,0.2937,EPA
2020-11-11,WB000001777,000000001777,SURFACE_WATER,TURBIDITY,370.8145,PCI_L,0.6693,1,1,NONE,223512.495,3.26,9.0,1.41,202.258,14.3507,85.306,0.4937,EPA
2020-11-12,WB000001778,000000001778,DRINKING_WATER,ARSENIC,93.674,NTU,1.3437,1,1,AGRICULTURAL,131652.821,3.09,9.02,10.881,100.23,11.7814,166.527,0.392,STATE
2020-11-13,WB000001779,000000001779,SURFACE_WATER,CHLORIDE,172.3772,NTU,3.9104,0,0,AGRICULTURAL,190989.162,28.39,7.71,0.202,682.955,2.7107,13.605,0.2403,STATE
2020-11-14,WB000001780,000000001780,GROUNDWATER,PH,74.3496,PPB,0.7294,1,0,NONE,45858.769,20.19,7.92,4.359,201.164,22.8515,198.998,0.8167,STATE
2020-11-15,WB000001781,000000001781,SURFACE_WATER,DO,248.3329,PCI_L,0.1525,0,0,INDUSTRIAL,192488.863,5.72,7.96,6.838,649.416,22.6445,10.302,0.6897,LOCAL
2020-11-16,WB000001782,000000001782,SEDIMENT,DO,452.2334,UG_L,2.5363,0,0,NONE,197087.053,13.62,6.69,0.431,681.711,19.6871,192.361,0.711,USGS
2020-11-17,WB000001783,000000001783,SURFACE_WATER,LEAD,47.7011,NTU,4.8421,0,0,NONE,105502.876,19.36,8.94,1.609,639.733,7.1706,55.835,0.3791,EPA
2020-11-18,WB000001784,000000001784,GROUNDWATER,E_COLI,175.9541,NTU,1.856,0,1,NONE,159910.874,4.2,9.32,12.516,331.974,11.8467,192.125,0.4453,STATE
2020-11-19,WB000001785,000000001785,EFFLUENT,TURBIDITY,314.3348,PCI_L,3.5271,0,1,NONE,155237.734,24.67,5.78,13.138,219.631,23.1042,136.358,0.2297,EPA
2020-11-20,WB000001786,000000001786,SURFACE_WATER,PFAS,318.4431,UG_L,1.0766,0,0,NONE,42864.571,14.56,8.49,0.082,345.165,23.9906,100.241,0.14,STATE
2020-11-21,WB000001787,000000001787,GROUNDWATER,CHLORIDE,194.7969,MG_L,2.7963,1,1,NONE,247267.509,10.74,8.32,11.184,399.661,7.7358,83.784,0.1813,TRIBAL
2020-11-22,WB000001788,000000001788,DRINKING_WATER,CHLORIDE,497.8017,UG_L,1.5808,0,0,NONE,245739.609,15.91,7.87,13.103,190.598,17.1413,18.357,0.549,CITIZEN_SCIENCE
2020-11-23,WB000001789,000000001789,SURFACE_WATER,DO,338.7565,UG_L,4.8441,0,0,HUMAN,155558.512,27.64,7.76,3.324,583.252,15.692,36.894,0.8827,USGS
2020-11-24,WB000001790,000000001790,SURFACE_WATER,PHOSPHATE,279.3089,NTU,4.9671,1,1,NONE,211581.444,26.22,5.57,1.104,432.981,24.2055,29.785,0.8245,EPA
2020-11-25,WB000001791,000000001791,SURFACE_WATER,PH,128.2949,MPN_100ML,1.7498,0,0,ANIMAL,182313.596,1.13,8.32,3.63,601.206,7.0889,152.14,0.5137,STATE
2020-11-26,WB000001792,000000001792,SURFACE_WATER,TURBIDITY,225.8837,UG_L,4.723,0,1,NONE,85734.505,-0.18,5.61,7.184,649.219,13.1363,36.052,0.4846,TRIBAL
2020-11-27,WB000001793,000000001793,EFFLUENT,ARSENIC,185.8744,PPB,1.4856,1,0,NONE,66477.283,33.52,6.81,4.454,170.682,12.9428,141.379,0.1598,LOCAL
2020-11-28,WB000001794,000000001794,SURFACE_WATER,DO,279.1904,UG_L,4.5475,1,0,NONE,164953.881,15.24,8.6,13.916,35.3,22.3005,173.543,0.2591,CITIZEN_SCIENCE
2020-11-29,WB000001795,000000001795,SEDIMENT,DO,443.922,PCI_L,0.0829,0,0,NONE,192070.461,23.26,6.69,6.007,53.41,11.4239,156.813,0.9518,EPA
2020-11-30,WB000001796,000000001796,EFFLUENT,NITRATE,496.9337,MG_L,3.6278,0,1,NONE,219746.708,20.15,7.29,7.537,214.252,12.7127,120.027,0.402,CITIZEN_SCIENCE
2020-12-01,WB000001797,000000001797,SURFACE_WATER,LEAD,417.4026,PPB,3.2606,0,0,NONE,204571.792,6.0,6.84,4.758,235.838,5.3202,129.873,0.1346,LOCAL
2020-12-02,WB000001798,000000001798,SURFACE_WATER,ARSENIC,132.1858,MPN_100ML,4.6124,0,1,HUMAN,143965.634,26.78,7.49,12.171,480.628,14.1975,86.818,0.3933,STATE
2020-12-03,WB000001799,000000001799,SURFACE_WATER,TURBIDITY,300.3215,NTU,2.1036,0,0,ANIMAL,11785.124,10.87,8.08,3.11,640.189,12.3087,134.325,0.7967,EPA
2020-12-04,WB000001800,000000001800,SURFACE_WATER,PFAS,245.1811,PPB,1.2304,0,0,AGRICULTURAL,210344.289,23.53,9.3,9.329,483.747,13.1572,148.611,0.0804,LOCAL
2020-12-05,WB000001801,000000001801,SURFACE_WATER,NITRATE,324.406,PH_UNITS,4.2318,0,0,NONE,173872.984,17.03,9.08,12.752,289.032,9.2365,107.467,0.8743,EPA
2020-12-06,WB000001802,000000001802,SURFACE_WATER,DO,179.5638,PH_UNITS,1.7016,0,1,HUMAN,92566.691,10.9,7.16,9.507,436.952,15.2774,157.908,0.4837,EPA
2020-12-07,WB000001803,000000001803,GROUNDWATER,ARSENIC,464.3829,MG_L,0.8135,0,0,NONE,61295.875,32.06,7.55,9.782,701.972,3.6166,91.782,0.9955,LOCAL
2020-12-08,WB000001804,000000001804,DRINKING_WATER,CHLORIDE,439.3641,NTU,1.1211,0,0,NONE,169955.339,15.49,7.52,10.349,49.429,2.2944,66.939,0.2139,STATE
2020-12-09,WB000001805,000000001805,DRINKING_WATER,DO,354.4115,NTU,0.2045,0,1,NONE,222668.605,19.48,7.75,13.406,449.169,8.3698,22.821,0.4671,USGS
2020-12-10,WB000001806,000000001806,SURFACE_WATER,PHOSPHATE,236.9144,NTU,3.9621,0,0,AGRICULTURAL,243462.278,-0.27,6.82,11.707,165.304,23.3724,193.031,0.2213,EPA
2020-12-11,WB000001807,000000001807,SURFACE_WATER,NITRATE,412.4276,MPN_100ML,0.7875,0,0,NONE,106614.913,15.07,6.9,4.342,348.974,21.2593,86.726,0.8446,CITIZEN_SCIENCE
2020-12-12,WB000001808,000000001808,GROUNDWATER,E_COLI,271.5733,PPB,2.8022,0,0,NONE,216693.521,28.65,5.75,1.456,203.226,22.4247,189.873,0.3925,LOCAL
2020-12-13,WB000001809,000000001809,GROUNDWATER,E_COLI,44.696,PH_UNITS,2.9337,0,1,HUMAN,170350.906,26.63,9.0,4.561,689.753,1.0191,129.594,0.8339,TRIBAL
2020-12-14,WB000001810,000000001810,SURFACE_WATER,TURBIDITY,422.9337,MPN_100ML,4.0622,0,0,NONE,157229.221,8.46,7.14,0.829,159.748,1.1729,43.034,0.2326,EPA
2020-12-15,WB000001811,000000001811,SURFACE_WATER,LEAD,487.6656,MPN_100ML,2.5272,1,1,NONE,63976.103,16.28,6.62,9.92,705.899,14.9308,181.777,0.7812,EPA
2020-12-16,WB000001812,000000001812,EFFLUENT,PH,106.6831,MG_L,0.3463,0,0,NONE,200656.734,17.3,7.01,7.812,531.829,20.6502,81.398,0.112,LOCAL
2020-12-17,WB000001813,000000001813,SURFACE_WATER,NITRATE,77.2782,MG_L,2.1047,0,1,AGRICULTURAL,230173.978,33.59,9.26,3.536,509.854,24.9326,76.001,0.0524,LOCAL
2020-12-18,WB000001814,000000001814,DRINKING_WATER,PHOSPHATE,115.8694,PPB,4.4225,0,0,HUMAN,184001.524,0.89,8.98,10.619,44.798,9.4162,58.276,0.0483,USGS
2020-12-19,WB000001815,000000001815,SURFACE_WATER,PH,163.4028,PPB,2.6378,0,1,AGRICULTURAL,28744.046,14.21,7.97,13.49,655.128,13.2699,107.402,0.7207,CITIZEN_SCIENCE
2020-12-20,WB000001816,000000001816,EFFLUENT,DO,443.9397,UG_L,0.3646,0,0,NONE,168936.154,27.71,6.11,8.37,229.687,19.2722,130.613,0.5681,STATE
2020-12-21,WB000001817,000000001817,GROUNDWATER,TURBIDITY,5.7758,NTU,0.6172,0,0,AGRICULTURAL,127508.16,12.23,7.46,1.919,711.741,21.5975,163.861,0.3537,LOCAL
2020-12-22,WB000001818,000000001818,SURFACE_WATER,TURBIDITY,497.2775,PPB,1.6467,0,1,HUMAN,157668.508,24.79,6.8,6.965,778.87,17.5454,128.917,0.4752,USGS
2020-12-23,WB000001819,000000001819,SURFACE_WATER,E_COLI,336.5389,MPN_100ML,1.7026,0,0,NONE,186268.911,1.61,8.87,12.174,749.4,22.3434,187.082,0.665,STATE
2020-12-24,WB000001820,000000001820,SURFACE_WATER,TURBIDITY,390.7231,PCI_L,3.978,0,0,NONE,92644.817,30.43,9.4,6.004,609.505,0.6303,24.133,0.6092,EPA
2020-12-25,WB000001821,000000001821,SEDIMENT,LEAD,387.923,PPB,1.7958,0,0,NONE,159362.422,-0.06,9.2,11.34,513.829,18.126,152.748,0.1075,STATE
2020-12-26,WB000001822,000000001822,SURFACE_WATER,ARSENIC,271.4176,PCI_L,4.5778,0,1,NONE,28149.563,25.28,8.68,8.528,703.801,21.3495,9.235,0.1497,CITIZEN_SCIENCE
2020-12-27,WB000001823,000000001823,GROUNDWATER,NITRATE,25.7368,UG_L,0.5754,0,0,NONE,92353.592,29.9,7.59,6.977,203.013,6.7991,91.735,0.4184,CITIZEN_SCIENCE
2020-12-28,WB000001824,000000001824,SURFACE_WATER,PHOSPHATE,358.8475,NTU,2.6493,0,1,HUMAN,169059.481,3.68,7.37,0.146,527.173,5.9674,173.266,0.1796,STATE
2020-12-29,WB000001825,000000001825,GROUNDWATER,TURBIDITY,451.4173,PPB,3.1672,0,0,ANIMAL,140227.018,29.95,5.91,12.768,3.727,13.2821,117.991,0.1632,USGS
2020-12-30,WB000001826,000000001826,SURFACE_WATER,PHOSPHATE,254.6291,UG_L,0.4267,0,0,NONE,199286.693,24.25,7.22,7.189,371.923,15.5693,41.91,0.8219,LOCAL
2020-12-31,WB000001827,000000001827,SURFACE_WATER,CHLORIDE,285.7833,PH_UNITS,0.8379,0,0,ANIMAL,174990.483,24.91,6.29,4.067,586.579,2.8276,88.676,0.3303,STATE
2021-01-01,WB000001828,000000001828,GROUNDWATER,PFAS,486.4617,NTU,3.4635,0,0,NONE,215983.859,13.26,8.46,8.442,771.602,11.3067,51.614,0.0003,TRIBAL
2021-01-02,WB000001829,000000001829,GROUNDWATER,E_COLI,274.3916,MPN_100ML,0.5342,0,1,ANIMAL,124876.421,8.57,7.92,1.851,436.795,10.3053,70.931,0.3575,STATE
2021-01-03,WB000001830,000000001830,SURFACE_WATER,E_COLI,262.368,MG_L,1.563,0,1,NONE,150980.973,18.1,7.52,7.507,425.679,10.7776,183.311,0.445,STATE
2021-01-04,WB000001831,000000001831,SURFACE_WATER,TURBIDITY,19.368,MPN_100ML,2.6909,0,0,HUMAN,185943.101,13.27,9.32,6.851,710.855,21.6829,101.729,0.8816,USGS
2021-01-05,WB000001832,000000001832,SURFACE_WATER,PHOSPHATE,462.3865,UG_L,2.9077,0,0,HUMAN,84023.019,30.62,9.14,5.075,248.106,4.0279,83.638,0.3372,TRIBAL
2021-01-06,WB000001833,000000001833,SURFACE_WATER,TURBIDITY,294.2041,NTU,2.7561,0,1,NONE,105908.021,6.22,7.31,0.112,543.344,2.5371,147.509,0.0783,EPA
2021-01-07,WB000001834,000000001834,GROUNDWATER,PHOSPHATE,61.1683,PCI_L,4.0291,0,0,NONE,153291.84,24.99,5.94,0.786,762.785,19.4016,178.187,0.7459,EPA
2021-01-08,WB000001835,000000001835,SURFACE_WATER,PFAS,260.0306,PCI_L,3.747,1,0,HUMAN,75550.671,29.65,5.69,13.231,23.583,14.1634,121.469,0.3955,LOCAL
2021-01-09,WB000001836,000000001836,SEDIMENT,PHOSPHATE,78.4776,PPB,3.3446,0,0,ANIMAL,101294.742,3.77,7.94,7.366,221.328,13.5438,86.581,0.8573,STATE
2021-01-10,WB000001837,000000001837,SURFACE_WATER,TURBIDITY,2.8538,PCI_L,2.5436,1,0,NONE,76174.384,13.09,9.01,6.214,753.511,8.4018,122.76,0.1391,STATE
2021-01-11,WB000001838,000000001838,EFFLUENT,E_COLI,367.4608,NTU,2.3103,1,0,NONE,192616.971,33.23,6.79,9.779,252.681,22.8537,51.663,0.1238,TRIBAL
2021-01-12,WB000001839,000000001839,SURFACE_WATER,PH,190.2831,NTU,2.2583,0,0,ANIMAL,151667.431,6.63,6.21,2.783,412.152,8.6138,183.38,0.9739,USGS
2021-01-13,WB000001840,000000001840,SURFACE_WATER,DO,9.4233,PPB,0.2332,0,0,ANIMAL,120313.146,3.53,5.93,10.852,483.615,12.2156,55.315,0.9919,STATE
2021-01-14,WB000001841,000000001841,GROUNDWATER,DO,43.3485,PCI_L,0.725,0,0,HUMAN,213850.383,10.45,7.11,5.723,599.854,4.9722,132.279,0.623,EPA
2021-01-15,WB000001842,000000001842,GROUNDWATER,NITRATE,374.6384,NTU,2.3652,0,0,INDUSTRIAL,109896.69,25.25,8.03,3.749,414.41,20.081,8.883,0.0771,TRIBAL
2021-01-16,WB000001843,000000001843,GROUNDWATER,CHLORIDE,240.5382,PH_UNITS,2.946,1,0,ANIMAL,44844.689,22.01,9.21,10.928,352.746,4.9899,138.716,0.5235,STATE
2021-01-17,WB000001844,000000001844,SURFACE_WATER,LEAD,400.699,MPN_100ML,3.336,0,0,NONE,131346.22,5.03,8.18,6.452,774.658,22.1618,68.4,0.7679,EPA
2021-01-18,WB000001845,000000001845,SURFACE_WATER,LEAD,53.1615,NTU,1.9947,0,0,NONE,127812.187,11.16,9.37,3.092,727.811,7.3431,124.861,0.6599,EPA
2021-01-19,WB000001846,000000001846,GROUNDWATER,NITRATE,189.5936,PH_UNITS,2.8742,0,0,NONE,190818.364,11.08,6.71,5.436,550.495,6.1859,50.715,0.8673,EPA
2021-01-20,WB000001847,000000001847,SURFACE_WATER,PFAS,194.2757,MPN_100ML,4.1844,0,0,INDUSTRIAL,138151.321,17.91,7.73,0.615,24.501,11.2347,120.861,0.5293,EPA
2021-01-21,WB000001848,000000001848,SURFACE_WATER,NITRATE,237.612,MG_L,1.1984,1,1,NONE,146123.415,26.61,9.27,0.638,611.339,11.282,100.925,0.5078,STATE
2021-01-22,WB000001849,000000001849,GROUNDWATER,DO,110.3377,UG_L,3.2838,0,1,HUMAN,58645.108,34.67,8.14,10.572,445.768,8.7493,186.246,0.5056,USGS
2021-01-23,WB000001850,000000001850,SURFACE_WATER,PH,280.8562,MPN_100ML,3.0753,0,0,HUMAN,186187.027,5.94,8.07,13.487,175.429,18.9223,39.226,0.8741,STATE
2021-01-24,WB000001851,000000001851,SURFACE_WATER,PHOSPHATE,379.5639,MG_L,0.477,0,1,AGRICULTURAL,248409.349,29.01,8.62,2.476,6.109,9.5556,59.999,0.3626,TRIBAL
2021-01-25,WB000001852,000000001852,DRINKING_WATER,ARSENIC,369.558,MG_L,0.8015,0,1,AGRICULTURAL,66680.026,19.67,5.52,1.913,449.526,6.4504,156.717,0.4947,EPA
2021-01-26,WB000001853,000000001853,SURFACE_WATER,NITRATE,247.4681,PPB,0.9851,0,0,NONE,16167.304,-0.0,8.25,9.767,384.088,21.9133,152.215,0.7554,TRIBAL
2021-01-27,WB000001854,000000001854,EFFLUENT,ARSENIC,36.569,UG_L,3.545,0,0,NONE,54916.354,9.87,6.1,2.878,565.237,2.9872,104.613,0.9643,LOCAL
2021-01-28,WB000001855,000000001855,GROUNDWATER,ARSENIC,22.9511,PCI_L,2.8501,0,1,NONE,10586.797,33.27,9.47,2.028,292.305,15.8516,176.302,0.9799,STATE
2021-01-29,WB000001856,000000001856,SURFACE_WATER,PFAS,121.318,MG_L,4.1501,0,0,NONE,135917.237,3.96,7.11,5.887,193.972,10.4328,123.602,0.6858,EPA
2021-01-30,WB000001857,000000001857,EFFLUENT,PHOSPHATE,264.988,MG_L,0.2737,0,0,NONE,66204.647,24.34,9.42,8.665,319.41,24.6455,2.196,0.5222,STATE
2021-01-31,WB000001858,000000001858,DRINKING_WATER,PFAS,27.3317,MG_L,2.7397,0,0,NONE,243212.701,1.24,9.02,0.311,499.684,23.6321,130.33,0.7003,STATE
2021-02-01,WB000001859,000000001859,SURFACE_WATER,NITRATE,185.4532,PCI_L,4.0171,0,0,NONE,216002.488,18.22,7.57,0.896,761.925,18.9592,115.294,0.3893,EPA
2021-02-02,WB000001860,000000001860,SEDIMENT,PFAS,426.4422,PPB,2.7121,1,1,ANIMAL,83323.26,2.58,7.46,11.881,35.35,22.5031,125.589,0.5227,TRIBAL
2021-02-03,WB000001861,000000001861,EFFLUENT,DO,199.5122,PPB,0.605,1,0,NONE,194271.914,2.32,8.86,9.762,33.953,2.4479,180.678,0.9996,CITIZEN_SCIENCE
2021-02-04,WB000001862,000000001862,SURFACE_WATER,ARSENIC,403.2058,NTU,4.2956,0,0,INDUSTRIAL,7936.645,4.49,7.75,12.134,597.855,19.0397,81.995,0.1049,USGS
2021-02-05,WB000001863,000000001863,SEDIMENT,DO,292.464,PH_UNITS,1.4614,0,0,NONE,171253.511,12.53,5.86,6.078,792.152,16.7576,23.205,0.7874,LOCAL
2021-02-06,WB000001864,000000001864,SURFACE_WATER,PFAS,73.1526,MG_L,4.2191,1,0,INDUSTRIAL,228037.996,13.54,5.84,9.033,44.411,14.4234,15.794,0.0436,USGS
2021-02-07,WB000001865,000000001865,GROUNDWATER,E_COLI,8.4858,NTU,2.0553,0,0,AGRICULTURAL,187597.917,3.19,7.44,3.084,365.248,4.7459,74.893,0.4851,USGS
2021-02-08,WB000001866,000000001866,SURFACE_WATER,ARSENIC,339.68,PCI_L,0.6065,1,0,NONE,16800.179,11.08,8.1,12.515,428.902,10.848,141.479,0.641,STATE
2021-02-09,WB000001867,000000001867,SURFACE_WATER,CHLORIDE,12.1139,PH_UNITS,4.9923,0,0,INDUSTRIAL,160886.078,29.06,6.66,4.008,165.238,8.8396,84.706,0.9475,STATE
2021-02-10,WB000001868,000000001868,GROUNDWATER,E_COLI,231.2831,MG_L,2.3197,0,1,NONE,90914.861,28.58,6.32,11.954,635.3,24.4407,29.751,0.226,USGS
2021-02-11,WB000001869,000000001869,SEDIMENT,TURBIDITY,263.9171,MPN_100ML,0.0985,0,0,INDUSTRIAL,191698.101,7.04,5.81,2.84,482.472,22.6941,22.371,0.4931,STATE
2021-02-12,WB000001870,000000001870,SURFACE_WATER,TURBIDITY,163.4092,PCI_L,0.0303,0,0,AGRICULTURAL,89541.184,34.64,8.99,7.006,758.554,5.4457,88.388,0.0904,CITIZEN_SCIENCE
2021-02-13,WB000001871,000000001871,SURFACE_WATER,E_COLI,368.2469,PPB,0.8899,1,1,ANIMAL,131301.693,20.01,6.39,8.275,449.719,5.3528,71.786,0.1466,STATE
2021-02-14,WB000001872,000000001872,GROUNDWATER,PH,466.669,PPB,0.7263,0,1,HUMAN,202237.206,17.41,7.59,1.995,461.629,11.344,37.875,0.1033,LOCAL
2021-02-15,WB000001873,000000001873,SEDIMENT,CHLORIDE,38.9619,PPB,3.3001,0,0,NONE,195426.136,23.31,8.89,7.394,267.476,15.7925,161.679,0.9478,EPA
2021-02-16,WB000001874,000000001874,GROUNDWATER,ARSENIC,48.6406,PH_UNITS,2.1294,1,1,NONE,68265.627,25.1,7.44,12.98,297.35,14.8964,32.921,0.9902,LOCAL
2021-02-17,WB000001875,000000001875,SURFACE_WATER,LEAD,424.4651,PCI_L,0.0687,0,0,ANIMAL,71348.868,14.58,7.45,2.423,643.495,19.137,73.022,0.4692,STATE
2021-02-18,WB000001876,000000001876,SURFACE_WATER,CHLORIDE,488.351,PPB,3.8817,0,0,ANIMAL,171791.816,30.25,8.18,4.513,655.116,21.751,151.638,0.1214,STATE
2021-02-19,WB000001877,000000001877,SURFACE_WATER,CHLORIDE,76.3009,PPB,4.8799,0,0,HUMAN,241066.328,6.0,5.78,6.643,61.277,1.1835,49.589,0.6028,STATE
2021-02-20,WB000001878,000000001878,SURFACE_WATER,LEAD,55.1526,MG_L,3.7526,0,1,HUMAN,227558.37,2.73,7.27,0.636,534.987,4.5173,87.764,0.9796,USGS
2021-02-21,WB000001879,000000001879,SURFACE_WATER,CHLORIDE,345.527,UG_L,4.5286,0,0,NONE,231355.226,23.47,8.93,2.859,231.873,6.0968,102.603,0.1046,STATE
2021-02-22,WB000001880,000000001880,GROUNDWATER,PH,485.3989,PPB,4.466,1,0,NONE,159848.888,25.12,6.62,13.11,285.881,20.4283,99.898,0.7167,USGS
2021-02-23,WB000001881,000000001881,EFFLUENT,DO,233.9034,UG_L,1.2615,1,0,NONE,164299.75,23.63,7.54,3.059,42.576,22.2717,119.174,0.5187,USGS
2021-02-24,WB000001882,000000001882,SURFACE_WATER,PFAS,30.4417,PCI_L,2.6762,0,1,ANIMAL,108362.087,34.28,5.75,8.792,517.654,11.3642,77.09,0.5571,EPA
2021-02-25,WB000001883,000000001883,SURFACE_WATER,DO,134.1637,MPN_100ML,3.023,1,1,HUMAN,247381.229,15.53,7.62,8.96,778.987,20.4944,0.282,0.3244,STATE
2021-02-26,WB000001884,000000001884,SURFACE_WATER,CHLORIDE,440.1123,UG_L,0.9001,0,0,NONE,167343.268,29.44,8.91,1.259,663.342,14.0904,140.653,0.1286,STATE
2021-02-27,WB000001885,000000001885,EFFLUENT,DO,298.0055,MPN_100ML,3.0327,1,0,HUMAN,16128.423,17.85,6.38,5.437,58.618,1.1675,156.063,0.732,LOCAL
2021-02-28,WB000001886,000000001886,SURFACE_WATER,LEAD,27.0081,NTU,2.7161,0,0,NONE,68382.621,15.88,5.96,0.667,122.164,14.1091,168.02,0.6503,USGS
2021-03-01,WB000001887,000000001887,SEDIMENT,NITRATE,488.7422,NTU,2.9116,0,0,NONE,58037.95,15.29,7.39,3.906,406.161,12.6768,163.107,0.3609,STATE
2021-03-02,WB000001888,000000001888,SEDIMENT,PHOSPHATE,430.2817,UG_L,1.5661,0,1,HUMAN,136548.834,34.2,7.88,2.533,327.105,22.2435,176.045,0.9738,STATE
2021-03-03,WB000001889,000000001889,EFFLUENT,ARSENIC,44.5706,PH_UNITS,1.8669,0,1,ANIMAL,248027.537,29.16,7.28,11.676,245.226,8.1211,109.81,0.0723,CITIZEN_SCIENCE
2021-03-04,WB000001890,000000001890,SURFACE_WATER,PFAS,402.4543,PPB,3.4589,0,0,NONE,118685.826,30.6,7.74,3.08,345.951,12.5099,48.162,0.6682,STATE
2021-03-05,WB000001891,000000001891,SURFACE_WATER,PH,369.4766,UG_L,1.5434,1,1,ANIMAL,73636.714,27.13,6.06,4.463,773.604,4.5669,67.607,0.4631,CITIZEN_SCIENCE
2021-03-06,WB000001892,000000001892,SURFACE_WATER,PFAS,446.1543,PPB,1.9076,0,0,ANIMAL,37898.681,15.8,8.22,1.133,197.181,17.1732,21.391,0.8745,USGS
2021-03-07,WB000001893,000000001893,SURFACE_WATER,PHOSPHATE,238.8974,PCI_L,3.1783,0,0,NONE,165085.935,13.61,9.18,4.733,252.07,19.278,52.566,0.1489,LOCAL
2021-03-08,WB000001894,000000001894,GROUNDWATER,LEAD,199.0915,PPB,0.646,1,0,HUMAN,75320.167,31.18,7.25,4.41,776.019,0.372,107.276,0.2263,STATE
2021-03-09,WB000001895,000000001895,SURFACE_WATER,NITRATE,465.4976,PPB,1.4207,0,1,NONE,40969.895,1.85,5.62,9.723,725.274,6.706,175.686,0.0359,EPA
2021-03-10,WB000001896,000000001896,SEDIMENT,TURBIDITY,477.5695,MPN_100ML,1.0528,1,1,NONE,211607.063,26.33,8.54,9.851,403.028,20.2544,24.665,0.0088,STATE
2021-03-11,WB000001897,000000001897,SURFACE_WATER,PFAS,405.3478,PCI_L,0.1071,0,0,NONE,58283.432,7.47,7.57,3.348,330.025,24.4804,19.701,0.0776,STATE
2021-03-12,WB000001898,000000001898,SEDIMENT,PHOSPHATE,41.0704,PCI_L,4.1506,0,0,NONE,220234.52,34.33,8.48,0.132,138.262,11.8389,166.155,0.4959,TRIBAL
2021-03-13,WB000001899,000000001899,DRINKING_WATER,PH,301.642,PH_UNITS,1.3661,0,1,ANIMAL,92022.415,34.65,6.45,13.362,110.085,7.8466,182.742,0.5814,EPA
2021-03-14,WB000001900,000000001900,SURFACE_WATER,CHLORIDE,205.5377,PPB,3.7396,1,0,NONE,41123.928,3.21,5.54,8.125,628.789,16.2041,148.741,0.3794,USGS
2021-03-15,WB000001901,000000001901,SURFACE_WATER,DO,158.4877,PPB,0.3312,0,1,ANIMAL,40820.397,2.1,5.57,11.494,12.067,2.2521,149.597,0.3199,USGS
2021-03-16,WB000001902,000000001902,GROUNDWATER,DO,475.7611,UG_L,4.48,0,0,ANIMAL,206737.415,28.89,6.1,6.746,361.986,22.3266,94.43,0.2564,STATE
2021-03-17,WB000001903,000000001903,SURFACE_WATER,CHLORIDE,191.5934,PH_UNITS,1.0504,0,0,HUMAN,246884.609,27.99,6.15,12.675,553.988,10.0696,189.138,0.8817,CITIZEN_SCIENCE
2021-03-18,WB000001904,000000001904,SURFACE_WATER,NITRATE,299.3812,PPB,1.5905,0,0,NONE,167122.032,1.8,6.44,6.891,414.047,0.5695,15.523,0.0149,USGS
2021-03-19,WB000001905,000000001905,SEDIMENT,E_COLI,414.7595,PPB,4.9821,0,0,AGRICULTURAL,157645.883,19.19,9.32,9.749,416.904,9.2768,68.674,0.9777,USGS
2021-03-20,WB000001906,000000001906,SEDIMENT,LEAD,463.0931,MPN_100ML,1.6693,0,0,NONE,57565.1,12.01,8.9,2.12,171.815,6.3322,1.933,0.8647,USGS
2021-03-21,WB000001907,000000001907,GROUNDWATER,E_COLI,374.8851,PCI_L,2.5427,0,0,NONE,237987.958,14.45,8.36,2.217,545.904,2.0698,31.206,0.5104,TRIBAL
2021-03-22,WB000001908,000000001908,EFFLUENT,PHOSPHATE,257.7886,PPB,2.1308,0,0,NONE,159844.423,0.12,8.72,13.496,540.146,22.7473,129.805,0.0945,EPA
2021-03-23,WB000001909,000000001909,DRINKING_WATER,PFAS,94.7239,MG_L,4.1343,0,0,NONE,173224.531,23.71,6.95,11.497,301.923,3.918,20.379,0.7921,TRIBAL
2021-03-24,WB000001910,000000001910,EFFLUENT,DO,423.3688,MG_L,0.2432,0,0,NONE,248952.536,21.92,7.52,13.433,173.365,6.4676,74.083,0.2008,LOCAL
2021-03-25,WB000001911,000000001911,DRINKING_WATER,E_COLI,263.7625,NTU,0.6339,0,0,ANIMAL,113661.14,31.55,8.43,8.194,629.697,3.1105,41.44,0.2779,EPA
2021-03-26,WB000001912,000000001912,SURFACE_WATER,LEAD,87.929,MPN_100ML,1.2344,0,0,INDUSTRIAL,188317.001,26.57,9.5,6.19,584.594,22.6329,121.801,0.5719,USGS
2021-03-27,WB000001913,000000001913,SURFACE_WATER,ARSENIC,439.0298,MPN_100ML,2.4826,1,0,NONE,194573.974,8.89,6.8,8.564,182.762,10.2285,191.859,0.6922,STATE
2021-03-28,WB000001914,000000001914,SURFACE_WATER,LEAD,72.8638,NTU,4.3162,0,0,ANIMAL,45293.73,3.26,7.39,0.767,92.208,16.5096,79.971,0.0396,USGS
2021-03-29,WB000001915,000000001915,GROUNDWATER,E_COLI,198.3348,UG_L,1.4155,0,0,AGRICULTURAL,192940.056,-0.73,7.88,6.306,240.942,14.6874,130.215,0.8195,LOCAL
2021-03-30,WB000001916,000000001916,GROUNDWATER,LEAD,15.47,PH_UNITS,1.6928,0,0,INDUSTRIAL,139576.641,23.12,6.73,0.959,63.986,1.4321,108.654,0.9589,EPA
2021-03-31,WB000001917,000000001917,EFFLUENT,E_COLI,190.2233,PPB,0.4994,0,0,NONE,232645.912,13.88,7.68,2.115,771.922,4.9256,104.513,0.2009,CITIZEN_SCIENCE
2021-04-01,WB000001918,000000001918,SURFACE_WATER,DO,20.2167,PPB,4.8657,0,0,NONE,197010.189,16.46,7.86,5.701,304.335,16.8574,91.751,0.7271,LOCAL
2021-04-02,WB000001919,000000001919,EFFLUENT,PH,162.9981,MPN_100ML,4.5283,0,0,AGRICULTURAL,95962.912,12.24,8.68,11.379,443.017,1.2043,25.081,0.5389,STATE
2021-04-03,WB000001920,000000001920,SURFACE_WATER,LEAD,258.5412,PCI_L,4.8397,0,1,NONE,143202.657,10.69,6.54,6.57,482.144,12.9953,90.641,0.6661,STATE
2021-04-04,WB000001921,000000001921,GROUNDWATER,NITRATE,97.6384,NTU,3.5742,1,0,INDUSTRIAL,213546.422,0.62,6.75,2.96,303.769,13.849,51.638,0.608,TRIBAL
2021-04-05,WB000001922,000000001922,EFFLUENT,PHOSPHATE,410.2404,UG_L,3.6894,0,0,AGRICULTURAL,204653.602,9.07,7.4,9.414,289.407,22.1083,133.764,0.172,EPA
2021-04-06,WB000001923,000000001923,EFFLUENT,E_COLI,235.0193,PPB,2.8181,0,1,AGRICULTURAL,167608.124,16.94,5.75,11.01,609.809,23.3416,136.295,0.7857,EPA
2021-04-07,WB000001924,000000001924,SURFACE_WATER,PHOSPHATE,445.511,MPN_100ML,4.1965,0,1,HUMAN,248679.587,18.06,8.06,10.569,647.022,13.7619,0.853,0.589,LOCAL
2021-04-08,WB000001925,000000001925,SURFACE_WATER,NITRATE,287.59,PCI_L,4.2248,0,0,ANIMAL,11406.736,3.59,8.62,0.91,448.913,18.0107,45.413,0.0698,TRIBAL
2021-04-09,WB000001926,000000001926,GROUNDWATER,PH,145.7787,PPB,3.2903,0,0,NONE,146100.291,31.54,7.53,1.66,696.617,17.0431,190.374,0.3578,LOCAL
2021-04-10,WB000001927,000000001927,DRINKING_WATER,E_COLI,150.5424,MG_L,1.3833,0,1,NONE,28046.539,16.72,7.12,7.387,104.743,7.0252,17.423,0.3037,USGS
2021-04-11,WB000001928,000000001928,SURFACE_WATER,E_COLI,490.6357,PPB,0.7708,1,0,ANIMAL,236373.152,27.54,9.06,7.095,794.208,23.1866,19.051,0.747,TRIBAL
2021-04-12,WB000001929,000000001929,SURFACE_WATER,PHOSPHATE,40.2605,PPB,3.496,0,0,NONE,127514.107,7.14,7.64,1.435,302.62,2.9413,21.79,0.8088,EPA
2021-04-13,WB000001930,000000001930,SURFACE_WATER,E_COLI,475.7101,MPN_100ML,2.1777,1,0,NONE,458.402,30.09,8.78,1.774,42.722,9.9265,114.254,0.4928,USGS
2021-04-14,WB000001931,000000001931,SEDIMENT,TURBIDITY,120.7709,MPN_100ML,3.4278,1,0,NONE,221910.127,1.48,9.13,11.962,625.6,3.7871,192.17,0.8171,USGS
2021-04-15,WB000001932,000000001932,SURFACE_WATER,E_COLI,497.2305,PPB,0.1227,0,0,NONE,144697.185,1.47,6.11,6.361,131.828,18.1367,183.973,0.135,EPA
2021-04-16,WB000001933,000000001933,SURFACE_WATER,NITRATE,339.3547,PCI_L,0.3809,0,1,AGRICULTURAL,86973.287,22.41,5.81,9.104,223.204,1.8307,172.683,0.8871,CITIZEN_SCIENCE
2021-04-17,WB000001934,000000001934,SURFACE_WATER,PH,305.8767,MPN_100ML,3.6586,1,1,NONE,68567.498,14.13,7.83,5.179,746.888,11.6223,149.401,0.5253,LOCAL
2021-04-18,WB000001935,000000001935,SURFACE_WATER,E_COLI,143.106,MG_L,2.4334,0,0,NONE,228761.335,0.1,6.08,4.199,672.173,10.8473,82.206,0.2431,STATE
2021-04-19,WB000001936,000000001936,SURFACE_WATER,NITRATE,492.3117,PCI_L,0.4224,0,0,NONE,194616.421,21.07,6.04,9.885,15.811,10.8245,189.096,0.9612,EPA
2021-04-20,WB000001937,000000001937,GROUNDWATER,LEAD,439.1211,MG_L,1.9059,0,1,NONE,210999.521,19.52,6.4,0.953,238.41,1.0723,78.425,0.5186,LOCAL
2021-04-21,WB000001938,000000001938,SURFACE_WATER,LEAD,68.5669,MPN_100ML,4.7077,1,1,NONE,82098.889,9.1,6.8,3.433,114.521,3.4441,192.736,0.2415,USGS
2021-04-22,WB000001939,000000001939,SURFACE_WATER,CHLORIDE,264.1121,MG_L,0.3452,0,1,NONE,141031.959,18.94,8.8,0.832,123.349,20.959,157.561,0.937,EPA
2021-04-23,WB000001940,000000001940,EFFLUENT,PH,360.1948,PH_UNITS,3.1317,0,1,NONE,236841.867,16.66,6.49,3.81,552.662,10.6588,96.517,0.4389,EPA
2021-04-24,WB000001941,000000001941,GROUNDWATER,DO,370.3863,PCI_L,4.8173,0,0,NONE,95793.219,17.42,5.91,6.598,496.274,8.4031,119.199,0.538,CITIZEN_SCIENCE
2021-04-25,WB000001942,000000001942,GROUNDWATER,DO,346.6071,UG_L,4.3702,0,0,NONE,194382.623,21.68,6.93,1.218,118.914,13.1561,194.789,0.7899,USGS
2021-04-26,WB000001943,000000001943,SURFACE_WATER,PHOSPHATE,333.2136,PPB,2.3515,0,1,INDUSTRIAL,153490.771,3.81,7.34,3.531,194.721,1.507,4.17,0.2319,LOCAL
2021-04-27,WB000001944,000000001944,EFFLUENT,CHLORIDE,42.9409,MPN_100ML,4.1861,0,0,INDUSTRIAL,113219.494,28.6,8.84,1.735,298.935,0.7971,107.344,0.8813,LOCAL
2021-04-28,WB000001945,000000001945,EFFLUENT,PHOSPHATE,383.1624,PPB,3.1607,0,0,NONE,38613.833,5.47,8.01,13.992,611.338,24.9778,81.521,0.0156,TRIBAL
2021-04-29,WB000001946,000000001946,SEDIMENT,PFAS,473.2541,MPN_100ML,4.9848,0,0,HUMAN,234635.294,3.68,7.71,3.261,290.635,23.7983,83.697,0.2383,EPA
2021-04-30,WB000001947,000000001947,EFFLUENT,CHLORIDE,434.9593,NTU,1.865,0,0,NONE,92924.124,33.53,8.24,0.292,117.5,9.199,24.547,0.3162,STATE
2021-05-01,WB000001948,000000001948,GROUNDWATER,NITRATE,445.3689,MG_L,2.155,0,0,NONE,209005.161,29.2,7.35,11.497,610.91,5.346,162.664,0.6161,TRIBAL
2021-05-02,WB000001949,000000001949,DRINKING_WATER,ARSENIC,263.625,PCI_L,4.2663,0,0,ANIMAL,208431.21,7.83,6.6,1.668,638.542,11.9766,129.499,0.3629,STATE
2021-05-03,WB000001950,000000001950,GROUNDWATER,TURBIDITY,275.9254,PH_UNITS,3.1909,0,0,NONE,115183.522,14.71,8.0,9.729,623.302,11.3297,189.437,0.2035,STATE
2021-05-04,WB000001951,000000001951,DRINKING_WATER,PH,272.4118,PCI_L,1.4072,0,1,ANIMAL,2009.685,4.91,5.5,6.759,45.774,14.9797,152.093,0.4448,EPA
2021-05-05,WB000001952,000000001952,SURFACE_WATER,CHLORIDE,31.5273,NTU,2.8175,0,1,HUMAN,27709.211,2.6,6.44,6.556,620.386,24.0833,113.064,0.6093,EPA
2021-05-06,WB000001953,000000001953,SURFACE_WATER,LEAD,65.7753,PCI_L,1.7392,0,1,ANIMAL,127392.713,5.59,7.84,3.547,373.084,16.6455,187.366,0.2963,USGS
2021-05-07,WB000001954,000000001954,GROUNDWATER,CHLORIDE,5.1489,MG_L,2.6461,0,0,NONE,168429.096,1.41,5.87,6.585,319.44,14.224,29.837,0.7765,STATE
2021-05-08,WB000001955,000000001955,GROUNDWATER,LEAD,43.6429,UG_L,1.2049,0,0,INDUSTRIAL,243502.492,21.62,7.69,1.174,381.979,5.5792,109.881,0.7837,STATE
2021-05-09,WB000001956,000000001956,SURFACE_WATER,PFAS,319.2762,PH_UNITS,2.5082,0,0,NONE,48812.79,10.17,8.57,0.64,396.104,0.0548,168.307,0.3375,CITIZEN_SCIENCE
2021-05-10,WB000001957,000000001957,SURFACE_WATER,LEAD,64.0375,MPN_100ML,2.248,0,0,NONE,38469.211,0.47,6.1,8.003,36.2,8.5188,15.531,0.3771,LOCAL
2021-05-11,WB000001958,000000001958,GROUNDWATER,DO,130.2327,PH_UNITS,0.9759,0,0,NONE,34965.18,2.4,6.42,9.23,109.235,5.6889,138.457,0.5327,USGS
2021-05-12,WB000001959,000000001959,GROUNDWATER,LEAD,474.0022,UG_L,1.5371,0,0,ANIMAL,22621.603,19.62,5.86,12.428,386.021,17.4928,120.666,0.9057,CITIZEN_SCIENCE
2021-05-13,WB000001960,000000001960,SURFACE_WATER,PFAS,294.5816,MG_L,4.0704,0,1,NONE,124176.24,26.44,7.9,9.379,596.1,9.496,58.752,0.6272,STATE
2021-05-14,WB000001961,000000001961,SURFACE_WATER,ARSENIC,34.2069,NTU,4.9734,0,0,NONE,191762.235,12.8,6.77,11.276,448.694,11.2524,7.07,0.2429,CITIZEN_SCIENCE
2021-05-15,WB000001962,000000001962,SURFACE_WATER,DO,270.2953,PCI_L,4.6424,0,1,HUMAN,151567.552,29.24,5.86,8.599,705.125,22.1007,170.335,0.0299,STATE
2021-05-16,WB000001963,000000001963,SURFACE_WATER,TURBIDITY,301.564,PPB,0.0256,0,0,NONE,104678.344,32.46,8.92,2.184,729.161,6.8725,115.834,0.4082,LOCAL
2021-05-17,WB000001964,000000001964,DRINKING_WATER,PH,204.7744,PH_UNITS,3.3905,0,0,NONE,168161.71,14.89,5.73,1.377,734.757,6.236,118.049,0.4768,CITIZEN_SCIENCE
2021-05-18,WB000001965,000000001965,SURFACE_WATER,DO,275.7066,MPN_100ML,3.8513,1,1,INDUSTRIAL,71015.281,22.71,7.77,1.65,510.193,2.7313,19.846,0.0539,LOCAL
2021-05-19,WB000001966,000000001966,SURFACE_WATER,PH,4.5116,MPN_100ML,3.9452,1,0,NONE,247947.563,23.39,9.12,12.87,61.411,4.7664,30.602,0.5936,STATE
2021-05-20,WB000001967,000000001967,EFFLUENT,LEAD,444.4869,PPB,2.8774,1,0,AGRICULTURAL,65497.107,7.45,8.89,9.701,372.572,16.1317,5.173,0.2428,LOCAL
2021-05-21,WB000001968,000000001968,SEDIMENT,LEAD,48.7996,MPN_100ML,4.5736,0,1,NONE,42795.751,26.39,5.63,9.903,101.729,14.0449,197.324,0.5713,EPA
2021-05-22,WB000001969,000000001969,SURFACE_WATER,E_COLI,45.1514,UG_L,2.7412,1,0,NONE,240167.935,28.77,9.45,4.945,430.004,1.7989,8.782,0.0131,CITIZEN_SCIENCE
2021-05-23,WB000001970,000000001970,GROUNDWATER,TURBIDITY,431.6577,PH_UNITS,2.938,0,0,NONE,117388.942,32.65,5.96,6.493,772.5,12.5048,65.874,0.0094,STATE
2021-05-24,WB000001971,000000001971,GROUNDWATER,ARSENIC,496.8221,UG_L,4.3027,0,0,ANIMAL,7054.517,12.85,8.21,2.219,314.736,9.5747,27.254,0.2726,STATE
2021-05-25,WB000001972,000000001972,GROUNDWATER,PFAS,445.4159,PH_UNITS,2.5556,0,1,NONE,112918.154,29.78,8.55,4.856,348.095,10.2076,18.178,0.8882,CITIZEN_SCIENCE
2021-05-26,WB000001973,000000001973,DRINKING_WATER,E_COLI,321.9821,PCI_L,1.9769,0,0,NONE,181128.523,4.15,8.83,3.041,353.359,0.8084,157.744,0.5544,USGS
2021-05-27,WB000001974,000000001974,SURFACE_WATER,DO,443.5538,UG_L,4.4145,0,1,NONE,79148.843,3.33,7.39,11.666,507.466,0.7763,158.145,0.0812,EPA
2021-05-28,WB000001975,000000001975,EFFLUENT,DO,104.8851,PPB,2.8159,0,1,NONE,151278.02,1.83,5.89,3.096,381.728,20.0781,139.493,0.0425,USGS
2021-05-29,WB000001976,000000001976,EFFLUENT,E_COLI,106.9773,UG_L,2.9228,0,0,INDUSTRIAL,167043.732,3.64,8.57,9.426,710.17,18.2235,21.625,0.389,STATE
2021-05-30,WB000001977,000000001977,GROUNDWATER,LEAD,293.8088,PPB,0.3284,0,1,NONE,244380.858,3.19,9.11,8.816,565.592,17.924,185.082,0.1137,STATE
2021-05-31,WB000001978,000000001978,SURFACE_WATER,CHLORIDE,241.8382,NTU,2.7689,0,0,NONE,196170.856,12.15,8.61,10.811,316.061,24.4031,8.135,0.5358,EPA
2021-06-01,WB000001979,000000001979,SURFACE_WATER,ARSENIC,345.7679,PPB,1.0927,0,1,ANIMAL,235094.729,30.3,7.54,10.791,269.417,16.9372,36.893,0.122,USGS
2021-06-02,WB000001980,000000001980,SURFACE_WATER,NITRATE,352.7176,PH_UNITS,4.8669,1,0,INDUSTRIAL,219277.107,23.5,6.17,1.638,358.936,18.9583,119.057,0.3922,LOCAL
2021-06-03,WB000001981,000000001981,SURFACE_WATER,TURBIDITY,211.2728,MG_L,4.2568,0,0,NONE,59589.673,23.21,9.1,9.372,210.414,17.5263,9.343,0.8263,STATE
2021-06-04,WB000001982,000000001982,GROUNDWATER,CHLORIDE,182.0737,MG_L,1.7211,0,1,HUMAN,193518.575,0.25,7.69,9.619,564.59,18.9142,17.704,0.6962,USGS
2021-06-05,WB000001983,000000001983,SURFACE_WATER,E_COLI,217.7871,MPN_100ML,0.6798,1,0,HUMAN,215177.671,8.07,8.48,0.157,127.656,23.8996,12.986,0.419,TRIBAL
2021-06-06,WB000001984,000000001984,SURFACE_WATER,NITRATE,260.3867,PH_UNITS,3.4651,0,0,NONE,15448.313,29.83,5.64,5.579,281.632,4.3687,155.233,0.553,LOCAL
2021-06-07,WB000001985,000000001985,SURFACE_WATER,CHLORIDE,435.6509,MPN_100ML,3.4834,1,0,ANIMAL,197175.426,5.0,8.0,0.896,664.005,5.3561,100.315,0.1379,LOCAL
2021-06-08,WB000001986,000000001986,DRINKING_WATER,PHOSPHATE,39.3904,UG_L,1.0898,0,0,HUMAN,56563.978,1.55,6.55,0.135,344.29,13.6503,106.31,0.2023,LOCAL
2021-06-09,WB000001987,000000001987,SEDIMENT,PHOSPHATE,218.0572,PH_UNITS,1.3925,0,0,HUMAN,156133.123,23.4,7.99,12.297,332.869,7.8643,34.248,0.9402,STATE
2021-06-10,WB000001988,000000001988,SEDIMENT,TURBIDITY,103.8229,MG_L,0.7325,1,0,NONE,246372.268,12.61,6.41,13.858,429.173,3.3518,127.421,0.9689,CITIZEN_SCIENCE
2021-06-11,WB000001989,000000001989,SURFACE_WATER,ARSENIC,258.7358,MPN_100ML,3.2691,0,0,NONE,108922.212,5.05,7.27,4.621,58.31,13.3584,124.108,0.7478,USGS
2021-06-12,WB000001990,000000001990,GROUNDWATER,NITRATE,292.9155,PCI_L,0.3859,1,1,ANIMAL,173818.633,3.64,7.85,9.723,12.764,8.7853,129.47,0.1579,USGS
2021-06-13,WB000001991,000000001991,SURFACE_WATER,TURBIDITY,181.8821,UG_L,2.5445,0,1,NONE,137595.666,14.55,6.11,11.023,394.509,15.4431,79.362,0.842,STATE
2021-06-14,WB000001992,000000001992,SURFACE_WATER,ARSENIC,394.5007,NTU,2.2343,1,0,NONE,41260.918,31.2,6.53,5.429,454.672,17.062,132.321,0.2502,STATE
2021-06-15,WB000001993,000000001993,SURFACE_WATER,TURBIDITY,393.1263,PH_UNITS,0.1803,0,0,NONE,168837.153,7.97,9.48,10.084,771.01,21.8734,166.293,0.2582,LOCAL
2021-06-16,WB000001994,000000001994,GROUNDWATER,TURBIDITY,93.812,NTU,4.8114,0,1,NONE,30334.961,16.87,5.76,3.22,446.325,18.8757,62.036,0.2884,STATE
2021-06-17,WB000001995,000000001995,SURFACE_WATER,ARSENIC,166.9156,NTU,2.2053,1,0,NONE,74031.081,7.02,7.88,10.073,348.691,22.6345,107.174,0.9524,TRIBAL
2021-06-18,WB000001996,000000001996,SURFACE_WATER,PFAS,316.8114,UG_L,3.3514,0,0,INDUSTRIAL,175294.476,11.11,6.55,11.571,155.719,1.1196,24.254,0.4191,LOCAL
2021-06-19,WB000001997,000000001997,SURFACE_WATER,PFAS,317.8234,PPB,0.2757,0,1,NONE,57251.52,32.13,8.13,9.0,710.719,14.7823,87.469,0.8994,STATE
2021-06-20,WB000001998,000000001998,SURFACE_WATER,PH,53.1982,UG_L,3.1434,0,0,NONE,134217.497,22.67,9.15,8.871,481.216,8.9193,3.381,0.4757,CITIZEN_SCIENCE
2021-06-21,WB000001999,000000001999,EFFLUENT,PH,317.2967,MG_L,1.7203,0,0,NONE,17160.059,4.88,6.05,13.498,406.051,1.5213,24.782,0.9928,STATE
2021-06-22,WB000002000,000000002000,GROUNDWATER,PHOSPHATE,10.9603,PCI_L,1.6344,0,1,HUMAN,135878.699,26.9,7.21,0.384,460.548,22.7846,195.76,0.891,CITIZEN_SCIENCE
