edu_k12out_school_year,edu_k12out_district_id_nces,edu_k12out_school_id_nces,edu_k12out_grade_level,edu_k12out_subject_area,edu_k12out_assessment_scale_score,edu_k12out_proficiency_level,edu_k12out_growth_percentile,edu_k12out_attendance_rate_pct,edu_k12out_chronic_absenteeism_rate,edu_k12out_graduation_cohort_year,edu_k12out_graduation_rate_pct,edu_k12out_dropout_rate_pct,edu_k12out_discipline_incident_rate,edu_k12out_special_education_share_pct,edu_k12out_ell_share_pct,edu_k12out_gifted_program_share_pct,edu_k12out_student_teacher_ratio,edu_k12out_per_pupil_spending,edu_k12out_accountability_rating_code
2018-19,1000001,20000001,1,ELA,274.2,PROFICIENT,22,88.95,14.6,2023,74.59,5.15,7.69,9.84,9.71,4.12,23.38,29050,C
2023-24,1000002,20000002,3,ELA,208.7,BELOW_BASIC,16,88.43,25.8,2018,73.52,7.55,6.58,19.85,12.44,7.95,21.14,18595,B
2019-20,1000003,20000003,K,SOCIAL_STUDIES,256.9,PROFICIENT,1,98.27,12.61,2022,77.8,0.44,14.3,17.74,4.52,1.96,23.04,7393,D
2017-18,1000004,20000004,1,MATH,173.4,PROFICIENT,67,81.34,8.22,2019,91.81,0.76,1.14,12.6,2.06,11.13,24.04,18214,D
2022-23,1000005,20000005,3,SOCIAL_STUDIES,223.1,BELOW_BASIC,55,94.14,22.52,2025,84.55,7.88,18.48,10.87,29.26,10.07,22.18,18413,B
2022-23,1000006,20000006,4,SCIENCE,195.7,PROFICIENT,27,91.43,8.37,2025,71.31,8.76,7.72,19.22,4.66,3.02,14.7,25530,A
2022-23,1000007,20000007,12,SOCIAL_STUDIES,326.8,BASIC,21,85.19,16.79,2021,75.48,5.33,0.45,11.96,30.79,4.47,19.15,12796,NA
2021-22,1000008,20000008,4,SOCIAL_STUDIES,205.5,BASIC,48,89.31,22.45,2022,90.5,6.42,2.92,21.04,29.65,0.18,10.77,11590,B
2021-22,1000009,20000009,9,MATH,278.7,PROFICIENT,4,96.96,11.91,2021,66.26,2.52,11.79,12.06,0.31,6.56,13.43,16394,B
2020-21,1000010,20000010,1,SCIENCE,185.7,BELOW_BASIC,11,84.32,22.69,2025,89.09,5.13,10.68,16.01,29.01,7.79,23.16,15375,B
2024-25,1000011,20000011,9,ELA,334.5,BELOW_BASIC,29,82.92,30.58,2019,97.64,0.01,13.75,14.44,8.17,11.7,24.83,22076,A
2022-23,1000012,20000012,9,SOCIAL_STUDIES,323.0,BASIC,99,88.99,34.59,2023,61.62,4.99,0.81,9.23,18.73,11.71,14.01,29104,C
2021-22,1000013,20000013,K,ELA,342.9,PROFICIENT,52,93.46,5.91,2017,91.56,4.89,23.96,10.04,35.41,11.48,19.27,26985,A
2021-22,1000014,20000014,3,SOCIAL_STUDIES,307.1,PROFICIENT,93,85.02,34.66,2019,64.85,3.97,14.07,7.29,35.53,13.57,21.5,8371,B
2019-20,1000015,20000015,12,MATH,266.9,BELOW_BASIC,68,94.93,22.73,2023,83.14,0.95,15.34,10.63,26.03,7.63,14.86,17753,F
2023-24,1000016,20000016,3,ELA,294.6,PROFICIENT,81,84.59,32.65,2023,90.04,5.51,21.75,10.73,3.05,6.69,20.39,9353,B
2022-23,1000017,20000017,8,SOCIAL_STUDIES,316.0,BASIC,70,81.7,3.25,2020,71.77,9.58,11.07,8.72,15.8,14.96,16.92,15797,C
2020-21,1000018,20000018,7,ELA,281.2,PROFICIENT,26,88.02,15.8,2020,84.23,9.73,16.53,14.38,17.55,8.4,25.49,28585,A
2017-18,1000019,20000019,5,ELA,253.4,ADVANCED,20,95.33,17.44,2025,74.58,9.59,2.72,16.91,20.83,17.8,17.81,7220,C
2018-19,1000020,20000020,11,ELA,307.1,BELOW_BASIC,84,83.32,17.74,2023,65.85,2.32,5.25,20.26,36.8,0.12,17.75,13404,NA
2024-25,1000021,20000021,11,ELA,200.2,BASIC,37,94.58,27.82,2023,91.55,6.48,21.47,13.39,17.91,5.98,21.41,23727,F
2017-18,1000022,20000022,12,SCIENCE,322.5,PROFICIENT,70,89.99,11.93,2025,87.6,2.32,20.38,11.82,13.98,2.01,19.53,29965,C
2024-25,1000023,20000023,5,SCIENCE,331.2,BASIC,45,90.09,9.82,2024,73.86,10.99,24.83,16.83,26.68,9.58,12.87,28663,C
2024-25,1000024,20000024,9,MATH,269.8,ADVANCED,78,86.17,11.23,2025,66.1,5.87,2.11,16.15,0.17,1.94,22.17,25746,B
2021-22,1000025,20000025,5,SOCIAL_STUDIES,340.5,BELOW_BASIC,86,80.71,20.18,2016,79.65,7.12,1.7,15.15,35.94,6.85,24.94,7885,A
2018-19,1000026,20000026,10,SOCIAL_STUDIES,310.8,PROFICIENT,48,82.91,27.47,2024,81.87,10.74,6.11,17.95,21.19,10.63,20.69,29353,A
2017-18,1000027,20000027,6,MATH,189.8,PROFICIENT,59,96.57,32.13,2018,83.69,9.94,0.85,12.61,30.34,4.86,24.77,9374,A
2023-24,1000028,20000028,3,SOCIAL_STUDIES,257.6,BASIC,64,92.03,8.93,2021,89.13,3.24,2.06,11.22,2.74,14.85,24.99,7993,B
2018-19,1000029,20000029,3,ELA,298.0,BELOW_BASIC,11,99.32,23.55,2016,73.4,4.84,16.87,16.07,27.09,3.29,19.6,7343,B
2021-22,1000030,20000030,1,SOCIAL_STUDIES,219.0,PROFICIENT,78,81.5,29.37,2018,64.02,0.18,11.82,9.59,4.56,3.52,26.0,27981,D
2020-21,1000031,20000031,5,ELA,262.1,ADVANCED,36,98.15,11.56,2024,94.5,10.83,18.38,19.42,11.91,3.54,17.94,29445,C
2017-18,1000032,20000032,8,ELA,313.0,BASIC,36,95.94,21.85,2024,91.57,7.38,19.31,19.65,6.93,11.55,22.44,23298,D
2021-22,1000033,20000033,5,ELA,265.7,PROFICIENT,25,82.53,7.75,2019,95.93,2.36,16.16,12.1,6.31,13.42,23.06,12606,B
2018-19,1000034,20000034,7,ELA,269.4,PROFICIENT,87,97.47,16.57,2022,63.01,0.29,19.15,6.88,0.57,4.21,11.77,30390,D
2019-20,1000035,20000035,7,SCIENCE,203.5,PROFICIENT,78,84.93,5.93,2021,80.29,1.01,9.38,16.86,20.72,3.77,14.58,17715,B
2018-19,1000036,20000036,11,SCIENCE,168.9,BASIC,11,84.97,7.44,2023,72.97,3.24,22.09,21.72,13.74,3.66,12.83,27628,A
2021-22,1000037,20000037,1,SOCIAL_STUDIES,206.8,PROFICIENT,6,92.99,23.56,2022,82.41,2.67,14.61,11.65,10.69,7.47,17.97,20534,A
2024-25,1000038,20000038,3,ELA,342.6,PROFICIENT,94,94.94,34.33,2025,74.53,10.48,1.11,18.59,5.78,17.08,19.96,14895,B
2024-25,1000039,20000039,5,MATH,196.4,PROFICIENT,46,98.52,6.45,2021,92.56,10.26,7.93,10.95,8.65,0.41,20.66,8535,A
2022-23,1000040,20000040,K,SOCIAL_STUDIES,276.3,PROFICIENT,92,81.51,14.53,2016,82.12,7.41,18.0,9.13,2.29,6.14,16.3,8296,C
2021-22,1000041,20000041,9,ELA,323.4,BELOW_BASIC,19,96.39,12.55,2025,82.05,4.86,11.18,9.66,9.16,1.93,19.15,12466,F
2018-19,1000042,20000042,8,SOCIAL_STUDIES,319.5,PROFICIENT,97,92.85,28.2,2024,86.4,9.4,3.53,18.19,18.33,5.82,25.45,29965,D
2024-25,1000043,20000043,3,ELA,183.5,PROFICIENT,32,93.05,31.53,2022,77.34,3.43,18.05,20.62,33.21,5.89,12.37,14696,NA
2022-23,1000044,20000044,12,SOCIAL_STUDIES,337.6,BELOW_BASIC,64,80.79,24.35,2025,81.0,7.3,1.4,11.39,23.81,14.54,25.3,16081,C
2023-24,1000045,20000045,6,ELA,227.5,PROFICIENT,64,83.98,19.03,2023,69.92,1.8,24.68,19.83,8.26,12.04,15.37,20487,F
2023-24,1000046,20000046,5,MATH,192.3,PROFICIENT,30,80.42,32.5,2017,97.74,2.09,5.52,10.08,32.68,10.33,11.94,31210,NA
2018-19,1000047,20000047,11,SOCIAL_STUDIES,193.7,ADVANCED,84,84.29,11.98,2017,86.02,1.79,14.17,7.46,24.53,10.58,21.21,15015,C
2017-18,1000048,20000048,11,MATH,242.0,PROFICIENT,22,90.16,8.73,2022,92.64,2.21,18.62,20.84,0.45,6.75,15.39,8877,A
2022-23,1000049,20000049,1,SCIENCE,157.5,BELOW_BASIC,52,93.17,33.57,2023,89.82,4.07,21.44,14.06,26.86,17.61,17.36,28606,NA
2017-18,1000050,20000050,6,SOCIAL_STUDIES,340.8,PROFICIENT,12,93.22,29.17,2016,67.75,6.55,20.83,20.29,13.78,14.65,20.43,23484,B
2024-25,1000051,20000051,7,MATH,341.0,ADVANCED,88,90.98,21.99,2021,68.15,7.09,13.29,20.78,25.57,1.43,12.81,15684,A
2020-21,1000052,20000052,7,ELA,172.2,PROFICIENT,1,94.03,31.86,2022,61.11,8.14,4.13,20.01,4.7,9.77,16.55,8932,D
2021-22,1000053,20000053,7,SOCIAL_STUDIES,245.7,BELOW_BASIC,55,87.3,18.7,2019,84.44,6.8,16.22,16.89,32.72,11.6,11.29,9162,NA
2018-19,1000054,20000054,12,ELA,315.1,BELOW_BASIC,66,80.13,7.94,2022,89.48,4.68,18.38,17.5,33.4,7.9,25.75,10548,C
2022-23,1000055,20000055,5,SCIENCE,211.0,PROFICIENT,58,81.17,10.76,2024,97.26,2.59,0.87,6.74,7.31,13.91,17.08,24802,NA
2018-19,1000056,20000056,9,MATH,172.4,BASIC,14,98.99,17.7,2022,88.66,2.15,0.4,18.49,12.31,15.39,11.44,18395,C
2017-18,1000057,20000057,2,MATH,244.3,PROFICIENT,28,96.4,27.59,2019,65.49,0.78,11.26,15.13,28.2,6.72,22.64,7609,B
2018-19,1000058,20000058,8,MATH,308.6,PROFICIENT,89,93.53,30.06,2020,89.33,2.4,9.13,21.91,5.4,14.14,19.48,19881,B
2020-21,1000059,20000059,2,SCIENCE,198.5,ADVANCED,3,83.54,3.88,2019,66.2,8.51,23.36,11.37,11.55,6.03,16.04,22607,C
2019-20,1000060,20000060,11,SOCIAL_STUDIES,330.3,PROFICIENT,84,90.46,4.11,2016,64.32,10.24,4.68,17.6,30.37,14.05,15.84,23336,D
2020-21,1000061,20000061,6,SCIENCE,245.9,PROFICIENT,54,87.27,14.77,2025,85.81,6.2,15.71,17.3,37.24,6.35,12.64,24756,D
2017-18,1000062,20000062,K,SCIENCE,284.2,BASIC,5,83.3,19.01,2016,96.56,8.97,2.5,10.67,28.65,13.16,13.21,21656,B
2024-25,1000063,20000063,7,MATH,256.2,BASIC,80,98.07,19.0,2020,78.2,8.88,12.13,16.72,34.24,5.88,17.7,29556,A
2024-25,1000064,20000064,3,MATH,241.6,PROFICIENT,87,96.55,24.41,2019,81.69,9.38,1.54,9.04,14.96,2.33,12.01,9044,F
2020-21,1000065,20000065,4,MATH,264.2,PROFICIENT,86,88.85,31.86,2025,70.77,8.86,4.65,16.11,3.83,6.64,20.81,8371,NA
2018-19,1000066,20000066,12,MATH,231.9,BASIC,19,92.36,20.32,2016,87.02,3.95,15.32,15.61,1.57,0.92,10.71,22454,C
2023-24,1000067,20000067,7,ELA,225.5,PROFICIENT,50,95.02,2.3,2017,94.52,1.34,20.2,7.97,10.49,11.09,15.63,29763,F
2017-18,1000068,20000068,4,ELA,305.9,BASIC,76,91.39,28.81,2023,76.9,2.11,12.83,19.5,35.8,12.7,24.71,10268,D
2022-23,1000069,20000069,11,MATH,236.2,ADVANCED,53,87.84,21.16,2020,85.32,9.22,14.63,17.4,35.15,2.52,10.39,22994,B
2022-23,1000070,20000070,6,ELA,283.5,PROFICIENT,68,91.27,26.07,2016,76.3,11.6,23.87,9.15,7.48,16.32,17.6,28574,NA
2019-20,1000071,20000071,4,ELA,339.8,PROFICIENT,20,83.75,31.52,2018,89.92,1.71,3.35,16.7,26.29,0.62,21.96,24848,B
2023-24,1000072,20000072,2,SOCIAL_STUDIES,333.6,PROFICIENT,2,88.11,22.61,2021,80.5,9.09,0.99,9.0,7.61,5.22,16.43,18011,B
2017-18,1000073,20000073,8,SOCIAL_STUDIES,213.0,BASIC,14,81.88,30.06,2022,86.52,7.12,9.07,8.91,19.78,14.01,20.38,19840,B
2024-25,1000074,20000074,11,SOCIAL_STUDIES,233.1,ADVANCED,88,97.69,4.31,2021,62.6,2.37,11.06,17.6,29.45,13.6,24.23,11304,C
2020-21,1000075,20000075,4,ELA,159.4,BASIC,2,90.57,22.69,2025,73.71,7.76,14.62,12.54,13.25,5.11,20.19,15753,C
2020-21,1000076,20000076,9,SOCIAL_STUDIES,305.3,PROFICIENT,68,87.41,15.19,2018,76.58,10.25,9.92,6.18,35.91,15.4,15.39,22621,B
2022-23,1000077,20000077,3,ELA,304.1,BELOW_BASIC,20,87.03,7.22,2018,72.15,1.58,2.23,20.57,0.41,9.79,16.63,30289,A
2021-22,1000078,20000078,1,MATH,346.9,ADVANCED,24,91.91,11.86,2021,84.38,8.23,18.41,14.96,21.5,4.9,25.37,12690,B
2020-21,1000079,20000079,6,ELA,318.0,PROFICIENT,35,81.19,28.89,2023,87.67,10.4,5.92,13.92,9.08,10.09,25.7,20742,B
2023-24,1000080,20000080,6,SOCIAL_STUDIES,249.2,ADVANCED,32,96.77,31.24,2017,82.22,1.5,22.74,12.25,18.04,4.35,12.83,28362,F
2024-25,1000081,20000081,5,SOCIAL_STUDIES,338.7,BASIC,40,92.14,7.32,2018,83.25,11.06,2.12,9.43,37.8,5.67,25.13,27826,C
2017-18,1000082,20000082,7,MATH,317.2,BELOW_BASIC,34,84.41,15.01,2025,81.98,5.59,24.72,7.23,25.09,0.64,16.27,12551,C
2024-25,1000083,20000083,7,ELA,259.3,ADVANCED,34,94.91,26.28,2018,93.28,9.5,23.73,17.15,6.0,12.31,24.66,27848,F
2019-20,1000084,20000084,9,SCIENCE,207.9,BELOW_BASIC,93,82.94,25.1,2018,62.86,2.34,17.5,13.0,22.15,11.9,15.74,19855,A
2021-22,1000085,20000085,10,ELA,279.9,BASIC,36,95.45,13.07,2017,65.35,1.01,9.44,11.37,8.25,17.56,20.33,14108,D
2022-23,1000086,20000086,9,SOCIAL_STUDIES,155.7,ADVANCED,14,83.91,13.89,2016,74.83,1.46,6.86,12.01,27.15,17.05,13.03,13132,D
2021-22,1000087,20000087,11,MATH,269.2,BASIC,58,98.82,33.39,2024,71.12,6.13,24.36,12.66,28.79,4.6,10.98,13712,B
2017-18,1000088,20000088,7,ELA,197.4,PROFICIENT,36,92.9,30.11,2023,83.61,3.06,2.39,19.59,3.98,7.87,13.15,19059,A
2021-22,1000089,20000089,4,SOCIAL_STUDIES,262.3,BELOW_BASIC,91,98.72,23.72,2017,67.85,3.91,8.35,6.16,1.29,6.17,17.84,10725,B
2018-19,1000090,20000090,7,ELA,335.3,PROFICIENT,47,91.19,4.48,2016,91.83,5.21,0.39,6.91,9.47,7.65,11.2,24454,D
2019-20,1000091,20000091,10,SCIENCE,259.3,BASIC,90,90.43,17.1,2020,86.26,0.11,18.12,8.2,14.14,0.59,24.97,28283,A
2024-25,1000092,20000092,10,SCIENCE,343.1,BELOW_BASIC,40,85.13,10.34,2019,92.89,9.2,15.27,12.1,35.55,17.04,10.62,22627,B
2017-18,1000093,20000093,3,MATH,217.9,BASIC,67,82.93,29.68,2021,69.83,3.78,20.0,20.55,6.59,13.95,21.64,12264,B
2023-24,1000094,20000094,1,ELA,311.4,PROFICIENT,57,84.72,18.52,2017,66.78,6.04,2.4,14.92,30.61,3.4,24.24,9193,A
2020-21,1000095,20000095,6,SCIENCE,294.4,BELOW_BASIC,93,83.13,29.62,2016,76.06,4.3,2.7,9.1,16.67,14.8,17.99,17162,B
2018-19,1000096,20000096,9,SCIENCE,191.5,ADVANCED,63,80.16,12.04,2016,60.56,6.25,10.28,6.64,26.24,5.38,23.78,28950,C
2023-24,1000097,20000097,11,SOCIAL_STUDIES,322.5,PROFICIENT,19,93.88,8.53,2017,97.71,2.09,19.86,16.62,21.73,2.55,10.35,25821,NA
2021-22,1000098,20000098,2,SOCIAL_STUDIES,338.4,BASIC,84,90.94,23.22,2019,61.68,8.13,14.76,15.43,33.7,13.45,21.88,13479,A
2023-24,1000099,20000099,8,SCIENCE,299.4,ADVANCED,94,91.8,14.11,2024,62.58,3.8,24.97,16.08,29.19,3.99,19.85,9216,NA
2017-18,1000100,20000100,10,ELA,201.3,PROFICIENT,60,82.14,24.42,2023,86.54,8.84,8.36,15.04,6.13,12.23,20.15,16600,D
2020-21,1000101,20000101,4,ELA,332.7,BASIC,49,84.24,9.66,2024,63.41,3.33,14.41,18.12,24.09,2.51,19.64,10426,B
2020-21,1000102,20000102,6,ELA,157.9,PROFICIENT,17,88.88,25.42,2020,96.39,9.55,8.87,8.57,18.07,12.59,17.18,13492,B
2017-18,1000103,20000103,4,SCIENCE,198.4,ADVANCED,53,82.0,11.66,2022,92.62,8.77,10.91,9.15,25.13,13.18,24.94,9424,C
2021-22,1000104,20000104,3,ELA,284.5,BASIC,61,82.9,27.45,2022,72.96,9.12,5.2,8.96,26.45,5.13,15.42,28214,A
2021-22,1000105,20000105,8,SCIENCE,207.2,ADVANCED,13,85.63,26.0,2024,69.85,8.98,24.21,12.66,2.84,15.78,13.13,13518,A
2020-21,1000106,20000106,11,MATH,262.0,BASIC,14,91.11,34.24,2019,70.02,4.52,12.42,13.37,27.1,1.12,23.26,30239,B
2020-21,1000107,20000107,K,SOCIAL_STUDIES,344.0,BELOW_BASIC,38,93.6,18.3,2025,75.15,8.56,8.3,14.43,14.75,9.43,17.57,15962,B
2019-20,1000108,20000108,11,MATH,311.0,BASIC,79,86.58,21.53,2021,87.47,9.92,22.66,18.85,6.5,4.61,19.49,25017,D
2018-19,1000109,20000109,7,ELA,254.2,PROFICIENT,28,85.25,23.16,2023,61.05,5.33,16.24,13.5,21.99,5.14,13.67,11015,C
2022-23,1000110,20000110,10,MATH,293.2,ADVANCED,31,90.55,25.09,2021,94.15,3.44,8.12,21.92,27.33,0.82,20.69,16485,NA
2024-25,1000111,20000111,11,MATH,302.8,BASIC,37,97.73,5.68,2016,90.27,0.37,23.37,10.25,5.73,8.57,21.92,30283,F
2022-23,1000112,20000112,10,SCIENCE,316.5,PROFICIENT,8,89.74,5.51,2017,94.02,9.93,19.94,9.75,26.13,13.69,25.11,28552,B
2023-24,1000113,20000113,K,ELA,272.4,PROFICIENT,12,87.98,24.13,2022,83.7,5.19,19.08,19.49,24.21,8.02,15.44,10544,B
2024-25,1000114,20000114,4,ELA,193.7,BASIC,24,94.83,5.44,2020,65.94,10.0,3.12,6.17,26.65,10.23,23.26,24135,A
2021-22,1000115,20000115,6,ELA,258.7,PROFICIENT,5,80.42,23.68,2017,94.82,8.38,23.43,19.37,32.82,2.24,16.51,16896,D
2018-19,1000116,20000116,7,SOCIAL_STUDIES,335.9,PROFICIENT,23,87.09,24.69,2021,66.06,7.8,0.15,7.06,14.61,5.56,17.17,16042,A
2024-25,1000117,20000117,8,SCIENCE,168.1,BELOW_BASIC,94,85.47,17.6,2020,93.6,10.08,20.08,21.76,22.79,11.31,25.57,9613,B
2017-18,1000118,20000118,8,ELA,332.1,BELOW_BASIC,39,90.77,12.3,2025,94.28,3.7,16.68,21.22,12.75,10.85,22.36,28772,B
2020-21,1000119,20000119,9,ELA,232.6,PROFICIENT,68,81.61,23.9,2021,79.95,5.26,5.2,16.21,4.22,15.42,16.66,22732,C
2022-23,1000120,20000120,10,SCIENCE,229.7,PROFICIENT,91,88.04,29.0,2020,91.72,2.5,6.77,7.42,1.29,10.22,20.05,18021,D
2018-19,1000121,20000121,8,SOCIAL_STUDIES,206.7,BELOW_BASIC,33,86.75,25.98,2016,86.45,0.77,6.2,10.33,18.77,3.41,25.63,19682,A
2022-23,1000122,20000122,K,MATH,197.6,PROFICIENT,54,91.51,4.38,2021,63.35,2.68,7.47,19.59,7.56,13.82,16.32,9468,C
2020-21,1000123,20000123,11,SCIENCE,243.1,BELOW_BASIC,86,89.63,16.05,2019,65.31,5.32,19.94,12.52,0.04,12.2,16.46,18079,D
2022-23,1000124,20000124,9,ELA,235.9,BELOW_BASIC,60,88.74,22.62,2022,91.82,8.42,3.82,12.23,10.21,13.52,23.7,10288,D
2018-19,1000125,20000125,3,ELA,333.1,ADVANCED,57,89.21,18.77,2021,65.18,1.13,12.02,10.86,17.27,17.7,18.77,12827,B
2019-20,1000126,20000126,4,SOCIAL_STUDIES,290.1,PROFICIENT,59,98.57,13.38,2018,83.71,5.87,19.84,7.99,4.08,5.95,17.88,15372,B
2022-23,1000127,20000127,9,MATH,221.4,PROFICIENT,59,87.26,20.1,2018,69.35,0.94,18.61,20.55,8.85,5.11,10.29,15795,C
2023-24,1000128,20000128,7,SOCIAL_STUDIES,334.5,PROFICIENT,62,94.4,10.7,2021,81.1,9.19,6.68,9.86,24.65,16.69,19.88,11235,A
2018-19,1000129,20000129,8,ELA,333.0,BELOW_BASIC,31,82.53,33.83,2019,67.65,6.25,24.21,13.88,5.02,11.84,11.99,24897,D
2022-23,1000130,20000130,10,SOCIAL_STUDIES,262.4,BASIC,22,98.73,29.74,2016,90.85,10.98,6.16,9.58,29.49,4.72,17.14,10931,B
2020-21,1000131,20000131,12,MATH,335.7,BASIC,33,83.39,25.16,2025,97.8,0.02,11.06,13.8,34.5,13.37,15.06,9429,A
2020-21,1000132,20000132,K,MATH,168.2,ADVANCED,58,97.22,18.45,2018,79.63,1.51,15.82,9.79,26.1,2.4,21.98,10231,A
2017-18,1000133,20000133,8,ELA,260.0,BELOW_BASIC,5,93.81,27.55,2024,78.94,7.89,16.83,9.96,16.36,1.34,25.82,23818,B
2020-21,1000134,20000134,6,ELA,263.4,PROFICIENT,38,87.69,25.7,2025,88.63,11.9,19.3,20.42,1.54,16.22,11.28,27801,B
2018-19,1000135,20000135,11,ELA,271.6,BASIC,51,86.55,28.92,2019,88.47,6.51,1.27,19.42,27.74,10.31,23.46,20771,A
2023-24,1000136,20000136,12,SOCIAL_STUDIES,293.2,ADVANCED,27,83.33,7.98,2023,87.29,3.32,7.46,19.01,15.69,17.27,15.44,17000,D
2024-25,1000137,20000137,5,SOCIAL_STUDIES,268.8,PROFICIENT,22,98.65,9.81,2023,93.02,6.07,4.58,21.08,33.15,0.06,14.15,16102,B
2021-22,1000138,20000138,9,SOCIAL_STUDIES,215.9,PROFICIENT,1,90.66,24.92,2018,79.86,4.99,8.96,16.29,17.22,15.12,14.48,21563,A
2023-24,1000139,20000139,5,ELA,229.6,BELOW_BASIC,61,94.7,10.44,2024,66.03,11.82,5.53,9.58,31.53,12.9,20.98,26134,C
2021-22,1000140,20000140,7,MATH,324.5,ADVANCED,53,85.56,6.06,2025,74.83,5.88,2.32,19.04,36.96,7.97,15.84,16294,C
2023-24,1000141,20000141,1,ELA,275.6,BASIC,10,90.41,17.48,2019,91.98,2.09,3.54,14.31,25.22,5.07,12.65,27813,F
2021-22,1000142,20000142,7,SOCIAL_STUDIES,314.5,BASIC,35,96.71,17.91,2018,88.93,1.05,1.46,17.71,34.11,17.86,11.9,27338,NA
2019-20,1000143,20000143,5,SCIENCE,201.9,PROFICIENT,9,81.57,19.16,2020,92.49,10.78,1.7,7.19,0.45,3.14,16.54,25887,A
2017-18,1000144,20000144,6,MATH,280.3,PROFICIENT,6,97.32,11.68,2025,86.53,2.03,24.39,11.32,12.76,15.17,17.33,28408,B
2023-24,1000145,20000145,6,SOCIAL_STUDIES,252.0,PROFICIENT,78,88.41,3.83,2021,86.79,8.64,24.76,9.5,11.59,6.39,14.74,31013,C
2023-24,1000146,20000146,1,MATH,173.3,BASIC,88,98.4,3.08,2019,75.96,5.86,0.98,11.95,32.23,12.17,10.08,25748,C
2021-22,1000147,20000147,6,ELA,307.8,ADVANCED,11,95.29,7.6,2025,76.12,11.75,20.27,14.59,20.82,16.84,16.27,8314,A
2017-18,1000148,20000148,8,SCIENCE,296.7,BELOW_BASIC,65,96.35,17.85,2017,88.72,10.95,21.55,18.81,2.39,0.34,13.5,14459,C
2021-22,1000149,20000149,1,SOCIAL_STUDIES,333.2,PROFICIENT,41,82.69,6.0,2017,74.35,1.1,3.65,19.83,20.57,13.79,17.55,14702,B
2024-25,1000150,20000150,5,ELA,242.5,PROFICIENT,9,86.68,24.44,2017,63.07,9.81,23.65,21.4,23.28,12.26,13.07,20549,NA
2017-18,1000151,20000151,4,MATH,217.2,BASIC,32,93.19,23.38,2025,75.03,9.69,18.24,17.44,11.42,6.58,14.46,10940,NA
2017-18,1000152,20000152,10,ELA,343.8,ADVANCED,6,93.81,12.74,2016,88.53,10.51,13.56,20.24,30.13,0.47,10.01,28449,B
2018-19,1000153,20000153,K,ELA,203.8,PROFICIENT,75,84.12,8.56,2016,79.18,8.62,0.66,10.21,16.42,17.82,21.93,17413,A
2023-24,1000154,20000154,8,MATH,322.7,BELOW_BASIC,82,89.97,17.06,2021,74.22,9.49,3.08,20.85,28.4,2.12,23.94,12607,B
2020-21,1000155,20000155,3,MATH,275.5,PROFICIENT,22,93.71,30.63,2025,95.14,9.85,6.74,16.94,22.71,7.53,20.84,14869,NA
2018-19,1000156,20000156,K,SOCIAL_STUDIES,215.0,BASIC,92,91.05,2.52,2019,88.05,4.64,4.28,8.9,13.9,7.17,12.1,26625,C
2018-19,1000157,20000157,2,SOCIAL_STUDIES,227.1,PROFICIENT,41,95.9,2.02,2021,93.44,5.84,0.38,13.27,21.11,13.52,14.0,22609,C
2021-22,1000158,20000158,K,SOCIAL_STUDIES,304.3,BASIC,66,96.38,24.8,2019,94.21,5.66,0.64,11.41,1.37,12.01,19.96,25346,C
2024-25,1000159,20000159,10,SOCIAL_STUDIES,227.9,PROFICIENT,32,93.88,24.74,2021,91.91,6.68,6.93,6.22,17.55,11.87,23.41,12261,B
2019-20,1000160,20000160,7,MATH,269.6,ADVANCED,45,96.13,5.19,2024,77.74,0.67,9.27,18.72,16.18,4.19,11.96,30123,C
2018-19,1000161,20000161,7,ELA,301.5,BASIC,92,91.55,26.73,2018,67.49,1.09,9.09,10.19,33.42,8.96,15.44,12907,A
2022-23,1000162,20000162,10,SCIENCE,275.4,BASIC,23,82.8,20.19,2023,64.23,11.01,17.94,18.47,34.91,7.51,25.25,16223,A
2021-22,1000163,20000163,7,SCIENCE,298.5,PROFICIENT,12,95.97,22.77,2018,77.06,0.12,21.95,20.3,33.7,4.12,20.38,29635,NA
2019-20,1000164,20000164,9,ELA,166.8,ADVANCED,3,81.8,32.03,2024,81.16,7.84,7.09,20.37,5.47,3.39,24.57,9714,F
2024-25,1000165,20000165,3,SCIENCE,333.6,PROFICIENT,44,82.56,30.24,2023,63.38,8.85,16.81,12.8,21.05,14.25,24.01,16909,B
2023-24,1000166,20000166,9,SCIENCE,230.2,BELOW_BASIC,66,91.47,13.92,2024,97.44,10.09,3.13,13.26,28.09,7.54,21.78,11397,C
2021-22,1000167,20000167,12,SOCIAL_STUDIES,254.3,BELOW_BASIC,66,93.58,22.83,2024,64.12,11.97,6.63,11.11,35.99,5.26,16.34,15041,A
2023-24,1000168,20000168,6,MATH,181.5,PROFICIENT,90,96.32,6.38,2021,84.87,2.9,20.72,20.41,13.63,3.42,22.17,26634,A
2022-23,1000169,20000169,6,SOCIAL_STUDIES,183.5,ADVANCED,7,98.06,7.01,2023,66.3,5.19,4.96,18.89,11.49,10.12,10.22,23083,B
2020-21,1000170,20000170,3,SOCIAL_STUDIES,246.6,BASIC,33,86.21,24.22,2023,65.37,5.48,24.92,8.22,23.77,0.14,12.21,23608,NA
2020-21,1000171,20000171,11,ELA,228.5,PROFICIENT,80,90.31,19.06,2019,79.81,7.53,18.9,9.08,3.58,5.19,13.07,21836,F
2019-20,1000172,20000172,3,MATH,343.1,BELOW_BASIC,52,93.91,3.32,2019,87.85,7.87,10.32,7.64,14.86,13.63,15.06,13056,NA
2018-19,1000173,20000173,1,MATH,162.7,BASIC,5,82.46,34.69,2020,64.72,0.4,22.6,6.38,34.2,0.77,13.56,19205,F
2024-25,1000174,20000174,9,SCIENCE,187.6,PROFICIENT,5,88.5,7.73,2017,67.76,1.52,18.81,21.11,37.09,0.86,17.18,26186,B
2017-18,1000175,20000175,12,SOCIAL_STUDIES,347.7,BASIC,71,88.11,22.92,2024,67.14,2.89,18.85,11.01,21.97,12.59,23.12,23409,B
2024-25,1000176,20000176,1,ELA,182.6,BASIC,33,98.66,23.47,2021,63.14,7.9,2.66,20.56,34.56,10.58,16.96,11766,C
2017-18,1000177,20000177,12,MATH,300.5,BELOW_BASIC,11,95.04,25.66,2023,77.67,10.17,2.73,17.52,29.65,8.12,20.27,21252,NA
2017-18,1000178,20000178,7,MATH,296.8,PROFICIENT,46,81.37,23.54,2018,90.91,9.35,0.55,17.43,7.11,4.47,10.25,12951,C
2017-18,1000179,20000179,12,SOCIAL_STUDIES,179.9,PROFICIENT,44,86.91,4.81,2018,74.13,8.71,23.09,10.95,11.54,9.09,15.46,26118,D
2019-20,1000180,20000180,6,SCIENCE,259.7,PROFICIENT,15,98.16,3.38,2022,62.5,11.67,12.61,13.31,19.67,11.1,13.55,17403,B
2020-21,1000181,20000181,8,SCIENCE,319.4,PROFICIENT,68,80.82,20.48,2019,95.49,2.58,20.66,11.92,1.58,11.77,16.43,25789,B
2024-25,1000182,20000182,4,MATH,218.0,PROFICIENT,1,98.43,14.19,2021,77.3,0.45,3.01,10.27,23.14,5.54,13.01,30923,C
2022-23,1000183,20000183,11,ELA,242.8,ADVANCED,18,96.54,20.05,2016,70.72,5.93,12.23,13.62,8.97,2.3,22.01,31891,A
2020-21,1000184,20000184,5,SCIENCE,165.2,BASIC,93,98.48,13.12,2020,60.73,2.6,16.73,19.73,5.08,13.22,18.99,22983,F
2017-18,1000185,20000185,K,MATH,305.0,BELOW_BASIC,33,91.17,10.58,2017,87.78,8.12,9.85,11.69,20.53,0.39,10.02,14916,B
2022-23,1000186,20000186,K,ELA,271.3,BASIC,56,92.35,15.64,2020,85.41,5.23,13.34,17.43,22.13,11.5,15.04,14166,C
2019-20,1000187,20000187,K,SOCIAL_STUDIES,271.6,BASIC,49,97.33,28.35,2022,75.23,11.97,3.06,17.43,1.77,0.19,16.99,18558,B
2023-24,1000188,20000188,2,MATH,269.1,ADVANCED,60,80.92,32.14,2024,85.15,3.6,16.21,16.46,27.86,6.34,20.7,11636,A
2020-21,1000189,20000189,1,MATH,293.0,BELOW_BASIC,85,87.82,23.62,2024,78.26,7.22,21.46,19.22,4.97,3.45,21.19,26611,C
2019-20,1000190,20000190,8,SCIENCE,193.4,PROFICIENT,63,83.08,8.5,2018,72.17,2.1,20.0,13.25,9.05,10.08,18.56,24446,C
2017-18,1000191,20000191,K,SCIENCE,312.6,PROFICIENT,69,83.27,7.13,2016,67.99,8.14,6.1,13.04,13.63,4.68,23.44,31167,B
2018-19,1000192,20000192,11,SOCIAL_STUDIES,311.5,PROFICIENT,98,95.65,12.05,2020,79.85,10.38,24.77,13.93,0.14,16.94,10.34,28436,D
2021-22,1000193,20000193,3,MATH,302.3,BASIC,3,80.61,18.14,2021,94.57,3.48,11.17,7.94,31.7,0.79,16.73,10098,A
2017-18,1000194,20000194,3,SCIENCE,287.1,BASIC,98,91.08,20.68,2018,87.9,5.25,3.04,10.85,33.98,1.96,23.44,26257,C
2017-18,1000195,20000195,2,SOCIAL_STUDIES,341.4,ADVANCED,70,87.22,10.79,2020,63.16,6.02,12.96,11.7,14.24,15.39,19.39,24419,A
2023-24,1000196,20000196,K,MATH,187.2,BASIC,33,97.89,7.47,2023,72.58,7.02,14.79,17.96,31.53,11.96,24.48,16755,B
2024-25,1000197,20000197,12,ELA,178.2,BASIC,87,80.45,15.64,2016,62.54,8.91,19.3,14.4,21.16,7.04,22.95,31782,B
2018-19,1000198,20000198,7,SCIENCE,282.9,BELOW_BASIC,72,88.98,6.36,2024,82.62,5.48,0.37,21.05,23.62,9.43,22.25,28299,A
2024-25,1000199,20000199,11,MATH,155.7,BASIC,30,80.43,31.08,2022,66.83,7.35,13.84,20.95,27.23,16.49,12.52,21300,D
2018-19,1000200,20000200,11,ELA,276.0,PROFICIENT,85,91.23,23.88,2021,63.29,1.1,15.48,14.2,17.78,15.82,10.01,12381,A
2018-19,1000201,20000201,8,SOCIAL_STUDIES,347.5,PROFICIENT,43,85.79,24.48,2024,88.6,10.7,1.99,9.22,3.18,0.1,15.04,7506,A
2022-23,1000202,20000202,4,ELA,224.4,BELOW_BASIC,7,87.04,31.27,2019,86.58,10.28,15.18,9.0,11.72,0.14,18.78,29292,A
2023-24,1000203,20000203,11,SOCIAL_STUDIES,306.4,PROFICIENT,72,88.07,33.24,2019,86.65,3.71,13.82,14.59,3.32,8.79,13.16,17906,NA
2021-22,1000204,20000204,4,ELA,299.9,BASIC,26,94.16,25.04,2021,77.95,11.78,21.68,20.24,7.24,5.26,17.87,12596,D
2024-25,1000205,20000205,8,SCIENCE,257.6,BASIC,14,95.81,34.83,2020,81.62,10.88,2.43,15.66,35.56,10.29,15.09,19596,B
2021-22,1000206,20000206,4,SOCIAL_STUDIES,336.3,PROFICIENT,83,82.48,26.2,2018,75.96,6.02,4.67,21.43,13.47,1.81,12.34,15931,B
2020-21,1000207,20000207,7,SCIENCE,229.1,BELOW_BASIC,36,97.01,2.21,2023,76.06,7.8,12.02,20.69,27.08,10.81,15.59,13568,B
2022-23,1000208,20000208,4,MATH,237.5,BELOW_BASIC,77,93.48,34.21,2018,69.23,4.78,2.4,19.51,13.03,0.04,12.45,16209,D
2022-23,1000209,20000209,K,SCIENCE,168.5,BASIC,9,85.08,14.0,2023,76.19,5.45,2.69,21.69,15.22,12.54,16.07,17418,F
2021-22,1000210,20000210,3,MATH,267.1,BELOW_BASIC,98,80.7,29.32,2019,65.49,1.87,1.21,21.62,10.17,2.08,13.16,8319,A
2020-21,1000211,20000211,11,SCIENCE,163.8,BASIC,3,94.22,20.64,2022,72.02,7.64,13.52,9.06,29.02,13.76,21.3,11195,B
2021-22,1000212,20000212,11,ELA,251.9,BASIC,71,95.03,17.6,2025,62.63,2.5,4.32,10.58,19.4,2.3,19.43,17365,NA
2019-20,1000213,20000213,6,SOCIAL_STUDIES,271.1,PROFICIENT,28,90.31,2.97,2023,83.37,10.38,0.63,14.02,11.81,10.98,24.75,16740,C
2018-19,1000214,20000214,11,SCIENCE,331.8,BASIC,82,96.42,22.51,2022,67.79,2.11,1.7,21.77,33.47,14.8,11.6,26910,A
2018-19,1000215,20000215,9,ELA,266.4,PROFICIENT,69,94.25,10.14,2020,67.68,11.87,8.49,6.65,28.66,0.61,22.6,13287,NA
2023-24,1000216,20000216,3,SCIENCE,261.9,PROFICIENT,98,83.63,11.99,2020,88.96,0.24,24.76,7.27,3.67,17.04,14.71,17823,F
2018-19,1000217,20000217,3,ELA,192.5,BELOW_BASIC,94,91.83,28.09,2023,68.81,8.96,19.35,20.34,6.49,16.86,13.45,25415,D
2021-22,1000218,20000218,4,MATH,179.3,BASIC,95,85.15,24.64,2024,77.56,7.64,7.41,21.15,6.2,14.0,21.97,28810,B
2022-23,1000219,20000219,2,MATH,270.1,BASIC,66,88.74,9.7,2018,77.61,8.88,9.59,17.82,19.05,15.5,20.57,19108,C
2017-18,1000220,20000220,6,SCIENCE,258.8,ADVANCED,46,99.4,7.32,2022,72.25,7.72,7.5,18.46,5.17,7.51,18.13,18314,B
2020-21,1000221,20000221,1,SOCIAL_STUDIES,258.2,BASIC,43,82.91,34.98,2016,62.34,7.84,2.09,19.61,22.61,15.64,15.23,26607,C
2017-18,1000222,20000222,2,SOCIAL_STUDIES,196.8,ADVANCED,76,95.83,16.97,2025,84.17,2.71,6.94,17.19,22.16,13.36,21.38,22079,A
2021-22,1000223,20000223,2,ELA,251.2,PROFICIENT,81,90.47,7.6,2024,64.42,10.32,0.1,6.07,31.59,7.87,21.96,27812,B
2021-22,1000224,20000224,4,SCIENCE,270.5,ADVANCED,16,87.72,7.22,2017,76.04,10.59,16.44,14.84,30.51,7.1,21.02,14841,B
2021-22,1000225,20000225,10,ELA,224.5,PROFICIENT,38,94.85,32.95,2023,60.73,4.83,9.64,15.49,8.14,16.95,20.38,20130,A
2020-21,1000226,20000226,8,SOCIAL_STUDIES,273.7,BELOW_BASIC,23,81.29,33.45,2019,74.56,8.16,23.12,19.8,4.65,1.77,12.86,30263,D
2023-24,1000227,20000227,5,ELA,151.9,BASIC,47,90.61,13.62,2021,93.81,3.79,13.73,14.87,15.67,0.35,19.97,7762,C
2023-24,1000228,20000228,3,ELA,162.1,BELOW_BASIC,53,97.75,6.58,2017,76.5,2.81,7.94,7.08,7.58,16.13,20.04,28106,C
2018-19,1000229,20000229,7,MATH,223.1,PROFICIENT,26,93.74,22.05,2024,70.85,10.57,24.18,14.18,35.5,5.02,13.09,27433,C
2024-25,1000230,20000230,3,SCIENCE,302.6,ADVANCED,54,91.61,28.79,2016,81.22,8.48,13.76,21.03,12.51,0.95,12.09,31443,A
2018-19,1000231,20000231,2,SCIENCE,182.2,ADVANCED,42,86.09,34.45,2023,77.44,11.24,5.13,20.08,13.37,17.69,21.5,12389,C
2017-18,1000232,20000232,10,ELA,225.3,BELOW_BASIC,10,83.07,11.99,2019,80.63,2.56,15.97,19.96,1.02,8.08,22.2,20857,C
2024-25,1000233,20000233,9,SOCIAL_STUDIES,191.3,PROFICIENT,81,96.13,34.74,2021,69.81,10.93,11.38,20.13,12.75,9.76,22.71,11517,B
2020-21,1000234,20000234,2,MATH,283.8,BASIC,80,98.39,5.19,2025,93.68,3.2,3.32,18.83,4.03,7.11,20.31,22559,B
2022-23,1000235,20000235,4,SCIENCE,327.0,BELOW_BASIC,37,95.56,34.49,2025,93.17,10.78,9.36,6.76,36.72,6.14,12.11,21402,NA
2023-24,1000236,20000236,12,SCIENCE,232.1,BELOW_BASIC,14,87.18,24.24,2025,92.85,1.86,24.41,18.36,13.39,2.45,13.8,29834,F
2020-21,1000237,20000237,5,SCIENCE,280.6,BASIC,89,82.47,26.76,2020,91.67,10.06,9.63,9.33,11.57,0.3,12.29,12147,C
2023-24,1000238,20000238,3,SCIENCE,235.5,BELOW_BASIC,51,85.41,12.0,2016,97.63,4.6,18.54,8.69,37.42,14.38,25.48,29378,F
2023-24,1000239,20000239,6,SOCIAL_STUDIES,154.2,PROFICIENT,67,86.58,3.38,2018,61.59,8.33,13.59,14.11,33.34,9.72,16.51,29233,D
2021-22,1000240,20000240,5,SOCIAL_STUDIES,327.4,ADVANCED,50,89.04,3.22,2020,92.84,11.3,23.27,17.76,29.34,9.7,16.49,13733,D
2023-24,1000241,20000241,4,SOCIAL_STUDIES,319.9,ADVANCED,73,95.4,3.48,2019,78.5,10.42,13.65,10.2,12.96,16.9,12.21,19067,C
2018-19,1000242,20000242,5,MATH,204.1,BASIC,27,83.09,20.44,2022,77.55,4.11,2.92,12.26,11.51,6.89,25.59,13876,A
2019-20,1000243,20000243,11,ELA,161.0,BASIC,35,96.16,9.49,2020,82.69,4.38,14.07,10.64,20.05,14.76,23.49,12624,NA
2017-18,1000244,20000244,3,SOCIAL_STUDIES,288.1,PROFICIENT,67,84.71,8.3,2018,89.04,10.74,12.07,16.69,31.29,8.22,21.03,12427,B
2022-23,1000245,20000245,5,SCIENCE,324.8,BELOW_BASIC,6,91.46,26.56,2025,89.28,0.46,4.48,7.42,34.77,10.22,20.95,28999,A
2023-24,1000246,20000246,4,SCIENCE,297.6,BASIC,59,93.26,5.64,2024,76.21,8.47,3.54,21.44,21.06,12.68,15.34,12554,A
2021-22,1000247,20000247,K,MATH,316.1,ADVANCED,36,89.9,10.88,2020,86.26,7.96,20.72,11.52,0.95,13.64,12.81,29526,B
2021-22,1000248,20000248,9,MATH,337.9,BASIC,3,91.42,11.42,2019,82.21,8.51,8.01,11.96,27.89,10.01,22.28,23134,C
2022-23,1000249,20000249,3,SCIENCE,162.5,ADVANCED,35,86.56,14.27,2025,82.13,7.82,21.31,10.05,9.28,5.08,25.35,21852,D
2024-25,1000250,20000250,7,ELA,156.1,PROFICIENT,19,82.07,22.21,2024,80.21,9.61,10.12,15.39,23.11,0.25,22.78,17286,A
2020-21,1000251,20000251,3,SCIENCE,291.0,BASIC,56,98.09,15.77,2022,90.24,4.62,7.79,7.09,22.65,0.44,20.38,21304,D
2020-21,1000252,20000252,3,SOCIAL_STUDIES,320.6,BASIC,59,86.65,7.27,2017,90.26,5.98,15.35,7.4,13.39,7.17,16.0,26378,D
2019-20,1000253,20000253,12,SCIENCE,332.1,ADVANCED,32,82.16,18.27,2019,72.98,2.61,3.13,7.93,14.89,16.75,23.78,30230,C
2022-23,1000254,20000254,7,SCIENCE,237.3,PROFICIENT,32,99.3,7.78,2019,80.75,0.89,4.69,9.07,17.98,3.23,22.33,15383,C
2018-19,1000255,20000255,11,ELA,301.1,PROFICIENT,85,98.16,17.79,2023,78.16,3.0,19.57,13.93,26.97,15.14,12.23,24368,B
2018-19,1000256,20000256,10,SOCIAL_STUDIES,223.3,ADVANCED,93,84.65,24.33,2020,91.33,0.16,15.63,14.56,28.96,16.18,15.99,27235,D
2024-25,1000257,20000257,5,SOCIAL_STUDIES,328.0,BELOW_BASIC,94,97.05,11.44,2020,62.17,2.6,11.83,17.44,16.86,11.63,16.0,16939,B
2019-20,1000258,20000258,1,MATH,190.3,BASIC,99,95.99,16.28,2018,75.64,9.82,24.71,20.71,23.58,8.06,19.19,7155,B
2021-22,1000259,20000259,4,SOCIAL_STUDIES,160.0,BASIC,24,90.03,29.99,2017,80.36,0.06,16.88,8.88,9.72,6.36,25.25,15220,A
2018-19,1000260,20000260,K,SOCIAL_STUDIES,335.4,PROFICIENT,95,83.22,2.36,2020,64.59,2.27,5.61,20.44,19.75,5.54,21.19,15225,D
2020-21,1000261,20000261,11,SOCIAL_STUDIES,299.1,BASIC,64,91.52,24.84,2024,94.51,6.65,13.49,13.17,1.47,1.79,13.69,19807,D
2023-24,1000262,20000262,5,SOCIAL_STUDIES,279.4,ADVANCED,68,96.57,31.08,2016,81.11,9.48,11.99,19.07,15.04,17.3,25.98,22270,D
2017-18,1000263,20000263,K,SCIENCE,332.4,BELOW_BASIC,30,83.61,14.56,2024,72.39,6.3,18.89,7.92,17.22,17.23,20.54,25434,B
2023-24,1000264,20000264,3,MATH,301.1,ADVANCED,82,81.38,31.29,2024,81.88,7.93,23.28,11.11,29.53,0.31,16.71,11017,A
2022-23,1000265,20000265,8,ELA,166.1,PROFICIENT,10,80.24,24.5,2025,71.53,7.29,3.75,10.14,31.43,11.46,11.33,30766,F
2022-23,1000266,20000266,11,ELA,341.9,BASIC,69,83.98,13.78,2020,69.94,10.12,15.85,8.28,12.53,10.37,19.44,11317,F
2018-19,1000267,20000267,8,MATH,225.0,BASIC,92,96.59,11.44,2025,93.68,8.24,9.54,6.21,10.92,4.18,16.24,27148,C
2024-25,1000268,20000268,K,SOCIAL_STUDIES,289.6,PROFICIENT,3,88.74,13.16,2022,86.43,5.03,10.76,6.58,34.27,13.05,16.27,10387,C
2017-18,1000269,20000269,3,MATH,205.6,PROFICIENT,64,82.27,27.22,2018,60.14,8.93,19.66,11.7,30.76,2.1,21.89,23461,B
2020-21,1000270,20000270,2,ELA,185.6,BASIC,97,88.94,17.17,2017,80.98,11.64,16.99,11.92,21.66,0.18,18.16,26529,C
2023-24,1000271,20000271,2,MATH,275.2,BASIC,2,97.83,18.93,2023,90.85,6.16,22.98,10.38,31.15,13.93,15.59,30879,C
2022-23,1000272,20000272,12,SOCIAL_STUDIES,178.3,ADVANCED,52,81.77,16.24,2017,90.71,1.3,11.51,20.2,0.12,8.12,19.84,22592,F
2017-18,1000273,20000273,1,SOCIAL_STUDIES,173.1,BASIC,14,90.25,29.38,2017,68.01,6.52,18.37,9.73,13.88,4.06,10.6,17634,D
2024-25,1000274,20000274,7,SCIENCE,282.4,PROFICIENT,5,95.41,6.51,2025,73.9,0.38,21.59,19.18,1.54,3.44,17.91,13324,B
2024-25,1000275,20000275,10,ELA,307.9,BASIC,93,92.08,33.58,2020,63.24,8.15,17.64,7.52,25.35,14.06,15.08,18341,A
2021-22,1000276,20000276,8,MATH,239.1,PROFICIENT,55,81.36,24.48,2017,87.24,7.47,17.18,18.1,6.04,16.57,19.26,20303,D
2024-25,1000277,20000277,10,SCIENCE,347.9,PROFICIENT,71,87.09,18.21,2016,95.11,6.32,24.13,13.82,8.63,0.3,16.31,23887,B
2017-18,1000278,20000278,6,ELA,325.9,BELOW_BASIC,12,82.02,22.18,2021,76.88,3.38,7.5,19.04,36.59,4.54,19.42,26586,D
2021-22,1000279,20000279,3,SCIENCE,199.7,BASIC,48,86.98,13.08,2019,86.78,1.22,23.14,10.36,3.47,17.86,12.2,9270,C
2024-25,1000280,20000280,9,SCIENCE,228.5,BASIC,38,83.48,31.75,2022,71.4,7.86,9.18,18.74,21.75,17.02,17.13,11814,NA
2024-25,1000281,20000281,4,SCIENCE,319.2,PROFICIENT,40,92.73,2.16,2024,84.26,10.82,24.83,18.67,10.65,4.46,21.78,17006,B
2017-18,1000282,20000282,4,MATH,324.4,PROFICIENT,70,84.25,18.65,2022,87.7,6.96,8.1,16.39,6.96,16.96,11.29,26757,B
2024-25,1000283,20000283,8,ELA,347.6,BELOW_BASIC,31,90.42,23.79,2020,79.48,10.65,12.77,9.5,3.53,8.85,15.15,24941,A
2020-21,1000284,20000284,8,ELA,155.8,BASIC,30,83.52,15.31,2020,98.0,3.62,7.37,21.88,33.22,7.89,15.97,7311,NA
2023-24,1000285,20000285,10,SOCIAL_STUDIES,287.0,PROFICIENT,87,89.95,31.17,2022,88.24,8.84,16.07,20.45,21.35,17.21,17.45,29182,F
2023-24,1000286,20000286,2,ELA,262.7,PROFICIENT,88,88.99,15.03,2020,79.41,4.5,4.8,10.33,35.74,6.22,16.04,24827,C
2023-24,1000287,20000287,12,SCIENCE,314.7,ADVANCED,6,83.7,17.74,2025,69.76,0.03,16.22,9.72,32.52,1.92,16.61,9391,NA
2017-18,1000288,20000288,6,ELA,263.3,ADVANCED,20,82.59,9.9,2017,67.57,10.99,4.66,17.42,5.63,13.4,12.39,11108,B
2022-23,1000289,20000289,3,SCIENCE,263.5,BASIC,21,84.45,29.04,2021,97.34,3.82,1.15,6.34,5.02,2.83,10.18,19926,A
2018-19,1000290,20000290,9,SOCIAL_STUDIES,341.0,BASIC,85,90.51,3.42,2019,72.23,2.23,21.43,21.54,8.32,3.87,12.38,24529,D
2020-21,1000291,20000291,6,SCIENCE,268.9,BASIC,63,91.35,7.14,2022,91.44,9.68,20.48,14.97,30.0,16.77,11.26,18852,B
2020-21,1000292,20000292,8,SCIENCE,314.6,ADVANCED,23,83.4,4.14,2023,82.71,0.67,7.98,11.5,14.5,10.56,14.91,28762,F
2023-24,1000293,20000293,8,ELA,166.7,BELOW_BASIC,56,97.63,18.92,2019,97.94,1.02,22.89,6.32,1.79,5.03,14.42,11060,B
2017-18,1000294,20000294,11,SOCIAL_STUDIES,228.9,PROFICIENT,65,95.18,2.38,2024,76.15,10.51,0.77,11.67,13.2,8.53,12.3,8872,C
2023-24,1000295,20000295,7,SCIENCE,249.9,BELOW_BASIC,53,97.23,2.32,2025,89.69,0.01,11.58,21.13,1.1,17.43,15.47,14859,B
2019-20,1000296,20000296,7,MATH,269.2,ADVANCED,48,91.03,28.85,2023,70.6,4.38,14.53,10.84,26.41,8.14,24.33,26733,D
2023-24,1000297,20000297,K,SOCIAL_STUDIES,196.4,PROFICIENT,84,83.29,27.45,2018,74.18,3.6,22.15,12.45,30.0,9.02,24.49,19146,D
2018-19,1000298,20000298,2,SOCIAL_STUDIES,160.1,PROFICIENT,87,87.49,34.67,2019,72.61,1.76,5.39,8.51,2.26,1.76,16.14,30627,A
2021-22,1000299,20000299,9,SCIENCE,254.3,PROFICIENT,96,85.66,10.2,2021,74.21,8.88,17.85,10.33,34.7,14.16,23.68,7976,C
2021-22,1000300,20000300,5,SOCIAL_STUDIES,150.3,BELOW_BASIC,5,83.54,25.75,2018,65.11,7.41,18.81,13.62,6.5,11.5,17.6,24416,D
2022-23,1000301,20000301,11,SOCIAL_STUDIES,221.6,BASIC,22,81.06,7.8,2020,91.69,10.27,4.45,16.89,32.41,1.37,20.31,14401,B
2022-23,1000302,20000302,2,SCIENCE,247.0,ADVANCED,12,92.87,26.5,2018,90.06,3.59,17.43,20.56,19.78,5.02,10.7,19043,C
2018-19,1000303,20000303,2,MATH,165.8,ADVANCED,38,95.34,28.33,2017,65.99,6.07,20.64,7.62,5.52,13.65,15.72,27916,NA
2017-18,1000304,20000304,K,MATH,253.1,BASIC,15,91.84,16.83,2022,78.85,4.2,6.23,7.89,37.92,2.28,18.62,12612,C
2024-25,1000305,20000305,4,SCIENCE,176.2,ADVANCED,39,96.08,15.85,2021,88.92,0.16,7.72,20.03,5.72,9.75,25.07,27390,C
2024-25,1000306,20000306,6,SCIENCE,209.6,ADVANCED,4,83.4,11.91,2016,82.56,4.01,2.42,15.25,22.52,10.17,13.49,15715,C
2017-18,1000307,20000307,1,SCIENCE,302.0,ADVANCED,78,85.28,16.17,2021,68.48,1.13,1.62,21.43,7.7,8.79,11.46,15064,A
2018-19,1000308,20000308,K,MATH,270.6,BELOW_BASIC,24,97.74,17.22,2023,90.12,11.65,15.41,9.28,34.89,5.93,10.53,13830,B
2020-21,1000309,20000309,7,SCIENCE,152.8,ADVANCED,30,81.83,9.28,2024,87.36,1.74,5.05,6.86,11.42,14.22,18.39,24013,NA
2021-22,1000310,20000310,1,MATH,184.4,BELOW_BASIC,20,98.0,14.47,2025,72.58,11.24,6.37,11.52,34.98,17.38,19.72,15696,D
2020-21,1000311,20000311,6,SOCIAL_STUDIES,212.4,PROFICIENT,88,92.34,9.36,2023,92.27,7.87,11.06,19.04,31.72,11.77,17.09,23662,A
2022-23,1000312,20000312,11,MATH,152.5,PROFICIENT,82,82.29,23.09,2022,90.56,6.3,7.0,16.71,25.72,14.11,17.39,21917,A
2020-21,1000313,20000313,4,ELA,333.8,BASIC,45,88.95,4.61,2017,97.45,11.84,20.51,9.44,21.57,0.45,23.67,9507,B
2022-23,1000314,20000314,7,SOCIAL_STUDIES,232.7,PROFICIENT,65,83.31,13.09,2017,63.38,7.12,9.13,15.92,27.09,16.92,24.48,23156,B
2022-23,1000315,20000315,7,ELA,343.8,BASIC,9,80.22,3.22,2022,69.92,8.79,6.93,15.03,29.26,16.81,14.27,14105,F
2023-24,1000316,20000316,3,SOCIAL_STUDIES,218.3,PROFICIENT,49,81.58,7.93,2018,64.61,4.32,24.48,6.39,30.95,7.11,12.63,30708,B
2019-20,1000317,20000317,7,SCIENCE,193.4,BASIC,20,90.39,2.57,2020,82.78,6.47,7.19,13.3,2.76,7.54,16.49,31683,NA
2019-20,1000318,20000318,5,ELA,184.1,PROFICIENT,48,89.39,17.02,2016,73.86,4.07,6.97,11.53,4.79,16.89,23.6,21554,C
2020-21,1000319,20000319,12,SCIENCE,276.0,BELOW_BASIC,94,87.67,26.91,2023,63.55,9.82,18.34,13.99,29.22,1.63,19.19,22756,F
2018-19,1000320,20000320,10,SCIENCE,192.5,PROFICIENT,82,82.86,10.81,2020,97.87,1.15,21.18,7.55,10.1,8.83,25.48,28687,B
2019-20,1000321,20000321,3,MATH,319.8,PROFICIENT,68,98.74,19.81,2018,65.71,4.11,9.71,20.47,23.85,2.93,18.74,27775,B
2023-24,1000322,20000322,1,MATH,165.0,BELOW_BASIC,22,83.22,27.62,2021,77.45,7.51,2.78,17.49,18.0,17.04,19.43,15769,B
2022-23,1000323,20000323,9,SCIENCE,216.6,ADVANCED,43,88.67,2.75,2024,63.67,6.92,4.75,18.33,22.49,5.51,20.24,18284,B
2024-25,1000324,20000324,5,MATH,309.4,BASIC,32,90.34,3.79,2023,61.92,5.53,8.61,8.05,30.58,10.23,16.57,8269,D
2024-25,1000325,20000325,4,SCIENCE,322.6,BASIC,68,91.03,25.18,2024,76.96,4.7,2.68,17.28,24.29,11.6,18.99,16913,B
2020-21,1000326,20000326,5,SCIENCE,151.1,BELOW_BASIC,14,98.1,13.92,2024,87.38,4.32,2.46,10.24,6.87,7.23,17.04,9255,A
2018-19,1000327,20000327,12,MATH,349.2,BASIC,4,93.51,31.92,2022,89.83,8.5,24.2,9.24,5.16,5.02,25.38,7346,F
2018-19,1000328,20000328,7,SOCIAL_STUDIES,185.3,PROFICIENT,65,89.5,17.79,2018,92.75,9.17,18.23,19.62,1.1,11.15,24.02,18504,A
2018-19,1000329,20000329,11,SCIENCE,318.2,PROFICIENT,10,87.32,27.13,2022,62.44,5.55,10.34,21.34,17.48,16.66,16.46,13613,C
2024-25,1000330,20000330,3,SOCIAL_STUDIES,182.1,BASIC,61,82.02,13.6,2025,83.92,9.28,15.86,6.03,3.9,11.95,16.63,22986,C
2018-19,1000331,20000331,2,MATH,312.6,PROFICIENT,88,92.37,15.1,2021,69.73,0.47,9.71,18.56,4.53,1.1,25.81,26044,A
2023-24,1000332,20000332,5,MATH,322.0,PROFICIENT,51,90.05,27.53,2018,89.19,8.84,21.61,20.85,33.96,1.77,22.11,14067,C
2023-24,1000333,20000333,K,SOCIAL_STUDIES,156.1,BELOW_BASIC,69,83.55,10.38,2019,75.34,0.22,14.95,14.08,35.26,7.94,11.14,22444,NA
2023-24,1000334,20000334,3,SCIENCE,174.3,PROFICIENT,88,80.29,2.24,2017,62.7,7.29,20.6,17.3,8.01,5.49,24.49,19128,B
2018-19,1000335,20000335,5,SCIENCE,248.5,BASIC,72,97.51,15.15,2022,87.33,11.09,11.39,8.92,14.08,11.05,15.2,31630,D
2021-22,1000336,20000336,1,SCIENCE,295.4,PROFICIENT,96,90.65,24.75,2023,66.76,4.39,19.31,20.91,14.8,14.03,18.92,17135,B
2019-20,1000337,20000337,6,MATH,322.8,BELOW_BASIC,2,95.75,28.28,2016,61.11,1.23,4.17,16.32,0.71,10.68,12.2,8517,C
2021-22,1000338,20000338,6,SCIENCE,294.2,ADVANCED,46,90.22,21.16,2020,89.25,10.74,24.09,18.33,3.44,0.69,13.64,10254,F
2022-23,1000339,20000339,7,SCIENCE,330.1,PROFICIENT,24,99.47,30.64,2016,80.03,4.45,1.54,16.8,34.22,17.75,16.11,15055,B
2021-22,1000340,20000340,4,ELA,176.7,BELOW_BASIC,22,89.93,24.0,2022,86.68,1.35,11.37,10.53,0.37,4.5,23.31,28223,D
2022-23,1000341,20000341,6,SCIENCE,158.9,PROFICIENT,80,90.88,8.56,2021,63.05,11.61,10.07,10.72,4.54,16.51,20.69,28870,B
2024-25,1000342,20000342,1,SCIENCE,176.1,PROFICIENT,12,80.81,33.8,2018,65.33,11.98,5.35,17.5,2.01,10.81,24.97,28186,A
2018-19,1000343,20000343,10,MATH,232.6,PROFICIENT,59,82.39,29.01,2018,89.75,1.62,24.98,19.83,13.43,9.38,24.79,21271,C
2017-18,1000344,20000344,7,SOCIAL_STUDIES,316.0,PROFICIENT,67,85.65,15.75,2016,82.81,3.51,13.89,17.5,24.25,3.23,22.05,19501,B
2022-23,1000345,20000345,12,ELA,238.7,BASIC,95,89.34,18.98,2018,86.82,4.56,24.01,15.95,8.47,12.55,12.29,13577,F
2021-22,1000346,20000346,4,SCIENCE,316.2,PROFICIENT,41,92.62,5.66,2024,80.69,4.68,12.44,18.66,24.28,4.02,25.75,23595,A
2019-20,1000347,20000347,12,SCIENCE,318.4,BELOW_BASIC,64,95.11,24.38,2017,93.86,11.48,16.55,10.26,34.83,0.17,13.16,20277,B
2020-21,1000348,20000348,2,SOCIAL_STUDIES,222.6,PROFICIENT,20,96.11,11.07,2018,83.73,9.68,24.22,13.37,3.38,11.14,22.54,31416,C
2018-19,1000349,20000349,8,ELA,300.4,BELOW_BASIC,83,83.39,23.7,2022,75.52,9.88,19.55,15.16,5.69,12.17,25.14,23935,D
2019-20,1000350,20000350,6,SOCIAL_STUDIES,335.5,BELOW_BASIC,69,90.64,13.43,2017,65.84,1.6,16.83,8.91,28.33,4.05,23.64,11224,F
2023-24,1000351,20000351,12,SOCIAL_STUDIES,203.5,BASIC,3,94.58,12.03,2017,76.78,5.62,20.44,10.45,30.21,9.23,12.74,11389,C
2018-19,1000352,20000352,7,SOCIAL_STUDIES,174.1,PROFICIENT,15,85.07,9.6,2025,60.42,2.5,7.33,17.15,36.32,14.65,16.5,23533,NA
2024-25,1000353,20000353,11,SCIENCE,324.1,BASIC,15,86.25,29.64,2019,68.63,9.6,4.06,8.78,9.78,4.87,13.57,24526,B
2023-24,1000354,20000354,10,MATH,219.0,BASIC,33,88.28,23.28,2016,92.8,7.06,6.71,8.87,8.82,6.76,19.25,27239,A
2022-23,1000355,20000355,12,SCIENCE,221.8,BASIC,98,86.66,12.53,2022,60.54,5.93,8.92,18.86,13.05,10.0,14.0,21943,C
2017-18,1000356,20000356,7,MATH,251.5,PROFICIENT,66,93.15,20.77,2016,78.38,4.91,6.59,19.02,30.99,4.13,17.34,10177,C
2022-23,1000357,20000357,7,SOCIAL_STUDIES,253.9,PROFICIENT,19,82.46,18.38,2024,84.7,0.17,23.99,16.39,9.22,3.47,19.22,9207,C
2022-23,1000358,20000358,9,SOCIAL_STUDIES,269.3,BASIC,63,83.87,33.23,2019,74.8,4.98,20.46,17.93,11.07,15.07,21.31,24776,D
2018-19,1000359,20000359,7,SCIENCE,308.9,BASIC,45,92.63,10.13,2016,75.02,3.73,3.54,15.47,11.81,7.47,20.19,9916,C
2021-22,1000360,20000360,7,SCIENCE,307.2,ADVANCED,8,83.93,24.32,2024,88.54,2.93,20.97,11.5,17.08,1.68,24.0,12266,C
2020-21,1000361,20000361,K,SCIENCE,279.4,ADVANCED,12,95.16,25.39,2020,80.16,3.38,18.78,8.57,7.32,3.18,12.69,29668,NA
2019-20,1000362,20000362,12,ELA,159.3,BELOW_BASIC,77,87.39,28.62,2019,91.31,6.56,18.96,14.89,33.24,5.08,15.36,20725,F
2020-21,1000363,20000363,6,MATH,296.7,PROFICIENT,86,85.55,22.71,2021,70.34,3.02,18.13,10.46,10.83,8.22,14.44,19144,D
2017-18,1000364,20000364,3,SOCIAL_STUDIES,296.8,BASIC,64,82.77,18.81,2024,94.32,8.44,0.51,9.68,27.69,2.7,14.79,15714,A
2023-24,1000365,20000365,2,MATH,286.4,BELOW_BASIC,3,95.78,14.8,2018,75.58,9.74,14.41,7.1,26.91,6.38,17.01,23982,NA
2017-18,1000366,20000366,2,SCIENCE,151.6,PROFICIENT,30,99.17,9.21,2025,65.67,11.06,12.17,6.47,7.67,11.25,17.36,24368,F
2023-24,1000367,20000367,K,SOCIAL_STUDIES,308.1,PROFICIENT,53,80.43,34.61,2025,91.48,6.97,24.02,6.86,21.28,6.96,13.58,16149,A
2017-18,1000368,20000368,7,MATH,257.9,ADVANCED,44,95.94,12.54,2022,74.65,8.43,2.26,14.81,12.27,6.9,10.91,24418,D
2020-21,1000369,20000369,8,MATH,265.9,PROFICIENT,34,85.54,2.1,2023,77.63,1.85,11.6,6.01,2.25,12.01,25.28,15556,A
2024-25,1000370,20000370,3,SOCIAL_STUDIES,330.3,BASIC,14,86.15,30.8,2016,83.16,9.08,6.33,13.67,5.41,5.91,16.77,16518,B
2017-18,1000371,20000371,3,SCIENCE,281.7,BASIC,36,80.45,4.58,2018,80.49,1.72,21.17,10.37,16.41,3.19,22.77,13712,C
2021-22,1000372,20000372,1,SOCIAL_STUDIES,172.0,BELOW_BASIC,39,89.94,24.85,2018,91.57,3.04,11.92,15.77,2.69,16.44,12.24,31142,A
2017-18,1000373,20000373,6,ELA,249.8,PROFICIENT,70,99.18,28.94,2016,85.14,7.68,9.92,15.3,8.0,6.84,10.52,21060,D
2019-20,1000374,20000374,K,SCIENCE,332.8,BASIC,59,85.43,25.75,2025,68.88,11.52,16.13,13.46,37.14,3.84,21.96,20307,C
2019-20,1000375,20000375,2,ELA,262.8,PROFICIENT,36,86.34,14.53,2021,67.72,0.51,7.17,6.76,33.96,3.88,23.27,27033,F
2019-20,1000376,20000376,8,ELA,221.4,BASIC,49,92.16,24.76,2024,94.57,5.57,8.65,17.69,36.96,17.98,10.05,11643,B
2021-22,1000377,20000377,6,MATH,314.3,PROFICIENT,93,82.96,13.77,2023,72.99,10.51,4.12,6.49,37.39,3.91,23.96,13535,C
2020-21,1000378,20000378,10,MATH,284.2,PROFICIENT,47,85.39,19.91,2020,80.22,4.06,9.4,19.39,35.87,5.95,21.27,17281,C
2017-18,1000379,20000379,3,ELA,227.8,BASIC,10,83.7,24.99,2020,64.21,8.46,11.78,9.81,37.2,5.29,22.96,20362,D
2020-21,1000380,20000380,7,SCIENCE,180.7,PROFICIENT,14,93.69,32.43,2016,88.9,3.83,17.02,16.98,2.16,3.86,13.98,16635,A
2022-23,1000381,20000381,10,ELA,273.7,PROFICIENT,22,95.38,22.27,2023,94.93,5.58,23.85,16.75,34.69,8.29,21.77,23814,B
2023-24,1000382,20000382,2,SCIENCE,316.9,PROFICIENT,74,94.99,9.54,2020,92.37,1.44,10.09,16.91,17.9,12.74,25.78,21281,C
2022-23,1000383,20000383,1,SCIENCE,278.9,BASIC,88,97.84,13.47,2021,80.45,3.95,3.41,13.23,16.84,16.15,19.1,22952,F
2023-24,1000384,20000384,9,MATH,158.9,BELOW_BASIC,40,84.9,15.62,2025,82.67,8.75,22.66,10.09,23.55,8.38,11.86,27003,NA
2017-18,1000385,20000385,3,SCIENCE,289.0,BASIC,28,91.47,31.39,2023,82.9,0.49,20.87,21.46,22.52,10.28,11.58,30818,NA
2023-24,1000386,20000386,8,SOCIAL_STUDIES,271.8,BELOW_BASIC,4,94.26,11.66,2024,72.46,8.24,22.11,11.51,18.13,7.89,17.51,17290,B
2023-24,1000387,20000387,11,SCIENCE,188.5,PROFICIENT,90,89.02,26.46,2017,79.23,10.01,7.39,16.14,12.19,16.17,20.95,8658,B
2018-19,1000388,20000388,6,ELA,280.9,PROFICIENT,51,82.8,29.75,2019,84.94,9.36,12.0,21.05,28.49,8.8,15.88,19236,B
2022-23,1000389,20000389,4,SCIENCE,333.6,BASIC,35,85.98,9.09,2018,91.36,7.24,6.55,15.79,20.53,4.62,10.75,25140,B
2020-21,1000390,20000390,3,SOCIAL_STUDIES,224.7,BELOW_BASIC,43,97.54,32.66,2018,75.03,6.25,8.04,6.09,33.97,17.15,23.2,25460,D
2019-20,1000391,20000391,8,MATH,313.7,PROFICIENT,37,90.11,32.0,2023,81.25,9.38,23.72,17.14,27.0,17.76,22.11,16973,F
2017-18,1000392,20000392,6,SOCIAL_STUDIES,164.9,BELOW_BASIC,47,94.5,9.44,2017,82.35,0.4,20.17,12.14,34.01,8.49,21.44,16487,C
2022-23,1000393,20000393,8,SCIENCE,228.5,BASIC,86,87.58,21.22,2020,71.3,8.66,10.18,10.08,26.27,6.14,21.98,29371,D
2022-23,1000394,20000394,12,SOCIAL_STUDIES,331.3,BASIC,26,89.76,23.29,2018,62.78,8.41,3.63,9.12,33.52,11.97,22.97,21376,B
2019-20,1000395,20000395,6,ELA,226.9,PROFICIENT,76,81.66,28.55,2016,78.38,10.06,2.24,16.85,13.22,2.4,13.63,23059,C
2019-20,1000396,20000396,10,ELA,287.6,PROFICIENT,65,90.99,14.8,2020,67.29,10.97,2.62,17.7,20.4,13.38,25.67,14464,A
2018-19,1000397,20000397,4,ELA,241.4,ADVANCED,91,95.3,6.55,2024,96.69,4.74,11.66,15.93,6.24,8.76,17.45,10291,C
2022-23,1000398,20000398,6,SCIENCE,302.6,BELOW_BASIC,23,82.63,28.02,2024,74.22,4.29,24.01,6.06,6.87,13.11,22.38,16954,NA
2022-23,1000399,20000399,10,ELA,261.6,ADVANCED,43,86.16,13.88,2016,78.02,4.02,6.58,18.12,7.1,12.36,25.37,28008,C
2019-20,1000400,20000400,5,MATH,275.2,PROFICIENT,28,89.17,29.1,2018,89.25,6.47,6.6,14.68,9.43,15.63,20.96,15735,C
2021-22,1000401,20000401,4,ELA,248.4,BASIC,5,93.21,23.98,2017,81.64,1.09,0.21,7.64,12.9,7.64,16.97,13797,B
2023-24,1000402,20000402,8,MATH,179.5,BASIC,20,86.04,11.8,2019,88.88,8.61,11.84,11.94,0.97,1.66,11.56,18374,B
2017-18,1000403,20000403,8,SCIENCE,228.3,BASIC,6,81.27,34.94,2019,91.36,5.61,13.87,19.25,28.25,16.55,15.46,22323,D
2020-21,1000404,20000404,12,SOCIAL_STUDIES,226.2,BELOW_BASIC,93,95.23,10.85,2017,76.61,5.69,4.57,21.32,21.14,8.39,10.46,21262,C
2022-23,1000405,20000405,5,ELA,346.7,ADVANCED,67,95.71,21.86,2025,96.13,0.12,8.61,18.18,5.85,5.0,24.69,14153,C
2019-20,1000406,20000406,8,ELA,312.6,ADVANCED,38,84.28,26.36,2023,69.87,7.08,20.16,14.05,33.09,6.18,14.98,27626,B
2018-19,1000407,20000407,7,ELA,349.6,PROFICIENT,55,94.55,22.57,2018,68.68,11.4,21.17,11.46,35.1,9.56,25.59,23072,A
2021-22,1000408,20000408,9,ELA,339.2,BASIC,14,93.97,8.62,2025,73.45,3.21,3.06,7.52,2.31,8.22,23.74,8728,B
2019-20,1000409,20000409,11,SOCIAL_STUDIES,280.9,ADVANCED,74,89.52,17.7,2019,64.4,0.1,2.21,19.57,16.89,1.0,12.83,20100,C
2023-24,1000410,20000410,9,SOCIAL_STUDIES,212.6,PROFICIENT,32,93.17,5.18,2022,81.97,4.81,8.33,16.69,20.9,1.07,25.9,23887,A
2018-19,1000411,20000411,2,SCIENCE,251.5,BASIC,9,93.29,33.38,2024,68.59,3.17,20.62,9.31,24.64,3.47,14.83,17595,D
2024-25,1000412,20000412,8,SCIENCE,339.5,PROFICIENT,40,82.06,19.31,2024,62.69,9.43,10.84,6.16,9.16,1.9,19.39,18082,D
2023-24,1000413,20000413,5,SCIENCE,195.1,BASIC,58,94.23,14.37,2022,72.94,6.49,0.2,11.02,26.0,15.87,13.61,18176,C
2023-24,1000414,20000414,2,SOCIAL_STUDIES,312.6,BASIC,56,91.99,31.35,2025,92.03,0.29,2.74,14.61,25.04,12.86,11.4,17476,NA
2020-21,1000415,20000415,10,SOCIAL_STUDIES,267.3,PROFICIENT,42,97.93,27.37,2024,83.36,9.86,11.62,17.15,24.53,11.05,13.19,25967,B
2019-20,1000416,20000416,4,MATH,268.1,BASIC,79,93.95,6.69,2025,66.72,1.3,3.93,12.48,12.33,0.32,16.18,12446,B
2022-23,1000417,20000417,11,SOCIAL_STUDIES,179.8,PROFICIENT,97,82.87,19.26,2023,91.14,0.25,11.24,10.02,9.08,9.67,14.45,19585,B
2020-21,1000418,20000418,9,ELA,290.6,PROFICIENT,97,92.12,28.98,2018,94.22,3.84,19.04,8.05,32.56,2.1,17.21,18585,C
2017-18,1000419,20000419,11,ELA,297.3,BELOW_BASIC,76,85.52,7.97,2017,77.58,11.17,24.76,18.03,12.88,0.92,10.96,29283,D
2019-20,1000420,20000420,2,MATH,333.5,BELOW_BASIC,17,85.47,5.63,2025,60.82,7.47,18.24,16.86,8.54,0.27,16.0,24280,A
2024-25,1000421,20000421,6,MATH,194.6,PROFICIENT,78,92.24,5.99,2023,94.93,6.77,3.85,7.31,31.07,7.2,17.38,19254,F
2019-20,1000422,20000422,11,ELA,322.3,PROFICIENT,60,87.35,12.6,2020,81.1,9.36,19.84,21.09,21.03,14.78,14.36,15471,A
2018-19,1000423,20000423,K,SCIENCE,260.7,BASIC,92,94.9,2.51,2025,80.34,11.8,6.78,6.46,3.53,8.3,11.04,27628,C
2023-24,1000424,20000424,12,SCIENCE,168.9,ADVANCED,88,97.73,11.2,2025,73.82,10.23,0.21,13.69,36.85,17.66,18.88,15892,A
2022-23,1000425,20000425,11,SOCIAL_STUDIES,167.8,BELOW_BASIC,96,99.34,32.79,2021,86.63,1.71,22.02,12.79,30.58,7.98,16.22,21272,C
2019-20,1000426,20000426,8,SCIENCE,243.1,BELOW_BASIC,64,91.13,27.15,2020,77.62,8.17,7.32,13.07,12.46,17.52,12.08,14113,NA
2018-19,1000427,20000427,3,SOCIAL_STUDIES,244.8,BELOW_BASIC,56,92.65,14.45,2019,83.91,1.38,2.39,19.88,32.09,14.74,15.12,10836,D
2017-18,1000428,20000428,7,SCIENCE,236.0,BASIC,19,89.34,20.74,2022,85.6,11.24,3.75,15.73,0.95,12.89,19.53,20234,B
2020-21,1000429,20000429,2,MATH,325.2,BELOW_BASIC,82,80.93,2.78,2019,71.82,10.64,22.15,13.79,31.34,6.97,15.46,14621,B
2018-19,1000430,20000430,4,SOCIAL_STUDIES,239.8,BELOW_BASIC,11,95.63,17.65,2022,81.9,2.83,14.05,13.25,5.71,14.71,17.17,13639,C
2023-24,1000431,20000431,6,SCIENCE,248.3,BASIC,78,96.22,5.61,2017,93.24,7.66,15.15,11.41,34.67,4.79,18.56,24221,C
2022-23,1000432,20000432,11,MATH,258.3,PROFICIENT,71,80.86,28.66,2016,75.75,11.09,7.26,6.92,17.62,17.92,21.88,23798,A
2024-25,1000433,20000433,7,SCIENCE,287.0,ADVANCED,80,97.44,14.31,2016,87.52,4.19,5.1,16.61,22.79,15.59,18.72,10257,D
2017-18,1000434,20000434,9,SCIENCE,156.5,PROFICIENT,77,97.81,10.18,2022,86.2,3.39,11.51,14.65,11.08,5.67,19.63,27039,D
2021-22,1000435,20000435,9,SOCIAL_STUDIES,335.4,BELOW_BASIC,90,88.89,31.53,2018,74.28,4.62,3.21,19.51,37.21,9.23,16.13,29907,B
2020-21,1000436,20000436,8,ELA,303.0,BASIC,61,96.16,7.41,2019,70.51,9.78,5.91,22.0,30.47,13.71,25.72,11583,A
2020-21,1000437,20000437,8,SOCIAL_STUDIES,324.4,ADVANCED,33,87.47,4.61,2021,64.86,8.81,8.54,14.19,16.77,1.49,18.75,22020,D
2022-23,1000438,20000438,4,SOCIAL_STUDIES,276.8,BELOW_BASIC,89,92.53,8.28,2017,97.88,11.0,8.72,15.39,2.13,15.03,19.69,17782,A
2017-18,1000439,20000439,8,MATH,301.1,PROFICIENT,72,98.42,15.5,2016,76.35,9.36,13.68,11.22,25.76,2.56,20.78,26151,D
2021-22,1000440,20000440,K,MATH,325.8,ADVANCED,37,82.72,30.36,2022,77.19,0.99,10.95,18.65,33.62,17.57,20.32,14894,B
2023-24,1000441,20000441,2,SCIENCE,197.6,PROFICIENT,21,87.05,3.77,2023,83.48,4.58,15.69,8.85,32.04,14.04,24.73,26770,B
2024-25,1000442,20000442,9,SCIENCE,163.7,BASIC,12,82.22,31.81,2019,93.26,2.18,18.08,7.59,26.63,0.51,10.34,20269,A
2022-23,1000443,20000443,3,ELA,179.2,BASIC,59,84.46,11.23,2024,76.17,9.08,3.24,16.28,37.21,17.72,15.94,18368,A
2019-20,1000444,20000444,3,SOCIAL_STUDIES,320.2,BASIC,69,98.16,14.72,2022,77.88,5.75,20.31,20.12,23.21,17.06,18.13,29736,F
2018-19,1000445,20000445,6,SCIENCE,254.6,ADVANCED,63,97.94,19.56,2016,62.98,6.95,7.91,9.82,5.59,4.83,24.3,18347,C
2017-18,1000446,20000446,9,SOCIAL_STUDIES,286.5,BASIC,93,84.51,22.4,2018,75.51,0.11,19.49,17.41,23.97,10.26,22.59,19607,C
2022-23,1000447,20000447,5,MATH,227.5,PROFICIENT,44,83.21,20.38,2023,67.14,3.28,14.38,10.93,28.25,8.6,15.54,14587,C
2019-20,1000448,20000448,11,ELA,239.7,PROFICIENT,11,85.22,3.34,2016,70.08,9.07,24.12,14.36,20.35,13.16,13.53,14278,B
2022-23,1000449,20000449,12,SCIENCE,273.6,PROFICIENT,26,88.42,11.9,2024,82.75,9.77,11.34,15.78,20.1,8.93,17.19,26471,A
2018-19,1000450,20000450,11,MATH,338.3,BELOW_BASIC,57,85.61,24.32,2020,63.82,0.81,21.49,10.74,2.98,9.84,17.99,13555,B
2019-20,1000451,20000451,8,SCIENCE,300.3,BASIC,50,91.81,31.92,2021,65.23,9.62,1.35,12.17,24.14,14.19,17.7,25205,C
2020-21,1000452,20000452,12,SCIENCE,173.7,PROFICIENT,6,93.43,12.93,2021,90.98,2.04,2.44,17.33,37.84,8.85,21.49,9995,D
2024-25,1000453,20000453,12,SOCIAL_STUDIES,292.6,BASIC,1,89.02,4.43,2022,65.2,8.3,8.84,21.45,33.74,1.47,25.99,22941,C
2017-18,1000454,20000454,5,MATH,161.3,ADVANCED,98,86.28,14.58,2019,91.65,5.77,12.33,10.88,28.5,1.77,22.64,28385,B
2017-18,1000455,20000455,5,SCIENCE,238.9,ADVANCED,28,88.43,31.06,2024,85.43,7.29,15.35,18.25,24.9,10.83,19.79,31013,C
2020-21,1000456,20000456,2,ELA,272.4,BASIC,21,90.92,8.17,2022,82.89,1.58,20.78,9.64,33.74,9.12,22.74,24318,C
2020-21,1000457,20000457,4,MATH,294.0,BELOW_BASIC,91,85.82,17.54,2019,80.94,6.75,0.17,17.38,2.93,3.61,24.52,25711,D
2017-18,1000458,20000458,K,MATH,165.3,ADVANCED,26,88.95,5.81,2016,93.52,6.2,0.73,19.65,35.03,5.41,16.84,28671,B
2021-22,1000459,20000459,11,ELA,176.5,ADVANCED,3,85.89,34.01,2023,64.29,4.73,1.37,8.49,21.18,16.94,23.39,10611,A
2019-20,1000460,20000460,4,ELA,267.8,ADVANCED,41,84.4,29.41,2023,92.95,7.3,2.99,10.31,8.39,12.87,11.1,23366,C
2020-21,1000461,20000461,9,SCIENCE,191.4,BASIC,40,84.47,28.65,2020,80.41,1.01,19.7,11.97,13.85,8.35,20.38,24407,B
2021-22,1000462,20000462,9,SCIENCE,213.7,PROFICIENT,70,95.7,28.01,2025,85.54,11.86,20.14,21.51,11.21,3.44,12.27,11864,C
2018-19,1000463,20000463,1,SCIENCE,289.6,PROFICIENT,73,97.82,23.05,2018,94.88,9.58,12.8,17.57,12.86,16.09,22.14,26932,B
2019-20,1000464,20000464,K,SOCIAL_STUDIES,322.3,BELOW_BASIC,36,90.72,12.62,2020,70.73,1.45,24.7,20.86,33.29,15.16,10.71,10664,B
2022-23,1000465,20000465,4,ELA,246.4,BASIC,42,96.94,19.09,2025,66.38,9.4,20.85,10.91,31.57,4.74,19.42,29309,A
2023-24,1000466,20000466,5,MATH,348.5,PROFICIENT,69,92.7,33.09,2021,82.08,11.01,19.02,6.8,23.36,11.84,17.88,30659,C
2017-18,1000467,20000467,10,ELA,223.1,ADVANCED,90,98.0,7.05,2021,63.31,8.42,22.11,12.4,26.26,11.21,14.85,9959,B
2022-23,1000468,20000468,12,SCIENCE,277.2,ADVANCED,87,88.94,18.21,2024,78.18,6.28,21.4,16.4,30.82,7.63,20.42,11742,A
2017-18,1000469,20000469,8,ELA,240.7,BELOW_BASIC,42,96.39,21.56,2017,68.8,10.18,14.54,10.17,5.22,2.17,14.87,22849,A
2017-18,1000470,20000470,5,MATH,281.7,BELOW_BASIC,91,83.29,14.26,2017,62.82,10.93,2.25,12.97,12.37,8.53,22.36,27977,B
2019-20,1000471,20000471,5,SCIENCE,230.8,BASIC,61,81.87,10.36,2023,75.31,7.45,4.05,10.9,15.29,12.31,23.62,23207,B
2020-21,1000472,20000472,4,ELA,172.5,ADVANCED,80,82.57,11.41,2022,75.8,5.67,5.96,21.89,30.08,2.34,18.44,21681,B
2021-22,1000473,20000473,5,SCIENCE,286.9,PROFICIENT,60,80.82,8.57,2021,65.2,9.63,4.1,6.4,34.63,0.0,17.29,19158,D
2024-25,1000474,20000474,11,SOCIAL_STUDIES,211.2,BELOW_BASIC,90,83.33,2.8,2024,71.96,7.91,7.42,19.52,17.58,5.97,22.22,28460,A
2017-18,1000475,20000475,K,ELA,276.4,BASIC,98,89.84,14.61,2024,63.21,0.72,24.53,7.36,11.79,7.35,16.87,8109,B
2024-25,1000476,20000476,2,MATH,265.8,BELOW_BASIC,55,83.36,16.98,2019,87.74,9.05,23.9,16.43,13.09,4.17,22.38,12739,A
2017-18,1000477,20000477,4,SCIENCE,318.4,BELOW_BASIC,12,91.74,20.14,2022,84.43,11.82,16.68,15.61,11.5,10.95,23.63,17107,NA
2021-22,1000478,20000478,3,MATH,313.4,BASIC,24,86.76,3.96,2019,92.01,11.93,3.74,21.59,37.64,0.8,15.58,8532,D
2020-21,1000479,20000479,3,SOCIAL_STUDIES,154.8,BELOW_BASIC,36,80.22,8.49,2018,76.31,8.72,17.57,7.96,10.25,15.5,23.53,25281,C
2023-24,1000480,20000480,5,SOCIAL_STUDIES,227.6,BASIC,68,82.25,15.86,2025,74.53,4.87,15.58,20.16,2.19,7.31,20.64,11919,B
2021-22,1000481,20000481,8,MATH,278.1,ADVANCED,81,90.51,3.78,2025,73.14,7.28,0.37,13.93,30.98,0.99,11.92,16733,A
2023-24,1000482,20000482,K,MATH,334.3,BASIC,82,87.15,16.7,2019,97.54,11.22,6.14,11.36,5.07,13.14,17.77,21075,C
2021-22,1000483,20000483,5,MATH,150.1,BASIC,48,98.9,4.46,2025,60.45,6.85,11.34,21.99,30.43,4.12,20.0,27675,D
2021-22,1000484,20000484,6,ELA,165.5,PROFICIENT,39,88.26,17.69,2016,67.64,4.87,1.64,18.21,35.79,8.84,19.45,21268,C
2024-25,1000485,20000485,12,ELA,185.0,PROFICIENT,6,81.97,28.71,2019,87.62,5.99,18.84,14.31,2.18,12.57,22.1,21645,A
2022-23,1000486,20000486,11,ELA,187.1,BASIC,22,83.33,20.18,2025,73.67,3.48,21.08,10.66,27.44,13.09,15.1,8255,D
2017-18,1000487,20000487,11,MATH,159.4,BELOW_BASIC,6,90.76,4.33,2017,97.9,2.39,18.65,20.28,24.42,1.35,11.72,19915,B
2017-18,1000488,20000488,8,MATH,158.5,BELOW_BASIC,68,84.61,14.06,2018,72.03,6.54,5.37,19.49,10.53,9.93,13.02,22129,B
2020-21,1000489,20000489,3,MATH,204.8,PROFICIENT,75,91.89,31.74,2025,97.93,6.19,12.07,14.57,36.51,15.42,14.7,27373,B
2018-19,1000490,20000490,3,SOCIAL_STUDIES,264.6,BELOW_BASIC,81,89.74,24.07,2023,65.7,11.52,19.0,7.13,16.66,13.95,19.74,31018,B
2017-18,1000491,20000491,11,SOCIAL_STUDIES,314.4,BELOW_BASIC,65,89.96,7.49,2025,63.33,0.33,9.51,21.08,11.88,3.76,11.1,23650,NA
2022-23,1000492,20000492,4,SCIENCE,180.9,PROFICIENT,90,80.26,12.13,2022,85.19,2.36,7.98,19.76,3.15,10.35,12.19,20505,F
2020-21,1000493,20000493,2,MATH,207.5,BASIC,87,90.47,27.73,2017,89.23,5.84,17.22,20.46,35.92,11.56,10.12,31225,C
2020-21,1000494,20000494,9,SCIENCE,195.2,PROFICIENT,70,84.37,31.64,2017,83.54,6.28,20.51,12.54,31.06,1.42,12.2,21079,F
2024-25,1000495,20000495,4,MATH,213.8,PROFICIENT,5,94.08,20.28,2020,74.31,4.78,8.96,7.77,10.49,14.27,12.67,28122,B
2024-25,1000496,20000496,8,SCIENCE,294.2,BASIC,68,96.81,13.83,2017,83.97,7.35,4.5,13.7,35.47,12.31,17.25,29036,B
2018-19,1000497,20000497,3,SCIENCE,241.2,ADVANCED,64,83.89,6.5,2024,91.88,10.54,19.01,21.11,24.2,3.42,23.99,23973,A
2019-20,1000498,20000498,6,SOCIAL_STUDIES,302.9,BASIC,91,89.69,25.64,2024,67.63,0.62,9.69,13.11,23.13,8.49,18.15,13077,C
2018-19,1000499,20000499,5,MATH,224.0,BELOW_BASIC,96,85.8,26.75,2021,74.1,6.16,0.28,12.17,29.99,4.41,19.47,21116,NA
2023-24,1000500,20000500,11,SCIENCE,171.6,BASIC,46,90.32,21.8,2017,74.73,1.54,24.15,6.65,19.45,12.54,13.76,7758,A
2018-19,1000501,20000501,11,SCIENCE,201.7,BASIC,9,88.11,4.36,2022,93.64,7.24,3.02,12.7,37.74,6.4,21.79,29392,B
2022-23,1000502,20000502,8,ELA,246.2,PROFICIENT,45,87.0,26.51,2025,63.85,1.66,1.69,20.6,31.62,0.6,12.81,31963,F
2021-22,1000503,20000503,K,SOCIAL_STUDIES,202.6,ADVANCED,88,86.63,20.04,2024,70.56,1.06,7.63,21.59,25.0,3.83,22.61,18444,C
2024-25,1000504,20000504,4,SCIENCE,163.4,BELOW_BASIC,20,96.6,25.33,2025,95.08,8.5,16.53,14.95,1.97,1.06,13.85,15479,C
2024-25,1000505,20000505,7,SCIENCE,233.9,BASIC,51,84.5,17.01,2025,67.64,8.12,20.9,11.85,0.32,16.3,16.13,18046,B
2019-20,1000506,20000506,4,SOCIAL_STUDIES,180.5,BASIC,57,89.56,15.09,2023,76.55,9.08,11.92,14.14,9.09,5.17,25.15,7684,B
2019-20,1000507,20000507,5,MATH,289.6,BELOW_BASIC,80,83.96,27.45,2022,67.09,11.54,10.67,12.07,1.04,1.42,19.53,8179,B
2021-22,1000508,20000508,4,ELA,247.5,BASIC,33,81.3,33.91,2018,71.24,5.51,23.04,20.8,21.94,3.62,12.44,30829,A
2024-25,1000509,20000509,8,SCIENCE,232.6,ADVANCED,98,96.96,9.9,2018,63.68,11.97,22.81,20.82,12.66,4.38,15.31,20749,B
2017-18,1000510,20000510,9,SCIENCE,282.8,BELOW_BASIC,5,83.06,32.3,2025,67.89,3.18,3.24,21.86,18.54,8.96,25.52,11544,B
2017-18,1000511,20000511,2,SCIENCE,230.3,PROFICIENT,79,82.0,8.4,2021,61.95,0.94,24.44,11.03,14.62,8.66,10.12,8102,B
2022-23,1000512,20000512,2,MATH,237.1,PROFICIENT,65,93.4,14.0,2022,62.58,9.47,16.39,9.6,34.69,8.14,13.17,25596,A
2021-22,1000513,20000513,3,SOCIAL_STUDIES,173.7,ADVANCED,83,85.57,8.69,2021,68.0,6.09,12.75,20.18,9.02,1.17,16.08,25138,C
2024-25,1000514,20000514,2,MATH,237.4,BASIC,8,92.11,5.29,2020,70.48,2.02,7.79,13.7,1.58,2.45,23.35,30990,C
2021-22,1000515,20000515,9,MATH,331.1,PROFICIENT,37,81.58,6.86,2025,63.8,6.87,23.38,17.67,8.95,3.72,18.37,28662,C
2017-18,1000516,20000516,3,SOCIAL_STUDIES,314.3,PROFICIENT,97,90.25,30.19,2017,60.81,1.67,1.51,10.85,30.55,8.93,10.43,31088,C
2022-23,1000517,20000517,8,SOCIAL_STUDIES,312.5,BELOW_BASIC,81,92.37,4.82,2016,88.44,11.94,12.11,19.89,20.35,14.09,13.89,22044,C
2023-24,1000518,20000518,4,SOCIAL_STUDIES,199.4,BASIC,6,89.66,10.2,2019,70.64,9.5,17.22,7.33,12.67,8.22,25.42,26599,A
2019-20,1000519,20000519,7,MATH,260.0,PROFICIENT,19,89.15,17.61,2019,72.42,7.55,19.78,16.54,5.07,10.16,24.92,7950,B
2019-20,1000520,20000520,9,SCIENCE,166.4,BASIC,30,83.3,31.02,2025,97.57,11.49,12.74,15.82,29.27,12.23,12.51,9225,C
2017-18,1000521,20000521,10,MATH,342.9,PROFICIENT,81,80.24,14.62,2016,67.06,3.98,4.37,21.67,4.44,0.43,21.24,9177,NA
2021-22,1000522,20000522,11,ELA,229.9,BELOW_BASIC,51,96.0,8.01,2023,82.47,2.68,19.28,11.96,18.67,4.23,12.2,10449,F
2019-20,1000523,20000523,6,SCIENCE,279.8,PROFICIENT,12,81.93,32.71,2025,86.46,8.23,23.84,17.96,24.78,8.4,13.98,30605,A
2023-24,1000524,20000524,11,MATH,170.6,PROFICIENT,59,92.47,31.17,2018,72.07,9.73,1.15,21.1,8.19,17.48,16.65,25367,A
2022-23,1000525,20000525,5,SCIENCE,150.8,ADVANCED,22,92.53,17.28,2020,96.15,3.05,5.05,7.15,30.03,3.17,12.81,30066,A
2020-21,1000526,20000526,6,ELA,218.8,BASIC,23,92.49,12.52,2016,86.07,5.24,18.22,8.32,7.7,12.55,23.55,21602,A
2022-23,1000527,20000527,10,MATH,255.6,BASIC,54,96.77,25.09,2021,97.45,7.47,1.2,11.59,10.61,14.8,10.41,21831,F
2022-23,1000528,20000528,7,ELA,181.8,PROFICIENT,95,96.83,25.67,2023,67.22,7.26,20.62,11.15,2.36,14.44,10.94,13673,C
2020-21,1000529,20000529,1,ELA,221.9,BASIC,36,87.88,23.85,2025,87.41,10.3,0.28,6.97,16.93,12.42,16.05,17373,B
2023-24,1000530,20000530,7,MATH,295.6,BASIC,60,91.76,24.83,2017,75.57,8.11,13.83,15.83,17.82,13.05,24.25,18074,C
2017-18,1000531,20000531,3,SCIENCE,243.0,PROFICIENT,90,93.78,6.28,2019,70.42,4.66,10.55,14.26,37.37,1.52,10.1,8494,D
2020-21,1000532,20000532,2,SOCIAL_STUDIES,234.8,ADVANCED,31,87.99,8.23,2022,86.5,4.98,5.69,20.96,19.89,16.72,13.32,24064,A
2023-24,1000533,20000533,10,ELA,239.8,ADVANCED,76,85.21,14.92,2018,64.38,11.89,14.56,21.28,30.59,4.36,16.61,16089,B
2022-23,1000534,20000534,3,SOCIAL_STUDIES,225.1,PROFICIENT,4,93.3,27.3,2017,68.1,0.52,7.36,17.81,14.27,17.39,16.95,15192,C
2021-22,1000535,20000535,11,MATH,196.6,BASIC,76,92.8,33.47,2018,74.99,7.09,5.25,17.76,22.76,3.39,23.46,24799,B
2020-21,1000536,20000536,2,SCIENCE,303.8,PROFICIENT,52,93.41,14.26,2023,69.92,8.54,0.48,21.36,4.05,4.55,22.11,20862,B
2018-19,1000537,20000537,12,ELA,300.4,BELOW_BASIC,5,83.78,11.47,2021,91.8,6.63,21.91,19.57,1.16,10.12,20.15,31540,F
2019-20,1000538,20000538,8,ELA,303.1,BASIC,1,93.55,11.01,2022,80.39,2.69,12.69,7.57,7.16,3.47,19.4,27729,B
2024-25,1000539,20000539,9,SOCIAL_STUDIES,286.1,BELOW_BASIC,16,89.77,7.2,2016,84.72,11.17,8.73,10.38,17.35,5.19,20.63,27528,B
2024-25,1000540,20000540,1,SOCIAL_STUDIES,341.2,BELOW_BASIC,26,90.11,11.87,2024,86.53,2.31,4.55,20.25,18.42,12.36,25.23,25796,A
2017-18,1000541,20000541,10,SOCIAL_STUDIES,246.1,ADVANCED,55,89.82,22.58,2024,74.37,4.29,10.4,16.68,8.8,14.24,24.14,28310,D
2023-24,1000542,20000542,8,SOCIAL_STUDIES,166.8,BELOW_BASIC,40,96.85,14.11,2023,67.85,3.19,14.52,13.83,13.56,14.33,13.19,14146,D
2018-19,1000543,20000543,3,MATH,233.7,BELOW_BASIC,34,93.99,30.79,2019,73.76,5.21,3.28,12.65,8.84,17.85,22.36,12462,B
2023-24,1000544,20000544,K,ELA,262.6,BASIC,96,84.77,14.51,2025,90.08,10.46,5.74,15.68,20.02,12.83,12.85,29742,A
2018-19,1000545,20000545,8,SCIENCE,197.3,BASIC,54,92.26,27.08,2019,87.41,9.15,21.6,21.45,12.3,7.68,16.81,15141,B
2020-21,1000546,20000546,3,ELA,152.3,PROFICIENT,27,89.31,13.49,2019,63.47,5.21,1.21,11.83,31.02,10.48,18.69,27941,B
2023-24,1000547,20000547,12,MATH,270.8,ADVANCED,27,97.81,4.57,2018,90.47,8.29,19.81,8.66,18.71,0.41,14.36,25427,F
2017-18,1000548,20000548,10,MATH,321.8,BASIC,39,82.0,26.56,2023,79.76,5.59,18.63,21.88,1.84,1.37,18.51,20280,NA
2017-18,1000549,20000549,12,ELA,211.6,BASIC,76,84.98,3.52,2023,75.4,11.83,8.13,19.67,34.51,17.13,19.62,9361,B
2019-20,1000550,20000550,8,SCIENCE,186.4,BASIC,27,93.19,23.4,2017,61.63,4.62,19.29,15.28,29.56,2.54,21.45,8514,A
2017-18,1000551,20000551,9,SOCIAL_STUDIES,205.8,BELOW_BASIC,48,95.21,24.98,2024,84.24,3.73,17.06,11.97,12.34,10.57,22.46,17560,B
2023-24,1000552,20000552,6,SCIENCE,211.6,BASIC,98,94.76,24.47,2016,97.63,2.32,19.6,13.38,20.86,4.0,25.68,12275,F
2019-20,1000553,20000553,7,SOCIAL_STUDIES,202.6,PROFICIENT,7,94.48,21.37,2020,65.13,10.04,24.33,15.97,23.07,2.0,23.85,7514,A
2021-22,1000554,20000554,6,SOCIAL_STUDIES,238.1,ADVANCED,98,93.34,33.93,2021,82.9,9.68,13.31,12.58,30.38,15.36,13.19,18678,A
2017-18,1000555,20000555,10,SCIENCE,300.1,PROFICIENT,60,97.88,12.01,2017,62.89,6.81,18.79,8.4,28.66,6.34,18.11,23631,C
2018-19,1000556,20000556,12,MATH,297.1,BELOW_BASIC,7,93.38,31.44,2017,95.38,6.06,22.99,18.13,12.1,5.81,20.26,15135,NA
2019-20,1000557,20000557,10,SCIENCE,207.6,PROFICIENT,7,82.51,33.05,2019,85.09,11.9,4.27,13.39,17.27,15.09,25.1,22029,A
2021-22,1000558,20000558,10,SOCIAL_STUDIES,174.2,BASIC,95,87.34,20.01,2021,69.68,2.54,1.72,16.87,31.43,10.4,22.91,15300,A
2022-23,1000559,20000559,12,SOCIAL_STUDIES,207.5,BASIC,83,99.15,34.68,2021,82.6,4.05,3.58,10.82,20.33,14.82,22.29,26597,B
2017-18,1000560,20000560,11,ELA,259.3,BASIC,64,83.03,12.04,2017,75.73,0.83,22.14,14.28,30.32,9.48,16.38,10640,A
2021-22,1000561,20000561,6,SCIENCE,157.5,PROFICIENT,17,86.12,22.27,2024,86.06,10.44,3.93,18.05,6.35,12.05,19.11,17920,F
2024-25,1000562,20000562,11,SOCIAL_STUDIES,287.7,ADVANCED,37,82.89,6.96,2019,82.74,4.13,12.6,8.78,25.44,17.31,16.76,11542,D
2021-22,1000563,20000563,3,ELA,327.9,BASIC,43,89.08,30.31,2017,88.76,1.94,16.2,20.68,36.6,13.3,11.59,31815,D
2021-22,1000564,20000564,K,ELA,208.4,ADVANCED,23,80.3,27.58,2018,90.15,9.04,5.3,17.21,24.52,7.24,21.31,21298,A
2024-25,1000565,20000565,6,SCIENCE,201.6,ADVANCED,98,88.92,27.83,2024,89.37,9.99,20.56,20.74,29.08,6.19,13.21,30438,A
2022-23,1000566,20000566,11,ELA,346.3,BELOW_BASIC,80,96.93,31.45,2017,84.78,10.51,23.23,6.67,22.27,4.2,17.02,11131,A
2020-21,1000567,20000567,11,SOCIAL_STUDIES,264.0,BELOW_BASIC,61,81.71,21.69,2019,92.95,8.58,2.48,15.12,14.93,16.09,15.19,16173,A
2023-24,1000568,20000568,1,SOCIAL_STUDIES,338.9,BELOW_BASIC,52,84.65,11.52,2019,61.94,0.77,15.99,9.7,13.72,10.94,15.28,11946,B
2019-20,1000569,20000569,3,ELA,310.9,ADVANCED,86,94.5,14.56,2022,83.54,8.36,20.17,11.66,1.45,2.49,10.06,21329,C
2022-23,1000570,20000570,5,SCIENCE,336.6,BELOW_BASIC,93,89.13,25.51,2017,87.59,3.2,17.35,21.54,35.27,5.24,22.7,12442,A
2021-22,1000571,20000571,4,SCIENCE,278.6,ADVANCED,4,89.41,25.89,2024,73.04,6.35,6.85,8.68,26.58,16.53,15.16,9805,B
2021-22,1000572,20000572,5,ELA,189.4,PROFICIENT,91,95.96,8.61,2021,96.07,6.7,16.84,19.76,33.83,4.05,20.99,31626,B
2018-19,1000573,20000573,4,MATH,169.4,BELOW_BASIC,10,92.36,10.55,2017,97.4,6.54,12.02,19.39,2.22,3.49,16.44,11415,B
2022-23,1000574,20000574,1,MATH,197.9,ADVANCED,86,83.77,17.03,2019,69.89,0.91,23.74,19.83,21.38,4.1,11.67,21173,C
2021-22,1000575,20000575,12,MATH,303.3,ADVANCED,14,82.13,33.68,2016,72.2,3.52,16.08,10.62,33.68,7.54,13.89,9719,C
2019-20,1000576,20000576,9,ELA,210.9,BASIC,80,84.74,33.93,2017,64.82,6.22,23.19,11.55,17.86,2.35,22.63,27718,B
2024-25,1000577,20000577,7,ELA,298.4,PROFICIENT,94,94.12,10.69,2016,79.75,8.06,3.08,13.78,26.91,13.27,25.18,22338,B
2024-25,1000578,20000578,4,ELA,315.3,ADVANCED,67,92.93,21.36,2018,62.93,3.25,18.0,13.19,19.39,4.52,11.2,19843,D
2018-19,1000579,20000579,6,SCIENCE,209.7,BELOW_BASIC,68,91.92,32.74,2021,96.56,10.68,4.32,19.74,35.89,4.33,14.28,7477,D
2021-22,1000580,20000580,3,SOCIAL_STUDIES,191.3,BELOW_BASIC,93,86.43,11.92,2024,80.96,0.59,3.64,20.9,14.72,3.95,22.41,30216,NA
2019-20,1000581,20000581,12,ELA,166.4,PROFICIENT,67,81.24,29.65,2024,65.68,11.25,17.31,13.79,4.61,4.45,14.37,19307,F
2019-20,1000582,20000582,K,ELA,170.3,PROFICIENT,42,98.09,14.24,2017,83.3,4.56,0.67,18.3,36.94,4.32,17.85,29066,B
2022-23,1000583,20000583,9,MATH,288.5,ADVANCED,40,85.6,10.61,2016,93.77,6.68,3.44,13.89,2.67,2.02,24.41,30601,D
2020-21,1000584,20000584,5,ELA,221.9,BASIC,97,81.3,34.31,2025,94.18,11.55,8.33,7.18,3.46,7.46,19.67,11794,B
2021-22,1000585,20000585,10,SCIENCE,260.2,PROFICIENT,20,83.52,18.54,2018,90.28,6.83,3.72,12.08,13.36,14.92,23.02,24398,A
2024-25,1000586,20000586,5,SCIENCE,317.0,PROFICIENT,48,80.7,12.23,2021,62.5,2.32,17.41,12.81,7.2,11.41,19.73,15740,NA
2017-18,1000587,20000587,7,ELA,179.0,PROFICIENT,28,86.07,11.38,2019,61.93,4.74,23.56,14.6,14.82,10.33,12.54,30175,D
2020-21,1000588,20000588,7,SCIENCE,211.3,BELOW_BASIC,50,87.55,18.22,2022,82.94,6.33,13.7,7.53,27.59,17.98,12.2,22056,D
2022-23,1000589,20000589,K,ELA,249.9,BASIC,54,86.52,17.89,2021,86.45,6.62,12.77,13.72,21.01,11.59,25.47,12293,B
2021-22,1000590,20000590,7,SOCIAL_STUDIES,222.7,BASIC,36,96.56,7.77,2025,77.65,8.51,24.07,9.51,28.07,16.25,19.76,12982,F
2020-21,1000591,20000591,12,ELA,230.2,ADVANCED,85,98.67,7.34,2024,68.28,7.45,7.3,17.43,15.6,8.7,13.18,7519,B
2022-23,1000592,20000592,10,MATH,234.1,PROFICIENT,26,83.57,17.47,2024,83.97,9.85,1.18,17.69,2.58,5.09,16.12,29079,B
2020-21,1000593,20000593,3,SCIENCE,240.5,BASIC,15,88.33,33.8,2020,64.8,6.43,1.1,21.27,36.91,15.94,23.37,21002,A
2024-25,1000594,20000594,K,SCIENCE,204.0,BASIC,82,89.92,20.3,2024,95.42,4.84,11.57,7.22,0.04,15.49,25.61,17330,C
2018-19,1000595,20000595,4,SCIENCE,319.2,PROFICIENT,81,88.23,31.43,2022,88.46,9.98,7.49,10.65,23.69,13.86,13.2,18209,B
2017-18,1000596,20000596,7,MATH,246.3,BASIC,74,91.83,26.35,2024,63.58,1.92,6.31,9.0,4.38,1.58,24.17,22100,B
2018-19,1000597,20000597,8,MATH,176.8,BASIC,76,96.8,30.66,2019,62.07,8.68,5.98,11.47,21.25,11.01,13.59,29739,C
2019-20,1000598,20000598,7,SOCIAL_STUDIES,320.7,ADVANCED,86,89.65,19.67,2022,62.49,9.63,7.98,9.26,11.47,8.24,11.51,15266,C
2022-23,1000599,20000599,2,MATH,299.2,BELOW_BASIC,16,82.04,13.06,2025,79.59,5.66,20.79,14.12,37.16,9.65,23.67,7876,A
2018-19,1000600,20000600,K,SOCIAL_STUDIES,279.3,BASIC,8,89.97,11.99,2025,69.5,2.49,1.06,13.78,32.37,7.42,16.51,19839,D
2024-25,1000601,20000601,2,SCIENCE,285.6,BELOW_BASIC,6,80.08,21.19,2020,76.44,2.81,23.79,6.2,27.35,4.04,22.97,13904,F
2017-18,1000602,20000602,K,SCIENCE,282.0,PROFICIENT,60,89.44,4.74,2018,76.33,5.03,6.54,10.62,14.66,0.02,23.71,8927,A
2024-25,1000603,20000603,K,ELA,285.6,BELOW_BASIC,29,91.13,11.46,2017,73.72,5.35,23.22,19.0,7.55,7.8,19.19,30700,D
2024-25,1000604,20000604,2,SOCIAL_STUDIES,320.3,PROFICIENT,62,94.35,27.88,2017,70.2,9.33,19.02,13.76,8.53,8.95,24.25,31702,F
2023-24,1000605,20000605,7,SCIENCE,340.9,BELOW_BASIC,63,94.09,27.31,2022,97.15,1.69,10.44,15.07,31.19,4.31,15.93,7164,D
2018-19,1000606,20000606,1,SCIENCE,278.7,PROFICIENT,97,87.91,28.07,2022,69.32,10.41,3.42,6.6,33.02,6.75,19.45,29535,B
2024-25,1000607,20000607,5,ELA,325.0,BELOW_BASIC,37,86.67,3.23,2017,75.74,9.3,18.11,6.94,21.91,14.19,22.81,24799,D
2017-18,1000608,20000608,3,SOCIAL_STUDIES,185.4,ADVANCED,6,87.65,13.21,2022,79.69,1.87,22.87,8.24,27.13,12.79,24.61,18655,C
2018-19,1000609,20000609,9,ELA,233.0,PROFICIENT,38,93.26,7.66,2022,63.0,5.22,21.83,14.32,14.3,12.91,24.84,16417,F
2018-19,1000610,20000610,12,SCIENCE,244.7,PROFICIENT,76,88.07,3.09,2025,80.09,4.0,13.83,16.07,12.67,17.1,17.12,9132,A
2020-21,1000611,20000611,2,SCIENCE,237.1,BELOW_BASIC,50,95.42,26.24,2019,76.56,7.05,20.63,20.85,36.51,5.47,11.81,18474,A
2024-25,1000612,20000612,1,MATH,285.9,BASIC,46,85.88,24.69,2016,62.4,6.92,10.55,15.05,25.14,0.14,11.19,16288,C
2017-18,1000613,20000613,2,SOCIAL_STUDIES,256.6,BASIC,7,96.19,9.42,2018,68.02,6.42,1.44,9.19,21.23,13.43,23.95,30428,D
2023-24,1000614,20000614,9,MATH,328.5,PROFICIENT,11,99.17,29.46,2017,98.0,10.01,17.92,8.51,15.89,13.19,16.24,13680,A
2020-21,1000615,20000615,3,SCIENCE,339.3,PROFICIENT,21,92.2,6.38,2017,73.06,4.01,10.31,9.12,37.28,5.79,15.13,31302,F
2018-19,1000616,20000616,10,SCIENCE,312.1,BASIC,7,89.9,3.27,2024,82.77,3.04,3.17,9.98,18.04,12.51,25.34,13316,C
2022-23,1000617,20000617,K,SCIENCE,226.2,ADVANCED,35,80.8,14.87,2024,61.49,0.05,4.35,16.2,10.33,4.77,23.08,14948,C
2023-24,1000618,20000618,6,MATH,310.8,BASIC,27,81.1,27.62,2025,96.86,5.59,8.05,7.28,14.58,17.27,17.22,17260,A
2020-21,1000619,20000619,7,SCIENCE,219.8,PROFICIENT,43,94.86,3.02,2018,78.41,4.95,2.05,12.02,22.49,6.35,14.95,11253,C
2022-23,1000620,20000620,12,ELA,239.0,BASIC,14,91.3,22.85,2023,67.19,5.77,21.36,20.48,25.5,4.78,20.66,28578,B
2023-24,1000621,20000621,7,ELA,152.2,PROFICIENT,75,96.32,12.67,2025,60.81,8.68,17.78,15.27,15.11,0.55,13.79,16905,A
2020-21,1000622,20000622,5,MATH,311.2,PROFICIENT,99,81.65,27.78,2022,67.44,4.12,8.33,7.5,9.96,13.5,23.9,12527,A
2019-20,1000623,20000623,12,MATH,303.3,BASIC,88,85.38,19.35,2018,92.39,10.8,6.82,8.43,34.46,3.5,18.74,12332,D
2020-21,1000624,20000624,K,SOCIAL_STUDIES,178.0,PROFICIENT,84,84.6,19.39,2016,72.91,10.11,15.22,18.22,2.23,3.57,18.0,16139,C
2018-19,1000625,20000625,3,MATH,151.1,ADVANCED,77,95.17,27.99,2021,74.94,9.47,3.07,20.71,2.58,10.66,13.12,22117,NA
2024-25,1000626,20000626,5,MATH,243.2,BELOW_BASIC,85,86.42,30.96,2025,76.96,9.56,9.92,10.69,35.35,5.94,22.36,30880,A
2022-23,1000627,20000627,9,SOCIAL_STUDIES,281.7,PROFICIENT,98,95.85,17.94,2020,72.05,5.07,0.55,11.73,5.77,8.88,12.01,26389,B
2021-22,1000628,20000628,12,SOCIAL_STUDIES,300.3,PROFICIENT,11,89.08,24.69,2016,80.18,10.1,19.17,21.67,8.44,1.91,13.66,27488,A
2022-23,1000629,20000629,3,MATH,287.5,ADVANCED,87,95.53,8.77,2025,78.07,1.52,10.94,13.79,15.47,9.7,17.4,14446,A
2017-18,1000630,20000630,11,MATH,332.7,PROFICIENT,35,86.65,5.16,2023,60.05,8.56,11.87,20.17,6.16,11.45,10.55,23815,C
2019-20,1000631,20000631,4,MATH,277.2,PROFICIENT,48,82.81,2.38,2025,77.63,9.42,8.44,7.07,14.73,0.21,22.88,30788,B
2017-18,1000632,20000632,4,SOCIAL_STUDIES,189.3,ADVANCED,36,95.76,6.33,2021,87.46,1.04,17.79,10.2,4.15,13.02,16.67,14754,A
2023-24,1000633,20000633,4,SOCIAL_STUDIES,153.3,BASIC,84,86.0,6.6,2019,70.7,4.45,14.38,15.91,9.77,6.52,10.56,12659,A
2017-18,1000634,20000634,11,SCIENCE,244.7,BELOW_BASIC,81,92.67,9.3,2021,87.86,10.88,13.5,16.05,22.92,6.67,16.66,27360,A
2021-22,1000635,20000635,3,ELA,256.8,PROFICIENT,41,88.65,14.86,2021,63.71,10.16,21.61,20.57,27.85,8.55,10.85,24525,B
2019-20,1000636,20000636,4,SCIENCE,208.3,BASIC,61,82.65,32.37,2023,93.69,4.06,4.97,20.77,4.47,16.22,10.35,31358,F
2018-19,1000637,20000637,8,SCIENCE,256.0,BELOW_BASIC,31,81.88,10.45,2017,83.22,7.09,2.33,9.44,13.76,17.36,25.86,8309,C
2022-23,1000638,20000638,1,ELA,238.2,PROFICIENT,20,82.36,27.64,2016,89.77,8.69,14.0,20.14,24.42,10.56,14.8,23502,A
2023-24,1000639,20000639,K,ELA,202.5,PROFICIENT,23,80.07,12.78,2025,61.16,6.5,22.31,6.15,35.27,11.42,19.2,27012,B
2024-25,1000640,20000640,4,SCIENCE,153.7,ADVANCED,14,81.74,16.58,2018,73.93,10.33,0.16,18.72,27.77,12.84,25.6,26497,B
2023-24,1000641,20000641,K,SOCIAL_STUDIES,304.1,BASIC,44,81.62,30.86,2018,79.07,10.96,7.68,10.65,7.31,15.88,24.86,25603,C
2022-23,1000642,20000642,10,SCIENCE,315.0,BASIC,19,80.59,11.21,2022,72.56,11.76,24.88,15.21,12.47,1.46,17.48,31886,C
2023-24,1000643,20000643,6,ELA,336.4,BASIC,64,91.15,26.58,2022,93.46,7.21,5.04,20.2,6.39,12.31,24.92,10519,C
2024-25,1000644,20000644,10,SOCIAL_STUDIES,153.0,BELOW_BASIC,74,96.34,11.04,2025,93.02,1.14,10.72,12.06,27.34,10.48,24.11,31523,A
2017-18,1000645,20000645,K,MATH,185.4,ADVANCED,31,97.38,7.35,2025,96.03,3.87,8.76,6.92,14.24,1.86,20.13,30561,B
2024-25,1000646,20000646,6,ELA,194.7,PROFICIENT,71,97.56,23.33,2020,89.41,7.34,1.96,19.02,17.1,4.49,18.03,29082,B
2018-19,1000647,20000647,9,SCIENCE,313.9,PROFICIENT,66,94.49,32.23,2018,60.4,2.19,7.67,18.54,26.61,2.31,22.72,15728,B
2020-21,1000648,20000648,8,ELA,202.9,PROFICIENT,84,83.98,34.21,2020,91.43,0.06,9.95,21.54,31.56,4.46,16.38,17380,C
2017-18,1000649,20000649,12,SCIENCE,222.0,BASIC,29,93.1,5.53,2019,67.09,3.98,9.4,19.33,3.87,13.99,15.47,18595,B
2020-21,1000650,20000650,11,SOCIAL_STUDIES,291.6,BASIC,30,99.26,3.46,2016,82.44,5.88,14.19,20.39,27.09,15.68,21.76,15035,B
2021-22,1000651,20000651,2,ELA,318.3,BASIC,56,98.58,3.12,2016,60.45,3.65,0.77,10.13,9.36,2.25,11.88,12114,A
2022-23,1000652,20000652,6,MATH,330.5,ADVANCED,37,85.67,9.87,2017,80.85,6.47,3.31,17.39,13.41,10.91,12.74,31314,D
2023-24,1000653,20000653,11,MATH,212.4,PROFICIENT,31,81.68,31.54,2024,69.19,6.94,2.8,19.71,7.56,6.43,21.5,27086,B
2023-24,1000654,20000654,3,SOCIAL_STUDIES,171.6,BELOW_BASIC,1,83.72,14.84,2025,94.93,11.81,0.41,20.61,24.24,12.31,12.64,27383,F
2017-18,1000655,20000655,1,ELA,325.7,PROFICIENT,12,85.52,22.99,2021,89.85,3.14,11.62,17.16,13.89,14.13,17.99,24452,B
2022-23,1000656,20000656,4,ELA,229.0,BASIC,38,86.78,3.74,2022,88.4,8.16,5.68,10.37,11.75,17.26,22.9,31378,C
2017-18,1000657,20000657,2,ELA,280.4,PROFICIENT,99,84.94,29.64,2020,61.91,9.24,12.63,12.12,3.26,11.73,22.49,18344,C
2021-22,1000658,20000658,11,ELA,229.1,BASIC,26,85.46,29.0,2023,84.76,1.78,2.42,7.42,37.85,1.44,17.24,13085,C
2024-25,1000659,20000659,6,SOCIAL_STUDIES,327.3,BASIC,76,90.34,21.98,2023,75.88,0.87,19.97,9.23,36.77,15.8,13.89,24303,A
2022-23,1000660,20000660,12,SOCIAL_STUDIES,283.5,PROFICIENT,13,83.47,31.38,2018,88.92,9.85,2.74,12.44,3.46,5.91,11.63,15218,C
2023-24,1000661,20000661,1,SOCIAL_STUDIES,240.3,PROFICIENT,44,95.6,22.1,2023,90.27,5.32,15.32,21.25,16.2,13.24,25.8,15819,A
2019-20,1000662,20000662,4,ELA,233.2,BELOW_BASIC,81,87.05,10.73,2021,91.12,0.4,22.92,16.92,25.47,1.07,20.99,10159,A
2024-25,1000663,20000663,3,MATH,207.9,PROFICIENT,65,97.02,3.87,2022,62.83,4.53,21.02,16.62,0.11,15.29,12.51,18622,C
2020-21,1000664,20000664,3,MATH,265.6,PROFICIENT,41,89.99,6.47,2025,82.42,8.83,0.59,12.62,22.51,16.67,24.82,12669,NA
2022-23,1000665,20000665,6,SOCIAL_STUDIES,349.7,PROFICIENT,25,96.66,8.31,2018,69.15,1.05,9.48,18.86,8.12,6.31,13.76,17376,A
2021-22,1000666,20000666,11,SOCIAL_STUDIES,315.7,ADVANCED,23,80.73,8.17,2021,76.15,3.73,13.77,18.67,35.48,2.71,25.01,21355,B
2017-18,1000667,20000667,7,SOCIAL_STUDIES,285.3,BASIC,31,98.23,17.09,2024,90.37,7.03,3.07,7.13,28.19,11.94,15.58,9057,A
2023-24,1000668,20000668,12,SOCIAL_STUDIES,342.2,BASIC,86,80.38,29.67,2021,92.56,7.32,3.93,10.65,30.66,12.31,13.3,22811,A
2018-19,1000669,20000669,K,ELA,287.9,PROFICIENT,89,82.92,28.55,2022,91.37,9.44,0.11,18.52,33.18,5.78,12.79,18280,A
2019-20,1000670,20000670,K,SOCIAL_STUDIES,182.6,BELOW_BASIC,69,88.81,6.82,2016,70.65,4.64,12.12,8.01,19.29,7.0,22.58,30453,B
2024-25,1000671,20000671,4,SCIENCE,182.3,ADVANCED,7,84.71,26.44,2018,79.15,6.06,19.29,21.56,12.07,15.67,22.66,11348,A
2020-21,1000672,20000672,9,SCIENCE,326.5,ADVANCED,37,85.32,7.93,2025,74.69,4.52,22.64,10.29,0.88,11.73,20.38,24456,F
2024-25,1000673,20000673,8,SCIENCE,200.6,PROFICIENT,85,90.35,11.77,2023,61.84,4.75,23.71,9.79,11.29,4.01,12.06,16553,A
2023-24,1000674,20000674,3,ELA,321.4,BASIC,82,88.01,4.77,2022,67.12,10.54,17.77,9.13,17.06,11.25,19.45,27917,C
2018-19,1000675,20000675,9,SOCIAL_STUDIES,229.7,BASIC,64,94.92,24.87,2023,94.77,10.45,2.44,8.62,6.23,5.71,21.52,8584,F
2024-25,1000676,20000676,1,SOCIAL_STUDIES,272.7,BELOW_BASIC,4,88.14,28.2,2024,79.05,11.32,9.29,8.26,38.0,8.53,11.3,15167,A
2024-25,1000677,20000677,K,SCIENCE,236.6,PROFICIENT,77,87.7,31.22,2024,82.52,4.38,9.06,9.67,13.64,16.73,14.69,25419,B
2021-22,1000678,20000678,9,SCIENCE,171.7,BASIC,61,90.64,29.9,2025,89.78,7.04,3.93,19.36,13.91,4.87,14.48,9010,A
2024-25,1000679,20000679,9,SOCIAL_STUDIES,287.6,PROFICIENT,60,96.02,31.99,2021,67.16,8.54,21.65,13.97,3.34,5.45,11.77,30588,C
2018-19,1000680,20000680,3,ELA,288.2,BELOW_BASIC,98,97.78,10.97,2016,90.45,7.68,19.59,15.22,15.81,0.64,20.81,26456,D
2018-19,1000681,20000681,K,MATH,342.9,ADVANCED,4,93.48,28.72,2019,63.48,1.33,15.54,21.32,1.97,15.31,15.0,8935,D
2019-20,1000682,20000682,3,MATH,271.4,BASIC,26,80.36,5.07,2016,80.41,1.8,17.35,10.56,17.65,7.83,25.41,24965,B
2017-18,1000683,20000683,1,MATH,241.6,PROFICIENT,70,82.6,26.3,2022,73.3,0.76,9.54,14.33,29.01,5.53,15.25,22179,NA
2017-18,1000684,20000684,9,SCIENCE,235.7,PROFICIENT,46,85.52,6.24,2019,68.87,11.92,14.69,20.48,18.87,17.07,18.89,10325,B
2023-24,1000685,20000685,6,MATH,168.8,BASIC,64,88.59,25.02,2025,96.87,8.02,10.46,14.72,23.64,16.73,16.59,22506,B
2018-19,1000686,20000686,12,SOCIAL_STUDIES,196.1,ADVANCED,67,95.59,23.43,2018,80.03,8.6,4.66,15.75,35.82,8.53,17.44,8068,D
2020-21,1000687,20000687,7,MATH,300.6,BASIC,39,91.34,29.66,2025,72.9,10.17,18.69,16.87,35.74,8.13,19.89,27107,A
2019-20,1000688,20000688,12,MATH,304.7,BELOW_BASIC,21,94.57,5.52,2017,71.72,8.89,19.9,11.45,33.6,6.8,20.11,21002,D
2017-18,1000689,20000689,5,MATH,206.7,BASIC,23,82.03,29.13,2018,66.19,8.65,20.62,7.67,2.2,7.15,20.65,27893,B
2019-20,1000690,20000690,7,SOCIAL_STUDIES,334.2,ADVANCED,93,84.48,24.92,2021,60.86,2.37,23.46,10.88,15.49,0.8,12.26,17092,A
2019-20,1000691,20000691,11,SCIENCE,275.7,PROFICIENT,16,88.7,28.11,2025,64.49,1.48,16.89,13.81,14.62,0.9,12.61,16771,C
2021-22,1000692,20000692,3,MATH,299.8,BASIC,51,93.29,30.17,2018,90.0,2.9,6.39,11.92,9.06,12.41,22.68,28025,C
2023-24,1000693,20000693,2,SCIENCE,201.9,BASIC,33,90.71,8.32,2017,88.37,8.7,5.01,6.32,31.63,0.34,23.11,28780,C
2023-24,1000694,20000694,11,SOCIAL_STUDIES,266.0,ADVANCED,1,90.6,5.29,2017,65.17,1.96,19.77,20.92,34.74,7.82,21.85,26799,A
2019-20,1000695,20000695,10,MATH,220.9,PROFICIENT,85,97.11,30.85,2022,64.1,4.61,5.38,19.56,25.23,10.17,24.47,17256,A
2018-19,1000696,20000696,6,SCIENCE,297.8,BASIC,34,89.2,8.01,2025,85.19,1.01,1.95,16.24,9.0,17.82,23.55,12059,D
2018-19,1000697,20000697,K,MATH,237.3,BELOW_BASIC,10,83.29,33.15,2019,67.28,6.91,4.44,13.48,6.16,4.52,17.56,15505,B
2019-20,1000698,20000698,9,MATH,247.7,PROFICIENT,18,84.29,29.3,2020,71.12,1.09,1.96,7.05,21.33,4.35,12.71,15490,D
2017-18,1000699,20000699,12,SOCIAL_STUDIES,242.6,BASIC,42,83.81,25.35,2016,79.2,0.96,17.64,21.95,9.25,1.12,24.09,8900,A
2018-19,1000700,20000700,10,MATH,181.6,BELOW_BASIC,36,89.87,13.98,2018,91.51,7.32,1.64,8.52,36.11,3.07,18.03,16820,A
2023-24,1000701,20000701,5,SOCIAL_STUDIES,201.6,PROFICIENT,2,93.07,26.92,2020,64.04,8.52,11.73,12.83,26.3,10.01,12.18,29977,F
2020-21,1000702,20000702,4,SOCIAL_STUDIES,237.9,BELOW_BASIC,88,88.37,24.07,2016,70.14,9.56,17.07,12.62,13.59,11.34,24.24,29807,B
2018-19,1000703,20000703,11,SOCIAL_STUDIES,185.4,PROFICIENT,30,82.29,9.67,2023,94.65,0.9,22.15,17.17,4.61,14.62,19.23,11774,C
2018-19,1000704,20000704,8,ELA,326.3,BASIC,74,97.98,21.57,2024,82.89,10.38,1.35,16.56,37.5,0.3,12.11,21353,C
2022-23,1000705,20000705,10,SCIENCE,331.6,ADVANCED,27,86.74,31.35,2017,79.88,6.11,16.86,9.84,0.02,8.13,19.29,15441,NA
2022-23,1000706,20000706,7,SCIENCE,323.9,ADVANCED,83,93.03,23.93,2023,76.47,11.61,10.14,19.07,14.39,11.64,17.83,14147,C
2020-21,1000707,20000707,7,ELA,253.9,PROFICIENT,67,83.57,32.93,2021,94.08,9.96,10.99,11.42,21.1,0.61,17.38,24101,B
2019-20,1000708,20000708,9,ELA,289.1,ADVANCED,75,93.55,12.32,2019,94.04,2.07,9.48,17.13,33.52,16.5,18.45,21041,A
2023-24,1000709,20000709,9,ELA,342.8,BASIC,59,87.92,20.23,2017,85.99,1.21,15.27,17.03,32.65,3.45,20.79,7215,C
2018-19,1000710,20000710,8,SOCIAL_STUDIES,321.2,ADVANCED,42,99.12,4.66,2016,72.27,10.78,4.44,10.53,19.11,16.08,14.97,17435,D
2023-24,1000711,20000711,12,MATH,227.1,BELOW_BASIC,42,96.94,20.74,2019,86.02,9.04,15.06,14.12,7.1,5.47,13.55,13888,NA
2017-18,1000712,20000712,6,SOCIAL_STUDIES,216.3,BASIC,65,92.83,15.28,2016,81.81,3.05,3.47,21.59,7.4,1.69,14.48,13503,B
2019-20,1000713,20000713,1,SOCIAL_STUDIES,193.4,ADVANCED,81,80.27,9.98,2020,78.68,2.53,12.79,15.48,21.64,4.03,18.23,17740,B
2017-18,1000714,20000714,8,SCIENCE,252.0,ADVANCED,99,94.67,4.29,2016,80.58,7.46,7.17,12.14,35.65,0.8,18.6,10744,A
2024-25,1000715,20000715,9,MATH,177.1,BASIC,65,92.66,25.05,2016,68.45,7.41,14.88,11.56,35.16,17.09,22.53,19651,D
2019-20,1000716,20000716,1,SCIENCE,179.7,PROFICIENT,50,81.76,30.54,2018,78.44,8.28,17.82,17.7,29.15,11.26,19.39,29295,A
2020-21,1000717,20000717,9,MATH,199.7,BASIC,95,83.31,30.71,2025,62.46,3.82,21.98,7.76,5.66,9.54,20.83,23710,D
2020-21,1000718,20000718,10,SOCIAL_STUDIES,226.3,ADVANCED,36,85.97,32.44,2023,94.67,0.16,1.81,17.98,8.03,4.6,25.85,19957,A
2023-24,1000719,20000719,10,SOCIAL_STUDIES,235.5,BASIC,76,94.15,30.26,2023,74.19,6.68,7.79,18.57,21.45,8.51,20.0,15141,A
2024-25,1000720,20000720,5,MATH,179.3,BELOW_BASIC,55,86.29,27.16,2016,62.89,0.43,22.5,13.53,18.55,1.8,17.8,22793,NA
2017-18,1000721,20000721,K,MATH,338.4,BELOW_BASIC,45,91.47,17.88,2022,62.88,6.17,20.49,16.1,19.99,5.58,10.6,14202,B
2024-25,1000722,20000722,9,SOCIAL_STUDIES,291.0,PROFICIENT,41,93.73,30.45,2019,78.53,10.47,9.9,12.33,3.04,6.33,10.44,14607,C
2020-21,1000723,20000723,K,SCIENCE,211.0,BASIC,97,82.12,24.54,2020,94.69,5.44,2.63,20.36,6.04,14.19,24.2,21734,B
2020-21,1000724,20000724,1,ELA,203.7,BASIC,64,97.35,17.11,2024,92.64,7.3,1.82,18.23,9.08,6.06,16.1,17710,A
2022-23,1000725,20000725,9,ELA,225.6,ADVANCED,88,80.34,21.44,2020,84.8,9.4,17.38,13.6,8.67,1.25,22.34,25589,NA
2022-23,1000726,20000726,5,MATH,272.7,BASIC,60,82.39,29.78,2019,74.78,2.96,11.84,11.58,22.22,12.02,10.34,19711,A
2024-25,1000727,20000727,9,SCIENCE,235.1,BELOW_BASIC,50,94.97,6.21,2019,65.21,0.52,16.92,7.43,20.74,3.93,12.54,11370,NA
2023-24,1000728,20000728,11,ELA,344.5,PROFICIENT,65,90.42,22.7,2023,69.51,5.81,7.54,7.8,24.6,17.51,21.8,17958,F
2019-20,1000729,20000729,9,SOCIAL_STUDIES,228.2,BASIC,22,96.45,18.19,2022,74.5,7.97,2.2,14.74,25.35,3.59,14.36,9928,B
2023-24,1000730,20000730,1,SOCIAL_STUDIES,251.9,PROFICIENT,26,86.84,23.04,2020,60.56,9.61,7.12,8.65,12.75,4.91,18.73,8844,C
2022-23,1000731,20000731,1,SCIENCE,205.0,PROFICIENT,60,96.3,3.35,2022,84.88,7.85,13.09,18.72,20.58,2.86,25.89,14189,C
2022-23,1000732,20000732,12,SOCIAL_STUDIES,344.8,BASIC,64,96.72,24.78,2017,62.84,2.89,13.29,8.78,4.53,17.83,25.37,23112,C
2020-21,1000733,20000733,12,SOCIAL_STUDIES,333.9,PROFICIENT,66,85.4,5.92,2016,91.48,2.32,24.67,12.53,0.4,14.09,14.16,20395,F
2022-23,1000734,20000734,2,MATH,335.1,ADVANCED,17,96.27,9.2,2024,76.9,11.65,8.66,9.76,7.0,3.89,22.2,21830,C
2018-19,1000735,20000735,1,MATH,172.0,BELOW_BASIC,59,89.2,34.78,2021,60.3,2.78,19.84,9.79,10.96,3.94,23.64,20368,B
2021-22,1000736,20000736,5,ELA,295.2,BASIC,83,97.87,25.84,2018,70.2,6.83,3.97,18.38,17.4,14.54,22.27,24187,C
2019-20,1000737,20000737,4,MATH,183.8,BASIC,97,89.33,6.68,2020,66.77,1.89,0.97,8.22,4.15,12.6,17.05,10686,D
2019-20,1000738,20000738,10,SOCIAL_STUDIES,254.0,PROFICIENT,34,80.99,17.6,2020,83.06,0.33,7.89,16.31,4.54,15.36,16.49,19952,B
2019-20,1000739,20000739,8,SCIENCE,312.3,ADVANCED,54,93.47,24.36,2021,74.11,2.18,17.29,18.72,13.39,7.62,22.92,10734,C
2022-23,1000740,20000740,9,MATH,205.1,PROFICIENT,61,90.76,24.3,2022,84.03,5.95,22.17,17.32,19.34,14.51,24.78,31971,D
2020-21,1000741,20000741,5,MATH,195.8,BASIC,64,83.22,31.25,2021,90.64,10.38,5.76,7.19,6.05,6.5,24.45,7183,C
2021-22,1000742,20000742,6,MATH,192.0,BASIC,79,96.97,27.48,2016,75.48,7.01,4.46,6.91,5.37,14.1,24.31,16749,D
2023-24,1000743,20000743,5,SOCIAL_STUDIES,244.6,ADVANCED,2,95.88,32.91,2021,94.4,8.75,8.81,17.51,21.3,13.03,22.76,26874,F
2021-22,1000744,20000744,9,SOCIAL_STUDIES,198.4,BASIC,62,90.77,18.12,2018,90.64,11.88,21.35,20.78,20.61,10.34,16.69,11053,B
2019-20,1000745,20000745,3,SCIENCE,338.6,ADVANCED,36,88.53,31.5,2023,95.6,9.75,9.25,7.05,11.85,13.53,25.6,7054,C
2020-21,1000746,20000746,1,MATH,212.6,PROFICIENT,12,88.15,31.23,2019,60.78,1.07,14.37,6.32,29.7,0.48,14.12,26725,NA
2018-19,1000747,20000747,8,SCIENCE,233.4,BELOW_BASIC,10,96.86,29.09,2020,91.56,5.24,14.48,19.98,4.13,0.42,24.52,14720,NA
2021-22,1000748,20000748,5,ELA,198.5,PROFICIENT,38,95.56,17.96,2021,68.05,10.21,3.81,17.13,32.39,9.2,21.51,7095,B
2019-20,1000749,20000749,8,SCIENCE,313.1,BELOW_BASIC,58,97.84,27.41,2021,76.71,7.81,3.36,15.47,35.81,14.58,14.72,26799,B
2024-25,1000750,20000750,12,SCIENCE,182.5,BELOW_BASIC,36,81.64,13.63,2024,94.73,9.79,16.91,20.38,8.54,6.79,15.02,24929,C
2022-23,1000751,20000751,8,SOCIAL_STUDIES,223.1,BASIC,8,86.4,19.82,2018,66.3,6.77,18.51,17.45,20.11,17.74,24.0,12723,C
2022-23,1000752,20000752,6,SCIENCE,278.2,PROFICIENT,28,84.52,17.8,2025,64.38,1.08,13.36,6.46,33.55,11.93,14.9,29741,B
2017-18,1000753,20000753,K,ELA,197.8,BASIC,44,93.26,23.31,2017,87.45,1.69,11.41,17.92,10.5,5.44,20.78,19911,D
2017-18,1000754,20000754,K,SCIENCE,328.6,BASIC,97,86.84,34.05,2022,70.45,1.4,20.31,9.7,18.25,1.81,10.9,18987,B
2018-19,1000755,20000755,1,SCIENCE,310.8,PROFICIENT,61,91.03,26.29,2019,62.42,1.65,1.82,8.9,24.36,2.39,11.93,20530,D
2018-19,1000756,20000756,1,SOCIAL_STUDIES,154.7,PROFICIENT,69,97.18,12.82,2023,93.9,10.72,16.27,6.56,6.08,14.83,22.12,26643,C
2017-18,1000757,20000757,5,MATH,154.6,PROFICIENT,92,84.44,7.57,2021,88.37,2.12,1.3,17.52,23.05,11.57,21.41,10261,B
2023-24,1000758,20000758,K,ELA,222.1,PROFICIENT,21,98.04,16.41,2018,81.66,7.7,16.93,14.4,23.5,13.51,23.77,20066,D
2022-23,1000759,20000759,K,ELA,294.6,BELOW_BASIC,51,92.55,7.71,2019,85.69,9.41,10.23,15.39,12.52,9.99,21.04,30981,B
2021-22,1000760,20000760,5,ELA,270.6,BELOW_BASIC,89,91.14,21.36,2021,76.88,0.94,12.66,10.74,14.09,2.77,19.79,15286,D
2023-24,1000761,20000761,6,SCIENCE,247.2,PROFICIENT,16,89.69,24.95,2024,66.27,4.76,13.96,16.34,7.63,5.79,18.53,28933,A
2017-18,1000762,20000762,1,MATH,280.8,BASIC,87,95.01,6.38,2017,96.55,11.01,14.13,8.73,13.51,10.36,11.48,8777,F
2017-18,1000763,20000763,11,ELA,323.1,PROFICIENT,89,91.68,2.18,2017,78.38,0.94,21.17,16.14,33.22,15.64,22.28,14453,B
2022-23,1000764,20000764,8,ELA,340.0,ADVANCED,1,84.87,20.66,2020,62.96,9.86,4.12,11.33,10.76,11.23,20.56,26471,D
2020-21,1000765,20000765,10,SOCIAL_STUDIES,311.0,ADVANCED,98,84.99,28.45,2017,83.69,10.21,21.18,13.86,33.19,8.38,25.17,21372,C
2024-25,1000766,20000766,3,SCIENCE,324.6,BASIC,87,89.49,31.94,2022,80.82,0.32,14.41,12.83,17.11,4.48,16.52,20322,D
2021-22,1000767,20000767,1,MATH,315.3,BASIC,3,92.58,21.41,2021,81.63,5.21,18.73,11.69,19.51,1.66,10.45,8752,B
2018-19,1000768,20000768,6,ELA,157.3,ADVANCED,6,83.04,4.8,2025,83.65,8.1,3.61,9.12,18.58,3.7,11.07,12232,NA
2018-19,1000769,20000769,1,ELA,345.7,BASIC,11,88.92,34.8,2023,89.08,1.14,13.17,10.32,18.79,11.42,16.06,16131,B
2020-21,1000770,20000770,3,SOCIAL_STUDIES,323.6,BASIC,47,96.54,17.07,2019,96.79,0.43,10.96,18.76,24.91,9.23,18.54,11159,F
2022-23,1000771,20000771,12,SOCIAL_STUDIES,163.6,BASIC,75,92.63,22.44,2023,87.01,3.01,16.15,14.35,24.65,7.25,19.88,16282,C
2021-22,1000772,20000772,5,SCIENCE,312.4,ADVANCED,64,83.7,7.41,2020,62.75,5.78,10.76,8.52,15.9,15.55,13.83,26267,A
2021-22,1000773,20000773,2,SCIENCE,316.2,BASIC,5,96.34,11.52,2025,73.61,9.76,19.96,18.75,35.24,11.49,24.29,7184,NA
2019-20,1000774,20000774,8,ELA,258.8,BASIC,78,94.59,17.38,2025,71.95,3.58,7.71,19.53,36.59,15.58,15.92,15253,C
2023-24,1000775,20000775,5,SCIENCE,165.6,PROFICIENT,68,91.28,18.92,2016,86.91,1.74,6.82,18.07,31.52,10.93,25.04,13544,B
2017-18,1000776,20000776,4,SOCIAL_STUDIES,169.3,ADVANCED,81,96.99,34.07,2016,96.0,6.13,23.48,11.26,31.2,3.18,22.5,9635,A
2024-25,1000777,20000777,1,SCIENCE,191.5,BASIC,26,88.4,33.13,2018,97.0,10.44,15.59,15.63,22.27,4.54,22.51,17333,F
2024-25,1000778,20000778,4,MATH,193.0,BASIC,12,80.5,13.83,2020,82.56,1.22,19.77,18.62,32.72,16.7,13.86,16250,B
2023-24,1000779,20000779,3,SOCIAL_STUDIES,196.5,PROFICIENT,98,82.6,4.29,2021,82.01,9.42,8.02,20.33,15.02,8.17,24.18,19449,B
2022-23,1000780,20000780,K,ELA,281.8,PROFICIENT,10,82.17,10.88,2017,95.94,8.75,18.92,8.59,37.32,7.3,14.97,29416,B
2021-22,1000781,20000781,5,SOCIAL_STUDIES,154.3,BASIC,96,83.02,18.92,2016,78.44,6.96,22.44,7.06,14.52,0.04,17.16,28181,D
2020-21,1000782,20000782,3,SOCIAL_STUDIES,152.4,BASIC,18,82.68,32.13,2018,96.53,3.72,0.87,21.76,2.66,0.52,11.33,17638,D
2020-21,1000783,20000783,2,MATH,310.3,PROFICIENT,77,81.3,24.33,2021,97.54,1.71,5.63,15.42,5.27,6.42,13.99,29827,B
2019-20,1000784,20000784,12,ELA,277.3,ADVANCED,89,84.08,31.16,2021,94.06,5.6,21.41,20.06,2.77,11.34,21.94,20179,C
2021-22,1000785,20000785,10,SCIENCE,266.9,BASIC,16,98.27,22.54,2020,74.6,3.32,15.17,13.59,24.19,14.53,11.73,25145,A
2017-18,1000786,20000786,6,SOCIAL_STUDIES,205.4,BASIC,36,83.17,21.33,2022,67.31,0.49,0.43,11.31,27.97,2.23,18.21,25802,B
2021-22,1000787,20000787,2,SCIENCE,200.9,BASIC,26,82.21,25.77,2016,68.4,6.3,24.82,16.04,34.64,12.48,11.67,18234,C
2024-25,1000788,20000788,10,SOCIAL_STUDIES,215.2,PROFICIENT,65,94.85,11.8,2021,79.75,1.0,22.15,15.81,22.9,15.0,11.11,19025,B
2018-19,1000789,20000789,4,SOCIAL_STUDIES,280.4,BELOW_BASIC,40,91.28,4.09,2022,66.61,10.24,23.51,13.58,1.27,2.54,25.51,22867,B
2019-20,1000790,20000790,5,SCIENCE,296.2,BASIC,16,81.75,16.48,2025,86.52,10.88,20.92,19.28,13.38,7.16,15.02,10398,C
2018-19,1000791,20000791,2,ELA,196.3,PROFICIENT,84,92.23,29.33,2024,91.54,10.82,16.1,11.32,4.91,6.88,12.85,24095,F
2021-22,1000792,20000792,1,ELA,209.0,BELOW_BASIC,6,91.5,2.84,2018,64.38,4.47,0.58,18.86,19.58,4.86,20.27,25441,F
2021-22,1000793,20000793,6,SCIENCE,255.4,BASIC,88,80.12,26.33,2016,85.73,4.77,2.19,19.53,15.76,7.05,25.96,13696,B
2020-21,1000794,20000794,5,MATH,235.9,PROFICIENT,97,99.06,24.67,2020,95.8,3.57,17.04,19.92,24.23,6.91,20.16,13386,D
2022-23,1000795,20000795,10,MATH,162.6,BELOW_BASIC,90,80.42,13.47,2017,95.87,3.13,18.66,18.28,16.43,10.86,11.92,27852,B
2019-20,1000796,20000796,2,ELA,232.0,ADVANCED,49,93.9,11.72,2024,90.91,5.79,7.13,14.78,8.22,12.79,25.86,17136,A
2018-19,1000797,20000797,1,ELA,334.9,BELOW_BASIC,43,99.44,16.62,2023,81.48,10.75,11.17,18.94,3.57,9.77,17.82,18655,D
2022-23,1000798,20000798,4,MATH,308.1,BASIC,33,80.24,5.15,2023,70.74,2.68,10.27,8.61,17.46,7.99,14.6,21149,C
2019-20,1000799,20000799,6,SCIENCE,232.8,ADVANCED,82,95.59,15.36,2023,61.19,9.88,13.97,15.64,35.9,4.33,25.81,23533,B
2023-24,1000800,20000800,K,ELA,197.6,PROFICIENT,79,99.03,34.55,2025,84.24,8.99,0.24,13.75,28.18,16.44,19.79,26482,C
2022-23,1000801,20000801,11,SCIENCE,324.2,PROFICIENT,15,95.72,18.44,2023,73.88,9.47,2.17,15.77,3.92,17.26,13.96,21038,B
2023-24,1000802,20000802,3,SOCIAL_STUDIES,179.5,BASIC,6,96.6,30.61,2017,71.91,5.27,19.82,15.82,25.8,16.29,10.6,26584,B
2022-23,1000803,20000803,6,ELA,248.9,BASIC,11,95.58,8.55,2021,76.36,5.3,0.35,17.96,31.22,16.06,14.15,7892,F
2017-18,1000804,20000804,12,ELA,311.7,ADVANCED,36,96.62,8.69,2018,65.68,8.13,1.04,9.25,23.08,5.2,17.83,16085,C
2018-19,1000805,20000805,5,MATH,220.2,BASIC,7,86.23,11.25,2022,80.22,9.71,14.07,13.84,37.55,1.92,24.96,9161,A
2019-20,1000806,20000806,10,SCIENCE,326.0,BASIC,92,91.07,26.25,2019,66.78,0.85,18.84,18.39,21.54,9.28,22.04,18680,C
2023-24,1000807,20000807,1,SOCIAL_STUDIES,183.8,PROFICIENT,15,86.9,31.09,2019,79.5,6.34,1.04,10.48,37.38,8.1,21.73,25746,C
2023-24,1000808,20000808,5,SCIENCE,241.1,BASIC,98,86.69,26.47,2023,68.78,4.66,9.68,13.43,25.04,9.35,23.57,19809,B
2019-20,1000809,20000809,7,ELA,208.9,BASIC,38,90.9,7.16,2019,64.03,1.35,1.21,17.2,32.39,5.62,16.84,14442,NA
2017-18,1000810,20000810,6,ELA,335.2,BASIC,18,86.74,15.1,2024,96.05,4.97,1.95,14.77,9.46,2.77,14.89,18078,D
2018-19,1000811,20000811,10,SOCIAL_STUDIES,248.4,BELOW_BASIC,65,82.74,6.77,2019,70.67,3.94,12.04,7.77,17.92,3.74,11.75,25469,B
2022-23,1000812,20000812,6,SOCIAL_STUDIES,236.5,BASIC,26,90.13,30.29,2020,94.81,11.23,9.92,12.27,17.43,7.94,15.05,14251,B
2018-19,1000813,20000813,10,MATH,257.4,BASIC,79,98.95,30.81,2019,68.61,2.54,6.88,17.04,37.75,12.57,20.07,7439,B
2020-21,1000814,20000814,3,SCIENCE,177.2,PROFICIENT,96,82.94,2.56,2025,78.58,10.33,1.76,16.54,28.4,7.82,24.02,31653,A
2022-23,1000815,20000815,8,MATH,156.9,PROFICIENT,83,96.56,8.92,2022,91.62,9.02,7.18,14.73,18.9,3.56,11.62,25515,D
2024-25,1000816,20000816,5,SCIENCE,326.9,BELOW_BASIC,92,89.37,9.1,2022,70.1,0.18,15.75,19.43,7.76,0.09,13.02,22147,C
2022-23,1000817,20000817,1,ELA,321.5,PROFICIENT,13,95.75,27.51,2022,74.22,6.75,22.01,16.61,18.76,11.48,22.06,7862,NA
2017-18,1000818,20000818,2,SOCIAL_STUDIES,166.8,BASIC,33,89.88,28.95,2016,80.96,7.86,13.48,21.62,35.14,16.17,19.53,12011,F
2021-22,1000819,20000819,3,SOCIAL_STUDIES,236.8,BASIC,29,91.84,22.68,2018,77.44,7.65,19.52,17.89,18.28,9.13,15.37,22205,B
2020-21,1000820,20000820,12,SOCIAL_STUDIES,268.1,BELOW_BASIC,44,95.29,28.17,2017,64.22,11.17,21.14,21.1,5.04,1.49,18.86,14335,NA
2022-23,1000821,20000821,9,MATH,270.5,PROFICIENT,99,96.43,23.11,2023,84.66,9.48,11.33,7.05,29.8,1.91,24.46,16793,NA
2019-20,1000822,20000822,12,SCIENCE,228.0,PROFICIENT,12,94.53,7.23,2016,60.86,3.17,8.28,8.41,9.63,10.25,11.87,22413,A
2017-18,1000823,20000823,8,MATH,159.9,BASIC,52,99.26,10.55,2021,78.37,7.45,6.66,16.31,3.46,5.14,21.81,22388,NA
2021-22,1000824,20000824,11,MATH,153.8,PROFICIENT,72,80.92,29.6,2024,81.11,2.93,10.98,11.44,33.52,7.34,22.83,27349,B
2018-19,1000825,20000825,9,SCIENCE,234.6,PROFICIENT,61,85.73,25.12,2025,71.2,6.16,16.21,15.53,15.61,5.35,15.97,19656,B
2018-19,1000826,20000826,10,SCIENCE,166.8,PROFICIENT,60,81.23,8.48,2023,74.79,7.38,7.77,7.77,0.84,3.37,23.62,9903,B
2021-22,1000827,20000827,8,SCIENCE,315.9,BASIC,28,81.21,10.69,2020,69.86,1.76,17.41,6.97,25.63,6.18,21.84,12609,D
2018-19,1000828,20000828,1,ELA,231.2,PROFICIENT,12,98.3,28.57,2017,70.52,6.77,15.98,7.04,1.22,17.77,21.31,23103,B
2023-24,1000829,20000829,4,SOCIAL_STUDIES,213.7,ADVANCED,47,97.99,9.47,2020,75.79,8.43,20.3,17.71,10.98,6.3,11.83,30713,A
2018-19,1000830,20000830,6,ELA,332.4,ADVANCED,64,85.79,13.37,2023,90.19,7.03,0.57,6.01,25.15,8.1,19.42,13560,B
2018-19,1000831,20000831,4,ELA,240.7,PROFICIENT,79,82.7,14.65,2016,92.25,0.52,9.32,7.07,27.99,14.93,24.32,22425,A
2021-22,1000832,20000832,K,ELA,191.5,BASIC,67,84.09,25.15,2019,75.22,10.62,22.3,7.23,25.09,10.39,10.95,20109,A
2017-18,1000833,20000833,7,ELA,301.0,BASIC,64,97.44,21.99,2022,93.59,2.33,9.64,17.06,31.51,8.14,22.31,11656,A
2021-22,1000834,20000834,6,ELA,212.4,PROFICIENT,14,84.32,9.54,2018,89.84,11.38,24.64,21.28,24.17,10.29,13.97,24327,NA
2017-18,1000835,20000835,8,ELA,256.0,PROFICIENT,72,91.92,16.6,2022,68.36,0.74,13.85,8.28,13.28,1.91,15.5,13045,D
2017-18,1000836,20000836,2,MATH,212.9,BASIC,63,94.35,14.92,2022,76.59,1.57,15.02,11.27,24.73,16.67,10.07,29067,NA
2024-25,1000837,20000837,8,SCIENCE,282.5,PROFICIENT,83,86.27,20.25,2025,79.25,11.33,9.88,19.44,18.22,17.03,13.44,15934,C
2018-19,1000838,20000838,3,SCIENCE,211.4,PROFICIENT,77,83.5,16.86,2024,92.85,3.18,19.28,6.45,16.48,8.37,25.89,10975,B
2020-21,1000839,20000839,4,SCIENCE,190.3,PROFICIENT,88,92.43,12.61,2024,83.3,1.73,7.17,8.92,13.97,17.52,18.68,10038,D
2017-18,1000840,20000840,4,SOCIAL_STUDIES,317.8,BASIC,40,87.68,8.29,2023,85.22,1.3,20.23,21.84,29.15,5.6,23.31,12870,B
2017-18,1000841,20000841,5,SOCIAL_STUDIES,349.3,PROFICIENT,45,99.44,31.06,2022,82.56,0.44,22.56,7.67,30.11,4.84,24.03,11632,B
2024-25,1000842,20000842,7,SOCIAL_STUDIES,297.9,PROFICIENT,45,92.99,28.18,2017,81.64,0.78,8.03,12.21,21.3,2.0,21.68,20606,B
2018-19,1000843,20000843,4,SCIENCE,189.4,PROFICIENT,30,82.91,5.6,2016,93.32,8.31,1.84,19.46,2.3,6.64,18.82,28860,B
2023-24,1000844,20000844,5,SOCIAL_STUDIES,325.2,BASIC,31,85.66,5.17,2021,77.33,10.2,21.74,19.59,30.38,17.71,20.58,16997,D
2021-22,1000845,20000845,10,SOCIAL_STUDIES,173.0,PROFICIENT,78,85.33,33.05,2019,84.42,3.94,23.01,9.4,3.77,3.1,14.64,11091,B
2022-23,1000846,20000846,10,SCIENCE,286.6,BASIC,20,81.29,7.39,2025,93.87,1.88,10.54,18.91,33.55,1.09,15.57,23469,NA
2024-25,1000847,20000847,7,ELA,339.1,BASIC,35,87.5,9.55,2017,81.17,9.32,5.07,19.08,22.73,8.47,21.84,18540,F
2022-23,1000848,20000848,8,SOCIAL_STUDIES,281.5,BASIC,14,85.74,10.05,2025,82.11,7.02,24.7,17.96,22.11,10.72,18.8,9376,F
2019-20,1000849,20000849,1,ELA,247.8,BASIC,57,85.67,26.13,2016,79.13,9.0,17.59,9.07,7.0,2.26,14.05,9830,A
2022-23,1000850,20000850,8,SOCIAL_STUDIES,344.3,PROFICIENT,48,92.38,7.9,2020,66.29,7.28,13.64,15.15,22.96,0.29,24.65,9260,B
2022-23,1000851,20000851,4,SCIENCE,233.2,BELOW_BASIC,64,80.68,5.94,2018,90.88,1.48,5.21,9.11,17.86,12.05,19.11,19983,A
2017-18,1000852,20000852,K,ELA,296.0,BELOW_BASIC,73,97.33,21.16,2020,76.27,2.71,21.38,9.8,31.88,5.27,23.99,13497,B
2019-20,1000853,20000853,4,ELA,295.5,PROFICIENT,61,83.75,27.21,2017,88.51,9.15,14.61,14.62,22.28,9.77,16.16,23028,A
2024-25,1000854,20000854,2,ELA,196.2,BASIC,37,90.15,20.9,2024,89.01,3.19,6.03,9.99,9.86,4.38,22.75,8959,B
2024-25,1000855,20000855,K,MATH,292.7,PROFICIENT,14,89.04,2.05,2018,69.68,10.36,8.98,9.46,26.87,9.19,19.93,13009,B
2024-25,1000856,20000856,4,SOCIAL_STUDIES,166.2,BASIC,10,93.89,33.94,2021,90.26,10.02,9.95,18.46,24.57,4.72,17.73,17096,A
2024-25,1000857,20000857,4,MATH,295.3,ADVANCED,1,94.07,27.02,2024,76.48,5.46,22.46,13.49,11.77,17.81,10.3,29272,C
2023-24,1000858,20000858,12,SCIENCE,169.9,ADVANCED,10,99.44,8.55,2024,87.8,4.52,8.86,16.97,35.65,8.13,17.51,18754,C
2023-24,1000859,20000859,6,MATH,337.9,BASIC,79,96.68,22.48,2023,90.52,0.78,17.15,20.59,32.98,6.06,10.0,29903,F
2019-20,1000860,20000860,10,MATH,235.6,BASIC,33,81.91,23.6,2018,82.16,8.99,14.07,19.7,7.33,5.36,13.72,13752,F
2020-21,1000861,20000861,6,ELA,259.2,BELOW_BASIC,94,92.41,3.27,2018,71.4,9.52,4.92,10.34,6.97,14.53,17.54,30018,NA
2022-23,1000862,20000862,K,SCIENCE,197.2,BELOW_BASIC,34,84.58,29.77,2022,84.59,9.1,1.69,17.41,15.26,0.91,25.21,23484,NA
2019-20,1000863,20000863,7,MATH,242.1,BASIC,24,84.7,20.07,2022,66.72,2.0,13.62,10.37,12.08,16.17,13.09,28566,C
2017-18,1000864,20000864,9,MATH,290.2,BASIC,81,93.84,23.22,2016,95.6,4.46,19.59,10.21,12.01,12.47,22.2,14136,F
2022-23,1000865,20000865,4,ELA,161.4,ADVANCED,17,98.07,28.65,2017,81.97,7.18,16.36,21.04,7.6,4.62,19.91,17647,C
2022-23,1000866,20000866,K,MATH,331.2,BELOW_BASIC,94,88.81,24.49,2025,85.7,8.1,16.95,12.24,28.42,2.77,17.44,7236,C
2020-21,1000867,20000867,4,ELA,172.5,BASIC,15,96.51,34.17,2025,93.59,4.79,16.73,14.03,33.72,5.48,15.41,20218,C
2019-20,1000868,20000868,11,SOCIAL_STUDIES,299.5,BASIC,1,92.72,3.03,2016,86.6,1.02,17.97,17.35,14.65,13.14,19.37,11344,A
2022-23,1000869,20000869,9,SOCIAL_STUDIES,265.0,PROFICIENT,7,95.05,32.38,2024,83.52,4.68,17.52,21.49,3.69,9.53,10.37,7903,F
2024-25,1000870,20000870,12,SCIENCE,278.0,BASIC,8,93.83,19.07,2023,97.58,11.78,1.83,20.13,12.24,11.42,25.07,8245,B
2023-24,1000871,20000871,5,SOCIAL_STUDIES,163.7,ADVANCED,66,92.8,25.07,2019,97.23,2.42,4.14,18.44,35.56,7.44,17.88,23820,A
2017-18,1000872,20000872,8,SOCIAL_STUDIES,197.8,BASIC,67,95.01,30.85,2016,60.4,5.55,11.16,8.68,18.84,14.68,21.63,28672,A
2019-20,1000873,20000873,2,ELA,249.2,PROFICIENT,2,94.89,11.22,2017,92.21,2.78,3.96,21.51,25.11,0.45,21.37,23979,D
2021-22,1000874,20000874,11,SOCIAL_STUDIES,311.4,PROFICIENT,95,96.29,14.91,2017,60.72,9.25,7.39,15.01,3.71,15.42,22.25,20459,A
2024-25,1000875,20000875,9,MATH,208.1,PROFICIENT,40,83.34,23.7,2018,89.95,9.03,18.75,8.51,0.82,8.25,21.99,14608,D
2018-19,1000876,20000876,3,SOCIAL_STUDIES,225.3,PROFICIENT,50,86.06,3.38,2023,79.67,8.99,15.57,10.58,31.99,5.69,18.42,13384,D
2021-22,1000877,20000877,10,MATH,340.9,BASIC,70,88.53,20.39,2021,76.83,2.73,15.97,21.08,11.27,14.14,23.46,9390,A
2019-20,1000878,20000878,9,MATH,268.5,BASIC,2,91.65,3.57,2016,77.13,9.14,17.87,20.35,10.9,7.75,21.38,15577,B
2023-24,1000879,20000879,8,SOCIAL_STUDIES,195.2,BELOW_BASIC,51,86.6,15.44,2021,66.81,6.03,7.73,15.99,29.23,16.15,15.44,25243,F
2020-21,1000880,20000880,11,MATH,155.8,BASIC,91,98.24,29.38,2021,80.51,0.7,22.67,13.74,18.09,12.96,11.3,9906,B
2019-20,1000881,20000881,7,MATH,293.4,PROFICIENT,81,98.94,8.53,2024,92.91,10.41,21.03,17.01,3.88,10.97,10.73,7435,A
2023-24,1000882,20000882,5,ELA,291.8,BASIC,30,98.31,20.02,2022,74.61,11.63,15.63,13.67,2.82,15.79,19.23,24756,A
2021-22,1000883,20000883,1,MATH,245.2,BASIC,62,95.5,14.56,2021,81.63,2.1,14.45,11.86,5.01,10.19,16.71,19067,C
2017-18,1000884,20000884,11,ELA,223.1,BASIC,76,91.79,27.3,2021,85.35,7.43,21.2,13.76,12.42,1.47,25.15,11276,B
2017-18,1000885,20000885,1,SOCIAL_STUDIES,152.3,PROFICIENT,45,80.52,21.11,2022,62.29,1.43,21.53,20.35,34.72,14.24,18.35,8011,A
2020-21,1000886,20000886,1,SCIENCE,252.9,BASIC,29,94.69,3.91,2018,62.02,3.91,23.09,16.42,36.88,12.49,13.96,16821,A
2023-24,1000887,20000887,4,SCIENCE,217.4,PROFICIENT,27,89.11,30.04,2016,95.79,3.69,16.91,19.52,37.65,0.94,23.84,7591,C
2021-22,1000888,20000888,K,MATH,315.3,PROFICIENT,3,82.95,25.67,2018,64.57,6.93,20.35,18.05,2.47,14.31,25.62,24471,C
2022-23,1000889,20000889,4,ELA,285.5,PROFICIENT,67,90.92,19.11,2022,67.76,11.47,2.98,6.65,0.64,17.93,10.71,21785,C
2022-23,1000890,20000890,10,MATH,298.7,BASIC,77,80.39,22.0,2022,65.68,4.34,18.24,9.66,20.34,14.78,15.55,16581,B
2019-20,1000891,20000891,5,ELA,189.6,PROFICIENT,22,90.21,26.28,2016,80.6,7.69,18.46,19.43,25.93,5.67,11.7,31294,B
2021-22,1000892,20000892,1,MATH,227.6,PROFICIENT,10,98.59,34.37,2024,66.87,11.32,18.19,13.43,36.28,14.38,18.95,10892,A
2019-20,1000893,20000893,4,SCIENCE,307.0,PROFICIENT,6,81.7,10.92,2018,68.26,10.13,21.64,6.49,14.17,6.71,22.37,31282,C
2019-20,1000894,20000894,4,SCIENCE,243.5,ADVANCED,55,88.6,30.57,2018,62.08,8.79,23.06,14.14,29.12,5.11,10.86,31231,B
2024-25,1000895,20000895,2,SCIENCE,270.2,BASIC,57,97.92,4.35,2020,72.38,3.46,18.98,7.74,3.53,11.45,22.4,7093,C
2017-18,1000896,20000896,2,ELA,170.5,BASIC,20,83.27,31.77,2019,61.37,7.26,22.26,12.52,33.59,5.82,15.89,14571,NA
2021-22,1000897,20000897,7,SOCIAL_STUDIES,349.3,PROFICIENT,30,93.89,18.6,2024,87.53,2.92,20.54,13.45,16.7,3.33,19.34,20236,A
2023-24,1000898,20000898,7,SOCIAL_STUDIES,196.1,PROFICIENT,80,94.19,19.94,2019,85.86,7.16,21.73,14.0,34.39,2.63,18.22,16167,D
2020-21,1000899,20000899,12,ELA,301.0,PROFICIENT,16,88.94,8.71,2017,75.1,8.43,11.26,12.59,5.26,15.27,18.83,14007,A
2019-20,1000900,20000900,12,ELA,316.8,PROFICIENT,70,86.31,34.43,2020,93.62,6.4,10.58,21.42,33.7,12.17,11.49,23421,C
2024-25,1000901,20000901,2,MATH,198.1,BASIC,86,89.98,18.5,2016,96.84,3.95,17.06,13.74,36.08,9.73,24.56,23182,D
2018-19,1000902,20000902,4,SCIENCE,305.8,PROFICIENT,39,81.48,30.81,2016,73.79,3.65,20.52,18.05,10.74,16.0,14.31,20369,A
2018-19,1000903,20000903,5,SOCIAL_STUDIES,278.4,BELOW_BASIC,30,99.29,13.2,2016,95.42,6.13,19.37,13.57,11.7,8.18,22.69,28490,D
2021-22,1000904,20000904,2,SOCIAL_STUDIES,202.0,BELOW_BASIC,31,94.93,10.96,2025,94.24,9.01,5.89,7.39,17.02,5.91,13.96,22622,B
2017-18,1000905,20000905,10,ELA,331.9,PROFICIENT,7,93.09,9.45,2023,96.29,7.25,8.29,9.18,6.37,13.94,13.41,25418,D
2024-25,1000906,20000906,9,SCIENCE,160.0,PROFICIENT,27,93.29,2.54,2025,83.3,5.61,16.47,14.97,21.43,12.72,23.42,31723,C
2023-24,1000907,20000907,1,MATH,342.0,BELOW_BASIC,75,93.59,4.77,2021,79.69,10.94,15.2,21.89,23.91,10.99,24.71,25727,C
2022-23,1000908,20000908,5,MATH,236.5,BELOW_BASIC,12,80.31,23.05,2022,61.59,3.12,0.64,18.52,27.33,4.26,19.23,28433,C
2017-18,1000909,20000909,6,ELA,249.3,BASIC,59,84.72,9.01,2018,70.92,5.91,23.18,17.02,30.95,8.96,15.96,24782,A
2017-18,1000910,20000910,4,MATH,196.3,BASIC,51,84.93,32.66,2021,79.28,0.92,6.39,10.22,22.58,10.44,15.03,19543,D
2023-24,1000911,20000911,8,MATH,295.9,BASIC,67,92.19,22.08,2025,67.83,4.35,15.3,18.37,30.61,13.81,10.14,13282,B
2017-18,1000912,20000912,11,ELA,226.3,PROFICIENT,58,95.85,27.84,2024,72.53,10.92,19.9,15.32,23.2,8.2,23.75,30126,B
2021-22,1000913,20000913,1,SOCIAL_STUDIES,317.4,BELOW_BASIC,11,82.77,22.29,2017,73.43,6.68,23.07,17.98,27.74,2.14,19.95,17373,B
2024-25,1000914,20000914,8,SOCIAL_STUDIES,171.2,PROFICIENT,64,92.18,26.44,2022,91.04,0.79,14.91,9.36,28.69,11.84,20.83,9528,B
2022-23,1000915,20000915,9,SOCIAL_STUDIES,197.0,BASIC,80,83.96,19.53,2019,64.59,6.7,16.38,9.91,28.88,8.06,22.26,20138,B
2017-18,1000916,20000916,7,SOCIAL_STUDIES,257.9,PROFICIENT,50,92.63,22.52,2019,75.12,8.63,20.65,20.84,33.26,17.01,15.85,17123,A
2018-19,1000917,20000917,1,ELA,270.0,ADVANCED,10,90.86,12.19,2021,95.43,0.23,8.42,6.73,14.87,1.76,23.11,13331,F
2023-24,1000918,20000918,K,MATH,290.4,BELOW_BASIC,64,90.32,9.95,2020,86.86,4.02,8.62,13.86,14.75,11.99,25.51,10503,C
2024-25,1000919,20000919,9,MATH,174.5,PROFICIENT,67,81.0,4.16,2021,82.94,11.91,19.27,10.94,14.87,5.09,10.08,19438,B
2017-18,1000920,20000920,10,SOCIAL_STUDIES,257.8,PROFICIENT,53,82.0,5.83,2022,65.19,1.48,2.92,17.98,21.83,7.99,22.98,14371,D
2022-23,1000921,20000921,11,MATH,170.8,BASIC,7,97.76,6.55,2023,62.45,6.38,21.94,20.65,7.84,6.81,11.35,14000,C
2017-18,1000922,20000922,6,SCIENCE,231.5,PROFICIENT,43,84.42,31.28,2017,65.05,0.03,21.99,8.71,5.75,2.97,11.53,18267,A
2019-20,1000923,20000923,11,SCIENCE,153.5,BASIC,85,85.24,11.17,2016,68.7,6.08,3.5,17.72,9.67,5.58,20.26,30677,B
2017-18,1000924,20000924,12,SOCIAL_STUDIES,174.8,BELOW_BASIC,45,98.84,22.35,2019,88.72,8.83,14.28,15.74,16.42,11.01,20.16,16005,C
2023-24,1000925,20000925,4,MATH,162.2,BELOW_BASIC,83,81.53,33.11,2017,80.01,6.32,8.1,11.93,3.89,6.55,22.33,12151,B
2018-19,1000926,20000926,1,SCIENCE,197.0,ADVANCED,61,95.2,21.99,2019,67.68,10.88,0.88,8.58,9.59,16.38,21.77,22901,B
2019-20,1000927,20000927,4,MATH,344.5,BASIC,59,87.06,22.83,2019,82.31,6.66,15.12,19.42,8.23,16.06,18.7,9393,C
2020-21,1000928,20000928,9,ELA,187.2,ADVANCED,21,97.98,17.33,2021,67.8,1.36,13.17,20.92,37.15,12.29,11.02,30720,C
2017-18,1000929,20000929,6,SOCIAL_STUDIES,302.9,PROFICIENT,21,80.73,32.03,2025,87.92,3.52,4.14,17.1,8.18,11.9,12.92,13129,A
2024-25,1000930,20000930,10,ELA,219.4,ADVANCED,46,86.24,31.75,2021,95.97,4.04,2.06,6.26,5.53,2.13,18.95,22733,D
2020-21,1000931,20000931,8,ELA,164.8,PROFICIENT,87,83.61,30.63,2021,87.73,0.31,6.39,13.88,23.71,4.16,12.97,25854,A
2021-22,1000932,20000932,6,SOCIAL_STUDIES,165.8,BASIC,62,96.08,33.23,2021,89.76,4.62,8.22,8.61,25.41,3.68,10.2,24994,D
2023-24,1000933,20000933,2,ELA,304.0,PROFICIENT,85,89.46,24.44,2016,72.65,6.49,23.79,12.73,32.03,7.69,17.63,17044,C
2021-22,1000934,20000934,2,SCIENCE,159.2,PROFICIENT,61,89.21,15.58,2021,65.25,5.06,10.61,18.97,24.08,6.6,17.28,31143,B
2019-20,1000935,20000935,7,ELA,162.1,PROFICIENT,19,92.25,26.02,2025,64.71,0.78,4.71,7.64,21.31,3.19,22.89,8158,B
2017-18,1000936,20000936,9,MATH,248.8,BASIC,85,95.96,15.45,2017,84.64,9.21,17.91,20.28,33.03,2.27,25.51,31889,C
2024-25,1000937,20000937,5,SOCIAL_STUDIES,286.8,BASIC,44,90.52,25.3,2016,75.73,4.98,14.69,19.46,19.77,12.66,22.51,7395,F
2021-22,1000938,20000938,1,MATH,192.0,ADVANCED,85,84.42,17.48,2020,97.49,6.23,10.2,12.9,19.79,2.27,18.65,25628,B
2023-24,1000939,20000939,1,SCIENCE,298.9,ADVANCED,24,80.47,19.42,2019,90.44,2.2,16.84,19.4,29.95,7.74,25.65,22705,A
2019-20,1000940,20000940,6,SCIENCE,285.9,PROFICIENT,67,97.32,10.79,2021,72.36,6.98,8.11,12.47,26.37,7.46,10.45,19654,D
2024-25,1000941,20000941,7,SCIENCE,284.0,ADVANCED,97,91.45,10.63,2018,65.12,1.44,2.53,10.08,30.66,2.69,10.96,30868,C
2023-24,1000942,20000942,9,MATH,204.9,BASIC,3,92.7,15.82,2022,65.42,10.13,8.87,7.97,19.1,13.0,10.06,29167,D
2018-19,1000943,20000943,4,SOCIAL_STUDIES,200.1,BASIC,12,88.31,12.75,2018,78.16,9.63,12.86,7.79,10.25,8.71,11.19,17200,B
2018-19,1000944,20000944,10,ELA,205.0,ADVANCED,72,86.39,3.0,2021,60.55,8.46,22.16,19.61,2.78,11.43,15.7,9300,B
2022-23,1000945,20000945,7,ELA,225.3,BASIC,60,81.02,15.38,2016,90.06,7.11,11.68,15.27,25.23,6.96,13.52,22131,NA
2019-20,1000946,20000946,5,SCIENCE,274.1,BASIC,85,96.35,25.09,2024,83.1,2.8,4.0,14.47,6.3,14.87,17.37,30149,C
2020-21,1000947,20000947,10,MATH,297.3,BASIC,62,92.89,12.64,2022,91.63,6.44,13.2,18.33,22.26,3.53,13.76,25256,C
2018-19,1000948,20000948,8,MATH,169.6,BASIC,91,92.34,6.96,2025,80.98,3.61,8.92,12.27,31.09,10.77,17.36,25435,C
2022-23,1000949,20000949,4,MATH,223.1,BASIC,36,99.21,28.33,2017,89.64,10.4,7.62,9.08,0.53,6.74,12.38,22724,B
2019-20,1000950,20000950,9,SOCIAL_STUDIES,187.9,PROFICIENT,7,80.71,34.42,2020,71.14,6.33,20.2,9.14,28.81,6.11,20.96,12579,C
2018-19,1000951,20000951,11,ELA,205.0,BASIC,50,89.24,28.94,2022,64.39,7.32,19.96,15.56,11.38,5.35,20.18,11763,D
2018-19,1000952,20000952,1,SOCIAL_STUDIES,213.6,ADVANCED,34,97.37,9.72,2024,69.53,1.58,8.32,19.26,27.77,13.25,19.07,7056,NA
2024-25,1000953,20000953,4,SOCIAL_STUDIES,345.8,BASIC,8,92.6,9.99,2018,89.67,11.41,7.1,10.45,28.54,6.23,20.09,13111,B
2020-21,1000954,20000954,9,MATH,271.1,BASIC,53,80.94,16.88,2023,89.17,5.95,14.27,8.3,8.22,1.05,21.33,14090,D
2023-24,1000955,20000955,10,ELA,177.8,PROFICIENT,29,88.04,27.04,2019,67.3,6.59,0.76,6.22,36.7,11.2,20.49,13387,C
2024-25,1000956,20000956,1,ELA,311.5,BELOW_BASIC,7,95.71,33.54,2018,74.99,8.73,8.82,14.91,19.79,14.11,13.91,17195,C
2022-23,1000957,20000957,1,ELA,293.4,BELOW_BASIC,83,91.98,32.67,2020,83.27,1.48,5.19,20.39,14.5,12.56,22.62,10504,C
2017-18,1000958,20000958,9,SOCIAL_STUDIES,304.4,BELOW_BASIC,58,84.25,17.02,2017,84.09,3.47,13.53,21.08,28.59,7.09,18.35,21323,F
2021-22,1000959,20000959,4,SCIENCE,341.3,BASIC,91,88.45,13.18,2020,97.7,6.47,14.18,12.5,33.45,4.34,23.2,16194,F
2022-23,1000960,20000960,6,SCIENCE,327.4,BASIC,52,86.66,20.85,2021,80.01,1.62,9.76,20.56,23.91,13.16,22.5,23367,A
2020-21,1000961,20000961,8,SOCIAL_STUDIES,241.7,PROFICIENT,35,94.47,4.56,2022,90.33,7.9,19.44,8.51,10.82,4.57,10.37,22704,C
2019-20,1000962,20000962,2,ELA,287.2,ADVANCED,44,94.92,7.19,2017,67.56,6.42,15.84,13.24,0.97,12.46,10.59,26569,C
2023-24,1000963,20000963,6,SCIENCE,150.4,ADVANCED,86,84.27,7.88,2021,88.2,7.46,5.24,21.5,26.08,11.35,23.58,22785,C
2020-21,1000964,20000964,1,MATH,347.5,BELOW_BASIC,6,81.57,21.79,2024,77.51,1.8,3.47,12.57,11.41,11.54,17.02,8353,A
2020-21,1000965,20000965,3,SCIENCE,346.2,ADVANCED,27,86.53,7.06,2023,82.39,6.03,8.12,15.43,13.09,11.44,23.31,7454,F
2021-22,1000966,20000966,10,SCIENCE,276.7,PROFICIENT,79,97.66,14.67,2019,86.25,10.99,17.93,7.07,33.8,4.13,10.1,25132,F
2024-25,1000967,20000967,8,MATH,230.7,BASIC,46,88.11,2.47,2017,82.5,6.03,0.67,7.77,8.37,1.69,13.14,17138,A
2021-22,1000968,20000968,7,ELA,269.9,PROFICIENT,27,90.37,29.2,2016,79.79,4.65,11.67,10.23,8.57,17.13,20.51,12183,B
2023-24,1000969,20000969,4,SOCIAL_STUDIES,286.3,ADVANCED,63,98.89,30.16,2020,81.25,6.98,3.3,19.35,22.18,2.75,25.96,12601,C
2018-19,1000970,20000970,11,SOCIAL_STUDIES,343.8,PROFICIENT,13,82.98,6.31,2016,66.71,1.01,2.42,13.68,18.59,9.06,24.54,31833,A
2022-23,1000971,20000971,1,SCIENCE,175.0,BELOW_BASIC,17,94.66,33.67,2022,80.03,10.74,12.95,10.11,30.41,2.25,17.78,20043,C
2021-22,1000972,20000972,6,ELA,338.1,BASIC,94,89.14,26.24,2025,87.69,9.96,19.16,7.2,7.19,3.4,17.48,21273,B
2019-20,1000973,20000973,9,MATH,275.1,PROFICIENT,36,83.29,30.38,2020,60.36,2.03,15.66,7.48,14.08,17.97,16.65,7839,C
2020-21,1000974,20000974,2,MATH,330.5,BASIC,85,94.62,33.88,2018,66.34,1.46,2.14,12.56,34.69,9.24,25.46,13828,D
2021-22,1000975,20000975,2,ELA,197.8,PROFICIENT,55,80.24,24.08,2017,83.97,3.44,8.71,8.21,29.02,16.68,22.47,28937,C
2017-18,1000976,20000976,10,SOCIAL_STUDIES,194.1,PROFICIENT,46,95.19,29.7,2024,91.9,6.83,5.86,18.0,24.73,17.97,15.8,11104,C
2022-23,1000977,20000977,1,SOCIAL_STUDIES,205.7,BASIC,82,80.38,22.12,2025,94.2,0.97,18.85,11.02,3.59,9.44,11.63,20776,C
2024-25,1000978,20000978,1,MATH,198.2,PROFICIENT,25,81.65,27.26,2022,96.33,0.75,5.1,18.5,19.64,10.99,20.67,24136,F
2019-20,1000979,20000979,K,SCIENCE,155.6,BASIC,79,84.5,16.36,2019,72.99,11.06,6.52,21.87,9.36,14.26,13.5,9217,B
2023-24,1000980,20000980,8,SOCIAL_STUDIES,171.1,PROFICIENT,42,88.4,8.04,2024,64.79,0.87,18.99,16.07,10.11,1.48,18.7,9068,C
2020-21,1000981,20000981,8,SCIENCE,312.9,BASIC,2,93.1,16.6,2021,83.82,0.99,22.51,6.39,10.2,14.67,23.68,24910,C
2022-23,1000982,20000982,12,SOCIAL_STUDIES,306.9,PROFICIENT,48,80.24,13.45,2023,87.01,5.26,15.76,13.47,32.62,9.31,22.76,7258,B
2020-21,1000983,20000983,9,SOCIAL_STUDIES,287.0,ADVANCED,57,89.94,5.85,2025,80.57,1.69,12.46,15.38,22.02,1.58,14.98,24223,A
2023-24,1000984,20000984,12,ELA,313.7,ADVANCED,66,82.67,22.96,2022,86.14,10.97,5.09,18.38,37.5,12.37,17.52,30085,A
2023-24,1000985,20000985,4,SOCIAL_STUDIES,269.9,PROFICIENT,11,88.56,9.58,2018,61.55,11.52,6.74,20.48,6.25,13.18,14.66,17277,B
2023-24,1000986,20000986,10,ELA,344.1,BELOW_BASIC,15,85.32,13.4,2023,89.17,7.59,11.47,19.44,30.49,11.24,21.35,16411,D
2017-18,1000987,20000987,11,SCIENCE,302.0,BELOW_BASIC,70,81.89,2.0,2020,91.6,11.06,21.16,17.31,22.02,16.6,15.37,30476,D
2019-20,1000988,20000988,K,SCIENCE,343.2,PROFICIENT,59,90.23,10.04,2024,74.01,7.61,17.0,11.17,31.45,0.26,12.82,25211,D
2017-18,1000989,20000989,1,SCIENCE,341.0,ADVANCED,30,98.1,31.27,2020,80.52,1.76,15.65,15.43,19.11,11.96,19.39,8399,B
2020-21,1000990,20000990,5,SOCIAL_STUDIES,310.8,BELOW_BASIC,53,94.4,8.96,2017,71.67,2.76,23.97,16.74,32.01,6.79,12.0,22191,C
2019-20,1000991,20000991,1,SOCIAL_STUDIES,268.6,BASIC,96,98.87,26.66,2023,82.78,2.59,10.79,8.63,27.36,11.23,12.99,31037,C
2023-24,1000992,20000992,2,SOCIAL_STUDIES,213.8,BASIC,76,95.21,5.58,2025,93.22,9.8,9.66,12.08,5.6,6.01,22.81,24977,F
2024-25,1000993,20000993,9,SCIENCE,304.1,PROFICIENT,31,81.52,17.54,2025,63.4,5.64,22.12,17.7,15.83,0.94,14.47,27980,C
2023-24,1000994,20000994,11,SCIENCE,217.0,BASIC,37,84.4,15.64,2024,66.45,0.27,8.74,14.49,28.53,0.49,24.09,9177,D
2021-22,1000995,20000995,8,SCIENCE,265.5,BASIC,45,82.79,25.12,2017,93.24,11.74,23.56,20.53,18.23,5.18,12.91,10660,B
2022-23,1000996,20000996,1,ELA,187.8,BASIC,80,84.79,22.01,2018,97.76,2.27,0.67,9.58,1.16,0.29,15.44,18234,F
2017-18,1000997,20000997,5,ELA,232.6,PROFICIENT,12,94.05,11.93,2020,94.31,1.68,15.53,19.7,2.29,6.46,23.4,9687,A
2022-23,1000998,20000998,6,ELA,336.5,PROFICIENT,15,84.37,22.76,2020,94.33,8.34,9.14,13.02,16.95,7.81,17.38,23531,D
2017-18,1000999,20000999,7,SOCIAL_STUDIES,340.7,BASIC,91,84.57,33.13,2017,61.7,7.14,10.05,8.88,6.23,1.81,11.22,9561,NA
2018-19,1001000,20001000,12,MATH,315.1,PROFICIENT,96,93.93,21.2,2019,96.86,7.24,6.4,21.34,25.98,14.54,17.13,18559,F
2019-20,1001001,20001001,5,SCIENCE,281.0,BASIC,71,94.02,6.87,2016,64.89,3.85,5.28,18.03,12.24,7.25,24.06,9352,A
2023-24,1001002,20001002,9,MATH,197.4,ADVANCED,16,93.63,21.05,2022,88.67,3.86,16.46,8.66,34.8,15.47,14.44,13777,D
2024-25,1001003,20001003,K,SOCIAL_STUDIES,338.8,BASIC,87,91.05,31.07,2024,68.32,10.93,14.61,16.24,6.82,4.25,11.08,12320,B
2021-22,1001004,20001004,4,ELA,243.3,PROFICIENT,9,90.26,16.0,2021,94.86,9.34,13.19,7.94,27.38,5.27,11.12,29601,A
2019-20,1001005,20001005,5,SOCIAL_STUDIES,318.8,BELOW_BASIC,87,90.6,12.01,2024,79.62,4.02,12.36,20.54,6.26,14.91,17.95,27628,B
2021-22,1001006,20001006,11,ELA,169.0,PROFICIENT,21,98.51,12.39,2022,81.94,4.92,2.89,7.81,35.96,6.36,10.73,24397,C
2020-21,1001007,20001007,5,SOCIAL_STUDIES,303.3,ADVANCED,47,84.88,2.38,2018,80.88,8.91,19.68,15.19,28.17,7.22,18.65,27965,A
2017-18,1001008,20001008,2,MATH,316.4,BASIC,86,86.0,5.69,2019,97.46,5.61,9.24,7.11,28.14,0.75,16.09,28364,C
2019-20,1001009,20001009,2,ELA,334.3,PROFICIENT,99,81.1,29.3,2018,68.12,5.42,7.14,21.83,35.93,3.98,16.3,27501,A
2020-21,1001010,20001010,3,MATH,241.3,BASIC,92,80.48,21.69,2023,91.02,11.2,24.96,21.31,25.26,6.31,20.83,19067,B
2023-24,1001011,20001011,2,SCIENCE,327.7,PROFICIENT,3,94.8,32.13,2021,81.89,7.49,19.36,16.99,18.1,5.82,17.19,10456,D
2017-18,1001012,20001012,10,ELA,199.1,PROFICIENT,39,89.41,14.71,2022,76.94,2.11,10.66,17.7,6.76,5.12,15.54,10417,A
2018-19,1001013,20001013,K,MATH,332.4,BELOW_BASIC,36,85.93,34.94,2020,85.53,10.06,24.3,10.49,22.67,16.59,17.55,8072,F
2018-19,1001014,20001014,11,MATH,168.3,BASIC,43,91.02,30.03,2022,65.66,3.75,13.12,12.92,2.56,8.5,12.4,30771,NA
2024-25,1001015,20001015,6,ELA,290.1,PROFICIENT,78,86.04,4.48,2018,70.71,1.23,3.07,6.8,18.37,5.19,19.92,25826,A
2018-19,1001016,20001016,K,SOCIAL_STUDIES,265.7,ADVANCED,41,92.67,20.69,2021,76.83,7.18,22.37,20.94,26.24,7.17,22.02,24571,C
2020-21,1001017,20001017,12,SOCIAL_STUDIES,301.2,PROFICIENT,76,85.47,11.78,2017,68.53,0.7,1.59,13.35,9.21,12.75,23.03,10637,D
2020-21,1001018,20001018,K,MATH,275.5,BELOW_BASIC,6,95.41,14.43,2020,91.44,0.72,10.0,9.22,3.11,16.82,13.43,10913,D
2023-24,1001019,20001019,11,ELA,151.4,PROFICIENT,39,96.6,30.51,2020,74.95,5.89,23.19,8.77,30.18,1.74,20.65,25785,A
2024-25,1001020,20001020,8,SOCIAL_STUDIES,267.9,ADVANCED,91,85.83,27.9,2017,69.43,0.55,7.0,15.7,2.49,2.7,12.9,23514,B
2019-20,1001021,20001021,K,MATH,155.2,PROFICIENT,83,82.71,19.11,2024,97.2,0.83,12.14,16.08,0.63,15.44,25.15,9431,B
2023-24,1001022,20001022,12,SOCIAL_STUDIES,344.3,PROFICIENT,16,90.26,11.65,2018,92.7,8.19,12.47,16.61,28.38,10.67,13.59,16067,B
2021-22,1001023,20001023,4,SOCIAL_STUDIES,198.5,BELOW_BASIC,32,86.22,10.39,2019,75.57,4.45,20.95,14.58,24.67,6.78,25.99,29329,B
2019-20,1001024,20001024,3,MATH,311.8,BASIC,95,93.02,28.1,2016,63.95,1.0,15.33,13.64,31.04,11.43,18.07,25816,A
2020-21,1001025,20001025,12,SOCIAL_STUDIES,158.3,PROFICIENT,64,88.18,33.05,2022,79.86,1.7,12.49,10.94,32.07,9.54,19.06,19261,A
2021-22,1001026,20001026,1,ELA,234.2,ADVANCED,93,97.99,10.77,2016,63.28,4.76,6.82,16.82,1.61,12.93,11.01,15871,C
2021-22,1001027,20001027,12,SCIENCE,297.1,BASIC,94,83.44,21.25,2025,67.08,0.74,6.63,14.73,3.8,9.11,12.36,25891,B
2020-21,1001028,20001028,4,ELA,217.1,BELOW_BASIC,71,90.8,23.77,2024,90.65,4.48,15.24,9.97,1.08,14.94,15.98,23914,A
2020-21,1001029,20001029,7,SCIENCE,295.7,BELOW_BASIC,84,89.69,18.37,2016,74.73,8.01,6.03,17.88,23.02,4.92,15.5,15280,D
2022-23,1001030,20001030,8,SCIENCE,349.9,PROFICIENT,48,90.51,21.63,2019,64.11,9.48,14.55,9.93,33.69,12.36,18.61,24531,F
2022-23,1001031,20001031,3,SOCIAL_STUDIES,196.8,PROFICIENT,34,85.83,26.45,2018,66.97,8.98,22.49,6.05,26.54,10.01,24.02,29660,NA
2023-24,1001032,20001032,3,SCIENCE,200.7,BELOW_BASIC,9,83.84,31.29,2016,75.2,4.96,24.51,13.45,34.52,8.15,23.87,27611,C
2021-22,1001033,20001033,3,ELA,228.4,PROFICIENT,26,98.52,22.6,2024,65.41,0.17,16.36,19.57,6.91,2.39,14.24,15758,B
2019-20,1001034,20001034,8,SCIENCE,183.8,ADVANCED,6,92.68,23.22,2025,89.8,0.53,14.19,9.76,34.79,8.17,18.93,26396,A
2017-18,1001035,20001035,7,ELA,236.5,BASIC,43,94.34,30.74,2022,80.85,11.73,20.44,11.31,14.63,14.46,10.51,11217,F
2023-24,1001036,20001036,4,SOCIAL_STUDIES,239.2,ADVANCED,59,97.87,24.96,2020,73.62,4.21,12.18,9.42,18.14,8.94,19.6,10182,A
2019-20,1001037,20001037,1,ELA,340.5,BASIC,28,98.32,33.37,2025,71.02,10.51,22.89,18.79,36.23,17.28,25.33,11096,A
2023-24,1001038,20001038,3,ELA,311.0,BELOW_BASIC,60,97.41,31.74,2018,73.26,0.24,14.07,17.73,30.73,7.97,19.69,10556,D
2022-23,1001039,20001039,11,SOCIAL_STUDIES,257.4,ADVANCED,86,92.83,27.9,2023,89.9,4.15,21.73,7.35,25.36,17.05,16.75,12398,A
2023-24,1001040,20001040,11,ELA,224.5,BASIC,76,87.8,2.4,2021,67.92,2.76,10.8,14.01,14.56,2.87,21.59,14183,C
2023-24,1001041,20001041,K,MATH,326.2,BELOW_BASIC,39,87.57,26.58,2023,89.86,10.82,12.24,7.02,11.8,14.59,19.08,17976,B
2018-19,1001042,20001042,11,SCIENCE,246.7,ADVANCED,8,91.67,29.36,2016,64.06,4.29,2.23,20.69,16.4,2.31,13.73,12902,A
2021-22,1001043,20001043,12,ELA,237.9,BELOW_BASIC,34,95.58,21.25,2023,86.13,6.14,8.19,7.55,31.25,15.06,19.14,10883,A
2024-25,1001044,20001044,6,SCIENCE,157.2,BASIC,97,87.95,8.54,2022,65.57,6.74,19.89,19.87,5.49,0.42,11.74,20011,C
2022-23,1001045,20001045,10,SOCIAL_STUDIES,261.2,ADVANCED,71,80.39,11.39,2022,78.34,4.82,20.22,21.36,7.61,1.97,21.33,14379,C
2024-25,1001046,20001046,1,MATH,210.3,PROFICIENT,3,95.53,29.33,2018,83.69,6.58,23.38,20.98,21.61,12.35,23.32,16015,A
2024-25,1001047,20001047,3,SCIENCE,177.0,PROFICIENT,52,81.45,6.0,2016,88.22,10.91,15.29,12.59,29.36,5.69,20.57,16712,A
2017-18,1001048,20001048,9,ELA,314.7,BASIC,29,94.91,26.04,2017,90.02,1.9,23.74,16.78,26.94,2.62,14.91,11138,D
2019-20,1001049,20001049,8,SOCIAL_STUDIES,210.2,PROFICIENT,54,80.34,2.68,2016,85.18,3.88,0.92,11.76,22.86,8.82,24.26,30666,A
2017-18,1001050,20001050,K,MATH,160.1,PROFICIENT,67,85.37,25.87,2024,65.19,11.81,10.89,9.23,4.61,6.76,14.4,29596,C
2019-20,1001051,20001051,K,SOCIAL_STUDIES,261.0,BELOW_BASIC,67,98.22,2.82,2020,70.95,8.56,2.65,17.33,14.76,12.54,20.14,19664,F
2020-21,1001052,20001052,11,MATH,192.4,BELOW_BASIC,59,89.61,11.77,2016,88.1,7.02,23.39,10.06,14.03,9.8,17.44,15162,B
2024-25,1001053,20001053,2,SOCIAL_STUDIES,346.6,ADVANCED,18,92.23,31.38,2024,83.7,0.9,5.97,10.3,16.93,16.16,18.19,19136,F
2020-21,1001054,20001054,11,SOCIAL_STUDIES,314.5,ADVANCED,17,97.66,10.02,2022,97.9,9.91,17.15,10.62,21.8,7.26,14.88,9295,F
2021-22,1001055,20001055,3,SCIENCE,234.2,BASIC,58,91.25,25.03,2017,97.83,8.85,23.6,18.0,24.71,12.18,12.33,31044,A
2018-19,1001056,20001056,2,MATH,222.2,BASIC,70,90.94,29.22,2025,92.47,0.32,24.88,18.45,11.54,16.15,14.0,25762,B
2020-21,1001057,20001057,1,ELA,228.0,BASIC,25,91.72,27.76,2025,87.0,3.55,9.03,12.69,33.65,16.99,12.95,12333,C
2022-23,1001058,20001058,7,ELA,224.7,PROFICIENT,16,82.63,20.51,2020,96.66,8.1,8.75,17.65,22.57,11.54,23.41,16303,A
2018-19,1001059,20001059,11,SOCIAL_STUDIES,233.8,PROFICIENT,41,92.24,10.35,2025,75.64,7.73,12.03,20.0,29.28,10.35,12.12,10985,B
2022-23,1001060,20001060,3,ELA,186.0,BASIC,38,90.37,11.93,2019,80.84,7.27,14.47,21.57,31.39,17.71,13.93,12590,A
2019-20,1001061,20001061,5,MATH,256.8,PROFICIENT,75,92.87,17.87,2022,75.53,9.17,4.43,7.7,37.93,1.0,14.12,12967,C
2023-24,1001062,20001062,12,SOCIAL_STUDIES,194.8,BELOW_BASIC,33,89.08,26.0,2020,61.77,3.22,23.09,7.06,33.75,16.65,18.05,24491,D
2022-23,1001063,20001063,7,MATH,342.7,BASIC,96,93.08,29.04,2016,77.04,1.99,21.64,14.29,28.82,7.0,17.05,27735,D
2023-24,1001064,20001064,2,MATH,308.1,BASIC,20,86.0,8.83,2021,77.34,1.81,24.37,12.1,22.53,8.86,14.66,25694,C
2024-25,1001065,20001065,5,SOCIAL_STUDIES,311.7,BELOW_BASIC,77,91.22,18.37,2017,91.53,6.62,24.32,18.34,29.45,10.82,13.49,24460,D
2017-18,1001066,20001066,12,SOCIAL_STUDIES,169.4,PROFICIENT,70,91.35,27.3,2016,63.9,6.08,15.84,18.42,28.69,16.33,12.98,22056,F
2020-21,1001067,20001067,11,ELA,331.5,PROFICIENT,94,83.01,10.96,2024,60.53,9.3,1.3,16.28,9.8,2.4,18.74,8015,F
2019-20,1001068,20001068,6,ELA,186.1,PROFICIENT,3,96.72,11.78,2021,88.47,9.33,18.6,16.4,37.15,16.5,17.61,30869,B
2022-23,1001069,20001069,9,MATH,338.2,PROFICIENT,54,89.71,15.81,2020,96.64,8.92,11.07,20.51,18.53,4.06,22.46,19398,F
2021-22,1001070,20001070,11,MATH,305.5,BASIC,26,90.45,32.96,2019,64.75,1.9,20.83,21.06,28.98,17.36,11.13,17006,A
2021-22,1001071,20001071,6,SCIENCE,269.1,PROFICIENT,1,89.75,24.95,2022,61.15,2.07,12.2,17.33,29.66,7.64,22.97,30640,B
2022-23,1001072,20001072,8,SOCIAL_STUDIES,314.3,BELOW_BASIC,77,85.41,22.25,2023,73.63,2.21,6.58,17.73,17.98,16.69,17.16,18604,F
2017-18,1001073,20001073,12,MATH,315.0,BASIC,59,99.49,12.15,2021,63.4,3.89,11.33,18.66,14.62,2.97,21.12,21465,A
2023-24,1001074,20001074,9,ELA,312.8,BASIC,50,80.69,19.96,2017,69.79,10.41,23.42,20.88,36.96,16.44,11.64,30764,B
2019-20,1001075,20001075,11,SCIENCE,325.2,PROFICIENT,10,84.03,23.73,2020,72.04,0.83,0.92,21.23,12.12,15.14,11.44,29097,B
2017-18,1001076,20001076,7,ELA,257.1,ADVANCED,81,91.65,28.02,2020,91.18,2.08,13.19,9.9,23.41,13.57,21.71,17182,B
2023-24,1001077,20001077,8,MATH,213.7,PROFICIENT,42,86.63,16.24,2020,64.26,4.99,9.88,17.33,6.54,12.21,23.57,12887,D
2022-23,1001078,20001078,8,SCIENCE,320.6,BASIC,14,90.66,16.6,2021,81.32,3.63,2.29,16.67,12.76,9.37,19.71,23486,B
2018-19,1001079,20001079,4,ELA,233.7,PROFICIENT,31,97.54,31.44,2016,68.99,2.52,0.4,13.93,1.76,6.05,19.81,26537,C
2019-20,1001080,20001080,3,MATH,177.2,BELOW_BASIC,74,80.23,16.78,2019,72.55,4.26,19.97,7.64,33.79,2.56,13.5,10783,D
2022-23,1001081,20001081,6,SOCIAL_STUDIES,181.9,PROFICIENT,48,86.43,12.29,2016,82.58,10.69,5.35,17.35,23.5,13.5,15.91,7302,C
2023-24,1001082,20001082,6,SOCIAL_STUDIES,162.1,PROFICIENT,41,99.18,22.18,2021,88.89,4.65,4.51,14.62,30.74,8.4,18.79,31838,D
2019-20,1001083,20001083,11,SCIENCE,263.1,PROFICIENT,61,81.64,29.61,2016,82.82,11.65,17.8,8.71,19.18,7.25,14.51,18099,B
2018-19,1001084,20001084,1,SCIENCE,281.6,BASIC,78,82.0,16.45,2024,70.25,2.05,3.0,8.91,8.22,12.91,19.72,22541,B
2024-25,1001085,20001085,1,ELA,310.3,PROFICIENT,52,86.6,7.42,2023,89.27,10.34,14.68,11.34,4.51,11.94,23.6,12813,B
2019-20,1001086,20001086,11,SCIENCE,267.7,BASIC,23,87.61,16.02,2020,82.89,2.96,20.81,10.82,2.37,1.97,20.29,13392,B
2017-18,1001087,20001087,2,ELA,180.2,PROFICIENT,7,95.74,14.52,2024,93.39,10.39,11.7,19.8,34.65,2.12,18.63,27887,B
2019-20,1001088,20001088,10,SCIENCE,301.1,PROFICIENT,55,94.94,18.96,2020,84.8,6.11,19.31,13.21,21.34,17.06,20.46,28088,A
2017-18,1001089,20001089,3,ELA,200.8,BELOW_BASIC,57,89.09,18.63,2024,72.23,5.66,22.62,8.6,20.71,9.0,11.95,19648,A
2022-23,1001090,20001090,1,MATH,331.9,PROFICIENT,84,84.43,16.11,2025,66.69,8.64,20.93,21.64,35.36,2.06,24.79,22007,D
2023-24,1001091,20001091,K,SCIENCE,301.2,BASIC,68,90.09,23.76,2020,95.9,4.32,22.05,11.9,6.7,10.89,19.0,20285,B
2020-21,1001092,20001092,2,SOCIAL_STUDIES,322.2,BASIC,62,96.81,16.4,2021,77.4,4.37,0.1,14.23,4.15,10.46,15.12,12194,C
2020-21,1001093,20001093,5,SOCIAL_STUDIES,302.6,BELOW_BASIC,95,88.37,28.47,2019,65.83,6.64,17.93,19.82,16.85,12.06,12.09,24232,B
2020-21,1001094,20001094,10,SOCIAL_STUDIES,327.2,BASIC,22,91.93,21.55,2016,66.33,10.93,11.22,8.48,22.52,2.54,18.57,13167,C
2023-24,1001095,20001095,K,ELA,316.5,PROFICIENT,51,94.71,34.41,2022,64.65,8.22,4.67,10.32,7.6,8.38,22.22,8623,D
2024-25,1001096,20001096,12,SCIENCE,336.4,BASIC,63,86.8,24.77,2023,84.45,8.12,19.06,6.26,1.89,0.85,17.58,9737,D
2021-22,1001097,20001097,6,ELA,342.3,ADVANCED,86,82.62,23.74,2024,69.45,0.08,5.53,11.05,32.24,10.52,10.5,27215,A
2023-24,1001098,20001098,8,SOCIAL_STUDIES,251.3,BASIC,9,89.12,32.08,2018,85.8,4.58,15.41,20.5,30.45,7.77,17.51,22624,A
2018-19,1001099,20001099,10,SCIENCE,289.5,BASIC,85,92.72,25.58,2021,92.22,9.89,18.55,7.65,8.93,16.29,15.53,15097,B
2022-23,1001100,20001100,3,ELA,171.9,PROFICIENT,34,82.03,29.4,2021,66.74,5.18,7.06,11.35,31.71,13.53,15.58,25376,B
2018-19,1001101,20001101,9,SOCIAL_STUDIES,181.1,BASIC,88,80.45,24.18,2022,81.15,1.76,23.53,18.05,23.92,5.68,17.39,14435,F
2018-19,1001102,20001102,K,ELA,338.5,BELOW_BASIC,86,81.17,14.41,2019,71.05,4.47,13.36,16.77,16.23,15.18,23.3,21624,B
2020-21,1001103,20001103,3,MATH,235.2,BELOW_BASIC,97,88.42,34.85,2020,96.81,7.37,3.62,8.67,34.85,15.94,22.0,11598,F
2023-24,1001104,20001104,9,SCIENCE,202.5,BASIC,36,97.11,23.34,2023,97.15,9.59,14.97,17.05,32.34,15.87,10.92,24634,F
2021-22,1001105,20001105,1,SCIENCE,202.6,BASIC,31,96.56,29.8,2023,97.98,0.19,16.97,18.36,33.38,1.45,12.42,11884,A
2019-20,1001106,20001106,3,SOCIAL_STUDIES,234.9,BASIC,52,90.3,10.79,2023,74.42,4.89,10.87,18.91,18.14,9.2,12.04,31751,B
2022-23,1001107,20001107,5,SOCIAL_STUDIES,337.8,PROFICIENT,1,91.66,22.99,2019,67.7,5.27,15.74,12.64,29.72,3.52,19.1,8122,B
2023-24,1001108,20001108,10,SCIENCE,221.9,PROFICIENT,47,81.18,6.36,2021,61.64,10.69,21.22,8.6,18.54,11.19,16.79,14566,C
2023-24,1001109,20001109,8,ELA,276.3,PROFICIENT,37,90.66,5.62,2017,91.14,6.82,18.47,12.44,23.54,14.98,15.06,24099,A
2019-20,1001110,20001110,2,SOCIAL_STUDIES,333.8,BASIC,96,81.66,20.67,2018,82.61,5.48,15.91,20.21,6.03,17.63,21.27,19870,B
2023-24,1001111,20001111,1,SCIENCE,222.1,BASIC,60,85.36,9.16,2017,85.33,2.37,7.8,21.01,26.4,5.23,19.93,23160,C
2020-21,1001112,20001112,6,SCIENCE,255.3,ADVANCED,15,92.88,5.1,2016,63.34,2.41,24.87,6.1,14.08,10.79,12.4,18103,B
2017-18,1001113,20001113,K,SOCIAL_STUDIES,155.3,PROFICIENT,4,80.18,34.47,2016,61.98,9.41,23.07,17.59,30.34,14.51,23.92,22841,B
2024-25,1001114,20001114,4,SCIENCE,181.1,PROFICIENT,24,87.07,13.44,2019,97.84,7.8,13.23,17.99,9.14,10.46,20.19,13748,D
2022-23,1001115,20001115,2,ELA,172.9,BELOW_BASIC,42,94.39,27.83,2023,71.48,9.02,15.47,16.0,34.43,17.01,23.41,15863,B
2023-24,1001116,20001116,6,MATH,328.0,BASIC,79,84.13,15.05,2022,89.97,1.74,12.25,18.58,13.88,0.55,21.59,30017,D
2022-23,1001117,20001117,2,SOCIAL_STUDIES,212.6,PROFICIENT,26,96.22,33.31,2023,94.0,6.85,11.34,16.13,23.55,2.5,13.62,15112,B
2021-22,1001118,20001118,7,ELA,263.1,PROFICIENT,8,86.92,25.93,2020,85.12,7.45,0.06,20.65,29.75,7.73,16.23,12329,D
2024-25,1001119,20001119,12,ELA,223.0,BASIC,83,84.15,7.37,2022,71.25,4.85,19.43,13.48,21.04,10.82,17.71,11994,F
2021-22,1001120,20001120,1,ELA,253.6,PROFICIENT,49,81.87,8.15,2021,82.31,7.83,12.01,11.97,20.8,2.91,20.3,16022,C
2021-22,1001121,20001121,12,SOCIAL_STUDIES,307.6,BASIC,17,93.21,6.22,2022,90.16,9.45,23.08,6.57,14.22,10.75,12.24,17369,D
2024-25,1001122,20001122,3,ELA,236.2,PROFICIENT,73,83.32,28.85,2016,88.31,4.34,23.82,14.38,25.15,10.39,25.47,29390,C
2023-24,1001123,20001123,2,SCIENCE,228.2,ADVANCED,74,90.79,6.8,2022,91.05,2.54,14.78,13.72,9.53,12.13,11.77,20586,B
2021-22,1001124,20001124,1,SCIENCE,208.5,BASIC,81,96.79,14.23,2020,81.99,5.03,11.83,21.1,14.97,15.85,24.17,21828,A
2017-18,1001125,20001125,6,MATH,309.5,BELOW_BASIC,61,98.27,32.03,2021,75.24,5.93,22.39,16.89,1.36,3.33,24.61,12636,D
2017-18,1001126,20001126,1,SOCIAL_STUDIES,298.2,ADVANCED,61,80.29,7.75,2024,93.81,11.75,20.36,6.85,7.62,12.75,10.19,14619,C
2019-20,1001127,20001127,5,SCIENCE,285.6,ADVANCED,93,91.57,15.97,2018,86.71,4.37,12.6,6.52,15.2,4.62,15.76,9481,F
2018-19,1001128,20001128,12,ELA,260.7,BASIC,83,92.11,27.49,2018,96.84,7.81,17.38,6.27,12.28,0.77,19.75,7129,C
2022-23,1001129,20001129,7,SCIENCE,180.9,PROFICIENT,1,82.39,32.5,2025,74.63,6.23,6.97,17.32,19.66,10.45,10.97,11687,C
2018-19,1001130,20001130,4,SOCIAL_STUDIES,248.5,PROFICIENT,15,92.43,31.95,2024,96.31,0.63,15.67,7.58,6.84,15.9,22.92,12970,B
2024-25,1001131,20001131,5,MATH,153.2,BASIC,46,88.72,28.38,2022,62.73,3.04,19.5,13.55,19.82,3.8,13.78,18745,C
2024-25,1001132,20001132,12,ELA,308.2,BASIC,72,90.15,23.19,2020,73.88,1.11,19.18,13.78,12.84,17.81,12.37,14303,NA
2020-21,1001133,20001133,8,SCIENCE,200.0,ADVANCED,58,95.1,23.09,2016,86.96,2.8,6.7,16.13,5.72,16.2,25.85,28131,A
2019-20,1001134,20001134,7,MATH,166.8,BASIC,38,93.82,33.61,2021,85.86,1.75,19.81,11.63,29.02,9.95,23.82,16528,F
2021-22,1001135,20001135,2,MATH,190.2,ADVANCED,93,81.38,28.34,2025,93.84,0.97,24.37,12.52,26.26,12.33,19.24,14013,B
2022-23,1001136,20001136,1,MATH,281.3,PROFICIENT,66,97.21,32.6,2020,94.41,0.61,2.72,9.57,3.93,14.89,10.24,18709,C
2018-19,1001137,20001137,12,SOCIAL_STUDIES,170.0,PROFICIENT,10,87.88,10.5,2024,89.1,5.82,10.57,11.85,13.52,2.62,15.17,11485,C
2024-25,1001138,20001138,5,MATH,251.3,BELOW_BASIC,21,84.88,18.98,2024,86.25,11.78,7.84,14.48,31.07,10.55,12.87,23293,A
2020-21,1001139,20001139,6,MATH,287.3,BASIC,34,96.08,14.92,2020,79.9,6.15,6.24,18.94,29.22,4.61,18.34,13523,F
2024-25,1001140,20001140,9,SOCIAL_STUDIES,160.1,ADVANCED,31,85.72,14.83,2021,92.94,8.62,23.4,6.31,37.39,3.94,23.84,7956,C
2018-19,1001141,20001141,1,SOCIAL_STUDIES,182.7,ADVANCED,54,94.83,23.2,2017,71.6,3.95,1.57,17.08,12.57,10.08,10.21,15195,C
2019-20,1001142,20001142,11,MATH,182.6,ADVANCED,86,89.4,19.56,2016,67.74,9.5,19.71,13.77,5.17,7.95,24.04,11562,D
2021-22,1001143,20001143,11,SCIENCE,345.5,BELOW_BASIC,53,83.86,2.41,2017,89.26,5.48,13.82,16.1,4.91,1.56,16.64,14249,B
2018-19,1001144,20001144,7,MATH,159.7,PROFICIENT,10,80.42,18.81,2024,69.69,3.57,0.82,13.03,4.28,15.53,14.9,11409,D
2020-21,1001145,20001145,4,MATH,342.0,BELOW_BASIC,59,89.03,20.39,2018,93.61,7.2,17.2,17.42,35.91,13.79,15.85,27596,C
2022-23,1001146,20001146,7,ELA,223.2,PROFICIENT,55,80.72,3.0,2025,95.83,3.07,2.54,6.92,2.3,13.96,21.43,7968,C
2023-24,1001147,20001147,5,SOCIAL_STUDIES,167.0,BASIC,14,93.71,31.8,2021,77.01,11.67,11.55,6.7,37.77,17.38,17.62,28195,B
2020-21,1001148,20001148,3,ELA,301.3,BELOW_BASIC,42,93.74,13.74,2024,87.98,4.09,24.63,10.8,20.03,8.97,24.46,15639,D
2020-21,1001149,20001149,8,ELA,174.3,PROFICIENT,87,85.73,11.83,2018,93.41,4.53,13.44,10.85,30.59,3.52,14.29,18546,A
2022-23,1001150,20001150,12,ELA,200.9,BASIC,65,81.78,13.87,2017,82.52,6.24,9.92,20.98,12.43,3.42,25.54,8949,D
2022-23,1001151,20001151,3,MATH,227.3,PROFICIENT,22,98.39,24.05,2018,60.04,8.69,8.03,7.45,31.88,6.93,21.08,24877,B
2018-19,1001152,20001152,K,SCIENCE,297.1,BASIC,94,81.44,19.58,2016,62.55,3.78,10.14,21.56,9.36,0.4,11.83,30015,D
2020-21,1001153,20001153,2,ELA,271.9,BASIC,3,92.53,6.28,2020,88.15,4.58,4.55,13.63,35.27,9.86,24.81,14500,A
2024-25,1001154,20001154,11,ELA,242.0,BASIC,43,84.62,14.45,2024,76.02,10.76,13.37,19.46,3.98,3.37,16.18,29881,B
2022-23,1001155,20001155,10,SCIENCE,268.5,BASIC,22,89.74,4.66,2024,90.57,6.61,15.27,14.26,6.98,7.39,16.56,21529,A
2020-21,1001156,20001156,5,SOCIAL_STUDIES,160.2,BELOW_BASIC,45,95.28,32.27,2021,72.32,5.94,24.64,7.43,13.7,12.63,19.32,27143,C
2017-18,1001157,20001157,4,MATH,215.5,PROFICIENT,32,93.11,17.1,2022,64.75,4.93,1.13,19.04,31.05,3.14,20.72,18703,A
2021-22,1001158,20001158,8,SOCIAL_STUDIES,335.5,BELOW_BASIC,99,83.76,34.28,2016,83.14,0.66,23.9,18.38,2.22,7.88,12.13,11220,B
2018-19,1001159,20001159,3,SOCIAL_STUDIES,186.0,PROFICIENT,96,95.9,15.96,2021,71.53,10.43,9.92,12.62,5.58,14.28,13.62,25499,F
2018-19,1001160,20001160,8,SCIENCE,193.3,BASIC,23,95.33,6.98,2017,62.96,0.12,8.01,13.94,8.81,8.38,12.11,11502,D
2017-18,1001161,20001161,3,SOCIAL_STUDIES,316.0,BASIC,44,93.82,8.55,2018,88.87,1.8,13.1,7.37,5.97,5.43,24.85,7666,A
2023-24,1001162,20001162,8,SOCIAL_STUDIES,246.9,BELOW_BASIC,71,99.46,2.09,2020,82.13,0.48,9.55,17.73,13.13,15.15,15.14,11017,A
2022-23,1001163,20001163,K,MATH,321.9,BELOW_BASIC,3,92.15,8.88,2021,68.96,9.33,3.71,15.18,14.09,15.86,14.47,11875,C
2021-22,1001164,20001164,1,ELA,260.1,BASIC,28,99.43,5.0,2025,67.58,7.89,14.87,17.82,36.04,3.16,12.97,16582,B
2021-22,1001165,20001165,4,SOCIAL_STUDIES,257.7,PROFICIENT,58,87.98,17.54,2018,60.08,4.92,21.72,20.34,27.05,4.45,14.11,13436,B
2022-23,1001166,20001166,6,SOCIAL_STUDIES,322.9,PROFICIENT,28,93.03,26.55,2021,71.5,9.63,8.7,6.74,21.99,15.13,20.68,12235,B
2019-20,1001167,20001167,2,SOCIAL_STUDIES,175.2,PROFICIENT,69,89.9,2.39,2024,79.86,0.38,8.52,17.19,20.78,4.36,10.59,21348,D
2017-18,1001168,20001168,8,SOCIAL_STUDIES,239.9,ADVANCED,32,99.17,17.0,2018,64.76,1.19,9.87,13.92,20.02,5.93,22.0,30135,A
2019-20,1001169,20001169,9,SCIENCE,320.3,BELOW_BASIC,14,88.48,33.96,2018,90.56,0.4,4.93,16.11,6.56,1.2,20.33,17730,A
2019-20,1001170,20001170,6,SCIENCE,318.1,BASIC,70,90.22,17.52,2022,64.47,9.56,24.91,6.94,31.65,12.16,14.19,28326,B
2019-20,1001171,20001171,8,ELA,232.1,ADVANCED,95,81.79,19.3,2023,93.38,8.66,7.76,11.53,25.0,17.21,12.61,17184,B
2024-25,1001172,20001172,1,SOCIAL_STUDIES,223.7,PROFICIENT,31,95.79,20.03,2020,88.02,4.15,16.2,6.11,22.72,9.33,13.23,7440,A
2022-23,1001173,20001173,1,SOCIAL_STUDIES,305.5,ADVANCED,60,86.28,20.94,2018,80.41,10.74,5.97,8.45,26.73,17.56,13.45,17090,F
2022-23,1001174,20001174,5,MATH,255.7,PROFICIENT,69,91.72,28.35,2020,63.44,5.46,13.14,13.98,21.52,11.38,21.24,18970,A
2021-22,1001175,20001175,8,MATH,200.0,BASIC,8,90.66,10.92,2023,83.75,3.46,11.8,6.28,23.76,2.53,25.0,22071,F
2021-22,1001176,20001176,2,SOCIAL_STUDIES,294.5,BELOW_BASIC,48,83.78,2.1,2024,60.67,11.99,22.87,13.04,25.77,6.43,11.07,23675,F
2024-25,1001177,20001177,1,MATH,302.8,BASIC,90,82.01,8.8,2020,69.97,3.25,15.04,19.89,23.27,17.01,20.07,9353,C
2020-21,1001178,20001178,K,SCIENCE,286.8,BELOW_BASIC,35,84.28,7.98,2023,63.79,3.99,4.33,16.73,18.54,2.0,19.59,12998,B
2024-25,1001179,20001179,4,MATH,254.8,BELOW_BASIC,46,98.8,3.41,2025,64.6,0.49,2.67,10.36,3.97,11.16,20.59,7448,B
2024-25,1001180,20001180,6,MATH,157.0,PROFICIENT,93,97.73,32.39,2022,83.51,6.14,12.51,6.54,25.5,13.56,25.86,7295,B
2022-23,1001181,20001181,1,ELA,196.4,BELOW_BASIC,84,80.37,14.4,2024,84.47,8.22,2.01,12.08,16.79,15.31,14.11,13849,B
2021-22,1001182,20001182,5,SCIENCE,267.3,BASIC,31,87.1,26.82,2016,68.73,3.89,5.82,19.49,11.55,5.89,15.78,13467,B
2022-23,1001183,20001183,K,SCIENCE,207.5,BASIC,48,99.13,30.81,2017,89.78,9.45,11.61,13.0,5.62,5.5,15.47,8327,A
2022-23,1001184,20001184,3,MATH,295.7,BELOW_BASIC,90,86.83,31.69,2025,78.22,9.67,18.86,13.5,21.35,14.45,12.02,31934,NA
2020-21,1001185,20001185,7,MATH,252.0,PROFICIENT,88,82.4,24.5,2025,91.32,6.85,23.56,18.51,8.04,9.92,10.59,15558,C
2017-18,1001186,20001186,1,ELA,161.9,PROFICIENT,87,94.17,12.61,2020,65.38,9.27,8.91,8.03,19.73,15.48,23.19,28259,F
2017-18,1001187,20001187,9,ELA,347.5,BELOW_BASIC,42,96.95,3.73,2020,81.5,10.15,9.92,12.29,25.65,4.46,13.59,7712,A
2022-23,1001188,20001188,10,SCIENCE,173.2,BASIC,28,86.21,30.27,2023,88.15,1.52,4.76,13.73,19.85,5.06,21.73,21475,A
2018-19,1001189,20001189,12,SOCIAL_STUDIES,154.5,PROFICIENT,5,85.29,11.03,2020,72.45,5.63,12.38,16.86,26.91,9.79,19.25,18043,A
2018-19,1001190,20001190,6,ELA,229.5,BELOW_BASIC,72,91.09,29.29,2025,86.61,1.8,12.08,16.37,1.08,17.17,15.13,12203,F
2018-19,1001191,20001191,12,SCIENCE,262.1,PROFICIENT,81,98.04,7.76,2021,66.0,11.85,13.39,10.46,2.94,14.3,14.41,22651,B
2024-25,1001192,20001192,11,SCIENCE,282.1,BASIC,50,81.22,3.21,2023,90.15,2.17,23.45,20.4,32.5,11.58,20.75,26319,C
2020-21,1001193,20001193,3,MATH,319.7,BASIC,54,90.72,22.74,2024,91.72,3.65,11.55,6.07,35.67,6.56,13.89,26408,C
2023-24,1001194,20001194,11,ELA,154.4,BASIC,45,91.03,2.27,2024,65.6,10.84,22.39,20.07,33.12,9.55,24.6,26288,A
2020-21,1001195,20001195,5,SOCIAL_STUDIES,200.6,BASIC,81,92.24,30.28,2025,62.4,10.2,8.95,19.7,17.42,8.73,24.71,28627,D
2019-20,1001196,20001196,7,ELA,303.5,PROFICIENT,67,80.96,3.61,2021,60.02,2.63,21.26,18.67,14.84,6.41,19.88,19544,B
2023-24,1001197,20001197,8,ELA,334.6,BELOW_BASIC,22,83.57,14.07,2021,66.3,9.93,5.04,20.06,36.99,13.29,16.63,21105,NA
2022-23,1001198,20001198,4,ELA,271.0,BELOW_BASIC,8,87.32,30.99,2017,75.61,9.08,20.36,6.25,14.99,5.4,21.82,16180,B
2024-25,1001199,20001199,10,SOCIAL_STUDIES,194.7,BASIC,17,87.97,18.66,2020,79.41,4.34,18.77,21.77,29.94,2.91,24.04,29864,NA
2020-21,1001200,20001200,2,MATH,175.9,BELOW_BASIC,30,96.36,2.51,2018,91.49,11.67,24.4,7.42,30.32,9.85,23.47,24337,C
2019-20,1001201,20001201,2,SCIENCE,276.5,PROFICIENT,49,80.57,2.98,2023,91.43,2.45,21.09,14.89,27.48,1.66,24.46,14339,C
2018-19,1001202,20001202,5,MATH,345.1,BELOW_BASIC,98,85.81,13.67,2018,76.78,1.64,23.61,19.39,9.45,5.45,13.19,18177,B
2017-18,1001203,20001203,8,ELA,226.1,PROFICIENT,22,83.41,29.87,2025,80.81,4.73,23.93,16.17,16.55,15.93,25.44,12276,C
2021-22,1001204,20001204,12,MATH,217.0,PROFICIENT,87,90.21,5.45,2025,81.19,6.92,1.01,10.19,27.98,1.85,14.5,28374,D
2024-25,1001205,20001205,4,ELA,261.1,BASIC,17,93.56,19.29,2017,78.27,3.07,16.91,18.71,12.62,1.6,19.64,20860,B
2023-24,1001206,20001206,6,SOCIAL_STUDIES,288.2,BASIC,20,95.63,31.77,2019,69.85,3.08,0.75,7.03,20.56,7.69,21.85,23207,A
2024-25,1001207,20001207,2,SOCIAL_STUDIES,153.1,ADVANCED,92,93.61,33.19,2024,77.98,11.11,12.84,18.23,19.63,13.35,19.68,31868,D
2017-18,1001208,20001208,5,SCIENCE,225.3,ADVANCED,6,84.39,33.21,2021,96.08,5.55,19.72,20.85,3.93,6.57,19.09,20415,C
2023-24,1001209,20001209,8,SOCIAL_STUDIES,153.7,PROFICIENT,16,80.5,23.84,2020,82.52,11.04,19.51,21.6,29.11,8.84,15.06,16604,A
2019-20,1001210,20001210,8,SCIENCE,263.4,BASIC,34,80.4,9.39,2021,97.52,9.81,15.77,17.76,10.01,14.96,21.44,26542,NA
2021-22,1001211,20001211,2,SCIENCE,230.1,BELOW_BASIC,47,94.89,10.34,2016,72.58,0.23,20.54,10.17,29.78,4.52,20.66,15531,A
2019-20,1001212,20001212,1,SCIENCE,231.6,PROFICIENT,56,83.02,16.59,2019,89.42,2.48,13.74,13.25,37.58,3.37,12.07,31068,B
2022-23,1001213,20001213,2,SOCIAL_STUDIES,181.8,BASIC,53,85.05,21.73,2017,67.24,3.43,0.1,17.27,19.1,1.13,13.79,28023,C
2024-25,1001214,20001214,K,ELA,296.6,BASIC,26,97.2,6.56,2018,85.66,11.08,1.92,9.43,26.03,17.99,11.62,20351,A
2017-18,1001215,20001215,2,SCIENCE,262.6,BELOW_BASIC,62,98.92,8.27,2025,66.41,10.06,15.07,12.94,28.54,6.09,10.36,27864,B
2021-22,1001216,20001216,2,ELA,294.4,PROFICIENT,17,91.56,31.72,2021,96.14,2.9,19.48,10.04,7.07,4.37,19.51,14192,C
2018-19,1001217,20001217,3,MATH,246.9,BASIC,21,97.56,12.58,2016,87.93,3.39,18.32,7.89,23.9,9.92,12.78,14986,A
2022-23,1001218,20001218,10,ELA,184.2,PROFICIENT,50,95.37,21.93,2020,86.58,3.3,3.06,9.46,23.02,3.89,16.54,26472,D
2018-19,1001219,20001219,12,ELA,260.7,BASIC,74,89.58,6.07,2022,62.82,1.85,23.71,12.74,36.22,13.0,14.58,31671,D
2017-18,1001220,20001220,12,SCIENCE,234.2,BELOW_BASIC,59,92.51,3.93,2018,82.65,6.9,20.36,21.89,5.02,4.01,18.92,30031,F
2019-20,1001221,20001221,11,ELA,231.0,BASIC,54,86.49,16.35,2018,93.76,1.1,6.85,6.28,26.88,17.31,23.85,22825,A
2021-22,1001222,20001222,6,ELA,276.6,PROFICIENT,58,98.53,24.49,2019,62.35,8.96,4.45,17.28,14.9,10.63,24.3,8282,D
2022-23,1001223,20001223,12,MATH,271.3,BASIC,76,96.3,21.5,2025,82.62,8.51,15.64,12.99,17.24,2.79,25.54,24662,B
2020-21,1001224,20001224,11,SOCIAL_STUDIES,159.8,ADVANCED,3,92.7,18.24,2024,68.55,11.29,0.16,19.5,11.52,3.11,15.04,30711,D
2022-23,1001225,20001225,11,SOCIAL_STUDIES,161.5,PROFICIENT,41,93.04,5.08,2020,82.9,1.83,15.89,16.67,29.44,9.53,16.15,19371,B
2019-20,1001226,20001226,2,ELA,209.3,BASIC,10,99.08,7.32,2019,77.25,10.58,2.06,6.17,2.03,9.05,15.81,16524,B
2019-20,1001227,20001227,5,SCIENCE,298.6,PROFICIENT,48,81.5,29.61,2022,97.84,4.87,14.87,20.21,24.75,15.44,16.08,9603,B
2021-22,1001228,20001228,2,MATH,305.3,BELOW_BASIC,95,82.25,25.04,2025,74.54,3.36,16.13,11.77,7.88,1.03,22.78,29811,D
2023-24,1001229,20001229,2,SOCIAL_STUDIES,162.7,BELOW_BASIC,48,85.51,18.5,2016,73.11,6.96,12.44,19.72,23.67,13.58,22.85,15075,D
2023-24,1001230,20001230,8,MATH,266.4,BASIC,24,97.18,24.04,2024,92.77,9.45,21.62,14.55,26.58,7.79,17.33,20801,B
2021-22,1001231,20001231,11,ELA,221.2,BASIC,73,92.98,9.67,2021,70.47,5.75,4.93,14.08,9.22,9.46,23.41,27131,A
2019-20,1001232,20001232,1,MATH,342.0,BASIC,74,86.53,19.61,2021,82.02,11.68,24.92,14.29,18.13,16.42,24.33,25152,F
2022-23,1001233,20001233,8,SOCIAL_STUDIES,287.2,PROFICIENT,54,98.13,22.33,2025,77.95,10.01,23.97,15.14,37.35,9.94,14.17,7585,B
2022-23,1001234,20001234,10,ELA,192.4,BASIC,63,98.64,9.92,2023,85.75,6.45,20.85,11.3,26.45,15.2,20.35,24061,A
2019-20,1001235,20001235,4,MATH,217.4,BELOW_BASIC,56,92.06,23.47,2016,84.14,5.13,18.73,11.98,10.87,1.67,24.99,20889,D
2017-18,1001236,20001236,5,SCIENCE,336.4,BASIC,60,95.1,7.45,2019,89.53,10.05,18.05,6.8,34.23,9.99,21.38,14078,F
2020-21,1001237,20001237,5,ELA,332.4,PROFICIENT,79,89.9,30.62,2018,85.34,6.1,6.43,15.11,21.29,7.57,13.26,25047,C
2020-21,1001238,20001238,10,MATH,241.4,PROFICIENT,87,88.23,31.65,2022,87.65,6.78,16.79,11.95,0.12,8.34,10.02,8412,A
2017-18,1001239,20001239,10,SCIENCE,341.0,ADVANCED,1,98.7,2.69,2025,60.84,2.75,11.57,20.82,24.09,5.64,24.23,22822,A
2023-24,1001240,20001240,7,ELA,259.8,PROFICIENT,55,88.44,29.59,2018,92.29,10.44,22.84,17.06,23.3,11.78,17.55,8861,F
2022-23,1001241,20001241,K,SCIENCE,218.3,PROFICIENT,39,93.37,12.09,2018,65.21,11.87,23.28,7.36,8.96,8.9,17.32,25382,D
2023-24,1001242,20001242,1,SOCIAL_STUDIES,178.1,BASIC,68,82.2,5.1,2025,69.89,1.15,6.94,6.23,20.65,16.82,22.0,28822,B
2019-20,1001243,20001243,4,MATH,283.4,PROFICIENT,58,81.49,25.9,2022,93.85,9.27,4.02,7.64,29.99,4.31,24.54,8170,A
2023-24,1001244,20001244,3,SOCIAL_STUDIES,263.0,BELOW_BASIC,76,92.24,11.97,2022,85.91,2.56,3.16,10.45,29.74,16.67,22.33,26511,C
2024-25,1001245,20001245,9,ELA,327.7,BASIC,27,83.94,23.34,2019,77.55,3.14,7.65,13.18,25.72,10.02,10.93,21124,A
2021-22,1001246,20001246,4,SOCIAL_STUDIES,319.3,ADVANCED,69,96.06,25.57,2022,81.62,6.24,12.81,14.43,27.82,11.22,25.81,18200,C
2020-21,1001247,20001247,12,SCIENCE,216.8,PROFICIENT,67,81.33,16.9,2023,80.49,10.59,8.84,8.59,9.52,16.81,21.24,16226,B
2020-21,1001248,20001248,11,ELA,307.2,BASIC,4,91.65,21.41,2017,94.59,6.3,23.64,7.83,29.65,0.11,16.59,11828,B
2018-19,1001249,20001249,8,SOCIAL_STUDIES,335.9,BASIC,39,96.01,21.03,2021,79.87,0.35,3.36,21.8,35.87,6.43,25.25,28145,D
2019-20,1001250,20001250,4,SCIENCE,189.2,BASIC,24,82.26,28.39,2025,62.17,3.26,15.41,8.61,31.44,14.69,10.2,30655,D
2018-19,1001251,20001251,K,SCIENCE,313.5,BASIC,42,96.87,14.17,2021,90.79,2.82,16.38,15.27,8.04,1.39,22.21,21285,D
2021-22,1001252,20001252,6,SOCIAL_STUDIES,287.4,ADVANCED,33,81.11,4.01,2023,60.62,11.78,1.75,16.84,26.61,11.97,12.19,21847,C
2018-19,1001253,20001253,11,ELA,278.2,BELOW_BASIC,22,91.75,5.98,2024,89.11,1.05,15.06,15.23,13.86,2.69,16.08,22048,F
2022-23,1001254,20001254,K,ELA,163.7,PROFICIENT,2,99.06,9.63,2022,76.73,1.77,7.66,14.54,17.33,5.21,23.41,15829,C
2023-24,1001255,20001255,7,SOCIAL_STUDIES,189.9,BASIC,91,88.65,27.81,2016,68.84,7.7,11.6,21.52,3.19,11.43,15.17,25517,C
2020-21,1001256,20001256,K,SOCIAL_STUDIES,324.2,BASIC,74,84.96,22.78,2016,84.3,8.55,7.2,11.3,22.93,3.11,13.34,27527,B
2024-25,1001257,20001257,5,MATH,252.0,BASIC,7,84.42,3.38,2018,61.01,2.25,22.47,21.05,8.93,8.55,17.18,30622,NA
2019-20,1001258,20001258,8,SCIENCE,173.2,BELOW_BASIC,46,85.52,5.96,2021,71.74,2.45,9.76,14.45,19.18,3.31,24.42,14566,A
2021-22,1001259,20001259,7,SOCIAL_STUDIES,252.6,BELOW_BASIC,19,81.03,16.16,2019,95.5,11.73,3.45,16.87,11.85,8.15,10.99,29094,C
2021-22,1001260,20001260,6,SCIENCE,215.4,BELOW_BASIC,25,98.93,4.5,2021,67.77,2.33,22.19,21.62,34.65,8.34,19.34,24724,A
2019-20,1001261,20001261,1,SCIENCE,340.5,ADVANCED,60,84.64,20.05,2022,67.35,8.01,21.57,16.85,8.71,15.78,25.14,18439,D
2022-23,1001262,20001262,12,MATH,258.5,BASIC,82,90.66,28.54,2022,65.02,3.29,22.29,17.57,30.01,8.09,13.2,7146,A
2022-23,1001263,20001263,9,ELA,152.5,ADVANCED,92,83.32,22.28,2020,60.2,7.67,12.59,6.71,16.53,3.14,13.75,14145,B
2022-23,1001264,20001264,4,ELA,156.9,PROFICIENT,45,96.5,11.43,2021,87.27,0.79,8.38,17.9,6.58,11.15,18.8,26762,C
2021-22,1001265,20001265,4,MATH,253.5,PROFICIENT,73,93.97,31.54,2025,72.0,11.08,8.8,7.36,24.25,14.65,11.51,29013,D
2020-21,1001266,20001266,K,SCIENCE,170.3,BELOW_BASIC,53,83.5,30.87,2022,61.11,1.49,12.87,10.27,34.27,5.04,19.06,8941,C
2019-20,1001267,20001267,4,ELA,220.8,BASIC,7,93.77,34.36,2020,65.96,6.19,14.02,16.36,34.95,13.0,11.65,13623,B
2023-24,1001268,20001268,K,ELA,336.4,BASIC,68,88.74,17.98,2019,72.31,2.43,12.02,6.53,21.83,6.87,11.1,14732,A
2022-23,1001269,20001269,11,MATH,246.0,PROFICIENT,14,86.99,4.34,2016,87.95,4.89,20.45,11.51,22.66,9.36,25.29,9449,C
2017-18,1001270,20001270,1,SOCIAL_STUDIES,273.4,BASIC,37,92.83,20.3,2024,77.13,8.71,16.87,15.69,15.64,6.65,15.26,24497,D
2017-18,1001271,20001271,11,ELA,236.3,ADVANCED,47,90.01,32.38,2025,89.96,11.01,16.37,15.03,34.44,6.33,22.45,17457,D
2017-18,1001272,20001272,9,MATH,302.1,BELOW_BASIC,91,81.67,9.54,2023,66.42,10.52,14.57,11.23,15.27,2.62,18.74,10382,A
2022-23,1001273,20001273,7,SCIENCE,164.9,PROFICIENT,70,86.59,4.12,2019,64.51,2.5,23.46,20.06,27.77,7.27,17.13,14014,NA
2018-19,1001274,20001274,6,MATH,185.7,PROFICIENT,63,88.77,25.21,2025,95.17,5.48,9.77,8.12,18.54,7.12,10.15,19535,D
2018-19,1001275,20001275,10,MATH,258.7,ADVANCED,83,90.14,25.9,2022,81.74,11.98,1.34,12.73,14.73,17.57,22.18,20858,A
2021-22,1001276,20001276,6,SCIENCE,273.0,PROFICIENT,66,97.29,20.81,2022,92.77,8.6,2.58,6.55,21.22,7.89,16.37,24784,B
2020-21,1001277,20001277,7,MATH,311.7,BASIC,86,97.22,15.35,2017,84.83,9.52,8.5,10.92,10.53,1.8,23.14,26505,B
2020-21,1001278,20001278,10,SOCIAL_STUDIES,189.6,PROFICIENT,87,81.5,13.05,2022,81.04,2.2,1.51,15.57,4.01,14.76,14.77,31713,B
2017-18,1001279,20001279,10,SCIENCE,225.9,PROFICIENT,57,81.92,25.97,2021,86.06,5.54,17.74,7.68,9.22,8.91,12.25,26061,B
2017-18,1001280,20001280,6,MATH,206.4,BASIC,95,87.27,19.47,2021,82.08,2.04,10.22,6.93,25.4,7.01,18.73,8133,D
2019-20,1001281,20001281,2,ELA,196.1,BASIC,26,90.31,18.14,2017,75.01,0.44,24.59,12.49,34.4,3.46,14.85,14818,B
2024-25,1001282,20001282,5,SCIENCE,233.4,PROFICIENT,70,84.4,33.7,2021,63.44,9.51,11.43,14.71,8.87,12.67,14.77,14863,F
2020-21,1001283,20001283,11,SCIENCE,292.5,BELOW_BASIC,38,86.95,6.21,2020,91.84,4.01,14.8,7.72,21.07,14.14,21.13,16056,B
2018-19,1001284,20001284,1,SOCIAL_STUDIES,172.4,BASIC,64,97.31,2.83,2021,77.06,3.51,0.92,18.39,34.62,14.39,22.52,15137,B
2017-18,1001285,20001285,10,SOCIAL_STUDIES,303.2,BELOW_BASIC,13,85.87,14.93,2017,91.04,10.05,16.3,7.96,7.5,0.8,10.53,29677,F
2017-18,1001286,20001286,6,ELA,231.1,BELOW_BASIC,44,83.93,22.87,2022,87.75,3.42,22.18,18.1,33.34,1.03,15.22,26105,B
2024-25,1001287,20001287,11,ELA,277.9,BASIC,29,83.38,18.85,2021,89.89,4.77,17.34,21.97,30.11,7.47,16.21,25318,B
2019-20,1001288,20001288,5,SCIENCE,217.9,PROFICIENT,31,87.92,3.18,2021,90.04,9.34,3.24,8.36,22.38,13.56,16.85,31097,NA
2023-24,1001289,20001289,9,MATH,306.6,BELOW_BASIC,95,84.73,2.28,2025,87.21,8.68,2.74,16.37,27.79,13.39,11.09,13160,C
2023-24,1001290,20001290,10,SOCIAL_STUDIES,341.3,BELOW_BASIC,49,84.13,13.79,2021,75.09,7.5,10.5,10.78,23.27,12.33,15.14,18669,F
2018-19,1001291,20001291,8,SOCIAL_STUDIES,254.2,BELOW_BASIC,11,80.77,14.97,2018,85.16,8.64,15.81,7.27,12.12,5.79,20.6,29688,C
2018-19,1001292,20001292,8,SCIENCE,285.4,ADVANCED,88,97.56,28.47,2024,88.36,9.77,8.24,19.58,17.44,10.14,10.01,18265,C
2017-18,1001293,20001293,10,MATH,263.1,BELOW_BASIC,94,88.16,33.59,2023,68.87,7.41,17.38,18.74,10.6,8.45,18.69,17651,A
2023-24,1001294,20001294,1,SCIENCE,258.1,PROFICIENT,66,87.17,22.01,2022,86.22,4.49,5.72,8.32,32.28,2.33,13.79,17829,C
2017-18,1001295,20001295,11,ELA,269.6,PROFICIENT,87,88.17,5.7,2016,69.69,3.8,18.99,6.04,22.28,5.96,14.74,23222,C
2022-23,1001296,20001296,7,SOCIAL_STUDIES,315.1,BELOW_BASIC,69,90.01,10.72,2024,84.83,2.62,12.0,10.21,17.69,1.52,21.68,24409,C
2020-21,1001297,20001297,2,MATH,184.4,PROFICIENT,74,83.05,33.55,2020,70.03,4.1,18.48,16.79,19.91,16.08,16.44,30193,NA
2017-18,1001298,20001298,7,MATH,299.5,ADVANCED,93,97.28,4.14,2025,82.05,2.66,0.26,20.83,28.74,14.14,13.31,16850,F
2023-24,1001299,20001299,7,SOCIAL_STUDIES,165.7,BASIC,49,86.75,6.76,2017,79.26,7.69,14.98,18.74,2.55,8.38,10.99,13016,NA
2019-20,1001300,20001300,10,ELA,166.5,BASIC,17,80.76,32.37,2024,68.66,8.6,5.18,8.92,3.02,14.26,15.6,9607,A
2024-25,1001301,20001301,8,SCIENCE,191.1,PROFICIENT,20,87.18,9.96,2025,66.81,9.35,1.98,14.44,32.56,11.26,11.18,9764,D
2019-20,1001302,20001302,2,SOCIAL_STUDIES,226.5,BASIC,25,99.11,5.84,2025,66.81,0.65,7.3,18.34,34.6,15.25,19.72,22399,C
2024-25,1001303,20001303,K,MATH,335.0,BASIC,27,96.67,7.78,2017,92.8,0.19,12.09,15.83,22.83,0.69,10.07,23669,A
2024-25,1001304,20001304,3,SOCIAL_STUDIES,258.4,ADVANCED,14,98.71,7.06,2016,82.88,7.83,22.28,18.12,22.48,2.63,13.02,8036,C
2020-21,1001305,20001305,5,ELA,248.1,BASIC,45,93.85,16.08,2021,88.45,9.65,10.41,14.08,34.75,3.37,16.78,10881,A
2020-21,1001306,20001306,12,MATH,256.7,PROFICIENT,71,83.81,14.84,2024,82.92,2.8,21.5,11.86,6.68,9.99,13.62,21292,A
2023-24,1001307,20001307,9,SOCIAL_STUDIES,236.5,ADVANCED,64,91.56,21.86,2024,73.66,0.9,12.94,19.26,6.4,12.76,14.66,22994,F
2020-21,1001308,20001308,11,SCIENCE,168.4,BELOW_BASIC,95,84.94,3.47,2023,81.13,4.07,2.52,20.79,3.23,6.17,20.18,26580,C
2023-24,1001309,20001309,2,MATH,152.8,BASIC,66,80.64,34.51,2025,87.43,4.98,21.75,14.96,24.88,1.73,10.31,31478,B
2023-24,1001310,20001310,2,SOCIAL_STUDIES,334.7,PROFICIENT,52,80.88,16.55,2018,74.13,1.23,15.7,19.88,28.29,14.18,22.51,15962,F
2018-19,1001311,20001311,5,SCIENCE,202.7,PROFICIENT,93,89.67,23.17,2023,70.62,1.97,0.36,16.34,18.68,6.01,20.87,21880,B
2020-21,1001312,20001312,6,SCIENCE,256.7,BASIC,82,82.47,28.46,2025,67.25,0.54,7.34,10.0,23.02,15.52,21.71,29146,C
2018-19,1001313,20001313,8,ELA,227.9,PROFICIENT,52,80.01,30.31,2023,61.56,1.08,9.34,13.52,21.93,16.24,17.73,31501,C
2024-25,1001314,20001314,2,MATH,228.6,PROFICIENT,42,95.57,21.2,2020,73.37,2.44,21.72,19.46,13.7,6.06,14.59,21137,B
2022-23,1001315,20001315,9,SOCIAL_STUDIES,296.9,BELOW_BASIC,23,82.98,14.61,2024,64.89,4.63,10.69,15.03,17.51,10.35,13.52,21935,D
2020-21,1001316,20001316,4,SCIENCE,158.0,BASIC,66,80.75,10.85,2025,60.87,4.21,4.76,7.59,19.57,0.59,23.5,13379,B
2023-24,1001317,20001317,6,MATH,155.4,BASIC,32,93.08,28.55,2021,97.74,4.36,10.75,10.23,18.36,3.57,21.84,18567,A
2018-19,1001318,20001318,7,SOCIAL_STUDIES,312.0,PROFICIENT,52,91.82,10.71,2025,72.91,10.36,22.04,12.53,37.22,14.73,25.59,26094,C
2020-21,1001319,20001319,6,SCIENCE,288.0,PROFICIENT,71,86.21,10.16,2021,62.88,5.62,12.82,7.72,33.77,4.34,14.02,16351,D
2019-20,1001320,20001320,9,SCIENCE,249.4,BASIC,68,91.23,29.72,2023,92.23,10.68,21.0,12.71,37.73,3.96,14.75,9753,B
2022-23,1001321,20001321,9,SOCIAL_STUDIES,281.0,BELOW_BASIC,54,89.19,23.52,2022,91.09,8.36,13.82,13.04,6.96,4.27,15.79,29572,C
2020-21,1001322,20001322,6,ELA,303.6,PROFICIENT,91,88.54,26.94,2021,88.42,5.48,0.3,11.38,31.58,16.6,11.68,24048,A
2024-25,1001323,20001323,8,MATH,150.4,BASIC,18,84.37,20.94,2020,74.18,4.7,9.51,10.97,26.64,7.94,11.43,22819,A
2022-23,1001324,20001324,4,MATH,281.2,BELOW_BASIC,7,81.38,10.51,2017,96.55,5.23,24.89,18.12,16.17,0.29,15.62,25946,F
2021-22,1001325,20001325,6,SCIENCE,338.4,BASIC,45,84.88,3.99,2016,86.28,11.71,6.82,10.63,22.23,4.88,12.79,30485,C
2018-19,1001326,20001326,5,SOCIAL_STUDIES,284.0,ADVANCED,10,90.35,15.33,2019,70.59,3.46,8.88,20.08,22.7,7.02,19.28,8995,B
2022-23,1001327,20001327,8,SOCIAL_STUDIES,285.1,BELOW_BASIC,56,88.04,17.66,2017,92.91,11.25,19.75,16.1,22.14,3.85,20.63,9416,A
2024-25,1001328,20001328,1,ELA,154.6,PROFICIENT,61,81.03,23.81,2019,79.74,4.54,21.33,15.83,25.62,10.55,24.48,24455,B
2022-23,1001329,20001329,11,ELA,312.1,PROFICIENT,8,99.43,4.21,2023,60.64,9.6,12.14,17.5,9.22,2.56,17.14,8857,B
2024-25,1001330,20001330,2,MATH,169.9,ADVANCED,66,96.17,14.33,2017,90.65,2.47,14.15,15.68,14.37,12.98,16.51,21868,C
2023-24,1001331,20001331,K,SCIENCE,175.8,BASIC,48,80.73,10.84,2019,66.55,11.05,21.7,19.85,5.7,2.54,18.03,31656,C
2021-22,1001332,20001332,5,ELA,236.1,ADVANCED,9,91.47,3.86,2024,68.39,8.91,17.05,21.4,30.45,2.47,17.56,14418,D
2017-18,1001333,20001333,3,SCIENCE,164.3,PROFICIENT,60,90.37,32.44,2024,70.78,1.29,6.71,18.6,7.43,9.08,21.34,28044,C
2023-24,1001334,20001334,8,SCIENCE,271.4,PROFICIENT,67,97.2,11.17,2022,69.9,6.42,18.16,19.49,35.45,16.08,21.63,27962,B
2018-19,1001335,20001335,K,MATH,269.8,BASIC,29,99.48,31.44,2017,90.13,11.54,11.35,9.28,23.3,4.8,20.46,31148,A
2017-18,1001336,20001336,5,SOCIAL_STUDIES,191.5,BASIC,82,96.05,22.04,2016,84.94,7.16,13.0,21.12,25.89,10.56,23.84,28534,A
2024-25,1001337,20001337,12,SOCIAL_STUDIES,232.7,BELOW_BASIC,74,91.78,10.8,2016,74.72,7.83,18.09,16.62,4.73,13.26,25.76,25946,B
2022-23,1001338,20001338,6,SCIENCE,197.6,BELOW_BASIC,57,95.67,14.38,2025,62.23,3.83,16.91,20.16,26.09,12.48,22.56,19762,D
2022-23,1001339,20001339,8,SCIENCE,340.0,PROFICIENT,21,82.4,15.03,2019,81.91,4.43,6.68,7.76,25.39,1.01,12.44,25379,B
2019-20,1001340,20001340,1,SOCIAL_STUDIES,160.4,PROFICIENT,91,91.13,23.46,2017,86.95,4.99,18.43,8.46,34.99,12.8,13.14,9399,A
2021-22,1001341,20001341,2,SOCIAL_STUDIES,319.7,PROFICIENT,53,91.69,17.35,2022,64.39,7.34,2.88,20.56,16.73,4.21,21.25,24863,C
2018-19,1001342,20001342,4,ELA,285.1,ADVANCED,37,99.15,10.27,2023,61.13,10.69,12.69,17.58,2.71,4.35,11.99,11611,B
2019-20,1001343,20001343,8,SCIENCE,186.4,BASIC,96,85.24,33.71,2018,60.9,5.8,9.74,8.97,37.01,14.37,18.81,19934,F
2023-24,1001344,20001344,5,ELA,341.5,PROFICIENT,53,92.66,7.29,2023,84.63,3.26,22.48,16.11,26.84,3.43,22.21,27624,F
2024-25,1001345,20001345,7,SCIENCE,265.9,PROFICIENT,78,96.4,27.42,2018,91.78,2.54,11.55,8.9,18.71,7.29,21.33,16249,C
2022-23,1001346,20001346,10,SOCIAL_STUDIES,298.6,ADVANCED,42,93.02,16.71,2019,94.72,0.5,13.36,20.51,26.57,7.28,19.44,18966,NA
2022-23,1001347,20001347,7,ELA,175.7,BASIC,11,80.22,29.26,2024,92.26,5.47,15.11,17.07,21.31,14.37,23.82,30670,NA
2019-20,1001348,20001348,10,ELA,237.9,BASIC,3,99.09,8.98,2023,80.17,4.83,12.76,16.08,6.66,17.77,20.16,24880,NA
2020-21,1001349,20001349,5,SCIENCE,317.4,PROFICIENT,70,90.75,5.99,2017,87.64,11.97,0.57,15.93,34.86,5.6,24.95,17085,C
2021-22,1001350,20001350,11,SOCIAL_STUDIES,175.5,ADVANCED,60,90.81,13.77,2024,86.95,9.45,1.56,18.41,14.56,13.88,16.49,13353,A
2022-23,1001351,20001351,K,SCIENCE,272.1,PROFICIENT,34,88.36,18.4,2019,84.53,10.14,13.34,14.86,9.87,9.62,11.8,27462,D
2021-22,1001352,20001352,5,SOCIAL_STUDIES,167.0,BASIC,69,88.81,15.24,2016,95.4,4.23,0.91,19.02,19.02,7.6,14.75,17483,D
2021-22,1001353,20001353,8,SOCIAL_STUDIES,301.8,PROFICIENT,68,88.73,19.82,2025,76.96,5.12,22.52,15.1,3.81,10.98,12.27,9416,C
2020-21,1001354,20001354,5,SCIENCE,220.0,BASIC,44,96.75,3.26,2023,94.88,1.84,15.72,17.82,11.74,2.91,16.76,10786,A
2024-25,1001355,20001355,K,SOCIAL_STUDIES,199.0,BASIC,21,90.33,22.44,2016,76.25,8.28,21.3,17.79,22.81,1.21,22.98,15122,F
2017-18,1001356,20001356,2,MATH,330.5,PROFICIENT,52,87.77,7.61,2022,60.37,3.92,18.09,17.86,8.97,14.37,11.32,30009,D
2017-18,1001357,20001357,4,SCIENCE,214.6,PROFICIENT,5,93.77,19.76,2018,87.81,4.42,6.02,18.84,3.17,12.61,14.37,21047,B
2021-22,1001358,20001358,5,SOCIAL_STUDIES,216.5,BELOW_BASIC,65,90.84,31.79,2023,63.85,11.79,22.27,17.32,0.19,5.64,21.28,11351,A
2024-25,1001359,20001359,K,SOCIAL_STUDIES,295.1,BASIC,79,84.31,4.64,2017,89.86,10.22,19.54,16.19,13.29,12.98,18.51,20182,B
2024-25,1001360,20001360,K,MATH,253.2,BASIC,39,90.25,21.85,2021,89.9,2.98,18.59,13.08,20.15,7.93,11.08,20614,B
2020-21,1001361,20001361,9,SCIENCE,236.2,BASIC,10,93.61,9.94,2016,78.73,2.92,14.76,8.85,31.86,4.11,15.16,11011,NA
2020-21,1001362,20001362,6,ELA,218.3,BELOW_BASIC,10,91.38,4.46,2022,97.4,4.78,9.25,20.22,2.59,9.21,21.86,7108,A
2023-24,1001363,20001363,10,ELA,171.7,PROFICIENT,2,81.26,8.99,2024,88.12,8.51,17.64,11.71,2.08,9.9,11.28,12698,C
2023-24,1001364,20001364,11,SOCIAL_STUDIES,251.9,PROFICIENT,1,84.26,29.31,2017,86.33,8.28,1.91,8.16,7.03,15.63,17.96,10964,C
2019-20,1001365,20001365,8,ELA,201.8,BASIC,45,87.4,27.49,2022,71.43,4.4,3.87,10.23,15.64,7.9,22.15,27659,D
2024-25,1001366,20001366,11,SOCIAL_STUDIES,302.4,BELOW_BASIC,65,98.51,14.56,2024,73.82,8.68,2.21,18.68,25.87,7.38,17.31,8858,A
2020-21,1001367,20001367,3,ELA,318.2,BELOW_BASIC,20,85.82,10.42,2018,79.48,1.67,8.87,6.54,3.89,9.51,12.87,14975,D
2024-25,1001368,20001368,K,ELA,224.6,PROFICIENT,69,95.1,13.97,2021,88.33,7.03,14.86,14.07,23.98,11.55,21.53,25998,B
2022-23,1001369,20001369,11,ELA,299.6,BELOW_BASIC,56,98.4,8.39,2019,75.78,5.75,17.72,8.75,0.13,10.54,14.67,27238,C
2019-20,1001370,20001370,7,SCIENCE,276.7,BASIC,64,82.37,22.46,2021,93.66,9.52,10.55,19.82,19.87,13.02,18.77,10212,B
2024-25,1001371,20001371,K,MATH,318.6,PROFICIENT,43,96.85,5.36,2016,68.31,3.38,3.26,8.73,1.02,17.55,21.88,24053,C
2024-25,1001372,20001372,4,SOCIAL_STUDIES,202.3,BELOW_BASIC,88,85.81,19.13,2017,97.85,1.28,15.64,10.84,26.99,9.12,20.56,12948,A
2023-24,1001373,20001373,11,SCIENCE,180.4,BASIC,22,90.35,7.72,2016,91.39,5.07,21.21,13.11,3.2,11.47,21.65,9256,D
2018-19,1001374,20001374,12,ELA,230.0,PROFICIENT,34,87.25,30.01,2019,84.83,11.51,19.6,17.19,26.94,11.49,22.33,22396,B
2023-24,1001375,20001375,5,MATH,183.0,PROFICIENT,32,86.15,12.53,2019,80.09,9.75,10.3,17.86,31.08,0.54,12.64,21858,F
2019-20,1001376,20001376,6,SCIENCE,287.0,ADVANCED,45,97.52,15.54,2019,75.49,11.68,8.65,17.28,36.6,15.29,17.25,31042,C
2018-19,1001377,20001377,1,SOCIAL_STUDIES,184.6,ADVANCED,93,99.31,10.9,2024,78.09,1.46,14.09,20.71,14.55,10.16,13.99,15213,F
2021-22,1001378,20001378,2,SCIENCE,222.3,PROFICIENT,85,85.81,2.24,2016,66.97,4.95,17.06,16.88,11.71,17.25,23.88,24730,B
2020-21,1001379,20001379,3,SCIENCE,256.3,PROFICIENT,56,92.1,34.16,2019,72.96,10.92,11.24,19.01,14.22,6.95,19.56,11032,NA
2024-25,1001380,20001380,10,SOCIAL_STUDIES,246.4,BELOW_BASIC,27,92.14,5.34,2018,60.71,9.05,12.76,11.77,27.26,3.39,23.87,28298,D
2017-18,1001381,20001381,9,MATH,155.1,BELOW_BASIC,54,83.49,21.44,2023,90.84,11.35,10.82,12.78,19.38,17.18,21.19,27910,A
2020-21,1001382,20001382,6,SOCIAL_STUDIES,260.4,BASIC,57,93.69,11.7,2018,63.82,6.62,7.58,18.8,23.03,0.02,15.98,13030,D
2018-19,1001383,20001383,2,MATH,221.5,BELOW_BASIC,5,82.01,3.25,2018,84.56,0.06,20.57,21.1,23.13,4.96,15.28,8484,A
2020-21,1001384,20001384,8,MATH,253.8,BELOW_BASIC,32,86.04,33.43,2016,81.58,6.94,4.2,18.68,7.14,13.96,15.27,20441,B
2023-24,1001385,20001385,2,SCIENCE,201.2,PROFICIENT,84,80.55,28.99,2016,69.69,3.75,23.86,18.14,3.91,12.6,10.9,8754,B
2019-20,1001386,20001386,10,SOCIAL_STUDIES,229.7,BASIC,89,80.04,9.53,2017,91.95,3.76,12.61,9.97,21.78,8.76,11.97,16122,D
2020-21,1001387,20001387,2,ELA,290.1,BASIC,72,94.66,10.82,2025,96.63,6.89,11.96,15.71,28.12,10.96,18.52,18174,A
2022-23,1001388,20001388,2,SCIENCE,320.3,BASIC,96,95.19,26.49,2025,96.93,0.54,18.52,6.14,21.53,7.56,15.33,23587,A
2020-21,1001389,20001389,2,MATH,207.2,PROFICIENT,33,82.96,30.45,2017,65.17,1.75,7.4,16.22,6.44,8.36,22.41,31467,C
2020-21,1001390,20001390,9,ELA,160.3,PROFICIENT,84,86.32,34.45,2024,84.99,0.97,11.24,20.68,14.08,6.01,16.4,26216,C
2021-22,1001391,20001391,11,MATH,294.9,ADVANCED,26,97.24,20.32,2018,66.25,7.91,23.63,14.17,17.56,6.61,10.99,10856,F
2023-24,1001392,20001392,10,ELA,193.4,BASIC,38,96.59,21.15,2018,64.2,3.27,5.71,10.79,6.62,15.02,12.38,10404,D
2022-23,1001393,20001393,10,ELA,304.6,BASIC,55,99.15,4.94,2018,80.78,9.05,13.55,15.81,4.71,13.13,16.95,31974,C
2019-20,1001394,20001394,11,SOCIAL_STUDIES,329.5,BELOW_BASIC,13,85.53,7.38,2020,82.79,6.07,15.04,9.22,20.84,9.26,12.21,20647,D
2023-24,1001395,20001395,4,SOCIAL_STUDIES,178.5,PROFICIENT,58,84.62,9.21,2021,92.74,0.76,17.93,7.74,18.42,16.19,25.63,13671,C
2022-23,1001396,20001396,6,ELA,196.5,PROFICIENT,2,82.84,16.6,2016,74.43,1.71,10.08,19.49,12.26,0.49,20.15,15400,A
2021-22,1001397,20001397,6,MATH,171.1,ADVANCED,53,93.96,28.33,2018,80.63,6.11,12.92,10.45,7.28,13.19,13.97,12226,C
2019-20,1001398,20001398,4,MATH,295.0,BASIC,97,80.36,2.43,2025,73.78,3.91,3.77,19.12,21.91,8.33,24.33,31938,F
2018-19,1001399,20001399,K,ELA,304.2,BASIC,6,93.13,4.2,2018,64.16,5.94,11.96,15.93,19.33,4.24,18.38,27254,C
2019-20,1001400,20001400,9,SOCIAL_STUDIES,253.8,ADVANCED,58,83.79,29.87,2022,83.2,11.61,24.67,19.7,23.67,5.76,17.85,26629,NA
2019-20,1001401,20001401,12,MATH,179.9,BASIC,35,87.61,15.0,2016,87.94,10.28,1.77,19.12,37.66,15.24,16.48,13168,A
2024-25,1001402,20001402,5,SCIENCE,215.3,PROFICIENT,60,82.45,5.5,2022,63.98,8.63,24.77,8.59,25.05,16.19,13.8,12391,NA
2017-18,1001403,20001403,K,MATH,188.5,BELOW_BASIC,28,83.95,34.09,2017,90.13,0.68,16.09,9.99,21.69,17.62,16.43,11945,B
2017-18,1001404,20001404,2,SCIENCE,202.9,BASIC,28,97.11,34.02,2024,89.11,11.15,0.41,18.57,28.51,7.48,11.96,13993,A
2022-23,1001405,20001405,8,SCIENCE,254.6,PROFICIENT,9,83.45,16.75,2024,93.59,3.41,14.42,9.25,35.59,5.88,23.47,28303,A
2017-18,1001406,20001406,3,MATH,256.6,BASIC,21,96.17,5.04,2017,82.06,5.1,22.64,14.69,14.69,11.68,12.66,21629,D
2020-21,1001407,20001407,7,SCIENCE,318.3,BASIC,80,82.06,3.77,2021,75.37,4.64,16.08,11.43,4.44,12.53,24.01,10241,B
2022-23,1001408,20001408,9,ELA,210.6,ADVANCED,6,93.93,25.13,2023,87.28,10.9,15.4,11.19,0.4,1.38,12.4,19927,D
2017-18,1001409,20001409,8,MATH,181.5,PROFICIENT,5,90.44,33.89,2017,97.28,11.69,15.15,21.16,30.1,16.11,15.24,18108,D
2024-25,1001410,20001410,10,ELA,187.7,BASIC,57,82.46,3.88,2024,69.79,6.55,6.54,10.44,0.01,5.73,12.06,8725,A
2022-23,1001411,20001411,8,MATH,287.3,PROFICIENT,16,88.82,14.6,2019,93.36,5.24,21.27,8.88,22.03,7.28,21.77,31682,B
2019-20,1001412,20001412,5,ELA,205.1,PROFICIENT,69,86.52,33.33,2018,62.39,0.77,3.71,14.09,24.37,1.97,24.62,14382,A
2017-18,1001413,20001413,10,MATH,190.9,PROFICIENT,29,88.29,22.32,2024,61.6,5.62,10.62,18.13,0.79,10.76,23.27,31476,C
2018-19,1001414,20001414,11,MATH,328.6,BASIC,54,94.87,12.57,2020,91.3,9.02,5.79,20.51,21.72,8.61,18.32,14534,A
2019-20,1001415,20001415,3,ELA,340.5,BASIC,81,91.25,6.98,2016,95.54,0.9,1.79,21.37,18.45,10.97,20.65,8555,C
2021-22,1001416,20001416,K,MATH,194.8,BASIC,45,84.71,17.77,2023,75.7,7.12,7.97,15.55,32.07,16.05,25.31,28912,A
2019-20,1001417,20001417,10,SOCIAL_STUDIES,278.3,BASIC,75,96.73,21.88,2023,94.34,7.45,0.87,11.44,3.7,6.52,16.76,31026,C
2019-20,1001418,20001418,2,MATH,246.9,BASIC,56,95.43,33.91,2023,63.89,6.15,19.08,11.02,37.17,17.24,17.94,7252,A
2021-22,1001419,20001419,9,SOCIAL_STUDIES,191.2,BELOW_BASIC,5,99.29,13.23,2020,80.23,8.04,16.19,17.38,24.56,4.89,18.99,18780,D
2024-25,1001420,20001420,12,MATH,161.2,BASIC,12,88.36,30.21,2025,92.17,11.47,20.59,14.2,10.58,6.63,17.82,14694,D
2019-20,1001421,20001421,6,SOCIAL_STUDIES,253.1,BASIC,3,92.71,7.98,2025,75.94,7.62,19.27,18.45,1.13,11.56,24.9,15480,C
2020-21,1001422,20001422,9,SCIENCE,192.8,BELOW_BASIC,95,91.92,15.18,2018,91.41,3.73,2.09,9.11,32.58,12.58,18.06,26820,A
2018-19,1001423,20001423,4,ELA,345.8,PROFICIENT,64,94.21,20.02,2023,85.2,7.07,6.56,19.82,34.04,5.62,24.69,14771,B
2021-22,1001424,20001424,11,ELA,310.1,PROFICIENT,52,87.16,25.77,2019,93.19,11.77,7.95,22.0,24.24,17.21,18.35,29828,F
2019-20,1001425,20001425,1,SOCIAL_STUDIES,255.2,BELOW_BASIC,74,89.82,29.96,2020,92.55,11.1,10.0,15.93,34.24,15.08,13.34,19364,B
2024-25,1001426,20001426,8,SOCIAL_STUDIES,340.4,ADVANCED,49,89.34,32.31,2020,74.92,5.77,10.45,7.36,3.22,15.74,21.44,18383,F
2020-21,1001427,20001427,4,ELA,326.7,ADVANCED,78,99.13,16.22,2016,80.47,0.01,18.73,16.77,6.42,13.26,19.58,7232,A
2020-21,1001428,20001428,6,ELA,272.5,PROFICIENT,48,99.09,2.99,2018,63.31,10.82,19.58,15.07,14.2,15.78,22.07,16503,B
2023-24,1001429,20001429,5,SOCIAL_STUDIES,159.4,BASIC,92,97.39,5.34,2019,85.56,11.31,17.86,12.84,4.71,4.35,23.32,17872,B
2019-20,1001430,20001430,K,ELA,155.6,PROFICIENT,22,87.92,15.26,2024,65.14,4.93,5.93,18.32,23.4,3.13,21.51,20002,B
2017-18,1001431,20001431,2,SCIENCE,251.2,BASIC,85,81.53,13.97,2022,61.09,6.91,8.8,7.73,9.57,4.75,19.76,29721,D
2020-21,1001432,20001432,5,SCIENCE,154.3,BASIC,87,94.08,11.89,2025,84.72,10.53,5.74,15.48,24.16,11.85,13.26,26180,D
2019-20,1001433,20001433,6,SCIENCE,211.0,PROFICIENT,21,93.62,15.43,2023,97.77,6.88,20.08,13.33,19.78,4.04,25.44,19835,F
2024-25,1001434,20001434,6,SCIENCE,174.9,BELOW_BASIC,92,80.23,23.0,2022,91.19,11.75,0.13,6.87,11.06,4.8,10.3,12991,C
2020-21,1001435,20001435,11,SOCIAL_STUDIES,196.3,ADVANCED,9,96.22,31.37,2018,84.91,5.23,0.06,8.48,25.36,8.84,19.73,18487,D
2020-21,1001436,20001436,2,ELA,228.4,ADVANCED,22,94.59,32.11,2021,82.55,4.19,22.0,8.91,28.38,16.62,14.29,11293,F
2021-22,1001437,20001437,12,ELA,208.4,BASIC,57,95.93,20.62,2021,76.29,7.75,21.53,7.79,4.84,4.15,17.21,16356,NA
2020-21,1001438,20001438,K,ELA,242.6,BASIC,75,99.14,20.11,2017,79.83,11.56,24.53,19.05,1.5,16.28,11.03,29964,D
2021-22,1001439,20001439,6,SOCIAL_STUDIES,305.2,BASIC,8,98.35,9.64,2022,64.72,11.07,1.72,20.95,31.28,16.27,14.87,31692,NA
2019-20,1001440,20001440,1,ELA,348.8,PROFICIENT,59,96.04,16.52,2016,62.5,5.61,8.67,15.52,1.39,2.8,21.29,10829,A
2021-22,1001441,20001441,9,MATH,168.6,PROFICIENT,62,82.79,9.98,2024,87.68,6.69,14.33,6.11,3.86,15.77,13.29,12897,B
2022-23,1001442,20001442,7,SCIENCE,218.4,PROFICIENT,16,82.85,21.1,2019,88.37,2.07,6.05,12.16,24.81,4.93,16.89,28335,B
2021-22,1001443,20001443,2,SOCIAL_STUDIES,306.7,BASIC,97,98.51,5.11,2023,74.16,0.68,12.76,6.78,27.97,5.9,16.24,8240,B
2017-18,1001444,20001444,10,SOCIAL_STUDIES,342.9,ADVANCED,91,92.21,20.68,2024,87.94,8.91,22.85,21.09,18.87,7.35,19.92,31574,D
2023-24,1001445,20001445,2,MATH,218.5,BELOW_BASIC,92,91.23,20.43,2018,94.81,3.0,23.24,10.36,17.37,5.51,18.82,19280,B
2020-21,1001446,20001446,6,SCIENCE,232.6,BASIC,60,99.27,12.2,2020,63.71,9.15,9.62,13.79,0.54,7.21,16.64,19314,D
2021-22,1001447,20001447,10,MATH,155.6,PROFICIENT,74,83.04,32.15,2019,62.3,2.78,16.44,10.47,16.89,7.46,20.95,9973,B
2022-23,1001448,20001448,11,SOCIAL_STUDIES,299.7,PROFICIENT,62,91.94,31.12,2021,64.35,2.32,18.07,15.5,13.82,1.82,13.99,29239,B
2020-21,1001449,20001449,K,SCIENCE,286.9,BASIC,59,91.05,19.66,2022,89.07,11.84,16.9,14.14,15.47,6.7,25.75,27417,B
2022-23,1001450,20001450,1,MATH,324.0,PROFICIENT,64,83.75,33.38,2020,84.75,9.03,16.43,9.98,20.28,15.92,19.84,17711,B
2018-19,1001451,20001451,5,SOCIAL_STUDIES,232.4,ADVANCED,53,96.39,29.72,2019,70.22,2.79,24.76,16.19,30.51,5.55,15.55,19832,C
2023-24,1001452,20001452,8,SOCIAL_STUDIES,307.9,PROFICIENT,41,80.66,28.87,2020,92.64,10.11,21.69,20.79,29.39,4.82,17.03,7535,D
2023-24,1001453,20001453,7,SCIENCE,234.7,ADVANCED,63,95.65,12.01,2025,90.82,6.99,2.82,20.47,17.41,3.53,21.8,20719,F
2021-22,1001454,20001454,11,MATH,311.2,BELOW_BASIC,35,82.23,4.44,2021,64.83,4.2,14.87,18.04,25.87,8.28,17.2,16650,A
2020-21,1001455,20001455,3,ELA,193.3,BASIC,27,84.85,5.69,2016,95.18,7.2,17.45,10.44,18.34,13.22,25.75,28857,F
2024-25,1001456,20001456,4,ELA,335.0,ADVANCED,93,81.45,32.84,2017,92.28,9.99,13.86,19.5,9.63,15.63,10.63,12741,F
2018-19,1001457,20001457,2,SOCIAL_STUDIES,255.5,BASIC,44,80.23,31.87,2016,72.85,0.67,11.1,7.19,7.03,3.71,17.36,22984,B
2020-21,1001458,20001458,K,MATH,219.9,PROFICIENT,58,99.48,14.99,2020,96.38,2.68,20.94,9.89,29.88,1.93,10.96,26141,C
2021-22,1001459,20001459,6,ELA,255.5,ADVANCED,94,80.45,23.73,2018,66.49,10.01,24.6,7.16,8.51,2.71,18.1,21397,D
2021-22,1001460,20001460,K,ELA,178.4,PROFICIENT,57,81.96,30.53,2022,82.3,0.42,11.14,17.69,3.5,3.71,23.07,31865,B
2018-19,1001461,20001461,5,SCIENCE,246.2,BASIC,80,96.77,20.17,2025,73.82,9.41,6.73,19.27,23.22,12.44,21.4,24164,C
2017-18,1001462,20001462,2,SOCIAL_STUDIES,302.9,PROFICIENT,93,97.73,20.16,2016,87.22,10.27,15.54,15.46,34.76,8.35,21.75,29058,C
2020-21,1001463,20001463,6,MATH,234.9,ADVANCED,21,85.47,28.75,2021,77.32,2.79,18.26,18.16,21.73,8.34,16.75,23728,C
2024-25,1001464,20001464,K,ELA,268.3,BASIC,33,85.78,8.07,2017,63.58,7.17,4.28,11.78,17.33,0.64,10.9,31347,A
2017-18,1001465,20001465,10,MATH,182.5,BASIC,72,89.85,21.22,2019,91.56,5.39,20.59,9.56,5.36,0.2,10.95,16342,B
2018-19,1001466,20001466,12,ELA,290.8,BASIC,23,81.32,3.06,2025,78.88,6.97,16.89,19.49,34.92,16.37,17.49,7256,NA
2021-22,1001467,20001467,3,MATH,333.9,BASIC,32,87.6,21.1,2023,87.79,3.09,5.85,16.21,21.38,5.29,23.52,15956,B
2017-18,1001468,20001468,10,ELA,343.4,BASIC,41,87.78,16.54,2021,71.5,7.57,1.34,9.63,29.34,14.83,20.08,25109,B
2024-25,1001469,20001469,4,MATH,196.5,BASIC,95,87.18,18.76,2016,73.14,9.55,18.08,9.19,26.06,13.7,10.15,26974,F
2022-23,1001470,20001470,1,SOCIAL_STUDIES,325.6,PROFICIENT,45,95.53,18.36,2018,93.47,6.7,11.11,12.66,12.54,6.15,13.15,7336,B
2023-24,1001471,20001471,6,ELA,302.9,BASIC,19,87.62,15.9,2021,90.46,11.18,8.5,10.53,37.11,4.84,11.61,18240,NA
2019-20,1001472,20001472,3,SCIENCE,217.4,PROFICIENT,74,97.72,12.88,2017,83.78,1.5,7.46,20.59,33.1,17.06,25.19,30517,A
2020-21,1001473,20001473,2,MATH,319.1,PROFICIENT,50,87.72,29.23,2019,70.06,5.66,3.81,12.23,5.84,4.12,22.82,20394,D
2024-25,1001474,20001474,K,SCIENCE,246.6,BASIC,71,82.9,11.64,2023,81.48,3.15,10.33,10.75,2.94,14.77,16.35,18392,C
2020-21,1001475,20001475,8,MATH,216.5,ADVANCED,24,93.66,31.45,2021,76.56,10.27,11.01,14.36,4.79,4.97,25.65,20222,B
2018-19,1001476,20001476,11,SOCIAL_STUDIES,276.9,ADVANCED,12,84.7,23.74,2024,74.4,8.05,0.35,21.76,17.57,10.97,11.58,31697,C
2019-20,1001477,20001477,12,MATH,274.6,BELOW_BASIC,59,81.41,26.34,2022,92.44,10.3,17.34,11.91,34.24,13.85,18.71,15510,B
2024-25,1001478,20001478,6,SOCIAL_STUDIES,186.2,BASIC,38,84.61,20.8,2018,97.81,2.9,24.37,12.93,18.67,9.34,22.58,28803,C
2023-24,1001479,20001479,4,MATH,179.1,PROFICIENT,63,96.16,21.61,2023,61.81,7.11,21.2,12.28,3.56,17.47,23.75,19017,C
2019-20,1001480,20001480,6,SCIENCE,158.4,BELOW_BASIC,48,90.92,13.05,2023,69.91,11.01,19.99,16.19,6.68,17.51,20.08,26848,B
2024-25,1001481,20001481,7,MATH,153.0,BASIC,12,93.56,21.31,2024,85.58,10.98,1.49,13.99,12.87,9.34,21.73,17596,B
2023-24,1001482,20001482,4,SOCIAL_STUDIES,172.7,BASIC,37,92.47,18.06,2023,84.82,4.72,21.36,10.97,26.67,15.05,11.95,10095,C
2020-21,1001483,20001483,4,MATH,278.6,BASIC,15,87.29,13.66,2023,63.84,1.32,20.29,19.14,16.13,9.91,20.39,17056,F
2023-24,1001484,20001484,7,SCIENCE,167.1,BELOW_BASIC,97,92.85,21.29,2022,76.72,3.08,18.97,8.73,0.5,7.6,20.45,20411,B
2017-18,1001485,20001485,2,SOCIAL_STUDIES,213.5,BELOW_BASIC,70,96.67,23.31,2021,66.44,5.18,2.89,7.17,17.7,11.86,20.74,31107,NA
2022-23,1001486,20001486,6,SOCIAL_STUDIES,197.3,PROFICIENT,58,99.33,26.04,2022,63.25,6.18,18.99,17.4,12.93,2.75,11.32,11750,NA
2020-21,1001487,20001487,12,MATH,218.7,BELOW_BASIC,20,80.33,17.81,2016,87.6,1.37,13.57,8.17,2.09,17.73,11.52,27068,C
2022-23,1001488,20001488,8,MATH,340.1,PROFICIENT,91,89.78,5.37,2024,68.8,7.56,18.66,7.68,18.7,16.46,17.62,9835,B
2017-18,1001489,20001489,6,MATH,199.7,BASIC,53,88.53,31.33,2021,76.38,4.62,12.34,13.61,20.35,4.46,14.97,13803,B
2024-25,1001490,20001490,3,MATH,275.6,BASIC,22,96.36,18.37,2020,62.52,7.47,20.53,9.01,12.76,6.95,21.03,30166,A
2024-25,1001491,20001491,8,SOCIAL_STUDIES,168.0,PROFICIENT,4,91.15,4.38,2025,89.72,2.75,24.42,9.81,35.86,16.03,14.37,7040,B
2018-19,1001492,20001492,9,SCIENCE,280.8,BASIC,69,86.03,12.6,2016,83.5,7.11,5.83,19.67,17.42,11.8,19.87,29283,C
2022-23,1001493,20001493,K,SOCIAL_STUDIES,292.3,ADVANCED,90,99.19,23.86,2019,68.38,0.12,15.46,14.25,10.33,15.57,11.9,19959,A
2019-20,1001494,20001494,8,MATH,207.7,PROFICIENT,44,92.09,16.08,2020,66.53,3.69,4.57,18.01,12.6,3.28,20.79,19800,A
2023-24,1001495,20001495,5,SCIENCE,315.3,ADVANCED,46,90.72,25.11,2016,68.23,0.63,9.15,18.11,32.92,1.32,21.71,27828,B
2020-21,1001496,20001496,2,SOCIAL_STUDIES,212.0,BASIC,41,88.97,29.83,2017,60.47,1.89,23.21,7.39,36.57,17.72,23.75,16200,A
2020-21,1001497,20001497,7,MATH,269.6,PROFICIENT,9,86.36,34.28,2025,65.74,5.49,1.59,20.31,35.07,2.77,13.41,10077,D
2019-20,1001498,20001498,2,ELA,285.0,PROFICIENT,29,82.23,27.94,2018,91.8,2.87,24.02,12.26,3.66,12.23,10.65,18287,C
2024-25,1001499,20001499,2,MATH,229.1,PROFICIENT,11,95.97,17.14,2018,94.54,5.88,6.17,11.19,36.06,3.67,19.45,25285,D
2019-20,1001500,20001500,4,SCIENCE,162.4,ADVANCED,64,94.59,2.53,2016,94.9,8.79,12.38,6.85,12.53,3.16,24.73,29574,B
2021-22,1001501,20001501,K,SCIENCE,186.6,PROFICIENT,51,91.61,19.94,2020,85.12,1.79,10.58,19.98,7.0,6.77,25.98,14865,NA
2019-20,1001502,20001502,3,ELA,333.4,BASIC,60,89.06,30.0,2024,73.16,5.68,5.6,19.79,19.92,4.76,24.64,20472,D
2017-18,1001503,20001503,10,SOCIAL_STUDIES,337.6,BASIC,8,98.53,19.35,2019,84.87,8.15,16.01,11.98,20.64,13.1,12.79,20398,B
2022-23,1001504,20001504,K,ELA,279.3,PROFICIENT,31,82.28,8.43,2019,66.79,3.53,19.78,11.24,22.96,17.67,24.22,15696,B
2024-25,1001505,20001505,1,MATH,180.7,BASIC,83,81.26,11.35,2025,66.42,1.66,18.3,15.27,37.39,4.51,23.08,26990,C
2019-20,1001506,20001506,1,SCIENCE,166.2,PROFICIENT,29,87.12,5.44,2021,90.29,10.19,21.93,7.2,18.03,5.37,10.66,23975,B
2023-24,1001507,20001507,10,ELA,334.0,BASIC,7,87.75,23.2,2025,64.42,11.33,15.97,17.39,30.2,11.0,19.51,25674,C
2021-22,1001508,20001508,1,MATH,265.6,ADVANCED,53,84.64,15.45,2023,77.09,9.54,8.17,18.19,12.08,8.38,13.55,21714,F
2023-24,1001509,20001509,10,ELA,239.9,PROFICIENT,34,92.52,8.8,2016,84.09,8.51,4.72,15.07,27.85,9.71,13.28,27311,B
2019-20,1001510,20001510,6,ELA,197.0,BASIC,65,95.0,25.58,2024,96.52,8.31,15.79,9.17,10.33,4.91,18.41,27237,D
2020-21,1001511,20001511,6,ELA,316.2,PROFICIENT,95,99.46,27.58,2016,71.0,6.88,18.4,19.34,35.15,1.0,14.05,14143,B
2023-24,1001512,20001512,12,ELA,348.1,BASIC,13,80.69,24.41,2018,77.28,1.82,15.36,12.71,20.16,7.3,23.43,25340,NA
2021-22,1001513,20001513,2,ELA,334.9,BELOW_BASIC,56,93.97,27.84,2016,61.6,11.53,22.0,11.72,16.59,14.65,17.48,25346,F
2017-18,1001514,20001514,2,SCIENCE,253.2,PROFICIENT,57,89.01,20.48,2021,92.55,2.32,4.15,15.95,29.29,2.96,16.66,16884,B
2019-20,1001515,20001515,12,SCIENCE,303.6,PROFICIENT,73,94.78,6.7,2025,96.85,6.56,7.9,9.56,22.67,1.69,19.11,9472,B
2022-23,1001516,20001516,K,SOCIAL_STUDIES,155.5,BASIC,32,83.64,10.1,2022,96.95,3.01,21.89,12.32,34.13,7.35,15.52,14542,B
2019-20,1001517,20001517,7,SCIENCE,192.1,BELOW_BASIC,6,92.98,31.02,2018,82.7,4.33,22.69,8.34,25.57,0.17,25.45,31577,C
2017-18,1001518,20001518,8,SCIENCE,183.3,PROFICIENT,73,94.0,31.49,2019,65.22,5.91,9.69,9.37,31.41,5.94,13.03,29958,B
2018-19,1001519,20001519,9,SOCIAL_STUDIES,190.2,ADVANCED,37,86.15,3.83,2016,88.38,2.47,12.32,16.16,25.44,11.82,18.53,21791,NA
2017-18,1001520,20001520,9,SCIENCE,322.9,BELOW_BASIC,32,83.91,34.62,2021,91.96,6.91,9.81,13.75,0.25,13.39,25.46,29755,D
2022-23,1001521,20001521,6,SOCIAL_STUDIES,210.5,BASIC,37,86.79,27.88,2017,96.53,3.69,9.66,11.87,35.65,3.55,16.01,9248,A
2019-20,1001522,20001522,K,SOCIAL_STUDIES,238.4,PROFICIENT,20,83.72,2.93,2017,79.46,5.65,4.82,8.86,12.59,17.44,13.64,31794,C
2023-24,1001523,20001523,2,SOCIAL_STUDIES,216.9,PROFICIENT,50,91.77,14.5,2019,70.01,11.86,12.38,16.91,35.42,11.79,20.53,28833,B
2023-24,1001524,20001524,8,MATH,251.2,BASIC,99,84.24,6.16,2025,94.49,11.96,10.7,15.52,37.28,2.98,23.6,12393,D
2022-23,1001525,20001525,2,SCIENCE,163.0,BASIC,48,99.28,13.88,2017,72.99,7.27,24.11,20.23,33.78,2.7,23.48,17299,A
2019-20,1001526,20001526,10,MATH,235.0,BASIC,12,86.56,2.52,2023,65.34,0.22,6.83,13.65,28.02,13.92,16.93,8853,A
2020-21,1001527,20001527,1,ELA,161.6,PROFICIENT,66,96.43,19.4,2020,92.12,2.51,2.45,7.76,23.63,9.97,24.82,28819,C
2018-19,1001528,20001528,4,MATH,198.2,ADVANCED,92,82.49,21.39,2017,81.51,1.97,18.99,11.62,20.32,2.52,11.91,17803,A
2023-24,1001529,20001529,11,SCIENCE,256.4,BASIC,97,91.29,28.53,2024,65.36,8.53,16.38,6.59,11.51,12.78,17.98,8171,A
2020-21,1001530,20001530,10,SCIENCE,181.1,PROFICIENT,97,90.15,29.86,2023,63.1,0.01,21.15,17.98,35.52,1.43,17.69,24202,C
2019-20,1001531,20001531,K,SOCIAL_STUDIES,291.5,BASIC,65,84.2,19.91,2022,68.19,8.17,1.0,20.72,16.62,13.17,25.1,18108,D
2022-23,1001532,20001532,10,MATH,346.1,PROFICIENT,30,84.15,11.62,2020,77.36,0.84,15.14,11.87,3.11,6.82,14.12,26315,A
2021-22,1001533,20001533,8,MATH,241.8,ADVANCED,54,94.39,13.12,2018,75.17,11.39,3.03,12.64,26.64,10.32,12.41,14821,D
2024-25,1001534,20001534,4,ELA,312.0,BELOW_BASIC,80,89.55,33.27,2019,95.8,11.2,0.78,11.45,31.27,11.75,21.95,20967,A
2024-25,1001535,20001535,7,SCIENCE,214.0,BELOW_BASIC,17,81.29,9.64,2024,79.6,3.35,16.87,9.08,18.31,2.42,17.17,14776,A
2022-23,1001536,20001536,2,MATH,274.5,PROFICIENT,56,86.45,24.57,2021,82.21,6.82,19.12,15.34,37.36,11.63,20.04,25278,A
2017-18,1001537,20001537,11,MATH,322.5,BASIC,20,87.47,28.56,2017,84.97,11.25,12.13,17.16,27.47,16.92,16.96,23547,A
2018-19,1001538,20001538,2,ELA,211.0,BELOW_BASIC,31,82.14,3.62,2018,91.55,4.37,21.32,8.84,13.26,14.31,21.5,7551,A
2021-22,1001539,20001539,9,MATH,292.8,BELOW_BASIC,44,84.1,20.1,2017,80.78,1.38,3.71,14.13,31.83,7.58,14.51,30819,B
2023-24,1001540,20001540,8,ELA,337.9,BELOW_BASIC,79,98.35,3.26,2022,71.22,4.62,21.43,15.84,25.06,11.78,15.96,26030,C
2020-21,1001541,20001541,11,SOCIAL_STUDIES,156.6,PROFICIENT,57,80.24,28.03,2025,74.91,2.76,18.06,9.07,37.6,17.31,15.19,23103,B
2024-25,1001542,20001542,12,MATH,303.8,BASIC,99,92.44,6.75,2019,63.28,7.42,24.75,12.05,9.86,15.83,20.5,8915,A
2019-20,1001543,20001543,9,SOCIAL_STUDIES,199.4,PROFICIENT,13,80.32,26.6,2022,94.49,5.64,15.27,12.05,31.8,6.41,12.42,21757,A
2024-25,1001544,20001544,9,ELA,176.1,ADVANCED,76,83.46,5.97,2016,96.3,0.45,6.09,13.24,35.03,0.01,25.89,10259,B
2023-24,1001545,20001545,12,ELA,229.7,BASIC,50,86.0,18.12,2024,79.62,4.19,15.82,17.57,14.14,12.26,23.17,19803,B
2020-21,1001546,20001546,3,SOCIAL_STUDIES,159.9,BELOW_BASIC,21,83.23,20.91,2018,87.38,0.96,9.39,13.16,10.24,3.97,17.34,10484,B
2022-23,1001547,20001547,K,MATH,206.0,BASIC,81,80.3,27.33,2024,63.17,5.06,5.82,9.91,2.03,9.75,15.61,31991,A
2024-25,1001548,20001548,1,ELA,337.0,BELOW_BASIC,52,81.1,9.6,2022,66.54,9.72,20.22,19.33,8.92,6.58,21.98,13763,NA
2022-23,1001549,20001549,7,SOCIAL_STUDIES,348.9,PROFICIENT,45,88.53,20.95,2016,80.47,0.06,1.85,21.41,12.16,12.78,25.16,29146,A
2018-19,1001550,20001550,8,MATH,191.0,BELOW_BASIC,21,83.5,10.29,2023,92.34,3.85,16.26,18.75,28.25,5.68,21.32,15653,B
2018-19,1001551,20001551,5,SCIENCE,161.0,BELOW_BASIC,91,97.37,8.04,2016,77.26,0.8,18.43,12.05,37.44,5.76,20.34,22802,C
2020-21,1001552,20001552,7,MATH,206.6,ADVANCED,17,88.75,28.42,2017,72.44,8.19,19.95,7.05,21.16,11.85,23.97,9455,NA
2024-25,1001553,20001553,4,SCIENCE,324.3,BASIC,94,94.57,23.95,2016,72.22,0.27,5.06,6.46,4.23,12.83,25.78,15969,D
2017-18,1001554,20001554,5,SCIENCE,280.3,BASIC,92,80.9,26.75,2020,80.93,1.47,8.99,14.42,0.41,11.46,19.34,28200,A
2022-23,1001555,20001555,2,MATH,332.4,BASIC,29,95.82,11.48,2023,91.82,1.13,8.99,12.85,28.54,9.54,14.4,28289,B
2024-25,1001556,20001556,2,ELA,249.2,BASIC,93,82.4,8.27,2024,68.54,10.99,2.92,13.61,4.12,9.83,12.83,11056,B
2019-20,1001557,20001557,3,MATH,157.1,BASIC,98,95.26,2.41,2017,87.38,2.21,15.98,15.15,35.61,14.06,11.35,9774,A
2018-19,1001558,20001558,6,ELA,256.0,ADVANCED,72,91.13,13.81,2016,82.61,2.38,15.28,12.47,13.89,3.17,13.68,28548,D
2017-18,1001559,20001559,5,SCIENCE,327.4,BASIC,19,96.72,22.52,2025,84.45,3.24,17.94,12.54,29.95,12.91,17.15,14405,B
2021-22,1001560,20001560,2,ELA,224.0,BELOW_BASIC,16,96.89,12.12,2025,65.17,1.2,9.32,11.94,2.85,9.35,22.02,29041,B
2020-21,1001561,20001561,10,ELA,296.8,PROFICIENT,15,94.97,21.32,2019,90.9,6.28,21.59,6.38,24.73,12.91,12.6,31113,NA
2018-19,1001562,20001562,8,MATH,185.2,BASIC,66,93.97,16.72,2017,80.44,8.02,23.86,9.54,15.75,7.12,19.06,27257,C
2019-20,1001563,20001563,12,ELA,293.7,BASIC,67,96.34,22.74,2019,70.63,2.41,9.89,11.97,26.09,13.75,24.28,30088,C
2020-21,1001564,20001564,10,SCIENCE,269.0,BELOW_BASIC,9,87.09,23.32,2022,69.58,9.14,9.47,13.24,26.6,5.79,20.55,11550,C
2019-20,1001565,20001565,7,SCIENCE,275.8,PROFICIENT,62,90.5,27.15,2017,74.61,4.46,1.63,21.24,7.03,11.75,14.79,25604,A
2018-19,1001566,20001566,2,SOCIAL_STUDIES,327.1,ADVANCED,10,84.75,5.24,2021,83.28,6.58,1.62,10.01,23.84,14.76,13.16,28925,D
2018-19,1001567,20001567,10,MATH,322.0,BASIC,4,84.63,25.56,2021,75.85,11.79,5.91,7.41,32.14,12.47,20.37,14332,B
2019-20,1001568,20001568,4,ELA,207.8,ADVANCED,3,85.8,3.58,2021,72.25,10.54,20.46,9.19,21.36,5.5,22.01,30084,B
2019-20,1001569,20001569,1,SCIENCE,192.4,BASIC,36,92.68,14.07,2019,81.93,2.9,5.47,6.03,23.43,6.53,11.4,22776,C
2023-24,1001570,20001570,9,SOCIAL_STUDIES,205.7,BASIC,69,84.35,8.47,2024,95.27,6.39,22.78,6.16,8.53,5.22,16.4,8563,B
2017-18,1001571,20001571,K,MATH,166.6,BELOW_BASIC,63,95.3,18.0,2018,86.82,9.73,8.31,15.7,26.25,0.16,17.8,31098,B
2017-18,1001572,20001572,4,SOCIAL_STUDIES,268.9,BASIC,36,88.23,9.92,2020,97.3,2.29,11.34,19.09,10.2,16.62,15.28,25091,C
2017-18,1001573,20001573,6,MATH,236.9,BELOW_BASIC,11,88.65,15.14,2022,84.78,11.9,2.8,19.68,26.26,16.34,10.17,19004,C
2022-23,1001574,20001574,5,ELA,160.7,PROFICIENT,82,93.23,29.42,2021,66.45,10.01,1.39,15.6,12.89,8.34,13.12,12814,B
2019-20,1001575,20001575,K,SOCIAL_STUDIES,225.7,BELOW_BASIC,24,88.33,6.52,2022,61.89,8.91,13.22,7.69,5.69,2.58,15.22,8888,A
2019-20,1001576,20001576,1,SCIENCE,322.1,PROFICIENT,1,89.79,32.68,2024,73.43,10.14,10.34,14.91,37.96,11.99,19.59,7942,D
2021-22,1001577,20001577,2,SCIENCE,184.4,PROFICIENT,9,96.25,2.07,2016,83.05,6.73,10.47,7.3,19.97,9.84,24.01,25433,B
2024-25,1001578,20001578,3,ELA,337.7,BASIC,96,95.26,3.29,2024,80.63,9.3,19.68,10.13,0.04,10.92,22.82,26806,B
2021-22,1001579,20001579,1,MATH,229.0,PROFICIENT,34,83.42,23.16,2024,66.3,4.42,17.05,18.1,15.59,1.5,22.09,26681,C
2022-23,1001580,20001580,7,SOCIAL_STUDIES,172.2,BASIC,75,83.67,8.88,2018,73.17,4.08,4.27,6.01,8.7,3.78,15.55,22019,A
2023-24,1001581,20001581,7,SOCIAL_STUDIES,228.3,BASIC,37,88.22,18.61,2018,79.54,9.91,3.26,20.21,15.86,1.58,24.98,21771,F
2017-18,1001582,20001582,11,SOCIAL_STUDIES,182.2,ADVANCED,4,81.59,30.56,2022,97.6,3.39,21.32,10.34,15.96,14.94,14.12,13944,B
2019-20,1001583,20001583,6,MATH,263.6,BASIC,81,84.74,3.48,2021,80.85,0.93,15.29,11.81,24.14,0.21,18.67,8691,A
2023-24,1001584,20001584,10,SOCIAL_STUDIES,210.3,PROFICIENT,35,81.19,15.65,2023,73.01,9.53,18.45,9.69,21.45,1.93,17.92,31305,B
2020-21,1001585,20001585,8,ELA,165.4,BASIC,61,89.83,20.55,2019,80.05,8.09,5.42,12.41,23.47,10.99,19.89,27876,A
2017-18,1001586,20001586,3,MATH,322.9,BELOW_BASIC,50,98.39,24.62,2023,74.17,4.97,7.66,14.66,24.04,11.21,14.55,19163,D
2018-19,1001587,20001587,9,ELA,159.4,BASIC,75,95.58,24.41,2019,82.29,4.57,9.0,16.66,16.63,2.57,11.55,28575,A
2018-19,1001588,20001588,11,ELA,309.7,BELOW_BASIC,56,83.89,23.14,2020,82.67,4.8,18.29,10.66,12.71,2.24,22.29,7373,B
2019-20,1001589,20001589,9,SOCIAL_STUDIES,306.0,PROFICIENT,44,85.52,25.49,2019,80.09,0.38,8.18,19.24,8.35,12.86,22.37,24659,C
2022-23,1001590,20001590,3,MATH,254.5,PROFICIENT,35,94.24,16.86,2021,83.05,0.97,8.06,9.5,7.61,7.55,21.07,20087,B
2022-23,1001591,20001591,8,SCIENCE,244.1,BELOW_BASIC,97,81.8,18.78,2017,61.21,10.17,16.44,13.01,18.88,8.33,17.37,21282,B
2023-24,1001592,20001592,11,ELA,264.2,PROFICIENT,73,94.8,13.79,2025,77.02,11.54,13.69,17.63,1.34,9.55,23.18,7761,NA
2024-25,1001593,20001593,8,ELA,247.4,ADVANCED,52,93.24,5.66,2018,78.21,9.32,20.29,19.96,1.65,14.61,20.95,26876,F
2024-25,1001594,20001594,12,SOCIAL_STUDIES,339.3,BELOW_BASIC,95,93.31,34.8,2019,83.03,0.33,24.99,9.91,15.07,9.57,10.0,31947,B
2024-25,1001595,20001595,8,ELA,242.7,ADVANCED,98,88.75,22.19,2023,60.68,5.49,1.81,12.86,30.17,12.42,10.52,15315,F
2018-19,1001596,20001596,5,SCIENCE,245.8,BASIC,59,82.06,21.06,2021,78.53,11.69,3.89,8.16,35.02,9.23,10.66,28398,B
2019-20,1001597,20001597,8,SOCIAL_STUDIES,164.5,ADVANCED,35,92.53,8.1,2022,62.8,8.54,18.14,15.82,0.55,5.49,19.65,12294,A
2019-20,1001598,20001598,7,MATH,216.5,BELOW_BASIC,39,89.58,9.21,2018,84.18,0.92,8.64,15.29,32.74,3.81,21.81,18490,C
2018-19,1001599,20001599,2,ELA,247.7,PROFICIENT,29,95.63,24.61,2025,68.64,10.75,24.76,17.97,36.9,4.2,25.75,11179,F
2019-20,1001600,20001600,9,SCIENCE,345.0,ADVANCED,35,88.83,26.53,2017,74.99,8.57,11.02,8.2,21.03,3.48,15.05,25259,D
2023-24,1001601,20001601,5,SOCIAL_STUDIES,252.3,BASIC,22,92.12,33.35,2025,78.02,5.41,18.3,19.66,33.69,9.08,21.25,18617,C
2020-21,1001602,20001602,K,MATH,340.4,PROFICIENT,64,84.97,26.61,2025,64.29,6.16,16.82,16.95,16.39,16.2,10.6,8801,D
2023-24,1001603,20001603,2,SOCIAL_STUDIES,286.3,BELOW_BASIC,47,87.99,28.05,2017,78.88,6.33,2.48,18.82,10.45,13.58,25.74,11691,B
2024-25,1001604,20001604,K,SCIENCE,175.2,BASIC,59,92.72,7.69,2017,91.8,0.42,9.52,8.85,12.78,2.49,16.59,11508,F
2017-18,1001605,20001605,10,SOCIAL_STUDIES,276.6,BASIC,80,98.62,4.27,2024,75.25,2.6,6.47,19.97,14.71,11.89,13.33,22568,A
2020-21,1001606,20001606,3,MATH,268.9,BELOW_BASIC,81,89.09,24.25,2023,68.93,1.87,23.36,11.2,15.88,6.99,13.33,9276,C
2021-22,1001607,20001607,7,ELA,248.9,ADVANCED,79,99.32,23.5,2023,74.15,3.43,9.85,21.9,32.36,8.35,20.87,25120,C
2022-23,1001608,20001608,6,ELA,171.6,BASIC,80,87.46,34.19,2024,69.64,5.95,10.72,6.29,26.73,8.48,18.22,19823,B
2023-24,1001609,20001609,6,SCIENCE,343.5,BASIC,34,87.11,11.92,2018,66.26,4.72,20.51,16.34,27.23,8.0,21.44,22384,NA
2020-21,1001610,20001610,K,SCIENCE,328.1,BASIC,49,98.65,31.77,2019,85.2,6.43,17.34,20.27,31.46,16.8,10.28,8010,B
2019-20,1001611,20001611,8,MATH,297.0,PROFICIENT,39,90.38,10.35,2020,73.36,9.77,9.97,12.12,18.56,0.8,11.61,28268,A
2017-18,1001612,20001612,7,MATH,171.2,PROFICIENT,17,92.17,29.88,2021,83.23,7.66,14.93,13.85,34.39,5.65,14.9,24264,A
2021-22,1001613,20001613,6,SOCIAL_STUDIES,283.5,ADVANCED,87,96.85,27.41,2019,96.08,4.59,4.66,11.25,7.89,2.79,20.97,8481,B
2020-21,1001614,20001614,K,SOCIAL_STUDIES,269.0,BASIC,37,99.02,18.17,2022,78.41,1.31,21.42,10.77,18.28,10.66,18.48,26966,C
2022-23,1001615,20001615,9,SCIENCE,177.9,BASIC,69,93.95,11.15,2018,72.91,9.89,5.04,12.87,31.0,4.62,12.68,15119,D
2023-24,1001616,20001616,12,ELA,222.6,BASIC,65,89.75,15.56,2016,73.94,11.86,17.78,18.01,24.79,11.67,11.13,26477,D
2017-18,1001617,20001617,9,SOCIAL_STUDIES,317.5,ADVANCED,47,98.73,34.57,2023,85.82,2.31,9.2,15.08,26.67,11.78,20.79,12029,A
2017-18,1001618,20001618,8,MATH,236.0,PROFICIENT,30,98.71,7.25,2025,71.73,10.47,19.32,6.78,8.39,14.25,14.19,10945,C
2018-19,1001619,20001619,10,SOCIAL_STUDIES,237.6,BASIC,62,98.71,13.16,2016,80.47,8.42,6.45,10.39,32.96,1.52,23.88,21666,A
2024-25,1001620,20001620,7,SCIENCE,221.7,BELOW_BASIC,95,92.15,28.69,2019,69.65,10.76,13.43,12.53,24.34,17.28,18.11,16434,NA
2022-23,1001621,20001621,11,MATH,349.4,BASIC,1,87.3,14.6,2016,90.11,2.23,10.36,11.35,35.79,13.59,12.01,18842,B
2023-24,1001622,20001622,7,ELA,341.8,BELOW_BASIC,96,86.05,9.79,2021,92.26,0.56,23.97,9.45,26.14,8.18,15.26,31544,B
2024-25,1001623,20001623,8,SCIENCE,201.0,BASIC,3,83.69,19.52,2019,95.72,8.19,0.08,7.3,5.27,13.05,21.51,23586,F
2022-23,1001624,20001624,7,SOCIAL_STUDIES,348.5,BELOW_BASIC,71,81.98,30.84,2020,64.28,5.21,2.65,13.23,9.98,8.46,10.36,31068,C
2021-22,1001625,20001625,2,SOCIAL_STUDIES,345.0,PROFICIENT,72,98.34,24.95,2022,83.26,5.47,13.84,18.5,28.12,10.59,10.43,30562,B
2022-23,1001626,20001626,9,ELA,311.1,PROFICIENT,96,86.21,19.56,2020,93.24,3.13,18.5,11.27,11.88,4.71,25.15,10939,A
2017-18,1001627,20001627,12,SCIENCE,252.5,BASIC,20,96.54,14.79,2022,83.77,2.54,22.58,17.69,2.73,9.88,10.36,14402,A
2019-20,1001628,20001628,12,ELA,335.4,PROFICIENT,22,94.32,17.96,2022,70.13,11.15,6.97,6.53,1.99,4.35,10.62,10601,C
2024-25,1001629,20001629,8,MATH,227.6,PROFICIENT,61,80.49,7.29,2020,61.2,3.76,10.81,17.35,10.37,17.9,25.2,22876,F
2017-18,1001630,20001630,3,MATH,338.5,BASIC,43,82.53,23.26,2021,62.91,7.18,5.8,14.96,8.58,12.3,10.12,7445,B
2021-22,1001631,20001631,1,SOCIAL_STUDIES,305.8,BASIC,81,85.53,12.66,2021,84.57,3.85,8.93,15.07,18.9,17.75,17.83,21035,B
2019-20,1001632,20001632,7,SOCIAL_STUDIES,161.1,BELOW_BASIC,97,81.99,10.05,2020,80.99,0.81,1.18,9.0,23.26,17.95,19.15,23109,NA
2017-18,1001633,20001633,6,ELA,313.9,PROFICIENT,59,80.79,18.58,2019,68.49,11.77,16.65,12.12,22.1,15.45,20.61,7910,D
2021-22,1001634,20001634,4,ELA,274.3,PROFICIENT,60,84.62,30.19,2020,67.93,6.51,15.34,6.73,13.03,11.36,10.51,16759,D
2018-19,1001635,20001635,1,SOCIAL_STUDIES,205.1,BASIC,98,96.51,15.9,2016,78.32,1.54,11.29,12.67,37.22,7.06,15.24,16780,A
2022-23,1001636,20001636,9,MATH,308.3,BASIC,58,84.0,32.83,2025,65.99,2.57,15.12,16.45,36.06,7.58,23.52,17208,F
2021-22,1001637,20001637,12,ELA,250.3,BASIC,23,80.58,19.02,2023,94.61,2.59,17.29,17.11,4.65,0.68,10.26,21333,A
2024-25,1001638,20001638,12,SOCIAL_STUDIES,245.6,PROFICIENT,81,92.58,15.14,2017,95.78,3.19,15.0,12.88,28.98,3.57,15.53,17745,A
2020-21,1001639,20001639,K,SCIENCE,202.6,BASIC,23,90.13,24.71,2019,68.04,2.12,12.79,7.26,10.83,15.13,16.07,24589,C
2020-21,1001640,20001640,11,SCIENCE,330.5,BELOW_BASIC,66,96.38,26.44,2017,85.08,7.9,1.86,6.2,14.8,6.0,22.03,26718,NA
2023-24,1001641,20001641,7,ELA,302.1,PROFICIENT,72,86.43,17.83,2019,96.01,9.13,12.02,16.54,4.8,13.27,12.08,9999,B
2024-25,1001642,20001642,3,SOCIAL_STUDIES,178.8,BASIC,40,97.39,19.18,2018,84.78,7.19,21.74,8.54,24.94,9.01,25.26,25438,D
2023-24,1001643,20001643,2,SOCIAL_STUDIES,307.5,PROFICIENT,78,91.74,16.63,2020,71.59,10.99,20.2,7.97,14.43,12.84,24.71,9946,D
2021-22,1001644,20001644,12,SCIENCE,173.9,PROFICIENT,54,82.57,13.3,2019,84.2,9.88,13.8,16.05,3.66,8.76,18.64,10478,A
2017-18,1001645,20001645,7,ELA,184.9,BASIC,94,80.92,9.07,2022,94.18,10.03,11.27,18.98,35.83,4.58,22.07,20802,NA
2017-18,1001646,20001646,5,MATH,332.4,BASIC,61,96.3,34.78,2022,85.19,9.08,5.45,17.0,0.97,14.8,15.41,13703,C
2022-23,1001647,20001647,9,MATH,342.2,BASIC,53,94.61,20.49,2021,74.34,4.74,14.4,18.21,33.68,14.67,25.47,26039,C
2017-18,1001648,20001648,1,MATH,319.6,PROFICIENT,53,91.37,14.85,2023,65.56,8.2,2.69,7.27,13.67,14.13,25.41,16784,C
2017-18,1001649,20001649,8,SOCIAL_STUDIES,166.4,PROFICIENT,97,99.14,11.75,2018,77.88,10.76,9.94,6.08,24.5,11.06,15.82,14467,C
2019-20,1001650,20001650,5,ELA,202.5,BASIC,31,80.38,8.65,2024,69.29,1.96,22.7,17.35,17.3,16.33,17.81,8973,A
2024-25,1001651,20001651,1,SOCIAL_STUDIES,315.5,PROFICIENT,24,95.62,22.84,2016,84.41,1.76,4.09,15.57,21.32,11.55,17.31,8652,C
2022-23,1001652,20001652,9,SOCIAL_STUDIES,239.1,BELOW_BASIC,61,86.47,23.87,2018,74.88,10.32,1.21,20.96,18.29,4.35,25.09,21105,B
2023-24,1001653,20001653,9,MATH,269.5,BELOW_BASIC,91,92.66,25.93,2020,77.31,11.94,13.58,12.7,10.44,4.34,18.49,25134,F
2023-24,1001654,20001654,4,SOCIAL_STUDIES,168.9,PROFICIENT,34,89.2,17.45,2024,61.06,9.58,14.71,14.21,1.05,5.08,22.58,23172,B
2020-21,1001655,20001655,7,ELA,309.2,ADVANCED,85,81.78,14.55,2018,73.69,3.33,18.85,15.84,34.35,3.5,14.99,14464,F
2017-18,1001656,20001656,12,MATH,168.9,ADVANCED,66,83.88,3.79,2019,79.12,8.02,0.93,10.83,28.0,12.21,17.29,7024,NA
2017-18,1001657,20001657,12,SCIENCE,184.8,PROFICIENT,14,81.97,20.5,2016,87.42,5.1,2.07,12.44,7.65,10.48,20.63,12820,C
2023-24,1001658,20001658,K,MATH,331.4,BELOW_BASIC,88,94.09,31.08,2024,93.25,0.23,15.77,8.8,14.7,17.52,10.27,18556,A
2018-19,1001659,20001659,1,SOCIAL_STUDIES,345.4,BELOW_BASIC,13,84.88,26.8,2016,92.44,4.84,18.26,19.37,28.24,3.37,18.33,15072,C
2018-19,1001660,20001660,8,SCIENCE,284.0,PROFICIENT,57,97.77,19.93,2016,62.75,7.1,11.26,6.05,15.16,8.27,17.26,14838,D
2022-23,1001661,20001661,1,ELA,253.3,PROFICIENT,17,96.59,17.68,2017,96.49,0.83,10.47,21.55,21.11,10.1,25.35,22284,B
2022-23,1001662,20001662,9,MATH,202.6,BASIC,7,94.22,19.47,2025,69.77,6.32,2.11,20.37,4.4,1.52,23.55,30987,A
2024-25,1001663,20001663,3,SOCIAL_STUDIES,275.8,PROFICIENT,67,83.04,17.73,2019,95.37,1.04,5.51,19.65,13.38,3.22,15.86,19035,C
2023-24,1001664,20001664,7,MATH,303.0,PROFICIENT,41,92.06,24.85,2022,77.21,6.2,4.65,14.36,26.7,6.74,17.14,31180,B
2017-18,1001665,20001665,3,ELA,277.8,BASIC,22,97.25,13.51,2024,70.33,10.2,16.39,8.57,22.44,12.4,17.54,22809,C
2022-23,1001666,20001666,7,MATH,330.0,PROFICIENT,1,83.04,10.01,2019,72.19,5.42,23.5,15.39,37.05,2.41,19.4,27390,C
2023-24,1001667,20001667,3,SCIENCE,192.6,PROFICIENT,91,96.5,7.79,2024,64.09,1.61,14.39,8.15,32.54,2.16,15.67,31298,C
2021-22,1001668,20001668,K,ELA,315.1,BASIC,92,89.12,30.66,2022,95.92,5.34,20.94,17.84,29.91,2.29,19.83,17635,A
2023-24,1001669,20001669,K,ELA,288.9,PROFICIENT,97,89.95,11.24,2016,86.04,1.72,17.31,12.41,27.5,1.11,10.13,17983,B
2024-25,1001670,20001670,9,ELA,194.2,BELOW_BASIC,40,81.32,8.02,2023,62.38,7.46,10.54,10.33,22.55,1.24,14.14,18109,B
2019-20,1001671,20001671,8,SCIENCE,166.7,BELOW_BASIC,67,85.22,16.28,2018,92.17,9.29,24.34,15.26,34.59,17.99,16.67,19617,C
2024-25,1001672,20001672,3,SCIENCE,207.0,PROFICIENT,89,89.04,31.16,2021,66.03,10.27,9.43,18.78,17.09,16.76,20.7,26347,B
2019-20,1001673,20001673,3,ELA,330.9,BASIC,59,89.11,10.56,2016,76.84,3.19,18.5,14.06,28.05,3.0,21.27,11432,A
2017-18,1001674,20001674,8,SOCIAL_STUDIES,181.5,PROFICIENT,78,85.15,19.82,2024,62.53,5.53,23.44,18.84,27.61,7.58,19.7,30813,A
2024-25,1001675,20001675,9,MATH,197.7,BASIC,46,86.55,15.94,2020,93.21,10.05,18.76,16.36,15.13,7.08,10.09,9155,B
2020-21,1001676,20001676,9,ELA,176.4,BASIC,57,89.14,21.91,2024,76.73,7.86,13.84,13.41,12.22,8.92,11.42,23712,B
2018-19,1001677,20001677,9,ELA,322.4,BASIC,70,89.3,17.4,2016,61.61,11.1,17.68,11.29,13.48,8.67,24.57,12886,C
2020-21,1001678,20001678,7,SCIENCE,298.7,BELOW_BASIC,85,94.21,22.39,2023,66.4,2.47,6.39,10.01,23.64,15.98,10.95,21381,A
2024-25,1001679,20001679,9,MATH,187.1,BASIC,57,81.08,3.7,2019,65.68,6.56,4.21,17.88,36.32,12.09,11.61,13177,C
2022-23,1001680,20001680,10,MATH,218.1,PROFICIENT,18,87.97,13.11,2023,63.23,6.64,2.29,14.08,0.15,9.14,21.1,17155,C
2020-21,1001681,20001681,2,SOCIAL_STUDIES,286.3,BASIC,47,91.37,25.41,2022,65.27,9.75,15.49,15.45,10.84,16.44,23.21,11464,D
2024-25,1001682,20001682,3,MATH,229.8,BASIC,91,81.21,11.64,2024,70.84,0.44,21.4,8.91,20.0,8.12,16.09,10437,B
2021-22,1001683,20001683,1,SOCIAL_STUDIES,186.6,BASIC,93,91.14,33.01,2018,91.79,10.43,15.0,8.52,1.85,6.81,15.98,13982,D
2021-22,1001684,20001684,5,ELA,277.8,PROFICIENT,52,93.18,11.06,2021,69.78,3.37,21.49,21.02,1.39,2.58,12.32,17085,C
2023-24,1001685,20001685,2,MATH,228.9,BELOW_BASIC,54,94.54,25.37,2019,61.7,5.28,5.91,16.5,2.3,16.06,12.99,14876,NA
2023-24,1001686,20001686,1,SCIENCE,323.5,BELOW_BASIC,77,84.74,16.24,2024,84.96,8.58,16.81,12.68,1.35,9.38,11.76,9511,NA
2022-23,1001687,20001687,9,SOCIAL_STUDIES,164.3,BELOW_BASIC,27,97.73,25.25,2025,76.47,3.31,18.86,6.35,24.79,11.18,25.61,15107,A
2020-21,1001688,20001688,12,MATH,212.3,PROFICIENT,55,97.57,18.16,2021,88.53,0.24,4.15,16.29,8.74,14.47,19.8,10401,A
2023-24,1001689,20001689,7,SOCIAL_STUDIES,240.3,PROFICIENT,93,87.73,3.28,2016,78.11,4.91,14.24,14.58,28.84,2.81,22.77,8366,A
2023-24,1001690,20001690,12,SOCIAL_STUDIES,347.3,PROFICIENT,42,87.24,4.28,2025,72.52,7.59,12.82,11.92,24.45,10.58,24.53,31405,D
2021-22,1001691,20001691,5,ELA,152.6,BASIC,77,80.89,34.34,2025,77.47,11.15,11.61,14.26,33.47,16.07,24.04,14794,B
2023-24,1001692,20001692,2,SOCIAL_STUDIES,272.5,BASIC,37,94.87,19.23,2023,64.76,3.04,8.65,9.61,22.0,14.09,23.58,20966,B
2023-24,1001693,20001693,5,SCIENCE,235.4,BASIC,20,82.7,26.62,2019,62.13,1.38,6.34,13.2,4.72,13.46,17.24,24405,D
2021-22,1001694,20001694,3,ELA,223.5,BASIC,98,93.96,23.14,2025,60.95,11.48,17.0,17.49,13.22,5.13,21.53,25731,B
2019-20,1001695,20001695,11,MATH,334.2,BASIC,66,90.01,17.74,2020,73.71,9.66,9.99,15.1,10.77,6.39,25.44,14429,A
2020-21,1001696,20001696,K,ELA,165.4,PROFICIENT,11,96.28,2.18,2019,85.13,11.36,0.8,14.86,13.49,17.9,19.4,27907,B
2022-23,1001697,20001697,5,ELA,348.6,BELOW_BASIC,79,91.12,30.31,2021,61.26,8.29,9.91,6.98,23.01,8.45,14.08,20553,B
2024-25,1001698,20001698,7,ELA,222.0,PROFICIENT,73,81.22,26.82,2018,97.56,6.95,7.56,16.12,16.29,4.42,25.89,20666,B
2020-21,1001699,20001699,8,SOCIAL_STUDIES,276.8,BASIC,73,91.55,12.06,2019,67.23,10.75,5.71,16.77,7.01,8.74,20.39,30281,A
2017-18,1001700,20001700,4,MATH,215.8,PROFICIENT,45,80.74,34.02,2025,81.18,3.81,12.57,18.62,8.99,4.9,10.14,7807,A
2022-23,1001701,20001701,1,MATH,262.4,ADVANCED,57,89.78,29.87,2023,64.68,2.87,18.81,10.4,22.32,3.66,19.23,18303,D
2020-21,1001702,20001702,4,MATH,189.1,PROFICIENT,81,84.42,16.59,2023,80.07,0.86,11.37,21.95,6.92,14.39,16.29,10949,C
2024-25,1001703,20001703,9,ELA,265.1,BELOW_BASIC,22,91.03,13.77,2023,85.7,1.53,0.22,21.68,31.93,0.99,19.67,14031,B
2023-24,1001704,20001704,1,ELA,193.2,PROFICIENT,36,89.67,29.36,2024,84.72,9.82,12.5,12.34,22.05,8.58,17.16,20175,NA
2020-21,1001705,20001705,9,ELA,251.8,BASIC,68,87.3,24.73,2023,62.07,6.52,17.86,11.88,8.18,12.76,25.13,25280,C
2024-25,1001706,20001706,5,ELA,164.9,PROFICIENT,85,95.6,24.18,2025,97.39,3.55,4.75,19.16,30.3,12.75,20.93,25594,D
2021-22,1001707,20001707,2,SOCIAL_STUDIES,279.4,PROFICIENT,73,81.29,15.18,2020,91.65,9.89,7.88,10.0,37.5,15.96,10.92,29660,B
2019-20,1001708,20001708,2,SOCIAL_STUDIES,172.5,ADVANCED,2,90.24,2.09,2025,97.7,2.32,4.01,6.07,16.51,2.12,16.76,26311,D
2018-19,1001709,20001709,5,MATH,160.7,ADVANCED,82,88.69,32.04,2017,77.89,8.97,8.32,10.46,10.04,13.98,16.11,14121,A
2018-19,1001710,20001710,7,SCIENCE,234.0,ADVANCED,58,97.94,26.26,2016,92.52,1.35,17.8,19.41,12.45,11.2,23.45,15075,C
2024-25,1001711,20001711,4,ELA,285.1,PROFICIENT,57,91.67,20.08,2018,77.56,7.69,7.48,16.98,0.92,2.35,12.23,26605,B
2021-22,1001712,20001712,K,SCIENCE,334.2,BASIC,53,94.18,7.54,2018,76.88,4.12,13.94,12.66,21.22,16.67,10.94,8620,D
2021-22,1001713,20001713,7,SCIENCE,167.0,ADVANCED,79,98.48,8.21,2019,74.3,11.84,10.44,9.91,16.23,1.53,21.91,27884,D
2017-18,1001714,20001714,11,ELA,323.7,BASIC,80,88.99,34.33,2024,70.27,3.29,15.02,6.55,7.71,14.93,10.35,19400,D
2019-20,1001715,20001715,3,ELA,256.2,BASIC,31,87.98,26.78,2017,76.98,1.8,4.93,7.55,2.3,13.64,17.8,19366,C
2018-19,1001716,20001716,10,SOCIAL_STUDIES,267.8,ADVANCED,6,92.09,17.69,2021,91.43,7.47,20.69,12.38,17.25,0.55,21.42,13593,C
2022-23,1001717,20001717,9,MATH,315.8,BASIC,51,85.66,20.96,2024,82.68,7.33,15.07,15.86,28.51,6.62,22.93,19392,NA
2019-20,1001718,20001718,5,MATH,150.9,BASIC,2,82.05,22.17,2016,68.68,5.51,14.93,15.51,5.9,15.6,23.32,27689,C
2018-19,1001719,20001719,5,SCIENCE,182.7,BASIC,58,99.34,11.71,2017,80.97,0.71,24.11,10.59,32.45,16.2,23.04,26574,F
2021-22,1001720,20001720,7,MATH,239.4,PROFICIENT,82,90.65,5.45,2016,87.84,10.26,7.7,9.07,18.56,8.52,11.61,16683,A
2018-19,1001721,20001721,11,SCIENCE,201.8,BELOW_BASIC,15,92.48,2.77,2023,89.8,11.1,3.72,10.26,1.58,6.2,24.26,24296,A
2020-21,1001722,20001722,10,SOCIAL_STUDIES,349.5,BASIC,15,81.21,27.18,2025,83.07,10.46,10.6,14.39,12.7,6.22,21.27,19796,F
2022-23,1001723,20001723,10,SOCIAL_STUDIES,185.8,ADVANCED,50,84.44,29.67,2017,61.28,1.83,11.23,10.86,18.77,1.76,17.84,9031,A
2020-21,1001724,20001724,6,ELA,194.4,PROFICIENT,62,91.43,19.4,2023,89.44,11.81,22.3,17.98,20.71,13.41,24.12,26550,C
2020-21,1001725,20001725,3,SCIENCE,328.6,PROFICIENT,45,88.74,4.79,2019,81.49,5.79,21.21,16.34,27.55,0.57,19.02,7707,B
2021-22,1001726,20001726,5,SCIENCE,283.1,BASIC,71,83.17,13.53,2016,85.47,6.77,10.01,13.22,17.62,7.41,20.23,26933,NA
2018-19,1001727,20001727,2,SOCIAL_STUDIES,157.2,BASIC,72,96.24,24.32,2017,94.34,10.4,6.38,11.0,3.06,2.66,10.61,31740,C
2021-22,1001728,20001728,7,ELA,307.7,PROFICIENT,82,83.03,30.98,2022,68.8,0.32,17.7,21.81,24.2,13.86,16.73,11508,D
2024-25,1001729,20001729,7,MATH,284.5,BELOW_BASIC,26,91.26,21.62,2021,78.34,9.0,21.22,7.55,10.81,16.87,14.43,7527,NA
2022-23,1001730,20001730,5,SOCIAL_STUDIES,337.7,BASIC,88,86.34,14.21,2021,91.33,6.15,8.29,15.37,0.15,12.16,10.86,23510,A
2018-19,1001731,20001731,K,ELA,282.7,ADVANCED,7,83.52,20.15,2017,85.75,0.94,14.16,10.5,18.09,1.71,13.37,22079,F
2024-25,1001732,20001732,9,SCIENCE,323.7,PROFICIENT,20,84.73,8.98,2024,85.21,3.1,2.65,19.41,33.4,4.6,15.39,22625,C
2019-20,1001733,20001733,6,MATH,251.3,PROFICIENT,38,87.64,7.13,2016,75.77,7.23,3.72,21.18,17.38,3.66,17.31,24916,C
2021-22,1001734,20001734,3,MATH,168.6,BELOW_BASIC,53,88.35,23.17,2018,85.14,7.44,3.35,9.86,24.65,17.38,24.59,15251,F
2020-21,1001735,20001735,9,SCIENCE,261.1,BELOW_BASIC,21,80.65,19.8,2018,91.22,3.68,10.42,17.97,14.9,14.17,23.99,15981,B
2017-18,1001736,20001736,2,MATH,237.9,PROFICIENT,74,86.11,28.7,2023,94.15,5.26,2.19,14.41,23.84,8.27,17.37,28259,A
2021-22,1001737,20001737,12,SCIENCE,263.9,PROFICIENT,3,80.42,33.7,2016,77.92,3.27,0.89,13.8,14.85,6.1,24.66,12982,B
2019-20,1001738,20001738,4,SOCIAL_STUDIES,331.5,BASIC,29,95.6,32.46,2021,90.93,8.83,21.51,15.09,14.53,1.47,20.07,27674,A
2018-19,1001739,20001739,12,SOCIAL_STUDIES,261.3,PROFICIENT,70,80.87,22.83,2020,94.86,0.21,17.43,18.22,35.57,13.54,15.72,23213,B
2020-21,1001740,20001740,3,SOCIAL_STUDIES,331.2,BASIC,42,88.51,31.8,2021,78.92,10.46,0.02,7.5,27.54,15.41,22.43,15885,B
2024-25,1001741,20001741,4,SOCIAL_STUDIES,253.6,PROFICIENT,22,91.33,2.62,2022,86.89,8.87,0.25,18.96,7.44,12.79,19.57,31718,C
2024-25,1001742,20001742,9,SCIENCE,296.0,BASIC,6,86.52,17.17,2024,69.43,10.48,8.91,13.19,19.98,9.86,11.91,16085,A
2017-18,1001743,20001743,5,MATH,209.5,BELOW_BASIC,51,91.58,13.46,2022,65.34,4.0,1.35,6.05,11.5,7.11,11.75,30991,B
2017-18,1001744,20001744,4,ELA,161.3,ADVANCED,51,82.03,2.64,2019,88.46,3.33,7.36,11.64,17.91,15.13,20.17,17504,F
2019-20,1001745,20001745,7,SOCIAL_STUDIES,189.1,BELOW_BASIC,23,98.98,14.57,2021,67.9,11.63,15.84,13.96,36.91,17.53,14.57,9091,A
2022-23,1001746,20001746,6,SCIENCE,294.5,PROFICIENT,78,98.04,19.03,2021,94.01,4.28,17.54,21.91,16.91,10.16,22.37,24762,F
2024-25,1001747,20001747,3,MATH,253.7,ADVANCED,6,97.62,18.75,2016,84.42,11.64,2.6,9.51,37.81,1.95,25.92,17011,B
2017-18,1001748,20001748,1,ELA,241.7,BASIC,62,86.9,29.82,2016,68.36,7.45,20.47,9.98,16.69,12.69,16.85,11011,B
2017-18,1001749,20001749,3,SOCIAL_STUDIES,203.8,ADVANCED,63,83.39,31.88,2023,95.01,3.83,19.17,11.13,34.36,14.24,11.61,17257,A
2024-25,1001750,20001750,10,ELA,162.8,BASIC,43,89.53,3.32,2021,70.2,8.37,16.9,10.88,18.72,10.64,24.04,21680,C
2023-24,1001751,20001751,7,SOCIAL_STUDIES,243.4,BELOW_BASIC,18,80.2,23.78,2019,85.93,6.24,15.99,10.44,37.77,7.78,19.58,9673,C
2024-25,1001752,20001752,K,ELA,348.6,BELOW_BASIC,49,95.17,23.13,2025,77.76,11.67,1.33,16.25,34.09,12.57,17.14,30639,A
2020-21,1001753,20001753,11,ELA,321.3,PROFICIENT,83,82.66,18.08,2020,77.98,11.51,2.79,17.93,33.29,0.44,22.26,14498,C
2017-18,1001754,20001754,5,SOCIAL_STUDIES,221.0,PROFICIENT,4,96.47,28.13,2024,83.25,8.22,23.15,21.69,2.44,10.88,17.53,26804,D
2017-18,1001755,20001755,4,MATH,254.9,ADVANCED,33,97.4,19.44,2023,86.05,8.38,9.02,18.8,14.18,12.45,22.65,18440,A
2020-21,1001756,20001756,4,MATH,303.0,BELOW_BASIC,98,89.88,15.78,2023,94.74,0.36,2.69,13.95,36.4,16.24,18.43,10514,A
2022-23,1001757,20001757,6,SOCIAL_STUDIES,151.4,BELOW_BASIC,58,83.8,3.77,2022,68.95,8.73,15.18,12.92,20.5,16.55,20.1,13294,A
2019-20,1001758,20001758,2,MATH,169.3,BASIC,40,99.42,10.97,2025,87.74,11.2,1.38,7.84,11.29,7.67,18.46,11040,C
2017-18,1001759,20001759,2,SOCIAL_STUDIES,170.2,BASIC,72,85.28,29.41,2017,63.67,8.57,8.71,16.5,35.55,7.87,19.9,9041,D
2021-22,1001760,20001760,11,SCIENCE,173.6,BASIC,89,87.19,13.53,2021,81.35,0.28,20.89,18.54,9.63,9.72,15.45,18391,D
2022-23,1001761,20001761,7,SOCIAL_STUDIES,243.1,BASIC,54,89.3,10.6,2021,85.0,5.97,12.67,12.0,8.36,1.49,15.54,30676,A
2020-21,1001762,20001762,9,SCIENCE,320.2,PROFICIENT,87,94.49,26.88,2020,85.36,9.51,22.94,20.71,37.16,16.22,16.47,10815,B
2018-19,1001763,20001763,12,SCIENCE,166.2,BASIC,22,96.61,3.71,2024,96.2,0.3,9.16,6.26,27.48,9.78,14.95,31728,B
2021-22,1001764,20001764,5,ELA,197.9,PROFICIENT,17,84.19,31.33,2023,64.65,3.28,6.19,6.97,23.41,6.56,16.86,16068,F
2018-19,1001765,20001765,4,SOCIAL_STUDIES,219.8,PROFICIENT,92,95.33,11.46,2016,78.26,10.02,9.24,16.81,5.41,2.03,24.53,22395,C
2024-25,1001766,20001766,5,ELA,348.5,BELOW_BASIC,27,93.83,9.16,2016,94.55,7.45,6.48,10.28,26.98,14.16,11.65,26665,B
2019-20,1001767,20001767,K,SCIENCE,260.4,BASIC,49,93.56,34.77,2022,85.07,1.31,5.37,21.16,35.71,7.89,24.53,16763,B
2022-23,1001768,20001768,6,MATH,217.5,PROFICIENT,92,90.09,23.18,2019,66.32,7.28,24.3,9.11,10.73,2.07,17.72,11758,A
2019-20,1001769,20001769,3,SCIENCE,152.4,BASIC,78,87.98,8.17,2020,83.06,5.6,8.35,10.63,10.11,12.56,12.86,16226,A
2017-18,1001770,20001770,9,SOCIAL_STUDIES,314.2,BASIC,55,95.23,20.82,2024,83.72,11.17,4.97,21.81,15.28,6.79,22.3,10785,A
2017-18,1001771,20001771,5,SCIENCE,181.8,PROFICIENT,97,89.2,15.76,2017,87.27,9.13,14.26,15.1,35.46,6.56,10.04,29017,B
2020-21,1001772,20001772,5,SOCIAL_STUDIES,281.2,BASIC,78,97.66,32.37,2022,78.32,5.6,1.57,8.85,20.24,3.16,22.44,26577,A
2022-23,1001773,20001773,9,MATH,172.7,BELOW_BASIC,14,83.53,28.1,2019,89.84,4.01,13.1,16.69,1.17,11.98,10.56,11059,F
2021-22,1001774,20001774,12,SOCIAL_STUDIES,295.9,ADVANCED,48,91.1,26.23,2023,76.55,11.08,14.75,7.97,13.98,0.75,19.94,14965,B
2024-25,1001775,20001775,12,SOCIAL_STUDIES,217.5,BASIC,29,89.42,15.65,2017,81.06,2.25,18.9,16.23,8.43,4.89,22.85,28488,D
2022-23,1001776,20001776,4,ELA,186.4,BASIC,87,88.73,2.85,2017,62.7,6.23,9.09,10.49,9.7,1.65,11.77,23601,C
2018-19,1001777,20001777,9,MATH,308.9,PROFICIENT,41,84.98,6.27,2024,70.79,4.43,6.31,18.42,17.93,7.18,14.38,25254,D
2024-25,1001778,20001778,2,SCIENCE,312.9,BASIC,45,80.37,12.02,2024,87.04,5.05,10.05,12.51,25.91,9.42,20.59,25568,B
2021-22,1001779,20001779,7,SOCIAL_STUDIES,195.3,BASIC,94,88.39,16.34,2022,62.36,4.27,0.62,8.68,0.38,12.71,18.74,12700,A
2022-23,1001780,20001780,11,MATH,191.4,BASIC,14,85.69,7.96,2022,78.77,6.61,19.11,15.56,11.99,13.03,10.15,18235,C
2017-18,1001781,20001781,5,SCIENCE,267.3,PROFICIENT,25,98.53,23.63,2018,62.86,1.9,23.27,20.6,6.25,0.66,10.79,28399,B
2021-22,1001782,20001782,12,ELA,172.4,PROFICIENT,98,91.72,23.65,2022,95.35,2.9,18.23,12.34,12.0,7.57,11.31,9836,B
2024-25,1001783,20001783,8,SCIENCE,246.7,PROFICIENT,58,80.63,9.89,2023,80.99,9.86,4.45,8.07,1.92,12.9,19.01,13450,A
2019-20,1001784,20001784,K,MATH,202.4,BELOW_BASIC,19,95.57,4.11,2019,63.28,0.57,7.03,15.74,27.94,17.56,13.01,25163,B
2024-25,1001785,20001785,6,SOCIAL_STUDIES,304.9,BASIC,52,94.13,2.96,2024,84.76,6.9,10.92,6.99,17.68,15.94,17.21,27654,D
2022-23,1001786,20001786,1,SCIENCE,303.3,PROFICIENT,22,85.86,15.8,2023,73.32,11.61,12.69,18.75,8.36,10.96,10.1,9162,F
2018-19,1001787,20001787,11,SCIENCE,218.9,PROFICIENT,97,94.07,16.61,2018,94.03,10.32,20.91,13.56,10.31,14.48,12.66,8660,D
2018-19,1001788,20001788,4,MATH,205.8,PROFICIENT,89,83.77,17.51,2021,71.27,7.18,15.51,13.64,7.39,5.32,23.43,13569,C
2024-25,1001789,20001789,6,ELA,182.5,PROFICIENT,39,95.96,5.07,2023,66.21,10.48,14.06,9.82,4.6,12.32,11.69,7418,A
2018-19,1001790,20001790,10,SCIENCE,204.6,BASIC,15,81.49,34.87,2020,77.98,0.79,24.11,14.33,16.42,16.19,14.38,11689,F
2019-20,1001791,20001791,10,SOCIAL_STUDIES,244.9,BASIC,47,94.71,5.49,2025,70.28,5.75,15.68,19.76,22.51,9.16,14.26,24942,A
2020-21,1001792,20001792,5,ELA,265.8,PROFICIENT,76,80.22,14.3,2020,69.48,6.25,23.07,7.08,0.2,14.15,21.59,17020,A
2017-18,1001793,20001793,7,MATH,222.2,ADVANCED,1,87.89,28.76,2021,80.5,4.27,2.18,21.99,33.21,17.34,16.97,29613,A
2020-21,1001794,20001794,11,SCIENCE,297.6,PROFICIENT,43,90.93,27.58,2021,87.04,2.2,22.76,12.43,17.88,17.84,12.46,9083,B
2020-21,1001795,20001795,11,ELA,327.3,BASIC,14,99.33,18.83,2016,66.7,1.73,5.53,6.9,1.41,0.72,25.79,22802,A
2020-21,1001796,20001796,12,ELA,244.6,BASIC,48,98.91,13.18,2020,61.2,2.45,3.13,7.66,6.61,16.74,14.9,7748,B
2022-23,1001797,20001797,4,SOCIAL_STUDIES,321.1,BASIC,81,98.05,19.57,2020,96.3,2.16,13.48,11.28,1.77,13.4,17.57,25966,F
2024-25,1001798,20001798,3,ELA,320.4,BASIC,91,87.44,11.2,2018,63.64,6.25,17.94,17.74,9.79,16.66,15.5,30680,D
2023-24,1001799,20001799,K,MATH,288.9,BELOW_BASIC,96,90.96,12.02,2017,74.39,4.76,16.72,15.44,30.07,14.55,23.68,12125,D
2019-20,1001800,20001800,3,ELA,324.9,BELOW_BASIC,87,98.92,6.03,2022,84.0,4.58,16.71,11.13,29.94,0.8,21.93,16405,NA
2021-22,1001801,20001801,K,SCIENCE,286.3,BASIC,79,85.02,5.41,2024,82.06,5.28,21.23,19.35,12.7,2.21,17.37,18115,C
2017-18,1001802,20001802,4,MATH,218.1,BASIC,37,84.28,27.41,2022,82.74,0.11,8.23,15.57,20.08,1.76,16.03,14369,NA
2022-23,1001803,20001803,12,SOCIAL_STUDIES,274.7,BASIC,70,96.29,17.98,2021,87.36,10.16,15.19,18.85,36.66,4.23,12.4,8630,NA
2021-22,1001804,20001804,1,SOCIAL_STUDIES,341.0,ADVANCED,68,97.23,28.53,2016,94.39,7.25,18.68,9.09,31.26,6.08,15.03,24681,A
2022-23,1001805,20001805,7,MATH,219.7,ADVANCED,52,81.21,16.93,2019,94.16,7.83,17.49,10.34,36.55,1.19,12.28,24341,C
2023-24,1001806,20001806,8,SCIENCE,330.9,BELOW_BASIC,85,92.67,22.73,2019,80.87,7.83,13.18,7.13,34.1,14.85,15.29,19420,C
2017-18,1001807,20001807,2,SCIENCE,151.8,BELOW_BASIC,7,94.91,33.79,2022,68.78,10.85,7.52,7.5,4.6,16.46,13.75,25326,B
2023-24,1001808,20001808,4,ELA,164.5,BASIC,22,94.96,14.45,2025,92.75,0.46,17.46,14.58,3.72,1.08,13.16,26972,F
2017-18,1001809,20001809,5,MATH,190.2,BASIC,51,91.19,5.96,2017,61.43,1.91,19.78,6.8,5.91,9.88,18.18,31773,NA
2023-24,1001810,20001810,11,MATH,338.4,BELOW_BASIC,5,89.29,32.22,2023,79.32,0.4,20.03,13.24,5.8,16.0,20.23,9754,NA
2019-20,1001811,20001811,5,SCIENCE,277.5,BASIC,45,98.59,33.08,2021,75.65,1.35,20.65,15.32,25.57,0.83,24.16,19865,C
2023-24,1001812,20001812,7,ELA,222.7,BELOW_BASIC,95,94.93,17.57,2021,84.65,11.67,15.79,7.97,21.06,17.36,17.8,24852,D
2021-22,1001813,20001813,1,SCIENCE,183.7,BASIC,64,98.96,30.05,2025,77.66,8.95,10.95,13.15,14.2,5.24,20.62,21702,B
2019-20,1001814,20001814,K,SOCIAL_STUDIES,314.7,BELOW_BASIC,83,86.65,22.55,2018,80.71,1.39,18.93,11.98,28.18,15.2,13.48,8280,A
2017-18,1001815,20001815,9,SCIENCE,335.6,PROFICIENT,99,81.48,6.14,2016,68.07,8.06,12.03,12.0,8.49,7.37,22.13,17462,C
2024-25,1001816,20001816,6,MATH,211.5,BELOW_BASIC,40,90.54,19.62,2025,61.51,11.58,19.96,15.19,37.64,4.67,23.85,21608,B
2021-22,1001817,20001817,2,ELA,318.4,BASIC,37,95.04,21.84,2022,79.84,8.82,13.89,11.52,24.84,13.26,10.01,28684,C
2021-22,1001818,20001818,4,SCIENCE,163.8,BELOW_BASIC,38,96.72,27.18,2024,97.45,4.92,7.16,14.52,8.82,14.75,17.17,7092,D
2020-21,1001819,20001819,9,ELA,184.2,PROFICIENT,10,86.15,8.64,2022,67.23,2.88,19.66,15.16,37.98,16.02,23.21,15323,F
2017-18,1001820,20001820,12,MATH,184.2,BASIC,8,83.18,16.95,2024,81.58,0.57,2.62,9.74,37.26,7.98,23.98,15485,A
2024-25,1001821,20001821,3,SCIENCE,165.2,PROFICIENT,38,96.7,17.47,2024,87.46,7.46,17.56,6.41,7.88,0.01,18.5,18793,NA
2022-23,1001822,20001822,1,ELA,152.6,BASIC,3,90.16,26.32,2022,74.97,5.82,12.24,17.81,31.79,5.96,12.51,16630,A
2018-19,1001823,20001823,9,SOCIAL_STUDIES,280.4,PROFICIENT,93,97.39,11.5,2024,94.93,7.16,23.81,6.19,34.05,6.75,22.93,21557,NA
2023-24,1001824,20001824,9,MATH,188.0,PROFICIENT,50,82.81,11.23,2022,94.59,4.54,5.1,12.58,2.95,0.77,23.22,24879,D
2021-22,1001825,20001825,12,ELA,150.6,PROFICIENT,38,89.1,14.82,2016,92.09,4.51,18.44,10.65,30.16,17.96,24.48,25602,B
2020-21,1001826,20001826,4,SOCIAL_STUDIES,165.3,PROFICIENT,92,92.07,31.56,2025,65.95,7.89,8.29,15.2,5.24,13.16,16.68,11499,D
2024-25,1001827,20001827,3,MATH,298.5,BASIC,44,94.01,31.35,2022,90.13,5.59,21.83,14.9,27.67,17.21,19.1,20040,A
2017-18,1001828,20001828,4,SOCIAL_STUDIES,215.8,BASIC,4,86.49,22.84,2018,66.84,3.57,15.62,7.51,6.37,6.74,24.16,8826,D
2018-19,1001829,20001829,9,ELA,184.1,PROFICIENT,36,83.93,34.5,2019,88.98,0.31,9.98,6.11,30.6,7.64,25.84,22263,C
2017-18,1001830,20001830,9,SCIENCE,170.5,BELOW_BASIC,20,85.34,22.37,2021,91.16,7.41,14.41,11.71,23.89,6.75,14.91,13126,NA
2017-18,1001831,20001831,11,MATH,284.4,BASIC,33,81.24,31.64,2016,66.82,9.21,20.54,17.27,33.78,16.81,21.63,12445,B
2020-21,1001832,20001832,K,SCIENCE,214.5,BASIC,89,80.84,23.18,2021,74.42,8.09,21.46,6.53,16.28,14.82,22.27,8123,C
2024-25,1001833,20001833,12,ELA,300.2,BELOW_BASIC,38,80.09,13.98,2022,88.56,11.86,19.07,17.46,35.76,12.81,25.84,30433,B
2017-18,1001834,20001834,12,SCIENCE,236.6,BELOW_BASIC,49,80.95,5.61,2021,68.98,6.77,6.24,21.72,28.32,13.15,10.09,14052,NA
2017-18,1001835,20001835,4,SCIENCE,209.1,PROFICIENT,53,82.38,27.17,2016,66.12,5.93,18.65,8.53,19.23,1.71,25.77,19756,F
2018-19,1001836,20001836,11,MATH,161.8,BELOW_BASIC,56,84.94,33.6,2021,72.8,10.2,12.89,9.72,11.49,5.95,17.03,24900,NA
2017-18,1001837,20001837,10,SOCIAL_STUDIES,325.1,PROFICIENT,46,92.35,3.59,2017,80.07,10.06,2.14,13.82,1.76,12.16,12.06,26567,A
2020-21,1001838,20001838,8,MATH,282.5,PROFICIENT,86,93.08,4.56,2024,76.41,0.31,5.53,8.78,8.21,13.17,11.16,29152,C
2023-24,1001839,20001839,9,MATH,219.2,PROFICIENT,71,86.15,24.77,2022,76.22,8.11,9.31,10.36,4.54,4.12,18.56,10366,D
2018-19,1001840,20001840,8,SOCIAL_STUDIES,284.7,BASIC,31,98.28,23.71,2023,91.06,3.99,13.96,8.02,37.07,6.7,15.13,10946,C
2021-22,1001841,20001841,3,ELA,153.2,BASIC,22,95.55,33.94,2019,95.89,7.77,23.4,10.21,15.78,7.66,23.24,8793,A
2022-23,1001842,20001842,9,MATH,296.9,BASIC,25,90.82,22.52,2020,86.84,10.39,23.23,18.76,4.58,1.63,21.18,31037,C
2023-24,1001843,20001843,1,SOCIAL_STUDIES,340.1,BASIC,54,86.45,14.63,2019,76.98,2.0,14.17,18.8,28.63,16.87,10.71,31229,A
2021-22,1001844,20001844,6,SOCIAL_STUDIES,335.1,ADVANCED,51,96.73,26.55,2020,77.9,8.37,17.06,8.29,10.15,9.94,24.58,20306,A
2023-24,1001845,20001845,8,ELA,305.2,BASIC,32,86.06,34.74,2017,78.28,1.2,20.35,6.03,24.74,7.46,12.22,20473,D
2024-25,1001846,20001846,7,SOCIAL_STUDIES,224.1,PROFICIENT,1,96.91,22.83,2019,78.11,1.63,12.67,17.25,15.59,11.76,13.32,31709,A
2018-19,1001847,20001847,1,ELA,233.3,BASIC,36,92.58,6.02,2024,90.35,8.46,6.5,20.09,10.63,7.61,14.64,26411,C
2017-18,1001848,20001848,4,SOCIAL_STUDIES,217.5,PROFICIENT,82,98.09,24.57,2022,74.04,6.21,16.94,7.72,16.71,6.44,25.96,12502,A
2017-18,1001849,20001849,7,MATH,247.1,BELOW_BASIC,3,90.32,13.3,2020,86.86,3.14,24.14,9.28,29.84,15.81,24.73,10887,B
2022-23,1001850,20001850,5,SOCIAL_STUDIES,228.7,PROFICIENT,24,92.08,9.19,2025,65.27,8.26,18.96,20.06,10.23,13.25,13.74,19499,NA
2024-25,1001851,20001851,8,MATH,223.8,BELOW_BASIC,98,88.93,20.66,2016,67.87,9.68,15.39,17.92,19.89,1.52,15.7,23227,A
2023-24,1001852,20001852,1,SOCIAL_STUDIES,187.1,ADVANCED,33,95.05,11.12,2021,65.57,1.9,18.99,17.96,13.19,4.37,20.6,19251,B
2022-23,1001853,20001853,K,SOCIAL_STUDIES,252.3,BASIC,85,89.04,18.81,2019,68.2,8.03,19.59,19.37,4.33,4.52,21.2,17549,C
2021-22,1001854,20001854,1,ELA,325.7,BASIC,58,84.64,17.24,2023,75.23,10.71,14.49,11.99,14.68,2.01,20.15,13787,A
2021-22,1001855,20001855,7,ELA,348.8,BELOW_BASIC,23,86.22,31.74,2023,90.63,1.28,4.65,7.75,32.62,6.79,12.74,16628,C
2022-23,1001856,20001856,6,SOCIAL_STUDIES,329.1,PROFICIENT,1,82.33,26.64,2025,83.63,1.61,20.65,15.05,35.23,4.4,23.72,12184,B
2023-24,1001857,20001857,4,SCIENCE,347.7,PROFICIENT,16,99.05,5.66,2019,65.38,9.59,2.68,8.28,8.64,6.71,11.56,10775,B
2017-18,1001858,20001858,4,ELA,343.9,PROFICIENT,57,82.63,20.49,2020,95.43,9.31,20.48,18.64,3.16,9.35,13.35,23106,B
2017-18,1001859,20001859,5,SOCIAL_STUDIES,346.2,BASIC,63,95.9,23.23,2023,82.79,8.94,12.28,11.65,24.36,6.36,10.41,9891,B
2022-23,1001860,20001860,9,ELA,244.5,BELOW_BASIC,36,95.08,23.76,2018,79.66,10.06,18.87,18.68,31.56,8.85,11.01,14737,C
2017-18,1001861,20001861,5,SCIENCE,204.0,BELOW_BASIC,97,81.3,9.14,2023,94.57,5.22,4.37,13.14,23.69,1.07,24.57,27377,A
2022-23,1001862,20001862,4,SOCIAL_STUDIES,254.1,ADVANCED,59,97.83,8.4,2023,75.04,8.92,22.87,12.88,23.1,16.32,12.63,9204,A
2024-25,1001863,20001863,1,ELA,161.4,BASIC,43,91.22,7.84,2019,68.81,11.81,14.11,12.54,7.82,13.8,16.19,7365,A
2017-18,1001864,20001864,10,MATH,268.2,PROFICIENT,66,88.03,6.54,2019,78.43,10.87,16.47,8.28,3.23,5.5,20.62,30151,NA
2020-21,1001865,20001865,8,SOCIAL_STUDIES,200.2,BASIC,7,83.92,9.77,2017,76.07,3.01,3.05,6.26,21.79,3.35,16.25,19301,C
2017-18,1001866,20001866,9,SCIENCE,222.1,PROFICIENT,69,87.48,15.59,2019,96.61,2.2,13.12,16.28,10.49,10.86,24.03,21145,B
2020-21,1001867,20001867,11,MATH,218.5,PROFICIENT,20,87.85,24.44,2018,88.02,4.59,16.18,10.06,1.61,1.61,12.96,24145,B
2022-23,1001868,20001868,4,MATH,333.3,BELOW_BASIC,43,93.4,11.2,2019,89.15,5.19,18.27,11.46,6.91,11.88,12.72,11289,C
2017-18,1001869,20001869,9,MATH,306.0,BELOW_BASIC,69,96.71,23.27,2024,67.67,7.14,23.41,10.3,23.3,15.99,17.77,20928,B
2021-22,1001870,20001870,10,MATH,341.2,ADVANCED,43,98.36,30.94,2017,61.53,0.26,0.42,20.39,2.82,13.42,20.98,7747,C
2018-19,1001871,20001871,6,ELA,286.3,PROFICIENT,34,80.31,31.47,2017,93.05,4.93,24.0,16.72,26.21,13.2,17.52,23289,C
2023-24,1001872,20001872,11,MATH,342.8,PROFICIENT,18,97.53,13.35,2019,83.91,9.6,0.33,18.22,16.98,12.12,23.14,16214,B
2022-23,1001873,20001873,2,SOCIAL_STUDIES,227.2,PROFICIENT,20,80.07,29.24,2019,87.99,0.34,18.59,15.63,24.46,2.86,25.59,8020,NA
2023-24,1001874,20001874,11,SCIENCE,238.0,ADVANCED,31,89.67,17.86,2023,88.5,2.28,12.14,11.18,6.91,6.47,23.03,24434,D
2022-23,1001875,20001875,8,SCIENCE,331.8,BASIC,50,97.58,26.36,2020,80.91,10.81,12.79,18.28,1.83,14.68,20.07,20901,D
2018-19,1001876,20001876,K,ELA,325.3,PROFICIENT,21,97.06,7.55,2018,66.23,2.13,17.3,20.66,3.67,5.35,17.19,7841,C
2017-18,1001877,20001877,9,SCIENCE,254.2,BASIC,23,94.71,15.63,2019,90.27,9.53,5.7,21.93,31.56,17.04,14.72,20607,A
2023-24,1001878,20001878,2,ELA,167.6,ADVANCED,98,99.46,14.44,2020,71.73,11.51,13.44,12.79,5.59,17.88,13.17,27964,B
2020-21,1001879,20001879,K,MATH,265.3,PROFICIENT,71,91.79,7.73,2018,80.15,10.7,4.48,9.05,34.73,13.81,19.97,21772,B
2019-20,1001880,20001880,5,SCIENCE,307.0,BELOW_BASIC,76,88.76,31.77,2020,79.11,3.74,11.17,14.16,34.86,2.3,23.06,26566,F
2024-25,1001881,20001881,12,SCIENCE,167.7,BASIC,21,83.91,32.41,2019,91.51,2.08,10.71,11.59,2.87,10.41,10.19,28517,D
2018-19,1001882,20001882,8,MATH,161.8,BELOW_BASIC,46,83.36,28.9,2019,91.13,1.5,8.46,8.88,4.6,1.03,19.77,10326,B
2021-22,1001883,20001883,9,SCIENCE,211.4,PROFICIENT,6,93.37,31.47,2018,83.49,7.04,12.02,16.45,28.67,5.6,19.37,9175,C
2022-23,1001884,20001884,8,SOCIAL_STUDIES,260.7,BELOW_BASIC,35,82.46,33.89,2025,94.61,0.71,0.23,18.27,8.16,2.01,20.21,28080,C
2020-21,1001885,20001885,2,ELA,243.2,BASIC,26,88.9,10.88,2016,77.45,11.64,7.92,11.37,6.69,8.65,25.1,9860,B
2022-23,1001886,20001886,12,ELA,179.9,PROFICIENT,25,92.32,29.99,2025,73.33,11.87,23.72,21.99,32.07,4.48,19.25,11028,C
2022-23,1001887,20001887,10,SCIENCE,269.8,BASIC,64,84.1,26.08,2024,82.34,7.88,22.57,20.95,22.33,0.55,21.47,16766,B
2019-20,1001888,20001888,6,SCIENCE,297.6,BELOW_BASIC,55,98.29,19.25,2018,87.65,8.27,7.9,16.67,17.51,17.82,19.1,13783,C
2019-20,1001889,20001889,8,ELA,257.4,BASIC,29,92.83,21.97,2025,60.5,2.37,19.51,15.49,6.85,13.99,10.24,13565,NA
2017-18,1001890,20001890,7,SOCIAL_STUDIES,257.4,PROFICIENT,97,83.43,29.04,2016,94.31,0.31,14.36,11.73,14.88,5.64,18.45,27554,F
2019-20,1001891,20001891,9,ELA,291.2,BASIC,9,94.04,29.57,2017,81.96,1.19,23.36,9.13,11.53,11.17,23.67,28755,B
2021-22,1001892,20001892,4,ELA,292.8,BASIC,92,86.7,6.95,2019,75.77,11.11,12.1,19.8,31.87,16.76,13.52,21689,B
2019-20,1001893,20001893,4,SOCIAL_STUDIES,233.2,BASIC,19,88.92,19.09,2021,68.67,5.7,5.61,14.65,17.33,5.51,19.34,11976,A
2019-20,1001894,20001894,8,SOCIAL_STUDIES,265.9,ADVANCED,51,83.38,10.1,2020,62.25,9.88,10.45,19.58,30.77,17.45,19.45,16208,B
2020-21,1001895,20001895,7,SOCIAL_STUDIES,284.8,BASIC,62,92.38,29.7,2022,97.26,0.06,17.42,12.19,28.0,16.91,15.0,21120,A
2018-19,1001896,20001896,K,SCIENCE,337.6,BELOW_BASIC,43,88.43,32.17,2018,71.12,9.22,18.81,18.89,19.25,17.39,21.81,12194,D
2019-20,1001897,20001897,8,MATH,202.7,BASIC,40,82.81,20.17,2024,87.97,9.97,9.69,7.93,19.79,14.97,12.62,12976,A
2020-21,1001898,20001898,8,MATH,272.1,BASIC,65,83.45,32.66,2021,89.1,9.11,18.8,21.77,9.21,9.76,22.9,31873,F
2024-25,1001899,20001899,11,SOCIAL_STUDIES,330.8,PROFICIENT,12,93.74,27.29,2025,97.48,7.99,22.1,21.49,7.39,8.05,20.8,18604,B
2022-23,1001900,20001900,3,SOCIAL_STUDIES,164.7,BASIC,94,88.42,8.51,2017,87.28,10.27,15.98,11.05,18.27,6.35,12.8,22115,A
2024-25,1001901,20001901,4,SOCIAL_STUDIES,182.9,PROFICIENT,91,81.5,25.84,2017,91.14,4.77,22.16,19.75,18.04,3.13,12.64,8663,B
2024-25,1001902,20001902,11,ELA,171.6,PROFICIENT,63,85.57,19.67,2024,60.7,7.93,5.81,21.78,31.08,17.75,23.05,24698,A
2024-25,1001903,20001903,9,ELA,254.3,PROFICIENT,45,91.19,25.12,2022,83.48,8.71,7.44,9.96,15.31,5.93,15.86,21974,C
2017-18,1001904,20001904,9,MATH,317.3,BASIC,5,87.73,9.47,2018,78.74,7.23,13.67,16.69,32.88,4.71,19.66,17190,C
2024-25,1001905,20001905,1,SOCIAL_STUDIES,292.8,BELOW_BASIC,87,96.7,33.09,2024,74.96,8.2,16.23,16.8,31.11,9.71,17.12,14182,C
2017-18,1001906,20001906,2,MATH,200.0,BASIC,66,89.13,13.87,2020,60.8,1.38,1.44,16.36,22.92,5.84,14.51,19651,C
2019-20,1001907,20001907,8,ELA,269.8,ADVANCED,62,95.6,20.67,2016,81.46,4.82,19.16,17.45,22.4,10.82,19.17,31335,A
2017-18,1001908,20001908,1,MATH,255.0,PROFICIENT,85,92.22,2.11,2021,80.24,9.09,10.08,13.15,23.58,15.77,24.62,10064,A
2019-20,1001909,20001909,4,SCIENCE,338.9,BELOW_BASIC,5,82.0,32.07,2020,91.75,9.12,15.11,6.13,19.69,12.51,14.88,20266,D
2022-23,1001910,20001910,7,SCIENCE,196.3,BELOW_BASIC,54,83.31,29.25,2020,75.13,5.7,22.07,15.02,29.91,5.84,18.57,20328,A
2024-25,1001911,20001911,9,SOCIAL_STUDIES,195.4,ADVANCED,5,84.69,4.62,2022,71.24,4.1,9.6,8.05,11.78,17.04,16.28,24594,C
2023-24,1001912,20001912,3,MATH,338.5,BASIC,56,92.86,23.25,2022,62.93,3.03,18.09,7.26,24.17,11.86,22.25,10689,B
2023-24,1001913,20001913,4,SOCIAL_STUDIES,213.7,BASIC,80,95.92,31.64,2018,80.15,0.94,24.08,16.2,15.77,0.07,16.24,30204,C
2022-23,1001914,20001914,2,ELA,252.7,BELOW_BASIC,34,86.49,3.42,2023,68.26,10.22,10.71,6.05,28.83,4.88,21.43,25163,A
2023-24,1001915,20001915,10,ELA,179.1,PROFICIENT,27,85.55,16.61,2018,97.67,7.27,3.13,6.28,2.15,2.88,14.62,20139,D
2021-22,1001916,20001916,11,SCIENCE,233.7,ADVANCED,67,97.28,7.11,2020,82.32,1.93,1.99,20.98,10.29,2.47,24.23,20184,A
2020-21,1001917,20001917,1,ELA,238.1,BASIC,26,97.61,28.34,2020,77.5,1.44,5.74,18.4,1.39,15.04,25.35,19930,D
2020-21,1001918,20001918,3,SCIENCE,246.8,ADVANCED,70,83.93,4.94,2017,77.55,10.95,6.59,11.26,3.76,5.74,19.65,25673,B
2020-21,1001919,20001919,1,ELA,304.7,ADVANCED,5,90.52,3.48,2020,72.82,4.22,15.81,7.6,7.61,4.99,25.21,23590,D
2023-24,1001920,20001920,8,SOCIAL_STUDIES,177.5,BASIC,73,94.64,19.22,2019,87.62,11.26,11.52,20.94,21.68,4.32,12.14,16960,D
2021-22,1001921,20001921,7,SOCIAL_STUDIES,294.0,BELOW_BASIC,52,91.05,21.61,2021,78.86,2.59,25.0,12.74,37.92,13.37,21.9,13401,A
2017-18,1001922,20001922,6,SOCIAL_STUDIES,313.9,BELOW_BASIC,74,81.87,16.58,2021,67.3,5.08,3.75,18.99,3.89,6.84,24.43,15647,F
2018-19,1001923,20001923,K,SCIENCE,307.9,BELOW_BASIC,60,80.79,7.19,2016,91.27,1.8,21.59,11.31,31.88,0.77,10.19,28470,A
2017-18,1001924,20001924,12,ELA,288.7,BASIC,32,95.26,31.46,2016,63.04,1.6,19.63,18.0,9.54,1.65,20.31,25283,A
2020-21,1001925,20001925,9,ELA,289.1,BASIC,68,90.72,5.54,2021,70.93,10.73,23.28,20.74,9.5,15.07,22.92,19849,A
2021-22,1001926,20001926,5,SOCIAL_STUDIES,225.5,BELOW_BASIC,2,86.71,12.53,2017,70.3,4.97,1.45,9.0,13.17,11.5,17.48,10783,C
2023-24,1001927,20001927,12,ELA,343.5,ADVANCED,21,94.99,21.52,2024,75.3,11.69,14.33,7.69,10.6,13.35,20.03,25367,F
2018-19,1001928,20001928,6,SCIENCE,182.9,BASIC,1,88.72,27.1,2018,68.62,7.09,17.9,11.78,12.57,3.25,13.67,19455,NA
2021-22,1001929,20001929,8,SOCIAL_STUDIES,164.7,PROFICIENT,79,83.0,3.51,2020,79.31,9.26,12.85,11.18,32.53,12.76,19.57,23697,F
2023-24,1001930,20001930,2,ELA,236.9,ADVANCED,77,82.4,17.53,2020,90.57,9.52,18.41,6.24,35.43,1.41,20.25,16607,D
2022-23,1001931,20001931,6,SCIENCE,162.0,ADVANCED,13,94.77,8.45,2021,72.13,10.71,17.32,12.14,6.99,9.08,22.77,8458,A
2020-21,1001932,20001932,11,SOCIAL_STUDIES,163.9,BASIC,59,96.88,9.41,2017,80.8,6.47,17.83,13.23,17.95,2.3,23.62,27185,B
2022-23,1001933,20001933,11,MATH,214.6,PROFICIENT,91,80.79,25.95,2023,78.52,1.75,10.67,6.19,2.11,11.73,12.86,17822,C
2018-19,1001934,20001934,12,MATH,257.2,PROFICIENT,36,87.54,17.73,2022,77.96,8.68,23.81,10.34,23.2,10.43,10.41,24114,B
2021-22,1001935,20001935,7,SCIENCE,255.7,PROFICIENT,47,95.67,10.28,2024,85.0,10.87,24.79,16.1,31.7,5.58,20.04,23852,C
2022-23,1001936,20001936,7,SCIENCE,201.9,PROFICIENT,72,95.05,24.56,2021,76.57,10.43,23.1,11.76,20.48,0.34,20.71,24494,F
2017-18,1001937,20001937,3,SCIENCE,343.9,BASIC,2,92.08,24.19,2019,84.05,9.52,6.56,7.38,8.34,11.76,19.91,17160,A
2022-23,1001938,20001938,4,ELA,160.6,PROFICIENT,16,86.31,20.64,2025,61.66,3.01,11.83,14.13,4.45,12.79,10.98,15450,B
2018-19,1001939,20001939,8,MATH,227.8,BASIC,21,97.46,10.85,2020,95.02,10.16,5.76,18.35,18.2,1.02,12.03,24810,D
2024-25,1001940,20001940,3,ELA,195.5,PROFICIENT,19,92.2,23.76,2018,75.51,9.67,3.4,20.43,26.86,13.92,24.18,11241,B
2024-25,1001941,20001941,12,SCIENCE,294.0,PROFICIENT,71,97.8,5.63,2024,95.33,1.89,21.8,13.25,35.64,15.08,16.58,13554,B
2017-18,1001942,20001942,6,SOCIAL_STUDIES,287.7,PROFICIENT,36,99.07,18.23,2017,76.16,6.03,3.54,9.09,7.0,7.5,18.92,28067,NA
2023-24,1001943,20001943,11,MATH,177.8,BASIC,49,82.31,26.63,2018,79.05,4.91,23.1,8.8,20.46,15.56,12.39,28920,A
2019-20,1001944,20001944,1,ELA,207.5,BASIC,60,98.86,31.72,2016,67.64,0.74,7.06,18.76,17.87,8.52,20.05,16852,C
2018-19,1001945,20001945,5,MATH,275.2,PROFICIENT,14,96.57,4.45,2023,82.41,4.21,21.17,13.78,14.68,2.88,14.83,25102,D
2019-20,1001946,20001946,12,SCIENCE,167.7,ADVANCED,93,86.91,8.58,2021,87.08,10.49,2.75,10.25,26.54,11.16,11.3,28324,B
2024-25,1001947,20001947,K,SCIENCE,240.8,ADVANCED,11,95.01,18.83,2016,74.13,1.58,3.74,11.1,13.17,14.56,13.26,19522,D
2017-18,1001948,20001948,K,SCIENCE,345.3,BELOW_BASIC,82,96.1,18.23,2020,66.75,6.49,5.18,11.22,13.53,13.47,11.33,10648,F
2024-25,1001949,20001949,1,MATH,220.7,ADVANCED,49,94.2,12.83,2022,71.24,5.38,20.01,15.61,13.35,4.47,18.78,23345,C
2021-22,1001950,20001950,7,ELA,270.9,BASIC,12,95.88,31.54,2022,95.93,1.06,23.27,21.63,3.22,2.0,19.61,11617,A
2018-19,1001951,20001951,8,MATH,258.2,BASIC,90,87.23,34.58,2022,60.08,0.78,15.08,6.65,10.02,5.98,19.91,24420,F
2024-25,1001952,20001952,5,ELA,253.4,PROFICIENT,95,92.9,31.69,2023,68.48,0.19,4.19,17.59,26.7,1.13,22.49,12987,B
2019-20,1001953,20001953,1,SOCIAL_STUDIES,193.1,BASIC,31,98.95,29.58,2018,82.47,2.33,18.77,18.74,33.7,4.28,20.25,21345,C
2021-22,1001954,20001954,10,ELA,222.8,PROFICIENT,20,86.96,15.02,2020,93.09,11.55,18.3,11.17,7.23,4.08,18.75,28265,B
2024-25,1001955,20001955,4,SOCIAL_STUDIES,298.5,BELOW_BASIC,58,93.61,25.81,2021,97.74,1.86,17.74,17.46,24.72,14.72,12.91,26954,NA
2023-24,1001956,20001956,7,MATH,229.3,PROFICIENT,65,92.62,33.47,2025,95.55,4.97,8.27,17.98,37.62,7.75,16.94,19997,B
2020-21,1001957,20001957,K,SCIENCE,335.0,BASIC,91,82.87,29.77,2021,72.28,5.57,2.86,10.78,25.47,2.71,24.48,31799,B
2024-25,1001958,20001958,6,SCIENCE,190.1,BELOW_BASIC,74,97.58,10.71,2023,60.77,8.2,3.53,13.14,18.42,11.65,24.21,24611,D
2019-20,1001959,20001959,4,ELA,159.9,BASIC,79,80.68,24.76,2018,84.14,11.19,2.49,6.11,21.95,6.76,21.3,8606,F
2022-23,1001960,20001960,10,ELA,238.1,PROFICIENT,51,96.02,7.96,2023,67.79,6.27,0.43,15.46,1.92,3.51,22.6,24383,C
2022-23,1001961,20001961,9,ELA,341.6,BASIC,24,84.48,21.39,2018,62.51,10.25,10.65,15.71,10.42,11.2,24.92,17172,A
2022-23,1001962,20001962,12,SCIENCE,241.7,PROFICIENT,22,99.33,17.73,2020,85.52,2.43,10.59,16.54,14.82,0.84,10.65,14554,D
2021-22,1001963,20001963,2,ELA,265.2,ADVANCED,16,84.73,4.21,2021,85.4,6.84,14.02,9.44,22.93,3.66,20.94,17877,B
2019-20,1001964,20001964,1,ELA,219.1,PROFICIENT,79,92.7,13.63,2022,82.6,2.43,9.25,9.62,4.03,0.84,21.23,30565,B
2018-19,1001965,20001965,8,MATH,343.2,BELOW_BASIC,50,97.4,32.45,2022,66.54,1.56,22.25,14.63,35.55,15.12,22.5,20427,B
2018-19,1001966,20001966,4,MATH,285.0,BELOW_BASIC,8,84.21,15.48,2021,60.93,1.62,15.94,6.73,18.9,0.86,10.45,31117,C
2019-20,1001967,20001967,1,SOCIAL_STUDIES,245.7,BASIC,77,88.8,12.84,2018,63.39,2.77,18.74,10.79,30.51,4.21,12.67,28334,C
2023-24,1001968,20001968,K,MATH,340.8,BASIC,37,90.34,15.91,2023,64.64,2.89,0.52,20.86,27.03,12.07,20.61,18049,A
2018-19,1001969,20001969,K,MATH,314.4,PROFICIENT,36,81.24,28.58,2018,84.19,7.03,7.89,21.95,13.94,16.95,16.15,26469,B
2021-22,1001970,20001970,4,SOCIAL_STUDIES,308.1,ADVANCED,99,90.21,11.05,2017,75.21,8.06,15.56,17.39,34.31,15.92,22.56,26810,B
2023-24,1001971,20001971,9,SOCIAL_STUDIES,295.6,PROFICIENT,32,81.0,24.73,2018,84.9,5.98,6.87,7.11,15.79,8.99,20.03,29351,B
2018-19,1001972,20001972,6,SCIENCE,155.4,PROFICIENT,89,87.25,32.07,2019,60.84,1.03,10.82,7.29,31.79,8.04,17.03,7271,D
2022-23,1001973,20001973,7,SCIENCE,207.3,BELOW_BASIC,23,95.58,7.49,2020,60.42,6.73,6.54,11.8,29.81,9.3,13.72,26476,D
2019-20,1001974,20001974,6,ELA,192.4,PROFICIENT,20,85.54,27.32,2018,89.61,6.04,5.09,10.96,29.77,17.44,18.25,8297,D
2019-20,1001975,20001975,12,SCIENCE,282.4,ADVANCED,97,87.26,21.19,2025,97.23,7.42,17.82,16.76,19.44,12.54,15.77,26826,D
2019-20,1001976,20001976,6,MATH,214.6,BELOW_BASIC,73,85.22,2.97,2022,93.33,11.03,19.28,11.65,33.27,5.13,21.75,24685,A
2023-24,1001977,20001977,1,SOCIAL_STUDIES,265.2,BASIC,5,94.83,4.62,2018,69.52,2.99,9.68,18.53,14.03,5.49,15.03,28254,C
2019-20,1001978,20001978,10,MATH,231.4,BELOW_BASIC,65,82.62,20.35,2023,70.68,9.86,8.82,7.32,23.21,10.2,18.39,17708,A
2024-25,1001979,20001979,1,SCIENCE,287.8,ADVANCED,79,95.35,13.52,2016,92.99,3.25,5.68,15.64,7.86,1.12,16.3,15920,A
2018-19,1001980,20001980,K,ELA,288.4,BASIC,89,92.13,34.57,2018,63.86,9.69,15.37,18.04,29.87,8.09,17.46,25358,F
2019-20,1001981,20001981,9,MATH,289.0,PROFICIENT,5,87.09,13.38,2019,84.08,11.56,0.43,17.12,11.7,4.26,20.6,30753,C
2021-22,1001982,20001982,9,SOCIAL_STUDIES,253.8,BELOW_BASIC,3,89.52,25.5,2019,61.52,3.97,12.11,6.17,33.1,14.21,10.25,15816,B
2023-24,1001983,20001983,6,SOCIAL_STUDIES,209.3,BELOW_BASIC,14,97.48,32.58,2022,66.19,0.13,1.43,13.6,7.27,17.38,17.29,13067,B
2023-24,1001984,20001984,8,ELA,283.8,BASIC,75,97.2,29.46,2016,89.4,3.52,14.69,20.69,1.74,3.43,20.05,21182,B
2020-21,1001985,20001985,1,SCIENCE,172.5,BASIC,32,89.36,23.3,2016,75.02,3.42,14.08,8.31,29.55,2.75,10.19,30273,F
2020-21,1001986,20001986,11,SCIENCE,278.9,PROFICIENT,13,87.61,12.87,2016,74.32,6.65,18.78,9.44,23.52,14.42,10.62,12729,C
2022-23,1001987,20001987,7,ELA,180.0,BELOW_BASIC,88,95.35,26.68,2023,68.42,7.07,24.32,8.36,21.42,12.81,11.5,14646,B
2021-22,1001988,20001988,11,ELA,301.6,BELOW_BASIC,32,82.02,8.73,2016,66.67,1.92,22.5,14.84,0.13,6.28,13.65,7608,D
2022-23,1001989,20001989,12,MATH,253.4,BASIC,90,87.8,16.95,2018,71.13,1.71,0.23,11.22,31.5,11.8,23.18,25865,B
2022-23,1001990,20001990,11,SOCIAL_STUDIES,180.1,ADVANCED,53,92.66,30.33,2025,65.36,5.42,4.3,10.23,11.82,14.88,20.53,9231,B
2020-21,1001991,20001991,11,SOCIAL_STUDIES,338.5,ADVANCED,80,89.78,13.33,2025,88.57,1.49,10.3,7.8,18.24,16.46,15.56,22113,A
2021-22,1001992,20001992,9,MATH,294.1,BASIC,33,87.94,24.64,2019,83.73,3.7,22.64,15.69,34.8,0.02,17.69,21663,C
2019-20,1001993,20001993,8,SOCIAL_STUDIES,284.3,BASIC,64,97.98,8.15,2021,89.61,10.31,17.29,15.28,22.31,17.65,12.64,31562,A
2019-20,1001994,20001994,4,ELA,241.4,ADVANCED,36,97.77,32.53,2018,73.4,11.79,8.8,10.73,0.99,12.5,19.89,22077,B
2018-19,1001995,20001995,3,MATH,315.7,BELOW_BASIC,58,84.57,24.48,2025,87.57,3.87,3.92,15.16,30.09,11.27,12.18,9415,C
2023-24,1001996,20001996,1,SCIENCE,181.0,ADVANCED,27,87.99,4.57,2024,77.69,10.04,15.64,10.36,25.02,5.84,10.59,8360,B
2022-23,1001997,20001997,5,ELA,259.9,PROFICIENT,1,93.78,29.34,2021,96.71,10.09,14.09,10.13,18.76,14.01,11.76,8435,C
2021-22,1001998,20001998,3,MATH,232.5,BASIC,10,96.61,5.58,2020,63.9,9.72,4.35,21.97,37.37,9.77,17.76,11070,B
2019-20,1001999,20001999,4,MATH,150.1,PROFICIENT,9,99.39,20.32,2020,73.09,7.26,21.52,18.66,37.15,16.92,19.87,30412,B
2024-25,1002000,20002000,1,SOCIAL_STUDIES,328.3,BASIC,50,90.15,14.32,2021,74.14,5.54,16.64,21.25,30.24,2.91,21.85,25217,B
