food_access_assessment_year,food_access_neighborhood_index_id,food_access_grocery_store_distance_miles,food_access_supermarket_density_per_10k,food_access_farmers_market_access_flag,food_access_snap_authorized_retailer_count,food_access_wic_vendor_count,food_access_food_desert_classification,food_access_healthy_food_availability_score,food_access_price_healthy_basket_usd,food_access_fast_food_density_per_10k,food_access_sugary_drink_outlet_density,food_access_school_meal_coverage_rate,food_access_community_garden_count,food_access_public_transit_to_food_score,food_access_diet_related_disease_risk_score,food_access_household_food_insecurity_rate,food_access_nutrition_education_program_flag,food_access_cultural_food_preference_index,food_access_policy_support_score
2016,NBH0000000001,12.38,3.3709,1,472,171,NO_DESERT,90.51,160.12,1.4713,5.3362,42.57,177,56.25,36.74,26.8,0,7.05,25.07
2009,NBH0000000002,8.765,11.5664,1,2582,1657,NO_DESERT,68.0,257.34,19.8095,1.3251,49.33,378,16.18,58.28,26.91,0,47.42,56.68
2020,NBH0000000003,21.634,9.6365,0,1087,70,NO_DESERT,9.84,322.21,4.0166,4.2524,1.02,480,16.58,11.35,34.45,0,32.23,55.79
2017,NBH0000000004,23.914,8.6102,0,2977,1237,NO_DESERT,45.26,343.53,10.633,11.6413,50.29,136,19.31,91.33,43.01,1,94.74,36.51
2015,NBH0000000005,9.78,5.8565,0,859,1145,LOW_ACCESS,56.79,181.81,18.4325,1.5588,29.91,409,67.37,11.58,37.23,1,57.07,57.37
2025,NBH0000000006,9.205,7.3823,1,3624,1226,LOW_ACCESS,57.88,60.03,15.0981,6.1232,81.59,59,32.45,31.95,31.27,0,13.18,21.12
2011,NBH0000000007,11.561,8.4426,1,3203,1474,NO_DESERT,68.82,145.17,21.8397,12.8119,65.0,75,21.14,78.53,2.28,1,14.53,62.38
2023,NBH0000000008,5.342,10.1389,0,1817,1473,NO_DESERT,98.41,319.78,18.9092,18.4733,99.47,411,24.25,15.23,19.05,0,46.05,67.3
2010,NBH0000000009,8.657,9.4488,1,2267,1517,URBAN_LOW_ACCESS,14.31,122.73,13.2837,6.5268,12.65,143,74.94,42.38,8.66,1,71.62,79.26
2016,NBH0000000010,22.513,5.6449,0,904,1698,NO_DESERT,36.04,116.51,7.4162,8.5004,44.76,261,92.48,30.73,1.59,1,58.09,12.98
2024,NBH0000000011,7.664,10.8008,0,4348,348,LOW_ACCESS,65.25,272.85,29.3714,13.9699,51.66,264,60.41,88.23,32.02,0,81.7,63.33
2018,NBH0000000012,22.047,0.2805,0,296,1098,LOW_INCOME_LOW_ACCESS,61.43,127.52,18.0182,4.6708,18.04,163,3.49,39.23,31.58,1,54.05,60.95
2016,NBH0000000013,3.462,2.6436,0,323,224,NO_DESERT,28.48,69.66,28.6959,6.2596,6.0,157,27.49,85.71,18.13,1,21.43,25.89
2011,NBH0000000014,18.228,5.2326,0,3086,66,NO_DESERT,45.44,181.6,4.891,0.9918,75.72,428,16.19,22.71,42.18,0,24.14,89.06
2008,NBH0000000015,16.754,10.6261,0,2428,289,NO_DESERT,49.31,210.37,8.8306,8.9881,89.86,94,3.1,89.69,12.75,1,16.57,71.08
2008,NBH0000000016,0.003,2.7136,1,3883,288,NO_DESERT,0.81,119.81,3.316,5.9442,96.88,130,99.68,11.5,4.34,1,90.91,79.83
2019,NBH0000000017,11.194,0.1325,0,4034,1466,LOW_INCOME_LOW_ACCESS,52.81,127.37,9.8907,14.7477,54.22,471,28.04,95.86,22.93,0,43.33,77.94
2009,NBH0000000018,9.733,9.7435,0,1637,85,RURAL_LOW_ACCESS,10.9,41.83,25.2112,15.3777,91.21,75,53.54,52.3,11.31,1,99.57,42.49
2018,NBH0000000019,10.284,3.0432,0,3520,1405,URBAN_LOW_ACCESS,89.21,16.51,26.4181,12.7969,25.74,443,61.43,98.79,26.38,1,2.83,16.34
2020,NBH0000000020,7.452,8.841,0,1827,1390,NO_DESERT,68.25,332.56,29.6396,20.8982,31.16,142,1.73,14.3,11.58,1,74.26,30.48
2019,NBH0000000021,4.824,5.551,0,577,519,LOW_INCOME_LOW_ACCESS,33.47,153.84,29.7835,17.9194,57.75,373,35.16,99.97,39.56,1,68.79,27.62
2022,NBH0000000022,9.337,1.5038,0,4320,351,URBAN_LOW_ACCESS,36.44,204.36,2.9484,12.0822,12.82,299,14.13,79.92,17.69,1,23.46,17.99
2022,NBH0000000023,2.005,8.8315,0,3079,1462,LOW_ACCESS,40.91,135.49,25.118,11.1668,26.45,472,24.26,74.59,10.94,1,62.67,64.21
2022,NBH0000000024,4.619,8.4084,0,751,9,NO_DESERT,67.61,223.97,8.5309,16.3565,62.1,254,18.28,49.94,5.27,0,8.83,56.97
2019,NBH0000000025,13.523,1.2916,0,2004,774,LOW_ACCESS,21.58,45.79,14.7108,15.6695,11.23,378,39.65,2.76,0.89,0,93.95,92.8
2022,NBH0000000026,21.397,3.4581,0,2331,102,NO_DESERT,49.52,62.38,9.77,6.3702,30.09,371,95.55,19.93,15.81,0,99.85,82.47
2014,NBH0000000027,24.104,9.714,1,4019,748,RURAL_LOW_ACCESS,45.17,132.67,12.4095,8.2779,84.43,327,67.95,90.49,35.26,0,60.28,61.29
2013,NBH0000000028,18.205,1.0135,0,240,1319,LOW_INCOME_LOW_ACCESS,58.07,117.12,23.8038,13.9874,15.8,201,28.29,83.55,9.55,1,98.18,29.13
2016,NBH0000000029,21.562,0.5944,0,1231,1025,NO_DESERT,24.68,143.11,0.4281,11.455,26.52,389,66.35,29.01,22.05,1,15.16,30.61
2020,NBH0000000030,3.804,7.4122,1,2857,617,URBAN_LOW_ACCESS,15.95,273.34,6.0029,17.1259,0.45,244,38.71,85.78,39.31,0,45.05,17.37
2012,NBH0000000031,5.706,4.9141,1,1946,1589,NO_DESERT,27.52,291.67,25.2947,14.3134,68.86,195,31.54,42.47,3.29,1,81.94,88.45
2021,NBH0000000032,10.802,1.9148,1,1806,1278,NO_DESERT,7.36,157.36,17.3872,16.3792,73.95,264,40.76,72.2,44.93,1,53.36,43.28
2012,NBH0000000033,22.07,9.6904,0,2272,699,RURAL_LOW_ACCESS,30.51,31.14,18.5309,13.0534,26.75,34,24.95,45.3,22.46,0,9.97,46.42
2023,NBH0000000034,15.108,1.9256,1,3802,1737,URBAN_LOW_ACCESS,3.74,340.82,8.1622,4.0659,79.09,261,5.67,71.18,16.36,0,2.17,38.28
2015,NBH0000000035,2.83,7.8507,0,555,138,LOW_ACCESS,66.45,109.7,15.4893,21.6426,19.6,104,13.07,37.6,20.72,0,45.43,17.53
2012,NBH0000000036,8.916,8.5107,0,3442,755,NO_DESERT,5.75,49.05,7.5216,7.2517,96.51,416,83.3,31.62,27.08,0,96.03,88.18
2015,NBH0000000037,24.96,3.8017,0,176,375,RURAL_LOW_ACCESS,65.72,96.19,14.9828,20.9493,48.56,14,62.43,19.84,5.94,1,91.43,14.39
2024,NBH0000000038,11.752,1.8279,1,3724,110,NO_DESERT,71.2,100.15,18.9779,24.9029,47.88,293,69.94,10.84,30.23,0,40.27,31.97
2014,NBH0000000039,18.738,8.5244,1,1373,723,NO_DESERT,41.33,137.96,27.2411,11.5389,96.49,148,39.94,94.83,26.26,1,34.16,45.92
2024,NBH0000000040,2.217,11.701,0,3325,63,NO_DESERT,89.02,195.02,0.9091,1.9271,18.55,396,11.5,57.42,10.17,0,7.42,45.8
2021,NBH0000000041,12.569,5.5236,1,176,1120,RURAL_LOW_ACCESS,84.77,70.71,27.1666,22.704,74.27,310,42.32,68.44,14.29,0,74.32,25.83
2009,NBH0000000042,20.665,10.968,0,1176,1477,NO_DESERT,64.09,262.38,13.0301,21.0586,21.12,124,97.17,99.41,28.09,1,23.92,81.97
2016,NBH0000000043,22.307,10.5506,0,4360,578,RURAL_LOW_ACCESS,62.42,178.22,22.9876,2.2895,83.15,42,52.94,68.17,13.36,0,34.77,76.32
2020,NBH0000000044,4.18,7.9934,1,3246,1048,NO_DESERT,35.22,215.65,2.5418,19.5086,2.19,245,83.04,16.97,24.66,0,90.54,56.17
2025,NBH0000000045,5.758,3.5103,0,3405,1197,NO_DESERT,29.2,107.95,21.1163,19.3623,54.71,472,8.31,30.72,20.4,0,43.09,34.28
2013,NBH0000000046,7.512,7.8143,1,2541,1328,NO_DESERT,35.82,262.07,12.3872,6.9873,72.06,477,45.92,93.46,42.63,0,100.0,43.83
2008,NBH0000000047,3.659,2.878,0,1285,1695,RURAL_LOW_ACCESS,82.69,47.3,26.0137,16.0258,42.04,43,82.13,90.1,12.85,0,20.6,83.45
2016,NBH0000000048,7.977,1.9103,1,4491,1408,NO_DESERT,20.05,242.15,21.9815,21.5466,76.62,349,6.83,48.23,13.47,0,32.53,66.82
2019,NBH0000000049,21.255,10.9899,0,4481,1385,NO_DESERT,25.04,93.86,4.6874,22.1592,91.38,430,73.34,9.46,2.92,1,83.8,95.66
2014,NBH0000000050,9.22,8.2485,1,1932,530,NO_DESERT,99.1,284.06,29.8861,4.8219,87.19,490,54.21,83.91,17.46,1,9.7,77.36
2010,NBH0000000051,21.1,4.6585,0,3569,220,NO_DESERT,85.78,130.27,3.8946,18.3957,78.74,19,87.41,60.51,43.93,0,92.95,55.9
2008,NBH0000000052,19.629,5.966,1,3179,1192,NO_DESERT,7.89,277.47,10.9515,11.3063,23.6,227,85.04,59.12,2.13,0,73.37,31.74
2013,NBH0000000053,4.873,3.2251,0,3624,1211,NO_DESERT,45.85,30.02,21.4077,2.655,29.16,330,44.97,46.53,25.63,1,79.96,32.66
2008,NBH0000000054,22.883,5.8313,0,2564,612,LOW_INCOME_LOW_ACCESS,2.26,80.23,20.2272,18.1568,97.75,109,34.61,93.25,18.98,0,21.53,48.94
2014,NBH0000000055,2.501,3.5638,0,1346,161,NO_DESERT,96.28,244.78,23.8691,3.6295,50.91,426,91.65,83.29,19.43,1,17.27,84.24
2017,NBH0000000056,23.549,9.6677,0,2544,963,LOW_ACCESS,48.85,231.0,18.3308,23.0507,88.96,296,28.03,42.58,39.99,0,14.21,41.15
2021,NBH0000000057,22.276,3.0299,0,3610,533,NO_DESERT,78.26,176.84,28.6107,17.6556,48.87,243,17.63,97.68,42.56,0,14.77,47.12
2022,NBH0000000058,23.577,0.9336,1,848,1521,LOW_ACCESS,79.46,29.68,20.4932,14.7838,87.59,475,74.14,74.9,24.65,0,30.19,45.45
2016,NBH0000000059,17.815,6.1717,0,4425,1666,URBAN_LOW_ACCESS,54.69,226.91,6.1563,20.6239,9.15,152,99.84,13.12,26.71,1,58.75,52.03
2023,NBH0000000060,20.979,10.102,1,2347,906,URBAN_LOW_ACCESS,15.92,180.6,25.6222,2.1696,34.67,234,67.05,41.77,31.49,0,93.16,32.57
2011,NBH0000000061,24.572,10.3452,1,3810,1582,LOW_ACCESS,20.86,293.71,15.8796,14.2967,91.86,408,26.31,47.16,33.16,0,49.85,35.38
2009,NBH0000000062,8.377,8.3937,0,2282,869,LOW_ACCESS,10.4,161.25,23.0806,15.636,20.7,354,90.22,22.12,43.78,1,6.59,20.51
2015,NBH0000000063,18.355,7.073,0,524,728,NO_DESERT,60.19,141.02,27.246,1.3552,76.26,116,13.59,25.37,41.93,0,46.13,72.08
2017,NBH0000000064,18.997,4.0414,1,2037,446,NO_DESERT,94.37,78.87,5.7646,0.1549,38.6,486,17.31,89.0,17.87,0,86.03,11.83
2015,NBH0000000065,14.883,7.1651,0,3927,235,LOW_INCOME_LOW_ACCESS,44.91,152.2,2.1712,4.8838,69.79,134,69.25,47.0,23.33,1,59.2,92.02
2015,NBH0000000066,24.739,11.9204,0,2778,1302,NO_DESERT,6.13,310.29,25.2203,11.1502,42.46,385,74.86,0.13,26.39,0,63.03,68.85
2016,NBH0000000067,3.367,4.9529,1,1098,649,LOW_ACCESS,53.69,288.29,28.7295,14.0112,93.68,370,38.63,15.76,44.82,0,38.61,8.91
2018,NBH0000000068,18.872,4.8929,1,2524,120,RURAL_LOW_ACCESS,8.09,268.33,16.7065,8.3083,71.68,283,41.14,65.14,18.26,1,84.72,74.49
2016,NBH0000000069,0.562,1.4602,0,537,957,NO_DESERT,46.21,290.06,28.4163,9.4473,4.12,205,21.44,61.17,30.7,0,64.63,61.53
2024,NBH0000000070,9.978,5.9384,0,1813,1769,RURAL_LOW_ACCESS,4.75,16.62,3.0166,6.8352,98.43,393,30.6,70.59,6.33,1,52.75,93.93
2017,NBH0000000071,13.575,3.882,0,762,394,NO_DESERT,20.39,335.18,20.9822,10.3614,99.12,92,6.3,22.86,21.76,0,5.87,7.9
2010,NBH0000000072,18.063,8.0149,1,4039,43,LOW_INCOME_LOW_ACCESS,62.62,114.09,27.5612,24.003,78.78,106,73.25,45.01,34.07,1,83.67,68.39
2018,NBH0000000073,0.373,2.432,0,3682,1164,NO_DESERT,17.85,30.84,29.4095,11.6486,19.33,219,73.94,79.02,13.44,1,52.73,50.01
2018,NBH0000000074,13.227,0.5247,0,1290,1716,LOW_INCOME_LOW_ACCESS,24.2,37.44,21.2438,21.5401,69.61,233,13.35,25.86,36.85,0,90.02,52.32
2018,NBH0000000075,1.677,4.126,0,3406,4,URBAN_LOW_ACCESS,97.4,189.72,25.6569,24.2039,45.52,204,46.77,76.6,7.21,0,0.94,2.24
2011,NBH0000000076,11.158,6.8917,1,2616,1519,URBAN_LOW_ACCESS,92.05,270.1,8.1419,1.6236,60.51,439,13.02,32.7,5.28,0,93.87,14.69
2020,NBH0000000077,4.954,8.7325,1,1552,933,LOW_INCOME_LOW_ACCESS,71.78,148.07,1.5163,3.7181,18.21,201,3.69,66.8,14.57,1,80.26,91.13
2010,NBH0000000078,2.374,3.975,1,145,149,URBAN_LOW_ACCESS,49.67,150.02,21.9375,19.7996,77.65,455,19.87,81.34,29.23,1,49.82,74.56
2024,NBH0000000079,12.321,10.49,1,3262,44,NO_DESERT,54.25,68.18,27.4746,19.1123,45.62,50,42.84,58.17,20.07,0,48.4,66.47
2018,NBH0000000080,11.34,2.3252,1,3754,1127,LOW_ACCESS,8.23,107.06,16.4637,7.8293,97.27,357,7.45,80.22,2.24,0,33.2,17.56
2010,NBH0000000081,20.957,5.3718,1,1763,1443,RURAL_LOW_ACCESS,23.78,306.4,4.457,10.0138,87.55,425,32.0,78.67,13.81,0,31.32,88.48
2019,NBH0000000082,7.883,7.1394,1,1512,1138,NO_DESERT,85.04,155.66,14.8,2.7093,89.72,140,46.84,19.45,27.56,1,91.59,86.6
2022,NBH0000000083,3.434,7.256,0,1467,739,LOW_ACCESS,32.6,246.03,22.5385,9.6989,25.42,39,65.23,46.35,15.61,1,11.86,79.68
2014,NBH0000000084,16.899,3.0871,1,1659,350,LOW_ACCESS,41.22,157.98,15.0846,6.0587,79.88,352,44.03,91.11,36.66,0,19.82,34.79
2018,NBH0000000085,12.976,7.5887,0,3438,1457,LOW_ACCESS,13.96,46.36,25.5884,3.116,96.62,156,25.65,67.76,44.29,1,90.67,23.39
2016,NBH0000000086,19.261,10.5569,0,1863,1591,RURAL_LOW_ACCESS,68.67,257.13,23.0048,14.5815,33.79,117,7.29,17.7,1.96,1,79.46,18.79
2018,NBH0000000087,11.878,2.8638,1,2905,853,URBAN_LOW_ACCESS,45.13,276.81,27.6934,14.3092,11.78,256,26.85,46.07,8.75,0,59.38,24.62
2020,NBH0000000088,13.919,4.781,0,2251,568,NO_DESERT,74.95,250.76,3.9707,2.9655,50.22,100,15.39,22.75,29.19,0,26.01,47.21
2020,NBH0000000089,8.972,9.0547,0,246,446,NO_DESERT,80.5,157.87,29.2177,11.7842,5.12,165,2.57,6.4,6.55,0,55.39,12.78
2018,NBH0000000090,13.02,9.5137,0,776,412,LOW_INCOME_LOW_ACCESS,99.68,329.39,7.6757,13.0683,36.43,54,51.71,72.9,0.97,0,61.73,2.94
2017,NBH0000000091,12.661,8.5473,0,2112,1248,NO_DESERT,32.2,114.82,21.3115,6.6348,62.66,481,40.51,39.41,36.09,0,33.54,93.73
2024,NBH0000000092,10.163,0.8445,0,3173,960,LOW_INCOME_LOW_ACCESS,80.92,190.47,17.9085,8.1,25.67,315,20.71,92.72,37.99,1,79.42,92.87
2019,NBH0000000093,6.494,6.6616,0,1164,1411,LOW_ACCESS,59.52,299.49,12.0301,5.7418,98.35,43,92.18,25.92,35.75,0,39.35,14.56
2024,NBH0000000094,20.18,0.232,0,2838,1084,NO_DESERT,39.4,216.5,26.0323,7.9218,64.59,36,69.83,76.3,22.3,0,6.32,69.35
2024,NBH0000000095,9.222,10.5736,0,2016,1345,LOW_ACCESS,3.0,340.28,1.3505,12.2631,48.68,254,10.3,6.24,15.91,0,9.69,3.04
2015,NBH0000000096,3.229,1.4709,0,1388,1434,NO_DESERT,67.8,81.76,27.8696,24.4181,28.73,176,84.55,55.89,32.21,1,80.05,93.55
2012,NBH0000000097,2.9,3.7164,0,3891,711,LOW_INCOME_LOW_ACCESS,79.39,210.76,25.9921,23.2169,20.77,99,23.9,5.16,41.59,0,14.89,13.57
2008,NBH0000000098,19.972,4.7079,0,3578,476,LOW_ACCESS,25.71,327.06,20.3695,10.3652,73.22,348,10.04,32.8,10.94,1,25.36,45.01
2015,NBH0000000099,10.119,0.3953,0,3771,460,NO_DESERT,63.12,224.42,27.2801,17.8429,59.98,65,81.47,97.1,19.62,1,49.33,45.29
2008,NBH0000000100,18.365,2.462,0,2605,690,URBAN_LOW_ACCESS,79.29,90.8,3.7305,10.3403,45.66,250,51.52,20.14,2.45,0,68.86,38.73
2009,NBH0000000101,21.659,7.0274,0,69,1,LOW_INCOME_LOW_ACCESS,37.15,280.67,28.9373,13.3491,78.08,117,2.26,64.72,16.15,0,35.1,46.19
2018,NBH0000000102,1.082,4.4702,0,3790,138,NO_DESERT,90.2,100.5,17.1892,4.9547,4.46,300,5.02,86.89,44.39,0,88.67,53.35
2022,NBH0000000103,23.943,6.6766,1,991,311,NO_DESERT,79.79,67.84,9.775,2.476,34.83,24,65.62,38.44,34.09,0,11.44,43.21
2021,NBH0000000104,13.363,5.8658,1,4049,1697,LOW_INCOME_LOW_ACCESS,96.0,47.43,20.8011,19.9891,77.87,184,60.46,79.39,12.28,0,45.18,3.62
2025,NBH0000000105,19.049,6.386,1,624,1469,NO_DESERT,81.15,199.03,29.0186,23.3617,66.15,77,97.56,86.64,11.94,0,48.27,36.01
2013,NBH0000000106,15.057,8.1857,0,1087,1181,URBAN_LOW_ACCESS,82.26,295.05,26.6768,21.0538,63.08,216,57.56,95.89,36.3,1,81.18,33.94
2017,NBH0000000107,8.838,2.1516,1,819,601,NO_DESERT,15.89,334.31,10.8256,15.8175,21.45,461,72.01,7.86,13.12,1,70.61,85.35
2025,NBH0000000108,16.613,10.0994,0,4164,1689,URBAN_LOW_ACCESS,39.77,157.5,21.3322,21.8922,22.49,46,95.76,34.67,9.22,1,98.67,69.92
2015,NBH0000000109,24.477,0.5679,0,215,304,URBAN_LOW_ACCESS,43.7,195.87,13.262,3.1528,71.63,399,83.33,84.44,20.45,1,26.02,28.15
2014,NBH0000000110,12.541,9.0684,0,1873,926,LOW_ACCESS,69.82,100.8,23.1102,14.6663,63.85,221,59.52,58.68,38.61,1,72.45,82.75
2011,NBH0000000111,11.663,10.3676,1,4000,1050,LOW_INCOME_LOW_ACCESS,50.81,202.19,8.166,21.7903,26.65,488,8.48,80.62,22.04,0,91.53,73.58
2022,NBH0000000112,5.01,3.7307,1,1830,855,NO_DESERT,48.25,335.6,1.9966,7.6585,78.7,320,91.58,49.95,25.22,0,37.21,69.24
2022,NBH0000000113,24.074,1.0437,0,831,460,NO_DESERT,2.83,32.98,23.0736,9.8303,87.83,319,14.93,90.15,9.46,1,85.73,53.18
2025,NBH0000000114,1.483,8.5777,1,2637,1768,LOW_ACCESS,1.71,304.43,20.0582,16.9419,84.29,476,29.57,42.68,19.49,0,12.08,29.62
2018,NBH0000000115,12.074,10.8083,0,3731,630,NO_DESERT,39.39,17.92,1.588,19.3142,94.91,150,92.7,36.78,29.33,0,48.71,59.34
2018,NBH0000000116,16.042,1.0024,0,551,306,URBAN_LOW_ACCESS,13.67,26.16,26.8491,11.4706,57.24,26,58.16,45.9,38.76,0,88.42,39.8
2019,NBH0000000117,6.997,8.8587,0,3853,1162,NO_DESERT,27.82,161.91,27.778,20.3204,42.73,101,28.54,70.48,43.12,1,15.69,30.33
2025,NBH0000000118,2.124,6.8241,1,304,1739,RURAL_LOW_ACCESS,53.45,264.75,23.4425,15.3425,76.8,363,54.98,23.48,40.43,0,87.06,60.29
2023,NBH0000000119,13.395,8.5359,1,2862,585,NO_DESERT,38.48,90.24,28.9788,18.5578,62.12,171,17.33,72.35,14.49,0,33.58,91.52
2023,NBH0000000120,24.285,6.645,1,2406,1544,NO_DESERT,57.49,236.21,16.8522,13.4037,47.78,150,52.78,69.81,30.29,1,70.34,37.93
2016,NBH0000000121,0.048,9.2817,0,1353,189,NO_DESERT,68.92,52.59,16.7376,2.4558,79.42,293,82.39,52.11,15.96,0,1.77,51.85
2023,NBH0000000122,9.068,8.555,1,700,44,LOW_INCOME_LOW_ACCESS,11.01,196.25,10.8646,22.5127,84.24,372,62.46,40.31,16.54,1,83.27,58.82
2018,NBH0000000123,23.047,7.9462,0,1334,288,LOW_INCOME_LOW_ACCESS,62.53,229.84,3.5594,15.9885,39.24,134,82.34,36.75,32.87,1,3.49,30.35
2015,NBH0000000124,9.647,10.9856,0,1286,519,NO_DESERT,63.78,202.36,28.3331,22.4337,40.41,210,49.43,21.68,25.59,0,64.28,74.91
2009,NBH0000000125,2.582,9.2449,1,4289,489,NO_DESERT,81.81,187.89,6.3119,1.0033,76.11,352,76.92,34.47,39.77,1,85.35,42.73
2017,NBH0000000126,12.532,7.8503,0,946,1684,NO_DESERT,79.4,195.03,0.5351,11.7031,30.39,368,6.11,11.9,4.04,0,9.01,94.96
2010,NBH0000000127,17.882,1.0807,0,570,211,LOW_ACCESS,0.49,146.31,6.7715,8.5799,89.22,408,16.06,13.58,35.22,1,21.83,60.45
2008,NBH0000000128,5.166,5.0827,0,2535,419,LOW_ACCESS,91.46,287.72,8.5627,13.4372,29.0,285,82.48,47.03,29.77,0,93.09,52.99
2008,NBH0000000129,6.099,10.9543,0,3151,402,NO_DESERT,3.33,195.45,17.5746,12.2517,56.94,491,45.52,80.71,13.79,1,21.41,12.94
2015,NBH0000000130,6.588,1.8463,1,3147,667,URBAN_LOW_ACCESS,25.92,119.71,29.7696,24.817,21.38,12,64.63,67.61,44.31,0,73.87,67.48
2025,NBH0000000131,17.106,6.4875,0,2523,1173,NO_DESERT,9.79,262.34,14.6754,3.1879,81.52,374,32.49,66.73,20.76,0,70.82,9.46
2009,NBH0000000132,3.47,1.161,0,3741,838,URBAN_LOW_ACCESS,87.03,168.67,13.0752,20.023,55.52,258,12.22,31.15,21.2,0,32.15,60.56
2010,NBH0000000133,18.532,9.9833,0,1253,32,LOW_ACCESS,99.4,127.43,6.0395,17.6196,67.71,181,67.41,78.28,10.48,0,92.52,61.7
2019,NBH0000000134,14.782,1.5698,0,2013,759,NO_DESERT,66.71,221.45,14.1732,8.2562,93.1,138,45.8,36.91,43.08,0,99.66,64.61
2021,NBH0000000135,2.023,8.3163,0,4345,310,URBAN_LOW_ACCESS,60.92,174.96,4.2137,11.4709,18.11,343,34.64,50.71,18.75,0,24.48,86.9
2009,NBH0000000136,22.456,2.8969,0,2740,1582,LOW_ACCESS,35.28,349.29,11.9608,14.6289,43.33,334,84.12,90.27,30.86,0,78.22,73.48
2012,NBH0000000137,10.63,4.7459,1,2998,339,LOW_ACCESS,70.92,81.71,29.172,8.0878,53.16,172,50.54,87.42,17.69,0,97.62,70.13
2013,NBH0000000138,20.413,3.185,1,383,1422,LOW_ACCESS,83.91,248.71,16.1639,16.0812,9.49,122,33.09,79.7,3.39,1,44.9,72.02
2023,NBH0000000139,1.872,4.7849,0,4014,794,RURAL_LOW_ACCESS,54.25,208.71,1.0232,11.5382,93.26,352,31.53,81.25,26.88,1,94.7,70.01
2008,NBH0000000140,4.789,6.7538,1,3230,253,LOW_INCOME_LOW_ACCESS,97.86,37.07,7.2324,7.1359,40.68,381,98.65,83.8,42.65,0,96.33,64.73
2009,NBH0000000141,2.858,10.02,1,1231,1608,LOW_ACCESS,24.04,164.6,9.1928,20.3715,33.69,181,2.29,10.12,10.47,0,3.12,13.26
2010,NBH0000000142,11.049,5.3949,0,3223,320,LOW_INCOME_LOW_ACCESS,94.31,223.11,29.9202,9.4431,15.75,355,1.61,52.05,40.39,0,53.57,44.87
2023,NBH0000000143,11.496,3.83,1,1888,1033,LOW_ACCESS,75.26,127.18,15.4257,16.7767,11.9,342,5.63,94.81,20.16,0,88.97,66.39
2010,NBH0000000144,18.769,11.4886,0,452,1537,NO_DESERT,83.92,105.84,3.8929,6.8706,61.45,333,85.52,99.4,17.13,0,45.47,57.19
2014,NBH0000000145,16.906,7.3645,0,181,570,RURAL_LOW_ACCESS,58.31,183.5,16.1815,3.8835,18.18,63,62.8,11.85,13.62,1,16.88,31.88
2024,NBH0000000146,6.488,1.6852,1,2174,750,NO_DESERT,15.45,168.93,24.1606,0.1446,59.88,236,21.55,74.9,3.16,0,91.7,22.18
2017,NBH0000000147,17.958,0.3014,0,3225,872,RURAL_LOW_ACCESS,28.89,78.68,11.4544,1.9501,69.36,393,36.99,62.68,5.69,0,9.16,64.01
2018,NBH0000000148,5.547,11.2218,1,3478,240,LOW_INCOME_LOW_ACCESS,91.53,335.1,24.2154,23.835,56.14,208,86.22,26.65,7.33,0,9.61,83.07
2014,NBH0000000149,9.696,6.8096,1,1360,1520,NO_DESERT,28.84,243.58,14.4044,2.787,75.53,246,41.79,31.09,37.57,0,25.19,25.25
2011,NBH0000000150,12.226,8.5355,0,51,1773,LOW_ACCESS,24.17,318.35,7.2101,9.5213,22.43,140,22.05,76.65,32.72,0,36.97,87.69
2018,NBH0000000151,1.68,0.9776,1,710,70,RURAL_LOW_ACCESS,23.56,200.68,28.7862,7.1187,16.22,324,44.0,17.37,13.32,0,80.29,42.89
2011,NBH0000000152,19.5,2.6188,1,726,78,NO_DESERT,13.74,108.87,3.7334,12.3135,90.52,38,15.46,80.87,3.49,0,86.14,48.72
2015,NBH0000000153,17.164,2.4473,0,744,1625,NO_DESERT,93.25,202.04,7.5187,1.3411,89.13,168,89.25,3.23,29.37,1,32.33,43.42
2018,NBH0000000154,2.714,5.0919,0,2662,1632,LOW_ACCESS,86.19,104.58,22.9146,6.1621,25.65,162,8.48,22.12,42.05,0,72.45,24.12
2018,NBH0000000155,6.136,0.9832,1,3369,868,NO_DESERT,57.28,345.85,11.8476,1.8059,61.51,415,88.33,1.7,31.16,1,72.45,78.53
2020,NBH0000000156,12.983,7.1327,1,1099,1007,URBAN_LOW_ACCESS,29.6,252.02,20.7372,22.3036,70.39,201,92.76,22.16,43.61,1,98.3,77.52
2009,NBH0000000157,2.999,6.8682,0,3691,1654,RURAL_LOW_ACCESS,56.61,41.47,4.7391,13.4465,66.49,239,94.36,40.97,10.68,1,67.28,52.38
2017,NBH0000000158,4.961,0.2237,1,2510,990,RURAL_LOW_ACCESS,0.28,147.93,0.3524,22.2732,16.4,125,94.02,2.36,37.98,0,6.32,73.25
2019,NBH0000000159,21.977,4.1304,0,800,680,LOW_ACCESS,64.58,270.21,1.712,1.5366,82.09,405,93.89,34.98,22.39,1,35.3,79.46
2018,NBH0000000160,9.412,6.4703,1,2410,1737,LOW_ACCESS,41.72,169.89,5.2623,4.1611,45.31,216,32.22,6.1,28.31,1,68.4,60.93
2013,NBH0000000161,1.968,4.7153,0,621,1286,LOW_ACCESS,72.58,131.9,16.513,13.0678,14.22,127,56.89,21.74,22.08,1,22.84,30.05
2025,NBH0000000162,14.774,1.4854,0,3298,833,LOW_INCOME_LOW_ACCESS,1.82,246.3,9.5447,19.428,7.16,260,48.73,45.74,32.47,0,8.93,79.7
2009,NBH0000000163,24.912,1.3526,0,2035,1187,URBAN_LOW_ACCESS,29.87,264.14,2.2012,13.5827,96.12,394,11.81,70.26,19.22,0,7.56,14.26
2016,NBH0000000164,9.677,11.4473,1,3965,337,LOW_ACCESS,73.31,295.11,19.1435,18.385,42.78,284,4.54,62.66,9.7,0,64.45,72.89
2015,NBH0000000165,9.805,8.9443,1,2073,337,RURAL_LOW_ACCESS,53.9,50.49,12.9767,19.368,80.38,254,13.06,56.24,34.64,1,10.52,21.01
2014,NBH0000000166,13.398,6.8081,1,910,310,NO_DESERT,91.24,120.0,15.4086,11.3207,73.15,263,93.94,56.4,13.89,0,59.67,57.22
2018,NBH0000000167,0.033,7.2841,0,4168,263,NO_DESERT,37.85,100.76,23.5616,6.5735,40.7,58,46.1,84.85,1.6,0,57.39,38.42
2023,NBH0000000168,11.279,5.5751,0,2081,1052,NO_DESERT,33.59,268.85,3.5458,5.8187,47.85,193,73.75,2.01,33.89,0,33.42,13.16
2022,NBH0000000169,1.158,7.5014,0,309,1600,NO_DESERT,48.6,239.7,2.6952,9.9205,44.43,141,97.1,60.38,39.63,1,49.03,49.85
2009,NBH0000000170,3.764,5.1698,0,656,1487,LOW_ACCESS,9.73,267.21,24.6086,6.583,42.77,314,91.54,2.71,7.96,1,48.7,77.21
2022,NBH0000000171,0.74,11.1629,1,2950,1119,NO_DESERT,70.91,215.53,0.4235,10.6601,91.01,431,56.12,29.91,11.91,1,58.9,33.23
2012,NBH0000000172,12.915,9.43,0,4210,1798,LOW_INCOME_LOW_ACCESS,41.57,109.7,28.2932,19.797,80.94,165,66.76,28.09,7.93,1,68.68,28.42
2022,NBH0000000173,18.033,3.7381,1,918,16,NO_DESERT,49.43,291.51,2.1683,10.3458,34.3,231,51.91,65.04,13.25,0,34.08,40.78
2009,NBH0000000174,3.603,0.5214,1,3352,435,RURAL_LOW_ACCESS,22.96,152.2,18.7635,11.6964,50.65,281,25.48,5.13,4.86,0,78.19,0.09
2023,NBH0000000175,18.333,4.9426,0,3686,1721,URBAN_LOW_ACCESS,37.87,63.16,5.1459,13.6249,59.18,191,36.95,77.31,17.32,0,5.1,65.22
2025,NBH0000000176,12.096,9.5645,0,3241,44,NO_DESERT,78.21,57.75,20.3208,9.0071,71.58,391,92.01,23.27,30.96,1,82.97,96.92
2016,NBH0000000177,6.111,9.7535,0,3841,1023,RURAL_LOW_ACCESS,2.86,304.78,20.5552,0.0221,59.72,258,43.18,38.31,36.08,0,58.18,17.02
2025,NBH0000000178,15.113,1.8523,1,1468,345,RURAL_LOW_ACCESS,22.3,335.38,22.6896,20.0798,66.82,218,86.06,27.34,2.76,1,25.55,7.92
2025,NBH0000000179,22.867,4.2257,1,3984,1311,LOW_ACCESS,92.9,323.35,13.7903,23.5638,53.01,202,13.61,52.63,38.29,0,4.66,88.46
2015,NBH0000000180,18.699,2.7121,0,2658,1542,LOW_ACCESS,94.26,309.68,1.9924,14.1158,85.45,287,33.84,95.54,17.51,0,22.15,8.52
2009,NBH0000000181,11.195,7.5231,1,3186,1356,LOW_ACCESS,89.27,64.58,4.4128,2.1149,75.04,301,11.87,18.68,18.17,0,41.31,86.52
2019,NBH0000000182,16.071,9.5626,1,2413,31,LOW_ACCESS,23.04,326.51,5.6607,1.9099,96.07,267,90.49,90.14,1.17,1,7.54,93.08
2010,NBH0000000183,23.529,5.0905,0,2820,1036,LOW_ACCESS,95.0,163.4,3.7431,0.4904,66.62,477,35.97,9.95,4.27,1,92.8,79.1
2014,NBH0000000184,10.011,10.2371,0,3999,933,NO_DESERT,91.16,81.97,24.1963,14.6133,89.64,251,99.14,25.33,24.21,0,36.71,73.22
2010,NBH0000000185,3.461,6.2772,1,3065,1061,LOW_ACCESS,9.72,148.2,24.7086,1.5835,69.79,439,56.58,23.45,41.12,1,73.99,96.35
2021,NBH0000000186,6.722,8.9138,1,3041,1409,LOW_INCOME_LOW_ACCESS,21.16,294.33,25.1934,16.7143,27.72,68,93.12,58.03,31.74,1,36.53,84.08
2010,NBH0000000187,19.267,7.9564,1,2933,529,NO_DESERT,56.28,66.06,17.0804,4.3915,6.28,15,87.65,91.86,22.44,1,66.32,1.11
2008,NBH0000000188,7.415,11.6782,1,3263,1297,RURAL_LOW_ACCESS,43.22,334.01,24.6214,20.3716,17.4,249,22.82,4.89,28.86,0,35.26,14.32
2013,NBH0000000189,23.657,6.3495,0,3688,1785,NO_DESERT,25.06,33.16,0.7123,20.2081,68.84,140,21.1,59.65,37.54,0,32.33,5.89
2012,NBH0000000190,2.719,6.1729,1,2293,163,LOW_INCOME_LOW_ACCESS,22.0,127.1,19.4731,12.6937,88.37,368,27.59,57.12,30.39,1,18.2,90.9
2012,NBH0000000191,4.757,3.8519,1,1321,11,NO_DESERT,40.07,141.33,0.1915,14.233,72.28,308,63.48,37.96,0.13,1,4.16,69.63
2008,NBH0000000192,13.168,5.5345,1,2721,416,LOW_INCOME_LOW_ACCESS,71.53,186.18,7.0599,18.5123,19.24,105,14.36,97.45,27.39,0,4.63,45.18
2016,NBH0000000193,10.274,6.9517,0,4302,147,LOW_ACCESS,31.22,140.92,13.4107,2.4647,78.74,134,99.52,41.09,37.34,1,79.17,89.48
2018,NBH0000000194,24.978,1.0155,0,3125,787,NO_DESERT,77.74,265.2,28.9163,16.2226,25.43,208,58.26,67.65,36.18,1,7.12,75.09
2023,NBH0000000195,17.074,5.1172,1,1521,1214,NO_DESERT,84.7,60.55,28.7775,11.2947,12.24,241,85.22,33.16,9.75,1,86.89,68.91
2022,NBH0000000196,15.436,2.4587,1,1486,69,NO_DESERT,24.51,307.2,21.5492,11.9045,39.08,475,54.87,62.04,35.81,1,76.52,19.66
2025,NBH0000000197,6.347,0.4197,1,2337,1723,NO_DESERT,63.4,309.1,27.7453,23.1817,73.88,29,18.07,48.49,37.37,1,70.58,50.69
2021,NBH0000000198,17.348,0.5665,0,383,1347,NO_DESERT,82.38,187.99,0.403,22.9513,11.03,271,52.18,96.14,37.95,1,66.83,81.45
2020,NBH0000000199,0.833,11.4507,0,1154,950,NO_DESERT,18.69,332.75,27.9052,17.466,91.76,33,87.04,91.27,41.27,0,94.25,34.28
2018,NBH0000000200,20.354,5.2823,0,100,1620,LOW_INCOME_LOW_ACCESS,78.45,320.52,5.7321,12.3725,8.17,247,8.79,75.1,18.32,1,61.84,13.4
2023,NBH0000000201,10.905,8.9577,0,1282,105,LOW_ACCESS,10.6,300.56,12.2627,3.6017,82.2,143,34.44,33.73,28.84,0,76.89,80.32
2020,NBH0000000202,23.702,8.8131,0,1025,1763,URBAN_LOW_ACCESS,45.36,263.31,25.1399,12.3825,49.32,422,74.56,1.16,43.81,1,55.66,93.11
2013,NBH0000000203,17.244,11.645,0,2775,1427,LOW_INCOME_LOW_ACCESS,93.29,21.74,28.202,6.1024,89.75,15,94.04,80.88,44.26,0,16.02,90.37
2014,NBH0000000204,22.76,9.8333,1,2453,416,NO_DESERT,77.65,197.67,18.4992,17.7799,65.57,192,51.79,99.96,39.76,0,99.29,42.46
2018,NBH0000000205,9.282,1.834,0,2367,1277,RURAL_LOW_ACCESS,26.13,68.19,25.5398,8.1225,77.2,174,36.27,25.62,6.48,0,30.45,6.03
2011,NBH0000000206,24.561,6.7577,0,571,1205,NO_DESERT,14.95,237.88,6.8914,18.5007,23.04,261,37.54,91.94,32.84,1,38.82,44.72
2020,NBH0000000207,15.953,6.4755,1,151,172,NO_DESERT,99.54,66.78,5.8768,6.2145,63.77,427,20.99,22.45,35.8,1,82.38,2.57
2013,NBH0000000208,4.054,6.0195,0,3794,898,NO_DESERT,62.96,35.78,20.3586,21.823,20.81,409,83.57,34.66,9.37,0,65.22,65.54
2011,NBH0000000209,12.663,4.5576,0,3349,278,LOW_ACCESS,64.69,62.39,4.8237,23.9148,57.22,108,56.78,6.82,6.23,1,87.2,93.7
2008,NBH0000000210,23.256,0.676,1,2090,245,NO_DESERT,24.84,22.81,18.0641,11.5922,29.9,476,79.13,91.82,40.68,0,30.33,95.1
2021,NBH0000000211,1.437,11.7342,0,625,1613,LOW_ACCESS,87.97,296.54,23.8866,11.0122,9.08,377,75.71,53.77,25.01,1,89.41,72.26
2022,NBH0000000212,24.16,9.5859,0,3467,731,LOW_ACCESS,81.21,109.27,10.006,19.3596,58.55,469,38.09,8.26,38.93,0,39.52,17.99
2008,NBH0000000213,9.045,1.788,1,1537,363,NO_DESERT,54.7,262.68,1.9279,12.5694,65.0,425,29.55,72.52,8.97,0,18.18,86.56
2025,NBH0000000214,9.179,4.5268,0,2357,1229,LOW_ACCESS,19.54,25.12,15.1313,7.6645,44.03,291,10.61,87.19,25.44,0,92.41,8.18
2012,NBH0000000215,6.701,7.5196,1,1506,442,NO_DESERT,9.02,270.99,26.5746,15.6023,87.47,102,42.39,61.4,42.38,0,50.66,82.85
2014,NBH0000000216,23.039,10.1237,0,198,1064,NO_DESERT,81.7,346.39,0.0582,6.4024,23.84,433,85.71,57.82,18.25,1,0.49,94.7
2010,NBH0000000217,18.075,10.5027,0,2363,913,LOW_ACCESS,34.47,35.88,4.4051,19.714,66.3,311,61.81,93.72,3.78,1,85.43,2.62
2015,NBH0000000218,7.315,9.0047,0,2893,365,NO_DESERT,10.39,127.11,15.8571,17.5775,89.32,244,52.7,81.15,39.51,1,40.94,84.74
2013,NBH0000000219,23.468,4.0619,1,213,721,NO_DESERT,13.2,112.5,26.716,8.813,46.38,318,2.65,31.57,15.6,0,21.15,8.44
2025,NBH0000000220,14.112,1.4995,1,2325,222,LOW_ACCESS,73.1,192.52,21.0699,16.5119,23.93,477,37.42,36.83,37.8,1,77.56,99.18
2019,NBH0000000221,16.889,5.32,0,3441,743,NO_DESERT,11.38,116.42,4.7502,15.5109,85.34,251,54.02,14.63,39.0,1,86.36,38.74
2008,NBH0000000222,20.853,6.2202,0,1317,1561,NO_DESERT,7.34,258.55,0.7658,4.1783,5.44,142,8.27,4.46,0.87,0,76.38,86.16
2023,NBH0000000223,0.553,0.698,1,2418,1747,LOW_ACCESS,20.13,246.41,0.0781,24.6673,49.12,432,95.62,58.33,11.26,1,74.81,24.25
2016,NBH0000000224,6.211,6.865,1,1478,1329,NO_DESERT,16.57,171.4,21.9079,7.8532,32.74,213,95.23,86.2,38.48,0,61.76,38.12
2018,NBH0000000225,15.947,3.0295,1,2513,616,URBAN_LOW_ACCESS,49.11,265.26,20.5359,13.835,53.03,231,75.44,60.16,15.65,1,18.43,4.85
2010,NBH0000000226,17.145,11.8601,0,430,1104,LOW_INCOME_LOW_ACCESS,95.06,131.91,1.8555,15.2362,74.31,369,61.58,69.5,3.84,0,7.86,18.16
2021,NBH0000000227,15.359,2.2106,0,2796,1362,NO_DESERT,48.09,252.39,29.7369,6.0326,48.96,143,63.46,96.73,20.94,0,23.43,44.35
2015,NBH0000000228,9.444,2.8479,0,1953,125,NO_DESERT,28.03,60.14,25.2121,0.0185,96.42,29,28.16,27.95,3.11,1,64.6,5.34
2016,NBH0000000229,15.137,10.2505,0,714,866,NO_DESERT,91.49,190.69,14.2394,22.9602,28.64,398,79.34,37.03,39.44,1,62.91,60.37
2017,NBH0000000230,16.187,6.3333,0,153,161,LOW_INCOME_LOW_ACCESS,11.45,321.71,14.022,2.9691,39.18,410,92.56,1.79,25.59,0,44.21,65.71
2023,NBH0000000231,1.49,4.3841,0,577,1525,NO_DESERT,73.5,48.56,20.8226,6.0143,86.52,67,85.0,30.55,35.36,0,46.0,81.34
2011,NBH0000000232,23.89,9.1937,0,3561,792,RURAL_LOW_ACCESS,14.19,244.48,4.8395,12.9669,92.34,43,19.95,84.31,21.18,1,95.02,78.36
2011,NBH0000000233,7.38,0.7488,0,3842,1164,RURAL_LOW_ACCESS,67.86,256.24,13.819,17.848,94.74,434,97.44,52.36,43.65,0,41.9,16.42
2016,NBH0000000234,5.528,5.5744,0,3053,328,LOW_ACCESS,33.28,261.99,8.1583,12.6584,31.19,420,99.37,96.86,25.86,0,0.98,92.09
2009,NBH0000000235,3.544,0.6836,0,2243,83,URBAN_LOW_ACCESS,42.07,97.19,1.4659,3.5436,90.92,417,71.37,30.97,40.13,1,51.11,31.54
2013,NBH0000000236,2.722,4.8482,0,3082,1175,LOW_INCOME_LOW_ACCESS,37.48,199.17,23.9579,5.0586,1.67,84,86.18,99.58,0.99,1,94.83,92.96
2022,NBH0000000237,22.152,9.4204,1,3788,1045,NO_DESERT,39.29,53.6,17.9993,0.7893,6.3,41,1.67,62.64,37.12,0,17.93,84.29
2025,NBH0000000238,0.526,7.3465,0,2537,1497,RURAL_LOW_ACCESS,9.09,138.18,22.9148,12.9476,55.44,151,1.73,60.05,24.48,0,59.9,78.79
2016,NBH0000000239,0.537,7.8909,1,1067,607,NO_DESERT,20.7,267.33,29.8494,4.8585,50.89,387,62.41,94.47,24.8,0,18.32,45.96
2013,NBH0000000240,15.711,9.804,0,750,1775,LOW_ACCESS,34.45,53.04,6.1157,16.7575,3.34,86,31.64,28.55,7.57,0,11.49,91.02
2016,NBH0000000241,17.604,3.454,0,3774,317,NO_DESERT,17.22,70.7,5.5877,24.007,25.22,490,38.61,67.59,16.17,0,59.21,30.9
2019,NBH0000000242,1.697,9.9377,0,4363,806,NO_DESERT,83.05,236.91,25.3132,22.5423,81.82,268,59.06,3.46,19.43,1,27.8,31.65
2024,NBH0000000243,20.252,9.0451,0,1286,1506,RURAL_LOW_ACCESS,65.08,305.99,16.0518,16.4478,85.56,295,34.7,5.87,40.9,1,87.37,59.98
2015,NBH0000000244,21.512,9.7329,0,251,1370,NO_DESERT,92.77,135.61,4.8483,18.5362,42.67,228,83.0,91.38,24.54,1,48.04,74.61
2022,NBH0000000245,16.637,5.2605,1,2322,168,NO_DESERT,41.34,58.57,6.3196,1.1657,38.16,104,67.66,34.51,0.48,0,56.1,55.76
2014,NBH0000000246,8.896,9.5213,0,1444,1141,URBAN_LOW_ACCESS,53.89,202.08,17.9617,2.0615,39.29,288,5.82,29.61,28.78,0,74.57,99.73
2019,NBH0000000247,3.259,0.9993,0,4466,768,NO_DESERT,49.8,32.97,9.3043,2.1812,15.96,171,96.13,16.11,18.07,0,96.74,22.22
2024,NBH0000000248,1.377,10.77,0,2755,407,LOW_ACCESS,45.77,298.42,21.2741,9.044,81.28,388,95.24,9.22,14.93,1,22.25,92.8
2015,NBH0000000249,1.461,1.7946,0,2043,1746,LOW_ACCESS,66.8,47.43,8.159,13.4202,23.35,435,46.6,89.71,22.8,0,5.46,17.14
2024,NBH0000000250,14.221,7.2065,0,4236,767,LOW_ACCESS,66.21,30.48,22.2059,22.7639,36.8,490,96.42,91.01,41.73,0,2.24,57.94
2021,NBH0000000251,11.847,0.3476,0,3178,699,LOW_INCOME_LOW_ACCESS,57.3,235.14,25.2983,12.1223,56.15,326,80.01,14.03,25.17,1,33.33,3.67
2018,NBH0000000252,9.246,1.0884,1,4285,1230,LOW_ACCESS,74.57,346.58,6.0863,3.5066,38.48,243,92.75,56.27,23.78,1,20.87,78.56
2018,NBH0000000253,13.297,2.0927,0,830,1034,LOW_INCOME_LOW_ACCESS,20.26,60.89,19.3638,24.9822,31.9,392,26.12,71.81,3.25,0,7.15,54.97
2010,NBH0000000254,20.63,3.617,1,911,1458,NO_DESERT,23.99,29.58,2.6173,16.9223,50.87,166,50.91,74.09,7.79,0,14.03,45.98
2017,NBH0000000255,2.278,4.3534,0,1569,1278,NO_DESERT,20.81,339.29,27.8389,9.4404,46.63,485,57.18,56.42,13.6,1,48.51,65.54
2017,NBH0000000256,4.933,7.7252,1,3084,278,URBAN_LOW_ACCESS,21.61,173.71,8.4238,0.7707,67.31,364,31.08,96.01,40.19,1,68.31,92.38
2021,NBH0000000257,3.435,3.1217,1,2778,414,NO_DESERT,33.05,191.81,23.6296,4.8743,29.05,343,91.16,45.11,35.32,0,63.93,16.63
2019,NBH0000000258,13.682,11.0027,0,3430,1470,URBAN_LOW_ACCESS,17.07,156.87,15.5823,11.3128,34.24,132,46.48,26.42,43.34,0,55.95,46.19
2010,NBH0000000259,21.268,10.2454,1,3276,1041,URBAN_LOW_ACCESS,78.25,212.34,22.0998,2.5975,57.45,302,11.68,26.68,11.12,1,9.52,53.78
2008,NBH0000000260,18.653,10.3625,0,2619,535,URBAN_LOW_ACCESS,11.09,143.56,2.3055,17.8413,40.24,416,7.87,42.77,13.81,0,69.57,13.7
2022,NBH0000000261,14.23,3.2285,0,1410,621,LOW_ACCESS,6.9,113.69,1.9137,10.7777,89.5,372,89.97,45.11,3.98,0,40.44,52.75
2015,NBH0000000262,23.692,4.1922,0,2708,1427,LOW_ACCESS,64.39,187.8,16.0183,3.5371,15.12,39,41.57,40.13,23.55,0,49.79,77.5
2010,NBH0000000263,9.883,0.2069,0,3893,405,NO_DESERT,95.39,301.57,5.0126,24.7865,13.29,244,71.67,11.78,10.0,1,26.35,59.81
2009,NBH0000000264,7.997,8.8282,0,1966,1394,LOW_ACCESS,60.88,308.34,22.7065,20.26,69.02,6,4.53,82.21,17.82,1,8.89,75.67
2008,NBH0000000265,13.795,5.8601,1,2525,5,NO_DESERT,87.86,260.42,9.881,8.7684,28.07,468,20.18,34.72,0.71,0,21.72,4.67
2021,NBH0000000266,18.803,5.8214,0,1618,1340,NO_DESERT,55.51,52.37,2.0416,12.0304,58.64,242,58.86,33.86,25.25,1,73.64,56.35
2015,NBH0000000267,16.67,6.0974,0,3885,1,LOW_INCOME_LOW_ACCESS,45.58,134.55,1.8979,15.7223,86.93,64,81.4,72.66,26.95,1,52.88,6.73
2009,NBH0000000268,1.073,11.733,1,3482,1626,LOW_INCOME_LOW_ACCESS,16.05,179.25,4.9348,8.8609,1.26,169,97.16,62.66,10.46,0,76.8,37.59
2024,NBH0000000269,1.163,11.1388,1,2365,555,NO_DESERT,70.08,232.46,0.0629,18.1377,39.46,192,59.94,91.0,18.01,1,18.26,18.7
2008,NBH0000000270,17.18,9.7201,1,3637,51,NO_DESERT,7.26,271.94,5.8407,3.7007,36.88,211,57.25,81.53,19.18,0,77.61,76.22
2022,NBH0000000271,4.317,11.5911,0,2608,46,URBAN_LOW_ACCESS,77.41,62.9,22.8863,9.0965,82.28,394,49.01,96.06,19.27,0,82.67,12.09
2023,NBH0000000272,0.006,3.8612,0,2992,1629,LOW_INCOME_LOW_ACCESS,32.53,155.68,16.2428,19.1603,6.14,140,16.51,11.55,16.81,1,8.31,38.75
2021,NBH0000000273,2.153,8.2219,0,2263,564,NO_DESERT,16.8,111.03,24.5243,12.7849,72.44,35,28.44,4.05,23.39,0,44.53,5.35
2008,NBH0000000274,8.523,1.1486,0,2142,516,URBAN_LOW_ACCESS,59.43,51.07,19.6209,22.9853,35.37,471,27.83,60.13,22.61,0,42.6,52.44
2014,NBH0000000275,19.109,2.4845,1,2760,650,NO_DESERT,77.47,20.31,13.8301,4.0675,74.07,409,52.87,46.61,15.46,0,56.54,42.91
2022,NBH0000000276,10.727,2.1359,1,1707,1,LOW_ACCESS,90.16,18.33,29.1582,1.6992,10.33,152,81.6,45.99,38.64,0,14.5,47.38
2015,NBH0000000277,14.063,9.9802,1,1649,360,LOW_ACCESS,47.44,121.14,3.5156,7.2694,76.45,381,28.23,69.77,19.98,0,83.0,92.38
2016,NBH0000000278,20.087,7.011,1,3656,530,LOW_INCOME_LOW_ACCESS,41.85,343.14,6.7703,21.2925,87.89,302,86.58,51.08,44.37,1,5.17,34.18
2015,NBH0000000279,2.449,1.4934,1,3220,1556,RURAL_LOW_ACCESS,16.82,59.01,18.1898,18.0408,78.42,364,19.63,90.41,11.05,0,3.61,64.99
2011,NBH0000000280,18.58,9.9123,0,3824,1047,LOW_INCOME_LOW_ACCESS,3.92,335.2,29.2576,4.2206,21.5,240,31.65,81.78,4.06,0,2.03,67.53
2015,NBH0000000281,10.074,1.6562,0,1324,12,NO_DESERT,74.4,45.97,23.7273,17.1986,82.96,82,28.8,61.86,15.1,0,79.92,21.44
2022,NBH0000000282,23.356,4.2011,1,1633,1088,LOW_INCOME_LOW_ACCESS,55.4,241.71,8.8155,22.883,63.43,461,8.53,47.83,17.42,0,64.5,2.02
2011,NBH0000000283,21.856,6.325,1,2888,1394,NO_DESERT,61.4,333.63,7.2419,20.1164,98.25,376,55.75,3.72,4.22,1,44.69,77.46
2014,NBH0000000284,12.212,0.5607,1,3572,1515,NO_DESERT,31.84,91.53,10.1855,12.4385,8.68,222,54.4,67.25,30.2,0,89.74,70.31
2023,NBH0000000285,0.294,7.8966,0,1370,158,LOW_INCOME_LOW_ACCESS,28.99,116.37,7.0633,23.9033,15.43,126,93.19,43.33,10.07,0,72.98,47.13
2024,NBH0000000286,5.908,5.0871,0,384,1783,LOW_ACCESS,95.74,141.58,14.6042,0.9232,78.15,462,64.24,41.61,5.6,0,37.8,51.92
2020,NBH0000000287,11.803,11.441,0,288,506,RURAL_LOW_ACCESS,80.38,271.2,4.5646,19.9257,64.58,128,57.05,66.33,27.71,1,36.28,63.66
2013,NBH0000000288,11.501,9.8403,1,1335,37,URBAN_LOW_ACCESS,23.04,127.2,4.5626,8.4587,20.23,221,42.57,39.34,26.0,0,66.94,32.01
2010,NBH0000000289,21.703,10.7638,1,1825,948,NO_DESERT,97.79,126.38,17.4868,8.4981,1.74,252,30.94,11.1,35.8,0,88.01,98.76
2013,NBH0000000290,19.051,7.8512,0,1984,43,LOW_ACCESS,19.5,47.02,7.9527,10.5809,32.18,285,66.83,86.11,31.7,0,37.4,64.01
2024,NBH0000000291,1.821,8.8132,0,1723,1528,NO_DESERT,94.79,52.08,1.3039,13.4572,67.54,325,30.51,53.47,38.92,1,73.67,87.28
2012,NBH0000000292,12.678,0.2622,1,2153,12,NO_DESERT,2.34,217.26,2.5028,24.0921,94.48,337,10.78,91.75,26.25,1,2.14,11.79
2021,NBH0000000293,7.346,7.4376,1,519,1234,LOW_INCOME_LOW_ACCESS,8.38,67.87,10.7612,8.4349,57.25,90,11.06,2.99,13.14,1,15.47,90.04
2012,NBH0000000294,10.767,6.9687,1,2906,1265,NO_DESERT,10.25,145.99,18.0187,24.0941,36.17,486,57.32,55.64,20.86,1,94.71,12.24
2016,NBH0000000295,2.873,7.5389,1,3552,439,NO_DESERT,31.09,148.09,12.9486,15.3055,44.18,437,52.14,36.5,22.47,0,0.35,23.33
2020,NBH0000000296,10.491,3.5572,1,3545,1459,LOW_ACCESS,52.79,216.73,17.4649,10.7473,75.84,74,15.75,96.53,14.02,1,24.4,98.9
2024,NBH0000000297,8.379,4.3302,1,3170,1641,LOW_INCOME_LOW_ACCESS,5.75,107.17,9.7418,15.1113,41.66,189,64.1,47.14,39.63,0,48.57,21.3
2011,NBH0000000298,18.442,5.3545,0,3290,649,RURAL_LOW_ACCESS,93.2,281.91,27.8248,8.6194,63.83,348,46.21,99.48,21.83,1,46.64,49.51
2024,NBH0000000299,17.715,8.5535,0,3368,119,RURAL_LOW_ACCESS,51.48,166.84,13.32,16.5706,79.59,353,34.64,72.07,30.15,1,38.31,26.91
2020,NBH0000000300,24.507,1.9309,1,3012,823,LOW_INCOME_LOW_ACCESS,84.72,235.75,12.1373,21.6496,51.16,12,43.16,29.76,11.86,0,69.81,99.19
2020,NBH0000000301,12.934,5.2507,1,3254,849,NO_DESERT,49.11,260.42,19.261,15.4603,13.02,137,96.08,73.6,23.96,0,29.38,38.22
2016,NBH0000000302,1.904,11.0558,0,994,346,LOW_INCOME_LOW_ACCESS,51.07,223.27,10.4701,14.0966,29.42,333,72.78,72.55,1.43,0,2.89,69.34
2015,NBH0000000303,8.853,3.8408,0,781,11,URBAN_LOW_ACCESS,80.09,55.37,4.9391,12.2261,37.71,359,62.06,14.18,26.8,1,55.23,63.47
2010,NBH0000000304,9.333,2.1279,1,3779,399,LOW_INCOME_LOW_ACCESS,39.21,343.08,17.0382,4.9216,98.1,68,80.82,88.83,22.31,0,73.03,50.82
2016,NBH0000000305,24.378,1.5281,0,124,38,LOW_ACCESS,44.59,323.93,15.8385,21.6339,98.37,115,64.88,58.9,18.94,0,90.32,24.57
2016,NBH0000000306,7.074,10.6577,0,3787,1665,NO_DESERT,32.0,117.6,5.9319,20.0951,45.9,229,61.11,46.69,15.42,0,59.61,1.83
2017,NBH0000000307,8.203,10.3527,0,1817,1477,NO_DESERT,78.12,170.36,19.0503,7.5213,79.94,207,79.98,8.57,26.73,0,94.93,51.32
2008,NBH0000000308,11.743,8.5148,0,2846,764,URBAN_LOW_ACCESS,38.17,197.07,16.7499,21.0325,84.04,300,61.46,68.66,8.03,0,36.33,64.88
2020,NBH0000000309,20.882,1.2334,0,855,1133,LOW_ACCESS,85.32,110.0,25.302,17.3893,38.26,377,18.9,38.75,3.94,1,55.62,97.33
2025,NBH0000000310,0.961,0.2721,1,3699,819,NO_DESERT,57.62,54.88,0.3288,2.2589,79.18,350,85.3,36.26,21.63,0,25.37,10.05
2023,NBH0000000311,9.439,6.0931,1,3978,198,NO_DESERT,56.64,78.63,14.0589,13.5829,59.54,405,6.93,1.98,15.12,0,58.52,32.1
2010,NBH0000000312,12.5,5.7839,0,1717,342,NO_DESERT,20.87,132.49,26.6486,23.3537,8.77,0,50.24,43.63,44.9,1,64.39,5.13
2014,NBH0000000313,11.557,8.9644,1,1551,15,LOW_ACCESS,14.11,185.23,10.2506,23.8925,97.22,336,3.66,9.64,10.43,1,14.0,83.61
2012,NBH0000000314,14.131,5.4429,1,1634,966,NO_DESERT,25.93,187.83,12.9821,19.5729,64.94,324,45.79,17.33,23.17,1,73.45,39.67
2009,NBH0000000315,8.977,1.5367,0,1180,1372,RURAL_LOW_ACCESS,90.22,337.36,27.385,23.2108,90.46,349,13.38,46.24,32.51,1,82.72,35.79
2016,NBH0000000316,3.16,0.9253,1,1109,1752,LOW_ACCESS,42.61,335.59,22.044,19.8697,57.73,432,11.77,50.04,42.04,1,78.02,40.21
2020,NBH0000000317,8.658,8.9217,0,3029,1182,LOW_INCOME_LOW_ACCESS,15.13,313.21,29.4056,13.1378,97.52,219,26.12,96.6,6.83,0,77.62,28.99
2015,NBH0000000318,14.106,3.8089,0,887,1711,NO_DESERT,65.35,340.62,18.0307,11.5618,90.78,111,7.79,58.94,25.14,1,44.39,24.1
2022,NBH0000000319,10.829,8.8601,1,2708,469,NO_DESERT,89.67,214.67,12.1419,19.6558,17.83,498,43.91,8.47,14.4,0,48.29,8.76
2025,NBH0000000320,21.037,0.3327,1,2619,1469,LOW_ACCESS,40.35,122.04,24.0948,18.6156,13.69,52,14.23,10.62,33.37,0,74.86,63.96
2022,NBH0000000321,10.001,6.1509,1,1006,643,LOW_INCOME_LOW_ACCESS,27.26,228.22,0.5632,12.5365,26.67,280,47.52,56.42,26.29,0,58.54,8.52
2009,NBH0000000322,4.256,4.6389,0,1775,547,NO_DESERT,53.41,316.73,3.7883,2.0959,50.55,125,16.67,1.22,28.54,1,54.49,92.78
2013,NBH0000000323,9.957,8.7224,0,3308,1573,LOW_ACCESS,33.55,190.96,27.7484,7.5214,7.86,443,22.59,17.82,40.07,0,26.25,38.2
2015,NBH0000000324,22.502,3.3288,1,3412,507,NO_DESERT,37.89,27.6,13.9263,9.2391,19.8,247,52.56,7.62,7.27,0,71.09,22.3
2010,NBH0000000325,6.076,10.4988,0,640,1346,LOW_INCOME_LOW_ACCESS,28.4,157.25,21.4575,13.7265,83.0,383,91.68,20.86,1.02,1,6.38,5.4
2012,NBH0000000326,20.904,3.2842,0,3648,524,NO_DESERT,28.61,83.61,14.9599,10.8828,32.9,428,57.94,92.83,16.46,1,1.81,8.85
2008,NBH0000000327,10.183,3.5812,1,4497,992,LOW_INCOME_LOW_ACCESS,42.96,134.17,12.9019,21.1098,66.94,54,27.01,45.17,6.07,0,75.47,39.55
2008,NBH0000000328,2.61,7.5505,0,1601,256,RURAL_LOW_ACCESS,14.63,49.05,13.331,7.6383,63.45,341,18.52,51.89,20.54,1,94.71,55.02
2022,NBH0000000329,17.135,10.0751,0,891,358,NO_DESERT,61.82,183.89,16.0748,21.5358,82.57,419,40.56,22.15,34.41,1,67.94,38.74
2016,NBH0000000330,4.576,1.4446,1,3726,336,NO_DESERT,73.24,53.36,28.2619,2.8899,82.78,210,51.62,57.94,25.08,0,84.26,8.53
2015,NBH0000000331,22.127,9.3237,1,1509,946,NO_DESERT,23.56,106.14,25.6141,9.5586,45.63,334,80.98,60.61,0.32,0,39.57,36.72
2009,NBH0000000332,3.474,4.328,0,4444,1340,NO_DESERT,59.48,36.8,13.4579,8.8174,66.5,39,48.48,38.69,14.04,1,62.36,38.21
2025,NBH0000000333,1.133,5.1381,0,784,487,NO_DESERT,26.19,135.81,14.1142,8.4427,53.28,256,30.36,16.39,6.32,0,53.22,45.15
2021,NBH0000000334,12.83,5.6676,1,333,603,RURAL_LOW_ACCESS,74.6,213.28,28.2885,7.8332,39.66,467,43.37,3.22,0.13,0,95.18,14.94
2010,NBH0000000335,16.862,1.382,1,2178,90,NO_DESERT,31.97,149.98,9.6577,21.3096,26.72,409,6.52,55.07,20.22,0,36.62,84.46
2025,NBH0000000336,22.508,0.6113,0,4436,322,LOW_INCOME_LOW_ACCESS,85.36,342.49,28.0711,14.5049,39.76,187,38.24,48.04,11.47,1,95.41,69.32
2013,NBH0000000337,11.727,6.1099,0,4372,109,RURAL_LOW_ACCESS,54.34,152.43,2.6995,16.5337,67.82,35,81.51,37.87,33.96,0,89.0,47.64
2012,NBH0000000338,18.115,11.8945,1,4324,1012,LOW_ACCESS,88.83,136.79,22.8158,13.806,10.55,166,93.54,93.58,26.28,1,65.01,42.46
2022,NBH0000000339,16.319,10.7927,0,3948,603,NO_DESERT,53.91,227.3,1.7498,12.7682,60.43,316,61.24,92.09,11.78,0,24.84,71.78
2020,NBH0000000340,5.888,0.3066,1,3801,547,LOW_ACCESS,21.74,213.69,18.0113,17.802,29.07,47,31.12,66.52,21.36,1,54.54,87.03
2016,NBH0000000341,14.212,1.4086,1,983,1249,NO_DESERT,64.0,120.33,0.5652,20.8133,42.74,470,30.82,97.34,43.94,0,40.39,71.12
2009,NBH0000000342,11.409,3.9895,1,1202,567,LOW_INCOME_LOW_ACCESS,47.03,138.83,5.8583,11.5272,25.92,80,48.65,63.92,44.01,0,42.84,75.85
2015,NBH0000000343,23.069,1.0993,0,1069,1286,LOW_INCOME_LOW_ACCESS,21.1,328.13,21.743,18.9315,20.53,342,86.51,47.1,43.21,0,88.44,61.77
2013,NBH0000000344,10.428,5.445,0,3795,1694,NO_DESERT,6.34,211.34,29.5982,16.4719,24.04,295,91.0,22.64,34.0,0,54.99,58.16
2015,NBH0000000345,9.272,2.8797,0,3058,967,LOW_ACCESS,14.29,36.31,20.4099,3.8884,10.06,296,63.53,1.37,37.74,0,41.33,12.96
2014,NBH0000000346,6.01,6.4763,0,4239,1056,LOW_ACCESS,19.59,253.87,9.9007,24.109,45.12,361,50.85,61.56,0.1,1,95.18,50.61
2018,NBH0000000347,7.732,2.1753,0,2511,291,NO_DESERT,50.16,66.33,17.7065,9.2676,29.92,163,20.86,27.72,35.95,0,96.89,50.71
2019,NBH0000000348,3.511,7.738,0,3727,1495,NO_DESERT,12.22,291.06,4.5532,10.8519,58.15,129,33.96,94.44,12.7,1,1.43,80.7
2023,NBH0000000349,8.534,11.6789,0,3553,1544,LOW_ACCESS,94.2,273.52,15.1005,9.6295,82.1,28,72.35,96.06,18.95,0,93.53,33.91
2022,NBH0000000350,4.467,11.5057,0,4363,1450,NO_DESERT,69.03,117.4,12.1437,20.6586,98.46,405,1.27,82.01,7.42,1,61.12,54.02
2013,NBH0000000351,14.874,10.5523,1,2943,934,LOW_ACCESS,26.28,101.39,25.4771,23.5844,16.87,368,60.51,27.92,13.7,1,46.38,33.51
2023,NBH0000000352,18.366,11.401,1,3199,1411,RURAL_LOW_ACCESS,66.2,344.26,11.879,23.7175,54.74,301,12.57,92.93,41.61,0,19.74,81.07
2016,NBH0000000353,17.554,5.974,1,4235,979,LOW_INCOME_LOW_ACCESS,81.78,89.49,19.5736,11.7115,71.29,141,25.38,65.98,37.1,1,45.25,85.8
2020,NBH0000000354,14.988,2.0692,1,2546,1115,NO_DESERT,13.26,213.68,11.9229,2.9145,10.68,441,16.5,69.56,18.81,0,6.35,73.69
2016,NBH0000000355,16.76,1.8489,0,204,1458,NO_DESERT,81.43,325.08,29.07,24.6082,60.78,263,96.49,22.84,43.19,0,16.05,76.61
2010,NBH0000000356,3.801,6.0621,1,1042,830,URBAN_LOW_ACCESS,19.79,220.73,12.8882,11.5172,66.62,215,3.37,94.77,1.59,0,73.63,96.07
2009,NBH0000000357,24.813,2.34,0,1967,968,RURAL_LOW_ACCESS,72.65,136.78,17.1698,11.6715,7.21,194,77.25,7.02,20.84,0,77.31,52.38
2017,NBH0000000358,17.121,9.1678,1,3725,1022,URBAN_LOW_ACCESS,98.13,342.91,1.5846,13.1172,7.6,433,53.03,32.59,43.1,0,5.19,77.93
2013,NBH0000000359,21.334,2.4606,0,3356,1294,LOW_ACCESS,45.99,152.43,25.4612,14.0668,74.82,191,13.71,25.89,43.59,1,67.38,37.21
2016,NBH0000000360,1.827,6.1608,0,1111,1182,RURAL_LOW_ACCESS,92.59,334.61,13.1552,10.8798,40.65,83,34.72,51.73,18.63,1,70.3,63.43
2023,NBH0000000361,17.016,5.6794,0,395,1166,RURAL_LOW_ACCESS,9.72,109.65,26.6568,17.4906,57.1,206,96.32,92.1,39.18,0,97.88,12.7
2010,NBH0000000362,17.321,5.1404,0,176,681,URBAN_LOW_ACCESS,59.98,220.65,7.8331,13.0913,50.77,338,32.9,27.18,12.37,0,50.63,49.8
2020,NBH0000000363,9.551,3.4643,0,3280,1438,NO_DESERT,38.88,66.55,15.0091,7.4345,0.7,127,48.45,85.73,7.32,0,23.55,37.05
2016,NBH0000000364,22.471,10.0171,0,1486,916,LOW_INCOME_LOW_ACCESS,41.75,209.14,15.2231,19.4076,68.36,44,2.88,61.39,44.07,0,0.61,0.75
2021,NBH0000000365,21.643,9.9697,0,1926,500,NO_DESERT,83.9,76.02,16.8857,17.2803,54.88,466,44.43,84.38,12.19,1,28.93,28.22
2015,NBH0000000366,4.877,3.347,1,2696,159,URBAN_LOW_ACCESS,25.36,289.08,22.26,3.6946,59.47,208,95.64,82.12,18.53,1,90.07,50.34
2011,NBH0000000367,10.845,11.406,0,3288,1462,NO_DESERT,11.22,42.24,25.6833,16.3635,20.36,182,0.5,33.14,30.89,0,35.95,59.64
2011,NBH0000000368,0.406,11.1644,1,361,1739,LOW_ACCESS,77.39,176.91,26.3514,20.8888,32.9,135,43.47,77.15,16.33,1,73.85,1.45
2021,NBH0000000369,22.787,10.4194,0,2199,557,URBAN_LOW_ACCESS,57.36,17.83,0.7484,7.5,36.98,44,56.25,2.57,3.58,1,99.14,5.43
2025,NBH0000000370,13.361,10.3819,0,1767,849,NO_DESERT,61.15,178.08,9.1208,20.1626,53.5,390,16.61,78.6,37.67,1,45.82,87.73
2011,NBH0000000371,18.645,8.6002,1,1930,33,NO_DESERT,35.12,114.8,14.7255,22.3375,81.67,248,46.55,98.55,27.44,0,5.9,71.54
2023,NBH0000000372,21.435,2.474,0,3148,1584,URBAN_LOW_ACCESS,59.19,122.98,16.3538,9.8476,20.71,313,32.91,36.9,36.39,0,53.84,49.55
2019,NBH0000000373,8.976,7.0863,0,2912,737,LOW_ACCESS,32.13,279.27,27.0767,0.8914,64.57,356,52.33,62.17,26.64,1,81.97,51.89
2011,NBH0000000374,24.668,7.7476,1,1740,603,NO_DESERT,30.4,76.66,6.8501,2.6753,15.32,345,63.59,83.99,23.22,0,76.53,79.9
2017,NBH0000000375,22.969,4.6687,0,2019,399,URBAN_LOW_ACCESS,98.55,348.61,7.9676,2.0079,42.29,295,96.9,20.42,17.15,0,53.79,7.09
2016,NBH0000000376,18.248,3.7568,0,954,377,NO_DESERT,82.48,122.54,6.5652,9.0266,53.22,52,72.03,83.2,11.96,1,48.13,99.75
2016,NBH0000000377,9.042,4.5401,0,3665,422,URBAN_LOW_ACCESS,36.07,237.51,25.9793,4.7036,93.81,169,61.01,10.49,8.4,1,56.09,94.37
2014,NBH0000000378,17.235,6.5291,0,2072,347,LOW_ACCESS,26.62,295.03,11.6449,18.6827,52.74,173,67.99,18.62,21.23,0,13.41,95.12
2021,NBH0000000379,8.263,2.7737,0,3670,797,LOW_INCOME_LOW_ACCESS,93.9,280.64,5.9918,3.1674,47.48,161,98.85,56.07,9.11,0,84.62,38.99
2021,NBH0000000380,19.125,2.9569,1,726,1768,NO_DESERT,7.05,213.08,12.1547,5.8725,47.73,383,98.07,93.42,28.33,1,38.25,83.92
2017,NBH0000000381,0.085,7.4828,0,1531,335,LOW_INCOME_LOW_ACCESS,83.2,170.79,12.6226,24.7216,89.72,385,51.88,96.32,38.65,0,54.03,25.71
2021,NBH0000000382,9.85,6.7038,1,2006,738,NO_DESERT,51.65,197.78,11.0836,23.4859,30.43,273,68.82,40.34,28.47,0,56.21,87.31
2021,NBH0000000383,16.822,6.8716,1,1444,1565,NO_DESERT,39.27,301.43,28.388,16.6786,79.05,419,89.07,73.31,2.76,1,31.86,28.46
2014,NBH0000000384,9.395,4.021,0,1462,1528,LOW_ACCESS,30.69,208.34,27.0018,20.2514,28.51,425,71.21,18.29,26.71,1,68.55,61.69
2015,NBH0000000385,2.641,11.1939,1,2163,1128,NO_DESERT,40.97,162.38,17.9557,21.2869,38.49,256,74.33,32.34,29.22,1,57.45,57.04
2022,NBH0000000386,20.342,4.8365,0,3527,1412,NO_DESERT,86.0,273.7,4.3746,18.3635,90.08,184,16.48,15.73,35.49,1,94.01,23.77
2010,NBH0000000387,7.163,9.5614,1,3152,118,LOW_ACCESS,76.31,262.32,10.7008,0.4424,0.46,433,21.77,26.47,33.68,0,11.91,46.26
2022,NBH0000000388,21.077,3.7554,0,3599,1263,NO_DESERT,21.43,183.18,2.0665,5.4084,52.12,141,96.47,23.75,18.66,0,85.15,19.14
2020,NBH0000000389,2.981,6.3816,0,1385,1241,RURAL_LOW_ACCESS,73.23,257.27,1.7445,20.3701,8.03,141,4.56,29.84,13.67,0,61.97,10.75
2015,NBH0000000390,11.641,5.1013,0,3567,497,LOW_INCOME_LOW_ACCESS,90.61,100.07,14.8543,7.6007,4.28,20,44.85,50.95,26.68,0,92.4,14.15
2014,NBH0000000391,17.921,7.951,0,3832,166,NO_DESERT,66.42,99.29,12.904,23.1494,9.42,35,51.66,66.72,13.19,0,20.8,21.67
2020,NBH0000000392,13.943,2.9937,0,2702,1025,NO_DESERT,43.55,236.73,27.8401,21.8652,96.4,45,15.36,56.45,11.25,0,88.14,74.3
2020,NBH0000000393,14.521,10.9759,1,2508,1241,NO_DESERT,55.1,72.07,24.5656,13.0334,89.12,248,61.92,41.71,42.35,0,4.21,60.07
2009,NBH0000000394,24.734,2.5154,0,321,236,NO_DESERT,74.47,64.49,1.7933,4.2388,57.85,451,39.74,94.54,37.8,0,92.79,36.04
2013,NBH0000000395,2.953,5.8074,0,3548,1367,URBAN_LOW_ACCESS,61.59,132.97,14.2646,22.3699,17.76,173,98.69,7.48,16.95,0,62.72,43.21
2008,NBH0000000396,12.286,0.3625,0,3914,341,LOW_INCOME_LOW_ACCESS,14.4,151.26,16.1458,7.2976,37.49,3,49.23,48.41,21.02,0,13.86,36.71
2010,NBH0000000397,2.393,3.7958,1,887,640,URBAN_LOW_ACCESS,71.47,273.59,13.5241,7.7011,80.8,157,21.23,16.18,26.44,1,74.21,26.9
2011,NBH0000000398,13.151,11.1664,0,3121,1043,NO_DESERT,26.67,29.62,20.17,24.7526,73.86,457,13.75,77.95,1.97,1,70.26,16.75
2019,NBH0000000399,13.337,7.6886,1,2664,1521,LOW_INCOME_LOW_ACCESS,33.83,58.37,13.8528,20.5472,64.14,402,5.84,32.03,36.08,0,21.21,47.94
2023,NBH0000000400,19.229,10.1919,0,602,1251,URBAN_LOW_ACCESS,55.02,236.04,28.3387,8.5426,26.39,142,49.0,29.27,26.81,0,53.7,58.76
2021,NBH0000000401,9.129,10.9702,0,4488,930,LOW_ACCESS,46.85,277.0,28.4348,11.8661,13.41,486,39.93,70.35,29.11,0,41.27,56.83
2011,NBH0000000402,9.179,0.1132,1,735,62,LOW_INCOME_LOW_ACCESS,96.52,246.18,14.7394,0.8856,30.19,398,53.04,87.3,31.03,1,53.86,53.79
2019,NBH0000000403,13.393,1.5608,0,1266,235,NO_DESERT,14.48,337.57,20.9436,24.1119,52.51,298,82.65,53.9,16.78,0,66.91,91.56
2011,NBH0000000404,0.012,8.4232,1,235,1426,LOW_ACCESS,88.07,233.57,4.0103,0.719,66.01,4,95.11,60.36,26.18,0,88.85,41.28
2020,NBH0000000405,20.522,2.4853,1,215,239,URBAN_LOW_ACCESS,41.26,324.68,25.1609,7.1471,43.93,381,61.55,24.59,6.74,1,35.24,18.25
2012,NBH0000000406,8.081,8.8916,0,4417,1560,RURAL_LOW_ACCESS,64.36,116.77,29.8873,19.6057,4.26,120,16.74,57.43,17.61,0,98.47,67.21
2010,NBH0000000407,18.702,7.0147,1,1058,354,NO_DESERT,45.75,251.46,23.3601,17.1075,62.51,7,9.83,14.14,17.66,0,74.6,69.36
2008,NBH0000000408,19.664,11.5014,0,1979,707,URBAN_LOW_ACCESS,79.09,117.62,28.3967,8.181,53.48,351,47.48,65.4,17.74,0,61.62,14.1
2016,NBH0000000409,0.909,10.4493,1,2922,1228,LOW_INCOME_LOW_ACCESS,43.55,122.6,19.9026,21.6856,80.64,436,33.74,60.75,43.04,0,72.31,90.04
2014,NBH0000000410,18.802,4.9983,1,3030,219,URBAN_LOW_ACCESS,92.74,95.71,2.1972,18.5044,18.12,488,26.08,21.28,13.26,0,55.23,32.36
2022,NBH0000000411,3.487,8.163,0,2162,336,LOW_ACCESS,52.28,304.29,2.2351,13.1814,66.59,375,93.37,2.15,7.67,0,24.13,48.2
2019,NBH0000000412,8.79,2.0182,0,2632,954,URBAN_LOW_ACCESS,37.17,70.88,27.6367,5.3522,8.33,408,70.23,12.31,8.66,0,8.21,43.67
2016,NBH0000000413,23.925,0.2226,0,3303,765,NO_DESERT,22.59,304.56,16.8102,6.3376,90.95,194,93.34,19.14,7.61,0,56.15,98.32
2013,NBH0000000414,7.027,9.3387,0,3029,541,LOW_INCOME_LOW_ACCESS,82.04,35.81,21.5031,21.8819,63.94,311,70.77,33.74,13.62,1,55.73,12.72
2018,NBH0000000415,1.28,9.5609,1,1057,295,RURAL_LOW_ACCESS,43.57,287.38,12.6925,15.2387,21.9,125,9.49,0.37,7.24,0,41.15,38.12
2025,NBH0000000416,5.815,1.8197,1,1536,490,NO_DESERT,73.95,36.39,15.0362,12.2556,68.54,365,89.17,18.02,32.08,0,58.56,82.13
2019,NBH0000000417,12.834,0.6995,0,139,1051,RURAL_LOW_ACCESS,48.0,198.19,5.0802,23.6246,9.47,471,49.72,55.82,21.73,0,52.44,13.91
2025,NBH0000000418,12.25,11.4455,1,674,751,URBAN_LOW_ACCESS,65.89,277.33,28.3752,17.2345,54.93,338,99.4,35.35,31.38,0,33.26,43.25
2025,NBH0000000419,5.159,10.6409,1,1739,184,RURAL_LOW_ACCESS,51.83,299.65,9.9777,8.7143,74.0,467,55.78,32.37,24.69,1,20.2,13.38
2012,NBH0000000420,21.49,9.6368,0,3142,1111,NO_DESERT,88.14,22.71,21.4722,24.1058,22.97,141,12.18,25.26,20.77,0,50.98,38.09
2011,NBH0000000421,16.777,7.4078,0,3666,1406,LOW_INCOME_LOW_ACCESS,30.19,41.86,0.4634,1.5777,65.6,32,91.65,27.27,19.74,0,95.64,26.91
2023,NBH0000000422,16.389,11.7581,0,1734,1595,RURAL_LOW_ACCESS,42.79,192.02,0.7709,17.026,65.12,219,5.16,63.71,5.23,0,86.96,72.35
2009,NBH0000000423,5.829,3.6869,1,4275,456,NO_DESERT,73.41,165.91,26.8613,21.1894,32.86,34,51.16,7.63,42.14,1,17.9,5.9
2019,NBH0000000424,11.891,10.4542,1,1783,302,LOW_INCOME_LOW_ACCESS,93.94,119.45,16.1452,22.469,96.0,85,19.44,12.65,19.13,1,46.95,91.46
2009,NBH0000000425,18.747,5.7652,1,2867,7,NO_DESERT,86.43,316.56,2.1025,10.7321,72.93,427,71.36,10.93,37.46,0,10.6,56.45
2020,NBH0000000426,21.275,11.8577,0,3333,984,LOW_ACCESS,45.84,181.79,3.3697,12.7808,11.83,43,23.22,72.73,42.32,0,41.97,7.4
2018,NBH0000000427,8.053,11.9157,1,3967,84,NO_DESERT,20.8,292.45,11.5114,19.17,20.54,279,26.37,80.33,28.02,1,90.29,23.07
2011,NBH0000000428,12.069,5.8649,0,2301,1799,NO_DESERT,6.26,178.06,0.7916,3.6715,84.41,214,16.31,70.81,43.82,0,35.44,63.62
2008,NBH0000000429,22.764,7.18,1,4470,290,URBAN_LOW_ACCESS,33.83,291.45,5.6526,3.8245,52.15,363,33.85,95.5,15.33,1,62.17,93.8
2016,NBH0000000430,23.002,7.684,1,3120,1276,LOW_ACCESS,54.38,16.15,1.1203,22.992,90.5,258,87.85,31.08,14.3,0,19.48,93.74
2015,NBH0000000431,7.84,4.6846,1,2206,1774,NO_DESERT,45.33,208.66,26.6486,3.7587,4.11,106,64.86,92.35,8.45,0,38.26,26.43
2010,NBH0000000432,19.132,3.8635,1,1997,1771,NO_DESERT,84.44,72.88,4.4365,0.2861,73.19,287,84.92,5.08,11.92,0,68.86,53.75
2008,NBH0000000433,10.679,1.7426,1,3552,1426,NO_DESERT,53.34,154.37,25.3025,8.2428,42.88,227,83.43,38.4,13.46,0,1.63,29.02
2019,NBH0000000434,13.506,3.0671,0,2903,48,LOW_ACCESS,25.4,45.17,23.4816,9.332,7.39,109,75.28,78.21,19.26,1,22.69,85.06
2015,NBH0000000435,19.306,7.7838,1,882,1469,RURAL_LOW_ACCESS,17.38,221.41,6.7703,10.6373,70.66,222,14.08,66.11,2.67,0,68.59,74.31
2018,NBH0000000436,8.764,11.9076,0,2370,1197,NO_DESERT,12.96,343.31,7.0548,18.9131,83.67,245,41.09,7.38,5.12,0,87.39,22.15
2012,NBH0000000437,21.199,10.2683,0,2591,1333,URBAN_LOW_ACCESS,41.52,96.73,8.1429,5.1149,13.9,61,91.73,13.84,43.93,1,26.41,69.48
2023,NBH0000000438,5.819,5.7687,0,3166,1770,NO_DESERT,77.35,156.62,0.5707,15.9459,69.6,4,61.61,68.11,1.92,0,86.38,60.8
2012,NBH0000000439,21.98,10.2135,0,3631,921,NO_DESERT,95.27,86.52,20.25,2.0875,79.83,429,78.81,72.4,39.74,0,26.43,82.58
2013,NBH0000000440,3.536,1.1257,0,3790,544,NO_DESERT,10.4,178.33,25.594,5.8962,57.18,375,58.1,92.29,7.51,1,95.49,95.19
2021,NBH0000000441,5.831,3.4869,0,1025,1095,NO_DESERT,20.68,94.83,29.2365,4.4909,80.38,353,56.25,1.59,0.33,1,21.35,11.95
2011,NBH0000000442,7.645,9.6443,1,132,49,LOW_ACCESS,70.64,164.36,23.9977,5.7033,93.4,176,61.77,15.43,2.3,1,90.68,76.86
2025,NBH0000000443,15.428,6.2981,1,2591,1459,RURAL_LOW_ACCESS,33.6,139.93,25.6098,4.5122,41.31,267,27.64,43.88,39.02,0,6.94,28.74
2015,NBH0000000444,24.301,4.4916,1,3764,1355,NO_DESERT,23.25,220.51,17.5498,12.7657,57.53,339,72.56,37.63,38.54,0,9.82,33.38
2013,NBH0000000445,0.633,10.2069,1,3881,259,NO_DESERT,36.23,213.22,28.0817,7.1657,79.7,32,35.65,48.57,34.03,1,43.42,17.78
2019,NBH0000000446,7.911,11.9811,1,4411,1201,NO_DESERT,82.67,51.33,27.4514,5.0675,5.57,95,35.29,2.73,30.12,0,27.24,29.75
2014,NBH0000000447,7.609,11.2017,0,3414,727,LOW_ACCESS,88.98,321.4,24.3756,18.6701,12.97,416,28.86,51.12,6.3,1,75.52,56.82
2014,NBH0000000448,23.936,2.494,0,152,929,LOW_ACCESS,32.52,317.65,25.9706,4.7728,32.87,474,89.88,80.8,24.46,0,90.64,65.29
2012,NBH0000000449,11.377,5.5537,1,1644,855,NO_DESERT,32.0,239.46,25.7949,14.3865,27.2,250,99.19,39.51,9.98,0,86.88,66.36
2018,NBH0000000450,18.455,11.2931,1,2872,1387,LOW_ACCESS,14.58,33.78,19.5919,17.8839,50.74,73,77.84,82.54,6.78,0,41.59,49.55
2015,NBH0000000451,19.187,6.6426,1,4006,674,URBAN_LOW_ACCESS,58.81,310.88,25.3527,13.1326,6.48,436,8.84,65.51,22.36,0,99.9,31.11
2022,NBH0000000452,0.493,4.1198,0,715,1158,URBAN_LOW_ACCESS,25.99,206.76,16.7343,15.6856,63.63,315,10.43,38.6,43.36,1,18.35,34.04
2009,NBH0000000453,0.781,9.3424,1,1507,2,NO_DESERT,9.09,349.27,7.9455,12.2125,48.81,135,80.84,69.95,25.02,0,0.57,89.11
2019,NBH0000000454,2.452,8.8878,0,3084,988,NO_DESERT,54.44,284.13,11.0836,14.9863,4.01,409,18.36,54.51,7.4,0,80.62,12.98
2012,NBH0000000455,13.798,3.0604,0,4278,596,LOW_ACCESS,68.59,341.17,8.7844,10.8786,58.02,168,3.98,79.19,1.64,1,49.41,63.94
2012,NBH0000000456,23.447,8.8381,0,4128,775,LOW_INCOME_LOW_ACCESS,17.5,98.68,6.4759,3.568,48.4,348,68.46,16.3,17.13,0,57.28,27.42
2024,NBH0000000457,7.881,6.7529,1,263,50,RURAL_LOW_ACCESS,75.86,15.08,25.8335,14.4426,48.76,169,91.64,43.88,23.23,1,94.34,83.11
2010,NBH0000000458,8.259,11.8302,1,879,1594,URBAN_LOW_ACCESS,86.16,184.9,23.1273,6.2148,12.89,87,83.17,92.33,7.74,0,56.57,68.19
2020,NBH0000000459,24.147,0.68,0,460,644,NO_DESERT,53.38,214.85,16.03,16.2493,17.01,446,9.4,2.84,3.73,0,24.73,92.62
2016,NBH0000000460,22.048,10.2163,1,2274,438,NO_DESERT,85.42,71.76,29.1151,11.9418,37.14,103,7.45,46.44,15.62,0,25.62,32.62
2013,NBH0000000461,6.501,11.7194,1,1952,64,URBAN_LOW_ACCESS,32.46,296.75,9.5126,17.2209,5.37,397,48.57,36.45,2.65,1,44.64,61.98
2009,NBH0000000462,20.241,3.2101,0,541,307,NO_DESERT,6.21,185.41,17.268,21.3622,40.85,183,7.54,86.47,2.34,0,56.34,98.38
2015,NBH0000000463,4.376,8.229,0,851,1370,URBAN_LOW_ACCESS,57.62,99.1,21.525,3.7167,41.58,111,98.46,13.1,1.01,1,49.13,22.14
2016,NBH0000000464,13.891,6.2849,0,3920,1163,URBAN_LOW_ACCESS,95.22,344.52,22.9794,18.2863,48.9,329,90.21,40.34,32.88,1,40.72,4.03
2008,NBH0000000465,9.011,1.3401,1,4322,301,RURAL_LOW_ACCESS,81.78,230.1,26.4047,13.778,82.93,158,52.33,9.92,14.6,0,75.97,28.97
2009,NBH0000000466,8.201,11.6657,0,3055,821,RURAL_LOW_ACCESS,60.14,258.39,14.4912,13.4617,43.43,327,37.87,62.75,40.19,1,56.84,4.78
2017,NBH0000000467,18.035,0.9267,1,588,1716,NO_DESERT,68.47,97.13,29.4684,15.9677,46.97,210,84.31,91.38,34.22,0,23.93,93.08
2025,NBH0000000468,17.64,4.9938,0,3828,356,URBAN_LOW_ACCESS,61.08,284.15,29.1211,22.5395,10.53,292,30.82,54.03,1.24,0,77.39,74.95
2013,NBH0000000469,22.447,10.1747,1,519,313,LOW_ACCESS,10.85,172.24,24.3387,14.7757,20.33,215,95.47,43.74,39.23,1,36.91,48.36
2023,NBH0000000470,14.817,6.9725,1,3285,1101,RURAL_LOW_ACCESS,48.81,188.21,24.4321,16.3734,24.91,38,52.19,44.11,35.52,0,7.26,64.52
2010,NBH0000000471,11.448,2.9616,0,4373,657,NO_DESERT,28.36,306.06,17.2979,1.8145,18.6,254,33.17,21.32,10.89,0,39.92,60.62
2012,NBH0000000472,18.48,11.2553,0,1144,1681,NO_DESERT,81.1,145.85,25.7281,3.3575,5.67,60,96.21,19.71,41.48,1,16.26,84.1
2021,NBH0000000473,20.544,3.4622,0,1979,722,RURAL_LOW_ACCESS,77.42,192.78,25.8395,20.2921,93.31,362,37.91,30.51,32.07,1,60.23,77.94
2011,NBH0000000474,5.659,2.4174,0,2162,820,LOW_INCOME_LOW_ACCESS,14.44,151.85,26.8511,13.9226,41.63,217,14.29,38.63,44.81,0,82.03,29.81
2022,NBH0000000475,16.388,1.5467,0,989,1794,LOW_ACCESS,65.41,165.6,1.8415,13.3398,62.28,300,94.76,27.45,17.27,0,96.22,20.34
2008,NBH0000000476,24.584,11.6638,0,2065,1778,NO_DESERT,34.85,341.48,24.8569,9.336,68.45,189,89.52,48.25,12.21,0,65.56,22.6
2023,NBH0000000477,4.061,2.694,1,729,1192,NO_DESERT,46.87,237.95,22.9294,14.381,50.72,467,11.69,58.63,14.77,0,43.36,0.3
2024,NBH0000000478,23.256,8.6046,0,4278,486,URBAN_LOW_ACCESS,76.69,89.28,5.3163,7.8825,9.25,404,93.91,94.82,38.93,0,21.63,58.04
2008,NBH0000000479,11.084,8.4198,1,2761,121,LOW_ACCESS,2.34,303.78,1.6357,10.0499,20.85,141,65.91,86.22,14.93,1,88.33,82.75
2024,NBH0000000480,7.992,3.0898,0,1938,246,NO_DESERT,83.69,96.08,2.5608,1.5099,34.07,272,51.94,39.7,33.48,0,98.79,37.26
2011,NBH0000000481,12.118,3.3455,1,2138,1532,NO_DESERT,93.86,110.71,24.0419,14.8667,73.78,428,79.95,73.11,38.34,0,33.1,48.38
2024,NBH0000000482,22.908,2.588,0,2185,1491,LOW_ACCESS,65.26,203.85,17.1417,17.6647,17.55,480,61.84,84.56,15.09,0,28.27,80.68
2018,NBH0000000483,7.863,3.5998,1,1256,971,NO_DESERT,85.24,76.24,1.9722,3.5386,51.37,212,12.92,53.59,15.22,1,33.07,76.7
2022,NBH0000000484,17.258,11.991,1,2120,704,RURAL_LOW_ACCESS,70.3,98.52,10.4685,5.8646,47.22,130,19.57,53.27,19.78,1,9.84,94.34
2019,NBH0000000485,2.911,3.012,0,3984,269,NO_DESERT,58.66,189.1,14.5834,17.7942,36.73,424,39.35,95.33,25.52,1,81.55,89.73
2018,NBH0000000486,4.706,11.7722,0,899,195,NO_DESERT,5.56,24.37,14.3831,4.7793,87.85,399,51.47,95.77,17.54,0,65.45,72.05
2013,NBH0000000487,19.231,4.3164,0,1178,1594,LOW_ACCESS,97.66,55.29,14.8797,5.6769,11.27,309,48.87,38.52,35.56,1,69.37,40.81
2013,NBH0000000488,15.834,3.8553,0,457,213,LOW_ACCESS,73.04,192.01,18.9107,17.4201,37.74,117,66.15,4.15,35.98,1,82.9,6.56
2008,NBH0000000489,24.141,1.7779,0,4040,380,NO_DESERT,33.51,255.58,17.5443,17.3814,82.99,308,60.62,35.85,16.69,1,48.99,59.84
2014,NBH0000000490,0.758,11.2877,1,4115,641,LOW_ACCESS,16.39,142.43,24.0355,2.0958,1.16,104,89.3,54.11,21.92,0,56.48,73.6
2022,NBH0000000491,17.928,3.0509,1,203,1178,URBAN_LOW_ACCESS,42.64,231.91,5.3903,15.1688,3.02,190,5.41,57.9,3.34,0,29.82,72.09
2017,NBH0000000492,1.279,7.5604,1,4054,1655,URBAN_LOW_ACCESS,32.37,106.33,7.6455,12.5666,3.21,168,5.92,24.06,31.75,0,60.23,59.56
2010,NBH0000000493,16.663,4.9214,0,372,353,NO_DESERT,2.54,173.06,11.9706,16.9952,91.49,313,22.14,41.35,21.45,1,94.71,57.42
2010,NBH0000000494,12.531,6.6787,0,2525,1716,URBAN_LOW_ACCESS,44.52,295.05,10.0543,10.8136,66.58,249,53.82,57.55,8.38,1,76.14,47.27
2016,NBH0000000495,14.66,10.1041,0,2023,1314,NO_DESERT,77.99,257.21,11.2516,23.5323,92.02,299,60.61,86.47,42.7,0,41.97,65.45
2024,NBH0000000496,24.077,10.3661,0,3221,334,NO_DESERT,9.8,262.85,26.9796,10.3542,70.1,142,71.58,29.58,7.38,0,83.66,48.13
2012,NBH0000000497,15.841,9.5333,1,3520,715,NO_DESERT,96.74,135.12,17.6751,21.548,0.59,69,48.4,84.98,3.75,1,74.24,89.42
2017,NBH0000000498,24.287,3.2139,1,549,769,URBAN_LOW_ACCESS,59.1,53.28,9.5583,15.278,40.47,364,11.39,31.86,43.19,0,75.85,10.6
2020,NBH0000000499,19.22,0.0448,0,4469,834,RURAL_LOW_ACCESS,58.21,111.33,12.0179,2.5248,40.85,445,9.11,64.84,19.39,1,3.5,72.39
2011,NBH0000000500,13.668,2.6615,0,3999,1253,NO_DESERT,74.83,135.25,3.7429,19.8808,81.21,396,84.23,42.63,31.76,0,94.79,77.79
2018,NBH0000000501,16.876,2.4802,0,1456,1511,LOW_ACCESS,6.78,242.97,19.3457,19.3159,26.93,186,74.62,35.79,5.49,0,28.35,36.29
2012,NBH0000000502,18.551,8.5959,0,510,1678,RURAL_LOW_ACCESS,91.29,204.25,6.3442,21.1105,45.73,355,37.48,27.02,42.53,0,98.22,35.54
2021,NBH0000000503,10.507,9.0475,0,214,1014,URBAN_LOW_ACCESS,7.8,279.5,18.2509,1.4809,62.25,27,10.55,48.25,10.63,1,68.55,70.6
2018,NBH0000000504,0.866,8.9207,1,115,400,RURAL_LOW_ACCESS,8.72,94.15,20.6139,1.5721,18.69,330,76.35,37.04,13.06,0,12.79,17.55
2008,NBH0000000505,14.115,2.4975,0,3902,591,NO_DESERT,61.39,83.4,16.0186,19.4232,61.69,121,60.57,31.2,7.25,1,71.83,47.66
2025,NBH0000000506,0.773,9.4246,1,222,354,NO_DESERT,87.61,20.25,20.0021,18.6843,70.47,370,66.69,1.69,25.35,1,0.43,38.43
2024,NBH0000000507,19.491,8.582,1,2483,31,NO_DESERT,62.5,162.59,18.6251,5.2024,15.89,42,99.12,33.23,31.4,1,9.6,24.43
2012,NBH0000000508,11.834,0.7625,0,1787,1676,LOW_ACCESS,74.67,321.67,27.5661,16.5838,16.88,309,81.99,61.15,11.58,0,87.0,70.35
2024,NBH0000000509,20.731,3.8619,0,4026,843,URBAN_LOW_ACCESS,8.89,65.18,21.5281,0.7931,78.74,34,26.18,4.25,14.3,1,70.44,45.58
2008,NBH0000000510,18.85,1.4455,1,1697,1746,LOW_ACCESS,51.52,170.89,28.0148,3.1207,4.74,436,82.74,51.77,44.33,0,29.16,62.58
2017,NBH0000000511,7.114,9.8975,1,81,902,LOW_ACCESS,72.98,122.04,14.3892,22.3426,4.72,259,62.7,68.34,42.32,0,12.77,89.81
2021,NBH0000000512,9.401,6.3265,1,334,1592,NO_DESERT,99.39,80.05,12.6552,4.5677,89.36,398,20.84,50.87,37.11,0,93.01,76.85
2019,NBH0000000513,8.621,10.6462,1,1507,1797,LOW_INCOME_LOW_ACCESS,14.23,272.95,20.9445,15.8509,58.57,264,7.57,30.58,36.9,0,60.95,71.36
2013,NBH0000000514,14.885,9.1725,1,471,1710,NO_DESERT,41.33,30.84,27.8337,7.8422,17.08,418,49.55,16.05,26.34,1,85.98,85.48
2021,NBH0000000515,15.434,10.4529,1,1494,617,NO_DESERT,54.22,23.13,20.4867,19.2795,74.61,459,2.24,2.61,9.31,0,51.0,6.45
2009,NBH0000000516,17.438,5.994,1,2681,1226,NO_DESERT,23.68,287.46,0.0602,10.7451,35.01,274,56.06,57.47,30.37,0,32.22,98.86
2017,NBH0000000517,14.306,2.3076,0,236,925,LOW_ACCESS,9.46,281.71,0.5411,13.4561,0.9,111,69.6,55.25,36.6,1,54.28,85.35
2017,NBH0000000518,24.207,9.2158,0,3760,222,NO_DESERT,9.01,321.54,21.1255,13.4037,19.42,473,94.85,91.56,2.19,0,16.63,37.16
2008,NBH0000000519,16.134,9.4257,1,566,1670,LOW_ACCESS,19.32,112.5,10.3702,6.3929,18.28,102,99.83,93.17,15.47,0,32.05,89.59
2019,NBH0000000520,11.554,6.5181,1,4069,1215,URBAN_LOW_ACCESS,26.93,138.67,0.2444,21.0688,22.54,404,54.36,42.5,40.58,1,27.74,12.38
2020,NBH0000000521,7.282,0.3046,1,2635,1465,NO_DESERT,25.26,219.75,13.4442,12.3169,88.19,295,21.7,13.57,44.52,0,34.91,61.93
2018,NBH0000000522,24.288,7.9539,1,2775,919,RURAL_LOW_ACCESS,60.07,22.45,18.3227,12.9128,83.99,204,82.42,37.41,43.36,1,13.68,85.16
2008,NBH0000000523,0.001,2.1202,0,591,520,NO_DESERT,7.03,309.06,23.6207,15.5077,57.64,319,20.73,35.88,16.8,1,17.65,76.03
2009,NBH0000000524,23.786,5.3031,0,2168,551,LOW_ACCESS,39.59,183.35,25.0017,16.4751,74.68,336,58.74,84.14,18.63,0,96.54,21.79
2025,NBH0000000525,24.98,11.8858,0,2530,753,NO_DESERT,10.7,285.82,12.3141,1.3512,66.28,430,15.05,75.63,1.69,1,0.82,87.28
2010,NBH0000000526,12.693,6.0798,0,1113,1158,NO_DESERT,68.48,294.68,28.7576,8.1513,58.66,185,35.87,65.97,17.41,1,7.31,99.2
2018,NBH0000000527,8.262,1.0625,0,2861,758,LOW_INCOME_LOW_ACCESS,50.91,39.51,26.8133,9.7295,45.07,320,65.03,49.63,17.17,0,20.75,86.28
2011,NBH0000000528,24.693,10.8803,1,307,880,NO_DESERT,7.65,158.37,21.4601,3.8875,41.58,37,52.48,9.14,25.02,0,88.32,74.83
2011,NBH0000000529,2.969,3.0004,0,2237,1110,LOW_INCOME_LOW_ACCESS,91.93,138.92,7.1066,23.0949,26.82,157,45.31,44.53,44.4,1,25.49,78.7
2011,NBH0000000530,1.395,5.6505,1,1918,971,RURAL_LOW_ACCESS,56.92,295.15,20.2346,24.0445,51.07,178,89.44,42.99,43.16,1,43.51,62.64
2014,NBH0000000531,15.724,8.5094,1,2802,1350,NO_DESERT,84.5,167.95,15.4048,10.4814,79.53,270,23.6,82.72,35.74,0,74.67,44.86
2011,NBH0000000532,13.211,8.9768,0,998,194,LOW_INCOME_LOW_ACCESS,6.28,225.85,3.9178,0.0985,22.01,220,98.42,85.55,12.8,1,38.67,48.26
2024,NBH0000000533,17.811,11.8025,1,3078,1095,LOW_INCOME_LOW_ACCESS,86.17,317.51,10.6166,3.264,20.35,232,59.04,46.59,11.48,0,63.1,13.57
2014,NBH0000000534,21.865,3.4478,1,2742,530,RURAL_LOW_ACCESS,8.43,216.8,21.264,13.8189,69.48,76,74.34,78.08,36.96,1,16.9,23.19
2010,NBH0000000535,10.873,6.9702,0,1675,562,NO_DESERT,90.45,165.63,19.1392,8.1805,87.19,486,58.75,98.21,24.59,0,89.68,46.95
2014,NBH0000000536,16.438,2.5967,0,4106,1757,LOW_INCOME_LOW_ACCESS,92.95,206.44,18.2301,20.9294,7.88,11,16.93,67.05,17.77,1,54.76,99.42
2009,NBH0000000537,19.789,6.6286,1,2805,1315,NO_DESERT,92.77,84.59,1.1525,12.1755,19.55,219,2.9,25.0,13.96,1,32.69,89.32
2021,NBH0000000538,9.023,6.0829,0,892,1402,NO_DESERT,47.87,55.26,4.9779,6.8629,50.54,434,99.64,44.5,17.27,0,94.95,20.12
2018,NBH0000000539,8.861,8.1803,0,72,116,RURAL_LOW_ACCESS,83.62,209.05,24.0105,7.165,71.85,365,15.8,91.14,4.94,1,35.26,59.25
2011,NBH0000000540,6.757,7.3582,0,2110,1654,URBAN_LOW_ACCESS,98.31,33.98,21.4734,1.1022,85.03,19,12.68,33.76,8.96,1,38.35,37.58
2025,NBH0000000541,12.473,11.9355,1,1685,1792,LOW_INCOME_LOW_ACCESS,35.02,268.91,25.5752,19.7701,42.49,294,17.78,55.94,41.81,1,74.73,14.87
2010,NBH0000000542,24.271,10.3049,1,3536,581,LOW_ACCESS,77.07,255.73,18.4038,9.3211,71.51,335,27.35,39.91,2.51,1,65.52,49.99
2020,NBH0000000543,7.3,11.9154,0,2137,1056,URBAN_LOW_ACCESS,7.32,208.11,18.8409,18.3552,72.06,312,66.86,89.51,39.76,0,0.14,13.14
2023,NBH0000000544,24.816,0.4971,0,2334,882,LOW_INCOME_LOW_ACCESS,64.46,135.99,15.124,23.1298,1.12,113,86.85,97.62,11.37,0,10.88,51.79
2017,NBH0000000545,8.371,7.2159,0,2753,89,LOW_ACCESS,87.78,199.61,23.3823,18.9876,26.65,455,63.54,66.77,24.21,0,85.37,61.84
2023,NBH0000000546,18.09,5.9043,0,1697,749,NO_DESERT,47.29,318.09,9.9742,17.2027,95.14,461,98.37,26.26,17.54,1,67.92,94.07
2023,NBH0000000547,5.712,8.5064,0,3943,432,NO_DESERT,0.88,260.8,21.0616,11.3792,43.92,63,98.07,11.22,2.78,0,91.7,24.88
2016,NBH0000000548,7.859,3.3373,0,1720,242,LOW_INCOME_LOW_ACCESS,78.58,188.47,2.9405,3.9597,49.98,314,6.8,15.04,0.08,0,71.17,94.44
2013,NBH0000000549,15.079,3.5864,0,2647,505,LOW_ACCESS,44.25,250.43,29.7908,8.4473,43.66,304,71.45,75.75,31.12,1,58.55,98.8
2019,NBH0000000550,17.714,6.5818,0,2090,242,LOW_ACCESS,68.46,346.54,22.8583,8.0095,48.53,162,24.92,61.21,9.64,0,81.31,10.39
2013,NBH0000000551,24.977,4.0616,1,2076,441,URBAN_LOW_ACCESS,58.84,32.38,27.9676,3.985,41.37,144,76.36,21.38,14.01,0,68.09,93.35
2017,NBH0000000552,15.588,2.8767,0,3200,90,NO_DESERT,27.59,19.94,10.7417,17.2569,66.6,151,81.82,39.31,39.22,0,26.35,73.98
2016,NBH0000000553,12.163,1.7924,1,3242,353,URBAN_LOW_ACCESS,18.92,140.68,11.7014,12.4655,35.5,219,12.26,4.89,43.7,1,44.39,71.5
2008,NBH0000000554,6.802,10.941,0,1643,1021,LOW_INCOME_LOW_ACCESS,55.65,143.99,2.1319,19.815,74.25,318,99.2,51.03,9.62,1,44.83,40.42
2020,NBH0000000555,24.632,0.8885,0,1462,703,NO_DESERT,50.15,16.21,7.8546,23.7092,67.86,347,0.37,66.34,29.44,0,88.97,95.08
2017,NBH0000000556,1.984,8.0363,0,1161,647,LOW_ACCESS,16.61,142.16,24.2313,21.3681,11.17,229,89.08,66.04,20.6,1,88.51,75.71
2023,NBH0000000557,6.588,7.6804,1,3590,940,NO_DESERT,84.12,231.01,16.6864,1.5868,90.96,354,48.72,80.83,34.93,0,68.14,74.5
2024,NBH0000000558,4.075,7.3805,1,1107,1782,URBAN_LOW_ACCESS,17.7,69.31,1.4042,12.4026,50.88,292,29.52,18.63,6.49,0,53.56,51.19
2014,NBH0000000559,21.736,0.4451,1,2289,926,NO_DESERT,50.57,148.93,0.7061,13.0175,11.35,369,43.98,79.35,39.25,1,4.22,72.5
2010,NBH0000000560,20.156,6.7395,0,1432,864,LOW_ACCESS,12.29,51.41,7.3408,16.4841,32.56,177,81.75,1.51,8.63,0,10.98,32.55
2015,NBH0000000561,16.669,11.8172,0,3841,1097,NO_DESERT,92.27,292.35,26.7406,8.8212,33.59,280,66.71,99.97,32.57,0,16.22,66.54
2014,NBH0000000562,18.351,2.307,1,1174,89,NO_DESERT,26.35,18.03,21.1224,18.2044,77.52,296,65.91,63.77,40.28,0,73.73,86.29
2017,NBH0000000563,12.448,9.4487,0,174,68,NO_DESERT,58.81,294.56,16.0004,13.4532,59.38,372,77.4,89.84,32.04,1,97.07,39.68
2020,NBH0000000564,6.284,11.3495,1,2635,4,LOW_ACCESS,46.02,78.27,29.7107,7.693,33.46,132,7.99,72.83,23.3,0,17.61,61.97
2009,NBH0000000565,1.096,11.8014,0,1070,1525,LOW_ACCESS,58.44,209.49,13.6115,3.6346,82.68,473,13.27,91.28,5.46,0,99.53,31.78
2018,NBH0000000566,1.219,11.2185,1,2318,1269,NO_DESERT,10.14,23.09,8.1846,21.2807,12.6,55,61.96,54.0,13.16,0,72.6,34.76
2020,NBH0000000567,12.426,0.8586,1,1973,834,URBAN_LOW_ACCESS,21.33,21.26,4.3124,3.4209,80.88,28,31.79,30.35,31.84,0,70.1,1.01
2013,NBH0000000568,15.879,10.5952,0,240,167,NO_DESERT,29.99,119.59,16.5446,12.4074,58.97,349,36.93,33.98,7.46,0,32.32,23.12
2008,NBH0000000569,23.153,1.4599,0,4353,742,LOW_ACCESS,82.08,263.69,2.5021,4.8235,39.79,142,22.37,86.87,4.01,1,85.13,27.82
2023,NBH0000000570,4.498,0.7793,1,4018,1181,NO_DESERT,17.47,215.1,15.7926,17.9018,39.64,138,30.91,49.56,28.96,0,88.02,49.38
2022,NBH0000000571,9.671,9.3146,1,3771,1180,URBAN_LOW_ACCESS,4.12,53.68,23.8733,0.3518,65.32,30,26.38,1.75,21.92,0,45.15,79.43
2008,NBH0000000572,3.88,8.0155,1,813,799,NO_DESERT,11.4,282.95,16.9935,12.0059,43.64,427,30.3,86.0,29.22,0,62.82,62.33
2016,NBH0000000573,8.926,5.7239,1,4217,387,LOW_INCOME_LOW_ACCESS,44.37,228.1,16.42,17.6241,42.35,0,68.22,10.27,40.1,0,36.21,81.61
2017,NBH0000000574,6.893,8.0442,1,3771,1095,RURAL_LOW_ACCESS,45.71,226.29,23.7164,22.6027,25.53,262,17.84,49.26,11.92,1,14.98,55.31
2010,NBH0000000575,12.041,1.9173,1,213,274,RURAL_LOW_ACCESS,58.28,209.71,15.3631,4.3849,14.27,140,55.17,84.34,26.98,1,39.47,18.62
2008,NBH0000000576,14.717,2.8054,0,2406,85,NO_DESERT,51.48,23.91,18.5642,4.5849,56.88,485,37.17,13.79,10.0,1,66.11,98.88
2022,NBH0000000577,19.569,1.2595,0,160,1144,NO_DESERT,97.89,229.97,29.0119,3.8117,53.49,498,8.89,1.91,9.09,1,94.7,31.96
2017,NBH0000000578,2.484,5.8618,1,1716,1074,LOW_INCOME_LOW_ACCESS,44.52,334.5,29.5149,7.6778,68.35,349,28.88,55.64,15.48,0,78.0,27.23
2025,NBH0000000579,8.854,2.3523,1,3643,1066,NO_DESERT,37.32,309.23,1.575,4.8642,38.07,28,64.28,11.95,9.6,0,68.2,18.23
2010,NBH0000000580,1.743,7.0079,0,1097,353,LOW_ACCESS,46.49,228.51,15.9567,10.8711,78.86,398,12.96,73.79,36.77,0,99.59,31.21
2010,NBH0000000581,9.143,2.699,1,3998,1612,NO_DESERT,41.01,68.7,21.3607,20.953,95.57,316,45.42,70.04,36.87,0,53.69,28.09
2009,NBH0000000582,9.063,3.4987,0,1198,1200,NO_DESERT,79.17,72.57,23.0547,3.2845,50.61,392,35.16,53.2,40.08,1,36.14,53.47
2019,NBH0000000583,18.08,3.8444,0,1143,693,URBAN_LOW_ACCESS,44.85,144.95,10.0165,5.5838,80.4,34,76.73,68.4,33.11,0,15.67,39.54
2017,NBH0000000584,8.876,11.8461,1,4200,426,RURAL_LOW_ACCESS,97.11,254.01,5.2679,3.2206,11.01,297,15.83,33.77,23.73,0,81.15,27.8
2012,NBH0000000585,3.018,10.0671,1,1744,40,URBAN_LOW_ACCESS,24.24,93.76,20.6948,8.2593,49.53,343,86.3,53.65,16.07,1,73.79,69.64
2025,NBH0000000586,20.173,0.4057,1,2630,1300,NO_DESERT,30.07,182.81,26.5533,11.0714,68.39,489,39.01,49.72,19.84,0,82.86,67.45
2009,NBH0000000587,22.716,0.0691,0,2327,824,RURAL_LOW_ACCESS,70.03,278.2,13.4529,3.5508,18.1,328,22.41,2.04,33.32,1,41.7,97.13
2008,NBH0000000588,1.196,1.0104,0,2577,183,NO_DESERT,86.81,247.94,3.1322,10.3106,15.31,239,94.94,88.86,39.72,1,7.11,75.53
2023,NBH0000000589,8.181,0.294,1,759,129,LOW_ACCESS,49.21,69.58,4.2336,11.2044,61.63,111,2.07,43.32,42.36,1,85.23,9.83
2008,NBH0000000590,18.893,3.7393,1,3093,1196,LOW_INCOME_LOW_ACCESS,71.51,296.8,26.0885,12.7294,18.77,12,65.17,86.54,16.37,0,56.74,10.91
2011,NBH0000000591,3.798,4.9769,1,1689,395,LOW_INCOME_LOW_ACCESS,1.64,168.25,19.6173,9.2064,93.16,293,98.41,45.65,41.41,0,41.55,71.82
2008,NBH0000000592,16.51,7.025,1,2983,911,URBAN_LOW_ACCESS,1.45,166.52,21.5458,2.5398,25.49,297,78.75,85.31,3.73,0,15.02,52.25
2016,NBH0000000593,18.942,2.728,1,2068,1595,LOW_INCOME_LOW_ACCESS,47.29,260.58,18.9573,8.3283,91.37,22,72.44,39.93,29.61,0,83.87,78.82
2020,NBH0000000594,24.798,8.4396,1,1020,992,LOW_INCOME_LOW_ACCESS,97.35,338.71,25.8967,16.8214,39.0,171,6.81,68.12,41.07,1,55.16,29.03
2018,NBH0000000595,15.108,8.5273,1,2214,731,NO_DESERT,30.61,216.33,15.9652,0.1611,84.04,416,11.43,91.24,39.44,1,98.88,39.42
2008,NBH0000000596,23.962,7.5417,0,3839,108,RURAL_LOW_ACCESS,8.31,305.62,9.3791,18.1458,71.08,377,29.25,63.59,2.1,0,32.55,70.49
2019,NBH0000000597,0.67,2.9322,1,1888,831,URBAN_LOW_ACCESS,70.64,348.97,15.9821,12.3065,89.08,373,22.91,51.07,16.91,0,0.97,94.18
2010,NBH0000000598,14.033,5.5068,1,4227,1357,LOW_INCOME_LOW_ACCESS,6.73,313.52,1.5462,10.2203,19.92,453,4.75,55.04,32.62,1,47.15,46.9
2018,NBH0000000599,7.625,4.1874,0,4432,679,URBAN_LOW_ACCESS,89.61,334.53,4.9757,19.7775,51.89,467,29.64,65.88,19.8,1,51.92,18.7
2018,NBH0000000600,24.42,11.6451,1,3862,115,NO_DESERT,35.31,279.12,8.6199,3.7639,15.71,253,80.73,29.88,34.49,0,90.88,13.07
2017,NBH0000000601,3.555,10.9335,1,4085,973,NO_DESERT,23.13,335.43,20.5167,19.1268,15.92,86,85.18,68.55,44.23,1,30.02,27.66
2025,NBH0000000602,19.231,4.9969,1,4185,1736,LOW_ACCESS,40.51,304.57,26.6251,22.5963,59.26,412,32.17,73.26,8.93,1,54.81,80.84
2012,NBH0000000603,16.849,5.6032,0,3046,1317,LOW_ACCESS,4.96,87.19,13.2224,9.9069,79.31,360,57.22,69.02,34.86,0,61.01,40.46
2015,NBH0000000604,24.874,5.1266,1,1330,1011,LOW_ACCESS,16.02,32.35,2.1836,2.8316,36.18,356,96.9,63.61,42.78,0,88.65,18.15
2011,NBH0000000605,22.465,7.0624,0,2537,467,NO_DESERT,56.7,140.46,9.363,20.3823,87.62,117,25.95,64.98,6.49,1,49.81,84.15
2010,NBH0000000606,21.836,6.3859,0,729,1717,URBAN_LOW_ACCESS,32.42,51.75,10.3572,4.9421,25.4,7,3.6,46.6,44.79,1,86.39,97.16
2010,NBH0000000607,12.381,7.4408,1,1796,688,NO_DESERT,56.88,212.68,19.6821,3.5977,10.35,181,74.05,22.73,38.54,1,52.95,8.21
2014,NBH0000000608,2.543,9.2004,0,1532,992,LOW_ACCESS,47.84,81.06,29.7716,23.6671,93.05,280,34.32,53.41,41.89,1,0.12,69.24
2014,NBH0000000609,19.569,0.7582,1,2088,1175,NO_DESERT,65.75,124.11,7.5642,0.8978,50.85,413,55.52,0.12,22.12,1,89.09,97.91
2021,NBH0000000610,6.156,1.7819,0,3324,78,LOW_INCOME_LOW_ACCESS,24.23,29.03,13.3035,24.8091,39.4,120,56.26,65.98,32.49,0,59.73,34.91
2020,NBH0000000611,23.109,5.6236,1,3608,1452,URBAN_LOW_ACCESS,74.6,102.49,15.4706,6.6725,93.57,5,32.56,9.9,17.99,0,66.27,81.84
2017,NBH0000000612,24.576,6.1508,1,2366,552,RURAL_LOW_ACCESS,13.87,268.68,19.0373,2.7558,96.45,335,31.39,12.67,39.4,0,21.77,66.16
2008,NBH0000000613,11.951,0.0327,1,1128,421,RURAL_LOW_ACCESS,27.42,133.1,22.2494,21.8737,96.83,122,73.9,21.75,40.13,1,0.3,54.16
2013,NBH0000000614,5.832,3.0688,0,182,800,URBAN_LOW_ACCESS,38.62,42.54,18.0185,8.1814,41.35,302,70.52,28.45,41.88,0,67.94,38.03
2023,NBH0000000615,3.574,1.4488,0,3479,1795,URBAN_LOW_ACCESS,44.74,304.08,9.506,20.0637,90.93,8,58.17,49.27,30.61,0,72.77,40.15
2014,NBH0000000616,1.386,9.988,1,2459,1679,NO_DESERT,52.44,105.46,15.1329,2.2798,2.39,66,87.31,19.21,6.96,1,49.83,72.79
2025,NBH0000000617,9.009,6.2832,1,580,32,NO_DESERT,36.01,80.48,9.7672,19.1682,8.58,300,82.31,32.79,16.91,1,27.79,42.55
2013,NBH0000000618,18.854,7.8576,1,551,1134,NO_DESERT,49.65,209.65,15.781,8.7152,55.9,82,31.06,6.5,30.73,0,73.41,25.58
2014,NBH0000000619,11.593,1.6991,0,4204,277,NO_DESERT,87.76,207.82,24.2372,23.0379,66.88,485,8.98,44.52,2.16,0,4.57,1.23
2016,NBH0000000620,17.0,8.1649,0,4181,113,URBAN_LOW_ACCESS,60.3,153.58,9.0781,10.3853,27.82,63,74.83,2.55,23.56,1,92.65,34.07
2021,NBH0000000621,3.974,5.1979,1,1045,817,LOW_ACCESS,17.55,223.6,0.081,7.2553,25.51,433,73.6,86.58,14.2,0,4.38,4.7
2016,NBH0000000622,9.89,2.3793,0,3477,1391,URBAN_LOW_ACCESS,52.61,171.5,1.1747,9.0718,2.16,104,26.81,11.82,23.18,0,4.71,58.04
2017,NBH0000000623,21.161,4.7686,0,4203,25,RURAL_LOW_ACCESS,11.53,31.46,17.8644,15.3468,78.66,485,84.71,86.21,42.35,0,27.52,73.86
2011,NBH0000000624,7.974,4.0016,0,4075,671,LOW_INCOME_LOW_ACCESS,63.19,273.67,7.2916,22.5409,86.49,436,30.67,46.72,4.14,1,87.13,79.07
2018,NBH0000000625,1.085,9.8477,0,3473,669,RURAL_LOW_ACCESS,68.22,211.65,20.3642,13.7923,11.23,123,14.43,2.63,14.31,0,33.56,85.36
2013,NBH0000000626,3.444,1.4337,1,161,1602,NO_DESERT,34.63,59.75,10.6892,19.102,79.55,59,3.72,16.61,9.52,1,33.8,78.03
2010,NBH0000000627,4.299,10.5775,1,4236,525,LOW_INCOME_LOW_ACCESS,43.61,42.65,23.2292,9.9408,28.42,383,86.24,64.96,12.5,0,73.75,10.3
2024,NBH0000000628,10.279,5.7695,0,3372,684,NO_DESERT,9.28,339.46,17.0872,11.9898,13.32,430,68.16,32.7,21.67,0,22.27,19.81
2014,NBH0000000629,11.074,7.8056,0,997,1385,NO_DESERT,78.39,209.42,22.0612,4.5537,28.15,27,22.01,40.82,7.3,0,26.59,74.03
2021,NBH0000000630,13.274,7.827,1,68,1116,LOW_ACCESS,25.89,265.86,2.9379,20.4256,97.29,413,58.85,89.84,15.55,1,42.18,84.32
2024,NBH0000000631,23.707,4.3903,0,2114,1522,LOW_ACCESS,78.0,122.3,6.3607,14.4204,46.17,11,99.79,57.88,17.19,0,63.64,11.31
2015,NBH0000000632,9.881,5.2977,1,202,1319,NO_DESERT,49.44,52.7,3.101,21.1352,39.17,323,28.13,29.4,43.72,0,20.06,29.47
2018,NBH0000000633,4.498,3.0437,1,1062,21,NO_DESERT,37.3,173.07,1.3705,10.6581,28.8,389,34.67,97.85,21.2,0,73.62,44.65
2014,NBH0000000634,24.744,4.7438,1,2896,1256,NO_DESERT,15.76,152.78,1.7397,2.4538,76.77,152,31.32,57.45,9.81,0,62.25,75.09
2013,NBH0000000635,9.023,2.9079,0,349,1068,NO_DESERT,86.31,31.86,19.5198,7.3519,33.65,207,23.83,65.13,5.58,1,39.02,59.27
2022,NBH0000000636,9.563,7.9678,0,4449,1255,NO_DESERT,82.88,105.3,29.5238,15.1908,63.47,233,68.48,33.24,4.59,0,18.77,19.17
2011,NBH0000000637,3.959,4.166,1,3402,1395,LOW_INCOME_LOW_ACCESS,32.83,291.0,13.3216,0.4803,24.03,215,5.92,1.63,10.67,1,62.19,35.3
2021,NBH0000000638,11.097,11.2481,0,1703,1507,NO_DESERT,67.96,302.52,20.3084,18.4006,96.22,78,94.42,35.85,2.45,1,91.14,65.06
2008,NBH0000000639,8.466,9.0138,0,3641,413,RURAL_LOW_ACCESS,7.16,146.09,6.8821,17.2118,23.86,181,95.35,75.96,17.75,0,13.36,24.03
2014,NBH0000000640,15.072,1.1723,1,347,749,NO_DESERT,49.84,84.32,23.1034,2.9141,59.25,57,0.24,42.07,30.9,1,72.43,9.75
2013,NBH0000000641,0.395,4.6864,0,999,391,RURAL_LOW_ACCESS,28.51,233.68,3.5163,21.707,69.17,171,9.8,42.66,36.77,0,20.51,75.68
2018,NBH0000000642,20.581,4.4159,1,2567,1216,NO_DESERT,23.47,327.23,5.2855,7.3653,34.54,497,74.63,70.37,35.62,0,40.91,45.97
2022,NBH0000000643,0.388,7.4822,0,1528,52,LOW_ACCESS,76.65,280.74,15.8603,4.4293,69.01,13,11.17,3.82,6.15,1,89.3,54.51
2008,NBH0000000644,13.319,11.2525,1,2991,807,URBAN_LOW_ACCESS,45.78,163.34,19.0404,5.5808,84.8,246,46.98,8.12,6.59,1,50.13,6.16
2022,NBH0000000645,23.042,3.8298,0,803,1358,NO_DESERT,77.3,305.34,11.2313,5.2395,96.87,423,44.47,12.34,14.76,0,28.14,96.03
2010,NBH0000000646,6.306,1.9352,1,73,511,NO_DESERT,53.19,176.03,21.9434,14.3259,38.23,256,17.13,82.25,29.83,0,0.83,19.8
2012,NBH0000000647,17.183,0.5934,1,1100,1545,LOW_ACCESS,6.33,88.0,21.0182,3.2013,92.49,44,38.0,95.2,19.85,0,74.85,2.57
2011,NBH0000000648,14.256,8.7605,0,1538,1034,NO_DESERT,71.64,133.38,11.9388,14.4144,81.72,17,27.68,98.72,36.86,0,7.93,47.95
2015,NBH0000000649,21.814,11.0548,1,3504,1659,LOW_ACCESS,99.65,309.56,0.9214,14.6397,86.87,487,54.51,30.56,33.0,0,85.91,97.39
2022,NBH0000000650,5.889,2.0579,1,4176,562,NO_DESERT,75.64,246.72,12.4016,4.9452,25.24,144,51.42,57.11,38.95,0,77.75,95.12
2025,NBH0000000651,19.88,8.1298,1,2761,1467,URBAN_LOW_ACCESS,52.87,218.91,23.8391,6.1303,61.15,452,29.87,73.13,30.64,0,43.14,75.68
2022,NBH0000000652,13.597,3.4556,1,2325,1013,LOW_ACCESS,66.93,331.22,8.4872,11.7533,95.95,380,43.57,28.75,9.73,0,93.49,56.26
2016,NBH0000000653,20.332,8.0714,1,2339,500,NO_DESERT,76.91,39.1,5.3899,10.7948,34.02,38,61.14,95.7,22.43,0,19.86,38.38
2009,NBH0000000654,13.731,0.3991,0,2768,322,LOW_ACCESS,49.79,139.91,18.1676,22.1005,98.56,395,84.29,75.74,30.15,1,39.18,97.66
2020,NBH0000000655,14.982,8.7314,1,1848,1237,URBAN_LOW_ACCESS,40.39,333.29,1.5775,15.8871,97.09,49,30.88,51.94,13.27,0,17.46,31.66
2020,NBH0000000656,0.993,3.2558,0,3383,1135,NO_DESERT,30.04,96.07,22.7477,2.1862,76.2,242,61.79,79.86,26.78,0,19.92,73.49
2020,NBH0000000657,2.358,8.2671,1,4021,507,LOW_INCOME_LOW_ACCESS,54.57,34.84,11.5388,17.2567,87.77,231,68.9,89.62,29.94,1,0.77,30.52
2011,NBH0000000658,7.686,3.7912,0,279,958,RURAL_LOW_ACCESS,39.2,229.07,22.1738,16.8105,16.92,201,83.19,60.34,25.54,1,51.43,85.5
2013,NBH0000000659,15.133,11.5462,0,1343,1544,LOW_INCOME_LOW_ACCESS,96.33,37.92,27.8232,15.6267,51.21,246,19.32,37.12,33.68,0,58.72,69.17
2020,NBH0000000660,4.325,4.4223,0,4284,1502,LOW_ACCESS,39.75,50.42,4.7081,14.854,78.2,121,15.16,95.64,11.1,0,46.28,80.47
2021,NBH0000000661,1.849,10.9289,1,2689,942,LOW_ACCESS,69.24,59.71,22.942,12.842,98.6,488,56.13,83.22,34.36,1,28.33,16.75
2021,NBH0000000662,7.782,5.255,1,1988,332,NO_DESERT,86.72,92.46,28.2147,18.1124,8.47,216,74.13,60.71,1.58,0,26.97,46.33
2014,NBH0000000663,21.796,4.9209,0,3034,1694,NO_DESERT,86.79,76.08,21.5522,18.0004,89.6,312,97.86,7.82,3.06,0,89.57,75.58
2011,NBH0000000664,22.547,2.7453,1,1272,1266,NO_DESERT,73.44,235.87,24.4698,24.2221,54.37,44,77.63,85.54,10.72,0,17.21,78.48
2011,NBH0000000665,4.547,11.907,0,2643,198,LOW_INCOME_LOW_ACCESS,47.95,158.53,4.7685,2.586,9.59,477,80.09,69.33,8.56,0,84.01,16.17
2020,NBH0000000666,0.09,9.4096,1,3092,1467,RURAL_LOW_ACCESS,13.79,31.38,29.3285,9.2257,20.48,479,51.5,55.49,41.55,1,13.73,82.4
2025,NBH0000000667,5.351,5.5341,0,2461,117,NO_DESERT,47.77,200.06,29.5639,8.4949,50.64,183,36.0,62.49,41.22,1,0.26,2.23
2010,NBH0000000668,6.92,2.6333,1,4315,1094,RURAL_LOW_ACCESS,58.92,201.19,22.2692,13.1104,10.01,218,14.9,85.6,11.91,0,28.63,41.53
2013,NBH0000000669,4.071,2.6313,1,3084,884,LOW_ACCESS,5.88,51.87,15.7351,12.3229,76.02,204,37.91,38.25,13.71,0,15.94,96.08
2020,NBH0000000670,22.735,1.7357,1,2612,104,NO_DESERT,5.84,226.35,19.8816,8.0544,51.91,195,51.86,19.73,19.27,1,58.78,33.85
2010,NBH0000000671,4.779,3.0856,0,421,901,NO_DESERT,14.96,86.18,0.5937,11.0949,78.55,117,22.52,33.65,40.22,1,92.89,7.33
2019,NBH0000000672,4.593,0.9898,1,3416,1108,LOW_ACCESS,3.15,242.53,18.9461,15.9484,98.28,265,61.5,31.37,6.63,0,86.59,36.36
2019,NBH0000000673,5.809,7.0587,0,2791,98,NO_DESERT,79.36,269.17,7.0841,5.7509,6.33,23,23.17,90.36,37.64,0,51.55,38.65
2010,NBH0000000674,0.363,4.5859,1,750,328,LOW_INCOME_LOW_ACCESS,2.02,262.98,4.1728,23.2148,17.84,108,55.69,2.53,17.8,0,92.18,83.53
2019,NBH0000000675,2.54,7.968,1,2067,1209,RURAL_LOW_ACCESS,40.68,236.3,7.6229,13.3036,58.93,423,40.97,94.55,18.48,0,37.61,47.64
2014,NBH0000000676,21.979,6.8953,0,4039,965,NO_DESERT,47.43,43.55,23.717,0.2647,94.11,106,60.69,67.88,21.3,0,37.38,57.9
2010,NBH0000000677,15.345,8.2895,0,1046,1374,LOW_INCOME_LOW_ACCESS,19.57,199.38,10.7876,17.9828,29.55,68,56.66,88.88,40.22,1,48.46,14.65
2018,NBH0000000678,19.778,6.8733,0,206,793,NO_DESERT,50.59,250.22,10.5984,14.7255,73.05,78,74.42,98.36,41.98,0,5.16,62.97
2019,NBH0000000679,0.291,0.7748,0,388,7,URBAN_LOW_ACCESS,99.33,132.65,5.2449,11.4997,74.27,496,41.83,22.74,38.68,0,0.07,34.16
2012,NBH0000000680,11.122,0.5677,0,891,618,LOW_ACCESS,1.19,247.37,14.9717,17.6066,84.93,238,90.46,40.96,35.51,0,62.4,93.12
2019,NBH0000000681,15.15,6.0416,1,2864,57,NO_DESERT,36.85,310.24,26.0773,8.5603,14.11,363,40.85,39.16,34.7,1,74.78,85.09
2014,NBH0000000682,23.164,4.9392,1,1074,1309,URBAN_LOW_ACCESS,98.61,50.23,18.2134,16.7047,67.22,143,28.67,17.26,6.95,1,8.27,51.14
2008,NBH0000000683,9.382,8.8832,1,2486,741,NO_DESERT,71.15,309.91,21.9517,13.8639,45.68,252,1.67,71.28,39.19,0,96.48,98.3
2013,NBH0000000684,2.972,5.1824,0,269,287,RURAL_LOW_ACCESS,59.79,103.38,2.0124,13.2449,38.52,189,41.1,0.21,25.55,1,12.92,4.72
2018,NBH0000000685,15.125,10.1302,1,982,316,NO_DESERT,33.66,118.7,26.6893,20.2699,55.51,421,56.29,60.8,42.66,0,51.97,2.8
2025,NBH0000000686,12.344,5.4081,0,736,1694,NO_DESERT,54.22,314.95,12.9438,8.993,38.09,315,49.78,81.85,22.03,1,47.93,23.25
2023,NBH0000000687,10.11,4.819,0,1056,1564,URBAN_LOW_ACCESS,15.94,262.32,2.472,2.1917,81.39,439,29.91,34.31,36.91,0,85.27,99.37
2015,NBH0000000688,23.085,3.1509,1,3902,1098,LOW_INCOME_LOW_ACCESS,68.3,193.36,2.0405,13.511,60.45,52,33.97,14.27,10.23,0,6.71,94.6
2009,NBH0000000689,14.409,1.8466,1,2775,666,URBAN_LOW_ACCESS,30.53,68.93,9.5039,13.0578,77.18,133,66.38,83.16,14.5,0,34.91,28.12
2013,NBH0000000690,11.403,7.6952,1,166,1142,URBAN_LOW_ACCESS,67.97,226.83,5.4366,5.2177,54.89,483,39.81,79.21,0.65,0,12.96,40.03
2009,NBH0000000691,23.154,7.1872,0,3536,1475,NO_DESERT,42.46,268.62,28.3527,5.097,80.38,340,39.61,94.09,13.09,1,40.24,22.03
2025,NBH0000000692,11.594,7.3281,0,4185,1620,NO_DESERT,88.59,181.61,6.928,19.8519,90.24,315,65.53,63.42,29.79,0,76.96,64.39
2011,NBH0000000693,2.177,10.55,0,1922,500,LOW_INCOME_LOW_ACCESS,38.14,219.93,10.2831,2.6239,7.92,468,86.72,73.99,28.93,1,84.56,23.22
2021,NBH0000000694,22.3,1.0845,0,1430,1387,LOW_ACCESS,32.34,217.16,20.683,5.0488,60.76,95,64.25,94.73,22.33,0,13.15,31.69
2011,NBH0000000695,20.408,6.8616,0,1614,160,NO_DESERT,41.02,39.52,12.7902,2.8484,62.05,121,86.8,27.22,36.29,1,68.72,57.04
2010,NBH0000000696,16.258,3.5424,0,3018,1525,LOW_ACCESS,75.36,262.35,10.4307,17.0954,19.85,442,73.17,98.83,24.82,0,63.14,23.88
2014,NBH0000000697,8.349,4.1312,1,2462,541,URBAN_LOW_ACCESS,36.39,92.54,8.8896,19.6109,2.26,286,82.4,89.76,20.07,1,79.48,1.39
2014,NBH0000000698,3.792,7.3612,0,1477,1101,LOW_ACCESS,72.62,162.97,21.1317,7.2116,17.23,142,20.24,97.91,41.78,1,4.84,19.27
2017,NBH0000000699,19.006,7.8144,0,1795,1240,URBAN_LOW_ACCESS,41.17,164.44,20.8858,14.2354,81.21,201,4.4,12.11,39.75,0,32.4,5.62
2019,NBH0000000700,19.189,4.7223,0,885,85,NO_DESERT,11.51,347.47,5.1359,8.033,60.62,177,1.52,71.71,38.81,0,86.51,28.48
2020,NBH0000000701,14.408,9.8886,1,2103,128,NO_DESERT,56.25,26.37,7.4912,22.8586,63.38,181,77.69,19.49,25.37,1,90.54,34.52
2010,NBH0000000702,3.807,0.2105,1,974,298,LOW_INCOME_LOW_ACCESS,70.92,116.54,1.25,11.1727,46.16,414,28.54,13.55,18.81,0,93.16,93.0
2024,NBH0000000703,5.002,0.902,1,413,1009,NO_DESERT,16.6,179.36,5.188,8.1676,25.37,383,88.74,65.03,39.16,0,7.4,4.1
2022,NBH0000000704,18.11,9.4456,1,262,338,NO_DESERT,19.46,319.32,28.2645,19.0909,57.68,409,45.0,6.92,8.32,1,92.06,44.37
2013,NBH0000000705,16.024,4.5578,1,4132,999,NO_DESERT,95.36,344.87,22.9631,19.0533,76.17,241,29.41,73.23,28.29,0,86.99,98.89
2025,NBH0000000706,16.092,9.9301,0,3044,1272,LOW_INCOME_LOW_ACCESS,25.69,142.17,17.2135,14.2062,98.58,21,14.82,56.29,33.71,0,34.73,20.44
2023,NBH0000000707,5.313,9.0425,1,2249,1504,LOW_ACCESS,84.56,274.24,5.7251,20.1441,50.32,213,20.27,74.86,31.72,1,82.79,54.31
2020,NBH0000000708,0.16,4.0386,0,2423,283,LOW_ACCESS,44.52,256.82,12.2202,20.7079,33.19,98,64.73,49.12,34.01,1,98.27,10.27
2019,NBH0000000709,2.452,7.2405,0,4409,933,NO_DESERT,76.36,114.1,6.449,8.1588,39.74,342,14.67,79.02,43.19,0,77.94,44.29
2023,NBH0000000710,24.675,9.5421,1,190,1539,LOW_ACCESS,14.15,132.68,3.3531,20.4444,97.34,435,77.93,27.27,30.28,1,28.8,13.15
2012,NBH0000000711,4.472,2.7882,0,3962,1466,NO_DESERT,83.75,167.44,2.0939,4.6984,68.41,288,29.92,62.07,32.51,1,1.1,98.31
2009,NBH0000000712,5.743,10.9509,1,1956,1592,NO_DESERT,20.51,326.65,4.8355,15.6306,11.2,289,79.12,11.75,2.53,1,2.27,70.37
2018,NBH0000000713,12.873,0.9769,1,935,414,NO_DESERT,69.57,67.54,7.9131,2.0946,86.57,113,22.88,19.48,41.96,0,28.47,12.88
2014,NBH0000000714,9.645,8.8073,0,3669,32,LOW_INCOME_LOW_ACCESS,28.81,276.69,16.7033,1.3917,52.29,459,71.24,33.99,32.24,0,83.73,37.53
2022,NBH0000000715,19.465,10.8022,0,4470,1352,LOW_INCOME_LOW_ACCESS,11.71,323.3,9.0272,22.0099,9.52,202,99.56,96.84,43.87,0,27.63,90.07
2015,NBH0000000716,10.919,10.3464,1,3545,930,RURAL_LOW_ACCESS,27.31,343.95,2.408,14.3695,52.41,342,58.86,11.77,2.66,0,94.94,7.12
2025,NBH0000000717,9.008,11.3265,1,1972,128,RURAL_LOW_ACCESS,66.75,341.44,1.4884,7.6426,85.24,340,81.94,37.84,17.93,1,43.42,81.55
2010,NBH0000000718,20.797,5.0026,1,2269,1732,LOW_ACCESS,37.83,318.54,20.4759,17.6706,92.95,464,22.45,90.47,8.39,0,15.09,15.63
2021,NBH0000000719,0.107,4.9845,1,2404,443,NO_DESERT,44.39,112.01,7.0583,10.2421,65.58,425,56.29,63.89,43.64,0,69.17,58.19
2019,NBH0000000720,18.264,0.4511,1,2412,863,NO_DESERT,18.19,28.92,18.8699,21.21,95.97,54,75.3,30.9,34.57,1,88.24,8.42
2009,NBH0000000721,10.833,4.0227,0,4198,1701,NO_DESERT,25.82,247.87,6.5174,3.5862,40.61,135,5.29,8.73,4.57,1,96.39,19.83
2021,NBH0000000722,7.516,10.0149,1,3007,305,URBAN_LOW_ACCESS,57.4,79.91,24.089,0.2954,7.77,58,36.69,31.98,43.08,0,46.52,47.86
2012,NBH0000000723,23.8,2.2852,0,2418,372,NO_DESERT,32.0,346.88,25.6668,20.028,12.91,123,6.1,50.24,14.81,1,98.11,67.25
2025,NBH0000000724,12.151,7.4901,1,64,558,URBAN_LOW_ACCESS,53.15,117.45,13.9316,2.5311,76.68,124,78.91,90.21,8.76,1,84.31,70.68
2022,NBH0000000725,19.007,11.9439,0,1620,418,URBAN_LOW_ACCESS,57.32,217.18,22.355,1.0894,89.01,67,76.49,93.62,16.19,0,42.31,69.92
2022,NBH0000000726,16.164,4.8811,0,1308,1513,LOW_INCOME_LOW_ACCESS,56.35,59.49,22.7091,20.4127,93.31,351,77.41,47.75,36.51,0,83.13,20.26
2011,NBH0000000727,4.565,8.4034,1,4164,1046,NO_DESERT,85.1,282.01,18.1392,10.6639,38.37,224,56.87,24.27,0.99,0,39.98,3.6
2023,NBH0000000728,21.98,2.7412,1,3418,1482,NO_DESERT,99.18,74.2,2.774,8.0296,5.24,105,17.12,30.08,4.72,1,34.07,7.94
2021,NBH0000000729,0.899,1.6797,1,648,766,LOW_INCOME_LOW_ACCESS,59.0,187.33,11.12,16.9966,68.28,105,75.31,43.89,14.24,0,14.11,4.43
2016,NBH0000000730,20.064,2.7778,0,1642,1045,LOW_ACCESS,55.06,110.92,26.0089,16.9184,43.22,165,60.47,66.03,2.26,0,69.46,41.23
2016,NBH0000000731,2.691,6.9356,0,3525,1131,LOW_ACCESS,36.46,116.75,9.0176,12.6262,85.18,461,8.46,35.62,6.42,0,51.18,82.83
2008,NBH0000000732,17.131,1.5493,1,2329,49,NO_DESERT,60.82,339.67,7.9203,18.5681,14.57,477,73.63,4.88,21.33,0,37.05,18.84
2017,NBH0000000733,9.311,6.1873,0,2940,8,URBAN_LOW_ACCESS,60.61,156.93,29.18,1.195,22.62,240,64.07,20.75,29.99,1,40.25,32.05
2014,NBH0000000734,13.926,3.808,0,4321,225,NO_DESERT,8.76,64.57,3.1987,6.754,29.85,285,45.75,19.03,43.11,1,3.33,28.5
2020,NBH0000000735,9.466,5.4212,1,3653,1526,URBAN_LOW_ACCESS,60.24,41.95,0.9467,6.3,93.01,493,69.14,95.17,27.77,0,40.81,79.53
2018,NBH0000000736,19.074,1.8717,0,1956,1531,LOW_ACCESS,0.4,119.94,22.1832,24.0923,7.21,432,65.56,53.6,9.39,0,67.11,74.81
2023,NBH0000000737,14.025,6.0165,0,2522,1306,NO_DESERT,13.53,17.17,1.869,14.8382,0.18,233,51.93,45.3,23.9,1,18.67,95.89
2014,NBH0000000738,23.219,7.0953,1,2972,631,NO_DESERT,60.07,292.59,21.1188,24.7033,99.13,382,10.96,56.69,43.39,0,44.74,44.56
2008,NBH0000000739,1.926,10.2434,0,4118,194,NO_DESERT,82.07,98.66,2.9796,13.1366,27.66,271,69.27,13.64,11.75,0,45.44,22.7
2009,NBH0000000740,8.116,6.4618,1,3879,845,LOW_ACCESS,1.1,321.0,6.8257,1.0055,9.05,89,22.31,19.7,1.75,0,19.35,57.32
2024,NBH0000000741,20.408,9.2935,0,3443,111,LOW_INCOME_LOW_ACCESS,11.23,148.08,15.7881,14.9754,37.57,245,70.61,38.67,43.14,1,45.38,28.35
2009,NBH0000000742,20.359,5.915,1,1075,1276,NO_DESERT,67.81,41.07,20.2611,2.7492,58.84,425,16.63,79.66,18.97,0,72.27,22.09
2018,NBH0000000743,6.702,5.8241,0,2153,1758,RURAL_LOW_ACCESS,4.87,63.0,10.3974,19.5563,27.44,441,13.56,3.0,7.68,1,70.02,57.42
2020,NBH0000000744,19.515,0.2449,1,3679,1097,URBAN_LOW_ACCESS,8.23,106.3,8.4325,24.8931,17.12,309,46.01,1.03,42.74,0,13.78,20.76
2008,NBH0000000745,2.91,10.4757,1,3706,1335,LOW_ACCESS,74.62,107.74,7.6386,8.192,45.88,161,98.29,56.27,35.58,0,94.83,4.79
2009,NBH0000000746,7.113,10.3322,1,3580,1217,NO_DESERT,53.95,266.79,14.2806,0.2444,63.59,37,32.07,85.28,37.02,0,34.96,54.75
2012,NBH0000000747,0.635,2.6416,0,484,880,NO_DESERT,11.82,96.32,5.4455,2.2358,94.91,203,29.83,18.91,0.24,0,87.16,4.34
2016,NBH0000000748,15.377,4.9346,0,2250,162,NO_DESERT,3.05,119.86,14.0707,2.3529,68.64,90,17.71,4.61,32.06,0,63.69,62.65
2013,NBH0000000749,15.786,2.9222,0,2938,1498,LOW_ACCESS,24.23,44.55,11.0868,24.4592,57.64,370,94.08,79.99,21.92,0,22.84,80.16
2020,NBH0000000750,5.317,2.4813,0,2040,742,NO_DESERT,55.18,272.65,14.6074,24.8583,9.91,374,40.31,69.41,18.34,0,62.56,98.67
2016,NBH0000000751,0.384,0.8835,0,2340,1683,LOW_ACCESS,87.95,241.17,23.5149,7.2368,26.65,55,63.37,61.04,5.95,1,70.01,31.46
2024,NBH0000000752,7.555,4.7507,0,1300,735,NO_DESERT,51.93,178.36,3.0432,24.1332,99.86,426,37.89,86.09,41.54,0,8.45,74.17
2013,NBH0000000753,17.928,10.6471,0,1627,1617,LOW_ACCESS,80.33,278.08,7.1691,13.0795,67.78,119,83.18,67.65,24.7,0,94.36,62.22
2013,NBH0000000754,0.792,3.3289,1,696,1701,NO_DESERT,20.73,299.54,29.4345,12.5317,1.56,321,12.82,33.02,33.63,0,21.62,45.93
2021,NBH0000000755,18.127,11.1677,0,1772,25,LOW_ACCESS,26.45,60.25,14.8001,7.4582,42.33,19,17.69,19.99,8.94,0,3.13,20.45
2011,NBH0000000756,10.689,10.0735,1,4220,159,RURAL_LOW_ACCESS,19.58,153.38,23.9482,4.1553,78.78,193,64.27,70.07,18.08,1,63.23,34.51
2018,NBH0000000757,2.409,0.6544,1,2210,1086,LOW_INCOME_LOW_ACCESS,59.9,165.59,15.6447,11.7179,85.98,64,94.3,30.1,7.05,1,41.2,56.26
2014,NBH0000000758,2.572,4.6151,0,3084,416,URBAN_LOW_ACCESS,18.68,319.28,3.8556,19.3564,3.96,454,12.07,10.29,6.8,1,6.45,12.68
2013,NBH0000000759,9.594,11.0538,0,2139,316,LOW_ACCESS,47.29,222.28,5.9401,7.0868,86.04,172,16.49,3.54,2.24,0,66.46,11.03
2013,NBH0000000760,22.893,10.7887,0,1385,328,LOW_INCOME_LOW_ACCESS,4.22,172.72,14.914,9.2391,97.47,250,28.99,5.55,1.86,0,45.99,6.65
2018,NBH0000000761,16.16,7.1737,1,1563,1132,LOW_ACCESS,60.61,231.83,21.2332,1.6285,87.26,348,42.48,39.67,7.44,1,86.45,37.84
2014,NBH0000000762,5.548,7.5787,1,3300,1632,NO_DESERT,29.72,201.01,11.4331,13.5039,27.38,272,54.3,24.09,5.41,0,31.71,1.46
2024,NBH0000000763,12.366,4.9018,1,4366,362,LOW_ACCESS,13.36,69.28,4.9713,24.8957,98.44,162,37.41,40.41,13.9,0,29.57,35.39
2018,NBH0000000764,10.682,11.2903,1,1828,1276,NO_DESERT,55.55,215.39,24.5563,6.2584,48.32,359,79.28,67.27,0.89,1,76.09,87.18
2025,NBH0000000765,18.554,8.4232,0,3154,1207,URBAN_LOW_ACCESS,11.12,73.11,10.3343,14.1339,50.06,310,49.05,85.57,24.39,0,74.27,69.96
2021,NBH0000000766,19.716,0.4586,1,3794,923,NO_DESERT,90.55,29.5,10.1034,11.4115,64.91,273,16.31,12.97,44.08,0,59.64,59.38
2010,NBH0000000767,13.069,5.477,1,3358,708,URBAN_LOW_ACCESS,75.23,59.59,0.1053,23.8506,73.83,53,16.32,43.89,18.85,0,27.68,97.23
2020,NBH0000000768,24.059,6.3407,0,2990,986,LOW_ACCESS,11.11,95.47,9.6724,6.8922,51.73,435,51.73,82.69,21.04,0,55.88,65.62
2009,NBH0000000769,17.067,5.1348,0,3918,65,NO_DESERT,55.62,32.93,4.7517,5.5044,52.61,371,44.12,82.4,41.29,1,82.68,45.83
2014,NBH0000000770,1.897,1.2876,1,1359,1071,NO_DESERT,19.02,68.09,2.932,16.35,40.47,463,1.64,54.46,37.65,1,7.99,99.34
2021,NBH0000000771,23.653,8.5876,0,133,737,URBAN_LOW_ACCESS,27.97,316.41,9.8612,4.7551,1.25,413,66.84,76.07,19.12,0,76.68,47.58
2015,NBH0000000772,19.567,6.821,0,1580,963,LOW_ACCESS,22.08,84.18,21.6717,19.6277,78.78,19,36.24,48.78,26.86,1,86.53,59.54
2008,NBH0000000773,22.249,0.5591,0,1455,853,NO_DESERT,40.14,284.37,3.2023,13.7257,26.51,138,55.54,60.72,4.27,0,6.18,96.1
2022,NBH0000000774,14.975,5.5015,1,2642,1042,RURAL_LOW_ACCESS,38.72,336.14,22.2312,18.9089,3.67,242,84.68,27.53,28.54,1,87.01,41.55
2024,NBH0000000775,15.888,10.7822,0,4168,1578,LOW_INCOME_LOW_ACCESS,32.15,282.76,8.8866,2.7581,92.05,153,43.62,31.8,28.48,1,40.53,2.08
2017,NBH0000000776,12.325,9.1827,0,3699,131,RURAL_LOW_ACCESS,34.68,149.35,2.865,15.763,31.79,446,40.63,82.14,30.72,0,66.3,24.93
2021,NBH0000000777,8.352,4.4628,1,1154,1309,URBAN_LOW_ACCESS,66.27,90.0,25.3662,1.3338,49.6,274,36.15,86.59,10.87,1,78.01,55.68
2013,NBH0000000778,21.048,3.0022,1,2282,136,LOW_ACCESS,86.83,142.0,7.7088,22.8415,62.06,110,21.91,46.09,0.04,0,37.81,92.28
2021,NBH0000000779,7.172,2.386,0,4449,935,NO_DESERT,7.45,176.49,21.7514,12.1449,12.47,276,7.68,41.76,25.26,0,42.95,40.22
2011,NBH0000000780,0.157,3.1345,0,4451,840,LOW_INCOME_LOW_ACCESS,7.6,77.75,26.8252,10.3283,99.07,447,23.52,28.04,35.82,0,53.88,79.04
2018,NBH0000000781,5.678,7.4963,0,2395,1170,NO_DESERT,77.54,160.08,11.4773,8.9064,41.33,462,81.38,46.45,1.49,1,35.82,86.91
2016,NBH0000000782,19.345,6.2668,0,3242,1147,URBAN_LOW_ACCESS,25.02,60.99,11.5594,12.8087,93.39,101,73.77,95.13,10.43,0,3.31,40.71
2015,NBH0000000783,0.779,10.4586,1,3409,1776,NO_DESERT,38.2,297.29,25.2281,13.1892,10.17,5,61.12,81.89,36.5,0,97.6,35.92
2015,NBH0000000784,7.745,11.9623,1,7,1313,URBAN_LOW_ACCESS,28.09,209.48,3.2698,14.2046,12.89,405,37.8,98.18,13.85,1,83.39,84.2
2019,NBH0000000785,4.701,2.7879,0,28,1231,RURAL_LOW_ACCESS,58.51,203.36,13.7746,21.0648,2.72,86,50.33,11.67,38.24,1,64.18,48.28
2013,NBH0000000786,0.06,4.5357,1,1075,1045,LOW_INCOME_LOW_ACCESS,38.86,185.99,16.8814,18.1703,30.96,282,50.08,77.51,34.85,0,15.37,27.82
2018,NBH0000000787,23.747,11.3286,0,2294,1216,LOW_INCOME_LOW_ACCESS,61.43,129.38,25.9411,0.8408,70.56,446,18.1,12.95,7.12,1,98.95,76.62
2023,NBH0000000788,23.757,2.0804,0,2206,308,LOW_INCOME_LOW_ACCESS,2.85,316.09,12.8212,16.7585,28.37,330,67.81,90.64,43.26,1,33.09,51.69
2014,NBH0000000789,14.184,9.3754,0,867,1433,RURAL_LOW_ACCESS,49.75,88.31,25.0314,13.9631,55.85,218,78.93,79.25,2.44,0,4.23,49.96
2025,NBH0000000790,3.602,3.4779,1,2509,1515,NO_DESERT,15.97,298.6,26.2734,24.4158,5.01,92,93.67,10.75,17.63,0,49.75,41.3
2017,NBH0000000791,3.883,8.8769,0,4291,728,URBAN_LOW_ACCESS,3.15,230.41,16.7748,19.4737,3.97,483,82.91,88.16,11.21,0,69.98,19.2
2021,NBH0000000792,11.099,3.5901,0,3103,1748,LOW_ACCESS,94.34,146.24,9.3091,21.4063,58.92,151,94.9,76.17,13.04,0,97.93,3.03
2025,NBH0000000793,1.791,6.4361,0,1109,615,RURAL_LOW_ACCESS,9.35,101.78,23.7765,6.9181,26.21,220,13.12,15.85,15.42,0,12.13,61.26
2011,NBH0000000794,22.971,10.8807,1,2533,1155,LOW_ACCESS,53.05,32.13,8.9448,7.8451,74.54,71,87.56,40.03,34.22,0,1.64,28.06
2017,NBH0000000795,17.894,9.277,0,4396,388,NO_DESERT,9.6,274.35,1.6086,8.2137,5.39,470,57.54,17.17,14.73,0,76.33,85.74
2021,NBH0000000796,23.692,5.5307,0,2305,997,NO_DESERT,48.48,46.46,12.53,19.8004,56.72,24,3.37,32.93,0.74,0,33.38,67.57
2010,NBH0000000797,5.932,9.4822,0,3330,12,NO_DESERT,90.7,26.6,25.612,16.9756,14.5,118,26.98,46.25,8.51,0,4.06,61.33
2024,NBH0000000798,13.217,8.3209,1,522,1200,LOW_ACCESS,88.99,343.1,17.8122,3.279,62.78,35,3.08,82.62,26.09,1,94.87,57.02
2012,NBH0000000799,23.467,4.9095,0,3266,458,URBAN_LOW_ACCESS,96.07,241.34,0.7607,10.1496,22.57,155,97.44,82.47,15.93,1,67.49,34.7
2025,NBH0000000800,10.253,9.8817,1,553,967,NO_DESERT,25.28,104.27,6.6713,0.6462,34.23,221,50.64,95.33,24.31,0,66.25,34.87
2010,NBH0000000801,9.52,4.3789,0,112,404,URBAN_LOW_ACCESS,90.27,241.87,14.2407,15.8654,12.84,176,58.93,9.65,17.17,1,3.07,14.86
2011,NBH0000000802,17.777,9.2801,0,231,1302,NO_DESERT,19.15,131.86,8.219,12.2506,68.24,203,34.31,29.29,40.67,0,30.02,37.52
2013,NBH0000000803,4.611,3.2493,0,704,746,RURAL_LOW_ACCESS,38.36,51.71,10.1598,24.6312,90.84,181,90.22,32.18,3.48,1,40.27,50.99
2018,NBH0000000804,6.253,0.1346,1,3786,716,RURAL_LOW_ACCESS,54.16,209.63,16.582,24.5192,69.31,152,50.65,49.18,18.52,1,53.13,23.15
2021,NBH0000000805,11.064,1.0871,0,293,1363,URBAN_LOW_ACCESS,57.37,88.09,0.0683,14.4302,32.74,241,61.42,89.91,41.22,0,17.47,90.92
2015,NBH0000000806,16.189,10.2378,1,3804,1145,LOW_INCOME_LOW_ACCESS,71.74,119.62,13.019,5.3366,32.29,206,90.85,92.6,38.02,0,5.73,71.08
2014,NBH0000000807,7.408,4.3173,0,3498,436,URBAN_LOW_ACCESS,19.67,276.05,4.139,11.392,45.31,7,95.65,47.18,19.76,1,17.13,82.49
2008,NBH0000000808,13.447,3.0821,0,1780,318,NO_DESERT,46.79,47.7,12.0773,0.6145,4.16,263,15.16,38.89,43.23,1,63.32,92.06
2011,NBH0000000809,7.401,6.49,0,323,1587,URBAN_LOW_ACCESS,65.76,263.78,4.0358,2.3606,50.22,263,67.2,53.39,13.04,0,5.92,23.88
2019,NBH0000000810,20.737,3.5125,1,1590,427,NO_DESERT,85.66,85.6,2.888,6.6057,15.66,33,1.63,68.53,38.41,0,28.48,47.24
2012,NBH0000000811,8.646,3.3511,1,2406,1392,LOW_ACCESS,82.17,210.23,25.5548,11.6165,82.91,319,84.46,47.17,18.44,0,38.72,77.27
2011,NBH0000000812,24.605,4.0785,1,1350,1713,LOW_INCOME_LOW_ACCESS,5.6,172.08,29.5503,10.3452,15.44,468,2.7,99.93,22.38,1,22.48,67.67
2008,NBH0000000813,11.138,9.0817,0,1086,137,LOW_ACCESS,36.04,145.78,20.0612,15.4688,5.92,482,61.04,65.18,44.3,0,45.89,95.61
2020,NBH0000000814,9.553,9.8064,0,857,1688,LOW_INCOME_LOW_ACCESS,79.74,131.93,27.1792,14.3273,39.25,7,25.57,59.8,26.96,1,68.36,7.68
2016,NBH0000000815,2.562,9.5121,0,972,583,RURAL_LOW_ACCESS,98.49,90.4,9.3831,21.9837,25.22,394,14.87,11.08,10.77,0,89.82,60.93
2013,NBH0000000816,7.006,5.2628,1,1913,11,NO_DESERT,46.19,273.21,25.16,19.9643,91.04,142,83.97,64.31,18.05,0,63.13,88.14
2008,NBH0000000817,2.39,3.7727,1,3839,554,LOW_INCOME_LOW_ACCESS,72.74,242.96,5.5996,15.9927,4.38,209,58.98,19.74,41.41,0,61.12,44.63
2018,NBH0000000818,9.306,2.3514,0,4128,1261,NO_DESERT,76.4,196.53,15.6872,7.8914,25.8,73,70.78,79.71,31.29,0,44.8,11.32
2011,NBH0000000819,11.178,8.4221,0,3280,148,LOW_ACCESS,69.05,304.34,22.7269,0.0987,26.69,408,52.7,27.03,2.45,0,14.68,65.13
2010,NBH0000000820,12.004,2.0605,0,3448,1718,LOW_INCOME_LOW_ACCESS,6.04,203.37,12.9494,23.0119,80.07,368,9.81,1.82,3.93,0,74.89,52.61
2025,NBH0000000821,1.786,5.7539,1,646,1770,NO_DESERT,41.29,280.16,14.1162,21.0126,5.19,256,80.74,37.55,10.47,0,62.47,84.37
2017,NBH0000000822,17.051,9.4396,0,2126,290,NO_DESERT,31.91,183.1,2.7368,5.1505,21.62,146,13.02,31.62,39.98,0,43.7,39.81
2010,NBH0000000823,1.987,6.2398,0,1713,1355,URBAN_LOW_ACCESS,4.88,230.08,24.2191,14.9326,64.06,384,66.92,66.94,38.56,1,92.21,96.91
2013,NBH0000000824,5.217,3.0071,0,3205,1475,NO_DESERT,77.32,336.46,1.2889,13.9035,47.41,227,14.72,76.07,17.67,0,23.12,62.68
2010,NBH0000000825,18.092,6.0714,1,770,490,NO_DESERT,29.77,297.01,2.5207,14.2828,17.01,255,61.56,71.87,11.84,0,36.22,24.27
2020,NBH0000000826,21.733,4.5573,1,3243,503,LOW_INCOME_LOW_ACCESS,95.93,287.24,11.4835,11.5623,40.05,405,48.46,26.12,9.64,1,47.28,53.46
2020,NBH0000000827,16.88,4.7725,0,4224,1432,NO_DESERT,42.44,206.6,29.421,7.1928,14.78,423,89.35,8.89,15.48,0,51.78,29.81
2017,NBH0000000828,17.029,7.3494,0,374,873,LOW_ACCESS,10.49,228.98,1.4919,1.8794,51.16,342,45.28,34.9,32.3,0,25.66,78.55
2025,NBH0000000829,7.007,1.3221,1,2341,793,NO_DESERT,92.36,72.68,11.382,14.9584,52.95,312,21.4,50.99,25.25,0,47.52,65.69
2015,NBH0000000830,1.254,1.3057,1,860,1672,NO_DESERT,61.39,337.66,24.2838,15.1085,33.11,284,11.55,32.07,16.13,0,22.93,74.58
2021,NBH0000000831,18.387,0.8343,0,3769,584,NO_DESERT,7.2,125.06,19.9382,23.0061,5.18,71,91.3,93.33,31.03,1,51.79,19.46
2018,NBH0000000832,6.56,3.8889,0,446,1306,NO_DESERT,23.65,87.01,29.1729,22.0267,17.91,182,97.64,38.75,40.44,0,43.61,36.34
2013,NBH0000000833,2.398,11.7715,1,4242,1455,LOW_INCOME_LOW_ACCESS,6.24,28.83,1.218,3.8964,55.85,294,31.36,61.44,4.88,0,9.52,17.64
2018,NBH0000000834,2.516,8.0042,1,3298,40,LOW_ACCESS,70.67,135.25,10.3723,11.6953,23.29,269,94.94,44.97,4.22,0,99.14,14.11
2016,NBH0000000835,24.67,4.8642,1,392,1534,NO_DESERT,13.64,170.17,17.4411,11.1282,35.43,424,47.06,3.1,34.9,0,56.33,84.38
2015,NBH0000000836,16.972,10.6345,0,4233,1076,LOW_INCOME_LOW_ACCESS,38.34,181.52,17.1744,9.4286,14.34,116,37.82,70.31,31.76,1,25.21,84.63
2015,NBH0000000837,23.209,7.0887,0,1691,1523,NO_DESERT,91.89,17.63,24.8299,6.6632,14.27,407,88.84,47.71,42.18,0,52.16,77.92
2019,NBH0000000838,10.744,2.2355,0,3634,410,NO_DESERT,1.33,32.7,29.67,6.5512,96.13,173,16.3,63.35,5.68,1,46.14,73.72
2020,NBH0000000839,21.7,11.2102,0,339,829,URBAN_LOW_ACCESS,62.49,243.43,26.0173,11.0523,46.31,21,45.41,35.94,9.6,0,56.97,37.88
2021,NBH0000000840,22.061,7.4171,0,167,1431,LOW_ACCESS,25.03,271.69,12.8035,1.244,48.88,147,7.28,91.37,36.59,1,27.51,29.4
2008,NBH0000000841,12.955,6.2081,0,2101,630,NO_DESERT,86.91,86.99,18.8797,18.202,17.06,120,98.72,92.63,29.32,1,86.72,36.29
2013,NBH0000000842,15.713,2.0274,1,4154,416,LOW_ACCESS,74.23,44.73,3.7496,22.9939,61.38,264,2.75,61.28,4.12,0,75.3,9.89
2009,NBH0000000843,17.462,11.3009,0,3148,12,LOW_INCOME_LOW_ACCESS,48.03,236.6,11.6554,18.2944,52.12,496,8.96,36.88,7.08,0,55.14,99.81
2024,NBH0000000844,0.52,5.3544,0,3701,1650,NO_DESERT,66.66,294.88,9.6298,14.6511,13.7,14,55.68,62.95,20.34,0,30.91,68.63
2014,NBH0000000845,13.601,4.7887,0,938,884,URBAN_LOW_ACCESS,77.45,110.5,3.1452,0.3288,21.41,389,64.79,37.49,40.65,1,95.6,86.93
2020,NBH0000000846,22.406,1.5114,1,422,1714,NO_DESERT,91.7,35.41,3.8593,18.2347,50.22,468,7.48,15.78,15.65,0,32.89,38.12
2016,NBH0000000847,18.011,1.8887,0,3100,1424,URBAN_LOW_ACCESS,86.91,74.95,18.4755,2.2277,78.24,174,55.16,45.68,14.23,0,5.43,47.5
2023,NBH0000000848,6.117,8.3302,0,3545,1404,RURAL_LOW_ACCESS,44.16,101.86,17.0532,9.8344,20.62,315,40.27,72.18,37.65,0,93.79,0.09
2023,NBH0000000849,1.68,1.9768,0,1459,1532,LOW_ACCESS,83.1,266.5,1.1467,6.4552,66.48,107,10.04,13.78,14.27,1,7.91,35.84
2025,NBH0000000850,8.345,8.8805,1,3412,1342,LOW_ACCESS,29.22,58.67,18.5921,23.0449,90.27,411,63.9,42.31,19.15,1,45.28,86.18
2023,NBH0000000851,10.974,6.6672,0,4202,465,NO_DESERT,85.38,53.32,10.7469,8.3354,33.65,79,36.2,38.41,17.87,0,70.65,12.12
2013,NBH0000000852,12.504,1.705,1,1317,494,RURAL_LOW_ACCESS,73.28,123.16,16.2969,12.0527,27.73,351,34.65,97.07,39.92,0,14.05,0.37
2016,NBH0000000853,9.471,0.1472,1,2808,21,NO_DESERT,23.15,213.65,6.9465,14.9588,73.43,101,88.69,70.24,4.81,1,3.14,5.76
2011,NBH0000000854,20.056,0.1956,0,2658,284,LOW_ACCESS,89.17,341.12,19.9321,16.4006,1.35,496,57.02,61.27,23.31,1,74.11,22.19
2013,NBH0000000855,17.373,6.1699,1,950,1274,LOW_INCOME_LOW_ACCESS,83.48,149.98,26.7308,24.3089,85.39,250,19.81,37.12,35.59,1,79.61,11.44
2017,NBH0000000856,19.663,11.5634,0,804,1219,NO_DESERT,21.95,158.72,28.0609,23.8063,32.35,319,16.72,48.47,8.01,1,64.72,70.41
2025,NBH0000000857,10.295,4.8185,1,2636,480,LOW_ACCESS,82.92,299.98,17.0657,0.7485,97.92,462,88.17,92.75,34.35,1,34.46,39.52
2024,NBH0000000858,22.349,6.1849,1,2556,628,NO_DESERT,6.43,253.87,20.6891,17.8653,25.59,451,34.4,25.85,32.64,0,90.24,83.81
2019,NBH0000000859,23.273,4.6788,1,1884,1341,NO_DESERT,16.78,28.62,14.3243,8.5576,97.15,197,32.8,88.82,20.51,1,75.56,35.26
2013,NBH0000000860,18.67,1.3047,1,1311,1670,NO_DESERT,83.01,180.59,13.6821,17.1982,41.05,391,15.42,45.89,39.6,0,49.53,88.54
2009,NBH0000000861,23.245,8.0236,1,4208,301,RURAL_LOW_ACCESS,30.7,342.51,13.3226,22.2608,93.75,222,22.92,12.35,24.16,1,85.43,21.89
2013,NBH0000000862,19.973,0.6908,0,461,575,LOW_ACCESS,97.19,346.42,23.5362,14.0201,98.8,469,50.14,11.01,37.06,1,11.24,69.5
2012,NBH0000000863,20.094,2.6749,0,2083,158,RURAL_LOW_ACCESS,17.63,250.4,2.0552,13.2255,85.56,421,49.37,8.87,25.81,1,28.25,1.61
2018,NBH0000000864,17.884,4.1872,0,4089,1589,NO_DESERT,28.82,255.38,27.4288,10.4133,88.56,2,81.94,95.25,39.79,0,97.7,99.5
2020,NBH0000000865,2.31,8.4787,1,794,397,LOW_INCOME_LOW_ACCESS,31.89,205.06,9.9702,12.6361,27.24,106,4.6,39.24,1.86,0,84.34,68.64
2021,NBH0000000866,3.931,10.836,0,3917,840,LOW_INCOME_LOW_ACCESS,37.2,266.47,4.9771,22.0625,54.09,474,14.25,23.74,30.94,0,5.77,30.43
2009,NBH0000000867,22.548,1.0123,1,3754,1719,LOW_ACCESS,2.18,198.75,19.6252,12.4066,37.78,290,85.34,39.58,41.58,1,58.27,51.26
2019,NBH0000000868,12.716,0.5128,0,664,1162,LOW_INCOME_LOW_ACCESS,81.11,169.15,21.3006,17.3936,53.32,60,21.09,75.0,1.36,0,77.56,2.92
2024,NBH0000000869,6.856,10.7349,0,1300,753,NO_DESERT,71.78,72.83,11.4036,15.0304,60.4,112,75.97,48.23,41.61,1,38.67,96.04
2013,NBH0000000870,24.705,7.2293,0,2132,1218,URBAN_LOW_ACCESS,48.27,340.76,10.4191,17.1907,58.4,356,16.26,90.95,30.94,0,41.14,73.14
2020,NBH0000000871,20.28,5.0346,1,3890,1510,LOW_INCOME_LOW_ACCESS,5.99,254.47,15.1681,22.0544,94.24,256,38.28,28.74,25.27,0,5.75,9.04
2017,NBH0000000872,11.102,10.0855,1,3118,262,NO_DESERT,98.16,34.94,12.3854,18.8969,40.49,109,5.06,4.25,39.18,1,59.88,35.39
2023,NBH0000000873,14.897,0.4809,0,2406,1213,LOW_ACCESS,62.62,334.46,9.7497,7.6128,26.2,456,93.13,48.3,30.1,0,58.8,18.26
2017,NBH0000000874,0.238,2.3996,0,1489,1195,RURAL_LOW_ACCESS,48.31,342.55,25.3273,2.146,80.83,69,21.25,46.78,29.95,0,90.8,22.58
2019,NBH0000000875,18.965,3.0744,0,818,872,LOW_ACCESS,24.57,69.33,13.665,20.1123,56.04,48,71.15,50.25,23.58,0,68.66,15.21
2023,NBH0000000876,12.753,4.1723,1,3300,59,LOW_ACCESS,38.46,251.58,7.4544,17.2577,67.3,444,25.08,38.23,23.47,1,93.41,90.19
2019,NBH0000000877,15.431,9.3202,0,1911,40,LOW_ACCESS,58.28,153.96,25.5843,10.0048,8.9,339,75.78,81.99,20.67,0,2.19,93.23
2010,NBH0000000878,21.737,9.6993,0,120,1656,URBAN_LOW_ACCESS,59.7,163.81,17.3934,23.3008,19.54,189,64.23,8.06,5.93,0,9.86,81.7
2011,NBH0000000879,11.677,10.2561,1,4465,444,RURAL_LOW_ACCESS,91.62,94.88,8.5443,2.522,14.35,180,68.42,23.7,32.44,0,97.0,72.18
2012,NBH0000000880,3.113,6.114,0,3103,1793,NO_DESERT,94.93,248.32,12.1599,14.418,57.12,411,8.9,5.6,2.75,1,93.68,12.12
2015,NBH0000000881,18.898,10.376,1,2607,653,URBAN_LOW_ACCESS,37.02,219.36,17.2837,22.9983,92.56,87,81.93,99.0,19.16,0,44.6,11.27
2019,NBH0000000882,15.332,6.2143,1,1315,252,URBAN_LOW_ACCESS,76.08,238.02,2.9932,18.4548,13.12,201,41.72,4.65,1.0,0,6.61,71.14
2015,NBH0000000883,17.546,0.3546,0,2493,1688,NO_DESERT,95.65,43.45,7.1701,19.901,37.0,335,2.08,35.32,4.18,0,80.07,96.15
2017,NBH0000000884,13.06,4.4241,0,809,249,NO_DESERT,36.47,246.26,23.1994,23.4554,2.58,418,6.02,85.74,39.83,1,14.36,86.06
2014,NBH0000000885,7.093,10.441,1,3597,1315,NO_DESERT,30.36,52.81,16.0489,15.9228,44.73,499,98.77,86.14,28.22,0,31.57,15.36
2010,NBH0000000886,9.304,2.484,1,3222,732,NO_DESERT,7.2,166.38,28.525,21.4607,83.02,320,27.66,87.93,40.91,0,52.37,1.8
2023,NBH0000000887,16.799,9.1794,1,235,1641,LOW_INCOME_LOW_ACCESS,79.04,247.91,1.2514,2.999,61.49,274,3.14,71.58,18.2,1,79.1,84.29
2011,NBH0000000888,13.26,7.2926,0,2351,1472,LOW_INCOME_LOW_ACCESS,16.01,195.13,22.4707,8.392,47.87,123,3.28,72.94,44.32,0,67.86,38.66
2008,NBH0000000889,0.299,5.0955,1,637,80,LOW_INCOME_LOW_ACCESS,34.36,190.26,2.1537,19.519,38.32,334,46.12,37.68,39.07,0,93.62,71.51
2013,NBH0000000890,7.705,2.0855,0,711,443,URBAN_LOW_ACCESS,84.33,194.98,22.7242,5.1089,54.13,204,53.82,82.27,22.94,0,79.83,33.25
2015,NBH0000000891,1.701,10.3086,0,2313,525,NO_DESERT,47.74,157.57,9.0837,18.4612,27.02,114,69.64,58.25,14.04,1,94.45,97.6
2009,NBH0000000892,24.595,1.8968,1,3141,1241,NO_DESERT,32.82,340.01,8.9336,6.575,53.16,169,38.62,2.94,17.75,1,58.04,31.94
2016,NBH0000000893,20.615,5.3696,0,3728,1198,URBAN_LOW_ACCESS,3.95,186.52,13.8349,11.4479,70.43,436,94.77,80.23,28.62,1,95.96,51.57
2013,NBH0000000894,5.416,3.4164,0,1613,659,NO_DESERT,90.23,169.32,4.4474,14.6672,59.04,24,35.78,43.62,32.77,1,73.38,94.41
2013,NBH0000000895,12.114,10.7021,1,4053,547,NO_DESERT,28.3,322.96,3.3596,21.3933,86.92,377,89.06,18.27,1.91,0,78.19,94.38
2017,NBH0000000896,23.493,6.0421,0,3167,1259,URBAN_LOW_ACCESS,1.08,140.51,7.6651,15.0183,64.4,147,13.93,49.94,14.66,0,91.23,75.61
2019,NBH0000000897,4.082,11.6659,1,92,1605,URBAN_LOW_ACCESS,58.94,118.33,16.634,18.088,31.79,449,90.71,1.87,2.07,0,83.89,40.54
2021,NBH0000000898,6.606,10.6424,0,1376,495,URBAN_LOW_ACCESS,61.89,88.15,4.3107,0.2931,22.68,462,15.08,70.25,12.31,0,12.03,58.3
2011,NBH0000000899,22.644,10.4998,1,1543,387,NO_DESERT,60.97,197.71,15.0533,23.3846,29.81,163,5.22,89.99,1.38,0,78.37,30.54
2021,NBH0000000900,12.205,5.5487,0,3524,776,URBAN_LOW_ACCESS,57.14,68.5,24.4929,15.8541,73.85,418,80.36,94.21,34.78,1,98.16,27.85
2022,NBH0000000901,4.926,9.0147,1,2982,1385,NO_DESERT,95.19,322.67,17.7149,5.0435,77.25,440,73.02,65.03,28.49,0,71.9,57.7
2008,NBH0000000902,14.12,7.5084,1,2311,1152,LOW_ACCESS,92.48,99.5,23.8457,0.3167,48.05,346,91.88,79.66,31.27,1,49.44,95.01
2023,NBH0000000903,13.634,0.7172,1,30,1238,NO_DESERT,25.48,242.64,1.637,7.4893,17.78,378,29.53,38.32,15.09,0,74.28,37.62
2015,NBH0000000904,19.463,11.845,0,1240,730,LOW_ACCESS,66.63,115.8,29.6848,18.84,7.22,326,23.68,73.37,13.94,0,56.12,27.61
2008,NBH0000000905,11.329,7.4269,1,187,1169,NO_DESERT,85.86,82.97,28.0944,4.6797,75.54,54,23.94,12.25,19.81,0,28.81,7.36
2014,NBH0000000906,24.784,5.7183,0,627,1056,RURAL_LOW_ACCESS,15.84,123.63,21.5383,5.7733,15.87,412,7.24,4.52,21.67,1,10.43,46.22
2017,NBH0000000907,6.905,1.8056,1,2194,1409,LOW_ACCESS,87.01,127.58,24.1436,21.5457,51.69,5,59.97,38.27,44.4,1,24.67,18.21
2014,NBH0000000908,14.267,0.7217,1,3217,1594,NO_DESERT,2.21,100.65,13.0208,21.9794,89.53,161,45.16,49.04,44.52,0,88.7,28.73
2012,NBH0000000909,3.698,0.5692,1,1777,1309,LOW_INCOME_LOW_ACCESS,13.76,65.42,8.4254,1.9882,12.95,278,89.52,17.6,25.56,1,31.86,42.67
2022,NBH0000000910,4.306,4.0802,1,2540,476,URBAN_LOW_ACCESS,26.73,333.64,11.8882,17.519,18.91,235,52.26,36.81,24.3,0,98.65,96.21
2012,NBH0000000911,20.971,6.6762,1,4083,154,URBAN_LOW_ACCESS,45.89,210.54,5.2499,13.4754,24.99,308,2.91,27.72,14.78,0,9.75,2.79
2011,NBH0000000912,5.27,7.3264,0,1677,1018,NO_DESERT,3.33,67.51,11.8744,0.2239,21.35,419,10.47,12.94,23.19,0,81.96,65.64
2025,NBH0000000913,3.041,0.1597,0,1328,1315,NO_DESERT,97.06,96.49,10.9565,8.3567,92.05,452,30.35,8.95,36.09,0,23.63,2.85
2020,NBH0000000914,2.473,0.2158,0,1970,1317,URBAN_LOW_ACCESS,18.08,142.44,2.9654,20.746,3.75,309,52.4,37.17,40.81,0,47.36,96.13
2011,NBH0000000915,2.086,0.551,0,3957,56,LOW_INCOME_LOW_ACCESS,87.6,61.72,15.8655,6.8208,51.47,222,7.66,69.19,13.62,1,7.14,13.4
2016,NBH0000000916,21.763,1.5959,0,2046,69,NO_DESERT,68.22,55.8,12.7154,11.7129,36.69,256,54.61,79.38,28.02,1,33.96,71.25
2019,NBH0000000917,19.801,0.8208,0,4147,1104,LOW_ACCESS,61.33,40.96,25.4486,8.3435,90.31,117,58.99,40.03,24.93,0,62.02,86.29
2013,NBH0000000918,23.854,7.8624,0,3963,853,NO_DESERT,47.93,24.95,29.2033,11.5462,16.89,128,65.71,72.91,4.08,0,11.03,11.51
2020,NBH0000000919,6.764,10.6646,0,2544,244,LOW_ACCESS,19.85,154.29,8.34,12.4244,45.67,397,42.84,20.34,19.96,0,12.64,14.02
2013,NBH0000000920,21.264,6.6276,0,1596,258,LOW_ACCESS,46.84,114.77,26.1185,23.5997,41.47,49,15.2,33.08,9.99,0,67.92,94.15
2019,NBH0000000921,9.191,0.187,0,506,692,LOW_INCOME_LOW_ACCESS,55.53,183.02,7.5441,20.4913,92.9,9,63.0,99.73,43.33,0,43.66,1.58
2024,NBH0000000922,14.27,6.6877,0,801,652,URBAN_LOW_ACCESS,8.89,40.57,7.3351,5.1784,38.97,467,85.97,86.34,26.76,1,76.22,97.8
2021,NBH0000000923,2.167,0.2047,0,1966,187,NO_DESERT,45.36,121.18,14.3493,13.8607,71.62,422,85.54,73.09,38.12,1,58.48,18.2
2011,NBH0000000924,16.882,4.4445,1,721,1153,NO_DESERT,64.81,306.63,14.0325,22.1683,1.99,498,94.62,72.82,42.9,1,48.77,66.26
2008,NBH0000000925,13.192,5.516,1,3897,129,LOW_INCOME_LOW_ACCESS,37.37,46.18,15.3782,22.3522,74.49,95,79.23,13.49,3.4,1,46.66,97.11
2013,NBH0000000926,12.187,2.8015,0,2634,738,NO_DESERT,42.53,207.68,21.0214,24.7079,10.77,328,77.0,93.45,13.62,1,38.54,34.15
2016,NBH0000000927,10.451,11.6092,1,1240,818,LOW_INCOME_LOW_ACCESS,38.31,168.57,4.7553,10.671,25.56,198,4.62,5.94,36.7,0,64.25,10.7
2024,NBH0000000928,16.434,5.693,0,1747,729,LOW_ACCESS,61.97,340.27,1.4256,16.0059,7.69,169,37.31,10.38,44.48,0,31.92,45.66
2008,NBH0000000929,8.658,1.7014,1,3253,1763,NO_DESERT,79.46,76.64,27.0424,2.3194,17.99,99,74.89,31.53,23.73,0,7.98,4.29
2019,NBH0000000930,18.255,5.7952,0,2670,486,URBAN_LOW_ACCESS,45.04,150.05,19.1471,8.388,91.22,245,61.51,86.98,20.24,1,75.51,86.1
2015,NBH0000000931,1.54,0.7302,0,3860,695,NO_DESERT,60.47,249.33,15.4967,19.6672,37.67,418,98.61,22.35,21.51,1,24.42,9.84
2025,NBH0000000932,6.843,7.4612,0,1104,1573,RURAL_LOW_ACCESS,78.53,51.24,21.7595,3.385,41.35,85,13.54,19.72,26.11,0,59.33,7.79
2018,NBH0000000933,21.94,2.7267,1,1097,1708,NO_DESERT,35.73,312.38,14.9505,11.315,15.71,365,96.93,57.46,36.64,1,12.92,38.03
2025,NBH0000000934,7.362,7.4509,0,2166,978,URBAN_LOW_ACCESS,2.9,62.51,10.8836,21.4765,26.83,290,41.53,64.48,6.29,0,77.5,8.67
2012,NBH0000000935,21.9,11.0631,1,2085,1026,LOW_ACCESS,5.11,234.15,8.1068,20.6495,40.23,446,7.99,10.62,26.59,0,28.64,84.73
2018,NBH0000000936,24.944,11.8614,0,1950,437,RURAL_LOW_ACCESS,99.9,15.57,23.6995,9.4696,10.48,168,82.78,64.09,11.07,0,28.07,78.76
2025,NBH0000000937,19.535,9.4412,0,2247,248,NO_DESERT,73.68,188.37,27.9383,21.3156,73.74,132,29.23,28.44,36.31,1,79.01,69.82
2008,NBH0000000938,18.022,5.3824,0,2359,1117,LOW_ACCESS,74.47,204.46,22.2353,9.8539,76.88,370,94.97,88.83,30.69,0,11.35,50.91
2024,NBH0000000939,14.342,1.6186,1,45,721,URBAN_LOW_ACCESS,0.43,43.7,17.2045,5.5906,51.21,288,46.57,17.61,29.68,1,93.14,81.21
2020,NBH0000000940,13.502,10.6426,0,2704,1509,LOW_ACCESS,92.85,55.33,1.9183,11.4809,85.61,196,50.7,87.87,40.98,0,62.76,86.15
2018,NBH0000000941,23.586,10.1318,0,2162,668,LOW_ACCESS,45.76,164.56,6.3228,0.0872,14.07,429,99.28,72.85,5.63,0,93.81,25.25
2023,NBH0000000942,13.025,1.0326,0,1570,1390,LOW_INCOME_LOW_ACCESS,65.41,245.66,22.0751,0.1106,72.09,181,50.2,56.05,41.98,0,48.19,5.78
2011,NBH0000000943,14.11,10.4575,0,4497,23,LOW_ACCESS,51.6,311.23,5.2394,6.4775,92.3,358,63.93,3.78,34.82,0,6.87,86.91
2015,NBH0000000944,21.981,6.0132,1,4451,99,URBAN_LOW_ACCESS,22.78,240.47,16.2692,10.5406,44.01,148,67.53,59.87,23.93,0,4.86,83.46
2023,NBH0000000945,13.273,5.3883,0,4446,1579,LOW_INCOME_LOW_ACCESS,58.39,212.02,28.5644,2.9344,30.41,221,71.14,21.43,18.66,0,53.45,85.78
2009,NBH0000000946,1.475,3.9467,1,2883,1288,LOW_INCOME_LOW_ACCESS,96.24,187.4,2.3865,11.3611,56.05,322,78.44,52.87,32.23,1,36.39,4.88
2008,NBH0000000947,24.074,2.9824,0,2969,1519,LOW_INCOME_LOW_ACCESS,54.79,97.12,4.9835,4.0344,57.08,164,3.8,15.11,17.9,1,84.92,28.58
2022,NBH0000000948,24.948,0.8239,0,2922,782,URBAN_LOW_ACCESS,63.62,251.86,12.7533,19.6814,53.73,66,0.01,31.26,1.47,0,14.42,1.09
2013,NBH0000000949,18.051,1.1983,0,3660,442,URBAN_LOW_ACCESS,29.98,112.31,5.4737,3.1574,27.25,201,41.96,86.91,2.51,0,13.71,39.68
2008,NBH0000000950,5.363,0.6243,0,3737,1444,LOW_INCOME_LOW_ACCESS,32.31,87.36,1.2684,18.138,55.44,411,14.18,92.38,44.95,0,91.41,26.28
2015,NBH0000000951,6.493,8.8054,0,4370,240,NO_DESERT,42.59,208.99,24.1907,5.0288,3.74,341,85.92,37.15,40.43,1,47.26,22.9
2020,NBH0000000952,11.82,2.4492,1,1564,1386,URBAN_LOW_ACCESS,92.69,146.81,12.7173,1.1497,61.98,337,78.39,95.29,34.37,1,90.34,25.2
2009,NBH0000000953,17.525,2.0653,1,3639,692,LOW_INCOME_LOW_ACCESS,45.21,339.47,11.0471,18.5423,99.41,128,18.29,66.78,26.59,1,83.47,89.53
2009,NBH0000000954,23.445,9.4452,1,199,981,NO_DESERT,95.69,72.44,29.3864,8.2219,26.32,26,37.02,91.32,25.71,0,81.08,92.02
2016,NBH0000000955,2.558,10.1036,1,104,1439,RURAL_LOW_ACCESS,74.46,313.57,1.886,11.4586,59.19,154,73.69,73.2,20.08,1,60.75,35.96
2021,NBH0000000956,22.527,5.2379,0,107,1090,LOW_INCOME_LOW_ACCESS,45.52,251.61,1.019,20.8458,36.74,432,38.09,72.05,13.47,0,89.99,6.37
2022,NBH0000000957,8.145,2.3394,0,1343,547,NO_DESERT,81.82,159.51,24.8581,24.4126,54.78,286,79.42,86.29,22.36,1,19.59,7.18
2009,NBH0000000958,23.462,0.2743,1,3413,874,NO_DESERT,0.76,263.44,4.5278,15.4767,74.67,404,81.5,48.52,0.13,1,98.57,93.53
2013,NBH0000000959,16.828,8.0021,0,3364,1560,NO_DESERT,90.29,149.93,16.0061,7.3415,46.14,243,78.64,77.1,15.75,0,69.18,12.16
2013,NBH0000000960,3.734,0.6227,0,3218,176,NO_DESERT,85.6,221.49,9.0278,5.5721,65.04,406,76.76,18.24,23.88,0,78.29,33.23
2010,NBH0000000961,6.564,7.4691,0,3471,348,LOW_ACCESS,13.17,109.54,11.672,15.0357,26.98,406,30.0,19.1,23.86,0,34.56,26.3
2019,NBH0000000962,8.237,1.3557,0,87,1506,NO_DESERT,72.49,211.51,3.8568,16.019,22.7,367,30.13,57.12,43.68,0,43.99,29.75
2024,NBH0000000963,13.939,0.1138,1,2323,1416,NO_DESERT,71.87,57.96,15.0081,1.5258,92.29,389,55.72,99.62,3.09,0,81.22,67.69
2019,NBH0000000964,12.603,4.6145,0,3505,22,RURAL_LOW_ACCESS,11.34,339.4,15.8947,9.6761,33.5,30,76.1,65.94,3.54,0,76.82,28.26
2025,NBH0000000965,6.16,6.8085,0,537,1201,LOW_ACCESS,63.72,197.16,22.2003,6.9909,5.48,149,47.01,58.39,1.62,0,33.73,87.19
2020,NBH0000000966,5.082,6.4881,1,4077,181,LOW_ACCESS,64.42,275.91,20.2244,21.9376,80.43,15,7.86,23.71,37.38,0,34.84,73.82
2015,NBH0000000967,3.224,5.2162,1,315,822,NO_DESERT,27.42,292.65,17.9067,24.1736,85.11,256,10.02,33.68,27.55,0,19.29,76.95
2010,NBH0000000968,13.494,1.0526,0,1205,1586,NO_DESERT,84.85,52.16,29.5308,10.1051,21.58,346,5.57,20.89,16.25,0,58.97,93.42
2019,NBH0000000969,21.553,9.1153,1,1691,1734,LOW_INCOME_LOW_ACCESS,46.56,339.54,26.4366,21.6161,44.72,421,71.02,74.97,24.48,0,16.65,35.17
2016,NBH0000000970,14.224,5.0883,1,2801,546,RURAL_LOW_ACCESS,86.57,79.21,7.4782,9.3986,24.62,473,73.67,27.85,13.09,1,24.09,43.18
2025,NBH0000000971,20.415,11.2139,1,2591,412,NO_DESERT,40.89,24.51,29.9834,20.0141,38.39,448,26.71,27.82,31.67,1,48.76,95.28
2019,NBH0000000972,19.222,1.2796,1,4343,1453,LOW_INCOME_LOW_ACCESS,86.47,296.66,24.9037,0.8601,8.62,154,13.87,74.22,31.05,0,80.38,48.49
2013,NBH0000000973,0.134,6.1595,1,2238,1580,URBAN_LOW_ACCESS,60.02,147.7,7.9041,22.0385,70.5,279,43.56,4.84,15.58,0,45.46,65.42
2019,NBH0000000974,13.878,8.3432,0,3944,742,URBAN_LOW_ACCESS,75.61,24.79,29.7156,13.346,18.75,407,97.65,18.64,43.17,0,53.46,78.7
2019,NBH0000000975,12.488,8.7642,0,2710,1572,NO_DESERT,53.07,225.81,27.5003,10.234,63.29,393,32.02,2.84,7.87,0,5.73,34.52
2016,NBH0000000976,8.685,2.7211,0,2517,69,RURAL_LOW_ACCESS,53.05,240.5,10.3112,5.7901,14.89,198,80.13,55.98,13.29,0,88.41,54.33
2018,NBH0000000977,7.524,0.859,1,2233,686,NO_DESERT,22.35,152.06,7.8846,12.9483,54.57,268,1.5,43.29,16.51,0,51.86,35.13
2015,NBH0000000978,16.738,4.5322,1,1194,250,URBAN_LOW_ACCESS,61.47,154.09,12.8998,1.8755,36.4,203,8.51,36.99,28.46,0,40.06,19.69
2020,NBH0000000979,10.564,4.9128,0,3172,1166,LOW_ACCESS,80.37,74.35,25.1337,10.3731,66.38,78,13.26,41.25,37.24,0,49.87,60.01
2017,NBH0000000980,21.411,8.7271,1,3062,866,RURAL_LOW_ACCESS,26.48,94.2,7.9642,20.267,84.84,400,64.24,36.95,43.15,0,30.02,32.46
2008,NBH0000000981,17.731,7.3401,0,337,528,LOW_ACCESS,41.68,272.43,8.1546,24.1692,79.35,116,29.42,84.4,12.87,0,11.15,50.33
2021,NBH0000000982,1.924,8.713,1,1343,1392,LOW_ACCESS,92.53,135.65,0.5966,12.894,81.33,12,71.26,35.05,2.23,0,11.26,80.77
2016,NBH0000000983,7.38,1.2993,1,599,1745,NO_DESERT,7.82,83.14,3.5751,21.5209,77.83,398,84.35,48.98,29.66,0,63.34,20.78
2024,NBH0000000984,2.597,8.4359,0,4034,1467,LOW_INCOME_LOW_ACCESS,60.93,336.69,21.1809,24.1833,83.61,303,43.22,1.43,40.83,1,55.96,92.8
2013,NBH0000000985,12.074,6.2535,0,2168,244,NO_DESERT,58.7,275.51,0.2385,18.2657,22.77,140,7.4,67.47,14.65,1,13.74,16.55
2023,NBH0000000986,22.858,10.4854,1,4155,1274,NO_DESERT,25.51,56.9,16.9175,14.5544,8.34,335,12.77,53.7,20.28,1,27.02,75.75
2009,NBH0000000987,2.029,0.0427,1,3888,1363,NO_DESERT,10.23,184.57,1.5426,5.6376,56.27,63,83.75,96.05,18.74,0,21.93,30.03
2013,NBH0000000988,5.331,5.8772,0,2030,1146,RURAL_LOW_ACCESS,91.33,246.65,20.7093,20.1089,84.64,459,83.53,47.83,5.22,0,43.11,70.7
2019,NBH0000000989,22.448,4.5203,0,3257,1288,LOW_ACCESS,12.48,49.75,13.1405,22.4913,82.69,233,3.13,13.12,1.23,0,32.51,34.93
2015,NBH0000000990,4.182,7.219,0,937,869,LOW_ACCESS,11.45,154.96,16.9751,14.1046,94.05,171,4.26,60.42,12.47,1,32.98,47.65
2022,NBH0000000991,9.542,0.0729,0,4112,1185,LOW_ACCESS,54.09,120.04,28.3085,21.6247,29.38,409,48.64,14.95,14.66,0,87.78,1.01
2010,NBH0000000992,13.367,5.6606,1,4239,1233,NO_DESERT,53.54,237.84,12.4993,14.8937,74.84,384,20.34,43.8,13.71,0,11.23,16.46
2011,NBH0000000993,0.521,5.2545,0,3590,263,LOW_ACCESS,42.73,258.57,8.4961,24.675,17.51,326,87.82,84.07,9.96,0,79.56,69.05
2016,NBH0000000994,16.053,6.7818,1,3643,1158,NO_DESERT,89.29,127.49,13.7837,21.037,36.49,343,46.59,19.94,21.58,0,72.86,49.35
2008,NBH0000000995,15.332,2.9253,1,4439,760,NO_DESERT,18.92,28.5,25.1108,9.7342,43.07,359,50.05,62.81,20.31,1,56.68,35.1
2022,NBH0000000996,17.672,7.8752,1,4212,421,LOW_INCOME_LOW_ACCESS,38.9,311.43,13.6711,9.251,39.73,300,3.61,33.25,9.9,1,44.55,73.94
2020,NBH0000000997,18.808,8.2773,0,2709,1318,LOW_ACCESS,5.98,339.48,20.1839,3.579,87.49,429,60.1,1.3,4.05,0,52.32,3.01
2013,NBH0000000998,2.79,1.3642,1,1920,1291,RURAL_LOW_ACCESS,70.08,272.02,11.3718,18.4205,71.11,93,35.91,59.47,12.11,0,22.85,87.37
2020,NBH0000000999,24.869,3.6667,0,1657,903,RURAL_LOW_ACCESS,32.45,202.97,21.5533,6.1722,76.7,111,85.05,99.73,7.28,1,31.45,12.06
2015,NBH0000001000,7.265,7.0273,0,1254,956,NO_DESERT,7.83,62.76,5.2387,22.9704,14.04,43,78.23,63.95,29.66,1,35.34,14.09
2013,NBH0000001001,21.955,1.5861,1,3447,85,NO_DESERT,46.02,152.82,0.0551,21.7538,8.43,51,33.36,72.55,11.35,0,38.04,85.85
2021,NBH0000001002,19.57,7.459,1,3153,832,LOW_ACCESS,54.35,213.6,27.5128,9.3409,91.79,382,41.54,50.35,43.74,0,13.83,91.0
2010,NBH0000001003,11.762,2.3545,1,1677,904,LOW_INCOME_LOW_ACCESS,39.34,101.59,13.7064,8.2148,69.32,323,71.45,70.06,25.31,1,79.25,40.38
2014,NBH0000001004,6.256,2.4689,0,3638,982,NO_DESERT,55.57,155.22,24.2146,11.5135,51.36,171,28.97,0.74,17.39,1,40.13,55.08
2023,NBH0000001005,12.246,7.0389,0,998,1612,NO_DESERT,64.43,99.44,18.7827,20.0158,56.54,147,77.38,16.92,31.53,0,32.74,45.91
2010,NBH0000001006,12.124,8.9528,1,1312,813,LOW_ACCESS,29.58,129.1,23.1547,15.6462,37.73,254,62.38,91.73,40.31,1,66.34,63.55
2020,NBH0000001007,13.135,2.377,0,2469,1282,NO_DESERT,46.94,296.41,27.078,6.7249,34.45,291,29.02,53.76,42.35,1,81.41,52.41
2015,NBH0000001008,24.467,7.0633,1,2766,168,LOW_INCOME_LOW_ACCESS,6.44,136.42,8.7066,19.6998,43.34,393,73.81,38.77,35.92,0,73.58,49.88
2020,NBH0000001009,5.824,2.2743,0,3097,773,NO_DESERT,54.14,262.29,20.0849,2.245,58.57,329,8.68,99.85,36.53,0,75.48,6.58
2014,NBH0000001010,13.81,3.3646,1,4498,1100,LOW_INCOME_LOW_ACCESS,73.73,310.42,10.5432,10.628,28.58,446,81.63,66.04,28.06,1,38.74,42.98
2009,NBH0000001011,11.544,2.3443,1,3873,511,NO_DESERT,99.29,169.84,4.0558,16.0684,5.48,434,97.67,89.64,0.75,1,2.81,97.81
2018,NBH0000001012,9.778,2.2029,1,240,148,RURAL_LOW_ACCESS,94.24,117.79,4.3381,4.4481,95.93,388,4.21,19.45,20.39,0,19.88,38.89
2009,NBH0000001013,23.263,6.7342,0,2042,488,NO_DESERT,9.85,51.78,9.7951,3.764,64.54,152,73.92,62.5,28.08,1,41.14,11.42
2021,NBH0000001014,14.018,9.6688,0,2358,53,LOW_ACCESS,47.69,165.71,11.1624,22.6704,45.97,317,52.36,25.22,30.36,0,23.28,17.24
2024,NBH0000001015,3.274,1.7581,0,2409,903,LOW_ACCESS,5.18,295.73,4.0885,12.4734,62.24,197,87.68,67.39,13.76,0,30.27,7.33
2019,NBH0000001016,5.087,10.3461,1,580,1791,NO_DESERT,89.22,78.15,20.9903,2.7543,1.75,150,23.15,0.8,21.63,0,90.14,63.86
2020,NBH0000001017,20.322,10.8926,1,2086,1482,NO_DESERT,49.93,348.7,4.1432,5.4012,44.84,434,59.47,57.43,24.4,0,34.79,83.56
2015,NBH0000001018,18.331,3.639,1,3200,18,RURAL_LOW_ACCESS,77.8,250.52,23.1801,3.9685,24.4,381,72.47,75.65,24.67,1,97.38,92.06
2015,NBH0000001019,18.473,4.4939,1,4152,19,NO_DESERT,17.24,207.46,16.024,0.6141,20.29,387,1.69,6.9,20.73,0,6.49,55.02
2009,NBH0000001020,3.905,3.6043,0,1690,696,NO_DESERT,1.12,291.52,8.4631,14.0069,84.63,249,1.67,58.25,15.28,0,49.89,82.62
2015,NBH0000001021,20.272,6.4577,0,1490,631,NO_DESERT,83.94,209.01,14.127,6.7632,3.67,100,62.13,28.01,33.18,0,83.9,69.5
2025,NBH0000001022,23.028,6.4829,1,609,591,URBAN_LOW_ACCESS,30.95,245.07,17.8567,12.138,68.3,117,56.45,7.67,42.82,1,57.02,52.28
2015,NBH0000001023,6.17,9.6571,0,393,1714,URBAN_LOW_ACCESS,11.21,175.24,8.204,22.8061,88.36,210,19.11,6.85,27.65,0,45.4,26.93
2015,NBH0000001024,10.702,3.4974,0,4386,1399,LOW_INCOME_LOW_ACCESS,40.29,43.81,1.9933,11.3232,60.64,492,28.27,44.31,17.79,0,37.15,22.37
2025,NBH0000001025,13.909,11.7769,1,2298,514,LOW_INCOME_LOW_ACCESS,55.93,154.76,16.8791,19.3689,84.31,431,93.34,8.2,30.97,1,3.78,45.6
2015,NBH0000001026,3.812,4.2266,0,2755,1418,LOW_ACCESS,0.16,69.36,17.1128,0.022,15.93,305,45.12,60.28,23.5,0,30.69,65.63
2023,NBH0000001027,0.976,6.9139,0,570,238,RURAL_LOW_ACCESS,30.27,308.48,29.7329,16.9352,91.55,205,86.58,98.14,22.49,0,8.35,9.35
2023,NBH0000001028,0.928,11.4689,0,956,443,RURAL_LOW_ACCESS,31.3,57.33,22.569,9.6997,17.88,475,55.24,37.46,32.04,0,61.3,13.71
2012,NBH0000001029,24.135,4.1829,0,1673,642,NO_DESERT,71.57,183.45,27.1698,15.4661,34.6,31,71.35,51.82,4.47,0,61.43,45.16
2012,NBH0000001030,7.302,1.9289,0,2135,203,LOW_ACCESS,74.9,243.32,12.8189,23.4928,98.39,324,36.15,12.54,6.94,0,34.52,27.63
2015,NBH0000001031,16.384,6.3653,0,1667,194,NO_DESERT,33.24,280.35,16.0428,24.9461,62.66,331,72.08,82.15,2.71,0,84.37,92.97
2011,NBH0000001032,1.195,4.609,1,435,1207,URBAN_LOW_ACCESS,16.22,244.39,1.621,19.7713,6.06,213,95.38,89.46,15.22,0,86.78,53.25
2014,NBH0000001033,1.58,4.1871,0,2310,1455,NO_DESERT,9.92,166.12,24.6398,8.9125,28.32,324,69.7,86.25,9.33,1,48.01,5.96
2020,NBH0000001034,1.493,6.2436,0,2902,1148,NO_DESERT,92.54,291.05,9.6532,23.5007,60.0,306,78.04,55.03,16.42,0,78.57,52.86
2020,NBH0000001035,8.861,0.4286,1,2566,446,LOW_INCOME_LOW_ACCESS,28.3,313.3,23.4577,12.4405,8.53,203,31.68,64.89,8.05,0,3.77,54.87
2020,NBH0000001036,24.151,6.6027,0,4422,774,NO_DESERT,88.57,322.51,23.5023,13.3215,28.33,483,27.05,41.45,9.75,1,91.61,99.44
2018,NBH0000001037,0.239,3.3764,1,1141,1305,LOW_INCOME_LOW_ACCESS,48.65,218.98,6.8782,11.311,10.52,466,0.24,55.43,10.81,0,38.6,9.86
2008,NBH0000001038,21.534,10.6509,1,4260,716,NO_DESERT,80.94,259.22,4.4782,8.8659,45.34,131,55.17,81.22,14.9,0,11.44,73.42
2018,NBH0000001039,5.572,11.3785,0,1743,1711,LOW_INCOME_LOW_ACCESS,43.12,258.77,9.0434,24.4589,44.92,87,31.2,44.41,36.38,1,70.8,65.75
2021,NBH0000001040,3.52,0.1753,1,3823,207,LOW_ACCESS,57.69,92.1,2.2803,12.9817,95.94,161,93.09,69.8,28.26,0,34.35,73.8
2024,NBH0000001041,14.421,0.1355,1,3895,1086,LOW_ACCESS,77.74,93.97,22.3262,15.7746,69.91,109,94.31,96.79,19.91,0,20.4,98.2
2019,NBH0000001042,16.602,1.3978,0,2855,434,LOW_INCOME_LOW_ACCESS,44.04,267.58,16.4842,14.5865,74.66,247,49.12,49.99,21.16,0,82.33,59.79
2024,NBH0000001043,1.84,1.5311,1,2246,367,NO_DESERT,86.98,87.92,13.6535,15.894,29.47,121,63.99,14.41,35.03,0,39.93,58.53
2013,NBH0000001044,14.119,2.2896,0,1260,708,LOW_ACCESS,4.73,289.16,6.2342,3.8981,74.14,448,63.87,53.26,6.23,1,47.41,21.14
2019,NBH0000001045,15.461,5.2039,0,4385,970,LOW_INCOME_LOW_ACCESS,81.7,81.75,12.9791,17.9271,87.41,298,54.86,62.75,1.74,0,28.51,41.42
2021,NBH0000001046,19.486,10.2753,1,1679,1296,LOW_INCOME_LOW_ACCESS,21.88,121.81,22.8625,20.0672,32.75,295,35.59,38.67,29.16,1,93.54,43.7
2024,NBH0000001047,17.641,2.0137,1,3662,560,NO_DESERT,15.57,210.71,9.5464,7.2375,10.17,280,11.93,6.76,16.46,1,94.91,48.97
2018,NBH0000001048,17.26,4.5347,0,1641,1697,LOW_INCOME_LOW_ACCESS,11.22,315.55,28.7291,8.7185,60.09,294,46.42,0.94,19.65,0,42.6,20.01
2008,NBH0000001049,13.972,11.2186,1,453,657,RURAL_LOW_ACCESS,40.14,328.05,22.39,21.6085,71.12,323,37.51,26.54,21.75,0,29.31,42.7
2025,NBH0000001050,7.07,2.906,0,356,187,NO_DESERT,60.56,216.07,19.9792,5.4703,72.98,100,61.38,16.4,35.98,1,64.32,35.32
2015,NBH0000001051,17.132,5.3181,0,3659,1121,LOW_INCOME_LOW_ACCESS,75.37,239.83,12.5925,0.0807,0.6,116,61.71,35.63,40.54,0,99.91,68.48
2012,NBH0000001052,15.4,8.469,1,579,1114,URBAN_LOW_ACCESS,27.07,222.4,8.4685,19.656,44.13,473,5.46,22.05,25.12,0,58.65,1.27
2013,NBH0000001053,14.417,6.4897,1,4116,485,NO_DESERT,63.21,309.83,4.87,10.3576,98.98,167,20.47,60.85,14.17,0,45.81,45.55
2022,NBH0000001054,9.175,5.061,0,3929,412,URBAN_LOW_ACCESS,75.25,85.4,15.8544,10.0132,44.43,183,3.03,73.91,12.52,1,5.68,15.58
2008,NBH0000001055,1.76,7.1381,0,2573,294,NO_DESERT,85.44,105.08,17.4424,18.1778,17.12,16,89.76,23.67,32.32,0,58.53,28.93
2008,NBH0000001056,9.056,11.1223,0,1206,613,LOW_INCOME_LOW_ACCESS,81.69,144.97,26.3585,10.0922,27.27,6,15.05,37.21,26.9,1,58.34,71.33
2015,NBH0000001057,4.551,6.4565,1,2032,1652,URBAN_LOW_ACCESS,34.08,300.62,1.5508,5.6274,30.22,358,78.64,57.71,12.65,0,1.51,16.8
2015,NBH0000001058,9.52,10.6992,0,534,452,URBAN_LOW_ACCESS,75.24,330.79,25.4531,24.6258,22.35,62,40.04,9.33,25.83,1,40.2,45.12
2011,NBH0000001059,5.829,6.9744,1,4238,949,NO_DESERT,26.08,161.66,12.2351,6.2774,34.79,256,52.62,86.64,16.96,0,37.31,82.04
2008,NBH0000001060,20.64,11.4024,1,1378,738,NO_DESERT,84.4,133.63,27.8245,10.0892,96.58,275,61.15,90.96,14.47,1,19.46,32.69
2024,NBH0000001061,1.738,0.9688,0,2149,197,LOW_INCOME_LOW_ACCESS,52.75,121.5,1.9898,8.3118,35.81,456,31.56,0.94,24.61,0,47.03,15.88
2008,NBH0000001062,5.691,0.6843,0,2295,883,LOW_ACCESS,11.6,229.13,18.6612,3.1593,76.63,163,77.12,1.64,41.78,1,10.51,9.12
2012,NBH0000001063,14.579,0.4347,1,667,1403,NO_DESERT,74.54,23.71,9.0769,12.452,41.8,308,49.42,46.21,6.12,1,95.11,33.55
2025,NBH0000001064,13.434,1.2964,0,1619,286,URBAN_LOW_ACCESS,62.47,139.83,3.6832,10.0879,2.39,6,66.53,21.82,17.38,1,16.85,8.15
2025,NBH0000001065,12.478,8.4396,1,3715,517,NO_DESERT,82.26,80.62,25.3279,22.9068,5.26,5,31.8,56.29,20.42,1,21.05,60.68
2011,NBH0000001066,8.764,3.4523,1,314,1371,LOW_INCOME_LOW_ACCESS,13.64,41.22,26.1771,8.6704,62.76,365,75.37,10.03,0.8,1,24.03,58.4
2019,NBH0000001067,18.372,11.9003,0,3993,367,LOW_ACCESS,47.7,53.91,27.9376,1.2047,97.82,145,29.01,18.26,14.13,0,27.95,54.06
2013,NBH0000001068,22.995,5.8326,1,3360,955,NO_DESERT,51.65,80.33,28.0159,5.9122,29.51,196,1.63,99.38,10.8,0,5.13,45.76
2010,NBH0000001069,0.8,6.1238,0,3582,659,URBAN_LOW_ACCESS,70.89,187.5,17.6894,21.3411,39.61,355,78.89,11.93,3.45,1,68.36,57.74
2024,NBH0000001070,22.16,1.3827,1,2233,982,NO_DESERT,53.48,289.41,12.1836,18.695,99.87,33,29.4,73.39,2.74,1,61.88,60.06
2012,NBH0000001071,17.571,2.6143,0,3480,1635,LOW_INCOME_LOW_ACCESS,62.78,80.68,3.4094,5.1624,12.97,20,2.41,0.06,30.13,0,52.39,56.57
2023,NBH0000001072,5.794,0.3505,0,1917,80,LOW_ACCESS,53.56,203.34,10.5704,0.45,96.35,271,20.33,85.22,15.54,1,40.7,13.63
2021,NBH0000001073,12.193,8.9213,1,3639,1374,LOW_ACCESS,5.66,50.46,11.2088,12.8174,28.61,197,21.75,84.22,30.45,1,74.85,92.27
2009,NBH0000001074,23.608,4.4305,0,1632,92,LOW_ACCESS,22.75,140.54,6.0441,3.0256,88.67,152,62.0,17.06,12.32,0,61.89,90.14
2015,NBH0000001075,16.774,5.9364,0,376,1515,LOW_ACCESS,93.58,165.05,7.0141,0.5657,84.38,258,60.21,44.44,19.83,0,30.01,38.56
2013,NBH0000001076,3.893,10.2845,1,4164,698,NO_DESERT,96.85,152.23,26.8933,19.0816,48.13,35,10.14,63.46,44.64,0,6.04,88.67
2023,NBH0000001077,16.968,0.6162,1,2068,1352,LOW_ACCESS,45.53,160.61,8.3591,2.867,87.72,370,70.77,41.43,36.44,0,25.16,79.57
2018,NBH0000001078,7.946,11.6943,0,2606,892,NO_DESERT,10.12,286.62,21.183,23.3265,42.87,191,80.93,91.12,43.8,0,38.82,23.72
2025,NBH0000001079,9.896,10.8694,0,4292,809,NO_DESERT,53.54,289.59,26.7473,5.6862,34.2,316,36.18,22.74,18.69,0,33.49,75.91
2022,NBH0000001080,23.543,10.6832,1,497,1730,NO_DESERT,91.8,188.61,11.5213,12.2082,93.18,458,54.16,72.5,20.9,1,94.58,55.69
2016,NBH0000001081,20.478,3.0989,0,3800,1790,URBAN_LOW_ACCESS,19.11,291.44,26.6485,20.7939,7.18,260,25.38,59.16,20.93,0,17.13,98.59
2024,NBH0000001082,24.697,11.1309,0,1638,1377,LOW_ACCESS,27.23,58.53,2.3832,17.5201,35.75,200,4.11,72.62,21.11,0,60.51,46.49
2017,NBH0000001083,23.595,7.7463,0,3492,987,URBAN_LOW_ACCESS,33.22,227.64,2.5038,11.057,79.23,229,82.12,26.65,2.95,0,96.57,76.62
2016,NBH0000001084,8.746,7.4541,0,269,719,URBAN_LOW_ACCESS,82.91,171.82,9.8474,20.0477,9.37,91,41.78,76.83,9.92,1,40.72,10.39
2024,NBH0000001085,23.895,2.6121,1,4340,1657,URBAN_LOW_ACCESS,67.31,234.06,2.9433,13.1067,85.7,114,88.03,10.79,28.36,1,9.95,63.96
2024,NBH0000001086,0.523,0.0126,0,4013,520,URBAN_LOW_ACCESS,38.25,170.37,27.3202,5.0027,52.18,170,36.07,77.77,13.02,1,41.38,28.65
2012,NBH0000001087,16.97,8.8242,1,3026,1489,NO_DESERT,25.74,169.43,13.0796,17.3027,28.49,25,85.06,64.94,39.29,1,37.71,46.83
2014,NBH0000001088,2.799,11.376,0,1441,839,NO_DESERT,35.88,81.3,7.2546,1.2014,98.33,418,13.47,83.32,13.85,1,23.71,75.87
2025,NBH0000001089,6.31,11.3663,1,4014,1674,NO_DESERT,19.07,223.2,19.2165,11.6833,42.15,407,8.69,89.39,27.77,0,40.89,29.67
2021,NBH0000001090,21.201,9.9517,1,2821,898,NO_DESERT,5.64,282.32,25.2476,16.7635,38.15,201,66.36,3.0,34.97,0,26.72,99.02
2011,NBH0000001091,19.987,2.674,0,98,618,NO_DESERT,73.31,153.57,22.1892,10.1099,1.5,175,44.1,98.17,38.03,1,63.49,30.29
2019,NBH0000001092,1.842,10.9389,1,3157,321,URBAN_LOW_ACCESS,81.18,152.49,16.7334,22.3304,65.81,272,69.11,92.67,6.22,1,5.36,18.09
2022,NBH0000001093,21.064,10.1098,1,3847,1235,LOW_ACCESS,30.83,183.01,5.7718,2.9065,2.63,256,45.63,50.25,42.02,1,70.44,20.32
2019,NBH0000001094,9.368,1.086,0,4003,1239,NO_DESERT,59.27,134.27,29.1657,6.4277,23.27,485,26.72,37.51,2.77,0,95.9,94.24
2019,NBH0000001095,8.628,0.8611,0,2423,1012,NO_DESERT,31.02,213.41,19.0322,22.9435,97.16,404,89.04,36.74,11.78,0,34.37,10.76
2020,NBH0000001096,14.054,6.5133,1,2616,492,URBAN_LOW_ACCESS,67.33,94.93,0.4419,2.0497,27.53,131,10.0,5.32,25.94,0,29.4,41.12
2020,NBH0000001097,10.487,1.6088,1,1649,1521,NO_DESERT,75.38,92.44,1.4927,18.8403,41.06,95,95.14,16.48,23.83,1,58.03,91.74
2012,NBH0000001098,21.117,11.3627,0,1356,505,NO_DESERT,80.72,82.13,1.9342,8.2026,81.65,442,94.53,41.64,9.59,0,59.84,19.18
2011,NBH0000001099,24.867,7.6508,1,1491,615,LOW_ACCESS,5.33,97.01,12.4017,7.7125,55.53,119,47.23,62.39,24.81,1,95.61,82.17
2008,NBH0000001100,24.482,6.3792,0,1080,775,LOW_INCOME_LOW_ACCESS,77.47,292.95,0.4761,9.8082,74.63,436,52.62,48.69,15.1,1,95.69,59.69
2024,NBH0000001101,8.859,6.7436,0,1219,846,LOW_INCOME_LOW_ACCESS,77.13,174.77,12.0454,14.8383,26.4,372,30.97,60.07,31.15,0,28.27,38.22
2011,NBH0000001102,14.433,0.8451,0,1338,1773,NO_DESERT,16.13,326.82,18.9682,22.1303,91.02,342,19.52,14.6,31.6,1,28.85,92.88
2014,NBH0000001103,4.604,11.5462,0,1699,499,NO_DESERT,71.02,88.83,0.6776,23.9462,11.53,489,47.32,90.96,6.95,1,83.47,41.11
2015,NBH0000001104,3.629,7.2389,0,197,1723,LOW_ACCESS,75.69,184.29,16.6931,4.4971,28.72,479,28.37,18.67,10.9,0,85.31,18.6
2024,NBH0000001105,21.08,7.8481,0,3682,760,NO_DESERT,69.97,157.49,8.2795,15.8926,36.05,296,28.99,72.59,0.5,0,64.16,29.05
2011,NBH0000001106,14.807,5.0179,1,594,1302,NO_DESERT,59.82,266.98,10.8011,19.102,53.18,207,58.52,47.81,25.69,0,6.16,40.51
2010,NBH0000001107,21.341,3.9351,0,4254,554,URBAN_LOW_ACCESS,85.07,163.84,7.844,0.7631,45.72,220,17.58,51.68,29.85,0,93.55,51.87
2020,NBH0000001108,23.731,0.6437,0,4140,188,NO_DESERT,91.57,27.8,2.6431,10.9557,64.56,287,75.45,49.73,11.67,0,4.14,97.24
2012,NBH0000001109,4.835,5.5045,0,946,1188,LOW_INCOME_LOW_ACCESS,31.55,264.2,11.2695,0.5851,37.81,451,54.9,28.7,13.18,0,3.96,61.73
2023,NBH0000001110,4.599,10.7042,1,1261,1461,NO_DESERT,65.96,21.17,19.087,19.6126,37.39,366,2.07,76.39,28.35,1,7.27,60.35
2011,NBH0000001111,23.759,9.6532,1,4060,1691,URBAN_LOW_ACCESS,55.08,40.67,20.8184,0.7665,48.09,500,52.73,41.22,12.46,0,3.09,55.34
2015,NBH0000001112,5.066,0.0445,1,3941,1438,NO_DESERT,83.79,209.66,26.6164,10.4379,14.48,142,80.51,36.0,10.45,1,23.73,29.46
2016,NBH0000001113,3.62,1.5669,0,2586,326,LOW_INCOME_LOW_ACCESS,68.6,48.7,13.482,4.6277,6.74,221,89.59,26.44,3.98,0,1.27,13.34
2017,NBH0000001114,23.454,5.2392,1,1790,756,LOW_ACCESS,26.6,284.4,27.9327,11.9695,78.72,64,58.19,50.2,9.39,0,84.72,26.49
2016,NBH0000001115,24.41,11.0586,0,2488,1089,LOW_ACCESS,6.51,170.03,12.7247,5.7437,99.86,335,79.31,6.49,5.18,0,30.76,74.66
2016,NBH0000001116,7.016,10.4959,0,4491,1723,NO_DESERT,17.09,27.02,11.9509,8.8007,39.52,420,3.7,68.77,0.99,1,99.94,72.91
2023,NBH0000001117,9.579,3.4494,1,1579,445,NO_DESERT,82.11,137.25,3.7449,19.276,16.02,156,68.85,39.64,25.64,1,43.85,93.11
2010,NBH0000001118,13.923,7.1249,0,3986,1696,NO_DESERT,97.3,301.83,23.712,1.6872,95.65,402,4.1,80.04,8.57,0,62.54,79.9
2024,NBH0000001119,24.573,1.4916,0,928,1354,URBAN_LOW_ACCESS,54.43,234.13,24.2909,8.9421,72.71,337,32.18,24.8,12.86,0,88.46,20.54
2009,NBH0000001120,4.064,11.7069,1,539,839,URBAN_LOW_ACCESS,62.01,105.58,24.4054,10.4004,97.35,480,72.75,66.76,7.42,0,45.11,64.63
2009,NBH0000001121,10.337,10.8252,0,1849,1570,LOW_INCOME_LOW_ACCESS,51.93,241.53,28.7095,9.6054,34.28,270,90.9,22.48,32.74,0,75.98,97.48
2023,NBH0000001122,18.585,4.9243,0,3687,443,RURAL_LOW_ACCESS,87.82,66.76,8.0871,8.1808,85.82,95,82.02,42.8,10.21,0,25.47,99.6
2025,NBH0000001123,4.667,1.1066,0,1381,1647,RURAL_LOW_ACCESS,95.68,52.5,1.6103,15.8037,91.3,203,19.06,58.23,35.27,1,29.23,27.82
2025,NBH0000001124,8.416,8.9554,0,1092,320,LOW_ACCESS,92.36,331.33,22.5672,11.4418,25.85,400,36.15,17.62,21.93,0,32.72,81.65
2012,NBH0000001125,6.941,6.6459,0,1577,486,NO_DESERT,24.32,147.07,6.3513,24.4864,56.0,123,98.36,72.31,28.49,0,27.01,40.26
2013,NBH0000001126,1.359,5.0793,0,3825,1347,LOW_INCOME_LOW_ACCESS,74.6,80.35,20.8546,4.0889,62.19,32,99.26,23.77,29.88,0,96.37,8.22
2010,NBH0000001127,0.825,3.9379,0,4071,1441,NO_DESERT,64.42,137.94,10.2372,21.7307,24.93,391,12.75,82.24,17.76,0,72.06,1.3
2012,NBH0000001128,19.262,5.0211,0,1876,247,NO_DESERT,82.75,212.86,22.8003,7.2106,78.35,32,46.89,67.06,43.61,0,74.33,88.92
2011,NBH0000001129,3.054,3.6616,0,765,1327,URBAN_LOW_ACCESS,17.1,38.81,27.9646,8.1437,44.19,169,79.21,44.22,5.94,0,79.1,27.4
2011,NBH0000001130,9.299,5.5634,1,2230,1488,NO_DESERT,8.2,23.47,9.4224,14.3995,97.39,439,87.68,16.12,26.26,0,88.03,94.18
2015,NBH0000001131,12.455,8.7986,1,23,1023,NO_DESERT,19.29,25.77,19.9788,7.2393,95.7,412,10.3,56.71,27.04,1,62.37,43.67
2016,NBH0000001132,17.702,1.8656,0,3177,281,LOW_ACCESS,89.19,140.81,10.4932,2.3963,10.0,441,5.32,22.36,36.89,1,6.46,77.26
2013,NBH0000001133,20.168,10.4059,0,699,1716,LOW_INCOME_LOW_ACCESS,99.03,291.6,3.0073,20.0776,66.55,110,8.9,38.06,4.71,0,45.51,87.39
2012,NBH0000001134,14.741,11.3555,1,1275,1604,LOW_ACCESS,72.33,155.02,6.9578,5.083,79.45,305,56.09,28.89,14.61,1,6.25,5.58
2024,NBH0000001135,5.517,8.1397,1,3113,409,URBAN_LOW_ACCESS,47.71,178.38,26.8598,19.0433,34.57,358,91.69,34.59,36.78,0,15.06,63.85
2022,NBH0000001136,18.262,4.1298,0,3608,1089,URBAN_LOW_ACCESS,63.69,189.41,27.849,20.1024,91.5,347,77.86,87.43,12.18,1,0.67,95.44
2010,NBH0000001137,1.131,6.9105,0,4296,1470,URBAN_LOW_ACCESS,72.53,164.46,7.7062,6.3153,51.1,105,79.69,1.83,19.29,0,12.58,33.3
2015,NBH0000001138,16.407,10.6633,1,1244,641,NO_DESERT,16.18,138.25,8.1071,20.8063,22.28,435,19.38,47.86,32.31,0,92.42,33.17
2020,NBH0000001139,13.436,7.2819,1,1284,527,LOW_ACCESS,88.25,287.37,0.9166,19.4035,64.56,457,24.33,93.08,31.48,0,18.97,28.31
2024,NBH0000001140,9.095,8.0274,1,172,1061,LOW_ACCESS,31.05,231.89,11.856,9.8215,90.64,187,53.23,57.83,28.16,0,56.05,37.34
2024,NBH0000001141,0.917,11.2091,1,2798,1688,LOW_ACCESS,74.38,146.49,18.1931,1.6472,83.18,118,41.82,70.12,39.08,1,84.18,53.92
2012,NBH0000001142,5.374,4.981,1,1722,251,LOW_ACCESS,74.39,251.68,23.9757,4.4712,8.93,495,46.1,20.48,19.2,1,88.45,0.43
2022,NBH0000001143,3.807,8.0211,0,2059,65,NO_DESERT,73.6,147.27,29.932,0.4246,50.3,111,80.15,97.76,36.85,0,78.73,60.3
2022,NBH0000001144,17.069,10.5781,1,1675,906,RURAL_LOW_ACCESS,70.26,283.14,19.4431,20.0036,9.95,14,88.87,48.96,14.25,0,7.32,28.86
2018,NBH0000001145,19.457,4.4107,0,1892,1479,NO_DESERT,86.45,21.67,3.3677,21.8305,92.41,82,31.7,32.71,17.96,1,14.65,88.73
2010,NBH0000001146,19.88,3.6804,0,1087,992,NO_DESERT,84.46,177.3,19.9743,13.5346,83.89,361,71.75,26.18,16.34,1,44.2,99.39
2008,NBH0000001147,22.443,7.4335,1,2282,1675,NO_DESERT,65.14,102.24,10.5237,3.1171,49.69,43,75.55,46.29,32.18,1,4.29,5.44
2012,NBH0000001148,7.032,5.1479,0,1251,455,NO_DESERT,25.18,268.44,25.6704,14.2033,90.88,61,83.98,97.66,7.53,0,1.02,65.8
2019,NBH0000001149,13.912,9.8492,0,3840,74,RURAL_LOW_ACCESS,74.98,64.4,27.3991,21.6673,50.01,498,28.25,67.23,37.89,1,97.88,75.38
2018,NBH0000001150,12.624,4.2838,1,4338,766,URBAN_LOW_ACCESS,40.49,268.22,20.883,4.0739,32.67,315,34.06,45.2,10.61,0,1.38,9.6
2016,NBH0000001151,9.31,6.867,0,4162,172,NO_DESERT,18.06,157.16,19.7153,2.6875,7.67,353,55.39,38.85,12.31,1,97.14,83.46
2009,NBH0000001152,2.347,1.474,0,2894,508,URBAN_LOW_ACCESS,52.69,211.57,7.3034,14.0868,67.8,281,14.14,92.89,24.21,0,33.18,39.56
2025,NBH0000001153,24.167,4.974,0,3461,954,RURAL_LOW_ACCESS,5.78,212.88,23.8631,1.819,96.78,137,94.1,71.27,41.93,0,94.67,14.74
2014,NBH0000001154,6.609,4.4498,0,2495,135,URBAN_LOW_ACCESS,47.28,208.25,18.7971,22.2052,87.96,85,13.6,55.03,18.8,0,40.53,86.41
2016,NBH0000001155,24.951,8.5015,0,172,757,RURAL_LOW_ACCESS,6.82,188.17,3.2944,15.3053,50.49,114,93.3,69.1,2.27,0,67.17,55.54
2012,NBH0000001156,6.397,11.477,0,2108,869,NO_DESERT,59.57,146.46,5.7626,14.1318,56.13,82,53.95,28.93,15.27,0,16.66,78.37
2014,NBH0000001157,10.513,11.977,1,3797,105,NO_DESERT,66.16,120.62,5.427,13.6185,72.65,470,6.44,44.22,43.53,1,69.32,79.86
2015,NBH0000001158,10.111,10.1717,0,88,175,NO_DESERT,92.48,230.5,14.5395,10.638,62.91,370,47.72,75.96,35.83,0,32.25,44.14
2012,NBH0000001159,0.837,4.0854,1,548,1344,NO_DESERT,35.43,286.19,17.5746,6.1495,42.36,201,5.62,53.09,15.2,0,35.55,23.07
2018,NBH0000001160,9.463,2.0525,0,3225,788,LOW_ACCESS,18.14,275.36,23.1923,13.1873,24.43,147,69.56,49.5,21.05,0,46.37,79.13
2016,NBH0000001161,7.192,5.1263,0,4150,330,LOW_ACCESS,49.81,36.81,5.9911,14.0182,67.97,311,25.52,69.26,18.93,0,38.9,97.94
2011,NBH0000001162,5.058,4.4033,1,2033,323,NO_DESERT,85.25,274.19,17.728,5.9483,2.45,200,10.48,81.69,37.47,0,66.13,14.73
2022,NBH0000001163,24.056,2.6844,1,1496,339,LOW_ACCESS,82.45,258.52,10.4156,6.9325,43.49,365,42.0,3.58,18.14,1,37.35,55.77
2023,NBH0000001164,5.359,11.2926,1,1184,1600,LOW_ACCESS,96.66,174.5,13.7689,6.4795,78.22,133,3.91,0.2,23.57,1,16.05,90.5
2024,NBH0000001165,23.176,8.8969,0,177,1731,NO_DESERT,45.63,30.92,25.9674,10.3579,26.61,470,26.1,94.77,39.62,1,35.43,99.64
2012,NBH0000001166,9.824,7.1624,1,465,187,NO_DESERT,4.54,75.99,29.7873,8.9517,25.64,195,85.34,69.48,7.47,1,94.98,67.56
2022,NBH0000001167,14.517,6.371,1,3553,772,NO_DESERT,83.68,76.61,14.2287,0.9242,45.8,438,71.06,94.32,5.41,0,59.28,28.06
2023,NBH0000001168,24.396,5.9376,1,3605,650,LOW_INCOME_LOW_ACCESS,75.22,106.14,13.4409,21.7748,60.87,149,48.56,35.66,11.57,1,10.28,68.14
2017,NBH0000001169,19.087,5.7611,0,3186,821,LOW_INCOME_LOW_ACCESS,86.75,158.69,5.8364,6.3938,24.31,50,66.52,58.37,0.4,1,58.44,18.87
2010,NBH0000001170,23.081,8.8094,0,1088,322,LOW_INCOME_LOW_ACCESS,54.32,82.28,9.2907,11.8841,30.32,3,41.18,89.55,21.54,1,4.73,13.71
2017,NBH0000001171,5.121,1.541,1,808,756,URBAN_LOW_ACCESS,24.63,206.65,15.0769,0.2739,22.96,465,66.03,22.99,37.53,1,81.95,67.63
2008,NBH0000001172,18.232,4.4733,0,3,271,NO_DESERT,5.4,116.1,22.3056,12.6825,86.63,446,8.46,46.57,26.68,0,33.17,70.59
2017,NBH0000001173,24.575,9.8427,1,1460,505,NO_DESERT,40.16,307.79,25.0301,20.701,23.69,276,8.15,90.26,25.02,1,44.46,61.66
2023,NBH0000001174,10.329,11.9412,0,2951,1713,URBAN_LOW_ACCESS,74.19,30.9,7.7117,7.3178,12.07,311,23.66,43.22,26.27,0,71.65,58.51
2014,NBH0000001175,17.188,7.0453,0,459,1431,LOW_INCOME_LOW_ACCESS,80.72,228.68,27.758,21.1882,4.43,99,16.6,13.32,3.48,0,76.62,89.24
2018,NBH0000001176,9.111,1.3319,0,2230,761,NO_DESERT,35.68,44.88,0.6837,11.7907,65.91,329,96.93,57.74,32.64,0,31.45,70.18
2024,NBH0000001177,14.916,9.4575,1,591,1030,RURAL_LOW_ACCESS,0.18,123.07,21.2289,4.6919,18.2,495,53.77,2.0,6.48,1,2.36,91.57
2021,NBH0000001178,8.424,9.1423,0,2225,1726,NO_DESERT,97.56,102.64,1.3655,10.9777,73.6,300,54.78,44.67,0.54,0,73.12,8.51
2020,NBH0000001179,3.88,6.6068,0,2668,363,NO_DESERT,58.06,110.31,17.5774,14.5942,27.76,173,67.88,51.56,44.44,0,95.6,29.52
2015,NBH0000001180,0.511,2.6926,1,2188,643,NO_DESERT,68.33,92.17,20.5245,16.9509,1.11,326,88.96,6.76,36.07,0,11.68,8.94
2021,NBH0000001181,2.937,4.8169,0,2241,736,LOW_ACCESS,12.57,49.33,22.7889,23.6247,71.21,333,40.18,5.45,3.31,0,6.71,89.7
2010,NBH0000001182,2.926,9.9619,1,952,779,LOW_ACCESS,61.33,269.65,27.168,4.5344,16.65,213,39.07,36.58,16.85,1,93.37,13.08
2011,NBH0000001183,15.851,10.4576,0,3550,1780,URBAN_LOW_ACCESS,20.53,152.9,27.3497,13.5934,5.35,91,68.01,7.97,12.77,0,28.74,71.51
2016,NBH0000001184,1.1,11.5231,0,1083,1104,NO_DESERT,45.43,105.11,28.2596,20.5614,69.94,224,13.41,88.44,9.15,1,70.74,93.47
2023,NBH0000001185,21.222,2.5739,0,558,1422,NO_DESERT,1.48,297.05,25.5031,7.9453,58.59,99,95.6,68.62,36.32,1,79.16,77.0
2010,NBH0000001186,20.773,2.0136,0,3394,1360,LOW_ACCESS,75.3,39.97,7.667,17.5269,20.73,252,13.48,71.36,22.02,0,31.6,43.84
2021,NBH0000001187,17.418,8.5201,1,2484,152,LOW_ACCESS,70.8,141.31,24.7873,13.2653,22.64,325,69.98,17.19,44.41,0,8.21,49.9
2016,NBH0000001188,9.357,11.5229,1,3997,692,NO_DESERT,90.47,295.25,20.9501,21.9943,63.18,439,46.29,70.78,20.82,0,22.43,14.82
2016,NBH0000001189,17.128,3.258,1,884,498,LOW_INCOME_LOW_ACCESS,13.44,220.58,28.8442,11.1353,82.65,248,70.0,72.53,17.6,0,26.09,56.92
2025,NBH0000001190,14.28,3.8504,1,325,600,LOW_ACCESS,13.25,315.43,29.2056,7.87,27.53,160,85.26,2.03,41.55,0,31.18,65.18
2010,NBH0000001191,5.173,4.2766,0,1286,1625,RURAL_LOW_ACCESS,36.78,98.81,2.2588,15.2803,95.23,71,38.14,29.09,8.33,0,49.9,46.68
2016,NBH0000001192,6.782,3.0751,0,1211,932,LOW_INCOME_LOW_ACCESS,76.82,247.38,16.4328,20.6468,68.31,49,7.7,70.5,37.23,1,68.79,58.76
2009,NBH0000001193,9.639,8.5991,0,3646,296,NO_DESERT,32.99,315.5,3.2037,10.598,90.65,301,5.96,56.94,15.4,0,65.38,42.0
2018,NBH0000001194,1.296,6.7838,0,3756,950,LOW_INCOME_LOW_ACCESS,46.03,197.32,7.5391,5.6261,51.43,338,96.47,57.42,0.45,0,69.42,73.2
2021,NBH0000001195,12.992,6.2602,0,1377,221,NO_DESERT,60.54,267.7,20.5481,10.0371,69.48,145,45.6,0.32,18.8,1,99.31,73.55
2019,NBH0000001196,18.934,11.6939,0,2644,1388,URBAN_LOW_ACCESS,46.6,268.27,29.5933,8.3206,44.21,32,60.7,32.57,0.31,0,91.05,53.19
2023,NBH0000001197,10.361,2.1149,0,286,1234,NO_DESERT,11.63,95.12,12.9723,20.5747,56.43,10,51.27,5.97,7.86,0,83.65,48.93
2023,NBH0000001198,24.355,6.2904,0,1950,1132,LOW_INCOME_LOW_ACCESS,92.55,220.08,0.264,11.3888,12.94,473,28.8,1.41,41.91,1,97.27,93.57
2012,NBH0000001199,12.367,8.2004,1,2357,54,RURAL_LOW_ACCESS,61.21,227.25,6.8785,18.2126,67.8,89,80.83,6.66,42.51,1,70.76,81.04
2021,NBH0000001200,0.765,8.8763,1,2270,1080,RURAL_LOW_ACCESS,22.65,172.37,17.7432,18.9779,73.85,306,61.63,48.06,4.89,0,37.22,0.53
2015,NBH0000001201,23.054,11.8339,1,2710,63,LOW_INCOME_LOW_ACCESS,88.49,339.85,8.7474,5.896,0.37,45,43.2,1.58,2.96,1,35.77,54.34
2008,NBH0000001202,24.538,3.2397,1,335,934,URBAN_LOW_ACCESS,6.06,121.01,5.1865,7.1732,56.86,381,33.84,43.55,28.13,0,92.75,63.47
2022,NBH0000001203,7.917,1.4303,0,523,116,URBAN_LOW_ACCESS,19.49,253.65,11.3037,5.0908,19.61,239,96.44,72.32,26.35,1,89.28,27.35
2017,NBH0000001204,23.405,0.0791,1,424,1434,NO_DESERT,12.83,250.2,21.5304,2.5773,10.65,415,61.21,34.68,21.67,1,41.84,17.64
2020,NBH0000001205,19.751,11.9573,1,981,381,NO_DESERT,54.76,121.89,17.0432,8.2169,98.35,4,57.05,67.04,22.51,0,23.66,8.07
2020,NBH0000001206,10.614,6.2459,1,2791,1332,NO_DESERT,72.66,42.61,17.5735,18.7051,5.07,312,49.72,88.35,31.23,1,91.4,6.39
2018,NBH0000001207,15.823,6.1994,1,199,1429,URBAN_LOW_ACCESS,26.37,321.35,17.3168,8.775,98.1,294,60.97,12.96,17.73,0,48.76,72.19
2009,NBH0000001208,4.991,5.4553,1,1206,1481,URBAN_LOW_ACCESS,24.28,287.25,9.0175,24.4894,83.81,153,95.49,49.55,14.49,1,30.36,47.64
2010,NBH0000001209,17.453,1.0778,0,502,229,LOW_INCOME_LOW_ACCESS,41.54,258.06,13.5537,12.629,77.3,209,61.78,69.02,8.89,1,66.01,52.55
2019,NBH0000001210,23.233,5.4927,1,3037,1690,URBAN_LOW_ACCESS,73.93,315.59,27.4071,13.0235,64.1,106,59.48,40.14,21.58,1,95.49,59.33
2018,NBH0000001211,6.862,9.2376,1,2430,178,RURAL_LOW_ACCESS,83.12,58.56,16.8226,20.121,91.08,468,21.97,93.18,29.07,0,2.47,70.5
2024,NBH0000001212,0.607,0.1068,0,558,1123,URBAN_LOW_ACCESS,90.97,91.21,9.5922,4.6828,89.24,302,4.15,94.28,29.39,1,51.51,61.08
2009,NBH0000001213,17.385,10.3056,0,3539,26,LOW_INCOME_LOW_ACCESS,47.47,216.48,2.2665,7.7829,9.35,46,27.69,14.57,34.32,1,80.1,73.52
2011,NBH0000001214,6.954,3.3371,0,3512,116,NO_DESERT,96.55,63.61,15.1383,9.6001,46.98,9,73.8,49.29,5.14,1,93.9,56.35
2024,NBH0000001215,3.651,6.3393,1,1561,1067,NO_DESERT,59.36,64.82,3.9554,3.756,14.16,41,52.86,21.46,9.54,1,52.18,75.47
2010,NBH0000001216,14.599,7.3662,1,422,921,URBAN_LOW_ACCESS,91.28,183.39,12.3344,20.4713,47.98,309,47.49,63.88,25.9,0,28.1,75.62
2013,NBH0000001217,19.493,8.8565,0,3548,74,LOW_ACCESS,95.12,306.01,3.6237,10.8459,83.33,221,21.19,24.26,43.36,0,22.8,10.53
2010,NBH0000001218,0.426,5.1577,0,2830,645,RURAL_LOW_ACCESS,17.72,269.58,24.1015,13.5404,31.99,235,61.68,67.89,35.21,0,83.36,48.17
2012,NBH0000001219,11.637,9.2013,0,2399,43,NO_DESERT,97.7,347.62,10.3742,1.858,15.8,181,26.0,2.88,8.73,0,70.23,66.25
2012,NBH0000001220,19.297,10.2122,1,2267,1762,NO_DESERT,87.75,304.48,28.5162,12.9081,23.25,487,87.52,95.49,15.86,1,55.64,57.01
2015,NBH0000001221,12.976,6.7902,0,2972,508,NO_DESERT,96.67,24.99,28.1361,7.7783,9.24,330,28.04,19.94,5.5,0,83.96,65.28
2013,NBH0000001222,23.8,5.8271,1,2338,451,NO_DESERT,88.14,207.64,27.5287,22.1218,8.23,398,99.84,67.24,19.01,0,69.33,64.14
2016,NBH0000001223,0.592,0.3541,1,1750,290,RURAL_LOW_ACCESS,8.83,308.15,28.9604,17.1049,4.54,278,53.72,0.28,11.55,0,89.04,34.42
2019,NBH0000001224,2.352,5.7165,0,1164,195,NO_DESERT,42.72,285.22,18.2288,23.7815,16.61,345,95.81,84.1,33.63,0,54.61,32.41
2014,NBH0000001225,9.377,0.0574,0,1576,1403,LOW_ACCESS,44.27,180.29,11.6135,22.0715,39.62,305,12.36,83.73,21.76,0,47.65,67.0
2022,NBH0000001226,19.462,3.2632,1,1191,1474,LOW_ACCESS,97.81,259.02,14.3586,10.8196,76.59,347,62.94,25.01,10.95,0,86.46,17.88
2012,NBH0000001227,11.451,2.6903,0,3823,1619,RURAL_LOW_ACCESS,12.55,252.61,29.8951,23.2879,17.47,342,60.73,35.49,27.69,1,8.24,98.63
2023,NBH0000001228,19.709,1.9812,0,4366,1500,NO_DESERT,17.02,216.47,20.4494,6.5372,55.21,347,18.35,9.54,22.75,0,14.29,49.96
2008,NBH0000001229,21.576,7.6284,0,2342,181,NO_DESERT,30.93,66.76,19.067,21.762,15.28,373,58.41,35.75,27.51,0,4.88,73.74
2016,NBH0000001230,15.985,2.5636,0,2027,41,NO_DESERT,74.53,213.17,16.6364,20.936,32.31,232,35.67,15.29,21.07,0,40.73,83.96
2011,NBH0000001231,23.265,6.1073,1,1883,1024,NO_DESERT,79.66,224.04,29.7932,7.596,80.69,332,53.48,62.15,38.58,1,49.19,64.85
2019,NBH0000001232,19.079,8.9572,0,2010,1284,LOW_INCOME_LOW_ACCESS,71.45,233.27,23.7101,19.9948,96.63,229,53.39,74.6,3.9,0,61.92,61.1
2014,NBH0000001233,2.693,11.4359,1,1889,1058,LOW_INCOME_LOW_ACCESS,75.28,148.08,29.6422,15.4996,14.32,100,32.41,87.41,20.54,0,84.99,38.76
2019,NBH0000001234,20.649,5.9287,1,1142,1032,NO_DESERT,38.63,22.21,28.1516,19.6186,71.08,318,98.1,8.63,29.81,0,47.57,46.16
2019,NBH0000001235,4.671,6.7122,1,3210,877,URBAN_LOW_ACCESS,58.07,190.83,15.5034,24.1876,19.42,120,19.5,57.4,38.26,0,80.05,0.32
2009,NBH0000001236,3.507,8.629,1,2622,1280,LOW_ACCESS,14.51,286.84,26.4766,18.6536,82.18,130,74.15,17.17,34.71,1,51.35,2.04
2016,NBH0000001237,19.811,9.4719,1,3537,1688,NO_DESERT,48.9,200.49,20.3741,8.7393,41.65,399,75.2,74.51,7.92,0,20.54,12.5
2025,NBH0000001238,12.652,7.1024,0,4382,1498,NO_DESERT,46.91,237.04,9.3885,10.5951,59.9,185,70.36,44.88,0.1,1,20.71,93.64
2012,NBH0000001239,12.848,4.7482,0,285,622,NO_DESERT,28.42,256.65,5.1496,12.8142,75.04,269,39.44,97.39,35.54,0,30.34,58.25
2011,NBH0000001240,1.072,7.8674,0,1589,1202,LOW_ACCESS,25.12,154.41,2.2075,5.4253,1.16,224,6.75,3.03,8.93,0,95.67,81.2
2018,NBH0000001241,9.29,4.3757,1,3850,144,RURAL_LOW_ACCESS,99.76,114.24,19.2415,10.3692,60.38,161,11.36,36.96,38.5,0,8.1,96.88
2011,NBH0000001242,24.333,4.8038,0,3581,1339,RURAL_LOW_ACCESS,23.62,139.42,1.301,4.9408,71.67,171,53.33,5.99,33.67,0,78.79,38.2
2011,NBH0000001243,3.521,2.9208,0,2472,454,URBAN_LOW_ACCESS,82.42,166.11,18.6375,13.9682,56.93,320,46.49,52.06,40.77,1,22.63,18.27
2023,NBH0000001244,24.065,8.628,1,1686,1795,RURAL_LOW_ACCESS,1.85,24.81,24.6485,22.7855,38.35,201,51.99,63.06,9.3,0,97.82,12.2
2015,NBH0000001245,1.608,8.0678,1,467,1276,LOW_ACCESS,64.45,21.1,23.5333,10.1148,64.22,227,99.28,60.06,40.89,0,2.82,2.18
2013,NBH0000001246,18.495,3.7593,0,3827,1654,LOW_ACCESS,13.65,299.52,17.6244,3.9153,66.85,286,14.92,85.89,33.5,1,53.01,90.61
2019,NBH0000001247,16.616,10.6443,1,3894,729,RURAL_LOW_ACCESS,50.25,85.03,5.2331,9.8397,3.76,75,49.44,71.84,19.54,0,72.93,13.55
2016,NBH0000001248,6.61,5.885,0,4453,923,NO_DESERT,38.85,141.96,26.5928,2.3321,5.44,134,39.86,4.41,17.81,0,94.59,12.66
2011,NBH0000001249,19.977,8.9018,0,456,519,NO_DESERT,24.65,280.38,24.9845,22.3134,60.82,151,65.14,9.58,25.65,1,89.58,82.8
2016,NBH0000001250,20.801,9.3579,1,1038,1002,NO_DESERT,21.29,149.46,11.1434,16.4989,68.17,457,3.98,24.39,39.99,0,45.31,92.91
2012,NBH0000001251,9.344,2.076,1,396,373,LOW_ACCESS,40.15,236.04,22.9423,3.8141,32.2,430,40.46,81.78,24.45,1,35.7,16.54
2015,NBH0000001252,1.589,11.7369,0,111,131,NO_DESERT,73.11,292.7,6.1183,15.9692,22.27,327,59.98,95.95,6.47,1,74.46,57.0
2009,NBH0000001253,10.287,0.809,1,2833,1759,NO_DESERT,86.9,267.31,3.1783,2.2646,34.42,149,74.99,82.06,25.71,0,55.19,25.86
2020,NBH0000001254,9.968,11.6436,1,3264,761,LOW_ACCESS,14.55,39.78,1.3937,0.8583,34.36,385,26.05,66.29,17.26,0,26.76,66.5
2021,NBH0000001255,0.271,7.9244,0,1522,1100,RURAL_LOW_ACCESS,0.29,311.84,4.5047,4.3722,45.48,429,55.63,23.59,33.32,1,82.92,71.82
2016,NBH0000001256,16.656,6.4089,0,1699,218,LOW_INCOME_LOW_ACCESS,5.59,113.79,17.7323,3.0168,9.81,262,67.07,90.43,7.27,0,7.76,41.01
2011,NBH0000001257,16.463,3.0961,0,23,475,NO_DESERT,84.06,53.45,6.2093,8.6473,8.51,489,49.18,81.87,36.27,0,27.59,86.33
2021,NBH0000001258,10.568,11.5233,1,4436,1388,NO_DESERT,47.08,262.37,12.0457,8.8328,83.81,496,39.66,62.83,27.69,1,19.94,19.06
2012,NBH0000001259,22.876,6.5197,1,416,507,NO_DESERT,47.07,138.86,15.3908,15.0958,10.19,298,11.82,1.14,29.77,0,14.86,27.66
2016,NBH0000001260,16.27,3.4097,0,3928,30,NO_DESERT,95.05,300.16,25.7975,8.8509,76.0,312,7.01,57.55,31.42,1,8.92,50.28
2022,NBH0000001261,21.521,1.5063,0,2100,1179,NO_DESERT,0.9,274.91,6.9075,4.434,5.68,352,11.45,8.63,17.31,1,57.58,63.06
2022,NBH0000001262,23.214,0.3442,1,190,60,RURAL_LOW_ACCESS,51.78,216.66,5.2439,7.6276,42.41,231,57.15,26.74,23.85,0,33.67,27.44
2020,NBH0000001263,8.626,9.2192,1,654,712,LOW_INCOME_LOW_ACCESS,34.66,209.97,15.6875,1.0382,55.78,350,95.19,72.14,39.56,1,48.87,86.08
2021,NBH0000001264,5.738,7.8173,1,4238,453,NO_DESERT,58.33,121.86,20.3162,23.4309,18.31,489,61.82,57.39,37.28,0,47.83,36.94
2019,NBH0000001265,22.831,10.2838,1,3200,361,URBAN_LOW_ACCESS,29.3,128.9,2.3938,3.9947,42.24,307,25.91,62.11,19.48,0,19.63,14.89
2011,NBH0000001266,0.315,4.2133,1,4090,1197,NO_DESERT,10.95,327.94,19.0711,8.3802,65.05,316,36.78,43.51,8.0,0,68.8,72.8
2013,NBH0000001267,1.786,9.776,1,2030,730,NO_DESERT,44.82,251.26,10.6293,19.9638,63.36,180,56.64,76.55,31.42,0,94.47,45.89
2016,NBH0000001268,16.619,4.4507,0,3432,393,NO_DESERT,77.16,147.72,16.6454,5.3203,59.19,51,43.97,86.52,14.28,1,19.9,82.49
2012,NBH0000001269,2.491,6.884,1,3766,1348,RURAL_LOW_ACCESS,94.57,235.7,16.2305,9.1341,25.55,43,25.01,17.57,27.14,0,12.66,72.8
2018,NBH0000001270,3.165,2.8473,0,4169,373,NO_DESERT,92.7,223.06,2.8762,10.2574,88.36,316,7.28,35.86,21.61,0,47.36,71.86
2011,NBH0000001271,6.867,11.7069,1,2742,1345,URBAN_LOW_ACCESS,60.4,120.58,5.8662,9.7333,10.36,221,53.41,28.68,4.67,1,65.28,25.5
2021,NBH0000001272,8.561,2.2677,0,3703,926,LOW_ACCESS,43.47,26.65,2.0779,17.7552,26.95,31,58.15,42.33,44.44,1,83.5,12.49
2023,NBH0000001273,23.352,11.1523,1,2278,625,NO_DESERT,94.76,264.21,25.5579,5.1821,8.83,4,79.0,78.43,3.79,0,59.05,28.84
2017,NBH0000001274,17.932,11.4774,1,988,419,NO_DESERT,91.56,329.11,23.3333,3.2797,44.62,274,36.68,89.26,6.22,0,9.35,43.96
2025,NBH0000001275,23.505,7.2376,0,3893,234,NO_DESERT,81.58,116.29,3.1146,11.923,96.04,310,69.15,77.9,16.91,0,52.98,92.26
2015,NBH0000001276,9.375,9.6402,1,4387,722,LOW_INCOME_LOW_ACCESS,8.86,334.66,18.2756,16.7816,73.85,453,59.19,3.72,27.38,1,8.84,75.86
2012,NBH0000001277,7.645,5.84,1,4211,1001,LOW_INCOME_LOW_ACCESS,21.26,145.2,6.3166,0.6617,84.59,338,75.14,84.15,18.67,1,16.95,43.29
2009,NBH0000001278,20.845,10.8536,0,564,1577,NO_DESERT,85.49,53.43,22.2328,17.9355,95.2,236,42.63,56.56,16.42,0,98.48,69.7
2018,NBH0000001279,14.125,7.3007,1,2759,1395,LOW_ACCESS,0.07,325.67,8.4875,20.7229,84.49,127,26.1,86.57,25.14,0,77.29,92.29
2009,NBH0000001280,10.741,4.5102,1,1971,650,LOW_INCOME_LOW_ACCESS,71.83,96.1,2.6845,10.8833,12.91,271,14.33,28.69,39.14,1,63.49,64.64
2013,NBH0000001281,3.42,8.7632,0,600,700,LOW_ACCESS,91.76,289.08,29.6407,2.5391,88.63,225,76.91,14.52,16.82,0,75.81,15.14
2017,NBH0000001282,6.364,7.1654,1,2493,376,LOW_INCOME_LOW_ACCESS,46.43,341.87,10.9358,8.1226,33.84,256,28.23,29.35,13.46,1,99.14,27.67
2019,NBH0000001283,5.57,1.9591,0,4222,440,URBAN_LOW_ACCESS,75.33,92.45,20.6628,13.2629,34.31,469,24.18,92.95,24.09,1,71.06,76.99
2015,NBH0000001284,8.181,0.754,1,707,767,LOW_ACCESS,81.4,172.34,17.4526,12.3997,74.82,126,58.66,27.82,15.81,0,5.74,35.2
2014,NBH0000001285,4.903,7.9379,1,4336,690,RURAL_LOW_ACCESS,27.72,30.21,9.9004,23.2761,44.11,290,47.59,34.71,32.36,1,49.6,97.13
2024,NBH0000001286,13.802,1.9528,0,3273,1361,URBAN_LOW_ACCESS,73.04,224.45,20.9099,5.4821,13.9,71,45.33,89.28,2.75,0,37.67,21.0
2015,NBH0000001287,0.492,6.4757,1,897,634,LOW_INCOME_LOW_ACCESS,18.04,255.92,11.6725,6.2894,16.66,488,22.13,0.65,35.33,1,28.39,8.65
2008,NBH0000001288,2.316,2.9086,1,4052,191,RURAL_LOW_ACCESS,48.15,232.51,15.798,4.5828,29.84,195,66.06,35.22,0.87,0,29.93,63.29
2022,NBH0000001289,14.265,9.7189,0,1810,1570,NO_DESERT,52.83,137.01,5.161,13.5873,12.6,154,80.9,24.97,39.51,0,13.44,19.48
2013,NBH0000001290,8.594,2.9993,1,2573,1170,NO_DESERT,8.38,161.6,7.8068,8.1522,97.42,27,46.62,3.95,44.57,0,58.79,8.55
2021,NBH0000001291,13.273,4.2822,1,2947,1225,LOW_ACCESS,79.79,145.18,24.4521,14.0082,59.57,283,20.2,27.24,7.53,1,33.92,29.38
2018,NBH0000001292,12.98,3.2139,0,4027,340,LOW_ACCESS,84.44,181.8,5.5566,17.2548,91.49,270,73.61,64.96,6.03,1,93.94,61.67
2011,NBH0000001293,3.042,9.0885,1,2391,1264,NO_DESERT,91.88,340.54,20.463,13.4646,28.85,218,91.65,34.65,7.42,1,29.79,40.93
2021,NBH0000001294,7.724,5.1494,0,2375,1385,URBAN_LOW_ACCESS,29.45,288.64,29.2728,9.4428,37.77,100,64.92,72.44,25.88,0,47.87,17.63
2025,NBH0000001295,12.427,6.3042,1,431,539,NO_DESERT,62.78,191.74,27.3252,5.1783,23.37,214,14.21,56.68,26.86,1,3.59,86.8
2014,NBH0000001296,15.411,5.4554,1,2839,95,LOW_INCOME_LOW_ACCESS,55.59,84.32,10.242,7.286,97.58,331,42.83,51.1,22.84,0,52.81,80.82
2015,NBH0000001297,6.78,6.3332,0,1504,77,LOW_INCOME_LOW_ACCESS,88.47,255.0,5.0376,17.9601,69.95,384,13.66,22.04,35.38,0,67.7,59.07
2022,NBH0000001298,24.263,9.4164,0,3594,1488,LOW_INCOME_LOW_ACCESS,45.67,32.5,0.8958,24.2822,12.42,260,43.08,22.87,0.29,0,4.63,43.26
2009,NBH0000001299,8.362,3.3265,1,3127,593,NO_DESERT,43.67,221.33,23.0015,3.9709,91.65,175,10.11,22.55,6.4,0,7.3,21.64
2020,NBH0000001300,18.816,8.4314,1,1158,545,NO_DESERT,22.39,135.97,24.5018,18.3788,55.64,129,53.93,76.86,27.32,0,86.64,68.12
2017,NBH0000001301,10.185,1.4734,0,434,466,LOW_ACCESS,79.03,189.75,25.6975,10.6916,22.95,382,9.87,92.67,24.48,1,75.84,1.07
2021,NBH0000001302,19.163,0.0232,0,668,550,LOW_ACCESS,7.11,333.67,27.0784,0.9336,53.69,253,82.34,34.12,25.16,0,5.31,39.44
2016,NBH0000001303,8.046,8.6842,0,532,697,LOW_INCOME_LOW_ACCESS,13.28,308.6,11.2674,15.3712,66.69,372,67.64,57.24,26.17,0,90.94,8.02
2022,NBH0000001304,12.707,11.547,1,3297,1716,NO_DESERT,25.07,327.42,3.5347,0.0282,12.1,134,6.88,71.4,40.47,0,42.44,80.6
2016,NBH0000001305,10.412,10.6396,1,1919,945,LOW_ACCESS,65.34,104.68,17.5692,10.1438,90.32,65,22.19,68.6,34.16,0,87.05,18.95
2013,NBH0000001306,11.627,0.1347,0,1342,751,LOW_INCOME_LOW_ACCESS,77.35,308.82,23.7674,10.4362,47.08,119,63.56,37.17,0.15,0,99.55,86.37
2020,NBH0000001307,0.941,2.656,1,3658,1477,NO_DESERT,81.28,201.14,22.3733,17.419,49.88,450,26.39,64.56,36.95,0,17.5,16.02
2022,NBH0000001308,13.91,10.3363,0,2759,1607,LOW_ACCESS,90.0,264.1,17.3841,17.5333,25.49,366,33.83,34.88,25.86,0,40.91,42.79
2015,NBH0000001309,13.151,6.7351,1,1805,878,URBAN_LOW_ACCESS,63.46,321.24,0.5867,6.0408,39.22,462,6.42,83.05,33.58,1,98.04,50.96
2020,NBH0000001310,8.662,4.2437,1,1856,1150,LOW_INCOME_LOW_ACCESS,43.56,49.83,1.0888,1.4556,53.08,379,36.39,61.58,17.3,1,78.43,12.72
2020,NBH0000001311,1.981,3.1039,0,2068,1569,URBAN_LOW_ACCESS,30.29,145.82,16.9817,14.1218,53.76,58,6.19,61.23,21.52,1,90.73,41.95
2013,NBH0000001312,3.743,6.3407,0,2775,1314,URBAN_LOW_ACCESS,41.99,121.59,22.7103,15.1251,11.09,23,10.68,92.27,0.87,0,26.72,14.55
2015,NBH0000001313,13.498,6.0463,0,587,78,LOW_INCOME_LOW_ACCESS,23.0,291.99,0.9121,8.7234,1.69,69,60.22,92.15,27.59,1,98.57,15.84
2016,NBH0000001314,7.151,0.3225,1,4081,1199,NO_DESERT,7.46,219.96,24.531,21.233,67.05,6,96.12,94.77,5.08,0,76.74,45.79
2020,NBH0000001315,2.161,1.5228,1,3060,1555,NO_DESERT,91.23,281.35,7.1442,4.1075,42.29,91,14.12,24.32,3.69,0,43.41,76.93
2018,NBH0000001316,12.175,2.0506,1,1730,367,LOW_ACCESS,9.74,24.67,19.3453,10.7768,0.12,201,88.63,1.19,43.64,0,50.86,48.21
2008,NBH0000001317,15.903,5.9984,0,4222,1680,NO_DESERT,44.02,179.91,28.9173,22.8959,50.61,196,26.13,56.44,8.99,0,59.68,13.13
2020,NBH0000001318,6.638,9.1446,1,1583,644,LOW_ACCESS,33.7,77.9,29.1385,4.1853,26.45,194,17.36,32.61,9.92,0,60.41,7.8
2023,NBH0000001319,3.151,2.7337,1,78,1363,LOW_ACCESS,36.42,117.94,25.5521,13.1672,90.98,56,0.78,4.36,13.51,0,15.27,84.19
2022,NBH0000001320,10.316,10.3007,1,2814,1322,NO_DESERT,53.39,328.64,8.7876,24.708,19.04,301,75.87,17.16,2.09,0,12.42,35.25
2013,NBH0000001321,17.227,0.5208,0,1789,1075,URBAN_LOW_ACCESS,66.49,66.38,25.9994,0.0217,89.73,174,42.99,67.11,19.54,1,3.58,38.48
2018,NBH0000001322,13.202,5.7053,1,4110,537,LOW_ACCESS,48.0,70.26,1.3966,15.3312,75.9,372,63.74,71.9,20.19,0,9.53,72.47
2009,NBH0000001323,1.622,4.6029,0,2175,1388,LOW_INCOME_LOW_ACCESS,72.4,85.66,3.9395,3.1814,59.48,399,62.19,67.21,22.46,0,31.47,16.62
2015,NBH0000001324,22.709,2.3787,1,1303,173,NO_DESERT,5.04,92.44,22.0343,6.146,70.74,300,53.5,48.57,19.34,0,74.9,42.43
2024,NBH0000001325,10.479,8.8476,1,1597,1592,LOW_ACCESS,75.01,257.35,13.0166,18.0765,51.34,1,19.41,91.46,31.79,0,53.35,73.33
2013,NBH0000001326,15.546,6.8724,1,2000,397,NO_DESERT,86.32,126.78,3.1794,12.59,16.42,342,88.3,35.95,41.47,0,52.41,32.89
2024,NBH0000001327,19.617,2.1255,0,3817,1473,LOW_ACCESS,86.95,36.54,12.3476,15.4618,71.57,445,85.49,11.14,6.15,1,60.58,24.74
2022,NBH0000001328,7.72,1.6557,1,4475,1459,URBAN_LOW_ACCESS,45.82,124.7,2.7573,13.6276,77.96,67,26.06,39.07,38.72,1,48.6,58.9
2009,NBH0000001329,18.73,7.0616,0,3203,848,NO_DESERT,63.31,160.74,18.9378,2.9831,65.24,168,51.34,49.44,7.19,1,71.15,76.43
2024,NBH0000001330,4.633,2.553,1,1501,1403,NO_DESERT,49.34,319.45,9.6354,2.3382,55.38,440,74.12,62.37,0.91,0,13.25,7.53
2011,NBH0000001331,22.753,3.3768,0,3003,770,URBAN_LOW_ACCESS,62.63,36.67,4.5536,15.9282,95.53,240,18.42,61.56,5.98,0,52.88,39.7
2009,NBH0000001332,18.68,8.1619,1,1255,391,URBAN_LOW_ACCESS,53.07,150.44,24.9265,23.4735,3.95,159,53.81,42.03,1.86,1,75.3,5.24
2014,NBH0000001333,8.703,3.9172,1,4379,122,LOW_ACCESS,23.37,233.56,4.7022,5.1727,52.36,91,61.65,34.93,4.86,0,96.31,24.85
2011,NBH0000001334,10.422,6.8635,1,86,1723,NO_DESERT,20.49,88.92,7.3969,6.36,96.52,118,39.19,3.4,29.64,1,54.13,52.33
2022,NBH0000001335,9.86,10.204,1,4429,826,LOW_ACCESS,18.49,252.68,26.0757,17.5722,82.44,251,44.8,76.25,25.47,1,84.9,53.46
2025,NBH0000001336,12.551,10.3518,0,2521,1324,URBAN_LOW_ACCESS,6.48,64.32,9.1773,13.0199,84.1,311,92.47,1.55,25.5,0,4.27,85.39
2022,NBH0000001337,13.121,11.5795,0,2438,106,LOW_ACCESS,28.76,110.93,4.3546,23.4122,14.36,334,82.95,24.5,14.14,0,4.22,90.35
2023,NBH0000001338,7.103,1.055,0,201,339,LOW_ACCESS,16.9,41.9,11.7096,9.7071,13.78,255,67.92,19.34,19.62,0,30.51,98.62
2017,NBH0000001339,5.025,2.2664,1,2497,884,RURAL_LOW_ACCESS,35.43,143.52,2.2468,15.7543,21.67,6,89.95,3.78,14.51,1,68.07,83.67
2022,NBH0000001340,1.827,2.4123,1,4310,18,NO_DESERT,30.6,231.0,14.052,0.0719,66.4,116,34.83,29.72,20.7,0,53.81,26.96
2009,NBH0000001341,23.119,4.4754,0,3562,1334,LOW_INCOME_LOW_ACCESS,42.77,272.72,29.1819,0.5455,44.5,166,82.04,0.89,44.5,0,42.76,14.57
2021,NBH0000001342,23.018,6.159,1,3593,1752,NO_DESERT,25.78,333.59,27.3094,11.1791,83.22,24,85.26,73.82,22.05,0,46.18,69.04
2023,NBH0000001343,16.879,7.8742,1,2751,124,RURAL_LOW_ACCESS,13.09,276.37,6.4639,13.9152,77.18,295,34.75,86.65,25.56,1,65.65,14.34
2025,NBH0000001344,12.238,9.0007,1,2584,298,URBAN_LOW_ACCESS,36.29,176.41,22.2106,13.6854,37.01,253,1.65,23.8,42.12,1,24.87,26.36
2010,NBH0000001345,14.976,10.2365,1,3312,396,URBAN_LOW_ACCESS,57.34,311.63,4.0196,12.2881,52.19,343,5.9,27.48,10.15,1,85.78,83.56
2019,NBH0000001346,9.453,11.624,1,3657,1128,URBAN_LOW_ACCESS,54.34,89.24,27.3343,4.754,28.1,182,71.75,38.73,41.45,0,89.52,46.49
2022,NBH0000001347,19.409,2.4508,1,432,1456,LOW_ACCESS,94.07,213.85,16.9608,14.1718,49.88,412,69.44,5.26,14.39,0,84.4,79.48
2008,NBH0000001348,17.074,8.3564,1,3766,535,LOW_INCOME_LOW_ACCESS,38.03,168.62,25.2296,23.5564,28.15,52,43.09,92.02,23.15,1,73.36,49.69
2008,NBH0000001349,21.285,9.0258,0,1768,1159,NO_DESERT,85.91,27.65,16.3269,23.0442,13.32,56,94.57,8.34,32.22,1,83.77,25.87
2021,NBH0000001350,8.206,11.2369,0,2713,154,NO_DESERT,43.07,294.04,14.1146,9.7942,60.61,464,94.89,21.36,44.64,0,44.87,54.27
2020,NBH0000001351,20.58,1.1305,0,2593,1677,URBAN_LOW_ACCESS,4.84,238.42,2.7209,19.0242,1.08,139,5.01,57.48,28.25,0,11.6,64.22
2025,NBH0000001352,17.613,1.3412,1,714,399,RURAL_LOW_ACCESS,42.44,266.62,8.3322,19.111,0.39,372,33.49,96.55,3.31,0,91.41,48.2
2017,NBH0000001353,13.919,7.9983,0,2375,642,NO_DESERT,73.58,60.49,8.3926,11.2169,45.4,70,27.84,85.95,32.24,0,14.91,62.63
2014,NBH0000001354,16.488,8.3037,0,142,501,RURAL_LOW_ACCESS,12.51,134.36,12.8069,15.5789,81.5,332,43.91,90.75,44.13,0,69.36,56.98
2023,NBH0000001355,20.851,0.1152,0,1801,132,RURAL_LOW_ACCESS,42.5,133.07,17.5066,10.3794,33.3,448,24.85,72.97,26.84,0,50.03,13.52
2016,NBH0000001356,11.631,1.4978,1,1387,1507,RURAL_LOW_ACCESS,65.46,36.11,25.3017,9.3602,69.62,324,4.63,30.15,1.09,1,11.54,44.04
2013,NBH0000001357,4.864,6.2589,0,1505,949,URBAN_LOW_ACCESS,7.29,53.53,25.8092,22.3259,32.39,126,14.57,33.17,38.94,0,88.13,58.52
2024,NBH0000001358,9.831,2.4758,0,2015,521,NO_DESERT,80.05,248.15,10.3227,0.8596,22.77,128,57.86,35.94,33.28,0,37.57,48.95
2017,NBH0000001359,9.576,6.5982,1,1397,1007,LOW_ACCESS,30.68,336.0,11.2817,13.5817,29.97,224,84.3,1.82,1.61,0,38.22,43.14
2017,NBH0000001360,20.253,4.0452,0,3033,641,NO_DESERT,20.82,154.37,1.7026,2.1882,53.37,98,69.1,26.05,26.24,1,6.93,56.83
2021,NBH0000001361,9.311,6.4042,1,4048,20,URBAN_LOW_ACCESS,62.98,289.86,21.9889,15.8523,63.67,49,74.75,14.51,7.22,1,51.39,42.95
2016,NBH0000001362,12.896,4.6556,1,1005,1532,NO_DESERT,18.53,199.24,25.534,6.2558,93.81,204,66.96,6.8,42.36,1,31.29,78.17
2018,NBH0000001363,10.503,0.4664,1,1975,1745,NO_DESERT,74.84,225.03,0.8851,22.0733,75.17,247,59.59,8.03,42.85,0,74.8,73.69
2025,NBH0000001364,14.625,0.0076,0,2992,964,RURAL_LOW_ACCESS,82.7,219.93,2.8931,12.7849,10.54,452,38.14,74.06,38.88,1,32.93,58.7
2009,NBH0000001365,4.926,1.0489,0,2691,1579,NO_DESERT,68.97,207.69,18.3157,22.764,45.11,58,12.95,10.67,42.12,0,4.06,14.14
2014,NBH0000001366,17.666,3.3036,0,1064,333,URBAN_LOW_ACCESS,34.15,72.16,24.8369,12.6304,73.44,372,12.18,78.82,30.43,0,46.64,66.11
2008,NBH0000001367,6.772,7.7788,0,1068,433,LOW_ACCESS,50.94,242.58,10.0699,7.347,38.83,220,57.28,54.96,4.45,1,33.1,69.29
2019,NBH0000001368,21.842,2.9019,1,4101,602,RURAL_LOW_ACCESS,33.36,323.72,27.3334,1.3334,38.63,500,32.14,85.48,18.74,0,13.63,15.68
2008,NBH0000001369,17.542,10.1317,1,1932,1104,NO_DESERT,89.53,231.07,27.3343,14.0302,31.56,209,17.32,11.42,24.16,1,87.49,40.32
2021,NBH0000001370,18.818,4.1053,1,4075,584,LOW_INCOME_LOW_ACCESS,42.3,304.83,3.3685,15.669,80.14,434,17.09,47.0,17.6,0,86.25,14.86
2018,NBH0000001371,11.798,10.4442,0,3386,1593,NO_DESERT,88.32,268.14,12.3368,22.3511,10.8,306,89.38,26.17,10.96,0,52.16,19.16
2010,NBH0000001372,0.396,10.6327,0,3852,251,NO_DESERT,89.79,184.95,14.1462,19.1458,25.49,296,91.03,63.08,43.6,0,53.84,19.26
2021,NBH0000001373,21.984,2.6355,1,4278,763,LOW_ACCESS,11.85,146.29,14.8152,7.2432,82.78,77,66.42,55.67,43.93,1,8.89,79.69
2016,NBH0000001374,20.356,10.333,0,3701,687,NO_DESERT,66.84,329.99,17.3713,20.2323,86.12,480,47.82,45.82,20.35,1,86.59,39.58
2009,NBH0000001375,12.898,9.8176,1,3823,522,NO_DESERT,8.88,275.88,25.2324,10.3241,96.06,382,87.11,99.05,25.81,1,27.27,31.54
2019,NBH0000001376,1.989,8.0976,1,836,140,NO_DESERT,67.62,281.08,1.8773,11.3176,83.93,55,46.74,76.06,8.8,0,85.22,86.88
2012,NBH0000001377,19.895,10.0818,0,1633,1016,LOW_INCOME_LOW_ACCESS,0.67,198.79,11.3718,18.1274,91.35,451,26.76,18.89,8.81,1,7.16,17.89
2015,NBH0000001378,14.415,4.075,0,2578,1631,NO_DESERT,1.92,76.82,16.1059,3.0892,31.2,58,19.19,41.01,23.33,1,22.77,18.28
2021,NBH0000001379,15.022,11.1552,0,4452,628,URBAN_LOW_ACCESS,53.92,240.69,20.3882,24.609,37.9,16,61.72,65.2,36.84,0,18.07,75.15
2014,NBH0000001380,3.116,1.5363,1,4278,1714,LOW_ACCESS,56.67,123.3,6.0789,19.063,97.98,492,7.74,90.69,27.21,1,95.81,7.46
2012,NBH0000001381,21.808,0.2776,1,538,1072,NO_DESERT,89.38,112.18,9.9738,1.8208,85.68,192,23.39,42.9,29.09,0,40.2,66.77
2015,NBH0000001382,9.783,9.1062,0,3536,1666,NO_DESERT,45.72,157.81,12.3408,13.3739,74.55,159,76.65,69.11,3.6,1,38.81,94.02
2018,NBH0000001383,18.631,8.3579,1,750,1699,LOW_ACCESS,10.61,344.7,0.8755,5.6902,48.34,174,33.66,85.96,16.26,0,18.8,8.91
2021,NBH0000001384,5.42,8.9945,1,93,1213,LOW_ACCESS,67.56,317.68,24.1638,21.32,39.18,277,99.4,50.88,26.13,1,27.27,62.55
2008,NBH0000001385,23.308,4.7929,0,827,1338,NO_DESERT,52.27,275.94,17.326,2.4831,95.66,233,21.32,13.05,18.82,1,26.92,21.88
2020,NBH0000001386,17.394,3.8601,0,3907,43,NO_DESERT,37.55,37.17,15.0609,17.8563,8.82,343,99.92,73.54,20.91,1,79.93,83.67
2015,NBH0000001387,14.781,6.1292,0,4325,893,NO_DESERT,52.71,223.79,8.6249,10.4812,62.67,59,16.37,10.5,27.67,0,23.15,20.17
2019,NBH0000001388,7.431,0.586,0,4107,1795,LOW_INCOME_LOW_ACCESS,31.87,166.56,12.6888,21.7697,39.69,153,0.89,38.97,25.27,0,2.26,45.11
2012,NBH0000001389,18.164,1.5202,1,1891,1002,RURAL_LOW_ACCESS,61.09,39.18,19.7565,11.5416,40.28,355,17.1,61.57,10.46,0,81.86,15.64
2019,NBH0000001390,7.12,8.8042,0,327,107,NO_DESERT,64.93,263.35,8.8543,20.8382,68.67,403,69.94,92.76,4.49,0,59.14,85.73
2010,NBH0000001391,8.1,11.0914,0,1322,695,NO_DESERT,0.97,141.79,16.8669,7.1216,20.28,230,13.61,94.16,9.7,0,50.85,59.35
2020,NBH0000001392,12.188,2.6952,0,2226,796,NO_DESERT,13.46,103.75,1.7304,0.2285,13.42,376,14.56,18.79,17.07,0,68.2,18.18
2021,NBH0000001393,11.448,6.2437,1,1557,1187,LOW_ACCESS,16.0,113.8,17.4552,21.9035,71.62,291,13.5,65.42,4.84,0,87.3,23.31
2010,NBH0000001394,4.226,5.9536,1,1739,1481,URBAN_LOW_ACCESS,98.84,232.02,5.5147,8.6716,22.28,375,15.77,7.51,10.85,1,75.83,5.06
2010,NBH0000001395,4.514,1.8163,0,2783,1375,NO_DESERT,15.1,113.33,9.1986,11.2675,18.35,65,73.47,36.6,0.64,1,41.83,46.4
2008,NBH0000001396,19.54,6.3256,1,3551,691,LOW_INCOME_LOW_ACCESS,32.9,103.45,2.5933,0.154,68.95,415,19.81,40.81,35.7,0,64.2,78.33
2023,NBH0000001397,14.821,1.4757,1,3702,1563,LOW_INCOME_LOW_ACCESS,2.11,299.0,7.5596,17.7514,59.1,487,21.78,27.32,1.91,0,81.35,67.27
2008,NBH0000001398,9.829,11.985,0,942,442,NO_DESERT,56.28,183.9,26.9418,22.9676,4.17,261,32.04,68.82,9.13,0,42.0,62.26
2008,NBH0000001399,21.599,4.1118,0,858,1178,RURAL_LOW_ACCESS,69.79,269.74,27.6376,18.9729,10.23,491,98.21,70.83,38.04,0,98.06,96.78
2025,NBH0000001400,20.48,4.9283,0,2394,410,NO_DESERT,43.63,185.54,8.0666,17.77,48.14,282,13.22,81.16,38.47,0,88.65,78.55
2015,NBH0000001401,6.772,5.5137,0,2819,1126,NO_DESERT,44.86,74.97,16.7692,17.0888,15.33,197,93.92,63.24,24.97,1,65.62,74.24
2008,NBH0000001402,10.964,10.143,0,2030,1060,LOW_INCOME_LOW_ACCESS,77.0,309.07,25.6086,24.3921,25.89,310,4.68,88.87,25.05,0,51.6,89.47
2015,NBH0000001403,13.022,7.9163,1,1767,1375,LOW_INCOME_LOW_ACCESS,40.34,235.97,25.745,4.3251,44.9,372,30.62,50.85,16.59,1,9.05,33.17
2015,NBH0000001404,23.194,2.8491,0,4019,159,NO_DESERT,66.62,19.93,0.028,17.7755,63.38,399,91.66,90.13,34.32,0,55.41,81.44
2024,NBH0000001405,0.836,7.6058,0,3500,1582,NO_DESERT,0.66,45.59,6.3201,16.9647,43.41,331,54.5,87.01,12.98,0,64.35,20.01
2009,NBH0000001406,10.141,7.5717,1,653,1153,RURAL_LOW_ACCESS,28.63,142.33,26.6303,22.4964,7.45,487,10.01,39.29,37.0,0,13.15,69.64
2020,NBH0000001407,13.727,8.5128,1,1937,849,LOW_ACCESS,24.04,54.58,19.2115,2.6847,94.58,413,99.5,31.91,27.97,0,92.98,44.46
2013,NBH0000001408,17.997,5.5177,1,2217,657,NO_DESERT,14.26,233.24,0.0595,12.2284,10.24,99,96.88,52.16,40.38,0,20.99,39.5
2017,NBH0000001409,6.087,0.8314,1,1672,1059,NO_DESERT,88.74,298.83,26.7,20.5723,22.34,498,57.59,94.87,36.7,1,81.55,1.05
2011,NBH0000001410,15.868,6.1028,0,3944,1022,NO_DESERT,92.41,330.97,23.8774,1.3407,29.78,63,78.15,27.38,40.31,0,49.52,29.47
2012,NBH0000001411,5.808,0.3132,0,3748,1023,NO_DESERT,43.55,336.12,7.1827,2.4332,66.1,23,62.49,57.41,12.12,0,17.68,20.6
2014,NBH0000001412,7.325,3.6445,1,2516,1791,NO_DESERT,3.98,317.54,24.7553,24.2566,78.33,132,64.19,75.51,22.14,1,14.09,13.85
2022,NBH0000001413,11.73,0.543,1,4050,1712,RURAL_LOW_ACCESS,21.8,260.88,19.67,10.7164,65.28,308,15.37,30.74,22.86,1,89.64,61.32
2012,NBH0000001414,20.899,6.9197,1,4274,416,URBAN_LOW_ACCESS,89.56,250.79,25.1571,21.6207,55.37,262,98.42,51.08,7.39,1,58.28,98.67
2025,NBH0000001415,18.115,0.3258,0,3846,1204,URBAN_LOW_ACCESS,23.86,73.97,13.0331,15.2348,82.76,441,70.88,6.59,25.46,0,67.51,78.23
2008,NBH0000001416,19.466,8.9929,1,2421,1674,NO_DESERT,96.0,46.85,25.2113,3.629,46.23,368,55.02,25.8,37.01,1,97.6,84.08
2013,NBH0000001417,15.121,5.141,1,3226,456,URBAN_LOW_ACCESS,88.58,295.95,23.38,0.3042,47.39,189,63.93,94.05,32.83,0,91.35,68.47
2016,NBH0000001418,23.828,10.6428,0,1634,1703,NO_DESERT,29.99,173.0,19.5307,7.3852,59.33,62,66.4,86.54,21.09,0,96.01,65.68
2020,NBH0000001419,12.399,3.7186,0,4163,62,LOW_ACCESS,66.06,234.46,10.3291,18.963,74.94,398,89.35,80.78,21.24,1,94.19,20.97
2014,NBH0000001420,3.399,11.064,0,3351,300,LOW_ACCESS,56.69,210.21,28.0015,22.3322,45.98,396,56.72,85.6,40.5,0,87.13,87.87
2012,NBH0000001421,3.185,7.9627,1,67,334,URBAN_LOW_ACCESS,74.98,55.1,2.6802,18.556,92.44,261,20.36,3.71,4.45,0,24.39,72.91
2013,NBH0000001422,4.413,5.1217,0,1005,1352,NO_DESERT,20.93,332.17,1.1651,17.4991,89.67,212,12.49,98.99,38.72,0,39.63,57.01
2024,NBH0000001423,1.863,7.1299,0,201,209,LOW_INCOME_LOW_ACCESS,69.0,259.38,14.8024,8.6093,86.57,116,77.43,55.56,19.85,1,34.72,12.74
2018,NBH0000001424,2.577,7.8467,0,1696,1239,URBAN_LOW_ACCESS,47.65,80.57,22.7148,8.26,99.07,479,43.43,41.33,38.13,1,95.18,89.96
2015,NBH0000001425,24.813,1.3551,1,2037,930,URBAN_LOW_ACCESS,30.7,251.88,10.0998,24.8011,1.24,367,56.8,44.71,30.87,1,51.51,34.0
2014,NBH0000001426,19.35,9.5777,1,1156,560,NO_DESERT,91.17,169.21,6.9808,1.1868,90.6,413,17.61,6.15,12.61,1,87.59,36.65
2010,NBH0000001427,19.09,5.0082,1,3822,1388,NO_DESERT,25.11,36.19,28.8938,12.9803,71.92,68,69.22,81.8,14.21,1,95.68,86.75
2017,NBH0000001428,8.58,0.648,0,2405,1527,URBAN_LOW_ACCESS,75.99,299.33,6.7678,2.1716,76.41,150,30.55,31.69,6.33,1,87.88,29.17
2025,NBH0000001429,0.914,1.2734,1,395,1022,LOW_INCOME_LOW_ACCESS,44.34,53.36,4.3128,21.6584,3.01,34,93.92,50.68,41.88,0,74.06,50.88
2012,NBH0000001430,13.025,3.4046,0,2479,1241,NO_DESERT,52.52,61.76,26.0586,22.3233,84.55,236,48.4,5.69,22.56,1,64.82,46.15
2021,NBH0000001431,4.807,11.9162,1,3093,734,LOW_ACCESS,72.15,321.12,29.8031,15.5933,35.6,101,96.13,58.7,16.87,0,43.56,45.66
2011,NBH0000001432,24.659,8.0327,0,307,514,LOW_ACCESS,0.96,157.34,18.2964,20.1046,37.53,59,35.01,28.6,14.08,0,63.0,48.98
2021,NBH0000001433,3.763,0.746,0,1614,204,NO_DESERT,59.02,339.82,7.9235,4.6289,93.22,205,20.69,79.34,24.49,1,88.0,89.41
2018,NBH0000001434,19.436,6.514,0,2398,1574,URBAN_LOW_ACCESS,41.67,44.66,17.3319,20.8562,73.06,38,70.17,37.93,40.55,0,43.02,83.14
2011,NBH0000001435,18.804,3.278,1,3474,657,NO_DESERT,45.74,310.09,11.0755,11.4137,0.73,306,21.12,22.78,40.27,1,85.85,84.64
2010,NBH0000001436,12.588,5.2845,1,1807,551,LOW_INCOME_LOW_ACCESS,21.73,145.01,6.4548,23.5925,74.25,213,50.22,51.64,38.44,0,20.75,1.7
2015,NBH0000001437,11.622,4.6719,1,622,1330,NO_DESERT,46.52,176.15,16.8335,1.0136,55.06,105,45.19,33.1,37.94,1,90.43,10.68
2014,NBH0000001438,23.291,10.1689,0,2737,618,NO_DESERT,3.11,278.85,7.7335,24.1112,96.51,119,42.73,90.17,38.96,0,56.4,53.97
2023,NBH0000001439,0.941,6.557,0,2192,133,URBAN_LOW_ACCESS,28.45,145.77,18.5751,22.5503,85.14,378,7.31,20.56,39.9,1,31.82,80.91
2008,NBH0000001440,20.063,8.7572,1,91,9,LOW_ACCESS,13.15,136.61,9.0369,16.6525,59.86,54,23.12,2.67,42.46,0,7.98,21.58
2016,NBH0000001441,6.358,2.0914,0,2988,1425,LOW_ACCESS,37.48,183.38,0.2679,20.2231,60.17,59,5.9,86.54,40.51,1,74.92,27.96
2008,NBH0000001442,6.603,0.498,1,2095,1178,NO_DESERT,46.25,301.77,15.8706,16.2789,84.83,200,3.01,14.46,21.44,0,79.93,49.34
2016,NBH0000001443,12.031,11.4281,0,2804,770,NO_DESERT,65.6,151.34,29.1448,9.8733,21.2,312,65.38,13.69,19.38,0,90.06,65.47
2021,NBH0000001444,3.197,6.8543,0,1000,1759,URBAN_LOW_ACCESS,73.64,274.68,24.3807,6.8956,87.42,140,5.14,76.89,17.07,1,11.66,92.17
2009,NBH0000001445,16.297,0.5866,0,1111,1645,URBAN_LOW_ACCESS,14.75,50.59,16.9005,14.2129,57.46,417,54.48,98.45,7.93,1,5.14,61.67
2020,NBH0000001446,14.564,11.0849,1,1432,1272,LOW_ACCESS,46.21,43.32,6.3948,13.9026,20.38,443,68.02,78.05,24.65,0,81.34,43.83
2022,NBH0000001447,5.177,7.759,0,2290,20,NO_DESERT,29.13,122.62,8.022,23.9891,5.27,200,79.25,23.94,5.79,0,32.92,57.34
2015,NBH0000001448,18.313,6.5581,0,195,1367,NO_DESERT,39.65,344.57,4.9105,7.1449,51.16,409,27.03,22.57,21.59,0,0.74,72.98
2021,NBH0000001449,12.903,11.9935,0,444,15,NO_DESERT,70.49,15.13,16.0103,13.4782,34.61,418,73.69,7.94,2.61,0,74.7,87.99
2014,NBH0000001450,19.343,2.5169,0,633,25,RURAL_LOW_ACCESS,76.23,92.79,7.3302,24.8681,95.64,190,73.52,18.99,6.14,0,28.3,47.55
2009,NBH0000001451,15.93,2.8803,0,3487,191,URBAN_LOW_ACCESS,91.29,292.09,18.5024,4.9618,59.36,237,9.53,23.39,36.42,1,64.44,41.37
2018,NBH0000001452,9.463,0.1045,1,4141,910,LOW_INCOME_LOW_ACCESS,68.86,275.36,10.5735,17.0011,3.16,204,75.31,24.58,28.49,0,66.47,46.02
2016,NBH0000001453,15.935,0.6695,1,2163,1696,URBAN_LOW_ACCESS,26.8,244.52,24.8559,23.1936,48.12,111,0.83,77.11,2.4,0,89.25,76.44
2014,NBH0000001454,7.957,6.4118,0,4264,327,RURAL_LOW_ACCESS,24.71,173.53,29.7083,8.3596,35.63,152,85.6,35.66,10.7,0,0.44,75.38
2012,NBH0000001455,5.228,0.2373,0,573,267,NO_DESERT,80.84,274.19,11.8422,8.6052,53.28,230,68.09,35.87,7.52,1,39.91,66.85
2014,NBH0000001456,16.243,3.3918,0,4101,1319,NO_DESERT,35.56,125.42,28.2264,3.0675,17.37,194,23.27,3.77,4.14,1,68.4,97.64
2018,NBH0000001457,18.978,2.7635,0,3926,454,URBAN_LOW_ACCESS,43.16,183.54,6.3746,17.333,40.34,276,36.16,22.03,20.06,1,31.59,72.36
2016,NBH0000001458,17.247,3.9586,0,1454,78,NO_DESERT,88.02,184.11,3.5879,13.0918,64.41,281,7.29,95.28,29.56,0,38.56,27.11
2015,NBH0000001459,23.854,0.9016,0,3890,261,LOW_INCOME_LOW_ACCESS,15.47,216.08,13.761,6.5021,6.26,249,43.9,42.69,29.47,0,45.16,30.38
2023,NBH0000001460,2.243,1.3787,0,1342,1283,RURAL_LOW_ACCESS,69.69,159.45,7.3375,4.8221,48.06,192,37.3,84.72,29.36,0,79.18,1.55
2017,NBH0000001461,1.355,9.9718,0,211,200,LOW_INCOME_LOW_ACCESS,67.86,65.63,5.5633,10.5652,39.76,494,19.55,58.17,12.28,0,46.3,11.83
2018,NBH0000001462,10.543,8.9246,0,140,1485,NO_DESERT,6.94,127.87,15.5483,8.8159,84.34,5,95.83,12.45,19.03,0,55.29,4.82
2017,NBH0000001463,12.173,5.8766,0,668,1238,LOW_INCOME_LOW_ACCESS,15.35,177.24,12.3377,14.427,59.49,443,87.51,73.25,7.19,0,81.53,54.31
2020,NBH0000001464,5.966,6.9906,0,3058,389,NO_DESERT,68.02,227.31,24.0687,4.4211,32.76,39,48.74,98.64,7.97,0,90.37,50.05
2012,NBH0000001465,18.19,11.2282,0,3086,273,LOW_ACCESS,44.92,18.09,15.5371,16.6632,18.65,433,5.77,87.9,30.13,1,53.03,79.29
2020,NBH0000001466,0.795,4.3887,1,569,997,NO_DESERT,58.79,324.43,27.8477,17.8492,93.09,43,4.45,21.62,1.59,1,23.36,5.36
2022,NBH0000001467,23.842,3.131,1,2850,183,NO_DESERT,99.96,233.51,26.0464,17.5785,54.57,388,62.15,38.43,37.47,0,76.04,45.03
2021,NBH0000001468,6.769,7.7753,0,1860,1028,RURAL_LOW_ACCESS,93.38,62.27,18.9684,7.169,41.52,337,44.56,83.57,0.4,1,7.53,87.31
2012,NBH0000001469,21.679,2.0787,0,2499,827,URBAN_LOW_ACCESS,30.09,288.68,19.1835,2.8536,78.39,451,63.41,1.51,5.89,0,13.53,87.79
2025,NBH0000001470,10.042,2.9586,0,2985,4,LOW_INCOME_LOW_ACCESS,68.0,92.49,18.7783,0.1333,8.91,216,56.15,17.29,2.85,0,72.02,31.61
2016,NBH0000001471,12.616,6.7612,1,229,861,RURAL_LOW_ACCESS,1.19,155.21,26.4373,15.6709,37.02,175,79.2,65.62,39.38,0,32.68,7.33
2014,NBH0000001472,14.843,11.1813,0,102,1013,LOW_INCOME_LOW_ACCESS,20.71,179.72,1.9508,10.8932,76.9,175,11.44,9.97,16.92,0,31.07,26.32
2024,NBH0000001473,11.094,9.916,0,3185,1734,NO_DESERT,5.68,62.02,19.6,23.3412,81.1,427,5.06,7.94,9.4,1,52.71,77.72
2024,NBH0000001474,7.433,1.0131,0,3217,1099,LOW_ACCESS,16.65,139.13,12.1853,9.9375,71.62,256,39.47,45.83,5.88,1,72.27,92.67
2012,NBH0000001475,12.664,8.3683,0,1967,1712,URBAN_LOW_ACCESS,72.01,135.01,12.4599,20.9436,16.95,15,7.58,80.42,2.42,0,84.69,32.72
2010,NBH0000001476,15.178,9.2105,0,2964,295,LOW_ACCESS,77.87,15.79,28.7278,9.567,98.12,495,49.24,39.22,42.76,1,42.1,26.59
2025,NBH0000001477,22.958,6.5193,0,686,676,RURAL_LOW_ACCESS,70.47,245.6,15.4933,0.4964,48.51,111,88.19,37.83,7.5,0,40.21,24.34
2012,NBH0000001478,23.229,10.449,1,3689,804,NO_DESERT,40.6,340.48,15.2458,8.4817,77.04,87,36.03,27.91,19.8,1,27.87,12.14
2023,NBH0000001479,3.693,3.0594,0,565,569,LOW_INCOME_LOW_ACCESS,5.26,121.89,5.5791,10.257,18.71,445,91.31,90.52,21.87,1,89.33,66.33
2010,NBH0000001480,21.718,11.2967,1,2892,85,NO_DESERT,59.0,342.75,2.6434,13.3183,39.58,339,2.71,34.71,17.82,0,66.96,11.47
2014,NBH0000001481,17.643,3.9289,1,4308,1080,NO_DESERT,6.36,235.21,7.1893,11.4517,39.34,405,18.05,97.5,15.15,1,37.47,16.35
2025,NBH0000001482,5.629,9.5604,0,1777,1762,NO_DESERT,69.4,63.84,15.9498,18.4942,88.47,361,35.9,21.61,39.28,1,48.48,92.73
2017,NBH0000001483,10.145,2.9513,0,1685,358,LOW_ACCESS,23.01,16.75,10.3418,16.7187,99.77,455,68.47,19.01,30.08,1,73.7,52.83
2021,NBH0000001484,2.64,3.0057,0,3537,1223,NO_DESERT,29.95,339.42,28.3219,21.2279,78.23,482,29.52,94.28,27.48,0,48.37,87.25
2025,NBH0000001485,0.479,10.5161,1,3138,418,NO_DESERT,8.17,15.51,12.7856,22.0839,22.46,270,84.72,52.57,19.24,0,65.09,80.72
2022,NBH0000001486,14.868,3.103,1,2092,789,LOW_INCOME_LOW_ACCESS,29.53,112.95,29.0416,3.3345,9.03,59,83.27,36.36,5.61,0,69.78,24.83
2016,NBH0000001487,1.427,2.7928,0,4475,915,LOW_ACCESS,36.94,52.09,16.935,13.3293,54.46,403,67.71,27.79,0.39,0,33.13,85.45
2015,NBH0000001488,14.526,3.0805,0,3464,1787,NO_DESERT,63.73,316.46,15.7331,8.2979,45.84,370,33.98,37.16,3.31,0,13.06,42.79
2016,NBH0000001489,14.523,8.161,1,2091,1206,RURAL_LOW_ACCESS,49.55,275.76,2.4703,1.1368,75.79,103,57.01,90.66,11.47,0,31.31,38.48
2014,NBH0000001490,1.429,5.2257,0,1030,1507,NO_DESERT,75.46,105.88,6.1721,16.9998,95.91,88,6.69,5.36,43.75,1,22.3,60.68
2016,NBH0000001491,14.634,6.1545,0,2982,586,NO_DESERT,99.04,170.49,4.7772,23.1311,28.5,383,9.94,49.11,32.17,0,2.02,9.61
2017,NBH0000001492,14.34,11.0612,0,3190,1779,NO_DESERT,35.53,223.43,4.2171,11.8706,29.74,223,92.1,25.78,36.64,0,81.02,74.3
2025,NBH0000001493,10.076,2.8717,0,3558,170,URBAN_LOW_ACCESS,46.26,211.86,27.1516,12.2506,9.33,489,49.49,25.56,4.26,0,64.54,41.42
2008,NBH0000001494,11.281,4.6087,1,638,1346,NO_DESERT,23.2,46.64,1.3431,2.7463,12.55,388,79.38,72.07,14.52,0,43.71,2.72
2021,NBH0000001495,7.432,10.63,1,690,972,NO_DESERT,72.57,197.14,7.9996,8.0649,52.09,230,49.04,90.66,18.04,1,28.96,19.59
2013,NBH0000001496,6.894,4.7155,0,1322,314,NO_DESERT,43.05,99.1,2.7999,12.127,28.03,198,36.93,49.13,37.94,0,30.7,84.07
2012,NBH0000001497,11.74,6.8957,1,1566,437,NO_DESERT,9.46,213.19,26.6533,16.3915,3.29,254,73.68,67.51,25.11,1,86.53,51.15
2020,NBH0000001498,0.092,9.3004,0,1737,1224,NO_DESERT,50.89,83.13,27.221,4.5013,25.58,368,90.08,39.92,26.27,0,97.88,61.92
2013,NBH0000001499,22.0,6.2958,1,2366,1673,NO_DESERT,11.86,315.06,11.9248,21.2871,55.8,160,78.01,67.84,21.49,0,51.4,16.08
2011,NBH0000001500,12.05,8.2828,0,4375,943,LOW_INCOME_LOW_ACCESS,86.25,270.93,19.1017,22.3525,23.15,307,66.34,96.17,3.62,0,17.92,15.48
2023,NBH0000001501,19.117,0.2783,1,2408,344,NO_DESERT,27.09,163.99,19.6104,4.7492,11.95,292,72.3,86.37,8.5,0,7.88,28.17
2009,NBH0000001502,1.33,7.6215,0,897,731,LOW_ACCESS,4.52,324.93,0.9283,16.734,83.56,323,42.92,93.28,20.89,1,54.06,52.16
2025,NBH0000001503,1.035,6.4751,1,3263,723,NO_DESERT,62.68,332.81,4.9808,12.9769,78.52,342,16.16,92.49,44.17,0,27.57,88.02
2024,NBH0000001504,7.413,0.3122,1,1079,1238,NO_DESERT,50.35,117.9,23.2362,11.2654,27.64,307,87.63,16.62,43.77,1,73.32,75.8
2024,NBH0000001505,1.646,8.7293,1,341,1227,LOW_ACCESS,37.44,276.34,26.3588,4.2116,48.57,134,41.32,74.8,21.23,0,2.85,31.68
2021,NBH0000001506,4.067,7.2175,1,607,223,NO_DESERT,82.45,139.98,5.4607,15.794,31.69,249,51.92,62.01,17.57,0,3.52,31.41
2022,NBH0000001507,21.663,1.8933,0,662,474,RURAL_LOW_ACCESS,18.47,22.46,18.2505,12.7391,71.78,484,97.32,45.41,20.97,0,31.44,77.38
2023,NBH0000001508,5.287,6.026,0,703,197,RURAL_LOW_ACCESS,33.73,231.41,0.8728,12.6266,53.27,213,76.55,1.88,4.39,0,38.96,91.71
2009,NBH0000001509,19.483,8.7262,1,1021,585,LOW_INCOME_LOW_ACCESS,72.37,126.77,1.1053,6.3899,77.17,0,84.37,16.31,34.36,0,92.98,76.9
2020,NBH0000001510,7.612,3.9424,1,3516,238,NO_DESERT,9.97,229.51,3.182,16.6925,98.21,297,98.34,31.92,15.13,1,79.28,37.88
2022,NBH0000001511,19.624,9.6059,1,1170,1369,LOW_ACCESS,60.9,306.58,12.3497,24.5578,2.65,475,77.5,99.64,36.07,0,72.45,25.39
2022,NBH0000001512,22.397,8.7543,0,1736,1118,LOW_ACCESS,16.21,310.6,17.5167,24.0641,62.26,15,26.29,85.94,8.82,0,67.25,57.59
2009,NBH0000001513,0.961,8.3618,0,298,1728,NO_DESERT,15.24,40.53,15.8098,12.6133,2.04,63,64.61,51.83,44.04,1,14.89,56.24
2018,NBH0000001514,20.225,9.9138,0,459,202,NO_DESERT,38.21,285.61,23.867,1.7295,86.63,173,61.06,0.51,25.19,0,24.49,23.6
2010,NBH0000001515,19.472,6.8153,1,1559,694,LOW_INCOME_LOW_ACCESS,31.07,271.87,16.5327,10.7804,55.93,113,4.94,97.43,2.41,1,74.28,44.54
2017,NBH0000001516,23.754,4.8765,1,2093,1168,RURAL_LOW_ACCESS,68.1,99.47,21.616,22.1114,28.21,494,83.49,84.44,41.0,1,66.03,94.73
2017,NBH0000001517,10.239,6.6205,1,482,1079,RURAL_LOW_ACCESS,19.16,217.85,22.9439,22.48,43.37,407,33.28,5.97,10.03,0,39.27,16.95
2015,NBH0000001518,3.711,8.7802,1,157,1414,LOW_INCOME_LOW_ACCESS,41.52,30.69,19.4093,23.5282,87.75,324,65.9,46.59,44.12,1,71.03,85.4
2016,NBH0000001519,19.196,2.6234,1,1104,1008,LOW_ACCESS,74.03,117.18,0.7453,7.3731,5.92,318,24.05,22.12,8.37,1,64.51,55.48
2021,NBH0000001520,22.002,2.0278,0,2175,1166,URBAN_LOW_ACCESS,99.26,338.54,17.7839,23.841,13.16,108,63.4,76.52,1.22,0,56.83,7.81
2025,NBH0000001521,4.0,0.5477,0,2336,1234,RURAL_LOW_ACCESS,63.33,180.81,8.3244,5.7651,44.74,425,73.1,51.8,25.92,0,50.22,87.72
2014,NBH0000001522,19.677,7.9061,1,1540,652,LOW_ACCESS,9.62,23.66,20.8876,7.6071,9.45,129,37.1,35.2,31.29,0,51.4,43.31
2025,NBH0000001523,18.849,1.6731,1,726,1658,LOW_ACCESS,58.73,239.71,0.2987,13.9911,77.32,477,81.59,43.12,23.34,0,59.96,66.18
2023,NBH0000001524,8.683,4.0468,1,1282,663,LOW_ACCESS,41.09,21.8,8.1809,17.1524,26.51,403,89.67,63.54,18.86,0,14.63,39.19
2010,NBH0000001525,5.952,0.6019,0,3468,618,URBAN_LOW_ACCESS,60.66,344.04,0.3849,13.1664,67.71,199,50.99,87.4,7.76,0,35.79,12.72
2016,NBH0000001526,19.246,0.68,0,1395,176,NO_DESERT,93.46,310.27,2.6683,3.6332,57.77,214,53.22,69.28,5.24,1,43.09,37.74
2009,NBH0000001527,2.474,11.986,1,864,346,LOW_INCOME_LOW_ACCESS,44.45,148.66,7.5747,13.8305,52.19,58,42.78,64.3,20.17,1,33.82,95.93
2013,NBH0000001528,2.692,3.2022,0,2742,695,LOW_INCOME_LOW_ACCESS,77.75,306.35,12.2725,22.016,18.95,58,81.81,50.15,16.35,1,8.13,92.94
2022,NBH0000001529,21.977,11.5373,0,1083,1762,NO_DESERT,55.26,319.25,12.9454,0.9763,50.92,108,92.81,68.08,1.06,1,55.55,79.38
2024,NBH0000001530,3.323,11.4615,1,1666,952,RURAL_LOW_ACCESS,62.54,138.87,8.2185,23.3291,70.58,227,94.41,95.9,43.76,1,64.15,11.64
2015,NBH0000001531,24.955,1.9768,1,1912,594,NO_DESERT,15.34,106.79,7.7663,17.9629,43.89,233,26.04,98.26,10.84,0,33.4,36.89
2011,NBH0000001532,13.773,4.0951,1,59,3,NO_DESERT,24.04,235.89,4.1895,12.7304,10.83,455,60.15,20.49,36.35,1,39.23,41.61
2008,NBH0000001533,3.315,0.1965,0,3505,330,NO_DESERT,42.81,36.72,28.8378,15.3325,72.06,228,46.98,70.84,9.48,1,20.8,87.36
2023,NBH0000001534,1.421,7.8746,1,1107,464,NO_DESERT,13.09,335.29,17.3035,22.8691,85.32,129,77.03,92.6,10.92,1,0.86,29.71
2013,NBH0000001535,12.881,3.5887,0,3214,1311,LOW_INCOME_LOW_ACCESS,63.74,139.02,20.9245,20.5375,82.31,333,7.84,91.16,31.52,0,80.01,9.94
2020,NBH0000001536,9.598,6.9066,0,1124,608,RURAL_LOW_ACCESS,23.61,30.83,21.3327,22.1966,70.3,151,65.66,95.4,1.22,0,39.4,1.74
2023,NBH0000001537,0.935,3.8534,0,2449,1055,NO_DESERT,25.21,128.0,10.8597,10.3181,86.02,357,27.48,21.44,31.9,1,13.67,53.69
2010,NBH0000001538,6.607,11.8914,0,4222,929,LOW_INCOME_LOW_ACCESS,26.53,71.54,13.4944,17.1991,46.53,204,30.46,9.44,37.19,1,59.62,3.84
2018,NBH0000001539,0.644,2.1916,0,1859,1550,NO_DESERT,31.2,344.97,29.1522,17.0768,6.13,433,61.71,64.13,24.55,0,60.43,72.49
2019,NBH0000001540,3.469,2.1121,0,1493,595,LOW_ACCESS,45.68,119.71,11.4443,16.1039,11.13,381,2.48,65.71,13.44,1,37.14,57.76
2021,NBH0000001541,7.373,6.3221,1,1646,1681,RURAL_LOW_ACCESS,41.11,250.88,23.3692,2.8651,1.58,136,76.87,89.77,23.59,0,77.23,84.31
2009,NBH0000001542,21.118,5.8582,0,1606,722,NO_DESERT,28.04,84.91,13.9505,12.5399,53.04,22,4.5,51.73,35.95,0,50.15,4.79
2019,NBH0000001543,1.419,6.8387,0,632,1464,LOW_INCOME_LOW_ACCESS,60.21,148.69,16.1775,24.0708,3.04,428,24.68,80.64,24.34,0,26.1,54.63
2022,NBH0000001544,18.604,10.1827,1,3828,357,NO_DESERT,98.26,210.4,1.8098,21.6024,22.07,175,46.37,41.25,11.92,1,94.11,91.43
2008,NBH0000001545,1.116,3.7652,0,896,617,RURAL_LOW_ACCESS,70.22,224.69,7.8723,8.2837,32.69,425,81.95,60.18,21.11,1,72.56,33.31
2023,NBH0000001546,22.86,1.7287,1,2767,576,NO_DESERT,62.17,144.98,22.0546,12.3079,24.2,440,79.69,21.16,13.42,0,67.94,58.92
2014,NBH0000001547,21.986,11.6133,0,568,799,NO_DESERT,99.85,206.96,10.4193,9.1758,34.69,384,47.7,61.37,28.84,0,96.36,65.36
2024,NBH0000001548,18.063,5.2778,1,1798,1179,RURAL_LOW_ACCESS,39.55,263.25,8.6086,12.9398,44.24,5,24.66,48.57,15.09,1,54.34,9.43
2008,NBH0000001549,0.094,6.9657,0,1408,407,URBAN_LOW_ACCESS,53.63,222.4,22.5602,17.5733,63.83,162,83.22,67.71,20.64,0,89.95,77.62
2015,NBH0000001550,10.097,9.8056,0,2652,1342,URBAN_LOW_ACCESS,82.55,315.38,23.5802,2.9519,81.97,492,80.55,49.82,25.98,0,26.14,12.98
2016,NBH0000001551,2.951,0.3844,0,3674,209,URBAN_LOW_ACCESS,54.51,316.37,3.3749,24.4127,46.62,296,55.47,39.16,14.62,0,39.49,21.17
2016,NBH0000001552,17.415,10.0175,0,2927,156,RURAL_LOW_ACCESS,69.21,204.53,23.9276,23.0166,96.36,433,81.74,49.22,5.95,0,28.71,67.47
2011,NBH0000001553,21.718,7.9267,0,637,1148,NO_DESERT,14.83,204.71,5.7885,3.2841,16.65,11,57.78,78.39,10.01,0,0.35,38.66
2009,NBH0000001554,18.277,1.4759,0,836,1082,NO_DESERT,29.63,322.65,1.254,24.5342,27.41,178,0.66,72.3,23.21,1,20.5,13.98
2019,NBH0000001555,6.579,4.6749,1,2233,356,RURAL_LOW_ACCESS,80.8,333.4,17.563,20.2382,33.37,378,50.95,44.71,21.09,1,55.1,6.57
2022,NBH0000001556,16.6,5.7098,1,278,1256,NO_DESERT,13.22,148.3,19.2542,7.1736,98.21,311,69.71,70.48,34.6,0,32.36,98.5
2024,NBH0000001557,2.891,11.0341,1,243,1281,URBAN_LOW_ACCESS,35.21,270.25,16.5548,10.5895,17.54,368,84.38,13.09,17.87,0,92.17,38.15
2018,NBH0000001558,6.382,3.231,1,1462,912,NO_DESERT,25.1,83.68,20.8153,23.8848,95.76,485,23.78,55.7,10.82,1,28.56,91.3
2010,NBH0000001559,13.486,1.6285,1,544,540,RURAL_LOW_ACCESS,41.2,92.6,26.6822,7.9728,59.56,147,56.34,60.17,21.32,1,85.77,57.85
2015,NBH0000001560,18.751,7.597,1,210,251,NO_DESERT,48.73,159.53,21.9841,19.3433,94.63,479,95.43,85.77,19.77,0,25.91,63.37
2009,NBH0000001561,20.592,11.3308,1,123,1788,NO_DESERT,3.64,232.3,23.1732,4.757,58.49,331,47.55,53.37,23.05,1,87.48,41.72
2020,NBH0000001562,23.025,7.1572,0,529,1382,NO_DESERT,2.01,238.56,13.3527,17.2153,6.94,418,45.36,91.84,1.01,0,61.96,12.44
2020,NBH0000001563,16.733,8.4712,0,1656,458,RURAL_LOW_ACCESS,64.47,299.21,15.3119,19.41,75.25,183,6.46,76.71,26.63,0,46.05,50.99
2015,NBH0000001564,2.717,6.1758,0,1090,1155,NO_DESERT,80.72,151.74,2.3869,9.8048,50.63,408,14.13,0.04,23.47,0,7.77,20.53
2011,NBH0000001565,2.45,5.1772,0,2880,1231,NO_DESERT,85.58,306.21,21.3795,17.9228,58.39,205,63.07,51.56,30.85,0,47.66,19.35
2008,NBH0000001566,11.706,0.1439,1,3271,200,NO_DESERT,59.41,308.32,26.2741,16.4348,62.09,423,26.29,69.97,33.26,0,87.79,62.68
2009,NBH0000001567,3.519,11.1225,0,2337,1733,URBAN_LOW_ACCESS,85.07,87.11,1.0958,1.7758,55.34,37,71.78,58.5,26.2,0,47.22,9.29
2021,NBH0000001568,13.329,8.8068,1,903,1770,LOW_ACCESS,29.29,297.12,22.8285,12.3908,45.61,447,69.31,8.1,8.64,0,93.81,13.1
2022,NBH0000001569,5.213,11.7411,1,114,627,NO_DESERT,67.77,33.37,20.041,7.0509,84.94,466,5.83,55.08,35.72,0,49.78,86.23
2022,NBH0000001570,0.106,11.0781,1,232,1139,LOW_ACCESS,81.76,229.0,20.2007,14.1577,16.71,424,0.56,61.39,0.74,0,59.96,16.12
2020,NBH0000001571,2.776,5.3217,0,3845,1686,LOW_ACCESS,81.36,239.8,3.7049,17.0318,98.63,463,82.16,50.42,26.19,1,48.42,16.76
2023,NBH0000001572,5.125,9.6116,0,1433,1690,LOW_ACCESS,26.43,170.8,22.8594,19.7436,19.13,163,52.24,91.02,5.88,1,10.86,45.34
2008,NBH0000001573,24.573,11.9322,1,3487,836,URBAN_LOW_ACCESS,58.51,185.91,9.2156,2.9179,73.72,99,77.68,88.12,31.34,0,82.32,32.64
2023,NBH0000001574,7.847,5.0926,1,968,1459,NO_DESERT,56.15,173.4,21.9631,20.3772,88.77,248,81.19,71.39,0.21,0,34.66,2.54
2015,NBH0000001575,6.408,6.0041,1,1629,1020,URBAN_LOW_ACCESS,84.09,222.28,0.9695,5.2809,95.95,331,89.71,91.57,17.43,0,65.91,78.99
2013,NBH0000001576,8.42,2.9593,1,779,1778,URBAN_LOW_ACCESS,94.59,334.36,7.4245,14.3525,54.78,60,2.85,31.42,35.83,0,15.5,74.94
2012,NBH0000001577,10.09,1.2409,1,4487,373,NO_DESERT,16.74,196.98,7.7869,22.0363,25.68,332,95.68,61.53,24.94,1,88.76,31.6
2014,NBH0000001578,8.766,9.1232,1,3276,108,LOW_ACCESS,63.15,131.38,1.4992,16.0113,57.23,420,47.72,35.22,42.28,1,60.83,39.32
2010,NBH0000001579,1.093,4.7567,0,2004,846,URBAN_LOW_ACCESS,35.64,148.91,2.5911,5.9135,90.17,428,72.11,64.44,15.2,0,3.75,72.47
2021,NBH0000001580,4.928,6.8973,1,215,115,NO_DESERT,14.9,318.41,23.6445,5.8325,30.38,415,51.53,31.82,40.55,0,12.22,18.83
2021,NBH0000001581,5.456,6.6129,1,3400,341,NO_DESERT,17.46,182.8,16.0534,20.8825,95.68,213,80.15,35.76,24.44,0,71.08,82.96
2008,NBH0000001582,4.399,2.391,0,1244,1481,LOW_INCOME_LOW_ACCESS,51.23,318.39,15.9271,5.853,7.67,403,68.82,33.04,4.97,1,44.2,78.44
2023,NBH0000001583,5.384,4.4101,0,4011,587,LOW_ACCESS,74.96,324.41,29.4978,9.752,8.66,234,77.55,10.99,37.08,1,85.62,66.65
2023,NBH0000001584,11.369,9.2719,0,2728,1335,NO_DESERT,5.05,33.48,4.3202,13.5637,18.46,167,35.04,68.78,9.24,0,71.95,69.51
2021,NBH0000001585,7.368,2.0523,0,142,951,RURAL_LOW_ACCESS,57.14,241.82,6.8281,7.6375,84.96,498,15.47,84.17,15.25,1,56.82,4.15
2008,NBH0000001586,10.324,5.6734,1,3651,695,RURAL_LOW_ACCESS,57.87,303.59,26.31,9.1154,47.28,419,65.15,41.26,5.72,1,46.48,91.34
2023,NBH0000001587,23.321,11.341,0,3646,1243,NO_DESERT,95.62,103.05,21.1081,17.2579,13.74,391,54.13,56.69,34.68,0,0.83,21.88
2008,NBH0000001588,13.945,2.7293,1,3782,728,LOW_INCOME_LOW_ACCESS,43.26,115.38,2.7109,21.635,4.92,0,96.88,69.93,26.76,0,14.04,74.66
2010,NBH0000001589,6.284,1.0579,0,2684,170,RURAL_LOW_ACCESS,90.35,241.1,9.3406,5.1726,75.9,454,59.83,74.13,39.39,0,65.42,34.82
2013,NBH0000001590,18.394,9.7905,1,257,1231,LOW_ACCESS,26.33,92.89,24.8458,15.017,36.31,385,69.14,37.93,10.68,1,69.56,31.69
2019,NBH0000001591,6.581,9.1727,1,450,38,LOW_ACCESS,52.91,159.74,5.9908,7.5377,23.6,496,11.81,71.17,43.97,0,47.02,39.04
2010,NBH0000001592,15.857,6.1063,0,356,383,LOW_INCOME_LOW_ACCESS,68.23,129.8,28.2467,11.4189,19.83,141,99.34,11.12,38.09,0,21.51,4.79
2025,NBH0000001593,7.177,4.0564,1,3898,482,NO_DESERT,16.11,348.66,15.4148,10.5825,63.55,272,54.36,52.58,40.72,0,3.76,44.43
2012,NBH0000001594,13.714,10.7841,0,4167,1439,NO_DESERT,29.95,341.03,28.4015,16.028,83.43,205,94.48,89.62,30.54,0,37.18,14.7
2021,NBH0000001595,23.416,10.5453,1,1117,875,NO_DESERT,72.93,189.33,20.6727,17.6982,91.79,450,25.59,30.29,20.77,0,27.21,71.7
2017,NBH0000001596,2.978,5.5114,0,188,139,LOW_INCOME_LOW_ACCESS,40.84,247.12,7.459,23.3761,52.43,167,89.89,6.0,0.71,0,69.12,72.6
2024,NBH0000001597,20.958,1.2003,0,1317,181,NO_DESERT,86.44,270.73,24.7243,19.9105,66.63,376,78.69,55.08,31.17,1,65.04,27.65
2014,NBH0000001598,12.081,8.97,1,1901,1107,LOW_ACCESS,29.16,145.59,7.8264,5.407,49.51,460,25.5,22.74,33.23,0,80.79,55.37
2023,NBH0000001599,1.523,6.3227,0,3238,1791,NO_DESERT,97.07,53.41,3.6726,9.6537,91.48,160,1.31,37.64,36.45,1,7.89,47.01
2013,NBH0000001600,3.003,8.2505,0,3233,957,LOW_ACCESS,42.54,22.25,0.8029,17.6841,65.19,342,86.72,53.36,44.88,1,27.37,40.69
2025,NBH0000001601,23.192,0.7461,1,3673,621,URBAN_LOW_ACCESS,71.29,163.74,19.5608,24.846,36.35,496,22.82,23.22,17.15,0,16.93,69.7
2020,NBH0000001602,17.183,1.4621,1,209,674,LOW_INCOME_LOW_ACCESS,71.86,169.66,12.8214,6.9052,87.79,371,0.63,19.24,37.98,0,40.77,15.84
2011,NBH0000001603,8.163,10.3729,1,652,380,NO_DESERT,7.38,268.97,10.8045,20.3759,81.52,383,89.19,91.87,6.13,0,51.31,28.28
2019,NBH0000001604,22.129,9.0623,1,4483,1219,NO_DESERT,82.33,278.76,14.6751,5.9211,96.34,214,1.15,17.06,21.78,1,72.86,51.61
2022,NBH0000001605,11.324,6.7719,0,2205,1150,LOW_ACCESS,35.42,335.51,12.5554,18.482,40.28,356,87.02,60.05,33.22,0,99.23,69.08
2022,NBH0000001606,12.45,8.6403,0,3142,832,LOW_INCOME_LOW_ACCESS,5.53,209.97,8.1467,16.3464,65.19,285,97.51,41.08,1.84,0,54.66,88.57
2010,NBH0000001607,3.401,9.2906,0,1177,1064,URBAN_LOW_ACCESS,80.52,273.92,23.0275,3.4921,5.6,278,81.6,14.4,24.53,1,60.87,55.55
2025,NBH0000001608,11.833,11.1071,1,2481,1498,LOW_INCOME_LOW_ACCESS,60.35,45.18,7.1386,11.1566,71.12,203,2.97,20.31,4.17,0,40.17,40.33
2013,NBH0000001609,20.036,4.5839,0,2108,1763,LOW_ACCESS,55.4,122.66,7.6695,3.8143,74.51,10,53.75,95.04,4.7,1,95.0,9.45
2010,NBH0000001610,21.143,3.8331,1,3629,1470,NO_DESERT,82.85,147.33,25.7401,17.4963,17.6,90,60.79,14.23,15.75,1,14.34,34.06
2022,NBH0000001611,24.772,4.0905,1,4008,1426,RURAL_LOW_ACCESS,97.08,315.31,22.9195,2.1008,13.15,18,81.9,22.78,19.11,1,36.37,15.44
2024,NBH0000001612,3.711,6.6621,1,1420,18,RURAL_LOW_ACCESS,36.51,128.58,19.9733,14.5034,88.0,499,27.37,13.71,19.14,1,11.02,84.11
2012,NBH0000001613,13.913,5.8656,0,1744,1088,LOW_ACCESS,94.04,342.77,13.5969,15.1428,84.14,130,1.1,73.45,16.42,0,15.66,0.8
2013,NBH0000001614,4.751,4.6018,0,1064,132,LOW_ACCESS,28.76,89.11,15.2743,11.9088,52.31,38,35.53,20.75,11.59,0,44.24,10.04
2011,NBH0000001615,21.722,5.4435,0,1460,398,LOW_ACCESS,46.17,312.42,23.368,0.0116,69.4,302,42.69,0.19,24.47,0,63.79,89.47
2011,NBH0000001616,22.11,8.5649,1,825,386,RURAL_LOW_ACCESS,3.55,179.34,22.9401,4.9871,97.65,117,98.33,12.36,14.28,0,21.93,52.25
2016,NBH0000001617,18.395,10.9627,0,1753,426,NO_DESERT,70.37,161.24,22.3085,22.5108,78.62,421,94.28,32.84,9.18,0,91.33,27.19
2012,NBH0000001618,0.109,6.3818,0,2803,306,NO_DESERT,48.03,180.82,10.832,13.0262,53.63,121,12.47,41.61,14.54,0,32.24,85.89
2016,NBH0000001619,23.65,1.1114,1,2960,676,NO_DESERT,30.17,164.42,25.7597,10.2346,90.01,349,21.84,29.51,35.46,0,16.87,77.85
2013,NBH0000001620,14.074,3.6853,1,4232,232,URBAN_LOW_ACCESS,43.29,178.04,11.6499,8.1536,66.77,248,15.59,23.06,3.29,0,44.63,1.55
2020,NBH0000001621,8.103,4.1394,1,1960,336,NO_DESERT,60.59,125.55,20.1837,2.3358,66.43,436,3.63,68.67,8.55,1,13.95,92.62
2009,NBH0000001622,4.953,3.1275,1,4487,1706,URBAN_LOW_ACCESS,56.23,49.2,4.2999,23.2086,2.83,305,27.64,29.69,0.08,0,73.17,7.0
2021,NBH0000001623,20.314,5.1172,0,1202,1089,LOW_INCOME_LOW_ACCESS,77.13,229.99,19.7463,15.7028,1.64,349,1.49,1.75,18.28,0,37.21,4.49
2020,NBH0000001624,3.61,1.8553,0,2183,1736,LOW_INCOME_LOW_ACCESS,2.53,287.23,24.225,23.9157,36.08,313,3.52,52.41,10.17,0,29.02,36.28
2019,NBH0000001625,1.587,2.1817,0,3678,743,LOW_INCOME_LOW_ACCESS,2.42,260.25,12.4277,18.9822,24.82,118,29.61,96.1,39.7,0,88.44,58.65
2017,NBH0000001626,23.719,7.6432,0,1395,1145,LOW_ACCESS,56.28,52.27,26.5817,18.8974,73.81,339,12.05,7.67,42.67,1,59.52,76.21
2011,NBH0000001627,21.971,10.1589,0,2957,221,LOW_ACCESS,87.09,335.14,20.5117,23.3356,46.68,291,33.59,80.97,26.22,1,35.52,7.84
2015,NBH0000001628,21.556,11.9394,0,3301,248,NO_DESERT,84.14,313.39,24.2609,8.3052,40.04,71,76.02,84.17,20.77,0,85.21,28.65
2024,NBH0000001629,21.11,2.4459,0,299,930,LOW_ACCESS,67.89,64.82,28.2551,0.9345,17.58,431,54.42,91.41,40.31,0,57.52,66.56
2017,NBH0000001630,0.797,0.3486,1,290,1557,URBAN_LOW_ACCESS,61.15,52.24,20.7998,18.5567,76.6,143,39.46,30.02,37.24,1,68.1,53.25
2011,NBH0000001631,18.293,6.3756,0,1947,320,LOW_INCOME_LOW_ACCESS,60.64,19.48,26.4399,13.8877,48.71,223,42.18,83.03,9.12,0,50.03,79.53
2011,NBH0000001632,12.284,9.5709,0,2693,331,LOW_ACCESS,46.67,269.18,26.0604,7.1483,87.38,422,28.18,71.58,11.48,0,50.82,55.63
2019,NBH0000001633,16.937,6.9143,1,1279,1088,NO_DESERT,99.75,222.91,7.9621,0.53,96.13,17,88.21,99.88,9.59,0,50.92,16.57
2008,NBH0000001634,2.227,11.1844,0,4287,494,NO_DESERT,91.92,266.36,24.0208,7.484,42.33,196,68.27,8.94,42.96,0,51.51,87.88
2020,NBH0000001635,14.433,0.5268,1,3212,579,NO_DESERT,97.88,113.47,15.3184,8.4063,11.59,233,33.73,66.81,33.98,0,17.12,60.82
2024,NBH0000001636,2.992,5.2329,1,2834,529,NO_DESERT,65.29,308.44,27.6021,22.1998,45.5,426,5.38,3.02,2.0,1,0.77,18.14
2010,NBH0000001637,1.742,4.5863,1,1002,1440,LOW_INCOME_LOW_ACCESS,44.14,241.86,13.2859,11.3642,12.41,135,84.84,3.77,17.44,0,25.22,16.01
2020,NBH0000001638,20.554,2.5188,0,1909,767,NO_DESERT,44.1,328.01,6.1565,16.045,51.82,162,84.97,86.36,22.53,1,22.77,82.41
2016,NBH0000001639,1.562,9.2649,0,3113,62,NO_DESERT,80.35,30.19,28.3008,17.6371,62.98,475,43.14,65.63,20.03,0,79.1,53.17
2024,NBH0000001640,7.212,6.9431,1,1541,1527,RURAL_LOW_ACCESS,48.37,175.41,29.879,9.4329,74.5,425,72.03,44.55,13.79,0,48.75,71.2
2022,NBH0000001641,23.012,3.3752,0,4190,333,NO_DESERT,66.39,284.17,22.649,16.5508,51.1,236,67.45,61.21,37.98,1,26.63,58.92
2011,NBH0000001642,19.209,3.592,0,4199,721,URBAN_LOW_ACCESS,57.59,22.97,10.4401,22.5945,38.88,442,23.26,11.5,37.4,0,94.05,72.43
2010,NBH0000001643,5.487,3.4151,1,3405,1310,NO_DESERT,46.16,273.96,3.5973,21.0725,20.65,390,81.23,73.27,11.5,0,25.58,24.76
2022,NBH0000001644,23.202,9.7269,1,1580,1588,RURAL_LOW_ACCESS,7.82,153.89,24.6385,24.1331,41.78,184,61.76,71.92,0.76,1,92.71,97.3
2018,NBH0000001645,9.11,5.3444,0,4305,7,NO_DESERT,38.13,96.14,8.9791,20.9538,86.35,45,79.05,88.36,36.01,0,80.6,43.87
2013,NBH0000001646,11.543,7.1718,1,3359,1658,NO_DESERT,17.83,118.36,9.4748,15.8898,80.15,21,34.05,7.12,14.42,0,61.67,87.72
2021,NBH0000001647,24.683,1.2191,1,2642,1394,NO_DESERT,64.73,321.01,22.1122,7.8024,54.8,214,50.42,14.97,27.03,1,17.44,44.4
2013,NBH0000001648,22.058,10.7687,1,4174,697,RURAL_LOW_ACCESS,16.39,56.89,4.331,10.0771,87.57,137,73.58,23.06,9.78,1,49.16,62.66
2009,NBH0000001649,14.913,9.1339,1,107,957,RURAL_LOW_ACCESS,64.39,336.07,4.2228,4.7804,89.29,438,52.38,97.63,21.19,0,70.35,14.57
2025,NBH0000001650,7.782,0.0295,1,3135,1520,LOW_INCOME_LOW_ACCESS,37.38,39.66,17.8311,15.0017,10.7,397,44.62,61.1,27.55,0,85.55,13.9
2025,NBH0000001651,1.311,2.3527,0,2537,884,NO_DESERT,94.3,197.54,22.0218,21.9873,10.76,238,64.04,24.76,2.28,1,96.15,33.19
2021,NBH0000001652,3.572,4.1332,1,2070,1747,LOW_ACCESS,12.16,289.99,8.7347,20.8381,50.99,32,37.53,51.3,5.98,0,13.31,54.9
2013,NBH0000001653,15.22,6.5704,1,3669,1585,NO_DESERT,91.25,343.91,22.7442,3.4461,42.58,205,68.75,97.47,0.18,0,24.51,15.9
2025,NBH0000001654,6.51,8.9979,0,610,505,URBAN_LOW_ACCESS,65.96,162.19,26.0129,10.5626,69.08,152,88.3,79.47,15.91,1,11.97,40.78
2024,NBH0000001655,10.548,2.686,0,4494,619,NO_DESERT,72.56,220.7,22.4015,20.2196,61.34,248,72.77,7.43,34.46,0,31.33,86.97
2017,NBH0000001656,4.439,3.7051,0,170,1294,RURAL_LOW_ACCESS,83.17,122.58,2.853,20.7864,9.74,203,51.86,45.87,7.85,0,21.09,0.12
2016,NBH0000001657,22.509,4.1327,0,3960,916,NO_DESERT,92.43,61.24,14.2635,3.7154,90.2,336,52.08,74.44,26.76,0,94.76,20.07
2009,NBH0000001658,20.811,10.6771,0,3303,1598,NO_DESERT,66.98,207.22,8.0875,20.533,95.88,230,84.18,81.92,36.41,0,72.85,49.7
2023,NBH0000001659,10.618,4.8541,0,1690,901,LOW_INCOME_LOW_ACCESS,82.73,243.16,25.294,3.7399,94.61,65,15.17,32.86,39.09,1,5.2,3.74
2023,NBH0000001660,13.729,4.7847,0,558,1294,LOW_INCOME_LOW_ACCESS,95.81,272.54,13.4664,9.1408,16.75,420,9.39,35.83,0.03,1,35.41,20.27
2024,NBH0000001661,21.725,8.6326,1,2527,723,NO_DESERT,38.57,40.82,9.7672,15.9784,25.39,17,73.38,51.51,31.27,0,81.17,53.03
2019,NBH0000001662,0.545,5.4939,1,3556,736,RURAL_LOW_ACCESS,78.5,135.72,9.9609,17.3902,40.24,329,19.02,80.74,17.59,0,52.36,32.89
2010,NBH0000001663,24.771,6.4479,1,2993,1638,NO_DESERT,11.99,197.97,5.3495,8.5033,95.89,152,10.11,87.53,38.32,0,45.06,36.17
2014,NBH0000001664,23.98,10.9722,1,3286,113,NO_DESERT,24.48,41.84,10.8915,4.7885,56.02,51,79.24,69.65,33.5,1,56.78,46.27
2008,NBH0000001665,15.407,5.0168,0,4467,1697,NO_DESERT,33.95,41.8,14.9887,5.5779,57.97,444,15.85,62.9,38.64,1,42.77,87.98
2017,NBH0000001666,16.884,6.1008,1,536,772,LOW_ACCESS,29.52,209.48,19.2391,8.1267,50.75,275,33.89,9.2,31.13,1,68.65,58.96
2014,NBH0000001667,5.513,6.5297,1,2746,1445,URBAN_LOW_ACCESS,80.11,314.43,4.0658,4.2967,13.32,417,46.17,33.82,10.14,1,53.33,74.8
2011,NBH0000001668,13.541,7.3611,1,2005,1552,LOW_ACCESS,5.31,124.9,1.2167,8.1879,61.05,185,52.11,70.66,17.22,0,86.68,13.67
2009,NBH0000001669,22.758,1.0904,1,660,1745,URBAN_LOW_ACCESS,17.05,256.82,21.6171,8.25,29.6,29,97.77,7.9,22.98,0,88.13,86.15
2021,NBH0000001670,19.189,0.6805,0,817,126,NO_DESERT,49.41,160.35,3.8582,18.4019,71.54,407,91.09,29.33,15.48,0,89.09,3.95
2009,NBH0000001671,11.985,1.0958,0,1832,780,URBAN_LOW_ACCESS,6.77,177.52,3.8074,0.2043,9.17,227,30.55,31.38,15.21,0,20.69,1.65
2012,NBH0000001672,15.194,1.5417,0,1940,1397,LOW_INCOME_LOW_ACCESS,27.86,251.52,28.2889,23.4509,77.89,48,59.12,83.1,5.93,1,11.24,63.97
2021,NBH0000001673,2.791,2.4757,1,3042,0,LOW_INCOME_LOW_ACCESS,28.61,173.43,3.4401,22.2886,35.22,444,51.27,34.01,30.36,1,36.6,65.78
2025,NBH0000001674,1.164,4.2315,1,1438,1787,LOW_ACCESS,88.53,125.47,27.0026,10.0242,59.7,316,87.27,78.19,15.72,1,40.45,31.68
2024,NBH0000001675,0.632,8.3793,0,1959,615,RURAL_LOW_ACCESS,60.22,306.59,28.367,13.8202,41.84,232,75.69,63.01,11.02,1,84.66,80.79
2014,NBH0000001676,18.227,5.9971,1,120,1633,LOW_ACCESS,33.52,41.58,20.0394,22.834,58.33,212,72.0,73.06,18.54,1,33.15,63.72
2011,NBH0000001677,15.496,0.6851,0,4268,1280,NO_DESERT,50.07,169.54,17.0764,1.5448,82.1,426,88.68,39.02,33.56,0,60.02,18.18
2017,NBH0000001678,19.405,5.603,0,236,1612,NO_DESERT,46.21,235.54,9.7088,19.9854,36.42,429,7.23,24.77,31.5,0,77.72,44.27
2021,NBH0000001679,5.6,2.0723,0,4154,736,RURAL_LOW_ACCESS,68.1,16.53,26.0332,16.0974,73.18,250,18.84,31.28,10.69,0,68.89,86.91
2020,NBH0000001680,16.677,9.5574,1,3259,1062,NO_DESERT,37.89,195.78,10.1195,4.0249,47.53,483,95.18,98.9,21.57,1,76.5,31.92
2018,NBH0000001681,19.476,9.9632,1,3219,1675,URBAN_LOW_ACCESS,21.75,281.87,27.4873,13.3869,89.4,312,90.01,86.62,16.99,0,1.08,67.71
2024,NBH0000001682,4.643,9.3045,1,516,160,LOW_ACCESS,6.99,25.0,26.7011,14.63,38.56,90,13.47,65.29,17.94,0,9.7,28.43
2021,NBH0000001683,7.069,5.3539,0,850,1548,RURAL_LOW_ACCESS,6.43,234.27,2.9856,7.961,64.98,46,9.76,67.46,9.17,0,16.38,40.29
2022,NBH0000001684,16.973,5.4575,0,2783,584,NO_DESERT,55.55,154.35,7.4542,7.288,3.79,387,11.31,38.7,27.37,0,6.4,81.18
2019,NBH0000001685,22.247,10.8554,0,768,50,RURAL_LOW_ACCESS,9.72,173.34,14.7206,18.9548,87.44,267,53.26,22.14,4.5,0,44.41,24.1
2009,NBH0000001686,10.124,8.0571,0,2100,929,LOW_ACCESS,4.14,66.16,21.2147,4.0992,88.71,246,17.0,21.73,13.81,1,20.7,92.34
2011,NBH0000001687,22.069,6.3618,0,1370,1729,RURAL_LOW_ACCESS,56.8,241.12,5.1687,10.8211,67.26,442,61.87,61.35,7.71,0,61.04,21.88
2017,NBH0000001688,14.621,5.0962,1,2009,754,URBAN_LOW_ACCESS,95.62,196.27,29.3835,12.0456,64.02,468,56.76,41.21,41.26,0,59.96,81.91
2022,NBH0000001689,12.316,3.7453,1,2875,1152,NO_DESERT,55.0,196.49,22.5201,7.3751,96.76,428,35.55,38.77,34.79,0,10.73,23.51
2022,NBH0000001690,5.058,9.3771,1,509,128,LOW_ACCESS,75.73,157.77,12.8731,13.2156,9.96,191,1.18,89.8,23.76,0,21.72,79.59
2023,NBH0000001691,24.035,11.4486,0,3200,1495,NO_DESERT,43.62,259.36,26.886,17.0234,79.75,276,54.22,53.22,4.06,0,92.01,42.92
2018,NBH0000001692,24.022,3.9176,0,3899,911,RURAL_LOW_ACCESS,89.77,149.29,5.382,6.5152,5.05,138,29.66,0.76,13.32,0,34.54,31.81
2019,NBH0000001693,12.365,8.2091,0,3232,736,LOW_INCOME_LOW_ACCESS,25.05,291.82,29.6863,2.0114,83.26,273,46.28,7.05,21.4,0,85.42,40.9
2020,NBH0000001694,8.481,5.0473,0,3796,1398,URBAN_LOW_ACCESS,43.68,289.56,19.8974,19.1475,5.39,229,67.28,88.91,15.07,0,50.51,3.71
2016,NBH0000001695,3.763,6.4396,1,534,1790,NO_DESERT,48.25,57.88,29.5023,11.5432,93.64,154,54.14,82.02,8.68,0,54.35,50.49
2017,NBH0000001696,22.685,5.5816,0,2802,294,NO_DESERT,92.73,349.96,23.2131,8.2701,55.05,395,17.12,3.54,15.28,0,9.17,95.23
2008,NBH0000001697,17.959,11.5869,1,3736,1040,NO_DESERT,95.88,99.25,28.5062,15.657,7.53,263,18.16,12.2,32.14,1,74.08,14.5
2020,NBH0000001698,1.241,10.5669,0,1075,548,LOW_ACCESS,16.11,334.3,15.7055,11.8564,35.52,30,25.45,12.35,25.27,1,60.01,36.23
2017,NBH0000001699,15.426,0.51,0,1041,1464,URBAN_LOW_ACCESS,66.36,191.29,28.3411,13.8814,87.35,148,29.94,43.35,44.9,1,67.79,57.44
2023,NBH0000001700,17.251,5.4042,0,33,1077,LOW_INCOME_LOW_ACCESS,39.47,92.76,22.9028,20.2791,85.66,201,0.52,85.35,14.96,0,50.25,16.32
2016,NBH0000001701,23.943,11.0081,1,2571,1420,NO_DESERT,97.07,117.52,2.462,24.1787,97.4,16,55.66,74.21,13.32,0,70.51,95.74
2022,NBH0000001702,14.452,7.1744,0,445,1290,RURAL_LOW_ACCESS,1.44,246.54,2.9492,19.476,20.4,103,17.41,63.85,26.11,0,16.22,58.57
2009,NBH0000001703,21.301,10.9842,1,2159,1642,LOW_ACCESS,53.99,297.46,11.465,20.4154,84.9,481,40.98,62.12,3.29,0,75.94,68.83
2022,NBH0000001704,15.651,0.8803,1,1069,102,LOW_ACCESS,17.78,189.32,23.738,1.1378,38.12,383,64.22,20.24,2.32,0,56.04,17.62
2014,NBH0000001705,23.812,2.6718,1,703,660,NO_DESERT,25.85,133.96,23.3326,23.2258,24.46,230,41.89,65.91,35.09,1,64.84,75.67
2008,NBH0000001706,6.322,10.4378,0,1056,698,RURAL_LOW_ACCESS,89.41,341.71,23.6946,17.5836,81.34,91,64.51,8.24,13.21,1,59.26,27.63
2009,NBH0000001707,3.488,0.5158,0,1141,1412,LOW_ACCESS,22.78,206.99,8.3943,16.8824,30.43,161,89.18,81.69,3.99,1,92.56,59.25
2021,NBH0000001708,23.458,1.8784,0,400,348,RURAL_LOW_ACCESS,74.91,32.33,15.4454,16.1265,27.37,491,89.59,71.16,30.19,0,48.36,97.67
2014,NBH0000001709,8.544,7.3476,1,1181,1729,RURAL_LOW_ACCESS,46.87,236.96,14.1505,6.8496,28.12,438,48.06,97.83,23.08,1,86.98,72.42
2019,NBH0000001710,21.909,3.446,0,2144,542,RURAL_LOW_ACCESS,4.61,116.01,11.0195,2.2045,76.4,483,73.8,82.32,31.07,0,87.66,82.47
2025,NBH0000001711,2.6,3.9276,0,2999,1481,RURAL_LOW_ACCESS,6.06,243.9,23.8077,14.7845,74.26,324,30.03,38.56,28.99,0,46.28,85.43
2024,NBH0000001712,11.041,9.9264,0,288,1289,NO_DESERT,20.15,16.06,1.2913,14.741,95.23,130,72.36,15.06,44.19,0,63.32,62.37
2021,NBH0000001713,9.924,11.8784,1,1572,797,NO_DESERT,98.24,231.64,17.3995,19.1265,21.71,401,43.23,25.06,42.32,0,53.78,62.63
2016,NBH0000001714,13.803,11.6256,1,4214,189,LOW_ACCESS,5.02,166.06,6.6674,10.7081,85.81,212,56.98,60.76,10.36,1,88.16,98.47
2020,NBH0000001715,22.073,6.6957,1,807,498,NO_DESERT,13.68,312.56,12.4617,0.2003,61.52,341,84.05,38.85,21.88,0,82.73,28.99
2018,NBH0000001716,23.862,4.9779,0,3332,1345,LOW_INCOME_LOW_ACCESS,81.85,69.57,8.4806,13.4449,77.02,203,39.71,35.23,19.0,1,64.39,26.53
2008,NBH0000001717,2.555,5.5782,0,4204,20,LOW_ACCESS,96.51,214.14,16.102,15.1429,23.26,473,68.91,18.56,6.24,1,34.73,44.81
2008,NBH0000001718,19.865,1.6938,0,856,1792,LOW_ACCESS,56.49,191.94,2.4176,23.9589,59.21,425,18.61,90.3,41.85,1,21.83,31.19
2014,NBH0000001719,7.327,10.4445,1,2380,1223,NO_DESERT,4.3,199.15,9.7114,19.1642,80.28,114,19.85,3.97,1.92,1,79.16,21.27
2011,NBH0000001720,18.218,10.5551,0,3275,717,RURAL_LOW_ACCESS,2.56,195.63,11.1068,15.1555,69.76,439,4.16,64.24,5.1,1,91.62,29.03
2023,NBH0000001721,19.411,6.8517,1,4343,688,NO_DESERT,1.49,311.59,8.8455,1.3527,84.28,364,25.03,0.11,8.78,0,89.43,31.4
2010,NBH0000001722,1.454,4.5913,0,119,868,RURAL_LOW_ACCESS,79.36,214.11,4.6935,6.5259,75.44,271,36.42,99.54,11.97,0,3.4,62.15
2025,NBH0000001723,8.229,5.0699,0,2247,1281,NO_DESERT,8.03,72.01,13.3027,10.653,6.02,111,36.73,91.3,43.35,0,38.5,57.65
2010,NBH0000001724,8.93,7.3091,0,2841,1543,URBAN_LOW_ACCESS,3.3,188.28,24.6985,24.0063,59.16,307,56.08,68.75,7.52,0,29.64,51.69
2013,NBH0000001725,10.527,4.3709,1,3728,23,LOW_INCOME_LOW_ACCESS,91.9,230.78,7.3232,11.9918,94.2,364,35.74,24.85,6.18,0,89.06,15.66
2019,NBH0000001726,11.867,9.867,1,780,839,NO_DESERT,15.08,169.39,13.3041,9.319,51.61,440,51.33,62.33,19.92,1,24.53,67.61
2014,NBH0000001727,0.724,1.3128,1,4406,1437,LOW_ACCESS,91.65,38.16,28.2739,21.2428,63.77,135,67.86,82.4,17.23,1,39.85,38.73
2012,NBH0000001728,9.952,3.5657,0,1664,925,LOW_ACCESS,65.86,343.23,11.9187,0.5559,67.22,143,53.75,8.86,39.03,1,93.27,64.07
2010,NBH0000001729,1.245,4.0387,0,1557,251,NO_DESERT,93.74,55.2,1.0331,8.8701,63.39,392,21.23,27.7,19.93,1,32.61,90.47
2016,NBH0000001730,22.598,10.3378,1,1276,106,NO_DESERT,68.84,237.24,4.1553,13.513,27.25,411,99.72,8.09,30.52,1,57.98,22.81
2020,NBH0000001731,18.636,3.7062,1,2947,1179,URBAN_LOW_ACCESS,32.21,206.64,27.2254,2.1988,38.47,332,90.51,2.41,23.72,1,12.61,57.7
2021,NBH0000001732,18.927,5.1508,0,101,243,LOW_INCOME_LOW_ACCESS,10.78,112.32,0.908,21.7921,51.02,238,42.84,67.31,2.51,0,99.85,75.14
2013,NBH0000001733,17.776,11.2764,0,1279,1760,NO_DESERT,68.41,321.21,0.8037,22.2126,36.59,437,13.05,18.16,25.22,0,54.35,7.3
2018,NBH0000001734,8.078,10.4258,0,1185,828,NO_DESERT,23.2,322.54,3.8748,2.8611,16.61,142,24.29,61.69,8.4,0,95.01,22.63
2021,NBH0000001735,8.655,9.2246,0,603,1297,NO_DESERT,23.69,64.18,5.6273,24.0067,70.38,98,7.9,46.6,0.17,0,36.94,74.28
2011,NBH0000001736,1.756,10.1938,0,2504,755,URBAN_LOW_ACCESS,90.86,74.19,21.448,21.1195,35.84,450,34.42,16.22,44.23,1,92.99,6.64
2019,NBH0000001737,17.822,6.7514,0,195,1763,LOW_INCOME_LOW_ACCESS,41.27,104.71,27.5662,3.8372,46.83,39,93.57,0.52,8.47,1,87.35,59.84
2022,NBH0000001738,15.104,11.0088,0,183,1790,NO_DESERT,41.41,177.46,19.9617,20.1469,34.22,303,93.76,57.34,27.98,1,9.9,36.94
2011,NBH0000001739,22.052,0.0388,0,662,642,NO_DESERT,68.49,23.71,20.3006,22.2595,92.07,104,76.99,12.33,33.59,0,55.07,99.9
2025,NBH0000001740,14.194,9.0425,1,659,1444,NO_DESERT,0.95,296.9,22.3465,6.1514,93.76,232,67.94,9.81,30.53,1,4.65,0.43
2021,NBH0000001741,6.729,6.3929,0,2055,196,LOW_INCOME_LOW_ACCESS,27.06,242.37,0.7251,21.5743,67.33,499,61.85,31.27,9.47,0,11.9,67.98
2015,NBH0000001742,17.243,1.1995,0,3371,151,URBAN_LOW_ACCESS,35.85,32.7,19.0503,5.402,2.95,445,83.83,19.89,12.7,1,43.77,54.42
2014,NBH0000001743,23.476,9.3235,1,3675,117,NO_DESERT,15.4,114.55,14.2797,19.6301,52.13,279,98.86,33.91,16.35,0,32.93,40.14
2025,NBH0000001744,3.045,2.1931,1,457,1015,NO_DESERT,77.41,224.92,29.8133,9.3225,89.25,491,22.21,56.05,12.23,0,54.77,97.25
2017,NBH0000001745,24.175,2.6592,1,812,968,URBAN_LOW_ACCESS,71.21,264.78,26.68,4.3654,85.72,152,23.27,71.88,11.81,0,72.76,74.6
2017,NBH0000001746,2.855,4.3378,0,294,725,NO_DESERT,17.17,48.2,9.0829,21.1665,38.97,413,41.32,97.66,39.06,0,76.27,70.74
2013,NBH0000001747,11.243,4.3332,0,4025,1580,LOW_ACCESS,94.81,47.69,6.4232,7.9951,30.06,398,41.39,19.71,37.46,0,64.93,88.09
2009,NBH0000001748,19.977,11.931,1,3161,1179,URBAN_LOW_ACCESS,68.91,200.39,22.5252,13.3901,37.48,47,47.15,22.15,44.29,0,57.95,14.96
2020,NBH0000001749,0.381,6.2293,0,2511,983,URBAN_LOW_ACCESS,0.07,158.71,14.5409,12.3159,96.45,228,34.39,72.53,21.71,1,94.64,4.29
2018,NBH0000001750,5.615,5.4874,0,2388,1709,LOW_ACCESS,35.24,313.7,2.3047,12.0362,87.1,23,72.83,39.59,17.68,0,32.0,41.99
2020,NBH0000001751,7.667,0.1201,0,1439,685,LOW_INCOME_LOW_ACCESS,1.37,332.63,9.3125,20.4417,66.63,169,70.88,97.27,40.42,1,76.14,41.74
2008,NBH0000001752,1.182,6.9453,1,278,599,NO_DESERT,81.69,17.99,19.8089,4.2239,51.25,450,63.45,51.88,24.85,0,61.4,16.16
2009,NBH0000001753,0.884,4.4468,1,3752,698,LOW_ACCESS,67.31,130.92,25.2414,21.8934,80.39,251,62.63,24.98,3.25,0,54.1,8.74
2010,NBH0000001754,1.409,0.2569,0,2731,1197,NO_DESERT,52.58,76.49,27.5422,16.4383,77.26,396,39.64,13.95,28.89,0,59.59,33.37
2024,NBH0000001755,8.978,4.4824,0,2060,1344,RURAL_LOW_ACCESS,60.08,90.66,16.0645,23.4282,80.79,498,38.24,85.18,3.41,0,65.44,3.11
2020,NBH0000001756,21.447,0.3541,0,3790,864,NO_DESERT,2.15,104.64,15.947,13.1745,11.06,422,7.33,89.81,22.93,0,27.33,20.13
2013,NBH0000001757,12.413,5.7014,1,3788,305,NO_DESERT,50.75,175.55,21.7978,18.8018,59.85,394,58.19,45.05,44.68,1,4.15,71.37
2011,NBH0000001758,7.654,7.7816,0,1826,459,NO_DESERT,48.21,37.08,27.3496,3.3153,75.48,256,34.64,63.52,18.05,0,78.69,62.27
2023,NBH0000001759,14.215,8.5998,1,1933,1724,RURAL_LOW_ACCESS,88.48,92.6,10.2911,16.5466,0.57,139,65.8,69.77,42.47,1,31.09,40.81
2022,NBH0000001760,13.906,6.4589,0,2390,512,RURAL_LOW_ACCESS,29.07,294.59,12.1876,12.2355,11.95,70,71.67,87.82,20.89,0,89.37,14.58
2011,NBH0000001761,2.977,8.7232,0,162,125,URBAN_LOW_ACCESS,82.6,39.37,18.4568,7.0956,87.72,194,68.04,2.28,22.04,1,84.65,84.39
2024,NBH0000001762,24.127,10.0241,0,112,1562,URBAN_LOW_ACCESS,54.56,186.35,7.3053,0.8768,43.25,425,86.85,22.28,39.84,0,99.02,76.53
2019,NBH0000001763,8.664,4.365,0,1196,1120,NO_DESERT,17.37,244.24,12.3502,10.5482,87.0,135,36.67,28.33,25.73,1,38.16,33.34
2015,NBH0000001764,10.774,9.4906,0,891,262,NO_DESERT,42.25,321.98,16.5855,18.632,98.9,458,36.91,61.9,9.4,1,6.96,60.97
2011,NBH0000001765,6.477,6.1079,0,665,1116,LOW_ACCESS,54.25,324.05,12.0599,12.7378,55.13,213,22.57,46.49,25.65,0,56.51,51.23
2017,NBH0000001766,18.256,7.5086,0,2015,1426,URBAN_LOW_ACCESS,39.74,114.09,8.3672,22.2463,77.57,329,0.49,83.24,17.22,1,78.99,62.05
2010,NBH0000001767,6.359,3.1125,1,1937,844,RURAL_LOW_ACCESS,17.8,70.43,24.1743,16.2611,57.05,428,16.98,3.13,6.51,0,99.84,1.7
2012,NBH0000001768,24.28,9.542,1,1116,613,LOW_ACCESS,57.34,175.72,8.4939,8.5717,75.14,488,96.75,9.24,14.07,1,95.61,73.08
2015,NBH0000001769,24.836,5.9633,0,626,1035,LOW_ACCESS,29.19,135.96,15.116,12.3008,97.4,402,35.24,33.07,39.81,0,56.5,37.66
2014,NBH0000001770,12.712,10.5897,1,1150,1785,RURAL_LOW_ACCESS,65.04,255.36,19.8815,17.7688,52.0,386,98.51,77.72,22.76,0,34.25,53.35
2020,NBH0000001771,10.622,4.1958,0,640,166,NO_DESERT,97.68,288.76,11.5795,24.9225,68.2,348,78.2,92.49,22.83,0,30.01,4.0
2017,NBH0000001772,12.114,11.8595,1,2914,1427,URBAN_LOW_ACCESS,84.39,329.13,7.2835,2.8866,53.22,165,26.19,98.19,6.51,0,57.83,4.63
2011,NBH0000001773,22.663,10.462,0,1,1240,URBAN_LOW_ACCESS,63.24,300.84,29.0466,18.7368,3.89,338,46.23,13.76,38.99,0,2.53,49.77
2015,NBH0000001774,1.968,1.8658,0,1180,1626,URBAN_LOW_ACCESS,77.27,156.8,22.9004,20.1847,86.98,287,28.26,72.67,6.51,0,22.61,84.01
2009,NBH0000001775,3.715,9.7268,0,1402,1374,LOW_ACCESS,18.82,238.06,21.4396,19.4362,19.23,115,46.17,97.38,30.61,0,3.03,35.29
2015,NBH0000001776,12.301,8.5319,1,390,1420,LOW_ACCESS,76.89,327.86,16.7383,5.5061,82.57,319,93.08,9.58,40.58,0,43.51,7.04
2024,NBH0000001777,11.318,4.1356,1,4052,543,NO_DESERT,44.31,340.77,6.3807,4.9049,14.47,94,11.48,93.07,41.5,0,21.66,52.67
2008,NBH0000001778,23.581,6.3262,0,2712,1550,LOW_INCOME_LOW_ACCESS,60.16,236.95,19.1397,16.1912,2.29,39,87.27,32.7,26.61,0,35.25,53.07
2021,NBH0000001779,1.794,11.2619,1,3109,272,LOW_INCOME_LOW_ACCESS,61.67,306.1,19.4297,21.8794,42.46,54,83.22,5.14,15.52,0,91.47,51.58
2025,NBH0000001780,23.514,8.4725,1,4073,1507,RURAL_LOW_ACCESS,24.64,216.86,16.5978,2.563,67.59,218,65.76,58.65,31.98,0,13.61,84.37
2017,NBH0000001781,6.718,11.5783,1,4019,1348,URBAN_LOW_ACCESS,58.91,298.15,24.5031,11.1298,72.68,45,33.95,61.13,36.53,0,71.99,80.83
2022,NBH0000001782,6.781,7.0349,0,3484,913,RURAL_LOW_ACCESS,1.73,220.51,12.2058,7.3259,74.76,412,39.57,16.23,42.12,1,50.28,12.72
2023,NBH0000001783,8.794,5.6887,1,2267,54,NO_DESERT,75.31,346.9,12.5383,18.78,69.54,467,47.64,51.36,10.16,1,78.35,57.45
2013,NBH0000001784,14.786,5.7288,0,1816,1619,URBAN_LOW_ACCESS,43.44,333.37,21.1995,2.6981,18.01,190,0.63,90.36,11.33,0,24.38,88.57
2009,NBH0000001785,0.934,0.7861,0,3340,910,URBAN_LOW_ACCESS,41.18,310.9,23.0988,20.4526,46.25,31,59.37,33.99,8.58,1,16.67,53.68
2022,NBH0000001786,13.555,2.8693,0,2903,920,URBAN_LOW_ACCESS,29.83,196.5,3.7916,22.4127,19.38,71,22.55,71.52,30.55,0,30.6,79.95
2023,NBH0000001787,16.034,8.8357,0,1970,1513,URBAN_LOW_ACCESS,67.03,164.81,17.8574,0.9532,21.93,341,64.57,62.54,23.51,0,98.0,36.27
2008,NBH0000001788,1.676,5.4919,1,4386,732,LOW_INCOME_LOW_ACCESS,60.81,323.27,5.4832,10.7986,70.5,103,22.16,10.14,44.58,1,68.49,66.74
2008,NBH0000001789,11.333,3.6946,0,32,85,LOW_INCOME_LOW_ACCESS,54.05,316.09,6.3492,23.9181,82.77,139,35.94,34.81,33.48,1,70.42,5.96
2020,NBH0000001790,1.86,8.1514,1,3734,390,NO_DESERT,81.23,243.57,6.725,16.6846,46.63,125,92.92,95.73,8.88,1,89.42,33.36
2016,NBH0000001791,11.397,0.9413,0,3728,814,NO_DESERT,99.52,327.24,14.513,22.4256,0.47,104,23.59,48.84,26.63,1,95.47,80.67
2008,NBH0000001792,22.597,1.9879,0,2348,795,URBAN_LOW_ACCESS,50.74,33.43,3.0024,1.3368,25.71,389,87.14,40.6,23.73,1,49.66,18.17
2018,NBH0000001793,1.168,4.1411,1,4462,1396,URBAN_LOW_ACCESS,56.99,255.77,29.8294,17.2504,78.74,35,25.46,33.46,44.83,0,69.82,22.05
2013,NBH0000001794,6.243,11.0787,1,2847,1547,NO_DESERT,34.46,130.87,19.1633,9.6212,60.1,489,30.04,42.09,1.61,1,47.74,5.04
2008,NBH0000001795,15.028,6.4527,1,2580,750,NO_DESERT,76.81,213.67,16.599,18.2041,33.35,134,52.73,46.65,20.51,1,80.12,40.36
2011,NBH0000001796,11.237,8.4493,0,499,843,NO_DESERT,40.87,51.03,15.6558,18.6268,59.88,155,49.53,22.76,2.74,0,83.55,51.32
2013,NBH0000001797,0.149,6.6706,1,2899,375,RURAL_LOW_ACCESS,40.18,20.42,21.2082,10.671,94.56,106,65.87,27.11,21.09,0,57.92,73.8
2021,NBH0000001798,4.814,1.8287,0,218,1143,NO_DESERT,4.09,94.91,14.27,0.4724,15.3,204,20.43,47.3,12.16,0,13.5,0.75
2019,NBH0000001799,24.525,3.9311,0,2569,521,LOW_INCOME_LOW_ACCESS,86.47,127.12,8.3882,10.2651,83.21,274,93.3,34.87,25.23,1,31.16,22.68
2016,NBH0000001800,7.957,4.7097,1,4023,588,RURAL_LOW_ACCESS,53.66,227.09,19.4289,19.154,31.63,112,55.34,30.09,34.64,0,68.22,83.91
2008,NBH0000001801,9.432,10.9538,1,2085,277,NO_DESERT,42.97,56.73,3.4936,9.641,37.27,79,99.55,65.77,26.95,1,15.74,54.74
2023,NBH0000001802,1.094,5.198,0,1122,1788,NO_DESERT,75.61,214.6,22.5267,7.353,2.59,450,86.23,52.81,11.75,0,5.33,53.22
2025,NBH0000001803,15.285,4.577,1,1166,1607,RURAL_LOW_ACCESS,68.84,324.67,26.5844,2.8795,68.25,62,51.59,44.59,24.58,0,70.29,80.98
2022,NBH0000001804,23.474,0.8076,1,1681,429,NO_DESERT,33.18,91.84,15.3356,18.6538,92.56,345,26.61,17.89,38.88,1,31.64,0.08
2022,NBH0000001805,12.605,11.2364,1,890,1443,NO_DESERT,85.48,142.23,19.6487,20.3778,49.48,400,20.92,29.99,25.83,1,37.07,17.29
2010,NBH0000001806,21.089,7.6625,0,2432,1631,URBAN_LOW_ACCESS,40.67,152.54,22.1763,13.3946,54.75,263,81.92,66.41,40.75,0,86.91,43.77
2020,NBH0000001807,24.933,11.547,0,3848,869,RURAL_LOW_ACCESS,5.92,75.04,0.0005,0.1273,87.55,139,0.54,53.3,34.72,0,39.91,24.7
2014,NBH0000001808,24.969,6.0057,1,2865,634,URBAN_LOW_ACCESS,99.01,129.13,25.4142,13.1574,64.1,84,76.76,70.02,20.63,0,5.38,77.85
2012,NBH0000001809,18.957,8.6922,1,2561,84,NO_DESERT,43.06,308.41,15.0313,16.0564,33.15,117,56.3,35.23,35.85,0,43.45,92.22
2013,NBH0000001810,7.096,2.5825,0,867,36,NO_DESERT,45.07,229.26,2.0126,18.4087,0.38,249,55.87,4.72,8.17,1,27.96,25.93
2017,NBH0000001811,5.61,4.26,1,1269,1194,URBAN_LOW_ACCESS,67.11,249.12,15.2242,1.5501,79.89,64,79.26,95.02,24.06,0,1.62,9.4
2017,NBH0000001812,1.383,2.0288,1,1860,978,RURAL_LOW_ACCESS,21.32,326.55,6.0246,9.0007,22.45,126,7.43,25.49,1.57,0,52.69,57.84
2019,NBH0000001813,15.011,2.1999,0,1485,387,LOW_INCOME_LOW_ACCESS,26.69,247.29,2.9937,6.6825,83.68,492,42.11,66.43,20.9,0,2.88,14.01
2011,NBH0000001814,12.86,9.7326,1,3766,803,URBAN_LOW_ACCESS,91.68,197.19,18.9507,6.701,7.31,238,9.92,92.91,13.72,0,77.71,32.93
2025,NBH0000001815,8.004,2.776,1,3432,1741,LOW_ACCESS,32.67,83.2,18.6,18.0957,14.2,254,23.75,79.56,2.5,1,96.16,35.87
2022,NBH0000001816,17.289,8.3793,0,3302,713,LOW_INCOME_LOW_ACCESS,95.91,151.22,18.9468,7.1114,77.32,433,85.46,23.99,15.29,0,51.48,31.61
2009,NBH0000001817,23.674,6.966,1,4247,1290,NO_DESERT,53.73,287.5,22.9137,20.4747,60.53,88,9.84,75.97,21.66,0,47.84,47.1
2020,NBH0000001818,8.511,3.0659,1,1616,1517,NO_DESERT,37.13,96.6,1.8811,14.8123,34.86,476,40.22,65.47,20.59,1,64.4,95.81
2008,NBH0000001819,13.32,9.7036,0,3909,1065,LOW_ACCESS,66.82,182.39,24.4908,9.6217,26.56,380,31.78,2.99,5.04,0,65.78,62.79
2025,NBH0000001820,19.974,6.9877,0,1657,1019,NO_DESERT,25.0,192.24,25.1488,13.316,83.43,201,65.79,77.32,23.15,1,35.26,75.22
2018,NBH0000001821,21.361,11.5213,1,4124,1089,LOW_INCOME_LOW_ACCESS,89.75,86.1,19.0816,0.8192,26.73,395,25.46,6.6,29.49,1,35.03,96.87
2008,NBH0000001822,16.771,11.6706,1,3905,1322,NO_DESERT,72.3,214.06,1.9731,22.2815,41.85,42,28.57,73.22,2.94,0,59.58,49.99
2013,NBH0000001823,0.543,5.1729,1,393,715,URBAN_LOW_ACCESS,59.05,125.08,9.3048,2.9138,51.78,289,54.46,1.06,19.66,1,12.23,30.06
2013,NBH0000001824,1.821,5.4828,0,3166,1201,NO_DESERT,18.58,200.99,7.1071,13.1859,70.33,78,58.77,38.94,19.6,0,33.63,35.48
2016,NBH0000001825,12.556,3.2111,0,3577,238,URBAN_LOW_ACCESS,45.75,345.02,12.2616,9.232,41.93,414,73.57,42.19,34.57,0,54.41,15.78
2010,NBH0000001826,19.498,3.5664,0,4480,1699,NO_DESERT,49.74,293.04,10.7727,12.0433,10.23,193,16.45,72.35,31.44,1,46.65,3.69
2025,NBH0000001827,16.819,0.364,1,3711,145,LOW_ACCESS,16.19,115.99,9.703,16.6542,71.55,348,77.62,86.75,3.15,1,7.39,2.65
2020,NBH0000001828,18.003,1.8401,1,2854,142,NO_DESERT,95.37,281.29,29.5388,23.74,70.12,111,61.92,72.09,33.83,0,54.01,14.32
2013,NBH0000001829,18.77,8.0801,1,1162,1168,LOW_ACCESS,58.9,147.05,2.2983,3.6542,54.91,460,27.8,67.49,32.17,1,88.72,76.37
2009,NBH0000001830,23.732,10.2213,1,3869,1103,RURAL_LOW_ACCESS,50.7,50.12,25.9273,8.6736,4.03,180,70.34,63.44,31.28,0,77.01,75.99
2024,NBH0000001831,11.765,4.6189,0,2653,1168,LOW_ACCESS,71.71,63.12,6.1239,24.0157,67.66,5,4.7,24.55,14.21,0,48.83,11.17
2018,NBH0000001832,5.609,8.9591,0,1939,689,NO_DESERT,42.03,193.68,9.7181,17.3077,74.81,167,93.18,3.28,10.85,0,49.84,82.86
2014,NBH0000001833,21.193,0.9431,1,1801,1231,NO_DESERT,77.45,236.07,3.6631,5.7715,5.18,246,13.44,86.51,36.63,0,77.88,91.48
2019,NBH0000001834,15.468,3.2855,1,2243,1024,URBAN_LOW_ACCESS,17.24,200.14,20.1677,9.0318,77.76,485,56.43,98.62,2.91,0,87.0,35.46
2022,NBH0000001835,21.56,9.974,0,3350,619,RURAL_LOW_ACCESS,80.0,84.1,7.2231,24.2651,66.55,267,7.27,5.02,32.93,0,28.72,34.45
2021,NBH0000001836,5.805,1.1483,0,1730,62,NO_DESERT,30.39,215.81,18.3411,12.6615,45.91,301,70.03,56.77,14.88,0,31.63,4.54
2012,NBH0000001837,12.897,4.0856,1,1974,977,NO_DESERT,68.21,283.43,7.106,2.2913,7.77,390,34.37,26.73,27.37,0,7.79,12.64
2019,NBH0000001838,22.258,4.0547,0,117,369,LOW_ACCESS,31.73,152.19,25.3791,1.1008,81.44,325,9.55,94.59,0.92,0,31.32,5.15
2013,NBH0000001839,23.436,7.1695,1,707,1567,NO_DESERT,31.58,273.17,2.8158,11.0402,13.81,1,73.19,71.4,44.24,0,62.6,31.2
2024,NBH0000001840,22.29,4.5413,1,2141,50,RURAL_LOW_ACCESS,3.3,131.76,16.6961,7.4819,10.43,143,45.23,46.07,23.8,1,68.99,98.22
2023,NBH0000001841,23.35,7.3901,0,4342,691,NO_DESERT,8.17,150.54,28.9848,21.5065,13.93,14,20.9,69.71,39.65,0,29.93,68.79
2020,NBH0000001842,19.136,0.8328,1,512,1639,NO_DESERT,44.44,335.36,4.0772,11.3402,51.01,159,72.71,39.43,31.47,0,69.13,38.99
2025,NBH0000001843,7.344,10.1002,0,1011,588,LOW_ACCESS,22.22,181.97,24.6238,24.7714,28.29,384,73.9,80.75,41.41,0,83.57,53.7
2019,NBH0000001844,14.936,8.9215,0,1485,883,RURAL_LOW_ACCESS,40.48,26.83,8.5003,6.1228,72.24,484,46.07,36.7,32.39,1,60.13,25.49
2025,NBH0000001845,9.056,7.2168,1,3584,644,NO_DESERT,56.34,163.26,18.986,22.5421,31.63,442,30.54,12.86,1.09,0,18.42,89.37
2023,NBH0000001846,22.875,3.0115,1,4241,910,LOW_ACCESS,15.15,96.82,12.7068,24.0856,92.91,191,80.35,11.97,41.8,0,24.29,54.97
2008,NBH0000001847,12.703,0.7555,0,4202,1671,RURAL_LOW_ACCESS,67.78,175.92,12.5221,12.5741,8.26,480,89.58,43.52,29.92,0,63.73,74.47
2017,NBH0000001848,6.606,11.0584,0,248,339,NO_DESERT,36.55,68.98,7.746,5.2188,22.71,366,67.64,28.67,32.39,1,37.09,37.31
2013,NBH0000001849,8.998,11.9246,0,3866,897,NO_DESERT,74.03,348.78,27.5071,22.3314,13.84,449,89.84,21.08,16.65,1,84.33,2.71
2010,NBH0000001850,21.351,5.4263,0,3476,1361,LOW_INCOME_LOW_ACCESS,73.07,157.69,8.7596,10.1985,23.48,476,42.92,8.47,42.65,1,26.84,47.83
2013,NBH0000001851,20.441,7.5606,0,3232,1698,LOW_INCOME_LOW_ACCESS,78.45,154.47,29.0271,8.1969,77.66,209,67.23,41.25,6.4,0,65.72,8.48
2017,NBH0000001852,12.056,8.0307,0,747,1716,NO_DESERT,99.18,267.8,10.6575,20.6912,62.81,12,89.89,90.0,7.67,0,15.2,77.28
2020,NBH0000001853,14.954,4.6682,1,3227,1570,LOW_INCOME_LOW_ACCESS,14.17,39.57,19.2567,24.6699,96.78,274,95.87,85.13,24.27,1,96.4,63.38
2023,NBH0000001854,8.375,8.1499,0,116,994,NO_DESERT,37.82,22.55,11.1595,6.2495,34.1,358,99.38,66.02,15.3,0,67.25,36.53
2019,NBH0000001855,23.633,7.3953,0,216,254,NO_DESERT,23.69,282.99,2.6635,6.5593,49.5,85,38.57,13.78,8.75,0,50.81,21.1
2020,NBH0000001856,6.66,1.8095,0,772,1642,NO_DESERT,30.52,295.72,16.7557,19.6279,0.98,78,6.5,3.52,36.29,1,23.73,25.36
2012,NBH0000001857,16.134,7.2365,1,3224,30,LOW_INCOME_LOW_ACCESS,66.98,219.42,9.3964,11.1763,97.29,84,87.63,20.68,34.9,1,66.77,6.92
2013,NBH0000001858,20.6,5.1112,0,1396,93,RURAL_LOW_ACCESS,11.63,223.37,26.4531,5.4847,91.91,418,36.84,27.59,17.86,1,23.11,28.37
2011,NBH0000001859,3.987,1.9263,1,1912,1481,NO_DESERT,68.68,314.64,7.7536,23.9732,60.29,273,82.04,39.21,44.64,0,45.73,22.04
2015,NBH0000001860,22.408,5.9407,1,2416,1673,NO_DESERT,31.08,178.14,4.0285,21.345,17.85,36,9.69,87.07,12.58,0,20.95,7.23
2022,NBH0000001861,6.458,0.0013,0,3160,1308,LOW_ACCESS,38.91,312.71,6.9285,23.8215,63.82,273,99.55,26.94,39.13,1,25.11,18.86
2019,NBH0000001862,1.995,11.383,1,4251,442,URBAN_LOW_ACCESS,21.93,151.94,22.7253,11.3976,84.59,52,25.65,56.55,11.89,1,32.77,48.02
2020,NBH0000001863,3.45,11.0019,0,2046,182,LOW_ACCESS,76.27,123.47,14.7681,5.4255,23.22,146,0.66,58.93,7.87,0,59.64,53.88
2016,NBH0000001864,0.693,2.6839,0,4433,1500,NO_DESERT,83.46,293.47,25.4874,7.0998,78.91,236,51.5,48.05,28.61,0,42.23,52.68
2011,NBH0000001865,10.786,3.3471,0,2904,759,NO_DESERT,15.12,112.78,22.6377,11.1922,1.54,187,53.43,40.4,21.62,1,4.41,95.17
2009,NBH0000001866,5.934,7.2733,1,3464,140,NO_DESERT,93.5,89.67,8.6572,1.7933,27.08,346,34.26,40.87,29.9,1,76.9,58.34
2024,NBH0000001867,0.337,1.1361,1,1751,744,NO_DESERT,35.28,234.97,4.0879,10.6414,22.52,75,54.51,90.68,43.26,0,45.43,33.46
2020,NBH0000001868,17.648,7.9608,0,1856,268,LOW_ACCESS,50.13,25.95,9.0195,5.3041,81.96,176,7.79,0.85,5.33,0,76.2,38.12
2017,NBH0000001869,3.927,7.3313,1,2943,1229,RURAL_LOW_ACCESS,89.75,106.07,6.9656,23.1683,1.54,163,93.39,65.04,20.41,1,58.07,24.36
2008,NBH0000001870,7.047,4.3735,1,2949,1744,URBAN_LOW_ACCESS,86.71,127.84,6.3973,6.9688,38.37,250,2.27,36.58,17.33,1,41.3,7.08
2024,NBH0000001871,10.273,3.366,1,3958,1128,NO_DESERT,50.09,63.49,11.2693,10.6571,26.91,209,60.95,87.44,13.77,1,79.61,89.63
2017,NBH0000001872,17.638,8.1942,0,187,789,URBAN_LOW_ACCESS,13.4,289.47,12.1748,16.3752,79.84,240,10.5,68.41,36.92,0,70.98,38.8
2018,NBH0000001873,19.445,1.8224,1,2101,1624,NO_DESERT,44.94,155.41,27.2782,23.7227,28.75,141,76.37,82.53,9.46,0,43.22,81.98
2017,NBH0000001874,9.712,5.0675,1,3212,221,URBAN_LOW_ACCESS,5.9,121.62,29.1304,1.0986,80.68,234,25.61,93.06,24.05,0,69.38,62.17
2011,NBH0000001875,5.755,3.0831,1,3378,385,NO_DESERT,0.42,149.82,28.5819,23.9258,44.0,191,92.51,41.68,34.12,0,97.43,72.16
2015,NBH0000001876,19.669,5.4651,0,2448,1145,URBAN_LOW_ACCESS,16.32,109.91,29.1925,21.6565,90.48,254,52.93,46.43,12.21,1,74.24,84.7
2020,NBH0000001877,1.526,9.9419,0,2848,9,NO_DESERT,77.58,274.4,23.3437,16.0457,2.42,406,49.13,2.75,4.41,0,48.46,52.89
2008,NBH0000001878,22.508,7.3649,0,362,127,URBAN_LOW_ACCESS,35.73,83.17,24.2707,5.7306,71.26,474,49.77,93.96,11.64,0,61.67,41.25
2019,NBH0000001879,12.697,3.6237,0,4404,769,NO_DESERT,68.66,269.7,17.2949,2.7183,76.68,256,47.06,33.07,32.81,0,34.27,31.91
2019,NBH0000001880,19.56,7.4542,1,1713,306,URBAN_LOW_ACCESS,6.85,206.13,5.6061,16.9906,99.92,17,36.09,83.83,11.09,0,85.5,60.67
2021,NBH0000001881,11.115,9.3322,1,1049,5,NO_DESERT,18.32,265.59,12.8071,5.3689,95.11,276,70.64,85.47,20.32,0,20.23,61.72
2013,NBH0000001882,11.09,3.5467,1,3999,1657,URBAN_LOW_ACCESS,38.39,238.43,7.2408,16.5911,5.67,498,0.62,32.91,8.63,1,97.89,18.57
2017,NBH0000001883,10.464,2.0931,0,2612,76,LOW_ACCESS,61.98,346.08,0.7835,17.6374,51.79,115,51.42,40.32,5.0,0,97.28,55.56
2009,NBH0000001884,8.852,6.743,1,957,1467,LOW_INCOME_LOW_ACCESS,12.51,132.68,3.079,17.0212,76.72,250,81.64,88.64,37.65,0,73.49,71.38
2018,NBH0000001885,18.734,4.7416,1,3553,873,NO_DESERT,1.58,140.45,7.3442,23.4104,34.81,414,74.29,60.35,37.22,0,40.69,14.32
2010,NBH0000001886,2.669,8.5669,0,3798,40,RURAL_LOW_ACCESS,72.44,340.65,24.5936,14.6048,53.34,318,68.14,10.15,9.96,1,43.2,14.82
2011,NBH0000001887,15.239,3.0785,1,4295,366,NO_DESERT,46.53,193.26,24.3844,14.7454,58.36,134,64.05,66.25,33.67,0,91.97,61.47
2008,NBH0000001888,1.295,10.0718,1,3556,474,NO_DESERT,4.61,244.39,24.8513,12.313,40.55,249,41.05,48.89,31.16,0,44.21,56.17
2016,NBH0000001889,12.188,0.7673,0,4143,25,NO_DESERT,68.64,264.32,21.6606,20.9076,5.39,172,25.52,29.45,35.48,1,4.46,90.11
2021,NBH0000001890,6.965,8.513,0,242,829,LOW_ACCESS,27.09,265.3,29.5318,3.6965,26.27,60,51.93,22.51,8.58,0,95.04,11.04
2013,NBH0000001891,24.092,4.0797,0,742,1051,LOW_ACCESS,1.66,119.22,28.8492,11.0928,78.23,223,65.27,30.35,13.46,0,63.43,63.42
2024,NBH0000001892,7.007,2.9298,1,118,1011,RURAL_LOW_ACCESS,60.6,140.46,12.862,2.3346,48.47,177,89.16,37.73,7.11,1,88.71,6.45
2017,NBH0000001893,1.546,11.6741,0,916,1468,LOW_ACCESS,31.82,234.48,20.9978,24.0855,59.97,229,86.75,79.69,36.38,1,34.92,85.2
2023,NBH0000001894,0.612,5.4269,1,57,691,NO_DESERT,25.5,306.52,4.3225,1.1045,35.27,47,55.59,58.52,29.02,0,38.44,75.69
2016,NBH0000001895,19.356,8.6285,0,2982,1241,NO_DESERT,70.69,333.47,8.8356,21.2734,58.68,316,7.93,25.62,41.5,0,62.42,57.28
2012,NBH0000001896,11.936,10.9874,1,3980,1014,URBAN_LOW_ACCESS,11.84,252.19,9.368,3.9496,26.84,414,56.38,86.33,21.14,0,51.6,14.25
2021,NBH0000001897,0.354,7.152,0,4240,1766,RURAL_LOW_ACCESS,11.83,98.42,2.1869,21.0862,69.46,110,68.65,28.01,36.77,1,98.49,20.65
2013,NBH0000001898,5.84,8.0362,1,1131,117,NO_DESERT,17.55,298.74,29.8739,2.5956,92.09,392,64.15,45.31,37.9,1,70.4,11.51
2015,NBH0000001899,0.3,4.5414,1,275,1117,NO_DESERT,5.57,132.73,20.4274,9.447,38.32,102,40.93,11.79,40.49,1,98.16,67.92
2018,NBH0000001900,6.14,7.8286,0,2321,1347,RURAL_LOW_ACCESS,76.55,31.9,10.6988,10.464,46.32,474,85.23,66.7,9.22,0,94.27,73.67
2014,NBH0000001901,24.916,9.3345,1,2226,1377,NO_DESERT,37.19,67.6,24.3187,7.6684,27.04,415,46.46,45.84,19.0,0,3.71,49.94
2011,NBH0000001902,23.391,6.2649,1,4142,98,RURAL_LOW_ACCESS,34.08,218.06,29.0593,17.7717,62.09,423,1.27,17.56,14.93,0,70.87,13.6
2022,NBH0000001903,2.474,5.5655,1,1892,482,LOW_ACCESS,43.32,22.29,8.9977,20.6742,53.15,78,22.08,58.63,1.19,0,25.0,69.96
2019,NBH0000001904,14.034,3.9933,1,3880,574,NO_DESERT,43.83,338.5,2.2295,3.0622,45.6,306,63.15,24.81,8.2,0,74.93,92.23
2023,NBH0000001905,2.532,4.0201,1,385,720,NO_DESERT,15.83,235.74,0.5074,5.5084,13.48,30,64.71,39.87,39.92,0,12.45,68.03
2023,NBH0000001906,14.232,0.9066,0,1055,551,NO_DESERT,45.31,239.93,14.4872,3.1837,15.25,293,38.48,84.91,18.77,0,57.98,78.81
2020,NBH0000001907,21.547,10.9061,0,3615,567,LOW_ACCESS,22.95,125.25,6.963,24.9779,29.05,423,16.83,60.1,15.36,1,32.03,43.32
2016,NBH0000001908,11.068,11.9372,0,1973,368,LOW_ACCESS,2.09,248.81,23.2174,24.915,74.05,375,5.59,71.22,18.03,1,54.79,37.59
2021,NBH0000001909,14.279,2.1544,1,2251,969,NO_DESERT,10.17,302.09,22.1854,6.699,49.99,163,67.08,83.25,24.32,0,51.02,9.76
2018,NBH0000001910,19.125,5.5954,1,343,1081,URBAN_LOW_ACCESS,49.17,151.07,6.31,22.281,40.82,13,57.54,54.15,21.53,0,23.46,10.34
2018,NBH0000001911,5.824,1.4137,0,763,1016,NO_DESERT,24.28,21.64,10.9104,21.784,21.96,307,0.66,94.04,35.44,1,52.38,69.72
2024,NBH0000001912,10.165,11.5932,0,3941,1092,NO_DESERT,8.97,198.03,26.8189,9.2217,34.44,192,35.68,5.92,38.11,0,67.77,14.73
2013,NBH0000001913,14.652,6.4736,1,3975,278,RURAL_LOW_ACCESS,75.06,131.59,10.5894,5.7681,9.46,17,29.0,48.29,9.49,0,62.04,84.21
2010,NBH0000001914,10.723,0.4455,1,1379,391,RURAL_LOW_ACCESS,1.0,52.46,6.3473,15.0187,73.27,380,1.04,36.2,22.25,0,1.84,29.95
2013,NBH0000001915,17.612,0.3056,0,1736,1563,NO_DESERT,66.53,94.49,8.5167,12.6064,79.8,136,76.17,29.59,29.69,0,5.59,90.69
2008,NBH0000001916,20.317,5.4646,1,545,1718,RURAL_LOW_ACCESS,68.6,78.93,26.757,17.611,59.13,297,84.5,92.29,4.47,0,62.61,76.34
2008,NBH0000001917,7.761,4.682,0,720,934,LOW_ACCESS,34.45,194.11,26.7285,8.5381,87.87,230,90.61,41.31,5.46,1,65.16,15.33
2023,NBH0000001918,11.257,2.5928,0,439,942,LOW_ACCESS,92.42,176.59,19.4788,4.747,90.5,227,51.13,36.96,43.84,0,17.2,15.97
2014,NBH0000001919,13.553,6.1832,1,1243,285,NO_DESERT,80.17,223.16,27.184,11.0685,99.54,190,53.93,69.82,15.94,1,56.68,57.28
2011,NBH0000001920,6.03,5.5462,0,4287,42,LOW_INCOME_LOW_ACCESS,29.74,295.35,1.8069,6.9369,96.18,68,48.44,2.03,8.7,1,49.3,35.14
2025,NBH0000001921,13.73,8.7387,0,4458,247,NO_DESERT,51.11,162.07,24.4297,8.1929,44.56,60,93.88,22.11,14.32,0,94.2,5.78
2020,NBH0000001922,2.19,5.0415,0,3042,404,NO_DESERT,31.36,48.33,8.2028,12.7224,37.42,73,65.01,9.65,18.23,1,13.86,35.85
2015,NBH0000001923,24.13,2.2013,0,2449,370,NO_DESERT,88.19,136.01,28.0002,3.961,37.68,426,84.75,27.44,43.27,1,12.73,93.66
2010,NBH0000001924,18.989,6.7939,0,1579,1689,LOW_INCOME_LOW_ACCESS,84.39,68.95,15.854,6.7393,85.26,481,0.46,10.77,19.65,0,76.3,23.51
2012,NBH0000001925,1.763,6.0997,1,3626,1098,RURAL_LOW_ACCESS,71.31,27.47,18.708,15.5202,55.49,54,64.36,29.29,8.91,0,85.49,18.46
2023,NBH0000001926,20.234,1.8693,0,2630,165,LOW_ACCESS,17.91,238.72,7.3523,10.7911,42.44,466,35.14,45.86,11.91,1,53.1,14.51
2012,NBH0000001927,5.059,7.9583,1,3574,562,NO_DESERT,71.8,158.59,27.2145,23.0479,26.02,420,85.26,1.21,32.36,0,87.27,28.83
2012,NBH0000001928,0.353,8.3355,0,4141,1474,URBAN_LOW_ACCESS,37.99,187.64,4.6326,0.2966,48.11,302,43.72,98.99,27.56,0,58.81,39.06
2016,NBH0000001929,14.455,8.4357,0,3648,1234,RURAL_LOW_ACCESS,30.55,124.26,16.2324,16.0643,92.42,164,34.07,2.57,28.92,0,45.52,61.57
2010,NBH0000001930,1.317,2.65,1,1489,306,NO_DESERT,60.96,204.51,29.747,20.9571,26.44,183,34.4,56.25,29.44,0,10.6,97.59
2012,NBH0000001931,19.579,6.0834,0,3853,1567,NO_DESERT,23.12,250.42,2.7308,14.7239,38.75,18,9.9,13.46,16.8,0,45.25,77.86
2014,NBH0000001932,21.694,3.3793,1,2743,1594,LOW_ACCESS,44.77,284.51,1.1935,24.659,77.35,375,22.65,56.99,43.72,1,30.27,17.19
2024,NBH0000001933,1.913,2.1472,1,2000,1218,LOW_INCOME_LOW_ACCESS,83.14,187.99,1.8536,1.4015,11.44,359,51.1,16.86,10.61,1,37.22,71.44
2010,NBH0000001934,17.918,1.2141,1,3549,992,NO_DESERT,39.41,82.63,19.799,18.8702,37.28,11,3.85,16.92,33.1,0,44.33,7.42
2011,NBH0000001935,20.695,8.4154,1,4260,788,NO_DESERT,47.73,33.93,4.617,4.7025,46.32,173,26.9,57.61,44.16,0,9.48,90.35
2021,NBH0000001936,13.0,9.8756,1,3297,921,NO_DESERT,21.79,331.22,27.3403,8.8006,27.82,276,46.89,42.8,10.01,0,13.44,43.59
2019,NBH0000001937,12.208,5.6377,1,28,1774,URBAN_LOW_ACCESS,78.63,265.42,17.8168,12.9759,74.2,237,95.96,1.92,37.2,0,51.48,83.58
2009,NBH0000001938,3.6,4.1846,0,3386,1146,LOW_ACCESS,39.62,126.72,13.6575,16.3161,17.6,92,58.22,7.62,31.52,1,13.6,82.24
2016,NBH0000001939,12.127,0.4935,0,4090,536,NO_DESERT,20.93,158.73,27.814,16.7812,28.83,54,97.57,3.88,13.81,0,97.18,21.54
2015,NBH0000001940,3.763,0.425,0,3676,1225,URBAN_LOW_ACCESS,20.59,291.1,14.9236,4.9621,90.57,416,96.68,80.79,0.4,1,57.96,68.25
2019,NBH0000001941,7.952,1.7737,0,55,941,LOW_ACCESS,26.63,330.61,1.6979,8.5841,97.18,96,46.19,83.2,37.58,0,45.53,92.42
2014,NBH0000001942,12.494,5.6972,1,2710,1565,NO_DESERT,97.01,84.4,5.2989,23.2517,96.43,423,62.1,59.63,42.16,1,95.25,2.16
2017,NBH0000001943,18.005,7.8234,1,768,1629,NO_DESERT,72.44,111.1,18.177,2.0078,84.72,75,75.49,59.98,32.93,1,1.79,6.75
2017,NBH0000001944,18.612,4.8131,0,4457,1761,NO_DESERT,19.91,25.03,15.7291,6.5979,37.21,183,37.16,40.38,10.98,0,5.09,46.16
2014,NBH0000001945,5.011,5.4486,1,3168,780,URBAN_LOW_ACCESS,54.52,44.5,27.2549,1.9256,50.37,229,58.99,33.14,35.25,0,45.33,97.23
2018,NBH0000001946,19.527,7.0063,1,1047,443,LOW_INCOME_LOW_ACCESS,11.72,32.39,1.5052,20.2099,41.96,105,13.72,0.41,38.13,0,95.02,56.65
2025,NBH0000001947,20.404,1.3794,1,2853,1468,LOW_ACCESS,0.0,259.32,7.7085,12.1716,38.82,128,55.44,4.58,4.82,0,79.96,54.71
2019,NBH0000001948,11.261,2.0709,0,342,1641,URBAN_LOW_ACCESS,40.18,102.93,23.5311,13.9185,86.07,122,95.03,18.18,3.82,0,3.57,51.1
2018,NBH0000001949,22.654,1.9478,0,1387,1403,NO_DESERT,74.91,257.16,4.6875,17.6135,41.1,325,45.64,19.15,34.09,0,93.34,50.84
2013,NBH0000001950,12.324,4.606,1,526,1341,LOW_INCOME_LOW_ACCESS,47.84,226.84,18.8194,17.2052,61.12,463,42.06,85.48,38.6,0,75.62,91.34
2016,NBH0000001951,21.937,11.9915,0,1875,50,LOW_ACCESS,8.39,212.16,17.5825,23.2724,42.05,35,13.85,86.34,44.15,0,19.1,31.16
2012,NBH0000001952,19.554,4.3461,0,3868,1360,NO_DESERT,69.94,187.38,13.8571,23.2789,5.32,65,75.9,89.15,35.19,0,21.85,10.23
2010,NBH0000001953,24.886,3.1141,0,378,947,URBAN_LOW_ACCESS,50.35,266.79,26.6336,18.703,14.07,326,66.52,43.44,28.38,1,0.54,45.63
2015,NBH0000001954,10.128,2.3939,1,3976,674,NO_DESERT,47.1,312.82,7.8799,17.126,98.46,108,66.95,44.68,26.49,0,79.78,12.36
2009,NBH0000001955,2.409,6.5978,1,4435,635,LOW_INCOME_LOW_ACCESS,85.92,338.33,1.2205,3.383,97.24,232,3.04,68.73,8.48,0,91.91,0.5
2015,NBH0000001956,18.256,10.0499,0,3318,146,LOW_INCOME_LOW_ACCESS,98.95,349.03,11.5392,18.797,98.97,256,89.58,38.59,29.58,0,32.98,33.12
2008,NBH0000001957,21.648,3.8002,1,2130,48,NO_DESERT,67.75,160.65,16.5181,16.9668,96.07,203,11.07,53.23,10.6,1,53.66,19.81
2014,NBH0000001958,4.474,8.0969,1,2290,1168,NO_DESERT,60.24,231.12,18.5399,0.9417,7.94,54,69.85,39.51,1.81,0,46.22,56.34
2022,NBH0000001959,20.533,5.1805,1,536,897,NO_DESERT,1.03,153.73,16.9565,19.2229,17.48,391,43.75,53.71,7.78,0,85.53,37.53
2025,NBH0000001960,24.851,11.2621,1,1173,644,NO_DESERT,59.7,165.45,7.4078,9.6248,28.25,166,96.0,7.9,5.36,0,96.87,26.95
2011,NBH0000001961,9.367,1.4894,0,754,1315,NO_DESERT,24.32,54.01,22.025,3.0226,12.75,308,82.44,29.0,24.03,0,17.49,17.07
2009,NBH0000001962,24.462,11.5772,1,853,931,NO_DESERT,71.86,128.87,24.0601,7.5024,7.89,383,4.58,74.0,40.25,0,8.98,41.62
2008,NBH0000001963,21.265,6.3686,1,2988,660,RURAL_LOW_ACCESS,75.9,133.97,3.8372,22.3242,48.19,311,63.6,37.93,44.93,0,41.67,29.03
2016,NBH0000001964,22.635,6.1936,0,3741,16,URBAN_LOW_ACCESS,79.28,266.59,24.7648,4.2832,95.72,147,17.65,34.11,1.1,1,71.62,61.85
2008,NBH0000001965,11.934,8.5397,1,218,25,RURAL_LOW_ACCESS,86.94,86.02,5.5262,24.5192,89.0,142,50.74,3.49,34.01,0,38.32,14.29
2015,NBH0000001966,10.517,7.8593,1,2968,1211,RURAL_LOW_ACCESS,92.69,173.01,29.4616,2.4862,41.8,55,82.98,58.18,25.63,0,13.07,29.62
2008,NBH0000001967,12.651,7.752,0,4409,225,LOW_ACCESS,18.16,328.63,23.3321,20.3127,9.95,225,71.38,63.42,25.4,1,24.59,86.48
2017,NBH0000001968,6.473,7.0946,0,4009,808,URBAN_LOW_ACCESS,25.2,99.62,2.5415,7.4439,32.88,193,30.56,50.22,38.96,1,39.32,58.24
2014,NBH0000001969,22.777,7.957,1,962,801,RURAL_LOW_ACCESS,70.55,19.58,18.1958,15.4662,38.98,252,83.89,9.21,41.59,1,41.17,39.32
2018,NBH0000001970,19.733,6.0109,0,3158,1386,LOW_INCOME_LOW_ACCESS,10.85,135.54,26.7222,18.131,52.59,151,53.02,21.3,36.62,0,53.46,82.73
2023,NBH0000001971,16.523,0.7924,1,2849,1554,NO_DESERT,50.81,152.24,24.1151,14.9699,38.28,217,3.38,49.09,33.96,0,51.46,77.77
2019,NBH0000001972,4.404,1.141,0,4140,107,RURAL_LOW_ACCESS,61.81,176.02,2.8813,16.3027,10.99,278,11.34,23.84,3.87,0,70.4,14.52
2012,NBH0000001973,18.649,11.0615,1,2353,1026,LOW_INCOME_LOW_ACCESS,7.45,297.52,6.525,9.0578,27.25,417,64.52,47.01,6.08,0,10.08,74.18
2014,NBH0000001974,16.333,3.27,0,1004,840,URBAN_LOW_ACCESS,55.81,151.04,22.3195,7.8609,72.16,163,66.45,39.35,22.27,1,0.24,43.56
2013,NBH0000001975,1.831,10.7906,1,3412,1721,URBAN_LOW_ACCESS,79.74,86.6,15.7439,3.2842,51.87,413,28.05,85.4,3.3,0,62.38,53.52
2023,NBH0000001976,12.869,2.4525,0,3150,442,LOW_ACCESS,1.74,97.81,0.8362,17.1081,20.5,142,74.38,67.3,34.05,0,21.73,55.0
2012,NBH0000001977,23.271,8.2486,0,1843,496,RURAL_LOW_ACCESS,27.08,96.74,19.7373,2.1841,96.21,134,69.38,69.49,16.5,0,87.12,5.24
2009,NBH0000001978,15.081,5.9754,0,661,491,LOW_INCOME_LOW_ACCESS,14.53,23.01,16.1093,20.5936,76.48,35,78.41,68.86,43.93,0,95.32,91.51
2015,NBH0000001979,17.452,9.3399,1,3923,1040,NO_DESERT,82.47,282.39,24.9719,7.342,92.72,116,45.8,79.19,24.04,0,59.44,88.14
2023,NBH0000001980,14.057,11.4435,0,3531,1331,LOW_INCOME_LOW_ACCESS,31.47,296.57,3.467,22.8589,78.96,0,38.59,86.52,5.52,0,42.08,67.66
2011,NBH0000001981,23.019,6.6541,0,3440,474,NO_DESERT,85.95,40.0,7.9094,2.0033,85.22,22,72.46,33.83,37.55,1,39.52,14.58
2024,NBH0000001982,16.673,8.2426,0,270,1457,LOW_INCOME_LOW_ACCESS,58.78,210.92,9.1572,15.1635,14.27,197,30.27,14.59,38.79,0,5.96,26.59
2022,NBH0000001983,6.099,3.2766,1,2025,1298,NO_DESERT,63.15,146.66,27.2866,15.7626,1.03,220,93.32,91.05,29.57,1,8.2,82.24
2014,NBH0000001984,15.062,2.246,1,1018,599,RURAL_LOW_ACCESS,78.63,131.61,0.5885,15.3743,72.66,156,82.1,49.9,26.75,0,16.37,36.21
2017,NBH0000001985,17.084,3.2142,0,3669,1627,LOW_INCOME_LOW_ACCESS,71.1,98.27,26.1066,23.0974,26.47,426,64.47,67.43,13.53,1,24.68,9.22
2025,NBH0000001986,9.862,11.7329,0,1065,596,RURAL_LOW_ACCESS,67.04,47.5,5.1906,5.2376,1.89,351,8.52,93.97,6.51,0,2.43,1.8
2010,NBH0000001987,16.663,7.6447,1,1938,404,NO_DESERT,92.98,317.51,24.9562,18.5588,93.16,310,25.12,92.91,34.82,1,69.44,54.3
2021,NBH0000001988,4.276,1.2823,1,1721,778,URBAN_LOW_ACCESS,76.24,122.7,22.1035,10.5197,54.99,175,77.06,7.95,35.88,0,62.65,32.44
2023,NBH0000001989,19.26,1.5817,1,1323,1159,LOW_INCOME_LOW_ACCESS,58.64,67.94,24.7478,19.7112,26.56,338,26.68,73.49,4.25,0,10.57,32.62
2015,NBH0000001990,11.109,8.3938,1,831,372,NO_DESERT,20.07,343.89,26.9226,4.4693,90.83,368,38.98,24.68,15.62,1,47.58,35.08
2019,NBH0000001991,10.149,10.6925,0,1850,1318,NO_DESERT,36.39,59.26,17.2919,1.6323,29.55,5,75.15,71.51,9.59,0,44.22,91.76
2015,NBH0000001992,1.195,0.8583,0,364,1631,NO_DESERT,63.79,96.56,8.952,22.0855,70.01,498,76.77,27.35,1.99,1,92.12,79.02
2008,NBH0000001993,20.351,1.4697,0,4497,1739,NO_DESERT,67.56,228.86,16.3736,12.3548,39.49,81,26.94,93.54,36.12,0,22.54,29.07
2010,NBH0000001994,6.692,6.2942,0,1735,839,NO_DESERT,4.02,115.41,9.2657,12.4318,84.96,232,17.78,65.84,34.95,0,83.25,80.11
2023,NBH0000001995,14.752,10.1699,0,3983,1268,LOW_INCOME_LOW_ACCESS,70.49,300.57,11.8315,5.0422,45.0,13,93.78,49.08,23.11,0,78.4,29.75
2017,NBH0000001996,24.785,10.8632,1,2079,400,LOW_ACCESS,38.29,283.57,8.1773,2.6817,17.51,55,13.85,13.2,12.46,0,10.47,48.62
2011,NBH0000001997,6.557,9.353,0,1335,51,LOW_ACCESS,15.22,187.03,27.3254,22.1259,9.16,86,18.09,9.9,25.76,0,85.57,95.69
2008,NBH0000001998,4.313,8.9945,0,675,243,LOW_INCOME_LOW_ACCESS,59.44,122.45,15.6365,18.6781,49.87,402,47.12,58.55,15.14,1,34.1,12.05
2009,NBH0000001999,11.474,8.485,0,766,618,NO_DESERT,27.01,332.85,9.4417,8.0732,0.39,105,94.58,36.03,3.88,0,15.01,83.22
2025,NBH0000002000,8.712,2.079,1,3916,450,LOW_INCOME_LOW_ACCESS,47.85,230.85,13.4646,0.2899,47.37,114,45.19,94.01,40.45,0,81.73,54.23
